datetime_ist,epoch,open,high,low,close,volume
2023-08-21 09:15:00,1692589500,262,262.05,248.9,248.9,64653107
2023-08-25 09:15:00,1692935100,202.8,224.1,202.8,216.05,154947156
2023-08-25 10:15:00,1692938700,218.3,219,208,214.4,23209786
2023-08-25 11:15:00,1692942300,213.05,224,212,223.1,26107427
2023-08-25 12:15:00,1692945900,223.05,223.1,218.95,222.05,8273410
2023-08-25 13:15:00,1692949500,222.1,222.45,215.6,216.8,7366609
2023-08-25 14:15:00,1692953100,216.55,219,211.4,213,10363880
2023-08-25 15:15:00,1692956700,213.05,221.9,213.05,221.6,3366968
2023-08-28 09:15:00,1693194300,213.35,221,211.05,218.95,22781484
2023-08-28 10:15:00,1693197900,219.45,222.25,219,219.95,8733512
2023-08-28 11:15:00,1693201500,219.95,220,216,218.1,7052632
2023-08-28 12:15:00,1693205100,218.1,219.9,217.9,218.75,6536569
2023-08-28 13:15:00,1693208700,218.7,222,218.5,220,8926159
2023-08-28 14:15:00,1693212300,220.05,220.05,209.5,209.5,20306196
2023-08-28 15:15:00,1693215900,209.5,210.9,207.55,210.35,10808652
2023-08-29 09:15:00,1693280700,212,215.8,207.25,215,47938643
2023-08-29 10:15:00,1693284300,215.2,218.45,214,218,9377961
2023-08-29 11:15:00,1693287900,217.95,218.2,215,216,9047865
2023-08-29 12:15:00,1693291500,215.95,219.1,215.8,219.05,4691025
2023-08-29 13:15:00,1693295100,219.1,219.1,215,215.75,5529664
2023-08-29 14:15:00,1693298700,215.85,219.7,215,219.7,7193310
2023-08-29 15:15:00,1693302300,219.7,221.7,219.4,221.7,8427197
2023-08-30 09:15:00,1693367100,224.9,231.25,224.7,231.25,15456686
2023-08-31 09:15:00,1693453500,241.7,242.8,234.3,234.95,28609745
2023-08-31 10:15:00,1693457100,234.7,242.8,234.6,242.8,11864666
2023-08-31 13:15:00,1693467900,242.8,242.8,240,242,5923736
2023-08-31 14:15:00,1693471500,242,242.8,231.15,232.55,41651342
2023-08-31 15:15:00,1693475100,232.55,241,231.6,240,30075440
2023-09-01 09:15:00,1693539900,235,243.8,234.2,239.9,16029202
2023-09-01 10:15:00,1693543500,239.9,241.2,239.8,241.2,4798986
2023-09-01 11:15:00,1693547100,241.2,244.4,240.6,244.3,6497703
2023-09-01 12:15:00,1693550700,244.25,244.45,242.95,244,4323709
2023-09-01 13:15:00,1693554300,244,245.15,244,245.15,5970507
2023-09-01 14:15:00,1693557900,245.15,245.15,245,245.15,1072954
2023-09-04 09:15:00,1693799100,255.3,258.7,249,255.7,30619176
2023-09-04 10:15:00,1693802700,255.7,266.95,253.6,263.3,25200656
2023-09-04 11:15:00,1693806300,263.2,263.5,256.25,259.9,13229088
2023-09-04 12:15:00,1693809900,259.95,260.85,256.35,256.75,6587192
2023-09-04 13:15:00,1693813500,256.75,258.1,251.7,253.6,9816135
2023-09-04 14:15:00,1693817100,253.55,255.6,250.8,253.4,8294140
2023-09-04 15:15:00,1693820700,253.45,254.85,253,254.8,3974122
2023-09-05 09:15:00,1693885500,257,260,253.6,259.3,12736965
2023-09-05 10:15:00,1693889100,259.25,259.5,255.8,259.2,6055649
2023-09-05 11:15:00,1693892700,259.15,259.2,256.95,256.95,4384419
2023-09-05 12:15:00,1693896300,256.9,257,253,256.5,7883787
2023-09-05 13:15:00,1693899900,256.45,257.45,255.55,256.05,4961693
2023-09-05 14:15:00,1693903500,256.05,256.5,254.6,254.95,6689529
2023-09-05 15:15:00,1693907100,255,255.9,253.8,255.3,3792092
2023-09-06 09:15:00,1693971900,247,251.9,247,249.85,18265089
2023-09-06 10:15:00,1693975500,250,254.3,248.95,251.9,9644385
2023-09-06 11:15:00,1693979100,251.8,254.05,250,250.6,5349440
2023-09-06 12:15:00,1693982700,250.5,251.7,250,250.9,2945161
2023-09-06 13:15:00,1693986300,250.9,251.95,250.15,250.55,3494289
2023-09-06 14:15:00,1693989900,250.6,259.8,246.05,254.7,104325131
2023-09-06 15:15:00,1693993500,254.45,256.1,250,253.7,79908862
2023-09-07 09:15:00,1694058300,252,256.4,252,254.4,13893007
2023-09-07 10:15:00,1694061900,254.35,256.3,253.65,256.25,6078603
2023-09-07 11:15:00,1694065500,256.4,257.3,254.1,254.6,6234389
2023-09-07 12:15:00,1694069100,254.65,255,253.6,254,2853261
2023-09-07 13:15:00,1694072700,254,254.55,251.3,252.8,4788527
2023-09-07 14:15:00,1694076300,252.8,253,251.25,251.35,6686286
2023-09-07 15:15:00,1694079900,251.35,252.8,251.25,252.7,2624430
2023-09-08 09:15:00,1694144700,254,254,251.1,251.75,8593352
2023-09-08 10:15:00,1694148300,251.85,252.9,249.5,252.8,8937555
2023-09-08 11:15:00,1694151900,252.75,253.5,252.6,253.2,3608949
2023-09-08 12:15:00,1694155500,253.1,253.3,251.6,252.85,3448383
2023-09-08 13:15:00,1694159100,252.95,255,252.7,254.2,4645339
2023-09-08 14:15:00,1694162700,254.2,254.45,252.7,252.8,4721545
2023-09-08 15:15:00,1694166300,252.8,253.6,252.6,253.5,1852000
2023-09-11 09:15:00,1694403900,256.95,257.7,253,253.3,6099206
2023-09-11 10:15:00,1694407500,253.3,253.75,252.5,253.3,2916305
2023-09-11 11:15:00,1694411100,253.3,253.45,252.25,252.35,2015477
2023-09-11 12:15:00,1694414700,252.35,252.5,251,251.95,2623915
2023-09-11 13:15:00,1694418300,251.95,252,250.5,251.5,2568364
2023-09-11 14:15:00,1694421900,251.55,251.85,250,250.2,5702907
2023-09-11 15:15:00,1694425500,250.2,250.2,250,250.1,2654609
2023-09-12 09:15:00,1694490300,251.75,252,240.9,246.85,15029157
2023-09-12 10:15:00,1694493900,246.85,246.95,242.35,246.25,7008704
2023-09-12 11:15:00,1694497500,246.25,247.7,245,246.35,3780934
2023-09-12 12:15:00,1694501100,246.35,246.5,244.7,246.5,4649597
2023-09-12 13:15:00,1694504700,246.5,247.85,246.3,246.95,3001111
2023-09-12 14:15:00,1694508300,246.9,247.3,244.15,244.2,3654114
2023-09-12 15:15:00,1694511900,244.2,244.7,243.85,244,2202970
2023-09-13 09:15:00,1694576700,244.8,247.8,241.65,241.8,7638188
2023-09-13 10:15:00,1694580300,241.8,241.85,236.6,240.3,7363375
2023-09-13 11:15:00,1694583900,240.35,241.75,239.45,241.45,2580938
2023-09-13 12:15:00,1694587500,241.4,242.75,241.15,242.6,1594906
2023-09-13 13:15:00,1694591100,242.65,242.65,241.15,241.15,2040150
2023-09-13 14:15:00,1694594700,241.15,241.45,240.15,240.3,3750583
2023-09-13 15:15:00,1694598300,240.3,241.25,239.5,241.2,2739823
2023-09-14 09:15:00,1694663100,242,244.55,241.25,242.4,4600843
2023-09-14 10:15:00,1694666700,242.3,242.9,241.65,242.5,2010489
2023-09-14 11:15:00,1694670300,242.5,243.8,242.4,243.3,1213175
2023-09-14 12:15:00,1694673900,243.35,243.5,242.1,242.15,1749956
2023-09-14 13:15:00,1694677500,242.2,242.35,242.05,242.1,1257513
2023-09-14 14:15:00,1694681100,242.15,243,242,242.55,1896237
2023-09-14 15:15:00,1694684700,242.5,242.9,242.25,242.85,1238911
2023-09-15 09:15:00,1694749500,243.8,244.65,241.6,241.75,4237150
2023-09-15 10:15:00,1694753100,241.7,242.2,240.75,241.25,3488731
2023-09-15 11:15:00,1694756700,241.25,241.3,240.75,240.85,2072452
2023-09-15 12:15:00,1694760300,240.9,241.05,240.35,240.65,1760980
2023-09-15 13:15:00,1694763900,240.6,240.9,240.4,240.6,2124430
2023-09-15 14:15:00,1694767500,240.6,242.15,237.75,237.85,7744260
2023-09-15 15:15:00,1694771100,237.85,239.65,237.65,239.4,5733796
2023-09-18 09:15:00,1695008700,240,240.85,236.3,236.5,6311574
2023-09-18 10:15:00,1695012300,236.5,237,235.1,235.65,4242998
2023-09-18 11:15:00,1695015900,235.65,236.55,235.55,235.65,2847213
2023-09-18 12:15:00,1695019500,235.6,235.95,234.65,234.95,3396987
2023-09-18 13:15:00,1695023100,234.95,235.2,234.7,234.85,1421069
2023-09-18 14:15:00,1695026700,234.9,234.95,232.3,232.35,4330425
2023-09-18 15:15:00,1695030300,232.35,233.7,232.1,233.6,2015372
2023-09-20 09:15:00,1695181500,230.4,232,229.15,230,7612503
2023-09-20 10:15:00,1695185100,230,231.3,229.7,230,2914350
2023-09-20 11:15:00,1695188700,230,230.15,229.75,230.05,1579032
2023-09-20 12:15:00,1695192300,230.05,230.1,229.65,230,1031596
2023-09-20 13:15:00,1695195900,230,230.1,229,229.25,1541683
2023-09-20 14:15:00,1695199500,229.25,229.9,229.15,229.75,1943772
2023-09-20 15:15:00,1695203100,229.7,229.95,229.4,229.9,1387096
2023-09-21 09:15:00,1695267900,230,235.5,229.15,231.35,15619700
2023-09-21 10:15:00,1695271500,231.35,232,230.15,231.55,2515891
2023-09-21 11:15:00,1695275100,231.5,232,230.5,231.2,1785719
2023-09-21 12:15:00,1695278700,231.1,231.75,230.55,231.15,4506812
2023-09-21 13:15:00,1695282300,231.15,231.25,229.65,230.25,3117912
2023-09-21 14:15:00,1695285900,230.25,230.65,227.75,227.9,3598588
2023-09-21 15:15:00,1695289500,227.9,228.1,226.85,227.7,1926051
2023-09-22 09:15:00,1695354300,227.95,232.25,226.55,227.45,26445146
2023-09-22 10:15:00,1695357900,227.5,228.4,226.35,228.3,3769449
2023-09-22 11:15:00,1695361500,228.4,228.5,227.15,227.95,1237389
2023-09-22 12:15:00,1695365100,227.95,228.2,227.1,227.85,1181227
2023-09-22 13:15:00,1695368700,227.85,228.05,227.15,227.65,1531256
2023-09-22 14:15:00,1695372300,227.65,228.1,227.3,227.95,2648634
2023-09-22 15:15:00,1695375900,227.75,228.35,227.65,228.1,1372045
2023-09-25 09:15:00,1695613500,230,230.85,227.6,227.8,3108339
2023-09-25 10:15:00,1695617100,227.8,228.85,227.5,228.85,2117894
2023-09-25 11:15:00,1695620700,228.7,229.2,228.5,228.85,1059411
2023-09-25 12:15:00,1695624300,228.85,230.2,228.55,228.95,1603162
2023-09-25 13:15:00,1695627900,228.95,230.3,228.75,229.15,1595419
2023-09-25 14:15:00,1695631500,229.15,230.35,229,229.75,2582055
2023-09-25 15:15:00,1695635100,229.7,229.75,229.25,229.25,1218934
2023-09-26 09:15:00,1695699900,231.1,231.7,230,231.05,2462928
2023-09-26 10:15:00,1695703500,230.9,231.3,230.25,230.9,1032207
2023-09-26 11:15:00,1695707100,230.9,230.95,230.55,230.8,826306
2023-09-26 12:15:00,1695710700,230.9,231.35,230.2,230.8,979894
2023-09-26 13:15:00,1695714300,230.8,231.2,230.35,230.45,718695
2023-09-26 14:15:00,1695717900,230.4,230.7,230.1,230.35,1237875
2023-09-26 15:15:00,1695721500,230.5,230.8,230.2,230.7,668493
2023-09-27 09:15:00,1695786300,231.2,231.2,228.2,229.05,1728472
2023-09-27 10:15:00,1695789900,229,229.1,228.55,228.7,756024
2023-09-27 11:15:00,1695793500,228.7,228.8,227.65,227.75,1311729
2023-09-27 12:15:00,1695797100,227.75,227.9,227.3,227.8,1189696
2023-09-27 13:15:00,1695800700,227.8,227.95,227.05,227.3,1123855
2023-09-27 14:15:00,1695804300,227.35,227.75,227,227.4,2984694
2023-09-27 15:15:00,1695807900,227.3,227.55,227.1,227.55,1815596
2023-09-28 09:15:00,1695872700,228,228.85,225.7,226.7,2181602
2023-09-28 10:15:00,1695876300,226.65,226.75,225.95,225.95,1216424
2023-09-28 11:15:00,1695879900,225.7,226.15,225.3,225.8,1118094
2023-09-28 12:15:00,1695883500,225.8,225.95,225.2,225.35,763773
2023-09-28 13:15:00,1695887100,225.35,225.5,225,225.2,1008100
2023-09-28 14:15:00,1695890700,225.2,225.95,224.8,225,1776930
2023-09-28 15:15:00,1695894300,224.95,225.55,224.75,224.95,1014648
2023-09-29 09:15:00,1695959100,225.9,226.9,225,226.15,1396565
2023-09-29 10:15:00,1695962700,226.05,226.45,225.1,225.9,638928
2023-09-29 11:15:00,1695966300,225.95,226,225.35,225.95,563840
2023-09-29 12:15:00,1695969900,225.8,226.9,225.8,226.85,767161
2023-09-29 13:15:00,1695973500,226.75,231,226.75,230.5,3212646
2023-09-29 14:15:00,1695977100,230.5,232.9,230.3,230.85,4722512
2023-09-29 15:15:00,1695980700,230.8,231.4,230.35,231,1047039
2023-10-03 09:15:00,1696304700,231.5,233.9,230.55,232.15,4981590
2023-10-03 10:15:00,1696308300,232.15,232.9,230.7,232.1,1717909
2023-10-03 11:15:00,1696311900,232.15,232.25,231.55,231.65,1155676
2023-10-03 12:15:00,1696315500,231.75,232.25,231.65,232.15,1002611
2023-10-03 13:15:00,1696319100,232.15,232.35,231.1,231.85,1611163
2023-10-03 14:15:00,1696322700,231.8,232.2,231.25,231.55,1758208
2023-10-03 15:15:00,1696326300,231.55,231.65,230.95,231,774082
2023-10-04 09:15:00,1696391100,230,230,227.15,228.05,3749480
2023-10-04 10:15:00,1696394700,228.1,228.15,227,227.8,2192321
2023-10-04 11:15:00,1696398300,227.9,228,225.25,225.5,3162207
2023-10-04 12:15:00,1696401900,225.5,225.7,223.55,224.85,4570790
2023-10-04 13:15:00,1696405500,224.8,224.85,223.5,224.4,4334268
2023-10-04 14:15:00,1696409100,224.35,224.9,223.75,224.9,3565746
2023-10-04 15:15:00,1696412700,224.85,224.9,224.2,224.5,1659113
2023-10-05 09:15:00,1696477500,225.9,227.15,224.2,225.4,3690707
2023-10-05 10:15:00,1696481100,225.4,225.55,224.85,225.25,1592408
2023-10-05 11:15:00,1696484700,225.25,227.4,225,226,2022363
2023-10-05 12:15:00,1696488300,226,226.85,225.85,226.7,1424661
2023-10-05 13:15:00,1696491900,226.7,227.9,226.5,226.85,2202398
2023-10-05 14:15:00,1696495500,226.85,227,225.55,225.55,1518814
2023-10-05 15:15:00,1696499100,225.6,225.65,224.8,225.05,1380794
2023-10-06 09:15:00,1696563900,226.5,227.65,225.45,225.5,1807779
2023-10-06 10:15:00,1696567500,225.5,226.05,225,225.3,1003981
2023-10-06 11:15:00,1696571100,225.25,225.55,223.7,224,1804833
2023-10-06 12:15:00,1696574700,224,224.4,223.75,224.3,841633
2023-10-06 13:15:00,1696578300,224.3,224.85,224.15,224.5,503516
2023-10-06 14:15:00,1696581900,224.55,225.45,224.45,225.15,984044
2023-10-06 15:15:00,1696585500,225.15,225.25,225,225.25,494532
2023-10-09 09:15:00,1696823100,223,223,218.85,221.85,3721633
2023-10-09 10:15:00,1696826700,221.85,222.25,221.3,221.45,867950
2023-10-09 11:15:00,1696830300,221.4,221.45,220.65,220.75,823256
2023-10-09 12:15:00,1696833900,220.75,220.85,220,220.05,981032
2023-10-09 13:15:00,1696837500,220,220.4,219.85,220.05,923100
2023-10-09 14:15:00,1696841100,220,220.35,219.35,219.85,1542538
2023-10-09 15:15:00,1696844700,219.8,219.85,219.35,219.55,718433
2023-10-10 09:15:00,1696909500,221,223.9,221,223.65,2094229
2023-10-10 10:15:00,1696913100,223.65,223.7,222.55,222.95,828282
2023-10-10 11:15:00,1696916700,223,223.3,222.9,223,1338337
2023-10-10 12:15:00,1696920300,223,223,220.6,220.75,1574163
2023-10-10 13:15:00,1696923900,220.75,220.8,219.75,219.85,1697022
2023-10-10 14:15:00,1696927500,219.85,220.55,219.8,219.9,2134461
2023-10-10 15:15:00,1696931100,219.9,220.9,219.9,220.7,723082
2023-10-11 09:15:00,1696995900,222,223.15,221.5,222.9,2221142
2023-10-11 10:15:00,1696999500,222.8,224.1,222.55,222.65,1629992
2023-10-11 11:15:00,1697003100,222.6,223.35,222.3,223.3,781110
2023-10-11 12:15:00,1697006700,223.35,223.85,221,221.9,1551355
2023-10-11 13:15:00,1697010300,221.9,222,221.25,221.4,734135
2023-10-11 14:15:00,1697013900,221.45,224.6,220.6,224.5,2114538
2023-10-11 15:15:00,1697017500,224.5,227.7,224.1,226.05,2675741
2023-10-12 09:15:00,1697082300,227,227.4,225.4,227.1,1796068
2023-10-12 10:15:00,1697085900,227.1,227.1,226.35,226.9,1172529
2023-10-12 11:15:00,1697089500,226.9,226.9,225.55,225.8,847739
2023-10-12 12:15:00,1697093100,225.8,226.15,224.8,224.9,962487
2023-10-12 13:15:00,1697096700,224.85,225.5,224.8,225.25,905135
2023-10-12 14:15:00,1697100300,225.2,225.5,224.8,225.25,1261494
2023-10-12 15:15:00,1697103900,225.3,225.45,224.75,224.9,737137
2023-10-13 09:15:00,1697168700,224,224.05,222.55,222.95,1441550
2023-10-13 10:15:00,1697172300,222.9,222.95,222,222.25,1014894
2023-10-13 11:15:00,1697175900,222.25,222.8,222.15,222.2,625050
2023-10-13 12:15:00,1697179500,222.25,222.8,222.1,222.6,651537
2023-10-13 13:15:00,1697183100,222.6,222.9,222.4,222.8,635098
2023-10-13 14:15:00,1697186700,222.8,225.9,222.4,224.75,4547253
2023-10-13 15:15:00,1697190300,224.75,225.25,223.35,224,1036008
2023-10-16 09:15:00,1697427900,224.9,225.95,224,224.85,2367601
2023-10-16 10:15:00,1697431500,224.85,225.05,224.3,224.3,879812
2023-10-16 11:15:00,1697435100,224.35,224.85,224.15,224.7,3935312
2023-10-16 12:15:00,1697438700,224.7,225,224.5,224.6,684771
2023-10-16 13:15:00,1697442300,224.6,225.45,224.55,225,1147130
2023-10-16 14:15:00,1697445900,225.05,225.05,224.65,224.8,1094075
2023-10-16 15:15:00,1697449500,224.8,224.95,224.7,224.85,674862
2023-10-17 09:15:00,1697514300,231.5,233,226.3,226.95,11744522
2023-10-17 10:15:00,1697517900,226.95,227,225,225.25,3036562
2023-10-17 11:15:00,1697521500,225.25,225.9,224.65,224.9,2815964
2023-10-17 12:15:00,1697525100,224.9,225,224.2,224.5,1808343
2023-10-17 13:15:00,1697528700,224.45,224.65,222.35,222.45,3933247
2023-10-17 14:15:00,1697532300,222.45,222.45,220.65,220.8,7405639
2023-10-17 15:15:00,1697535900,220.8,221.4,220.5,221.4,2604034
2023-10-18 09:15:00,1697600700,221.6,222.9,216.5,220.45,9347581
2023-10-18 10:15:00,1697604300,220.5,220.6,218,218.25,3033143
2023-10-18 11:15:00,1697607900,218.25,219.2,217.6,217.7,2074781
2023-10-18 12:15:00,1697611500,217.65,217.75,216.3,217,3374538
2023-10-18 13:15:00,1697615100,217,217.05,216.25,216.4,2485902
2023-10-18 14:15:00,1697618700,216.5,216.75,215.8,215.95,5124690
2023-10-18 15:15:00,1697622300,215.9,216.5,215.55,216.4,2151738
2023-10-19 09:15:00,1697687100,216,216,211.3,212.55,9511907
2023-10-19 10:15:00,1697690700,212.5,212.65,209.05,210.1,10787641
2023-10-19 11:15:00,1697694300,210.1,210.95,209.75,210.95,4664776
2023-10-19 12:15:00,1697697900,210.95,212.5,210.5,212.2,3821437
2023-10-19 13:15:00,1697701500,212.2,215.95,212.2,214.35,6591341
2023-10-19 14:15:00,1697705100,214.3,214.8,214,214.25,4075851
2023-10-19 15:15:00,1697708700,214.15,214.7,213.4,214.6,2111336
2023-10-20 09:15:00,1697773500,215.5,217,213.7,215.8,3762567
2023-10-20 10:15:00,1697777100,215.9,215.95,215.1,215.5,997973
2023-10-20 11:15:00,1697780700,215.45,215.5,213.5,213.85,1674929
2023-10-20 12:15:00,1697784300,213.85,214.65,213.55,213.6,962710
2023-10-20 13:15:00,1697787900,213.65,214.15,213,213.6,1116246
2023-10-20 14:15:00,1697791500,213.7,214.9,213.5,214.55,1494814
2023-10-20 15:15:00,1697795100,214.6,214.65,213.75,214,1005842
2023-10-23 09:15:00,1698032700,214,214.2,211.4,211.65,2628228
2023-10-23 10:15:00,1698036300,211.65,211.7,209.7,210.1,3160948
2023-10-23 11:15:00,1698039900,210.2,210.7,209.25,209.75,1882843
2023-10-23 12:15:00,1698043500,209.75,210,209,209.45,1922919
2023-10-23 13:15:00,1698047100,209.4,209.55,208.35,209.1,1866465
2023-10-23 14:15:00,1698050700,209.1,209.3,207,207.4,2944486
2023-10-23 15:15:00,1698054300,207.4,207.65,204.25,205,3056899
2023-10-25 09:15:00,1698205500,206.6,211.6,206.5,211.5,7554280
2023-10-25 10:15:00,1698209100,211.5,211.8,209.8,210,1943898
2023-10-25 11:15:00,1698212700,210,211,209.9,210.1,1375283
2023-10-25 12:15:00,1698216300,210.2,211.05,209.9,210,3792615
2023-10-25 13:15:00,1698219900,210,211.05,209.6,210.1,2349597
2023-10-25 14:15:00,1698223500,210.15,210.55,210,210.1,3547485
2023-10-25 15:15:00,1698227100,210.1,210.85,210,210.4,1271272
2023-10-26 09:15:00,1698291900,208,209.7,206.45,209.15,3544966
2023-10-26 10:15:00,1698295500,209.15,212.6,208.6,211.25,3598533
2023-10-26 11:15:00,1698299100,211.35,212.15,210.5,210.95,1584593
2023-10-26 12:15:00,1698302700,210.8,216,210.45,215.85,4099441
2023-10-26 13:15:00,1698306300,215.8,216.9,214.45,215.2,4300373
2023-10-26 14:15:00,1698309900,215.2,215.8,214.3,215.25,4135637
2023-10-26 15:15:00,1698313500,215.3,217,215,216.4,2362864
2023-10-27 09:15:00,1698378300,219.6,220.7,217.35,217.55,4226617
2023-10-27 10:15:00,1698381900,217.55,221.1,216.45,220.1,3421328
2023-10-27 11:15:00,1698385500,220.15,220.4,219.3,219.35,1547498
2023-10-27 12:15:00,1698389100,219.4,219.9,218.3,218.75,981868
2023-10-27 13:15:00,1698392700,218.75,219,218.6,218.75,778275
2023-10-27 14:15:00,1698396300,218.8,220.15,218,220.05,2499068
2023-10-27 15:15:00,1698399900,220.15,225.6,220,224.5,7262365
2023-10-30 09:15:00,1698637500,224.5,226.2,222.2,223.1,4018647
2023-10-30 10:15:00,1698641100,223.1,223.5,222.45,222.6,1388231
2023-10-30 11:15:00,1698644700,222.7,223.15,221,221.05,1491781
2023-10-30 12:15:00,1698648300,221.05,221.15,220.55,220.65,1094706
2023-10-30 13:15:00,1698651900,220.75,220.8,219.6,219.8,1619134
2023-10-30 14:15:00,1698655500,219.75,220,219.05,219.2,2129965
2023-10-30 15:15:00,1698659100,219.2,219.35,218.15,218.85,1543702
2023-10-31 09:15:00,1698723900,222,222.3,217.4,217.5,3640779
2023-10-31 10:15:00,1698727500,217.6,217.8,215.55,216.05,2062845
2023-10-31 11:15:00,1698731100,216.1,216.6,215.65,215.85,2426398
2023-10-31 12:15:00,1698734700,215.85,216.65,215.8,216.05,1224931
2023-10-31 13:15:00,1698738300,216,216.5,215.95,216.3,1235003
2023-10-31 14:15:00,1698741900,216.25,223.2,215.7,218.3,5604519
2023-10-31 15:15:00,1698745500,218.25,218.55,218,218.3,1195992
2023-11-01 09:15:00,1698810300,216,219.8,215.3,218.9,3184766
2023-11-01 10:15:00,1698813900,218.75,219.45,216.7,217.35,1846033
2023-11-01 11:15:00,1698817500,217.35,217.55,216.6,217.1,862706
2023-11-01 12:15:00,1698821100,217.1,217.4,217,217,1034121
2023-11-01 13:15:00,1698824700,217.05,217.4,216.3,216.5,972936
2023-11-01 14:15:00,1698828300,216.55,217.3,215.55,217.3,3318151
2023-11-01 15:15:00,1698831900,217.3,222.05,215.85,215.95,4425306
2023-11-02 09:15:00,1698896700,218.5,219.6,217.5,218.3,2666605
2023-11-02 10:15:00,1698900300,218.3,218.45,216.9,217.2,1648990
2023-11-02 11:15:00,1698903900,217.2,217.5,216.8,217.05,2250820
2023-11-02 12:15:00,1698907500,217.1,218.1,217,217.3,1334408
2023-11-02 13:15:00,1698911100,217.3,218.5,217.05,217.35,1619774
2023-11-02 14:15:00,1698914700,217.35,217.85,217,217.55,2102227
2023-11-02 15:15:00,1698918300,217.55,217.55,216.7,217,1551608
2023-11-03 09:15:00,1698983100,219,220.25,217.65,219,2871143
2023-11-03 10:15:00,1698986700,219,219.15,218.75,218.95,937191
2023-11-03 11:15:00,1698990300,218.95,219,218.5,218.6,689889
2023-11-03 12:15:00,1698993900,218.6,218.9,218.3,218.6,676500
2023-11-03 13:15:00,1698997500,218.6,220.65,218.35,218.7,1526235
2023-11-03 14:15:00,1699001100,218.7,219.25,218.65,218.95,1044915
2023-11-03 15:15:00,1699004700,218.9,219.3,218.85,219.1,701614
2023-11-06 09:15:00,1699242300,220.4,220.7,217.7,218.05,3164265
2023-11-06 10:15:00,1699245900,218,218.6,217.7,218.2,2381515
2023-11-06 11:15:00,1699249500,218.2,218.45,217.85,217.9,946022
2023-11-06 12:15:00,1699253100,218,218.05,217.8,217.95,725536
2023-11-06 13:15:00,1699256700,217.9,218.1,217.8,217.95,814055
2023-11-06 14:15:00,1699260300,217.9,218.05,216.8,217.2,2337507
2023-11-06 15:15:00,1699263900,217.25,217.35,216.75,217.1,1058967
2023-11-07 09:15:00,1699328700,217.9,218.8,216.9,216.95,2045411
2023-11-07 10:15:00,1699332300,217.05,217.2,216.65,217.05,1168035
2023-11-07 11:15:00,1699335900,217.05,217.1,216.5,216.7,902465
2023-11-07 12:15:00,1699339500,216.75,217.15,216.6,217,652385
2023-11-07 13:15:00,1699343100,217,217.1,216.8,217,586226
2023-11-07 14:15:00,1699346700,217,217.8,216.85,217.3,1497636
2023-11-07 15:15:00,1699350300,217.3,217.35,217.1,217.2,656891
2023-11-08 09:15:00,1699415100,217.8,217.85,216.45,216.95,2053416
2023-11-08 10:15:00,1699418700,216.95,217.05,216.55,216.6,1791551
2023-11-08 11:15:00,1699422300,216.65,216.85,216.5,216.65,1229608
2023-11-08 12:15:00,1699425900,216.6,216.7,215.7,215.9,1357978
2023-11-08 13:15:00,1699429500,215.85,216,215.25,215.4,1040409
2023-11-08 14:15:00,1699433100,215.4,215.45,213.9,213.95,8676142
2023-11-08 15:15:00,1699436700,213.95,214.65,213.85,214.5,936925
2023-11-09 09:15:00,1699501500,215,216.25,215,215.1,6384939
2023-11-09 10:15:00,1699505100,215.1,215.4,214.95,215,2586705
2023-11-09 11:15:00,1699508700,215.1,215.7,214.95,215.6,2083027
2023-11-09 12:15:00,1699512300,215.6,217.7,215.5,216.5,2094123
2023-11-09 13:15:00,1699515900,216.5,217.05,216.3,216.4,499191
2023-11-09 14:15:00,1699519500,216.35,216.55,215,215.05,2236660
2023-11-09 15:15:00,1699523100,215.05,215.55,215,215.5,1344724
2023-11-10 09:15:00,1699587900,214.7,215.8,214.7,215.3,1972045
2023-11-10 10:15:00,1699591500,215.3,216.4,215.25,215.8,794096
2023-11-10 11:15:00,1699595100,215.75,216,215.55,215.85,604824
2023-11-10 12:15:00,1699598700,215.85,220.8,215.55,218.9,4042212
2023-11-10 13:15:00,1699602300,218.9,219.9,218.25,219.1,2371258
2023-11-10 14:15:00,1699605900,219.05,222.95,218.35,220.5,6125287
2023-11-10 15:15:00,1699609500,220.55,222.75,220.45,222.5,2485854
2023-11-12 18:15:00,1699793100,224.7,226.4,224,225.75,10525596
2023-11-13 09:15:00,1699847100,223,223.05,222.25,222.9,2790176
2023-11-13 10:15:00,1699850700,222.95,224.7,222.85,224.15,2054826
2023-11-13 11:15:00,1699854300,224.15,225.35,223.9,225.1,1257305
2023-11-13 12:15:00,1699857900,225.15,225.2,224.35,224.9,905870
2023-11-13 13:15:00,1699861500,224.75,225,223.5,224.1,1336610
2023-11-13 14:15:00,1699865100,224.05,225,223.3,225,1786839
2023-11-13 15:15:00,1699868700,224.95,225.75,223.85,224.45,1950713
2023-11-15 09:15:00,1700019900,226.95,227.35,224.2,224.85,4648299
2023-11-15 10:15:00,1700023500,224.85,225,223.65,223.85,2035355
2023-11-15 11:15:00,1700027100,223.9,224.5,223.25,224.45,1680717
2023-11-15 12:15:00,1700030700,224.4,224.5,223.65,223.85,1198579
2023-11-15 13:15:00,1700034300,223.9,225,223.25,224.8,2344145
2023-11-15 14:15:00,1700037900,224.85,225,223.6,224.65,2818152
2023-11-15 15:15:00,1700041500,224.65,224.7,223.8,224.2,1024605
2023-11-16 09:15:00,1700106300,225.5,227.1,223.85,224.95,4887120
2023-11-16 10:15:00,1700109900,224.9,225,224.25,224.95,1225604
2023-11-16 11:15:00,1700113500,224.95,225.9,224.75,225.3,1811348
2023-11-16 12:15:00,1700117100,225.3,225.45,224.65,224.9,914306
2023-11-16 13:15:00,1700120700,224.9,225.3,224.75,225,1711184
2023-11-16 14:15:00,1700124300,225,229,224.55,226.7,5102597
2023-11-16 15:15:00,1700127900,226.75,227.7,226.4,227.1,2163065
2023-11-17 09:15:00,1700192700,226,226,222.4,222.9,6199134
2023-11-17 10:15:00,1700196300,222.85,223.1,222.35,222.8,2040292
2023-11-17 11:15:00,1700199900,222.75,223.7,222.4,223.35,1977267
2023-11-17 12:15:00,1700203500,223.3,224.05,222.6,222.7,2457853
2023-11-17 13:15:00,1700207100,222.8,222.85,221.8,222.1,1769876
2023-11-17 14:15:00,1700210700,222,222.15,220.45,220.95,3579840
2023-11-17 15:15:00,1700214300,220.95,221.05,220.4,221,1542616
2023-11-20 09:15:00,1700451900,221.75,221.75,216.45,217.35,5527969
2023-11-20 10:15:00,1700455500,217.4,217.45,216.8,217,2262669
2023-11-20 11:15:00,1700459100,217.05,217.15,216.4,216.6,2099046
2023-11-20 12:15:00,1700462700,216.6,216.7,215.85,216.2,2085562
2023-11-20 13:15:00,1700466300,216.2,216.25,215.1,215.15,2308368
2023-11-20 14:15:00,1700469900,215.1,216.6,215.05,215.2,4560769
2023-11-20 15:15:00,1700473500,215.2,215.5,215.05,215.5,1528716
2023-11-21 09:15:00,1700538300,217.4,220.35,216.55,220,7854643
2023-11-21 10:15:00,1700541900,220.05,223.1,219.8,221,8929334
2023-11-21 11:15:00,1700545500,221,221.6,220.4,220.75,1971553
2023-11-21 12:15:00,1700549100,220.75,221,220.05,220.05,1212474
2023-11-21 13:15:00,1700552700,220.05,220.1,218.65,219.6,2037702
2023-11-21 14:15:00,1700556300,219.5,220.85,219.5,220.1,2064470
2023-11-21 15:15:00,1700559900,220.1,220.65,219.2,219.8,1491905
2023-11-22 09:15:00,1700624700,219.7,221.8,218.5,221.35,3818952
2023-11-22 10:15:00,1700628300,221.4,221.5,219.65,220.5,1912705
2023-11-22 11:15:00,1700631900,220.5,220.95,219.65,220.05,1904154
2023-11-22 12:15:00,1700635500,220.05,221.05,219.5,220.7,1163458
2023-11-22 13:15:00,1700639100,220.7,220.75,219.9,220.1,660502
2023-11-22 14:15:00,1700642700,220,220.75,219.8,220.2,1649707
2023-11-22 15:15:00,1700646300,220.2,223.25,220,223.05,3889665
2023-11-23 09:15:00,1700711100,222.5,223.25,220.7,221.3,3019067
2023-11-23 10:15:00,1700714700,221.3,222.2,220.8,221.3,1539493
2023-11-23 11:15:00,1700718300,221.4,221.5,220.2,220.2,1184887
2023-11-23 12:15:00,1700721900,220.35,221.25,219.8,221.25,1607363
2023-11-23 13:15:00,1700725500,221.25,222.65,221.15,222.2,1416983
2023-11-23 14:15:00,1700729100,222.2,222.25,221.2,221.3,1488706
2023-11-23 15:15:00,1700732700,221.25,221.4,221.1,221.3,992571
2023-11-24 09:15:00,1700797500,221.9,221.9,220.5,221.1,1958309
2023-11-24 10:15:00,1700801100,221.1,222.6,220.55,222.3,1190504
2023-11-24 11:15:00,1700804700,222.3,225,221.7,224.9,5118438
2023-11-24 12:15:00,1700808300,224.9,227,223.7,224.6,8564630
2023-11-24 13:15:00,1700811900,224.6,225,223.6,223.9,2255913
2023-11-24 14:15:00,1700815500,223.9,227.6,222.75,227.4,7290462
2023-11-24 15:15:00,1700819100,227.4,227.85,225.75,227,4891580
2023-11-28 09:15:00,1701143100,228.05,232.3,227,227.85,12385278
2023-11-28 10:15:00,1701146700,227.8,228.2,226.8,227.4,2580499
2023-11-28 11:15:00,1701150300,227.4,227.75,227,227.15,2187855
2023-11-28 12:15:00,1701153900,227.15,227.85,227,227.4,1079186
2023-11-28 13:15:00,1701157500,227.45,227.7,226.1,226.3,1565947
2023-11-28 14:15:00,1701161100,226.35,226.45,225.35,226.05,3270821
2023-11-28 15:15:00,1701164700,226.15,227.45,226,226.7,2569312
2023-11-29 09:15:00,1701229500,229.35,229.35,226.5,226.85,4064333
2023-11-29 10:15:00,1701233100,226.75,227.3,226.2,226.3,1369821
2023-11-29 11:15:00,1701236700,226.35,226.65,224.2,224.5,2567544
2023-11-29 12:15:00,1701240300,224.5,225.75,224.45,225.15,1113998
2023-11-29 13:15:00,1701243900,225.25,226.45,224.75,226.05,1502601
2023-11-29 14:15:00,1701247500,226,226.7,225.6,225.9,1948408
2023-11-29 15:15:00,1701251100,225.8,226.6,225.65,226.05,1431888
2023-11-30 09:15:00,1701315900,226.05,226.5,222.7,223.55,3945021
2023-11-30 10:15:00,1701319500,223.7,224.4,223.5,223.75,1629352
2023-11-30 11:15:00,1701323100,223.85,224.6,223.75,224.15,940660
2023-11-30 12:15:00,1701326700,224.3,224.4,223.65,224,1036007
2023-11-30 13:15:00,1701330300,224.1,224.5,223.35,223.55,1595902
2023-11-30 14:15:00,1701333900,223.55,229.95,223.4,229.9,20422502
2023-11-30 15:15:00,1701337500,229.9,231.8,229.85,230.55,15818403
2023-12-01 09:15:00,1701402300,231.45,231.6,229.4,229.5,4887250
2023-12-01 10:15:00,1701405900,229.5,230.2,228.75,229.3,1494659
2023-12-01 11:15:00,1701409500,229.3,229.6,228.45,228.65,1046435
2023-12-01 12:15:00,1701413100,228.6,228.75,227.6,227.95,1370276
2023-12-01 13:15:00,1701416700,227.95,228.95,225.85,226.6,2920080
2023-12-01 14:15:00,1701420300,226.6,228.25,225.1,225.25,3931698
2023-12-01 15:15:00,1701423900,225.25,225.45,225,225,1924195
2023-12-04 09:15:00,1701661500,229.75,230.5,227.9,229.45,7718566
2023-12-04 10:15:00,1701665100,229.4,232,229.15,230.1,5133373
2023-12-04 11:15:00,1701668700,230.05,231.55,229.9,230.1,2008530
2023-12-04 12:15:00,1701672300,230.2,230.45,229.7,230.05,1240014
2023-12-04 13:15:00,1701675900,230.15,231.15,230,230.5,1776488
2023-12-04 14:15:00,1701679500,230.5,230.7,229.5,230.25,2016662
2023-12-04 15:15:00,1701683100,230.15,230.25,229.9,229.9,954512
2023-12-05 09:15:00,1701747900,231,231.65,229.5,230,3043068
2023-12-05 10:15:00,1701751500,230,231.55,229.85,231.3,2505080
2023-12-05 11:15:00,1701755100,231.3,233,230.05,232.25,4949902
2023-12-05 12:15:00,1701758700,232.25,244.85,232.05,241,26448765
2023-12-05 13:15:00,1701762300,240.85,246,240.75,242.65,14654825
2023-12-05 14:15:00,1701765900,242.65,244.3,241.35,242.05,6242774
2023-12-05 15:15:00,1701769500,242.05,243,242,242.2,2899668
2023-12-06 09:15:00,1701834300,244.9,247.8,243.3,245.55,13654616
2023-12-06 10:15:00,1701837900,245.55,247.15,244.55,246.3,4354000
2023-12-06 11:15:00,1701841500,246.4,251.6,245.4,250.75,10856031
2023-12-06 12:15:00,1701845100,250.7,250.8,245.65,245.7,6574868
2023-12-06 13:15:00,1701848700,245.7,246.9,243.05,246.65,4562529
2023-12-06 14:15:00,1701852300,246.6,248.7,246.1,247.05,3563691
2023-12-06 15:15:00,1701855900,247.15,247.2,246.5,246.75,1672716
2023-12-07 09:15:00,1701920700,249,250.65,247.35,247.8,7186962
2023-12-07 10:15:00,1701924300,247.85,248.4,245.1,248.15,4445810
2023-12-07 11:15:00,1701927900,248.15,249.4,247,249.4,2211189
2023-12-07 12:15:00,1701931500,249.4,250,249.05,249.8,2194818
2023-12-07 13:15:00,1701935100,249.8,250.5,249.55,249.9,2549797
2023-12-07 14:15:00,1701938700,249.9,250.2,248.45,249.5,2955580
2023-12-07 15:15:00,1701942300,249.5,249.5,248.65,248.95,1406212
2023-12-08 09:15:00,1702007100,249,250.5,246,247.55,4298508
2023-12-08 10:15:00,1702010700,247.65,248.65,246.1,246.3,2205120
2023-12-08 11:15:00,1702014300,246.3,247.25,246,246.1,1567083
2023-12-08 12:15:00,1702017900,246.1,246.1,241.7,242.25,3588217
2023-12-08 13:15:00,1702021500,242.25,242.9,240.05,242.45,3658291
2023-12-08 14:15:00,1702025100,242.5,244.9,242.35,244.15,2417381
2023-12-08 15:15:00,1702028700,244.1,244.6,243.55,244.25,1303801
2023-12-11 09:15:00,1702266300,244.85,246.95,243.05,245.65,2622439
2023-12-11 10:15:00,1702269900,245.55,245.95,244.7,245.85,1142025
2023-12-11 11:15:00,1702273500,245.9,246.7,245.5,246.1,992117
2023-12-11 12:15:00,1702277100,246.1,246.1,244.95,244.95,765101
2023-12-11 13:15:00,1702280700,244.95,245.5,244.6,244.95,866883
2023-12-11 14:15:00,1702284300,244.9,246.1,244.45,245.6,1444779
2023-12-11 15:15:00,1702287900,245.6,246,245,245.65,1018453
2023-12-12 09:15:00,1702352700,246.05,247.3,244.6,244.85,2515556
2023-12-12 10:15:00,1702356300,244.85,244.85,243.1,244,1578774
2023-12-12 11:15:00,1702359900,244,244.15,243.55,243.95,737392
2023-12-12 12:15:00,1702363500,243.95,244.25,242.05,242.05,1356313
2023-12-12 13:15:00,1702367100,242.1,242.8,240.65,240.8,1821540
2023-12-12 14:15:00,1702370700,240.85,241,238.3,240.75,3736222
2023-12-12 15:15:00,1702374300,240.7,241.35,240.05,241,992492
2023-12-13 09:15:00,1702439100,242,242.4,239.35,239.95,2791024
2023-12-13 10:15:00,1702442700,239.95,240,237.4,238.55,2102417
2023-12-13 11:15:00,1702446300,238.45,238.75,236.05,236.45,1764746
2023-12-13 12:15:00,1702449900,236.45,237.5,235.35,237.35,1973073
2023-12-13 13:15:00,1702453500,237.4,238.25,236.55,237.9,1399414
2023-12-13 14:15:00,1702457100,237.9,240.8,237.8,239.75,2697838
2023-12-13 15:15:00,1702460700,239.8,240,239,239.75,1017320
2023-12-14 09:15:00,1702525500,242.9,243.7,241.6,242.1,3707374
2023-12-14 10:15:00,1702529100,242.1,242.5,240.85,241.5,1506209
2023-12-14 11:15:00,1702532700,241.5,241.85,238.75,239.85,2532491
2023-12-14 12:15:00,1702536300,239.85,240.65,239.75,239.75,1556361
2023-12-14 13:15:00,1702539900,239.75,241.35,239.7,240.1,1501043
2023-12-14 14:15:00,1702543500,240.1,240.3,238.15,238.45,2315182
2023-12-14 15:15:00,1702547100,238.4,239,238.25,238.95,1226590
2023-12-15 09:15:00,1702611900,240,240.7,238.4,240.05,3446949
2023-12-15 10:15:00,1702615500,240,240.15,238,238,1684318
2023-12-15 11:15:00,1702619100,238.1,238.4,237.35,237.95,1425940
2023-12-15 12:15:00,1702622700,237.95,242.6,237.7,241.9,3051212
2023-12-15 13:15:00,1702626300,241.9,242.2,240.3,240.35,2695610
2023-12-15 14:15:00,1702629900,240.45,240.5,237.3,237.9,7378292
2023-12-15 15:15:00,1702633500,237.95,237.95,236.6,237.3,6512314
2023-12-18 09:15:00,1702871100,241,241.6,237.65,241.15,5738693
2023-12-18 10:15:00,1702874700,241.15,242.2,240.35,241.7,2807109
2023-12-18 11:15:00,1702878300,241.75,241.8,240.35,241.15,1823063
2023-12-18 12:15:00,1702881900,241.15,241.6,240,240.05,1762373
2023-12-18 13:15:00,1702885500,240.05,240.5,239.45,240.1,1287311
2023-12-18 14:15:00,1702889100,240.1,240.7,239.2,239.55,1702572
2023-12-18 15:15:00,1702892700,239.55,241.2,239.1,240.25,1829518
2023-12-19 09:15:00,1702957500,240.3,240.8,238.5,238.9,4211356
2023-12-19 10:15:00,1702961100,238.95,239.95,238.8,239.2,1447791
2023-12-19 11:15:00,1702964700,239.2,240.55,239.1,239.35,2004927
2023-12-19 12:15:00,1702968300,239.35,240,239.2,239.75,1192851
2023-12-19 13:15:00,1702971900,239.75,240,239.2,239.2,1002172
2023-12-19 14:15:00,1702975500,239.25,239.3,237.9,238.75,2344812
2023-12-19 15:15:00,1702979100,238.75,238.75,238,238.5,829667
2023-12-20 09:15:00,1703043900,238.9,240.55,238.7,239.65,2547352
2023-12-20 10:15:00,1703047500,239.6,247.25,239.5,246.95,11042192
2023-12-20 11:15:00,1703051100,247,248.2,244.9,245.85,7534444
2023-12-20 12:15:00,1703054700,245.85,246,243.3,243.35,3264806
2023-12-20 13:15:00,1703058300,243.4,243.95,234.35,234.55,9503446
2023-12-20 14:15:00,1703061900,234.55,237,231.8,232.3,8006196
2023-12-20 15:15:00,1703065500,232.25,232.3,230.1,231.5,2694179
2023-12-21 09:15:00,1703130300,230.85,237.65,229,236.9,7675408
2023-12-21 10:15:00,1703133900,236.85,237.4,235.3,236.5,1835207
2023-12-21 11:15:00,1703137500,236.55,237.15,236.05,236.95,833143
2023-12-21 12:15:00,1703141100,237,237.45,235.8,236.35,1202683
2023-12-21 13:15:00,1703144700,236.35,236.7,234.55,235.55,1592797
2023-12-21 14:15:00,1703148300,235.6,238.25,235.55,238,2484638
2023-12-21 15:15:00,1703151900,237.9,238.7,237.15,237.9,1363018
2023-12-22 09:15:00,1703216700,238.75,239.4,237.5,238.2,2932276
2023-12-22 10:15:00,1703220300,238.2,239.5,238,238.9,1319420
2023-12-22 11:15:00,1703223900,238.9,238.9,237.3,237.8,1313672
2023-12-22 12:15:00,1703227500,237.8,237.95,235.55,236.5,1672172
2023-12-22 13:15:00,1703231100,236.4,236.9,234.6,236.65,1656032
2023-12-22 14:15:00,1703234700,236.65,237,236.05,236.85,1231676
2023-12-22 15:15:00,1703238300,236.8,236.9,236.45,236.85,727378
2023-12-26 09:15:00,1703562300,237.25,238,235.65,235.75,2322972
2023-12-26 10:15:00,1703565900,235.7,235.85,235,235.25,1897882
2023-12-26 11:15:00,1703569500,235.2,235.35,234.5,234.5,1491476
2023-12-26 12:15:00,1703573100,234.5,234.7,234,234.1,2039873
2023-12-26 13:15:00,1703576700,234.1,234.55,233.7,234.2,1590021
2023-12-26 14:15:00,1703580300,234.2,235.25,233.9,234.75,1804891
2023-12-26 15:15:00,1703583900,234.75,234.85,234.2,234.65,699610
2023-12-27 09:15:00,1703648700,236,237.15,234.75,235.25,2923509
2023-12-27 10:15:00,1703652300,235.25,236.4,235,236.25,1875475
2023-12-27 11:15:00,1703655900,236.3,237.25,235.05,235.3,1898009
2023-12-27 12:15:00,1703659500,235.2,235.3,233.55,233.6,1778262
2023-12-27 13:15:00,1703663100,233.55,234.05,233,233.45,1367229
2023-12-27 14:15:00,1703666700,233.4,234.55,233.3,234.05,1710582
2023-12-27 15:15:00,1703670300,234.05,234.15,233.8,233.9,860790
2023-12-28 09:15:00,1703735100,235,236.3,234.05,234.2,2109918
2023-12-28 10:15:00,1703738700,234.1,234.6,234,234.1,1143311
2023-12-28 11:15:00,1703742300,234.05,235,234,234.05,1229252
2023-12-28 12:15:00,1703745900,234.05,234.4,233.5,233.5,1385999
2023-12-28 13:15:00,1703749500,233.5,233.6,232.55,232.7,1849560
2023-12-28 14:15:00,1703753100,232.8,233.55,232.6,233.35,1909314
2023-12-28 15:15:00,1703756700,233.25,233.65,233.15,233.65,896633
2023-12-29 09:15:00,1703821500,233.9,234.9,233.05,233.65,2385339
2023-12-29 10:15:00,1703825100,233.65,235.2,233.35,233.5,1666928
2023-12-29 11:15:00,1703828700,233.5,234.3,233.4,233.6,961586
2023-12-29 12:15:00,1703832300,233.6,233.8,233,233.15,1074446
2023-12-29 13:15:00,1703835900,233.15,233.3,232.5,232.9,1474336
2023-12-29 14:15:00,1703839500,232.9,233.2,232.25,232.9,2613019
2023-12-29 15:15:00,1703843100,232.9,233,232.85,232.95,1422041
2024-01-01 09:15:00,1704080700,233.35,235.55,233.3,235.15,2107755
2024-01-01 10:15:00,1704084300,235.15,236.4,234.8,236.25,1156266
2024-01-01 11:15:00,1704087900,236.25,236.3,235.4,235.9,618352
2024-01-01 12:15:00,1704091500,235.9,235.9,235.05,235.3,525329
2024-01-01 13:15:00,1704095100,235.3,235.85,235.15,235.4,1191766
2024-01-01 14:15:00,1704098700,235.3,235.6,234.7,234.7,1448729
2024-01-01 15:15:00,1704102300,234.8,234.85,233.8,234.55,846212
2024-01-02 09:15:00,1704167100,235,236,233.5,233.85,2067891
2024-01-02 10:15:00,1704170700,233.75,233.9,232,232.45,2187770
2024-01-02 11:15:00,1704174300,232.4,233.8,232.4,233.8,662829
2024-01-02 12:15:00,1704177900,233.75,234.5,233.65,233.85,740963
2024-01-02 13:15:00,1704181500,233.8,234.45,233.45,234.2,917437
2024-01-02 14:15:00,1704185100,234.05,235.8,234,235.35,1644469
2024-01-02 15:15:00,1704188700,235.45,235.7,235.2,235.4,972678
2024-01-03 09:15:00,1704253500,235.4,235.4,233.55,234.15,2564772
2024-01-03 10:15:00,1704257100,234.25,234.5,233.75,234.25,1142994
2024-01-03 11:15:00,1704260700,234.3,235.3,234.05,234.3,1458618
2024-01-03 12:15:00,1704264300,234.25,234.7,233.95,234.5,802555
2024-01-03 13:15:00,1704267900,234.5,234.7,234.25,234.55,686881
2024-01-03 14:15:00,1704271500,234.45,234.6,233.8,234.05,1322440
2024-01-03 15:15:00,1704275100,234,236,233.85,234.75,1874000
2024-01-04 09:15:00,1704339900,238.85,238.95,236.85,236.95,6160782
2024-01-04 10:15:00,1704343500,236.8,237.5,236.8,237.45,1602027
2024-01-04 11:15:00,1704347100,237.45,241.5,237.2,240.4,9513938
2024-01-04 12:15:00,1704350700,240.45,241.2,239.7,240.95,2953530
2024-01-04 13:15:00,1704354300,240.95,243.25,240.65,241.4,7192900
2024-01-04 14:15:00,1704357900,241.35,241.75,240.55,241.2,3396598
2024-01-04 15:15:00,1704361500,241.25,241.8,241.1,241.7,1940569
2024-01-05 09:15:00,1704426300,244.5,248.2,244.2,245.2,14024124
2024-01-05 10:15:00,1704429900,245.2,246,242.5,243.9,5144704
2024-01-05 11:15:00,1704433500,243.9,244,243,243.9,1768723
2024-01-05 12:15:00,1704437100,243.85,244.5,243.5,244.05,1527291
2024-01-05 13:15:00,1704440700,244.05,244.3,242.35,242.5,1877553
2024-01-05 14:15:00,1704444300,242.5,244.25,241.5,244,3789585
2024-01-05 15:15:00,1704447900,243.95,244.1,243.2,243.65,1531372
2024-01-08 09:15:00,1704685500,246.85,246.9,241.3,243.35,6369380
2024-01-08 10:15:00,1704689100,243.25,243.25,241.35,242,2102855
2024-01-08 11:15:00,1704692700,242,242,240.3,241.4,2490824
2024-01-08 12:15:00,1704696300,241.45,242.85,241.05,242.55,1347171
2024-01-08 13:15:00,1704699900,242.55,244,242.25,242.9,5494009
2024-01-08 14:15:00,1704703500,242.95,243.4,241.35,242.2,2215749
2024-01-08 15:15:00,1704707100,242.2,242.7,242,242.5,1055569
2024-01-09 09:15:00,1704771900,243.9,244.65,242.5,243,3059133
2024-01-09 10:15:00,1704775500,243,243.45,242.5,242.9,1713507
2024-01-09 11:15:00,1704779100,242.9,243.25,242.5,242.65,1165167
2024-01-09 12:15:00,1704782700,242.65,243,242.6,242.9,676955
2024-01-09 13:15:00,1704786300,242.95,243,242.3,242.4,988265
2024-01-09 14:15:00,1704789900,242.4,242.9,241.5,242.35,2012643
2024-01-09 15:15:00,1704793500,242.4,242.4,241.6,242,1049325
2024-01-10 09:15:00,1704858300,242,242.3,239.5,240.15,2786587
2024-01-10 10:15:00,1704861900,240.15,240.8,239.85,240.1,1349703
2024-01-10 11:15:00,1704865500,240.05,241,239.85,239.95,952462
2024-01-10 12:15:00,1704869100,240,240.25,239.75,240.1,580220
2024-01-10 13:15:00,1704872700,240.1,240.3,239.3,239.95,1211994
2024-01-10 14:15:00,1704876300,239.95,240.85,239.8,240.65,2624561
2024-01-10 15:15:00,1704879900,240.5,242.2,240.3,242.2,2283678
2024-01-11 09:15:00,1704944700,243,244,240.65,241.9,3540248
2024-01-11 10:15:00,1704948300,241.9,243.55,241.55,243.05,3310378
2024-01-11 11:15:00,1704951900,243.05,243.2,241.7,241.95,1054795
2024-01-11 12:15:00,1704955500,241.9,242.75,241.55,242.25,867278
2024-01-11 13:15:00,1704959100,242.3,246.3,242.25,243.95,6553357
2024-01-11 14:15:00,1704962700,243.95,253.4,243.65,252.9,22384969
2024-01-11 15:15:00,1704966300,252.95,253.35,251.7,253.35,8057665
2024-01-12 09:15:00,1705031100,255,258.3,253.7,255.6,19109325
2024-01-12 10:15:00,1705034700,255.55,257.75,255.05,257.35,5551609
2024-01-12 11:15:00,1705038300,257.2,259.35,256.35,257.15,9022510
2024-01-12 12:15:00,1705041900,257.15,257.9,255.55,256.4,3046071
2024-01-12 13:15:00,1705045500,256.4,256.9,255.1,255.25,2390130
2024-01-12 14:15:00,1705049100,255.15,256.9,254.9,254.95,4790850
2024-01-12 15:15:00,1705052700,254.95,255.3,254.55,254.9,2668796
2024-01-15 09:15:00,1705290300,258,262.8,257.05,259.7,15731002
2024-01-15 10:15:00,1705293900,259.7,260.95,258.65,259.65,3832201
2024-01-15 11:15:00,1705297500,259.6,266,259.5,265.5,13356004
2024-01-15 12:15:00,1705301100,265.15,269,262.7,268.5,12464292
2024-01-15 13:15:00,1705304700,268.5,269.35,264.35,269.35,9172392
2024-01-15 14:15:00,1705308300,269.25,269.7,265.1,266.4,10917090
2024-01-15 15:15:00,1705311900,266.4,267.6,266.2,267.35,3115550
2024-01-16 09:15:00,1705376700,254.1,258,251.6,254.8,28058271
2024-01-16 10:15:00,1705380300,254.8,254.9,252.3,254,8688905
2024-01-16 11:15:00,1705383900,254,254.2,252,252.35,5423145
2024-01-16 12:15:00,1705387500,252.35,252.5,247,247.35,13318288
2024-01-16 13:15:00,1705391100,247.45,249.45,246.5,249.15,6607056
2024-01-16 14:15:00,1705394700,249.2,249.9,248.6,248.95,5742600
2024-01-16 15:15:00,1705398300,248.95,249.45,248.25,249.45,2588581
2024-01-17 09:15:00,1705463100,247,247,243.25,246.6,9585893
2024-01-17 10:15:00,1705466700,246.65,246.7,243.7,245.3,4910175
2024-01-17 11:15:00,1705470300,245.4,245.45,243.5,243.9,3029562
2024-01-17 12:15:00,1705473900,243.8,244.5,243.5,243.9,2573535
2024-01-17 13:15:00,1705477500,243.9,244,243.45,244,2278751
2024-01-17 14:15:00,1705481100,244,244.05,242.4,242.8,3924262
2024-01-17 15:15:00,1705484700,242.8,242.8,242.15,242.75,1987588
2024-01-18 09:15:00,1705549500,243.45,247.9,239.05,242.85,10646010
2024-01-18 10:15:00,1705553100,242.8,246.35,242.2,245.5,4283695
2024-01-18 11:15:00,1705556700,245.5,245.5,243.65,245.2,1915917
2024-01-18 12:15:00,1705560300,245.1,245.25,242.35,242.75,1814104
2024-01-18 13:15:00,1705563900,242.75,243.6,242.5,243.2,2040628
2024-01-18 14:15:00,1705567500,243.2,243.8,242.5,243.1,2709276
2024-01-18 15:15:00,1705571100,243.15,244,242.9,243.5,1364959
2024-01-19 09:15:00,1705635900,245.85,249.15,245.4,248,4648254
2024-01-19 10:15:00,1705639500,248,248.55,247.6,247.6,3106383
2024-01-19 11:15:00,1705643100,247.6,248,247.2,247.5,1364466
2024-01-19 12:15:00,1705646700,247.5,248.5,247.2,247.75,1635245
2024-01-19 13:15:00,1705650300,247.75,247.8,246.15,247,1695621
2024-01-19 14:15:00,1705653900,247.15,248.15,245.85,246.1,2710747
2024-01-19 15:15:00,1705657500,246.1,246.5,245.6,246.4,1378456
2024-01-20 09:15:00,1705722300,248.9,249.5,244.55,247.6,3376810
2024-01-20 10:15:00,1705725900,247.65,248,244.6,245.85,2733829
2024-01-20 11:15:00,1705729500,245.85,246.9,245.75,246.8,1057485
2024-01-20 12:15:00,1705733100,246.8,247.65,246.3,246.9,894056
2024-01-20 13:15:00,1705736700,246.9,247.3,245.75,246.65,1200164
2024-01-20 14:15:00,1705740300,246.65,247.1,245.6,246.65,1696167
2024-01-20 15:15:00,1705743900,246.65,246.9,246.1,246.3,672791
2024-01-23 09:15:00,1705981500,247.85,248.05,242.5,243.65,3920123
2024-01-23 10:15:00,1705985100,243.65,244,241.8,243.1,1964973
2024-01-23 11:15:00,1705988700,243.1,243.6,241.55,241.8,1386099
2024-01-23 12:15:00,1705992300,241.7,242.95,241.5,241.85,1246094
2024-01-23 13:15:00,1705995900,241.85,242.5,241.2,241.8,1093328
2024-01-23 14:15:00,1705999500,241.8,241.8,240,240.45,2491387
2024-01-23 15:15:00,1706003100,240.45,240.55,240.05,240.5,1052419
2024-01-24 09:15:00,1706067900,240,240.8,237.1,238.9,5308454
2024-01-24 10:15:00,1706071500,238.95,240.8,238.95,239.1,1471592
2024-01-24 11:15:00,1706075100,239.1,240,237.8,238.4,1733829
2024-01-24 12:15:00,1706078700,238.4,239.05,238.05,238.9,800721
2024-01-24 13:15:00,1706082300,238.85,239.15,238.55,238.8,932817
2024-01-24 14:15:00,1706085900,238.8,239.2,238.5,238.95,2447998
2024-01-24 15:15:00,1706089500,238.95,241.55,238.85,241,2569266
2024-01-25 09:15:00,1706154300,240.4,242.65,240,241.95,3485771
2024-01-25 10:15:00,1706157900,241.95,241.95,239.55,240,2005186
2024-01-25 11:15:00,1706161500,239.95,240.1,239.2,239.4,1235710
2024-01-25 12:15:00,1706165100,239.35,239.75,238.9,239.45,1017681
2024-01-25 13:15:00,1706168700,239.45,239.85,239.05,239.55,1278480
2024-01-25 14:15:00,1706172300,239.55,240.15,239.3,239.85,2269155
2024-01-25 15:15:00,1706175900,239.9,240.1,239.55,240,1049082
2024-01-29 09:15:00,1706499900,242,246.8,240,244.7,6323011
2024-01-29 10:15:00,1706503500,244.7,245.25,244.1,244.85,2203408
2024-01-29 11:15:00,1706507100,244.85,246,243.05,243.35,2139775
2024-01-29 12:15:00,1706510700,243.35,254.4,243.1,254.2,14121233
2024-01-29 13:15:00,1706514300,254,254,250.05,251.8,8639961
2024-01-29 14:15:00,1706517900,251.8,252.7,250.6,251.2,5754688
2024-01-29 15:15:00,1706521500,251.1,251.45,250.35,251.25,1902559
2024-01-30 09:15:00,1706586300,253.15,253.95,250.05,252.95,5065907
2024-01-30 10:15:00,1706589900,252.95,253.25,249.6,250.8,2433695
2024-01-30 11:15:00,1706593500,250.85,252.3,250.3,251.45,1389596
2024-01-30 12:15:00,1706597100,251.45,251.65,250.75,251.05,952376
2024-01-30 13:15:00,1706600700,251,251.55,249.7,250,1215134
2024-01-30 14:15:00,1706604300,250,250.05,247.25,247.5,2969408
2024-01-30 15:15:00,1706607900,247.55,247.9,247.1,247.5,1240922
2024-01-31 09:15:00,1706672700,247.65,250.6,246.3,248.3,3864017
2024-01-31 10:15:00,1706676300,248.45,248.75,247.35,247.7,1814171
2024-01-31 11:15:00,1706679900,247.65,249,246.95,247.9,1811487
2024-01-31 12:15:00,1706683500,248,248.6,247.25,248.4,1160442
2024-01-31 13:15:00,1706687100,248.35,248.5,247.35,247.6,1200684
2024-01-31 14:15:00,1706690700,247.7,248.65,246.1,248.25,3779406
2024-01-31 15:15:00,1706694300,248.25,249,248.05,248.5,1534886
2024-02-01 09:15:00,1706759100,251,254.7,251,252.3,8234662
2024-02-01 10:15:00,1706762700,252.3,254.35,251.7,251.75,4276624
2024-02-01 11:15:00,1706766300,251.85,251.85,249.4,250.9,2862964
2024-02-01 12:15:00,1706769900,250.9,252.35,249.2,251.2,1901848
2024-02-01 13:15:00,1706773500,251.2,253.7,250.55,252.45,2174934
2024-02-01 14:15:00,1706777100,252.5,254,252,252.4,3713045
2024-02-01 15:15:00,1706780700,252.25,252.6,251.9,252.1,1115527
2024-02-02 09:15:00,1706845500,252.5,254.7,250.6,251.25,6374391
2024-02-02 10:15:00,1706849100,251.3,253,251.05,252.95,2413868
2024-02-02 11:15:00,1706852700,252.9,253.5,252.2,253.15,4734688
2024-02-02 12:15:00,1706856300,253.2,254.05,252.1,252.15,3842792
2024-02-02 13:15:00,1706859900,252.15,256.55,252,256.3,4418147
2024-02-02 14:15:00,1706863500,256.5,257.3,252.7,253.05,6469280
2024-02-02 15:15:00,1706867100,253,254.7,253,253.85,1926758
2024-02-05 09:15:00,1707104700,256.35,258.6,255.7,257.05,8128557
2024-02-05 10:15:00,1707108300,257.15,263.3,256.5,262.85,11656242
2024-02-05 11:15:00,1707111900,262.95,275.5,261.5,274.55,36338700
2024-02-05 12:15:00,1707115500,274.55,292.45,273.85,292.15,73739406
2024-02-05 13:15:00,1707119100,292.15,295.7,287.55,290.95,34391976
2024-02-05 14:15:00,1707122700,290.9,294.3,282,285.3,33505321
2024-02-05 15:15:00,1707126300,285.3,293.2,284.75,292.7,13200196
2024-02-06 09:15:00,1707191100,285.7,285.7,266.05,276.15,37775750
2024-02-06 10:15:00,1707194700,276.15,283,273.55,281.6,13534506
2024-02-06 11:15:00,1707198300,281.65,281.65,277.55,278.3,5410078
2024-02-06 12:15:00,1707201900,278.25,279.65,276.3,278.75,4095697
2024-02-06 13:15:00,1707205500,278.75,278.8,273.25,273.65,6200589
2024-02-06 14:15:00,1707209100,273.7,274.65,270.5,271.9,11381551
2024-02-06 15:15:00,1707212700,271.8,272.2,269.05,270.2,8142689
2024-02-07 09:15:00,1707277500,273.45,274,268.3,271.95,11226600
2024-02-07 10:15:00,1707281100,272,275.7,271.5,271.95,5725043
2024-02-07 11:15:00,1707284700,272,272.15,268.85,270.05,3602582
2024-02-07 12:15:00,1707288300,270.1,271,268.55,270.1,2967355
2024-02-07 13:15:00,1707291900,270.1,271.25,269.6,270.6,1861118
2024-02-07 14:15:00,1707295500,270.6,271.35,267.65,267.9,3590670
2024-02-07 15:15:00,1707299100,267.8,269.2,267.4,268.9,1936397
2024-02-08 09:15:00,1707363900,270,270.4,265.45,266.45,6711341
2024-02-08 10:15:00,1707367500,266.45,267.1,261.95,263.7,4418068
2024-02-08 11:15:00,1707371100,263.7,265,263.3,264.75,2329019
2024-02-08 12:15:00,1707374700,264.7,265,263.3,263.95,1721477
2024-02-08 13:15:00,1707378300,263.95,264.3,263,263.4,1641210
2024-02-08 14:15:00,1707381900,263.35,263.95,262.25,263.05,3219049
2024-02-08 15:15:00,1707385500,263.05,263.7,262,263.7,1903439
2024-02-09 09:15:00,1707450300,264.4,269.65,262.5,264.5,14720281
2024-02-09 10:15:00,1707453900,264.5,264.5,259.25,260.8,5965478
2024-02-09 11:15:00,1707457500,260.8,263.9,258.4,263.15,4284174
2024-02-09 12:15:00,1707461100,263.05,268,262.65,266.7,6782182
2024-02-09 13:15:00,1707464700,266.7,266.95,263.65,265.65,2787291
2024-02-09 14:15:00,1707468300,265.65,275.35,265.1,275.15,10047995
2024-02-09 15:15:00,1707471900,275.15,276.3,273.2,274.3,6487517
2024-02-12 09:15:00,1707709500,276.1,281.1,272.3,274.1,18461378
2024-02-12 10:15:00,1707713100,274,274.8,270.55,272.2,6227081
2024-02-12 11:15:00,1707716700,272.2,274.05,267.7,269.4,4700614
2024-02-12 12:15:00,1707720300,269.4,272.4,269.15,271.6,2878495
2024-02-12 13:15:00,1707723900,271.6,277.1,270.75,276.3,6145056
2024-02-12 14:15:00,1707727500,276.35,276.55,269.35,269.8,4906117
2024-02-12 15:15:00,1707731100,269.8,274.15,268.5,272.9,3601885
2024-02-13 09:15:00,1707795900,270.45,270.8,263.7,265.8,10780827
2024-02-13 10:15:00,1707799500,265.95,269,264.25,268.85,4738829
2024-02-13 11:15:00,1707803100,268.85,268.95,265.65,265.65,2876328
2024-02-13 12:15:00,1707806700,265.7,267.35,264.75,266.65,2210475
2024-02-13 13:15:00,1707810300,266.8,268.7,266.3,267.35,1577316
2024-02-13 14:15:00,1707813900,267.4,274.25,266.65,274.15,5031004
2024-02-13 15:15:00,1707817500,274.15,275.4,272.05,272.75,3961354
2024-02-14 09:15:00,1707882300,269.9,275,268.55,271.55,7900356
2024-02-14 10:15:00,1707885900,271.55,273.5,270.1,271.6,2772403
2024-02-14 11:15:00,1707889500,271.7,272.6,271.35,272.1,1341151
2024-02-14 12:15:00,1707893100,272.1,273,271.85,272.55,1456587
2024-02-14 13:15:00,1707896700,272.5,273.4,271.55,273.15,1677999
2024-02-14 14:15:00,1707900300,273.1,274.45,272.3,272.7,4594278
2024-02-14 15:15:00,1707903900,272.55,273.4,272,272.3,1601877
2024-02-15 09:15:00,1707968700,275,276.6,273,276.15,4783131
2024-02-15 10:15:00,1707972300,276.2,279,275.2,275.5,7019065
2024-02-15 11:15:00,1707975900,275.55,276,274.55,274.95,1975798
2024-02-15 12:15:00,1707979500,274.95,275.3,274.6,275.1,1154732
2024-02-15 13:15:00,1707983100,275.1,275.45,274.55,274.8,994748
2024-02-15 14:15:00,1707986700,274.8,275,273.5,274.05,2324694
2024-02-15 15:15:00,1707990300,274.1,274.3,273.3,274.1,1201660
2024-02-16 09:15:00,1708055100,275.3,276.75,272.75,274.3,4375919
2024-02-16 10:15:00,1708058700,274.3,274.6,271.25,272.3,2244798
2024-02-16 11:15:00,1708062300,272.35,272.7,271,271.5,1564515
2024-02-16 12:15:00,1708065900,271.6,272.5,271,271.85,1537346
2024-02-16 13:15:00,1708069500,271.85,272.3,271.65,271.9,1118677
2024-02-16 14:15:00,1708073100,271.8,272.7,271.5,272,2067039
2024-02-16 15:15:00,1708076700,272.2,272.35,271.15,271.4,1398703
2024-02-19 09:15:00,1708314300,273.25,277.1,271.9,275.1,10223113
2024-02-19 10:15:00,1708317900,275.15,275.45,274.4,274.95,1319323
2024-02-19 11:15:00,1708321500,274.95,275.2,274.05,274.7,1010071
2024-02-19 12:15:00,1708325100,274.7,275,274.05,274.65,778961
2024-02-19 13:15:00,1708328700,274.75,274.95,273.45,273.85,888685
2024-02-19 14:15:00,1708332300,273.85,274.3,272.8,273.6,2622427
2024-02-19 15:15:00,1708335900,273.6,274.7,273.5,274.05,1526704
2024-02-20 09:15:00,1708400700,274.2,280,273.6,279.8,10947350
2024-02-20 10:15:00,1708404300,279.7,287.5,278.55,286.6,16308198
2024-02-20 11:15:00,1708407900,286.7,289.3,283.4,283.75,14155086
2024-02-20 12:15:00,1708411500,283.75,285,281.6,282.5,3954757
2024-02-20 13:15:00,1708415100,282.4,282.8,280.1,280.75,3436417
2024-02-20 14:15:00,1708418700,280.9,283.4,280.3,281.25,4079460
2024-02-20 15:15:00,1708422300,281.3,282.7,281,281.8,2769840
2024-02-21 09:15:00,1708487100,284,288.95,283.2,286.2,11820951
2024-02-21 10:15:00,1708490700,286.25,290.75,284.6,290.4,8207147
2024-02-21 11:15:00,1708494300,290.3,293.4,288.4,292.55,15273207
2024-02-21 12:15:00,1708497900,292.55,294.5,290.9,291.3,9387230
2024-02-21 13:15:00,1708501500,291.3,292.9,288,288.25,7384475
2024-02-21 14:15:00,1708505100,288.25,291.3,287.3,291.1,8078663
2024-02-21 15:15:00,1708508700,291.15,291.2,289.1,289.65,3947411
2024-02-22 09:15:00,1708573500,291.7,301.9,291.1,297.85,34473894
2024-02-22 10:15:00,1708577100,297.75,298.95,297.3,297.75,5844191
2024-02-22 11:15:00,1708580700,297.65,299.35,297.25,298.75,4641659
2024-02-22 12:15:00,1708584300,298.8,299,297.9,298.15,2660585
2024-02-22 13:15:00,1708587900,298.2,301.7,298.1,298.55,8450510
2024-02-22 14:15:00,1708591500,298.6,303.9,298.1,303.7,11357223
2024-02-22 15:15:00,1708595100,303.5,305.3,302.05,303.85,8219012
2024-02-23 09:15:00,1708659900,305.8,347,305.35,333.6,117279492
2024-02-23 10:15:00,1708663500,333.25,334.7,324.2,328.65,44908603
2024-02-23 11:15:00,1708667100,328.65,334.65,328,331.95,21969304
2024-02-23 12:15:00,1708670700,331.85,337.4,330.3,335.95,19683206
2024-02-23 13:15:00,1708674300,335.95,341.6,333.5,339.5,28465694
2024-02-23 14:15:00,1708677900,339.55,340.8,330.3,334.65,28576440
2024-02-23 15:15:00,1708681500,334.95,335.95,333.4,335.2,9122584
2024-02-26 09:15:00,1708919100,340.45,348,331.8,333.4,51020486
2024-02-26 10:15:00,1708922700,333.3,333.85,328.65,329.9,11062416
2024-02-26 11:15:00,1708926300,329.7,334.45,327.1,333.75,11347326
2024-02-26 12:15:00,1708929900,333.7,337.4,333.5,334.9,12089768
2024-02-26 13:15:00,1708933500,334.8,335.95,332.05,333.6,5763373
2024-02-26 14:15:00,1708937100,333.6,334,328.2,328.2,9530678
2024-02-26 15:15:00,1708940700,328.15,328.35,325.75,328,6485972
2024-02-27 09:15:00,1709005500,329.3,338.7,328,330.6,20202508
2024-02-27 10:15:00,1709009100,330.8,332.2,329.6,330.85,5005748
2024-02-27 11:15:00,1709012700,331,331.2,329.5,330.45,2876946
2024-02-27 12:15:00,1709016300,330.45,330.75,328.5,329.4,2400674
2024-02-27 13:15:00,1709019900,329.4,330,317.8,322.55,9999915
2024-02-27 14:15:00,1709023500,322.6,322.6,316.55,318.9,12059717
2024-02-27 15:15:00,1709027100,318.95,319.85,317.2,319.1,4419742
2024-02-28 09:15:00,1709091900,320,322.45,313.5,313.9,15151497
2024-02-28 10:15:00,1709095500,313.9,314.8,310.05,312.25,8494145
2024-02-28 11:15:00,1709099100,312.15,312.4,309.1,310.35,5765866
2024-02-28 12:15:00,1709102700,310.5,311.45,307.2,307.55,3916849
2024-02-28 13:15:00,1709106300,307.65,310.7,307.5,308.4,5646750
2024-02-28 14:15:00,1709109900,308.4,308.75,306.05,308,6215446
2024-02-28 15:15:00,1709113500,308.05,309.75,307.1,309.4,2917045
2024-02-29 09:15:00,1709178300,312,322,312,316,23959076
2024-02-29 10:15:00,1709181900,316,320.65,315.55,317,6923617
2024-02-29 11:15:00,1709185500,317.1,318.4,313.8,314.95,5295243
2024-02-29 12:15:00,1709189100,314.8,316.4,312.55,314.85,3438592
2024-02-29 13:15:00,1709192700,315,315.9,313.75,314.9,2733047
2024-02-29 14:15:00,1709196300,314.9,315.9,308,310.45,21543781
2024-02-29 15:15:00,1709199900,310.3,311.15,309.3,310.55,17155317
2024-03-01 09:15:00,1709264700,313.5,316.45,311.55,314.9,10698288
2024-03-01 10:15:00,1709268300,314.8,315.2,313.05,314.25,2082059
2024-03-01 11:15:00,1709271900,314.35,321.6,314.25,317.9,13076508
2024-03-01 12:15:00,1709275500,317.9,319.4,316.65,317.1,3365112
2024-03-01 13:15:00,1709279100,317.1,318.85,316.1,317.4,2303742
2024-03-01 14:15:00,1709282700,317.35,318.8,317.2,318.4,3500512
2024-03-01 15:15:00,1709286300,318.4,318.5,317.2,317.95,2562361
2024-03-02 09:15:00,1709351100,319,329.65,318,328.05,10600724
2024-03-02 11:15:00,1709358300,328.75,329.6,325.55,328.35,4368467
2024-03-02 12:15:00,1709361900,328.4,329,327.65,328.95,2163906
2024-03-04 09:15:00,1709523900,329.95,331.5,320.6,322.65,11644465
2024-03-04 10:15:00,1709527500,322.75,324.8,321.7,322.65,3261234
2024-03-04 11:15:00,1709531100,322.75,323.75,322.5,323.35,1325837
2024-03-04 12:15:00,1709534700,323.4,323.9,323.05,323.25,984623
2024-03-04 13:15:00,1709538300,323.2,324.45,323.05,324.4,1119836
2024-03-04 14:15:00,1709541900,324.35,325.5,322.2,322.2,3374671
2024-03-04 15:15:00,1709545500,322.3,323.4,321.2,323.15,2440432
2024-03-05 09:15:00,1709610300,324,327.9,319.5,324.8,7900308
2024-03-05 10:15:00,1709613900,324.65,325.4,323.5,324.15,2257179
2024-03-05 11:15:00,1709617500,324.15,324.15,322.4,323,1463868
2024-03-05 12:15:00,1709621100,323.05,323.45,321.1,323.15,1627800
2024-03-05 13:15:00,1709624700,323.15,323.4,322.05,322.3,1096161
2024-03-05 14:15:00,1709628300,322.2,323.6,320.6,321.75,2385017
2024-03-05 15:15:00,1709631900,321.8,323.1,321,322.9,1560760
2024-03-06 09:15:00,1709696700,322.95,333.9,321.35,329.15,23140984
2024-03-06 10:15:00,1709700300,329.15,331.8,327.7,328.5,6016460
2024-03-06 11:15:00,1709703900,328.6,328.65,322.3,322.7,6502339
2024-03-06 12:15:00,1709707500,322.65,324.5,321.6,323.2,3942399
2024-03-06 13:15:00,1709711100,323.2,326.45,322.6,325.3,4070030
2024-03-06 14:15:00,1709714700,325.3,329.9,324.05,325.9,7171711
2024-03-06 15:15:00,1709718300,325.85,327.2,325.55,326.95,2858800
2024-03-07 09:15:00,1709783100,329,330.4,324.2,327.5,7415798
2024-03-07 10:15:00,1709786700,327.55,327.65,325.5,327.35,2040478
2024-03-07 11:15:00,1709790300,327.4,329.6,327.1,328.05,2585809
2024-03-07 12:15:00,1709793900,328.1,329.65,327.2,329,1578857
2024-03-07 13:15:00,1709797500,329,337.4,328.85,334.8,13673626
2024-03-07 14:15:00,1709801100,334.85,335.8,332.3,333.8,5727281
2024-03-07 15:15:00,1709804700,333.7,334.15,332.6,333,2928296
2024-03-11 09:15:00,1710128700,336.9,350.9,332.45,345.2,43760573
2024-03-11 10:15:00,1710132300,345.3,346.9,342.2,346.85,8696898
2024-03-11 11:15:00,1710135900,346.75,349.75,345.7,346.6,9913244
2024-03-11 12:15:00,1710139500,346.45,348.4,345.2,347.15,4276726
2024-03-11 13:15:00,1710143100,347.25,359.85,346.8,353.6,31473125
2024-03-11 14:15:00,1710146700,353.7,358.5,353,353.8,16785565
2024-03-11 15:15:00,1710150300,353.75,356.9,353.5,356.8,6770817
2024-03-12 09:15:00,1710215100,360,374.5,360,370.6,52925006
2024-03-12 10:15:00,1710218700,370.6,371.8,365.3,367.65,16026768
2024-03-12 11:15:00,1710222300,367.8,369.8,365.45,367.4,7071007
2024-03-12 12:15:00,1710225900,367.4,369,360.2,364,11589188
2024-03-12 13:15:00,1710229500,364,367.5,363.6,364.7,7561191
2024-03-12 14:15:00,1710233100,364.8,365.85,361.55,361.7,8787369
2024-03-12 15:15:00,1710236700,361.8,364.35,358.75,363.4,7080293
2024-03-13 09:15:00,1710301500,363.7,366.9,334.8,339.8,39418896
2024-03-13 10:15:00,1710305100,340,344,335.8,336.15,13633178
2024-03-13 11:15:00,1710308700,335.95,339.4,334.6,337,7961052
2024-03-13 12:15:00,1710312300,336.8,341,336.1,339.35,7143594
2024-03-13 13:15:00,1710315900,339.5,340.7,337.6,338.75,4823447
2024-03-13 14:15:00,1710319500,338.85,339.5,327.35,327.75,18691815
2024-03-13 15:15:00,1710323100,327.65,328.8,324.5,328.4,7367904
2024-03-14 09:15:00,1710387900,328,334.5,318,327.25,31892448
2024-03-14 10:15:00,1710391500,327.45,334.25,327.05,333.8,8646875
2024-03-14 11:15:00,1710395100,333.9,339.7,332.5,336.7,11254186
2024-03-14 12:15:00,1710398700,336.55,338.9,334.3,337.15,5323879
2024-03-14 13:15:00,1710402300,337.1,339.2,335,336.15,4944025
2024-03-14 14:15:00,1710405900,336.2,338.2,332.3,338.2,7245936
2024-03-14 15:15:00,1710409500,338,341.5,337.5,341.2,5375920
2024-03-15 09:15:00,1710474300,340,347.5,337.2,344.45,15484728
2024-03-15 10:15:00,1710477900,344.3,345,336.45,338.75,7301980
2024-03-15 11:15:00,1710481500,338.65,343.55,338.65,341.2,3984372
2024-03-15 12:15:00,1710485100,341.2,343.85,340.55,342.95,2489648
2024-03-15 13:15:00,1710488700,342.95,347.5,341.7,346.3,7568761
2024-03-15 14:15:00,1710492300,346.3,348.85,343.25,344.35,11457566
2024-03-15 15:15:00,1710495900,344.25,347,343.6,346.3,6747507
2024-03-18 09:15:00,1710733500,346.95,358.45,342.5,355.85,21275655
2024-03-18 10:15:00,1710737100,355.85,358.85,354.2,356.7,6002565
2024-03-18 11:15:00,1710740700,356.75,358.65,355.5,357.85,3668604
2024-03-18 12:15:00,1710744300,357.85,359.7,356.2,356.95,4693077
2024-03-18 13:15:00,1710747900,357,357.15,352.65,354.55,4442166
2024-03-18 14:15:00,1710751500,354.7,356.3,351.5,352.4,5514606
2024-03-18 15:15:00,1710755100,352.3,353.5,351.6,353.5,2736888
2024-03-19 09:15:00,1710819900,353.4,356.95,347,353.55,14119966
2024-03-19 10:15:00,1710823500,353.55,355.1,349.5,351.4,5833527
2024-03-19 11:15:00,1710827100,351.35,353.7,350.1,352.8,4404691
2024-03-19 12:15:00,1710830700,352.75,355.75,352.5,354.85,3842269
2024-03-19 13:15:00,1710834300,354.65,357.9,353.75,354.45,6633472
2024-03-19 14:15:00,1710837900,354.5,355.5,353,353.4,4537906
2024-03-19 15:15:00,1710841500,353.4,353.95,352.4,353.55,2606848
2024-03-20 09:15:00,1710906300,353.3,356.35,335.65,336.6,20020574
2024-03-20 10:15:00,1710909900,336.75,343.95,336.55,343,10244845
2024-03-20 11:15:00,1710913500,343.05,343.2,339.7,340.35,4706337
2024-03-20 12:15:00,1710917100,340.2,341.1,338.55,339.55,4425401
2024-03-20 13:15:00,1710920700,339.55,340.45,337,338.95,3433714
2024-03-20 14:15:00,1710924300,338.85,341.1,336.65,337.65,4790080
2024-03-20 15:15:00,1710927900,337.7,338.5,336.1,337.9,3336788
2024-03-21 09:15:00,1710992700,344.5,346.75,341.6,345.45,9923764
2024-03-21 10:15:00,1710996300,345.4,348.3,344.9,346.3,4090761
2024-03-21 11:15:00,1710999900,346.3,346.5,343.3,343.55,2308425
2024-03-21 12:15:00,1711003500,343.5,344.75,342.3,343.05,2136946
2024-03-21 13:15:00,1711007100,342.9,343.1,341.3,341.85,2091483
2024-03-21 14:15:00,1711010700,341.7,342.65,338.4,339,4427404
2024-03-21 15:15:00,1711014300,338.95,339.8,337.1,339.75,3716494
2024-03-22 09:15:00,1711079100,338,344.5,336.7,343.2,8212811
2024-03-22 10:15:00,1711082700,343.1,343.95,342,343.65,1974236
2024-03-22 11:15:00,1711086300,343.65,345.4,343.4,343.7,2672418
2024-03-22 12:15:00,1711089900,343.6,344.5,343.1,344,1038330
2024-03-22 13:15:00,1711093500,344,344.15,342.65,343.35,1397586
2024-03-22 14:15:00,1711097100,343.5,344.95,343.35,344.05,2849146
2024-03-22 15:15:00,1711100700,344.15,346.9,343.85,346.35,2389815
2024-03-26 09:15:00,1711424700,345,352.5,343.55,347.95,10957619
2024-03-26 10:15:00,1711428300,347.8,348.3,345.3,346.2,3027880
2024-03-26 11:15:00,1711431900,346.2,347.25,345.8,346.95,2116971
2024-03-26 12:15:00,1711435500,346.85,347,343.6,345.2,3565094
2024-03-26 13:15:00,1711439100,345.15,347.2,344.4,346.2,2252576
2024-03-26 14:15:00,1711442700,346.15,347.7,345.45,345.85,3250865
2024-03-26 15:15:00,1711446300,345.8,346.45,345.3,346.25,1969176
2024-03-27 09:15:00,1711511100,348.25,355.6,348,353.7,12549974
2024-03-27 10:15:00,1711514700,353.65,355.35,352.1,352.75,4600187
2024-03-27 11:15:00,1711518300,352.75,353,351.2,351.7,4111071
2024-03-27 12:15:00,1711521900,351.75,352.5,349.7,350.2,3328882
2024-03-27 13:15:00,1711525500,350.2,351.8,350,350.8,2430298
2024-03-27 14:15:00,1711529100,350.8,352.85,349.5,351.75,13543428
2024-03-27 15:15:00,1711532700,351.7,351.85,348.5,349.9,9485157
2024-03-28 09:15:00,1711597500,354.85,357.75,350.4,351.2,7182572
2024-03-28 10:15:00,1711601100,351.2,352.95,350.5,352.6,2240730
2024-03-28 11:15:00,1711604700,352.7,353,351.8,352.45,1221420
2024-03-28 12:15:00,1711608300,352.45,354.2,352,354,2028839
2024-03-28 13:15:00,1711611900,354.05,356.75,353.7,355,3541913
2024-03-28 14:15:00,1711615500,355.2,355.55,352.55,353.35,3801195
2024-03-28 15:15:00,1711619100,353.5,354.2,353.1,353.9,2556369
2024-04-01 09:15:00,1711943100,357,364.2,357,359.15,11856894
2024-04-01 10:15:00,1711946700,359.4,359.75,357.85,358.35,1866556
2024-04-01 11:15:00,1711950300,358.35,359.65,357,357.6,2011012
2024-04-01 12:15:00,1711953900,357.5,358.25,355.6,355.9,1888406
2024-04-01 13:15:00,1711957500,355.95,357.35,355.8,356.95,1859915
2024-04-01 14:15:00,1711961100,356.9,357.25,356.05,356.8,2047347
2024-04-01 15:15:00,1711964700,356.75,358,356.25,357.9,2093398
2024-04-02 09:15:00,1712029500,359,362.85,357.75,359.25,12190537
2024-04-02 10:15:00,1712033100,359.35,360.75,357.55,359.4,4196915
2024-04-02 11:15:00,1712036700,359.3,360.25,358.5,359.2,2091022
2024-04-02 12:15:00,1712040300,359.15,359.75,359,359.45,1593366
2024-04-02 13:15:00,1712043900,359.45,359.7,357.9,358.05,3311873
2024-04-02 14:15:00,1712047500,358.05,358.4,356.5,356.6,4006596
2024-04-02 15:15:00,1712051100,356.55,358,356.5,358,2273155
2024-04-03 09:15:00,1712115900,356.5,358.8,353.2,356.75,7587921
2024-04-03 10:15:00,1712119500,356.8,356.9,354.8,356.45,2337527
2024-04-03 11:15:00,1712123100,356.35,357.5,356,357.2,1093218
2024-04-03 12:15:00,1712126700,357.2,359.8,357.1,357.4,2311212
2024-04-03 13:15:00,1712130300,357.5,358,356.3,357,1037088
2024-04-03 14:15:00,1712133900,357.15,357.5,355.9,357.25,2048734
2024-04-03 15:15:00,1712137500,357.25,357.6,356.95,357,1477366
2024-04-04 09:15:00,1712202300,359.4,364.25,358,361.4,10575657
2024-04-04 10:15:00,1712205900,361.4,367.8,361.2,363,11719183
2024-04-04 11:15:00,1712209500,363,363.9,361.1,361.45,2530358
2024-04-04 12:15:00,1712213100,361.5,362.65,360.2,361.6,2260750
2024-04-04 13:15:00,1712216700,361.45,361.9,360.4,360.6,1805382
2024-04-04 14:15:00,1712220300,360.5,362,360.4,361.3,2688737
2024-04-04 15:15:00,1712223900,361.25,362.5,360.6,362,2331716
2024-04-05 09:15:00,1712288700,361,364,359.05,363.9,6695812
2024-04-05 10:15:00,1712292300,363.95,366,363,364.5,3445417
2024-04-05 11:15:00,1712295900,364.5,373.9,364.35,370.1,13807978
2024-04-05 12:15:00,1712299500,370.05,374.4,369.15,369.4,6722387
2024-04-05 13:15:00,1712303100,369.3,370.75,368,369.8,3421406
2024-04-05 14:15:00,1712306700,369.8,374.3,367.5,373.85,6632980
2024-04-05 15:15:00,1712310300,373.75,374.85,372.2,373.2,6161380
2024-04-08 09:15:00,1712547900,376,378.7,369.1,370.55,15276761
2024-04-08 10:15:00,1712551500,370.55,372.85,369.5,372.7,3636911
2024-04-08 11:15:00,1712555100,372.6,374.15,372.2,373.65,2909837
2024-04-08 12:15:00,1712558700,373.75,373.75,371.65,372.45,1416112
2024-04-08 13:15:00,1712562300,372.3,372.5,368.15,368.65,3225564
2024-04-08 14:15:00,1712565900,368.65,370.8,367.55,369.5,3801883
2024-04-08 15:15:00,1712569500,369.5,370,368.1,369.35,2549523
2024-04-09 09:15:00,1712634300,371,374,367.8,373.25,9084713
2024-04-09 10:15:00,1712637900,373.25,374.7,372.4,372.45,3012166
2024-04-09 11:15:00,1712641500,372.45,373,371.1,371.3,1387355
2024-04-09 12:15:00,1712645100,371.3,371.45,369,369.35,2039245
2024-04-09 13:15:00,1712648700,369.25,369.6,365.4,366.25,3363405
2024-04-09 14:15:00,1712652300,366.25,368.5,366,367.75,2239782
2024-04-09 15:15:00,1712655900,367.65,368.6,366.9,368,2230575
2024-04-10 09:15:00,1712720700,369.65,372.4,367.55,370.05,6345956
2024-04-10 10:15:00,1712724300,370.05,370.95,368,369.45,2456635
2024-04-10 11:15:00,1712727900,369.25,369.8,368.25,369.4,1134574
2024-04-10 12:15:00,1712731500,369.2,370.5,368.65,369.85,1190336
2024-04-10 13:15:00,1712735100,369.8,370.6,369.2,369.95,1304237
2024-04-10 14:15:00,1712738700,369.8,372,369.1,370.35,2342975
2024-04-10 15:15:00,1712742300,370.3,371,369.25,370.95,1755805
2024-04-12 09:15:00,1712893500,370.15,377.45,368.2,375.8,12720691
2024-04-12 10:15:00,1712897100,375.75,378.85,375,376,6929149
2024-04-12 11:15:00,1712900700,375.95,376.45,372.6,374.25,3222569
2024-04-12 12:15:00,1712904300,374.25,374.25,371.05,372.25,2599937
2024-04-12 13:15:00,1712907900,372.3,373.5,371.8,371.95,1432783
2024-04-12 14:15:00,1712911500,371.9,373,371.2,372.4,3270479
2024-04-12 15:15:00,1712915100,372.45,373.4,371.55,372.7,2279330
2024-04-15 09:15:00,1713152700,362,362.95,351,356.5,22772763
2024-04-15 10:15:00,1713156300,356.5,360.55,356.05,358.45,7446999
2024-04-15 11:15:00,1713159900,358.5,358.85,356.75,357.95,3164801
2024-04-15 12:15:00,1713163500,357.95,358.6,356.4,357.25,2316626
2024-04-15 13:15:00,1713167100,357.3,357.9,356.5,356.75,2366481
2024-04-15 14:15:00,1713170700,356.9,356.9,353.75,353.8,5295686
2024-04-15 15:15:00,1713174300,353.85,355.6,353,355.2,2882087
2024-04-16 09:15:00,1713239100,364.9,371.95,362.8,367.3,26042042
2024-04-16 10:15:00,1713242700,367.3,367.45,363.1,363.8,6067832
2024-04-16 11:15:00,1713246300,363.95,364.7,362.55,363.4,3209110
2024-04-16 12:15:00,1713249900,363.2,363.9,360.1,362,3773567
2024-04-16 13:15:00,1713253500,362.05,363.95,361.05,363.85,2542156
2024-04-16 14:15:00,1713257100,363.95,363.95,361.3,361.55,3833241
2024-04-16 15:15:00,1713260700,361.55,362.8,361,362.8,3441231
2024-04-18 09:15:00,1713411900,369.15,384.4,367,380.25,36905232
2024-04-18 10:15:00,1713415500,380.4,384,379.65,382.3,11983790
2024-04-18 11:15:00,1713419100,382.5,383.5,379.35,379.5,5872266
2024-04-18 12:15:00,1713422700,379.5,382,378.25,381.7,4394694
2024-04-18 13:15:00,1713426300,381.7,382.4,378.45,380.8,5600511
2024-04-18 14:15:00,1713429900,380.8,381.25,375.5,378.2,7089210
2024-04-18 15:15:00,1713433500,378.25,380,378.2,379.9,3494645
2024-04-19 09:15:00,1713498300,378,378.1,370,373,16584836
2024-04-19 10:15:00,1713501900,373,373.75,368.65,371.1,6089204
2024-04-19 11:15:00,1713505500,371.1,371.85,369.75,371.2,2929816
2024-04-19 12:15:00,1713509100,371.15,372.65,371,372.15,3135074
2024-04-19 13:15:00,1713512700,372.05,373.25,371.25,372.5,2984114
2024-04-19 14:15:00,1713516300,372.7,372.85,370,370.4,4437929
2024-04-19 15:15:00,1713519900,370.4,370.6,369,370,3325270
2024-04-22 09:15:00,1713757500,378,383.7,375.25,383.7,20314972
2024-04-22 10:15:00,1713761100,383.55,384.85,382.6,383.15,8214705
2024-04-22 11:15:00,1713764700,383.15,384.8,380.65,381.05,5607108
2024-04-22 12:15:00,1713768300,381.2,382.45,379.1,381.85,4666304
2024-04-22 13:15:00,1713771900,381.75,382.35,380.25,382.05,2443642
2024-04-22 14:15:00,1713775500,382.05,383.5,381.5,382.6,4103957
2024-04-22 15:15:00,1713779100,382.7,383.3,382.2,383,3264027
2024-04-23 09:15:00,1713843900,387,394.7,385,391,20159435
2024-04-23 10:15:00,1713847500,390.95,391.7,388.6,390.1,3570910
2024-04-23 11:15:00,1713851100,390.15,390.3,389.45,390,1690934
2024-04-23 12:15:00,1713854700,390,390.4,388.2,388.7,2287645
2024-04-23 13:15:00,1713858300,388.8,390.1,388.1,389.9,1744341
2024-04-23 14:15:00,1713861900,390,390.2,387.5,387.75,3435672
2024-04-23 15:15:00,1713865500,387.75,388,387.15,387.6,2620257
2024-04-24 09:15:00,1713930300,390.7,391.5,385,386,8342441
2024-04-24 10:15:00,1713933900,386.05,386.35,383.3,384,3570699
2024-04-24 11:15:00,1713937500,384,384.1,380.55,381.8,3975379
2024-04-24 12:15:00,1713941100,381.8,382.75,379.6,380.1,3941871
2024-04-24 13:15:00,1713944700,380.1,380.75,379.75,380.3,2567491
2024-04-24 14:15:00,1713948300,380.3,382,379.5,381.9,3168250
2024-04-24 15:15:00,1713951900,381.95,383.25,381.5,383,2079014
2024-04-25 09:15:00,1714016700,381.85,387.35,380.25,385.75,7203999
2024-04-25 10:15:00,1714020300,385.7,385.75,383.25,384.15,1902907
2024-04-25 11:15:00,1714023900,384.15,384.35,383.1,383.25,916903
2024-04-25 12:15:00,1714027500,383.15,383.65,382.5,382.85,1095448
2024-04-25 13:15:00,1714031100,382.9,383.2,381.8,382.4,1462273
2024-04-25 14:15:00,1714034700,382.4,383.15,381.5,382.3,2504537
2024-04-25 15:15:00,1714038300,382.25,382.65,381.7,382.5,1941410
2024-04-26 09:15:00,1714103100,384.3,384.85,380.55,382.1,4894441
2024-04-26 10:15:00,1714106700,382,383,381.6,382.3,1326432
2024-04-26 11:15:00,1714110300,382.3,383,382.15,382.8,1589954
2024-04-26 12:15:00,1714113900,382.85,383.1,381.75,381.85,1226512
2024-04-26 13:15:00,1714117500,381.95,382.15,380.65,381.75,1836024
2024-04-26 14:15:00,1714121100,381.8,382.1,381.1,381.65,1845860
2024-04-26 15:15:00,1714124700,381.75,382.3,381.15,382,1395553
2024-04-29 09:15:00,1714362300,383.6,384.75,380,380.2,4472727
2024-04-29 10:15:00,1714365900,380.2,380.2,378.05,379,2681697
2024-04-29 11:15:00,1714369500,379,381.4,378.9,380.7,2301322
2024-04-29 12:15:00,1714373100,380.7,380.7,378.8,379.45,1384614
2024-04-29 13:15:00,1714376700,379.45,380.1,379,379.2,1195013
2024-04-29 14:15:00,1714380300,379.2,380.7,379,380.5,2288578
2024-04-29 15:15:00,1714383900,380.55,381.05,380.1,380.9,1780321
2024-04-30 09:15:00,1714448700,380.5,383.8,377.65,382.3,6213359
2024-04-30 10:15:00,1714452300,382.3,382.4,379.5,380.2,2095781
2024-04-30 11:15:00,1714455900,380.05,380.5,379.5,380,897380
2024-04-30 12:15:00,1714459500,380,380.15,379.35,379.8,1078038
2024-04-30 13:15:00,1714463100,379.7,380.1,379.6,380.05,912051
2024-04-30 14:15:00,1714466700,379.95,380.1,377.5,377.5,2982972
2024-04-30 15:15:00,1714470300,377.55,377.55,375.5,375.75,2633729
2024-05-02 09:15:00,1714621500,377,377.5,373,373.25,5625502
2024-05-02 10:15:00,1714625100,373.2,375.65,372.5,374.2,2559266
2024-05-02 11:15:00,1714628700,374.2,375.25,373.5,374.4,1147449
2024-05-02 12:15:00,1714632300,374.4,378.15,373.8,376.6,2529654
2024-05-02 13:15:00,1714635900,376.5,380.9,376.45,380.55,3537826
2024-05-02 14:15:00,1714639500,380.6,381.35,378.65,379.15,2942104
2024-05-02 15:15:00,1714643100,379.25,380,378.5,379.95,1303956
2024-05-03 09:15:00,1714707900,380.55,385.85,380.55,382.5,7086300
2024-05-03 10:15:00,1714711500,382.5,383.2,379.65,380.5,3156721
2024-05-03 11:15:00,1714715100,380.5,380.6,377.1,377.9,2353516
2024-05-03 12:15:00,1714718700,378,378.6,376.45,377.35,2600573
2024-05-03 13:15:00,1714722300,377.2,377.9,374.35,375.9,2598851
2024-05-03 14:15:00,1714725900,375.8,377,375.1,376,2521123
2024-05-03 15:15:00,1714729500,375.95,376.25,375.1,375.8,1519011
2024-05-06 09:15:00,1714967100,378.1,378.9,367.8,370.5,6726374
2024-05-06 10:15:00,1714970700,370.6,373.2,369.6,372.15,1809002
2024-05-06 11:15:00,1714974300,372.15,372.75,371,372.3,776496
2024-05-06 12:15:00,1714977900,372.35,372.45,371,371.3,657021
2024-05-06 13:15:00,1714981500,371.3,372.1,370.5,371.65,971712
2024-05-06 14:15:00,1714985100,371.5,372,369.35,370,1812617
2024-05-06 15:15:00,1714988700,369.95,371,369.5,371,1217874
2024-05-07 09:15:00,1715053500,370.25,370.7,364.35,366.35,4960801
2024-05-07 10:15:00,1715057100,366.35,366.4,359.35,359.7,4527241
2024-05-07 11:15:00,1715060700,359.7,359.75,353.6,355.25,6550687
2024-05-07 12:15:00,1715064300,355.25,356.3,354.35,354.7,3213665
2024-05-07 13:15:00,1715067900,354.7,358.5,354.45,357.05,3981516
2024-05-07 14:15:00,1715071500,357,358.3,355.15,356.1,4147928
2024-05-07 15:15:00,1715075100,356,357,355,356.9,2087912
2024-05-08 09:15:00,1715139900,355,363.8,352.3,361.6,6884289
2024-05-08 10:15:00,1715143500,361.55,361.95,359.1,359.9,2001276
2024-05-08 11:15:00,1715147100,359.9,361.55,359.6,361,1241636
2024-05-08 12:15:00,1715150700,361.05,361.75,360.6,361.25,886360
2024-05-08 13:15:00,1715154300,361.35,361.4,353.95,354.85,3607392
2024-05-08 14:15:00,1715157900,354.85,356.5,352.1,355.25,3474081
2024-05-08 15:15:00,1715161500,355.15,356.05,354.65,355.5,1920738
2024-05-09 09:15:00,1715226300,357,359.25,349,349.2,8564261
2024-05-09 10:15:00,1715229900,349.2,351.05,349,350.4,2776401
2024-05-09 11:15:00,1715233500,350.4,350.8,349.2,349.9,1449693
2024-05-09 12:15:00,1715237100,349.9,350,345.9,347.55,2884413
2024-05-09 13:15:00,1715240700,347.6,349.6,347,348.2,2089198
2024-05-09 14:15:00,1715244300,348.25,348.55,345.05,345.3,3177715
2024-05-09 15:15:00,1715247900,345.25,345.95,344.6,345.8,2242878
2024-05-10 09:15:00,1715312700,346.4,348,336.8,342.2,9159120
2024-05-10 10:15:00,1715316300,342.15,343.6,340.2,343.6,3172880
2024-05-10 11:15:00,1715319900,343.7,348,343.55,345.9,3428293
2024-05-10 12:15:00,1715323500,345.9,346.1,340.1,342.25,2507012
2024-05-10 13:15:00,1715327100,342.3,346.5,342.2,345.75,1758026
2024-05-10 14:15:00,1715330700,345.75,349,344.5,347.55,2879571
2024-05-10 15:15:00,1715334300,347.65,348.8,347,347.7,1528896
2024-05-13 09:15:00,1715571900,347.85,347.9,340.25,341.7,4955179
2024-05-13 10:15:00,1715575500,341.7,341.7,335.4,338.65,4762772
2024-05-13 11:15:00,1715579100,338.65,341.6,338.6,340.5,2638467
2024-05-13 12:15:00,1715582700,340.45,341.45,339.1,340.5,2218391
2024-05-13 13:15:00,1715586300,340.45,342,339.5,341.1,2179125
2024-05-13 14:15:00,1715589900,341,342.4,340.5,340.7,2505231
2024-05-13 15:15:00,1715593500,340.7,342,340.5,341.9,1406612
2024-05-14 09:15:00,1715658300,344,346.85,342.2,343.2,4562421
2024-05-14 10:15:00,1715661900,343.1,353.3,342.95,350.85,5180839
2024-05-14 11:15:00,1715665500,350.8,352.7,350.45,351.95,2273018
2024-05-14 12:15:00,1715669100,351.8,352.1,350.6,350.95,1520803
2024-05-14 13:15:00,1715672700,350.95,352.4,350.75,351.1,1891387
2024-05-14 14:15:00,1715676300,351.25,352.3,350.8,352.25,2526324
2024-05-14 15:15:00,1715679900,352.3,353.7,352.2,353.4,1677019
2024-05-15 09:15:00,1715744700,354.05,357,351.3,353.7,5869528
2024-05-15 10:15:00,1715748300,353.7,355.85,351.75,355,2145612
2024-05-15 11:15:00,1715751900,354.9,356.6,354.5,356.3,1484503
2024-05-15 12:15:00,1715755500,356.3,358.8,354.75,355.6,3248751
2024-05-15 13:15:00,1715759100,355.6,355.95,354.35,355.15,861138
2024-05-15 14:15:00,1715762700,355.2,355.35,353.05,353.5,2184173
2024-05-15 15:15:00,1715766300,353.5,354.4,353.1,354.4,1047360
2024-05-16 09:15:00,1715831100,356.4,359.15,354.65,356.35,3665200
2024-05-16 10:15:00,1715834700,356.3,356.65,354.55,354.75,1514560
2024-05-16 11:15:00,1715838300,355,355.55,353.9,355.25,1155202
2024-05-16 12:15:00,1715841900,355.4,355.45,353.1,353.8,1686999
2024-05-16 13:15:00,1715845500,353.75,354.25,352.4,352.95,1150959
2024-05-16 14:15:00,1715849100,352.9,355.8,352.6,354.9,1848070
2024-05-16 15:15:00,1715852700,354.9,355.9,353.7,355,1258239
2024-05-17 09:15:00,1715917500,357,358.4,355,356.65,2660245
2024-05-17 10:15:00,1715921100,356.6,357.9,356.3,357.6,1462465
2024-05-17 11:15:00,1715924700,357.6,357.9,356.3,356.3,1252985
2024-05-17 12:15:00,1715928300,356.4,357.25,356.25,356.9,667896
2024-05-17 13:15:00,1715931900,356.9,357.2,356.5,356.75,723423
2024-05-17 14:15:00,1715935500,356.7,357,356.25,356.9,1162920
2024-05-17 15:15:00,1715939100,356.9,357.8,356.85,357.7,873810
2024-05-18 09:15:00,1716003900,358,363.1,357.7,362.15,2627350
2024-05-18 11:15:00,1716011100,362.15,363.65,362,362.15,1242131
2024-05-18 12:15:00,1716014700,362.3,362.3,362,362.25,431542
2024-05-21 09:15:00,1716263100,361,362.2,355.75,359.6,4317283
2024-05-21 10:15:00,1716266700,359.6,359.65,357.55,358.35,1830563
2024-05-21 11:15:00,1716270300,358.35,358.95,357.55,357.9,1249725
2024-05-21 12:15:00,1716273900,357.8,358.9,357.5,358.85,1057631
2024-05-21 13:15:00,1716277500,358.9,359.2,357.95,358,933144
2024-05-21 14:15:00,1716281100,358,358.95,357.8,357.95,1347261
2024-05-21 15:15:00,1716284700,357.95,358.1,357,357.8,1044128
2024-05-22 09:15:00,1716349500,359,360.7,355.2,357.35,4635420
2024-05-22 10:15:00,1716353100,357.3,357.85,356.75,357.25,1003889
2024-05-22 11:15:00,1716356700,357.4,360.2,355.7,359.1,2577725
2024-05-22 12:15:00,1716360300,359.15,359.35,358,358.8,1176646
2024-05-22 13:15:00,1716363900,358.8,359.15,358.3,358.65,710069
2024-05-22 14:15:00,1716367500,358.8,359,358,358.3,1146744
2024-05-22 15:15:00,1716371100,358.1,358.25,357,357.25,771257
2024-05-23 09:15:00,1716435900,357.65,361.6,357.4,359.55,3073684
2024-05-23 10:15:00,1716439500,359.3,359.95,358.35,359.15,1057793
2024-05-23 11:15:00,1716443100,359,360,358.4,359.95,1052253
2024-05-23 12:15:00,1716446700,359.9,376,359.5,372.8,15355600
2024-05-23 13:15:00,1716450300,372.8,373.45,367.5,368,9762852
2024-05-23 14:15:00,1716453900,368,368.75,366.1,368.05,4668801
2024-05-23 15:15:00,1716457500,368.05,368.3,367.15,367.95,2502339
2024-05-24 09:15:00,1716522300,368.5,368.85,364.55,365.1,5679628
2024-05-24 10:15:00,1716525900,365.25,367.5,364.9,366.85,1889426
2024-05-24 11:15:00,1716529500,366.85,367.45,365.5,365.8,1058037
2024-05-24 12:15:00,1716533100,365.85,366.2,365.4,365.65,765779
2024-05-24 13:15:00,1716536700,365.7,366.75,365.5,366.4,769324
2024-05-24 14:15:00,1716540300,366.4,370.7,365,365,6888935
2024-05-24 15:15:00,1716543900,365.1,365.35,364.2,365.25,1420701
2024-05-27 09:15:00,1716781500,368,368.6,359.65,360.95,5731283
2024-05-27 10:15:00,1716785100,360.85,361.55,360.25,360.5,1899119
2024-05-27 11:15:00,1716788700,360.55,361.25,360.15,360.65,1436228
2024-05-27 12:15:00,1716792300,360.55,361.65,360.25,361,1814562
2024-05-27 13:15:00,1716795900,361,361.3,360.25,361,1394803
2024-05-27 14:15:00,1716799500,360.95,361.2,360,360.35,2217234
2024-05-27 15:15:00,1716803100,360.35,360.4,359.15,360,1446001
2024-05-28 09:15:00,1716867900,361,363.75,356,356.75,3581175
2024-05-28 10:15:00,1716871500,357,358.9,357,358,1035008
2024-05-28 11:15:00,1716875100,358,358.25,356.6,357.6,771186
2024-05-28 12:15:00,1716878700,357.55,357.8,355.25,357.45,1147934
2024-05-28 13:15:00,1716882300,357.45,358.15,356.3,357.15,671902
2024-05-28 14:15:00,1716885900,357.2,358.1,356.85,356.85,1182400
2024-05-28 15:15:00,1716889500,356.95,357.1,356,356.9,822098
2024-05-29 09:15:00,1716954300,355,356.15,351.45,352.1,4175239
2024-05-29 10:15:00,1716957900,352.05,352.45,351,351.2,1932204
2024-05-29 11:15:00,1716961500,351.2,351.25,350,350.4,1779161
2024-05-29 12:15:00,1716965100,350.35,350.8,350.1,350.65,1313217
2024-05-29 13:15:00,1716968700,350.65,351,350.3,350.75,1631083
2024-05-29 14:15:00,1716972300,350.75,350.8,349.2,349.5,2572016
2024-05-29 15:15:00,1716975900,349.4,349.65,348.1,349.65,1698051
2024-05-30 09:15:00,1717040700,348.75,351.5,346.5,348.2,3767560
2024-05-30 10:15:00,1717044300,348.35,351,348,349.45,1259768
2024-05-30 11:15:00,1717047900,349.45,350,348.75,349.45,779701
2024-05-30 12:15:00,1717051500,349.55,349.95,348.9,349.65,649151
2024-05-30 13:15:00,1717055100,349.55,349.8,348.2,348.35,742197
2024-05-30 14:15:00,1717058700,348.25,349,347.05,347.75,1874623
2024-05-30 15:15:00,1717062300,347.75,348.15,347.4,348.15,790463
2024-05-31 09:15:00,1717127100,355.05,357.9,342.1,343.15,11337791
2024-05-31 10:15:00,1717130700,343.05,344.4,342.25,343.45,3357429
2024-05-31 11:15:00,1717134300,343.4,345.65,343.3,344.15,2031152
2024-05-31 12:15:00,1717137900,344.15,345.3,344,344.7,1348924
2024-05-31 13:15:00,1717141500,344.75,347.5,344.7,346.65,2921208
2024-05-31 14:15:00,1717145100,346.75,346.9,343.85,344,7609086
2024-05-31 15:15:00,1717148700,344.05,345,343.5,345,5102390
2024-06-03 09:15:00,1717386300,368,368,353.8,356.15,8804289
2024-06-03 10:15:00,1717389900,356.15,356.2,354.45,355.35,2275816
2024-06-03 11:15:00,1717393500,355.3,356.35,355.05,355.5,1765999
2024-06-03 12:15:00,1717397100,355.6,357.5,355.45,355.8,2568645
2024-06-03 13:15:00,1717400700,355.95,357.25,354.6,356.85,3334916
2024-06-03 14:15:00,1717404300,356.8,357.25,355.2,356.5,3532534
2024-06-03 15:15:00,1717407900,356.45,356.95,355.6,356.95,1753654
2024-06-04 09:15:00,1717472700,358,358,340,349.95,11753094
2024-06-04 10:15:00,1717476300,349.95,350,330,335.55,7701282
2024-06-04 11:15:00,1717479900,335.65,344.35,325,325.35,13369649
2024-06-04 12:15:00,1717483500,325.1,339.15,307.3,338.9,11968364
2024-06-04 13:15:00,1717487100,339.05,343.95,336.05,338.65,6157655
2024-06-04 14:15:00,1717490700,338.65,338.65,329,332.85,5991402
2024-06-04 15:15:00,1717494300,332.8,338.4,329.85,337.6,2251821
2024-06-05 09:15:00,1717559100,339,344.95,327,338.6,8658483
2024-06-05 10:15:00,1717562700,338.6,347.9,336.75,346.65,4737497
2024-06-05 11:15:00,1717566300,346.85,347.4,342.5,343.65,2914218
2024-06-05 12:15:00,1717569900,343.7,345.2,340.7,344.25,1985451
2024-06-05 13:15:00,1717573500,344.4,347.2,344.1,345.9,2045130
2024-06-05 14:15:00,1717577100,345.85,346.8,343.15,344.4,2752099
2024-06-05 15:15:00,1717580700,344.35,347.7,344.25,347.05,1686848
2024-06-06 09:15:00,1717645500,350,352.8,348.05,349.6,6993477
2024-06-06 10:15:00,1717649100,349.6,351.65,349.6,350.65,2429966
2024-06-06 11:15:00,1717652700,350.6,351,348.15,348.75,1938957
2024-06-06 12:15:00,1717656300,348.75,349.85,348.15,349,1243020
2024-06-06 13:15:00,1717659900,349.1,349.85,348.45,349.15,1028125
2024-06-06 14:15:00,1717663500,349.3,349.8,348.75,349.8,1514606
2024-06-06 15:15:00,1717667100,349.75,350,349,350,1091114
2024-06-07 09:15:00,1717731900,349.7,352.65,347,351.55,5656513
2024-06-07 10:15:00,1717735500,351.6,355.35,351.05,352.25,4206703
2024-06-07 11:15:00,1717739100,352.2,353,350.05,351.05,2328939
2024-06-07 12:15:00,1717742700,351.2,353.25,350.65,351.7,2203372
2024-06-07 13:15:00,1717746300,351.85,352.3,350.9,351.8,1748202
2024-06-07 14:15:00,1717749900,351.8,354.3,351.75,352.95,4675746
2024-06-07 15:15:00,1717753500,352.9,354.65,352.6,354.15,1833971
2024-06-10 09:15:00,1717991100,355.25,357.35,351.65,354.65,6404959
2024-06-10 10:15:00,1717994700,354.65,354.9,353.05,353.75,1250534
2024-06-10 11:15:00,1717998300,353.75,354.4,352.2,352.5,1170220
2024-06-10 12:15:00,1718001900,352.65,354,352.5,352.95,1092320
2024-06-10 13:15:00,1718005500,353,353,351.75,351.95,1460161
2024-06-10 14:15:00,1718009100,351.9,352,348.7,350.3,3175156
2024-06-10 15:15:00,1718012700,350.3,351,349.6,350.95,1103543
2024-06-11 09:15:00,1718077500,351.75,354.5,349.8,354.1,4633972
2024-06-11 10:15:00,1718081100,354.1,354.2,352.05,353.1,1611830
2024-06-11 11:15:00,1718084700,353.05,354,352.55,352.85,1068400
2024-06-11 12:15:00,1718088300,353,353.05,351.5,351.6,1016026
2024-06-11 13:15:00,1718091900,351.6,352.5,351.15,351.4,1082362
2024-06-11 14:15:00,1718095500,351.3,352.25,350.1,350.2,1985163
2024-06-11 15:15:00,1718099100,350.2,350.4,349.55,350.4,1348181
2024-06-12 09:15:00,1718163900,351.95,354.25,351.55,353.25,3466350
2024-06-12 10:15:00,1718167500,353.25,353.45,352.25,353,1293512
2024-06-12 11:15:00,1718171100,353.1,353.5,352.5,352.9,1040181
2024-06-12 12:15:00,1718174700,352.9,353.25,352.3,352.55,948099
2024-06-12 13:15:00,1718178300,352.5,355.25,352.2,353.7,2277659
2024-06-12 14:15:00,1718181900,353.7,360.6,353,358.75,14366657
2024-06-12 15:15:00,1718185500,358.95,363.5,358.8,363.4,6593691
2024-06-13 09:15:00,1718250300,365,366.4,360.4,361.85,9450482
2024-06-13 10:15:00,1718253900,362,362.2,359,359.1,2575028
2024-06-13 11:15:00,1718257500,359.25,360.9,358.2,360.4,1886665
2024-06-13 12:15:00,1718261100,360.4,364.4,359.5,361.45,4638497
2024-06-13 13:15:00,1718264700,361.45,363.2,361,361,1973823
2024-06-13 14:15:00,1718268300,360.95,363.2,359.75,360.2,4884716
2024-06-13 15:15:00,1718271900,360.2,361.7,360,361.4,1994639
2024-06-14 09:15:00,1718336700,362,362.75,357.6,358.6,5766659
2024-06-14 10:15:00,1718340300,358.5,358.9,357.3,357.8,2665375
2024-06-14 11:15:00,1718343900,357.85,358.75,357.8,358.3,2021212
2024-06-14 12:15:00,1718347500,358.35,359.45,358,358.4,2608969
2024-06-14 13:15:00,1718351100,358.35,358.9,357.5,357.9,1574199
2024-06-14 14:15:00,1718354700,357.85,358,356.1,357.2,3767473
2024-06-14 15:15:00,1718358300,357.2,357.95,356.7,357.5,1420609
2024-06-18 09:15:00,1718682300,358.75,365,357.6,363,7140964
2024-06-18 10:15:00,1718685900,363.05,364.8,361.4,363.85,4890811
2024-06-18 11:15:00,1718689500,363.8,364.45,363,363,2410441
2024-06-18 12:15:00,1718693100,363.1,364.8,361.8,362.35,2186021
2024-06-18 13:15:00,1718696700,362.35,364.6,361.9,363.7,2501223
2024-06-18 14:15:00,1718700300,363.7,363.95,362.5,362.9,2017155
2024-06-18 15:15:00,1718703900,362.9,363.5,362.7,363.25,1479100
2024-06-19 09:15:00,1718768700,363.95,363.95,357.05,360.9,5498416
2024-06-19 10:15:00,1718772300,360.85,362,357.9,359.75,2659001
2024-06-19 11:15:00,1718775900,359.6,360.4,359.45,360.2,1116659
2024-06-19 12:15:00,1718779500,360.25,362.15,359.3,359.6,1988920
2024-06-19 13:15:00,1718783100,359.55,360.25,358.6,359.25,1146674
2024-06-19 14:15:00,1718786700,359.3,360,357.8,357.8,1924652
2024-06-19 15:15:00,1718790300,357.8,359,357.5,358.7,1361405
2024-06-20 09:15:00,1718855100,358.9,368.3,358,366.3,14415034
2024-06-20 10:15:00,1718858700,366.3,366.3,364.15,364.7,2753922
2024-06-20 11:15:00,1718862300,364.65,365.2,364,364.25,1309564
2024-06-20 12:15:00,1718865900,364.25,364.25,360.8,361.5,2579815
2024-06-20 13:15:00,1718869500,361.55,361.7,359.35,360.5,3472171
2024-06-20 14:15:00,1718873100,360.4,364.8,360.3,363.25,3964319
2024-06-20 15:15:00,1718876700,363.25,368.2,363,365.45,5015780
2024-06-21 09:15:00,1718941500,366,366.8,362.2,362.35,4197491
2024-06-21 10:15:00,1718945100,362.45,363.3,361.1,362.4,1934074
2024-06-21 11:15:00,1718948700,362.35,364.7,362.15,364.15,1769034
2024-06-21 12:15:00,1718952300,364.15,365.5,361.55,362.25,2553041
2024-06-21 13:15:00,1718955900,362.3,363.8,362,363.25,1759585
2024-06-21 14:15:00,1718959500,363.3,363.4,360.25,360.4,5036852
2024-06-21 15:15:00,1718963100,360.3,360.85,359.15,360.7,3808661
2024-06-24 09:15:00,1719200700,356,356.4,352.3,355.9,7987814
2024-06-24 10:15:00,1719204300,355.95,356.25,355.3,355.8,1498226
2024-06-24 11:15:00,1719207900,355.75,356.15,353.95,354.8,2156218
2024-06-24 12:15:00,1719211500,354.95,355.1,354.5,355,945111
2024-06-24 13:15:00,1719215100,355,355.5,354.6,355.1,1165884
2024-06-24 14:15:00,1719218700,355.1,356.25,355,355.3,1982657
2024-06-24 15:15:00,1719222300,355.2,355.95,355,355.9,1095096
2024-06-25 09:15:00,1719287100,356.95,359.15,356.35,356.85,2819047
2024-06-25 10:15:00,1719290700,356.7,358.2,356.25,358.05,930334
2024-06-25 11:15:00,1719294300,358.1,362.5,357.7,360.95,3499522
2024-06-25 12:15:00,1719297900,360.75,361.5,358.65,360.45,2445258
2024-06-25 13:15:00,1719301500,360.35,360.45,359.45,360,1108665
2024-06-25 14:15:00,1719305100,360.15,360.2,358.1,359.35,1580925
2024-06-25 15:15:00,1719308700,359.35,359.4,358.25,358.95,803027
2024-06-26 09:15:00,1719373500,358.95,358.95,353.15,353.55,5430763
2024-06-26 10:15:00,1719377100,353.55,355.45,353.2,354.9,2423453
2024-06-26 11:15:00,1719380700,354.85,355.45,354.55,355.15,1008436
2024-06-26 12:15:00,1719384300,355.1,355.7,354.2,354.6,1255554
2024-06-26 13:15:00,1719387900,354.6,357.8,354.05,356.25,2369735
2024-06-26 14:15:00,1719391500,356.35,359.7,355.05,356.45,12633979
2024-06-26 15:15:00,1719395100,356.45,356.85,355.15,355.85,2000238
2024-06-27 09:15:00,1719459900,356.25,357.25,353.95,356.85,4010032
2024-06-27 10:15:00,1719463500,356.9,358.4,354.1,355.45,2743800
2024-06-27 11:15:00,1719467100,355.45,355.45,354.5,355.2,870640
2024-06-27 12:15:00,1719470700,355.2,356,353,353.95,1676282
2024-06-27 13:15:00,1719474300,353.8,354.3,349,349,2651494
2024-06-27 14:15:00,1719477900,349,354.4,348,353.9,4736306
2024-06-27 15:15:00,1719481500,353.9,354.15,352.4,353.05,1967763
2024-06-28 09:15:00,1719546300,357,362,355.4,361.05,10561170
2024-06-28 10:15:00,1719549900,361.2,361.2,357.55,358.1,3228900
2024-06-28 11:15:00,1719553500,358.05,359.8,356,357.1,2442581
2024-06-28 12:15:00,1719557100,357.15,357.15,356,356.4,1361015
2024-06-28 13:15:00,1719560700,356.4,358.5,356.15,357.85,1712727
2024-06-28 14:15:00,1719564300,357.75,358.6,356.65,358.6,2637612
2024-06-28 15:15:00,1719567900,358.55,358.7,357.35,357.8,1430566
2024-07-01 09:15:00,1719805500,358.15,358.4,352.95,354.05,5468472
2024-07-01 10:15:00,1719809100,354.05,354.65,353.8,354.1,1424363
2024-07-01 11:15:00,1719812700,354.15,354.6,353.65,354,1558125
2024-07-01 12:15:00,1719816300,354,354,353,353.55,1589558
2024-07-01 13:15:00,1719819900,353.5,353.9,352.75,353.05,1857293
2024-07-01 14:15:00,1719823500,353.05,353.4,352.75,353.15,1984900
2024-07-01 15:15:00,1719827100,353.15,353.15,352.05,352.85,1777484
2024-07-02 09:15:00,1719891900,353.2,355.45,351.3,354.7,4533450
2024-07-02 10:15:00,1719895500,354.7,354.7,353.7,354.35,890299
2024-07-02 11:15:00,1719899100,354.3,354.4,352.4,352.5,1046696
2024-07-02 12:15:00,1719902700,352.45,352.8,350,351.2,2056175
2024-07-02 13:15:00,1719906300,351.15,352.65,350.15,351.95,1247441
2024-07-02 14:15:00,1719909900,351.9,352.1,351,351,1252646
2024-07-02 15:15:00,1719913500,351.05,351.05,350.5,350.85,1090886
2024-07-03 09:15:00,1719978300,353,356.4,352,352.55,2757388
2024-07-03 10:15:00,1719981900,352.4,353.5,352.2,352.6,963854
2024-07-03 11:15:00,1719985500,352.65,352.9,351.45,352.1,1281897
2024-07-03 12:15:00,1719989100,352.05,352.15,350,350.55,1925509
2024-07-03 13:15:00,1719992700,350.5,351.25,350.5,351.1,1169038
2024-07-03 14:15:00,1719996300,351.05,351.9,349.7,351.2,2722244
2024-07-03 15:15:00,1719999900,351.15,351.8,350.95,351.45,1255501
2024-07-04 09:15:00,1720064700,352,356.85,351.5,354.4,4712060
2024-07-04 10:15:00,1720068300,354.5,354.75,352.05,353.25,1509312
2024-07-04 11:15:00,1720071900,353.25,353.45,352.55,352.8,584661
2024-07-04 12:15:00,1720075500,352.6,353.25,352,352.2,806928
2024-07-04 13:15:00,1720079100,352.1,352.25,351,351.15,1468559
2024-07-04 14:15:00,1720082700,351.2,351.9,350.65,350.7,1872441
2024-07-04 15:15:00,1720086300,350.75,351.25,350.3,351.2,981496
2024-07-05 09:15:00,1720151100,350.85,352.8,349.6,350.9,3753038
2024-07-05 10:15:00,1720154700,350.85,351.5,350.15,351,1296690
2024-07-05 11:15:00,1720158300,351,351.85,349.85,350,1700976
2024-07-05 12:15:00,1720161900,350,350.6,349.1,349.95,1665171
2024-07-05 13:15:00,1720165500,349.95,350.95,349.5,350.6,1156619
2024-07-05 14:15:00,1720169100,350.5,352,349.65,351.95,2885997
2024-07-05 15:15:00,1720172700,351.9,354.8,351.65,353,3034771
2024-07-08 09:15:00,1720410300,353,353.55,350.55,351.5,3098719
2024-07-08 10:15:00,1720413900,351.5,351.75,350.15,350.6,1228976
2024-07-08 11:15:00,1720417500,350.6,351.1,350.05,350.3,1429872
2024-07-08 12:15:00,1720421100,350.45,351,350,350.95,907543
2024-07-08 13:15:00,1720424700,351,351,350.1,350.25,670950
2024-07-08 14:15:00,1720428300,350.45,350.5,348,348.85,2674510
2024-07-08 15:15:00,1720431900,348.75,348.8,347.2,348.5,1479809
2024-07-09 09:15:00,1720496700,349.1,353.7,348.55,350.95,3398240
2024-07-09 10:15:00,1720500300,350.9,352,349.25,351.45,1352756
2024-07-09 11:15:00,1720503900,351.35,352.75,350.6,351.45,978623
2024-07-09 12:15:00,1720507500,351.4,351.85,351,351.4,431695
2024-07-09 13:15:00,1720511100,351.45,352,351.25,351.95,562470
2024-07-09 14:15:00,1720514700,351.9,352,350.1,350.3,1085140
2024-07-09 15:15:00,1720518300,350.25,350.4,349,349.3,1075536
2024-07-10 09:15:00,1720583100,350.4,350.9,347.5,347.9,2359794
2024-07-10 10:15:00,1720586700,347.9,348.65,344.1,347.4,2353484
2024-07-10 11:15:00,1720590300,347.35,350.6,346.9,348.4,3295702
2024-07-10 12:15:00,1720593900,348.35,349.6,347.15,347.5,702339
2024-07-10 13:15:00,1720597500,347.45,347.8,346.35,346.6,640191
2024-07-10 14:15:00,1720601100,346.55,348.2,346.35,348,1434602
2024-07-10 15:15:00,1720604700,348,348.1,347.55,347.8,745212
2024-07-11 09:15:00,1720669500,349.5,351.35,347.5,347.65,2697004
2024-07-11 10:15:00,1720673100,347.7,348.1,347,347.95,1060795
2024-07-11 11:15:00,1720676700,347.9,348.45,347.5,347.95,716474
2024-07-11 12:15:00,1720680300,347.9,348.3,347.4,348.2,673185
2024-07-11 13:15:00,1720683900,348.3,348.3,347.4,347.7,770967
2024-07-11 14:15:00,1720687500,347.7,348.35,347.5,348.15,1254658
2024-07-11 15:15:00,1720691100,348.1,348.3,347.65,348.2,854727
2024-07-12 09:15:00,1720755900,354.5,356.4,351,351.95,7348689
2024-07-12 10:15:00,1720759500,351.9,352.7,351,352.4,1708683
2024-07-12 11:15:00,1720763100,352.45,352.55,351.1,352.2,1371508
2024-07-12 12:15:00,1720766700,352.4,352.7,351,351.25,1217246
2024-07-12 13:15:00,1720770300,351.25,351.3,350.05,350.5,1369021
2024-07-12 14:15:00,1720773900,350.5,351,350.05,350.2,1854208
2024-07-12 15:15:00,1720777500,350.1,350.8,350,350.7,1420858
2024-07-15 09:15:00,1721015100,354.3,355.2,351.7,351.9,4541767
2024-07-15 10:15:00,1721018700,351.9,353.5,351.8,352.5,1248809
2024-07-15 11:15:00,1721022300,352.55,353.2,351.85,352.35,1215761
2024-07-15 12:15:00,1721025900,352.3,352.7,352.1,352.4,769856
2024-07-15 13:15:00,1721029500,352.35,353.6,352.1,352.75,1125935
2024-07-15 14:15:00,1721033100,352.8,356.7,352.55,355.9,3935520
2024-07-15 15:15:00,1721036700,355.85,356,355.05,355.05,2602207
2024-07-16 09:15:00,1721101500,350,350.35,346.75,348.45,8885692
2024-07-16 10:15:00,1721105100,348.4,348.95,347.5,347.85,1856930
2024-07-16 11:15:00,1721108700,347.8,347.85,346.85,347.3,2210279
2024-07-16 12:15:00,1721112300,347.25,347.4,344.55,345,4181291
2024-07-16 13:15:00,1721115900,344.95,345,343.1,343.3,3087051
2024-07-16 14:15:00,1721119500,343.25,345,343.1,344.35,2966283
2024-07-16 15:15:00,1721123100,344.35,344.8,343.45,344.8,1780476
2024-07-18 09:15:00,1721274300,345.6,346.15,340,341.6,4848499
2024-07-18 10:15:00,1721277900,341.6,341.8,337.2,337.3,3389612
2024-07-18 11:15:00,1721281500,337.3,338.5,336.95,338.45,1848696
2024-07-18 12:15:00,1721285100,338.35,338.55,337,337.9,1611130
2024-07-18 13:15:00,1721288700,337.9,338.6,337.3,338.35,1508829
2024-07-18 14:15:00,1721292300,338.25,338.65,336.05,336.15,10308109
2024-07-18 15:15:00,1721295900,336.3,337.45,336,337,1643731
2024-07-19 09:15:00,1721360700,337.05,337.95,332.05,332.2,4061131
2024-07-19 10:15:00,1721364300,332.2,335.4,332.1,333.75,1663352
2024-07-19 11:15:00,1721367900,333.75,335.7,333.25,335.5,1040495
2024-07-19 12:15:00,1721371500,335.4,336.65,334.6,336.35,1026823
2024-07-19 13:15:00,1721375100,336.25,342,336.1,340.55,3446833
2024-07-19 14:15:00,1721378700,340.6,341.8,337.7,338.15,2770306
2024-07-19 15:15:00,1721382300,338.1,339.8,337.8,339,1326174
2024-07-22 09:15:00,1721619900,338.75,342.3,334.3,341.35,3950185
2024-07-22 10:15:00,1721623500,341.4,343,340.15,340.25,2090170
2024-07-22 11:15:00,1721627100,340.1,340.8,338.35,338.95,1347475
2024-07-22 12:15:00,1721630700,338.9,339.4,337.2,338,901930
2024-07-22 13:15:00,1721634300,338.15,340.1,337.6,339.2,1456616
2024-07-22 14:15:00,1721637900,339.1,342,338.9,341.5,1574448
2024-07-22 15:15:00,1721641500,341.5,341.8,339.8,341,946367
2024-07-23 09:15:00,1721706300,342,342,338,338.6,2514723
2024-07-23 10:15:00,1721709900,338.65,339.25,338.05,339.1,1047447
2024-07-23 11:15:00,1721713500,339.05,339.1,337.05,338.3,1194357
2024-07-23 12:15:00,1721717100,338.3,338.5,326,334,5003591
2024-07-23 13:15:00,1721720700,334,335.95,333.95,335,1208324
2024-07-23 14:15:00,1721724300,335,335.95,334.4,335,1939043
2024-07-23 15:15:00,1721727900,334.95,335.2,334.35,335.2,945301
2024-07-24 09:15:00,1721792700,335.25,337.6,335,337.15,2516670
2024-07-24 10:15:00,1721796300,337.05,339,336.65,336.75,1360429
2024-07-24 11:15:00,1721799900,336.65,337.25,335.8,336.75,1151064
2024-07-24 12:15:00,1721803500,336.9,337.25,335.15,335.4,984941
2024-07-24 13:15:00,1721807100,335.35,336.25,335.1,335.25,657962
2024-07-24 14:15:00,1721810700,335.25,335.7,334.6,334.7,1338147
2024-07-24 15:15:00,1721814300,334.65,334.95,334.6,334.9,702146
2024-07-25 09:15:00,1721879100,333,333,331.05,331.85,2583600
2024-07-25 10:15:00,1721882700,331.65,333.65,331.5,332.95,852822
2024-07-25 11:15:00,1721886300,333,333.1,329.75,330,3374057
2024-07-25 12:15:00,1721889900,329.9,330.5,329.8,330.05,1113300
2024-07-25 13:15:00,1721893500,330.05,330.3,328.9,330.1,1415257
2024-07-25 14:15:00,1721897100,330,330.15,328.95,329.65,1340180
2024-07-25 15:15:00,1721900700,329.6,329.65,328,329.05,1500815
2024-07-26 09:15:00,1721965500,329.85,335.45,329.55,334.9,2927995
2024-07-26 10:15:00,1721969100,335,336.65,334.55,334.6,1440790
2024-07-26 11:15:00,1721972700,334.6,334.75,333.15,333.3,957771
2024-07-26 12:15:00,1721976300,333.4,333.9,333,333.45,788451
2024-07-26 13:15:00,1721979900,333.35,333.5,331.5,331.9,1409129
2024-07-26 14:15:00,1721983500,331.85,332.75,331.6,332,1178801
2024-07-26 15:15:00,1721987100,332.05,332.05,331.35,331.95,966346
2024-07-29 09:15:00,1722224700,334.5,335.2,332.35,334.2,2736231
2024-07-29 10:15:00,1722228300,334.3,334.55,333.3,333.65,1333865
2024-07-29 11:15:00,1722231900,333.7,333.9,332.35,332.55,1706582
2024-07-29 12:15:00,1722235500,332.55,332.6,329.75,330,2312420
2024-07-29 13:15:00,1722239100,330,330.65,329.85,330.25,1475556
2024-07-29 14:15:00,1722242700,330.25,330.45,329.5,330.4,2019768
2024-07-29 15:15:00,1722246300,330.4,330.6,329.9,330.6,1030848
2024-07-30 09:15:00,1722311100,331,331.75,329.1,330.25,2728738
2024-07-30 10:15:00,1722314700,330.25,330.85,329.75,330.5,1145386
2024-07-30 11:15:00,1722318300,330.5,330.7,329.85,330.2,1043842
2024-07-30 12:15:00,1722321900,330.05,330.3,329.6,330.05,1061985
2024-07-30 13:15:00,1722325500,330,330.35,329.65,329.95,757437
2024-07-30 14:15:00,1722329100,329.9,330,329.25,329.55,1144461
2024-07-30 15:15:00,1722332700,329.4,329.5,329.1,329.15,795270
2024-07-31 09:15:00,1722397500,329.35,331.25,328.6,330.25,2299414
2024-07-31 10:15:00,1722401100,330.3,330.35,327.5,328.45,2286980
2024-07-31 11:15:00,1722404700,328.45,330.45,327.75,329.55,1851356
2024-07-31 12:15:00,1722408300,329.55,330.35,329.2,330.15,1474412
2024-07-31 13:15:00,1722411900,331.15,331.15,328.7,328.95,1280595
2024-07-31 14:15:00,1722415500,328.95,329.3,328.5,328.5,1819752
2024-07-31 15:15:00,1722419100,328.55,328.65,328,328.3,1379041
2024-08-01 09:15:00,1722483900,329,331.9,329,330.9,3449424
2024-08-01 10:15:00,1722487500,330.8,332.7,330.4,332.3,3350203
2024-08-01 11:15:00,1722491100,332.25,332.9,330.65,330.85,2311466
2024-08-01 12:15:00,1722494700,330.7,331,329.75,330.5,1096515
2024-08-01 13:15:00,1722498300,330.65,330.7,329.75,329.9,487143
2024-08-01 14:15:00,1722501900,329.9,329.9,328.25,328.75,1561016
2024-08-01 15:15:00,1722505500,328.7,329,328.4,328.7,861777
2024-08-02 09:15:00,1722570300,325.95,328.25,324.55,326.9,2839181
2024-08-02 10:15:00,1722573900,326.8,327.85,326.55,327.4,821342
2024-08-02 11:15:00,1722577500,327.45,327.5,326.5,326.75,620458
2024-08-02 12:15:00,1722581100,326.75,327.2,326.05,327.1,567180
2024-08-02 13:15:00,1722584700,327.1,327.75,326.5,327.15,477421
2024-08-02 14:15:00,1722588300,327.15,327.3,326.05,326.25,1071000
2024-08-02 15:15:00,1722591900,326.25,326.45,326.05,326.3,875342
2024-08-05 09:15:00,1722829500,317.95,322.2,315,319.95,6578076
2024-08-05 10:15:00,1722833100,319.95,320,316,316.2,2310634
2024-08-05 11:15:00,1722836700,316.2,318.3,315,318.2,2336602
2024-08-05 12:15:00,1722840300,318.25,318.5,315.2,317.05,1533136
2024-08-05 13:15:00,1722843900,317.2,318.85,315.6,317.2,1585941
2024-08-05 14:15:00,1722847500,317.2,318,316.1,317.1,1461152
2024-08-05 15:15:00,1722851100,317.15,317.45,316.95,317.15,933695
2024-08-06 09:15:00,1722915900,317.15,322,317.15,320.65,3512175
2024-08-06 10:15:00,1722919500,320.65,321.2,318.25,319.45,1714906
2024-08-06 11:15:00,1722923100,319.45,319.85,318.6,319.3,683904
2024-08-06 12:15:00,1722926700,319.25,319.65,316.8,317.5,1405602
2024-08-06 13:15:00,1722930300,317.5,317.55,314.5,314.95,1493775
2024-08-06 14:15:00,1722933900,315,315.95,311,311.4,2368253
2024-08-06 15:15:00,1722937500,311.4,312.25,310,312.2,1441560
2024-08-07 09:15:00,1723002300,316.45,317,313.5,313.75,3179221
2024-08-07 10:15:00,1723005900,313.75,315.45,313.3,314.85,1396964
2024-08-07 11:15:00,1723009500,315,319.3,314.5,319.3,1594449
2024-08-07 12:15:00,1723013100,319.25,324.75,317.65,324.2,2966585
2024-08-07 13:15:00,1723016700,324.05,324.45,321.2,322.3,1814702
2024-08-07 14:15:00,1723020300,322.3,325.8,321.5,323.55,3573748
2024-08-07 15:15:00,1723023900,323.5,337.2,323.5,331,6212868
2024-08-08 09:15:00,1723088700,330,330.8,326.1,327.7,3632880
2024-08-08 10:15:00,1723092300,327.65,328,326.25,327.7,973909
2024-08-08 11:15:00,1723095900,327.8,328,326.7,327.9,644006
2024-08-08 12:15:00,1723099500,327.95,328,325.6,325.65,817601
2024-08-08 13:15:00,1723103100,325.95,326.7,325.05,325.55,696459
2024-08-08 14:15:00,1723106700,325.4,327.45,324,326.5,1888463
2024-08-08 15:15:00,1723110300,326.45,326.85,325.5,326.45,987957
2024-08-09 09:15:00,1723175100,330.2,330.5,328.25,328.9,1984779
2024-08-09 10:15:00,1723178700,328.8,329.2,326.8,328,1480740
2024-08-09 11:15:00,1723182300,328,328.1,325.8,326.45,1031626
2024-08-09 12:15:00,1723185900,326.45,326.5,324.5,325.4,954945
2024-08-09 13:15:00,1723189500,325.3,326.3,325.2,326.15,743895
2024-08-09 14:15:00,1723193100,326.3,326.8,325.1,325.7,961302
2024-08-09 15:15:00,1723196700,325.8,325.95,325.3,325.75,616611
2024-08-12 09:15:00,1723434300,325,327.95,322.3,324.75,2960276
2024-08-12 10:15:00,1723437900,324.75,328.95,324.65,328.6,1811284
2024-08-12 11:15:00,1723441500,328.6,330.4,326,326,1830213
2024-08-12 12:15:00,1723445100,326,326.9,325.35,325.8,876863
2024-08-12 13:15:00,1723448700,325.85,326.75,325.3,325.5,1333478
2024-08-12 14:15:00,1723452300,325.5,329.45,324.5,329.15,1944992
2024-08-12 15:15:00,1723455900,329.1,330.95,328.9,329.5,1679011
2024-08-13 09:15:00,1723520700,329.5,336.5,328,332.9,6477372
2024-08-13 10:15:00,1723524300,332.9,332.95,331.05,331.5,1495997
2024-08-13 11:15:00,1723527900,331.45,332.4,330,330.15,924564
2024-08-13 12:15:00,1723531500,330.1,330.2,327.05,327.5,1345844
2024-08-13 13:15:00,1723535100,327.45,328.1,324.1,325.8,1893606
2024-08-13 14:15:00,1723538700,325.95,326.3,323.5,323.65,1776943
2024-08-13 15:15:00,1723542300,323.65,323.8,322,323,1238462
2024-08-14 09:15:00,1723607100,326,326.35,322.15,324.3,2375803
2024-08-14 10:15:00,1723610700,324.3,324.9,323.05,323.75,904702
2024-08-14 11:15:00,1723614300,323.75,324.8,322.65,324.15,738468
2024-08-14 12:15:00,1723617900,324.15,324.25,322.65,322.9,1117975
2024-08-14 13:15:00,1723621500,322.9,322.95,321.55,322,699477
2024-08-14 14:15:00,1723625100,322,322,320,320.15,1413565
2024-08-14 15:15:00,1723628700,320.1,320.3,319.2,320,775055
2024-08-16 09:15:00,1723779900,324,325.5,320.7,321.1,2453941
2024-08-16 10:15:00,1723783500,321.05,321.9,320.5,321.55,943269
2024-08-16 11:15:00,1723787100,321.65,321.65,320.25,321.15,1305850
2024-08-16 12:15:00,1723790700,321.15,321.3,319.55,320.1,1599914
2024-08-16 13:15:00,1723794300,320.1,324.8,319.75,323.7,2669143
2024-08-16 14:15:00,1723797900,323.55,328.6,323.35,328.5,5547980
2024-08-16 15:15:00,1723801500,328.45,329.55,327.05,327.9,1905430
2024-08-19 09:15:00,1724039100,331.95,334,328.8,333.7,4930646
2024-08-19 10:15:00,1724042700,333.55,334.5,331.8,331.8,2301294
2024-08-19 11:15:00,1724046300,331.95,333,331.75,332.8,886407
2024-08-19 12:15:00,1724049900,332.9,333.2,329.95,330.75,1882831
2024-08-19 13:15:00,1724053500,330.65,331.3,329.05,330,1227267
2024-08-19 14:15:00,1724057100,329.9,332.75,329.85,331.05,1746312
2024-08-19 15:15:00,1724060700,331.15,331.9,330.65,331.45,712886
2024-08-20 09:15:00,1724125500,332.4,337.95,332.3,335.2,5684707
2024-08-20 10:15:00,1724129100,335.2,335.4,333.55,334.15,1256247
2024-08-20 11:15:00,1724132700,334.2,335.05,333.7,334,1073328
2024-08-20 12:15:00,1724136300,333.95,334.9,333.6,333.9,1604079
2024-08-20 13:15:00,1724139900,333.9,334.85,333.6,333.6,1143271
2024-08-20 14:15:00,1724143500,333.7,334.35,332,334.1,2666598
2024-08-20 15:15:00,1724147100,334.1,336.5,333.3,335.95,2323007
2024-08-21 09:15:00,1724211900,335.9,336.6,331.65,334.7,5967425
2024-08-21 10:15:00,1724215500,334.6,337.25,332.8,334.15,4093438
2024-08-21 11:15:00,1724219100,334.15,335,333.95,334.45,849841
2024-08-21 12:15:00,1724222700,334.4,334.45,330.95,331.95,2387350
2024-08-21 13:15:00,1724226300,332,332,329.5,330.95,2733329
2024-08-21 14:15:00,1724229900,331,331.65,330.3,331.1,1814787
2024-08-21 15:15:00,1724233500,331.05,331.25,330.6,331,1040751
2024-08-22 09:15:00,1724298300,332.2,333.4,331.1,332.2,2156487
2024-08-22 10:15:00,1724301900,332.2,332.6,331.5,332.2,622899
2024-08-22 11:15:00,1724305500,332.15,332.9,332,332.6,518652
2024-08-22 12:15:00,1724309100,332.65,332.7,330.25,330.5,1271465
2024-08-22 13:15:00,1724312700,330.5,330.7,330.2,330.25,763143
2024-08-22 14:15:00,1724316300,330.4,330.45,328.9,329.6,2110867
2024-08-22 15:15:00,1724319900,329.65,329.8,329.05,329.6,890496
2024-08-23 09:15:00,1724384700,330,333.7,329.65,331.4,2548890
2024-08-23 10:15:00,1724388300,331.35,332.6,330.45,330.5,754905
2024-08-23 11:15:00,1724391900,330.55,331.2,329.9,330.25,929029
2024-08-23 12:15:00,1724395500,330.25,330.5,328.5,329.2,1294066
2024-08-23 13:15:00,1724399100,329.05,329.45,327.65,328.1,1274565
2024-08-23 14:15:00,1724402700,328.1,328.5,327.05,327.1,1049915
2024-08-23 15:15:00,1724406300,327.15,327.35,326.7,327.05,1067444
2024-08-26 09:15:00,1724643900,332.7,334.2,329.5,329.95,5285797
2024-08-26 10:15:00,1724647500,330,330.2,321.75,324.25,9705997
2024-08-26 11:15:00,1724651100,324.35,325.95,324.1,324.65,2347719
2024-08-26 12:15:00,1724654700,324.6,324.95,322.85,323.5,2042132
2024-08-26 13:15:00,1724658300,323.4,323.95,322.75,323.5,1864770
2024-08-26 14:15:00,1724661900,323.5,324.2,322.45,323.25,3382865
2024-08-26 15:15:00,1724665500,323.25,323.7,323,323.7,1482930
2024-08-27 09:15:00,1724730300,324.5,325.7,321.65,324.75,3303897
2024-08-27 10:15:00,1724733900,324.75,324.9,324.1,324.5,1157234
2024-08-27 11:15:00,1724737500,324.4,324.6,322.8,323,1345421
2024-08-27 12:15:00,1724741100,323,323.1,322.25,322.75,1400716
2024-08-27 13:15:00,1724744700,322.7,326.6,322.2,323,6172488
2024-08-27 14:15:00,1724748300,322.95,323.7,322.5,323.5,2207349
2024-08-27 15:15:00,1724751900,323.5,324,323.1,323.8,994680
2024-08-28 09:15:00,1724816700,327,330,325.55,329.25,6835934
2024-08-28 10:15:00,1724820300,329.2,330.25,328.4,328.8,2524868
2024-08-28 11:15:00,1724823900,328.65,329,326.4,326.9,2110561
2024-08-28 12:15:00,1724827500,326.9,326.95,324.5,324.85,2133952
2024-08-28 13:15:00,1724831100,324.95,326.1,324.5,324.75,1646586
2024-08-28 14:15:00,1724834700,324.75,324.95,322.25,322.5,3666805
2024-08-28 15:15:00,1724838300,322.45,322.85,320.9,322.3,2508599
2024-08-29 09:15:00,1724903100,324.25,327.7,324,327.7,3865332
2024-08-29 10:15:00,1724906700,327.6,333.1,327.2,328.75,8172643
2024-08-29 11:15:00,1724910300,328.8,328.9,325.75,325.95,2072159
2024-08-29 12:15:00,1724913900,325.95,326.8,324.65,325,3347332
2024-08-29 13:15:00,1724917500,324.95,331.1,324.6,326.45,7657241
2024-08-29 14:15:00,1724921100,326.35,327,323.5,324.8,6456781
2024-08-29 15:15:00,1724924700,324.75,326.45,324.55,326,2193241
2024-08-30 09:15:00,1724989500,327.65,331.6,327.1,329.55,5582459
2024-08-30 10:15:00,1724993100,329.7,330.35,327.4,327.45,2217770
2024-08-30 11:15:00,1724996700,327.5,327.75,325.1,325.85,3943840
2024-08-30 12:15:00,1725000300,325.65,326.35,324.8,325.35,1847904
2024-08-30 13:15:00,1725003900,325.25,325.45,323.5,323.7,2746596
2024-08-30 14:15:00,1725007500,323.65,325.65,321.05,321.3,6997002
2024-08-30 15:15:00,1725011100,321.4,322.6,320.65,322.4,4075022
2024-09-02 09:15:00,1725248700,323.9,328.7,323.15,325,9534725
2024-09-02 10:15:00,1725252300,325,326.6,324.6,326.1,1903673
2024-09-02 11:15:00,1725255900,326,326.4,325.5,326.3,797544
2024-09-02 12:15:00,1725259500,326.4,327,325.6,326.45,1178132
2024-09-02 13:15:00,1725263100,326.45,330,326.4,329,3250671
2024-09-02 14:15:00,1725266700,329.05,346.3,328.75,345.4,32670741
2024-09-02 15:15:00,1725270300,345.6,349.35,344.6,347.8,15976357
2024-09-03 09:15:00,1725335100,351,352.8,342.5,348.75,29184418
2024-09-03 10:15:00,1725338700,348.7,349.5,346.2,346.8,5645933
2024-09-03 11:15:00,1725342300,346.9,347.45,345,346.5,3527429
2024-09-03 12:15:00,1725345900,346.4,348,346.2,346.75,2625740
2024-09-03 13:15:00,1725349500,346.75,347.2,342.8,343.6,4328557
2024-09-03 14:15:00,1725353100,343.5,355,343.05,350.1,15832089
2024-09-03 15:15:00,1725356700,350,350.25,347.6,348.2,4112314
2024-09-04 09:15:00,1725421500,345,347.25,343.05,346.3,7245062
2024-09-04 10:15:00,1725425100,346.4,348.55,345.5,345.9,3051720
2024-09-04 11:15:00,1725428700,345.9,346.45,345.3,346.2,1036670
2024-09-04 12:15:00,1725432300,346.2,346.45,344.8,345.25,1274768
2024-09-04 13:15:00,1725435900,345.3,346.4,345.25,345.55,1270722
2024-09-04 14:15:00,1725439500,345.6,350.3,345.1,347.1,5911615
2024-09-04 15:15:00,1725443100,347.2,347.85,346.25,346.4,2205721
2024-09-05 09:15:00,1725507900,348.6,350,345.95,346.95,4533281
2024-09-05 10:15:00,1725511500,347,347.2,345.55,346.75,1463969
2024-09-05 11:15:00,1725515100,346.75,350.45,346.6,349.25,3202585
2024-09-05 12:15:00,1725518700,349.2,349.4,347.25,347.4,1371474
2024-09-05 13:15:00,1725522300,347.35,347.95,346.7,347.1,1084176
2024-09-05 14:15:00,1725525900,347.15,347.7,345.8,346.1,2544026
2024-09-05 15:15:00,1725529500,346,346.1,344,344.35,2163225
2024-09-06 09:15:00,1725594300,345,345.85,336,338.75,6632642
2024-09-06 10:15:00,1725597900,338.6,339.45,336.45,338.15,3006316
2024-09-06 11:15:00,1725601500,338.25,338.9,336.9,338.4,1233839
2024-09-06 12:15:00,1725605100,338.55,338.6,336.3,336.95,1396358
2024-09-06 13:15:00,1725608700,337,338.15,336.55,337.55,1168876
2024-09-06 14:15:00,1725612300,337.6,337.65,336.4,336.95,2181881
2024-09-06 15:15:00,1725615900,336.8,337.75,336.2,337.75,1626971
2024-09-09 09:15:00,1725853500,337.95,339.7,329.3,334.2,6518590
2024-09-09 10:15:00,1725857100,334.2,336.7,333.4,336.1,1504963
2024-09-09 11:15:00,1725860700,336.05,336.1,333.5,333.75,940317
2024-09-09 12:15:00,1725864300,333.55,334.45,332.6,333.9,841515
2024-09-09 13:15:00,1725867900,333.85,336.7,333.8,334.9,1162229
2024-09-09 14:15:00,1725871500,334.8,341.5,334.55,341.15,3352681
2024-09-09 15:15:00,1725875100,341.2,345.85,340,344.1,4358015
2024-09-10 09:15:00,1725939900,343.95,348.9,340.85,347.55,8080966
2024-09-10 10:15:00,1725943500,347.35,359.75,347.1,353.05,28872487
2024-09-10 11:15:00,1725947100,352.95,354,349.4,349.7,5613236
2024-09-10 12:15:00,1725950700,349.7,351.65,348.7,349.95,2901813
2024-09-10 13:15:00,1725954300,350.2,353.8,349.3,353.15,2838790
2024-09-10 14:15:00,1725957900,353.15,354.8,349.4,349.8,8706179
2024-09-10 15:15:00,1725961500,349.9,353.3,349.1,352.2,3889840
2024-09-11 09:15:00,1726026300,352.5,355.4,349.6,355,7416407
2024-09-11 10:15:00,1726029900,354.95,355,352.85,353.55,2596772
2024-09-11 11:15:00,1726033500,353.55,354.1,352.25,353,1335950
2024-09-11 12:15:00,1726037100,353,353.3,350.25,350.45,1716705
2024-09-11 13:15:00,1726040700,350.4,350.95,347.6,347.65,2459291
2024-09-11 14:15:00,1726044300,347.65,349.15,343.05,344.9,4924304
2024-09-11 15:15:00,1726047900,344.9,345,343.3,344.8,2307151
2024-09-12 09:15:00,1726112700,346.3,349.25,345.1,345.7,3726357
2024-09-12 10:15:00,1726116300,345.65,346.65,344.4,345.45,1028328
2024-09-12 11:15:00,1726119900,345.65,346.25,342.3,343.2,1845059
2024-09-12 12:15:00,1726123500,343.3,343.65,342.6,343,789590
2024-09-12 13:15:00,1726127100,343,347.35,342.6,345.8,2237456
2024-09-12 14:15:00,1726130700,345.9,347.65,345.65,346.1,3225310
2024-09-12 15:15:00,1726134300,346.1,351.95,346.05,350.5,5998493
2024-09-13 09:15:00,1726199100,350.35,351.85,347.7,349.2,3772191
2024-09-13 10:15:00,1726202700,349.2,350.25,348.25,350.25,1490026
2024-09-13 11:15:00,1726206300,350.25,350.7,348.3,348.6,1265942
2024-09-13 12:15:00,1726209900,348.55,348.9,347.1,347.85,1337991
2024-09-13 13:15:00,1726213500,348,348.4,346.9,347.6,1158973
2024-09-13 14:15:00,1726217100,347.6,353.7,347,353.4,4090229
2024-09-13 15:15:00,1726220700,353.3,354.4,352.5,352.85,4490652
2024-09-16 09:15:00,1726458300,352,354.7,350.15,350.6,4068057
2024-09-16 10:15:00,1726461900,350.6,351.45,349.05,350.05,1361475
2024-09-16 11:15:00,1726465500,350.1,350.5,347.9,348.35,1300567
2024-09-16 12:15:00,1726469100,348.45,350.3,348.2,349.9,812634
2024-09-16 13:15:00,1726472700,349.8,350.2,349.15,349.35,589994
2024-09-16 14:15:00,1726476300,349.4,350.8,348.55,349.8,1917892
2024-09-16 15:15:00,1726479900,349.85,350.35,347,348.1,1569824
2024-09-17 09:15:00,1726544700,348.7,348.7,345.25,345.3,3122733
2024-09-17 10:15:00,1726548300,345.25,345.5,344,345.25,1247919
2024-09-17 11:15:00,1726551900,345.25,345.7,344.95,345.5,532159
2024-09-17 12:15:00,1726555500,345.55,348.7,345.25,346.8,1536530
2024-09-17 13:15:00,1726559100,346.8,347.5,346.05,346.25,951433
2024-09-17 14:15:00,1726562700,346.4,355.5,346.05,351.15,6094475
2024-09-17 15:15:00,1726566300,351.1,351.4,350.25,350.6,1425927
2024-09-18 09:15:00,1726631100,350.5,353.25,348.75,348.95,3253174
2024-09-18 10:15:00,1726634700,348.95,349.45,347.5,348.3,1498923
2024-09-18 11:15:00,1726638300,348.3,348.85,347.75,348.65,787429
2024-09-18 12:15:00,1726641900,348.65,348.7,347,347.1,1077355
2024-09-18 13:15:00,1726645500,346.65,347.65,345.1,346.55,1809798
2024-09-18 14:15:00,1726649100,346.55,349.25,346.05,346.7,2431478
2024-09-18 15:15:00,1726652700,346.65,346.7,345.5,345.7,1277152
2024-09-19 09:15:00,1726717500,348.75,350.5,346.05,346.35,3782233
2024-09-19 10:15:00,1726721100,346.3,346.9,342.85,343.1,2141375
2024-09-19 11:15:00,1726724700,343,343.1,338.45,341.6,3297072
2024-09-19 12:15:00,1726728300,341.6,343.4,340.8,342.15,1257869
2024-09-19 13:15:00,1726731900,342,344.05,341.2,341.8,1376680
2024-09-19 14:15:00,1726735500,341.9,345,341.55,343.65,2127719
2024-09-19 15:15:00,1726739100,343.65,350.3,343.35,348.55,3300363
2024-09-20 09:15:00,1726803900,348.4,355.9,348.35,355,15382373
2024-09-20 10:15:00,1726807500,355.1,355.75,351.45,352.55,4377659
2024-09-20 11:15:00,1726811100,352.4,353,351.35,352.1,1729142
2024-09-20 12:15:00,1726814700,352,353.9,351.5,351.95,1935810
2024-09-20 13:15:00,1726818300,351.85,352,349.35,350.75,2409055
2024-09-20 14:15:00,1726821900,350.65,355.05,350.1,354.15,8312569
2024-09-20 15:15:00,1726825500,354.25,355,353,353.2,4297984
2024-09-23 09:15:00,1727063100,354.35,361.2,352.25,356.95,10984213
2024-09-23 10:15:00,1727066700,357,357.65,355.5,356.65,2579792
2024-09-23 11:15:00,1727070300,356.5,356.7,354.7,354.95,1343405
2024-09-23 12:15:00,1727073900,354.95,356.55,354.9,355.1,1794766
2024-09-23 13:15:00,1727077500,355,356.6,354.9,355.55,1511755
2024-09-23 14:15:00,1727081100,355.55,355.75,354.35,354.9,2538979
2024-09-23 15:15:00,1727084700,354.7,354.85,353.1,353.4,2098119
2024-09-24 09:15:00,1727149500,353.8,356,351.4,352.25,6313485
2024-09-24 10:15:00,1727153100,352.25,352.7,349.3,349.9,2772100
2024-09-24 11:15:00,1727156700,349.85,350.1,349.1,349.8,1248275
2024-09-24 12:15:00,1727160300,349.8,350.75,349.3,349.85,1703339
2024-09-24 13:15:00,1727163900,349.95,351.9,349.4,351.25,1652894
2024-09-24 14:15:00,1727167500,351.25,354.3,349.6,354.15,3878501
2024-09-24 15:15:00,1727171100,354.2,354.2,351.15,351.5,2499467
2024-09-25 09:15:00,1727235900,351.7,353.9,349.8,350.45,3065799
2024-09-25 10:15:00,1727239500,350.45,351.5,350.4,350.8,989603
2024-09-25 11:15:00,1727243100,350.85,350.95,349.4,349.7,1106905
2024-09-25 12:15:00,1727246700,349.65,349.95,349,349.4,874470
2024-09-25 13:15:00,1727250300,349.5,351.3,349.4,350.8,1025244
2024-09-25 14:15:00,1727253900,350.85,355,350.05,353,5177068
2024-09-25 15:15:00,1727257500,352.95,353,351.9,352.5,1414528
2024-09-26 09:15:00,1727322300,352.5,353.6,349.5,350.5,3278167
2024-09-26 10:15:00,1727325900,350.5,351.4,350.15,350.35,1025308
2024-09-26 11:15:00,1727329500,350.35,350.6,349.7,350,847853
2024-09-26 12:15:00,1727333100,349.9,350.25,349.6,350.05,794033
2024-09-26 13:15:00,1727336700,350.05,350.2,349.5,349.8,900810
2024-09-26 14:15:00,1727340300,349.7,351.5,349.5,349.7,2944520
2024-09-26 15:15:00,1727343900,349.65,349.95,348.95,349.1,1768014
2024-09-27 09:15:00,1727408700,350,353.15,349.1,352.05,4901943
2024-09-27 10:15:00,1727412300,352.1,361,352.1,359.3,20511152
2024-09-27 11:15:00,1727415900,359.3,363,358.65,358.75,12822080
2024-09-27 12:15:00,1727419500,358.7,359.2,356.05,356.15,3765139
2024-09-27 13:15:00,1727423100,356.1,358.65,355.3,357.4,3605993
2024-09-27 14:15:00,1727426700,357.35,362.6,357.3,360.05,11569485
2024-09-27 15:15:00,1727430300,360,360.3,357.3,358.05,4345343
2024-09-30 09:15:00,1727667900,357,358.15,351.5,353.35,8702220
2024-09-30 10:15:00,1727671500,353.35,353.55,351.75,352.95,2256099
2024-09-30 11:15:00,1727675100,352.9,353.3,351.25,352.85,1925481
2024-09-30 12:15:00,1727678700,352.85,353.35,352.1,352.75,1277697
2024-09-30 13:15:00,1727682300,352.7,352.75,350.5,351.25,2339070
2024-09-30 14:15:00,1727685900,351.25,353.35,350,350.1,5899477
2024-09-30 15:15:00,1727689500,350.05,351.2,349.6,350.5,4320598
2024-10-01 09:15:00,1727754300,352,353,349.65,350.45,3462088
2024-10-01 10:15:00,1727757900,350.55,350.7,347.35,347.9,2579617
2024-10-01 11:15:00,1727761500,347.9,348.95,347.7,348.2,1138310
2024-10-01 12:15:00,1727765100,348.15,348.65,346.25,347.8,1854083
2024-10-01 13:15:00,1727768700,347.8,352.1,347.55,351,3449882
2024-10-01 14:15:00,1727772300,350.85,352.4,349.2,351.5,2559707
2024-10-01 15:15:00,1727775900,351.5,351.6,349.35,350.2,1369561
2024-10-03 09:15:00,1727927100,345,346.9,343,344.7,6341363
2024-10-03 10:15:00,1727930700,344.65,345.45,343,343.75,1918360
2024-10-03 11:15:00,1727934300,343.65,343.75,341.5,342.15,2188909
2024-10-03 12:15:00,1727937900,342.1,343.45,341.65,342.2,1336777
2024-10-03 13:15:00,1727941500,342.05,342.2,339.05,340.3,2942798
2024-10-03 14:15:00,1727945100,340.3,350.5,339.45,346.95,6821709
2024-10-03 15:15:00,1727948700,346.95,347.65,345,345.8,2647413
2024-10-04 09:15:00,1728013500,343.5,345.3,336.5,342.4,7224985
2024-10-04 10:15:00,1728017100,342.25,343.8,341.1,343.25,1629541
2024-10-04 11:15:00,1728020700,343.25,344.9,342.7,344.4,1326070
2024-10-04 12:15:00,1728024300,344.4,344.85,341.3,341.6,1551853
2024-10-04 13:15:00,1728027900,341.45,341.8,339.6,341.25,1614665
2024-10-04 14:15:00,1728031500,341.25,341.85,338.5,338.95,3016100
2024-10-04 15:15:00,1728035100,338.95,339.2,337.25,338.05,2528776
2024-10-07 09:15:00,1728272700,346.1,348.9,340.1,340.9,13027443
2024-10-07 10:15:00,1728276300,340.9,341.05,329.2,333.3,9222269
2024-10-07 11:15:00,1728279900,333.2,337.25,333.2,335.25,3921769
2024-10-07 12:15:00,1728283500,335.2,336.25,332.35,333,1898449
2024-10-07 13:15:00,1728287100,333.15,335.35,332.5,334.15,2204972
2024-10-07 14:15:00,1728290700,334.15,338,333.05,337,5129709
2024-10-07 15:15:00,1728294300,337.05,337.35,333.55,334.6,2590640
2024-10-08 09:15:00,1728359100,334.75,339,333,336.9,5069111
2024-10-08 10:15:00,1728362700,336.9,341,336,340.65,2328998
2024-10-08 11:15:00,1728366300,340.65,341.8,338.7,339.6,1680638
2024-10-08 12:15:00,1728369900,339.6,340.75,338.2,339.7,1179817
2024-10-08 13:15:00,1728373500,339.8,341.2,339.3,340.75,1090739
2024-10-08 14:15:00,1728377100,340.7,349.7,339.1,345.3,7767095
2024-10-08 15:15:00,1728380700,345.3,346,343.5,344,1724477
2024-10-09 09:15:00,1728445500,345,347.95,343.5,345,3790390
2024-10-09 10:15:00,1728449100,344.9,346.4,344.7,345.8,1410376
2024-10-09 11:15:00,1728452700,345.7,348,344.75,345.7,1585262
2024-10-09 12:15:00,1728456300,345.55,346.2,345.3,345.5,538614
2024-10-09 13:15:00,1728459900,345.5,346,344.05,345.3,1005214
2024-10-09 14:15:00,1728463500,345.3,347.8,343.05,343.2,2853312
2024-10-09 15:15:00,1728467100,343.25,343.5,341.55,342,1502834
2024-10-10 09:15:00,1728531900,345,345.6,343.6,344.9,2263195
2024-10-10 10:15:00,1728535500,344.85,345.45,343.65,344.2,796451
2024-10-10 11:15:00,1728539100,344.2,344.5,343.55,344.1,494295
2024-10-10 12:15:00,1728542700,344.2,345.55,344,344.25,705717
2024-10-10 13:15:00,1728546300,344.25,347.5,344,345.95,1713979
2024-10-10 14:15:00,1728549900,345.95,346.4,343.6,343.75,1992704
2024-10-10 15:15:00,1728553500,343.85,344,343,343.3,930576
2024-10-11 09:15:00,1728618300,343.45,344.45,341.8,343.7,2476726
2024-10-11 10:15:00,1728621900,343.7,343.75,342.1,342.95,972645
2024-10-11 11:15:00,1728625500,342.95,343.15,342.1,342.55,767617
2024-10-11 12:15:00,1728629100,342.4,342.9,342,342.65,622301
2024-10-11 13:15:00,1728632700,342.65,342.75,341.9,342.4,573849
2024-10-11 14:15:00,1728636300,342.4,343.25,342.15,342.2,1378398
2024-10-11 15:15:00,1728639900,342.3,342.4,340.45,340.95,1290536
2024-10-14 09:15:00,1728877500,342.8,343.45,341.4,341.75,2094018
2024-10-14 10:15:00,1728881100,341.75,342,341.05,341.6,636631
2024-10-14 11:15:00,1728884700,341.55,341.95,341.5,341.8,454763
2024-10-14 12:15:00,1728888300,341.8,342.2,340.4,340.55,768462
2024-10-14 13:15:00,1728891900,340.6,341.85,340.1,341.75,731868
2024-10-14 14:15:00,1728895500,341.7,342.8,340.15,340.3,1408390
2024-10-14 15:15:00,1728899100,340.35,340.35,339.25,339.45,1170137
2024-10-15 09:15:00,1728963900,341.95,341.95,337.05,337.1,2957175
2024-10-15 10:15:00,1728967500,337.1,338.15,337,337.2,1083524
2024-10-15 11:15:00,1728971100,337.3,337.8,337.05,337.35,807550
2024-10-15 12:15:00,1728974700,337.3,337.4,336.3,336.5,844194
2024-10-15 13:15:00,1728978300,336.5,337.4,336.2,337.2,667801
2024-10-15 14:15:00,1728981900,337.05,337.9,336.5,337,1756804
2024-10-15 15:15:00,1728985500,336.85,336.95,336.1,336.85,1292420
2024-10-16 09:15:00,1729050300,337.05,339.2,336.2,337.5,2625292
2024-10-16 10:15:00,1729053900,337.5,337.7,336.05,336.4,1096523
2024-10-16 11:15:00,1729057500,336.4,336.4,334.2,335.3,1447850
2024-10-16 12:15:00,1729061100,335.3,336,334.8,336,584535
2024-10-16 13:15:00,1729064700,335.95,336.45,335.55,336.1,862800
2024-10-16 14:15:00,1729068300,336.15,336.4,333.9,334.2,1963319
2024-10-16 15:15:00,1729071900,334.15,334.15,332.5,333,1854949
2024-10-17 09:15:00,1729136700,334.85,335,330,332.3,3117661
2024-10-17 10:15:00,1729140300,332.35,333.8,330.5,330.9,1206817
2024-10-17 11:15:00,1729143900,330.8,331.6,329.55,331.5,1469915
2024-10-17 12:15:00,1729147500,331.5,331.55,330.75,331.1,536858
2024-10-17 13:15:00,1729151100,331.15,331.15,329.15,329.7,1054788
2024-10-17 14:15:00,1729154700,329.8,329.95,329.05,329.15,1399690
2024-10-17 15:15:00,1729158300,329.2,329.5,328.6,329.5,969088
2024-10-18 09:15:00,1729223100,329.15,332.25,325.5,330.2,3219840
2024-10-18 10:15:00,1729226700,330.3,330.95,328.3,330,1354452
2024-10-18 11:15:00,1729230300,329.9,330.3,329.2,329.8,853382
2024-10-18 12:15:00,1729233900,329.8,330.6,329.15,329.45,788348
2024-10-18 13:15:00,1729237500,329.5,330.6,329.1,330,752105
2024-10-18 14:15:00,1729241100,330.05,332.9,329.6,330,1869282
2024-10-18 15:15:00,1729244700,330,330.15,329.1,329.6,895557
2024-10-21 09:15:00,1729482300,334.4,334.4,329.5,330.3,3281190
2024-10-21 10:15:00,1729485900,330.3,330.75,329.15,329.65,831944
2024-10-21 11:15:00,1729489500,329.65,330.2,328.5,328.55,817648
2024-10-21 12:15:00,1729493100,328.65,329.5,327.9,328.45,597474
2024-10-21 13:15:00,1729496700,328.45,329.95,328.3,328.7,474114
2024-10-21 14:15:00,1729500300,328.85,329.45,327.1,327.2,1383253
2024-10-21 15:15:00,1729503900,327.25,327.3,326.05,326.4,1015047
2024-10-22 09:15:00,1729568700,328,328.4,322.5,323.1,3163396
2024-10-22 10:15:00,1729572300,323.1,323.1,318.3,320.85,3273927
2024-10-22 11:15:00,1729575900,320.95,320.95,318.5,319.3,1633418
2024-10-22 12:15:00,1729579500,319.3,320.25,317.9,317.9,1577374
2024-10-22 13:15:00,1729583100,318.1,318.45,317,318.1,1458523
2024-10-22 14:15:00,1729586700,318.15,318.15,313.45,313.8,3583448
2024-10-22 15:15:00,1729590300,313.85,316.4,311.1,316.2,2169328
2024-10-23 09:15:00,1729655100,316.25,321.45,313.15,319.95,6202908
2024-10-23 10:15:00,1729658700,319.95,320.9,316.7,316.85,2155279
2024-10-23 11:15:00,1729662300,316.8,318,315.15,316.4,1679597
2024-10-23 12:15:00,1729665900,316.45,317.55,315.65,317.2,1005185
2024-10-23 13:15:00,1729669500,317.2,318.5,316.5,316.65,1108734
2024-10-23 14:15:00,1729673100,316.65,316.95,315,315,1792270
2024-10-23 15:15:00,1729676700,315.05,315.05,314,314.45,1342674
2024-10-24 09:15:00,1729741500,315,318.4,314.85,316.6,2978395
2024-10-24 10:15:00,1729745100,316.75,317.3,315.45,315.9,1097728
2024-10-24 11:15:00,1729748700,315.75,317.1,315.7,316.4,652551
2024-10-24 12:15:00,1729752300,316.4,316.8,315.7,316,655192
2024-10-24 13:15:00,1729755900,315.95,316.5,315.75,316.15,549099
2024-10-24 14:15:00,1729759500,316.15,316.4,315.2,316.25,950355
2024-10-24 15:15:00,1729763100,316.25,316.4,315.5,316,729958
2024-10-25 09:15:00,1729827900,317.5,317.85,310.85,311.25,2913165
2024-10-25 10:15:00,1729831500,311.2,312.85,306,309.35,3249048
2024-10-25 11:15:00,1729835100,309.35,312.75,309.3,311.65,1428174
2024-10-25 12:15:00,1729838700,311.7,311.8,309.25,310.95,1324524
2024-10-25 13:15:00,1729842300,311,313.3,310.5,310.65,1127822
2024-10-25 14:15:00,1729845900,310.8,311.5,309.55,311.15,1554152
2024-10-25 15:15:00,1729849500,311.3,312,310.55,311.9,799229
2024-10-28 09:15:00,1730087100,314.5,316.3,310.65,313.7,3281360
2024-10-28 10:15:00,1730090700,313.55,319.25,313.55,318.5,2045206
2024-10-28 11:15:00,1730094300,318.4,318.95,316.75,318.05,868155
2024-10-28 12:15:00,1730097900,318,318.45,316.75,318.1,632871
2024-10-28 13:15:00,1730101500,318,318.75,317.55,318.15,604783
2024-10-28 14:15:00,1730105100,318.1,318.7,316.05,316.8,1296012
2024-10-28 15:15:00,1730108700,316.8,316.9,316,316.45,546231
2024-10-29 09:15:00,1730173500,317.7,320.25,313.9,317.7,2448779
2024-10-29 10:15:00,1730177100,317.55,317.95,314.45,316.5,1306560
2024-10-29 11:15:00,1730180700,316.55,325.9,314.8,325.65,5459844
2024-10-29 12:15:00,1730184300,325.85,325.85,322.55,323.65,1637128
2024-10-29 13:15:00,1730187900,323.65,324.3,322.05,324.05,952455
2024-10-29 14:15:00,1730191500,324.05,326.95,323.15,326.6,2139951
2024-10-29 15:15:00,1730195100,326.5,326.6,325.55,325.8,942292
2024-10-30 09:15:00,1730259900,326.75,326.75,321.05,322.75,3951040
2024-10-30 10:15:00,1730263500,322.75,323.7,322.65,323.35,948417
2024-10-30 11:15:00,1730267100,323.35,323.35,321.8,322.9,1062452
2024-10-30 12:15:00,1730270700,322.9,323.15,321.5,321.55,963782
2024-10-30 13:15:00,1730274300,321.55,322.1,320.1,320.7,1374401
2024-10-30 14:15:00,1730277900,320.75,322,320.15,320.35,1707641
2024-10-30 15:15:00,1730281500,320.35,320.35,318.55,319.25,1537893
2024-10-31 09:15:00,1730346300,319.95,322.75,317.7,321.4,2100556
2024-10-31 10:15:00,1730349900,321.4,322,320.85,321.6,524200
2024-10-31 11:15:00,1730353500,321.5,322.95,321.05,321.95,525720
2024-10-31 12:15:00,1730357100,321.85,322.1,321.05,321.45,571071
2024-10-31 13:15:00,1730360700,321.3,322.35,321.1,321.35,455099
2024-10-31 14:15:00,1730364300,321.4,323.9,321,322.65,1300267
2024-10-31 15:15:00,1730367900,322.65,322.8,321.45,321.9,1173017
2024-11-01 17:15:00,1730461500,325,326.85,324.2,325.9,1839291
2024-11-01 18:15:00,1730465100,325.85,326.55,324.85,326.5,2523425
2024-11-04 09:15:00,1730691900,326.8,326.8,320.35,320.4,2542101
2024-11-04 10:15:00,1730695500,320.5,320.7,319.3,320.45,1412563
2024-11-04 11:15:00,1730699100,320.45,320.8,319.75,320.05,995484
2024-11-04 12:15:00,1730702700,320.05,320.5,319.55,320.5,567559
2024-11-04 13:15:00,1730706300,320.5,320.5,319.65,320.3,563127
2024-11-04 14:15:00,1730709900,320.3,320.55,319.5,319.65,1327920
2024-11-04 15:15:00,1730713500,319.65,319.95,319.4,319.9,673511
2024-11-05 09:15:00,1730778300,320,324,319.5,321.6,1783045
2024-11-05 10:15:00,1730781900,321.6,321.85,320.3,320.85,511142
2024-11-05 11:15:00,1730785500,320.85,321.3,318.75,319.65,611195
2024-11-05 12:15:00,1730789100,319.75,320.8,319.55,320.65,349041
2024-11-05 13:15:00,1730792700,320.55,322.15,320.3,321.65,993215
2024-11-05 14:15:00,1730796300,321.3,322.2,321.3,321.95,1165288
2024-11-05 15:15:00,1730799900,321.95,322.1,321.55,321.65,559601
2024-11-06 09:15:00,1730864700,323.95,325.85,323.2,324.1,1842102
2024-11-06 10:15:00,1730868300,324.1,324.5,322.8,324.15,768977
2024-11-06 11:15:00,1730871900,324.15,325.2,324,324.7,619419
2024-11-06 12:15:00,1730875500,324.8,326.9,324.3,326.3,926162
2024-11-06 13:15:00,1730879100,326.3,326.7,325.2,326.6,839171
2024-11-06 14:15:00,1730882700,326.65,327.9,325.6,325.95,1642591
2024-11-06 15:15:00,1730886300,325.9,326.45,325.5,326.45,550177
2024-11-07 09:15:00,1730951100,327,328.5,323.1,323.65,2649394
2024-11-07 10:15:00,1730954700,323.65,323.9,322.3,322.85,1033938
2024-11-07 11:15:00,1730958300,322.85,323.3,322.55,322.75,443057
2024-11-07 12:15:00,1730961900,322.75,323.35,322.5,322.85,465163
2024-11-07 13:15:00,1730965500,322.85,322.95,322.2,322.75,491871
2024-11-07 14:15:00,1730969100,322.75,323.1,321.75,322.05,1164670
2024-11-07 15:15:00,1730972700,322.05,322.05,320.55,321.25,786871
2024-11-08 09:15:00,1731037500,321.7,322.35,318.9,319.65,2171666
2024-11-08 10:15:00,1731041100,319.65,320.1,319,319.4,651490
2024-11-08 11:15:00,1731044700,319.4,319.45,317.15,317.75,861611
2024-11-08 12:15:00,1731048300,317.75,318,316.5,317,971750
2024-11-08 13:15:00,1731051900,317,317.95,316.5,316.6,886546
2024-11-08 14:15:00,1731055500,316.6,317.05,316.6,316.85,1022820
2024-11-08 15:15:00,1731059100,316.75,316.9,314.8,315,1297702
2024-11-11 09:15:00,1731296700,314,314.55,311.55,313.5,2257266
2024-11-11 10:15:00,1731300300,313.35,314.45,312.4,314.35,904246
2024-11-11 11:15:00,1731303900,314.35,316.1,314.25,315.75,1056999
2024-11-11 12:15:00,1731307500,315.7,315.9,314.7,315.35,643963
2024-11-11 13:15:00,1731311100,315.35,315.7,313.55,313.75,731321
2024-11-11 14:15:00,1731314700,313.75,314.65,313,313.05,884971
2024-11-11 15:15:00,1731318300,313.05,313.05,310.6,311.8,1947183
2024-11-12 09:15:00,1731383100,312.2,316.15,312.2,314.65,1570615
2024-11-12 10:15:00,1731386700,314.65,315.4,314.15,314.85,538991
2024-11-12 11:15:00,1731390300,314.75,314.9,313,313.35,404093
2024-11-12 12:15:00,1731393900,313.3,313.6,312.3,313.15,552832
2024-11-12 13:15:00,1731397500,313.2,313.4,312,312.9,681909
2024-11-12 14:15:00,1731401100,312.85,313,310,310.15,1227815
2024-11-12 15:15:00,1731404700,310.15,311.3,310,310.5,773145
2024-11-13 09:15:00,1731469500,310,310,302.1,303.25,4114802
2024-11-13 10:15:00,1731473100,303.25,304.75,302.05,302.75,1694414
2024-11-13 11:15:00,1731476700,302.75,303.1,301.15,301.3,1291988
2024-11-13 12:15:00,1731480300,301.3,302.15,300.15,300.95,1363035
2024-11-13 13:15:00,1731483900,301,302.15,300.2,300.8,1215595
2024-11-13 14:15:00,1731487500,300.8,300.9,298,298.75,3548403
2024-11-13 15:15:00,1731491100,298.75,300.95,298.5,300.45,1322167
2024-11-14 09:15:00,1731555900,302.75,318.9,302.75,316.75,12441991
2024-11-14 10:15:00,1731559500,316.85,319.8,315.5,316.65,5493834
2024-11-14 11:15:00,1731563100,316.6,320.5,316.2,318.2,5421206
2024-11-14 12:15:00,1731566700,318.1,318.2,312.6,314.95,6053030
2024-11-14 13:15:00,1731570300,315,316.6,313.8,316.15,4184292
2024-11-14 14:15:00,1731573900,316.1,318.95,315.8,318.25,6363183
2024-11-14 15:15:00,1731577500,318.25,319.75,317.8,319.6,2783270
2024-11-18 09:15:00,1731901500,320,322.9,313.85,317.05,5887864
2024-11-18 10:15:00,1731905100,317.1,317.45,315.15,316.75,1472122
2024-11-18 11:15:00,1731908700,316.75,317.85,316.6,317.55,959968
2024-11-18 12:15:00,1731912300,317.55,318.25,316.35,318.15,1503928
2024-11-18 13:15:00,1731915900,318.05,319.7,317.6,319.25,1678702
2024-11-18 14:15:00,1731919500,319.25,320.4,318,318.7,3034755
2024-11-18 15:15:00,1731923100,318.7,319.2,318.05,319,1027962
2024-11-19 09:15:00,1731987900,320,323.45,318.45,322.9,3589168
2024-11-19 10:15:00,1731991500,322.95,323.8,321.15,322.2,1407693
2024-11-19 11:15:00,1731995100,322.15,322.65,321.65,322.25,722587
2024-11-19 12:15:00,1731998700,322.25,322.4,321.5,322.2,719692
2024-11-19 13:15:00,1732002300,322.2,323.05,320.75,320.95,830180
2024-11-19 14:15:00,1732005900,321,322,319.3,319.3,1635054
2024-11-19 15:15:00,1732009500,319.35,319.35,317.1,317.85,894295
2024-11-21 09:15:00,1732160700,317,318.9,313.25,314.2,3487384
2024-11-21 10:15:00,1732164300,314.2,315,313.05,314.4,1465120
2024-11-21 11:15:00,1732167900,314.3,315.9,314.2,315.3,957855
2024-11-21 12:15:00,1732171500,315.2,315.55,313.8,314.75,888687
2024-11-21 13:15:00,1732175100,314.75,315.25,314.1,314.4,546287
2024-11-21 14:15:00,1732178700,314.4,314.5,313.4,314.15,1034155
2024-11-21 15:15:00,1732182300,314.2,315.05,313.95,314.2,1192138
2024-11-22 09:15:00,1732247100,314.5,316.5,312.35,314.85,2782617
2024-11-22 10:15:00,1732250700,314.85,315,313.65,314.5,1060015
2024-11-22 11:15:00,1732254300,314.45,315.95,314.2,315.25,1184814
2024-11-22 12:15:00,1732257900,315.3,315.8,315.05,315.5,764260
2024-11-22 13:15:00,1732261500,315.5,317.7,315.2,316.55,2055506
2024-11-22 14:15:00,1732265100,316.55,317,313.3,314.3,2634106
2024-11-22 15:15:00,1732268700,314.3,314.3,313.25,313.95,871663
2024-11-25 09:15:00,1732506300,318.85,324.3,318,319.9,4030857
2024-11-25 10:15:00,1732509900,320,320.85,319.8,320.05,1070672
2024-11-25 11:15:00,1732513500,320,320.3,319.1,319.4,891372
2024-11-25 12:15:00,1732517100,319.4,319.6,319.15,319.5,882224
2024-11-25 13:15:00,1732520700,319.5,320.7,319.2,319.95,1330067
2024-11-25 14:15:00,1732524300,320,325,318.8,323.45,9913858
2024-11-25 15:15:00,1732527900,323.45,324.35,319.9,319.95,7404150
2024-11-26 09:15:00,1732592700,321.45,324.15,320.1,323.35,2426932
2024-11-26 10:15:00,1732596300,323.45,323.65,321.65,322.6,1025690
2024-11-26 11:15:00,1732599900,322.55,323.5,321.8,323.25,680186
2024-11-26 12:15:00,1732603500,323.25,324.4,322.7,323.8,1070447
2024-11-26 13:15:00,1732607100,323.8,325.65,323.7,325.5,1686817
2024-11-26 14:15:00,1732610700,325.45,326.5,324.85,325.7,2829652
2024-11-26 15:15:00,1732614300,325.7,326.9,325.65,326.05,1274518
2024-11-27 09:15:00,1732679100,325.7,327.65,322.4,326.3,2415626
2024-11-27 10:15:00,1732682700,326.25,328.9,325.55,328.75,1345377
2024-11-27 11:15:00,1732686300,328.75,330.95,328.55,329.7,2405070
2024-11-27 12:15:00,1732689900,329.65,331.95,329.6,330.7,1677500
2024-11-27 13:15:00,1732693500,330.75,331.5,329.55,329.8,1283774
2024-11-27 14:15:00,1732697100,329.8,331.3,328.2,328.85,1656238
2024-11-27 15:15:00,1732700700,328.85,329.4,328.4,329.35,707543
2024-11-28 09:15:00,1732765500,328.95,331.4,326.2,330.2,2977939
2024-11-28 10:15:00,1732769100,330.15,330.9,326.85,327.9,1712868
2024-11-28 11:15:00,1732772700,327.9,329.6,326.7,327.25,1459763
2024-11-28 12:15:00,1732776300,327.2,327.5,326.1,326.4,669040
2024-11-28 13:15:00,1732779900,326.3,327.95,326,326.45,971419
2024-11-28 14:15:00,1732783500,326.6,327.1,325.05,325.65,1089264
2024-11-28 15:15:00,1732787100,325.6,325.75,325,325.65,768533
2024-11-29 09:15:00,1732851900,325.55,332.3,325.35,329.5,7143257
2024-11-29 10:15:00,1732855500,329.5,330.9,329.1,329.4,1832175
2024-11-29 11:15:00,1732859100,329.5,329.6,327.35,328.9,1758895
2024-11-29 12:15:00,1732862700,328.85,329.65,328.2,329.25,913761
2024-11-29 13:15:00,1732866300,329.25,331.3,329,329.95,2166640
2024-11-29 14:15:00,1732869900,329.95,330.6,327.85,328,2580706
2024-11-29 15:15:00,1732873500,327.95,328.6,327.05,328.35,1883733
2024-12-02 09:15:00,1733111100,326,329.55,325.1,328.85,2282697
2024-12-02 10:15:00,1733114700,328.85,330.5,328.7,328.85,1453772
2024-12-02 11:15:00,1733118300,328.8,330.1,328.3,329.85,799966
2024-12-02 12:15:00,1733121900,329.65,329.75,328,328.65,936236
2024-12-02 13:15:00,1733125500,328.75,330.25,328.65,329.2,776780
2024-12-02 14:15:00,1733129100,329.1,329.95,329,329.8,1091107
2024-12-02 15:15:00,1733132700,329.8,330.05,329.55,329.95,854280
2024-12-03 09:15:00,1733197500,331.35,336.4,329.85,335,4331505
2024-12-03 10:15:00,1733201100,335.1,338.95,334.8,337.4,3815551
2024-12-03 11:15:00,1733204700,337.45,338,336.8,337.2,1353570
2024-12-03 12:15:00,1733208300,337.15,337.4,336.05,336.35,1007790
2024-12-03 13:15:00,1733211900,336.4,336.85,336,336.4,818639
2024-12-03 14:15:00,1733215500,336.4,342.35,336.35,341.75,5010343
2024-12-03 15:15:00,1733219100,341.6,342.45,340,342.1,2103832
2024-12-04 09:15:00,1733283900,342.1,344.8,340.65,342.95,3972292
2024-12-04 10:15:00,1733287500,342.95,346.95,341.5,344.55,3593023
2024-12-04 11:15:00,1733291100,344.7,345.2,341.5,343.15,1921740
2024-12-04 12:15:00,1733294700,343.2,344.65,342.65,344.05,1556802
2024-12-04 13:15:00,1733298300,344.1,347.35,344,345.7,2261657
2024-12-04 14:15:00,1733301900,345.7,345.95,344.35,345.1,2031001
2024-12-04 15:15:00,1733305500,345,345.8,344.6,345.1,1424653
2024-12-05 09:15:00,1733370300,346.75,347.3,342.5,342.75,2830928
2024-12-05 10:15:00,1733373900,342.65,343.4,341.85,342.35,1210821
2024-12-05 11:15:00,1733377500,342.25,344.25,342,344.2,1111576
2024-12-05 12:15:00,1733381100,344.25,344.4,342.75,342.95,1030251
2024-12-05 13:15:00,1733384700,343,343.25,341.9,341.95,1224177
2024-12-05 14:15:00,1733388300,342,342.5,339.6,341.7,3005496
2024-12-05 15:15:00,1733391900,341.75,342,341.1,341.35,1398338
2024-12-06 09:15:00,1733456700,343.05,343.05,339.35,339.8,1896913
2024-12-06 10:15:00,1733460300,339.75,341.5,339,340.9,1384268
2024-12-06 11:15:00,1733463900,340.9,340.9,339.7,339.9,908905
2024-12-06 12:15:00,1733467500,339.85,340.5,339.3,339.9,654273
2024-12-06 13:15:00,1733471100,339.9,340.05,339.15,339.5,537373
2024-12-06 14:15:00,1733474700,339.45,339.9,338.75,339.05,1530054
2024-12-06 15:15:00,1733478300,339.05,339.25,338.5,338.7,1145089
2024-12-09 09:15:00,1733715900,338.5,338.9,336.5,336.95,2169659
2024-12-09 10:15:00,1733719500,337,338.7,336.75,338.4,1684343
2024-12-09 11:15:00,1733723100,338.4,341.3,338.1,338.85,2812037
2024-12-09 12:15:00,1733726700,338.75,339,337.65,337.9,727843
2024-12-09 13:15:00,1733730300,337.9,338.2,336.75,337,663440
2024-12-09 14:15:00,1733733900,336.9,337.45,336.5,336.95,1382442
2024-12-09 15:15:00,1733737500,337,337.25,335.9,336.3,1142652
2024-12-10 09:15:00,1733802300,337,337.95,334.3,334.95,1990691
2024-12-10 10:15:00,1733805900,334.7,336.9,334.7,336.9,654856
2024-12-10 11:15:00,1733809500,336.85,336.9,335.05,335.15,737394
2024-12-10 12:15:00,1733813100,335.1,335.1,334.1,334.6,555865
2024-12-10 13:15:00,1733816700,334.5,334.7,333.65,334.45,661158
2024-12-10 14:15:00,1733820300,334.4,335.5,334.15,335.3,1522694
2024-12-10 15:15:00,1733823900,335.3,335.5,334.4,334.7,1235877
2024-12-11 09:15:00,1733888700,334.7,335.75,333.3,334.65,1443902
2024-12-11 10:15:00,1733892300,334.6,337.35,334.35,336.7,1338498
2024-12-11 11:15:00,1733895900,336.9,341,336.85,339.4,7369633
2024-12-11 12:15:00,1733899500,339.3,339.5,338.6,339.05,743839
2024-12-11 13:15:00,1733903100,339.05,342.4,339,341.85,2158886
2024-12-11 14:15:00,1733906700,341.85,345,341.6,342.75,5627315
2024-12-11 15:15:00,1733910300,342.4,343.75,342.3,343.55,1391621
2024-12-12 09:15:00,1733975100,343.8,346.3,341,341.4,3556650
2024-12-12 10:15:00,1733978700,341.5,342.3,340.65,341.2,829993
2024-12-12 11:15:00,1733982300,341.2,341.6,338.65,338.85,1230368
2024-12-12 12:15:00,1733985900,338.7,339.95,338.5,339.4,660466
2024-12-12 13:15:00,1733989500,339.4,339.6,337.2,337.95,1750648
2024-12-12 14:15:00,1733993100,337.9,339.3,337.3,338.2,1268074
2024-12-12 15:15:00,1733996700,338.2,339.45,337.85,338.35,1337059
2024-12-13 09:15:00,1734061500,337,337.65,332.85,333,1980005
2024-12-13 10:15:00,1734065100,332.9,335.7,330.65,334.95,1785478
2024-12-13 11:15:00,1734068700,334.9,337.2,334.65,336.65,1054171
2024-12-13 12:15:00,1734072300,336.8,337,334.85,335.7,858776
2024-12-13 13:15:00,1734075900,335.6,340.7,335.6,339.35,1494943
2024-12-13 14:15:00,1734079500,339.25,340.4,338.65,340.15,1008698
2024-12-13 15:15:00,1734083100,340.05,340.4,338.3,338.7,864877
2024-12-16 09:15:00,1734320700,339.25,342.45,338.15,340.65,2167886
2024-12-16 10:15:00,1734324300,340.8,341.3,339.7,339.75,1253251
2024-12-16 11:15:00,1734327900,339.75,341.85,339.65,340.6,643517
2024-12-16 12:15:00,1734331500,340.6,341.4,340.15,340.9,485800
2024-12-16 13:15:00,1734335100,340.9,341.35,340.25,340.4,451354
2024-12-16 14:15:00,1734338700,340.4,341,340,340.4,1049300
2024-12-16 15:15:00,1734342300,340.45,340.5,339.65,339.85,571823
2024-12-17 09:15:00,1734407100,339.05,340.9,337.85,338.7,1493014
2024-12-17 10:15:00,1734410700,338.7,340.3,337.5,338.75,1173347
2024-12-17 11:15:00,1734414300,338.8,338.9,337.25,337.85,860091
2024-12-17 12:15:00,1734417900,337.85,338.95,337.5,337.85,764503
2024-12-17 13:15:00,1734421500,337.75,337.85,336.6,336.75,1097040
2024-12-17 14:15:00,1734425100,336.8,337.45,335.9,337.35,1708684
2024-12-17 15:15:00,1734428700,337.25,337.35,336.6,336.75,925235
2024-12-18 09:15:00,1734493500,336,337,330.05,330.1,2890063
2024-12-18 10:15:00,1734497100,330.15,331.45,328.65,329.2,1861573
2024-12-18 11:15:00,1734500700,329.2,329.7,325.6,326.05,2741826
2024-12-18 12:15:00,1734504300,326.05,326.8,324.5,326.5,1867419
2024-12-18 13:15:00,1734507900,326.55,326.85,325.5,326.7,910751
2024-12-18 14:15:00,1734511500,326.7,326.85,323.55,325,2529091
2024-12-18 15:15:00,1734515100,324.95,325.3,324.35,325,1143304
2024-12-19 09:15:00,1734579900,318,319.9,316,316.5,4403970
2024-12-19 10:15:00,1734583500,316.4,317.4,315.75,316.5,1880399
2024-12-19 11:15:00,1734587100,316.5,316.85,313.7,314.25,3302983
2024-12-19 12:15:00,1734590700,314.2,314.9,313.3,313.7,2339856
2024-12-19 13:15:00,1734594300,313.75,313.75,311.8,312.45,2587812
2024-12-19 14:15:00,1734597900,312.35,313.1,310.75,313,4589273
2024-12-19 15:15:00,1734601500,312.95,313.75,312.5,313.7,2356689
2024-12-20 09:15:00,1734666300,314.75,314.75,309.75,310.45,3853511
2024-12-20 10:15:00,1734669900,310.45,312.9,310.2,311.5,1601831
2024-12-20 11:15:00,1734673500,311.45,312.2,310.85,311,1018983
2024-12-20 12:15:00,1734677100,311,311.2,308.5,308.85,1558912
2024-12-20 13:15:00,1734680700,308.95,309.65,307.15,307.5,1760986
2024-12-20 14:15:00,1734684300,307.4,308.8,303.45,303.6,5786124
2024-12-20 15:15:00,1734687900,303.65,305.65,302.8,305.4,4079898
2024-12-23 09:15:00,1734925500,308.8,308.85,304.65,306.95,3044730
2024-12-23 10:15:00,1734929100,306.95,307.9,306,307.5,1013564
2024-12-23 11:15:00,1734932700,307.45,308.75,305.3,305.3,1364706
2024-12-23 12:15:00,1734936300,305.25,306.2,304.05,304.45,1726178
2024-12-23 13:15:00,1734939900,304.4,305,302.05,303.9,1515841
2024-12-23 14:15:00,1734943500,303.9,305.3,303.55,304.8,1810338
2024-12-23 15:15:00,1734947100,304.8,305,304.25,304.8,814445
2024-12-24 09:15:00,1735011900,304.7,306.75,303.8,305.9,1966460
2024-12-24 10:15:00,1735015500,305.9,306.2,305.05,305.25,1182025
2024-12-24 11:15:00,1735019100,305.35,307,304.8,305.15,818662
2024-12-24 12:15:00,1735022700,305.1,305.9,304.55,305.15,485184
2024-12-24 13:15:00,1735026300,305.05,305.4,304.05,304.35,703850
2024-12-24 14:15:00,1735029900,304.4,304.9,303.6,304.5,1146734
2024-12-24 15:15:00,1735033500,304.55,305,304.4,304.95,605010
2024-12-26 09:15:00,1735184700,304.7,306.5,302.9,303.95,2099116
2024-12-26 10:15:00,1735188300,303.95,304.75,303.25,304.2,747915
2024-12-26 11:15:00,1735191900,304.3,306.7,304.05,304.65,1495664
2024-12-26 12:15:00,1735195500,304.65,305.95,304.35,305.4,500026
2024-12-26 13:15:00,1735199100,305.45,305.7,304.6,305.25,788909
2024-12-26 14:15:00,1735202700,305.3,306.2,304.3,305.85,1441417
2024-12-26 15:15:00,1735206300,305.95,305.95,304.9,305.35,1114701
2024-12-27 09:15:00,1735271100,305.95,307.35,305.6,306.65,1484810
2024-12-27 10:15:00,1735274700,306.6,307.2,305.65,306.4,1005949
2024-12-27 11:15:00,1735278300,306.4,306.55,305.1,305.25,524888
2024-12-27 12:15:00,1735281900,305.15,305.8,304.5,305.65,885458
2024-12-27 13:15:00,1735285500,305.65,306.4,305.25,306.1,572537
2024-12-27 14:15:00,1735289100,306.1,306.35,304.55,305.05,949799
2024-12-27 15:15:00,1735292700,305.2,305.5,304.6,305.2,585814
2024-12-30 09:15:00,1735530300,305,305.75,302.45,304.95,2423762
2024-12-30 10:15:00,1735533900,305,306.35,304.2,304.45,1728010
2024-12-30 11:15:00,1735537500,304.3,305.65,303.7,303.9,2050673
2024-12-30 12:15:00,1735541100,303.9,304,302.65,302.85,1451783
2024-12-30 13:15:00,1735544700,302.75,303.25,301,301.9,1733772
2024-12-30 14:15:00,1735548300,301.9,308.5,301,308.15,17402934
2024-12-30 15:15:00,1735551900,308.45,308.95,304.5,304.8,18847379
2024-12-31 09:15:00,1735616700,303.85,303.85,296.25,297.5,5817227
2024-12-31 10:15:00,1735620300,297.5,299,297.1,298.75,1678217
2024-12-31 11:15:00,1735623900,298.7,298.9,297.8,298.35,1305455
2024-12-31 12:15:00,1735627500,298.3,299.25,298,298.5,1374387
2024-12-31 13:15:00,1735631100,298.5,299.7,298.3,299,2627761
2024-12-31 14:15:00,1735634700,298.9,299.1,297.85,298.5,3125042
2024-12-31 15:15:00,1735638300,298.45,299,298.3,298.9,1852386
2025-01-01 09:15:00,1735703100,298.9,305.55,298.8,305.2,3596722
2025-01-01 10:15:00,1735706700,305.2,305.5,303.7,304.25,1301392
2025-01-01 11:15:00,1735710300,304.3,305,303.1,304.15,716727
2025-01-01 12:15:00,1735713900,304.15,304.95,303.7,303.75,633408
2025-01-01 13:15:00,1735717500,303.85,305.35,303.7,304.5,763378
2025-01-01 14:15:00,1735721100,304.45,306.4,304.15,304.35,1365440
2025-01-01 15:15:00,1735724700,304.4,304.55,304.1,304.25,568081
2025-01-02 09:15:00,1735789500,306,306.5,303.75,304.15,1661303
2025-01-02 10:15:00,1735793100,304.15,305.25,303.8,304.5,949577
2025-01-02 11:15:00,1735796700,304.5,305,303.55,303.75,1586401
2025-01-02 12:15:00,1735800300,303.7,307,303.35,305.5,5884085
2025-01-02 13:15:00,1735803900,305.5,305.55,304.5,304.8,2036792
2025-01-02 14:15:00,1735807500,304.8,305.4,304.5,304.9,3023562
2025-01-02 15:15:00,1735811100,304.95,305.2,304.35,304.55,3402956
2025-01-03 09:15:00,1735875900,306.7,307.25,304.7,304.7,3535569
2025-01-03 10:15:00,1735879500,304.7,305.25,304.25,304.8,1050987
2025-01-03 11:15:00,1735883100,304.8,306.7,304.7,305.9,2870611
2025-01-03 12:15:00,1735886700,305.95,307.9,305.55,307.6,3327768
2025-01-03 13:15:00,1735890300,307.6,310.9,306.8,308.2,7301545
2025-01-03 14:15:00,1735893900,308.25,309.95,307.1,307.45,5652096
2025-01-03 15:15:00,1735897500,307.45,307.9,307,307.15,1529480
2025-01-06 09:15:00,1736135100,307.7,308.45,302.65,304.4,3932923
2025-01-06 10:15:00,1736138700,304.3,304.5,298.75,299,2255462
2025-01-06 11:15:00,1736142300,298.9,300.95,298,299.65,2265489
2025-01-06 12:15:00,1736145900,299.65,300.95,298.6,299.4,1229281
2025-01-06 13:15:00,1736149500,299.5,299.5,296.45,297.55,2010740
2025-01-06 14:15:00,1736153100,297.55,298.2,295.25,296.9,2675662
2025-01-06 15:15:00,1736156700,296.85,297,295.75,296.35,1234848
2025-01-07 09:15:00,1736221500,298,301,297.25,301,2691733
2025-01-07 10:15:00,1736225100,300.95,301,299.4,300.05,1066142
2025-01-07 11:15:00,1736228700,300.05,300.6,299,299.25,795704
2025-01-07 12:15:00,1736232300,299.25,300.55,298.6,300,942063
2025-01-07 13:15:00,1736235900,299.95,300.35,299.5,300,857099
2025-01-07 14:15:00,1736239500,300.1,300.2,299.15,299.2,1006325
2025-01-07 15:15:00,1736243100,299.2,299.25,298.5,299.05,940509
2025-01-08 09:15:00,1736307900,300.5,300.85,296.25,300.4,2573363
2025-01-08 10:15:00,1736311500,300.3,300.6,297.05,297.8,1446978
2025-01-08 11:15:00,1736315100,297.8,298.35,296.3,296.5,871614
2025-01-08 12:15:00,1736318700,296.5,297.75,296.5,296.95,835022
2025-01-08 13:15:00,1736322300,296.95,298.5,296.55,297.95,1403303
2025-01-08 14:15:00,1736325900,297.95,300.15,297.95,298.75,2516706
2025-01-08 15:15:00,1736329500,298.7,299.05,298,298.3,889676
2025-01-09 09:15:00,1736394300,298.5,298.5,295.25,297.25,1616737
2025-01-09 10:15:00,1736397900,297.4,297.45,293.8,293.9,1686996
2025-01-09 11:15:00,1736401500,294,294,292,293.5,2972068
2025-01-09 12:15:00,1736405100,293.45,293.9,289.65,290.1,4246351
2025-01-09 13:15:00,1736408700,290.1,290.5,289.5,290.3,1686158
2025-01-09 14:15:00,1736412300,290.3,290.3,289.05,289.4,1696298
2025-01-09 15:15:00,1736415900,289.4,289.85,288.8,289.85,1155144
2025-01-10 09:15:00,1736480700,290,290.95,283.8,286.3,3409062
2025-01-10 10:15:00,1736484300,286.15,288.7,285.6,288.7,1471416
2025-01-10 11:15:00,1736487900,288.75,289.2,284.75,285.4,1415220
2025-01-10 12:15:00,1736491500,285.4,285.5,283.8,284.5,1450883
2025-01-10 13:15:00,1736495100,284.5,284.8,282.05,282.15,1507034
2025-01-10 14:15:00,1736498700,282.1,282.3,280.05,280.55,2833192
2025-01-10 15:15:00,1736502300,280.55,281,280,280.8,1784062
2025-01-13 09:15:00,1736739900,277.8,278,270.65,272.9,6973146
2025-01-13 10:15:00,1736743500,272.9,274.5,270.5,271.1,2484249
2025-01-13 11:15:00,1736747100,271.1,271.3,268.7,270.05,2837506
2025-01-13 12:15:00,1736750700,270.15,271.05,267.35,268.6,1909018
2025-01-13 13:15:00,1736754300,268.6,269.25,266.5,267.5,2641994
2025-01-13 14:15:00,1736757900,267.4,268,265.05,266.2,3943103
2025-01-13 15:15:00,1736761500,266.2,266.4,265.25,265.8,2061557
2025-01-14 09:15:00,1736826300,267.45,270.7,264.45,266.25,6657497
2025-01-14 10:15:00,1736829900,266.3,271.2,264.2,270.9,4965071
2025-01-14 11:15:00,1736833500,270.85,273.4,270.7,271.75,3186097
2025-01-14 12:15:00,1736837100,271.9,271.9,269.75,270.3,1461671
2025-01-14 13:15:00,1736840700,270.35,271.95,270.05,271.8,1057400
2025-01-14 14:15:00,1736844300,271.8,272.75,271.7,272.45,1357034
2025-01-14 15:15:00,1736847900,272.45,274,272.3,273.75,1141861
2025-01-15 09:15:00,1736912700,275,275.45,271.65,274.05,3158092
2025-01-15 10:15:00,1736916300,274.1,275.5,274.05,275,1446651
2025-01-15 11:15:00,1736919900,275.25,276,274.7,275.65,1239219
2025-01-15 12:15:00,1736923500,275.5,275.95,274.5,274.5,942568
2025-01-15 13:15:00,1736927100,274.5,274.6,271.25,271.8,1875543
2025-01-15 14:15:00,1736930700,271.8,273.6,271.75,272.1,2172483
2025-01-15 15:15:00,1736934300,272.15,274.85,271.7,274,2093618
2025-01-16 09:15:00,1736999100,277,277.05,274.85,276,3000637
2025-01-16 10:15:00,1737002700,276,278.1,275.85,276.75,1659977
2025-01-16 11:15:00,1737006300,276.7,278.8,276.3,278.05,987739
2025-01-16 12:15:00,1737009900,278.05,278.15,276.9,277.75,1212088
2025-01-16 13:15:00,1737013500,277.75,278.35,277.3,277.65,704433
2025-01-16 14:15:00,1737017100,277.65,277.75,276.45,276.95,1261406
2025-01-16 15:15:00,1737020700,276.9,277,276.35,276.75,969955
2025-01-17 09:15:00,1737085500,280,281.3,276.5,279.15,5182048
2025-01-17 10:15:00,1737089100,279.15,279.2,275.7,276.55,1769929
2025-01-17 11:15:00,1737092700,276.55,278.7,276.35,278,1105400
2025-01-17 12:15:00,1737096300,278,278.6,277.25,277.9,981601
2025-01-17 13:15:00,1737099900,277.95,278.5,277.4,278.4,847521
2025-01-17 14:15:00,1737103500,278.5,280.25,278,278.8,1943264
2025-01-17 15:15:00,1737107100,278.8,279.35,278.6,278.9,1039053
2025-01-20 09:15:00,1737344700,279,280,271.15,274.35,7346249
2025-01-20 10:15:00,1737348300,274.4,275.6,274.05,274.3,1759779
2025-01-20 11:15:00,1737351900,274.35,276.3,274.05,276.15,1383160
2025-01-20 12:15:00,1737355500,276.15,277.35,275.7,277.2,957377
2025-01-20 13:15:00,1737359100,277.15,277.45,275.95,276.45,1207798
2025-01-20 14:15:00,1737362700,276.45,276.55,275.65,275.85,1659877
2025-01-20 15:15:00,1737366300,275.9,275.95,275.3,275.65,1319134
2025-01-21 09:15:00,1737431100,276,277.5,273,273.45,2728390
2025-01-21 10:15:00,1737434700,273.55,273.55,269.35,270,2307486
2025-01-21 11:15:00,1737438300,269.9,271,269.2,269.5,2849581
2025-01-21 12:15:00,1737441900,269.4,269.5,265,265.85,3229453
2025-01-21 13:15:00,1737445500,265.8,266.65,264.05,265,3448463
2025-01-21 14:15:00,1737449100,264.95,265.2,258.4,260.65,7815568
2025-01-21 15:15:00,1737452700,260.5,260.9,258.9,260,2880820
2025-01-22 09:15:00,1737517500,261.7,263.6,257.75,261.2,6156977
2025-01-22 10:15:00,1737521100,261.25,261.9,259.35,259.45,1726985
2025-01-22 11:15:00,1737524700,259.5,259.7,254.05,255.15,3345968
2025-01-22 12:15:00,1737528300,255.1,258.8,255,258.3,2278387
2025-01-22 13:15:00,1737531900,258.3,259.45,256.5,259.15,1575706
2025-01-22 14:15:00,1737535500,259.1,263.25,258.7,263.1,2813947
2025-01-22 15:15:00,1737539100,263.05,263.4,262.45,263.4,1139131
2025-01-23 09:15:00,1737603900,263.5,267.4,261,266.95,3696845
2025-01-23 10:15:00,1737607500,266.85,266.9,263.1,263.45,2527075
2025-01-23 11:15:00,1737611100,263.45,263.5,253.6,257.5,9989425
2025-01-23 12:15:00,1737614700,257.5,258.5,256.3,258.35,3061162
2025-01-23 13:15:00,1737618300,258.35,258.5,257.5,257.85,1549362
2025-01-23 14:15:00,1737621900,257.85,258,256.05,256.7,2747249
2025-01-23 15:15:00,1737625500,256.7,256.8,254.9,255,3264810
2025-01-24 09:15:00,1737690300,256,257.35,249.7,250.1,7512957
2025-01-24 10:15:00,1737693900,250.05,251.6,247.65,248.45,8229060
2025-01-24 11:15:00,1737697500,248.45,249.75,247.85,248.15,4439770
2025-01-24 12:15:00,1737701100,248.25,248.8,245.25,245.5,6140070
2025-01-24 13:15:00,1737704700,245.5,247.25,245.2,245.95,3547098
2025-01-24 14:15:00,1737708300,246,246.25,244.5,244.6,5186138
2025-01-24 15:15:00,1737711900,244.5,244.8,243.55,243.9,3301011
2025-01-27 09:15:00,1737949500,243,243.4,234.55,235.15,12035530
2025-01-27 10:15:00,1737953100,235.15,235.2,233.05,234,4710135
2025-01-27 11:15:00,1737956700,234,235.6,233.25,234.45,3730742
2025-01-27 12:15:00,1737960300,234.45,235.1,233.7,234.45,2344699
2025-01-27 13:15:00,1737963900,234.5,234.85,233,233.1,2723170
2025-01-27 14:15:00,1737967500,233.1,233.95,231.05,233.85,5146212
2025-01-27 15:15:00,1737971100,233.85,233.9,232.65,233.3,2213869
2025-01-28 09:15:00,1738035900,237,238.5,231.95,232.95,8578254
2025-01-28 10:15:00,1738039500,232.9,233.2,231.3,232.15,4832130
2025-01-28 11:15:00,1738043100,232.1,236.1,232,236.05,4131458
2025-01-28 12:15:00,1738046700,236.05,236.5,234.4,235.15,2545047
2025-01-28 13:15:00,1738050300,235.15,235.85,233.25,233.9,5952452
2025-01-28 14:15:00,1738053900,233.95,236.8,232.65,233.3,5052087
2025-01-28 15:15:00,1738057500,233.3,234.65,232.95,234.3,1336534
2025-01-29 09:15:00,1738122300,235,237.9,233.8,237.35,7376857
2025-01-29 10:15:00,1738125900,237.35,237.65,234.45,234.8,3551636
2025-01-29 11:15:00,1738129500,234.8,235.3,233,235.2,2669268
2025-01-29 12:15:00,1738133100,235.25,236.6,235,235.7,1946966
2025-01-29 13:15:00,1738136700,235.7,236.75,235.7,236.45,1527028
2025-01-29 14:15:00,1738140300,236.5,237.5,235.15,237.45,3337573
2025-01-29 15:15:00,1738143900,237.5,240.65,237.4,240.1,3304518
2025-01-30 09:15:00,1738208700,240.65,242.25,238.5,241.3,6755248
2025-01-30 10:15:00,1738212300,241.3,241.4,238.1,239.6,3345869
2025-01-30 11:15:00,1738215900,239.55,240.2,239.1,239.9,1584787
2025-01-30 12:15:00,1738219500,239.85,240.3,238.7,239.45,1976203
2025-01-30 13:15:00,1738223100,239.45,240,236.65,236.9,2116797
2025-01-30 14:15:00,1738226700,237,237.5,233.5,234.8,6580374
2025-01-30 15:15:00,1738230300,234.8,236.6,234.45,235.9,5139955
2025-01-31 09:15:00,1738295100,237,239.8,235.8,238.25,4582202
2025-01-31 10:15:00,1738298700,238.1,242.05,238.1,241.75,3764230
2025-01-31 11:15:00,1738302300,241.75,243.2,240.95,241.7,5946966
2025-01-31 12:15:00,1738305900,241.65,243.3,240.75,243.3,2154307
2025-01-31 13:15:00,1738309500,243.25,243.75,239.2,240,7447192
2025-01-31 14:15:00,1738313100,239.95,241.3,239.5,240.75,4647286
2025-01-31 15:15:00,1738316700,240.7,243.5,240.7,243.25,2586390
2025-02-01 09:15:00,1738381500,244.4,245,242.17,243.75,2840269
2025-02-01 10:15:00,1738385100,243.75,244.85,242.5,243.5,1553037
2025-02-01 11:15:00,1738388700,243.49,245.55,239.25,243.32,8607663
2025-02-01 12:15:00,1738392300,243.32,244.19,239.83,240,3884241
2025-02-01 13:15:00,1738395900,239.97,243.89,239.77,242.71,3764323
2025-02-01 14:15:00,1738399500,242.74,242.75,241.41,241.82,2412358
2025-02-01 15:15:00,1738403100,241.79,241.79,240.04,241.5,1009354
2025-02-03 09:15:00,1738554300,239,239.56,235.55,237.84,4166484
2025-02-03 10:15:00,1738557900,237.87,238.5,236.77,238.43,1666308
2025-02-03 11:15:00,1738561500,238.35,238.9,236.86,237.77,1050354
2025-02-03 12:15:00,1738565100,237.83,237.95,235.85,236,1459592
2025-02-03 13:15:00,1738568700,236,236.14,235,235.15,1784297
2025-02-03 14:15:00,1738572300,235.13,235.15,232.9,234.41,3942141
2025-02-03 15:15:00,1738575900,234.41,234.55,234.04,234.3,1102763
2025-02-04 09:15:00,1738640700,236.4,239.1,236.05,237.38,4311605
2025-02-04 10:15:00,1738644300,237.51,237.63,235,236,2429178
2025-02-04 11:15:00,1738647900,235.99,237.61,235.95,237.5,1791313
2025-02-04 12:15:00,1738651500,237.5,242.21,237.13,241.61,3670639
2025-02-04 13:15:00,1738655100,241.53,246.95,241.31,244.95,5449843
2025-02-04 14:15:00,1738658700,244.97,246.65,244.06,245.37,3835820
2025-02-04 15:15:00,1738662300,245.36,245.56,244.55,245,1639502
2025-02-05 09:15:00,1738727100,246.65,254.24,246.6,253.5,12766802
2025-02-05 10:15:00,1738730700,253.5,253.59,251,252.58,2984504
2025-02-05 11:15:00,1738734300,252.58,252.9,251.4,252.49,1758814
2025-02-05 12:15:00,1738737900,252.36,254.34,252.15,253.99,2803117
2025-02-05 13:15:00,1738741500,253.87,254.15,252.2,253.25,2606625
2025-02-05 14:15:00,1738745100,253.21,253.34,249.02,249.81,3824110
2025-02-05 15:15:00,1738748700,249.85,250.24,249.12,249.4,1934562
2025-02-06 09:15:00,1738813500,252.6,252.7,248.86,251.29,4917134
2025-02-06 10:15:00,1738817100,251.29,253,250.8,252,2846266
2025-02-06 11:15:00,1738820700,252,253.79,251.21,252.77,2486288
2025-02-06 12:15:00,1738824300,252.87,252.87,251,251.54,1224900
2025-02-06 13:15:00,1738827900,251.54,251.59,248.66,248.97,1979986
2025-02-06 14:15:00,1738831500,248.73,251.33,248.65,250.46,2029206
2025-02-06 15:15:00,1738835100,250.46,251.25,250.21,251.1,809849
2025-02-07 09:15:00,1738899900,248.4,250.66,247.76,250.2,3350846
2025-02-07 10:15:00,1738903500,250.19,251.98,246.13,251.53,3031589
2025-02-07 11:15:00,1738907100,251.65,252.75,249.8,249.84,1681488
2025-02-07 12:15:00,1738910700,249.86,251.25,249.8,250.22,802387
2025-02-07 13:15:00,1738914300,250.3,251.2,248.6,248.88,987510
2025-02-07 14:15:00,1738917900,248.88,249.7,248.24,249.6,1280937
2025-02-07 15:15:00,1738921500,249.59,250,249.02,249.47,773356
2025-02-10 09:15:00,1739159100,249.28,250,245.1,245.29,2834380
2025-02-10 10:15:00,1739162700,245.29,246.3,244.55,246.04,1314085
2025-02-10 11:15:00,1739166300,246.07,246.14,242.67,243.09,2410193
2025-02-10 12:15:00,1739169900,243.1,243.49,242.06,242.75,1043248
2025-02-10 13:15:00,1739173500,242.74,243.44,242.2,242.6,874499
2025-02-10 14:15:00,1739177100,242.55,243.84,242.19,243.05,1450748
2025-02-10 15:15:00,1739180700,243.05,243.3,242.45,243.2,1237111
2025-02-11 09:15:00,1739245500,242,243.18,238.5,238.87,3555452
2025-02-11 10:15:00,1739249100,238.87,239.45,238,239.18,1483047
2025-02-11 11:15:00,1739252700,239.18,239.75,238.02,239.02,1393014
2025-02-11 12:15:00,1739256300,239.03,239.2,235.76,235.95,1663452
2025-02-11 13:15:00,1739259900,235.83,237.6,235.83,236,2298679
2025-02-11 14:15:00,1739263500,235.95,236.12,234.75,235.86,3781114
2025-02-11 15:15:00,1739267100,235.86,236.7,235.7,236.5,1146762
2025-02-12 09:15:00,1739331900,233,233.98,223.51,224.08,12188301
2025-02-12 10:15:00,1739335500,224.08,228.35,223.23,227.97,7717769
2025-02-12 11:15:00,1739339100,227.85,229.65,227.32,228.72,5683853
2025-02-12 12:15:00,1739342700,228.75,230.8,227.22,230.7,7681839
2025-02-12 13:15:00,1739346300,230.7,230.73,226.66,227.24,5037064
2025-02-12 14:15:00,1739349900,227.18,227.89,226.47,227.81,4575998
2025-02-12 15:15:00,1739353500,227.85,228.2,227.55,228.18,2269818
2025-02-13 09:15:00,1739418300,228.18,231.95,227.66,231.5,4883344
2025-02-13 10:15:00,1739421900,231.48,232.98,230.35,232.77,2618850
2025-02-13 11:15:00,1739425500,232.77,233.05,231,231.01,1651525
2025-02-13 12:15:00,1739429100,231.05,231.5,230,230.03,1422758
2025-02-13 13:15:00,1739432700,230,230.8,228.12,228.49,1944816
2025-02-13 14:15:00,1739436300,228.49,228.99,227.72,228.13,2139532
2025-02-13 15:15:00,1739439900,228.12,228.49,227,227.9,1166798
2025-02-14 09:15:00,1739504700,230,230.84,224.31,225.52,5544097
2025-02-14 10:15:00,1739508300,225.67,226.36,222.05,223.59,3571919
2025-02-14 11:15:00,1739511900,223.58,223.59,221.26,221.56,2114256
2025-02-14 12:15:00,1739515500,221.58,223.2,220.16,221.08,2727149
2025-02-14 13:15:00,1739519100,221.02,221.83,219.15,219.94,3413133
2025-02-14 14:15:00,1739522700,219.94,223.45,219.8,222.56,3534429
2025-02-14 15:15:00,1739526300,222.57,222.75,221.84,222.25,1248509
2025-02-17 09:15:00,1739763900,222.25,223.6,217.14,220.51,7038991
2025-02-17 10:15:00,1739767500,220.51,222.8,220.2,221.28,4647407
2025-02-17 11:15:00,1739771100,221.28,221.99,220.7,220.98,1789825
2025-02-17 12:15:00,1739774700,220.98,222.19,220.2,220.92,2017645
2025-02-17 13:15:00,1739778300,220.92,222.8,220.63,221.22,2273903
2025-02-17 14:15:00,1739781900,221.22,222.59,221,222.55,2722442
2025-02-17 15:15:00,1739785500,222.55,224,222.02,223.86,1494192
2025-02-18 09:15:00,1739850300,223.56,223.98,220.5,220.93,3619447
2025-02-18 10:15:00,1739853900,220.97,221.39,219.22,219.46,2224798
2025-02-18 11:15:00,1739857500,219.35,220.33,218.5,218.79,2203089
2025-02-18 12:15:00,1739861100,218.79,219.31,217.01,217.72,2714821
2025-02-18 13:15:00,1739864700,217.69,219.58,217.35,218.57,2945988
2025-02-18 14:15:00,1739868300,218.59,221.57,218.41,221.34,4116416
2025-02-18 15:15:00,1739871900,221.34,221.4,220.22,220.4,1310257
2025-02-19 09:15:00,1739936700,221.02,227.14,219.26,226.45,4870690
2025-02-19 10:15:00,1739940300,226.4,227.6,224.82,226.08,2265320
2025-02-19 11:15:00,1739943900,226.05,227.44,225.88,226.64,1078746
2025-02-19 12:15:00,1739947500,226.64,227.4,226.27,227.06,923872
2025-02-19 13:15:00,1739951100,227.1,227.9,226.41,227.75,1129037
2025-02-19 14:15:00,1739954700,227.75,229.7,226.32,229.22,2763330
2025-02-19 15:15:00,1739958300,229.22,229.22,228.33,228.54,1042363
2025-02-20 09:15:00,1740023100,228,232.45,225.9,231.1,5175204
2025-02-20 10:15:00,1740026700,231.1,234,231.06,233.98,2573284
2025-02-20 11:15:00,1740030300,234,234.7,232.8,234.33,1784321
2025-02-20 12:15:00,1740033900,234.39,235.35,234.19,234.77,1666353
2025-02-20 13:15:00,1740037500,234.7,235.87,234.65,235.57,1505020
2025-02-20 14:15:00,1740041100,235.58,235.9,234.9,235.3,1873688
2025-02-20 15:15:00,1740044700,235.32,235.65,235.07,235.39,1093288
2025-02-21 09:15:00,1740109500,236,238.55,234.43,234.46,5154743
2025-02-21 10:15:00,1740113100,234.54,236.09,233.4,233.94,2372833
2025-02-21 11:15:00,1740116700,233.94,235.7,233.12,233.74,1419931
2025-02-21 12:15:00,1740120300,233.84,234.99,233.45,234.39,1211742
2025-02-21 13:15:00,1740123900,234.3,234.75,232.64,233.51,1930637
2025-02-21 14:15:00,1740127500,233.56,234.2,233.06,234.19,1894255
2025-02-21 15:15:00,1740131100,234.17,234.29,233.15,233.3,1149376
2025-02-24 09:15:00,1740368700,231,233.5,228.64,230.28,5164800
2025-02-24 10:15:00,1740372300,230.2,231.5,229.86,230.45,1753559
2025-02-24 11:15:00,1740375900,230.39,231.63,229.37,229.48,1821915
2025-02-24 12:15:00,1740379500,229.46,230,229.1,229.42,996013
2025-02-24 13:15:00,1740383100,229.34,229.63,228.01,228.78,1392388
2025-02-24 14:15:00,1740386700,228.8,229.99,228.19,228.55,2078619
2025-02-24 15:15:00,1740390300,228.55,228.7,228.08,228.55,1493320
2025-02-25 09:15:00,1740455100,229.59,231.67,228.55,229.8,3834927
2025-02-25 10:15:00,1740458700,229.8,229.85,228.59,229.4,1334550
2025-02-25 11:15:00,1740462300,229.4,229.45,227.32,228.82,1284512
2025-02-25 12:15:00,1740465900,228.61,228.9,227.06,227.7,889909
2025-02-25 13:15:00,1740469500,227.7,227.83,226.51,226.65,1096478
2025-02-25 14:15:00,1740473100,226.6,226.93,226.05,226.66,2071975
2025-02-25 15:15:00,1740476700,226.7,226.72,225.25,225.65,1159251
2025-02-27 09:15:00,1740627900,226.36,228,222.3,223,5459828
2025-02-27 10:15:00,1740631500,222.95,223.64,222.5,223.25,1865797
2025-02-27 11:15:00,1740635100,223.3,223.42,222.7,222.8,2044225
2025-02-27 12:15:00,1740638700,222.8,223.29,222.52,223.2,1375453
2025-02-27 13:15:00,1740642300,223.2,223.4,221.85,221.93,1371779
2025-02-27 14:15:00,1740645900,221.95,222.44,221.24,221.78,2421973
2025-02-27 15:15:00,1740649500,221.78,221.86,221.05,221.77,1664385
2025-02-28 09:15:00,1740714300,219.26,219.9,214.36,215.16,9767024
2025-02-28 10:15:00,1740717900,215.15,215.5,214.5,214.54,3976111
2025-02-28 11:15:00,1740721500,214.54,215.15,210.09,210.63,5532900
2025-02-28 12:15:00,1740725100,210.63,211.31,207.5,208.32,9069158
2025-02-28 13:15:00,1740728700,208.33,210.41,207.14,208,8313491
2025-02-28 14:15:00,1740732300,208,209.24,207.49,207.62,9131285
2025-02-28 15:15:00,1740735900,207.61,208.41,207,208.29,5003584
2025-03-03 09:15:00,1740973500,210,210.25,198.9,199.91,18808902
2025-03-03 10:15:00,1740977100,199.99,202.55,199.8,200.5,5888952
2025-03-03 11:15:00,1740980700,200.49,200.6,198.65,200,4674444
2025-03-03 12:15:00,1740984300,199.99,203.4,199.6,203.39,6310350
2025-03-03 13:15:00,1740987900,203.39,203.9,200.1,201.06,6995130
2025-03-03 14:15:00,1740991500,201.1,201.78,200.51,200.72,5461636
2025-03-03 15:15:00,1740995100,200.72,201.49,200.41,201.3,2958553
2025-03-04 09:15:00,1741059900,199.99,204.52,199.02,204.1,23091587
2025-03-04 10:15:00,1741063500,204.1,207.5,204.1,205.6,6848006
2025-03-04 11:15:00,1741067100,205.61,205.96,204.18,204.86,3109386
2025-03-04 12:15:00,1741070700,204.87,205.99,204.57,205.9,6370976
2025-03-04 13:15:00,1741074300,205.9,208,205.6,207.61,4344843
2025-03-04 14:15:00,1741077900,207.65,208.04,206.22,206.3,4493161
2025-03-04 15:15:00,1741081500,206.29,206.49,205.7,206.25,2180309
2025-03-05 09:15:00,1741146300,207,214.89,207,213.81,11553060
2025-03-05 10:15:00,1741149900,213.81,216.35,213.11,216.15,6477243
2025-03-05 11:15:00,1741153500,216.15,217.66,216,216.7,5969852
2025-03-05 12:15:00,1741157100,216.65,217.3,216.02,216.53,3192176
2025-03-05 13:15:00,1741160700,216.57,216.95,215.82,216.29,2702735
2025-03-05 14:15:00,1741164300,216.29,217.4,215.61,217.1,4430078
2025-03-05 15:15:00,1741167900,217.09,217.65,216.66,217.3,2502854
2025-03-06 09:15:00,1741232700,222,222.27,218.06,221.51,9603116
2025-03-06 10:15:00,1741236300,221.45,222.39,220.81,221.95,2833126
2025-03-06 11:15:00,1741239900,221.95,221.97,219.6,220.37,2373167
2025-03-06 12:15:00,1741243500,220.37,220.49,218.85,219.76,2432818
2025-03-06 13:15:00,1741247100,219.76,221.6,219.61,221.11,1780246
2025-03-06 14:15:00,1741250700,221.12,221.21,219.86,220.1,3387378
2025-03-06 15:15:00,1741254300,220.1,220.1,219,219.39,1620655
2025-03-07 09:15:00,1741319100,220,223.79,218.79,223.47,7498015
2025-03-07 10:15:00,1741322700,223.47,223.85,222.96,223.6,2983885
2025-03-07 11:15:00,1741326300,223.6,224.5,221.93,222.11,5151691
2025-03-07 12:15:00,1741329900,222.16,223,221.06,221.35,3614337
2025-03-07 13:15:00,1741333500,221.34,222.65,221.21,222.02,3040485
2025-03-07 14:15:00,1741337100,222.02,223.1,221.62,221.8,3841091
2025-03-07 15:15:00,1741340700,221.8,222,221.36,221.9,1791403
2025-03-10 09:15:00,1741578300,222.6,224.9,219,221,6800578
2025-03-10 10:15:00,1741581900,220.93,222.19,220.7,221.29,2254646
2025-03-10 11:15:00,1741585500,221.25,223.36,220.23,220.32,2588097
2025-03-10 12:15:00,1741589100,220.26,220.4,219.2,219.87,1627756
2025-03-10 13:15:00,1741592700,219.89,219.95,218.27,218.68,1785356
2025-03-10 14:15:00,1741596300,218.66,218.73,216.8,216.97,2924546
2025-03-10 15:15:00,1741599900,217,217,215.5,215.98,1523121
2025-03-11 09:15:00,1741664700,214.7,217.6,213.01,217.53,6360402
2025-03-11 10:15:00,1741668300,217.45,218.67,215.9,217.94,2821097
2025-03-11 11:15:00,1741671900,217.93,217.96,215.79,216.25,1688440
2025-03-11 12:15:00,1741675500,216.33,216.44,213.5,213.5,2037196
2025-03-11 13:15:00,1741679100,213.5,216.49,213.25,216.24,1979470
2025-03-11 14:15:00,1741682700,216.3,218.2,216.22,216.86,3421639
2025-03-11 15:15:00,1741686300,216.84,218.99,216.8,218.75,1804065
2025-03-12 09:15:00,1741751100,220,221.55,218.05,218.44,6604061
2025-03-12 10:15:00,1741754700,218.4,219.84,217.6,218.18,2081782
2025-03-12 11:15:00,1741758300,218.18,218.45,216.72,217.38,1670657
2025-03-12 12:15:00,1741761900,217.44,218.59,216.99,218.45,1305114
2025-03-12 13:15:00,1741765500,218.45,219.8,218.45,219.79,1935449
2025-03-12 14:15:00,1741769100,219.8,226.5,219.7,225.7,11585619
2025-03-12 15:15:00,1741772700,225.69,226,225.02,225.91,3098649
2025-03-13 09:15:00,1741837500,227.88,228.94,225.53,226.34,8083796
2025-03-13 10:15:00,1741841100,226.35,227.5,223.88,225,3306858
2025-03-13 11:15:00,1741844700,224.99,225.08,223.5,224.69,2504083
2025-03-13 12:15:00,1741848300,224.7,224.95,223.09,223.17,1909382
2025-03-13 13:15:00,1741851900,223.17,223.71,222.55,223.2,1903696
2025-03-13 14:15:00,1741855500,223.2,223.26,221.32,222.07,3784256
2025-03-13 15:15:00,1741859100,222.08,224.08,221.78,223.1,3699684
2025-03-17 09:15:00,1742183100,223.12,223.85,221.62,222.84,5462442
2025-03-17 10:15:00,1742186700,222.85,222.99,221.45,222.55,2281235
2025-03-17 11:15:00,1742190300,222.55,222.75,221.75,222.13,1749605
2025-03-17 12:15:00,1742193900,222,222.06,219.26,220.04,2262752
2025-03-17 13:15:00,1742197500,220.01,220.27,219.4,220.1,2122285
2025-03-17 14:15:00,1742201100,220.09,220.1,218.54,219.24,6175320
2025-03-17 15:15:00,1742204700,219.29,220,219.19,219.58,2217570
2025-03-18 09:15:00,1742269500,221.1,223.6,220.71,222.88,6492945
2025-03-18 10:15:00,1742273100,222.87,223,221.61,222.11,2199837
2025-03-18 11:15:00,1742276700,222.1,222.65,221.76,222.25,2370234
2025-03-18 12:15:00,1742280300,222.25,222.25,221.05,222,1859903
2025-03-18 13:15:00,1742283900,222.01,222.37,221.41,221.75,1711887
2025-03-18 14:15:00,1742287500,221.77,225.5,221.54,225.47,11256348
2025-03-18 15:15:00,1742291100,225.47,225.5,225.02,225.25,2169163
2025-03-19 09:15:00,1742355900,227.27,230.79,225.64,230.05,8315157
2025-03-19 10:15:00,1742359500,230.06,231.25,229.82,231.02,2962521
2025-03-19 11:15:00,1742363100,231.07,231.07,229.22,229.62,2136047
2025-03-19 12:15:00,1742366700,229.6,230.95,229.53,229.85,1534675
2025-03-19 13:15:00,1742370300,229.9,230.19,229.1,229.45,2161199
2025-03-19 14:15:00,1742373900,229.45,230.45,229.05,229.05,2317408
2025-03-19 15:15:00,1742377500,229.11,229.29,227.67,227.8,2023561
2025-03-20 09:15:00,1742442300,231,233.21,228.95,229.79,9286502
2025-03-20 10:15:00,1742445900,229.78,232.15,229.53,231.84,3021958
2025-03-20 11:15:00,1742449500,231.91,233.4,231.1,233.4,1936526
2025-03-20 12:15:00,1742453100,233.31,234.25,232.56,233.17,2905633
2025-03-20 13:15:00,1742456700,233.17,233.95,232.35,232.4,3079582
2025-03-20 14:15:00,1742460300,232.38,232.82,231.52,231.83,2753752
2025-03-20 15:15:00,1742463900,231.89,232.09,231.38,232,1425002
2025-03-21 09:15:00,1742528700,232,235.94,231.13,231.83,14798447
2025-03-21 10:15:00,1742532300,231.83,232,231.31,231.72,5158341
2025-03-21 11:15:00,1742535900,231.74,232,228.05,229.85,5824136
2025-03-21 12:15:00,1742539500,229.85,230.65,228.81,229.5,5096009
2025-03-21 13:15:00,1742543100,229.5,229.68,228.11,229,3655909
2025-03-21 14:15:00,1742546700,229,230.59,228.91,229.26,7752838
2025-03-21 15:15:00,1742550300,229.26,229.65,228.99,229.55,4503766
2025-03-24 09:15:00,1742787900,231.9,233.3,230.7,231.55,6254300
2025-03-24 10:15:00,1742791500,231.55,231.78,230.8,231.42,2304098
2025-03-24 11:15:00,1742795100,231.42,234,230.84,233.76,4500062
2025-03-24 12:15:00,1742798700,233.73,234.46,233.4,234.25,3857937
2025-03-24 13:15:00,1742802300,234.25,234.35,232.6,233.63,3009159
2025-03-24 14:15:00,1742805900,233.61,234,232.5,232.72,4448860
2025-03-24 15:15:00,1742809500,232.67,233.08,232.37,232.86,2215932
2025-03-25 09:15:00,1742874300,234.1,234.2,229.01,229.1,7126923
2025-03-25 10:15:00,1742877900,229.09,230.15,227.75,228.35,3833155
2025-03-25 11:15:00,1742881500,228.35,228.95,226.31,227.97,3104437
2025-03-25 12:15:00,1742885100,227.96,228.87,227.2,228.4,1474067
2025-03-25 13:15:00,1742888700,228.4,229.45,227.55,229.15,1865576
2025-03-25 14:15:00,1742892300,229.19,229.35,227.69,227.84,3156286
2025-03-25 15:15:00,1742895900,227.8,227.85,226.74,226.9,1920609
2025-03-26 09:15:00,1742960700,228,228.9,225,226.91,6094198
2025-03-26 10:15:00,1742964300,227,227.08,224.33,224.75,2869717
2025-03-26 11:15:00,1742967900,224.76,226.35,224.6,225.3,1879555
2025-03-26 12:15:00,1742971500,225.28,225.49,224.35,224.65,1497113
2025-03-26 13:15:00,1742975100,224.69,224.79,223.75,224.2,1924357
2025-03-26 14:15:00,1742978700,224.27,224.5,222.6,223.04,3158988
2025-03-26 15:15:00,1742982300,223.04,223.06,222.01,222.5,1937473
2025-03-27 09:15:00,1743047100,222.17,226.8,222,224.09,8598277
2025-03-27 10:15:00,1743050700,224.05,224.21,222.59,222.76,4354437
2025-03-27 11:15:00,1743054300,222.84,223.36,221.35,221.62,3726198
2025-03-27 12:15:00,1743057900,221.61,223,221.33,222.77,3174419
2025-03-27 13:15:00,1743061500,222.71,224,222.5,223.47,4342636
2025-03-27 14:15:00,1743065100,223.38,227,222.5,225.71,95045983
2025-03-27 15:15:00,1743068700,225.76,228,224.2,225.2,69586322
2025-03-28 09:15:00,1743133500,227.18,229.1,226.11,228.09,6782856
2025-03-28 10:15:00,1743137100,228.16,231.75,227.72,230.51,6115989
2025-03-28 11:15:00,1743140700,230.51,232.3,230.43,230.5,4084998
2025-03-28 12:15:00,1743144300,230.49,231.1,229.5,230.12,2837229
2025-03-28 13:15:00,1743147900,230.15,230.15,227.11,228.19,2972019
2025-03-28 14:15:00,1743151500,228.13,229.05,227.32,227.56,4627564
2025-03-28 15:15:00,1743155100,227.57,227.68,227,227,2929396
2025-04-01 09:15:00,1743479100,227,229.3,225.21,228.3,6326622
2025-04-01 10:15:00,1743482700,228.29,229.85,227.26,227.55,3027259
2025-04-01 11:15:00,1743486300,227.5,230.18,227.48,230.18,2426725
2025-04-01 12:15:00,1743489900,230.1,231.29,229.65,230.79,2358181
2025-04-01 13:15:00,1743493500,230.89,230.89,229.72,230.19,1370405
2025-04-01 14:15:00,1743497100,230.19,230.4,229.45,230.29,2017297
2025-04-01 15:15:00,1743500700,230.4,231,230.22,230.94,1247239
2025-04-02 09:15:00,1743565500,230.99,230.99,225.3,226.56,5836603
2025-04-02 10:15:00,1743569100,226.56,228.1,226.3,227.76,1457846
2025-04-02 11:15:00,1743572700,227.69,228.8,227.2,228.55,1549025
2025-04-02 12:15:00,1743576300,228.55,229.67,228.48,229.26,1983778
2025-04-02 13:15:00,1743579900,229.32,229.45,228,228.09,1492713
2025-04-02 14:15:00,1743583500,228.16,229.95,228.07,229.75,2257203
2025-04-02 15:15:00,1743587100,229.76,230.18,229.65,229.91,1617546
2025-04-03 09:15:00,1743651900,227,230.72,226.5,229.41,3351952
2025-04-03 10:15:00,1743655500,229.4,230.5,228.84,230.35,1367417
2025-04-03 11:15:00,1743659100,230.3,230.47,229.7,230.15,946327
2025-04-03 12:15:00,1743662700,230.15,230.3,228.8,229.1,961250
2025-04-03 13:15:00,1743666300,229.19,231.79,229.11,230.98,2115419
2025-04-03 14:15:00,1743669900,230.95,231.66,229.33,230.7,2007405
2025-04-03 15:15:00,1743673500,230.7,230.75,230.26,230.65,992745
2025-04-04 09:15:00,1743738300,230.05,230.35,223.5,223.65,7209135
2025-04-04 10:15:00,1743741900,223.65,225.72,223.41,225.25,2091538
2025-04-04 11:15:00,1743745500,225.27,225.4,222.26,223.09,2645603
2025-04-04 12:15:00,1743749100,223.09,223.32,221.65,222.28,2000345
2025-04-04 13:15:00,1743752700,222.28,222.98,220.8,221.7,2454082
2025-04-04 14:15:00,1743756300,221.68,222.7,220.9,222.41,2958483
2025-04-04 15:15:00,1743759900,222.42,222.62,222.01,222.54,1459618
2025-04-07 09:15:00,1743997500,203.1,213.15,203.1,208.96,9928050
2025-04-07 10:15:00,1744001100,208.99,212.95,208.05,212.25,3598638
2025-04-07 11:15:00,1744004700,212.25,214,210.02,210.21,2484212
2025-04-07 12:15:00,1744008300,210.17,211.17,209.35,210,2509418
2025-04-07 13:15:00,1744011900,210,212.46,209,210.86,2219688
2025-04-07 14:15:00,1744015500,210.82,213.68,210.36,213.44,3163230
2025-04-07 15:15:00,1744019100,213.45,215,213.07,214.85,1857731
2025-04-08 09:15:00,1744083900,217,220.52,216.86,218.8,5235144
2025-04-08 10:15:00,1744087500,218.87,220.15,216.62,219.2,2768620
2025-04-08 11:15:00,1744091100,219.2,219.5,217.6,219.3,1440329
2025-04-08 12:15:00,1744094700,219.3,219.95,218.62,219.64,1432690
2025-04-08 13:15:00,1744098300,219.64,223,218.82,222.75,3631082
2025-04-08 14:15:00,1744101900,222.75,225.37,222.7,225.06,8721130
2025-04-08 15:15:00,1744105500,225.05,225.5,224.61,225.49,1883992
2025-04-09 09:15:00,1744170300,224,224,218.34,218.43,7551936
2025-04-09 10:15:00,1744173900,218.4,219.85,218.25,219.55,2379907
2025-04-09 11:15:00,1744177500,219.41,221.45,219.34,221.06,1816767
2025-04-09 12:15:00,1744181100,221.14,221.89,220.53,221.39,1634264
2025-04-09 13:15:00,1744184700,221.39,221.4,220.15,220.55,2411177
2025-04-09 14:15:00,1744188300,220.48,221.41,220.4,220.93,2170273
2025-04-09 15:15:00,1744191900,220.9,221.35,220.57,221.1,1394329
2025-04-11 09:15:00,1744343100,225.78,227.75,223.72,226.78,6783293
2025-04-11 10:15:00,1744346700,226.71,227.75,225.98,227.43,2567946
2025-04-11 11:15:00,1744350300,227.37,228.5,227.33,228.44,2062742
2025-04-11 12:15:00,1744353900,228.44,229.85,228.34,229.73,2482379
2025-04-11 13:15:00,1744357500,229.64,229.75,227.9,228.26,2557312
2025-04-11 14:15:00,1744361100,228.3,230.48,228.11,229.99,5413017
2025-04-11 15:15:00,1744364700,229.99,230.98,229.9,230.7,2753271
2025-04-15 09:15:00,1744688700,235.9,235.94,232.6,233.76,6351107
2025-04-15 10:15:00,1744692300,233.87,234.87,233.78,234.6,1914098
2025-04-15 11:15:00,1744695900,234.6,235.9,234.52,235.9,2689164
2025-04-15 12:15:00,1744699500,235.9,236.9,235.27,236.4,3278683
2025-04-15 13:15:00,1744703100,236.4,237.7,235.6,237.49,5372741
2025-04-15 14:15:00,1744706700,237.49,238.4,237.22,238.21,5014229
2025-04-15 15:15:00,1744710300,238.21,239.49,238.2,239.2,3036057
2025-04-16 09:15:00,1744775100,239.05,242.45,237.26,241.88,12422518
2025-04-16 10:15:00,1744778700,241.89,242.15,239.61,241.54,3736835
2025-04-16 11:15:00,1744782300,241.41,241.83,240.88,241.7,1868044
2025-04-16 12:15:00,1744785900,241.71,242.2,241.3,242,2275044
2025-04-16 13:15:00,1744789500,241.91,242.75,240.49,242.44,3149305
2025-04-16 14:15:00,1744793100,242.39,242.49,241.81,242.29,2617686
2025-04-16 15:15:00,1744796700,242.29,242.5,242,242.3,1644308
2025-04-17 09:15:00,1744861500,242.94,242.94,238.3,238.99,6507197
2025-04-17 10:15:00,1744865100,238.99,241.43,238.9,241.3,2315333
2025-04-17 11:15:00,1744868700,241.29,243.5,241.2,243.42,4180614
2025-04-17 12:15:00,1744872300,243.39,244.44,242.9,243.36,2947147
2025-04-17 13:15:00,1744875900,243.4,244.2,242.51,243.71,2369444
2025-04-17 14:15:00,1744879500,243.8,248,243.22,247.1,9259092
2025-04-17 15:15:00,1744883100,247.07,247.12,245,246.2,2831186
2025-04-21 09:15:00,1745207100,250,250,244.5,246.63,14967116
2025-04-21 10:15:00,1745210700,246.63,248.25,246.16,248.1,3598741
2025-04-21 11:15:00,1745214300,248.14,248.5,247.32,247.92,2453381
2025-04-21 12:15:00,1745217900,247.92,248.39,246.67,246.79,2489371
2025-04-21 13:15:00,1745221500,246.79,247.37,246.3,246.56,2667935
2025-04-21 14:15:00,1745225100,246.65,247.48,246.5,246.5,3161175
2025-04-21 15:15:00,1745228700,246.52,246.6,245.9,245.95,2412460
2025-04-22 09:15:00,1745293500,245.5,247.05,243.7,246,7480235
2025-04-22 10:15:00,1745297100,246.05,246.96,245.5,246.9,3184181
2025-04-22 11:15:00,1745300700,246.9,248.3,246.8,247.7,4315575
2025-04-22 12:15:00,1745304300,247.6,250.6,247.3,250.15,5816207
2025-04-22 13:15:00,1745307900,250.15,251.34,250.15,250.7,4424709
2025-04-22 14:15:00,1745311500,250.72,250.96,250,250.58,3431395
2025-04-22 15:15:00,1745315100,250.58,250.75,250.21,250.57,1566696
2025-04-23 09:15:00,1745379900,252,258.37,251.39,253.6,16518115
2025-04-23 10:15:00,1745383500,253.63,254.9,252.13,253.77,5508749
2025-04-23 11:15:00,1745387100,253.77,254.83,253.6,254.31,2509115
2025-04-23 12:15:00,1745390700,254.31,256.79,253.87,255.69,3277428
2025-04-23 13:15:00,1745394300,255.7,256.85,255.52,256.62,2291386
2025-04-23 14:15:00,1745397900,256.7,258.55,256.61,258.35,5309339
2025-04-23 15:15:00,1745401500,258.36,258.4,258,258.18,2143345
2025-04-24 09:15:00,1745466300,258,259.8,256.5,257.96,5765478
2025-04-24 10:15:00,1745469900,257.91,259.74,257.85,259.66,1878813
2025-04-24 11:15:00,1745473500,259.66,259.74,258.4,259.1,2653103
2025-04-24 12:15:00,1745477100,259.1,259.15,258.23,258.94,1280923
2025-04-24 13:15:00,1745480700,258.94,259.38,257.25,257.6,1582272
2025-04-24 14:15:00,1745484300,257.43,258.87,257.4,258.69,2480125
2025-04-24 15:15:00,1745487900,258.69,259.24,258.6,258.94,1506315
2025-04-25 09:15:00,1745552700,258.78,261.62,251.5,253.26,13434041
2025-04-25 10:15:00,1745556300,253.36,253.75,249.61,251.5,5399624
2025-04-25 11:15:00,1745559900,251.5,251.9,249.1,251.59,4436191
2025-04-25 12:15:00,1745563500,251.53,254.44,251.33,254.1,2887812
2025-04-25 13:15:00,1745567100,254.01,255.49,252.7,253.35,2931348
2025-04-25 14:15:00,1745570700,253.32,254.25,252.42,253.43,2826974
2025-04-25 15:15:00,1745574300,253.4,253.52,252.1,252.25,1418829
2025-04-28 09:15:00,1745811900,252.39,257.5,252.3,256.93,6616546
2025-04-28 10:15:00,1745815500,256.99,257.49,255.61,256.72,2419771
2025-04-28 11:15:00,1745819100,256.88,258.69,256.2,258.26,2435353
2025-04-28 12:15:00,1745822700,258.28,259.7,258.2,258.59,2480115
2025-04-28 13:15:00,1745826300,258.6,258.85,257.35,257.58,1542838
2025-04-28 14:15:00,1745829900,257.69,257.99,256.8,257.72,2508023
2025-04-28 15:15:00,1745833500,257.75,258.4,257.6,258,1366450
2025-04-29 09:15:00,1745898300,258.1,259.75,255.6,257.08,4229861
2025-04-29 10:15:00,1745901900,257,257.43,256.1,257,1091986
2025-04-29 11:15:00,1745905500,256.93,257.5,256.4,256.83,1362998
2025-04-29 12:15:00,1745909100,256.82,258.34,256.6,257.84,1305551
2025-04-29 13:15:00,1745912700,257.85,258.12,257.21,258,1157650
2025-04-29 14:15:00,1745916300,258.04,258.49,257.18,257.71,2193528
2025-04-29 15:15:00,1745919900,257.72,257.73,257.4,257.5,1140248
2025-04-30 09:15:00,1745984700,256,260.39,255.2,259.25,8046941
2025-04-30 10:15:00,1745988300,259.21,259.49,257.72,259.02,2231814
2025-04-30 11:15:00,1745991900,259.1,262.64,258.62,262.35,6287064
2025-04-30 12:15:00,1745995500,262.39,263.3,261.81,262.01,3546555
2025-04-30 13:15:00,1745999100,262.02,262.68,259.75,260,3532225
2025-04-30 14:15:00,1746002700,259.9,261.79,258.75,260.77,5975194
2025-04-30 15:15:00,1746006300,260.79,260.84,259,259.08,2434768
2025-05-02 09:15:00,1746157500,262.9,265.2,262,264.2,6317760
2025-05-02 10:15:00,1746161100,264.15,264.35,261,261.4,2710697
2025-05-02 11:15:00,1746164700,261.3,261.65,259.1,259.55,2411499
2025-05-02 12:15:00,1746168300,259.5,260.3,257.75,259.8,2972164
2025-05-02 13:15:00,1746171900,259.8,262,259.75,260.5,1677294
2025-05-02 14:15:00,1746175500,260.45,260.75,258.85,259.2,2504325
2025-05-02 15:15:00,1746179100,259.25,259.25,258,258.35,1414917
2025-05-05 09:15:00,1746416700,259.6,261.25,259.3,260.4,3166047
2025-05-05 10:15:00,1746420300,260.4,261.5,260.05,260.8,1225241
2025-05-05 11:15:00,1746423900,260.9,261.15,259.45,260.4,1485899
2025-05-05 12:15:00,1746427500,260.2,261.4,259.5,261.3,1382101
2025-05-05 13:15:00,1746431100,261.25,262.4,261,261.05,1076595
2025-05-05 14:15:00,1746434700,261.1,262,259.95,260.3,1881060
2025-05-05 15:15:00,1746438300,260.3,261,260.3,260.45,752892
2025-05-06 09:15:00,1746503100,259.25,260.75,254.35,254.85,4812904
2025-05-06 10:15:00,1746506700,254.8,255.9,253.2,255.1,3584792
2025-05-06 11:15:00,1746510300,255.1,256.4,254.15,255.95,2019478
2025-05-06 12:15:00,1746513900,255.95,256.7,255.4,255.75,1594286
2025-05-06 13:15:00,1746517500,255.8,256,253.65,253.9,1737194
2025-05-06 14:15:00,1746521100,253.95,254,251.15,251.3,2973512
2025-05-06 15:15:00,1746524700,251.4,251.45,250.4,251,1842126
2025-05-07 09:15:00,1746589500,245.05,255.3,245.05,251,7745030
2025-05-07 10:15:00,1746593100,251.05,253.65,250.4,253.6,2292342
2025-05-07 11:15:00,1746596700,253.6,254.65,252.2,252.95,1598062
2025-05-07 12:15:00,1746600300,253,254.45,252.85,254.15,1520580
2025-05-07 13:15:00,1746603900,254.2,256.4,253.25,255.75,2006729
2025-05-07 14:15:00,1746607500,255.7,256.3,254.75,255.75,2881622
2025-05-07 15:15:00,1746611100,255.75,256.7,255.75,256.5,1345085
2025-05-08 09:15:00,1746675900,256.1,258.3,255,255.4,3830202
2025-05-08 10:15:00,1746679500,255.45,255.95,254.45,255.15,1173151
2025-05-08 11:15:00,1746683100,255.1,256.1,254.5,256,1225296
2025-05-08 12:15:00,1746686700,256,256.95,255.25,255.85,1312441
2025-05-08 13:15:00,1746690300,255.85,255.85,252.2,252.3,1568284
2025-05-08 14:15:00,1746693900,252.2,254.15,251.5,252.3,3767712
2025-05-08 15:15:00,1746697500,252.25,252.4,249.4,250.05,1970947
2025-05-09 09:15:00,1746762300,244.1,250,242.45,244.4,8053090
2025-05-09 10:15:00,1746765900,244.45,244.85,242,244.25,4517498
2025-05-09 11:15:00,1746769500,244.35,246.75,243.45,246.6,2860933
2025-05-09 12:15:00,1746773100,246.65,248.2,246.1,247.3,3139539
2025-05-09 13:15:00,1746776700,247.25,247.6,245,245.8,1819418
2025-05-09 14:15:00,1746780300,245.75,248.5,245.5,248.5,3221512
2025-05-09 15:15:00,1746783900,248.55,249.5,248.15,249.2,1384017
2025-05-12 09:15:00,1747021500,258.95,263,257,260.4,8734660
2025-05-12 10:15:00,1747025100,260.35,261.45,260.35,260.5,1917573
2025-05-12 11:15:00,1747028700,260.5,261.8,260.35,260.55,1355945
2025-05-12 12:15:00,1747032300,260.4,261.5,259.8,261.05,1427605
2025-05-12 13:15:00,1747035900,261.05,262.3,261.05,261.75,1550288
2025-05-12 14:15:00,1747039500,261.9,263.4,261.75,262.7,2805313
2025-05-12 15:15:00,1747043100,262.6,263.5,262.6,263,1638452
2025-05-13 09:15:00,1747107900,263.2,268.5,261.5,267.5,7369770
2025-05-13 10:15:00,1747111500,267.65,267.7,265.05,266,2729436
2025-05-13 11:15:00,1747115100,266.1,268.5,265.7,268.45,2112520
2025-05-13 12:15:00,1747118700,268.35,268.95,267.3,267.65,2065438
2025-05-13 13:15:00,1747122300,267.65,268.3,266.7,267.7,1672028
2025-05-13 14:15:00,1747125900,267.6,268.4,266.6,266.95,2276199
2025-05-13 15:15:00,1747129500,266.95,268,266.9,267.7,1069808
2025-05-14 09:15:00,1747194300,268.8,269.95,266.65,269.5,3499786
2025-05-14 10:15:00,1747197900,269.5,269.85,267.5,267.7,1592683
2025-05-14 11:15:00,1747201500,267.85,268.8,266.7,267.9,1815000
2025-05-14 12:15:00,1747205100,267.8,268.05,265.2,267.1,1750229
2025-05-14 13:15:00,1747208700,267.15,267.35,265.5,265.9,1899866
2025-05-14 14:15:00,1747212300,265.9,267.95,265.5,267.8,1875819
2025-05-14 15:15:00,1747215900,267.85,267.95,267.25,267.85,796417
2025-05-15 09:15:00,1747280700,268,268.4,265.5,267.4,2739309
2025-05-15 10:15:00,1747284300,267.35,269.75,266.4,267.5,1750680
2025-05-15 11:15:00,1747287900,267.4,268.75,267.15,268.2,996710
2025-05-15 12:15:00,1747291500,268.3,270.45,268.15,270.35,1704246
2025-05-15 13:15:00,1747295100,270.4,272,270,271.85,2794548
2025-05-15 14:15:00,1747298700,271.65,274.15,271.4,274.15,4082381
2025-05-15 15:15:00,1747302300,274.15,274.6,273.7,274.1,2114272
2025-05-16 09:15:00,1747367100,274.1,275.8,273.05,274.8,3828353
2025-05-16 10:15:00,1747370700,274.8,275.6,273.4,274.2,1420263
2025-05-16 11:15:00,1747374300,274.1,275.2,273.75,273.9,1114558
2025-05-16 12:15:00,1747377900,273.9,274.25,273.5,274.05,821430
2025-05-16 13:15:00,1747381500,274.1,274.7,273.9,274.2,791268
2025-05-16 14:15:00,1747385100,274.2,277.95,274.1,277.45,4479319
2025-05-16 15:15:00,1747388700,277.4,277.45,276.05,276.05,969240
2025-05-19 09:15:00,1747626300,277,278.8,275.75,277.05,2778065
2025-05-19 10:15:00,1747629900,277.05,279.35,276.9,278.3,1618363
2025-05-19 11:15:00,1747633500,278.45,278.85,278,278.2,961048
2025-05-19 12:15:00,1747637100,278.2,278.8,278,278.2,783807
2025-05-19 13:15:00,1747640700,278.25,278.8,276.9,277.6,1793203
2025-05-19 14:15:00,1747644300,277.65,278.3,276.85,277.35,1391273
2025-05-19 15:15:00,1747647900,277.25,277.35,276.6,276.9,865710
2025-05-20 09:15:00,1747712700,277.1,278,272.5,273.65,3249023
2025-05-20 10:15:00,1747716300,273.65,276.2,272.9,276,1961628
2025-05-20 11:15:00,1747719900,276,276.2,274.35,275,1137638
2025-05-20 12:15:00,1747723500,274.9,275.5,274.1,275.3,1269886
2025-05-20 13:15:00,1747727100,275.25,275.5,273.5,273.7,1289710
2025-05-20 14:15:00,1747730700,273.7,274.25,271.25,271.6,2626389
2025-05-20 15:15:00,1747734300,271.6,271.85,270.85,271.7,1346266
2025-05-21 09:15:00,1747799100,271.5,274.6,270.35,274.5,3247767
2025-05-21 10:15:00,1747802700,274.5,275.5,274,274.75,1325311
2025-05-21 11:15:00,1747806300,274.75,275.15,271.2,271.6,1029171
2025-05-21 12:15:00,1747809900,271.7,274.2,270.65,273.9,1259635
2025-05-21 13:15:00,1747813500,273.8,274.65,273.1,274.6,1292892
2025-05-21 14:15:00,1747817100,274.65,275.4,272.8,274.2,1680085
2025-05-21 15:15:00,1747820700,274.25,274.75,274.1,274.5,636514
2025-05-22 09:15:00,1747885500,274.45,277.35,273.7,275.85,3172877
2025-05-22 10:15:00,1747889100,275.8,276.1,275.35,275.4,1003134
2025-05-22 11:15:00,1747892700,275.5,276.25,275.25,275.9,960258
2025-05-22 12:15:00,1747896300,275.9,276.25,274.2,275.1,2707316
2025-05-22 13:15:00,1747899900,275.2,275.5,273.4,273.75,1491253
2025-05-22 14:15:00,1747903500,273.7,274.8,271.4,274.6,2679209
2025-05-22 15:15:00,1747907100,274.7,275.15,274.35,274.65,1189258
2025-05-23 09:15:00,1747971900,274.95,277.65,274.55,277.2,2249035
2025-05-23 10:15:00,1747975500,277.1,278.8,276.4,278.75,1533386
2025-05-23 11:15:00,1747979100,278.7,281,278.25,280.65,2141210
2025-05-23 12:15:00,1747982700,280.65,283.65,280.4,283,3463869
2025-05-23 13:15:00,1747986300,282.95,283.3,281.55,282.1,1593747
2025-05-23 14:15:00,1747989900,282.2,282.4,281.05,281.75,1643413
2025-05-23 15:15:00,1747993500,281.8,281.95,281.25,281.4,911694
2025-05-26 09:15:00,1748231100,282.75,284.7,281.8,283.5,3180026
2025-05-26 10:15:00,1748234700,283.55,283.95,281.55,283.05,1302777
2025-05-26 11:15:00,1748238300,283.05,283.5,282.3,282.6,746341
2025-05-26 12:15:00,1748241900,282.6,282.9,282.05,282.25,600411
2025-05-26 13:15:00,1748245500,282.2,282.35,281.8,282.2,642885
2025-05-26 14:15:00,1748249100,282.05,282.35,281.35,281.8,1533432
2025-05-26 15:15:00,1748252700,281.9,282,281.5,281.65,597510
2025-05-27 09:15:00,1748317500,280,282.75,279.1,280.45,2376201
2025-05-27 10:15:00,1748321100,280.5,281.9,279.55,280.7,1578123
2025-05-27 11:15:00,1748324700,280.7,283.75,280.7,283.55,1567409
2025-05-27 12:15:00,1748328300,283.6,286.35,282.2,286,1978659
2025-05-27 13:15:00,1748331900,285.95,290.45,284,290.35,5180876
2025-05-27 14:15:00,1748335500,290.3,292.3,289.1,290.75,8800208
2025-05-27 15:15:00,1748339100,290.65,292.9,290.55,292.75,2870766
2025-05-28 09:15:00,1748403900,296.05,299.25,292,293.1,18842819
2025-05-28 10:15:00,1748407500,293.15,294.6,292.35,293.05,3306998
2025-05-28 11:15:00,1748411100,293.15,293.35,291.2,292.25,3461170
2025-05-28 12:15:00,1748414700,292.25,293.8,292,292.4,2138261
2025-05-28 13:15:00,1748418300,292.3,292.45,290.4,291.15,2915232
2025-05-28 14:15:00,1748421900,291.15,291.45,290,290.55,3555097
2025-05-28 15:15:00,1748425500,290.55,290.9,288.8,289.3,2945603
2025-05-29 09:15:00,1748490300,291.75,292.05,287.55,288.75,4792105
2025-05-29 10:15:00,1748493900,288.8,288.85,285.5,285.85,2115852
2025-05-29 11:15:00,1748497500,285.85,288.65,285.8,288.6,1318341
2025-05-29 12:15:00,1748501100,288.6,289.9,288,289.6,2095355
2025-05-29 13:15:00,1748504700,289.5,289.75,286.8,287.2,1304759
2025-05-29 14:15:00,1748508300,287.2,288.45,286.95,288.05,2500650
2025-05-29 15:15:00,1748511900,288.05,288.75,287.3,288.35,1705574
2025-05-30 09:15:00,1748576700,288,291,287.35,288,4066358
2025-05-30 10:15:00,1748580300,288,288,285.6,286.8,1472259
2025-05-30 11:15:00,1748583900,286.8,287.4,286.3,286.45,823663
2025-05-30 12:15:00,1748587500,286.45,287.2,285.9,287,954523
2025-05-30 13:15:00,1748591100,286.95,288.9,286.95,287.15,1107854
2025-05-30 14:15:00,1748594700,287.1,287.95,286.2,286.3,5426831
2025-05-30 15:15:00,1748598300,286.3,287.1,286,286.2,4021482
2025-06-02 09:15:00,1748835900,286.95,287.8,283.4,286.95,4264790
2025-06-02 10:15:00,1748839500,286.95,287.3,286.1,286.75,788574
2025-06-02 11:15:00,1748843100,286.7,289.2,286.5,288.7,1425343
2025-06-02 12:15:00,1748846700,288.6,288.8,287.75,288.35,901449
2025-06-02 13:15:00,1748850300,288.35,288.45,287,287.4,1268472
2025-06-02 14:15:00,1748853900,287.4,287.4,285.35,286.25,2279279
2025-06-02 15:15:00,1748857500,286.45,286.9,285.85,286.55,1696611
2025-06-03 09:15:00,1748922300,287.75,290.8,285.05,285.9,3093102
2025-06-03 10:15:00,1748925900,285.9,286.35,284.55,284.85,1047306
2025-06-03 11:15:00,1748929500,284.85,285,283.5,284.45,1073502
2025-06-03 12:15:00,1748933100,284.45,284.65,283.1,283.45,1117487
2025-06-03 13:15:00,1748936700,283.5,284.6,283.3,284.55,645456
2025-06-03 14:15:00,1748940300,284.6,284.75,283.8,283.95,1442859
2025-06-03 15:15:00,1748943900,283.8,284,283.3,283.7,836632
2025-06-04 09:15:00,1749008700,283.9,286.35,282.5,284.05,2204817
2025-06-04 10:15:00,1749012300,284.1,284.5,283.5,283.9,775603
2025-06-04 11:15:00,1749015900,283.9,284.95,283.55,284.9,1179964
2025-06-04 12:15:00,1749019500,284.85,286.3,284.55,286.15,987150
2025-06-04 13:15:00,1749023100,286.1,289.2,286.1,288.4,1823850
2025-06-04 14:15:00,1749026700,288.4,291.7,288.35,290.1,4966823
2025-06-04 15:15:00,1749030300,290.1,290.75,289.75,290.6,1692847
2025-06-05 09:15:00,1749095100,292,293,289.55,291.55,3560731
2025-06-05 10:15:00,1749098700,291.65,292,290.8,291.45,1001159
2025-06-05 11:15:00,1749102300,291.5,292.45,291,292.2,1184789
2025-06-05 12:15:00,1749105900,292.35,292.45,291.05,291.6,1746221
2025-06-05 13:15:00,1749109500,291.5,291.6,290.1,290.55,1022743
2025-06-05 14:15:00,1749113100,290.45,291.9,290.1,291.6,2089789
2025-06-05 15:15:00,1749116700,291.6,291.8,291.05,291.1,1256665
2025-06-06 09:15:00,1749181500,292,293.65,290.5,292.4,2458690
2025-06-06 10:15:00,1749185100,292.4,296.4,292.05,295.35,4925475
2025-06-06 11:15:00,1749188700,295.45,296.65,295.15,295.45,2059323
2025-06-06 12:15:00,1749192300,295.55,296.9,295.35,295.85,1660170
2025-06-06 13:15:00,1749195900,295.8,296.2,294.35,294.75,1533102
2025-06-06 14:15:00,1749199500,294.9,295.5,293.3,293.95,1814583
2025-06-06 15:15:00,1749203100,293.95,294.4,293.6,294.1,1398439
2025-06-09 09:15:00,1749440700,296,301.75,295.65,300.85,8658020
2025-06-09 10:15:00,1749444300,300.85,301,299.5,299.55,2209993
2025-06-09 11:15:00,1749447900,299.5,300.35,298.7,300.25,1973852
2025-06-09 12:15:00,1749451500,300.2,304.7,300.1,303.2,4694753
2025-06-09 13:15:00,1749455100,303.3,304.2,302.35,303.25,2721122
2025-06-09 14:15:00,1749458700,303.25,304.35,302.6,304.25,3182772
2025-06-09 15:15:00,1749462300,304.2,305.5,304,305.45,3160383
2025-06-10 09:15:00,1749527100,305.8,306.85,303.85,305.75,6167893
2025-06-10 10:15:00,1749530700,305.75,306,304,304.55,1832297
2025-06-10 11:15:00,1749534300,304.55,304.75,303.6,303.9,1190087
2025-06-10 12:15:00,1749537900,303.85,304.35,302.65,303.5,1568680
2025-06-10 13:15:00,1749541500,303.5,304.1,303.3,303.6,785478
2025-06-10 14:15:00,1749545100,303.55,303.7,302.15,302.95,2144137
2025-06-10 15:15:00,1749548700,303,303.15,302.1,302.3,1553210
2025-06-11 09:15:00,1749613500,303.5,303.8,299.7,301,4132076
2025-06-11 10:15:00,1749617100,300.9,301.25,300.1,300.75,1398412
2025-06-11 11:15:00,1749620700,300.75,306.8,300.7,305.3,3793746
2025-06-11 12:15:00,1749624300,305.4,306,303.85,304.15,1832497
2025-06-11 13:15:00,1749627900,304.2,304.2,300.5,301.2,2249741
2025-06-11 14:15:00,1749631500,301.1,304.2,301,303.15,2720064
2025-06-11 15:15:00,1749635100,303.25,303.3,301.95,302.55,1402868
2025-06-12 09:15:00,1749699900,303.85,303.85,300.25,302.25,3810241
2025-06-12 10:15:00,1749703500,302.2,302.65,300.55,300.85,1507876
2025-06-12 11:15:00,1749707100,300.9,301.25,299.3,299.75,1552542
2025-06-12 12:15:00,1749710700,299.75,301.75,299.7,300.85,1321879
2025-06-12 13:15:00,1749714300,300.85,300.95,295,295.15,3130630
2025-06-12 14:15:00,1749717900,295.05,296.75,295,295.7,3479735
2025-06-12 15:15:00,1749721500,295.7,296.25,295.2,296.15,1359550
2025-06-13 09:15:00,1749786300,288,292.65,287.8,292.6,7326183
2025-06-13 10:15:00,1749789900,292.6,294.65,291.7,292.9,2345578
2025-06-13 11:15:00,1749793500,292.95,295.2,292.8,294.45,1458575
2025-06-13 12:15:00,1749797100,294.45,295.3,293,293.25,1477992
2025-06-13 13:15:00,1749800700,293.4,295.2,293.15,294.35,1072855
2025-06-13 14:15:00,1749804300,294.15,294.7,292.05,294.25,1943832
2025-06-13 15:15:00,1749807900,294.15,295.3,293.85,295.1,1277616
2025-06-16 09:15:00,1750045500,293.5,294.05,287.5,289.3,5327638
2025-06-16 10:15:00,1750049100,289.35,293.95,289.15,293.5,2716560
2025-06-16 11:15:00,1750052700,293.5,294.75,292.85,293.7,2177303
2025-06-16 12:15:00,1750056300,293.7,294.45,292.85,293.2,1228366
2025-06-16 13:15:00,1750059900,293.3,294.95,293.15,294.6,1190110
2025-06-16 14:15:00,1750063500,294.6,294.9,293.7,294.15,2067048
2025-06-16 15:15:00,1750067100,294.15,294.6,293.8,294,1542816
2025-06-17 09:15:00,1750131900,295,295.5,291.1,293.65,2423527
2025-06-17 10:15:00,1750135500,293.6,294.7,292.7,293.2,882864
2025-06-17 11:15:00,1750139100,293.2,293.5,291.75,292.1,695864
2025-06-17 12:15:00,1750142700,292.1,292.9,290.1,291.1,1159564
2025-06-17 13:15:00,1750146300,291.1,291.85,290.1,291.5,930493
2025-06-17 14:15:00,1750149900,291.6,291.6,289.55,290.15,1672155
2025-06-17 15:15:00,1750153500,290.1,290.1,289.4,289.8,1070015
2025-06-18 09:15:00,1750218300,289,292.65,288.6,292.1,2750996
2025-06-18 10:15:00,1750221900,292,292.45,289.15,290,1246533
2025-06-18 11:15:00,1750225500,290.1,290.3,288.6,290,743943
2025-06-18 12:15:00,1750229100,290,290,288.05,288.35,854106
2025-06-18 13:15:00,1750232700,288.35,288.8,287.7,288.1,790251
2025-06-18 14:15:00,1750236300,288.2,289.05,287.35,287.95,1284746
2025-06-18 15:15:00,1750239900,287.95,288.25,287.55,287.75,721931
2025-06-19 09:15:00,1750304700,289.5,290.6,287,287.55,4054446
2025-06-19 10:15:00,1750308300,287.5,287.6,285.15,286.2,1950629
2025-06-19 11:15:00,1750311900,286.05,286.4,285.1,285.8,847003
2025-06-19 12:15:00,1750315500,285.75,285.75,282.7,284.15,2193419
2025-06-19 13:15:00,1750319100,284.15,285,283.15,284.8,1344664
2025-06-19 14:15:00,1750322700,284.8,285.8,284.05,284.7,2259496
2025-06-19 15:15:00,1750326300,284.65,284.95,283.05,283.3,1258417
2025-06-20 09:15:00,1750391100,283.2,288.6,283,288.3,3390132
2025-06-20 10:15:00,1750394700,288.3,292.25,288.25,291.85,3550053
2025-06-20 11:15:00,1750398300,291.85,292.7,291.6,292.6,1950724
2025-06-20 12:15:00,1750401900,292.6,292.65,289.8,292,2118101
2025-06-20 13:15:00,1750405500,292.1,293.35,291.65,293.25,1631805
2025-06-20 14:15:00,1750409100,293.15,294.5,292.2,294.25,4996238
2025-06-20 15:15:00,1750412700,294.1,295,293.5,293.5,3420581
2025-06-23 09:15:00,1750650300,288.55,292.75,287.45,291.25,3749684
2025-06-23 10:15:00,1750653900,291.25,292.65,291.05,292.3,1928223
2025-06-23 11:15:00,1750657500,292.4,293.4,291.75,293.2,1238699
2025-06-23 12:15:00,1750661100,293.1,293.8,292.75,293.3,1084980
2025-06-23 13:15:00,1750664700,293.2,295.9,293.15,294.5,2444832
2025-06-23 14:15:00,1750668300,294.4,294.6,292.9,293.35,2052433
2025-06-23 15:15:00,1750671900,293.3,293.35,292.65,292.8,894329
2025-06-24 09:15:00,1750736700,298,302,297.1,301,7490462
2025-06-24 10:15:00,1750740300,301.05,302.75,300.2,302.05,3141561
2025-06-24 11:15:00,1750743900,302.05,303.9,301.8,303.7,3091576
2025-06-24 12:15:00,1750747500,303.75,304.4,303,303.75,3381293
2025-06-24 13:15:00,1750751100,303.75,303.85,301.3,301.85,3545029
2025-06-24 14:15:00,1750754700,301.9,302,300.1,300.25,2397176
2025-06-24 15:15:00,1750758300,300.25,301.7,300.2,301.5,1019716
2025-06-25 09:15:00,1750823100,303.7,304.5,302.5,303.3,3891590
2025-06-25 10:15:00,1750826700,303.35,303.95,302.25,302.5,1483528
2025-06-25 11:15:00,1750830300,302.5,303.45,302,303,1024220
2025-06-25 12:15:00,1750833900,302.9,304,302.5,303.95,1277090
2025-06-25 13:15:00,1750837500,304,304.95,303.3,303.6,1735838
2025-06-25 14:15:00,1750841100,303.65,303.85,302.65,303.5,1527090
2025-06-25 15:15:00,1750844700,303.6,303.7,303.15,303.5,905071
2025-06-26 09:15:00,1750909500,304.8,312.4,304.1,311.6,15675302
2025-06-26 10:15:00,1750913100,311.8,311.85,309.3,309.55,5374289
2025-06-26 11:15:00,1750916700,309.55,310.5,307.8,310.4,3755475
2025-06-26 12:15:00,1750920300,310.45,310.85,309.3,310.35,2205140
2025-06-26 13:15:00,1750923900,310.25,311.4,310,311.2,2470210
2025-06-26 14:15:00,1750927500,311.2,312.7,311,312.3,5225241
2025-06-26 15:15:00,1750931100,312.3,312.9,312.2,312.55,2414492
2025-06-27 09:15:00,1750995900,314.1,316.85,312.85,314.1,7769123
2025-06-27 10:15:00,1750999500,314.1,327.7,313.85,324.9,21030362
2025-06-27 11:15:00,1751003100,324.9,329.3,322.55,326.5,14035185
2025-06-27 12:15:00,1751006700,326.4,326.75,323.55,324,5842392
2025-06-27 13:15:00,1751010300,324,325.65,323.5,324.25,3819195
2025-06-27 14:15:00,1751013900,324.25,324.5,322.4,323.2,5079741
2025-06-27 15:15:00,1751017500,323.05,324.65,323,324.5,3066117
2025-06-30 09:15:00,1751255100,326.9,331.9,325.4,328.1,17840845
2025-06-30 10:15:00,1751258700,328,328.25,325.7,327.65,5538974
2025-06-30 11:15:00,1751262300,327.6,328.45,327.05,327.65,2113959
2025-06-30 12:15:00,1751265900,327.65,328.15,325.9,326.25,2499412
2025-06-30 13:15:00,1751269500,326.25,326.9,325.2,326.3,1921096
2025-06-30 14:15:00,1751273100,326.25,327.3,325.8,326.5,3893704
2025-06-30 15:15:00,1751276700,326.55,327.6,326.45,327.45,2929756
2025-07-01 09:15:00,1751341500,328.2,330.85,327.1,327.35,7321301
2025-07-01 10:15:00,1751345100,327.45,330.35,327.2,330.35,2607251
2025-07-01 11:15:00,1751348700,330.5,331.3,329.3,330.55,2641940
2025-07-01 12:15:00,1751352300,330.5,331.9,330.3,330.95,2279422
2025-07-01 13:15:00,1751355900,330.95,331,329,330.25,1756852
2025-07-01 14:15:00,1751359500,330.3,330.95,329.2,329.25,2267167
2025-07-01 15:15:00,1751363100,329.25,330.35,329.05,330.15,1802635
2025-07-02 09:15:00,1751427900,330.2,330.95,325.8,326.35,5261725
2025-07-02 10:15:00,1751431500,326.35,327.25,325.2,326.75,1848988
2025-07-02 11:15:00,1751435100,326.95,328.25,326.35,327.1,1443938
2025-07-02 12:15:00,1751438700,327.1,327.45,325.8,325.95,977863
2025-07-02 13:15:00,1751442300,325.9,326.45,325.05,326.1,1105893
2025-07-02 14:15:00,1751445900,326.1,327.35,325.45,326.9,1711841
2025-07-02 15:15:00,1751449500,326.9,327.1,326.3,326.65,1023599
2025-07-03 09:15:00,1751514300,327.55,328.75,324.8,326.5,3485648
2025-07-03 10:15:00,1751517900,326.55,327.7,324.9,325.7,2113473
2025-07-03 11:15:00,1751521500,325.65,325.95,324.8,325.4,919670
2025-07-03 12:15:00,1751525100,325.35,326.2,325,326.1,732090
2025-07-03 13:15:00,1751528700,326.1,327.45,325.4,326.65,1192134
2025-07-03 14:15:00,1751532300,326.6,326.75,324.9,324.9,1978959
2025-07-03 15:15:00,1751535900,324.9,325.25,324.55,324.9,1067270
2025-07-04 09:15:00,1751600700,326,326.95,323.9,325.9,2828110
2025-07-04 10:15:00,1751604300,325.9,327.4,325.4,327.35,1045430
2025-07-04 11:15:00,1751607900,327.35,327.6,323.35,324.1,1879098
2025-07-04 12:15:00,1751611500,324.1,324.75,323.75,324.45,780142
2025-07-04 13:15:00,1751615100,324.5,325.4,323.85,324.35,928739
2025-07-04 14:15:00,1751618700,324.4,325.7,324.05,325.1,1293265
2025-07-04 15:15:00,1751622300,325.1,325.2,324.55,325,856854
2025-07-07 09:15:00,1751859900,324.95,327.25,323.05,326.85,2879582
2025-07-07 10:15:00,1751863500,326.85,329.7,326.6,328.4,3401054
2025-07-07 11:15:00,1751867100,328.4,329,327.7,327.95,1298859
2025-07-07 12:15:00,1751870700,327.95,329.25,327.6,328.65,1067289
2025-07-07 13:15:00,1751874300,328.7,329.35,328,328.2,1317685
2025-07-07 14:15:00,1751877900,328.1,328.4,326.5,328.15,1945313
2025-07-07 15:15:00,1751881500,328.15,328.5,327.85,328.4,1255301
2025-07-08 09:15:00,1751946300,329,330.7,325.8,326.2,4665783
2025-07-08 10:15:00,1751949900,326.2,326.75,325,325.3,1285354
2025-07-08 11:15:00,1751953500,325.3,327.15,324.75,326.8,1647155
2025-07-08 12:15:00,1751957100,326.6,327.85,325.65,327.3,1246101
2025-07-08 13:15:00,1751960700,327.3,329.4,326.8,328.2,1576396
2025-07-08 14:15:00,1751964300,328.4,329.7,327.35,328.85,2326312
2025-07-08 15:15:00,1751967900,328.9,329.2,328.8,328.85,1188639
2025-07-09 09:15:00,1752032700,329,332.75,328.8,331.4,6092886
2025-07-09 10:15:00,1752036300,331.25,335,331.25,334.8,5593172
2025-07-09 11:15:00,1752039900,334.65,335.3,333.2,333.5,4273453
2025-07-09 12:15:00,1752043500,333.5,333.65,331.9,332.25,2127588
2025-07-09 13:15:00,1752047100,332.15,332.55,331.65,332,1225494
2025-07-09 14:15:00,1752050700,332,332,328.75,330.4,3695636
2025-07-09 15:15:00,1752054300,330.4,330.45,329.4,329.7,1504139
2025-07-10 09:15:00,1752119100,330.5,333,329,332.5,5001295
2025-07-10 10:15:00,1752122700,332.4,333.4,331.5,332.45,2208027
2025-07-10 11:15:00,1752126300,332.4,332.75,331.4,332.7,1392497
2025-07-10 12:15:00,1752129900,332.7,333,332.1,332.3,1087850
2025-07-10 13:15:00,1752133500,332.3,333.15,331.6,332.5,1383940
2025-07-10 14:15:00,1752137100,332.35,332.8,331.15,331.45,1663297
2025-07-10 15:15:00,1752140700,331.45,331.9,331.35,331.9,1228761
2025-07-11 09:15:00,1752205500,331,331,326.5,326.85,5167415
2025-07-11 10:15:00,1752209100,326.85,327.2,325.75,326.65,2060902
2025-07-11 11:15:00,1752212700,326.55,328.15,326,326.45,2023519
2025-07-11 12:15:00,1752216300,326.45,327.6,326.15,326.75,1129269
2025-07-11 13:15:00,1752219900,326.7,327.15,326.25,326.85,791276
2025-07-11 14:15:00,1752223500,326.7,327,325.8,325.9,1723684
2025-07-11 15:15:00,1752227100,325.85,326.1,325,325.4,1646068
2025-07-14 09:15:00,1752464700,325,327.7,324.25,324.6,3992400
2025-07-14 10:15:00,1752468300,324.6,325.15,321.1,321.4,2962499
2025-07-14 11:15:00,1752471900,321.4,321.45,319.15,320.45,3341064
2025-07-14 12:15:00,1752475500,320.5,320.65,317.65,318.4,2221103
2025-07-14 13:15:00,1752479100,318.4,319.8,317.9,319.45,1707662
2025-07-14 14:15:00,1752482700,319.45,320.3,318.85,319.2,2210519
2025-07-14 15:15:00,1752486300,319.25,319.3,318.45,319.3,1535982
2025-07-15 09:15:00,1752551100,321.1,322.55,318.3,320.6,4907828
2025-07-15 10:15:00,1752554700,320.6,322,319.75,321.4,1747122
2025-07-15 11:15:00,1752558300,321.5,322,320.2,320.45,1237338
2025-07-15 12:15:00,1752561900,320.45,321.7,319.85,321.35,1155265
2025-07-15 13:15:00,1752565500,321.35,321.55,319.75,320.35,1075607
2025-07-15 14:15:00,1752569100,320.3,321.45,319.8,321.4,1693008
2025-07-15 15:15:00,1752572700,321.4,321.6,321.05,321.2,926713
2025-07-16 09:15:00,1752637500,321,321,319.05,319.7,2406457
2025-07-16 10:15:00,1752641100,319.75,322.7,319.15,319.75,4061174
2025-07-16 11:15:00,1752644700,319.75,320.8,319,320.35,2395691
2025-07-16 12:15:00,1752648300,320.35,320.9,319.85,320.25,974210
2025-07-16 13:15:00,1752651900,320.35,320.4,318.65,319.65,1534064
2025-07-16 14:15:00,1752655500,319.7,320.1,319.05,320,1749990
2025-07-16 15:15:00,1752659100,320.05,320.05,319.2,319.2,1016004
2025-07-17 09:15:00,1752723900,320.1,320.6,318.2,319.4,2911114
2025-07-17 10:15:00,1752727500,319.3,320.05,317.5,320,1892692
2025-07-17 11:15:00,1752731100,320,320.3,319.65,319.9,1457762
2025-07-17 12:15:00,1752734700,319.95,320.95,319.15,319.3,1538416
2025-07-17 13:15:00,1752738300,319.35,319.9,319,319.35,633794
2025-07-17 14:15:00,1752741900,319.3,319.5,317.35,318.15,2426205
2025-07-17 15:15:00,1752745500,318,319.45,317.9,319,1169381
2025-07-18 09:15:00,1752810300,320.5,323.95,314.7,315.6,15973466
2025-07-18 10:15:00,1752813900,315.6,316.8,313.75,316.4,3575773
2025-07-18 11:15:00,1752817500,316.4,318.15,316.4,316.65,2115494
2025-07-18 12:15:00,1752821100,316.7,317,315.75,315.9,947467
2025-07-18 13:15:00,1752824700,316,317.5,315.9,316.9,1399755
2025-07-18 14:15:00,1752828300,316.95,317.6,316.6,317.1,3373328
2025-07-18 15:15:00,1752831900,317.1,317.4,315.95,316.05,2383480
2025-07-21 09:15:00,1753069500,318.2,318.6,314.1,317.7,4834185
2025-07-21 10:15:00,1753073100,317.8,320.8,316.85,320.15,4197293
2025-07-21 11:15:00,1753076700,320.15,320.35,316.5,316.8,2254320
2025-07-21 12:15:00,1753080300,316.85,317.75,316.55,317.5,1075302
2025-07-21 13:15:00,1753083900,317.5,317.5,316,316.9,1310512
2025-07-21 14:15:00,1753087500,316.8,317.3,316,317.25,1955636
2025-07-21 15:15:00,1753091100,317.2,318.05,317,317.75,1361333
2025-07-22 09:15:00,1753155900,318,318.45,313.7,314.6,3854461
2025-07-22 10:15:00,1753159500,314.55,314.9,312,312.65,2196511
2025-07-22 11:15:00,1753163100,312.6,312.7,309.85,312.05,3163009
2025-07-22 12:15:00,1753166700,312.05,313.4,312,312.9,1637719
2025-07-22 13:15:00,1753170300,312.9,312.95,312,312.15,1155687
2025-07-22 14:15:00,1753173900,312.15,312.15,310.25,310.85,2376593
2025-07-22 15:15:00,1753177500,310.85,311.25,310.6,311,1404590
2025-07-23 09:15:00,1753242300,311.6,315.2,311.6,313.1,3341309
2025-07-23 10:15:00,1753245900,313.1,313.65,312.45,313.35,829380
2025-07-23 11:15:00,1753249500,313.35,313.75,312.75,313.1,693177
2025-07-23 12:15:00,1753253100,313.2,314,312.95,313.3,1437355
2025-07-23 13:15:00,1753256700,313.4,313.75,312.85,313.7,870503
2025-07-23 14:15:00,1753260300,313.75,314.5,313.25,313.8,1217876
2025-07-23 15:15:00,1753263900,313.85,315.15,313.7,315,1334776
2025-07-24 09:15:00,1753328700,315,319.4,313.45,317.25,3600799
2025-07-24 10:15:00,1753332300,317.25,319,317.15,318.05,1257431
2025-07-24 11:15:00,1753335900,318,318.8,315.95,316.7,2148923
2025-07-24 12:15:00,1753339500,316.7,318,316.35,317,780283
2025-07-24 13:15:00,1753343100,316.95,318.25,316.85,317.75,954780
2025-07-24 14:15:00,1753346700,317.85,317.9,316.1,316.5,1709057
2025-07-24 15:15:00,1753350300,316.5,316.8,316.15,316.3,888369
2025-07-25 09:15:00,1753415100,315,315.15,311.5,311.5,3218730
2025-07-25 10:15:00,1753418700,311.4,312.8,310.5,312.5,1958469
2025-07-25 11:15:00,1753422300,312.45,312.8,310.5,311.95,1519174
2025-07-25 12:15:00,1753425900,311.95,312.35,310.8,311.9,744513
2025-07-25 13:15:00,1753429500,311.95,312,310.8,311.25,613256
2025-07-25 14:15:00,1753433100,311.15,311.85,310.2,311.7,1697081
2025-07-25 15:15:00,1753436700,311.7,311.7,310.55,310.55,1152680
2025-07-28 09:15:00,1753674300,311.25,312.35,308.05,312.3,3044289
2025-07-28 10:15:00,1753677900,312.35,313.8,311.95,313.45,1832485
2025-07-28 11:15:00,1753681500,313.45,315.85,313.2,314.05,2065868
2025-07-28 12:15:00,1753685100,314.05,314.35,311.6,311.7,1506306
2025-07-28 13:15:00,1753688700,311.7,311.7,307.55,307.8,3340556
2025-07-28 14:15:00,1753692300,307.95,309,307,307.2,2509892
2025-07-28 15:15:00,1753695900,307.25,307.65,306.5,307.5,1424374
2025-07-29 09:15:00,1753760700,306.85,314.9,306.85,312.75,4951847
2025-07-29 10:15:00,1753764300,312.55,315.75,312.55,315.1,4005753
2025-07-29 11:15:00,1753767900,314.9,317.25,314.9,317.05,3136760
2025-07-29 12:15:00,1753771500,317.05,318.5,316.85,317.5,3635848
2025-07-29 13:15:00,1753775100,317.6,320.5,317,318.95,4415931
2025-07-29 14:15:00,1753778700,319,321.2,318.15,321.1,4302755
2025-07-29 15:15:00,1753782300,321.1,322.5,321,322,2623193
2025-07-30 09:15:00,1753847100,323,324,320.25,322.85,6405426
2025-07-30 10:15:00,1753850700,322.85,323.6,321.2,322.95,1867167
2025-07-30 11:15:00,1753854300,322.95,323.45,322.1,322.15,1266415
2025-07-30 12:15:00,1753857900,322.15,322.8,321.6,322.1,915381
2025-07-30 13:15:00,1753861500,322.15,322.3,320,321.75,1469075
2025-07-30 14:15:00,1753865100,321.75,321.9,320.05,320.7,2005742
2025-07-30 15:15:00,1753868700,320.75,320.9,319.7,320,1455811
2025-07-31 09:15:00,1753933500,317,331.7,316.45,328.75,27475483
2025-07-31 10:15:00,1753937100,328.55,330.3,328,329.45,4376595
2025-07-31 11:15:00,1753940700,329.4,329.85,327.75,329.2,2503422
2025-07-31 12:15:00,1753944300,329.3,331,329,330.5,2852187
2025-07-31 13:15:00,1753947900,330.55,331.4,330,330.85,3464128
2025-07-31 14:15:00,1753951500,330.8,332.65,328.5,328.95,6663637
2025-07-31 15:15:00,1753955100,329,329.25,328.5,329,1938841
2025-08-01 09:15:00,1754019900,329.95,331.2,326,328.3,5918677
2025-08-01 10:15:00,1754023500,328.3,330.8,328.05,330,1635419
2025-08-01 11:15:00,1754027100,330.05,332.7,329.35,330.9,4113106
2025-08-01 12:15:00,1754030700,330.9,332.2,329.7,330.05,1676646
2025-08-01 13:15:00,1754034300,330.2,331.4,329.8,330.3,1392309
2025-08-01 14:15:00,1754037900,330.3,330.75,329,329.15,3342018
2025-08-01 15:15:00,1754041500,329.1,329.9,328.5,329.85,1546896
2025-08-04 09:15:00,1754279100,329.85,335.5,328.6,333.55,9337422
2025-08-04 10:15:00,1754282700,333.5,334.15,331.05,331.95,1988206
2025-08-04 11:15:00,1754286300,331.9,332.65,330.65,331.15,1368688
2025-08-04 12:15:00,1754289900,331.15,333,331.1,332.3,1044234
2025-08-04 13:15:00,1754293500,332.3,332.5,331.2,331.85,866630
2025-08-04 14:15:00,1754297100,331.8,333.2,331.55,332.7,2426165
2025-08-04 15:15:00,1754300700,332.8,335.15,332.65,334.9,2811543
2025-08-05 09:15:00,1754365500,334.45,338.6,334.3,335.4,7239446
2025-08-05 10:15:00,1754369100,335.45,335.6,332.9,333.7,2281949
2025-08-05 11:15:00,1754372700,333.75,334.25,333.25,334.1,905852
2025-08-05 12:15:00,1754376300,334.1,334.8,332.25,332.7,1329185
2025-08-05 13:15:00,1754379900,332.65,333.4,331.5,332.5,1252319
2025-08-05 14:15:00,1754383500,332.45,333.3,331.75,333.1,1803096
2025-08-05 15:15:00,1754387100,333.05,333.15,332.5,332.65,1235023
2025-08-06 09:15:00,1754451900,333.2,333.6,328.5,329.3,3499996
2025-08-06 10:15:00,1754455500,329.35,330.7,327.15,327.5,1823600
2025-08-06 11:15:00,1754459100,327.6,328,325.8,327.95,1908298
2025-08-06 12:15:00,1754462700,328,329.4,327.2,328.3,993754
2025-08-06 13:15:00,1754466300,328.3,328.7,326.75,327.05,718877
2025-08-06 14:15:00,1754469900,327.05,327.35,325.6,327.15,1712372
2025-08-06 15:15:00,1754473500,327.15,327.2,326,326.2,946212
2025-08-07 09:15:00,1754538300,323,325.55,320.8,321.9,4227618
2025-08-07 10:15:00,1754541900,321.8,323.4,320.5,320.75,2074343
2025-08-07 11:15:00,1754545500,320.8,321.8,319.65,321.1,1573990
2025-08-07 12:15:00,1754549100,321.1,321.35,317.8,318.2,1443467
2025-08-07 13:15:00,1754552700,318.15,320.2,316.8,319.95,2027104
2025-08-07 14:15:00,1754556300,319.85,325.35,319.85,324.7,3732793
2025-08-07 15:15:00,1754559900,324.65,328,324.6,327.4,1379700
2025-08-08 09:15:00,1754624700,325.1,326,320.8,321.85,2860896
2025-08-08 10:15:00,1754628300,321.8,323.4,320.3,321.7,1511477
2025-08-08 11:15:00,1754631900,321.7,323.2,321.65,322.45,1001982
2025-08-08 12:15:00,1754635500,322.5,323.55,322,322.45,642201
2025-08-08 13:15:00,1754639100,322.45,322.85,321.8,322.1,995567
2025-08-08 14:15:00,1754642700,322.1,323,320.6,321.4,2145550
2025-08-08 15:15:00,1754646300,321.45,321.5,320.1,321,1147164
2025-08-11 09:15:00,1754883900,321,324.7,320.8,322.8,2712470
2025-08-11 10:15:00,1754887500,322.75,325.15,322.65,323.65,1705344
2025-08-11 11:15:00,1754891100,323.7,323.85,322,323.25,959037
2025-08-11 12:15:00,1754894700,323.3,324.55,322.9,323.4,672647
2025-08-11 13:15:00,1754898300,323.4,327,323.1,326.1,1958541
2025-08-11 14:15:00,1754901900,326.1,328.6,325.6,328.6,2274008
2025-08-11 15:15:00,1754905500,328.6,328.6,327.4,327.55,1026964
2025-08-12 09:15:00,1754970300,327.95,331.7,327.65,329.95,3810843
2025-08-12 10:15:00,1754973900,329.95,330.5,326.7,328.1,1936150
2025-08-12 11:15:00,1754977500,328.2,329.75,328.1,329.55,825068
2025-08-12 12:15:00,1754981100,329.5,330.2,329.2,329.7,756423
2025-08-12 13:15:00,1754984700,329.7,329.7,328,328.35,698466
2025-08-12 14:15:00,1754988300,328.4,328.85,327,327.1,1301290
2025-08-12 15:15:00,1754991900,327.05,327.25,326.55,326.9,761324
2025-08-13 09:15:00,1755056700,328.6,331.6,328.6,331.1,2964441
2025-08-13 10:15:00,1755060300,331.05,331.6,329.7,330.3,1355341
2025-08-13 11:15:00,1755063900,330.3,330.5,328.6,329.8,1330356
2025-08-13 12:15:00,1755067500,329.8,330.5,329.4,330.45,643974
2025-08-13 13:15:00,1755071100,330.45,332.6,330.15,332.25,2606671
2025-08-13 14:15:00,1755074700,332.2,332.25,330.35,330.45,1380337
2025-08-13 15:15:00,1755078300,330.4,331,330.2,330.8,1078301
2025-08-14 09:15:00,1755143100,330.6,331.95,325.85,327.15,2843052
2025-08-14 10:15:00,1755146700,327.05,327.65,326.7,326.95,806197
2025-08-14 11:15:00,1755150300,326.95,327.3,326.25,327.25,501859
2025-08-14 12:15:00,1755153900,327.2,328.4,326.95,328.2,673659
2025-08-14 13:15:00,1755157500,328.15,328.75,327.6,328.55,853618
2025-08-14 14:15:00,1755161100,328.45,328.85,327.25,327.25,1499904
2025-08-14 15:15:00,1755164700,327.3,327.45,327.05,327.3,892190
2025-08-18 09:15:00,1755488700,331.25,333.7,330.05,330.6,3197627
2025-08-18 10:15:00,1755492300,330.5,331,329.5,330.2,1083628
2025-08-18 11:15:00,1755495900,330.2,330.65,327.6,328.15,1249256
2025-08-18 12:15:00,1755499500,328.15,329.8,327.75,329.75,662061
2025-08-18 13:15:00,1755503100,329.75,330.85,329.5,330.7,997034
2025-08-18 14:15:00,1755506700,330.55,330.75,329,329.25,1281035
2025-08-18 15:15:00,1755510300,329.25,330,329.05,329.7,865802
2025-08-19 09:15:00,1755575100,330,333.2,328.8,329,2684104
2025-08-19 10:15:00,1755578700,329,331.4,328.45,331.25,1427524
2025-08-19 11:15:00,1755582300,331.15,331.3,330.05,330.65,968056
2025-08-19 12:15:00,1755585900,330.65,331.45,330.3,330.6,713068
2025-08-19 13:15:00,1755589500,330.5,331,330.05,330.15,590684
2025-08-19 14:15:00,1755593100,330.25,331.65,330,331.15,1582158
2025-08-19 15:15:00,1755596700,331.2,331.55,331.15,331.5,870828
2025-08-20 09:15:00,1755661500,330.85,331,327.05,329.25,3113755
2025-08-20 10:15:00,1755665100,329.35,329.95,328.6,329.85,1133386
2025-08-20 11:15:00,1755668700,329.9,330.7,329.4,329.9,857491
2025-08-20 12:15:00,1755672300,329.9,330.05,328.8,329.25,784375
2025-08-20 13:15:00,1755675900,329.25,329.8,328.85,329.35,574739
2025-08-20 14:15:00,1755679500,329.25,329.55,328.05,328.1,1463503
2025-08-20 15:15:00,1755683100,328.1,328.8,327.8,328.5,890985
2025-08-21 09:15:00,1755747900,329,329.4,327.5,328.1,1711657
2025-08-21 10:15:00,1755751500,328.05,328.4,327,327.1,835127
2025-08-21 11:15:00,1755755100,327.05,327.45,323.8,325.4,1957932
2025-08-21 12:15:00,1755758700,325.3,325.45,322.7,323.75,2594633
2025-08-21 13:15:00,1755762300,323.65,324.3,322.6,323.95,1149993
2025-08-21 14:15:00,1755765900,323.95,324.5,323.25,323.8,1683842
2025-08-21 15:15:00,1755769500,323.95,324.2,323.45,324.05,1009721
2025-08-22 09:15:00,1755834300,324.8,326.3,323.3,324.6,2254756
2025-08-22 10:15:00,1755837900,324.5,325.4,323.3,325,1193063
2025-08-22 11:15:00,1755841500,324.9,325,323.6,323.7,929557
2025-08-22 12:15:00,1755845100,323.7,323.9,322.5,322.65,889445
2025-08-22 13:15:00,1755848700,322.65,323.2,321.4,321.4,1010598
2025-08-22 14:15:00,1755852300,321.55,321.85,320.55,320.85,1504795
2025-08-22 15:15:00,1755855900,320.75,321,320.1,320.5,1008363
2025-08-25 09:15:00,1756093500,322,322.2,318.35,319.75,2654377
2025-08-25 10:15:00,1756097100,319.85,321.15,319.25,319.5,1164603
2025-08-25 11:15:00,1756100700,319.5,319.95,318.65,319,2508837
2025-08-25 12:15:00,1756104300,319,320.85,318.8,320.2,2471834
2025-08-25 13:15:00,1756107900,320.25,322.35,320.05,321.75,1117442
2025-08-25 14:15:00,1756111500,321.75,322.15,319.75,319.8,1049687
2025-08-25 15:15:00,1756115100,319.85,319.95,319,319.25,473975
2025-08-26 09:15:00,1756179900,319.5,320.15,314.2,317.1,3119613
2025-08-26 10:15:00,1756183500,317.15,317.25,316,316.35,937432
2025-08-26 11:15:00,1756187100,316.35,316.9,315.8,316.1,711460
2025-08-26 12:15:00,1756190700,316.1,317.1,315,316.9,999436
2025-08-26 13:15:00,1756194300,316.9,317.2,315.8,316.1,972267
2025-08-26 14:15:00,1756197900,316.05,316.5,315.4,315.5,1934731
2025-08-26 15:15:00,1756201500,315.5,316,315.45,315.75,1395429
2025-08-28 09:15:00,1756352700,315.75,315.75,310.4,313.3,4021488
2025-08-28 10:15:00,1756356300,313.3,316.45,312.85,315.8,1655808
2025-08-28 11:15:00,1756359900,315.75,316.9,314.6,315.5,937453
2025-08-28 12:15:00,1756363500,315.55,315.6,313.35,314,1064148
2025-08-28 13:15:00,1756367100,314,314.1,310,311.7,3958609
2025-08-28 14:15:00,1756370700,311.6,312.85,309.5,309.95,2283336
2025-08-28 15:15:00,1756374300,309.95,311.5,309.55,311.25,1314369
2025-08-29 09:15:00,1756439100,311,313.4,309.35,311.3,3937882
2025-08-29 10:15:00,1756442700,311.3,314.25,311.1,313.8,2446063
2025-08-29 11:15:00,1756446300,313.75,314.5,313,313.7,961873
2025-08-29 12:15:00,1756449900,313.75,313.9,312.3,313.05,1600197
2025-08-29 13:15:00,1756453500,313,314.35,312.15,313.7,1747387
2025-08-29 14:15:00,1756457100,313.55,316.65,311.45,311.5,5132705
2025-08-29 15:15:00,1756460700,311.5,311.55,310.8,311.4,1430774
2025-09-01 09:15:00,1756698300,311.7,313.35,307.2,311.5,5369704
2025-09-01 10:15:00,1756701900,311.55,313.3,310.85,312.9,1666709
2025-09-01 11:15:00,1756705500,312.75,312.95,311.9,312.6,735167
2025-09-01 12:15:00,1756709100,312.5,313.2,312.1,312.6,677759
2025-09-01 13:15:00,1756712700,312.7,314.45,312.35,314,1073175
2025-09-01 14:15:00,1756716300,313.95,314.35,313,314.1,1172304
2025-09-01 15:15:00,1756719900,313.95,314.5,313.95,314.4,786034
2025-09-02 09:15:00,1756784700,314.2,316.25,313.3,315.35,2436526
2025-09-02 10:15:00,1756788300,315.45,315.7,312.75,313.85,3615069
2025-09-02 11:15:00,1756791900,313.75,314.9,313.5,314,1396057
2025-09-02 12:15:00,1756795500,313.95,314.75,313.6,313.9,897144
2025-09-02 13:15:00,1756799100,313.8,313.9,311.1,311.8,1305910
2025-09-02 14:15:00,1756802700,311.85,312.85,311.5,311.6,1689392
2025-09-02 15:15:00,1756806300,311.75,312,311,311.5,1875660
2025-09-03 09:15:00,1756871100,311,313.1,310.5,312.1,2003208
2025-09-03 10:15:00,1756874700,312.1,312.1,309.8,310.7,1942811
2025-09-03 11:15:00,1756878300,310.7,312.3,310.5,311.95,1514088
2025-09-03 12:15:00,1756881900,312.1,312.6,311.1,311.7,1480727
2025-09-03 13:15:00,1756885500,311.85,312.6,311.1,311.8,1022199
2025-09-03 14:15:00,1756889100,311.7,314.7,311.45,314.2,2398955
2025-09-03 15:15:00,1756892700,314.2,314.3,313.65,313.85,992319
2025-09-04 09:15:00,1756957500,315.25,316,313.1,313.25,2491934
2025-09-04 10:15:00,1756961100,313.3,314.15,311.85,312,1179580
2025-09-04 11:15:00,1756964700,311.9,312.3,311.5,311.65,576973
2025-09-04 12:15:00,1756968300,311.6,312.1,309.65,310.45,1586070
2025-09-04 13:15:00,1756971900,310.45,310.8,309.75,310.05,813518
2025-09-04 14:15:00,1756975500,310.1,310.4,309,309.15,2452040
2025-09-04 15:15:00,1756979100,309.2,310.25,309,309.8,1284946
2025-09-05 09:15:00,1757043900,310,313.9,310,311.85,1997888
2025-09-05 10:15:00,1757047500,311.85,312.9,310.4,310.9,977144
2025-09-05 11:15:00,1757051100,310.9,310.95,309.6,309.8,1068642
2025-09-05 12:15:00,1757054700,309.85,310.4,309,310.15,545565
2025-09-05 13:15:00,1757058300,310.1,311.2,310,310.2,941691
2025-09-05 14:15:00,1757061900,310.2,310.5,308.9,309.35,2234374
2025-09-05 15:15:00,1757065500,309.35,310,309.25,310,844907
2025-09-08 09:15:00,1757303100,310.75,312.45,309.6,311.9,1890545
2025-09-08 10:15:00,1757306700,312,312.15,311,311.75,603976
2025-09-08 11:15:00,1757310300,311.75,312.8,311.55,312.45,607501
2025-09-08 12:15:00,1757313900,312.5,313.35,312.1,312.35,726639
2025-09-08 13:15:00,1757317500,312.25,312.7,311.7,312.4,623813
2025-09-08 14:15:00,1757321100,312.4,313.25,310.95,310.95,1290785
2025-09-08 15:15:00,1757324700,311.1,311.2,310.55,310.85,449412
2025-09-09 09:15:00,1757389500,311.1,311.75,310.15,310.6,1308682
2025-09-09 10:15:00,1757393100,310.5,310.8,309.75,310.5,885960
2025-09-09 11:15:00,1757396700,310.65,312.35,309.45,309.85,1280723
2025-09-09 12:15:00,1757400300,309.95,310,308.4,308.4,1257326
2025-09-09 13:15:00,1757403900,308.45,308.9,307.35,307.95,1357312
2025-09-09 14:15:00,1757407500,307.85,308.3,307.25,307.8,2578436
2025-09-09 15:15:00,1757411100,307.75,308.6,307.75,308.6,1428575
2025-09-10 09:15:00,1757475900,310,313.4,310,312.5,3235911
2025-09-10 10:15:00,1757479500,312.45,312.6,311.75,312.25,782409
2025-09-10 11:15:00,1757483100,312.25,313,311.35,312.8,717301
2025-09-10 12:15:00,1757486700,312.75,313.2,311.7,311.8,1153926
2025-09-10 13:15:00,1757490300,311.75,311.8,310.75,310.8,783685
2025-09-10 14:15:00,1757493900,310.95,311.1,309.25,310.25,2666271
2025-09-10 15:15:00,1757497500,310.25,310.35,309.95,310.3,1494241
2025-09-11 09:15:00,1757562300,310.05,312.5,310.05,311.35,1377369
2025-09-11 10:15:00,1757565900,311.3,312,311.05,311.6,720659
2025-09-11 11:15:00,1757569500,311.75,312.25,311,311.15,621649
2025-09-11 12:15:00,1757573100,311.15,311.85,310.85,311.05,493820
2025-09-11 13:15:00,1757576700,311,311.05,310,310.15,911519
2025-09-11 14:15:00,1757580300,310.05,311.2,309.95,310.85,1352843
2025-09-11 15:15:00,1757583900,310.85,310.95,310.5,310.9,665844
2025-09-12 09:15:00,1757648700,311.05,312.2,310,311.15,2552667
2025-09-12 10:15:00,1757652300,311.2,311.6,310.85,311.2,497283
2025-09-12 11:15:00,1757655900,311.25,311.7,311.05,311.4,401970
2025-09-12 12:15:00,1757659500,311.45,311.65,311.05,311.15,349218
2025-09-12 13:15:00,1757663100,311.15,311.3,310.6,310.95,689621
2025-09-12 14:15:00,1757666700,310.95,311.3,310.65,311.2,859926
2025-09-12 15:15:00,1757670300,311.2,311.55,310.95,311.4,692152
2025-09-15 09:15:00,1757907900,311.05,312.4,310.1,310.25,2625237
2025-09-15 10:15:00,1757911500,310.25,310.5,310,310.4,787437
2025-09-15 11:15:00,1757915100,310.4,311,310.2,310.85,717065
2025-09-15 12:15:00,1757918700,310.8,315.5,310.75,314.8,2632996
2025-09-15 13:15:00,1757922300,314.65,316.65,313.75,313.95,4001288
2025-09-15 14:15:00,1757925900,313.95,316,313.85,315.1,2198900
2025-09-15 15:15:00,1757929500,315.1,315.6,315,315.45,1447513
2025-09-16 09:15:00,1757994300,315.8,317.2,314.3,315.8,2515838
2025-09-16 10:15:00,1757997900,315.9,316.5,315.55,315.8,721647
2025-09-16 11:15:00,1758001500,315.9,317.8,315.65,317.2,1952439
2025-09-16 12:15:00,1758005100,317.2,317.4,316.05,316.35,1132943
2025-09-16 13:15:00,1758008700,316.35,316.5,315.35,316,1066377
2025-09-16 14:15:00,1758012300,316,316.15,315.15,315.45,2333564
2025-09-16 15:15:00,1758015900,315.45,315.9,315.15,315.8,1236845
2025-09-17 09:15:00,1758080700,315.9,317.9,315.9,317.65,1903415
2025-09-17 10:15:00,1758084300,317.65,318.7,317.25,318.65,1604926
2025-09-17 11:15:00,1758087900,318.6,318.7,317.5,317.95,685589
2025-09-17 12:15:00,1758091500,317.95,318,316.25,316.5,1272705
2025-09-17 13:15:00,1758095100,316.5,317.15,315,315.5,1164132
2025-09-17 14:15:00,1758098700,315.45,316.35,315.15,315.6,1453819
2025-09-17 15:15:00,1758102300,315.6,315.95,315.5,315.9,740227
2025-09-18 09:15:00,1758167100,316.3,317.95,316.05,316.8,2044222
2025-09-18 10:15:00,1758170700,316.8,317.7,316.3,317.05,1026295
2025-09-18 11:15:00,1758174300,317,317.25,316.55,316.85,1572316
2025-09-18 12:15:00,1758177900,316.85,317.9,316.35,316.5,1630439
2025-09-18 13:15:00,1758181500,316.5,317,315.9,316.7,1028681
2025-09-18 14:15:00,1758185100,316.65,317.45,316.5,317.2,1277739
2025-09-18 15:15:00,1758188700,317.25,317.7,317.15,317.3,812399
2025-09-19 09:15:00,1758253500,317.6,321.6,317.05,318,8349471
2025-09-19 10:15:00,1758257100,318,318,316.55,316.85,1255545
2025-09-19 11:15:00,1758260700,316.85,317.4,316.6,317.2,665820
2025-09-19 12:15:00,1758264300,317.2,317.55,316.15,317.5,1085935
2025-09-19 13:15:00,1758267900,317.45,317.55,316.75,317,911248
2025-09-19 14:15:00,1758271500,317,317.35,315.8,317.3,3161178
2025-09-19 15:15:00,1758275100,317.1,317.75,317.05,317.6,2236664
2025-09-22 09:15:00,1758512700,317,318.2,315.7,317.5,1824373
2025-09-22 10:15:00,1758516300,317.6,319,316.75,316.85,1319354
2025-09-22 11:15:00,1758519900,316.75,317.15,316.35,316.6,716814
2025-09-22 12:15:00,1758523500,316.6,317.3,316.4,317,432416
2025-09-22 13:15:00,1758527100,317,317.2,316.35,316.55,813736
2025-09-22 14:15:00,1758530700,316.6,316.6,312.8,313.9,2030591
2025-09-22 15:15:00,1758534300,313.75,314.05,313.6,314,568853
2025-09-23 09:15:00,1758599100,313.85,315,310.75,311.8,2501757
2025-09-23 10:15:00,1758602700,311.8,311.85,311.1,311.3,653461
2025-09-23 11:15:00,1758606300,311.25,311.65,310.85,311.65,866194
2025-09-23 12:15:00,1758609900,311.7,312.4,311.2,312.15,1081162
2025-09-23 13:15:00,1758613500,312.15,313.1,312,312.25,1108561
2025-09-23 14:15:00,1758617100,312.25,312.7,310.8,312.65,4348383
2025-09-23 15:15:00,1758620700,312.65,313.2,312.3,313,1334227
2025-09-24 09:15:00,1758685500,314,314.1,310.6,311.6,2189742
2025-09-24 10:15:00,1758689100,311.6,312.25,310.2,310.7,1114744
2025-09-24 11:15:00,1758692700,310.55,311,309.85,310.5,1254361
2025-09-24 12:15:00,1758696300,310.5,310.55,309.2,309.8,1327263
2025-09-24 13:15:00,1758699900,309.8,310.25,309,309.15,1112855
2025-09-24 14:15:00,1758703500,309.15,309.15,306,306.25,3225078
2025-09-24 15:15:00,1758707100,306.3,306.6,306.05,306.4,1020019
2025-09-25 09:15:00,1758771900,306.75,308.1,305.3,306.65,2721003
2025-09-25 10:15:00,1758775500,306.65,308.3,306.65,307.55,1018602
2025-09-25 11:15:00,1758779100,307.55,307.7,305.7,306,876422
2025-09-25 12:15:00,1758782700,306,306.5,304.6,305.85,1705886
2025-09-25 13:15:00,1758786300,305.65,305.9,304.75,305,770591
2025-09-25 14:15:00,1758789900,305,305.2,301,301.4,3701296
2025-09-25 15:15:00,1758793500,301.4,302,301,301.6,1344506
2025-09-26 09:15:00,1758858300,300.9,301.6,297.1,298.6,3428941
2025-09-26 10:15:00,1758861900,298.6,300.35,298.5,299.25,1046358
2025-09-26 11:15:00,1758865500,299.25,299.25,297.3,297.35,1081303
2025-09-26 12:15:00,1758869100,297.35,297.85,296.4,296.9,1211580
2025-09-26 13:15:00,1758872700,296.95,297,295.35,295.7,1413482
2025-09-26 14:15:00,1758876300,295.7,295.85,294.35,295.5,2278543
2025-09-26 15:15:00,1758879900,295.6,296.85,295.35,296.35,1035772
2025-09-29 09:15:00,1759117500,296,298.9,295.85,297.9,2279865
2025-09-29 10:15:00,1759121100,298,299.9,298,298.6,891288
2025-09-29 11:15:00,1759124700,298.6,298.9,297.1,297.5,929258
2025-09-29 12:15:00,1759128300,297.4,298,296.3,297.55,712906
2025-09-29 13:15:00,1759131900,297.55,298.35,297,297.4,574201
2025-09-29 14:15:00,1759135500,297.45,297.7,293.6,293.6,2476264
2025-09-29 15:15:00,1759139100,293.7,295.25,293.4,295,1739118
2025-09-30 09:15:00,1759203900,295,296.8,294.9,295.45,2693722
2025-09-30 10:15:00,1759207500,295.5,295.85,294,295.5,988879
2025-09-30 11:15:00,1759211100,295.4,296.3,294,294.2,963636
2025-09-30 12:15:00,1759214700,294.25,294.9,293.75,294.15,980345
2025-09-30 13:15:00,1759218300,294.15,294.6,292.6,293.05,1025750
2025-09-30 14:15:00,1759221900,292.95,294.45,292.2,293.05,2224696
2025-09-30 15:15:00,1759225500,293.05,294.2,292.75,294,1240788
2025-10-01 09:15:00,1759290300,294,295.55,293.05,294.5,1867590
2025-10-01 10:15:00,1759293900,294.5,295.4,293.55,295.2,1099128
2025-10-01 11:15:00,1759297500,295.3,297.95,294.7,297.8,1191518
2025-10-01 12:15:00,1759301100,297.75,298.2,296.8,297.65,783799
2025-10-01 13:15:00,1759304700,297.65,299.5,297.2,299.3,819581
2025-10-01 14:15:00,1759308300,299.35,300.3,298.45,299.85,1827918
2025-10-01 15:15:00,1759311900,299.85,300.85,299.7,300.75,958480
2025-10-03 09:15:00,1759463100,300.05,301.6,298.8,300.85,2729526
2025-10-03 10:15:00,1759466700,300.85,301.45,300.1,301,937624
2025-10-03 11:15:00,1759470300,301,301.75,300.45,300.9,895917
2025-10-03 12:15:00,1759473900,300.9,300.9,299.55,300.4,1188286
2025-10-03 13:15:00,1759477500,300.35,300.5,299.6,299.85,744194
2025-10-03 14:15:00,1759481100,299.9,301.65,299.75,301.6,1343917
2025-10-03 15:15:00,1759484700,301.6,302.95,301.45,302.6,929328
2025-10-06 09:15:00,1759722300,302,306.05,301.5,304.55,2745836
2025-10-06 10:15:00,1759725900,304.7,305,303.3,304.25,705063
2025-10-06 11:15:00,1759729500,304.25,304.5,303.1,303.5,553507
2025-10-06 12:15:00,1759733100,303.55,303.9,302.85,303.4,808706
2025-10-06 13:15:00,1759736700,303.4,304.45,302.8,303.75,1008248
2025-10-06 14:15:00,1759740300,303.75,306.65,303.6,306.3,2074768
2025-10-06 15:15:00,1759743900,306.3,306.45,305.9,306.1,867042
2025-10-07 09:15:00,1759808700,306.35,315,306.3,313.5,8634592
2025-10-07 10:15:00,1759812300,313.55,313.9,310.75,311.3,2910926
2025-10-07 11:15:00,1759815900,311.35,312.8,310.75,311.9,1190258
2025-10-07 12:15:00,1759819500,312,312.55,311.5,312.5,919190
2025-10-07 13:15:00,1759823100,312.5,312.6,311,311.65,1142369
2025-10-07 14:15:00,1759826700,311.6,311.65,309.5,309.75,2057630
2025-10-07 15:15:00,1759830300,309.75,310.95,309.3,310.6,1811189
2025-10-08 09:15:00,1759895100,309.9,310.95,308.3,308.9,2005508
2025-10-08 10:15:00,1759898700,308.9,309,305.5,306.05,1303037
2025-10-08 11:15:00,1759902300,306.1,306.45,305.2,305.7,803636
2025-10-08 12:15:00,1759905900,305.75,306.6,304.3,306.35,1004040
2025-10-08 13:15:00,1759909500,306.35,306.85,305.85,306.15,761133
2025-10-08 14:15:00,1759913100,306.15,306.15,304.2,304.4,1172913
2025-10-08 15:15:00,1759916700,304.5,305,304.35,304.7,753670
2025-10-09 09:15:00,1759981500,305.3,307.85,305.3,306.15,1957771
2025-10-09 10:15:00,1759985100,306.15,307.8,305.8,307.55,675288
2025-10-09 11:15:00,1759988700,307.55,308.15,307,307.6,629609
2025-10-09 12:15:00,1759992300,307.6,307.9,306.8,307.1,362542
2025-10-09 13:15:00,1759995900,307,307.25,306.4,306.5,959907
2025-10-09 14:15:00,1759999500,306.45,307.7,306,307.45,1040857
2025-10-09 15:15:00,1760003100,307.4,307.55,307.1,307.1,594798
2025-10-10 09:15:00,1760067900,307,309.5,306.65,309.15,1396449
2025-10-10 10:15:00,1760071500,309.1,310,309.1,309.85,944480
2025-10-10 11:15:00,1760075100,309.85,310.4,309.05,309.5,807093
2025-10-10 12:15:00,1760078700,309.5,310.2,308.9,309.9,1307580
2025-10-10 13:15:00,1760082300,309.95,310.4,309.45,309.75,862447
2025-10-10 14:15:00,1760085900,309.8,309.85,307.8,308,1605557
2025-10-10 15:15:00,1760089500,308,308.6,307.9,308.3,700053
2025-10-13 09:15:00,1760327100,306,307.85,305,306.2,1800002
2025-10-13 10:15:00,1760330700,306.2,306.35,305.1,305.2,568406
2025-10-13 11:15:00,1760334300,305.2,305.85,304.7,305.8,588983
2025-10-13 12:15:00,1760337900,305.8,307,305.4,306.65,851168
2025-10-13 13:15:00,1760341500,306.85,307.4,306.55,307.2,706466
2025-10-13 14:15:00,1760345100,307.4,308.7,307.25,308.3,1287410
2025-10-13 15:15:00,1760348700,308.35,308.8,308.2,308.65,677016
2025-10-14 09:15:00,1760413500,309.65,310.8,307.75,308.05,1791793
2025-10-14 10:15:00,1760417100,307.9,309.15,307,307.2,943931
2025-10-14 11:15:00,1760420700,307.2,307.2,305.8,306.3,808914
2025-10-14 12:15:00,1760424300,306.3,306.35,305.1,305.75,623572
2025-10-14 13:15:00,1760427900,305.7,306.6,305.35,305.75,591493
2025-10-14 14:15:00,1760431500,305.8,306.95,305.3,305.45,1898325
2025-10-14 15:15:00,1760435100,305.6,305.9,305.3,305.6,695164
2025-10-15 09:15:00,1760499900,305.6,312.5,305.6,312.1,4965033
2025-10-15 10:15:00,1760503500,312.15,312.95,311.4,311.6,2831256
2025-10-15 11:15:00,1760507100,311.6,312.45,311.35,311.8,1019199
2025-10-15 12:15:00,1760510700,311.8,312.45,311.35,311.95,1352511
2025-10-15 13:15:00,1760514300,312.05,312.5,311.35,311.7,1261382
2025-10-15 14:15:00,1760517900,311.65,312.95,311.5,312.95,1886944
2025-10-15 15:15:00,1760521500,312.9,312.95,312.25,312.8,1416549
2025-10-16 09:15:00,1760586300,314.05,314.3,311.5,311.6,2679241
2025-10-16 10:15:00,1760589900,311.6,312.55,311.3,312.2,920660
2025-10-16 11:15:00,1760593500,312.2,312.45,310.6,311.45,1736587
2025-10-16 12:15:00,1760597100,311.35,312.2,310.9,312.1,966755
2025-10-16 13:15:00,1760600700,312,313.5,311.65,313.05,1171133
2025-10-16 14:15:00,1760604300,313.05,313.4,311.7,311.7,1930811
2025-10-16 15:15:00,1760607900,311.8,312.5,311.6,312.1,963429
2025-10-17 09:15:00,1760672700,313.55,314.75,307.25,309.1,6260560
2025-10-17 10:15:00,1760676300,309.1,310.2,309,309.5,1083955
2025-10-17 11:15:00,1760679900,309.5,310.35,308.5,309.65,968986
2025-10-17 12:15:00,1760683500,309.5,309.85,307.7,308.15,1241134
2025-10-17 13:15:00,1760687100,308.05,308.9,307.05,308.15,1228410
2025-10-17 14:15:00,1760690700,308.05,310.1,308,309.3,1883152
2025-10-17 15:15:00,1760694300,309.3,309.7,309,309.3,1141380
2025-10-20 09:15:00,1760931900,309.2,315.8,309.1,314.7,5630841
2025-10-20 10:15:00,1760935500,314.7,315,313.2,314.3,2308523
2025-10-20 11:15:00,1760939100,314.4,314.5,311.6,311.75,1599621
2025-10-20 12:15:00,1760942700,311.8,312.65,311.15,311.95,1212261
2025-10-20 13:15:00,1760946300,311.95,312.3,311.55,311.85,992585
2025-10-20 14:15:00,1760949900,311.85,312.25,310.6,310.9,1803728
2025-10-20 15:15:00,1760953500,310.95,311.2,310.25,311,1236930
2025-10-21 13:15:00,1761032700,311.45,313.3,311.1,312.35,1988074
2025-10-21 14:15:00,1761036300,312.35,312.35,311.05,311.4,1140823
2025-10-23 09:15:00,1761191100,312,313.85,311.7,313.5,2572271
2025-10-23 10:15:00,1761194700,313.35,313.5,311.25,311.55,1277247
2025-10-23 11:15:00,1761198300,311.6,312,310.8,311.4,2129291
2025-10-23 12:15:00,1761201900,311.15,311.9,311,311.1,1478221
2025-10-23 13:15:00,1761205500,311.1,311.25,309.8,310.15,794309
2025-10-23 14:15:00,1761209100,310.1,310.5,308.55,308.65,1699909
2025-10-23 15:15:00,1761212700,308.6,309.25,308.4,308.9,1084300
2025-10-24 09:15:00,1761277500,310,311.15,308.55,309.6,1659492
2025-10-24 10:15:00,1761281100,309.55,309.6,307.95,308.45,956741
2025-10-24 11:15:00,1761284700,308.4,308.85,307.7,308.5,810016
2025-10-24 12:15:00,1761288300,308.5,308.7,306.85,307.05,1227295
2025-10-24 13:15:00,1761291900,307.1,307.35,305.55,306.1,1141388
2025-10-24 14:15:00,1761295500,306.1,306.5,305.5,306.15,1447700
2025-10-24 15:15:00,1761299100,306.05,306.3,305.8,306.1,977914
2025-10-27 09:15:00,1761536700,306.85,307.85,305.7,307.75,1932873
2025-10-27 10:15:00,1761540300,307.75,307.9,306.25,306.6,781116
2025-10-27 11:15:00,1761543900,306.55,306.85,306.3,306.5,791132
2025-10-27 12:15:00,1761547500,306.55,306.6,305.65,305.65,1016090
2025-10-27 13:15:00,1761551100,305.7,306,305.15,305.6,800343
2025-10-27 14:15:00,1761554700,305.65,306,305.3,305.5,1899163
2025-10-27 15:15:00,1761558300,305.45,306,305.3,305.95,1054428
2025-10-28 09:15:00,1761623100,306.1,308.1,305.7,305.85,2604148
2025-10-28 10:15:00,1761626700,305.85,306.3,305.05,305.15,1108321
2025-10-28 11:15:00,1761630300,305.15,306.2,305.05,305.7,973584
2025-10-28 12:15:00,1761633900,305.7,307.5,305.35,307.4,1237045
2025-10-28 13:15:00,1761637500,307.5,307.7,306.3,307.2,1310209
2025-10-28 14:15:00,1761641100,307.15,308.75,305.75,308.4,2734129
2025-10-28 15:15:00,1761644700,308.45,308.5,307.9,308.4,1208407
2025-10-29 09:15:00,1761709500,307.8,310.75,307.6,308.4,2101292
2025-10-29 10:15:00,1761713100,308.35,310.65,308.15,309.25,1731964
2025-10-29 11:15:00,1761716700,309.25,310,308.55,310,1027037
2025-10-29 12:15:00,1761720300,309.9,310.7,309.8,310,943407
2025-10-29 13:15:00,1761723900,309.95,310,309.2,309.5,635810
2025-10-29 14:15:00,1761727500,309.5,309.95,309.05,309.25,1044296
2025-10-29 15:15:00,1761731100,309.3,310.5,309.3,310.25,1088891
2025-10-30 09:15:00,1761795900,310.1,312,309.6,311,2674897
2025-10-30 10:15:00,1761799500,311,311.15,310.2,311,912503
2025-10-30 11:15:00,1761803100,311.1,312.8,310.6,310.95,1902718
2025-10-30 12:15:00,1761806700,310.95,311.1,310.1,310.25,548464
2025-10-30 13:15:00,1761810300,310.35,310.45,309.2,309.8,730168
2025-10-30 14:15:00,1761813900,309.95,310.6,309.15,310,888052
2025-10-30 15:15:00,1761817500,309.95,310,309.7,309.7,790203
2025-10-31 09:15:00,1761882300,309,310.95,308.5,310.1,1855562
2025-10-31 10:15:00,1761885900,310.1,310.1,308.55,308.9,770453
2025-10-31 11:15:00,1761889500,308.8,309.9,308.45,309.65,563520
2025-10-31 12:15:00,1761893100,309.55,309.9,309,309.2,284042
2025-10-31 13:15:00,1761896700,309.2,309.3,307.5,308.35,767210
2025-10-31 14:15:00,1761900300,308.35,308.5,306.25,306.6,1326827
2025-10-31 15:15:00,1761903900,306.7,307.15,306.65,307.1,922575
2025-11-03 09:15:00,1762141500,306.2,308.35,303.5,307.1,2234361
2025-11-03 10:15:00,1762145100,307,307.7,306.55,307.3,963503
2025-11-03 11:15:00,1762148700,307.25,307.3,305.55,306,668281
2025-11-03 12:15:00,1762152300,305.9,307.6,305.8,307.6,996596
2025-11-03 13:15:00,1762155900,307.6,308.4,306.85,306.9,1201616
2025-11-03 14:15:00,1762159500,307,307.35,306.6,306.85,1309002
2025-11-03 15:15:00,1762163100,306.85,307.2,306.55,307,625465
2025-11-04 09:15:00,1762227900,306,306.95,305.2,305.5,1543980
2025-11-04 10:15:00,1762231500,305.45,305.6,304.65,304.75,749196
2025-11-04 11:15:00,1762235100,304.7,304.9,303.6,304.3,1092532
2025-11-04 12:15:00,1762238700,304.3,304.4,303.25,303.3,785254
2025-11-04 13:15:00,1762242300,303.3,303.45,302,302.35,1165718
2025-11-04 14:15:00,1762245900,302.25,302.55,301.35,302,1950005
2025-11-04 15:15:00,1762249500,302,302.2,301.65,302.1,1052894
2025-11-06 09:15:00,1762400700,301.9,303.2,300.5,300.5,1972679
2025-11-06 10:15:00,1762404300,300.5,301.25,300.05,300.6,775499
2025-11-06 11:15:00,1762407900,300.65,300.65,298,298.15,1318886
2025-11-06 12:15:00,1762411500,298.25,300.4,298.15,299.9,804433
2025-11-06 13:15:00,1762415100,300,300.3,297.75,298.7,921320
2025-11-06 14:15:00,1762418700,298.7,298.8,297.95,298.25,1521330
2025-11-06 15:15:00,1762422300,298.25,298.5,297.5,297.95,877976
2025-11-07 09:15:00,1762487100,297,297,293.5,295.55,2600857
2025-11-07 10:15:00,1762490700,295.5,297.75,295.05,297.1,1200619
2025-11-07 11:15:00,1762494300,297.2,298,296.7,297.85,943913
2025-11-07 12:15:00,1762497900,297.8,299,297,298.7,1072308
2025-11-07 13:15:00,1762501500,298.65,300.15,298.5,299,1414299
2025-11-07 14:15:00,1762505100,299,300.1,298.9,299.15,1508464
2025-11-07 15:15:00,1762508700,299.05,299.8,299.05,299.7,584168
2025-11-10 09:15:00,1762746300,299.65,302.1,299.65,300.95,1669367
2025-11-10 10:15:00,1762749900,301,301.35,300.2,300.6,1807921
2025-11-10 11:15:00,1762753500,300.5,302.95,300.5,302.75,1350731
2025-11-10 12:15:00,1762757100,302.8,303,302.2,302.7,867347
2025-11-10 13:15:00,1762760700,302.7,303.4,301.65,302.35,1045844
2025-11-10 14:15:00,1762764300,302.45,302.95,301.85,301.95,1411513
2025-11-10 15:15:00,1762767900,301.9,302,301.5,301.7,668104
2025-11-11 09:15:00,1762832700,302,303.2,297.65,298.65,2259446
2025-11-11 10:15:00,1762836300,298.65,301.15,298,300.3,1378003
2025-11-11 11:15:00,1762839900,300.3,304.4,299.8,303.65,1714501
2025-11-11 12:15:00,1762843500,303.65,304.95,303.5,304.3,1529137
2025-11-11 13:15:00,1762847100,304.15,305.65,304,304.8,1556074
2025-11-11 14:15:00,1762850700,304.8,305.3,304.5,304.8,1376186
2025-11-11 15:15:00,1762854300,304.85,305.5,304.6,305.45,908804
2025-11-12 09:15:00,1762919100,305.3,308.3,305.25,307.95,2984512
2025-11-12 10:15:00,1762922700,307.95,309.5,307.65,309.2,2671622
2025-11-12 11:15:00,1762926300,309.25,310.25,308.9,309.85,1888613
2025-11-12 12:15:00,1762929900,309.75,310.3,309.3,309.85,801243
2025-11-12 13:15:00,1762933500,309.85,310.15,309.3,309.55,858124
2025-11-12 14:15:00,1762937100,309.55,309.65,308.65,309.45,1405155
2025-11-12 15:15:00,1762940700,309.4,310,309.25,309.85,1368511
2025-11-13 09:15:00,1763005500,310,312.8,309.7,312.7,3086135
2025-11-13 10:15:00,1763009100,312.75,316.6,312.25,315.5,5867303
2025-11-13 11:15:00,1763012700,315.45,315.95,314.5,314.5,1598731
2025-11-13 12:15:00,1763016300,314.5,314.55,312.6,313.2,1239208
2025-11-13 13:15:00,1763019900,313.25,313.25,310.65,311.05,1219501
2025-11-13 14:15:00,1763023500,311,312.2,310.5,310.9,1501657
2025-11-13 15:15:00,1763027100,311,311.25,310.25,311,1212787
2025-11-14 09:15:00,1763091900,311,313.85,309.3,312.75,2187431
2025-11-14 10:15:00,1763095500,312.7,315.7,312.4,315.55,3697914
2025-11-14 11:15:00,1763099100,315.55,315.7,313.2,314.3,1521284
2025-11-14 12:15:00,1763102700,314.3,315,313.25,313.9,784670
2025-11-14 13:15:00,1763106300,313.8,315,313,313.6,1171302
2025-11-14 14:15:00,1763109900,313.6,315.6,312.6,315.45,2426447
2025-11-14 15:15:00,1763113500,315.45,315.5,314.9,315,1848114
2025-11-17 09:15:00,1763351100,316,316.85,313.4,314.4,2568843
2025-11-17 10:15:00,1763354700,314.3,315,313.9,314,941258
2025-11-17 11:15:00,1763358300,314.05,314.3,312.9,313.15,1040482
2025-11-17 12:15:00,1763361900,313.2,313.6,312.6,312.8,689277
2025-11-17 13:15:00,1763365500,312.8,312.95,312.15,312.35,964192
2025-11-17 14:15:00,1763369100,312.4,312.45,311.15,312.1,1754370
2025-11-17 15:15:00,1763372700,312.1,312.6,311.8,312.45,849471
2025-11-18 09:15:00,1763437500,311.15,311.85,308,308.4,2065586
2025-11-18 10:15:00,1763441100,308.25,309.1,307.5,308.65,997930
2025-11-18 11:15:00,1763444700,308.65,309.3,308.25,308.45,773751
2025-11-18 12:15:00,1763448300,308.5,308.5,307.7,308.1,753967
2025-11-18 13:15:00,1763451900,308.1,308.5,307.25,307.9,1070465
2025-11-18 14:15:00,1763455500,307.9,308.05,305.5,306.35,1882599
2025-11-18 15:15:00,1763459100,306.35,306.35,305.45,305.8,1285795
2025-11-19 09:15:00,1763523900,305.85,306.4,303.6,305.4,2092910
2025-11-19 10:15:00,1763527500,305.4,305.7,303.8,303.9,616984
2025-11-19 11:15:00,1763531100,303.95,305.2,303.8,305.1,636981
2025-11-19 12:15:00,1763534700,305,305.4,304.65,305.25,429714
2025-11-19 13:15:00,1763538300,305.1,305.35,304.55,305,538933
2025-11-19 14:15:00,1763541900,305,305.5,304.2,304.45,850618
2025-11-19 15:15:00,1763545500,304.4,304.7,304.25,304.7,662198
2025-11-20 09:15:00,1763610300,305.6,307.8,305.2,307.4,1815143
2025-11-20 10:15:00,1763613900,307.45,308.9,307.2,307.45,1366387
2025-11-20 11:15:00,1763617500,307.45,308.45,307.15,307.7,872949
2025-11-20 12:15:00,1763621100,307.65,308.75,307.6,308.15,753865
2025-11-20 13:15:00,1763624700,308.15,308.9,307.85,308.3,707482
2025-11-20 14:15:00,1763628300,308.35,309.6,308.05,308.35,1629800
2025-11-20 15:15:00,1763631900,308.35,308.85,308.2,308.8,615219
2025-11-21 09:15:00,1763696700,307,308.35,305.9,306.1,1263273
2025-11-21 10:15:00,1763700300,306.1,306.35,304.8,305.55,984149
2025-11-21 11:15:00,1763703900,305.6,305.65,304.8,305.25,455671
2025-11-21 12:15:00,1763707500,305.3,306.35,305.1,305.3,568131
2025-11-21 13:15:00,1763711100,305.25,305.9,304.9,305.3,633998
2025-11-21 14:15:00,1763714700,305.4,305.7,303.1,303.4,1248982
2025-11-21 15:15:00,1763718300,303.3,303.9,303,303.9,771093
2025-11-24 09:15:00,1763955900,303.3,304.35,302,303.95,1407276
2025-11-24 10:15:00,1763959500,304,304.05,302.35,302.5,816380
2025-11-24 11:15:00,1763963100,302.55,303.65,301.75,302.05,597072
2025-11-24 12:15:00,1763966700,302.05,302.8,301.65,302.25,687996
2025-11-24 13:15:00,1763970300,302.2,302.4,300.6,301.05,1063569
2025-11-24 14:15:00,1763973900,301,301.4,299.55,300.1,3990490
2025-11-24 15:15:00,1763977500,300.2,300.35,299.1,300.2,3732116
2025-11-25 09:15:00,1764042300,299.75,303.4,299.6,303.2,2006469
2025-11-25 10:15:00,1764045900,303.15,303.4,301.2,301.6,1203834
2025-11-25 11:15:00,1764049500,301.65,302.65,301.55,302.3,425129
2025-11-25 12:15:00,1764053100,302.3,302.5,301,301.25,568641
2025-11-25 13:15:00,1764056700,301.15,302,301,301.65,529735
2025-11-25 14:15:00,1764060300,301.6,302.2,300.5,300.6,1535909
2025-11-25 15:15:00,1764063900,300.65,301.3,300.5,301.1,822095
2025-11-26 09:15:00,1764128700,301.5,304.95,301.5,304.4,1675826
2025-11-26 10:15:00,1764132300,304.45,305.5,304,305.15,986494
2025-11-26 11:15:00,1764135900,305.2,306.25,305,305.85,924118
2025-11-26 12:15:00,1764139500,305.95,308.65,305.2,308.15,1896345
2025-11-26 13:15:00,1764143100,308.15,308.2,307.2,307.5,966208
2025-11-26 14:15:00,1764146700,307.5,308.25,307,308,1411418
2025-11-26 15:15:00,1764150300,308.05,308.2,307.6,308,990539
2025-11-27 09:15:00,1764215100,309,309.8,306.7,307.3,1698891
2025-11-27 10:15:00,1764218700,307.25,308.35,306.9,308,595539
2025-11-27 11:15:00,1764222300,308,308.15,306.4,306.8,805181
2025-11-27 12:15:00,1764225900,306.75,307.25,306.1,306.1,455743
2025-11-27 13:15:00,1764229500,306.25,306.35,305,305.85,764562
2025-11-27 14:15:00,1764233100,305.75,306.85,305.45,306.4,786282
2025-11-27 15:15:00,1764236700,306.45,306.85,306.1,306.5,414728
2025-11-28 09:15:00,1764301500,306.15,307.45,305.7,306.85,1261278
2025-11-28 10:15:00,1764305100,306.85,308,306.3,307.4,828152
2025-11-28 11:15:00,1764308700,307.4,307.5,306.3,306.4,557175
2025-11-28 12:15:00,1764312300,306.4,306.6,305.5,306.55,718225
2025-11-28 13:15:00,1764315900,306.5,307.3,306.15,306.15,684868
2025-11-28 14:15:00,1764319500,306.25,306.8,305.85,306.3,748873
2025-11-28 15:15:00,1764323100,306.3,306.35,305.7,306.35,665840
2025-12-01 09:15:00,1764560700,307.1,308.15,305.9,306.2,1606728
2025-12-01 10:15:00,1764564300,306.2,307.05,305.4,306,626725
2025-12-01 11:15:00,1764567900,306,306.3,304.3,305.1,943043
2025-12-01 12:15:00,1764571500,305.1,305.55,304.5,304.9,478599
2025-12-01 13:15:00,1764575100,305,305.75,304.9,305.4,711984
2025-12-01 14:15:00,1764578700,305.45,305.55,303.55,304.75,1403858
2025-12-01 15:15:00,1764582300,304.9,305.05,304.6,305.05,412171
2025-12-02 09:15:00,1764647100,303,306.4,303,305.2,2446518
2025-12-02 10:15:00,1764650700,305.3,307,305,306.2,1484020
2025-12-02 11:15:00,1764654300,306.25,306.6,305.5,306.15,653762
2025-12-02 12:15:00,1764657900,306.15,306.7,305.55,305.85,757307
2025-12-02 13:15:00,1764661500,305.75,306.85,305.45,306.25,910858
2025-12-02 14:15:00,1764665100,306.3,306.3,304.3,305.1,1370396
2025-12-02 15:15:00,1764668700,305.15,305.3,304.5,305.25,925070
2025-12-03 09:15:00,1764733500,305,305.7,300.4,301.45,2071676
2025-12-03 10:15:00,1764737100,301.45,301.45,299.15,300.05,1381182
2025-12-03 11:15:00,1764740700,300.05,301.4,298.45,301.15,1523598
2025-12-03 12:15:00,1764744300,301.2,301.25,300.6,301.2,599274
2025-12-03 13:15:00,1764747900,301.2,301.2,300,300.75,694596
2025-12-03 14:15:00,1764751500,300.75,301.25,300,301.15,1227068
2025-12-03 15:15:00,1764755100,301.15,301.8,300.95,301.6,881101
2025-12-04 09:15:00,1764819900,301,302.3,300,302,1074635
2025-12-04 10:15:00,1764823500,302,302.6,301.55,301.75,469862
2025-12-04 11:15:00,1764827100,301.9,303,301,302.7,815739
2025-12-04 12:15:00,1764830700,302.7,303.45,301.35,301.55,1201003
2025-12-04 13:15:00,1764834300,301.55,302.1,300.6,301.25,597223
2025-12-04 14:15:00,1764837900,301.4,302.6,301.35,302.2,961734
2025-12-04 15:15:00,1764841500,302.25,302.35,301.65,301.95,442705
2025-12-05 09:15:00,1764906300,302,303.15,300.25,302.35,1512237
2025-12-05 10:15:00,1764909900,302.45,303.2,300.9,303.1,827077
2025-12-05 11:15:00,1764913500,303.05,303.15,301.65,301.7,500566
2025-12-05 12:15:00,1764917100,301.8,303.45,301.55,302.25,649269
2025-12-05 13:15:00,1764920700,302.25,304.45,302.05,303.4,964197
2025-12-05 14:15:00,1764924300,303.45,303.95,302,303.85,1393122
2025-12-05 15:15:00,1764927900,303.85,304,303.5,303.85,646046
2025-12-08 09:15:00,1765165500,303,304.25,300.45,300.9,1709919
2025-12-08 10:15:00,1765169100,301.1,301.5,300.1,300.45,665554
2025-12-08 11:15:00,1765172700,300.4,300.7,298,298.05,1147018
2025-12-08 12:15:00,1765176300,298.1,298.35,297.35,297.8,796507
2025-12-08 13:15:00,1765179900,297.85,297.85,295.25,295.55,1779566
2025-12-08 14:15:00,1765183500,295.55,298.1,295.3,297.8,4272973
2025-12-08 15:15:00,1765187100,297.8,297.8,296,296.15,2018612
2025-12-09 09:15:00,1765251900,296.15,296.15,288.75,291.9,4238578
2025-12-09 10:15:00,1765255500,291.9,294.2,291.85,294,1872864
2025-12-09 11:15:00,1765259100,293.95,296.3,293.2,296,1324006
2025-12-09 12:15:00,1765262700,296,296.4,294.3,295.45,1142666
2025-12-09 13:15:00,1765266300,295.55,296.8,294.8,294.8,949397
2025-12-09 14:15:00,1765269900,294.9,295.3,292.85,293.25,2720126
2025-12-09 15:15:00,1765273500,293.3,294,293,293.55,1064952
2025-12-10 09:15:00,1765338300,294,295.4,292.75,294,1986058
2025-12-10 10:15:00,1765341900,294,294.4,292.1,293.15,961359
2025-12-10 11:15:00,1765345500,293.2,293.8,292.1,292.35,1048136
2025-12-10 12:15:00,1765349100,292.4,292.9,291.1,291.5,761450
2025-12-10 13:15:00,1765352700,291.55,292.85,290.7,290.75,991130
2025-12-10 14:15:00,1765356300,290.9,291.1,289.25,290.8,2244330
2025-12-10 15:15:00,1765359900,291,291.1,290.4,290.7,612222
2025-12-11 09:15:00,1765424700,291,293.35,290,293.35,1995931
2025-12-11 10:15:00,1765428300,293.5,296.2,293.5,294.7,1773634
2025-12-11 11:15:00,1765431900,294.85,296.7,294.75,296.45,991172
2025-12-11 12:15:00,1765435500,296.45,297.5,296,296.3,1397583
2025-12-11 13:15:00,1765439100,296.5,297.8,296.35,297.05,833776
2025-12-11 14:15:00,1765442700,297.1,298.75,296.85,298.3,1535443
2025-12-11 15:15:00,1765446300,298.3,299,298,298.5,1014792
2025-12-12 09:15:00,1765511100,300,302.4,299.35,300.8,2253188
2025-12-12 10:15:00,1765514700,300.75,301.5,300,300.65,808149
2025-12-12 11:15:00,1765518300,300.65,301.5,298.75,299.25,1147313
2025-12-12 12:15:00,1765521900,299.25,300.7,299,300.55,1136851
2025-12-12 13:15:00,1765525500,300.5,301.5,299.5,301.1,858656
2025-12-12 14:15:00,1765529100,301.1,301.3,300.2,300.8,1196075
2025-12-12 15:15:00,1765532700,300.8,300.95,300.3,300.4,512628
2025-12-15 09:15:00,1765770300,299,300.4,297.55,298.2,1212938
2025-12-15 10:15:00,1765773900,298.3,298.9,297.8,298.5,449551
2025-12-15 11:15:00,1765777500,298.5,299.55,297.8,299.5,786553
2025-12-15 12:15:00,1765781100,299.45,300.35,299,300.35,657902
2025-12-15 13:15:00,1765784700,300.35,300.35,298.5,298.85,506578
2025-12-15 14:15:00,1765788300,298.85,300.15,298.75,299.65,865122
2025-12-15 15:15:00,1765791900,299.6,299.95,299.4,299.65,327688
2025-12-16 09:15:00,1765856700,298.05,298.75,295.6,295.95,1611869
2025-12-16 10:15:00,1765860300,295.95,296.45,295.1,295.2,757226
2025-12-16 11:15:00,1765863900,295.25,295.6,294.5,294.85,1128363
2025-12-16 12:15:00,1765867500,294.8,295.95,294.7,295.6,844155
2025-12-16 13:15:00,1765871100,295.65,296.4,295.5,296.05,626437
2025-12-16 14:15:00,1765874700,296.05,296.1,295,295.1,1379737
2025-12-16 15:15:00,1765878300,295.1,295.3,294.55,294.7,765827
2025-12-17 09:15:00,1765943100,295,296,293.5,293.95,1277800
2025-12-17 10:15:00,1765946700,293.95,294.7,292.85,293.75,850808
2025-12-17 11:15:00,1765950300,293.75,294.25,293.25,293.5,542305
2025-12-17 12:15:00,1765953900,293.4,293.75,292.8,292.95,514951
2025-12-17 13:15:00,1765957500,292.9,293.25,292.15,292.6,742282
2025-12-17 14:15:00,1765961100,292.65,293.4,291.7,293.35,1464620
2025-12-17 15:15:00,1765964700,293.4,293.4,293,293,493607
2025-12-18 09:15:00,1766029500,292.7,292.9,289.75,291.35,1448079
2025-12-18 10:15:00,1766033100,291.3,293.35,291.15,292.45,846466
2025-12-18 11:15:00,1766036700,292.45,293.55,291.1,293.1,1254078
2025-12-18 12:15:00,1766040300,293.1,293.4,292.45,293,1040333
2025-12-18 13:15:00,1766043900,292.95,293.15,291,291.3,565916
2025-12-18 14:15:00,1766047500,291.15,292.65,290.75,292.45,978733
2025-12-18 15:15:00,1766051100,292.45,292.5,292.05,292.1,325769
2025-12-19 09:15:00,1766115900,294.1,297.45,293.35,294.9,2017423
2025-12-19 10:15:00,1766119500,294.9,295.95,294.35,295.1,629312
2025-12-19 11:15:00,1766123100,295.3,296.1,294.4,295.6,956039
2025-12-19 12:15:00,1766126700,295.6,296.6,295.45,296.35,876761
2025-12-19 13:15:00,1766130300,296.35,297.8,296.3,297.1,847032
2025-12-19 14:15:00,1766133900,297.05,297.35,296.6,296.8,2064544
2025-12-19 15:15:00,1766137500,296.85,297.2,296.7,297.15,1336291
2025-12-22 09:15:00,1766375100,298,299.9,297.9,299.7,1397772
2025-12-22 10:15:00,1766378700,299.7,299.95,298.75,299.2,737326
2025-12-22 11:15:00,1766382300,299.2,299.7,298.75,299.3,588940
2025-12-22 12:15:00,1766385900,299.35,299.5,299.05,299.2,346828
2025-12-22 13:15:00,1766389500,299.25,299.4,299,299.3,560857
2025-12-22 14:15:00,1766393100,299.3,299.5,298.5,298.6,966098
2025-12-22 15:15:00,1766396700,298.5,299.25,298.35,299,497959
2025-12-23 09:15:00,1766461500,299.55,299.7,297.7,299,1328193
2025-12-23 10:15:00,1766465100,299.1,299.4,298.65,299.15,706094
2025-12-23 11:15:00,1766468700,299.15,299.7,298.8,299.35,900799
2025-12-23 12:15:00,1766472300,299.35,299.55,299,299.15,366377
2025-12-23 13:15:00,1766475900,299.1,299.3,298.7,299.3,392258
2025-12-23 14:15:00,1766479500,299.3,299.75,298.2,298.6,1177433
2025-12-23 15:15:00,1766483100,298.65,298.95,298.45,298.6,444560
2025-12-24 09:15:00,1766547900,298.7,302.6,298.65,302.3,2165328
2025-12-24 10:15:00,1766551500,302.45,302.5,300.75,301,1098268
2025-12-24 11:15:00,1766555100,301,301.25,300.5,300.75,481801
2025-12-24 12:15:00,1766558700,300.8,300.9,298.65,298.9,768715
2025-12-24 13:15:00,1766562300,298.95,299.05,298.2,298.6,682462
2025-12-24 14:15:00,1766565900,298.7,299.25,298.05,298.6,781551
2025-12-24 15:15:00,1766569500,298.6,299.25,298.5,299,541523
2025-12-26 09:15:00,1766720700,298,299.8,298,298.85,1088274
2025-12-26 10:15:00,1766724300,298.95,299.2,298.35,298.5,609636
2025-12-26 11:15:00,1766727900,298.5,299.1,298.3,299.05,396927
2025-12-26 12:15:00,1766731500,298.9,299.05,297.2,297.2,475753
2025-12-26 13:15:00,1766735100,297.2,297.85,296.8,297.3,398854
2025-12-26 14:15:00,1766738700,297.4,297.4,296.15,297.05,563575
2025-12-26 15:15:00,1766742300,297.1,297.2,296.75,297.2,370690
2025-12-29 09:15:00,1766979900,297,297.55,295.35,295.55,1091028
2025-12-29 10:15:00,1766983500,295.55,295.55,294.8,295.1,508078
2025-12-29 11:15:00,1766987100,295.1,295.15,294.35,294.4,442630
2025-12-29 12:15:00,1766990700,294.4,294.75,293.85,294.55,715052
2025-12-29 13:15:00,1766994300,294.55,294.85,294.1,294.2,382509
2025-12-29 14:15:00,1766997900,294.25,294.35,293.35,294.05,996548
2025-12-29 15:15:00,1767001500,294.15,294.2,293.6,293.8,539455
2025-12-30 09:15:00,1767066300,293,293.85,291.4,292.75,1642271
2025-12-30 10:15:00,1767069900,292.7,293.5,292.5,293.15,736731
2025-12-30 11:15:00,1767073500,293.1,293.35,292.05,292.05,481562
2025-12-30 12:15:00,1767077100,292.05,292.65,292,292.1,728745
2025-12-30 13:15:00,1767080700,292.2,292.75,291.8,292.15,926730
2025-12-30 14:15:00,1767084300,292.15,292.9,291.75,292.65,1428456
2025-12-30 15:15:00,1767087900,292.65,293.4,292.35,293.2,855867
2025-12-31 09:15:00,1767152700,292.6,295,292.6,294.2,846907
2025-12-31 10:15:00,1767156300,294.3,295.95,294.25,295.55,547284
2025-12-31 11:15:00,1767159900,295.55,296.25,294.85,296,588498
2025-12-31 12:15:00,1767163500,296,296.9,295.7,296.55,609785
2025-12-31 13:15:00,1767167100,296.55,296.7,295.65,295.75,397381
2025-12-31 14:15:00,1767170700,295.75,295.75,294.1,295.1,2872270
2025-12-31 15:15:00,1767174300,295.1,295.3,294.7,295,639380
2026-01-01 09:15:00,1767239100,295.4,296.75,294.75,294.95,974823
2026-01-01 10:15:00,1767242700,294.9,295.55,294.15,295.5,358837
2026-01-01 11:15:00,1767246300,295.5,296.25,295.1,295.1,604614
2026-01-01 12:15:00,1767249900,295.1,295.7,294.85,295.65,400592
2026-01-01 13:15:00,1767253500,295.65,296.25,295.35,295.85,481978
2026-01-01 14:15:00,1767257100,295.85,296.25,295.55,295.95,583685
2026-01-01 15:15:00,1767260700,295.9,295.95,295.2,295.6,270286
2026-01-02 09:15:00,1767325500,295.6,299.95,295.5,299.4,2308549
2026-01-02 10:15:00,1767329100,299.5,301.8,299.25,301.4,2373298
2026-01-02 11:15:00,1767332700,301.5,303,301.25,301.55,2107214
2026-01-02 12:15:00,1767336300,301.55,302.3,300.85,302.1,1049826
2026-01-02 13:15:00,1767339900,302,302.1,301.35,302,566911
2026-01-02 14:15:00,1767343500,301.95,302,301.05,301.85,1095150
2026-01-02 15:15:00,1767347100,301.65,301.9,301.5,301.85,1067417
2026-01-05 09:15:00,1767584700,301.8,302.45,299.55,300.5,1944072
2026-01-05 10:15:00,1767588300,300.45,301.2,299.8,301.15,645440
2026-01-05 11:15:00,1767591900,301.15,301.2,300.25,300.85,607188
2026-01-05 12:15:00,1767595500,300.95,301.9,300.65,301,535618
2026-01-05 13:15:00,1767599100,301,301.1,298.85,299.5,1673552
2026-01-05 14:15:00,1767602700,299.55,300.55,299,300.4,866384
2026-01-05 15:15:00,1767606300,300.4,301.05,300.05,300.05,605671
2026-01-06 09:15:00,1767671100,300.1,302.3,299.9,300.8,1608509
2026-01-06 10:15:00,1767674700,300.85,301.4,299.55,299.6,768428
2026-01-06 11:15:00,1767678300,299.65,299.65,293.65,294.65,1798162
2026-01-06 12:15:00,1767681900,294.65,296.15,293.5,295.65,1711911
2026-01-06 13:15:00,1767685500,295.65,297,295.25,295.4,1256055
2026-01-06 14:15:00,1767689100,295.4,298.4,295.15,298.15,1866054
2026-01-06 15:15:00,1767692700,298.1,299.05,298,298.65,1882063
2026-01-07 09:15:00,1767757500,298,300.95,296.65,300.6,1932745
2026-01-07 10:15:00,1767761100,300.7,304.55,298.8,304.3,2383324
2026-01-07 11:15:00,1767764700,304.35,306,303.3,304.75,5281233
2026-01-07 12:15:00,1767768300,304.85,305.85,303.45,303.45,1898447
2026-01-07 13:15:00,1767771900,303.5,304.55,302.7,304,3377460
2026-01-07 14:15:00,1767775500,304.1,304.1,302.7,303.9,3902636
2026-01-07 15:15:00,1767779100,304,304,303,303.8,1611708
2026-01-08 09:15:00,1767843900,303.3,304.3,300.65,301.25,2007426
2026-01-08 10:15:00,1767847500,301.25,301.3,296.35,296.5,1485888
2026-01-08 11:15:00,1767851100,296.5,296.9,294.75,296.55,2203375
2026-01-08 12:15:00,1767854700,296.6,296.9,294.05,295.4,1481790
2026-01-08 13:15:00,1767858300,295.55,295.55,293.85,294.35,1106115
2026-01-08 14:15:00,1767861900,294.35,295.55,293.1,294.05,2347728
2026-01-08 15:15:00,1767865500,294.05,294.2,292.15,292.65,1585658
2026-01-09 09:15:00,1767930300,292,294.3,289.75,293.1,2975291
2026-01-09 10:15:00,1767933900,293.05,294.6,292.3,292.4,793870
2026-01-09 11:15:00,1767937500,292.3,292.95,291.4,291.75,737477
2026-01-09 12:15:00,1767941100,291.65,292.3,290.25,290.55,1066982
2026-01-09 13:15:00,1767944700,290.55,291.5,289,289.05,1448251
2026-01-09 14:15:00,1767948300,289.2,289.35,286.15,287.9,3139513
2026-01-09 15:15:00,1767951900,287.85,287.85,286.5,287.55,1138392
2026-01-12 09:15:00,1768189500,287.25,287.8,282,284.45,4241698
2026-01-12 10:15:00,1768193100,284.45,286.5,282.1,282.25,1506156
2026-01-12 11:15:00,1768196700,282.25,284.15,280.75,284.15,1719400
2026-01-12 12:15:00,1768200300,284.15,287.8,283.9,287.8,1985461
2026-01-12 13:15:00,1768203900,287.8,288.8,286.65,287.35,1017399
2026-01-12 14:15:00,1768207500,287.25,289,286.15,288.1,1095271
2026-01-12 15:15:00,1768211100,288.1,288.5,287.9,288.45,586681
2026-01-13 09:15:00,1768275900,289.1,290.2,284.35,285.8,2756433
2026-01-13 10:15:00,1768279500,285.75,286.3,283.8,284.45,3745855
2026-01-13 11:15:00,1768283100,284.45,285,283.5,283.65,987934
2026-01-13 12:15:00,1768286700,283.7,284.5,283.1,284.05,711828
2026-01-13 13:15:00,1768290300,284.05,284.85,282.7,283.05,972290
2026-01-13 14:15:00,1768293900,283.05,285,281.9,284.7,3045258
2026-01-13 15:15:00,1768297500,284.7,284.75,284,284.15,704220
2026-01-14 09:15:00,1768362300,281.95,286.15,281.85,285.3,1487015
2026-01-14 10:15:00,1768365900,285.25,287.6,284.6,286.85,1361178
2026-01-14 11:15:00,1768369500,286.9,287.85,286.6,286.75,788273
2026-01-14 12:15:00,1768373100,286.6,287.8,286.5,287.65,470546
2026-01-14 13:15:00,1768376700,287.7,287.8,285.6,285.9,577617
2026-01-14 14:15:00,1768380300,286,287.2,285,287.05,1353879
2026-01-14 15:15:00,1768383900,287.1,287.5,286.85,287.3,626927
2026-01-16 09:15:00,1768535100,287,291,283.6,284.65,6413856
2026-01-16 10:15:00,1768538700,284.75,285.7,282.6,283.15,2407221
2026-01-16 11:15:00,1768542300,283.15,284.7,283.1,284.45,1197150
2026-01-16 12:15:00,1768545900,284.5,284.6,281.7,282,1419052
2026-01-16 13:15:00,1768549500,282.1,282.1,280.05,280.1,2061771
2026-01-16 14:15:00,1768553100,280.05,280.95,278.7,279.15,3380641
2026-01-16 15:15:00,1768556700,279.15,279.2,277.15,277.95,1781469
2026-01-19 09:15:00,1768794300,279.4,281.65,276.5,280.35,5238176
2026-01-19 10:15:00,1768797900,280.35,281,277.4,277.7,1238697
2026-01-19 11:15:00,1768801500,277.6,277.8,275.65,276.3,1500699
2026-01-19 12:15:00,1768805100,276.3,277.15,274.1,275.15,1693584
2026-01-19 13:15:00,1768808700,275.1,276.15,274.65,275.25,815746
2026-01-19 14:15:00,1768812300,275.2,277.55,274.65,275.7,1742374
2026-01-19 15:15:00,1768815900,275.7,275.7,274.6,274.9,622856
2026-01-20 09:15:00,1768880700,275.1,276.45,270.35,271.85,4702758
2026-01-20 10:15:00,1768884300,271.85,272.3,270.6,271.35,1849935
2026-01-20 11:15:00,1768887900,271.5,272,269.5,270.2,2589471
2026-01-20 12:15:00,1768891500,270.1,270.4,269.2,269.9,1715748
2026-01-20 13:15:00,1768895100,269.9,270.4,267.75,268.2,2634809
2026-01-20 14:15:00,1768898700,268.15,269.15,265.75,266.1,3336776
2026-01-20 15:15:00,1768902300,266,266.15,263.2,265.4,1883526
2026-01-21 09:15:00,1768967100,265.3,269.2,264.1,266.4,4935208
2026-01-21 10:15:00,1768970700,266.4,267.25,262.65,264.7,3903480
2026-01-21 11:15:00,1768974300,264.7,266.2,263.5,266.2,4029937
2026-01-21 12:15:00,1768977900,266.25,268.15,265.2,266.3,1707671
2026-01-21 13:15:00,1768981500,266.3,266.45,262.65,262.75,1304448
2026-01-21 14:15:00,1768985100,262.8,264.25,262.5,263.1,1633958
2026-01-21 15:15:00,1768988700,263.15,263.75,262.7,263.6,1706322
2026-01-22 09:15:00,1769053500,267,268.15,265.65,266.75,3163607
2026-01-22 10:15:00,1769057100,266.9,267,264,264.4,1449598
2026-01-22 11:15:00,1769060700,264.45,264.85,262.3,263,1247802
2026-01-22 12:15:00,1769064300,263,263.55,260.85,261.15,1212111
2026-01-22 13:15:00,1769067900,261.05,261.4,260,260.05,1327671
2026-01-22 14:15:00,1769071500,260,263.55,259.75,262.7,2750223
2026-01-22 15:15:00,1769075100,262.6,263.75,262,263.5,1084738
2026-01-23 09:15:00,1769139900,264,266.25,260.9,261.05,2876385
2026-01-23 10:15:00,1769143500,261.15,261.65,258.7,259.2,1522819
2026-01-23 11:15:00,1769147100,259.2,259.4,256,256,2364507
2026-01-23 12:15:00,1769150700,256.1,256.9,255,255.15,1822939
2026-01-23 13:15:00,1769154300,255.1,255.15,252.6,253.5,2530589
2026-01-23 14:15:00,1769157900,253.6,254.4,252.5,252.75,2374658
2026-01-23 15:15:00,1769161500,252.75,253.35,252.25,253.2,1323602
2026-01-27 09:15:00,1769485500,253.8,254.85,250.2,253.95,4888247
2026-01-27 10:15:00,1769489100,253.95,254.35,251.2,252.1,1565473
2026-01-27 11:15:00,1769492700,252,253.45,251.6,252.8,1045667
2026-01-27 12:15:00,1769496300,252.7,253.3,252.35,252.85,792605
2026-01-27 13:15:00,1769499900,252.85,254.05,252,252.4,2029964
2026-01-27 14:15:00,1769503500,252.4,256.5,251.9,256,3121579
2026-01-27 15:15:00,1769507100,256,257.5,255.65,257.2,1315463
2026-01-28 09:15:00,1769571900,257.85,258.4,253.9,254.25,3741308
2026-01-28 10:15:00,1769575500,254.3,256.4,253,255.7,3568681
2026-01-28 11:15:00,1769579100,255.85,256.4,254.65,254.85,2304436
2026-01-28 12:15:00,1769582700,254.9,255.15,254.35,255,1043272
2026-01-28 13:15:00,1769586300,255,255.2,253.6,254,1252470
2026-01-28 14:15:00,1769589900,254,255.45,253.8,255,5366288
2026-01-28 15:15:00,1769593500,254.95,256.15,254.85,256.05,1727269
2026-01-29 09:15:00,1769658300,255.8,256.85,253.4,254,2827259
2026-01-29 10:15:00,1769661900,253.95,254,252.45,253.5,1856042
2026-01-29 11:15:00,1769665500,253.5,254.15,253.2,253.65,1347392
2026-01-29 12:15:00,1769669100,253.65,255,253.2,254.8,766406
2026-01-29 13:15:00,1769672700,254.8,255.1,254.1,254.75,2047891
2026-01-29 14:15:00,1769676300,254.8,255.5,254.3,254.3,2316903
2026-01-29 15:15:00,1769679900,254.25,254.65,254.1,254.45,939963
2026-01-30 09:15:00,1769744700,253,256.2,249.55,256.1,3045652
2026-01-30 10:15:00,1769748300,256.2,257.6,254.25,254.65,2687187
2026-01-30 11:15:00,1769751900,254.65,255.1,253.9,254.5,682590
2026-01-30 12:15:00,1769755500,254.5,254.8,253.05,253.05,716543
2026-01-30 13:15:00,1769759100,253.15,255,252.6,254.7,1233452
2026-01-30 14:15:00,1769762700,254.75,255,253.75,254.55,2859914
2026-01-30 15:15:00,1769766300,254.5,254.95,253.65,254,2162896
2026-02-01 09:15:00,1769917500,253.6,254,252.15,253.95,1332733
2026-02-01 10:15:00,1769921100,253.95,255.25,253.75,254.7,958798
2026-02-01 11:15:00,1769924700,254.85,255,251.8,252.05,968846
2026-02-01 12:15:00,1769928300,252,252,238.4,249.25,4980484
2026-02-01 13:15:00,1769931900,249.25,249.25,245.25,246,1858498
2026-02-01 14:15:00,1769935500,246,246.75,242.5,242.6,2160281
2026-02-01 15:15:00,1769939100,242.6,242.6,240.55,242.35,1569841
2026-02-02 09:15:00,1770003900,242.4,243.2,238.85,241,4907204
2026-02-02 10:15:00,1770007500,240.85,241.15,237.55,238.1,2132615
2026-02-02 11:15:00,1770011100,238.05,240.2,237,240,1559974
2026-02-02 12:15:00,1770014700,240,240.85,239,240.6,1112287
2026-02-02 13:15:00,1770018300,240.7,243.5,239.45,241.5,2320327
2026-02-02 14:15:00,1770021900,241.45,244.65,240.75,244.5,3972374
2026-02-02 15:15:00,1770025500,244.45,245.3,244.15,245.15,1167834
2026-02-03 09:15:00,1770090300,260.05,263.2,256.95,260.6,11898205
2026-02-03 10:15:00,1770093900,260.75,263.7,260.5,263.6,7286691
2026-02-03 11:15:00,1770097500,263.45,267,262.2,264.9,7830143
2026-02-03 12:15:00,1770101100,265,266.4,264.7,265.2,3024225
2026-02-03 13:15:00,1770104700,265.2,265.9,263.4,264.3,3244075
2026-02-03 14:15:00,1770108300,264.3,264.8,262.6,264,4987319
2026-02-03 15:15:00,1770111900,263.95,264.9,263.8,264,1402260
2026-02-04 09:15:00,1770176700,265,269.9,263.95,267.85,5768550
2026-02-04 10:15:00,1770180300,267.9,269.05,266.25,267,2364029
2026-02-04 11:15:00,1770183900,266.95,268.2,266.75,268.05,1503529
2026-02-04 12:15:00,1770187500,268.05,268.65,267.3,268.1,1157905
2026-02-04 13:15:00,1770191100,268.05,268.5,267.85,268.35,1229188
2026-02-04 14:15:00,1770194700,268.35,268.7,267.5,268.15,1538544
2026-02-04 15:15:00,1770198300,268.15,268.2,267.6,267.85,861068
2026-02-05 09:15:00,1770263100,268.1,271.65,267.5,269.95,6344103
2026-02-05 10:15:00,1770266700,270,270.1,267.8,269.5,2432385
2026-02-05 11:15:00,1770270300,269.4,270.2,269.15,269.7,2012160
2026-02-05 12:15:00,1770273900,269.8,269.95,268.85,269.8,690080
2026-02-05 13:15:00,1770277500,269.75,270.5,268.7,269.15,1587084
2026-02-05 14:15:00,1770281100,269.2,270.15,268.5,269.95,1741135
2026-02-05 15:15:00,1770284700,270,270.3,269.7,269.95,888832
2026-02-06 09:15:00,1770349500,269.95,270.05,266.5,266.9,2924966
2026-02-06 10:15:00,1770353100,266.9,269.6,266.75,269.2,1370899
2026-02-06 11:15:00,1770356700,269.2,270.4,268,268.55,1239492
2026-02-06 12:15:00,1770360300,268.55,268.55,266.65,267.65,683801
2026-02-06 13:15:00,1770363900,267.65,267.85,266.5,267.2,687359
2026-02-06 14:15:00,1770367500,267.2,268.5,267,267.9,1384009
2026-02-06 15:15:00,1770371100,267.95,268.3,267.9,268.15,596633
2026-02-09 09:15:00,1770608700,270.55,271.4,269.8,270.35,2086197
2026-02-09 10:15:00,1770612300,270.35,270.95,270,270.6,1377064
2026-02-09 11:15:00,1770615900,270.6,270.65,269.05,269.6,952247
2026-02-09 12:15:00,1770619500,269.55,270.25,268.9,270.2,801567
2026-02-09 13:15:00,1770623100,270.1,270.2,269.6,270.1,691656
2026-02-09 14:15:00,1770626700,270.1,270.15,269.05,269.3,1212605
2026-02-09 15:15:00,1770630300,269.25,269.4,268.75,269.25,1036905
2026-02-10 09:15:00,1770695100,270,274.35,269,273.2,6077044
2026-02-10 10:15:00,1770698700,273.25,273.75,271.75,272.35,1661514
2026-02-10 11:15:00,1770702300,272.3,272.5,271.2,272,1296496
2026-02-10 12:15:00,1770705900,272.05,273,271.5,272.95,627263
2026-02-10 13:15:00,1770709500,272.85,272.95,270.65,271.2,824932
2026-02-10 14:15:00,1770713100,271.2,271.85,270,270.1,1351558
2026-02-10 15:15:00,1770716700,270.05,270.6,270,270.6,765508
2026-02-11 09:15:00,1770781500,271,271.6,268.3,268.85,1734698
2026-02-11 10:15:00,1770785100,268.85,270.35,268.65,270.05,1021718
2026-02-11 11:15:00,1770788700,270.05,271.25,269.4,269.65,1072837
2026-02-11 12:15:00,1770792300,269.7,270.25,269.2,270.15,546548
2026-02-11 13:15:00,1770795900,270.1,270.75,269.95,270.2,538581
2026-02-11 14:15:00,1770799500,270.15,270.75,270,270.25,1003372
2026-02-11 15:15:00,1770803100,270.25,270.35,270,270.2,603757
2026-02-12 09:15:00,1770867900,270,270.1,266.85,267.85,2178404
2026-02-12 10:15:00,1770871500,267.85,268.4,267.65,268,712812
2026-02-12 11:15:00,1770875100,268,268,267.1,267.5,776925
2026-02-12 12:15:00,1770878700,267.5,268.35,267.5,267.95,633807
2026-02-12 13:15:00,1770882300,267.95,269.8,267.9,268.7,1183693
2026-02-12 14:15:00,1770885900,268.7,268.7,266.7,267.45,1961992
2026-02-12 15:15:00,1770889500,267.5,268.2,267.15,267.75,1193325
2026-02-13 09:15:00,1770954300,265,267.25,263.3,263.65,2388547
2026-02-13 10:15:00,1770957900,263.6,264.5,263.15,263.4,841105
2026-02-13 11:15:00,1770961500,263.4,265.2,262.85,265.1,2613299
2026-02-13 12:15:00,1770965100,265.05,266.15,264.9,265.8,2049287
2026-02-13 13:15:00,1770968700,265.8,265.95,264.5,264.85,1609761
2026-02-13 14:15:00,1770972300,264.85,265,263.8,264,1906301
2026-02-13 15:15:00,1770975900,264,264,263.2,263.75,780357
2026-02-16 09:15:00,1771213500,262.05,262.5,259.55,261.55,2932875
2026-02-16 10:15:00,1771217100,261.55,261.65,260.65,261.15,1143757
2026-02-16 11:15:00,1771220700,261.15,261.45,260.05,260.2,940508
2026-02-16 12:15:00,1771224300,260.25,260.9,259.95,260.4,1447441
2026-02-16 13:15:00,1771227900,260.4,261.1,260,260.3,1430098
2026-02-16 14:15:00,1771231500,260.3,263.25,260,262.6,4948553
2026-02-16 15:15:00,1771235100,262.6,262.7,262.25,262.6,944798
2026-02-17 09:15:00,1771299900,262.4,262.4,260.9,262.1,1656369
2026-02-17 10:15:00,1771303500,262.05,264.2,261.95,262.55,1766694
2026-02-17 11:15:00,1771307100,262.7,263.35,262.4,262.8,729436
2026-02-17 12:15:00,1771310700,262.85,263.35,262.8,263.05,622684
2026-02-17 13:15:00,1771314300,263.1,263.65,262.2,262.2,1080504
2026-02-17 14:15:00,1771317900,262.2,262.75,261.85,262.45,906792
2026-02-17 15:15:00,1771321500,262.5,262.65,261.4,261.8,624386
2026-02-18 09:15:00,1771386300,263,264.5,262,262.65,2749704
2026-02-18 10:15:00,1771389900,262.6,263.4,261.75,263.25,1687183
2026-02-18 11:15:00,1771393500,263.2,263.5,262.85,263.4,677810
2026-02-18 12:15:00,1771397100,263.4,264,263.4,263.8,987421
2026-02-18 13:15:00,1771400700,263.9,263.95,263.2,263.65,1132935
2026-02-18 14:15:00,1771404300,263.65,264.4,263.3,264.4,1485543
2026-02-18 15:15:00,1771407900,264.35,264.35,263.8,263.9,714370
2026-02-19 09:15:00,1771472700,264.1,265.55,261.65,261.75,1726998
2026-02-19 10:15:00,1771476300,261.7,262.15,260.85,261.2,844069
2026-02-19 11:15:00,1771479900,261.2,261.85,260.2,260.4,940289
2026-02-19 12:15:00,1771483500,260.4,260.95,259.7,260.5,1009038
2026-02-19 13:15:00,1771487100,260.45,260.45,259.25,259.8,967698
2026-02-19 14:15:00,1771490700,259.8,260.2,258.7,259,1845231
2026-02-19 15:15:00,1771494300,259,259,257.35,257.9,1132212
2026-02-20 09:15:00,1771559100,258.1,260.5,257.55,259.2,1887786
2026-02-20 10:15:00,1771562700,259.15,260.55,259.1,260.2,2030918
2026-02-20 11:15:00,1771566300,260.3,260.75,259.8,260.15,1814037
2026-02-20 12:15:00,1771569900,260.2,260.65,258.95,259.2,2783090
2026-02-20 13:15:00,1771573500,259.15,259.5,258.65,259,623491
2026-02-20 14:15:00,1771577100,259.05,259.25,258.25,258.7,1329779
2026-02-20 15:15:00,1771580700,258.65,258.75,258,258.05,687931
2026-02-23 09:15:00,1771818300,260,260.4,257.5,257.8,2678795
2026-02-23 10:15:00,1771821900,257.85,257.9,256.15,257.4,1505550
2026-02-23 11:15:00,1771825500,257.4,258.3,257.1,257.95,990926
2026-02-23 12:15:00,1771829100,257.9,258.9,257.75,258.8,678919
2026-02-23 13:15:00,1771832700,258.8,259,257.25,257.5,1292435
2026-02-23 14:15:00,1771836300,257.5,258.1,257.35,257.85,1498542
2026-02-23 15:15:00,1771839900,257.85,258.1,257.4,257.7,761736
2026-02-24 09:15:00,1771904700,257.2,257.2,254.9,255.45,2720394
2026-02-24 10:15:00,1771908300,255.45,255.65,254.9,255.6,1398636
2026-02-24 11:15:00,1771911900,255.6,256.65,254.6,254.75,1398806
2026-02-24 12:15:00,1771915500,254.8,255.05,254,254.5,1023643
2026-02-24 13:15:00,1771919100,254.5,255.3,253.2,255.2,1277933
2026-02-24 14:15:00,1771922700,255.3,255.5,254.5,255.05,1689983
2026-02-24 15:15:00,1771926300,255,255.9,254.9,255.9,1399659
2026-02-25 09:15:00,1771991100,257.05,258.85,256.3,257.7,1783823
2026-02-25 10:15:00,1771994700,257.65,258.25,257.25,258.1,1181998
2026-02-25 11:15:00,1771998300,258.1,259.2,257.7,258.95,2430764
2026-02-25 12:15:00,1772001900,259,259.45,256.7,257.3,1090562
2026-02-25 13:15:00,1772005500,257.3,257.5,255.8,256.35,680860
2026-02-25 14:15:00,1772009100,256.4,257.15,255.65,256.95,1144944
2026-02-25 15:15:00,1772012700,256.95,257.1,256.75,257,494211
2026-02-26 09:15:00,1772077500,257.5,258.85,257.3,257.8,1651713
2026-02-26 10:15:00,1772081100,257.75,258.45,256.95,257.75,1002649
2026-02-26 11:15:00,1772084700,257.75,258.6,256.8,256.85,1142906
2026-02-26 12:15:00,1772088300,256.85,257.35,256.1,256.5,862949
2026-02-26 13:15:00,1772091900,256.5,256.8,255.35,256.1,1002474
2026-02-26 14:15:00,1772095500,256.15,256.55,255.35,256,2143616
2026-02-26 15:15:00,1772099100,256.05,256.45,255.95,256.25,871593
2026-02-27 09:15:00,1772163900,257,259.2,255.15,255.4,4014373
2026-02-27 10:15:00,1772167500,255.4,258.1,255.15,258.05,1174587
2026-02-27 11:15:00,1772171100,258.05,258.35,256.6,256.85,918107
2026-02-27 12:15:00,1772174700,256.85,258.1,256.7,257.4,1485982
2026-02-27 13:15:00,1772178300,257.5,258,257.35,257.6,757602
2026-02-27 14:15:00,1772181900,257.6,257.7,254.8,255,3088964
2026-02-27 15:15:00,1772185500,254.95,255.45,254.65,255.2,1801327
2026-03-02 09:15:00,1772423100,246.55,252.35,246.55,250.85,4557388
2026-03-02 10:15:00,1772426700,250.8,250.95,248.6,248.75,1849619
2026-03-02 11:15:00,1772430300,248.65,248.85,245.7,245.8,2185348
2026-03-02 12:15:00,1772433900,245.75,246.1,244.6,244.8,2137011
2026-03-02 13:15:00,1772437500,244.8,247.05,243.55,247,2969894
2026-03-02 14:15:00,1772441100,247,249.5,246.1,249.5,3433752
2026-03-02 15:15:00,1772444700,249.5,249.8,249,249.1,1074073
2026-03-04 09:15:00,1772595900,245,245.4,241.1,243.25,5061695
2026-03-04 10:15:00,1772599500,243.25,243.45,242.25,242.55,1082205
2026-03-04 11:15:00,1772603100,242.55,242.6,240.5,241.1,1510636
2026-03-04 12:15:00,1772606700,241.2,241.8,240,241.7,1427621
2026-03-04 13:15:00,1772610300,241.75,241.85,239.8,241.7,1545110
2026-03-04 14:15:00,1772613900,241.9,242.5,240.75,241.25,2049812
2026-03-04 15:15:00,1772617500,241.25,241.5,240,241,1020785
2026-03-05 09:15:00,1772682300,243.5,243.5,240.75,241,3020786
2026-03-05 10:15:00,1772685900,240.95,241.7,240.05,241,1433209
2026-03-05 11:15:00,1772689500,240.95,241.3,240,240.75,1027636
2026-03-05 12:15:00,1772693100,240.75,241.4,240.35,240.8,1047526
2026-03-05 13:15:00,1772696700,240.7,241.15,237.9,238.1,1976938
2026-03-05 14:15:00,1772700300,238.15,244.25,237.75,242.5,4305674
2026-03-05 15:15:00,1772703900,242.6,243.5,242.55,243.45,880462
2026-03-06 09:15:00,1772768700,242.2,243.45,240.1,242,4235883
2026-03-06 10:15:00,1772772300,241.9,243,240.8,241.2,1556011
2026-03-06 11:15:00,1772775900,241.25,241.4,240.25,240.35,1513045
2026-03-06 12:15:00,1772779500,240.4,240.75,239.8,240.55,1236783
2026-03-06 13:15:00,1772783100,240.55,241.1,240.15,240.4,994779
2026-03-06 14:15:00,1772786700,240.4,240.8,238.9,239.3,1978236
2026-03-06 15:15:00,1772790300,239.35,239.75,239,239.7,953603
2026-03-09 09:15:00,1773027900,233.95,233.95,226.3,229.55,7783146
2026-03-09 10:15:00,1773031500,229.55,230.5,227.7,229.65,3088410
2026-03-09 11:15:00,1773035100,229.65,231.35,229,229.75,1595989
2026-03-09 12:15:00,1773038700,229.75,230.35,228.85,229.05,1681798
2026-03-09 13:15:00,1773042300,229.05,230.25,228.85,229.8,1816314
2026-03-09 14:15:00,1773045900,229.8,232.95,228.95,232.6,2399340
2026-03-09 15:15:00,1773049500,232.7,232.7,231.7,232.5,1054273
2026-03-10 09:15:00,1773114300,236.95,237.55,232.55,232.9,3793739
2026-03-10 10:15:00,1773117900,232.95,233.65,231.95,232.9,6123997
2026-03-10 11:15:00,1773121500,232.9,233.5,231.6,231.65,3840485
2026-03-10 12:15:00,1773125100,231.6,233.15,231.35,233,2642043
2026-03-10 13:15:00,1773128700,233,236.25,232.9,236.1,2547145
2026-03-10 14:15:00,1773132300,236.1,236.65,234.9,236.1,2530446
2026-03-10 15:15:00,1773135900,236.1,236.7,235.55,236.65,1560792
2026-03-11 09:15:00,1773200700,237.9,240.2,237.5,238.9,3503981
2026-03-11 10:15:00,1773204300,239,242.8,238.8,241.8,3742494
2026-03-11 11:15:00,1773207900,241.85,241.85,239.1,240.35,2376668
2026-03-11 12:15:00,1773211500,240.35,240.6,238.45,238.7,1357274
2026-03-11 13:15:00,1773215100,238.65,240.05,238.3,239.45,1236007
2026-03-11 14:15:00,1773218700,239.4,240.4,238.3,238.4,3019197
2026-03-11 15:15:00,1773222300,238.55,239.25,237.75,238.5,1174828
2026-03-12 09:15:00,1773287100,237.4,237.4,234,235.05,3245138
2026-03-12 10:15:00,1773290700,235.1,239.2,234.65,238.25,2487555
2026-03-12 11:15:00,1773294300,238.4,238.75,237.1,238.75,1588469
2026-03-12 12:15:00,1773297900,238.75,241.6,237.9,241.45,3862828
2026-03-12 13:15:00,1773301500,241.4,245.4,240.8,242.95,4278471
2026-03-12 14:15:00,1773305100,242.95,243.65,241.4,242.5,2432559
2026-03-12 15:15:00,1773308700,242.55,242.55,241.5,242,928329
2026-03-13 09:15:00,1773373500,240,240.6,237.2,237.65,3180932
2026-03-13 10:15:00,1773377100,237.7,238.95,237.45,237.55,1327191
2026-03-13 11:15:00,1773380700,237.45,238.95,237.4,238.6,994261
2026-03-13 12:15:00,1773384300,238.65,238.8,235.2,235.3,1924029
2026-03-13 13:15:00,1773387900,235.3,235.9,234.4,235.4,1938271
2026-03-13 14:15:00,1773391500,235.5,238.4,234.25,235.2,2915817
2026-03-13 15:15:00,1773395100,235.1,236,234.85,235.85,992747
2026-03-16 09:15:00,1773632700,235,238,234.4,234.85,3887390
2026-03-16 10:15:00,1773636300,234.85,234.85,230.7,232.4,2549152
2026-03-16 11:15:00,1773639900,232.35,233.75,232.05,232.5,1502850
2026-03-16 12:15:00,1773643500,232.5,233.1,230.95,231.25,1126148
2026-03-16 13:15:00,1773647100,231.25,232.3,230.95,231.85,1015487
2026-03-16 14:15:00,1773650700,231.9,235.7,231.5,234.8,3807595
2026-03-16 15:15:00,1773654300,234.6,234.6,233.35,233.5,956488
2026-03-17 09:15:00,1773719100,235,237.15,234.35,236.9,2931409
2026-03-17 10:15:00,1773722700,236.95,237.65,235.6,236.4,1330072
2026-03-17 11:15:00,1773726300,236.4,236.55,235,236.4,958419
2026-03-17 12:15:00,1773729900,236.45,237.25,234.5,237.2,1156505
2026-03-17 13:15:00,1773733500,237.25,238.2,236.65,238.05,1422057
2026-03-17 14:15:00,1773737100,238,238.7,237.05,237.65,2009943
2026-03-17 15:15:00,1773740700,237.6,237.9,237.35,237.9,760670
2026-03-18 09:15:00,1773805500,238.9,245,237.95,243.3,4858101
2026-03-18 10:15:00,1773809100,243.3,244.7,243.2,244.2,1236407
2026-03-18 11:15:00,1773812700,244.2,245.9,243.9,245.4,1985951
2026-03-18 12:15:00,1773816300,245.45,248.3,245,248.25,2813748
2026-03-18 13:15:00,1773819900,248.25,250.5,248.05,248.8,3993233
2026-03-18 14:15:00,1773823500,248.7,249.55,247.6,248.65,2874371
2026-03-18 15:15:00,1773827100,248.75,248.75,247.3,248.5,1787602
2026-03-19 09:15:00,1773891900,242.95,244.85,241.1,242.75,4687295
2026-03-19 10:15:00,1773895500,242.6,244.15,241.9,242.1,2001170
2026-03-19 11:15:00,1773899100,242,242.9,241.35,242,1598122
2026-03-19 12:15:00,1773902700,242,242.3,240.35,240.5,1320510
2026-03-19 13:15:00,1773906300,240.5,240.9,239,239.25,1596302
2026-03-19 14:15:00,1773909900,239.25,240,237.6,239.45,2712894
2026-03-19 15:15:00,1773913500,239.4,240.4,239.25,240.4,1050059
2026-03-20 09:15:00,1773978300,242,244.25,241.6,242.45,3085946
2026-03-20 10:15:00,1773981900,242.4,243.75,241.8,242.7,1270404
2026-03-20 11:15:00,1773985500,242.75,243.8,241.45,241.55,1197199
2026-03-20 12:15:00,1773989100,241.6,242.25,239.65,242.05,1318401
2026-03-20 13:15:00,1773992700,242.1,242.6,241.4,241.5,1336101
2026-03-20 14:15:00,1773996300,241.5,241.5,239.05,239.15,4041896
2026-03-20 15:15:00,1773999900,239.2,239.45,238.6,239.25,2706115
2026-03-23 09:15:00,1774237500,236.2,236.3,230.3,230.7,5513479
2026-03-23 10:15:00,1774241100,230.7,230.75,227.5,228.7,3256121
2026-03-23 11:15:00,1774244700,228.7,229.4,228.1,228.25,1571841
2026-03-23 12:15:00,1774248300,228.2,228.2,225.9,226.25,2467062
2026-03-23 13:15:00,1774251900,226.25,228.65,225.75,227.8,2682670
2026-03-23 14:15:00,1774255500,227.8,229.35,225.75,226,3841805
2026-03-23 15:15:00,1774259100,225.9,226.4,225.4,225.9,1646335
2026-03-24 09:15:00,1774323900,232.85,232.85,228.2,228.6,4813223
2026-03-24 10:15:00,1774327500,228.5,229.65,227.75,229.1,1807871
2026-03-24 11:15:00,1774331100,229.1,231.5,228.8,230.75,1632764
2026-03-24 12:15:00,1774334700,230.75,233.9,230,233.6,3220058
2026-03-24 13:15:00,1774338300,233.55,234,232.1,232.9,1298745
2026-03-24 14:15:00,1774341900,232.85,233.5,231.6,232.6,1920519
2026-03-24 15:15:00,1774345500,232.6,233.15,232.15,233,1239780
2026-03-25 09:15:00,1774410300,235,239.35,234.75,238.95,4335834
2026-03-25 10:15:00,1774413900,239,240.45,238.7,240.35,2198782
2026-03-25 11:15:00,1774417500,240.45,241,239.6,241,2362129
2026-03-25 12:15:00,1774421100,240.95,240.95,239,239.15,1694704
2026-03-25 13:15:00,1774424700,239.15,239.95,238.5,238.65,1363469
2026-03-25 14:15:00,1774428300,238.7,238.8,237.5,237.65,2461091
2026-03-25 15:15:00,1774431900,237.65,237.65,236.65,237.4,1192103
2026-03-27 09:15:00,1774583100,236,236.5,232.85,233,4584087
2026-03-27 10:15:00,1774586700,233,233.55,232.5,233.1,1947332
2026-03-27 11:15:00,1774590300,233.2,233.4,231.55,233.25,3249278
2026-03-27 12:15:00,1774593900,233.25,233.25,232.2,232.95,1826469
2026-03-27 13:15:00,1774597500,233,233.75,232.3,232.75,1380404
2026-03-27 14:15:00,1774601100,232.8,233,231.55,232.65,4259590
2026-03-27 15:15:00,1774604700,232.65,232.95,231.55,232,2421825
2026-03-30 09:15:00,1774842300,228.9,231.5,227.6,229.35,5874395
2026-03-30 10:15:00,1774845900,229.35,229.4,226.85,227.15,2712666
2026-03-30 11:15:00,1774849500,227.15,227.6,226,227.05,2462306
2026-03-30 12:15:00,1774853100,227.1,227.3,225.6,226.2,2299167
2026-03-30 13:15:00,1774856700,226.25,226.8,224.75,225,2902697
2026-03-30 14:15:00,1774860300,225,225.2,223.3,224.1,6616490
2026-03-30 15:15:00,1774863900,224.1,224.7,224,224.45,2934598
2026-04-01 09:15:00,1775015100,233.04,233.04,228.7,229.25,7882371
2026-04-01 10:15:00,1775018700,229.25,229.35,228,228.15,2754080
2026-04-01 11:15:00,1775022300,228.15,230.45,228,230.33,1868507
2026-04-01 12:15:00,1775025900,230.33,232.4,229.83,232.14,2212643
2026-04-01 13:15:00,1775029500,232.15,232.35,229.7,231.39,1908793
2026-04-01 14:15:00,1775033100,231.39,232.5,229.62,232,3178399
2026-04-01 15:15:00,1775036700,232.01,232.75,231.87,232.3,1555074
2026-04-02 09:15:00,1775101500,227.85,228.9,224.5,225.2,5223473
2026-04-02 10:15:00,1775105100,225.1,225.79,224.65,225.44,1685035
2026-04-02 11:15:00,1775108700,225.33,226.53,225,226,1480887
2026-04-02 12:15:00,1775112300,226,226.35,223.55,225.09,3220833
2026-04-02 13:15:00,1775115900,225.09,228.28,225.07,228.25,2891096
2026-04-02 14:15:00,1775119500,228.25,230.14,227.5,229.78,2932735
2026-04-02 15:15:00,1775123100,229.72,229.99,229,229.95,1048340
2026-04-06 09:15:00,1775447100,230.8,230.95,226.1,228.54,4251261
2026-04-06 10:15:00,1775450700,228.59,229.57,227.4,227.79,1833099
2026-04-06 11:15:00,1775454300,227.79,229.95,227.54,229.1,1589690
2026-04-06 12:15:00,1775457900,229.1,233.41,229.01,233.11,3394409
2026-04-06 13:15:00,1775461500,233.15,233.64,232.2,233.4,1689224
2026-04-06 14:15:00,1775465100,233.44,236,233.06,235.7,2347860
2026-04-06 15:15:00,1775468700,235.73,235.87,235.16,235.7,873824
2026-04-07 09:15:00,1775533500,233.1,235.3,231.77,234.26,3874312
2026-04-07 10:15:00,1775537100,234.29,235.1,233,233.12,2153022
2026-04-07 11:15:00,1775540700,233,234.41,233,234.02,1086331
2026-04-07 12:15:00,1775544300,234.03,234.15,233.04,233.3,687487
2026-04-07 13:15:00,1775547900,233.33,234.62,233.2,233.72,1379446
2026-04-07 14:15:00,1775551500,233.75,236,233.35,235.28,3181848
2026-04-07 15:15:00,1775555100,235.3,235.55,234.8,235,1374641
2026-04-08 09:15:00,1775619900,245.1,245.9,242.15,244.53,8339200
2026-04-08 10:15:00,1775623500,244.52,246.4,244.32,246.16,2384870
2026-04-08 11:15:00,1775627100,246.16,246.2,243.93,245.19,2981633
2026-04-08 12:15:00,1775630700,245.2,245.55,244.36,245.1,1261809
2026-04-08 13:15:00,1775634300,245.04,245.7,244.9,245.06,941898
2026-04-08 14:15:00,1775637900,245.07,247,245.02,246.62,2352402
2026-04-08 15:15:00,1775641500,246.72,248.1,246.6,248,1425172
2026-04-09 09:15:00,1775706300,246,246,241.2,242.7,4846804
2026-04-09 10:15:00,1775709900,242.67,243.25,242.23,242.99,1465628
2026-04-09 11:15:00,1775713500,243,243.29,242.55,242.9,1445792
2026-04-09 12:15:00,1775717100,242.85,243.04,241.3,241.45,1735667
2026-04-09 13:15:00,1775720700,241.45,241.46,238.3,238.37,4026497
2026-04-09 14:15:00,1775724300,238.37,239.48,236.7,238.97,5635241
2026-04-09 15:15:00,1775727900,238.97,239.12,238.23,238.99,1897570
2026-04-10 09:15:00,1775792700,240.7,243.8,240,242.85,4431051
2026-04-10 10:15:00,1775796300,242.93,243.3,242.65,243.2,1112648
2026-04-10 11:15:00,1775799900,243.15,243.5,242.15,243.35,1534264
2026-04-10 12:15:00,1775803500,243.36,243.67,243,243.23,849463
2026-04-10 13:15:00,1775807100,243.25,243.55,243.03,243.2,995166
2026-04-10 14:15:00,1775810700,243.14,243.6,241.85,243.48,2002416
2026-04-10 15:15:00,1775814300,243.44,243.5,243,243.5,1062312
2026-04-13 09:15:00,1776051900,237,238.05,235.26,237.22,5650287
2026-04-13 10:15:00,1776055500,237.13,238.2,236.5,237.95,1982037
2026-04-13 11:15:00,1776059100,237.94,238.31,237.5,237.98,1357385
2026-04-13 12:15:00,1776062700,237.96,238.04,236.74,237.42,1447501
2026-04-13 13:15:00,1776066300,237.45,238.25,237.16,237.59,1620288
2026-04-13 14:15:00,1776069900,237.57,238.08,237.3,237.76,2139893
2026-04-13 15:15:00,1776073500,237.72,237.8,237.5,237.75,1077400
2026-04-15 09:15:00,1776224700,242.5,244.08,241.51,243.6,7349083
2026-04-15 10:15:00,1776228300,243.65,244.25,242.3,242.45,2568198
2026-04-15 11:15:00,1776231900,242.45,243.55,242.23,242.99,1893835
2026-04-15 12:15:00,1776235500,242.98,244.2,242.92,243.49,2051698
2026-04-15 13:15:00,1776239100,243.49,243.63,242.56,243.02,2316349
2026-04-15 14:15:00,1776242700,243,243.14,242.58,242.62,2484898
2026-04-15 15:15:00,1776246300,242.61,242.81,242.35,242.7,1697758
2026-04-16 09:15:00,1776311100,244.5,245,242.06,242.91,6661969
2026-04-16 10:15:00,1776314700,242.91,242.99,241.75,242,4470051
2026-04-16 11:15:00,1776318300,241.98,242,239.8,240.42,4271476
2026-04-16 12:15:00,1776321900,240.44,240.44,238.7,238.79,2710154
2026-04-16 13:15:00,1776325500,238.79,239.85,238.02,239.82,2744820
2026-04-16 14:15:00,1776329100,239.8,241.7,239.67,241.3,3414134
2026-04-16 15:15:00,1776332700,241.34,241.59,241.01,241.51,1818647
2026-04-17 09:15:00,1776397500,242.02,243.2,240.64,243.03,5488345
2026-04-17 10:15:00,1776401100,243.05,243.65,242.05,242.05,8985045
2026-04-17 11:15:00,1776404700,242.05,243.49,241.65,242,7567967
2026-04-17 12:15:00,1776408300,241.99,242.5,241.61,242.06,2662444
2026-04-17 13:15:00,1776411900,242.06,243.37,241.73,243.05,9754326
2026-04-17 14:15:00,1776415500,243.05,245.5,242.52,243.38,12679298
2026-04-17 15:15:00,1776419100,243.37,244.95,243.04,244.8,4232643
2026-04-20 09:15:00,1776656700,242,242.01,234.5,237.19,17521707
2026-04-20 10:15:00,1776660300,237.15,240.12,237.02,238.06,6198319
2026-04-20 11:15:00,1776663900,238.02,240.1,237.75,239.23,3620604
2026-04-20 12:15:00,1776667500,239.23,239.65,238.17,238.2,2375079
2026-04-20 13:15:00,1776671100,238.2,238.5,237.54,237.86,2264209
2026-04-20 14:15:00,1776674700,237.79,238.39,237.57,237.73,3261154
2026-04-20 15:15:00,1776678300,237.72,237.77,236.2,236.6,2874261
2026-04-21 09:15:00,1776743100,237.27,237.6,235.35,235.79,9656387
2026-04-21 10:15:00,1776746700,235.79,235.85,234.68,235.45,6366158
2026-04-21 11:15:00,1776750300,235.45,235.62,234.61,235.1,8648072
2026-04-21 12:15:00,1776753900,235.09,235.87,234.85,235.11,7855213
2026-04-21 13:15:00,1776757500,235.11,235.45,234.7,234.74,4994050
2026-04-21 14:15:00,1776761100,234.74,235,234.1,234.58,4242549
2026-04-21 15:15:00,1776764700,234.59,235.07,234.54,234.9,4515892
2026-04-22 09:15:00,1776829500,234.7,236.75,234.55,234.95,6943089
2026-04-22 10:15:00,1776833100,234.95,236.49,234.65,236.08,2741980
2026-04-22 11:15:00,1776836700,236.08,241.15,235.96,239.71,12957449
2026-04-22 12:15:00,1776840300,239.72,240.57,239.12,240,7987487
2026-04-22 13:15:00,1776843900,240,240.73,238.4,238.68,4580084
2026-04-22 14:15:00,1776847500,238.68,239.33,238.16,238.48,2961647
2026-04-22 15:15:00,1776851100,238.49,238.75,238.22,238.45,1982412
2026-04-23 09:15:00,1776915900,240,247.42,238.54,245.88,28109742
2026-04-23 10:15:00,1776919500,245.88,245.88,243.4,243.4,6595368
2026-04-23 11:15:00,1776923100,243.49,247.77,243.32,246.95,5966452
2026-04-23 12:15:00,1776926700,246.98,249.9,246.1,249.23,10961094
2026-04-23 13:15:00,1776930300,249.24,251.7,247.9,249.98,12225080
2026-04-23 14:15:00,1776933900,249.91,250,248.1,249,6858235
2026-04-23 15:15:00,1776937500,249,249.13,248.11,248.6,3424510
2026-04-24 09:15:00,1777002300,252,253.2,245.8,247.69,13329707
2026-04-24 10:15:00,1777005900,247.59,247.79,244.1,244.2,3762613
2026-04-24 11:15:00,1777009500,244.2,246,244.12,245.97,2040794
2026-04-24 12:15:00,1777013100,246,249.76,245.98,248.1,5573501
2026-04-24 13:15:00,1777016700,248.1,248.14,245.69,245.97,2792215
2026-04-24 14:15:00,1777020300,245.99,247.33,245.3,245.95,3099538
2026-04-24 15:15:00,1777023900,245.94,246.3,244.81,245.8,1858500
2026-04-27 09:15:00,1777261500,247.1,250.82,247.02,248.9,8431352
2026-04-27 10:15:00,1777265100,248.9,249.48,248.56,249.06,1864707
2026-04-27 11:15:00,1777268700,249.09,249.68,248.53,248.87,1421389
2026-04-27 12:15:00,1777272300,248.87,249.92,248.69,249.75,1043383
2026-04-27 13:15:00,1777275900,249.71,250.22,249.4,249.9,1523411
2026-04-27 14:15:00,1777279500,249.9,254.3,249.64,253.49,8559082
2026-04-27 15:15:00,1777283100,253.49,254.7,253.3,254.6,2920584
2026-04-28 09:15:00,1777347900,255.5,256,252.2,252.34,7719663
2026-04-28 10:15:00,1777351500,252.3,253.4,252.16,252.92,2189189
2026-04-28 11:15:00,1777355100,252.9,252.94,251.08,251.23,2199739
2026-04-28 12:15:00,1777358700,251.26,251.4,250.01,250.08,2543317
2026-04-28 13:15:00,1777362300,250.1,250.96,249.62,249.8,2113279
2026-04-28 14:15:00,1777365900,249.84,252.15,249.53,250.58,3354409
2026-04-28 15:15:00,1777369500,250.57,251,250.35,251,1625855
2026-04-29 09:15:00,1777434300,252.11,254.9,251.21,254.64,5093393
2026-04-29 10:15:00,1777437900,254.64,257,253.7,255.72,6185855
2026-04-29 11:15:00,1777441500,255.75,256.2,254.33,255.13,2141147
2026-04-29 12:15:00,1777445100,255.2,256.09,254.3,254.4,1806656
2026-04-29 13:15:00,1777448700,254.48,254.55,250.86,251.42,3215539
2026-04-29 14:15:00,1777452300,251.48,252.1,250.6,250.62,2405640
2026-04-29 15:15:00,1777455900,250.7,250.9,250.03,250.7,1517622
2026-04-30 09:15:00,1777520700,250,250,243.71,243.89,7171524
2026-04-30 10:15:00,1777524300,243.8,244.48,243.11,243.56,2635835
2026-04-30 11:15:00,1777527900,243.6,246,243.52,245.49,2959731
2026-04-30 12:15:00,1777531500,245.49,246.4,245.13,246.04,1853134
2026-04-30 13:15:00,1777535100,246.04,246.8,245.8,246.25,1326541
2026-04-30 14:15:00,1777538700,246.27,248.1,245.8,246.25,2993441
2026-04-30 15:15:00,1777542300,246.17,247.25,245.7,247.18,1518836
2026-05-04 09:15:00,1777866300,248,251,247.87,248.9,3526669
2026-05-04 10:15:00,1777869900,248.93,251.3,248.88,251.24,1979179
2026-05-04 11:15:00,1777873500,251.65,253.15,250.4,250.48,3358670
2026-05-04 12:15:00,1777877100,250.48,252.05,249.9,251.55,2144270
2026-05-04 13:15:00,1777880700,251.45,252.3,249.7,252.05,1791258
2026-05-04 14:15:00,1777884300,252.05,252.95,251.46,252,2766469
2026-05-04 15:15:00,1777887900,251.9,254,251.8,253.7,2234002
2026-05-05 09:15:00,1777952700,252,253.7,250.2,250.44,4020465
2026-05-05 10:15:00,1777956300,250.44,250.53,247.3,248.33,3863648
2026-05-05 11:15:00,1777959900,248.21,249.49,247.85,249.15,1808150
2026-05-05 12:15:00,1777963500,249.23,249.96,248.79,249.65,1424143
2026-05-05 13:15:00,1777967100,249.63,249.84,248.09,248.17,1942512
2026-05-05 14:15:00,1777970700,248.15,249.14,247.7,248.28,1842830
2026-05-05 15:15:00,1777974300,248.28,249,248.2,249,1197561
2026-05-06 09:15:00,1778039100,251,252.4,250.77,251.12,3923139
2026-05-06 10:15:00,1778042700,251.19,251.49,250.27,250.93,1269005
2026-05-06 11:15:00,1778046300,250.93,251.37,249.87,251.17,1915300
2026-05-06 12:15:00,1778049900,251.17,251.17,249.17,250.15,1286400
2026-05-06 13:15:00,1778053500,250.22,251.85,250.08,250.71,1406841
2026-05-06 14:15:00,1778057100,250.75,252.99,250.75,252.33,3429004
2026-05-06 15:15:00,1778060700,252.31,252.7,252.22,252.7,1275094
2026-05-07 09:15:00,1778125500,253.5,254.15,251.15,251.6,3620563
2026-05-07 10:15:00,1778129100,251.65,252.74,250.75,251.06,2532285
2026-05-07 11:15:00,1778132700,251.03,252.35,250.51,252.29,1572787
2026-05-07 12:15:00,1778136300,252.3,253,251.01,252,2611610
2026-05-07 13:15:00,1778139900,252.1,252.1,250.83,251.4,1588242
2026-05-07 14:15:00,1778143500,251.29,251.45,250.5,250.92,2907871
2026-05-07 15:15:00,1778147100,250.92,251.34,250.89,251.15,2030290
2026-05-08 09:15:00,1778211900,250.98,251.49,248.3,250.3,4357468
2026-05-08 10:15:00,1778215500,250.3,250.79,249.53,249.95,1078798
2026-05-08 11:15:00,1778219100,249.96,250.68,249.04,249.8,1499461
2026-05-08 12:15:00,1778222700,249.85,249.85,248.72,248.91,1187106
2026-05-08 13:15:00,1778226300,248.91,249.6,248.52,248.95,639295
2026-05-08 14:15:00,1778229900,248.97,250.65,248.75,249.36,1765881
2026-05-08 15:15:00,1778233500,249.32,249.5,249,249.01,768097
2026-05-11 09:15:00,1778471100,246,246.45,241.61,242.88,6190422
2026-05-11 10:15:00,1778474700,242.82,242.95,241.8,242.88,1732050
2026-05-11 11:15:00,1778478300,242.8,243.25,242.6,243.2,1284670
2026-05-11 12:15:00,1778481900,243.2,243.79,242.5,242.81,1454403
2026-05-11 13:15:00,1778485500,242.89,243.25,242.1,242.2,1439296
2026-05-11 14:15:00,1778489100,242.2,242.6,240.1,240.17,4312287
2026-05-11 15:15:00,1778492700,240.17,240.5,239.8,239.98,2279123
2026-05-12 09:15:00,1778557500,239.54,239.95,235.75,237.15,4647349
2026-05-12 10:15:00,1778561100,237.17,237.7,235.02,235.06,2456176
2026-05-12 11:15:00,1778564700,235.08,236.5,234.84,234.96,2394235
2026-05-12 12:15:00,1778568300,234.95,235.28,233.19,233.77,2500128
2026-05-12 13:15:00,1778571900,233.8,234.08,232.05,232.12,2398436
2026-05-12 14:15:00,1778575500,232.12,232.48,230.4,230.65,4366283
2026-05-12 15:15:00,1778579100,230.7,230.99,229.26,230.75,2828518
2026-05-13 09:15:00,1778643900,231,232.5,229.2,232.07,5166851
2026-05-13 10:15:00,1778647500,232.01,233.6,231.45,231.79,1876181
2026-05-13 11:15:00,1778651100,231.77,234,231.72,233.47,1276285
2026-05-13 12:15:00,1778654700,233.5,233.95,231.71,233.53,1167704
2026-05-13 13:15:00,1778658300,233.56,233.7,232.25,233.29,958639
2026-05-13 14:15:00,1778661900,233.25,233.3,231.35,231.74,1798584
2026-05-13 15:15:00,1778665500,231.68,232.2,230.7,231.7,1395387
2026-05-14 09:15:00,1778730300,233,233.74,229.35,230.37,3657892
2026-05-14 10:15:00,1778733900,230.35,231.04,228.41,229.18,3305320
2026-05-14 11:15:00,1778737500,229.2,232.38,229.2,231.91,2006242
2026-05-14 12:15:00,1778741100,231.92,233.65,231.91,232.87,2179736
2026-05-14 13:15:00,1778744700,232.78,234.28,232.5,233.86,1736072
2026-05-14 14:15:00,1778748300,233.87,234.6,233.4,233.99,2463912
2026-05-14 15:15:00,1778751900,233.94,235,233.85,235,1151844
2026-05-15 09:15:00,1778816700,234.9,235.59,233.2,234.9,2728598
2026-05-15 10:15:00,1778820300,234.88,235.95,234.14,234.4,1363456
2026-05-15 11:15:00,1778823900,234.39,234.87,233.1,234.25,1139320
2026-05-15 12:15:00,1778827500,234.25,234.79,233.55,234.73,614292
2026-05-15 13:15:00,1778831100,234.72,235.07,233.31,234.53,874827
2026-05-15 14:15:00,1778834700,234.53,234.72,232.8,233.2,2358121
2026-05-15 15:15:00,1778838300,233.15,233.8,232.59,233,1323059
2026-05-18 09:15:00,1779075900,230,230.3,227.5,228.01,3889212
2026-05-18 10:15:00,1779079500,228.1,229.9,227.21,229.7,2145296
2026-05-18 11:15:00,1779083100,229.7,230.85,229.51,230.37,1395276
2026-05-18 12:15:00,1779086700,230.4,231.89,230.08,231.25,1547122
2026-05-18 13:15:00,1779090300,231.25,232.9,230.7,232.17,1601809
2026-05-18 14:15:00,1779093900,232.15,233.33,231.18,232.35,1684360
2026-05-18 15:15:00,1779097500,232.35,232.96,232.15,232.5,799169
2026-05-19 09:15:00,1779162300,232.63,234.75,232.3,234.56,2410980
2026-05-19 10:15:00,1779165900,234.56,235.31,234.1,234.73,1443960
2026-05-19 11:15:00,1779169500,234.72,236.1,234.45,235.4,1795801
2026-05-19 12:15:00,1779173100,235.46,235.46,234.55,234.55,757202
2026-05-19 13:15:00,1779176700,234.61,235.13,234.32,234.88,646038
2026-05-19 14:15:00,1779180300,234.89,234.99,233.36,233.4,1403867
2026-05-19 15:15:00,1779183900,233.41,233.42,232.81,233.09,1101170
2026-05-20 09:15:00,1779248700,230.39,231.28,229.42,230.25,2827964
2026-05-20 10:15:00,1779252300,230.25,231.38,229.85,230.9,1311031
2026-05-20 11:15:00,1779255900,230.9,232.9,230.8,231.89,1415753
2026-05-20 12:15:00,1779259500,231.85,234.5,231.85,234.1,1305787
2026-05-20 13:15:00,1779263100,234.15,235.35,232.61,234.56,1623685
2026-05-20 14:15:00,1779266700,234.59,235.46,234.11,234.6,1971810
2026-05-20 15:15:00,1779270300,234.53,235.08,234.49,234.8,769333
2026-05-21 09:15:00,1779335100,236.5,237.47,235.56,236.7,2725586
2026-05-21 10:15:00,1779338700,236.7,238.3,235.7,235.7,2470542
2026-05-21 11:15:00,1779342300,235.75,237.94,235.06,236.9,1969945
2026-05-21 12:15:00,1779345900,236.92,237.38,235.34,235.83,1700649
2026-05-21 13:15:00,1779349500,235.81,236.48,235.26,235.75,965089
2026-05-21 14:15:00,1779353100,235.72,236.35,235.5,235.6,1458868
2026-05-21 15:15:00,1779356700,235.58,235.9,235.34,235.8,719839
2026-05-22 09:15:00,1779421500,236.11,239.13,236.11,239.13,2845338
2026-05-22 10:15:00,1779425100,239.07,240.4,238.51,240.15,3653131
2026-05-22 11:15:00,1779428700,240.17,241,239.51,239.97,1656761
2026-05-22 12:15:00,1779432300,239.95,240,238.8,239.85,1256591
2026-05-22 13:15:00,1779435900,239.85,240.1,238.61,238.76,1075343
2026-05-22 14:15:00,1779439500,238.72,238.81,237.55,237.98,2049008
2026-05-22 15:15:00,1779443100,237.98,238.7,237.98,238.7,952570
2026-05-25 09:15:00,1779680700,241,243.65,240.2,242.99,3749637
2026-05-25 10:15:00,1779684300,242.99,243.03,242,242.35,1135769
2026-05-25 11:15:00,1779687900,242.3,242.35,241.5,241.56,844479
2026-05-25 12:15:00,1779691500,241.56,242.08,241.01,241.88,1233984
2026-05-25 13:15:00,1779695100,241.95,242.25,241.1,241.25,989991
2026-05-25 14:15:00,1779698700,241.24,241.9,241.07,241.76,1078505
2026-05-25 15:15:00,1779702300,241.67,242,241.52,241.93,693708
2026-05-26 09:15:00,1779767100,241.39,242.71,240.8,242.07,2402958
2026-05-26 10:15:00,1779770700,242.1,243.7,241.72,242.39,1446490
2026-05-26 11:15:00,1779774300,242.39,242.5,241.64,241.85,1118305
2026-05-26 12:15:00,1779777900,241.88,242.25,240.8,241,1554482
2026-05-26 13:15:00,1779781500,241.08,241.44,240.1,240.43,1114860
2026-05-26 14:15:00,1779785100,240.45,240.9,240.01,240.65,1810777
2026-05-26 15:15:00,1779788700,240.61,241.2,240.42,241,948479
2026-05-27 09:15:00,1779853500,241,243.48,240.71,241.8,2562302
2026-05-27 10:15:00,1779857100,241.71,242.45,241.08,241.97,967637
2026-05-27 11:15:00,1779860700,242,243.4,241.77,242.25,1417114
2026-05-27 12:15:00,1779864300,242.25,242.5,241.66,241.95,637455
2026-05-27 13:15:00,1779867900,242.06,242.87,241.8,242.49,793040
2026-05-27 14:15:00,1779871500,242.55,242.65,241.75,242.26,1184992
2026-05-27 15:15:00,1779875100,242.3,243.86,242.23,243.6,1529146
2026-05-29 09:15:00,1780026300,244,245.15,241.43,242.8,3340637
2026-05-29 10:15:00,1780029900,242.8,243.25,242.11,242.52,929328
2026-05-29 11:15:00,1780033500,242.55,242.77,240.61,240.79,1122620
2026-05-29 12:15:00,1780037100,240.75,241.5,239.57,239.6,1059830
2026-05-29 13:15:00,1780040700,239.57,240.39,239.26,239.45,1380438
2026-05-29 14:15:00,1780044300,239.45,240.35,238.05,238.6,6499741
2026-05-29 15:15:00,1780047900,238.57,240.61,238.43,240.12,8131235
2026-06-01 09:15:00,1780285500,239.99,240.7,236.3,236.9,2805064
2026-06-01 10:15:00,1780289100,236.83,238.49,235.67,238.41,1601795
2026-06-01 11:15:00,1780292700,238.4,238.75,236.1,236.6,993303
2026-06-01 12:15:00,1780296300,236.58,237.17,235.48,235.73,1196144
2026-06-01 13:15:00,1780299900,235.67,235.95,234.9,235.08,1402208
2026-06-01 14:15:00,1780303500,235.02,235.99,234.6,235.07,1824190
2026-06-01 15:15:00,1780307100,235.07,235.6,234.3,234.92,976626
2026-06-02 09:15:00,1780371900,233.75,235.86,232.26,234.6,2500385
2026-06-02 10:15:00,1780375500,234.6,235.86,234,234.88,1057466
2026-06-02 11:15:00,1780379100,234.88,236.3,234.53,234.56,1309567
2026-06-02 12:15:00,1780382700,234.64,237.45,234.45,237.16,1419338
2026-06-02 13:15:00,1780386300,237.2,238.38,237.04,238.29,1315146
2026-06-02 14:15:00,1780389900,238.3,238.5,236.5,237.78,1622517
2026-06-02 15:15:00,1780393500,237.8,238.19,237,238.1,911001
2026-06-03 09:15:00,1780458300,237.4,237.4,233.04,233.34,3147002
2026-06-03 10:15:00,1780461900,233.35,234,232.15,232.36,1928267
2026-06-03 11:15:00,1780465500,232.35,232.84,231.66,231.8,1477169
2026-06-03 12:15:00,1780469100,231.8,233.99,231.59,233.85,1571852
2026-06-03 13:15:00,1780472700,233.98,235.39,233.77,234.97,1436169
2026-06-03 14:15:00,1780476300,234.97,235.95,234.73,235.15,1811613
2026-06-03 15:15:00,1780479900,235.15,235.2,234.5,234.85,835757
2026-06-04 09:15:00,1780544700,234.5,236.75,233.65,236.06,2253230
2026-06-04 10:15:00,1780548300,236.1,236.65,235.58,235.98,875740
2026-06-04 11:15:00,1780551900,236,236.6,235.4,236.38,870879
2026-06-04 12:15:00,1780555500,236.44,236.49,235.05,235.23,919516
2026-06-04 13:15:00,1780559100,235.2,236.6,235,236.14,1396009
2026-06-04 14:15:00,1780562700,236.14,236.85,235.08,235.75,1582966
2026-06-04 15:15:00,1780566300,235.7,237.7,235.4,236.11,1093963
2026-06-05 09:15:00,1780631100,235.29,239.3,235.29,238.47,3228189
2026-06-05 10:15:00,1780634700,238.47,239.3,235.82,238.56,2282275
2026-06-05 11:15:00,1780638300,238.62,238.7,237.37,237.95,1021601
2026-06-05 12:15:00,1780641900,237.94,238.1,236.4,236.51,1802020
2026-06-05 13:15:00,1780645500,236.5,236.88,235.14,235.57,1257432
2026-06-05 14:15:00,1780649100,235.57,237.14,235.29,236.58,1609483
2026-06-05 15:15:00,1780652700,236.58,237.48,236.55,237.2,892607
2026-06-08 09:15:00,1780890300,233,234.21,232.4,233.95,2762197
2026-06-08 10:15:00,1780893900,233.94,234.13,233,233,1098097
2026-06-08 11:15:00,1780897500,233.11,233.11,232.1,232.66,1317223
2026-06-08 12:15:00,1780901100,232.67,233.23,232.22,232.23,1071959
2026-06-08 13:15:00,1780904700,232.23,232.42,230.8,231.05,1552600
2026-06-08 14:15:00,1780908300,231.07,231.27,229.1,229.2,3157556
2026-06-08 15:15:00,1780911900,229.15,229.24,227.68,228.19,2019807
2026-06-09 09:15:00,1780976700,229.57,233.6,229.57,233.15,3053424
2026-06-09 10:15:00,1780980300,233.15,233.46,232.28,232.54,1245873
2026-06-09 11:15:00,1780983900,232.54,233.9,232.25,233.75,1300983
2026-06-09 12:15:00,1780987500,233.74,234.09,232.91,233.62,987736
2026-06-09 13:15:00,1780991100,233.61,234.05,233.08,233.45,869732
2026-06-09 14:15:00,1780994700,233.48,234.49,232.77,234.36,1633916
2026-06-09 15:15:00,1780998300,234.28,234.44,233.94,234.2,796778
2026-06-10 09:15:00,1781063100,234.2,234.95,233.05,233.19,1885245
2026-06-10 10:15:00,1781066700,233.19,234,232.7,233.81,1423443
2026-06-10 11:15:00,1781070300,233.77,233.96,232.41,232.64,884846
2026-06-10 12:15:00,1781073900,232.64,233.37,231.81,232.84,833952
2026-06-10 13:15:00,1781077500,232.83,232.92,231.5,231.59,760051
2026-06-10 14:15:00,1781081100,231.59,231.9,230.02,230.11,1522958
2026-06-10 15:15:00,1781084700,230.11,230.6,229.55,230.6,1104389
2026-06-11 09:15:00,1781149500,229.65,229.88,227.5,228.42,2647924
2026-06-11 10:15:00,1781153100,228.42,229.15,227,227.6,3415846
2026-06-11 11:15:00,1781156700,227.6,229.39,227.51,228.4,1342414
2026-06-11 12:15:00,1781160300,228.44,228.88,227.66,227.7,973486
2026-06-11 13:15:00,1781163900,227.7,228.35,227.38,228.2,1189294
2026-06-11 14:15:00,1781167500,228.2,228.78,227.58,228.18,1299805
2026-06-11 15:15:00,1781171100,228.2,228.33,227.86,228.2,751966
2026-06-12 09:15:00,1781235900,230.9,232.78,230,230.72,2707446
2026-06-12 10:15:00,1781239500,230.81,231.23,230.3,231.22,702778
2026-06-12 11:15:00,1781243100,231.28,232.48,231,231.99,1280046
2026-06-12 12:15:00,1781246700,231.99,232.48,231.12,231.45,1119798
2026-06-12 13:15:00,1781250300,231.45,234.49,231,234.12,2596250
2026-06-12 14:15:00,1781253900,234.1,236.01,234.03,235.55,2986061
2026-06-12 15:15:00,1781257500,235.54,236.5,235.51,236.33,1279681
2026-06-15 09:15:00,1781495100,241.5,243.69,240.11,242.49,9707725
2026-06-15 10:15:00,1781498700,242.49,243.2,242.02,242.02,1605403
2026-06-15 11:15:00,1781502300,242.11,242.45,241.37,241.4,1555581
2026-06-15 12:15:00,1781505900,241.4,241.5,240.09,241.15,1418520
2026-06-15 13:15:00,1781509500,241.15,241.19,240.11,240.7,892528
2026-06-15 14:15:00,1781513100,240.71,240.96,239.04,239.47,1823613
2026-06-15 15:15:00,1781516700,239.44,239.86,239.25,239.4,994293
2026-06-16 09:15:00,1781581500,240.05,242.9,239.86,242.45,4347783
2026-06-16 10:15:00,1781585100,242.35,243.32,240.76,241.13,4741016
2026-06-16 11:15:00,1781588700,241.18,241.8,240.99,241.13,683290
2026-06-16 12:15:00,1781592300,241.14,241.5,240.83,241.2,468145
2026-06-16 13:15:00,1781595900,241.2,242.79,240.7,242.3,2588682
2026-06-16 14:15:00,1781599500,242.33,242.77,241.8,242.11,1677625
2026-06-16 15:15:00,1781603100,242.06,242.11,241.63,241.95,969923
2026-06-17 09:15:00,1781667900,242.2,244.74,241.22,243.77,3177068
2026-06-17 10:15:00,1781671500,243.72,244.15,243.32,243.49,1001218
2026-06-17 11:15:00,1781675100,243.49,243.5,242.03,242.3,1112930
2026-06-17 12:15:00,1781678700,242.34,242.55,241.6,241.75,877243
2026-06-17 13:15:00,1781682300,241.79,242.7,241.7,242.06,1042876
2026-06-17 14:15:00,1781685900,242.03,243.65,241.51,242.97,1882930
2026-06-17 15:15:00,1781689500,242.97,242.98,242.51,242.7,875047
2026-06-18 09:15:00,1781754300,242.98,244.3,242.69,243.36,1814060
2026-06-18 10:15:00,1781757900,243.38,244.5,243,243.15,1976858
2026-06-18 11:15:00,1781761500,243.19,243.68,242.58,243.24,1006753
2026-06-18 12:15:00,1781765100,243.29,243.86,243.13,243.63,617654
2026-06-18 13:15:00,1781768700,243.65,243.78,242.83,242.92,662994
2026-06-18 14:15:00,1781772300,242.95,243.69,242.5,243.67,1512557
2026-06-18 15:15:00,1781775900,243.68,245,243.57,244.65,1827820
2026-06-19 09:15:00,1781840700,244,246.65,242.4,246.51,3831117
2026-06-19 10:15:00,1781844300,246.51,246.8,244.7,245.55,2428144
2026-06-19 11:15:00,1781847900,245.59,246.55,245.05,245.6,1357815
2026-06-19 12:15:00,1781851500,245.6,246.06,244.15,244.79,1084374
2026-06-19 13:15:00,1781855100,244.81,246.85,244.4,246.14,1953188
2026-06-19 14:15:00,1781858700,246.25,246.5,242.03,244.87,7922697
2026-06-19 15:15:00,1781862300,244.93,245,244.3,244.56,3515352
2026-06-22 09:15:00,1782099900,245,246.4,244.61,245.5,2625653
2026-06-22 10:15:00,1782103500,245.6,245.99,245.2,245.6,659511
2026-06-22 11:15:00,1782107100,245.62,245.75,244.55,244.75,712465
2026-06-22 12:15:00,1782110700,244.75,244.91,243.25,243.95,1134656
2026-06-22 13:15:00,1782114300,243.89,244.41,243.83,243.86,517416
2026-06-22 14:15:00,1782117900,243.85,244.14,243.01,243.44,1238229
2026-06-22 15:15:00,1782121500,243.54,243.66,243.15,243.5,1149079
2026-06-23 09:15:00,1782186300,244,244.19,242.89,243.49,1558038
2026-06-23 10:15:00,1782189900,243.49,243.83,242.5,242.84,1013032
2026-06-23 11:15:00,1782193500,242.84,243.01,239.68,240.05,1922315
2026-06-23 12:15:00,1782197100,240.1,240.65,239.55,239.59,1680946
2026-06-23 13:15:00,1782200700,239.59,240,238.47,239.53,1729670
2026-06-23 14:15:00,1782204300,239.5,239.85,237.82,238,1994082
2026-06-23 15:15:00,1782207900,237.97,237.98,237.2,237.3,1221071
2026-06-24 09:15:00,1782272700,237.76,238.65,235.3,237.6,2430318
2026-06-24 10:15:00,1782276300,237.7,238.38,237.07,238,997236
2026-06-24 11:15:00,1782279900,238.03,238.43,237.28,237.84,1237860
2026-06-24 12:15:00,1782283500,237.85,239.14,237.83,239,1035278
2026-06-24 13:15:00,1782287100,239.02,239.6,238.8,239.35,1226893
2026-06-24 14:15:00,1782290700,239.31,239.75,238.57,238.64,1748643
2026-06-24 15:15:00,1782294300,238.64,239,238.5,238.65,829875
2026-06-25 09:15:00,1782359100,240.05,241.93,239.85,241.31,2072932
2026-06-25 10:15:00,1782362700,241.34,241.59,240.48,240.68,1043811
2026-06-25 11:15:00,1782366300,240.63,240.93,240.19,240.43,472802
2026-06-25 12:15:00,1782369900,240.43,240.99,239.8,240.69,640453
2026-06-25 13:15:00,1782373500,240.65,241.25,240.25,240.37,1087505
2026-06-25 14:15:00,1782377100,240.34,240.5,239.11,239.63,2311015
2026-06-25 15:15:00,1782380700,239.68,239.68,238.5,239,1003386
2026-06-29 09:15:00,1782704700,239,239.2,237,237.66,1777636
2026-06-29 10:15:00,1782708300,237.69,238.2,237.27,237.87,827232
2026-06-29 11:15:00,1782711900,237.87,238.3,236.83,237.14,1414121
2026-06-29 12:15:00,1782715500,237.12,237.33,235.92,236.61,1957890
2026-06-29 13:15:00,1782719100,236.64,236.92,236.12,236.49,562621
2026-06-29 14:15:00,1782722700,236.49,237.15,236.26,236.8,1500047
2026-06-29 15:15:00,1782726300,236.79,236.8,236.33,236.5,1124592
2026-06-30 09:15:00,1782791100,237,237.76,235.26,235.92,1800983
2026-06-30 10:15:00,1782794700,235.98,237.5,235.52,237.41,1161171
2026-06-30 11:15:00,1782798300,237.42,238.14,237,237.04,838790
2026-06-30 12:15:00,1782801900,237.05,238.32,237,237.68,1028874
2026-06-30 13:15:00,1782805500,237.6,237.95,237.11,237.13,668718
2026-06-30 14:15:00,1782809100,237.15,238.1,235.81,236.67,3188408
2026-06-30 15:15:00,1782812700,236.66,236.98,236.08,236.8,1238369
2026-07-01 09:15:00,1782877500,236.76,237.82,236.5,236.89,1475759
2026-07-01 10:15:00,1782881100,236.88,237.89,236.6,237.84,928673
2026-07-01 11:15:00,1782884700,237.85,238.85,237.23,238.68,1208288
2026-07-01 12:15:00,1782888300,238.63,239.63,237.8,239.43,1047665
2026-07-01 13:15:00,1782891900,239.45,240.59,239.2,240.45,1280216
2026-07-01 14:15:00,1782895500,240.45,240.76,239.96,240.01,1216743
2026-07-01 15:15:00,1782899100,240.05,240.13,239.63,239.95,774646
2026-07-02 09:15:00,1782963900,240.01,240.79,239.45,239.7,1765865
2026-07-02 10:15:00,1782967500,239.75,239.97,239.3,239.46,668197
2026-07-02 11:15:00,1782971100,239.42,240.39,238.83,239.56,781858
2026-07-02 12:15:00,1782974700,239.53,240.39,239.2,239.84,804474
2026-07-02 13:15:00,1782978300,239.84,240.01,239.51,239.6,525229
2026-07-02 14:15:00,1782981900,239.62,239.98,239.5,239.84,737060
2026-07-02 15:15:00,1782985500,239.9,239.95,239.41,239.69,521213
2026-07-03 09:15:00,1783050300,241.05,241.79,240.6,241.18,2097437
2026-07-03 10:15:00,1783053900,241.1,242.2,239.53,239.6,2448406
2026-07-03 11:15:00,1783057500,239.6,240.02,239.35,239.96,1117691
2026-07-03 12:15:00,1783061100,239.87,240.11,238.86,239.27,628682
2026-07-03 13:15:00,1783064700,239.12,240.13,239.08,239.51,1207377
2026-07-03 14:15:00,1783068300,239.51,239.69,239.25,239.41,639471
2026-07-03 15:15:00,1783071900,239.47,239.55,239.08,239.38,654955
2026-07-06 09:15:00,1783309500,239.2,239.69,238.1,238.4,1218909
2026-07-06 10:15:00,1783313100,238.4,240.67,238.14,239.7,3438289
2026-07-06 11:15:00,1783316700,239.7,240.5,239.35,239.97,829229
2026-07-06 12:15:00,1783320300,239.99,239.99,238.96,239.5,970846
2026-07-06 13:15:00,1783323900,239.51,239.89,238.82,238.84,786208
2026-07-06 14:15:00,1783327500,238.84,240.45,238.2,240.33,1556666
2026-07-06 15:15:00,1783331100,240.24,240.6,240.03,240.1,814287
2026-07-07 09:15:00,1783395900,239.95,244,239.45,243,7925945
2026-07-07 10:15:00,1783399500,243,244.58,242.72,243.59,2850534
2026-07-07 11:15:00,1783403100,243.6,245.25,243.21,243.51,2696125
2026-07-07 12:15:00,1783406700,243.56,243.64,242.67,243.2,1660711
2026-07-07 13:15:00,1783410300,243.15,243.79,242.01,243.25,993669
2026-07-07 14:15:00,1783413900,243.24,243.65,242.68,243.08,5031757
2026-07-07 15:15:00,1783417500,243.08,243.45,243,243.03,1849480
2026-07-08 09:15:00,1783482300,242,242,235.5,237.01,7504524
2026-07-08 10:15:00,1783485900,237.01,237.95,236.33,237.69,1679320
2026-07-08 11:15:00,1783489500,237.7,237.81,237,237.11,833378
2026-07-08 12:15:00,1783493100,237.05,237.11,235.23,236.05,3181455
2026-07-08 13:15:00,1783496700,236.02,236.25,230.25,230.66,8112313
2026-07-08 14:15:00,1783500300,230.66,231.7,229,230.28,13194682
2026-07-08 15:15:00,1783503900,230.36,231.18,230.33,230.86,2711799
2026-07-09 09:15:00,1783568700,231,234.22,230.77,233.01,6368895
2026-07-09 10:15:00,1783572300,233.01,233.55,232.2,232.8,1388485
2026-07-09 11:15:00,1783575900,232.8,233.77,232.32,233.68,846682
2026-07-09 12:15:00,1783579500,233.69,234.07,233.21,233.7,618270
2026-07-09 13:15:00,1783583100,233.71,233.8,233.05,233.53,516567
2026-07-09 14:15:00,1783586700,233.53,233.74,232.8,233.13,1156461
2026-07-09 15:15:00,1783590300,233.13,233.88,233.13,233.75,608769
2026-07-10 09:15:00,1783655100,235,242.35,233.95,241,10462204
