datetime_ist,epoch,open,high,low,close,volume
2019-05-28 12:15:00,1559025900,35661.8,35698.4,35349.1,35447.2,0
2019-05-28 13:15:00,1559029500,35446.6,35505,35380.3,35451.8,0
2019-05-28 14:15:00,1559033100,35583.2,35595.6,35282.9,35587.6,0
2019-05-28 15:15:00,1559036700,35584.1,35686,35540.8,35662.4,0
2019-05-29 10:15:00,1559105100,35488.2,35488.2,35293.3,35373.5,0
2019-05-29 11:15:00,1559108700,35370.8,35394.3,35295.6,35303.9,0
2019-05-29 12:15:00,1559112300,35305.9,35334.7,35254.3,35275,0
2019-05-29 13:15:00,1559115900,35275,35375.1,35263.3,35335,0
2019-05-29 14:15:00,1559119500,35335.1,35347.6,35158.6,35187.9,0
2019-05-29 15:15:00,1559123100,35194.3,35220.7,35169,35190.4,0
2019-06-03 09:15:00,1559533500,35285.5,35374.3,35140.2,35281,0
2019-06-03 10:15:00,1559537100,35278.3,35341.5,35199.6,35333.1,0
2019-06-03 11:15:00,1559540700,35333.6,35446.9,35297.1,35441.9,0
2019-06-03 12:15:00,1559544300,35439.9,35467.3,35344.9,35392,0
2019-06-03 13:15:00,1559547900,35391.3,35447.9,35254.9,35417.9,0
2019-06-03 14:15:00,1559551500,35433.9,35563.1,35420.9,35548.8,0
2019-06-03 15:15:00,1559555100,35543.7,35585.5,35534.8,35556,0
2019-06-10 09:15:00,1560138300,35043.3,35223.3,34981.1,34983.7,0
2019-06-10 10:15:00,1560141900,34982.4,34984.7,34804.9,34851.1,0
2019-06-10 11:15:00,1560145500,34849.2,34888.7,34713.1,34726.5,0
2019-06-10 12:15:00,1560149100,34724.8,34778.9,34629.8,34713.9,0
2019-06-10 13:15:00,1560152700,34713.6,34863.5,34659,34701,0
2019-06-10 14:15:00,1560156300,34699.8,34870.9,34698,34820.8,0
2019-06-10 15:15:00,1560159900,34808.4,34871.7,34801.1,34847.6,0
2019-06-11 09:15:00,1560224700,34997.1,35028.9,34769.6,34938,0
2019-06-11 10:15:00,1560228300,34930.8,34974.1,34865.8,34927.2,0
2019-06-11 11:15:00,1560231900,34927.5,35050.6,34926,35037.9,0
2019-06-11 12:15:00,1560235500,35034.9,35096.8,34976.3,35087.8,0
2019-06-11 13:15:00,1560239100,35086.4,35232.5,35045,35223.7,0
2019-06-11 14:15:00,1560242700,35225.6,35264.5,35088.5,35122,0
2019-06-11 15:15:00,1560246300,35136.4,35167.4,35124.7,35155.7,0
2019-06-12 09:15:00,1560311100,35098.5,35100.4,34857.7,34881.5,0
2019-06-12 10:15:00,1560314700,34884.1,34892.4,34765.4,34778.1,0
2019-06-12 11:15:00,1560318300,34777.2,34822.1,34765.3,34790,0
2019-06-12 12:15:00,1560321900,34767.6,34852.7,34757.3,34839.2,0
2019-06-12 13:15:00,1560325500,34838.8,34838.8,34721.2,34796,0
2019-06-12 14:15:00,1560329100,34798.4,34838.4,34707.1,34771.1,0
2019-06-12 15:15:00,1560332700,34781.1,34837.8,34771.9,34818.4,0
2019-06-13 09:15:00,1560397500,34690.1,34750,34485.1,34555.9,0
2019-06-13 10:15:00,1560401100,34558.4,34573.7,34446.4,34463.1,0
2019-06-13 11:15:00,1560404700,34462.8,34494.5,34420,34451.3,0
2019-06-13 12:15:00,1560408300,34453.9,34607.5,34440.5,34589.8,0
2019-06-13 13:15:00,1560411900,34589.7,34746.7,34554.9,34746.7,0
2019-06-13 14:15:00,1560415500,34751.6,34859.1,34697.4,34826.1,0
2019-06-13 15:15:00,1560419100,34833.7,34847.4,34779.5,34823.4,0
2019-06-14 09:15:00,1560483900,34830.1,34849.1,34535.4,34623.5,0
2019-06-14 10:15:00,1560487500,34625.1,34639.5,34493.1,34521.8,0
2019-06-14 11:15:00,1560491100,34521.9,34549.4,34457.7,34501.3,0
2019-06-14 12:15:00,1560494700,34501.6,34653.4,34485.1,34545,0
2019-06-14 13:15:00,1560498300,34527.8,34571.8,34475.7,34508,0
2019-06-14 14:15:00,1560501900,34511.8,34602.1,34252.4,34289.1,0
2019-06-14 15:15:00,1560505500,34281,34349.8,34243.4,34349.3,0
2019-06-17 09:15:00,1560743100,34393.5,34429.1,34143,34183,0
2019-06-17 10:15:00,1560746700,34184,34274.5,34150.4,34179.4,0
2019-06-17 11:15:00,1560750300,34163.1,34191.5,34019.1,34034.9,0
2019-06-17 12:15:00,1560753900,34038.6,34091.6,34009.5,34030.4,0
2019-06-17 13:15:00,1560757500,34019.4,34074.4,33999.8,34021.9,0
2019-06-17 14:15:00,1560761100,34014.9,34056.8,33909.1,33929.4,0
2019-06-17 15:15:00,1560764700,33940.1,34002.1,33919.7,33982,0
2019-06-18 09:15:00,1560829500,34049.7,34107.3,33907.8,34089.3,0
2019-06-18 10:15:00,1560833100,34082.8,34119.9,34040.1,34085.6,0
2019-06-18 11:15:00,1560836700,34090.5,34267,34087.2,34215.9,0
2019-06-18 12:15:00,1560840300,34214.8,34284.9,34203.3,34253.6,0
2019-06-18 13:15:00,1560843900,34252.8,34265.1,34010.4,34193.1,0
2019-06-18 14:15:00,1560847500,34191.6,34267.3,33924.2,34066.9,0
2019-06-18 15:15:00,1560851100,34075.5,34089.1,34048.6,34071.1,0
2019-06-19 09:15:00,1560915900,34212.8,34472,34164,34391.7,0
2019-06-19 10:15:00,1560919500,34390.6,34406.7,34290.2,34300.5,0
2019-06-19 11:15:00,1560923100,34303.9,34313.6,34191.3,34245.8,0
2019-06-19 12:15:00,1560926700,34253.2,34280.9,34151.1,34229.3,0
2019-06-19 13:15:00,1560930300,34230.9,34255.2,34073.3,34131.4,0
2019-06-19 14:15:00,1560933900,34133.2,34154.5,33916.9,34054,0
2019-06-19 15:15:00,1560937500,34044,34135.8,34001.4,34135.8,0
2019-06-20 09:15:00,1561002300,34140.7,34217.3,33889.8,34214.4,0
2019-06-20 10:15:00,1561005900,34219.3,34248.4,34149.3,34244.6,0
2019-06-20 11:15:00,1561009500,34241.3,34277.1,34138.4,34208.1,0
2019-06-20 12:15:00,1561013100,34207.5,34357.4,34195.8,34263.7,0
2019-06-20 13:15:00,1561016700,34260.3,34467.6,34243.2,34458.6,0
2019-06-20 14:15:00,1561020300,34462.6,34655.6,34405.9,34649,0
2019-06-20 15:15:00,1561023900,34640.4,34651.9,34586.9,34622.6,0
2019-06-21 09:15:00,1561088700,34637.9,34658.8,34394,34476.5,0
2019-06-21 10:15:00,1561092300,34476.8,34520.4,34414.3,34498.8,0
2019-06-21 11:15:00,1561095900,34494.8,34584.1,34451.1,34519.9,0
2019-06-21 12:15:00,1561099500,34524.4,34570.3,34453.9,34554.4,0
2019-06-21 13:15:00,1561103100,34549.3,34617.6,34355.2,34438.3,0
2019-06-21 14:15:00,1561106700,34432.7,34604.1,34354.5,34441.8,0
2019-06-21 15:15:00,1561110300,34444.9,34508.8,34430.1,34457.7,0
2019-06-24 09:15:00,1561347900,34483.9,34621.3,34408.8,34457.9,0
2019-06-24 10:15:00,1561351500,34457.2,34520.1,34411.8,34449.4,0
2019-06-24 11:15:00,1561355100,34451.2,34540.2,34431.4,34502.7,0
2019-06-24 12:15:00,1561358700,34505.8,34528.8,34454.9,34468.6,0
2019-06-24 13:15:00,1561362300,34468.6,34538.3,34442.2,34490.3,0
2019-06-24 14:15:00,1561365900,34489,34489.6,34328.4,34374.2,0
2019-06-24 15:15:00,1561369500,34378.9,34455.8,34368.7,34439.2,0
2019-06-25 09:15:00,1561434300,34399.1,34421.8,34237.8,34344.8,0
2019-06-25 10:15:00,1561437900,34344.9,34377.9,34303.5,34338.7,0
2019-06-25 11:15:00,1561441500,34334.5,34429.9,34301.9,34422.4,0
2019-06-25 12:15:00,1561445100,34427.8,34530.3,34421.5,34506.2,0
2019-06-25 13:15:00,1561448700,34510.2,34651.1,34497,34632.3,0
2019-06-25 14:15:00,1561452300,34634.1,34756.7,34634.1,34708.5,0
2019-06-25 15:15:00,1561455900,34706.6,34711.4,34637.8,34655.9,0
2019-06-26 09:15:00,1561520700,34666.8,34892,34615.1,34833.6,0
2019-06-26 10:15:00,1561524300,34831.9,34860.2,34745.4,34843.6,0
2019-06-26 11:15:00,1561527900,34844.2,34878.7,34795.5,34856.3,0
2019-06-26 12:15:00,1561531500,34856,34937.1,34829.7,34874,0
2019-06-26 13:15:00,1561535100,34878.5,34970.6,34841.4,34935.7,0
2019-06-26 14:15:00,1561538700,34932,35057.9,34903.5,35018.5,0
2019-06-26 15:15:00,1561542300,35017.2,35017.2,34974.9,34989.7,0
2019-06-27 09:15:00,1561607100,35038.4,35211.5,35032.9,35199.8,0
2019-06-27 10:15:00,1561610700,35197.2,35283.6,35193.7,35244.6,0
2019-06-27 11:15:00,1561614300,35238.6,35323.9,35219.2,35261.5,0
2019-06-27 12:15:00,1561617900,35260.9,35364,35260.9,35346.9,0
2019-06-27 13:15:00,1561621500,35347.3,35403.1,35007.7,35114.8,0
2019-06-27 14:15:00,1561625100,35105.5,35317,35076.5,35183.8,0
2019-06-27 15:15:00,1561628700,35190.7,35198.5,35111.5,35115.1,0
2019-06-28 09:15:00,1561693500,35134.3,35191.4,34981.7,35066.3,0
2019-06-28 10:15:00,1561697100,35072.6,35072.6,34900.2,34926.4,0
2019-06-28 11:15:00,1561700700,34932.6,35032.3,34928.4,35005.8,0
2019-06-28 12:15:00,1561704300,35005.8,35081.2,34980.4,35037.8,0
2019-06-28 13:15:00,1561707900,35036.3,35182.6,34995.7,35062.1,0
2019-06-28 14:15:00,1561711500,35065.6,35093.3,34935,34950.6,0
2019-06-28 15:15:00,1561715100,34946.4,35014,34933.8,35000.8,0
2019-07-01 09:15:00,1561952700,35114.4,35245.1,35114.4,35172.9,0
2019-07-01 10:15:00,1561956300,35184.2,35252.2,35170,35225.1,0
2019-07-01 11:15:00,1561959900,35229.4,35240.9,35125.3,35176.5,0
2019-07-01 12:15:00,1561963500,35176.3,35224.7,35176.3,35209.2,0
2019-07-01 13:15:00,1561967100,35209.2,35294.9,35193.3,35279.3,0
2019-07-01 14:15:00,1561970700,35289.1,35321.3,35210.6,35212.9,0
2019-07-01 15:15:00,1561974300,35214.7,35228.4,35190.6,35192.3,0
2019-07-02 09:15:00,1562039100,35326.3,35336.9,34977.8,34994.8,0
2019-07-02 10:15:00,1562042700,34993.4,35063.1,34918.8,34982,0
2019-07-02 11:15:00,1562046300,34982,35017.3,34946.7,34975.5,0
2019-07-02 12:15:00,1562049900,34975.5,35104,34952,35070.7,0
2019-07-02 13:15:00,1562053500,35063.6,35150,35000.6,35087.5,0
2019-07-02 14:15:00,1562057100,35089.7,35139.9,35058.2,35087.6,0
2019-07-02 15:15:00,1562060700,35075.8,35094,35062.7,35062.7,0
2019-07-03 09:15:00,1562125500,35148.2,35218.5,35045.4,35122.7,0
2019-07-03 10:15:00,1562129100,35121.4,35189.7,35117.8,35138.9,0
2019-07-03 11:15:00,1562132700,35138.9,35172.4,35091.8,35169.6,0
2019-07-03 12:15:00,1562136300,35169.7,35267.9,35165.4,35195.7,0
2019-07-03 13:15:00,1562139900,35196.1,35297.4,35196.1,35239.8,0
2019-07-03 14:15:00,1562143500,35240.9,35293.2,35153.5,35190.2,0
2019-07-03 15:15:00,1562147100,35201.6,35204.4,35169,35176.2,0
2019-07-04 09:15:00,1562211900,35275,35461.6,35252.1,35432.3,0
2019-07-04 10:15:00,1562215500,35433.1,35467.6,35395.2,35424.2,0
2019-07-04 11:15:00,1562219100,35415.3,35436.4,35343.7,35413.9,0
2019-07-04 12:15:00,1562222700,35414.5,35479.9,35397.9,35397.9,0
2019-07-04 13:15:00,1562226300,35397.7,35448.2,35325.4,35343.7,0
2019-07-04 14:15:00,1562229900,35341.3,35386.1,35266.3,35299,0
2019-07-04 15:15:00,1562233500,35299.2,35300.7,35235.9,35245,0
2019-07-05 09:15:00,1562298300,35381.9,35421.8,35330.7,35371.6,0
2019-07-05 10:15:00,1562301900,35372.9,35420.9,35304.7,35388.8,0
2019-07-05 11:15:00,1562305500,35391,35391,35201.6,35344.7,0
2019-07-05 12:15:00,1562309100,35346.2,35486.2,35156.8,35234.2,0
2019-07-05 13:15:00,1562312700,35249.3,35399.5,35180.7,35354.7,0
2019-07-05 14:15:00,1562316300,35351.7,35529.7,35301.3,35339.8,0
2019-07-05 15:15:00,1562319900,35357.1,35359.9,35280.2,35292,0
2019-07-08 09:15:00,1562557500,35271.5,35271.5,34853.9,34859.6,0
2019-07-08 10:15:00,1562561100,34858.9,34865.9,34377.6,34509.3,0
2019-07-08 11:15:00,1562564700,34504.7,34616.1,34463.9,34610,0
2019-07-08 12:15:00,1562568300,34613.3,34620.2,34462.9,34502.9,0
2019-07-08 13:15:00,1562571900,34502.3,34549.8,34376.7,34391.8,0
2019-07-08 14:15:00,1562575500,34394.5,34491.5,34320.7,34355.5,0
2019-07-08 15:15:00,1562579100,34357.7,34426.7,34349.2,34426.7,0
2019-07-09 09:15:00,1562643900,34452.2,34452.2,34101.1,34185.7,0
2019-07-09 10:15:00,1562647500,34186.4,34288.4,34116.3,34253.7,0
2019-07-09 11:15:00,1562651100,34252.5,34482.2,34223.3,34416.9,0
2019-07-09 12:15:00,1562654700,34419.5,34440.2,34330.9,34408.9,0
2019-07-09 13:15:00,1562658300,34407.7,34461.5,34319.4,34402.7,0
2019-07-09 14:15:00,1562661900,34398.6,34425.1,34339.8,34392,0
2019-07-09 15:15:00,1562665500,34392.1,34394.6,34354.4,34375.6,0
2019-07-10 09:15:00,1562730300,34434.5,34567,34385.7,34490,0
2019-07-10 10:15:00,1562733900,34488.1,34506.6,34344.1,34411.3,0
2019-07-10 11:15:00,1562737500,34413.7,34443.6,34286.5,34305.9,0
2019-07-10 12:15:00,1562741100,34307.3,34369.4,34223.3,34311.9,0
2019-07-10 13:15:00,1562744700,34313.1,34440.7,34311.8,34383.4,0
2019-07-10 14:15:00,1562748300,34377.3,34384.2,34245.1,34303.9,0
2019-07-10 15:15:00,1562751900,34312,34358.5,34272.1,34338.4,0
2019-07-11 09:15:00,1562816700,34438.7,34540.7,34366.2,34448.6,0
2019-07-11 10:15:00,1562820300,34449.1,34472.5,34365.1,34399.7,0
2019-07-11 11:15:00,1562823900,34402,34487.6,34390.9,34469.7,0
2019-07-11 12:15:00,1562827500,34468.4,34550.6,34464.7,34506.4,0
2019-07-11 13:15:00,1562831100,34507.1,34556.9,34454.1,34549.5,0
2019-07-11 14:15:00,1562834700,34548.6,34623.1,34528.2,34559.3,0
2019-07-11 15:15:00,1562838300,34559.1,34559.1,34472.2,34486.8,0
2019-07-12 09:15:00,1562903100,34579,34635.1,34366.6,34411.4,0
2019-07-12 10:15:00,1562906700,34419.3,34478.5,34393.2,34406.6,0
2019-07-12 11:15:00,1562910300,34407.1,34515,34405.3,34431.9,0
2019-07-12 12:15:00,1562913900,34431.6,34590.6,34430.8,34577.1,0
2019-07-12 13:15:00,1562917500,34577.6,34712.6,34571.2,34656.1,0
2019-07-12 14:15:00,1562921100,34648.1,34683.5,34363.9,34401.4,0
2019-07-12 15:15:00,1562924700,34397.5,34454.4,34376.9,34376.9,0
2019-07-15 09:15:00,1563162300,34601.9,34602.2,34266.3,34287.1,0
2019-07-15 10:15:00,1563165900,34289,34319.9,34151.4,34209.4,0
2019-07-15 11:15:00,1563169500,34208.5,34246.2,34165.8,34192.4,0
2019-07-15 12:15:00,1563173100,34194.6,34282.4,34138.5,34243.8,0
2019-07-15 13:15:00,1563176700,34247.9,34264.8,34183.1,34211.1,0
2019-07-15 14:15:00,1563180300,34213.4,34325.3,34211.1,34248.2,0
2019-07-15 15:15:00,1563183900,34251.2,34277.5,34240.8,34272.2,0
2019-07-16 09:15:00,1563248700,34376.9,34486.8,34208.4,34411.9,0
2019-07-16 10:15:00,1563252300,34415.2,34422.7,34351.9,34405.1,0
2019-07-16 11:15:00,1563255900,34405.1,34481.8,34401.6,34453.4,0
2019-07-16 12:15:00,1563259500,34449,34472.2,34377.2,34444.3,0
2019-07-16 13:15:00,1563263100,34445.9,34459.3,34335,34453.7,0
2019-07-16 14:15:00,1563266700,34456,34485.2,34389.9,34405.1,0
2019-07-16 15:15:00,1563270300,34405.3,34432.4,34393.4,34408,0
2019-07-17 09:15:00,1563335100,34435.1,34615.3,34407.2,34602.2,0
2019-07-17 10:15:00,1563338700,34604.6,34674.9,34587.3,34616.6,0
2019-07-17 11:15:00,1563342300,34618.1,34677,34569.2,34591.6,0
2019-07-17 12:15:00,1563345900,34586.2,34600.1,34525.9,34526.8,0
2019-07-17 13:15:00,1563349500,34535.9,34574.1,34490.5,34541.5,0
2019-07-17 14:15:00,1563353100,34535.7,34666,34522.9,34625.5,0
2019-07-17 15:15:00,1563356700,34627.9,34639.7,34579.1,34631.8,0
2019-07-18 09:15:00,1563421500,34577.3,34636,34469.6,34473.5,0
2019-07-18 10:15:00,1563425100,34478.5,34534.2,34448,34453,0
2019-07-18 11:15:00,1563428700,34445,34449.3,34377.5,34424.7,0
2019-07-18 12:15:00,1563432300,34422.4,34429.8,34349.2,34349.2,0
2019-07-18 13:15:00,1563435900,34347.4,34407.3,34260.8,34312,0
2019-07-18 14:15:00,1563439500,34308.4,34382.2,34189.5,34208.3,0
2019-07-18 15:15:00,1563443100,34213.7,34255.2,34160.3,34238.8,0
2019-07-19 09:15:00,1563507900,34329.4,34342.4,33928.2,33929.4,0
2019-07-19 10:15:00,1563511500,33926.6,33975.7,33826.2,33827.7,0
2019-07-19 11:15:00,1563515100,33830.3,33892.1,33793,33841.4,0
2019-07-19 12:15:00,1563518700,33844.3,33850.5,33682.4,33695.6,0
2019-07-19 13:15:00,1563522300,33699.7,33699.7,33517,33520.2,0
2019-07-19 14:15:00,1563525900,33508.4,33557.4,33388.1,33446.8,0
2019-07-19 15:15:00,1563529500,33446.5,33536,33441.2,33536,0
2019-07-22 09:15:00,1563767100,33419.8,33419.8,32968.8,33089.6,0
2019-07-22 10:15:00,1563770700,33091.1,33178.8,33007.4,33050.2,0
2019-07-22 11:15:00,1563774300,33047.2,33055,32958.3,33006.4,0
2019-07-22 12:15:00,1563777900,33013.5,33032.8,32917.2,32945.6,0
2019-07-22 13:15:00,1563781500,32949.8,33109.7,32914.3,33099.1,0
2019-07-22 14:15:00,1563785100,33084.2,33096.6,32921.9,33051.4,0
2019-07-22 15:15:00,1563788700,33026.3,33039.7,32944.5,32944.5,0
2019-07-23 09:15:00,1563853500,33102.8,33140.9,32850.6,33123.8,0
2019-07-23 10:15:00,1563857100,33133.4,33162.6,32979.2,33029.9,0
2019-07-23 11:15:00,1563860700,33028.2,33055.8,32977.9,33019.8,0
2019-07-23 12:15:00,1563864300,33018.2,33043.1,32949.8,33010.3,0
2019-07-23 13:15:00,1563867900,33007.9,33188.6,32989.4,33145.9,0
2019-07-23 14:15:00,1563871500,33149.6,33179.7,32874.9,32920.9,0
2019-07-23 15:15:00,1563875100,32921.1,32933.6,32843.3,32913.1,0
2019-07-24 09:15:00,1563939900,32922.7,33036.2,32695,32721.4,0
2019-07-24 10:15:00,1563943500,32726.3,32772.4,32630.9,32654,0
2019-07-24 11:15:00,1563947100,32659.9,32739.1,32615.6,32655.6,0
2019-07-24 12:15:00,1563950700,32652.6,32733.5,32581.7,32703.1,0
2019-07-24 13:15:00,1563954300,32704.2,32860.9,32704.2,32799.3,0
2019-07-24 14:15:00,1563957900,32796,32796,32606.3,32649.2,0
2019-07-24 15:15:00,1563961500,32653,32703.8,32646,32667.2,0
2019-07-25 09:15:00,1564026300,32740.3,32980.8,32642.7,32906.7,0
2019-07-25 10:15:00,1564029900,32903.8,32928.2,32823.6,32896.9,0
2019-07-25 11:15:00,1564033500,32898,32904.3,32699.8,32713.4,0
2019-07-25 12:15:00,1564037100,32709.7,32755.2,32650.9,32723.8,0
2019-07-25 13:15:00,1564040700,32719.9,32815.1,32660.9,32777.2,0
2019-07-25 14:15:00,1564044300,32775.8,32901.3,32690.3,32782.1,0
2019-07-25 15:15:00,1564047900,32769.9,32855,32769.9,32855,0
2019-07-26 09:15:00,1564112700,32789.8,32934.4,32727.8,32831.5,0
2019-07-26 10:15:00,1564116300,32831.2,33023.9,32806.8,33001.4,0
2019-07-26 11:15:00,1564119900,33002.5,33136.8,32991.9,33088.2,0
2019-07-26 12:15:00,1564123500,33090.4,33104.3,33015.9,33061,0
2019-07-26 13:15:00,1564127100,33057.4,33108.1,32985,33070.9,0
2019-07-26 14:15:00,1564130700,33067.6,33150.5,33048.3,33126.9,0
2019-07-26 15:15:00,1564134300,33130.7,33206.4,33114.3,33195.3,0
2019-07-29 09:15:00,1564371900,33556.7,33565.1,33133.9,33243.4,0
2019-07-29 10:15:00,1564375500,33244,33304.1,33215.5,33297.9,0
2019-07-29 11:15:00,1564379100,33297.4,33297.4,33022.2,33067.6,0
2019-07-29 12:15:00,1564382700,33069.7,33147.3,32987.4,33127.6,0
2019-07-29 13:15:00,1564386300,33129,33333.2,33114,33285.8,0
2019-07-29 14:15:00,1564389900,33281.8,33294.2,33148.1,33187.2,0
2019-07-29 15:15:00,1564393500,33195.7,33225.7,33165.4,33210,0
2019-07-30 09:15:00,1564458300,33290,33462.6,33246.4,33360.4,0
2019-07-30 10:15:00,1564461900,33360.9,33387.3,33277.5,33303,0
2019-07-30 11:15:00,1564465500,33289.3,33306.4,33138.8,33246.9,0
2019-07-30 12:15:00,1564469100,33250.5,33256.6,33118.3,33169.9,0
2019-07-30 13:15:00,1564472700,33171.2,33171.2,32982.9,32983.6,0
2019-07-30 14:15:00,1564476300,32986.5,32986.5,32549.1,32603.5,0
2019-07-30 15:15:00,1564479900,32614.2,32616.5,32545.2,32566.6,0
2019-07-31 09:15:00,1564544700,32335.8,32654.7,32176.8,32486.4,0
2019-07-31 10:15:00,1564548300,32486.4,32526.5,32345.3,32466.9,0
2019-07-31 11:15:00,1564551900,32471.6,32607.4,32432.4,32521,0
2019-07-31 12:15:00,1564555500,32511.5,32582.7,32425.4,32523.5,0
2019-07-31 13:15:00,1564559100,32531.2,32573.5,32435.8,32528.6,0
2019-07-31 14:15:00,1564562700,32530.9,32796.2,32530.9,32730.7,0
2019-07-31 15:15:00,1564566300,32731,32734.9,32655.1,32681.3,0
2019-08-01 09:15:00,1564631100,32554.2,32677.4,32477.9,32539.8,0
2019-08-01 10:15:00,1564634700,32536,32539.9,32281.2,32334.3,0
2019-08-01 11:15:00,1564638300,32333.8,32393.3,32231.5,32268.8,0
2019-08-01 12:15:00,1564641900,32270.4,32327.6,32201.9,32205.6,0
2019-08-01 13:15:00,1564645500,32194.9,32277.2,32040.4,32127.9,0
2019-08-01 14:15:00,1564649100,32127.3,32188.5,31747.8,32180.8,0
2019-08-01 15:15:00,1564652700,32192.2,32196.9,32103,32166.5,0
2019-08-02 09:15:00,1564717500,31988.2,31990.2,31655.5,31704.8,0
2019-08-02 10:15:00,1564721100,31714.2,31785.1,31623.2,31707.5,0
2019-08-02 11:15:00,1564724700,31710,31992.4,31708.3,31896.3,0
2019-08-02 12:15:00,1564728300,31898.2,31963.8,31747.4,31842.8,0
2019-08-02 13:15:00,1564731900,31843.4,32189.3,31789.3,32166.2,0
2019-08-02 14:15:00,1564735500,32163.9,32313.1,31867.1,31939.7,0
2019-08-02 15:15:00,1564739100,31928.8,31933.9,31864.9,31916.7,0
2019-08-14 14:15:00,1565772300,31557.1,31749.8,31363.1,31671.6,0
2019-08-14 15:15:00,1565775900,31678.2,31682.8,31597.2,31607.2,0
2019-08-16 09:15:00,1565927100,31579.4,31580.6,31314.3,31445.9,0
2019-08-16 10:15:00,1565930700,31446.8,31643.4,31446.8,31632.9,0
2019-08-16 11:15:00,1565934300,31628.3,31840.7,31595.9,31795.2,0
2019-08-16 12:15:00,1565937900,31804.2,31910.2,31741.5,31890.2,0
2019-08-16 13:15:00,1565941500,31890.9,31911.8,31692.9,31810.6,0
2019-08-16 14:15:00,1565945100,31810.3,31907.5,31752.9,31893.1,0
2019-08-16 15:15:00,1565948700,31886.2,31935.7,31861.2,31861.2,0
2019-08-19 09:15:00,1566186300,32001,32162.1,31956.2,32135.8,0
2019-08-19 10:15:00,1566189900,32138.1,32202.9,32085.9,32092.8,0
2019-08-19 11:15:00,1566193500,32092.9,32171.9,32070.2,32121.3,0
2019-08-19 12:15:00,1566197100,32121.1,32191.2,32095.8,32159.9,0
2019-08-19 13:15:00,1566200700,32164.5,32184.5,32046.8,32118.5,0
2019-08-19 14:15:00,1566204300,32103.6,32116.8,31856.3,31894.2,0
2019-08-19 15:15:00,1566207900,31890.5,31935.7,31871,31907.8,0
2019-08-20 09:15:00,1566272700,31907,31909.9,31467,31494.8,0
2019-08-20 10:15:00,1566276300,31497.9,31622.7,31480.7,31562,0
2019-08-20 11:15:00,1566279900,31560.1,31588.6,31512.1,31578.5,0
2019-08-20 12:15:00,1566283500,31579.8,31584.9,31500.8,31528.5,0
2019-08-20 13:15:00,1566287100,31528.8,31724.7,31528.8,31684.4,0
2019-08-20 14:15:00,1566290700,31683.4,31710.7,31518.7,31636.5,0
2019-08-20 15:15:00,1566294300,31648.5,31679.6,31609.3,31672.1,0
2019-08-21 09:15:00,1566359100,31533.3,31767.1,31510.8,31718.6,0
2019-08-21 10:15:00,1566362700,31714.9,31717,31596.7,31602.5,0
2019-08-21 11:15:00,1566366300,31601.8,31680.5,31499.2,31550.4,0
2019-08-21 12:15:00,1566369900,31542.2,31624.8,31506.4,31561,0
2019-08-21 13:15:00,1566373500,31560.1,31584.9,31363.9,31376.2,0
2019-08-21 14:15:00,1566377100,31375.8,31442.3,31270.2,31325.1,0
2019-08-21 15:15:00,1566380700,31335,31343.5,31303.5,31324.8,0
2019-08-22 09:15:00,1566445500,31338.2,31347.2,31071.6,31096,0
2019-08-22 10:15:00,1566449100,31091.4,31117.5,30969.9,30987.3,0
2019-08-22 11:15:00,1566452700,30986.1,31050.8,30946.9,31033.4,0
2019-08-22 12:15:00,1566456300,31036.7,31091.6,30949.6,31023.3,0
2019-08-22 13:15:00,1566459900,31014.7,31055.4,30701.3,30798.4,0
2019-08-22 14:15:00,1566463500,30805.4,30839.7,30510.2,30558.4,0
2019-08-22 15:15:00,1566467100,30560.9,30578,30486.2,30547.8,0
2019-08-23 09:15:00,1566531900,30313.7,30332.7,29982.7,30264.8,0
2019-08-23 10:15:00,1566535500,30255.2,30601.2,30193.1,30345,0
2019-08-23 11:15:00,1566539100,30356.2,30453.2,30283.7,30334.7,0
2019-08-23 12:15:00,1566542700,30333.2,30471.5,30317.6,30450,0
2019-08-23 13:15:00,1566546300,30446,30738.3,30441.7,30623.1,0
2019-08-23 14:15:00,1566549900,30614.9,30653.6,30360.6,30444,0
2019-08-23 15:15:00,1566553500,30449.5,30450.9,30401.1,30449.4,0
2019-08-26 09:15:00,1566791100,31329.2,31329.2,30310.8,30387.6,0
2019-08-26 10:15:00,1566794700,30387,30682.5,30377.1,30608.2,0
2019-08-26 11:15:00,1566798300,30608.1,30916.4,30578.1,30873.3,0
2019-08-26 12:15:00,1566801900,30878.1,31142.8,30860.1,31127.7,0
2019-08-26 13:15:00,1566805500,31133.9,31406.1,31069.9,31379.1,0
2019-08-26 14:15:00,1566809100,31395.9,31565.8,31346,31516.6,0
2019-08-26 15:15:00,1566812700,31512.8,31561.6,31497,31541.8,0
2019-08-27 09:15:00,1566877500,31705.6,31890.6,31553.3,31809.2,0
2019-08-27 10:15:00,1566881100,31818.1,31894.7,31726.8,31753.3,0
2019-08-27 11:15:00,1566884700,31752.2,31830.2,31694.1,31760.4,0
2019-08-27 12:15:00,1566888300,31761.1,31815.7,31699.6,31755.4,0
2019-08-27 13:15:00,1566891900,31754.6,31774.8,31599.6,31716.9,0
2019-08-27 14:15:00,1566895500,31708.2,31874.2,31665.3,31752.8,0
2019-08-27 15:15:00,1566899100,31749.1,31785.5,31740.8,31775.3,0
2019-08-28 09:15:00,1566963900,31745.5,31757.5,31480.2,31525.8,0
2019-08-28 10:15:00,1566967500,31521,31605.2,31496.9,31602,0
2019-08-28 11:15:00,1566971100,31615.4,31631,31476.2,31522.3,0
2019-08-28 12:15:00,1566974700,31518.8,31563,31446.4,31458.7,0
2019-08-28 13:15:00,1566978300,31453.4,31460.2,31245,31257.1,0
2019-08-28 14:15:00,1566981900,31253.5,31409.4,31205.6,31378.3,0
2019-08-28 15:15:00,1566985500,31375.8,31403.3,31359.2,31359.6,0
2019-08-29 09:15:00,1567050300,31287.5,31287.5,31100.3,31189.3,0
2019-08-29 10:15:00,1567053900,31189.6,31190.3,30992.9,31043.6,0
2019-08-29 11:15:00,1567057500,31044,31066.1,30847.8,30853.2,0
2019-08-29 12:15:00,1567061100,30854.9,30931,30697.7,30912.9,0
2019-08-29 13:15:00,1567064700,30913.8,31005.5,30780,30968.5,0
2019-08-29 14:15:00,1567068300,30963.2,30978.1,30692.2,30740.7,0
2019-08-29 15:15:00,1567071900,30755.2,30826.3,30747.6,30826.3,0
2019-08-30 09:15:00,1567136700,30941.5,31077.9,30816.8,30879.8,0
2019-08-30 10:15:00,1567140300,30875.5,30884.9,30611.8,30650.2,0
2019-08-30 11:15:00,1567143900,30646.2,30672.3,30547.3,30631.1,0
2019-08-30 12:15:00,1567147500,30632.2,30756.3,30595,30722.8,0
2019-08-30 13:15:00,1567151100,30723.4,30895.7,30634.8,30853.9,0
2019-08-30 14:15:00,1567154700,30851.9,30959,30709.5,30930.3,0
2019-08-30 15:15:00,1567158300,30929,31007.9,30926.5,31000.4,0
2019-09-03 09:15:00,1567482300,30828.4,30828.4,30338,30431.3,0
2019-09-03 10:15:00,1567485900,30428.1,30467.8,30348.8,30424.2,0
2019-09-03 11:15:00,1567489500,30422.1,30474.5,30390.6,30407.5,0
2019-09-03 12:15:00,1567493100,30406.6,30440.3,30309.3,30419.3,0
2019-09-03 13:15:00,1567496700,30418.6,30451.3,30261.4,30326.3,0
2019-09-03 14:15:00,1567500300,30322.9,30389.7,30209.5,30231.2,0
2019-09-03 15:15:00,1567503900,30235.4,30235.4,30123.4,30134.9,0
2019-09-04 09:15:00,1567568700,30181.2,30388.3,29989.9,30322,0
2019-09-04 10:15:00,1567572300,30325.8,30355.5,30184.3,30249.3,0
2019-09-04 11:15:00,1567575900,30247.6,30530.3,30222.9,30456.9,0
2019-09-04 12:15:00,1567579500,30462.3,30623,30426.5,30616,0
2019-09-04 13:15:00,1567583100,30623.1,30681.5,30570.9,30613,0
2019-09-04 14:15:00,1567586700,30595.1,30595.3,30401.1,30537.5,0
2019-09-04 15:15:00,1567590300,30539.3,30540.4,30462.2,30486.7,0
2019-09-05 09:15:00,1567655100,30470.2,30633,30336,30505.3,0
2019-09-05 10:15:00,1567658700,30506.4,30542.6,30424.3,30439.2,0
2019-09-05 11:15:00,1567662300,30432.5,30513.5,30219.2,30252.2,0
2019-09-05 12:15:00,1567665900,30243.6,30294.2,30151.6,30288.5,0
2019-09-05 13:15:00,1567669500,30295.9,30336,30186.9,30234.2,0
2019-09-05 14:15:00,1567673100,30230,30343.2,30222.9,30252.2,0
2019-09-05 15:15:00,1567676700,30256.2,30264.1,30217.6,30228.9,0
2019-09-06 09:15:00,1567741500,30354.9,30543.7,30309.4,30480.3,0
2019-09-06 10:15:00,1567745100,30488.1,30604.3,30410.3,30592.3,0
2019-09-06 11:15:00,1567748700,30596.9,30634.2,30544.1,30612.3,0
2019-09-06 12:15:00,1567752300,30642.9,30679.4,30574.8,30658.7,0
2019-09-06 13:15:00,1567755900,30658.5,30704,30594.8,30621.1,0
2019-09-06 14:15:00,1567759500,30625.5,30662.2,30577,30646.8,0
2019-09-06 15:15:00,1567763100,30660.4,30663.6,30608.2,30621.1,0
2019-09-11 09:15:00,1568173500,31080.7,31148.4,30983,31135.7,0
2019-09-11 10:15:00,1568177100,31121.6,31193.7,31121.6,31173.1,0
2019-09-11 11:15:00,1568180700,31171.5,31252.7,31145.7,31171.2,0
2019-09-11 12:15:00,1568184300,31171.4,31223.3,31133.9,31205.9,0
2019-09-11 13:15:00,1568187900,31205.9,31291.5,31163.6,31275.6,0
2019-09-11 14:15:00,1568191500,31274.5,31294.8,31228.2,31237.9,0
2019-09-11 15:15:00,1568195100,31244.1,31244.1,31173.2,31181,0
2019-09-12 09:15:00,1568259900,31245.7,31593.5,31245.1,31532.2,0
2019-09-12 10:15:00,1568263500,31530.2,31541.1,31444.9,31444.9,0
2019-09-12 11:15:00,1568267100,31434.9,31472.8,31337,31458.9,0
2019-09-12 12:15:00,1568270700,31458.4,31529.6,31408.5,31505.8,0
2019-09-12 13:15:00,1568274300,31505.2,31536.6,31383.3,31475.7,0
2019-09-12 14:15:00,1568277900,31477.2,31486.6,31210.2,31246.9,0
2019-09-12 15:15:00,1568281500,31257.8,31280.3,31234,31258.8,0
2019-09-13 09:15:00,1568346300,31353.8,31404.7,31073.4,31094,0
2019-09-13 10:15:00,1568349900,31095.9,31309.9,31091.1,31225,0
2019-09-13 11:15:00,1568353500,31226.4,31341.9,31212.2,31282.6,0
2019-09-13 12:15:00,1568357100,31273.3,31310.8,31211.4,31270.9,0
2019-09-13 13:15:00,1568360700,31269.7,31515.8,31260.4,31468.3,0
2019-09-13 14:15:00,1568364300,31472.9,31705,31472.5,31688.5,0
2019-09-13 15:15:00,1568367900,31693,31722.5,31671.5,31710.5,0
2019-09-16 09:15:00,1568605500,31502.1,31549.8,31332.1,31544.8,0
2019-09-16 10:15:00,1568609100,31545.9,31665.7,31484.5,31620.2,0
2019-09-16 11:15:00,1568612700,31618.7,31638.3,31526.7,31572.9,0
2019-09-16 12:15:00,1568616300,31573.2,31587.4,31432.9,31483.7,0
2019-09-16 13:15:00,1568619900,31478.5,31531.3,31407.6,31466,0
2019-09-16 14:15:00,1568623500,31464.6,31586.1,31408.2,31432.4,0
2019-09-16 15:15:00,1568627100,31425,31427.3,31377.9,31380.7,0
2019-09-17 09:15:00,1568691900,31361.6,31402.9,31193.4,31201.1,0
2019-09-17 10:15:00,1568695500,31201.8,31262.9,31148.6,31219.3,0
2019-09-17 11:15:00,1568699100,31221.1,31245.7,31167.7,31184.8,0
2019-09-17 12:15:00,1568702700,31181.5,31206,31030.7,31036.4,0
2019-09-17 13:15:00,1568706300,31033.7,31035.1,30638.3,30643.7,0
2019-09-17 14:15:00,1568709900,30650.5,30759.6,30505.3,30563.8,0
2019-09-17 15:15:00,1568713500,30576,30627.3,30540.9,30620.8,0
2019-09-18 09:15:00,1568778300,30750.5,30925,30569.9,30620.7,0
2019-09-18 10:15:00,1568781900,30622.2,30768.3,30609.3,30655.2,0
2019-09-18 11:15:00,1568785500,30660.4,30748.9,30648.1,30718.7,0
2019-09-18 12:15:00,1568789100,30714.6,30910.2,30691.7,30904.8,0
2019-09-18 13:15:00,1568792700,30925.7,30938.5,30697.2,30818.5,0
2019-09-18 14:15:00,1568796300,30818.8,30903.4,30651.3,30681.2,0
2019-09-18 15:15:00,1568799900,30680.5,30684.3,30604.4,30662.6,0
2019-09-19 09:15:00,1568864700,30629.7,30655.4,30229.2,30263.9,0
2019-09-19 10:15:00,1568868300,30277.7,30303.7,30203.1,30277.9,0
2019-09-19 11:15:00,1568871900,30299.6,30354.4,30264.3,30277.5,0
2019-09-19 12:15:00,1568875500,30270.5,30304.7,30176.7,30211.8,0
2019-09-19 13:15:00,1568879100,30206.5,30261.4,30116,30194.3,0
2019-09-19 14:15:00,1568882700,30197.4,30240.1,30044.2,30172.1,0
2019-09-19 15:15:00,1568886300,30170.8,30227.7,30104.2,30109.9,0
2019-09-20 09:15:00,1568951100,30243.8,30374.3,30113.2,30275.2,0
2019-09-20 10:15:00,1568954700,30271.4,31594.7,30271.4,31449.3,0
2019-09-20 11:15:00,1568958300,31461.3,32517.7,31461.3,32476.2,0
2019-09-20 12:15:00,1568961900,32467.9,32495.2,32102.2,32435.3,0
2019-09-20 13:15:00,1568965500,32435.6,33004.5,32428,32981.6,0
2019-09-20 14:15:00,1568969100,32985.1,33152.9,32490.7,32670.8,0
2019-09-20 15:15:00,1568972700,32666.6,32668.4,32541,32600,0
2019-09-23 09:15:00,1569210300,33644.4,34372.2,33499,33779,0
2019-09-23 10:15:00,1569213900,33777.4,34216.6,33642.9,34213.4,0
2019-09-23 11:15:00,1569217500,34209.4,34388.9,34114.7,34309.6,0
2019-09-23 12:15:00,1569221100,34312.6,34696.4,34299.9,34526.8,0
2019-09-23 13:15:00,1569224700,34498.5,34523.7,34291.1,34380.2,0
2019-09-23 14:15:00,1569228300,34388.4,34602.6,34330.5,34493.5,0
2019-09-23 15:15:00,1569231900,34489.6,34559.4,34377.8,34377.8,0
2019-09-24 09:15:00,1569296700,34427.6,34591.8,34007,34274.9,0
2019-09-24 10:15:00,1569300300,34269,34294.4,33917.4,33921.9,0
2019-09-24 11:15:00,1569303900,33878.5,33989.4,33708.4,33909.6,0
2019-09-24 12:15:00,1569307500,33904.9,34122.8,33855,33950.6,0
2019-09-24 13:15:00,1569311100,33950.4,33965.4,33800.9,33912.9,0
2019-09-24 14:15:00,1569314700,33924.6,34290.8,33863.6,34020.7,0
2019-09-24 15:15:00,1569318300,34024,34051.5,33975.9,34041.4,0
2019-09-25 09:15:00,1569383100,33914.9,33914.9,33504.4,33548.5,0
2019-09-25 10:15:00,1569386700,33544.5,33544.5,33393.9,33442.6,0
2019-09-25 11:15:00,1569390300,33440.1,33552.5,33416.7,33515,0
2019-09-25 12:15:00,1569393900,33507.4,33701.7,33507,33561.6,0
2019-09-25 13:15:00,1569397500,33577.8,33593.6,33310.9,33362.9,0
2019-09-25 14:15:00,1569401100,33360.6,33426.1,33252.4,33398.2,0
2019-09-25 15:15:00,1569404700,33408.6,33408.6,33325.4,33325.4,0
2019-09-26 09:15:00,1569469500,33433.3,33987,33422.6,33966.8,0
2019-09-26 10:15:00,1569473100,33967.6,34683.5,33967.6,34114.7,0
2019-09-26 11:15:00,1569476700,34131.2,34290.6,33775.9,33775.9,0
2019-09-26 12:15:00,1569480300,33759.3,33958,33694.9,33863.2,0
2019-09-26 13:15:00,1569483900,33862.6,33937.8,33729.7,33854.7,0
2019-09-26 14:15:00,1569487500,33862.9,34063.5,33851.5,33926.1,0
2019-09-26 15:15:00,1569491100,33921.3,33994.9,33890.9,33967.8,0
2019-09-27 09:15:00,1569555900,33938.7,34015.3,33573,33776,0
2019-09-27 10:15:00,1569559500,33768.9,33831.4,33668.8,33668.8,0
2019-09-27 11:15:00,1569563100,33664.6,33841.3,33620.7,33749.3,0
2019-09-27 12:15:00,1569566700,33751.4,33906.7,33721.4,33831.4,0
2019-09-27 13:15:00,1569570300,33828.6,34014.6,33790.4,33914.1,0
2019-09-27 14:15:00,1569573900,33907.5,33907.5,33715.9,33765.1,0
2019-09-27 15:15:00,1569577500,33765,33798.4,33749.4,33762.9,0
2019-09-30 09:15:00,1569815100,33710.6,33710.6,32978.3,32978.3,0
2019-09-30 10:15:00,1569818700,32984.4,33071,32903,32975.4,0
2019-09-30 11:15:00,1569822300,32975.3,33076.5,32908.9,32985,0
2019-09-30 12:15:00,1569825900,32975.2,32990.6,32714.9,32941,0
2019-09-30 13:15:00,1569829500,32945.7,33030.4,32810.8,32869,0
2019-09-30 14:15:00,1569833100,32866.8,33159.7,32845.5,32879.1,0
2019-09-30 15:15:00,1569836700,32892.9,32931.4,32869.1,32886.2,0
2019-10-01 09:15:00,1569901500,33054.3,33370,32559.2,32750.6,0
2019-10-01 10:15:00,1569905100,32741.7,33082.5,32701.6,32988.8,0
2019-10-01 11:15:00,1569908700,32989.7,33091,32851.6,32851.6,0
2019-10-01 12:15:00,1569912300,32846.2,32964.7,32793,32839.8,0
2019-10-01 13:15:00,1569915900,32837.5,32849.4,31706.4,31854.3,0
2019-10-01 14:15:00,1569919500,31830.5,32488.3,31797.5,32323,0
2019-10-01 15:15:00,1569923100,32342.7,32471,32321.6,32452.3,0
2019-10-03 09:15:00,1570074300,32187.8,32477.5,31931.5,32122.5,0
2019-10-03 10:15:00,1570077900,32119.9,32301.1,32013.9,32233,0
2019-10-03 11:15:00,1570081500,32240.2,32358.4,32111.8,32296,0
2019-10-03 12:15:00,1570085100,32320.7,32403.4,32072.3,32100.4,0
2019-10-03 13:15:00,1570088700,32102.2,32166.2,31890.1,32119.6,0
2019-10-03 14:15:00,1570092300,32119.9,32160.3,31972.9,32070.4,0
2019-10-03 15:15:00,1570095900,32063,32121.1,32059.5,32078.9,0
2019-10-04 09:15:00,1570160700,32358.3,32419.4,32179.6,32220.4,0
2019-10-04 10:15:00,1570164300,32221.6,32249,32129.2,32208.6,0
2019-10-04 11:15:00,1570167900,32213.8,32241.4,31651.1,31740.9,0
2019-10-04 12:15:00,1570171500,31722.7,31971.3,31442.7,31573.3,0
2019-10-04 13:15:00,1570175100,31578.8,31622.9,31258.3,31418,0
2019-10-04 14:15:00,1570178700,31419.9,31494.8,31279.4,31324.4,0
2019-10-04 15:15:00,1570182300,31329.2,31330.4,31234.7,31270.6,0
2019-10-07 09:15:00,1570419900,31560,31812.8,31127.6,31797.7,0
2019-10-07 10:15:00,1570423500,31801.1,31807.7,31445.8,31634.8,0
2019-10-07 11:15:00,1570427100,31646.8,31823,31587.8,31811.6,0
2019-10-07 12:15:00,1570430700,31810.1,31818.8,31666.7,31712.9,0
2019-10-07 13:15:00,1570434300,31717.8,31803.8,31606.8,31611,0
2019-10-07 14:15:00,1570437900,31606,31674.7,31332.9,31366.1,0
2019-10-07 15:15:00,1570441500,31363.8,31434.3,31336.2,31336.2,0
2019-10-09 09:15:00,1570592700,31451,31625.4,31376.9,31396.3,0
2019-10-09 10:15:00,1570596300,31392.8,31544.6,31335.4,31452.8,0
2019-10-09 11:15:00,1570599900,31455,32047.3,31454.5,32016.1,0
2019-10-09 12:15:00,1570603500,32006.5,32177.3,31965.9,32099.5,0
2019-10-09 13:15:00,1570607100,32101,32286.2,32085.1,32258.7,0
2019-10-09 14:15:00,1570610700,32250,32641,32247.8,32528.1,0
2019-10-09 15:15:00,1570614300,32538.2,32560.2,32487,32553.7,0
2019-10-10 09:15:00,1570679100,32346.8,32346.8,31887.3,32020.5,0
2019-10-10 10:15:00,1570682700,32025.8,32103.8,31927.8,31944.8,0
2019-10-10 11:15:00,1570686300,31940,31940,31731.8,31786.2,0
2019-10-10 12:15:00,1570689900,31782.2,31972.2,31705.9,31755.6,0
2019-10-10 13:15:00,1570693500,31754.5,31881.1,31668,31759.2,0
2019-10-10 14:15:00,1570697100,31744.1,31820.3,31578.8,31672.4,0
2019-10-10 15:15:00,1570700700,31668.4,31769,31668.4,31762,0
2019-10-11 09:15:00,1570765500,31959.3,32361.7,31924.3,32186.1,0
2019-10-11 10:15:00,1570769100,32187.8,32197.3,31402.8,31665.2,0
2019-10-11 11:15:00,1570772700,31659.2,31792,31507.6,31591.9,0
2019-10-11 12:15:00,1570776300,31587.2,31841,31579.6,31762.7,0
2019-10-11 13:15:00,1570779900,31768.2,31980.9,31594.8,31862.7,0
2019-10-11 14:15:00,1570783500,31848.5,31885.1,31630.6,31739.1,0
2019-10-11 15:15:00,1570787100,31735.9,31749,31690.2,31736.3,0
2019-10-14 09:15:00,1571024700,31885.7,32045.8,31729.7,31843.2,0
2019-10-14 10:15:00,1571028300,31841.1,32115.2,31838.8,32071.8,0
2019-10-14 11:15:00,1571031900,32069.6,32079.2,31965.4,32041.1,0
2019-10-14 12:15:00,1571035500,32038.4,32087.4,31916.3,31974.7,0
2019-10-14 13:15:00,1571039100,31968.7,32264.8,31968.3,32214.8,0
2019-10-14 14:15:00,1571042700,32213.2,32293.1,31783,31783,0
2019-10-14 15:15:00,1571046300,31754.4,31869.8,31731.4,31852.8,0
2019-10-15 09:15:00,1571111100,31952.9,32163.8,31863.3,32148.8,0
2019-10-15 10:15:00,1571114700,32137.9,32179.6,32052.4,32136.8,0
2019-10-15 11:15:00,1571118300,32138,32174.4,32106.5,32156.6,0
2019-10-15 12:15:00,1571121900,32154.7,32204.7,31991.3,32070.7,0
2019-10-15 13:15:00,1571125500,32066.4,32275.8,32021,32258,0
2019-10-15 14:15:00,1571129100,32259,32457.1,32237.5,32276.4,0
2019-10-15 15:15:00,1571132700,32264.9,32310.6,32261.5,32284.6,0
2019-10-16 09:15:00,1571197500,32437.7,32502.5,32291.3,32344.1,0
2019-10-16 10:15:00,1571201100,32339.9,32520.6,32339.9,32454.6,0
2019-10-16 11:15:00,1571204700,32450.8,32485.4,32413.8,32418.3,0
2019-10-16 12:15:00,1571208300,32423.7,32427.9,32138.8,32207,0
2019-10-16 13:15:00,1571211900,32197.8,32222.3,32019.7,32166.9,0
2019-10-16 14:15:00,1571215500,32169.6,32290.8,32126.6,32279.8,0
2019-10-16 15:15:00,1571219100,32281,32311.4,32246.4,32269.1,0
2019-10-17 09:15:00,1571283900,32300.3,32420.4,32205.9,32320.9,0
2019-10-17 10:15:00,1571287500,32322.9,32360.8,32282.7,32297.6,0
2019-10-17 11:15:00,1571291100,32299.3,32500.7,32217,32415.2,0
2019-10-17 12:15:00,1571294700,32411,32654.4,32377.9,32641.7,0
2019-10-17 13:15:00,1571298300,32646.2,32846.9,32597.6,32817.7,0
2019-10-17 14:15:00,1571301900,32817.1,32836.9,32743.4,32779.8,0
2019-10-17 15:15:00,1571305500,32777.4,32791.6,32745.7,32768.9,0
2019-10-18 09:15:00,1571370300,32733.1,32945.8,32615.1,32781,0
2019-10-18 10:15:00,1571373900,32786.3,32860.1,32724.1,32747.7,0
2019-10-18 11:15:00,1571377500,32751.8,32917,32721.6,32870.5,0
2019-10-18 12:15:00,1571381100,32865.8,32919.5,32787.7,32868.5,0
2019-10-18 13:15:00,1571384700,32867.1,33036.7,32826.7,33015.1,0
2019-10-18 14:15:00,1571388300,33014.3,33063.8,32849.1,32908.3,0
2019-10-18 15:15:00,1571391900,32910,32922.2,32856.1,32891.7,0
2019-10-22 09:15:00,1571715900,33178.3,33301.7,33007,33167.3,0
2019-10-22 10:15:00,1571719500,33166.6,33259.4,33090.2,33233.9,0
2019-10-22 11:15:00,1571723100,33235.1,33518.2,33203.5,33473.2,0
2019-10-22 12:15:00,1571726700,33474.3,33531.1,33383.9,33442.5,0
2019-10-22 13:15:00,1571730300,33440.3,33485.4,33207.6,33238.9,0
2019-10-22 14:15:00,1571733900,33253.9,33369.2,33160.8,33249.9,0
2019-10-22 15:15:00,1571737500,33266.5,33273.2,33212.8,33254,0
2019-10-23 09:15:00,1571802300,33344.9,33440.6,33018,33260.9,0
2019-10-23 10:15:00,1571805900,33263.2,33435.7,33263.2,33397.1,0
2019-10-23 11:15:00,1571809500,33396.8,33506.7,33396.8,33481.4,0
2019-10-23 12:15:00,1571813100,33481.7,33489.3,33344.9,33409.1,0
2019-10-23 13:15:00,1571816700,33406,33521.4,33375.1,33399.9,0
2019-10-23 14:15:00,1571820300,33397.1,33453.8,33161.1,33299.7,0
2019-10-23 15:15:00,1571823900,33311.8,33325.9,33284.3,33322.8,0
2019-10-24 09:15:00,1571888700,33415,33559.2,33134.9,33305,0
2019-10-24 10:15:00,1571892300,33311,33338.6,33102.4,33148.2,0
2019-10-24 11:15:00,1571895900,33141.6,33332.4,33138.2,33322.8,0
2019-10-24 12:15:00,1571899500,33323.1,33375.2,33161.7,33161.7,0
2019-10-24 13:15:00,1571903100,33144.2,33144.9,32790,32900.5,0
2019-10-24 14:15:00,1571906700,32900.5,33003.6,32805.6,32897,0
2019-10-24 15:15:00,1571910300,32898.8,32962.5,32882.2,32954.1,0
2019-10-25 09:15:00,1571975100,33044.9,33155.1,32870.9,33000.2,0
2019-10-25 10:15:00,1571978700,32996.7,33016,32892.8,32978.4,0
2019-10-25 11:15:00,1571982300,32978.1,33056.8,32925.9,33000.3,0
2019-10-25 12:15:00,1571985900,33002.1,33055.8,32756.4,32785.8,0
2019-10-25 13:15:00,1571989500,32782.3,33139.6,32724.4,33119,0
2019-10-25 14:15:00,1571993100,33117.1,33334.2,33033,33268.1,0
2019-10-25 15:15:00,1571996700,33271.2,33303.9,33248.6,33274.6,0
2019-10-29 09:15:00,1572320700,33459.5,33472.9,33247.1,33426.1,0
2019-10-29 10:15:00,1572324300,33428.1,33700.3,33367.3,33676.8,0
2019-10-29 11:15:00,1572327900,33666.8,33836.1,33666.8,33803.4,0
2019-10-29 12:15:00,1572331500,33797.7,33866.1,33728.4,33835.3,0
2019-10-29 13:15:00,1572335100,33835.8,33919.3,33824.3,33853.6,0
2019-10-29 14:15:00,1572338700,33853.4,33871.5,33727.2,33782.7,0
2019-10-29 15:15:00,1572342300,33786.8,33787.8,33743.6,33753.6,0
2019-10-30 09:15:00,1572407100,33874.1,33940.7,33603.6,33809.2,0
2019-10-30 10:15:00,1572410700,33814.2,33985.7,33796.3,33805.5,0
2019-10-30 11:15:00,1572414300,33804.9,33962.5,33791.4,33935.4,0
2019-10-30 12:15:00,1572417900,33938.6,33952.8,33841.5,33894.8,0
2019-10-30 13:15:00,1572421500,33893.7,34016.9,33831.1,33898.2,0
2019-10-30 14:15:00,1572425100,33901.2,33908.3,33780.4,33838.7,0
2019-10-30 15:15:00,1572428700,33840.9,33861.3,33803.9,33832.7,0
2019-10-31 09:15:00,1572493500,34002.4,34126.1,33978.9,34059.3,0
2019-10-31 10:15:00,1572497100,34052.5,34194.4,33991.6,34167.5,0
2019-10-31 11:15:00,1572500700,34164.2,34164.2,34002.1,34046.4,0
2019-10-31 12:15:00,1572504300,34048.8,34143.7,34033.3,34139.4,0
2019-10-31 13:15:00,1572507900,34147.3,34328.4,34147.3,34296.3,0
2019-10-31 14:15:00,1572511500,34291.6,34345.4,33887.5,33972.9,0
2019-10-31 15:15:00,1572515100,33977.6,33977.6,33856,33902.2,0
2019-11-01 09:15:00,1572579900,34117.9,34190.2,33910.9,34139.6,0
2019-11-01 10:15:00,1572583500,34151.8,34164,34017.6,34125,0
2019-11-01 11:15:00,1572587100,34127.5,34205.6,34075.2,34201.5,0
2019-11-01 12:15:00,1572590700,34215.5,34249.5,34102.7,34128.9,0
2019-11-01 13:15:00,1572594300,34133.9,34224.4,34113.4,34194.6,0
2019-11-01 14:15:00,1572597900,34196.4,34309.4,34080.7,34205.2,0
2019-11-01 15:15:00,1572601500,34205.8,34244.5,34177,34228.8,0
2019-11-04 09:15:00,1572839100,34231.5,34508.4,34231.5,34505.1,0
2019-11-04 10:15:00,1572842700,34507.2,34532.6,34432.7,34465.5,0
2019-11-04 11:15:00,1572846300,34464.8,34471.6,34128.2,34212,0
2019-11-04 12:15:00,1572849900,34210.1,34306.7,34160.9,34281.3,0
2019-11-04 13:15:00,1572853500,34282.2,34293.4,34168.1,34275,0
2019-11-04 14:15:00,1572857100,34275.1,34349.1,34202.5,34222.3,0
2019-11-04 15:15:00,1572860700,34222,34242.2,34208.8,34238.7,0
2019-11-05 09:15:00,1572925500,34385.4,34386.4,34150.5,34315.9,0
2019-11-05 10:15:00,1572929100,34318.3,34359.6,34257.7,34289,0
2019-11-05 11:15:00,1572932700,34282.1,34306.9,34107.1,34147.3,0
2019-11-05 12:15:00,1572936300,34146.4,34184.8,33997.3,33997.7,0
2019-11-05 13:15:00,1572939900,33994.4,34113.9,33949.5,34110.2,0
2019-11-05 14:15:00,1572943500,34107.2,34167,34029.1,34076,0
2019-11-05 15:15:00,1572947100,34085.7,34096.8,34064.7,34078.9,0
2019-11-06 09:15:00,1573011900,34153.3,34153.3,33885,33914.4,0
2019-11-06 10:15:00,1573015500,33921.5,33995.1,33893.6,33949.2,0
2019-11-06 11:15:00,1573019100,33949.6,34482.9,33949.6,34431.7,0
2019-11-06 12:15:00,1573022700,34434.2,34526.1,34380.9,34428.2,0
2019-11-06 13:15:00,1573026300,34428.8,34568.6,34421.1,34521.4,0
2019-11-06 14:15:00,1573029900,34523.1,34665.4,34513,34526.3,0
2019-11-06 15:15:00,1573033500,34534,34575.9,34514.6,34541.8,0
2019-11-07 09:15:00,1573098300,34681.2,34799.1,34527.7,34562.2,0
2019-11-07 10:15:00,1573101900,34564,34605.4,34500.1,34563.6,0
2019-11-07 11:15:00,1573105500,34565.2,34644.1,34515.3,34629.2,0
2019-11-07 12:15:00,1573109100,34629.6,34694.4,34425.4,34635.8,0
2019-11-07 13:15:00,1573112700,34643,34755,34564.8,34667.3,0
2019-11-07 14:15:00,1573116300,34668.2,34708.8,34545.9,34615.1,0
2019-11-07 15:15:00,1573119900,34616.6,34651.4,34584.1,34645.7,0
2019-11-08 09:15:00,1573184700,34570.9,34884.2,34506.9,34845.2,0
2019-11-08 10:15:00,1573188300,34840.9,34877.1,34758.8,34824.3,0
2019-11-08 11:15:00,1573191900,34823.7,35094,34810.2,35020.2,0
2019-11-08 12:15:00,1573195500,35021.8,35197.2,35015.6,35168.9,0
2019-11-08 13:15:00,1573199100,35170.9,35223.7,34953.4,35046.1,0
2019-11-08 14:15:00,1573202700,35053,35071.7,34828.8,34839.3,0
2019-11-08 15:15:00,1573206300,34835.4,34858.4,34769.3,34849.8,0
2019-11-11 09:15:00,1573443900,34797.1,35047.3,34687.6,35016,0
2019-11-11 10:15:00,1573447500,35021.6,35023.4,34926.2,34980.3,0
2019-11-11 11:15:00,1573451100,34978.5,35083.9,34917.9,34985.2,0
2019-11-11 12:15:00,1573454700,34982.9,35076.1,34964.9,35008.8,0
2019-11-11 13:15:00,1573458300,35014.9,35116.5,34981.1,35079.9,0
2019-11-11 14:15:00,1573461900,35077.4,35284.6,35013.2,35282.1,0
2019-11-11 15:15:00,1573465500,35283.7,35369.1,35264.5,35278.7,0
2019-11-13 09:15:00,1573616700,35267.4,35337.2,35117.1,35174.8,0
2019-11-13 10:15:00,1573620300,35176.2,35186.1,34968.8,35038.7,0
2019-11-13 11:15:00,1573623900,35038.8,35084.8,34935.8,34943.1,0
2019-11-13 12:15:00,1573627500,34941.5,35043.4,34935.4,34975.8,0
2019-11-13 13:15:00,1573631100,34963.7,34993.8,34869.2,34913.8,0
2019-11-13 14:15:00,1573634700,34912.2,34914.2,34532.3,34561.6,0
2019-11-13 15:15:00,1573638300,34571,34620.8,34553.3,34620.8,0
2019-11-14 09:15:00,1573703100,34664.6,34672.2,34354.7,34476.2,0
2019-11-14 10:15:00,1573706700,34468.6,34839.3,34444.5,34762.5,0
2019-11-14 11:15:00,1573710300,34762.3,34792.8,34531.5,34550.5,0
2019-11-14 12:15:00,1573713900,34553.2,34632.5,34486.7,34562.9,0
2019-11-14 13:15:00,1573717500,34558.5,34755.5,34543.2,34745.9,0
2019-11-14 14:15:00,1573721100,34744.1,34863.1,34609.1,34822.4,0
2019-11-14 15:15:00,1573724700,34831.8,34875,34822.1,34840.5,0
2019-11-15 09:15:00,1573789500,35052.1,35216.5,34968.5,35207.1,0
2019-11-15 10:15:00,1573793100,35203.1,35324.4,35040.9,35203,0
2019-11-15 11:15:00,1573796700,35204.9,35236.6,35094.1,35187.8,0
2019-11-15 12:15:00,1573800300,35186.7,35256.5,35126.5,35205.8,0
2019-11-15 13:15:00,1573803900,35210,35330.9,35162.8,35292.7,0
2019-11-15 14:15:00,1573807500,35286.5,35318.6,35136.6,35153.2,0
2019-11-15 15:15:00,1573811100,35146.8,35162.3,35102.3,35150.3,0
2019-11-18 09:15:00,1574048700,35185.6,35390.2,35116.1,35218.7,0
2019-11-18 10:15:00,1574052300,35223,35239.1,35129.1,35189.1,0
2019-11-18 11:15:00,1574055900,35187.9,35194.5,35052.2,35121.3,0
2019-11-18 12:15:00,1574059500,35117.1,35247.7,35084.6,35180.7,0
2019-11-18 13:15:00,1574063100,35180.3,35207,35114.2,35207,0
2019-11-18 14:15:00,1574066700,35208.7,35227.4,35101.7,35164.9,0
2019-11-18 15:15:00,1574070300,35149.8,35197.3,35138.3,35197.2,0
2019-11-19 09:15:00,1574135100,35276.7,35277.2,35103.4,35172.9,0
2019-11-19 10:15:00,1574138700,35173,35354,35154.3,35268,0
2019-11-19 11:15:00,1574142300,35268.7,35442.4,35264.6,35358.2,0
2019-11-19 12:15:00,1574145900,35363.8,35389.2,35263.9,35327.8,0
2019-11-19 13:15:00,1574149500,35327.6,35363.4,35280.5,35303.9,0
2019-11-19 14:15:00,1574153100,35301.6,35396.5,35235,35326.9,0
2019-11-19 15:15:00,1574156700,35339.4,35421.9,35339.4,35421.9,0
2019-11-20 09:15:00,1574221500,35473.3,35503.1,35328.2,35479.2,0
2019-11-20 10:15:00,1574225100,35479.4,35537.3,35454.5,35480.1,0
2019-11-20 11:15:00,1574228700,35484.6,35523.8,35447.7,35514,0
2019-11-20 12:15:00,1574232300,35513.3,35577.9,35501.6,35525.4,0
2019-11-20 13:15:00,1574235900,35522.6,35553.6,35408.4,35450.1,0
2019-11-20 14:15:00,1574239500,35452,35487.4,35351.6,35458.4,0
2019-11-20 15:15:00,1574243100,35464.4,35476.8,35433.8,35450.1,0
2019-11-21 09:15:00,1574307900,35537.9,35577.3,35353,35457.1,0
2019-11-21 10:15:00,1574311500,35455.3,35466,35344.5,35421.6,0
2019-11-21 11:15:00,1574315100,35419,35557.4,35408.9,35532.8,0
2019-11-21 12:15:00,1574318700,35529.6,35572.1,35494.9,35550.2,0
2019-11-21 13:15:00,1574322300,35552.5,35584.6,35479.1,35526.3,0
2019-11-21 14:15:00,1574325900,35520.8,35612.4,35444.6,35468.8,0
2019-11-21 15:15:00,1574329500,35473.3,35477.4,35439.2,35455,0
2019-11-22 09:15:00,1574394300,35547.3,35555.8,35332.3,35356.5,0
2019-11-22 10:15:00,1574397900,35357.4,35429.6,35321.3,35364.6,0
2019-11-22 11:15:00,1574401500,35364.6,35365.3,35229.8,35256.4,0
2019-11-22 12:15:00,1574405100,35258.1,35281.4,35112.2,35159.4,0
2019-11-22 13:15:00,1574408700,35160.1,35256.2,35145.6,35218,0
2019-11-22 14:15:00,1574412300,35213.8,35261.4,35151.9,35184.6,0
2019-11-22 15:15:00,1574415900,35182.7,35226.2,35172.9,35226.2,0
2019-11-25 09:15:00,1574653500,35170.8,35383.9,35110.5,35352,0
2019-11-25 10:15:00,1574657100,35351.1,35430.2,35332.5,35378.2,0
2019-11-25 11:15:00,1574660700,35373.5,35517.8,35356.6,35501.1,0
2019-11-25 12:15:00,1574664300,35501.2,35536.2,35479.9,35498,0
2019-11-25 13:15:00,1574667900,35499.2,35683.8,35493.8,35630,0
2019-11-25 14:15:00,1574671500,35630.4,35722.1,35596.1,35706.6,0
2019-11-25 15:15:00,1574675100,35704.2,35746.4,35693.2,35719.5,0
2019-11-26 09:15:00,1574739900,35860,36011.3,35768.7,35917.6,0
2019-11-26 10:15:00,1574743500,35913.6,35928.7,35762.2,35850.9,0
2019-11-26 11:15:00,1574747100,35844.5,35878.9,35814.9,35864.2,0
2019-11-26 12:15:00,1574750700,35856.5,35980,35852.9,35947.8,0
2019-11-26 13:15:00,1574754300,35946.6,35959.7,35833.9,35886.2,0
2019-11-26 14:15:00,1574757900,35884.4,35946.6,35648.7,35929.9,0
2019-11-26 15:15:00,1574761500,35925.4,36115.6,35903.1,36006.5,0
2019-11-27 09:15:00,1574826300,36143.2,36143.2,35970.9,36055,0
2019-11-27 10:15:00,1574829900,36055.4,36089.6,36007.7,36028.2,0
2019-11-27 11:15:00,1574833500,36038.1,36077.9,35979.1,35991.8,0
2019-11-27 12:15:00,1574837100,35992.3,36105.4,35965.9,36057.6,0
2019-11-27 13:15:00,1574840700,36059.5,36084.8,36021.8,36054.7,0
2019-11-27 14:15:00,1574844300,36057.9,36120.2,36040.9,36098.3,0
2019-11-27 15:15:00,1574847900,36105.5,36156.6,36097.8,36136.7,0
2019-11-28 09:15:00,1574912700,36206.6,36339.8,36164.7,36294.1,0
2019-11-28 10:15:00,1574916300,36293.8,36323.1,36247.5,36282,0
2019-11-28 11:15:00,1574919900,36282.1,36433.5,36279.8,36387.5,0
2019-11-28 12:15:00,1574923500,36386.9,36420,36345.1,36415.4,0
2019-11-28 13:15:00,1574927100,36423.4,36423.4,36324.5,36372.6,0
2019-11-28 14:15:00,1574930700,36377.3,36472.8,36332,36434.9,0
2019-11-28 15:15:00,1574934300,36436.2,36454.6,36413.6,36433.6,0
2019-11-29 09:15:00,1574999100,36357.3,36376.7,36215,36254.8,0
2019-11-29 10:15:00,1575002700,36256.3,36291.2,36144.4,36171.1,0
2019-11-29 11:15:00,1575006300,36170.8,36186,36045.9,36121,0
2019-11-29 12:15:00,1575009900,36116.4,36187.1,36093.6,36117.6,0
2019-11-29 13:15:00,1575013500,36119.2,36154,36066.7,36083.4,0
2019-11-29 14:15:00,1575017100,36080.8,36270.9,36036.1,36218.5,0
2019-11-29 15:15:00,1575020700,36223.7,36230.6,36169.9,36178,0
2019-12-02 09:15:00,1575258300,36310.9,36345.4,36052.6,36165.1,0
2019-12-02 10:15:00,1575261900,36165.1,36167.6,36017.5,36034.7,0
2019-12-02 11:15:00,1575265500,36041.2,36117.8,36026.8,36062.3,0
2019-12-02 12:15:00,1575269100,36062.4,36111.8,35986,36019.9,0
2019-12-02 13:15:00,1575272700,36020,36193.9,36009.4,36167.7,0
2019-12-02 14:15:00,1575276300,36164.2,36188.3,36089.9,36151.1,0
2019-12-02 15:15:00,1575279900,36160.4,36201.4,36139.1,36174.3,0
2019-12-03 09:15:00,1575344700,36156.2,36230.8,35997.7,36026.6,0
2019-12-03 10:15:00,1575348300,36028.5,36103.8,35929.9,35939.8,0
2019-12-03 11:15:00,1575351900,35943.2,35955.1,35816.4,35834,0
2019-12-03 12:15:00,1575355500,35833.4,35896,35781.6,35795.5,0
2019-12-03 13:15:00,1575359100,35801.3,35891.7,35787.8,35834,0
2019-12-03 14:15:00,1575362700,35834.4,35946.5,35796.2,35939.9,0
2019-12-03 15:15:00,1575366300,35929.6,35967.6,35909.1,35967.4,0
2019-12-04 09:15:00,1575431100,35874.1,36231.1,35767.7,36221.1,0
2019-12-04 10:15:00,1575434700,36236.1,36256.6,36139.4,36202.7,0
2019-12-04 11:15:00,1575438300,36201.6,36203.4,36111.7,36125.9,0
2019-12-04 12:15:00,1575441900,36125.5,36169.7,35955.2,36001,0
2019-12-04 13:15:00,1575445500,35997.7,36140,35970.4,36023.9,0
2019-12-04 14:15:00,1575449100,36013.5,36453.4,35997,36419.5,0
2019-12-04 15:15:00,1575452700,36423.4,36463.2,36385.3,36385.3,0
2019-12-05 09:15:00,1575517500,36562.5,36589.1,36441.9,36490.8,0
2019-12-05 10:15:00,1575521100,36497.1,36581.5,36473,36560.1,0
2019-12-05 11:15:00,1575524700,36555.2,36604.4,36192.8,36273.6,0
2019-12-05 12:15:00,1575528300,36270.3,36359.6,36128.6,36321.2,0
2019-12-05 13:15:00,1575531900,36322.5,36465.6,36287.8,36359.1,0
2019-12-05 14:15:00,1575535500,36359.2,36376.6,36110.2,36239.2,0
2019-12-05 15:15:00,1575539100,36234.1,36248.8,36033.7,36095.8,0
2019-12-09 09:15:00,1575863100,35788.5,35842.2,35494.1,35736,0
2019-12-09 10:15:00,1575866700,35739.4,35890.8,35674.6,35846.6,0
2019-12-09 11:15:00,1575870300,35847.6,35924,35795.5,35836.4,0
2019-12-09 12:15:00,1575873900,35832,35989.6,35819.8,35967.4,0
2019-12-09 13:15:00,1575877500,35962.9,36008.4,35767.2,35779.7,0
2019-12-09 14:15:00,1575881100,35760,35823.5,35672.9,35710.8,0
2019-12-09 15:15:00,1575884700,35709.8,35745.7,35697.9,35745.5,0
2019-12-10 09:15:00,1575949500,35789.2,35813,35605.5,35701.6,0
2019-12-10 10:15:00,1575953100,35700.5,35720.7,35616.7,35629.6,0
2019-12-10 11:15:00,1575956700,35635.4,35709.9,35594.6,35666.2,0
2019-12-10 12:15:00,1575960300,35666.3,35773.8,35601.1,35715.2,0
2019-12-10 13:15:00,1575963900,35716.1,35741.4,35614.3,35619.2,0
2019-12-10 14:15:00,1575967500,35613.7,35616.3,35489.6,35530,0
2019-12-10 15:15:00,1575971100,35532.4,35562.4,35525.9,35562.4,0
2019-12-11 09:15:00,1576035900,35517.4,35752.4,35310.5,35728.9,0
2019-12-11 10:15:00,1576039500,35729,35742.8,35623.9,35687.1,0
2019-12-11 11:15:00,1576043100,35679.2,35679.2,35512.1,35556.1,0
2019-12-11 12:15:00,1576046700,35553.1,35621.8,35511.9,35560.8,0
2019-12-11 13:15:00,1576050300,35562.6,35663.4,35549.4,35598.7,0
2019-12-11 14:15:00,1576053900,35593.8,35736.4,35388.4,35709.3,0
2019-12-11 15:15:00,1576057500,35714.2,35769.9,35695.2,35724.2,0
2019-12-12 09:15:00,1576122300,35832.5,35914,35790.7,35837.2,0
2019-12-12 10:15:00,1576125900,35825,35872.8,35798.7,35853.9,0
2019-12-12 11:15:00,1576129500,35851.4,35939,35831.9,35894.9,0
2019-12-12 12:15:00,1576133100,35894,35985.5,35859.2,35981.2,0
2019-12-12 13:15:00,1576136700,35982.1,36045,35918,36012.3,0
2019-12-12 14:15:00,1576140300,36007.9,36172.4,36007.9,36106.8,0
2019-12-12 15:15:00,1576143900,36114.6,36203.8,36114.6,36130.4,0
2019-12-13 09:15:00,1576208700,36255.8,36427.3,36250.3,36413.4,0
2019-12-13 10:15:00,1576212300,36425.3,36448.6,36360.7,36404.4,0
2019-12-13 11:15:00,1576215900,36403.3,36440.8,36359.4,36436.9,0
2019-12-13 12:15:00,1576219500,36435.6,36606.2,36428.4,36545.2,0
2019-12-13 13:15:00,1576223100,36548.1,36591.7,36502.7,36511.1,0
2019-12-13 14:15:00,1576226700,36513.4,36592.5,36453.8,36525.7,0
2019-12-13 15:15:00,1576230300,36525.6,36525.8,36435.4,36497.3,0
2019-12-16 09:15:00,1576467900,36659.9,36715,36504.2,36580.6,0
2019-12-16 10:15:00,1576471500,36584.5,36599.8,36509.8,36593.6,0
2019-12-16 11:15:00,1576475100,36590.4,36617.1,36437.1,36483.4,0
2019-12-16 12:15:00,1576478700,36482.2,36514.9,36430.9,36488,0
2019-12-16 13:15:00,1576482300,36492.8,36590.8,36487.1,36542,0
2019-12-16 14:15:00,1576485900,36542,36562.7,36456.7,36493.9,0
2019-12-16 15:15:00,1576489500,36493.1,36531,36473.6,36519.8,0
2019-12-17 09:15:00,1576554300,36611.2,36731.2,36526.5,36694.3,0
2019-12-17 10:15:00,1576557900,36693.9,36745.8,36682.8,36704.7,0
2019-12-17 11:15:00,1576561500,36705.9,36729.1,36645.1,36675.9,0
2019-12-17 12:15:00,1576565100,36676.1,36731.1,36673.1,36703.3,0
2019-12-17 13:15:00,1576568700,36703,36730.5,36637.3,36676.2,0
2019-12-17 14:15:00,1576572300,36678.7,36678.7,36588.3,36654.1,0
2019-12-17 15:15:00,1576575900,36661.5,36695.6,36644.6,36687.2,0
2019-12-18 09:15:00,1576640700,36733.2,36815.8,36536.4,36573.4,0
2019-12-18 10:15:00,1576644300,36576.3,36632.9,36528,36581.6,0
2019-12-18 11:15:00,1576647900,36585.2,36629.2,36552.9,36616.2,0
2019-12-18 12:15:00,1576651500,36618,36706.8,36579.7,36667.4,0
2019-12-18 13:15:00,1576655100,36661.5,36699.1,36611.4,36667.4,0
2019-12-18 14:15:00,1576658700,36673.4,36800.4,36662.4,36739.6,0
2019-12-18 15:15:00,1576662300,36738.2,36818.3,36734.9,36797.9,0
2019-12-19 09:15:00,1576727100,36780.9,36780.9,36564.2,36639,0
2019-12-19 10:15:00,1576730700,36639.2,36727.8,36579.2,36720.1,0
2019-12-19 11:15:00,1576734300,36719.6,36807.2,36690.9,36775.9,0
2019-12-19 12:15:00,1576737900,36774.6,36820.3,36666.3,36675.8,0
2019-12-19 13:15:00,1576741500,36679.4,36766.1,36679.4,36760.1,0
2019-12-19 14:15:00,1576745100,36757.7,36813.5,36714.8,36739.6,0
2019-12-19 15:15:00,1576748700,36740.9,36773,36731.9,36762.6,0
2019-12-20 09:15:00,1576813500,36771,36948.7,36727.1,36916.6,0
2019-12-20 10:15:00,1576817100,36917.3,36936.2,36810.4,36893.2,0
2019-12-20 11:15:00,1576820700,36888.3,36919,36829.6,36901.1,0
2019-12-20 12:15:00,1576824300,36897.3,36909.9,36820.2,36820.2,0
2019-12-20 13:15:00,1576827900,36825.3,36894.9,36775.2,36891.7,0
2019-12-20 14:15:00,1576831500,36895,36925.9,36818.5,36869.4,0
2019-12-20 15:15:00,1576835100,36866.8,36903.1,36842.9,36855.2,0
2019-12-23 09:15:00,1577072700,36881.8,36976.6,36822.6,36952.5,0
2019-12-23 10:15:00,1577076300,36951.9,36999.9,36883.5,36910.7,0
2019-12-23 11:15:00,1577079900,36912,36964.1,36881.1,36916.1,0
2019-12-23 12:15:00,1577083500,36916.3,36942,36832.9,36849,0
2019-12-23 13:15:00,1577087100,36851.6,36853.4,36772.6,36799.8,0
2019-12-23 14:15:00,1577090700,36808.6,36856.8,36670.5,36844.6,0
2019-12-23 15:15:00,1577094300,36850.5,36868.7,36824.4,36830.4,0
2019-12-24 09:15:00,1577159100,36863.5,36898.7,36785.3,36818.8,0
2019-12-24 10:15:00,1577162700,36818.8,36871,36793.7,36819.8,0
2019-12-24 11:15:00,1577166300,36818.7,36884.7,36807.5,36825,0
2019-12-24 12:15:00,1577169900,36823.5,36858.2,36783.6,36834.7,0
2019-12-24 13:15:00,1577173500,36831.7,36870.8,36802.4,36828.8,0
2019-12-24 14:15:00,1577177100,36831.6,36861,36764,36785.9,0
2019-12-24 15:15:00,1577180700,36788.3,36831.1,36784.5,36816.4,0
2019-12-26 09:15:00,1577331900,36878.3,36878.3,36743.5,36777,0
2019-12-26 10:15:00,1577335500,36783.2,36802,36715.8,36726.9,0
2019-12-26 11:15:00,1577339100,36726.2,36731,36638.6,36647.6,0
2019-12-26 12:15:00,1577342700,36649.9,36689.1,36597.3,36599.3,0
2019-12-26 13:15:00,1577346300,36600,36628.5,36499.2,36499.6,0
2019-12-26 14:15:00,1577349900,36502,36590.3,36479.4,36525,0
2019-12-26 15:15:00,1577353500,36527.9,36549.7,36473.2,36517.7,0
2019-12-27 09:15:00,1577418300,36643.4,36792.5,36547.6,36765.1,0
2019-12-27 10:15:00,1577421900,36762.5,36888.2,36728.3,36878.6,0
2019-12-27 11:15:00,1577425500,36883.4,36908,36838,36877.9,0
2019-12-27 12:15:00,1577429100,36877.7,36912.1,36848.1,36883.3,0
2019-12-27 13:15:00,1577432700,36881.9,36935,36845.9,36879.8,0
2019-12-27 14:15:00,1577436300,36879.8,36971.5,36838.1,36948.3,0
2019-12-27 15:15:00,1577439900,36949.2,37002.6,36947.9,36959.9,0
2019-12-30 09:15:00,1577677500,37150.7,37174.7,37000.1,37141,0
2019-12-30 10:15:00,1577681100,37141.7,37193.4,37053.3,37074.9,0
2019-12-30 11:15:00,1577684700,37071.3,37071.7,36834.4,36873.2,0
2019-12-30 12:15:00,1577688300,36872,36904.4,36787.2,36891.8,0
2019-12-30 13:15:00,1577691900,36894.3,36904,36823.2,36827.4,0
2019-12-30 14:15:00,1577695500,36825.5,36929.6,36825.5,36871.6,0
2019-12-30 15:15:00,1577699100,36876.7,36908.3,36844.1,36900.9,0
2019-12-31 09:15:00,1577763900,36910.7,36910.7,36698.4,36735.6,0
2019-12-31 10:15:00,1577767500,36735.3,36751.8,36657.9,36684.6,0
2019-12-31 11:15:00,1577771100,36685.9,36868.9,36671,36801.7,0
2019-12-31 12:15:00,1577774700,36802.7,36803.9,36730.3,36751.6,0
2019-12-31 13:15:00,1577778300,36751,36811.9,36750.7,36776.7,0
2019-12-31 14:15:00,1577781900,36776.6,36788.6,36661.5,36667.2,0
2019-12-31 15:15:00,1577785500,36673.4,36695.4,36612.8,36693.5,0
2020-01-01 09:15:00,1577850300,36731,36894.6,36647.4,36655.4,0
2020-01-01 10:15:00,1577853900,36656.1,36696.4,36585.5,36593.2,0
2020-01-01 11:15:00,1577857500,36594.3,36633.3,36549.2,36621.6,0
2020-01-01 12:15:00,1577861100,36616,36646.1,36533.9,36570.6,0
2020-01-01 13:15:00,1577864700,36574,36637.9,36559.4,36570.9,0
2020-01-01 14:15:00,1577868300,36562,36590,36529.5,36565.4,0
2020-01-01 15:15:00,1577871900,36573,36606.6,36549.2,36602.8,0
2020-01-02 09:15:00,1577936700,36596.2,36744.1,36560.3,36643.4,0
2020-01-02 10:15:00,1577940300,36647.7,36707.8,36626.6,36641.4,0
2020-01-02 11:15:00,1577943900,36642.2,36740.2,36642.2,36738.9,0
2020-01-02 12:15:00,1577947500,36740.2,36769.6,36702.9,36749.1,0
2020-01-02 13:15:00,1577951100,36739.5,36838.8,36730.1,36823.2,0
2020-01-02 14:15:00,1577954700,36823.8,36933.6,36823.8,36931.7,0
2020-01-02 15:15:00,1577958300,36921.8,36942.6,36895,36916,0
2020-01-03 09:15:00,1578023100,36927.3,36927.3,36614.2,36686.5,0
2020-01-03 10:15:00,1578026700,36685.5,36720.9,36564.7,36602.3,0
2020-01-03 11:15:00,1578030300,36604.9,36626.7,36521.9,36546.6,0
2020-01-03 12:15:00,1578033900,36547.1,36590,36499.4,36565.3,0
2020-01-03 13:15:00,1578037500,36568.2,36568.2,36460.3,36466.6,0
2020-01-03 14:15:00,1578041100,36468.1,36532.7,36395.9,36509.9,0
2020-01-03 15:15:00,1578044700,36519.9,36569.6,36514.3,36553.8,0
2020-01-06 09:15:00,1578282300,36350.1,36394.5,35883.1,36003.1,0
2020-01-06 10:15:00,1578285900,36004.1,36022.1,35888,35890,0
2020-01-06 11:15:00,1578289500,35887.5,35895,35759.3,35790.7,0
2020-01-06 12:15:00,1578293100,35789.3,35837,35713.6,35767.8,0
2020-01-06 13:15:00,1578296700,35764.4,35797.4,35653.6,35654.1,0
2020-01-06 14:15:00,1578300300,35652.8,35723.6,35563.5,35636.9,0
2020-01-06 15:15:00,1578303900,35648.5,35648.5,35622.4,35635.4,0
2020-01-07 09:15:00,1578368700,35974.3,36305.5,35974.3,36150.6,0
2020-01-07 10:15:00,1578372300,36151.7,36162.8,35798.6,35837.7,0
2020-01-07 11:15:00,1578375900,35837.4,35956.9,35794.7,35890.1,0
2020-01-07 12:15:00,1578379500,35899.6,35899.6,35641.1,35684.5,0
2020-01-07 13:15:00,1578383100,35675.4,35797.1,35582.4,35721.8,0
2020-01-07 14:15:00,1578386700,35725.4,35796.9,35676.2,35795.3,0
2020-01-07 15:15:00,1578390300,35801.7,35833.4,35787.6,35804.8,0
2020-01-08 09:15:00,1578455100,35413.6,35742.9,35233.5,35578.2,0
2020-01-08 10:15:00,1578458700,35577.9,35675.9,35461.3,35481.6,0
2020-01-08 11:15:00,1578462300,35462.4,35497.1,35391.9,35447.1,0
2020-01-08 12:15:00,1578465900,35445.2,35653,35418.1,35560.3,0
2020-01-08 13:15:00,1578469500,35564.3,35748.4,35512.8,35671.7,0
2020-01-08 14:15:00,1578473100,35670.7,35851.9,35606.9,35773.5,0
2020-01-08 15:15:00,1578476700,35778.1,35797.2,35734.1,35737.1,0
2020-01-09 09:15:00,1578541500,36176.1,36354.8,36131.7,36265.6,0
2020-01-09 10:15:00,1578545100,36267.5,36450.1,36264,36416.3,0
2020-01-09 11:15:00,1578548700,36420,36541.7,36379,36529.7,0
2020-01-09 12:15:00,1578552300,36535.9,36607.3,36491.1,36603.8,0
2020-01-09 13:15:00,1578555900,36607.8,36690.1,36549.1,36586.2,0
2020-01-09 14:15:00,1578559500,36585.6,36625.3,36552.2,36607.8,0
2020-01-09 15:15:00,1578563100,36601,36611.9,36541.2,36541.2,0
2020-01-10 09:15:00,1578627900,36686.2,36766,36543.5,36727.1,0
2020-01-10 10:15:00,1578631500,36728.2,36848,36720.8,36838.5,0
2020-01-10 11:15:00,1578635100,36834.3,36864.3,36779.1,36824.4,0
2020-01-10 12:15:00,1578638700,36821.7,36841.6,36686.1,36728.4,0
2020-01-10 13:15:00,1578642300,36739.2,36773.1,36478,36511.9,0
2020-01-10 14:15:00,1578645900,36505.7,36642.4,36440.5,36598.4,0
2020-01-10 15:15:00,1578649500,36607.2,36614.6,36567.9,36583.2,0
2020-01-13 09:15:00,1578887100,36721.7,36864.6,36593.6,36742.1,0
2020-01-13 10:15:00,1578890700,36746,36806.5,36670.2,36722.2,0
2020-01-13 11:15:00,1578894300,36722.2,36748.5,36686.7,36745.9,0
2020-01-13 12:15:00,1578897900,36747.6,36770.3,36614,36615.6,0
2020-01-13 13:15:00,1578901500,36621.6,36665.8,36567.7,36604.5,0
2020-01-13 14:15:00,1578905100,36592.1,36689.3,36566.5,36661,0
2020-01-13 15:15:00,1578908700,36669,36711.1,36653.3,36699.5,0
2020-01-14 09:15:00,1578973500,36742.1,36742.1,36505.8,36527,0
2020-01-14 10:15:00,1578977100,36521.8,36577.3,36461.8,36483.8,0
2020-01-14 11:15:00,1578980700,36486.1,36590.7,36468.5,36578.3,0
2020-01-14 12:15:00,1578984300,36577.5,36625.9,36549.6,36551.9,0
2020-01-14 13:15:00,1578987900,36553.3,36658.9,36480.1,36508.8,0
2020-01-14 14:15:00,1578991500,36508.9,36628.5,36481.1,36535.7,0
2020-01-14 15:15:00,1578995100,36537.1,36550.5,36512,36526.4,0
2020-01-15 09:15:00,1579059900,36501.2,36501.2,36165.2,36188.2,0
2020-01-15 10:15:00,1579063500,36183.6,36216.5,36154.9,36192.9,0
2020-01-15 11:15:00,1579067100,36191.6,36238.4,36164.4,36164.4,0
2020-01-15 12:15:00,1579070700,36166.3,36189.9,36129.8,36168.7,0
2020-01-15 13:15:00,1579074300,36171.6,36209.5,36112.4,36175.4,0
2020-01-15 14:15:00,1579077900,36178.6,36283.6,36164.9,36270.8,0
2020-01-15 15:15:00,1579081500,36284.3,36316.5,36276.8,36283.6,0
2020-01-16 09:15:00,1579146300,36302.9,36492.9,36240,36422.6,0
2020-01-16 10:15:00,1579149900,36427.2,36428.7,36151.2,36167.6,0
2020-01-16 11:15:00,1579153500,36165.2,36241.7,36165.2,36212.9,0
2020-01-16 12:15:00,1579157100,36208.1,36366.2,36190.9,36343.5,0
2020-01-16 13:15:00,1579160700,36349.4,36416.2,36294.2,36403.6,0
2020-01-16 14:15:00,1579164300,36403.6,36411,36296.2,36323.6,0
2020-01-16 15:15:00,1579167900,36327,36337.1,36306.2,36307.4,0
2020-01-17 09:15:00,1579232700,36190.5,36190.5,35910.8,36152.5,0
2020-01-17 10:15:00,1579236300,36155.9,36258,36109.9,36157.6,0
2020-01-17 11:15:00,1579239900,36159.7,36159.7,36054.7,36087.9,0
2020-01-17 12:15:00,1579243500,36091.1,36171.3,36074.6,36163.5,0
2020-01-17 13:15:00,1579247100,36164.3,36174.9,36086.7,36112.8,0
2020-01-17 14:15:00,1579250700,36110.2,36119.9,36024.9,36065.5,0
2020-01-17 15:15:00,1579254300,36067.3,36067.3,36006.1,36032.7,0
2020-01-20 09:15:00,1579491900,36383.6,36391.7,35878,35933.3,0
2020-01-20 10:15:00,1579495500,35932.6,35957.3,35816.1,35848.4,0
2020-01-20 11:15:00,1579499100,35847.4,35912.3,35831,35858.1,0
2020-01-20 12:15:00,1579502700,35859.1,35878.5,35632.4,35646,0
2020-01-20 13:15:00,1579506300,35638,35747.8,35541.3,35545.8,0
2020-01-20 14:15:00,1579509900,35525.4,35557.1,35415.6,35434.1,0
2020-01-20 15:15:00,1579513500,35439.3,35471.3,35406.1,35457.8,0
2020-01-21 09:15:00,1579578300,35387.1,35550.4,35188.6,35428.3,0
2020-01-21 10:15:00,1579581900,35429.8,35429.8,35226.8,35312.7,0
2020-01-21 11:15:00,1579585500,35333.6,35438.3,35279.5,35375.3,0
2020-01-21 12:15:00,1579589100,35377.5,35377.5,35295.8,35349.5,0
2020-01-21 13:15:00,1579592700,35351.5,35351.8,35250.5,35268,0
2020-01-21 14:15:00,1579596300,35273.5,35395.2,35210.6,35293,0
2020-01-21 15:15:00,1579599900,35295.8,35323.4,35275.1,35299.7,0
2020-01-22 09:15:00,1579664700,35480.2,35525.7,35224.5,35224.5,0
2020-01-22 10:15:00,1579668300,35217.8,35236.6,35030.7,35031,0
2020-01-22 11:15:00,1579671900,35027.7,35064.9,34969.9,34993.4,0
2020-01-22 12:15:00,1579675500,34993,35105.8,34993,35054.2,0
2020-01-22 13:15:00,1579679100,35049.8,35086.6,34883.8,34937.4,0
2020-01-22 14:15:00,1579682700,34931.4,35022.3,34879.6,34970.2,0
2020-01-22 15:15:00,1579686300,34971.2,34977.8,34934.4,34972.7,0
2020-01-23 09:15:00,1579751100,35035.4,35293,34911.5,35190.6,0
2020-01-23 10:15:00,1579754700,35189.4,35200.6,35026.8,35038.7,0
2020-01-23 11:15:00,1579758300,35039.3,35145.4,35012.5,35145.4,0
2020-01-23 12:15:00,1579761900,35167.2,35416.9,35167.2,35408.3,0
2020-01-23 13:15:00,1579765500,35411.8,35427,35284.9,35324.3,0
2020-01-23 14:15:00,1579769100,35325.7,35396.4,35313.8,35345.1,0
2020-01-23 15:15:00,1579772700,35344.5,35348,35317.3,35335,0
2020-01-24 09:15:00,1579837500,35374.2,35574.8,35201.8,35557.4,0
2020-01-24 10:15:00,1579841100,35562.8,35684,35562.8,35633.9,0
2020-01-24 11:15:00,1579844700,35628.5,35656.9,35545.8,35623.2,0
2020-01-24 12:15:00,1579848300,35617.1,35711.6,35585.5,35702.9,0
2020-01-24 13:15:00,1579851900,35705.4,35764.4,35668.7,35761.8,0
2020-01-24 14:15:00,1579855500,35760.8,35807.5,35632.9,35672,0
2020-01-24 15:15:00,1579859100,35676.4,35700.4,35651.6,35700.4,0
2020-01-27 09:15:00,1580096700,35609.2,35642.8,35311.6,35607,0
2020-01-27 10:15:00,1580100300,35605.4,35683.6,35514.4,35553.9,0
2020-01-27 11:15:00,1580103900,35562.7,35605.4,35521.1,35567.7,0
2020-01-27 12:15:00,1580107500,35566,35594.2,35461.3,35461.3,0
2020-01-27 13:15:00,1580111100,35467.4,35515.6,35379.1,35427.1,0
2020-01-27 14:15:00,1580114700,35429.3,35459.3,35247.6,35259.3,0
2020-01-27 15:15:00,1580118300,35265.6,35269.5,35226.3,35252.4,0
2020-01-28 09:15:00,1580183100,35412.8,35492.9,35155.1,35344,0
2020-01-28 10:15:00,1580186700,35346.6,35438.3,35242.8,35364.4,0
2020-01-28 11:15:00,1580190300,35372.2,35429.7,35338.6,35423.8,0
2020-01-28 12:15:00,1580193900,35425,35493.1,35323.1,35458.8,0
2020-01-28 13:15:00,1580197500,35460.4,35482.1,35281.6,35297.9,0
2020-01-28 14:15:00,1580201100,35300.5,35333.4,35049.8,35194,0
2020-01-28 15:15:00,1580204700,35202.3,35214.2,35154,35177.3,0
2020-01-29 09:15:00,1580269500,35324.5,35442.9,35276.9,35409.2,0
2020-01-29 10:15:00,1580273100,35408.2,35494.2,35331.4,35448.6,0
2020-01-29 11:15:00,1580276700,35450.6,35473.1,35400.8,35441.5,0
2020-01-29 12:15:00,1580280300,35443.3,35452,35355.6,35410,0
2020-01-29 13:15:00,1580283900,35412.7,35425.9,35242.4,35355.3,0
2020-01-29 14:15:00,1580287500,35360.1,35403.7,35214.7,35258.6,0
2020-01-29 15:15:00,1580291100,35269.5,35287.7,35245,35253.7,0
2020-01-30 09:15:00,1580355900,35361.1,35364.8,35010.8,35028.2,0
2020-01-30 10:15:00,1580359500,35027.7,35032,34932.9,34967.8,0
2020-01-30 11:15:00,1580363100,34975.2,35076.1,34966.3,35019.5,0
2020-01-30 12:15:00,1580366700,35015.2,35028.9,34936.6,34978,0
2020-01-30 13:15:00,1580370300,34975.2,35046.5,34908.8,34909.5,0
2020-01-30 14:15:00,1580373900,34914.5,35133.9,34898.5,35023.4,0
2020-01-30 15:15:00,1580377500,35047.1,35050,34967.1,35005.7,0
2020-01-31 09:15:00,1580442300,35546.5,35546.5,35269.3,35365.8,0
2020-01-31 10:15:00,1580445900,35359.4,35422.1,35230.5,35268.1,0
2020-01-31 11:15:00,1580449500,35267.4,35280.7,35130.4,35191.1,0
2020-01-31 12:15:00,1580453100,35189.2,35346.4,35141.7,35263.8,0
2020-01-31 13:15:00,1580456700,35264.9,35443.8,35256,35414,0
2020-01-31 14:15:00,1580460300,35436.5,35510.4,35240.9,35288.4,0
2020-01-31 15:15:00,1580463900,35288.2,35309.1,35252.4,35270.9,0
2020-02-01 09:15:00,1580528700,35285.8,35313.7,34865.4,35248.4,0
2020-02-01 10:15:00,1580532300,35247.4,35364.2,35190.5,35344.4,0
2020-02-01 11:15:00,1580535900,35344.9,35344.9,35069.5,35069.5,0
2020-02-01 12:15:00,1580539500,35080.7,35277.4,34951.1,35094.9,0
2020-02-01 13:15:00,1580543100,35086.9,35086.9,34285,34747.8,0
2020-02-01 14:15:00,1580546700,34733.7,34734.6,34088.6,34124.5,0
2020-02-01 15:15:00,1580550300,34144.2,34190.6,34067.7,34172.3,0
2020-02-03 09:15:00,1580701500,34156.9,34331.4,33958,34317.9,0
2020-02-03 10:15:00,1580705100,34316.4,34483.6,34316.4,34416.6,0
2020-02-03 11:15:00,1580708700,34410.1,34411.9,34153.9,34211.3,0
2020-02-03 12:15:00,1580712300,34212.4,34443,34168.1,34375.3,0
2020-02-03 13:15:00,1580715900,34377.1,34417.5,34262.6,34344.4,0
2020-02-03 14:15:00,1580719500,34333.5,34542.1,34295.6,34424.2,0
2020-02-03 15:15:00,1580723100,34403.3,34481.7,34403.3,34441.4,0
2020-02-04 09:15:00,1580787900,34723.1,34806.9,34615.2,34795.6,0
2020-02-04 10:15:00,1580791500,34789.4,35149.2,34789.4,35090.2,0
2020-02-04 11:15:00,1580795100,35092.9,35253,35092.9,35159.1,0
2020-02-04 12:15:00,1580798700,35160.7,35171.1,35033.8,35119.6,0
2020-02-04 13:15:00,1580802300,35120,35230.8,35110.3,35128.5,0
2020-02-04 14:15:00,1580805900,35129.4,35193.9,35090.2,35144.7,0
2020-02-04 15:15:00,1580809500,35136.9,35174.1,35123.8,35140.5,0
2020-02-05 09:15:00,1580874300,35260.4,35361.8,35095,35311.9,0
2020-02-05 10:15:00,1580877900,35311.9,35412.8,35267.8,35322.1,0
2020-02-05 11:15:00,1580881500,35323.5,35349.1,35109.9,35169.5,0
2020-02-05 12:15:00,1580885100,35166.1,35280.3,35154.3,35253.4,0
2020-02-05 13:15:00,1580888700,35253,35427,35238.9,35399.2,0
2020-02-05 14:15:00,1580892300,35402.3,35533.7,35402.3,35455.4,0
2020-02-05 15:15:00,1580895900,35462.4,35521.1,35451.3,35498.9,0
2020-02-06 09:15:00,1580960700,35503.4,35649.8,35448.9,35485.1,0
2020-02-06 10:15:00,1580964300,35486.4,35526.9,35388.8,35391.9,0
2020-02-06 11:15:00,1580967900,35395.2,35768.1,35395.2,35690,0
2020-02-06 12:15:00,1580971500,35687.2,35895.1,35684.6,35851.6,0
2020-02-06 13:15:00,1580975100,35851.5,36005,35749.6,35858,0
2020-02-06 14:15:00,1580978700,35860.4,35887.8,35776.6,35815.5,0
2020-02-06 15:15:00,1580982300,35812.4,35826.7,35771.5,35783,0
2020-02-07 09:15:00,1581047100,35931.9,35931.9,35620.9,35671.6,0
2020-02-07 10:15:00,1581050700,35658.9,35712.5,35613.3,35647,0
2020-02-07 11:15:00,1581054300,35646.2,35679,35586.4,35635.6,0
2020-02-07 12:15:00,1581057900,35636.8,35811.6,35614.7,35722.7,0
2020-02-07 13:15:00,1581061500,35734.5,35745.7,35630,35687.3,0
2020-02-07 14:15:00,1581065100,35684.9,35732.4,35632.6,35690.5,0
2020-02-07 15:15:00,1581068700,35680.4,35683.5,35628.3,35628.3,0
2020-02-10 09:15:00,1581306300,35775.2,35788.4,35476.4,35494.3,0
2020-02-10 10:15:00,1581309900,35499.6,35538.5,35413,35520.7,0
2020-02-10 11:15:00,1581313500,35519.7,35606.8,35479.3,35586.1,0
2020-02-10 12:15:00,1581317100,35581.8,35626,35530.2,35544.3,0
2020-02-10 13:15:00,1581320700,35539.4,35590.8,35506.1,35513.9,0
2020-02-10 14:15:00,1581324300,35503.1,35545,35439.9,35538.1,0
2020-02-10 15:15:00,1581327900,35543.8,35568.7,35520.9,35538.9,0
2020-02-11 09:15:00,1581392700,35676.9,36027.5,35674,35966.3,0
2020-02-11 10:15:00,1581396300,35966.3,35983.9,35906.1,35912.2,0
2020-02-11 11:15:00,1581399900,35915.5,35930.2,35821.4,35832.1,0
2020-02-11 12:15:00,1581403500,35832.1,35888.1,35814.2,35878.6,0
2020-02-11 13:15:00,1581407100,35879.6,35915.2,35827.9,35869.7,0
2020-02-11 14:15:00,1581410700,35854.4,35877.4,35797.6,35838.6,0
2020-02-11 15:15:00,1581414300,35837.2,35854.1,35804.2,35813.6,0
2020-02-12 09:15:00,1581479100,35879.4,36131,35879.1,36096.8,0
2020-02-12 10:15:00,1581482700,36101.7,36178.7,36087.6,36100.2,0
2020-02-12 11:15:00,1581486300,36099.3,36160.6,36043.7,36058.8,0
2020-02-12 12:15:00,1581489900,36057.8,36112.2,36032.9,36061.7,0
2020-02-12 13:15:00,1581493500,36062.9,36161.8,36026.8,36125.2,0
2020-02-12 14:15:00,1581497100,36116.9,36151.1,36080.8,36081.4,0
2020-02-12 15:15:00,1581500700,36081.3,36100.1,36063.3,36069.1,0
2020-02-13 09:15:00,1581565500,36233.9,36250.7,35815.5,35865.6,0
2020-02-13 10:15:00,1581569100,35860.7,35901,35818.6,35880.9,0
2020-02-13 11:15:00,1581572700,35878.4,35892.6,35774.9,35800.9,0
2020-02-13 12:15:00,1581576300,35800.8,35816,35740.8,35791.5,0
2020-02-13 13:15:00,1581579900,35793,35796.8,35701,35725.2,0
2020-02-13 14:15:00,1581583500,35727.3,35778.3,35698.6,35755.8,0
2020-02-13 15:15:00,1581587100,35760.8,35774.7,35724.2,35724.4,0
2020-02-14 09:15:00,1581651900,35814.4,35989,35806,35815.5,0
2020-02-14 10:15:00,1581655500,35819.9,35852,35246.2,35357,0
2020-02-14 11:15:00,1581659100,35353.9,35598.7,35336.8,35490.7,0
2020-02-14 12:15:00,1581662700,35486.3,35521.6,35422.8,35468.5,0
2020-02-14 13:15:00,1581666300,35472.3,35506.4,35396.4,35461.7,0
2020-02-14 14:15:00,1581669900,35457.8,35458.9,35319.3,35350.6,0
2020-02-14 15:15:00,1581673500,35351.3,35371.9,35326,35365.2,0
2020-02-17 09:15:00,1581911100,35362.3,35532.6,35132.9,35261,0
2020-02-17 10:15:00,1581914700,35280.9,35369.1,35193.1,35311.1,0
2020-02-17 11:15:00,1581918300,35311.8,35397.8,35311.8,35336.4,0
2020-02-17 12:15:00,1581921900,35337.6,35342.8,35206.1,35251.4,0
2020-02-17 13:15:00,1581925500,35252.3,35293.5,35174,35195.7,0
2020-02-17 14:15:00,1581929100,35187.1,35257.4,35173.8,35209.5,0
2020-02-17 15:15:00,1581932700,35205.7,35263.7,35203.1,35251.5,0
2020-02-18 09:15:00,1581997500,35220.8,35224.6,34970,35040.6,0
2020-02-18 10:15:00,1582001100,35038.7,35038.7,34867.3,34903,0
2020-02-18 11:15:00,1582004700,34904.4,34935.4,34845.7,34863.9,0
2020-02-18 12:15:00,1582008300,34863,34886.1,34777.6,34841.5,0
2020-02-18 13:15:00,1582011900,34843.6,34878.3,34770.6,34859.5,0
2020-02-18 14:15:00,1582015500,34857.5,35161.7,34848.3,35148.4,0
2020-02-18 15:15:00,1582019100,35151.1,35168.1,35102.3,35133.6,0
2020-02-19 09:15:00,1582083900,35414.2,35551,35215.2,35290.5,0
2020-02-19 10:15:00,1582087500,35289.6,35306.1,35171.3,35257.2,0
2020-02-19 11:15:00,1582091100,35257.7,35330.6,35250.3,35324.4,0
2020-02-19 12:15:00,1582094700,35324.6,35422.9,35301.2,35403.1,0
2020-02-19 13:15:00,1582098300,35402.3,35407.3,35291.6,35347.2,0
2020-02-19 14:15:00,1582101900,35344.4,35443.9,35314.7,35384.3,0
2020-02-19 15:15:00,1582105500,35396.6,35399.4,35364.2,35383.5,0
2020-02-20 09:15:00,1582170300,35462.9,35520.1,35252.6,35452.3,0
2020-02-20 10:15:00,1582173900,35455.5,35605.7,35448.7,35596.2,0
2020-02-20 11:15:00,1582177500,35598.3,35673.3,35579.1,35621.8,0
2020-02-20 12:15:00,1582181100,35623.4,35669,35578.8,35611.6,0
2020-02-20 13:15:00,1582184700,35613.1,35623.3,35546.9,35573.8,0
2020-02-20 14:15:00,1582188300,35573.8,35632.5,35489.9,35539.4,0
2020-02-20 15:15:00,1582191900,35534.7,35554.2,35495.2,35509.9,0
2020-02-24 09:15:00,1582515900,35328.2,35328.2,34978.5,35101.2,0
2020-02-24 10:15:00,1582519500,35107.8,35155.7,35054.2,35132.2,0
2020-02-24 11:15:00,1582523100,35131.3,35207.4,35101.3,35187.5,0
2020-02-24 12:15:00,1582526700,35184.8,35258.4,35167.5,35189.6,0
2020-02-24 13:15:00,1582530300,35194.8,35221.4,35100.1,35143.2,0
2020-02-24 14:15:00,1582533900,35140.4,35163.3,34929.5,34952.6,0
2020-02-24 15:15:00,1582537500,34958.4,34987.4,34928.8,34987,0
2020-02-25 09:15:00,1582602300,35080,35085.7,34833.4,35031.4,0
2020-02-25 10:15:00,1582605900,35030.2,35083.4,34974.6,35075.5,0
2020-02-25 11:15:00,1582609500,35073.8,35142.4,35021.2,35123.2,0
2020-02-25 12:15:00,1582613100,35124.7,35131.1,34939.4,34941.9,0
2020-02-25 13:15:00,1582616700,34950,35035.1,34840.6,34866.9,0
2020-02-25 14:15:00,1582620300,34867.2,35039.4,34830,34954.9,0
2020-02-25 15:15:00,1582623900,34968.2,34998,34941.1,34973.9,0
2020-02-26 09:15:00,1582688700,34897.4,34897.4,34675.3,34741.8,0
2020-02-26 10:15:00,1582692300,34747.9,34811.1,34648.4,34684.9,0
2020-02-26 11:15:00,1582695900,34684.6,34764.7,34679.2,34718.4,0
2020-02-26 12:15:00,1582699500,34732.7,34809.2,34723,34783.9,0
2020-02-26 13:15:00,1582703100,34786.5,35021.6,34786.5,34830.6,0
2020-02-26 14:15:00,1582706700,34822.3,34835.5,34616.3,34785.7,0
2020-02-26 15:15:00,1582710300,34789.4,34858.9,34768.8,34814.6,0
2020-02-27 09:15:00,1582775100,34828.9,34828.9,34347.5,34413.1,0
2020-02-27 10:15:00,1582778700,34414.1,34505.3,34379.5,34472.4,0
2020-02-27 11:15:00,1582782300,34474.3,34516.1,34412.1,34446.5,0
2020-02-27 12:15:00,1582785900,34448.6,34568.6,34417.9,34533.1,0
2020-02-27 13:15:00,1582789500,34543.8,34621.2,34462.7,34507.6,0
2020-02-27 14:15:00,1582793100,34512,34720.2,34491,34705.8,0
2020-02-27 15:15:00,1582796700,34705.5,34713.9,34637.3,34637.3,0
2020-02-28 09:15:00,1582861500,34121.4,34121.4,33630.9,33729.4,0
2020-02-28 10:15:00,1582865100,33714.8,33782.3,33692.5,33703.7,0
2020-02-28 11:15:00,1582868700,33699.4,33769,33576.4,33601.9,0
2020-02-28 12:15:00,1582872300,33607.4,33825.4,33486.5,33743.9,0
2020-02-28 13:15:00,1582875900,33741.9,33800.8,33601.2,33636.9,0
2020-02-28 14:15:00,1582879500,33640.7,33690.5,33331,33427.9,0
2020-02-28 15:15:00,1582883100,33423.6,33522.6,33423.6,33507.4,0
2020-03-02 09:15:00,1583120700,34003.8,34178.4,33643.6,33775.6,0
2020-03-02 10:15:00,1583124300,33784.2,33891.3,33773.2,33828.3,0
2020-03-02 11:15:00,1583127900,33829.1,33901.8,33801.6,33833.2,0
2020-03-02 12:15:00,1583131500,33831.7,33843,33692.9,33771,0
2020-03-02 13:15:00,1583135100,33773.2,33972.8,33773.2,33930.5,0
2020-03-02 14:15:00,1583138700,33929.9,33940.6,32812.7,32868.4,0
2020-03-02 15:15:00,1583142300,32859.3,33227.4,32796.5,33162.4,0
2020-03-03 09:15:00,1583207100,33458.2,33607.8,33276,33388.1,0
2020-03-03 10:15:00,1583210700,33387.5,33412.7,33023.7,33181,0
2020-03-03 11:15:00,1583214300,33172.5,33229.7,32996.7,33154,0
2020-03-03 12:15:00,1583217900,33155.4,33387.4,33099.4,33208.5,0
2020-03-03 13:15:00,1583221500,33195,33499.4,33156.5,33387.2,0
2020-03-03 14:15:00,1583225100,33392.4,33591.5,33272.3,33484.5,0
2020-03-03 15:15:00,1583228700,33482.5,33594.5,33476,33560.2,0
2020-03-04 09:15:00,1583293500,33532.6,33584.8,33250.3,33272.4,0
2020-03-04 10:15:00,1583297100,33258.1,33258.1,33029.3,33077,0
2020-03-04 11:15:00,1583300700,33077,33129.8,33006.3,33058.2,0
2020-03-04 12:15:00,1583304300,33055,33101,32674.4,32695,0
2020-03-04 13:15:00,1583307900,32688.6,32754.1,32325.5,32476.7,0
2020-03-04 14:15:00,1583311500,32510.7,33033.2,32492.7,33013.7,0
2020-03-04 15:15:00,1583315100,32993.6,33040.7,32884,32954.3,0
2020-03-05 09:15:00,1583379900,33207.1,33225.5,32847.8,32886.8,0
2020-03-05 10:15:00,1583383500,32889,33387.9,32804.3,33280.4,0
2020-03-05 11:15:00,1583387100,33283.9,33474.4,33224.1,33416.8,0
2020-03-05 12:15:00,1583390700,33417.2,33502.3,33279,33379.2,0
2020-03-05 13:15:00,1583394300,33372.6,33391.3,33127.5,33224.7,0
2020-03-05 14:15:00,1583397900,33218,33269,33057.4,33124.2,0
2020-03-05 15:15:00,1583401500,33124.3,33151.6,33052.4,33083.5,0
2020-03-06 09:15:00,1583466300,31952.6,32023,31392.3,31822.7,0
2020-03-06 10:15:00,1583469900,31810.6,31859.6,31617.4,31666.1,0
2020-03-06 11:15:00,1583473500,31667.6,31757.9,31612.7,31707.9,0
2020-03-06 12:15:00,1583477100,31715.2,32081.6,31677,32026.5,0
2020-03-06 13:15:00,1583480700,32045.5,32286,31964.1,32021.7,0
2020-03-06 14:15:00,1583484300,31993.6,32137.4,31891.2,32004.1,0
2020-03-06 15:15:00,1583487900,32005.4,32010.7,31946.1,31961.7,0
2020-03-09 09:15:00,1583725500,31278.8,31278.8,30653.3,30717.2,0
2020-03-09 10:15:00,1583729100,30714.9,30766.4,30476.6,30621.4,0
2020-03-09 11:15:00,1583732700,30610,30744.1,30592.5,30737.3,0
2020-03-09 12:15:00,1583736300,30734.4,30796.3,29858.4,30002.8,0
2020-03-09 13:15:00,1583739900,29980.5,30213.1,29872.2,30199.3,0
2020-03-09 14:15:00,1583743500,30194,30611.8,30119.3,30430.6,0
2020-03-09 15:15:00,1583747100,30456.3,30467.1,30311.1,30454.4,0
2020-03-11 09:15:00,1583898300,30344,30777.5,30160.4,30366.6,0
2020-03-11 10:15:00,1583901900,30336.1,30395.2,30163.1,30301.6,0
2020-03-11 11:15:00,1583905500,30285.1,30663.7,30249.1,30496.9,0
2020-03-11 12:15:00,1583909100,30492.2,30766.8,30460.3,30674.1,0
2020-03-11 13:15:00,1583912700,30649.8,30787,30402.1,30562.9,0
2020-03-11 14:15:00,1583916300,30567.9,30663.8,30419,30420,0
2020-03-11 15:15:00,1583919900,30445.7,30477.2,30403.8,30427.9,0
2020-03-12 09:15:00,1583984700,29071.5,29071.5,28553.3,28739.3,0
2020-03-12 10:15:00,1583988300,28732.7,28732.7,27684.5,28054.2,0
2020-03-12 11:15:00,1583991900,28015.3,28235.3,27857.1,28002.3,0
2020-03-12 12:15:00,1583995500,28014.5,29071.5,27684.5,28222.2,0
2020-03-12 13:15:00,1583999100,28232.7,28429.7,27944.7,27964.2,0
2020-03-12 14:15:00,1584002700,27931.6,28001.6,27199.8,27523.3,0
2020-03-12 15:15:00,1584006300,27510.7,27914.8,27510.7,27828.8,0
2020-03-13 09:15:00,1584071100,26151.8,26216.5,24527,24527,0
2020-03-13 10:15:00,1584074700,24510.5,28313,24510.5,27608,0
2020-03-13 11:15:00,1584078300,27580.9,28381.7,27327.9,28234.2,0
2020-03-13 12:15:00,1584081900,28244.1,29456.7,28149.3,28972.5,0
2020-03-13 13:15:00,1584085500,29006.2,29456.9,28787.2,28957.2,0
2020-03-13 14:15:00,1584089100,28956.4,28994,27881.4,28922.1,0
2020-03-13 15:15:00,1584092700,28928.3,29094.2,28835.6,29054.9,0
2020-03-16 09:15:00,1584330300,27684.6,27684.6,26808.2,27229.7,0
2020-03-16 10:15:00,1584333900,27228.3,27570.8,27124.2,27315.1,0
2020-03-16 11:15:00,1584337500,27316.4,27409.7,26936.1,26973.6,0
2020-03-16 12:15:00,1584341100,26977.3,27268.3,26766.4,27091.9,0
2020-03-16 13:15:00,1584344700,27086.3,27169.1,26620.9,26630.8,0
2020-03-16 14:15:00,1584348300,26623.4,26862,26387.3,26387.3,0
2020-03-16 15:15:00,1584351900,26375.4,26485.2,26363.2,26434.2,0
2020-03-17 09:15:00,1584416700,26620,26869.2,25683.8,26691.2,0
2020-03-17 10:15:00,1584420300,26700.5,26845.8,26375.4,26463.1,0
2020-03-17 11:15:00,1584423900,26459.7,26587.4,26173.8,26414,0
2020-03-17 12:15:00,1584427500,26420.8,26611.3,26273.4,26460.7,0
2020-03-17 13:15:00,1584431100,26459.2,26572.2,25998,26148.4,0
2020-03-17 14:15:00,1584434700,26161.8,26185.6,25114.1,25190.6,0
2020-03-17 15:15:00,1584438300,25178.7,25371.2,25154.6,25247.3,0
2020-03-18 09:15:00,1584503100,25567.3,25731,24469,24504.9,0
2020-03-18 10:15:00,1584506700,24488.3,24876,24104.2,24112.3,0
2020-03-18 11:15:00,1584510300,24134.8,24366.9,23523.2,23599.8,0
2020-03-18 12:15:00,1584513900,23590.1,23785.9,23073.8,23360.1,0
2020-03-18 13:15:00,1584517500,23371.5,23825,23265.3,23364.6,0
2020-03-18 14:15:00,1584521100,23368.3,23788.5,23215.1,23312.9,0
2020-03-18 15:15:00,1584524700,23322.2,23953.7,23305.7,23792.7,0
2020-03-19 09:15:00,1584589500,22335.1,22335.1,21257,21846,0
2020-03-19 10:15:00,1584593100,21837.1,23089.8,21695.9,23089,0
2020-03-19 11:15:00,1584596700,23188.6,23247.1,22360.6,22578.6,0
2020-03-19 12:15:00,1584600300,22556,23497.9,22499.8,23138.1,0
2020-03-19 13:15:00,1584603900,23122.8,23985.1,22919.9,23934.7,0
2020-03-19 14:15:00,1584607500,23904,23980.8,22940.3,22985.4,0
2020-03-19 15:15:00,1584611100,22980.7,22980.7,22740.5,22841.6,0
2020-03-20 09:15:00,1584675900,22863.5,23095.6,21971.4,22535.8,0
2020-03-20 10:15:00,1584679500,22531.9,22591.2,22188.3,22272.8,0
2020-03-20 11:15:00,1584683100,22261.6,23034.1,22261.6,22996.8,0
2020-03-20 12:15:00,1584686700,23011.8,23594,23011.8,23357.8,0
2020-03-20 13:15:00,1584690300,23397.3,23917.3,22584.7,22724.6,0
2020-03-20 14:15:00,1584693900,22728.7,23376.7,22557.6,23181.5,0
2020-03-20 15:15:00,1584697500,23153.4,23376.3,23153.4,23208,0
2020-03-23 09:15:00,1584935100,21310.6,21675.8,20233.9,20239,0
2020-03-23 10:15:00,1584938700,20239,20714.6,19745.2,19927.2,0
2020-03-23 11:15:00,1584942300,19901.9,20372.1,19622.6,19956.5,0
2020-03-23 12:15:00,1584945900,19927.3,20294.9,19832.2,19932.1,0
2020-03-23 13:15:00,1584949500,19945.9,20049.2,19346.4,19395.7,0
2020-03-23 14:15:00,1584953100,19393.6,19694,19241.5,19273,0
2020-03-23 15:15:00,1584956700,19260.3,19492.4,19188.5,19472,0
2020-03-24 09:15:00,1585021500,20576.1,20581.9,18692.8,18779.9,0
2020-03-24 10:15:00,1585025100,18753.7,19483.6,18430.3,19316.4,0
2020-03-24 11:15:00,1585028700,19320.4,19769.3,19219.3,19373.3,0
2020-03-24 12:15:00,1585032300,19370.5,19944.1,19259.1,19797.1,0
2020-03-24 13:15:00,1585035900,19804.5,20208.2,19761.8,19959,0
2020-03-24 14:15:00,1585039500,19956.5,20182.5,19461.6,19713.1,0
2020-03-24 15:15:00,1585043100,19750.7,19858.4,19691.4,19854.8,0
2020-03-25 09:15:00,1585107900,19322.2,19815.3,19141.4,19503.3,0
2020-03-25 10:15:00,1585111500,19494.3,19694.7,19367.3,19580.2,0
2020-03-25 11:15:00,1585115100,19582.8,19966.3,19479.9,19876.7,0
2020-03-25 12:15:00,1585118700,19880.1,21088.8,19831.4,21060,0
2020-03-25 13:15:00,1585122300,21064,21630.4,20998.5,21138.7,0
2020-03-25 14:15:00,1585125900,21146.1,21394,21103.3,21291.7,0
2020-03-25 15:15:00,1585129500,21291.5,21429,21225.2,21382.6,0
2020-03-26 09:15:00,1585194300,21747,22862.8,21207.5,22852.1,0
2020-03-26 10:15:00,1585197900,22850.3,23494.4,22759.9,22933.7,0
2020-03-26 11:15:00,1585201500,22959.5,23416.8,22483.5,23373.8,0
2020-03-26 12:15:00,1585205100,23367.9,23513.9,23150.4,23403.1,0
2020-03-26 13:15:00,1585208700,23400.8,23471.1,21972,22315.5,0
2020-03-26 14:15:00,1585212300,22298.6,22725.3,22096.5,22523.9,0
2020-03-26 15:15:00,1585215900,22521.9,22693.2,22512.5,22656.7,0
2020-03-27 09:15:00,1585280700,23778.9,24563.4,23635.3,23703.9,0
2020-03-27 10:15:00,1585284300,23684.7,24157,22664.7,22688.8,0
2020-03-27 11:15:00,1585287900,22674.3,23567.4,22663.9,23334.9,0
2020-03-27 12:15:00,1585291500,23286.2,23365,22767.7,22893.4,0
2020-03-27 13:15:00,1585295100,22853.9,23425.2,22540.2,23425.2,0
2020-03-27 14:15:00,1585298700,23402.8,23643.1,22843.8,22988.2,0
2020-03-27 15:15:00,1585302300,22994.8,23051.2,22883.5,22893.7,0
2020-03-30 09:15:00,1585539900,22460.7,22656.6,21899.2,22377.8,0
2020-03-30 10:15:00,1585543500,22378.1,22638.9,22262,22520.7,0
2020-03-30 11:15:00,1585547100,22520.5,22565.1,22154.5,22204.7,0
2020-03-30 12:15:00,1585550700,22206.7,22288.4,21871.1,21955.5,0
2020-03-30 13:15:00,1585554300,21958.3,22042.2,21721.1,21858.1,0
2020-03-30 14:15:00,1585557900,21866.8,21997.4,21465.5,21666.9,0
2020-03-30 15:15:00,1585561500,21679.8,21679.8,21512.7,21597.3,0
2020-03-31 09:15:00,1585626300,22344.5,22344.5,21654.3,21878.3,0
2020-03-31 10:15:00,1585629900,21893.3,22079.4,21690.2,21718.6,0
2020-03-31 11:15:00,1585633500,21717.2,22134.1,21717.2,22122.1,0
2020-03-31 12:15:00,1585637100,22114.4,22236.5,21990.2,22023.7,0
2020-03-31 13:15:00,1585640700,22028.1,22248.2,21976.4,22124.5,0
2020-03-31 14:15:00,1585644300,22126.5,22417.4,22029.8,22033.5,0
2020-03-31 15:15:00,1585647900,22024.1,22024.1,21898.2,21906.6,0
2020-04-01 09:15:00,1585712700,22076.1,22076.1,21140.2,21189.2,0
2020-04-01 10:15:00,1585716300,21186,21238.8,20797.2,20835.7,0
2020-04-01 11:15:00,1585719900,20839.2,21021.2,20837.8,21021.2,0
2020-04-01 12:15:00,1585723500,21021.8,21119.8,20806.3,20895.7,0
2020-04-01 13:15:00,1585727100,20899.9,20921.3,20685,20778.3,0
2020-04-01 14:15:00,1585730700,20782.8,20958.1,20746.2,20876.3,0
2020-04-01 15:15:00,1585734300,20871.9,20898.4,20838.8,20862.1,0
2020-04-03 09:15:00,1585885500,21002.9,21003.8,20000,20392.2,0
2020-04-03 10:15:00,1585889100,20398,20432.4,20038.5,20095.5,0
2020-04-03 11:15:00,1585892700,20079.7,20213.8,20037.5,20054.6,0
2020-04-03 12:15:00,1585896300,20044.3,20144.9,19945.9,20100.9,0
2020-04-03 13:15:00,1585899900,20106,20235.6,19739.4,19786.7,0
2020-04-03 14:15:00,1585903500,19783.9,19842,19608.7,19726.6,0
2020-04-03 15:15:00,1585907100,19723.9,19856.3,19723.9,19855.3,0
2020-04-07 09:15:00,1586231100,21161.9,21186.1,20738.9,20783.9,0
2020-04-07 10:15:00,1586234700,20790.2,20920.2,20590.8,20865.8,0
2020-04-07 11:15:00,1586238300,20862.9,21047.7,20858.8,20960.2,0
2020-04-07 12:15:00,1586241900,20957.9,21480.6,20952.3,21398.4,0
2020-04-07 13:15:00,1586245500,21406.6,21811,21331.8,21699,0
2020-04-07 14:15:00,1586249100,21689.3,22009.4,21665.8,21980.4,0
2020-04-07 15:15:00,1586252700,21983.4,21987.3,21788.4,21857.4,0
2020-04-08 09:15:00,1586317500,21606.8,22490,21211.6,22489.9,0
2020-04-08 10:15:00,1586321100,22493.9,23244.5,22414.3,22558.3,0
2020-04-08 11:15:00,1586324700,22573.2,22748.7,21749.1,22069.1,0
2020-04-08 12:15:00,1586328300,22065.7,22147.1,21588.2,21950,0
2020-04-08 13:15:00,1586331900,21979.7,22008.8,21384.8,21514.2,0
2020-04-08 14:15:00,1586335500,21506.6,21877.2,21502.5,21618.2,0
2020-04-08 15:15:00,1586339100,21616,21711.9,21615,21676.3,0
2020-04-09 09:15:00,1586403900,22252.5,22697.2,22146.8,22500.5,0
2020-04-09 10:15:00,1586407500,22505.9,22582.5,22053.2,22176.9,0
2020-04-09 11:15:00,1586411100,22185.9,22565.7,22011.4,22414.3,0
2020-04-09 12:15:00,1586414700,22443.3,22767.5,22344,22646.8,0
2020-04-09 13:15:00,1586418300,22648.3,22803.2,22451.2,22563.1,0
2020-04-09 14:15:00,1586421900,22559.9,23045.6,22473.4,22955.7,0
2020-04-09 15:15:00,1586425500,22943,22947.3,22835.7,22868.8,0
2020-04-13 09:15:00,1586749500,22876,22876,22206,22321.8,0
2020-04-13 10:15:00,1586753100,22319.1,22541,22199.2,22444.3,0
2020-04-13 11:15:00,1586756700,22447.2,22845.5,22366.6,22676.3,0
2020-04-13 12:15:00,1586760300,22688.1,22700.3,22403.4,22420.3,0
2020-04-13 13:15:00,1586763900,22396.3,22463,22227.7,22249.4,0
2020-04-13 14:15:00,1586767500,22241.2,22574.4,22211.9,22391,0
2020-04-13 15:15:00,1586771100,22383.7,22473.3,22383.7,22473.3,0
2020-04-15 09:15:00,1586922300,22971.1,23123.5,22653.3,23042.9,0
2020-04-15 10:15:00,1586925900,23043.6,23201.9,22933.6,23069.8,0
2020-04-15 11:15:00,1586929500,23064.3,23107.2,22862.5,22987.9,0
2020-04-15 12:15:00,1586933100,22993.7,23019.6,22642.3,22700.7,0
2020-04-15 13:15:00,1586936700,22688.5,22688.5,21837.6,21857.5,0
2020-04-15 14:15:00,1586940300,21877.2,21949.1,21556.9,21836.4,0
2020-04-15 15:15:00,1586943900,21844.1,21937.5,21843.9,21930.1,0
2020-04-16 09:15:00,1587008700,21728.8,21881.9,21394.4,21634.3,0
2020-04-16 10:15:00,1587012300,21633.6,21940.3,21603,21863.2,0
2020-04-16 11:15:00,1587015900,21909.7,22123.1,21856.2,22073.7,0
2020-04-16 12:15:00,1587019500,22081.6,22176.8,21804.7,22032.8,0
2020-04-16 13:15:00,1587023100,22022.9,22116.1,21933.6,22001.8,0
2020-04-16 14:15:00,1587026700,22021.1,22225.5,22021.1,22156.6,0
2020-04-16 15:15:00,1587030300,22151.4,22279.1,22148.4,22259.1,0
2020-04-17 09:15:00,1587095100,23171,23344.9,22901.8,23012.9,0
2020-04-17 10:15:00,1587098700,23023.6,23153.8,22616.7,22858.2,0
2020-04-17 11:15:00,1587102300,22859.8,23019.1,22532.6,22683.4,0
2020-04-17 12:15:00,1587105900,22681,22825.6,22594.1,22670.8,0
2020-04-17 13:15:00,1587109500,22672.2,22958.1,22590.9,22898.5,0
2020-04-17 14:15:00,1587113100,22916.3,23632.3,22854.6,23622.2,0
2020-04-17 15:15:00,1587116700,23615.9,23965.2,23609,23741,0
2020-04-20 09:15:00,1587354300,24144.3,24174.5,23659,23725.9,0
2020-04-20 10:15:00,1587357900,23749.6,24004.7,23685.7,23898.4,0
2020-04-20 11:15:00,1587361500,23894.2,23894.2,23561,23776.4,0
2020-04-20 12:15:00,1587365100,23762.6,23831.6,23577.3,23730.4,0
2020-04-20 13:15:00,1587368700,23737.8,23828,23661.9,23736.7,0
2020-04-20 14:15:00,1587372300,23738,23982.9,23327,23412.6,0
2020-04-20 15:15:00,1587375900,23420.6,23474.3,23380.3,23383.8,0
2020-04-21 09:15:00,1587440700,22622.3,22666.3,22335.9,22463.2,0
2020-04-21 10:15:00,1587444300,22455.6,22485.1,22315.1,22384.7,0
2020-04-21 11:15:00,1587447900,22380.4,22421.9,22242,22332.4,0
2020-04-21 12:15:00,1587451500,22344.4,22352.8,22028.8,22118.5,0
2020-04-21 13:15:00,1587455100,22119.4,22120.8,21965.4,22092.9,0
2020-04-21 14:15:00,1587458700,22082.9,22317.4,22074.8,22130.7,0
2020-04-21 15:15:00,1587462300,22135.7,22167.1,22048.7,22057.7,0
2020-04-22 09:15:00,1587527100,22013.2,22068.8,21743.4,21810.7,0
2020-04-22 10:15:00,1587530700,21805.9,22312.5,21786.5,22304.4,0
2020-04-22 11:15:00,1587534300,22331.1,22388.6,22076.1,22228.2,0
2020-04-22 12:15:00,1587537900,22222.3,22394.2,22193.7,22227.8,0
2020-04-22 13:15:00,1587541500,22216.8,22277.6,21964.6,22269.4,0
2020-04-22 14:15:00,1587545100,22258.8,22609.8,22258.8,22487.1,0
2020-04-22 15:15:00,1587548700,22491.7,22545.4,22468.8,22533.6,0
2020-04-23 09:15:00,1587613500,22722.7,22812.1,22390.8,22783.3,0
2020-04-23 10:15:00,1587617100,22782.2,22922.7,22778.4,22828.7,0
2020-04-23 11:15:00,1587620700,22826.3,23083.1,22777.4,23067.8,0
2020-04-23 12:15:00,1587624300,23066.1,23189.3,22972.7,23053.2,0
2020-04-23 13:15:00,1587627900,23054.6,23179,22889,23162,0
2020-04-23 14:15:00,1587631500,23155,23330.5,23082.5,23259.6,0
2020-04-23 15:15:00,1587635100,23255.9,23255.9,23165.6,23184.4,0
2020-04-24 09:15:00,1587699900,22659.1,22777.7,22426.7,22610.3,0
2020-04-24 10:15:00,1587703500,22600.5,22721.2,22503.8,22578.4,0
2020-04-24 11:15:00,1587707100,22583.7,22644.2,22506.2,22600.9,0
2020-04-24 12:15:00,1587710700,22616.9,22882.8,22596.8,22790.3,0
2020-04-24 13:15:00,1587714300,22785.9,22842.6,22419.8,22480.2,0
2020-04-24 14:15:00,1587717900,22484.5,22544.8,22391.8,22453.1,0
2020-04-24 15:15:00,1587721500,22460.4,22526.8,22443.7,22524,0
2020-04-27 09:15:00,1587959100,22694.4,23141.7,22691.2,23103.3,0
2020-04-27 10:15:00,1587962700,23115.9,23253.9,23071.6,23155.6,0
2020-04-27 11:15:00,1587966300,23157.3,23179.3,23041.1,23134,0
2020-04-27 12:15:00,1587969900,23131.1,23265.7,23121.2,23204.2,0
2020-04-27 13:15:00,1587973500,23205.6,23236.2,23060.3,23135.6,0
2020-04-27 14:15:00,1587977100,23121.3,23175.9,23006.1,23120.1,0
2020-04-27 15:15:00,1587980700,23109.1,23126.5,23087.2,23110.2,0
2020-04-28 09:15:00,1588045500,23503.8,23633.4,23331.3,23426.7,0
2020-04-28 10:15:00,1588049100,23431.5,23553.4,23377.3,23496.3,0
2020-04-28 11:15:00,1588052700,23515.6,23599.4,23487.8,23496.1,0
2020-04-28 12:15:00,1588056300,23503.7,23656.2,23451.1,23640.9,0
2020-04-28 13:15:00,1588059900,23632.8,23762.1,23620.7,23742.4,0
2020-04-28 14:15:00,1588063500,23747.9,23832.3,23665.4,23798.8,0
2020-04-28 15:15:00,1588067100,23797.7,23872.1,23771.4,23867.1,0
2020-04-29 09:15:00,1588131900,23608.6,23861.6,23477.9,23815.5,0
2020-04-29 10:15:00,1588135500,23818.9,23891.3,23703.7,23889.9,0
2020-04-29 11:15:00,1588139100,23887.8,23957.3,23851.8,23880.6,0
2020-04-29 12:15:00,1588142700,23881.3,23974.7,23840.5,23942.2,0
2020-04-29 13:15:00,1588146300,23941.6,23998.2,23862.7,23968,0
2020-04-29 14:15:00,1588149900,23974.1,24512.1,23960.5,24220.1,0
2020-04-29 15:15:00,1588153500,24224.6,24252,24084.2,24118.6,0
2020-04-30 09:15:00,1588218300,24820.2,25184.1,24809.3,25144.8,0
2020-04-30 10:15:00,1588221900,25139.6,25229.1,25061.2,25192.9,0
2020-04-30 11:15:00,1588225500,25189.6,25210.7,25104.8,25175.9,0
2020-04-30 12:15:00,1588229100,25181.9,25217.2,24685.3,24868.2,0
2020-04-30 13:15:00,1588232700,24859.6,24990.5,24777.9,24890.4,0
2020-04-30 14:15:00,1588236300,24889.2,24905.9,24536,24743.3,0
2020-04-30 15:15:00,1588239900,24747.1,24754.1,24649.7,24654.5,0
2020-05-04 09:15:00,1588563900,23688.7,23688.7,22841.3,22932.4,0
2020-05-04 10:15:00,1588567500,22931.4,23039.2,22884.4,22966.4,0
2020-05-04 11:15:00,1588571100,22965.9,23039.3,22851.7,22969.2,0
2020-05-04 12:15:00,1588574700,22969.8,23019.6,22865.8,22937.7,0
2020-05-04 13:15:00,1588578300,22932.9,23024.1,22769.2,22791.9,0
2020-05-04 14:15:00,1588581900,22797.4,22815,22576.8,22643.9,0
2020-05-04 15:15:00,1588585500,22651.5,22767.1,22651.5,22761.9,0
2020-05-05 09:15:00,1588650300,23151.3,23230.2,22694.8,22766.7,0
2020-05-05 10:15:00,1588653900,22761.6,22896,22753.8,22783.4,0
2020-05-05 11:15:00,1588657500,22782.8,22793.1,22545.1,22631.8,0
2020-05-05 12:15:00,1588661100,22636.9,22844.6,22495.9,22800.9,0
2020-05-05 13:15:00,1588664700,22809.9,22933.5,22597.3,22667.8,0
2020-05-05 14:15:00,1588668300,22664.9,22664.9,22063.6,22124.8,0
2020-05-05 15:15:00,1588671900,22134.1,22206.2,22132.2,22185.8,0
2020-05-06 09:15:00,1588736700,22174.9,22453,21760.5,22452.6,0
2020-05-06 10:15:00,1588740300,22430.9,22718.8,22338.8,22643.7,0
2020-05-06 11:15:00,1588743900,22643.7,22691.6,22443.8,22631.2,0
2020-05-06 12:15:00,1588747500,22627.1,22672.9,22508.6,22528.5,0
2020-05-06 13:15:00,1588751100,22512.6,22757.3,22500.8,22583.3,0
2020-05-06 14:15:00,1588754700,22582,22619.7,22235.6,22593.7,0
2020-05-06 15:15:00,1588758300,22593.2,22671.2,22556.4,22671.2,0
2020-05-07 09:15:00,1588823100,22532.1,22610.2,22196.8,22420,0
2020-05-07 10:15:00,1588826700,22433.2,22454.4,22218.4,22261.9,0
2020-05-07 11:15:00,1588830300,22264,22400.3,22245.1,22281.7,0
2020-05-07 12:15:00,1588833900,22276.3,22393.9,22176,22362.1,0
2020-05-07 13:15:00,1588837500,22361,22442.7,22242.2,22310.9,0
2020-05-07 14:15:00,1588841100,22280.3,22404,22258.7,22316.4,0
2020-05-07 15:15:00,1588844700,22312.3,22347.4,22282.8,22340.5,0
2020-05-08 09:15:00,1588909500,22739.1,22879.9,22641.1,22738.7,0
2020-05-08 10:15:00,1588913100,22739.5,22839,22683.3,22755.1,0
2020-05-08 11:15:00,1588916700,22754.9,22793.8,22639.2,22703.4,0
2020-05-08 12:15:00,1588920300,22706.4,22735.8,22580.5,22714.9,0
2020-05-08 13:15:00,1588923900,22718.9,22720.7,22424.1,22473.5,0
2020-05-08 14:15:00,1588927500,22470.3,22485.2,22138.8,22188.5,0
2020-05-08 15:15:00,1588931100,22195.6,22301.7,22186.1,22219.1,0
2020-05-11 09:15:00,1589168700,22585.1,22634.8,22275.5,22279.9,0
2020-05-11 10:15:00,1589172300,22280.7,22297,22129.8,22168.7,0
2020-05-11 11:15:00,1589175900,22174.4,22203.2,21971.2,22120.3,0
2020-05-11 12:15:00,1589179500,22112.7,22182.6,22005.4,22149.8,0
2020-05-11 13:15:00,1589183100,22158,22164.4,21853.7,21860.9,0
2020-05-11 14:15:00,1589186700,21846.1,21896.1,21645.1,21715.2,0
2020-05-11 15:15:00,1589190300,21719.2,21740.4,21688.2,21723.3,0
2020-05-12 09:15:00,1589255100,21525.8,21525.8,20969.7,21095.8,0
2020-05-12 10:15:00,1589258700,21088.9,21162.9,21034.2,21071.2,0
2020-05-12 11:15:00,1589262300,21071.2,21080.7,20915.8,21040.5,0
2020-05-12 12:15:00,1589265900,21042.4,21219,20934.5,21114.1,0
2020-05-12 13:15:00,1589269500,21142.5,21199.5,20989.6,21143.2,0
2020-05-12 14:15:00,1589273100,21144.4,21693.4,21144.4,21460,0
2020-05-12 15:15:00,1589276700,21459.8,21647.8,21457.1,21598,0
2020-05-13 09:15:00,1589341500,22982.6,22982.6,22301.7,22503.4,0
2020-05-13 10:15:00,1589345100,22506,22654.3,22443,22593.8,0
2020-05-13 11:15:00,1589348700,22591.5,22620.8,22497.3,22543.7,0
2020-05-13 12:15:00,1589352300,22539.8,22578.7,22238.6,22267.8,0
2020-05-13 13:15:00,1589355900,22264.9,22593.7,22190.6,22412.9,0
2020-05-13 14:15:00,1589359500,22405.2,22517.6,22333.6,22412.6,0
2020-05-13 15:15:00,1589363100,22416.7,22451.3,22397.8,22425.2,0
2020-05-14 09:15:00,1589427900,21967,22180,21894.1,22045.4,0
2020-05-14 10:15:00,1589431500,22043.6,22071.7,21914.8,21978.6,0
2020-05-14 11:15:00,1589435100,21967.6,22048.2,21915.3,22025.2,0
2020-05-14 12:15:00,1589438700,22023.7,22143.5,21982.8,22094.2,0
2020-05-14 13:15:00,1589442300,22092.5,22092.5,21832,21863.2,0
2020-05-14 14:15:00,1589445900,21861,21954.6,21763.3,21797.6,0
2020-05-14 15:15:00,1589449500,21797.4,21848.5,21771.2,21837.5,0
2020-05-15 09:15:00,1589514300,21939.6,21939.6,21422.8,21470,0
2020-05-15 10:15:00,1589517900,21474.4,21519.7,21374.7,21443,0
2020-05-15 11:15:00,1589521500,21441.3,21516.8,21410.3,21443.1,0
2020-05-15 12:15:00,1589525100,21447,21593.2,21447,21495.1,0
2020-05-15 13:15:00,1589528700,21494.3,21623.9,21429.3,21608.4,0
2020-05-15 14:15:00,1589532300,21606.5,21700.5,21541,21582,0
2020-05-15 15:15:00,1589535900,21578.5,21585.4,21546.6,21546.6,0
2020-05-19 09:15:00,1589859900,20696.4,20713.7,20153.5,20537.9,0
2020-05-19 10:15:00,1589863500,20533.1,20858.4,20533.1,20625.7,0
2020-05-19 11:15:00,1589867100,20627.1,20730.4,20555.2,20644,0
2020-05-19 12:15:00,1589870700,20646,20678.8,20309.9,20386.4,0
2020-05-19 13:15:00,1589874300,20392.3,20437.1,19983,20037,0
2020-05-19 14:15:00,1589877900,20041.2,20225.5,20039.3,20096.1,0
2020-05-19 15:15:00,1589881500,20095.3,20163.1,20095.3,20131.6,0
2020-05-20 09:15:00,1589946300,20059.4,20392,20011.2,20261.8,0
2020-05-20 10:15:00,1589949900,20261.6,20261.6,20077.5,20090.1,0
2020-05-20 11:15:00,1589953500,20089.1,20284.5,20085.8,20196.3,0
2020-05-20 12:15:00,1589957100,20203,20297.5,20179,20192.7,0
2020-05-20 13:15:00,1589960700,20192.1,20415,20109.5,20336.4,0
2020-05-20 14:15:00,1589964300,20373,20712.4,20346.7,20490.7,0
2020-05-20 15:15:00,1589967900,20489.2,20640.6,20489.2,20628.9,0
2020-05-21 09:15:00,1590032700,20631.9,20863.4,20542.4,20822.6,0
2020-05-21 10:15:00,1590036300,20828.3,20942.4,20807.8,20818.9,0
2020-05-21 11:15:00,1590039900,20815.1,20875.1,20711.3,20795.1,0
2020-05-21 12:15:00,1590043500,20795.6,20888.7,20691.8,20861.5,0
2020-05-21 13:15:00,1590047100,20865.2,20873.3,20586,20637.7,0
2020-05-21 14:15:00,1590050700,20624.6,20634.4,20328.2,20416.8,0
2020-05-21 15:15:00,1590054300,20413.4,20425.9,20383.4,20413.7,0
2020-05-22 09:15:00,1590119100,20201.4,20651.6,20069.6,20245,0
2020-05-22 10:15:00,1590122700,20249.4,20349.9,19675.7,19805.8,0
2020-05-22 11:15:00,1590126300,19815.9,19984,19795.9,19834.3,0
2020-05-22 12:15:00,1590129900,19819,19894.6,19771.4,19799.2,0
2020-05-22 13:15:00,1590133500,19803.8,19951.6,19696.7,19930.7,0
2020-05-22 14:15:00,1590137100,19939.7,19969.8,19760.2,19882.2,0
2020-05-22 15:15:00,1590140700,19879.9,19985,19879.9,19981.2,0
2020-05-26 09:15:00,1590464700,20135.4,20326,20117.5,20187.4,0
2020-05-26 10:15:00,1590468300,20185.2,20254.7,20145.9,20158.3,0
2020-05-26 11:15:00,1590471900,20154.5,20239.5,20092,20239.1,0
2020-05-26 12:15:00,1590475500,20235,20284.8,20132.5,20138.8,0
2020-05-26 13:15:00,1590479100,20103.2,20111.9,19950,19973.9,0
2020-05-26 14:15:00,1590482700,19980.7,20107.7,19906.2,20029.8,0
2020-05-26 15:15:00,1590486300,20031.6,20124.1,20025.3,20110.8,0
2020-05-27 09:15:00,1590551100,20247.8,20371,20209.5,20281.2,0
2020-05-27 10:15:00,1590554700,20284.9,20601,20284.9,20557.1,0
2020-05-27 11:15:00,1590558300,20556.6,20593.2,20479.8,20582.1,0
2020-05-27 12:15:00,1590561900,20576.6,20822.2,20576.6,20805.7,0
2020-05-27 13:15:00,1590565500,20805,21725.2,20778.2,21365.3,0
2020-05-27 14:15:00,1590569100,21347.4,21590.9,21186.4,21538.6,0
2020-05-27 15:15:00,1590572700,21540.7,21595.4,21474.8,21518.4,0
2020-05-28 09:15:00,1590637500,21796.9,22188.6,21595.8,22111.7,0
2020-05-28 10:15:00,1590641100,22124.9,22349.4,22087.3,22316.8,0
2020-05-28 11:15:00,1590644700,22312.5,22316,22096.5,22189.5,0
2020-05-28 12:15:00,1590648300,22184.5,22208.5,21902.4,21929.7,0
2020-05-28 13:15:00,1590651900,21925.4,22185.4,21893.5,21929,0
2020-05-28 14:15:00,1590655500,21933.3,22048.7,21908.8,22013.7,0
2020-05-28 15:15:00,1590659100,22009.8,22070.9,21992.5,22012.1,0
2020-05-29 09:15:00,1590723900,21834.4,21866.1,21541.2,21707.4,0
2020-05-29 10:15:00,1590727500,21710.6,22075.2,21668,21927.4,0
2020-05-29 11:15:00,1590731100,21929.1,22032.2,21760.1,21836.9,0
2020-05-29 12:15:00,1590734700,21838.1,21950.2,21806.6,21858.6,0
2020-05-29 13:15:00,1590738300,21837.3,22119.4,21817.5,22053.3,0
2020-05-29 14:15:00,1590741900,22073.9,22228.3,21943.4,22214.1,0
2020-05-29 15:15:00,1590745500,22202.3,22202.3,22054.7,22073.8,0
2020-06-01 09:15:00,1590983100,22706.3,23151.3,22589.3,23073.5,0
2020-06-01 10:15:00,1590986700,23078.3,23090,22963.1,23032.5,0
2020-06-01 11:15:00,1590990300,23030.3,23119.3,22983.5,23087.7,0
2020-06-01 12:15:00,1590993900,23101.7,23209.4,23006.8,23075.3,0
2020-06-01 13:15:00,1590997500,23078,23099.7,22706,22785.3,0
2020-06-01 14:15:00,1591001100,22789,22949.3,22743.2,22868.5,0
2020-06-01 15:15:00,1591004700,22870.3,22878.3,22815.3,22816.3,0
2020-06-02 09:15:00,1591069500,23131.7,23323,22824.1,23120.6,0
2020-06-02 10:15:00,1591073100,23117.9,23144.5,23006.9,23071.7,0
2020-06-02 11:15:00,1591076700,23078.2,23220.6,23033.8,23192.5,0
2020-06-02 12:15:00,1591080300,23202.4,23469.6,23153.4,23405.5,0
2020-06-02 13:15:00,1591083900,23402.6,23534.4,23337.9,23464.4,0
2020-06-02 14:15:00,1591087500,23462.9,23666.4,23405.3,23600.9,0
2020-06-02 15:15:00,1591091100,23598.1,23681.9,23573.4,23674,0
2020-06-03 09:15:00,1591155900,23954.8,24406.1,23954.8,24172.8,0
2020-06-03 10:15:00,1591159500,24173.9,24307.9,24168.6,24217,0
2020-06-03 11:15:00,1591163100,24224.4,24415,24224.4,24354.2,0
2020-06-03 12:15:00,1591166700,24352.3,24390.6,24273.6,24344.4,0
2020-06-03 13:15:00,1591170300,24340.4,24699.6,24326.4,24672.9,0
2020-06-03 14:15:00,1591173900,24672.7,24867.9,23992.6,24022.8,0
2020-06-03 15:15:00,1591177500,24001.5,24095.4,23959.2,24066.9,0
2020-06-04 09:15:00,1591242300,24058.8,24276.9,23864.5,23973.6,0
2020-06-04 10:15:00,1591245900,23968.6,24104,23879.1,23931.8,0
2020-06-04 11:15:00,1591249500,23937.2,23959.2,23579.6,23588.1,0
2020-06-04 12:15:00,1591253100,23606.7,23623.8,23369.4,23421.3,0
2020-06-04 13:15:00,1591256700,23425.2,23685.6,23404.2,23485.7,0
2020-06-04 14:15:00,1591260300,23471.1,23582.6,23391.9,23430.9,0
2020-06-04 15:15:00,1591263900,23432.5,23452.8,23396.4,23432.6,0
2020-06-05 09:15:00,1591328700,23591.3,23908.1,23578.3,23669.8,0
2020-06-05 10:15:00,1591332300,23659.3,23662.7,23428.8,23598.4,0
2020-06-05 11:15:00,1591335900,23602.9,23760.4,23544.1,23736.4,0
2020-06-05 12:15:00,1591339500,23742,23782.6,23633.2,23741.6,0
2020-06-05 13:15:00,1591343100,23746.7,23991.7,23694.1,23944.4,0
2020-06-05 14:15:00,1591346700,23936.9,24078.7,23762,24022.5,0
2020-06-05 15:15:00,1591350300,24021.3,24241.5,24021.2,24229.4,0
2020-06-08 09:15:00,1591587900,24593,24901.8,24587.6,24705.4,0
2020-06-08 10:15:00,1591591500,24721.5,24798.6,24618.7,24791.6,0
2020-06-08 11:15:00,1591595100,24792.8,24837,24638.6,24661,0
2020-06-08 12:15:00,1591598700,24660,24682.5,24215.7,24371.4,0
2020-06-08 13:15:00,1591602300,24363.6,24364.7,24056.8,24131.2,0
2020-06-08 14:15:00,1591605900,24125.9,24271.1,23912.7,24214.5,0
2020-06-08 15:15:00,1591609500,24212.8,24303.8,24183.1,24286.8,0
2020-06-09 09:15:00,1591674300,24350.5,24549.6,24027.4,24481.3,0
2020-06-09 10:15:00,1591677900,24490.7,24590.8,24406.9,24504.5,0
2020-06-09 11:15:00,1591681500,24506.4,24659,24456.7,24575.7,0
2020-06-09 12:15:00,1591685100,24576.7,24593.6,24251,24268.8,0
2020-06-09 13:15:00,1591688700,24288.2,24343.2,23888.6,23916.9,0
2020-06-09 14:15:00,1591692300,23911.3,24009.5,23609.9,23694.3,0
2020-06-09 15:15:00,1591695900,23700.6,23721.4,23566.1,23597.9,0
2020-06-10 09:15:00,1591760700,23925.5,23971.5,23638.4,23768.5,0
2020-06-10 10:15:00,1591764300,23764.1,24044,23764.1,23944.9,0
2020-06-10 11:15:00,1591767900,23948.8,23978.3,23727.9,23837,0
2020-06-10 12:15:00,1591771500,23836.8,24079.4,23768.2,23957.6,0
2020-06-10 13:15:00,1591775100,23954,23995.2,23812.4,23888.7,0
2020-06-10 14:15:00,1591778700,23901.2,24147.5,23687.2,24147.5,0
2020-06-10 15:15:00,1591782300,24169.7,24252.7,24158.3,24251,0
2020-06-11 09:15:00,1591847100,24081.7,24215.9,23858.4,24092.9,0
2020-06-11 10:15:00,1591850700,24100.9,24114.9,23797.3,23816.5,0
2020-06-11 11:15:00,1591854300,23804.4,23898.3,23722.8,23760.3,0
2020-06-11 12:15:00,1591857900,23767.2,23898.3,23610.9,23726.8,0
2020-06-11 13:15:00,1591861500,23727.9,23752.6,23465.4,23510.7,0
2020-06-11 14:15:00,1591865100,23518.3,23561.4,23364.8,23408.1,0
2020-06-11 15:15:00,1591868700,23417.9,23469.5,23360.3,23449.1,0
2020-06-12 09:15:00,1591933500,22386,22753.9,22292.8,22589.3,0
2020-06-12 10:15:00,1591937100,22590.9,22816.3,22582.8,22712.7,0
2020-06-12 11:15:00,1591940700,22722.2,23275.2,22687.3,22850.8,0
2020-06-12 12:15:00,1591944300,22858.7,22977.1,22675.5,22811.2,0
2020-06-12 13:15:00,1591947900,22805,23344.5,22787.3,23167.3,0
2020-06-12 14:15:00,1591951500,23158.6,23603.3,23136.9,23503.9,0
2020-06-12 15:15:00,1591955100,23502.7,23518.2,23409.2,23433.9,0
2020-06-15 09:15:00,1592192700,23355.1,23355.1,22874.8,22894.8,0
2020-06-15 10:15:00,1592196300,22891.6,22891.6,22580.8,22612.3,0
2020-06-15 11:15:00,1592199900,22599.1,22690.7,22486.7,22518.1,0
2020-06-15 12:15:00,1592203500,22518.9,22668.7,22479,22602.2,0
2020-06-15 13:15:00,1592207100,22621.9,22760.8,22517.2,22702.5,0
2020-06-15 14:15:00,1592210700,22713.7,22888.8,22611.1,22655.4,0
2020-06-15 15:15:00,1592214300,22668.2,22691.9,22605.9,22680.4,0
2020-06-16 09:15:00,1592279100,23278.8,23478.2,23200.7,23244.6,0
2020-06-16 10:15:00,1592282700,23244.5,23394.6,23163.4,23263.9,0
2020-06-16 11:15:00,1592286300,23266.6,23331.3,23043.2,23073.6,0
2020-06-16 12:15:00,1592289900,23072.5,23082.1,22663.9,22701.4,0
2020-06-16 13:15:00,1592293500,22646.4,22821.7,22221.8,22743.1,0
2020-06-16 14:15:00,1592297100,22738.6,23162.5,22705.8,23109.4,0
2020-06-16 15:15:00,1592300700,23110.9,23127.6,23046.5,23068.5,0
2020-06-17 09:15:00,1592365500,22915.3,23302.9,22760.9,23208.4,0
2020-06-17 10:15:00,1592369100,23208.2,23225.7,22949.9,23064.6,0
2020-06-17 11:15:00,1592372700,23065.8,23324.4,22930.1,23267.4,0
2020-06-17 12:15:00,1592376300,23275.8,23412.3,23236.3,23368.4,0
2020-06-17 13:15:00,1592379900,23375.8,23465.8,23200.7,23256.4,0
2020-06-17 14:15:00,1592383500,23228.8,23301.7,22920.7,22996,0
2020-06-17 15:15:00,1592387100,23003.2,23007.3,22954.4,22990.8,0
2020-06-18 09:15:00,1592451900,22877.9,22974.1,22784,22973.5,0
2020-06-18 10:15:00,1592455500,22987.9,23100.7,22933.9,23021,0
2020-06-18 11:15:00,1592459100,23019.9,23184.2,22985.4,23165.8,0
2020-06-18 12:15:00,1592462700,23169.9,23236.4,23073.1,23126.2,0
2020-06-18 13:15:00,1592466300,23122.8,23592.7,23121.1,23587,0
2020-06-18 14:15:00,1592469900,23583.9,23910.7,23583.9,23853.5,0
2020-06-18 15:15:00,1592473500,23837.5,23937.4,23807,23815,0
2020-06-19 09:15:00,1592538300,23890.2,24109,23726.6,23984,0
2020-06-19 10:15:00,1592541900,23993.9,24058.3,23812.1,24046.2,0
2020-06-19 11:15:00,1592545500,24044.8,24391.1,24019.5,24313.1,0
2020-06-19 12:15:00,1592549100,24310.8,24321.6,24001.5,24135.8,0
2020-06-19 13:15:00,1592552700,24127.4,24255.2,23882.7,23993.1,0
2020-06-19 14:15:00,1592556300,23985.5,24290.1,23956.9,24274.3,0
2020-06-19 15:15:00,1592559900,24278.6,24278.6,24186.9,24233,0
2020-06-22 09:15:00,1592797500,24321.4,24790.6,24310.5,24674.2,0
2020-06-22 10:15:00,1592801100,24661.8,24850.7,24524.8,24620.6,0
2020-06-22 11:15:00,1592804700,24617.1,24692,24514.4,24642.3,0
2020-06-22 12:15:00,1592808300,24651.4,24943.4,24651.4,24825.4,0
2020-06-22 13:15:00,1592811900,24821.7,25112.8,24810.3,25048.2,0
2020-06-22 14:15:00,1592815500,25079.8,25127.2,24608.6,24722.2,0
2020-06-22 15:15:00,1592819100,24711.4,24758.5,24689.7,24743.8,0
2020-06-23 09:15:00,1592883900,24847.3,24977,24651.6,24874.9,0
2020-06-23 10:15:00,1592887500,24875.8,24986.4,24821.8,24844.8,0
2020-06-23 11:15:00,1592891100,24846.9,24959.3,24780.8,24897,0
2020-06-23 12:15:00,1592894700,24896.9,25036.5,24821.9,25002,0
2020-06-23 13:15:00,1592898300,24998.8,25047.4,24887.8,24986.5,0
2020-06-23 14:15:00,1592901900,24984.8,25362.8,24947.9,25315.1,0
2020-06-23 15:15:00,1592905500,25318.9,25402.9,25294,25391.7,0
2020-06-24 09:15:00,1592970300,25512.2,25546.2,25257.8,25387.1,0
2020-06-24 10:15:00,1592973900,25398.9,25416.9,25041.5,25080.1,0
2020-06-24 11:15:00,1592977500,25080.8,25139.7,24920,25025.8,0
2020-06-24 12:15:00,1592981100,25024.8,25299.9,24850.5,24879,0
2020-06-24 13:15:00,1592984700,24877,24964.1,24645.5,24660.5,0
2020-06-24 14:15:00,1592988300,24675.8,24807,24207.4,24260.3,0
2020-06-24 15:15:00,1592991900,24272.4,24335.5,24177,24333.2,0
2020-06-25 09:15:00,1593056700,23908.3,24192.9,23739.5,24051.8,0
2020-06-25 10:15:00,1593060300,24052.7,24520.1,24052.7,24402,0
2020-06-25 11:15:00,1593063900,24410,24458.8,24118.3,24142.1,0
2020-06-25 12:15:00,1593067500,24148.8,24232.8,23934.7,24065.7,0
2020-06-25 13:15:00,1593071100,24067.7,24602.6,23982.4,24555.6,0
2020-06-25 14:15:00,1593074700,24571.4,24622.7,24337.1,24423.3,0
2020-06-25 15:15:00,1593078300,24426.1,24455.6,24402.6,24404.5,0
2020-06-26 09:15:00,1593143100,24684.4,24717.4,24479,24528,0
2020-06-26 10:15:00,1593146700,24530.5,24530.5,24241.5,24425.3,0
2020-06-26 11:15:00,1593150300,24420.2,24460.7,24287.5,24428.9,0
2020-06-26 12:15:00,1593153900,24436.6,24474.2,24169.8,24283.2,0
2020-06-26 13:15:00,1593157500,24291.4,24389,24198.9,24316.4,0
2020-06-26 14:15:00,1593161100,24317.1,24479,24269.2,24407.8,0
2020-06-26 15:15:00,1593164700,24415.4,24575.2,24415.3,24559.7,0
2020-06-29 09:15:00,1593402300,24154.7,24177.9,23850.1,23888.2,0
2020-06-29 10:15:00,1593405900,23881.9,24056.5,23844.1,24004.8,0
2020-06-29 11:15:00,1593409500,24010.6,24019.4,23909.8,23982.2,0
2020-06-29 12:15:00,1593413100,23980.1,24181.6,23965.6,24013.7,0
2020-06-29 13:15:00,1593416700,24025.5,24080.3,23914.3,24025.7,0
2020-06-29 14:15:00,1593420300,24020.9,24289.1,23980.3,24279.5,0
2020-06-29 15:15:00,1593423900,24287.7,24322.6,24233,24239.5,0
2020-06-30 09:15:00,1593488700,24419.5,24570.1,24388.2,24501.9,0
2020-06-30 10:15:00,1593492300,24506.7,24529.2,24381.3,24419.1,0
2020-06-30 11:15:00,1593495900,24425.2,24465.8,24335,24381.2,0
2020-06-30 12:15:00,1593499500,24383.1,24449.2,24288.3,24398.6,0
2020-06-30 13:15:00,1593503100,24394.1,24448.3,24335,24368.6,0
2020-06-30 14:15:00,1593506700,24368.4,24368.4,24121.9,24286.3,0
2020-06-30 15:15:00,1593510300,24307.8,24325.5,24285.8,24305.1,0
2020-07-01 09:15:00,1593575100,24249.2,24487.7,24157.8,24455.8,0
2020-07-01 10:15:00,1593578700,24445.7,24469.3,24363.2,24429.6,0
2020-07-01 11:15:00,1593582300,24429.1,24663.7,24404,24640.9,0
2020-07-01 12:15:00,1593585900,24640.5,24771.1,24569.8,24734.4,0
2020-07-01 13:15:00,1593589500,24760.6,24866.1,24665.8,24833.7,0
2020-07-01 14:15:00,1593593100,24835.2,25027.2,24779.8,24967.5,0
2020-07-01 15:15:00,1593596700,24942.3,24942.3,24813.2,24824.6,0
2020-07-02 09:15:00,1593661500,25081.1,25317.2,25081.1,25213.2,0
2020-07-02 10:15:00,1593665100,25216.3,25226,24837,24884.2,0
2020-07-02 11:15:00,1593668700,24880.5,25125.7,24826.9,25125.7,0
2020-07-02 12:15:00,1593672300,25132.6,25140.9,24982.8,25032.5,0
2020-07-02 13:15:00,1593675900,25050.3,25220.6,25003.9,25176.9,0
2020-07-02 14:15:00,1593679500,25191.1,25208.8,24871.3,24871.3,0
2020-07-02 15:15:00,1593683100,24867,24936.5,24821.6,24931.4,0
2020-07-03 09:15:00,1593747900,25053.6,25121,24749.6,24841.4,0
2020-07-03 10:15:00,1593751500,24833.1,24942.4,24777.2,24848.9,0
2020-07-03 11:15:00,1593755100,24846.8,25011.8,24821.4,24941.9,0
2020-07-03 12:15:00,1593758700,24941.3,25028.9,24833,24839.3,0
2020-07-03 13:15:00,1593762300,24840.4,24885.9,24713.9,24822.1,0
2020-07-03 14:15:00,1593765900,24821.2,24844.2,24747.2,24791,0
2020-07-03 15:15:00,1593769500,24791.3,24835.3,24775.5,24794,0
2020-07-06 09:15:00,1594007100,25160.3,25309,25144.6,25224.5,0
2020-07-06 10:15:00,1594010700,25231.3,25231.6,25138.9,25209.9,0
2020-07-06 11:15:00,1594014300,25240,25253.8,25195.5,25222.2,0
2020-07-06 12:15:00,1594017900,25222.9,25324.3,25199.8,25273,0
2020-07-06 13:15:00,1594021500,25275.8,25375.1,25181.9,25227.7,0
2020-07-06 14:15:00,1594025100,25225.5,25243.5,25129.4,25153.6,0
2020-07-06 15:15:00,1594028700,25150.7,25193.8,25139.1,25162.1,0
2020-07-07 09:15:00,1594093500,25187.6,25221.6,24986.7,25121.1,0
2020-07-07 10:15:00,1594097100,25120.8,25155.7,25050.3,25100.6,0
2020-07-07 11:15:00,1594100700,25094.5,25135.1,25011.8,25134.2,0
2020-07-07 12:15:00,1594104300,25130.4,25414.2,25115.2,25402.3,0
2020-07-07 13:15:00,1594107900,25391.8,25589.8,25360.4,25477.5,0
2020-07-07 14:15:00,1594111500,25479.2,25676.6,25475.6,25626.9,0
2020-07-07 15:15:00,1594115100,25628.5,25682.9,25556.4,25573.9,0
2020-07-08 09:15:00,1594179900,25700.7,25838.5,25664.3,25764.8,0
2020-07-08 10:15:00,1594183500,25768.5,25910.6,25767,25860.5,0
2020-07-08 11:15:00,1594187100,25861.9,25925.3,25720,25856.6,0
2020-07-08 12:15:00,1594190700,25860.7,26006.2,25813.9,25990.9,0
2020-07-08 13:15:00,1594194300,26004.8,26090.8,25902.7,26034.5,0
2020-07-08 14:15:00,1594197900,26033.6,26065.5,25511.7,25567.2,0
2020-07-08 15:15:00,1594201500,25567,25567,25459.5,25533.2,0
2020-07-09 09:15:00,1594266300,25720.5,25847.7,25687.9,25801.2,0
2020-07-09 10:15:00,1594269900,25802,25863.4,25683.4,25839.2,0
2020-07-09 11:15:00,1594273500,25841.6,25883.2,25764.3,25835,0
2020-07-09 12:15:00,1594277100,25832.8,25899.7,25657.6,25751.2,0
2020-07-09 13:15:00,1594280700,25744.4,25876.2,25737.5,25811.8,0
2020-07-09 14:15:00,1594284300,25810,25948.2,25751.2,25888.8,0
2020-07-09 15:15:00,1594287900,25889.8,26009,25889.8,25970.9,0
2020-07-10 09:15:00,1594352700,25729.6,25840.4,25661.4,25813.4,0
2020-07-10 10:15:00,1594356300,25812.9,25812.9,25589,25601.2,0
2020-07-10 11:15:00,1594359900,25600.5,25632.8,25488.9,25530.7,0
2020-07-10 12:15:00,1594363500,25535.7,25536.4,25369.1,25435.1,0
2020-07-10 13:15:00,1594367100,25431.8,25527.2,25308.4,25332.4,0
2020-07-10 14:15:00,1594370700,25338.4,25445.1,25273.9,25322.3,0
2020-07-10 15:15:00,1594374300,25322.6,25358.8,25295.5,25351.6,0
2020-07-13 09:15:00,1594611900,25567.2,25654.8,25382.3,25392.4,0
2020-07-13 10:15:00,1594615500,25388.6,25440.5,25125.3,25186.3,0
2020-07-13 11:15:00,1594619100,25192.5,25224.4,24993.1,25011.7,0
2020-07-13 12:15:00,1594622700,25000.3,25127.6,24903.8,25046.2,0
2020-07-13 13:15:00,1594626300,25041.7,25049.7,24886.4,25000.7,0
2020-07-13 14:15:00,1594629900,24995.8,25085.3,24932.9,24972.7,0
2020-07-13 15:15:00,1594633500,24985.1,25023.8,24962.2,25016.8,0
2020-07-14 09:15:00,1594698300,24759.7,24811.2,24521.7,24586.9,0
2020-07-14 10:15:00,1594701900,24572.7,24572.7,24250.4,24303.3,0
2020-07-14 11:15:00,1594705500,24297,24421.4,24281.5,24325.3,0
2020-07-14 12:15:00,1594709100,24329.9,24385.4,24040.8,24057.4,0
2020-07-14 13:15:00,1594712700,24059.3,24245.6,24059.3,24242.4,0
2020-07-14 14:15:00,1594716300,24249.5,24284.3,24136.9,24233.6,0
2020-07-14 15:15:00,1594719900,24243.6,24264.3,24229.7,24251.1,0
2020-07-15 09:15:00,1594784700,24451.2,24660.1,24319.3,24593.2,0
2020-07-15 10:15:00,1594788300,24591.1,24757.7,24591.1,24715.5,0
2020-07-15 11:15:00,1594791900,24715.7,24814.4,24583,24599.8,0
2020-07-15 12:15:00,1594795500,24557.4,24631.1,24493.2,24596.8,0
2020-07-15 13:15:00,1594799100,24585.2,24711.7,24517.4,24530.2,0
2020-07-15 14:15:00,1594802700,24522.2,24542.5,24041,24131.4,0
2020-07-15 15:15:00,1594806300,24136.1,24273.3,24104.8,24247,0
2020-07-16 09:15:00,1594871100,24251.9,24296.3,23824.5,23980.3,0
2020-07-16 10:15:00,1594874700,23981.3,24080.7,23935.3,24034.1,0
2020-07-16 11:15:00,1594878300,24037.9,24246.9,24026.1,24079.5,0
2020-07-16 12:15:00,1594881900,24069.1,24159.8,23972.4,24019.3,0
2020-07-16 13:15:00,1594885500,23999.2,24202.3,23999.2,24169.3,0
2020-07-16 14:15:00,1594889100,24181.3,24546.8,24173.8,24476.6,0
2020-07-16 15:15:00,1594892700,24470.8,24470.8,24385.3,24408.9,0
2020-07-17 09:15:00,1594957500,24472.2,24722,24457,24714.6,0
2020-07-17 10:15:00,1594961100,24718.8,24736.3,24409.1,24478.2,0
2020-07-17 11:15:00,1594964700,24472.9,24583.2,24440.8,24576.3,0
2020-07-17 12:15:00,1594968300,24587.1,24638.3,24446.6,24497.7,0
2020-07-17 13:15:00,1594971900,24500.9,24577.4,24416.1,24515.3,0
2020-07-17 14:15:00,1594975500,24513.7,24868.5,24469.6,24868.5,0
2020-07-17 15:15:00,1594979100,24867,24967.4,24867,24957.8,0
2020-07-20 09:15:00,1595216700,25273.9,25435,25074.3,25372.2,0
2020-07-20 10:15:00,1595220300,25377.1,25413.7,25220.1,25310.9,0
2020-07-20 11:15:00,1595223900,25316.4,25319.8,25184.5,25278.6,0
2020-07-20 12:15:00,1595227500,25278.8,25345.2,25226.1,25328.4,0
2020-07-20 13:15:00,1595231100,25329.7,25387.5,25098.9,25346.7,0
2020-07-20 14:15:00,1595234700,25350.4,25370.5,25215.6,25245.5,0
2020-07-20 15:15:00,1595238300,25239.7,25243.1,25170.6,25198.7,0
2020-07-21 09:15:00,1595303100,25561.3,25735.5,25558.5,25603.8,0
2020-07-21 10:15:00,1595306700,25608.2,25674.6,25575.6,25636.1,0
2020-07-21 11:15:00,1595310300,25632.4,25719.7,25612.7,25691,0
2020-07-21 12:15:00,1595313900,25685.5,25736,25641.8,25678,0
2020-07-21 13:15:00,1595317500,25681.4,25727.5,25616.9,25642.5,0
2020-07-21 14:15:00,1595321100,25644.9,25883.8,25644.9,25819.3,0
2020-07-21 15:15:00,1595324700,25812.9,25830.8,25773.3,25813.2,0
2020-07-22 09:15:00,1595389500,26204.3,26290.1,25675.2,25794.3,0
2020-07-22 10:15:00,1595393100,25795.1,25931.7,25763,25931.7,0
2020-07-22 11:15:00,1595396700,25930.9,25971.3,25889.8,25917.9,0
2020-07-22 12:15:00,1595400300,25917,26057.8,25859.6,25886.7,0
2020-07-22 13:15:00,1595403900,25891.8,25891.8,25721.2,25756.9,0
2020-07-22 14:15:00,1595407500,25756.3,25982.7,25665.9,25908.1,0
2020-07-22 15:15:00,1595411100,25914,25949.4,25900.1,25902.2,0
2020-07-23 09:15:00,1595475900,25797.8,25987.3,25753.6,25839.8,0
2020-07-23 10:15:00,1595479500,25841.5,26021,25841.5,26021,0
2020-07-23 11:15:00,1595483100,26019.4,26078.8,25957.2,26054.5,0
2020-07-23 12:15:00,1595486700,26053.5,26148.8,26002.8,26044.5,0
2020-07-23 13:15:00,1595490300,26046.5,26204.8,26035.2,26170,0
2020-07-23 14:15:00,1595493900,26171.2,26215.8,26018.6,26178.7,0
2020-07-23 15:15:00,1595497500,26168.1,26232.2,26155.7,26209.2,0
2020-07-24 09:15:00,1595562300,25918,25924.8,25647.7,25700.8,0
2020-07-24 10:15:00,1595565900,25703,25711,25422.8,25503.3,0
2020-07-24 11:15:00,1595569500,25508.1,25568.4,25465.5,25503.7,0
2020-07-24 12:15:00,1595573100,25502.5,25562.4,25428.3,25496.6,0
2020-07-24 13:15:00,1595576700,25495.6,25757.1,25495.6,25723.9,0
2020-07-24 14:15:00,1595580300,25729.5,25801.2,25612.8,25696.1,0
2020-07-24 15:15:00,1595583900,25701.7,25706.2,25669.6,25706.2,0
2020-07-27 09:15:00,1595821500,25800.8,25800.8,25045.4,25103.6,0
2020-07-27 10:15:00,1595825100,25091.2,25164.8,25055.8,25078.5,0
2020-07-27 11:15:00,1595828700,25076.4,25093.7,24994.3,25082.3,0
2020-07-27 12:15:00,1595832300,25080.7,25145.9,25041.4,25078.9,0
2020-07-27 13:15:00,1595835900,25081.4,25115.5,24827.2,24883.9,0
2020-07-27 14:15:00,1595839500,24875.3,24907.5,24713.5,24756,0
2020-07-27 15:15:00,1595843100,24775.8,24792.7,24741.3,24771.7,0
2020-07-28 09:15:00,1595907900,24881.3,25034.2,24585.2,24585.2,0
2020-07-28 10:15:00,1595911500,24585.8,24713.8,24508.4,24648.7,0
2020-07-28 11:15:00,1595915100,24647.4,24829.6,24645.4,24822.8,0
2020-07-28 12:15:00,1595918700,24840.5,24938.3,24778.2,24834.6,0
2020-07-28 13:15:00,1595922300,24830.1,25002,24807.7,24956.9,0
2020-07-28 14:15:00,1595925900,24955.3,25233.6,24948.7,25088,0
2020-07-28 15:15:00,1595929500,25083.8,25089.2,25008.3,25054,0
2020-07-29 09:15:00,1595994300,25076.2,25283.1,24989.4,25123.7,0
2020-07-29 10:15:00,1595997900,25138.3,25195.9,25007.8,25153.7,0
2020-07-29 11:15:00,1596001500,25158.4,25346.7,25151.2,25266.8,0
2020-07-29 12:15:00,1596005100,25269.3,25326.8,25246.3,25310.3,0
2020-07-29 13:15:00,1596008700,25306.2,25337.5,25035.2,25035.2,0
2020-07-29 14:15:00,1596012300,25046.7,25188.4,24874.9,25069.1,0
2020-07-29 15:15:00,1596015900,25078.3,25111.7,25031.2,25047.9,0
2020-07-30 09:15:00,1596080700,25159.9,25257.6,25057.6,25169.5,0
2020-07-30 10:15:00,1596084300,25163.5,25276.2,25103.3,25246.8,0
2020-07-30 11:15:00,1596087900,25248.1,25273.5,25175.7,25200.8,0
2020-07-30 12:15:00,1596091500,25201.8,25219.9,24881.6,24924.6,0
2020-07-30 13:15:00,1596095100,24923.1,24973,24716.7,24729.2,0
2020-07-30 14:15:00,1596098700,24701.5,24786.8,24539.8,24647.9,0
2020-07-30 15:15:00,1596102300,24655.9,24655.9,24569.1,24609.2,0
2020-07-31 09:15:00,1596167100,24661.3,24789.7,24302,24518.8,0
2020-07-31 10:15:00,1596170700,24526.6,24680.6,24448.2,24487.6,0
2020-07-31 11:15:00,1596174300,24489.8,24588.6,24396,24547.8,0
2020-07-31 12:15:00,1596177900,24542.7,24625.1,24488.6,24594.6,0
2020-07-31 13:15:00,1596181500,24591.1,24718.4,24431,24675,0
2020-07-31 14:15:00,1596185100,24670.8,24692.9,24480.4,24583.4,0
2020-07-31 15:15:00,1596188700,24578.7,24628.8,24553.2,24615.7,0
2020-08-03 09:15:00,1596426300,24595.5,24595.5,24137.4,24219.9,0
2020-08-03 10:15:00,1596429900,24217.5,24305.5,24171,24211.2,0
2020-08-03 11:15:00,1596433500,24210.7,24225.1,24119.3,24152.5,0
2020-08-03 12:15:00,1596437100,24157.5,24163,23956.6,23990.1,0
2020-08-03 13:15:00,1596440700,23984.3,24068.1,23955.4,24016.7,0
2020-08-03 14:15:00,1596444300,24023,24062.8,23895.2,23936,0
2020-08-03 15:15:00,1596447900,23946.3,24010.4,23929.3,24006.8,0
2020-08-04 09:15:00,1596512700,24123.3,24240.8,23916.5,24229.2,0
2020-08-04 10:15:00,1596516300,24226.6,24332.3,24200.7,24264.4,0
2020-08-04 11:15:00,1596519900,24262.7,24364.9,24261.6,24343.3,0
2020-08-04 12:15:00,1596523500,24342.1,24359.2,24220.2,24319.6,0
2020-08-04 13:15:00,1596527100,24326.7,24440.2,24268.7,24318.8,0
2020-08-04 14:15:00,1596530700,24317.5,24483.7,24317.5,24398.1,0
2020-08-04 15:15:00,1596534300,24395,24397.9,24364.4,24387.6,0
2020-08-05 09:15:00,1596599100,24573.3,24889.2,24571.7,24823.2,0
2020-08-05 10:15:00,1596602700,24819.5,24900.2,24778.2,24859.2,0
2020-08-05 11:15:00,1596606300,24864.2,24864.2,24372.8,24556.9,0
2020-08-05 12:15:00,1596609900,24559.1,24649,24471.4,24531.2,0
2020-08-05 13:15:00,1596613500,24536.4,24587.8,24425.3,24507.1,0
2020-08-05 14:15:00,1596617100,24518.6,24561.9,24356.5,24428.9,0
2020-08-05 15:15:00,1596620700,24433.2,24486.3,24417.5,24486.3,0
2020-08-06 09:15:00,1596685500,24586.9,24627.7,24440,24520.2,0
2020-08-06 10:15:00,1596689100,24521.9,24618,24385.6,24459.5,0
2020-08-06 11:15:00,1596692700,24452.7,24576,24280.1,24404.2,0
2020-08-06 12:15:00,1596696300,24388.2,24866.9,24388.2,24830.3,0
2020-08-06 13:15:00,1596699900,24837.3,24930.8,24623.4,24676.6,0
2020-08-06 14:15:00,1596703500,24669.4,24670.6,24436.3,24614.1,0
2020-08-06 15:15:00,1596707100,24623.3,24628,24585,24626.8,0
2020-08-07 09:15:00,1596771900,24558.7,24626.1,24328.2,24555.7,0
2020-08-07 10:15:00,1596775500,24553.3,24573.8,24481,24499.9,0
2020-08-07 11:15:00,1596779100,24499.8,24682.6,24491.4,24624.4,0
2020-08-07 12:15:00,1596782700,24629.1,24689.8,24519.5,24581.9,0
2020-08-07 13:15:00,1596786300,24571.7,24649.6,24530.4,24617.5,0
2020-08-07 14:15:00,1596789900,24615.6,24734.2,24564.6,24707.7,0
2020-08-07 15:15:00,1596793500,24704,24725.8,24689.4,24708,0
2020-08-10 09:15:00,1597031100,24742.2,25069.5,24739.1,24949.1,0
2020-08-10 10:15:00,1597034700,24946.8,25003.2,24894.6,24985.1,0
2020-08-10 11:15:00,1597038300,24986.3,25019.9,24945.5,24957.8,0
2020-08-10 12:15:00,1597041900,24960.8,25005.3,24920.9,24957.3,0
2020-08-10 13:15:00,1597045500,24957.5,25030.5,24779.3,24814.4,0
2020-08-10 14:15:00,1597049100,24798.6,24959.3,24798.6,24872.4,0
2020-08-10 15:15:00,1597052700,24867.2,24917.6,24853,24895.5,0
2020-08-11 09:15:00,1597117500,25079.3,25278,25049.7,25110.5,0
2020-08-11 10:15:00,1597121100,25110.8,25174.1,25067.5,25090.5,0
2020-08-11 11:15:00,1597124700,25088.4,25129.2,25035.2,25084.2,0
2020-08-11 12:15:00,1597128300,25082.2,25129.4,25043.9,25112.4,0
2020-08-11 13:15:00,1597131900,25109,25179,25083.2,25154.6,0
2020-08-11 14:15:00,1597135500,25151.8,25287.2,25124.5,25222.6,0
2020-08-11 15:15:00,1597139100,25223.3,25241.9,25219.2,25237,0
2020-08-12 09:15:00,1597203900,25115.9,25176.6,24965.6,25116.4,0
2020-08-12 10:15:00,1597207500,25119.3,25161,25064,25144.8,0
2020-08-12 11:15:00,1597211100,25145.1,25208.7,25118.6,25165.4,0
2020-08-12 12:15:00,1597214700,25172.3,25291.2,25169.2,25254.6,0
2020-08-12 13:15:00,1597218300,25253.3,25272.1,25143.1,25245.5,0
2020-08-12 14:15:00,1597221900,25246.8,25272.7,25192.7,25226.3,0
2020-08-12 15:15:00,1597225500,25233.7,25233.7,25172,25186.3,0
2020-08-13 09:15:00,1597290300,25292.3,25424.1,25292.3,25367.8,0
2020-08-13 10:15:00,1597293900,25364.3,25414.8,25333.1,25402.9,0
2020-08-13 11:15:00,1597297500,25405.1,25416.6,25180,25252.5,0
2020-08-13 12:15:00,1597301100,25245,25260.8,25134.3,25238.7,0
2020-08-13 13:15:00,1597304700,25240.1,25284.6,25168.7,25249.9,0
2020-08-13 14:15:00,1597308300,25250.9,25292.2,25093.4,25136.1,0
2020-08-13 15:15:00,1597311900,25139.6,25182.2,25137.2,25182.2,0
2020-08-14 09:15:00,1597376700,25319.2,25332.4,25141.1,25156.4,0
2020-08-14 10:15:00,1597380300,25157.5,25172.5,25054.4,25150,0
2020-08-14 11:15:00,1597383900,25150.2,25225,25128.5,25216.6,0
2020-08-14 12:15:00,1597387500,25215.9,25224.4,25120.9,25123.3,0
2020-08-14 13:15:00,1597391100,25120.9,25140.3,24551,24634.8,0
2020-08-14 14:15:00,1597394700,24605.8,24614.5,24353.9,24614.5,0
2020-08-14 15:15:00,1597398300,24618.1,24656.7,24600.9,24619.7,0
2020-08-17 09:15:00,1597635900,24824.9,24846.2,24399,24552.7,0
2020-08-17 10:15:00,1597639500,24557.8,24618.7,24505.6,24524.4,0
2020-08-17 11:15:00,1597643100,24527.4,24572.6,24471.3,24572.6,0
2020-08-17 12:15:00,1597646700,24572.3,24589.4,24494.8,24538.2,0
2020-08-17 13:15:00,1597650300,24533.8,24556.3,24354.4,24411,0
2020-08-17 14:15:00,1597653900,24402.1,24681.6,24320.7,24646.4,0
2020-08-17 15:15:00,1597657500,24651.2,24719.8,24642.8,24719.8,0
2020-08-18 09:15:00,1597722300,24635.9,24787.6,24582.7,24706.9,0
2020-08-18 10:15:00,1597725900,24714.2,24838.1,24714.2,24784.6,0
2020-08-18 11:15:00,1597729500,24784.7,24835.5,24743.2,24790.4,0
2020-08-18 12:15:00,1597733100,24789.3,24832.1,24772.3,24802.6,0
2020-08-18 13:15:00,1597736700,24801.5,25111.5,24775.5,25059.8,0
2020-08-18 14:15:00,1597740300,25067.2,25250.5,25067.2,25196.3,0
2020-08-18 15:15:00,1597743900,25199.4,25206.3,25168.4,25169.5,0
2020-08-19 09:15:00,1597808700,25333.4,25431.2,25302.3,25392.8,0
2020-08-19 10:15:00,1597812300,25389.2,25454.3,25366.9,25368.2,0
2020-08-19 11:15:00,1597815900,25365.3,25423.8,25286.6,25355.4,0
2020-08-19 12:15:00,1597819500,25357.4,25423,25320.2,25380,0
2020-08-19 13:15:00,1597823100,25380.9,25440.3,25239,25391.2,0
2020-08-19 14:15:00,1597826700,25394.1,25411.7,25246.9,25285.4,0
2020-08-19 15:15:00,1597830300,25278.6,25331.4,25278.6,25316.9,0
2020-08-20 09:15:00,1597895100,24950.8,25025.9,24895.2,24960.6,0
2020-08-20 10:15:00,1597898700,24957.2,25010.6,24935.5,24973.2,0
2020-08-20 11:15:00,1597902300,24974.9,25041.4,24974.9,24990,0
2020-08-20 12:15:00,1597905900,24991.7,25002.5,24823.6,24909.1,0
2020-08-20 13:15:00,1597909500,24911.1,25011.1,24850.1,24895.4,0
2020-08-20 14:15:00,1597913100,24897,25017.9,24874.7,24945.7,0
2020-08-20 15:15:00,1597916700,24948,24958.2,24924.2,24935.9,0
2020-08-21 09:15:00,1597981500,25081.7,25312.4,25081.7,25267.1,0
2020-08-21 10:15:00,1597985100,25267.4,25276.8,25211.4,25226.5,0
2020-08-21 11:15:00,1597988700,25229.5,25274.9,25178.8,25229.2,0
2020-08-21 12:15:00,1597992300,25227.7,25261.8,25216.6,25237.7,0
2020-08-21 13:15:00,1597995900,25233.8,25324.5,25223.6,25289.7,0
2020-08-21 14:15:00,1597999500,25288.5,25316.2,25241,25282.9,0
2020-08-21 15:15:00,1598003100,25283.9,25328.1,25264.1,25289.1,0
2020-08-24 09:15:00,1598240700,25370.2,25720.8,25370.2,25700.1,0
2020-08-24 10:15:00,1598244300,25704.1,25779.9,25657.1,25745.1,0
2020-08-24 11:15:00,1598247900,25738.5,25866.6,25719,25838.6,0
2020-08-24 12:15:00,1598251500,25839.1,25924.2,25832.4,25913.5,0
2020-08-24 13:15:00,1598255100,25907.2,25911.3,25831.2,25898.9,0
2020-08-24 14:15:00,1598258700,25898.8,25967.9,25891.9,25926.9,0
2020-08-24 15:15:00,1598262300,25906.9,25910.5,25862.9,25873.4,0
2020-08-25 09:15:00,1598327100,26068.5,26228.1,25991.7,26198.5,0
2020-08-25 10:15:00,1598330700,26198.7,26214.6,25946.8,26119.7,0
2020-08-25 11:15:00,1598334300,26117.2,26208.6,26076.1,26208.4,0
2020-08-25 12:15:00,1598337900,26205.5,26207.3,26127.8,26174.4,0
2020-08-25 13:15:00,1598341500,26174.1,26305.9,26084.8,26093.7,0
2020-08-25 14:15:00,1598345100,26078.3,26233.5,26008.6,26207.7,0
2020-08-25 15:15:00,1598348700,26211.4,26251.8,26209.2,26240.4,0
2020-08-26 09:15:00,1598413500,26291.6,26477.7,26245.6,26412.2,0
2020-08-26 10:15:00,1598417100,26409.2,26505.3,26400.8,26441.3,0
2020-08-26 11:15:00,1598420700,26443,26464.4,26368.7,26388.3,0
2020-08-26 12:15:00,1598424300,26389.6,26433,26334.1,26393.7,0
2020-08-26 13:15:00,1598427900,26395.5,26509.8,26359.9,26449,0
2020-08-26 14:15:00,1598431500,26447.6,26625.2,26428,26578.4,0
2020-08-26 15:15:00,1598435100,26578.8,26656.2,26578.8,26641.4,0
2020-08-27 09:15:00,1598499900,26731.3,26872.7,26696.7,26804,0
2020-08-27 10:15:00,1598503500,26808.2,26842.8,26770.5,26808.5,0
2020-08-27 11:15:00,1598507100,26808.3,26895.9,26794.3,26884.6,0
2020-08-27 12:15:00,1598510700,26886,26911.8,26835.4,26865,0
2020-08-27 13:15:00,1598514300,26875.9,26890.3,26782.4,26863.4,0
2020-08-27 14:15:00,1598517900,26864.3,26901.2,26760.4,26803.9,0
2020-08-27 15:15:00,1598521500,26807.8,26863.1,26786.8,26855.1,0
2020-08-28 09:15:00,1598586300,26831.3,27253.8,26819.1,27202.4,0
2020-08-28 10:15:00,1598589900,27204.5,27470.9,27164,27464.5,0
2020-08-28 11:15:00,1598593500,27463.1,27764.2,27463.1,27687.9,0
2020-08-28 12:15:00,1598597100,27700.4,27704,27469.9,27534.3,0
2020-08-28 13:15:00,1598600700,27538,27721.1,27516.5,27687.8,0
2020-08-28 14:15:00,1598604300,27692.4,27925.2,27691.6,27884.8,0
2020-08-28 15:15:00,1598607900,27889.7,27960.8,27868.7,27921.9,0
2020-08-31 09:15:00,1598845500,28368.8,28690.2,27992.5,28040.6,0
2020-08-31 10:15:00,1598849100,28049.9,28049.9,27626.4,27628.8,0
2020-08-31 11:15:00,1598852700,27630.8,27666.5,27214.7,27466.5,0
2020-08-31 12:15:00,1598856300,27471.8,27586.7,27066.4,27145.1,0
2020-08-31 13:15:00,1598859900,27130.2,27130.2,26856.8,26863.3,0
2020-08-31 14:15:00,1598863500,26855.6,27075,26541.5,27004.1,0
2020-08-31 15:15:00,1598867100,27006.4,27133.8,26837,26843.4,0
2020-09-01 09:15:00,1598931900,26999.4,27474,26768.1,27081.1,0
2020-09-01 10:15:00,1598935500,27091.4,27091.4,26801.2,26801.2,0
2020-09-01 11:15:00,1598939100,26774.8,27125.7,26670.3,26887.7,0
2020-09-01 12:15:00,1598942700,26892.9,27410.9,26816.3,27331.8,0
2020-09-01 13:15:00,1598946300,27351.4,27384.3,26970.1,27049.7,0
2020-09-01 14:15:00,1598949900,27051,27144.7,26758.2,27134.5,0
2020-09-01 15:15:00,1598953500,27159.2,27163.1,27097.5,27128.3,0
2020-09-02 09:15:00,1599018300,26964.4,27116.3,26832.3,26848.8,0
2020-09-02 10:15:00,1599021900,26844.7,26883.6,26714.8,26865.8,0
2020-09-02 11:15:00,1599025500,26867.5,26984.1,26838.7,26876.8,0
2020-09-02 12:15:00,1599029100,26874.1,26888.1,26713.9,26809.1,0
2020-09-02 13:15:00,1599032700,26798.9,26976.9,26684.8,26976.9,0
2020-09-02 14:15:00,1599036300,26984.5,27188.8,26984.5,27114.5,0
2020-09-02 15:15:00,1599039900,27107.8,27160.9,27091.8,27123.1,0
2020-09-03 09:15:00,1599104700,27286.6,27316.1,26963.2,27004.4,0
2020-09-03 10:15:00,1599108300,27003.9,27078.9,26973.6,26995.2,0
2020-09-03 11:15:00,1599111900,26982.6,27013.2,26804.8,26822.2,0
2020-09-03 12:15:00,1599115500,26823.1,27000.9,26810.2,26941.2,0
2020-09-03 13:15:00,1599119100,26939.5,26977.3,26863.8,26883.3,0
2020-09-03 14:15:00,1599122700,26882.3,26962.4,26692.6,26692.6,0
2020-09-03 15:15:00,1599126300,26697.8,26772.8,26639.6,26769.8,0
2020-09-04 09:15:00,1599191100,26207.6,26383.6,25958.5,26256.9,0
2020-09-04 10:15:00,1599194700,26260.5,26280,26175.1,26236.7,0
2020-09-04 11:15:00,1599198300,26240.8,26273.9,26187.4,26251.7,0
2020-09-04 12:15:00,1599201900,26255.3,26526.9,26244.7,26481.1,0
2020-09-04 13:15:00,1599205500,26477.4,26544.3,26291.8,26308.2,0
2020-09-04 14:15:00,1599209100,26293.8,26372.2,25985.9,26172,0
2020-09-04 15:15:00,1599212700,26178.5,26209.2,26122.6,26208.7,0
2020-09-07 09:15:00,1599450300,25995.8,26265.9,25911.1,26181.9,0
2020-09-07 10:15:00,1599453900,26189.7,26211.2,26019.8,26105.1,0
2020-09-07 11:15:00,1599457500,26126.6,26204.3,26077.9,26086.6,0
2020-09-07 12:15:00,1599461100,26091.9,26133.4,26037.2,26115.7,0
2020-09-07 13:15:00,1599464700,26121.3,26197.2,26053.3,26114.4,0
2020-09-07 14:15:00,1599468300,26122.5,26131.7,25812.2,26069.8,0
2020-09-07 15:15:00,1599471900,26089.2,26141.8,26071.2,26114.5,0
2020-09-08 09:15:00,1599536700,26083.6,26102.6,25910.7,26009.9,0
2020-09-08 10:15:00,1599540300,26015.2,26165.9,26007.7,26096.4,0
2020-09-08 11:15:00,1599543900,26094.7,26122.2,26031.3,26069.3,0
2020-09-08 12:15:00,1599547500,26068.6,26189.1,26064.5,26064.5,0
2020-09-08 13:15:00,1599551100,26070,26130.6,25981.2,26038.3,0
2020-09-08 14:15:00,1599554700,26039.2,26039.4,25798,25859.1,0
2020-09-08 15:15:00,1599558300,25862.4,25885.4,25715.9,25720.7,0
2020-09-09 09:15:00,1599623100,25487.6,25618.1,25288.7,25376.5,0
2020-09-09 10:15:00,1599626700,25381.5,25388.2,25245,25283.4,0
2020-09-09 11:15:00,1599630300,25281.6,25317.9,25153.2,25174.7,0
2020-09-09 12:15:00,1599633900,25172.7,25239.9,25068.8,25170.4,0
2020-09-09 13:15:00,1599637500,25174.4,25240.5,25098.4,25124,0
2020-09-09 14:15:00,1599641100,25125.3,25313.8,25065.2,25298.5,0
2020-09-09 15:15:00,1599644700,25306.4,25334.3,25275.4,25305.8,0
2020-09-10 09:15:00,1599709500,25509,25572.5,25383.9,25436.8,0
2020-09-10 10:15:00,1599713100,25433,25681.1,25422.4,25632.4,0
2020-09-10 11:15:00,1599716700,25632.3,25743.1,25598.2,25678.8,0
2020-09-10 12:15:00,1599720300,25677,25694.7,25466,25472.4,0
2020-09-10 13:15:00,1599723900,25437,25446.5,25225.5,25296.7,0
2020-09-10 14:15:00,1599727500,25299.1,25523.5,25298.7,25510.5,0
2020-09-10 15:15:00,1599731100,25501.5,25525.1,25460.9,25513.3,0
2020-09-11 09:15:00,1599795900,25496,25721.4,25373.4,25469.7,0
2020-09-11 10:15:00,1599799500,25470,25520.2,25345.5,25437.1,0
2020-09-11 11:15:00,1599803100,25435.8,25464.3,25350.2,25410.6,0
2020-09-11 12:15:00,1599806700,25413.4,25466.2,25236.2,25271.3,0
2020-09-11 13:15:00,1599810300,25272.6,25358.5,25220.7,25337.7,0
2020-09-11 14:15:00,1599813900,25338.1,25539.6,25278.4,25530.3,0
2020-09-11 15:15:00,1599817500,25535,25552.3,25489.2,25551,0
2020-09-14 09:15:00,1600055100,25776.4,25829.6,25612.8,25632.9,0
2020-09-14 10:15:00,1600058700,25638.6,25692.2,25585.9,25647.9,0
2020-09-14 11:15:00,1600062300,25654.6,25716.5,25614.3,25625.3,0
2020-09-14 12:15:00,1600065900,25630.9,25655.1,25500.5,25519.5,0
2020-09-14 13:15:00,1600069500,25518.9,25523.8,25194.6,25237.4,0
2020-09-14 14:15:00,1600073100,25233.1,25254.8,25037.5,25122.6,0
2020-09-14 15:15:00,1600076700,25123.1,25125.1,25049.5,25101.1,0
2020-09-15 09:15:00,1600141500,25187.8,25375.2,25064.1,25241.9,0
2020-09-15 10:15:00,1600145100,25246.5,25294.1,25127.7,25196.2,0
2020-09-15 11:15:00,1600148700,25192.3,25376.6,25184.4,25225.1,0
2020-09-15 12:15:00,1600152300,25216.8,25340,25191.5,25227.8,0
2020-09-15 13:15:00,1600155900,25226.7,25290.6,25132.6,25259,0
2020-09-15 14:15:00,1600159500,25261.3,25566.8,25230.2,25521.5,0
2020-09-15 15:15:00,1600163100,25519,25588.4,25499.6,25576.8,0
2020-09-16 09:15:00,1600227900,25585.8,25585.8,25409.8,25494.7,0
2020-09-16 10:15:00,1600231500,25491.1,25496.2,25352.4,25370.5,0
2020-09-16 11:15:00,1600235100,25359.9,25401,25216,25324,0
2020-09-16 12:15:00,1600238700,25325.3,25470.2,25286.8,25430.2,0
2020-09-16 13:15:00,1600242300,25433.1,25605,25383.2,25587.6,0
2020-09-16 14:15:00,1600245900,25598.6,25726.6,25598.6,25622.2,0
2020-09-16 15:15:00,1600249500,25620,25633.6,25588.9,25612.2,0
2020-09-17 09:15:00,1600314300,25431.3,25460.4,25318.4,25439.9,0
2020-09-17 10:15:00,1600317900,25439.9,25546.3,25400.4,25477.8,0
2020-09-17 11:15:00,1600321500,25472.1,25472.1,25312.1,25404.2,0
2020-09-17 12:15:00,1600325100,25402.6,25436.2,25339.4,25348.5,0
2020-09-17 13:15:00,1600328700,25343.4,25393.3,25303.6,25334.5,0
2020-09-17 14:15:00,1600332300,25337.3,25457.3,25266.4,25330.2,0
2020-09-17 15:15:00,1600335900,25340.3,25348.4,25313,25336.7,0
2020-09-18 09:15:00,1600400700,25443.3,25484.9,25343.8,25401.3,0
2020-09-18 10:15:00,1600404300,25391.9,25404.4,25285.3,25302.7,0
2020-09-18 11:15:00,1600407900,25302.6,25380.3,25297.1,25323.1,0
2020-09-18 12:15:00,1600411500,25320.3,25356.4,25264.7,25325.5,0
2020-09-18 13:15:00,1600415100,25330.3,25385,25258.9,25313,0
2020-09-18 14:15:00,1600418700,25310,25313.4,24743.2,25035.5,0
2020-09-18 15:15:00,1600422300,25043.5,25118.2,25012.7,25070.4,0
2020-09-21 09:15:00,1600659900,24924.5,25061.2,24858.3,24885.5,0
2020-09-21 10:15:00,1600663500,24884,25114.1,24863,24953,0
2020-09-21 11:15:00,1600667100,24938.8,25000.4,24894.4,24962.1,0
2020-09-21 12:15:00,1600670700,24962.2,25021.6,24807.6,24830.6,0
2020-09-21 13:15:00,1600674300,24828.6,24851.3,24409.2,24462.4,0
2020-09-21 14:15:00,1600677900,24457.2,24486.3,24278.7,24344.3,0
2020-09-21 15:15:00,1600681500,24356.8,24356.8,24192.5,24211.1,0
2020-09-22 09:15:00,1600746300,24351.4,24420,24041.2,24316.7,0
2020-09-22 10:15:00,1600749900,24299.3,24393.7,24162.3,24168.4,0
2020-09-22 11:15:00,1600753500,24169.1,24277.9,24133.4,24209.6,0
2020-09-22 12:15:00,1600757100,24196.4,24322.8,24069.2,24181.7,0
2020-09-22 13:15:00,1600760700,24184.8,24351.5,23995.4,23996.4,0
2020-09-22 14:15:00,1600764300,23999.9,24084,23842.8,24081,0
2020-09-22 15:15:00,1600767900,24085.1,24121.6,24036.5,24099.2,0
2020-09-23 09:15:00,1600832700,24235.2,24290.3,24029.9,24109.8,0
2020-09-23 10:15:00,1600836300,24110.9,24180.4,24085.5,24138.8,0
2020-09-23 11:15:00,1600839900,24143.2,24189.1,23993.7,24017.6,0
2020-09-23 12:15:00,1600843500,24012.4,24103.7,23927.7,24003.7,0
2020-09-23 13:15:00,1600847100,24004,24020.9,23682.4,23774.7,0
2020-09-23 14:15:00,1600850700,23768.3,24138.9,23751,24101.6,0
2020-09-23 15:15:00,1600854300,24091.8,24164.4,24072.7,24159.1,0
2020-09-24 09:15:00,1600919100,23734.5,23829.1,23668.3,23733.2,0
2020-09-24 10:15:00,1600922700,23742.2,23766.5,23628.7,23670.2,0
2020-09-24 11:15:00,1600926300,23667.5,23717.9,23612,23647.9,0
2020-09-24 12:15:00,1600929900,23661.1,23688,23561.2,23668.5,0
2020-09-24 13:15:00,1600933500,23672.6,23707.7,23457.3,23527.7,0
2020-09-24 14:15:00,1600937100,23532.4,23613.8,23248.1,23261.7,0
2020-09-24 15:15:00,1600940700,23261.8,23288.3,23204.5,23288.3,0
2020-09-25 09:15:00,1601005500,23584.5,23590.1,23237.6,23283.5,0
2020-09-25 10:15:00,1601009100,23277.9,23401.3,23234.1,23399,0
2020-09-25 11:15:00,1601012700,23400,23508.5,23310.8,23508.5,0
2020-09-25 12:15:00,1601016300,23541.1,23735.2,23481.9,23621.6,0
2020-09-25 13:15:00,1601019900,23598.7,23745.5,23521.1,23731.9,0
2020-09-25 14:15:00,1601023500,23732.7,23908.7,23710,23868.2,0
2020-09-25 15:15:00,1601027100,23851.2,23858.3,23774.7,23774.7,0
2020-09-28 09:15:00,1601264700,24007.3,24324.7,23925.2,24225.5,0
2020-09-28 10:15:00,1601268300,24232.8,24454.9,24146,24420.6,0
2020-09-28 11:15:00,1601271900,24417.8,24514.4,24379.6,24459.1,0
2020-09-28 12:15:00,1601275500,24464.1,24566.8,24354.3,24552.4,0
2020-09-28 13:15:00,1601279100,24554.4,24648.6,24514.2,24586.2,0
2020-09-28 14:15:00,1601282700,24591.3,24638,24516,24609,0
2020-09-28 15:15:00,1601286300,24607.7,24666.2,24586.5,24652.3,0
2020-09-29 09:15:00,1601351100,24759.9,24777.9,24296.3,24358.3,0
2020-09-29 10:15:00,1601354700,24357.4,24432.3,24210.9,24248.9,0
2020-09-29 11:15:00,1601358300,24251.1,24406.6,24237.5,24283.8,0
2020-09-29 12:15:00,1601361900,24284.8,24362.8,24212.4,24264,0
2020-09-29 13:15:00,1601365500,24255.3,24359.4,24181.1,24320.1,0
2020-09-29 14:15:00,1601369100,24325.8,24510.1,24220.3,24313,0
2020-09-29 15:15:00,1601372700,24319,24371.9,24311.3,24361.2,0
2020-09-30 09:15:00,1601437500,24289.2,24340.9,23997.7,24046.6,0
2020-09-30 10:15:00,1601441100,24048.7,24362.6,24047.1,24271.5,0
2020-09-30 11:15:00,1601444700,24273.3,24291,24089.1,24148.1,0
2020-09-30 12:15:00,1601448300,24133.7,24292.2,24103.6,24217,0
2020-09-30 13:15:00,1601451900,24214.1,24393.4,24141.8,24389.9,0
2020-09-30 14:15:00,1601455500,24399.4,24451.2,24299.8,24367.6,0
2020-09-30 15:15:00,1601459100,24360.3,24389.7,24300.5,24310.2,0
2020-10-01 09:15:00,1601523900,24518.3,24963.6,24518.3,24930.3,0
2020-10-01 10:15:00,1601527500,24935.6,25106.7,24900.4,25053.4,0
2020-10-01 11:15:00,1601531100,25051.9,25107.5,25032.7,25077.1,0
2020-10-01 12:15:00,1601534700,25075,25150.6,25031.2,25061,0
2020-10-01 13:15:00,1601538300,25063.8,25238.4,25018.7,25235.9,0
2020-10-01 14:15:00,1601541900,25237.3,25316.2,25193.1,25311.9,0
2020-10-01 15:15:00,1601545500,25303.3,25303.3,25223.7,25247.8,0
2020-10-05 09:15:00,1601869500,25365,25864.9,25365,25799.1,0
2020-10-05 10:15:00,1601873100,25796.7,25867.2,25677.4,25803.8,0
2020-10-05 11:15:00,1601876700,25800.4,25853.2,25543.6,25657.6,0
2020-10-05 12:15:00,1601880300,25655,25684.6,25442.6,25456,0
2020-10-05 13:15:00,1601883900,25474.1,25569.1,25288.7,25514.3,0
2020-10-05 14:15:00,1601887500,25526.5,25562.6,25397.1,25421.6,0
2020-10-05 15:15:00,1601891100,25429.4,25446.8,25404.6,25428.3,0
2020-10-06 09:15:00,1601955900,25743.6,25886.9,25576.8,25688.9,0
2020-10-06 10:15:00,1601959500,25689.8,25732,25604.4,25695.2,0
2020-10-06 11:15:00,1601963100,25698.6,25761.3,25674,25742.5,0
2020-10-06 12:15:00,1601966700,25744,25795.9,25651.7,25696.2,0
2020-10-06 13:15:00,1601970300,25699,25750.2,25613.9,25695.6,0
2020-10-06 14:15:00,1601973900,25696.3,25973.9,25681.9,25944.9,0
2020-10-06 15:15:00,1601977500,25933.6,25988.7,25922.8,25924.5,0
2020-10-07 09:15:00,1602042300,25960.7,26096.5,25657.5,26053.9,0
2020-10-07 10:15:00,1602045900,26044.2,26055.3,25843.6,25898.7,0
2020-10-07 11:15:00,1602049500,25898.6,25983.8,25827.1,25913.8,0
2020-10-07 12:15:00,1602053100,25909.9,26113.8,25909.9,25959.2,0
2020-10-07 13:15:00,1602056700,25964.7,26069.9,25895.2,26019.5,0
2020-10-07 14:15:00,1602060300,26022.8,26128.8,25993.5,26035.6,0
2020-10-07 15:15:00,1602063900,26023.9,26078.8,26023.1,26040.7,0
2020-10-08 09:15:00,1602128700,26192.4,26416.3,26192.4,26355.4,0
2020-10-08 10:15:00,1602132300,26350.2,26461,26337,26450.3,0
2020-10-08 11:15:00,1602135900,26449.5,26484,26417.4,26441.8,0
2020-10-08 12:15:00,1602139500,26441,26455,26378.7,26444.8,0
2020-10-08 13:15:00,1602143100,26440.4,26552.7,26257.7,26395.8,0
2020-10-08 14:15:00,1602146700,26395.9,26410,26122.1,26254.8,0
2020-10-08 15:15:00,1602150300,26258.3,26280.2,26235.1,26248.5,0
2020-10-09 09:15:00,1602215100,26349.1,26464.7,26204.5,26389.1,0
2020-10-09 10:15:00,1602218700,26386.7,26958.8,26376.3,26915.7,0
2020-10-09 11:15:00,1602222300,26935.2,26938.6,26747.9,26753.8,0
2020-10-09 12:15:00,1602225900,26751.2,26815.4,26703.5,26747.9,0
2020-10-09 13:15:00,1602229500,26751.5,26868,26647.5,26852.5,0
2020-10-09 14:15:00,1602233100,26859.6,26993.6,26855.4,26947.7,0
2020-10-09 15:15:00,1602236700,26947.4,27024.7,26928.9,27005.7,0
2020-10-12 09:15:00,1602474300,27124,27364.8,27083.3,27191,0
2020-10-12 10:15:00,1602477900,27177.2,27203,26954.8,27018.2,0
2020-10-12 11:15:00,1602481500,27019.6,27104,26866.1,26882.6,0
2020-10-12 12:15:00,1602485100,26881.5,27045.8,26818.5,26905.3,0
2020-10-12 13:15:00,1602488700,26895.6,26954.9,26670.6,26821.3,0
2020-10-12 14:15:00,1602492300,26813.9,26900.6,26739.4,26840.6,0
2020-10-12 15:15:00,1602495900,26840.1,26872.9,26830.6,26843.9,0
2020-10-13 09:15:00,1602560700,26805.8,26805.8,26561.9,26668.8,0
2020-10-13 10:15:00,1602564300,26671.1,26904.5,26671,26812.2,0
2020-10-13 11:15:00,1602567900,26809.7,26885.5,26747.5,26787.3,0
2020-10-13 12:15:00,1602571500,26787.5,26790.4,26582.4,26675,0
2020-10-13 13:15:00,1602575100,26679.7,26720.8,26587.4,26674.3,0
2020-10-13 14:15:00,1602578700,26675.7,26718.2,26587.6,26652.5,0
2020-10-13 15:15:00,1602582300,26661.9,26664.6,26575.7,26576.9,0
2020-10-14 09:15:00,1602647100,26487.2,26511.4,26292.4,26377.4,0
2020-10-14 10:15:00,1602650700,26379.4,26416.2,26317.3,26342.8,0
2020-10-14 11:15:00,1602654300,26342.9,26368.2,26253.6,26336.3,0
2020-10-14 12:15:00,1602657900,26337,26486,26317,26373.3,0
2020-10-14 13:15:00,1602661500,26372.9,26489.4,26311.8,26459.4,0
2020-10-14 14:15:00,1602665100,26459.7,27086.3,26447.7,27043.7,0
2020-10-14 15:15:00,1602668700,27040.3,27153.8,27027.4,27054.5,0
2020-10-15 09:15:00,1602733500,27119.5,27302.6,26784.9,27207.9,0
2020-10-15 10:15:00,1602737100,27203,27215.6,26996.6,27132.2,0
2020-10-15 11:15:00,1602740700,27133.7,27133.7,26997.9,27076.6,0
2020-10-15 12:15:00,1602744300,27073.5,27136.2,26836.1,26874.9,0
2020-10-15 13:15:00,1602747900,26869.6,26935.6,26373,26388,0
2020-10-15 14:15:00,1602751500,26404.8,26507.8,26088.2,26090.5,0
2020-10-15 15:15:00,1602755100,26089.8,26172.4,26052.2,26123.5,0
2020-10-16 09:15:00,1602819900,26324.4,26570.3,26262.4,26396.6,0
2020-10-16 10:15:00,1602823500,26404.2,26512.5,26336.2,26435.6,0
2020-10-16 11:15:00,1602827100,26433.7,26661.4,26348.3,26592.6,0
2020-10-16 12:15:00,1602830700,26586.1,26786.5,26530.2,26706,0
2020-10-16 13:15:00,1602834300,26704.1,26815.6,26580.9,26667.5,0
2020-10-16 14:15:00,1602837900,26679,26769.5,26587.1,26701,0
2020-10-16 15:15:00,1602841500,26700.6,26708.4,26620.8,26682.6,0
2020-10-19 09:15:00,1603079100,26976.5,27440.3,26934,27380.3,0
2020-10-19 10:15:00,1603082700,27388.6,27464.9,27273.8,27304.2,0
2020-10-19 11:15:00,1603086300,27302.9,27347.7,27222,27347.6,0
2020-10-19 12:15:00,1603089900,27350.4,27460.5,27341.1,27445.6,0
2020-10-19 13:15:00,1603093500,27447.7,27541.6,27375.9,27519.8,0
2020-10-19 14:15:00,1603097100,27517.2,27626.9,27426.7,27576.1,0
2020-10-19 15:15:00,1603100700,27583.9,27592.8,27513.3,27524.8,0
2020-10-20 09:15:00,1603165500,27412.7,27534,27293.6,27440.2,0
2020-10-20 10:15:00,1603169100,27438.8,27671.3,27380.9,27638.6,0
2020-10-20 11:15:00,1603172700,27637.8,27719.8,27587.7,27656.9,0
2020-10-20 12:15:00,1603176300,27657.9,27676.1,27511.7,27565.5,0
2020-10-20 13:15:00,1603179900,27570.9,27640.9,27517.4,27585.7,0
2020-10-20 14:15:00,1603183500,27580.7,27653.6,27566.9,27606.4,0
2020-10-20 15:15:00,1603187100,27603.4,27609.7,27560.3,27598.9,0
2020-10-21 09:15:00,1603251900,27728.6,28119.9,27716.5,28112.8,0
2020-10-21 10:15:00,1603255500,28110.9,28170.4,28058.9,28154.5,0
2020-10-21 11:15:00,1603259100,28153,28153,28049,28137.6,0
2020-10-21 12:15:00,1603262700,28133.3,28178.2,28071.7,28119.2,0
2020-10-21 13:15:00,1603266300,28120,28121.4,27387.7,27421,0
2020-10-21 14:15:00,1603269900,27400.2,28002.6,27340.1,27995.7,0
2020-10-21 15:15:00,1603273500,28000.6,28039.3,27961.5,27970,0
2020-10-22 09:15:00,1603338300,27732.3,28012.5,27627.8,27780.6,0
2020-10-22 10:15:00,1603341900,27780.1,28031,27761.9,27978.2,0
2020-10-22 11:15:00,1603345500,27974.6,27975.8,27776.1,27845.4,0
2020-10-22 12:15:00,1603349100,27844.3,27911,27655,27856.3,0
2020-10-22 13:15:00,1603352700,27862.2,27935.5,27688.2,27828.5,0
2020-10-22 14:15:00,1603356300,27829.2,27842.3,27534.3,27782.3,0
2020-10-22 15:15:00,1603359900,27784.9,27854.1,27784.1,27818.3,0
2020-10-23 09:15:00,1603424700,27945.8,28123.4,27858.6,27883.9,0
2020-10-23 10:15:00,1603428300,27882.2,27911.4,27689.3,27744.2,0
2020-10-23 11:15:00,1603431900,27753,27809.8,27650.3,27690.9,0
2020-10-23 12:15:00,1603435500,27689.8,27881.3,27687.1,27831,0
2020-10-23 13:15:00,1603439100,27838.3,27844.7,27722,27760.4,0
2020-10-23 14:15:00,1603442700,27760.6,27908.7,27735,27791.9,0
2020-10-23 15:15:00,1603446300,27783.4,27793.4,27757.5,27793.4,0
2020-10-26 09:15:00,1603683900,27799.8,27898.5,27667.9,27785.6,0
2020-10-26 10:15:00,1603687500,27786.2,27821.5,27725.4,27734.7,0
2020-10-26 11:15:00,1603691100,27735.2,27735.2,27407.1,27454.9,0
2020-10-26 12:15:00,1603694700,27454.5,27462,27118.3,27217.9,0
2020-10-26 13:15:00,1603698300,27218.7,27343.2,27109.3,27192.9,0
2020-10-26 14:15:00,1603701900,27182.8,27429.6,27176.7,27409.7,0
2020-10-26 15:15:00,1603705500,27418.6,27454.5,27378.4,27421.3,0
2020-10-27 09:15:00,1603770300,27569.7,27875.3,27323.8,27750.4,0
2020-10-27 10:15:00,1603773900,27749.8,27991.1,27671.7,27870.3,0
2020-10-27 11:15:00,1603777500,27867.1,28066.1,27777.4,28016.9,0
2020-10-27 12:15:00,1603781100,28030.7,28191,27927.9,28168.3,0
2020-10-27 13:15:00,1603784700,28171,28288.8,28124.2,28232.3,0
2020-10-27 14:15:00,1603788300,28233.3,28419.8,28231.1,28361.8,0
2020-10-27 15:15:00,1603791900,28359.9,28389.1,28321.4,28371.7,0
2020-10-28 09:15:00,1603856700,28411,28411,27992.6,28128.2,0
2020-10-28 10:15:00,1603860300,28131.7,28167.2,27921.3,27977.5,0
2020-10-28 11:15:00,1603863900,27967.4,28146.5,27961.2,28098.8,0
2020-10-28 12:15:00,1603867500,28096.7,28189,27656.3,27767.7,0
2020-10-28 13:15:00,1603871100,27767.4,27844.2,27561,27703.3,0
2020-10-28 14:15:00,1603874700,27697.7,27789.9,27648.2,27726.2,0
2020-10-28 15:15:00,1603878300,27729.1,27822,27719,27818.1,0
2020-10-29 09:15:00,1603943100,27511.8,27763.6,27391.8,27734.8,0
2020-10-29 10:15:00,1603946700,27729,27748.2,27517.2,27652.2,0
2020-10-29 11:15:00,1603950300,27660.2,27924.8,27574.9,27842.3,0
2020-10-29 12:15:00,1603953900,27832.8,27882.8,27449.6,27455.8,0
2020-10-29 13:15:00,1603957500,27433.2,27624.8,27357,27570.8,0
2020-10-29 14:15:00,1603961100,27571,27678.5,27457.3,27666.4,0
2020-10-29 15:15:00,1603964700,27666.7,27672.8,27626.9,27642.1,0
2020-10-30 09:15:00,1604029500,27676.5,27804.5,27487.8,27748.8,0
2020-10-30 10:15:00,1604033100,27749.3,27811.1,27450.9,27482.5,0
2020-10-30 11:15:00,1604036700,27463.3,27528.2,27119.5,27158.1,0
2020-10-30 12:15:00,1604040300,27157.8,27272.8,27046.9,27194.7,0
2020-10-30 13:15:00,1604043900,27193.9,27432.2,27172.9,27370,0
2020-10-30 14:15:00,1604047500,27351.4,27440.1,27275.3,27388,0
2020-10-30 15:15:00,1604051100,27392.2,27421.8,27365.9,27401.1,0
2020-11-02 09:15:00,1604288700,27978.9,27979.8,27675.7,27879,0
2020-11-02 10:15:00,1604292300,27885.7,28110,27885.7,28094.8,0
2020-11-02 11:15:00,1604295900,28127.8,28210.4,28081.6,28133.6,0
2020-11-02 12:15:00,1604299500,28133.9,28327.1,28093.1,28279.9,0
2020-11-02 13:15:00,1604303100,28287.4,28422.4,28249.8,28396.4,0
2020-11-02 14:15:00,1604306700,28398.2,28831.2,28398.2,28433.2,0
2020-11-02 15:15:00,1604310300,28435.4,28559.1,28405.8,28477.4,0
2020-11-03 09:15:00,1604375100,28758.8,29200.1,28731.2,29083.4,0
2020-11-03 10:15:00,1604378700,29080,29179.3,29003.4,29105.5,0
2020-11-03 11:15:00,1604382300,29096.8,29270.8,29052.3,29251.9,0
2020-11-03 12:15:00,1604385900,29243.2,29386.6,29174.2,29369.8,0
2020-11-03 13:15:00,1604389500,29370.6,29444.1,29256.7,29362.8,0
2020-11-03 14:15:00,1604393100,29345.6,29446.2,29212.4,29415.8,0
2020-11-03 15:15:00,1604396700,29414.8,29526.6,29402.4,29424.5,0
2020-11-04 09:15:00,1604461500,29250.1,29519.6,29134.9,29195.2,0
2020-11-04 10:15:00,1604465100,29200,29315.9,29057.7,29237.2,0
2020-11-04 11:15:00,1604468700,29241,29310.3,29149,29179.5,0
2020-11-04 12:15:00,1604472300,29169.5,29245.1,28908.1,28979.4,0
2020-11-04 13:15:00,1604475900,28973.9,29275.1,28822.6,29223.1,0
2020-11-04 14:15:00,1604479500,29222.2,29691.1,29222.2,29570.5,0
2020-11-04 15:15:00,1604483100,29570.2,29575.5,29411.3,29437.4,0
2020-11-05 09:15:00,1604547900,29934.5,30114.6,29893,29970.5,0
2020-11-05 10:15:00,1604551500,29963.6,30016.8,29800.9,29876.9,0
2020-11-05 11:15:00,1604555100,29879.6,30029.6,29879.6,30012.6,0
2020-11-05 12:15:00,1604558700,30020.1,30165.9,29945,30139.3,0
2020-11-05 13:15:00,1604562300,30137,30175.8,30001.7,30130.8,0
2020-11-05 14:15:00,1604565900,30127.5,30242.7,30074.3,30199.5,0
2020-11-05 15:15:00,1604569500,30199.5,30217.3,30164.4,30175.6,0
2020-11-06 09:15:00,1604634300,30107,30371.8,29972.5,30301.7,0
2020-11-06 10:15:00,1604637900,30301.9,30333.5,30155.8,30297.4,0
2020-11-06 11:15:00,1604641500,30292.2,30418.9,30245.2,30384.7,0
2020-11-06 12:15:00,1604645100,30385.9,30721.3,30362.4,30696.5,0
2020-11-06 13:15:00,1604648700,30695.2,30741.7,30595.7,30653.1,0
2020-11-06 14:15:00,1604652300,30648.3,30753.6,30422.3,30737.2,0
2020-11-06 15:15:00,1604655900,30734.4,30799.8,30708.9,30715.8,0
2020-11-09 09:15:00,1604893500,30955.2,31505.4,30955.2,31430.1,0
2020-11-09 10:15:00,1604897100,31432.8,31435.7,31112.2,31272,0
2020-11-09 11:15:00,1604900700,31270.1,31270.1,31088.4,31174,0
2020-11-09 12:15:00,1604904300,31180.3,31334.7,31139.2,31327.5,0
2020-11-09 13:15:00,1604907900,31329.3,31426.9,31275.3,31415,0
2020-11-09 14:15:00,1604911500,31416.2,31618.6,31358.1,31591.8,0
2020-11-09 15:15:00,1604915100,31592.4,31659.3,31563.6,31644.8,0
2020-11-10 09:15:00,1604979900,32086.8,32463.3,32015.1,32439.7,0
2020-11-10 10:15:00,1604983500,32438.8,32618.7,32324.4,32539.9,0
2020-11-10 11:15:00,1604987100,32534.2,32596.7,32430.3,32544.3,0
2020-11-10 12:15:00,1604990700,32544.4,32903.4,32521.2,32883,0
2020-11-10 13:15:00,1604994300,32889.8,33020.7,32471.6,32471.6,0
2020-11-10 14:15:00,1604997900,32461.6,32833.5,32411.1,32731.9,0
2020-11-10 15:15:00,1605001500,32719.7,32775.2,32699.4,32746.7,0
2020-11-11 09:15:00,1605066300,32936.2,33180.4,32728.2,33048.2,0
2020-11-11 10:15:00,1605069900,33048.2,33292,32850.4,32854.2,0
2020-11-11 11:15:00,1605073500,32820.6,32953,32633.9,32933.6,0
2020-11-11 12:15:00,1605077100,32932.1,32976.2,32539.8,32543.9,0
2020-11-11 13:15:00,1605080700,32522.3,33052.1,32380.3,33014.6,0
2020-11-11 14:15:00,1605084300,33006.5,33153.3,32935.8,33114.7,0
2020-11-11 15:15:00,1605087900,33112.2,33165.5,33112.2,33125,0
2020-11-12 09:15:00,1605152700,32683.8,32907.3,32470.2,32614.8,0
2020-11-12 10:15:00,1605156300,32634.5,32723.4,32570,32640.5,0
2020-11-12 11:15:00,1605159900,32637.8,32671.2,32510.5,32527.6,0
2020-11-12 12:15:00,1605163500,32528.7,32676.1,32357.3,32492.9,0
2020-11-12 13:15:00,1605167100,32487.6,32518.8,32206.3,32421.5,0
2020-11-12 14:15:00,1605170700,32423.8,32470.3,32291,32456.3,0
2020-11-12 15:15:00,1605174300,32465.8,32490.8,32423.8,32446,0
2020-11-13 09:15:00,1605239100,32280.2,32280.2,31781.1,31952.2,0
2020-11-13 10:15:00,1605242700,31953.3,32405,31953.2,32292.7,0
2020-11-13 11:15:00,1605246300,32282.9,32314.7,32124.9,32270.1,0
2020-11-13 12:15:00,1605249900,32267.5,32459.5,32194.1,32419,0
2020-11-13 13:15:00,1605253500,32430.9,32681.3,32322.3,32606.1,0
2020-11-13 14:15:00,1605257100,32608.4,32762.3,32546.4,32722.3,0
2020-11-13 15:15:00,1605260700,32729.1,32748,32662.1,32688.7,0
2020-11-14 18:15:00,1605357900,32994.2,33019,32666,32751.6,0
2020-11-17 09:15:00,1605584700,32983.6,33379.4,32983.6,33211.2,0
2020-11-17 10:15:00,1605588300,33210.7,33258.5,32939.2,33077.9,0
2020-11-17 11:15:00,1605591900,33069.5,33186.2,33014.9,33152.1,0
2020-11-17 12:15:00,1605595500,33155.1,33211,33027.2,33118.4,0
2020-11-17 13:15:00,1605599100,33124.8,33340.6,33103.9,33327.1,0
2020-11-17 14:15:00,1605602700,33327.9,33468.1,33222.7,33445.4,0
2020-11-17 15:15:00,1605606300,33440.7,33533.6,33424.4,33520.2,0
2020-11-18 09:15:00,1605671100,33485.5,33789.8,33321.4,33693.5,0
2020-11-18 10:15:00,1605674700,33675.8,33773.4,33612.1,33665.8,0
2020-11-18 11:15:00,1605678300,33663.9,33775.6,33587.4,33743.8,0
2020-11-18 12:15:00,1605681900,33737.7,33893.6,33684.2,33850,0
2020-11-18 13:15:00,1605685500,33843.5,34160.3,33819.5,34053.1,0
2020-11-18 14:15:00,1605689100,34046.7,34186.6,33982.7,34156.8,0
2020-11-18 15:15:00,1605692700,34154.1,34168.2,34109.4,34136.2,0
2020-11-19 09:15:00,1605757500,33703.8,34040.7,33612.3,33988.2,0
2020-11-19 10:15:00,1605761100,33990.8,33990.8,33774.6,33866.2,0
2020-11-19 11:15:00,1605764700,33879.9,33985.1,33854.9,33954.9,0
2020-11-19 12:15:00,1605768300,33954.1,33989.9,33777.2,33854.9,0
2020-11-19 13:15:00,1605771900,33845.7,33872,33413.4,33453.1,0
2020-11-19 14:15:00,1605775500,33464.5,33512.6,33153.7,33229.8,0
2020-11-19 15:15:00,1605779100,33243.8,33243.8,33139.2,33146.3,0
2020-11-20 09:15:00,1605843900,33253.4,33487.2,33036.3,33286.9,0
2020-11-20 10:15:00,1605847500,33288.2,33356.6,32893,32904.3,0
2020-11-20 11:15:00,1605851100,32858.3,33134.8,32834.9,33062.2,0
2020-11-20 12:15:00,1605854700,33050.5,33425.3,32907.7,33381.8,0
2020-11-20 13:15:00,1605858300,33370.2,33691.9,33122.4,33616.4,0
2020-11-20 14:15:00,1605861900,33629.4,33806,33560.3,33640.2,0
2020-11-20 15:15:00,1605865500,33637.4,33645.9,33480.5,33507.9,0
2020-11-23 09:15:00,1606103100,33788.3,33900.8,33217.4,33398.5,0
2020-11-23 10:15:00,1606106700,33400.6,33480.5,33163,33304,0
2020-11-23 11:15:00,1606110300,33297.8,33478.9,33264.6,33349.6,0
2020-11-23 12:15:00,1606113900,33350.5,33592.2,33316.3,33392.7,0
2020-11-23 13:15:00,1606117500,33394,33744.4,33361.5,33649.6,0
2020-11-23 14:15:00,1606121100,33640.8,33653,33299.3,33365.6,0
2020-11-23 15:15:00,1606124700,33368.7,33381.1,33294.9,33360.7,0
2020-11-24 09:15:00,1606189500,33595.8,33952.5,33546.5,33937.5,0
2020-11-24 10:15:00,1606193100,33936.4,34055.2,33924.9,33964.9,0
2020-11-24 11:15:00,1606196700,33973.1,34033.3,33866.9,33945.1,0
2020-11-24 12:15:00,1606200300,33953.2,33990.7,33805.6,33903.3,0
2020-11-24 13:15:00,1606203900,33901,34003.4,33846.2,33959.1,0
2020-11-24 14:15:00,1606207500,33966,34161.9,33959,34131.2,0
2020-11-24 15:15:00,1606211100,34132.3,34219.7,34110.9,34216.4,0
2020-11-25 09:15:00,1606275900,34425.8,34627,34410.8,34524.4,0
2020-11-25 10:15:00,1606279500,34528.1,34541.9,33980.4,34006,0
2020-11-25 11:15:00,1606283100,33994.3,34096.2,33866,33952.9,0
2020-11-25 12:15:00,1606286700,33943.7,34132.8,33779.2,34108.1,0
2020-11-25 13:15:00,1606290300,34109.9,34114.2,33472.1,33555.3,0
2020-11-25 14:15:00,1606293900,33545.4,33716.6,33391.2,33443.2,0
2020-11-25 15:15:00,1606297500,33450.4,33507.6,33407.6,33467.4,0
2020-11-26 09:15:00,1606362300,33598.5,33696.1,33246.6,33342.2,0
2020-11-26 10:15:00,1606365900,33351.7,33499.6,33314.7,33407.4,0
2020-11-26 11:15:00,1606369500,33409.8,33469,33159,33193.9,0
2020-11-26 12:15:00,1606373100,33190.6,33687.3,33169.4,33622,0
2020-11-26 13:15:00,1606376700,33645.7,33810.3,33493.8,33768.1,0
2020-11-26 14:15:00,1606380300,33779.9,33907.1,33600.8,33831.7,0
2020-11-26 15:15:00,1606383900,33829.8,33896.9,33820.5,33894.2,0
2020-11-27 09:15:00,1606448700,33920.4,33992.9,33696.7,33842,0
2020-11-27 10:15:00,1606452300,33836.4,33914.5,33736.4,33777.4,0
2020-11-27 11:15:00,1606455900,33772.7,33948.6,33695.3,33896.2,0
2020-11-27 12:15:00,1606459500,33884.1,34010.4,33803.1,33813.4,0
2020-11-27 13:15:00,1606463100,33812.5,33918.7,33737,33854.8,0
2020-11-27 14:15:00,1606466700,33849.6,33965.1,33600.7,33941.7,0
2020-11-27 15:15:00,1606470300,33930.9,33967.8,33849.9,33871,0
2020-12-01 09:15:00,1606794300,33997.1,33999.2,33808.3,33937.3,0
2020-12-01 10:15:00,1606797900,33941.8,34175.6,33935.3,34135.6,0
2020-12-01 11:15:00,1606801500,34136.4,34146.3,34066.4,34079.7,0
2020-12-01 12:15:00,1606805100,34079.7,34112.8,33930.1,34020.4,0
2020-12-01 13:15:00,1606808700,34020.4,34144.3,33935.1,34135.3,0
2020-12-01 14:15:00,1606812300,34146.6,34188.6,34081.9,34081.7,0
2020-12-01 15:15:00,1606815900,34072.4,34124.5,34049.4,34061.9,0
2020-12-02 09:15:00,1606880700,34200,34203.1,33936.7,33976.1,0
2020-12-02 10:15:00,1606884300,33981.4,33994.9,33863.8,33902.5,0
2020-12-02 11:15:00,1606887900,33899.5,33922.8,33790.5,33839.9,0
2020-12-02 12:15:00,1606891500,33841.8,33909.4,33519.3,33577.9,0
2020-12-02 13:15:00,1606895100,33572.5,33605.6,33338.7,33389.6,0
2020-12-02 14:15:00,1606898700,33394.3,33746.5,33323.6,33665,0
2020-12-02 15:15:00,1606902300,33667.9,33674.5,33606.4,33622.9,0
2020-12-03 09:15:00,1606967100,33914,33986.8,33727.8,33900.7,0
2020-12-03 10:15:00,1606970700,33920.8,34001.4,33860.7,33946.2,0
2020-12-03 11:15:00,1606974300,33957.3,33962.5,33800.4,33873,0
2020-12-03 12:15:00,1606977900,33869,33870,33608.4,33706.8,0
2020-12-03 13:15:00,1606981500,33690.3,33821.9,33600.1,33713.4,0
2020-12-03 14:15:00,1606985100,33714.4,33732.2,33557,33624,0
2020-12-03 15:15:00,1606988700,33622,33694,33614.2,33694,0
2020-12-04 09:15:00,1607053500,33703.2,33978.2,33703.2,33953.3,0
2020-12-04 10:15:00,1607057100,33991,34227.7,33982.9,34049.9,0
2020-12-04 11:15:00,1607060700,34047.3,34074.2,33893.1,33959.2,0
2020-12-04 12:15:00,1607064300,33962.3,33977.5,33676.4,33879.9,0
2020-12-04 13:15:00,1607067900,33884.4,34059.4,33819.6,33940.6,0
2020-12-04 14:15:00,1607071500,33937.4,34368.1,33937.4,34338.1,0
2020-12-04 15:15:00,1607075100,34340.7,34487.1,34328.6,34452.8,0
2020-12-07 09:15:00,1607312700,34378.2,34542.6,34289.5,34344,0
2020-12-07 10:15:00,1607316300,34346.3,34410.7,34253.2,34319.8,0
2020-12-07 11:15:00,1607319900,34315.3,34543.3,34287.9,34522.6,0
2020-12-07 12:15:00,1607323500,34546,34653.6,34508,34620.8,0
2020-12-07 13:15:00,1607327100,34626.5,34672.8,34363,34447.8,0
2020-12-07 14:15:00,1607330700,34444.7,34594.4,34398.3,34502.6,0
2020-12-07 15:15:00,1607334300,34505.3,34536.1,34460.6,34460.6,0
2020-12-08 09:15:00,1607399100,34624.8,34646.6,34422,34546.6,0
2020-12-08 10:15:00,1607402700,34552.8,34592.9,34370.5,34474,0
2020-12-08 11:15:00,1607406300,34476.3,34500.3,34302,34399.7,0
2020-12-08 12:15:00,1607409900,34401.7,34627.5,34352.1,34522.3,0
2020-12-08 13:15:00,1607413500,34523,34620.5,34473.6,34550.4,0
2020-12-08 14:15:00,1607417100,34543.9,34634.3,34487,34536.3,0
2020-12-08 15:15:00,1607420700,34499.9,34553.9,34487.1,34514.1,0
2020-12-09 09:15:00,1607485500,34648.7,34756.5,34614.6,34748.9,0
2020-12-09 10:15:00,1607489100,34768.7,34774.7,34668.7,34723.2,0
2020-12-09 11:15:00,1607492700,34724.7,34815.1,34708.6,34798.6,0
2020-12-09 12:15:00,1607496300,34797.2,34869.9,34774.2,34841.9,0
2020-12-09 13:15:00,1607499900,34845.9,35099.9,34836.3,35096.4,0
2020-12-09 14:15:00,1607503500,35101.8,35158.7,34990.6,35076.1,0
2020-12-09 15:15:00,1607507100,35064.7,35073.4,35018.7,35029,0
2020-12-10 09:15:00,1607571900,34917.5,34966,34716.4,34756.3,0
2020-12-10 10:15:00,1607575500,34743.2,34814.8,34685.7,34785,0
2020-12-10 11:15:00,1607579100,34788.4,34799.3,34611.3,34653.8,0
2020-12-10 12:15:00,1607582700,34617.7,34747.4,34608,34718.4,0
2020-12-10 13:15:00,1607586300,34719.7,34786.2,34560.2,34584.3,0
2020-12-10 14:15:00,1607589900,34564.8,34977.9,34542.2,34839.3,0
2020-12-10 15:15:00,1607593500,34841.2,34895.3,34841.2,34866.5,0
2020-12-11 09:15:00,1607658300,34893.7,35216.6,34893.5,35103,0
2020-12-11 10:15:00,1607661900,35104.2,35165.4,35049.6,35073.1,0
2020-12-11 11:15:00,1607665500,35068.5,35094.5,34916.9,35043.2,0
2020-12-11 12:15:00,1607669100,35042.9,35161,35041,35070.7,0
2020-12-11 13:15:00,1607672700,35066.1,35094.4,34721.3,34742.1,0
2020-12-11 14:15:00,1607676300,34740.1,35032.8,34695.4,35027.5,0
2020-12-11 15:15:00,1607679900,35039.3,35092.2,35015.8,35024.7,0
2020-12-14 09:15:00,1607917500,35122.8,35306.4,35106,35156.5,0
2020-12-14 10:15:00,1607921100,35157.2,35262.5,35070.1,35111.6,0
2020-12-14 11:15:00,1607924700,35114.5,35218,35082.5,35214.6,0
2020-12-14 12:15:00,1607928300,35239.3,35277.8,35066.7,35277.8,0
2020-12-14 13:15:00,1607931900,35290.2,35303.4,35193.2,35222.5,0
2020-12-14 14:15:00,1607935500,35223.7,35302.7,35178.1,35240.7,0
2020-12-14 15:15:00,1607939100,35240.3,35271,35236.1,35243.5,0
2020-12-15 09:15:00,1608003900,35340.7,35340.7,34804.4,34841.6,0
2020-12-15 10:15:00,1608007500,34845.7,34951.9,34793.9,34885.8,0
2020-12-15 11:15:00,1608011100,34884.6,34978.2,34882.7,34959.5,0
2020-12-15 12:15:00,1608014700,34964.3,35052.3,34870.1,35044.2,0
2020-12-15 13:15:00,1608018300,35047.3,35187,34961.2,35160.5,0
2020-12-15 14:15:00,1608021900,35167.7,35219.3,35114.5,35168.2,0
2020-12-15 15:15:00,1608025500,35171.1,35182,35134.1,35138.2,0
2020-12-16 09:15:00,1608090300,35398.6,35435.1,35238.5,35280.2,0
2020-12-16 10:15:00,1608093900,35289.3,35323.6,35228.7,35260.2,0
2020-12-16 11:15:00,1608097500,35260.5,35297.2,35220.9,35260.4,0
2020-12-16 12:15:00,1608101100,35264.2,35276.4,35038.2,35139.1,0
2020-12-16 13:15:00,1608104700,35140.2,35279.4,35112.1,35265.7,0
2020-12-16 14:15:00,1608108300,35264.5,35264.5,35150.2,35170.1,0
2020-12-16 15:15:00,1608111900,35183.1,35183.1,35128.2,35143.6,0
2020-12-17 09:15:00,1608176700,35269.4,35283.9,35108.4,35181.1,0
2020-12-17 10:15:00,1608180300,35171.8,35259.2,35140,35241.6,0
2020-12-17 11:15:00,1608183900,35244,35400.9,35203,35371.2,0
2020-12-17 12:15:00,1608187500,35371.6,35435.6,35286,35371.6,0
2020-12-17 13:15:00,1608191100,35372.1,35408.7,35328.9,35368.4,0
2020-12-17 14:15:00,1608194700,35368,35382.6,35230.3,35320.6,0
2020-12-17 15:15:00,1608198300,35318.9,35324.7,35276.1,35315,0
2020-12-18 09:15:00,1608263100,35343.4,35366,34795.9,34966.9,0
2020-12-18 10:15:00,1608266700,34973.2,35025.4,34892.3,34995.2,0
2020-12-18 11:15:00,1608270300,34997.5,35070.8,34934.4,35009.9,0
2020-12-18 12:15:00,1608273900,35006.5,35023.2,34903.6,34948.6,0
2020-12-18 13:15:00,1608277500,34948,35152.9,34910.7,35149.4,0
2020-12-18 14:15:00,1608281100,35174.6,35270.3,35083.8,35208.9,0
2020-12-18 15:15:00,1608284700,35216.3,35222.5,35115.6,35137.2,0
2020-12-21 09:15:00,1608522300,35069.3,35088.5,34710.9,34915.2,0
2020-12-21 10:15:00,1608525900,34908.4,35029.9,34885.6,34896.6,0
2020-12-21 11:15:00,1608529500,34889.5,34959.6,34827.5,34837.9,0
2020-12-21 12:15:00,1608533100,34834.4,34874.4,34531.2,34630.5,0
2020-12-21 13:15:00,1608536700,34625.5,34681.8,34384.6,34472,0
2020-12-21 14:15:00,1608540300,34475.7,34484.5,33553.8,33866.1,0
2020-12-21 15:15:00,1608543900,33897.7,33908.9,33686.4,33709.2,0
2020-12-22 09:15:00,1608608700,33848.1,34119.2,33450.2,33707.8,0
2020-12-22 10:15:00,1608612300,33711.4,33785.5,33592.4,33606.9,0
2020-12-22 11:15:00,1608615900,33563.2,33590.2,33369.4,33469.8,0
2020-12-22 12:15:00,1608619500,33477.4,33774.9,33316.4,33623,0
2020-12-22 13:15:00,1608623100,33620.9,33966.3,33605.1,33962.7,0
2020-12-22 14:15:00,1608626700,33968.1,34120.7,33859.9,34025.9,0
2020-12-22 15:15:00,1608630300,34021.4,34040.6,33981,34034.7,0
2020-12-23 09:15:00,1608695100,33836,34130.4,33782.2,33966.8,0
2020-12-23 10:15:00,1608698700,33962.6,34272.8,33961.6,34169.1,0
2020-12-23 11:15:00,1608702300,34171.8,34222.9,34061.3,34154.8,0
2020-12-23 12:15:00,1608705900,34154.9,34308.4,34115.8,34197.6,0
2020-12-23 13:15:00,1608709500,34179.4,34296.1,34169.7,34238.5,0
2020-12-23 14:15:00,1608713100,34235.1,34315.2,34194.6,34311.2,0
2020-12-23 15:15:00,1608716700,34305.7,34377.9,34283.2,34350.4,0
2020-12-24 09:15:00,1608781500,34488,34911.1,34436.4,34879,0
2020-12-24 10:15:00,1608785100,34896.8,34927.4,34777.4,34782.5,0
2020-12-24 11:15:00,1608788700,34779.6,34870.3,34740.5,34793.7,0
2020-12-24 12:15:00,1608792300,34794.7,34878,34772,34813.6,0
2020-12-24 13:15:00,1608795900,34811.4,35027.1,34741.3,35004.4,0
2020-12-24 14:15:00,1608799500,34995.2,35077.7,34900.5,34912.2,0
2020-12-24 15:15:00,1608803100,34910.7,34917.5,34863.2,34883.2,0
2020-12-28 09:15:00,1609127100,35065,35346.7,35046.3,35302.1,0
2020-12-28 10:15:00,1609130700,35303.2,35316.4,35212.1,35260.8,0
2020-12-28 11:15:00,1609134300,35266.1,35328.8,35246.9,35327.5,0
2020-12-28 12:15:00,1609137900,35323.6,35411.8,35323.6,35385.1,0
2020-12-28 13:15:00,1609141500,35385.9,35462.9,35356.2,35421.4,0
2020-12-28 14:15:00,1609145100,35425.5,35504.9,35346.9,35428.4,0
2020-12-28 15:15:00,1609148700,35426.3,35496.9,35412.8,35484.5,0
2020-12-29 09:15:00,1609213500,35568.2,35930.3,35568.2,35906.4,0
2020-12-29 10:15:00,1609217100,35895.4,35905.3,35596.4,35741.7,0
2020-12-29 11:15:00,1609220700,35743.2,35793.5,35687.6,35721.7,0
2020-12-29 12:15:00,1609224300,35723.9,35932.9,35704.7,35910.9,0
2020-12-29 13:15:00,1609227900,35934.9,35955.6,35832.1,35893.8,0
2020-12-29 14:15:00,1609231500,35897.2,35968.8,35859.3,35935.8,0
2020-12-29 15:15:00,1609235100,35924.1,35987.4,35913.6,35951.1,0
2020-12-30 09:15:00,1609299900,36119.3,36137.5,35740.8,35888.6,0
2020-12-30 10:15:00,1609303500,35893.5,35906.2,35739.5,35821.8,0
2020-12-30 11:15:00,1609307100,35822.1,35858.8,35732.9,35798,0
2020-12-30 12:15:00,1609310700,35799.2,35803.2,35622.1,35745.5,0
2020-12-30 13:15:00,1609314300,35752.5,35987.7,35710.1,35913.9,0
2020-12-30 14:15:00,1609317900,35898.3,36010.6,35898.3,35938.4,0
2020-12-30 15:15:00,1609321500,35944,35955.9,35876.7,35890.1,0
2020-12-31 09:15:00,1609386300,35940.2,36020.1,35717.3,35970.9,0
2020-12-31 10:15:00,1609389900,35967.6,36026.1,35877.6,35910.1,0
2020-12-31 11:15:00,1609393500,35911.3,35959.1,35779.1,35791,0
2020-12-31 12:15:00,1609397100,35789.5,35973.9,35759.1,35931.7,0
2020-12-31 13:15:00,1609400700,35935.6,36058.1,35901.4,35966.7,0
2020-12-31 14:15:00,1609404300,35958.2,35969.5,35846.1,35861.8,0
2020-12-31 15:15:00,1609407900,35878.9,35898.9,35825.9,35884.7,0
2021-01-01 09:15:00,1609472700,35962.5,36008,35920.4,35955.2,0
2021-01-01 10:15:00,1609476300,35957.1,35939.4,35874,35903.7,0
2021-01-01 11:15:00,1609479900,35903.6,35924.6,35821.8,35870.6,0
2021-01-01 12:15:00,1609483500,35866.9,35949.7,35860.3,35860.3,0
2021-01-01 13:15:00,1609487100,35855.1,35902.4,35794.1,35892,0
2021-01-01 14:15:00,1609490700,35893.5,35904.4,35792.6,35798.5,0
2021-01-01 15:15:00,1609494300,35786.6,35829.6,35775.3,35798.6,0
2021-01-04 09:15:00,1609731900,36008.9,36080.3,35939.6,35998.9,0
2021-01-04 10:15:00,1609735500,36000.7,36041.6,35419.6,35662.6,0
2021-01-04 11:15:00,1609739100,35652.6,35773.9,35602.5,35699.9,0
2021-01-04 12:15:00,1609742700,35695.5,35784.1,35645.2,35710.6,0
2021-01-04 13:15:00,1609746300,35712.2,35799.4,35605.8,35651.8,0
2021-01-04 14:15:00,1609749900,35651.2,35766.6,35545.4,35713.1,0
2021-01-04 15:15:00,1609753500,35711.5,35813.9,35702.6,35802,0
2021-01-05 09:15:00,1609818300,35573.7,35671.7,35426.4,35552.9,0
2021-01-05 10:15:00,1609821900,35552.9,35856.3,35519.1,35819.8,0
2021-01-05 11:15:00,1609825500,35819.3,35894,35787.5,35845.2,0
2021-01-05 12:15:00,1609829100,35845.9,35937.2,35824.7,35829.7,0
2021-01-05 13:15:00,1609832700,35829.4,36161.5,35759,36151.9,0
2021-01-05 14:15:00,1609836300,36151.7,36309.7,36082.6,36277.7,0
2021-01-05 15:15:00,1609839900,36276.9,36309.7,36233.6,36268.4,0
2021-01-06 09:15:00,1609904700,36463.9,36486.5,36305.4,36390.1,0
2021-01-06 10:15:00,1609908300,36394.7,36462.7,36311.1,36457.6,0
2021-01-06 11:15:00,1609911900,36453,36466.3,36373.1,36459.4,0
2021-01-06 12:15:00,1609915500,36460.4,36594.3,36437.9,36522.8,0
2021-01-06 13:15:00,1609919100,36510.6,36607.1,36124.7,36217.7,0
2021-01-06 14:15:00,1609922700,36216.6,36484,36188.7,36398.5,0
2021-01-06 15:15:00,1609926300,36405.5,36429,36292.4,36323.4,0
2021-01-07 09:15:00,1609991100,36719.4,36753.6,36543.8,36585.3,0
2021-01-07 10:15:00,1609994700,36588,36631.9,36519.9,36612.2,0
2021-01-07 11:15:00,1609998300,36611.7,36652.8,36581.6,36631.5,0
2021-01-07 12:15:00,1610001900,36636,36740.3,36609.1,36739.1,0
2021-01-07 13:15:00,1610005500,36732.5,36735.7,36549.1,36662.1,0
2021-01-07 14:15:00,1610009100,36675.3,36681.5,36442.1,36481.1,0
2021-01-07 15:15:00,1610012700,36484.2,36514.4,36447.9,36511.4,0
2021-01-08 09:15:00,1610077500,36820.2,36854.8,36596.4,36736.3,0
2021-01-08 10:15:00,1610081100,36743.5,36775.4,36661.1,36689.2,0
2021-01-08 11:15:00,1610084700,36680.3,36751.5,36630,36676.6,0
2021-01-08 12:15:00,1610088300,36680.2,36741.7,36643.2,36680.8,0
2021-01-08 13:15:00,1610091900,36675.4,36704.8,36536,36631.2,0
2021-01-08 14:15:00,1610095500,36626.6,36739,36554.5,36667.4,0
2021-01-08 15:15:00,1610099100,36661.9,36702.1,36634.9,36648.7,0
2021-01-11 09:15:00,1610336700,36892.6,36893.8,36524.4,36593.8,0
2021-01-11 10:15:00,1610340300,36591.4,36592.3,36352.5,36455.9,0
2021-01-11 11:15:00,1610343900,36443.9,36595,36365.1,36554.3,0
2021-01-11 12:15:00,1610347500,36551.7,36590.8,36453.3,36512.2,0
2021-01-11 13:15:00,1610351100,36509.4,36606.3,36418.8,36469.9,0
2021-01-11 14:15:00,1610354700,36467.4,36572.2,36411.3,36530.3,0
2021-01-11 15:15:00,1610358300,36520.5,36561,36503.7,36527.9,0
2021-01-12 09:15:00,1610423100,36267.1,36409.7,36190.6,36283,0
2021-01-12 10:15:00,1610426700,36278.9,36353,36236.4,36340.3,0
2021-01-12 11:15:00,1610430300,36346,36582,36310.6,36542.2,0
2021-01-12 12:15:00,1610433900,36545.7,36805.8,36542.9,36753.2,0
2021-01-12 13:15:00,1610437500,36756.5,36781.6,36672.6,36757,0
2021-01-12 14:15:00,1610441100,36756.6,36815.7,36673.4,36763.3,0
2021-01-12 15:15:00,1610444700,36755.4,36757.1,36697,36752.8,0
2021-01-13 13:15:00,1610523900,36915.6,37111,36545.2,36728.4,0
2021-01-13 14:15:00,1610527500,36730.8,37031.3,36687.6,37015.9,0
2021-01-13 15:15:00,1610531100,37009.5,37015.6,36903.2,36931.3,0
2021-01-14 09:15:00,1610595900,36941.3,37120.2,36938.7,36972.2,0
2021-01-14 10:15:00,1610599500,36970.9,37044.4,36876.3,37010.7,0
2021-01-14 11:15:00,1610603100,37011.1,37071.5,36987.9,37035.2,0
2021-01-14 12:15:00,1610606700,37035.2,37063.3,36946,36996.7,0
2021-01-14 13:15:00,1610610300,36986.8,36990.6,36900.7,36929.4,0
2021-01-14 14:15:00,1610613900,36927.3,36947.3,36830.8,36881,0
2021-01-14 15:15:00,1610617500,36883.9,36980.5,36883.9,36966.1,0
2021-01-15 09:15:00,1610682300,36921.1,36940.1,36530.6,36648.7,0
2021-01-15 10:15:00,1610685900,36653.8,36688,36467,36529.3,0
2021-01-15 11:15:00,1610689500,36524.4,36600.3,36401.4,36600.3,0
2021-01-15 12:15:00,1610693100,36605.8,36737.5,36557.5,36622.9,0
2021-01-15 13:15:00,1610696700,36624.8,36682,36424,36474,0
2021-01-15 14:15:00,1610700300,36458.2,36577.8,36357,36529.7,0
2021-01-15 15:15:00,1610703900,36535.7,36580.1,36529.2,36556.3,0
2021-01-18 09:15:00,1610941500,36567.3,36718.4,36393.5,36508.1,0
2021-01-18 10:15:00,1610945100,36505.3,36543.1,36330.2,36451.5,0
2021-01-18 11:15:00,1610948700,36446.1,36472.8,36110.9,36200,0
2021-01-18 12:15:00,1610952300,36177.6,36243,36029.6,36136.4,0
2021-01-18 13:15:00,1610955900,36135.5,36419.4,36077.1,36407.1,0
2021-01-18 14:15:00,1610959500,36409.9,36425.7,36059.4,36059.4,0
2021-01-18 15:15:00,1610963100,36063.7,36097.2,35869.2,35905.1,0
2021-01-19 09:15:00,1611027900,36335.1,36364.2,36108.7,36322.8,0
2021-01-19 10:15:00,1611031500,36320.9,36402.2,36273.9,36280.2,0
2021-01-19 11:15:00,1611035100,36275.6,36485.3,36274.2,36456.1,0
2021-01-19 12:15:00,1611038700,36461.3,36538.5,36401.8,36485.8,0
2021-01-19 13:15:00,1611042300,36482.7,36614.5,36441.6,36553.2,0
2021-01-19 14:15:00,1611045900,36561.8,36786.8,36537.1,36752.5,0
2021-01-19 15:15:00,1611049500,36749.7,36755.2,36674.4,36752,0
2021-01-20 09:15:00,1611114300,36790.1,36820.4,36639.1,36767.7,0
2021-01-20 10:15:00,1611117900,36759.2,36912.8,36718.7,36892.1,0
2021-01-20 11:15:00,1611121500,36885.8,36927.7,36804.8,36828.5,0
2021-01-20 12:15:00,1611125100,36830.6,36846,36689.3,36768.9,0
2021-01-20 13:15:00,1611128700,36767.4,36855.8,36728.3,36843.1,0
2021-01-20 14:15:00,1611132300,36844,36910.5,36828.1,36843.3,0
2021-01-20 15:15:00,1611135900,36837.2,36860.8,36797.8,36829.6,0
2021-01-21 09:15:00,1611200700,37119.6,37120.6,36978.4,37038,0
2021-01-21 10:15:00,1611204300,37043.2,37108.7,36963.9,37096.3,0
2021-01-21 11:15:00,1611207900,37104,37108.9,37027.7,37077.7,0
2021-01-21 12:15:00,1611211500,37077.1,37210.9,37077.1,37161.1,0
2021-01-21 13:15:00,1611215100,37162.2,37184,36883.9,36919.7,0
2021-01-21 14:15:00,1611218700,36922.3,37020.2,36277,36433.6,0
2021-01-21 15:15:00,1611222300,36436.8,36613.5,36411.7,36613.3,0
2021-01-22 09:15:00,1611287100,36369.6,36432.7,36102.1,36182.4,0
2021-01-22 10:15:00,1611290700,36188.8,36228,35877.5,35995.9,0
2021-01-22 11:15:00,1611294300,35991.8,35999.3,35775.8,35884.7,0
2021-01-22 12:15:00,1611297900,35880.2,35940.8,35488.9,35509.7,0
2021-01-22 13:15:00,1611301500,35492.2,35678.3,35341.2,35422.3,0
2021-01-22 14:15:00,1611305100,35418.5,35663.9,35330,35406.9,0
2021-01-22 15:15:00,1611308700,35409.6,35430.4,35324.8,35384.9,0
2021-01-25 09:15:00,1611546300,35699.6,35844,35213.9,35714,0
2021-01-25 10:15:00,1611549900,35719.4,35959.9,35699.9,35897.3,0
2021-01-25 11:15:00,1611553500,35901.9,35911.4,35553.6,35680.8,0
2021-01-25 12:15:00,1611557100,35678.4,35818.1,35624.7,35796.4,0
2021-01-25 13:15:00,1611560700,35822,35873.6,35340.4,35460.6,0
2021-01-25 14:15:00,1611564300,35475,35498.4,35158.1,35427.9,0
2021-01-25 15:15:00,1611567900,35422.4,35451,35293.3,35338.5,0
2021-01-27 09:15:00,1611719100,35438.2,35477.2,34883.4,35087.8,0
2021-01-27 10:15:00,1611722700,35094.3,35301.6,34979.4,35273.2,0
2021-01-27 11:15:00,1611726300,35257.3,35317.6,35195.1,35195.1,0
2021-01-27 14:15:00,1611737100,34253.5,34440.4,34201.1,34346.9,0
2021-01-27 15:15:00,1611740700,34354.2,34410.6,34342,34379.2,0
2021-01-28 09:15:00,1611805500,33733.9,34102.4,33700.3,33993.3,0
2021-01-28 10:15:00,1611809100,33992.2,34176.8,33873.4,34014.4,0
2021-01-28 11:15:00,1611812700,34018.7,34061.1,33963.8,34046.1,0
2021-01-28 12:15:00,1611816300,34035.5,34185.7,33720.4,33778.2,0
2021-01-28 13:15:00,1611819900,33770.9,34233.8,33770.9,34110.1,0
2021-01-28 14:15:00,1611823500,34104.5,34485.8,34005.1,34463.6,0
2021-01-28 15:15:00,1611827100,34482.1,34555.7,34434.2,34466.3,0
2021-01-29 09:15:00,1611891900,34838.8,34860.8,34508.5,34574.4,0
2021-01-29 10:15:00,1611895500,34575.9,34631.6,34330.9,34628.3,0
2021-01-29 11:15:00,1611899100,34639.8,34652.7,34490,34517.9,0
2021-01-29 12:15:00,1611902700,34518.5,34724.6,34502.4,34616.3,0
2021-01-29 13:15:00,1611906300,34593.1,34838.5,34508.1,34838.5,0
2021-01-29 14:15:00,1611909900,34838.1,35250.3,34521.5,34652.2,0
2021-01-29 15:15:00,1611913500,34668.4,34762.3,34573.6,34716.9,0
2021-02-01 09:15:00,1612151100,35039.1,35373.6,35039.1,35333.1,0
2021-02-01 10:15:00,1612154700,35335.8,35533.6,35217.6,35416,0
2021-02-01 11:15:00,1612158300,35416,35868.9,35390.3,35597.4,0
2021-02-01 12:15:00,1612161900,35483.4,36903.9,35437.1,36660.5,0
2021-02-01 13:15:00,1612165500,36668.3,37206.2,36650.6,36814.3,0
2021-02-01 14:15:00,1612169100,36801.6,37575.2,36707.5,37460.9,0
2021-02-01 15:15:00,1612172700,37468.2,37775,37409.8,37712.5,0
2021-02-02 09:15:00,1612237500,38061.5,39218.9,38054.3,38837.8,0
2021-02-02 10:15:00,1612241100,38847.4,38877.6,38297.2,38634.9,0
2021-02-02 11:15:00,1612244700,38628.8,38675.1,38184,38579,0
2021-02-02 12:15:00,1612248300,38582,38733.8,38325.4,38632.3,0
2021-02-02 13:15:00,1612251900,38641.2,38855.5,38466.2,38835.4,0
2021-02-02 14:15:00,1612255500,38855.1,38988.9,38678.2,38777.8,0
2021-02-02 15:15:00,1612259100,38783.1,38900.7,38706.7,38879.7,0
2021-02-03 09:15:00,1612323900,39172.3,39172.3,38529.8,38911.4,0
2021-02-03 10:15:00,1612327500,38942.8,39245.3,38942.8,39137.2,0
2021-02-03 11:15:00,1612331100,39133.2,39392.5,39096.7,39175,0
2021-02-03 12:15:00,1612334700,39174.7,39407.8,39173.2,39349.3,0
2021-02-03 13:15:00,1612338300,39339.5,39428.2,39133.6,39195.2,0
2021-02-03 14:15:00,1612341900,39185.1,39455.4,39139.2,39320.6,0
2021-02-03 15:15:00,1612345500,39317.2,39362,39234.7,39254.4,0
2021-02-04 09:15:00,1612410300,39153.1,39153.1,38717.7,38787.3,0
2021-02-04 10:15:00,1612413900,38793.8,39050.9,38700.1,39017,0
2021-02-04 11:15:00,1612417500,39023.6,39413.1,39023.6,39397.9,0
2021-02-04 12:15:00,1612421100,39401.7,39652.7,39376.9,39485.3,0
2021-02-04 13:15:00,1612424700,39483.1,39771.1,39410.5,39756.2,0
2021-02-04 14:15:00,1612428300,39761.3,40040.6,39648.2,39917.6,0
2021-02-04 15:15:00,1612431900,39907.6,39972,39889.9,39927.4,0
2021-02-05 09:15:00,1612496700,40612.2,41320.4,40277.6,41000,0
2021-02-05 10:15:00,1612500300,40897.7,41134.7,40496.2,40835.2,0
2021-02-05 11:15:00,1612503900,40832.5,40968.6,40758.8,40816.1,0
2021-02-05 12:15:00,1612507500,40827.4,40843.4,40383,40390.6,0
2021-02-05 13:15:00,1612511100,40379.7,40660.6,40307,40462.9,0
2021-02-05 14:15:00,1612514700,40460.4,40532.6,40181.9,40236.5,0
2021-02-05 15:15:00,1612518300,40253.2,40418.8,40214.9,40418.8,0
2021-02-08 09:15:00,1612755900,40739.5,41255.2,40699.4,41108.1,0
2021-02-08 10:15:00,1612759500,41109.6,41189.5,40941.7,40960.7,0
2021-02-08 11:15:00,1612763100,40972.7,41006.1,40686.1,40731.7,0
2021-02-08 12:15:00,1612766700,40742.9,40820,40560.3,40813.2,0
2021-02-08 13:15:00,1612770300,40829,40944,40667.3,40803.6,0
2021-02-08 14:15:00,1612773900,40799.1,40851.4,40601.6,40702.4,0
2021-02-08 15:15:00,1612777500,40698.6,40720.2,40623.3,40688.7,0
2021-02-09 09:15:00,1612842300,40668.1,40752.1,40314.3,40490.6,0
2021-02-09 10:15:00,1612845900,40480.3,40975.1,40421.9,40938,0
2021-02-09 11:15:00,1612849500,40936.2,41066,40912.2,40999.3,0
2021-02-09 12:15:00,1612853100,40984.6,41075.6,40896.9,41032.7,0
2021-02-09 13:15:00,1612856700,41032.8,41110.6,40949.3,41074.9,0
2021-02-09 14:15:00,1612860300,41082.9,41172.7,40583.8,40759.1,0
2021-02-09 15:15:00,1612863900,40749.7,40785.8,40643.7,40666.6,0
2021-02-10 09:15:00,1612928700,40738,40923.1,40494.6,40543.9,0
2021-02-10 10:15:00,1612932300,40536.5,40598,40353.9,40537.9,0
2021-02-10 11:15:00,1612935900,40547.8,40722.4,40523.5,40574.1,0
2021-02-10 12:15:00,1612939500,40570.3,40652.3,40470.5,40489.3,0
2021-02-10 13:15:00,1612943100,40488.2,40536.9,40165.1,40251.7,0
2021-02-10 14:15:00,1612946700,40257.3,40432.8,40063.3,40431.9,0
2021-02-10 15:15:00,1612950300,40433.5,40581.5,40433.5,40578.8,0
2021-02-11 09:15:00,1613015100,40271.9,40693.9,40257.2,40558.3,0
2021-02-11 10:15:00,1613018700,40547.1,40618.2,40413,40413,0
2021-02-11 11:15:00,1613022300,40405.8,40525.8,40360.4,40436.4,0
2021-02-11 12:15:00,1613025900,40448.3,40627.4,40301,40418.2,0
2021-02-11 13:15:00,1613029500,40422.7,40466.4,40249,40365.2,0
2021-02-11 14:15:00,1613033100,40351.9,40522.1,40303.3,40437.1,0
2021-02-11 15:15:00,1613036700,40433.1,40482.7,40424.8,40471.4,0
2021-02-12 09:15:00,1613101500,40447.4,40596.7,40372.2,40551.7,0
2021-02-12 10:15:00,1613105100,40546.2,40889.4,40517.4,40858.7,0
2021-02-12 11:15:00,1613108700,40861.5,40934.5,40725.2,40754.9,0
2021-02-12 12:15:00,1613112300,40761,41045.2,40757.7,41013.3,0
2021-02-12 13:15:00,1613115900,41005.9,41039.7,40630.3,40723.9,0
2021-02-12 14:15:00,1613119500,40719.2,40841.8,40690.2,40810.2,0
2021-02-12 15:15:00,1613123100,40814,40887.2,40805.7,40844.9,0
2021-02-15 09:15:00,1613360700,41174.1,41657.1,41166.6,41539.1,0
2021-02-15 10:15:00,1613364300,41541.2,41669.5,41500.8,41668.4,0
2021-02-15 11:15:00,1613367900,41671.8,41694,41571.4,41624.7,0
2021-02-15 12:15:00,1613371500,41625,41862.1,41582.6,41822.8,0
2021-02-15 13:15:00,1613375100,41815.3,41992.9,41743.4,41940.8,0
2021-02-15 14:15:00,1613378700,41941.6,42179.4,41836.5,42138,0
2021-02-15 15:15:00,1613382300,42140.5,42324.6,42108,42296.6,0
2021-02-16 09:15:00,1613447100,42387.9,42655.2,42099.5,42214.2,0
2021-02-16 10:15:00,1613450700,42214.2,42383.9,42136.4,42164.3,0
2021-02-16 11:15:00,1613454300,42152.5,42194.2,41956.3,42022.3,0
2021-02-16 12:15:00,1613457900,42030.2,42117.9,41672.1,41731.7,0
2021-02-16 13:15:00,1613461500,41731.2,41888.1,41589,41697.4,0
2021-02-16 14:15:00,1613465100,41699.4,42005.4,41673.1,41938.9,0
2021-02-16 15:15:00,1613468700,41942.5,42032,41886.1,42001.5,0
2021-02-17 09:15:00,1613533500,41863.7,41931,41524.8,41699.7,0
2021-02-17 10:15:00,1613537100,41697.1,42165.3,41668,42071.9,0
2021-02-17 11:15:00,1613540700,42086.4,42119.9,41950.2,41984.7,0
2021-02-17 12:15:00,1613544300,41984.8,42129.9,41687,41763.5,0
2021-02-17 13:15:00,1613547900,41765.9,41826.2,41551.7,41745.4,0
2021-02-17 14:15:00,1613551500,41737.5,41818.7,41644.4,41703.4,0
2021-02-17 15:15:00,1613555100,41707.5,41726.5,41604.2,41665.2,0
2021-02-18 09:15:00,1613619900,41967.1,41967.1,41421.8,41493.4,0
2021-02-18 10:15:00,1613623500,41496,41614,41445.6,41486.5,0
2021-02-18 11:15:00,1613627100,41484.2,41967.1,41244.1,41248.6,0
2021-02-18 12:15:00,1613630700,41263.5,41263.5,41026.1,41123.5,0
2021-02-18 13:15:00,1613634300,41127.2,41183.1,40945,41183.1,0
2021-02-18 14:15:00,1613637900,41209.2,41252.1,41121.4,41190.3,0
2021-02-18 15:15:00,1613641500,41194,41209.4,41151.6,41189.4,0
2021-02-19 09:15:00,1613706300,40987.9,41129.7,40659,41074,0
2021-02-19 10:15:00,1613709900,41095,41203.6,40847,40910.7,0
2021-02-19 11:15:00,1613713500,40909.6,41025.4,40841.2,40901.1,0
2021-02-19 12:15:00,1613717100,40897.7,40897.7,40709.4,40790.2,0
2021-02-19 13:15:00,1613720700,40786.4,40788.4,40142.4,40195.9,0
2021-02-19 14:15:00,1613724300,40189.8,40453.4,40069.4,40448.9,0
2021-02-19 15:15:00,1613727900,40457.1,40509.9,40320.4,40444.2,0
2021-02-22 09:15:00,1613965500,40348.7,40634.4,40151.2,40275.7,0
2021-02-22 10:15:00,1613969100,40261.6,40400.6,40110,40159.6,0
2021-02-22 11:15:00,1613972700,40164.5,40227.5,39902.9,39967,0
2021-02-22 12:15:00,1613976300,39941.6,40057.4,39796.1,39902.9,0
2021-02-22 13:15:00,1613979900,39902.9,39934,39629.7,39649.7,0
2021-02-22 14:15:00,1613983500,39652.6,39987.1,39540.8,39739.5,0
2021-02-22 15:15:00,1613987100,39752.6,39772.5,39587,39606.3,0
2021-02-23 09:15:00,1614051900,40015.5,40017.4,39567.9,39785.9,0
2021-02-23 10:15:00,1614055500,39808.5,40101.5,39757.6,39900.5,0
2021-02-23 11:15:00,1614059100,39897.5,39937.4,39321.7,39525.1,0
2021-02-23 12:15:00,1614062700,39520.8,39736.7,39404.6,39721.6,0
2021-02-23 13:15:00,1614066300,39719.3,39732.3,39422.2,39538.5,0
2021-02-23 14:15:00,1614069900,39539.7,39685.2,39409.3,39558,0
2021-02-23 15:15:00,1614073500,39560.6,39560.6,39457.7,39504.8,0
2021-02-24 09:15:00,1614138300,39422.8,40037.4,39422.8,39993,0
2021-02-24 10:15:00,1614141900,39982.5,40188.5,39868.8,40152.2,0
2021-02-24 11:15:00,1614145500,40155.3,40225.8,39838.6,39905.9,0
2021-02-24 12:15:00,1614149100,39892.9,39961.1,39834,39942.7,0
2021-02-24 13:15:00,1614152700,39932.5,39961.6,39815.4,39840.6,0
2021-02-24 14:15:00,1614156300,39847.6,40089.4,39831.6,39927.3,0
2021-02-24 15:15:00,1614159900,39962.7,40553,39919.5,40106.5,0
2021-02-25 09:15:00,1614224700,41364.5,41809.1,41227.4,41471.8,0
2021-02-25 10:15:00,1614228300,41487,41646.6,41454.6,41547.2,0
2021-02-25 11:15:00,1614231900,41555.1,41600.9,41145,41210.2,0
2021-02-25 12:15:00,1614235500,41206.4,41440,41181.8,41265.5,0
2021-02-25 13:15:00,1614239100,41268,41301,41053.4,41153.8,0
2021-02-25 14:15:00,1614242700,41152.8,41293.1,40951.6,40977.7,0
2021-02-25 15:15:00,1614246300,40986.3,40996.5,40897.1,40979.4,0
2021-02-26 09:15:00,1614311100,40153.9,40206.2,39742.1,39929.8,0
2021-02-26 10:15:00,1614314700,39915.7,39915.7,39382.8,39520.8,0
2021-02-26 11:15:00,1614318300,39491,39498.5,39043.4,39093.5,0
2021-02-26 12:15:00,1614321900,39050.6,39200,38860.3,38991.2,0
2021-02-26 13:15:00,1614325500,38993.8,39335.8,38918.6,39324.2,0
2021-02-26 14:15:00,1614329100,39330.8,39440.2,38934.7,39065.4,0
2021-02-26 15:15:00,1614332700,39060.8,39060.8,38809,39018.1,0
2021-03-01 09:15:00,1614570300,39644.3,39756.7,39254.2,39612.4,0
2021-03-01 10:15:00,1614573900,39617.1,39891.3,39617.1,39753.4,0
2021-03-01 11:15:00,1614577500,39760.8,39768.1,39361.5,39474.8,0
2021-03-01 12:15:00,1614581100,39477.7,39604.9,39238.2,39588.1,0
2021-03-01 13:15:00,1614584700,39580.6,39767.1,39496.7,39662.5,0
2021-03-01 14:15:00,1614588300,39667.8,39711.4,39462.4,39632.7,0
2021-03-01 15:15:00,1614591900,39629.4,39686,39602.9,39663.5,0
2021-03-02 09:15:00,1614656700,39893.2,40084.7,39716.2,39985.6,0
2021-03-02 10:15:00,1614660300,39986.6,39991.4,39461.6,39463.5,0
2021-03-02 11:15:00,1614663900,39440.6,39633.7,39320.7,39520.9,0
2021-03-02 12:15:00,1614667500,39521.9,39612.9,39362.5,39425.6,0
2021-03-02 13:15:00,1614671100,39431.6,39645.2,39273.1,39563.3,0
2021-03-02 14:15:00,1614674700,39564,39849.2,39442,39849.2,0
2021-03-02 15:15:00,1614678300,39843.8,39861,39787.3,39787.3,0
2021-03-03 09:15:00,1614743100,40079.9,40275.4,39988.5,40216.4,0
2021-03-03 10:15:00,1614746700,40227,40449.1,40227,40353.9,0
2021-03-03 11:15:00,1614750300,40349.1,40518,40312.1,40512.5,0
2021-03-03 12:15:00,1614753900,40515.6,40685.1,40485.6,40614.3,0
2021-03-03 13:15:00,1614757500,40619.2,40933.8,40619.2,40712.9,0
2021-03-03 14:15:00,1614761100,40739.8,40879.1,40712.9,40862.2,0
2021-03-03 15:15:00,1614764700,40852.1,40889.7,40790.2,40818.8,0
2021-03-04 09:15:00,1614829500,40047.5,40226.2,39873.6,40089.9,0
2021-03-04 10:15:00,1614833100,40093,40250.9,39959.4,40232.8,0
2021-03-04 11:15:00,1614836700,40234,40539.7,40201,40433.1,0
2021-03-04 12:15:00,1614840300,40441.2,40785.6,40397.6,40681.9,0
2021-03-04 13:15:00,1614843900,40696.9,40705,40398.1,40519,0
2021-03-04 14:15:00,1614847500,40522.6,40619.5,40128.8,40242.5,0
2021-03-04 15:15:00,1614851100,40243.4,40270.3,40188.5,40270.3,0
2021-03-05 09:15:00,1614915900,39864.8,40040.2,39505.3,39984.8,0
2021-03-05 10:15:00,1614919500,39957.7,39957.7,39535.5,39696.8,0
2021-03-05 11:15:00,1614923100,39692.4,39876.9,39631.9,39697.3,0
2021-03-05 12:15:00,1614926700,39703.7,39903.9,39678.6,39799.1,0
2021-03-05 13:15:00,1614930300,39794.5,39874.5,39301.7,39417.1,0
2021-03-05 14:15:00,1614933900,39404.1,39770,39343.6,39720.6,0
2021-03-05 15:15:00,1614937500,39728.2,39785.3,39684,39772.3,0
2021-03-08 09:15:00,1615175100,39942.7,40316.8,39863.1,40222.9,0
2021-03-08 10:15:00,1615178700,40226.8,40229.1,39483.7,39777.5,0
2021-03-08 11:15:00,1615182300,39782.1,39847.5,39651.5,39707.8,0
2021-03-08 12:15:00,1615185900,39705.2,39812.9,39545.8,39730.7,0
2021-03-08 13:15:00,1615189500,39732.1,39761.2,39494.7,39695,0
2021-03-08 14:15:00,1615193100,39694.9,40013.1,39562.6,39751.6,0
2021-03-08 15:15:00,1615196700,39755.9,39808.7,39716.1,39762.6,0
2021-03-09 09:15:00,1615261500,40083.7,40418.6,40063.8,40248.1,0
2021-03-09 10:15:00,1615265100,40257.6,40371.3,40215.4,40334.4,0
2021-03-09 11:15:00,1615268700,40334.3,40659.6,40334.3,40627.4,0
2021-03-09 12:15:00,1615272300,40620.3,40652.2,40240.1,40240.1,0
2021-03-09 13:15:00,1615275900,40230.3,40371.4,40111.7,40152.9,0
2021-03-09 14:15:00,1615279500,40151.7,40538.9,40114.9,40538.9,0
2021-03-09 15:15:00,1615283100,40541.1,40541.1,40416.2,40430.7,0
2021-03-10 09:15:00,1615347900,40725,40788.1,40526,40675.9,0
2021-03-10 10:15:00,1615351500,40684.9,40708.9,40453.2,40508.5,0
2021-03-10 11:15:00,1615355100,40504.7,40579.7,40353,40407.8,0
2021-03-10 12:15:00,1615358700,40417.4,40571.9,40336.4,40566.6,0
2021-03-10 13:15:00,1615362300,40559.2,40642.5,40429.1,40579.6,0
2021-03-10 14:15:00,1615365900,40583.4,40618.1,40407.5,40482.4,0
2021-03-10 15:15:00,1615369500,40498.5,40551.6,40498.1,40498.1,0
2021-03-12 09:15:00,1615520700,40970.5,41071.8,40841.7,40862.8,0
2021-03-12 10:15:00,1615524300,40866.9,40869.1,40735.6,40779.3,0
2021-03-12 11:15:00,1615527900,40779.9,40859.4,40681.9,40685.1,0
2021-03-12 12:15:00,1615531500,40684.6,40686,40539.3,40571.1,0
2021-03-12 13:15:00,1615535100,40555,40597.7,39819.4,39856.6,0
2021-03-12 14:15:00,1615538700,39797.1,40078.6,39660.3,40026.4,0
2021-03-12 15:15:00,1615542300,40031.4,40060.3,39929.8,39965.6,0
2021-03-15 09:15:00,1615779900,39992,40011.3,39116,39202.9,0
2021-03-15 10:15:00,1615783500,39193.9,39321.4,38907.8,38952.6,0
2021-03-15 11:15:00,1615787100,38950.1,39088.2,38836.7,38973.9,0
2021-03-15 12:15:00,1615790700,38973.1,38975.5,38819.8,38907.1,0
2021-03-15 13:15:00,1615794300,38901.6,39149.6,38870.3,39074.8,0
2021-03-15 14:15:00,1615797900,39075.8,39673.6,39048.6,39608,0
2021-03-15 15:15:00,1615801500,39621.2,39705.6,39617.8,39653.5,0
2021-03-16 09:15:00,1615866300,39793.6,39882.1,39408.2,39573.9,0
2021-03-16 10:15:00,1615869900,39573.5,39840.9,39570.1,39725.1,0
2021-03-16 11:15:00,1615873500,39722.7,39778.3,39472.3,39577.6,0
2021-03-16 12:15:00,1615877100,39576.6,39666.4,39331.1,39389.4,0
2021-03-16 13:15:00,1615880700,39387.3,39454.5,39168.9,39285.4,0
2021-03-16 14:15:00,1615884300,39288.1,39431.1,39158.1,39199.9,0
2021-03-16 15:15:00,1615887900,39207.4,39249.5,39177,39236.1,0
2021-03-17 09:15:00,1615952700,39220.8,39342.1,39031.4,39073.9,0
2021-03-17 10:15:00,1615956300,39076.9,39276.6,39019.8,39184.5,0
2021-03-17 11:15:00,1615959900,39185.6,39571,39179.1,39201.7,0
2021-03-17 12:15:00,1615963500,39198.9,39256.2,38990,39037.2,0
2021-03-17 13:15:00,1615967100,39040,39140.9,38892.5,38946.6,0
2021-03-17 14:15:00,1615970700,38938.3,38958.8,38513.9,38531.9,0
2021-03-17 15:15:00,1615974300,38531.2,38588.2,38497.9,38521.9,0
2021-03-18 09:15:00,1616039100,38855.1,39183.6,38855.1,38982,0
2021-03-18 10:15:00,1616042700,38991.7,39025.4,38786.4,38878.8,0
2021-03-18 11:15:00,1616046300,38879.1,39023.8,38801.3,39023.8,0
2021-03-18 12:15:00,1616049900,39024.8,39032.3,38501.1,38504,0
2021-03-18 13:15:00,1616053500,38489.8,38540.9,37908.1,37925.1,0
2021-03-18 14:15:00,1616057100,37934,38266.5,37892.9,38231.3,0
2021-03-18 15:15:00,1616060700,38242.1,38243,38145,38230.2,0
2021-03-19 09:15:00,1616125500,37835.4,38226.2,37672.6,38138.5,0
2021-03-19 10:15:00,1616129100,38146.1,38473.8,37987.7,38400,0
2021-03-19 11:15:00,1616132700,38390,38412.9,37801.9,37820.5,0
2021-03-19 12:15:00,1616136300,37826.8,38081.5,37769.7,37996.6,0
2021-03-19 13:15:00,1616139900,37998.9,38359.4,37952.3,38249.1,0
2021-03-19 14:15:00,1616143500,38249.1,38734.7,38086.8,38494.8,0
2021-03-19 15:15:00,1616147100,38498.9,38510.3,38299.9,38427.8,0
2021-03-22 09:15:00,1616384700,38474.3,38474.3,38030.2,38324.8,0
2021-03-22 10:15:00,1616388300,38314.5,38330.3,38044.1,38168.3,0
2021-03-22 11:15:00,1616391900,38175.3,38294.5,38089.5,38126.2,0
2021-03-22 12:15:00,1616395500,38125.3,38125.3,37673.9,37763.5,0
2021-03-22 13:15:00,1616399100,37763.2,37915.7,37637.7,37846,0
2021-03-22 14:15:00,1616402700,37858.2,37973.5,37691.5,37939.3,0
2021-03-22 15:15:00,1616406300,37961.3,37966.2,37850.7,37958.2,0
2021-03-23 09:15:00,1616471100,38058.3,38224.1,38016,38054.3,0
2021-03-23 10:15:00,1616474700,38059.2,38597.9,37908.4,38302,0
2021-03-23 11:15:00,1616478300,38298.8,38376.8,37861.3,38059.1,0
2021-03-23 12:15:00,1616481900,38059.4,38246.9,37959.2,38155.2,0
2021-03-23 13:15:00,1616485500,38163,38283.6,38055.1,38251.4,0
2021-03-23 14:15:00,1616489100,38244,38659.9,38223.7,38459.7,0
2021-03-23 15:15:00,1616492700,38444.5,38486.7,38393.2,38486.7,0
2021-03-24 09:15:00,1616557500,38190.9,38211,37870.6,37899.6,0
2021-03-24 10:15:00,1616561100,37868.3,37900.1,37600.4,37687.9,0
2021-03-24 11:15:00,1616564700,37685.3,37827.3,37559.1,37759.8,0
2021-03-24 12:15:00,1616568300,37763.1,37890.2,37655.1,37663.4,0
2021-03-24 13:15:00,1616571900,37668.9,37839.6,37623.5,37753.4,0
2021-03-24 14:15:00,1616575500,37755.4,37871,37384.7,37503.8,0
2021-03-24 15:15:00,1616579100,37507.4,37587.3,37465.6,37574.4,0
2021-03-25 09:15:00,1616643900,37601.2,37646.3,37009.8,37130.2,0
2021-03-25 10:15:00,1616647500,37110.7,37128.2,36900.2,36904.7,0
2021-03-25 11:15:00,1616651100,36908.3,37018.1,36536.8,36695.2,0
2021-03-25 12:15:00,1616654700,36686.6,36790.7,36612.8,36706.3,0
2021-03-25 13:15:00,1616658300,36703,37510.2,36689.6,37357,0
2021-03-25 14:15:00,1616661900,37366.2,37799.2,37048.8,37139.4,0
2021-03-25 15:15:00,1616665500,37130,37213.8,37061.9,37206.6,0
2021-03-26 09:15:00,1616730300,37732.8,37845.3,37433.9,37571,0
2021-03-26 10:15:00,1616733900,37593.7,37705.1,37495,37541.8,0
2021-03-26 11:15:00,1616737500,37539.7,37763.4,37402.3,37696.9,0
2021-03-26 12:15:00,1616741100,37696.8,37718.4,37483.5,37522,0
2021-03-26 13:15:00,1616744700,37512.9,37763.1,37382,37630.3,0
2021-03-26 14:15:00,1616748300,37632.9,37737.6,37418.6,37440.8,0
2021-03-26 15:15:00,1616751900,37429.8,37693.6,37354.9,37653.6,0
2021-03-30 09:15:00,1617075900,37753,38134.4,37753,38122.5,0
2021-03-30 10:15:00,1617079500,38138.1,38239.9,38045.5,38134.3,0
2021-03-30 11:15:00,1617083100,38135.6,38199.5,37911.6,37936.6,0
2021-03-30 12:15:00,1617086700,37930.4,38022.9,37778.9,37864.6,0
2021-03-30 13:15:00,1617090300,37870.3,38164.5,37859.8,38142.6,0
2021-03-30 14:15:00,1617093900,38143.5,38224.2,38048.8,38088.9,0
2021-03-30 15:15:00,1617097500,38074.7,38114.5,38049.1,38092.5,0
2021-03-31 09:15:00,1617162300,38041,38041,37640.6,37727.9,0
2021-03-31 10:15:00,1617165900,37727.3,37741,37436.9,37484.8,0
2021-03-31 11:15:00,1617169500,37491.3,37620.8,37382.2,37604.2,0
2021-03-31 12:15:00,1617173100,37608.1,37763.8,37569.5,37659,0
2021-03-31 13:15:00,1617176700,37667.6,37674.2,37498.7,37597.5,0
2021-03-31 14:15:00,1617180300,37594.6,37619.7,37465,37578.9,0
2021-03-31 15:15:00,1617183900,37573.6,37608.3,37538.1,37586.5,0
2021-04-01 09:15:00,1617248700,37855.6,37882.2,37589.6,37670,0
2021-04-01 10:15:00,1617252300,37669.8,37735.7,37472,37584.6,0
2021-04-01 11:15:00,1617255900,37590.3,37677,37515.9,37643.4,0
2021-04-01 12:15:00,1617259500,37645.3,37793.1,37549.9,37783,0
2021-04-01 13:15:00,1617263100,37795.1,38112.5,37786.6,38107.4,0
2021-04-01 14:15:00,1617266700,38111.1,38299.6,38090.2,38284.4,0
2021-04-01 15:15:00,1617270300,38280.5,38339.7,38239,38284.9,0
2021-04-05 09:15:00,1617594300,38023.8,38054.1,36731.2,36874.1,0
2021-04-05 10:15:00,1617597900,36828.9,36904,36521.8,36603.1,0
2021-04-05 11:15:00,1617601500,36584.9,36896.8,36547.5,36842.7,0
2021-04-05 12:15:00,1617605100,36840.9,37006.9,36751.9,36849.9,0
2021-04-05 13:15:00,1617608700,36847.8,37047.3,36838,36944.8,0
2021-04-05 14:15:00,1617612300,36968.3,37072.4,36835.4,36908.1,0
2021-04-05 15:15:00,1617615900,36901.1,36979.8,36858.8,36979.8,0
2021-04-06 09:15:00,1617680700,37099.2,37274.8,36524.8,37056.6,0
2021-04-06 10:15:00,1617684300,37042,37168.2,36826.1,37133.9,0
2021-04-06 11:15:00,1617687900,37135.3,37207.4,36956.3,37030.2,0
2021-04-06 12:15:00,1617691500,37028.4,37076.4,36593.7,36837.7,0
2021-04-06 13:15:00,1617695100,36849.2,36865.7,36622.4,36684.8,0
2021-04-06 14:15:00,1617698700,36679.5,36748.7,36617,36718.7,0
2021-04-06 15:15:00,1617702300,36719.7,36792.7,36719.7,36771.4,0
2021-04-07 09:15:00,1617767100,36729.6,37171.9,36350,37013.9,0
2021-04-07 10:15:00,1617770700,37041.1,37241.4,36764.7,37218.9,0
2021-04-07 11:15:00,1617774300,37217.6,37413.3,37158.9,37381.8,0
2021-04-07 12:15:00,1617777900,37389.6,37529.3,37326.3,37501.3,0
2021-04-07 13:15:00,1617781500,37497.2,37497.2,37186.4,37334.4,0
2021-04-07 14:15:00,1617785100,37334,37425.5,37236.2,37335.6,0
2021-04-07 15:15:00,1617788700,37323.6,37337.4,37250.3,37277,0
2021-04-08 09:15:00,1617853500,37522.7,37642.6,37367,37568.3,0
2021-04-08 10:15:00,1617857100,37567.4,37580.7,37453.1,37494.2,0
2021-04-08 11:15:00,1617860700,37491,37541.8,37206.4,37223,0
2021-04-08 12:15:00,1617864300,37199.6,37391.1,37199.4,37298.7,0
2021-04-08 13:15:00,1617867900,37317.6,37613.1,37317.6,37414.3,0
2021-04-08 14:15:00,1617871500,37421.6,37438.2,36984.1,37027.8,0
2021-04-08 15:15:00,1617875100,37024.9,37104.1,37024.9,37080.2,0
2021-04-09 09:15:00,1617939900,36874.1,37313.7,36562.2,37200.5,0
2021-04-09 10:15:00,1617943500,37243.6,37287.6,36904.7,36955.4,0
2021-04-09 11:15:00,1617947100,36911.3,37090.9,36904.9,36971.5,0
2021-04-09 12:15:00,1617950700,36973.6,37159.1,36956.3,36994.9,0
2021-04-09 13:15:00,1617954300,37000,37036.9,36717.8,36786.4,0
2021-04-09 14:15:00,1617957900,36774.4,36896.8,36735,36772.5,0
2021-04-09 15:15:00,1617961500,36772.5,36805.8,36738.4,36749.2,0
2021-04-12 09:15:00,1618199100,35722.8,35830.6,34994.3,35375.5,0
2021-04-12 10:15:00,1618202700,35335.9,35463.9,35132.5,35192.6,0
2021-04-12 11:15:00,1618206300,35186.2,35226.2,34749.6,34922.6,0
2021-04-12 12:15:00,1618209900,34914.3,35030,34819.2,34899.6,0
2021-04-12 13:15:00,1618213500,34887.4,34967.7,34781.4,34899.9,0
2021-04-12 14:15:00,1618217100,34895.2,34977.1,34663,34930.3,0
2021-04-12 15:15:00,1618220700,34944.9,35116,34944.9,35085.5,0
2021-04-13 09:15:00,1618285500,35036.7,35573.5,34902.8,35525.6,0
2021-04-13 10:15:00,1618289100,35521.6,35538,35368.5,35441.2,0
2021-04-13 11:15:00,1618292700,35441.1,35481.1,35276.5,35387.1,0
2021-04-13 12:15:00,1618296300,35395.4,35625.7,35367.6,35423.5,0
2021-04-13 13:15:00,1618299900,35425.5,35983.9,35382.5,35926.9,0
2021-04-13 14:15:00,1618303500,35950,36213.9,35908.7,36085.5,0
2021-04-13 15:15:00,1618307100,36080.8,36103.2,36034.4,36103.2,0
2021-04-15 09:15:00,1618458300,36138.7,36484.6,35925.2,36013.6,0
2021-04-15 10:15:00,1618461900,36015.6,36045.2,35695.3,35720.1,0
2021-04-15 11:15:00,1618465500,35709.4,36302.3,35682.5,36213.1,0
2021-04-15 12:15:00,1618469100,36227.4,36343.2,36044.4,36099.9,0
2021-04-15 13:15:00,1618472700,36113.8,36505,36011.3,36449.4,0
2021-04-15 14:15:00,1618476300,36447.5,36517.3,36211.7,36476.6,0
2021-04-15 15:15:00,1618479900,36475.9,36544,36443.6,36512.2,0
2021-04-16 09:15:00,1618544700,36563.4,36686.9,36230.2,36478.4,0
2021-04-16 10:15:00,1618548300,36493.5,36561.2,36402.3,36487.5,0
2021-04-16 11:15:00,1618551900,36472.9,36539.1,36295.4,36403.9,0
2021-04-16 12:15:00,1618555500,36402.3,36467.7,36313.6,36377,0
2021-04-16 13:15:00,1618559100,36368.8,36405.9,36261.3,36332.6,0
2021-04-16 14:15:00,1618562700,36339.9,36556.8,36247.9,36277.9,0
2021-04-16 15:15:00,1618566300,36277.9,36316.1,36208.5,36243.6,0
2021-04-19 09:15:00,1618803900,35356.2,35356.2,34513.2,34774,0
2021-04-19 10:15:00,1618807500,34772.1,34981.6,34631.3,34916.1,0
2021-04-19 11:15:00,1618811100,34914.8,34914.8,34692.2,34765.2,0
2021-04-19 12:15:00,1618814700,34757.7,34934.3,34697.3,34878.1,0
2021-04-19 13:15:00,1618818300,34880,35237.4,34855.1,35115.9,0
2021-04-19 14:15:00,1618821900,35113.7,35452,34988.9,35428.4,0
2021-04-19 15:15:00,1618825500,35425.6,35505.8,35388.8,35432.5,0
2021-04-20 09:15:00,1618890300,35841,36004.8,35692.2,35805.1,0
2021-04-20 10:15:00,1618893900,35807.2,35914.3,35703.6,35790.4,0
2021-04-20 11:15:00,1618897500,35786.7,35806.2,35640.6,35705,0
2021-04-20 12:15:00,1618901100,35698.8,35710,35373,35544.1,0
2021-04-20 13:15:00,1618904700,35547.5,35661.4,35485.4,35515.6,0
2021-04-20 14:15:00,1618908300,35514.9,35543.7,35043.9,35375.5,0
2021-04-20 15:15:00,1618911900,35374.9,35374.9,35252.4,35264.9,0
2021-04-22 09:15:00,1619063100,34969.2,35132.8,34684.3,35071.4,0
2021-04-22 10:15:00,1619066700,35070.3,35274.3,35012.1,35212.6,0
2021-04-22 11:15:00,1619070300,35204.8,35641.2,35187.7,35630.8,0
2021-04-22 12:15:00,1619073900,35657.8,35793.8,35580.1,35647.8,0
2021-04-22 13:15:00,1619077500,35650.6,35935,35622.9,35913.4,0
2021-04-22 14:15:00,1619081100,35916.3,36104.1,35768.2,36071.5,0
2021-04-22 15:15:00,1619084700,36066,36105.6,35975.1,35989.8,0
2021-04-23 09:15:00,1619149500,35811.7,36127.3,35602,36110.6,0
2021-04-23 10:15:00,1619153100,36105.8,36320.4,36045.6,36311.7,0
2021-04-23 11:15:00,1619156700,36307.7,36461.4,36286.6,36325.2,0
2021-04-23 12:15:00,1619160300,36316.9,36358,36112.5,36233.6,0
2021-04-23 13:15:00,1619163900,36217.6,36372.3,36006.7,36037.2,0
2021-04-23 14:15:00,1619167500,36037.7,36150.4,35859.4,36036,0
2021-04-23 15:15:00,1619171100,36037.4,36061.9,35911.4,35933.4,0
2021-04-26 09:15:00,1619408700,36597.9,37074.8,36534.2,36925.9,0
2021-04-26 10:15:00,1619412300,36920.6,37085.6,36868.9,37057.9,0
2021-04-26 11:15:00,1619415900,37061.5,37064.2,36936.4,36964.1,0
2021-04-26 12:15:00,1619419500,36966.1,36989.9,36783.2,36808.4,0
2021-04-26 13:15:00,1619423100,36830.4,36943.6,36724.2,36803.7,0
2021-04-26 14:15:00,1619426700,36800.8,36816.6,36617.7,36712.8,0
2021-04-26 15:15:00,1619430300,36716.6,36744.7,36702.1,36722.2,0
2021-04-27 09:15:00,1619495100,36678.5,36906,36578,36760.6,0
2021-04-27 10:15:00,1619498700,36761.2,36950.3,36704.4,36922.3,0
2021-04-27 11:15:00,1619502300,36925.9,37060.1,36853.5,37033.8,0
2021-04-27 12:15:00,1619505900,37032.1,37062,36934.5,36971.6,0
2021-04-27 13:15:00,1619509500,36963.1,37135.4,36940.7,37115,0
2021-04-27 14:15:00,1619513100,37114.5,37184.3,37068.4,37166.8,0
2021-04-27 15:15:00,1619516700,37173,37248.4,37161.1,37176.4,0
2021-04-28 09:15:00,1619581500,37237,37635,37237,37565.2,0
2021-04-28 10:15:00,1619585100,37565.4,37622.1,37444.8,37591.6,0
2021-04-28 11:15:00,1619588700,37592.7,37723.9,37569.7,37713.1,0
2021-04-28 12:15:00,1619592300,37720.1,38074.8,37688.4,38074.8,0
2021-04-28 13:15:00,1619595900,38076.4,38233.8,38003.4,38231.7,0
2021-04-28 14:15:00,1619599500,38234.3,38343.7,38185.2,38303.5,0
2021-04-28 15:15:00,1619603100,38310.8,38314.1,38188.4,38217.9,0
2021-04-29 09:15:00,1619667900,38479.5,38912.5,37992.2,38190.1,0
2021-04-29 10:15:00,1619671500,38193.7,38278.8,37816.9,37919.2,0
2021-04-29 11:15:00,1619675100,37922.6,38311.6,37904.1,38268.5,0
2021-04-29 12:15:00,1619678700,38310.4,38554.4,38193.9,38365.8,0
2021-04-29 13:15:00,1619682300,38374.7,38517.7,38051.2,38247.3,0
2021-04-29 14:15:00,1619685900,38244.4,38405.7,38188,38295.8,0
2021-04-29 15:15:00,1619689500,38290.9,38315.4,38207,38251.4,0
2021-04-30 09:15:00,1619754300,37712.3,38035.5,37502.5,37814.5,0
2021-04-30 10:15:00,1619757900,37808.2,38098.8,37789.9,37981.8,0
2021-04-30 11:15:00,1619761500,37988.7,38015.7,37751.7,37828.3,0
2021-04-30 12:15:00,1619765100,37823.5,37945.7,37689.5,37713.9,0
2021-04-30 13:15:00,1619768700,37718.7,37781.3,37334.7,37455.7,0
2021-04-30 14:15:00,1619772300,37417.4,37576.8,37306.4,37361.4,0
2021-04-30 15:15:00,1619775900,37355.9,37358.1,37188.6,37233.2,0
2021-05-03 09:15:00,1620013500,37049.3,37049.3,36483.2,36763.1,0
2021-05-03 10:15:00,1620017100,36771.9,37091.7,36694.8,36962.4,0
2021-05-03 11:15:00,1620020700,36956.4,37027.1,36743.7,36831.6,0
2021-05-03 12:15:00,1620024300,36825.6,36856.7,36654.9,36845.9,0
2021-05-03 13:15:00,1620027900,36841.4,36894.1,36333.7,36528.9,0
2021-05-03 14:15:00,1620031500,36531.6,37060.1,36513.8,36939.7,0
2021-05-03 15:15:00,1620035100,36940.7,37080.9,36912.7,37059.4,0
2021-05-04 09:15:00,1620099900,37175.6,37472.5,37037.7,37385.1,0
2021-05-04 10:15:00,1620103500,37381.9,37544.8,37326.1,37502.9,0
2021-05-04 11:15:00,1620107100,37512.1,37591.3,37449.5,37502.2,0
2021-05-04 12:15:00,1620110700,37499.6,37567.9,37155.7,37166.7,0
2021-05-04 13:15:00,1620114300,37114.2,37306.3,37008.1,37186,0
2021-05-04 14:15:00,1620117900,37194.8,37290.2,36671.1,36822.5,0
2021-05-04 15:15:00,1620121500,36820.6,36821.3,36726.4,36776.2,0
2021-05-05 09:15:00,1620186300,37113.9,37144.6,36520.5,36978.4,0
2021-05-05 10:15:00,1620189900,36976.9,37265.9,36892.2,37093.8,0
2021-05-05 11:15:00,1620193500,37084.3,37191.6,36971.6,37135.5,0
2021-05-05 12:15:00,1620197100,37124.8,37426.8,37050.3,37344.9,0
2021-05-05 13:15:00,1620200700,37334.2,37393.2,37090.6,37149.3,0
2021-05-05 14:15:00,1620204300,37139.4,37386.2,37129.6,37382.8,0
2021-05-05 15:15:00,1620207900,37382.7,37496.1,37362.8,37435.6,0
2021-05-06 09:15:00,1620272700,37554.9,37562.4,37292.6,37334,0
2021-05-06 10:15:00,1620276300,37342.8,37360.8,37154.3,37206.8,0
2021-05-06 11:15:00,1620279900,37201.7,37339.6,37169,37323.1,0
2021-05-06 12:15:00,1620283500,37323.4,37492,37315.5,37484.7,0
2021-05-06 13:15:00,1620287100,37486.7,37535.5,37335.1,37424.6,0
2021-05-06 14:15:00,1620290700,37429.8,37501.9,37295.2,37456.5,0
2021-05-06 15:15:00,1620294300,37456.7,37524.1,37445.9,37513.2,0
2021-05-07 09:15:00,1620359100,37598,37943.5,37598,37782.7,0
2021-05-07 10:15:00,1620362700,37784.9,37799.1,37561.2,37574.6,0
2021-05-07 11:15:00,1620366300,37579.9,37715.4,37455.5,37520.2,0
2021-05-07 12:15:00,1620369900,37498.7,37564.9,37367.6,37475.7,0
2021-05-07 13:15:00,1620373500,37467.4,37599.3,37406.9,37571.2,0
2021-05-07 14:15:00,1620377100,37574.5,37586.7,37468.2,37532.7,0
2021-05-07 15:15:00,1620380700,37532.6,37540.8,37466.8,37506.7,0
2021-05-10 09:15:00,1620618300,37753,37912.8,37688.8,37841.7,0
2021-05-10 10:15:00,1620621900,37847.9,37990.7,37847.9,37905.4,0
2021-05-10 11:15:00,1620625500,37912.4,37965.4,37818.3,37867.1,0
2021-05-10 12:15:00,1620629100,37861,37955.4,37807.7,37843,0
2021-05-10 13:15:00,1620632700,37840.2,37873.9,37776.6,37840,0
2021-05-10 14:15:00,1620636300,37832.8,37918.4,37766.4,37801,0
2021-05-10 15:15:00,1620639900,37802.5,37899.1,37796.9,37895.3,0
2021-05-11 09:15:00,1620704700,37321.5,37484.4,37246.2,37471,0
2021-05-11 10:15:00,1620708300,37501.2,37526.9,37361.8,37462.7,0
2021-05-11 11:15:00,1620711900,37458.3,37778.2,37458.3,37672.4,0
2021-05-11 12:15:00,1620715500,37671.6,37705.1,37442.4,37491.5,0
2021-05-11 13:15:00,1620719100,37473.9,37475.7,37311.4,37408.7,0
2021-05-11 14:15:00,1620722700,37386.7,37480.1,37351.5,37459.4,0
2021-05-11 15:15:00,1620726300,37458.3,37460.5,37404.6,37420.1,0
2021-05-12 09:15:00,1620791100,37364.5,37364.5,37067.2,37077.9,0
2021-05-12 10:15:00,1620794700,37071.7,37104.7,36896.5,36909.7,0
2021-05-12 11:15:00,1620798300,36909.7,37139.9,36866.8,37121.7,0
2021-05-12 12:15:00,1620801900,37133.4,37186.4,37061.5,37105.3,0
2021-05-12 13:15:00,1620805500,37111.7,37143.5,36978.5,37084.7,0
2021-05-12 14:15:00,1620809100,37090.4,37128.7,36803.2,36915,0
2021-05-12 15:15:00,1620812700,36907.6,36924.6,36889.9,36915.8,0
2021-05-14 09:15:00,1620963900,37027.6,37085.7,36724.9,36900.8,0
2021-05-14 10:15:00,1620967500,36902.1,36998,36756.6,36782.3,0
2021-05-14 11:15:00,1620971100,36787.9,36843.5,36533.5,36620.9,0
2021-05-14 12:15:00,1620974700,36617.1,36727.6,36596.6,36695.2,0
2021-05-14 13:15:00,1620978300,36684,36743.7,36528,36593.3,0
2021-05-14 14:15:00,1620981900,36593.6,36733.2,36545.4,36599.8,0
2021-05-14 15:15:00,1620985500,36591,36619.8,36569.7,36615.9,0
2021-05-17 09:15:00,1621223100,36829.4,37414.8,36784.9,37405.7,0
2021-05-17 10:15:00,1621226700,37421.8,37536.1,37374.4,37492.3,0
2021-05-17 11:15:00,1621230300,37496.6,37690.7,37496.6,37659.4,0
2021-05-17 12:15:00,1621233900,37662.5,37758.1,37625.5,37673.1,0
2021-05-17 13:15:00,1621237500,37655.7,37845.9,37600.3,37799.2,0
2021-05-17 14:15:00,1621241100,37790.9,38078.6,37785.8,38038.8,0
2021-05-17 15:15:00,1621244700,38030.7,38104.9,38006.6,38060.1,0
2021-05-18 09:15:00,1621309500,38492.6,38807.9,38346.6,38429.1,0
2021-05-18 10:15:00,1621313100,38420.5,38755.7,38420.5,38710.4,0
2021-05-18 11:15:00,1621316700,38710.5,38728.1,38514.3,38601.1,0
2021-05-18 12:15:00,1621320300,38598.2,38626.1,38500.5,38569.9,0
2021-05-18 13:15:00,1621323900,38576.7,38710.7,38531.9,38565,0
2021-05-18 14:15:00,1621327500,38567.2,38612.9,38433.7,38497.2,0
2021-05-18 15:15:00,1621331100,38498,38579.8,38496.7,38538.4,0
2021-05-19 09:15:00,1621395900,38318.9,38562.2,38255.7,38387.8,0
2021-05-19 10:15:00,1621399500,38385.9,38413.4,38207.5,38337.8,0
2021-05-19 11:15:00,1621403100,38334.4,38446.4,38248.5,38441,0
2021-05-19 12:15:00,1621406700,38439.6,38443.1,38300,38324.9,0
2021-05-19 13:15:00,1621410300,38328.1,38353.9,38198.7,38207.8,0
2021-05-19 14:15:00,1621413900,38217.5,38407.2,38181.6,38261.2,0
2021-05-19 15:15:00,1621417500,38261.1,38273.5,38211.9,38235.9,0
2021-05-20 09:15:00,1621482300,38264.4,38413.8,38163.3,38324.1,0
2021-05-20 10:15:00,1621485900,38320.6,38359.9,38246.2,38285.3,0
2021-05-20 11:15:00,1621489500,38288.3,38291.2,38217.9,38266.6,0
2021-05-20 12:15:00,1621493100,38266.2,38267.5,38138.4,38181.2,0
2021-05-20 13:15:00,1621496700,38156.9,38226.7,38098.2,38134.9,0
2021-05-20 14:15:00,1621500300,38146.2,38146.2,37808.4,37888.7,0
2021-05-20 15:15:00,1621503900,37871.3,37948.1,37825.3,37944.2,0
2021-05-21 09:15:00,1621568700,38147,38658.6,38120.1,38559.9,0
2021-05-21 10:15:00,1621572300,38562.6,38740.5,38562.6,38682.9,0
2021-05-21 11:15:00,1621575900,38684.7,38777.4,38660.2,38703.8,0
2021-05-21 12:15:00,1621579500,38700,38737.5,38548.1,38554.7,0
2021-05-21 13:15:00,1621583100,38558.9,38764.4,38544.6,38764.4,0
2021-05-21 14:15:00,1621586700,38790.6,39329,38790.6,39328,0
2021-05-21 15:15:00,1621590300,39329,39374.9,39271.9,39351,0
2021-05-24 09:15:00,1621827900,39601.7,39810.8,39176.6,39445,0
2021-05-24 10:15:00,1621831500,39441.1,39638.1,39441.1,39558.3,0
2021-05-24 11:15:00,1621835100,39561,39611.2,39450.7,39531.2,0
2021-05-24 12:15:00,1621838700,39531.8,39570.1,39301.1,39541,0
2021-05-24 13:15:00,1621842300,39539.1,39553.3,39415.7,39523.7,0
2021-05-24 14:15:00,1621845900,39522.1,39953.8,39467.4,39620.6,0
2021-05-24 15:15:00,1621849500,39616.6,39620.5,39461.1,39511.5,0
2021-05-25 09:15:00,1621914300,39820,39837.6,39396.7,39442.7,0
2021-05-25 10:15:00,1621917900,39443.7,39467.6,39273.9,39288.7,0
2021-05-25 11:15:00,1621921500,39270.6,39455.2,39209.6,39302.5,0
2021-05-25 12:15:00,1621925100,39314.2,39383.5,39282.7,39376.3,0
2021-05-25 13:15:00,1621928700,39372.5,39372.5,39074.9,39100.9,0
2021-05-25 14:15:00,1621932300,39096.7,39395.5,39064.2,39331.5,0
2021-05-25 15:15:00,1621935900,39336.9,39451.8,39332.5,39402.6,0
2021-05-26 09:15:00,1622000700,39556.6,39556.6,39125.9,39298.9,0
2021-05-26 10:15:00,1622004300,39301,39596,39275.3,39577.6,0
2021-05-26 11:15:00,1622007900,39585.5,39586.7,39397.8,39551.7,0
2021-05-26 12:15:00,1622011500,39551.3,39624,39504.7,39543.5,0
2021-05-26 13:15:00,1622015100,39546.4,39627.7,39411.6,39484.9,0
2021-05-26 14:15:00,1622018700,39480.8,39538,39331.2,39391.4,0
2021-05-26 15:15:00,1622022300,39394.4,39416.6,39364.2,39392.7,0
2021-05-27 09:15:00,1622087100,39404.1,39458.4,39210.1,39291.7,0
2021-05-27 10:15:00,1622090700,39291.1,39341.2,39200.1,39334.4,0
2021-05-27 11:15:00,1622094300,39329.9,39612.6,39312,39551.5,0
2021-05-27 12:15:00,1622097900,39551.2,39704.9,39496.9,39681,0
2021-05-27 13:15:00,1622101500,39690.7,39777.7,39540.4,39568,0
2021-05-27 14:15:00,1622105100,39555.5,39847.6,39468.4,39845.6,0
2021-05-27 15:15:00,1622108700,39856.7,40004.5,39856.7,39902.7,0
2021-05-28 09:15:00,1622173500,40130.4,40247.9,39966.9,39991.6,0
2021-05-28 10:15:00,1622177100,39989.9,40120.4,39876.4,39887.3,0
2021-05-28 11:15:00,1622180700,39880.4,39995.4,39846.8,39954.1,0
2021-05-28 12:15:00,1622184300,39949,39972.6,39796.3,39925.3,0
2021-05-28 13:15:00,1622187900,39929.2,40036.3,39851.3,39942.8,0
2021-05-28 14:15:00,1622191500,39935.6,39939.4,39705.6,39879.7,0
2021-05-28 15:15:00,1622195100,39882.1,40002.3,39870.6,39943.7,0
2021-05-31 09:15:00,1622432700,39891.1,40134.3,39666.3,40127.9,0
2021-05-31 10:15:00,1622436300,40138.7,40233,40062.3,40069.3,0
2021-05-31 11:15:00,1622439900,40072.4,40144.6,40039.6,40122.4,0
2021-05-31 12:15:00,1622443500,40124.5,40279.9,40090.6,40225.5,0
2021-05-31 13:15:00,1622447100,40227.1,40326.3,40138.8,40303.1,0
2021-05-31 14:15:00,1622450700,40303.1,40389.7,40206.3,40387.3,0
2021-05-31 15:15:00,1622454300,40392.5,40413.6,40313.9,40325.9,0
2021-06-01 09:15:00,1622519100,40454.5,40549.6,40163.1,40180.6,0
2021-06-01 10:15:00,1622522700,40180.4,40233.9,40025.1,40046.3,0
2021-06-01 11:15:00,1622526300,40033.8,40157.1,40012.8,40141,0
2021-06-01 12:15:00,1622529900,40147.9,40222.1,40082.9,40180.4,0
2021-06-01 13:15:00,1622533500,40180.3,40340.6,40042.7,40120.5,0
2021-06-01 14:15:00,1622537100,40117.4,40224.8,40046.3,40132.6,0
2021-06-01 15:15:00,1622540700,40128.6,40152.9,40104.1,40115.4,0
2021-06-02 09:15:00,1622605500,40092.8,40092.8,39765.1,39849.6,0
2021-06-02 10:15:00,1622609100,39853.5,39945.9,39795.4,39885.8,0
2021-06-02 11:15:00,1622612700,39882.9,39924.3,39806.6,39851.5,0
2021-06-02 12:15:00,1622616300,39844,39906.4,39808.2,39828.4,0
2021-06-02 13:15:00,1622619900,39822.3,39964.9,39808.7,39889.3,0
2021-06-02 14:15:00,1622623500,39888.2,40061.9,39862.6,40036.6,0
2021-06-02 15:15:00,1622627100,40040.6,40108,40035.9,40089.4,0
2021-06-03 09:15:00,1622691900,40311.5,40336.3,40159.9,40263.8,0
2021-06-03 10:15:00,1622695500,40263.2,40340,40211.6,40241.1,0
2021-06-03 11:15:00,1622699100,40240.7,40346.5,40215.4,40310.3,0
2021-06-03 12:15:00,1622702700,40311.5,40321.7,40195.8,40221.5,0
2021-06-03 13:15:00,1622706300,40225.3,40483.5,40152.1,40458.3,0
2021-06-03 14:15:00,1622709900,40471.9,40487.4,40324,40430.5,0
2021-06-03 15:15:00,1622713500,40423.8,40426.8,40361.2,40408,0
2021-06-04 09:15:00,1622778300,40472.4,40620.7,40309,40501.5,0
2021-06-04 10:15:00,1622781900,40503.9,40515,40146.8,40175.6,0
2021-06-04 11:15:00,1622785500,40166,40178.9,40066.6,40098,0
2021-06-04 12:15:00,1622789100,40097.4,40238.5,40059.8,40076.4,0
2021-06-04 13:15:00,1622792700,40080.1,40099.4,39881.5,39996.3,0
2021-06-04 14:15:00,1622796300,39999.9,40073.7,39960.2,40029.4,0
2021-06-04 15:15:00,1622799900,40023.6,40096.7,40019.9,40075.8,0
2021-06-07 09:15:00,1623037500,40179.3,40280.4,40096.2,40249.4,0
2021-06-07 10:15:00,1623041100,40251.1,40327.2,40205.6,40289.1,0
2021-06-07 11:15:00,1623044700,40302,40305.9,40220.3,40267.5,0
2021-06-07 12:15:00,1623048300,40270.4,40305.2,40162.1,40252.7,0
2021-06-07 13:15:00,1623051900,40247.9,40340.4,40228.7,40272.5,0
2021-06-07 14:15:00,1623055500,40274.5,40346.3,40192.8,40214.6,0
2021-06-07 15:15:00,1623059100,40207.2,40253.9,40177.9,40199.3,0
2021-06-08 09:15:00,1623123900,40243.8,40243.8,39775.8,39800.4,0
2021-06-08 10:15:00,1623127500,39795.1,39848,39745.3,39833.8,0
2021-06-08 11:15:00,1623131100,39837.8,39867.8,39677.2,39739.4,0
2021-06-08 12:15:00,1623134700,39741.2,39873,39741.2,39836.3,0
2021-06-08 13:15:00,1623138300,39830.8,39947.1,39769.1,39807.6,0
2021-06-08 14:15:00,1623141900,39806.8,39914.7,39785.4,39828.7,0
2021-06-08 15:15:00,1623145500,39826,39857.6,39788.2,39841.2,0
2021-06-09 09:15:00,1623210300,39857.4,40160.4,39621.7,40100.7,0
2021-06-09 10:15:00,1623213900,40098.3,40114.1,40023,40072.7,0
2021-06-09 11:15:00,1623217500,40068.7,40079.3,39971.6,39990.5,0
2021-06-09 12:15:00,1623221100,39983.8,40067.4,39646.3,39646.3,0
2021-06-09 13:15:00,1623224700,39514.4,39718.7,39301.4,39637.2,0
2021-06-09 14:15:00,1623228300,39615.8,39657.3,39319.3,39503.3,0
2021-06-09 15:15:00,1623231900,39501,39544.3,39470,39511.1,0
2021-06-10 09:15:00,1623296700,39610.3,39648.9,39406.8,39528.7,0
2021-06-10 10:15:00,1623300300,39515.2,39621.5,39484.6,39504.6,0
2021-06-10 11:15:00,1623303900,39507.7,39638.4,39500.6,39594.6,0
2021-06-10 12:15:00,1623307500,39597.1,39618.1,39489,39592.4,0
2021-06-10 13:15:00,1623311100,39590.2,39768.7,39589.3,39750.2,0
2021-06-10 14:15:00,1623314700,39750.8,39914.2,39720.4,39880.6,0
2021-06-10 15:15:00,1623318300,39875.2,39925,39866.4,39908.8,0
2021-06-11 09:15:00,1623383100,39996.3,40101,39861.5,39861.5,0
2021-06-11 10:15:00,1623386700,39848.6,39935.1,39793.4,39808.8,0
2021-06-11 11:15:00,1623390300,39805.3,39805.3,39561.4,39616.6,0
2021-06-11 12:15:00,1623393900,39608.8,39721.2,39602.3,39720.9,0
2021-06-11 13:15:00,1623397500,39728,39784.9,39639.9,39755.4,0
2021-06-11 14:15:00,1623401100,39763.9,39799.8,39699.7,39738.5,0
2021-06-11 15:15:00,1623404700,39731.6,39745.5,39698.9,39741.6,0
2021-06-14 09:15:00,1623642300,39669.3,39669.3,38982.7,39348.3,0
2021-06-14 10:15:00,1623645900,39353.6,39359.8,39189.6,39268.6,0
2021-06-14 11:15:00,1623649500,39271.7,39323.6,39203.6,39253.1,0
2021-06-14 12:15:00,1623653100,39254.9,39321.6,39223.7,39242.2,0
2021-06-14 13:15:00,1623656700,39242.2,39539.5,39236.9,39479.2,0
2021-06-14 14:15:00,1623660300,39469.5,39614,39398.1,39580.8,0
2021-06-14 15:15:00,1623663900,39579.6,39594.2,39539.9,39565.1,0
2021-06-15 09:15:00,1623728700,39631.2,39941,39551.9,39895.4,0
2021-06-15 10:15:00,1623732300,39896.6,39900.8,39781,39859.5,0
2021-06-15 11:15:00,1623735900,39860.4,39884.5,39807.2,39826.6,0
2021-06-15 12:15:00,1623739500,39829.9,39987.1,39783.2,39905.7,0
2021-06-15 13:15:00,1623743100,39905.7,39952,39760.9,39926.7,0
2021-06-15 14:15:00,1623746700,39928.2,39965.4,39875.8,39952.9,0
2021-06-15 15:15:00,1623750300,39951,39955.8,39893.7,39906.7,0
2021-06-16 09:15:00,1623815100,39956.6,40092.8,39758.3,39892.6,0
2021-06-16 10:15:00,1623818700,39907.7,39924.4,39721.9,39770.9,0
2021-06-16 11:15:00,1623822300,39773.6,39832.1,39678.9,39742.4,0
2021-06-16 12:15:00,1623825900,39741.7,39774.1,39584,39659.7,0
2021-06-16 13:15:00,1623829500,39660,39739.4,39646.9,39724.8,0
2021-06-16 14:15:00,1623833100,39733.9,39776.5,39662.1,39685.7,0
2021-06-16 15:15:00,1623836700,39688.4,39702.8,39643.5,39643.5,0
2021-06-17 09:15:00,1623901500,39306.3,39468.7,39266.6,39459.8,0
2021-06-17 10:15:00,1623905100,39458.7,39515,39398.5,39427.4,0
2021-06-17 11:15:00,1623908700,39427.6,39427.6,39313.8,39348,0
2021-06-17 12:15:00,1623912300,39347.6,39495.8,39291.4,39428.2,0
2021-06-17 13:15:00,1623915900,39425.2,39436.9,39197.8,39200.7,0
2021-06-17 14:15:00,1623919500,39169.6,39352.5,39084.7,39346.5,0
2021-06-17 15:15:00,1623923100,39345.1,39356,39171.2,39193.1,0
2021-06-18 09:15:00,1623987900,39467.3,39470.6,38801.3,38949.8,0
2021-06-18 10:15:00,1623991500,38954.7,38961.4,38474,38709.5,0
2021-06-18 11:15:00,1623995100,38710.1,38807.3,38615.9,38713.8,0
2021-06-18 12:15:00,1623998700,38714.4,38870.7,38689.9,38726.2,0
2021-06-18 13:15:00,1624002300,38730,38969.1,38700.8,38913.6,0
2021-06-18 14:15:00,1624005900,38922.5,39197.4,38871.9,39171.9,0
2021-06-18 15:15:00,1624009500,39172.4,39338.6,39172.4,39328.6,0
2021-06-21 09:15:00,1624247100,38759,38930.9,38460.8,38874.6,0
2021-06-21 10:15:00,1624250700,38861.7,38979.7,38849.1,38867.2,0
2021-06-21 11:15:00,1624254300,38852.7,38944.3,38838.7,38877.8,0
2021-06-21 12:15:00,1624257900,38878.3,39249.9,38866.8,39234.4,0
2021-06-21 13:15:00,1624261500,39234.5,39323.9,39123.9,39323.9,0
2021-06-21 14:15:00,1624265100,39323.2,39518,39274.2,39498.3,0
2021-06-21 15:15:00,1624268700,39502.4,39544.7,39478.9,39499.4,0
2021-06-22 09:15:00,1624333500,39703.8,39938.2,39667.2,39923.3,0
2021-06-22 10:15:00,1624337100,39922.1,39954,39798.9,39811.4,0
2021-06-22 11:15:00,1624340700,39811,39856,39727.7,39779.1,0
2021-06-22 12:15:00,1624344300,39778.9,39778.9,39596.7,39662.9,0
2021-06-22 13:15:00,1624347900,39664.7,39665.9,39420.4,39525.1,0
2021-06-22 14:15:00,1624351500,39524.7,39660.6,39334.9,39376.1,0
2021-06-22 15:15:00,1624355100,39377.5,39380.5,39278.7,39350.1,0
2021-06-23 09:15:00,1624419900,39573.9,39585.5,39270.7,39285.8,0
2021-06-23 10:15:00,1624423500,39236.6,39398.6,39200.4,39353.9,0
2021-06-23 11:15:00,1624427100,39339,39435,39252,39350.5,0
2021-06-23 12:15:00,1624430700,39349.4,39370.9,39223.8,39249.6,0
2021-06-23 13:15:00,1624434300,39245.2,39439.1,39191,39351,0
2021-06-23 14:15:00,1624437900,39345.1,39371.7,39077.4,39128.3,0
2021-06-23 15:15:00,1624441500,39109.5,39174.8,39109.5,39163.9,0
2021-06-24 09:15:00,1624506300,39256.8,39408.2,39141,39301.3,0
2021-06-24 10:15:00,1624509900,39299.7,39379.9,39299.7,39333.1,0
2021-06-24 11:15:00,1624513500,39331,39349.7,39224.4,39332.2,0
2021-06-24 12:15:00,1624517100,39331.2,39392.6,39269.9,39389.1,0
2021-06-24 13:15:00,1624520700,39403.7,39525.1,39394.8,39502.6,0
2021-06-24 14:15:00,1624524300,39512.8,39514,39339.1,39435.7,0
2021-06-24 15:15:00,1624527900,39437.7,39491.8,39402.3,39472.4,0
2021-06-25 09:15:00,1624592700,39534.7,39771.4,39506.1,39678.2,0
2021-06-25 10:15:00,1624596300,39677.7,39706.9,39570.9,39621.8,0
2021-06-25 11:15:00,1624599900,39624.5,39870.2,39597,39865.6,0
2021-06-25 12:15:00,1624603500,39855,39929.3,39829.8,39895.6,0
2021-06-25 13:15:00,1624607100,39896.3,40188.1,39882.5,40150.1,0
2021-06-25 14:15:00,1624610700,40152.3,40181,40021,40073.8,0
2021-06-25 15:15:00,1624614300,40071.5,40071.5,39973.4,40004.8,0
2021-06-28 09:15:00,1624851900,40149.1,40270.3,39957.1,40066.7,0
2021-06-28 10:15:00,1624855500,40054,40091.8,39892.1,39932,0
2021-06-28 11:15:00,1624859100,39927.9,40069.8,39927.9,40013.3,0
2021-06-28 12:15:00,1624862700,40008.9,40063.6,39941.6,40063.6,0
2021-06-28 13:15:00,1624866300,40083.1,40120.3,39978,40074,0
2021-06-28 14:15:00,1624869900,40071.6,40123.9,39907.9,40019.1,0
2021-06-28 15:15:00,1624873500,40014.4,40077.2,39990.3,40047.9,0
2021-06-29 09:15:00,1624938300,40021.3,40021.3,39701.6,39720.8,0
2021-06-29 10:15:00,1624941900,39723.9,39760.9,39655.7,39717.1,0
2021-06-29 11:15:00,1624945500,39719.1,39752.1,39670.9,39670.9,0
2021-06-29 12:15:00,1624949100,39678.1,39749.8,39671.7,39698.4,0
2021-06-29 13:15:00,1624952700,39694.6,39801.5,39513.7,39651.9,0
2021-06-29 14:15:00,1624956300,39648.7,39648.7,39508.7,39601.6,0
2021-06-29 15:15:00,1624959900,39595.4,39641,39577.1,39612.7,0
2021-06-30 09:15:00,1625024700,39673.3,39697.9,39479.8,39620.7,0
2021-06-30 10:15:00,1625028300,39635.8,39868.6,39560,39844.4,0
2021-06-30 11:15:00,1625031900,39844.5,39859.1,39729.1,39747.6,0
2021-06-30 12:15:00,1625035500,39747.7,39760.2,39665.8,39726.1,0
2021-06-30 13:15:00,1625039100,39717.7,39763.7,39537.8,39580.1,0
2021-06-30 14:15:00,1625042700,39579.5,39622,39326.9,39330,0
2021-06-30 15:15:00,1625046300,39321.3,39352.1,39288.2,39346.7,0
2021-07-01 09:15:00,1625111100,39448,39475.7,39276.4,39347.1,0
2021-07-01 10:15:00,1625114700,39349.3,39429.1,39258.2,39383.1,0
2021-07-01 11:15:00,1625118300,39383.6,39414.1,39298.5,39357.3,0
2021-07-01 12:15:00,1625121900,39355.9,39508.2,39295.6,39472.1,0
2021-07-01 13:15:00,1625125500,39467.4,39543.4,39356.6,39427.7,0
2021-07-01 14:15:00,1625129100,39432.2,39443,39242.9,39272.5,0
2021-07-01 15:15:00,1625132700,39269.7,39328.3,39246.8,39328.3,0
2021-07-02 09:15:00,1625197500,39362,39417.1,39234.2,39403.5,0
2021-07-02 10:15:00,1625201100,39402.8,39420.5,39272.7,39335.8,0
2021-07-02 11:15:00,1625204700,39339.1,39429.3,39317.8,39405.2,0
2021-07-02 12:15:00,1625208300,39406,39530.1,39406,39471.4,0
2021-07-02 13:15:00,1625211900,39474,39474.9,39321.7,39403.5,0
2021-07-02 14:15:00,1625215500,39395.3,39472.6,39354.4,39432.8,0
2021-07-02 15:15:00,1625219100,39422.4,39486.9,39422.4,39486.9,0
2021-07-05 09:15:00,1625456700,39601.48,39797.1,39597.6,39756.8,0
2021-07-05 10:15:00,1625460300,39757.3,39799.7,39715,39735.9,0
2021-07-05 11:15:00,1625463900,39741,39775.9,39721.4,39756.4,0
2021-07-05 12:15:00,1625467500,39751.8,39774.4,39671.1,39771.4,0
2021-07-05 13:15:00,1625471100,39772.6,39879.8,39751.3,39853.3,0
2021-07-05 14:15:00,1625474700,39853.7,39915.9,39786.9,39915.1,0
2021-07-05 15:15:00,1625478300,39910.4,39929.5,39887.3,39910,0
2021-07-06 09:15:00,1625543100,39920.5,40188,39839.7,40174.5,0
2021-07-06 10:15:00,1625546700,40173.1,40355.8,40107.1,40355.5,0
2021-07-06 11:15:00,1625550300,40345.5,40366.7,40293,40340.3,0
2021-07-06 12:15:00,1625553900,40345.9,40396.7,40301.5,40355.6,0
2021-07-06 13:15:00,1625557500,40355.9,40538.9,40320.7,40521,0
2021-07-06 14:15:00,1625561100,40521.1,40524.6,40242.1,40247.8,0
2021-07-06 15:15:00,1625564700,40244.2,40291.9,40185.1,40200.2,0
2021-07-07 09:15:00,1625629500,40326.7,40417,40123.7,40264.1,0
2021-07-07 10:15:00,1625633100,40267.3,40323,40196.9,40292.5,0
2021-07-07 11:15:00,1625636700,40289.4,40413.8,40287.1,40390,0
2021-07-07 12:15:00,1625640300,40389.5,40458.4,40338.5,40392.4,0
2021-07-07 13:15:00,1625643900,40397,40448.2,40336.8,40424.2,0
2021-07-07 14:15:00,1625647500,40423.3,40504.9,40346.5,40484.1,0
2021-07-07 15:15:00,1625651100,40493.4,40507.7,40450,40478,0
2021-07-08 09:15:00,1625715900,40369.8,40528.7,40342,40450.2,0
2021-07-08 10:15:00,1625719500,40450.8,40450.8,40380.4,40406.9,0
2021-07-08 11:15:00,1625723100,40406.1,40453.4,40252.2,40277.5,0
2021-07-08 12:15:00,1625726700,40277.7,40295.9,40120.5,40168.7,0
2021-07-08 13:15:00,1625730300,40161.9,40181.7,39874.2,39935.3,0
2021-07-08 14:15:00,1625733900,39935.6,39975.9,39764.1,39952,0
2021-07-08 15:15:00,1625737500,39959.1,39984.3,39883.4,39912.8,0
2021-07-09 09:15:00,1625802300,39861.3,39861.3,39449.2,39600.2,0
2021-07-09 10:15:00,1625805900,39601.5,39843.4,39590.2,39687.8,0
2021-07-09 11:15:00,1625809500,39686.9,39743.8,39618.1,39707.1,0
2021-07-09 12:15:00,1625813100,39707.1,39814.3,39638.9,39693.8,0
2021-07-09 13:15:00,1625816700,39688.3,39723.7,39622.6,39699.9,0
2021-07-09 14:15:00,1625820300,39702,39748.6,39531.9,39654,0
2021-07-09 15:15:00,1625823900,39669.9,39715,39643.9,39689.3,0
2021-07-12 09:15:00,1626061500,39919.9,40041,39863.6,40019.7,0
2021-07-12 10:15:00,1626065100,40033,40060.8,39951.6,39962.1,0
2021-07-12 11:15:00,1626068700,39969.1,40052.5,39952.9,40040.7,0
2021-07-12 12:15:00,1626072300,40041.6,40067.3,39790,39843.7,0
2021-07-12 13:15:00,1626075900,39806.9,39898.4,39706.9,39820.5,0
2021-07-12 14:15:00,1626079500,39829.1,39900.9,39712.9,39858,0
2021-07-12 15:15:00,1626083100,39856.2,39889.7,39838,39863.4,0
2021-07-13 09:15:00,1626147900,40139.6,40163.6,40036.4,40111.7,0
2021-07-13 10:15:00,1626151500,40111,40147.4,40071.7,40130.7,0
2021-07-13 11:15:00,1626155100,40123.4,40363,40122.5,40356.4,0
2021-07-13 12:15:00,1626158700,40360.2,40438.8,40311.8,40415.5,0
2021-07-13 13:15:00,1626162300,40421.8,40484,40367.8,40449.1,0
2021-07-13 14:15:00,1626165900,40447.7,40472.8,40402.8,40440.7,0
2021-07-13 15:15:00,1626169500,40439.6,40447.9,40384.5,40396.5,0
2021-07-14 09:15:00,1626234300,40411.3,40411.6,40162.1,40249.7,0
2021-07-14 10:15:00,1626237900,40247.3,40488.5,40212.4,40475.4,0
2021-07-14 11:15:00,1626241500,40474.5,40475.3,40395.5,40424.4,0
2021-07-14 12:15:00,1626245100,40424,40581,40397.6,40576.8,0
2021-07-14 13:15:00,1626248700,40581.5,40581.5,40412.3,40469.5,0
2021-07-14 14:15:00,1626252300,40477.2,40491.8,40419.7,40468.5,0
2021-07-14 15:15:00,1626255900,40458.3,40470.2,40368.1,40392.1,0
2021-07-15 09:15:00,1626320700,40521.4,40587.4,40401.5,40542.1,0
2021-07-15 10:15:00,1626324300,40536.1,40753.4,40522.1,40745.8,0
2021-07-15 11:15:00,1626327900,40751.1,40782.1,40681.5,40732.8,0
2021-07-15 12:15:00,1626331500,40735.2,40755.3,40591,40662.7,0
2021-07-15 13:15:00,1626335100,40662.2,40724.3,40605.5,40697.8,0
2021-07-15 14:15:00,1626338700,40697.4,40721.6,40609.5,40665.9,0
2021-07-15 15:15:00,1626342300,40674.8,40706.3,40664.1,40680.7,0
2021-07-16 09:15:00,1626407100,40716.9,40781.7,40462.4,40539.9,0
2021-07-16 10:15:00,1626410700,40535.3,40602.8,40488,40600,0
2021-07-16 11:15:00,1626414300,40605.4,40629.9,40445.8,40497.7,0
2021-07-16 12:15:00,1626417900,40497.7,40537.3,40442.2,40523.6,0
2021-07-16 13:15:00,1626421500,40524.6,40537.1,40416.1,40484.8,0
2021-07-16 14:15:00,1626425100,40485.5,40557.8,40475.7,40511.2,0
2021-07-16 15:15:00,1626428700,40511.6,40515.8,40475.1,40494.6,0
2021-07-19 09:15:00,1626666300,39668.5,40082.1,39601.5,40027.7,0
2021-07-19 10:15:00,1626669900,40003.6,40048,39979.6,39982.8,0
2021-07-19 11:15:00,1626673500,39989.2,40001.7,39874.5,39904,0
2021-07-19 12:15:00,1626677100,39910.2,39911.1,39585.4,39678.8,0
2021-07-19 13:15:00,1626680700,39676.2,39799,39660.4,39725.9,0
2021-07-19 14:15:00,1626684300,39728,39812.5,39633.6,39807.5,0
2021-07-19 15:15:00,1626687900,39816.8,39844,39795.1,39825,0
2021-07-20 09:15:00,1626752700,39595.9,39601.6,39174.3,39351.1,0
2021-07-20 10:15:00,1626756300,39348.2,39348.2,39082.5,39124.3,0
2021-07-20 11:15:00,1626759900,39108.6,39158,39012.8,39046.2,0
2021-07-20 12:15:00,1626763500,39044.9,39226.2,39040,39187.3,0
2021-07-20 13:15:00,1626767100,39200.7,39248.7,39155.4,39223.7,0
2021-07-20 14:15:00,1626770700,39222.4,39224.3,39061.3,39079,0
2021-07-20 15:15:00,1626774300,39070.7,39095.4,39030.2,39079.3,0
2021-07-22 09:15:00,1626925500,39414.1,39629.9,39319.6,39598.8,0
2021-07-22 10:15:00,1626929100,39604.7,39708,39522.4,39689.1,0
2021-07-22 11:15:00,1626932700,39694,39694.7,39598.8,39626.6,0
2021-07-22 12:15:00,1626936300,39626.8,39630.4,39462.7,39462.7,0
2021-07-22 13:15:00,1626939900,39459.5,39558.4,39449.4,39469.3,0
2021-07-22 14:15:00,1626943500,39465.3,39467.3,39224.6,39347.5,0
2021-07-22 15:15:00,1626947100,39346.5,39394.2,39336.4,39374.2,0
2021-07-23 09:15:00,1627011900,39437,39566.7,39062.6,39561.7,0
2021-07-23 10:15:00,1627015500,39595.2,39624.9,39352.9,39492.7,0
2021-07-23 11:15:00,1627019100,39495.4,39585.2,39444.3,39522.1,0
2021-07-23 12:15:00,1627022700,39517.9,39734.6,39497.7,39704.4,0
2021-07-23 13:15:00,1627026300,39702.5,39779.8,39653.6,39752.4,0
2021-07-23 14:15:00,1627029900,39762.8,39889,39687.9,39853,0
2021-07-23 15:15:00,1627033500,39855.9,39855.9,39765.3,39820.1,0
2021-07-26 09:15:00,1627271100,39812.9,39812.9,39383.8,39706.9,0
2021-07-26 10:15:00,1627274700,39721.3,39970.2,39659.5,39907.6,0
2021-07-26 11:15:00,1627278300,39906,39944.1,39715,39758.4,0
2021-07-26 12:15:00,1627281900,39756.5,39888.4,39738.1,39804.9,0
2021-07-26 13:15:00,1627285500,39802.7,39932.9,39788.1,39890.2,0
2021-07-26 14:15:00,1627289100,39879.8,39931.6,39742.3,39787.5,0
2021-07-26 15:15:00,1627292700,39788.9,39801.7,39750.3,39750.3,0
2021-07-27 09:15:00,1627357500,39897.21,40014.1,39788.6,39934.7,0
2021-07-27 10:15:00,1627361100,39925.5,40013.2,39873.2,39895.4,0
2021-07-27 11:15:00,1627364700,39897,39904.6,39813.6,39857.8,0
2021-07-27 12:15:00,1627368300,39856.7,39861.7,39430.4,39473.3,0
2021-07-27 13:15:00,1627371900,39459.2,39688.2,39459.2,39526.1,0
2021-07-27 14:15:00,1627375500,39524.9,39560,39477.2,39510.1,0
2021-07-27 15:15:00,1627379100,39506.3,39544.7,39499.1,39515.1,0
2021-07-28 09:15:00,1627443900,39646.4,39646.4,39175.3,39214.6,0
2021-07-28 10:15:00,1627447500,39206.7,39231.2,38746.1,38958.8,0
2021-07-28 11:15:00,1627451100,38965.1,39012.1,38858.1,38925,0
2021-07-28 12:15:00,1627454700,38926.7,38999.3,38909.3,38993.4,0
2021-07-28 13:15:00,1627458300,38990.8,39236,38979.1,39172,0
2021-07-28 14:15:00,1627461900,39170.6,39226.7,38981.8,39191.1,0
2021-07-28 15:15:00,1627465500,39182.5,39236.2,39180.4,39214.4,0
2021-07-29 09:15:00,1627530300,39395.1,39457,39222.5,39345.3,0
2021-07-29 10:15:00,1627533900,39347.5,39390.4,39214.4,39338.1,0
2021-07-29 11:15:00,1627537500,39339.7,39353.2,39219.1,39239.5,0
2021-07-29 12:15:00,1627541100,39230.6,39328.1,39137.2,39296.3,0
2021-07-29 13:15:00,1627544700,39306.4,39443.8,39283.9,39325.9,0
2021-07-29 14:15:00,1627548300,39329.3,39381.9,39278.7,39322.8,0
2021-07-29 15:15:00,1627551900,39320.7,39411.8,39312.5,39411.8,0
2021-07-30 09:15:00,1627616700,39400.8,39400.8,39072.1,39181.5,0
2021-07-30 10:15:00,1627620300,39168.4,39205.1,39099,39180.1,0
2021-07-30 11:15:00,1627623900,39174.8,39237.3,39140,39209.6,0
2021-07-30 12:15:00,1627627500,39208.2,39280.7,39185.1,39236.6,0
2021-07-30 13:15:00,1627631100,39238.9,39381,39184.1,39348.5,0
2021-07-30 14:15:00,1627634700,39353.9,39364.3,39145.3,39173.3,0
2021-07-30 15:15:00,1627638300,39169.9,39239.6,39169.9,39181.4,0
2021-08-02 09:15:00,1627875900,39408.8,39519.1,39379.3,39452.6,0
2021-08-02 10:15:00,1627879500,39453.8,39524.2,39433.2,39519.9,0
2021-08-02 11:15:00,1627883100,39515.5,39536.4,39414.4,39462.4,0
2021-08-02 12:15:00,1627886700,39460.2,39496.5,39434.4,39473.1,0
2021-08-02 13:15:00,1627890300,39477.1,39497.1,39417.6,39451,0
2021-08-02 14:15:00,1627893900,39443.5,39447.9,39231.4,39365.2,0
2021-08-02 15:15:00,1627897500,39366,39398.9,39342.6,39385,0
2021-08-03 09:15:00,1627962300,39352.2,39536.6,39348,39533.9,0
2021-08-03 10:15:00,1627965900,39531.7,39554.4,39468.6,39497.9,0
2021-08-03 11:15:00,1627969500,39493.2,39539.9,39465.8,39523.3,0
2021-08-03 12:15:00,1627973100,39531.2,39689.8,39519.4,39685,0
2021-08-03 13:15:00,1627976700,39684.8,39700.6,39608,39641.3,0
2021-08-03 14:15:00,1627980300,39635.7,40014.1,39629.5,39959.4,0
2021-08-03 15:15:00,1627983900,39953.4,39998.5,39946,39955.9,0
2021-08-04 09:15:00,1628048700,40196.5,40537.6,40134.7,40494,0
2021-08-04 10:15:00,1628052300,40495,40899.5,40495,40884.7,0
2021-08-04 11:15:00,1628055900,40884.1,40884.1,40570,40819.3,0
2021-08-04 12:15:00,1628059500,40828,40906.2,40780.9,40816,0
2021-08-04 13:15:00,1628063100,40823.5,41110.2,40795,41110.2,0
2021-08-04 14:15:00,1628066700,41115.8,41214.9,41005.3,41048.8,0
2021-08-04 15:15:00,1628070300,41046.6,41055.7,40931.5,40986,0
2021-08-05 09:15:00,1628135100,40994.2,41030.6,40736.8,40788.9,0
2021-08-05 10:15:00,1628138700,40800.4,40840.2,40642.5,40699.1,0
2021-08-05 11:15:00,1628142300,40701.8,40867,40683.7,40867,0
2021-08-05 12:15:00,1628145900,40867.9,41058,40802,40990.3,0
2021-08-05 13:15:00,1628149500,40990.9,41049.9,40873.1,41021,0
2021-08-05 14:15:00,1628153100,41026.6,41073.6,40772.7,40753.4,0
2021-08-05 15:15:00,1628156700,40749.2,40795.6,40727.2,40764.3,0
2021-08-06 09:15:00,1628221500,40788.1,41052,40644,40942,0
2021-08-06 10:15:00,1628225100,40945.6,40997.2,40697.4,40758.4,0
2021-08-06 11:15:00,1628228700,40758.7,40852.9,40717.2,40808.8,0
2021-08-06 12:15:00,1628232300,40812.2,40845.2,40696.7,40746.1,0
2021-08-06 13:15:00,1628235900,40741.4,40803.4,40629.8,40731.6,0
2021-08-06 14:15:00,1628239500,40737.9,40764.4,40645.4,40688.6,0
2021-08-06 15:15:00,1628243100,40702.5,40815.7,40688.7,40814.2,0
2021-08-09 09:15:00,1628480700,40749.4,41136.6,40591.6,41061.9,0
2021-08-09 10:15:00,1628484300,41058.4,41077.7,40863.5,40963.2,0
2021-08-09 11:15:00,1628487900,40962.2,41013.5,40893.5,40931.1,0
2021-08-09 12:15:00,1628491500,40928,40942.7,40805.4,40905.4,0
2021-08-09 13:15:00,1628495100,40892.3,40930.5,40690.5,40907.4,0
2021-08-09 14:15:00,1628498700,40903.1,41015.2,40847.7,40979.8,0
2021-08-09 15:15:00,1628502300,40987.6,41023.1,40966.7,40979.4,0
2021-08-10 09:15:00,1628567100,40958.2,41371.2,40950.7,41304.6,0
2021-08-10 10:15:00,1628570700,41304.9,41323.1,41183.9,41219.5,0
2021-08-10 11:15:00,1628574300,41212.4,41318.8,41211.7,41287.4,0
2021-08-10 12:15:00,1628577900,41291,41299.3,41171.8,41234.7,0
2021-08-10 13:15:00,1628581500,41233.3,41273.8,40905.9,40923.6,0
2021-08-10 14:15:00,1628585100,40936.9,41102.4,40905.7,41090.2,0
2021-08-10 15:15:00,1628588700,41090.3,41096.7,41042.9,41055.3,0
2021-08-11 09:15:00,1628653500,41205.2,41282.9,40726.5,40805.5,0
2021-08-11 10:15:00,1628657100,40795.6,40873.1,40532.8,40589.8,0
2021-08-11 11:15:00,1628660700,40578.1,40627.8,40499.9,40601.6,0
2021-08-11 12:15:00,1628664300,40601.9,40761,40601.9,40704.9,0
2021-08-11 13:15:00,1628667900,40699.7,40878.7,40687,40789,0
2021-08-11 14:15:00,1628671500,40790,40813.5,40676.8,40778.7,0
2021-08-11 15:15:00,1628675100,40780.1,40791,40731.5,40731.5,0
2021-08-12 09:15:00,1628739900,40794.9,40937.2,40654.4,40841.1,0
2021-08-12 10:15:00,1628743500,40853.8,40899.1,40811,40852.2,0
2021-08-12 11:15:00,1628747100,40854.6,40866.1,40757.4,40842.1,0
2021-08-12 12:15:00,1628750700,40845.3,40911.3,40759.1,40839.3,0
2021-08-12 13:15:00,1628754300,40840.5,40921.5,40808.7,40832.6,0
2021-08-12 14:15:00,1628757900,40796.7,40924.5,40763.1,40890.6,0
2021-08-12 15:15:00,1628761500,40887,40994.7,40887,40982.9,0
2021-08-13 09:15:00,1628826300,41017.6,41176.6,40998,41030.3,0
2021-08-13 10:15:00,1628829900,41035,41059,40981.1,41028.6,0
2021-08-13 11:15:00,1628833500,41034.6,41117,41024.2,41060.6,0
2021-08-13 12:15:00,1628837100,41057.8,41112.8,40976.1,41049.6,0
2021-08-13 13:15:00,1628840700,41050.3,41089.9,40909.6,41089.9,0
2021-08-13 14:15:00,1628844300,41091.3,41222.5,41065.7,41132.8,0
2021-08-13 15:15:00,1628847900,41129.5,41185.4,41101.8,41104.9,0
2021-08-16 09:15:00,1629085500,41170.2,41257.3,40988.2,41132.9,0
2021-08-16 10:15:00,1629089100,41129.9,41231.8,41112.6,41201.2,0
2021-08-16 11:15:00,1629092700,41204.9,41226.9,41090.4,41134.4,0
2021-08-16 12:15:00,1629096300,41151.8,41151.8,41029.1,41111.5,0
2021-08-16 13:15:00,1629099900,41108.8,41120,41011.2,41110.1,0
2021-08-16 14:15:00,1629103500,41108.7,41131.4,41050.6,41072.4,0
2021-08-16 15:15:00,1629107100,41057.9,41075.6,41002.6,41002.6,0
2021-08-17 09:15:00,1629171900,40993.8,40993.8,40684.4,40754,0
2021-08-17 10:15:00,1629175500,40751.3,40828,40724.4,40744.6,0
2021-08-17 11:15:00,1629179100,40743.8,40770.3,40544.9,40612.6,0
2021-08-17 12:15:00,1629182700,40606.2,40656.6,40562.2,40651.3,0
2021-08-17 13:15:00,1629186300,40648,40713.7,40625.8,40706.2,0
2021-08-17 14:15:00,1629189900,40705.6,40873.6,40624.5,40859.5,0
2021-08-17 15:15:00,1629193500,40871.9,40904.9,40845.6,40880.2,0
2021-08-18 09:15:00,1629258300,41192.3,41221.6,40947,40990.7,0
2021-08-18 10:15:00,1629261900,40985.8,41019.2,40899.5,40899.5,0
2021-08-18 11:15:00,1629265500,40897.9,40912.2,40801.3,40817.5,0
2021-08-18 12:15:00,1629269100,40810.9,40871,40609.8,40653.6,0
2021-08-18 13:15:00,1629272700,40658.1,40715.8,40540,40579.5,0
2021-08-18 14:15:00,1629276300,40569.8,40636.1,40308.1,40506.4,0
2021-08-18 15:15:00,1629279900,40507.6,40507.6,40350.1,40354.5,0
2021-08-20 09:15:00,1629431100,39997.8,40138.1,39795.2,39980.8,0
2021-08-20 10:15:00,1629434700,39964.2,39986.9,39728.3,39791.7,0
2021-08-20 11:15:00,1629438300,39793.4,39971.6,39793.4,39881.3,0
2021-08-20 12:15:00,1629441900,39881,39918.4,39751.2,39800.3,0
2021-08-20 13:15:00,1629445500,39802.8,39867,39702.6,39815,0
2021-08-20 14:15:00,1629449100,39811.4,39919.9,39796.3,39816.4,0
2021-08-20 15:15:00,1629452700,39815.6,39823.9,39756.7,39802.3,0
2021-08-23 09:15:00,1629690300,40166.7,40208.6,39810.8,39890.9,0
2021-08-23 10:15:00,1629693900,39886.1,39913,39586.4,39648.7,0
2021-08-23 11:15:00,1629697500,39656.2,39812.8,39616.7,39796.4,0
2021-08-23 12:15:00,1629701100,39797.4,39842.5,39714.1,39782.2,0
2021-08-23 13:15:00,1629704700,39779.6,39954.5,39778.1,39891.7,0
2021-08-23 14:15:00,1629708300,39888.8,40017,39833.1,39911.5,0
2021-08-23 15:15:00,1629711900,39908.9,39916.8,39861,39895.3,0
2021-08-24 09:15:00,1629776700,39927,40054.2,39816.2,39952.1,0
2021-08-24 10:15:00,1629780300,39947.9,40211,39947.9,40160.1,0
2021-08-24 11:15:00,1629783900,40159.7,40368.6,40146,40355.6,0
2021-08-24 12:15:00,1629787500,40357.1,40403.7,40296.4,40361.9,0
2021-08-24 13:15:00,1629791100,40360.1,40464.7,40349.3,40420.4,0
2021-08-24 14:15:00,1629794700,40417.6,40579.9,40403.2,40470.8,0
2021-08-24 15:15:00,1629798300,40464.2,40507.7,40439.8,40461.5,0
2021-08-25 09:15:00,1629863100,40553.2,40729.6,40394.8,40401,0
2021-08-25 10:15:00,1629866700,40401.6,40443.2,40332.8,40395.2,0
2021-08-25 11:15:00,1629870300,40395.5,40546.9,40276.8,40335.5,0
2021-08-25 12:15:00,1629873900,40331.5,40404.7,40283.9,40319.3,0
2021-08-25 13:15:00,1629877500,40314.6,40420.9,40309.8,40335.7,0
2021-08-25 14:15:00,1629881100,40311.1,40357.6,40232.8,40291.8,0
2021-08-25 15:15:00,1629884700,40291.3,40373.1,40285.3,40286.5,0
2021-08-26 09:15:00,1629949500,40286.7,40407.4,40130.6,40373.1,0
2021-08-26 10:15:00,1629953100,40376.4,40420.6,40292.6,40388.2,0
2021-08-26 11:15:00,1629956700,40387.4,40516.7,40315.8,40493.2,0
2021-08-26 12:15:00,1629960300,40492.2,40526.7,40358.9,40452.4,0
2021-08-26 13:15:00,1629963900,40454.1,40551.9,40433.4,40494.3,0
2021-08-26 14:15:00,1629967500,40494,40507.1,40331.1,40382.1,0
2021-08-26 15:15:00,1629971100,40385.4,40417,40330,40383.3,0
2021-08-27 09:15:00,1630035900,40230.9,40349.6,40099.8,40231.1,0
2021-08-27 10:15:00,1630039500,40238.2,40381.3,40238.2,40351.2,0
2021-08-27 11:15:00,1630043100,40356.6,40512.1,40347.4,40445.6,0
2021-08-27 12:15:00,1630046700,40440.4,40487.5,40390,40439.9,0
2021-08-27 13:15:00,1630050300,40441.4,40473.6,40364.9,40437.6,0
2021-08-27 14:15:00,1630053900,40431.3,40555.7,40428.6,40471.8,0
2021-08-27 15:15:00,1630057500,40466.6,40469.9,40428.9,40442.4,0
2021-08-30 09:15:00,1630295100,40620,40860.8,40570.2,40824.1,0
2021-08-30 10:15:00,1630298700,40834.4,41040,40799.9,40944.9,0
2021-08-30 11:15:00,1630302300,40945.5,40967.9,40869.6,40956.4,0
2021-08-30 12:15:00,1630305900,40953.4,41026.4,40910.1,41023.8,0
2021-08-30 13:15:00,1630309500,41032.9,41279.1,41005.1,41275.9,0
2021-08-30 14:15:00,1630313100,41276,41371.1,41247.3,41314,0
2021-08-30 15:15:00,1630316700,41307,41358.6,41274.6,41301.3,0
2021-08-31 09:15:00,1630381500,41388.8,41497.6,41223.8,41298.6,0
2021-08-31 10:15:00,1630385100,41301.1,41498.1,41276,41388.3,0
2021-08-31 11:15:00,1630388700,41389.8,41489.3,41359.5,41470,0
2021-08-31 12:15:00,1630392300,41468.9,41586.8,41407.6,41546.4,0
2021-08-31 13:15:00,1630395900,41544.9,41562.2,41232.1,41284.6,0
2021-08-31 14:15:00,1630399500,41294.4,41505.9,41294.4,41471.7,0
2021-08-31 15:15:00,1630403100,41480.4,41495.5,41405.7,41419.8,0
2021-09-01 09:15:00,1630467900,41693.1,42133.3,41568.1,42056.9,0
2021-09-01 10:15:00,1630471500,42071.2,42071.2,41720.5,41762.7,0
2021-09-01 11:15:00,1630475100,41766.7,41843.6,41665.4,41695.6,0
2021-09-01 12:15:00,1630478700,41697.6,41898.1,41628.9,41823.2,0
2021-09-01 13:15:00,1630482300,41822.5,41908.2,41752.5,41829.4,0
2021-09-01 14:15:00,1630485900,41819.1,41864.6,41597.9,41597.9,0
2021-09-01 15:15:00,1630489500,41596.1,41634.9,41563.3,41576.7,0
2021-09-02 09:15:00,1630554300,41664.9,41727.6,41521.2,41625.4,0
2021-09-02 10:15:00,1630557900,41615.7,41764.1,41581.9,41753.6,0
2021-09-02 11:15:00,1630561500,41762.7,41863.1,41762.7,41852.5,0
2021-09-02 12:15:00,1630565100,41852.5,41942.6,41804,41936,0
2021-09-02 13:15:00,1630568700,41932.8,41964.2,41822.2,41886,0
2021-09-02 14:15:00,1630572300,41887.9,41933.4,41839.3,41913.6,0
2021-09-02 15:15:00,1630575900,41924.2,42023.2,41920.2,41979,0
2021-09-03 09:15:00,1630640700,42027.7,42298.7,42010.2,42209.1,0
2021-09-03 10:15:00,1630644300,42212.5,42219.3,41822.4,41871.9,0
2021-09-03 11:15:00,1630647900,41868.2,41911.3,41715.1,41868.8,0
2021-09-03 12:15:00,1630651500,41883.9,41942.7,41794.3,41931.1,0
2021-09-03 13:15:00,1630655100,41921.7,41957.3,41648.7,41761.3,0
2021-09-03 14:15:00,1630658700,41753.6,41874.8,41697.4,41862.8,0
2021-09-03 15:15:00,1630662300,41870.7,41966.1,41851.6,41886.9,0
2021-09-06 09:15:00,1630899900,42016.1,42073.7,41760.3,41789.1,0
2021-09-06 10:15:00,1630903500,41786.3,41812.8,41681.6,41773.1,0
2021-09-06 11:15:00,1630907100,41764.1,41816.8,41714,41779.9,0
2021-09-06 12:15:00,1630910700,41784.2,41858.7,41766.3,41837.4,0
2021-09-06 13:15:00,1630914300,41838.4,41871.3,41749.1,41765.1,0
2021-09-06 14:15:00,1630917900,41763.3,41771.7,41678.2,41696,0
2021-09-06 15:15:00,1630921500,41697.2,41735.7,41667.6,41709.4,0
2021-09-07 09:15:00,1630986300,41735.2,41735.5,41213,41248,0
2021-09-07 10:15:00,1630989900,41247.7,41343.9,41154.3,41329.4,0
2021-09-07 11:15:00,1630993500,41331.2,41527.1,41270.6,41523.1,0
2021-09-07 12:15:00,1630997100,41556.6,41726.1,41556.1,41620.6,0
2021-09-07 13:15:00,1631000700,41623.2,41710,41546.6,41600,0
2021-09-07 14:15:00,1631004300,41598.9,41601.4,41419.6,41480.4,0
2021-09-07 15:15:00,1631007900,41481.3,41508.2,41451.4,41486,0
2021-09-08 09:15:00,1631072700,41499.1,41833.6,41410.5,41692.1,0
2021-09-08 10:15:00,1631076300,41695.7,41902.2,41695.1,41877.8,0
2021-09-08 11:15:00,1631079900,41876.7,41921.2,41801,41905.5,0
2021-09-08 12:15:00,1631083500,41914.6,41917,41585.6,41632,0
2021-09-08 13:15:00,1631087100,41632.4,41790.2,41632.4,41787.8,0
2021-09-08 14:15:00,1631090700,41800,41890.7,41732.3,41876.4,0
2021-09-08 15:15:00,1631094300,41884.1,42008.4,41884.1,41993,0
2021-09-09 09:15:00,1631159100,41886.3,42030.6,41758.9,41774.6,0
2021-09-09 10:15:00,1631162700,41768.4,41907.8,41742.6,41862.2,0
2021-09-09 11:15:00,1631166300,41862.5,41912.3,41810.2,41843.6,0
2021-09-09 12:15:00,1631169900,41843.6,41848.6,41714.9,41753,0
2021-09-09 13:15:00,1631173500,41757.6,41820.8,41735.2,41759.7,0
2021-09-09 14:15:00,1631177100,41766.6,41833.1,41688.4,41812,0
2021-09-09 15:15:00,1631180700,41815.2,41842.9,41795.3,41804,0
2021-09-13 09:15:00,1631504700,41743.4,41812.5,41400.8,41435.5,0
2021-09-13 10:15:00,1631508300,41431.4,41590.1,41431.4,41537,0
2021-09-13 11:15:00,1631511900,41542.1,41609,41513.5,41581.5,0
2021-09-13 12:15:00,1631515500,41585.5,41701.9,41566.7,41645.1,0
2021-09-13 13:15:00,1631519100,41660,41687,41584.9,41661.9,0
2021-09-13 14:15:00,1631522700,41661.7,41688.4,41566.8,41614.5,0
2021-09-13 15:15:00,1631526300,41607.6,41669.4,41607.3,41669.4,0
2021-09-14 09:15:00,1631591100,41878.4,41965.2,41809,41930.1,0
2021-09-14 10:15:00,1631594700,41923.3,41980.5,41899.4,41933.1,0
2021-09-14 11:15:00,1631598300,41927,41944,41854.2,41854.4,0
2021-09-14 12:15:00,1631601900,41856.8,41908.9,41735.9,41819.8,0
2021-09-14 13:15:00,1631605500,41811.8,41887.5,41798.9,41841.2,0
2021-09-14 14:15:00,1631609100,41848.1,41879.4,41784.3,41796.2,0
2021-09-14 15:15:00,1631612700,41801.1,41823.6,41786.2,41790.5,0
2021-09-15 09:15:00,1631677500,41854.3,41883.9,41680.7,41846.1,0
2021-09-15 10:15:00,1631681100,41848.7,41954.5,41804.6,41889.5,0
2021-09-15 11:15:00,1631684700,41885.7,41937.8,41857.8,41882.5,0
2021-09-15 12:15:00,1631688300,41880.9,41952.6,41851.3,41949.1,0
2021-09-15 13:15:00,1631691900,41945.5,42125.1,41882.8,42125.1,0
2021-09-15 14:15:00,1631695500,42124.6,42190.6,42037.4,42049.7,0
2021-09-15 15:15:00,1631699100,42057.9,42122.1,42048,42081.2,0
2021-09-16 09:15:00,1631763900,42278.3,42352.3,42128.8,42348.4,0
2021-09-16 10:15:00,1631767500,42346,42515.1,42305.2,42486.6,0
2021-09-16 11:15:00,1631771100,42489.4,42611.7,42457.3,42551.4,0
2021-09-16 12:15:00,1631774700,42566.1,42706.3,42528.4,42674.8,0
2021-09-16 13:15:00,1631778300,42670.8,42821.2,42616,42812.6,0
2021-09-16 14:15:00,1631781900,42817.9,43002.6,42766.5,42931.1,0
2021-09-16 15:15:00,1631785500,42926.3,43033.3,42926.3,42980.5,0
2021-09-17 09:15:00,1631850300,43243.9,43423.3,43051.3,43295.1,0
2021-09-17 10:15:00,1631853900,43304,43530.1,43270.7,43373.4,0
2021-09-17 11:15:00,1631857500,43379.2,43379.2,42834.2,42909.4,0
2021-09-17 12:15:00,1631861100,42894.4,43051.1,42805.6,43051.1,0
2021-09-17 13:15:00,1631864700,43053.3,43110.2,42904.4,43059.1,0
2021-09-17 14:15:00,1631868300,43055.2,43253.2,42789.2,43239.8,0
2021-09-17 15:15:00,1631871900,43263.5,43397.6,43263.5,43360,0
2021-09-20 09:15:00,1632109500,42871.8,43174.2,42700,43097.8,0
2021-09-20 10:15:00,1632113100,43093.4,43263.8,43071,43195,0
2021-09-20 11:15:00,1632116700,43194.3,43248.5,42917.8,42947.2,0
2021-09-20 12:15:00,1632120300,42941.6,43044.5,42892,43044.5,0
2021-09-20 13:15:00,1632123900,43049.6,43054.4,42736.7,42772.4,0
2021-09-20 14:15:00,1632127500,42770.6,42842.4,42483.2,42596.3,0
2021-09-20 15:15:00,1632131100,42589.9,42591.6,42445.9,42503.9,0
2021-09-21 09:15:00,1632195900,42619.8,42757.6,42210.1,42214.6,0
2021-09-21 10:15:00,1632199500,42213.8,42348.8,41956.1,41957.4,0
2021-09-21 11:15:00,1632203100,41955.4,42269.1,41878.1,42110.7,0
2021-09-21 12:15:00,1632206700,42113,42397.1,42037.3,42397.1,0
2021-09-21 13:15:00,1632210300,42398,42524,42274.9,42406.8,0
2021-09-21 14:15:00,1632213900,42404.3,42619.9,42371.9,42592.1,0
2021-09-21 15:15:00,1632217500,42594.8,42739.6,42593.6,42736.9,0
2021-09-22 09:15:00,1632282300,42817,42817,42467.2,42641.3,0
2021-09-22 10:15:00,1632285900,42638.4,42655.5,42422,42448,0
2021-09-22 11:15:00,1632289500,42414.6,42536.7,42297.4,42452.4,0
2021-09-22 12:15:00,1632293100,42452.5,42601,42437.3,42564.7,0
2021-09-22 13:15:00,1632296700,42559.3,42587.8,42284.7,42417.1,0
2021-09-22 14:15:00,1632300300,42404.3,42437.6,42243.2,42253.5,0
2021-09-22 15:15:00,1632303900,42257.8,42376.7,42249.1,42342.4,0
2021-09-23 09:15:00,1632368700,42655.1,43054.2,42616.9,43030.4,0
2021-09-23 10:15:00,1632372300,43037.8,43138.9,43001.1,43099.5,0
2021-09-23 11:15:00,1632375900,43106.5,43213.7,42964.1,43208.2,0
2021-09-23 12:15:00,1632379500,43222,43234.1,43114.6,43155.7,0
2021-09-23 13:15:00,1632383100,43152.6,43318.4,43084.4,43289.9,0
2021-09-23 14:15:00,1632386700,43290.9,43339.6,43161.3,43281,0
2021-09-23 15:15:00,1632390300,43274.8,43311.3,43249.2,43302,0
2021-09-24 09:15:00,1632455100,43444,43595.8,43161.6,43263.4,0
2021-09-24 10:15:00,1632458700,43240.2,43450.4,43191.3,43271.8,0
2021-09-24 11:15:00,1632462300,43269.9,43329.8,43152.8,43202.7,0
2021-09-24 12:15:00,1632465900,43192.3,43271.7,43142.4,43218.2,0
2021-09-24 13:15:00,1632469500,43227.1,43290,43125.8,43191.2,0
2021-09-24 14:15:00,1632473100,43195.6,43303.9,43153.9,43303.6,0
2021-09-24 15:15:00,1632476700,43301.9,43301.9,43174.8,43200.1,0
2021-09-27 09:15:00,1632714300,43416.7,43802,43393.3,43661.1,0
2021-09-27 10:15:00,1632717900,43674.5,43769.5,43540.6,43562.7,0
2021-09-27 11:15:00,1632721500,43574.1,43622.2,43463.2,43622.2,0
2021-09-27 12:15:00,1632725100,43614.8,43647.9,43518.8,43644.2,0
2021-09-27 13:15:00,1632728700,43638.4,43687.7,43587.1,43638.6,0
2021-09-27 14:15:00,1632732300,43640.1,43660.2,43485.7,43602.9,0
2021-09-27 15:15:00,1632735900,43597.1,43622.8,43556.4,43597.9,0
2021-09-28 09:15:00,1632800700,43842.9,43844.3,43516.3,43604.7,0
2021-09-28 10:15:00,1632804300,43604.1,43626.3,43390.7,43419.2,0
2021-09-28 11:15:00,1632807900,43413.2,43566.9,43363.3,43395.9,0
2021-09-28 12:15:00,1632811500,43394.6,43394.6,43000.2,43020,0
2021-09-28 13:15:00,1632815100,43024.3,43128.4,42822.7,42839.9,0
2021-09-28 14:15:00,1632818700,42834.5,43518.4,42668,43496.8,0
2021-09-28 15:15:00,1632822300,43494.4,43514.6,43328.7,43346.8,0
2021-09-29 09:15:00,1632887100,42896.6,43084.7,42756.1,43036.5,0
2021-09-29 10:15:00,1632890700,43044.6,43099.6,42853.4,43000,0
2021-09-29 11:15:00,1632894300,42995,43036.2,42909.7,42945.6,0
2021-09-29 12:15:00,1632897900,42943.7,43213.9,42941.6,43209.5,0
2021-09-29 13:15:00,1632901500,43205.7,43238.1,43114.4,43219,0
2021-09-29 14:15:00,1632905100,43222.1,43326.3,43109.9,43170.8,0
2021-09-29 15:15:00,1632908700,43150.6,43187.9,43126.4,43153.9,0
2021-09-30 09:15:00,1632973500,43170.7,43237.1,42927.8,43151.1,0
2021-09-30 10:15:00,1632977100,43165.9,43190.7,43029.2,43092.2,0
2021-09-30 11:15:00,1632980700,43096,43281.9,43086.8,43256.7,0
2021-09-30 12:15:00,1632984300,43252.4,43254,42944.6,43009.2,0
2021-09-30 13:15:00,1632987900,43006,43021.4,42801.6,42831.3,0
2021-09-30 14:15:00,1632991500,42826.4,42864.4,42681.1,42782.6,0
2021-09-30 15:15:00,1632995100,42788.3,42788.3,42648,42726,0
2021-10-01 09:15:00,1633059900,42478.1,42481.8,42170.5,42381.9,0
2021-10-01 10:15:00,1633063500,42377.4,42616.2,42377.4,42512.6,0
2021-10-01 11:15:00,1633067100,42512.6,42561.8,42305.5,42352.9,0
2021-10-01 12:15:00,1633070700,42336.6,42468.4,42291.1,42420.6,0
2021-10-01 13:15:00,1633074300,42421.2,42476,42328.8,42419,0
2021-10-01 14:15:00,1633077900,42426.9,42562.5,42391.3,42475.3,0
2021-10-01 15:15:00,1633081500,42479.9,42511.2,42436.9,42501.8,0
2021-10-04 09:15:00,1633319100,42733.4,42942.4,42670.8,42869.9,0
2021-10-04 10:15:00,1633322700,42883.1,43008.2,42861.6,42930,0
2021-10-04 11:15:00,1633326300,42927.5,42953.2,42851.9,42933.2,0
2021-10-04 12:15:00,1633329900,42937,42949.8,42788.6,42846.8,0
2021-10-04 13:15:00,1633333500,42847.5,42980.7,42847.5,42960.9,0
2021-10-04 14:15:00,1633337100,42953.4,42971.4,42869.9,42903.8,0
2021-10-04 15:15:00,1633340700,42919.6,42930.1,42880.4,42914.1,0
2021-10-05 09:15:00,1633405500,42870.27,42870.27,42672.36,42768.98,0
2021-10-05 10:15:00,1633409100,42771.34,42871.2,42657.2,42712.1,0
2021-10-05 11:15:00,1633412700,42713.7,42753.6,42678.2,42753.6,0
2021-10-05 12:15:00,1633416300,42752.2,43007.4,42726.3,42974.5,0
2021-10-05 13:15:00,1633419900,42978.5,42995.6,42910.4,42983.6,0
2021-10-05 14:15:00,1633423500,42987.3,43079.8,42951,43053.8,0
2021-10-05 15:15:00,1633427100,43053.4,43072.1,43014.1,43059.7,0
2021-10-06 09:15:00,1633491900,43155.9,43370,42945,43298,0
2021-10-06 10:15:00,1633495500,43295.2,43325,43158.1,43229.4,0
2021-10-06 11:15:00,1633499100,43228.5,43429.2,43228.5,43423,0
2021-10-06 12:15:00,1633502700,43420.9,43468.2,43174.8,43191.7,0
2021-10-06 13:15:00,1633506300,43191.1,43203.6,43015.6,43094.9,0
2021-10-06 14:15:00,1633509900,43093.7,43105.3,42722.2,42756.5,0
2021-10-06 15:15:00,1633513500,42783,42794.1,42670.3,42733,0
2021-10-07 09:15:00,1633578300,43091.2,43235,42995.1,43060.3,0
2021-10-07 10:15:00,1633581900,43058.1,43083.9,42980.9,43039.1,0
2021-10-07 11:15:00,1633585500,43035.7,43183,42911.2,43136.9,0
2021-10-07 12:15:00,1633589100,43131.5,43202.6,43054.6,43108.8,0
2021-10-07 13:15:00,1633592700,43105.1,43156.8,42990.8,43125,0
2021-10-07 14:15:00,1633596300,43135.6,43177.1,43000.2,43001.6,0
2021-10-07 15:15:00,1633599900,43004.6,43057.8,42968.9,43030.1,0
2021-10-08 09:15:00,1633664700,43127.5,43253.6,43023.5,43190.4,0
2021-10-08 10:15:00,1633668300,43197.2,43396,43089.8,43160.7,0
2021-10-08 11:15:00,1633671900,43156.4,43226.2,43004.5,43035.6,0
2021-10-08 12:15:00,1633675500,43026,43081.2,42918.7,42977.2,0
2021-10-08 13:15:00,1633679100,42978.2,43060.3,42928.4,43033.7,0
2021-10-08 14:15:00,1633682700,43037.2,43074.8,42945.6,42996.9,0
2021-10-08 15:15:00,1633686300,43005.4,43100.7,42996.1,43078,0
2021-10-11 09:15:00,1633923900,43159.1,43582.1,43039.7,43522.8,0
2021-10-11 10:15:00,1633927500,43518.1,43614.3,43491.5,43603.5,0
2021-10-11 11:15:00,1633931100,43607.4,43637.6,43489.8,43541.9,0
2021-10-11 12:15:00,1633934700,43541.5,43660.4,43539.3,43600.1,0
2021-10-11 13:15:00,1633938300,43603.9,43842.2,43587.7,43832.5,0
2021-10-11 14:15:00,1633941900,43840.2,43861.7,43624,43643.5,0
2021-10-11 15:15:00,1633945500,43640.8,43667.7,43587.1,43644.6,0
2021-10-12 09:15:00,1634010300,43543,43796.4,43486.2,43719.6,0
2021-10-12 10:15:00,1634013900,43731,43764.4,43565.7,43701.7,0
2021-10-12 11:15:00,1634017500,43701.2,43770.2,43582.5,43648.1,0
2021-10-12 12:15:00,1634021100,43648.1,43733.1,43601,43703.3,0
2021-10-12 13:15:00,1634024700,43706.7,43879.9,43647.4,43853.2,0
2021-10-12 14:15:00,1634028300,43854.6,44006.4,43853.8,43907.8,0
2021-10-12 15:15:00,1634031900,43900.8,43938.8,43885.1,43922.7,0
2021-10-13 09:15:00,1634096700,44150.4,44211.5,44027.6,44078.4,0
2021-10-13 10:15:00,1634100300,44074.2,44154.1,44037.8,44093.6,0
2021-10-13 11:15:00,1634103900,44086.4,44103.1,43916.1,44050.2,0
2021-10-13 12:15:00,1634107500,44047.8,44185.3,44045.8,44164.7,0
2021-10-13 13:15:00,1634111100,44166.9,44202.4,44056.7,44080.8,0
2021-10-13 14:15:00,1634114700,44078.4,44180.8,44014.9,44032.3,0
2021-10-13 15:15:00,1634118300,44030,44049.9,43980.7,43997.1,0
2021-10-14 09:15:00,1634183100,44134.3,44305.2,44103,44252.4,0
2021-10-14 10:15:00,1634186700,44251.6,44252.6,44186.7,44219.3,0
2021-10-14 11:15:00,1634190300,44219.3,44279.4,44197.2,44237.9,0
2021-10-14 12:15:00,1634193900,44235.9,44269,44179.5,44230.8,0
2021-10-14 13:15:00,1634197500,44230.3,44553.5,44144.1,44519.3,0
2021-10-14 14:15:00,1634201100,44524.8,44805,44524.7,44792.8,0
2021-10-14 15:15:00,1634204700,44798.3,44812.2,44736.9,44738.5,0
2021-10-18 09:15:00,1634528700,45202.6,45423.1,45023.7,45133.1,0
2021-10-18 10:15:00,1634532300,45144.1,45269.3,45110.2,45135.6,0
2021-10-18 11:15:00,1634535900,45135.8,45323.1,45117.3,45297.8,0
2021-10-18 12:15:00,1634539500,45299.3,45398.1,45204.5,45206.3,0
2021-10-18 13:15:00,1634543100,45214.2,45301.5,45093.2,45290.3,0
2021-10-18 14:15:00,1634546700,45294.6,45317.2,45126.9,45148.6,0
2021-10-18 15:15:00,1634550300,45136.6,45150.2,45092.3,45132.2,0
2021-10-19 09:15:00,1634615100,45300.7,45499.2,44815.2,44943.9,0
2021-10-19 10:15:00,1634618700,44957.9,45178.2,44896.9,45133.6,0
2021-10-19 11:15:00,1634622300,45124.6,45376.5,45091,45347.6,0
2021-10-19 12:15:00,1634625900,45355.4,45386.7,45220.2,45317.7,0
2021-10-19 13:15:00,1634629500,45318.3,45377.8,45121.1,45126.8,0
2021-10-19 14:15:00,1634633100,45124.2,45236.9,44964.9,44964.9,0
2021-10-19 15:15:00,1634636700,44996.9,45061.9,44884.3,45020,0
2021-10-20 09:15:00,1634701500,45066.8,45174.9,44757,45119.3,0
2021-10-20 10:15:00,1634705100,45126.7,45204.6,44996.4,45138.1,0
2021-10-20 11:15:00,1634708700,45139.4,45273.7,44940.9,44957.2,0
2021-10-20 12:15:00,1634712300,44953.8,45199,44940.3,45199,0
2021-10-20 13:15:00,1634715900,45190.7,45224,44897.8,44957.1,0
2021-10-20 14:15:00,1634719500,44958.9,45067.5,44803,45000.2,0
2021-10-20 15:15:00,1634723100,44997.6,45083.7,44970.4,45083.7,0
2021-10-21 09:15:00,1634787900,45028.5,45290.1,45028.5,45226.7,0
2021-10-21 10:15:00,1634791500,45233.7,45300.3,44997.9,45057,0
2021-10-21 11:15:00,1634795100,45051.6,45237.6,44990.2,45186.3,0
2021-10-21 12:15:00,1634798700,45198.7,45337.6,45095.5,45258.3,0
2021-10-21 13:15:00,1634802300,45253.4,45272.7,45076.1,45207.6,0
2021-10-21 14:15:00,1634805900,45206.6,45673.4,45060.9,45669.3,0
2021-10-21 15:15:00,1634809500,45679.7,45926.4,45678,45900.5,0
2021-10-22 09:15:00,1634874300,45930.3,46060.5,45817,46006.6,0
2021-10-22 10:15:00,1634877900,45992.1,46349.4,45869.5,46308.6,0
2021-10-22 11:15:00,1634881500,46294.5,46371.5,45994.1,46179.6,0
2021-10-22 12:15:00,1634885100,46179,46243.7,45949.4,45969.5,0
2021-10-22 13:15:00,1634888700,45952.8,46287,45921.8,46263.5,0
2021-10-22 14:15:00,1634892300,46260.2,46291.1,45971.6,46099.2,0
2021-10-22 15:15:00,1634895900,46102.6,46142.9,46063.2,46074,0
2021-10-25 09:15:00,1635133500,46855.3,46948.1,46400.7,46716,0
2021-10-25 10:15:00,1635137100,46721.8,47164.8,46702.6,47078,0
2021-10-25 11:15:00,1635140700,47070,47877.5,47043.1,47600.4,0
2021-10-25 12:15:00,1635144300,47611.1,47759.3,47506.6,47576.7,0
2021-10-25 13:15:00,1635147900,47563.7,47663.6,47132.4,47132.4,0
2021-10-25 14:15:00,1635151500,47074.5,47245.2,46996.5,47122.2,0
2021-10-25 15:15:00,1635155100,47131.7,47268,47124.1,47237.4,0
2021-10-26 09:15:00,1635219900,46950.3,47269.6,46950.3,47162.3,0
2021-10-26 10:15:00,1635223500,47160.5,47207.2,46717,46865.9,0
2021-10-26 11:15:00,1635227100,46879.3,47187.5,46681.3,47032.8,0
2021-10-26 12:15:00,1635230700,47024.2,47225,46723.9,47168.9,0
2021-10-26 13:15:00,1635234300,47146.2,47340.2,47037.8,47332.4,0
2021-10-26 14:15:00,1635237900,47332,47410.4,47090.6,47285.1,0
2021-10-26 15:15:00,1635241500,47264.6,47332.3,47247.8,47319.6,0
2021-10-27 09:15:00,1635306300,47240.6,47353.1,46984,47234.4,0
2021-10-27 10:15:00,1635309900,47231.1,47235.1,47045.6,47168.9,0
2021-10-27 11:15:00,1635313500,47157.3,47236.7,47042,47054.1,0
2021-10-27 12:15:00,1635317100,47051.7,47108.4,46976.5,47048.9,0
2021-10-27 13:15:00,1635320700,47077.2,47133.4,47006.5,47085.8,0
2021-10-27 14:15:00,1635324300,47073.1,47119.5,46718.7,46777.3,0
2021-10-27 15:15:00,1635327900,46770.1,46772,46589.4,46640.1,0
2021-10-28 09:15:00,1635392700,46688.4,46764.6,46159.2,46217.4,0
2021-10-28 10:15:00,1635396300,46222.6,46280.4,45797.2,46033.8,0
2021-10-28 11:15:00,1635399900,46034.5,46201.1,45960.1,46010.6,0
2021-10-28 12:15:00,1635403500,46013.5,46125.7,45888.2,46016.2,0
2021-10-28 13:15:00,1635407100,46013.3,46101.6,45537.1,45625.1,0
2021-10-28 14:15:00,1635410700,45623.9,45707.2,45117.3,45169.4,0
2021-10-28 15:15:00,1635414300,45180.5,45232.7,44965,45232.7,0
2021-10-29 09:15:00,1635479100,45246.4,45246.4,43892.7,45210,0
2021-10-29 10:15:00,1635482700,45228.9,45434.2,45019.9,45032.3,0
2021-10-29 11:15:00,1635486300,45033.1,45160.4,44848.7,44950.8,0
2021-10-29 12:15:00,1635489900,44957.3,44997.1,44699.6,44771.8,0
2021-10-29 13:15:00,1635493500,44765.2,44765.2,44342,44346.8,0
2021-10-29 14:15:00,1635497100,44329.5,44843.9,44280.5,44614.1,0
2021-10-29 15:15:00,1635500700,44585.1,44850,44557.7,44850,0
2021-11-01 09:15:00,1635738300,44934.7,45141.3,44669.4,44840.7,0
2021-11-01 10:15:00,1635741900,44844.2,44910.8,44675,44785.6,0
2021-11-01 11:15:00,1635745500,44778.4,44974.7,44735.9,44956.4,0
2021-11-01 12:15:00,1635749100,44955.2,45019.6,44856.2,45019.6,0
2021-11-01 13:15:00,1635752700,45022.1,45355.1,44977.5,45240.2,0
2021-11-01 14:15:00,1635756300,45244.2,45399.5,45220.1,45386.7,0
2021-11-01 15:15:00,1635759900,45385.3,45499.4,45338.2,45464.3,0
2021-11-02 09:15:00,1635824700,45534.6,45637.5,45319.3,45361.1,0
2021-11-02 10:15:00,1635828300,45370.8,45429,45164.5,45428.9,0
2021-11-02 11:15:00,1635831900,45437.7,45724,45408.5,45716.1,0
2021-11-02 12:15:00,1635835500,45709.8,45731.3,45502.8,45647.8,0
2021-11-02 13:15:00,1635839100,45649.6,45719.3,45362,45495.4,0
2021-11-02 14:15:00,1635842700,45487.6,45678.2,45447.9,45570,0
2021-11-02 15:15:00,1635846300,45569.9,45594.1,45467.6,45487.1,0
2021-11-03 09:15:00,1635911100,45665.7,45820.6,45576.8,45702.1,0
2021-11-03 10:15:00,1635914700,45709,45744.2,45652.9,45713,0
2021-11-03 11:15:00,1635918300,45712.8,45733.4,45280.2,45314.9,0
2021-11-03 12:15:00,1635921900,45315,45404.5,44997.7,45041.8,0
2021-11-03 13:15:00,1635925500,45024.4,45608.3,44950.5,45402.5,0
2021-11-03 14:15:00,1635929100,45373.8,45373.8,44859.8,44909.2,0
2021-11-03 15:15:00,1635932700,44907.1,44962.6,44845.5,44944.6,0
2021-11-04 18:15:00,1636029900,45214.96,45326.59,45104.56,45136.71,0
2021-11-08 09:15:00,1636343100,45152.9,45198.9,44624,44715.5,0
2021-11-08 10:15:00,1636346700,44686.5,44825.1,44614,44785.5,0
2021-11-08 11:15:00,1636350300,44774.8,44833.6,44493.7,44742.4,0
2021-11-08 12:15:00,1636353900,44758.6,44965.6,44736.3,44962.9,0
2021-11-08 13:15:00,1636357500,44960,45108.9,44852.7,45071.5,0
2021-11-08 14:15:00,1636361100,45079.4,45156.1,44974.2,45054.9,0
2021-11-08 15:15:00,1636364700,45055.2,45151.2,45037.1,45146,0
2021-11-09 09:15:00,1636429500,45207.1,45210.6,44939.7,45028.3,0
2021-11-09 10:15:00,1636433100,45028.4,45085.4,44897.6,44924.7,0
2021-11-09 11:15:00,1636436700,44899.4,45118.8,44886.6,45064.6,0
2021-11-09 12:15:00,1636440300,45058.6,45074.7,44954.9,45054.3,0
2021-11-09 13:15:00,1636443900,45051.8,45111.9,44801.6,44877.2,0
2021-11-09 14:15:00,1636447500,44878.1,44959.3,44815.9,44902,0
2021-11-09 15:15:00,1636451100,44911.3,45050.5,44903,44979,0
2021-11-10 09:15:00,1636515900,44787.1,44787.1,44382.6,44582.1,0
2021-11-10 10:15:00,1636519500,44581.7,44624.8,44511.4,44570.2,0
2021-11-10 11:15:00,1636523100,44567.4,44578.6,44481.5,44522.8,0
2021-11-10 12:15:00,1636526700,44524.2,44627.3,44510.6,44576.6,0
2021-11-10 13:15:00,1636530300,44576.7,44771.6,44540.2,44724.1,0
2021-11-10 14:15:00,1636533900,44710.1,44729.5,44501.5,44581.6,0
2021-11-10 15:15:00,1636537500,44568.9,44607.9,44560.8,44588.6,0
2021-11-11 09:15:00,1636602300,44480.2,44485.6,44199.1,44232.8,0
2021-11-11 10:15:00,1636605900,44207,44273.2,44143.3,44160.3,0
2021-11-11 11:15:00,1636609500,44163.7,44272.7,44129.1,44151.8,0
2021-11-11 12:15:00,1636613100,44138,44170.9,44034.2,44162.7,0
2021-11-11 13:15:00,1636616700,44159.7,44191.1,43891.6,43896.3,0
2021-11-11 14:15:00,1636620300,43916.5,44086.5,43821.9,44005.6,0
2021-11-11 15:15:00,1636623900,44024.1,44053.8,44011.3,44017.2,0
2021-11-12 09:15:00,1636688700,44238.6,44274,44091.4,44133.4,0
2021-11-12 10:15:00,1636692300,44138.3,44155.1,43937.3,44045.1,0
2021-11-12 11:15:00,1636695900,44049.1,44102.3,44013.5,44034.5,0
2021-11-12 12:15:00,1636699500,44035.4,44135.9,44026.2,44119.1,0
2021-11-12 13:15:00,1636703100,44133.9,44284.5,44108.6,44261,0
2021-11-12 14:15:00,1636706700,44293,44335.4,44214.5,44230.6,0
2021-11-12 15:15:00,1636710300,44222.8,44258.5,44211,44255.6,0
2021-11-15 09:15:00,1636947900,44359.4,44691.7,44339.6,44436.1,0
2021-11-15 10:15:00,1636951500,44428.6,44448.9,44297.6,44344.2,0
2021-11-15 11:15:00,1636955100,44347.1,44371.4,44142.7,44173.8,0
2021-11-15 12:15:00,1636958700,44173.1,44304.5,44113.1,44129.5,0
2021-11-15 13:15:00,1636962300,44141.2,44280.3,44141.2,44267.4,0
2021-11-15 14:15:00,1636965900,44268,44294.2,44173.4,44231.3,0
2021-11-15 15:15:00,1636969500,44239.3,44259.9,44188,44200.2,0
2021-11-16 09:15:00,1637034300,44202.6,44240.1,43912.7,44033.7,0
2021-11-16 10:15:00,1637037900,44042.5,44042.5,43847.7,43865.9,0
2021-11-16 11:15:00,1637041500,43866,44024.2,43830.5,43993.8,0
2021-11-16 12:15:00,1637045100,43992.9,44037.2,43908.5,44034,0
2021-11-16 13:15:00,1637048700,44028.4,44055.8,43870,43874.4,0
2021-11-16 14:15:00,1637052300,43874.7,43874.7,43670.3,43772.5,0
2021-11-16 15:15:00,1637055900,43772.2,43774.7,43713.3,43727.8,0
2021-11-17 09:15:00,1637120700,43548.8,43862,43417.5,43818.5,0
2021-11-17 10:15:00,1637124300,43816.6,43931.9,43775.3,43896.9,0
2021-11-17 11:15:00,1637127900,43890.7,43903.6,43582.9,43658.3,0
2021-11-17 12:15:00,1637131500,43658,43681.5,43490,43633.1,0
2021-11-17 13:15:00,1637135100,43637.9,43726.6,43563,43609.9,0
2021-11-17 14:15:00,1637138700,43604.8,43641.2,43440.3,43445.1,0
2021-11-17 15:15:00,1637142300,43444.1,43462.3,43372.7,43401.5,0
2021-11-18 09:15:00,1637207100,43501.7,43634.4,43322.9,43328.9,0
2021-11-18 10:15:00,1637210700,43310.6,43339.8,43125.6,43246.4,0
2021-11-18 11:15:00,1637214300,43250.9,43269.5,43077.1,43183.1,0
2021-11-18 12:15:00,1637217900,43180.5,43288.5,43058.6,43238.2,0
2021-11-18 13:15:00,1637221500,43240,43376,43206.5,43294.6,0
2021-11-18 14:15:00,1637225100,43294.6,43522.8,43135.4,43272.3,0
2021-11-18 15:15:00,1637228700,43291.7,43342.9,43256,43297.5,0
2021-11-22 09:15:00,1637552700,43544.9,43648.5,42881.6,42935.7,0
2021-11-22 10:15:00,1637556300,42941.6,42985.6,42558.9,42558.9,0
2021-11-22 11:15:00,1637559900,42548.6,42673.1,42208.6,42298.9,0
2021-11-22 12:15:00,1637563500,42300.3,42463.9,42244.5,42454.7,0
2021-11-22 13:15:00,1637567100,42438.7,42438.7,42115.4,42196.7,0
2021-11-22 14:15:00,1637570700,42167,42351.1,41787.7,42269.7,0
2021-11-22 15:15:00,1637574300,42283.9,42460.6,42283.9,42451.8,0
2021-11-23 09:15:00,1637639100,41990.5,42414.4,41779.2,42225.1,0
2021-11-23 10:15:00,1637642700,42223.2,42356.9,42097.7,42136.8,0
2021-11-23 11:15:00,1637646300,42129.3,42471.1,42048.2,42377.7,0
2021-11-23 12:15:00,1637649900,42375.1,42390.8,42150.8,42201.2,0
2021-11-23 13:15:00,1637653500,42202,42518.3,42160.4,42496.4,0
2021-11-23 14:15:00,1637657100,42501.1,42654.4,42416.8,42495,0
2021-11-23 15:15:00,1637660700,42494.1,42528.2,42430.4,42458.3,0
2021-11-24 09:15:00,1637725500,42674.4,42737,42441.1,42659.1,0
2021-11-24 10:15:00,1637729100,42647,43025,42647,43023.1,0
2021-11-24 11:15:00,1637732700,43020.8,43124.5,42887.2,43112.9,0
2021-11-24 12:15:00,1637736300,43103.3,43196.8,43065,43130.9,0
2021-11-24 13:15:00,1637739900,43131.2,43154.9,42915.8,42933.4,0
2021-11-24 14:15:00,1637743500,42931.6,42931.6,42694.6,42694.6,0
2021-11-24 15:15:00,1637747100,42697.5,42752.1,42596.8,42596.8,0
2021-11-25 09:15:00,1637811900,42605.2,42667.3,42426.9,42484,0
2021-11-25 10:15:00,1637815500,42492.6,42652,42374,42652,0
2021-11-25 11:15:00,1637819100,42665.7,42780.8,42629,42687,0
2021-11-25 12:15:00,1637822700,42690.5,42746.6,42449.9,42610.5,0
2021-11-25 13:15:00,1637826300,42616.6,42657.2,42506.9,42562.2,0
2021-11-25 14:15:00,1637829900,42556.9,42803.5,42556.9,42626.1,0
2021-11-25 15:15:00,1637833500,42637.6,42679.1,42579.1,42657.5,0
2021-11-26 09:15:00,1637898300,42161,42161,41656.3,41747,0
2021-11-26 10:15:00,1637901900,41709.8,41739.2,41355.9,41507.6,0
2021-11-26 11:15:00,1637905500,41512.2,41581.7,41426.5,41445.6,0
2021-11-26 12:15:00,1637909100,41453.9,41557.1,41326.4,41480.7,0
2021-11-26 13:15:00,1637912700,41478.8,41531.1,41205.3,41399.2,0
2021-11-26 14:15:00,1637916300,41407.4,41498.6,41055.7,41144.5,0
2021-11-26 15:15:00,1637919900,41172.9,41209.6,40980.9,41035.1,0
2021-11-29 09:15:00,1638157500,41179.2,41347,40362.3,41103.2,0
2021-11-29 10:15:00,1638161100,41142.2,41142.6,40789.9,41141.4,0
2021-11-29 11:15:00,1638164700,41142.7,41379.6,41078.9,41349.8,0
2021-11-29 12:15:00,1638168300,41358,41392,41069.6,41138,0
2021-11-29 13:15:00,1638171900,41119,41560.3,41119,41467.4,0
2021-11-29 14:15:00,1638175500,41476.8,41498.7,41092.4,41139,0
2021-11-29 15:15:00,1638179100,41153,41187.9,41084.4,41084.4,0
2021-11-30 09:15:00,1638243900,41103.9,41852.1,41103.9,41827.4,0
2021-11-30 10:15:00,1638247500,41825.3,42013.2,41403.2,41473.8,0
2021-11-30 11:15:00,1638251100,41443.3,41447.2,40881.2,41206.5,0
2021-11-30 12:15:00,1638254700,41205.2,41377,41091.5,41133,0
2021-11-30 13:15:00,1638258300,41132.8,41300.5,41082.8,41240.9,0
2021-11-30 14:15:00,1638261900,41229.4,41263.9,40818.4,40841.7,0
2021-11-30 15:15:00,1638265500,40845.7,40845.7,40558,40668,0
2021-12-01 09:15:00,1638330300,40973.8,41359.6,40961.8,40979.1,0
2021-12-01 10:15:00,1638333900,40973,41435.8,40920.4,41404.1,0
2021-12-01 11:15:00,1638337500,41413.5,41552.9,41357.8,41429.8,0
2021-12-01 12:15:00,1638341100,41427.6,41455.9,41245.5,41377.5,0
2021-12-01 13:15:00,1638344700,41380.1,41436.4,41205.1,41209.2,0
2021-12-01 14:15:00,1638348300,41212.7,41579.5,41135.4,41491.4,0
2021-12-01 15:15:00,1638351900,41488.2,41533.1,41458.4,41523.6,0
2021-12-02 09:15:00,1638416700,41494.1,41553.2,41262.5,41492.9,0
2021-12-02 10:15:00,1638420300,41491.9,41593.7,41451.4,41521.1,0
2021-12-02 11:15:00,1638423900,41513.4,41653.7,41400,41414.5,0
2021-12-02 12:15:00,1638427500,41405,41452,41310.4,41389.9,0
2021-12-02 13:15:00,1638431100,41392.5,41525.3,41356.5,41431.4,0
2021-12-02 14:15:00,1638434700,41437.9,41615.7,41425.8,41577,0
2021-12-02 15:15:00,1638438300,41586.5,41666.8,41583.2,41651.8,0
2021-12-03 09:15:00,1638503100,41661.5,41994.1,41566.4,41749,0
2021-12-03 10:15:00,1638506700,41744.8,41881.6,41631.2,41870.5,0
2021-12-03 11:15:00,1638510300,41872.2,41883.3,41700.5,41727.3,0
2021-12-03 12:15:00,1638513900,41723.8,41757.8,41394,41405.7,0
2021-12-03 13:15:00,1638517500,41412.3,41456,41265,41272.8,0
2021-12-03 14:15:00,1638521100,41241.4,41274.2,41060.7,41201.3,0
2021-12-03 15:15:00,1638524700,41211.6,41302.2,41184.5,41226.5,0
2021-12-06 09:15:00,1638762300,41246.6,41295.2,40853.5,41216,0
2021-12-06 10:15:00,1638765900,41207.4,41333.2,41117.8,41192.9,0
2021-12-06 11:15:00,1638769500,41185.2,41193.2,41023.4,41080.3,0
2021-12-06 12:15:00,1638773100,41078.5,41170.3,40977.6,41076.3,0
2021-12-06 13:15:00,1638776700,41071.7,41114.1,40876,40876,0
2021-12-06 14:15:00,1638780300,40866.9,40913.9,40613.3,40620,0
2021-12-06 15:15:00,1638783900,40620.4,40687.8,40613,40652.5,0
2021-12-07 09:15:00,1638848700,40992,41489.4,40992,41393.1,0
2021-12-07 10:15:00,1638852300,41399,41647.6,41399,41646.6,0
2021-12-07 11:15:00,1638855900,41640.3,41803.3,41637.7,41758.6,0
2021-12-07 12:15:00,1638859500,41764.4,41808,41594.9,41749.4,0
2021-12-07 13:15:00,1638863100,41748.6,41880.7,41735.9,41823,0
2021-12-07 14:15:00,1638866700,41823.9,41942.4,41663.5,41700.3,0
2021-12-07 15:15:00,1638870300,41698.3,41706.8,41635.3,41692.2,0
2021-12-08 09:15:00,1638935100,42299,42325.2,42066.2,42284.6,0
2021-12-08 10:15:00,1638938700,42284.3,42316.4,42002.2,42254.4,0
2021-12-08 11:15:00,1638942300,42257.1,42363.7,42217.6,42306.1,0
2021-12-08 12:15:00,1638945900,42308.3,42347.1,42197.6,42297.7,0
2021-12-08 13:15:00,1638949500,42293.2,42535.2,42280.6,42453.2,0
2021-12-08 14:15:00,1638953100,42445.3,42448.4,42319.2,42391.7,0
2021-12-08 15:15:00,1638956700,42389.6,42389.6,42343.2,42352.6,0
2021-12-09 09:15:00,1639021500,42454.8,42514.5,42013.8,42013.8,0
2021-12-09 10:15:00,1639025100,42012.2,42144.2,41917.7,42066.9,0
2021-12-09 11:15:00,1639028700,42053.1,42141.3,42003.1,42141.3,0
2021-12-09 12:15:00,1639032300,42156.6,42356.8,42121.6,42329.6,0
2021-12-09 13:15:00,1639035900,42329.4,42346.7,42128.8,42159.4,0
2021-12-09 14:15:00,1639039500,42143,42222.9,42029.4,42148.7,0
2021-12-09 15:15:00,1639043100,42153.2,42176.6,42124.6,42148.1,0
2021-12-10 09:15:00,1639107900,42141.3,42249.9,41901.4,41946,0
2021-12-10 10:15:00,1639111500,41936.9,42093.2,41907.6,42003.1,0
2021-12-10 11:15:00,1639115100,42009.7,42067.1,41959.8,41980.6,0
2021-12-10 12:15:00,1639118700,41980.3,42001.5,41856.9,41894.4,0
2021-12-10 13:15:00,1639122300,41901.1,42004.3,41849.2,41985.1,0
2021-12-10 14:15:00,1639125900,41986.1,42154.8,41922.8,42142.6,0
2021-12-10 15:15:00,1639129500,42147.5,42170.7,42101,42142.1,0
2021-12-13 09:15:00,1639367100,42447.1,42694.1,42397.8,42613.7,0
2021-12-13 10:15:00,1639370700,42604.8,42651.9,42505.2,42571.1,0
2021-12-13 11:15:00,1639374300,42580.4,42612.7,42523.3,42595.9,0
2021-12-13 12:15:00,1639377900,42598.6,42614.1,42047,42100,0
2021-12-13 13:15:00,1639381500,42083.3,42254.7,41933.6,41948.7,0
2021-12-13 14:15:00,1639385100,41945,42104.7,41892.4,41939.2,0
2021-12-13 15:15:00,1639388700,41959.4,42033.7,41940.5,41999.9,0
2021-12-14 09:15:00,1639453500,41860.3,41860.3,41582.1,41627.9,0
2021-12-14 10:15:00,1639457100,41632.5,41632.5,41506.9,41626.8,0
2021-12-14 11:15:00,1639460700,41624.1,41968.4,41577.3,41939.3,0
2021-12-14 12:15:00,1639464300,41948.2,41967.1,41819.2,41924.7,0
2021-12-14 13:15:00,1639467900,41933.8,42055.5,41829.7,41878.3,0
2021-12-14 14:15:00,1639471500,41878.9,41933.1,41775.1,41896.8,0
2021-12-14 15:15:00,1639475100,41895.2,41942.7,41880.8,41903.1,0
2021-12-15 09:15:00,1639539900,41939,42116.5,41831.4,41981,0
2021-12-15 10:15:00,1639543500,41998.4,42006.2,41825.5,41963.6,0
2021-12-15 11:15:00,1639547100,41971.8,42149.8,41951.4,42046.6,0
2021-12-15 12:15:00,1639550700,42044.9,42084.4,41918.7,42005,0
2021-12-15 13:15:00,1639554300,42004,42122.4,41978.7,42088.3,0
2021-12-15 14:15:00,1639557900,42086.2,42113.1,41852.2,41856.9,0
2021-12-15 15:15:00,1639561500,41855.6,41857.3,41805.9,41817.5,0
2021-12-16 09:15:00,1639626300,42150.1,42269.3,41870.8,41906.7,0
2021-12-16 10:15:00,1639629900,41909.8,42008,41838.1,41908.4,0
2021-12-16 11:15:00,1639633500,41914.3,41931.5,41585.1,41656.2,0
2021-12-16 12:15:00,1639637100,41655.9,41790.7,41537.7,41674.5,0
2021-12-16 13:15:00,1639640700,41678,41775.9,41578.6,41611.5,0
2021-12-16 14:15:00,1639644300,41603.2,41677.2,41394.1,41569.1,0
2021-12-16 15:15:00,1639647900,41573.3,41628.8,41564.4,41625,0
2021-12-17 09:15:00,1639712700,41539.1,41539.1,40768.6,40907,0
2021-12-17 10:15:00,1639716300,40878.5,40892.4,40714.4,40807.1,0
2021-12-17 11:15:00,1639719900,40806.4,40857.5,40658,40717.5,0
2021-12-17 12:15:00,1639723500,40707.8,40827.4,40623.9,40770.6,0
2021-12-17 13:15:00,1639727100,40769.6,40867.5,40743.5,40750.5,0
2021-12-17 14:15:00,1639730700,40771.5,40771.5,40394.7,40492.9,0
2021-12-17 15:15:00,1639734300,40489.9,40581,40453.9,40581,0
2021-12-20 09:15:00,1639971900,40082,40082,39014.4,39047.8,0
2021-12-20 10:15:00,1639975500,38983.3,39191,38929.1,39100.1,0
2021-12-20 11:15:00,1639979100,39094.8,39122.6,38998.2,39031.1,0
2021-12-20 12:15:00,1639982700,39033.4,39035.1,38708.4,38806.5,0
2021-12-20 13:15:00,1639986300,38810.7,39013,38791.8,38951.4,0
2021-12-20 14:15:00,1639989900,38936.2,39260.2,38936.2,39169.3,0
2021-12-20 15:15:00,1639993500,39190.1,39270.4,39155.7,39180.8,0
2021-12-21 09:15:00,1640058300,39612.8,39765.9,39329.9,39517.2,0
2021-12-21 10:15:00,1640061900,39517.7,39812.5,39517.7,39722.6,0
2021-12-21 11:15:00,1640065500,39723.9,39854.4,39650.8,39825.1,0
2021-12-21 12:15:00,1640069100,39820.1,39821.5,39630.9,39669.8,0
2021-12-21 13:15:00,1640072700,39655.5,39721.9,39376.3,39403.9,0
2021-12-21 14:15:00,1640076300,39359.9,39371.1,39073.8,39317.3,0
2021-12-21 15:15:00,1640079900,39315,39376.7,39294.3,39373.1,0
2021-12-22 09:15:00,1640144700,39594.8,39767.2,39485.4,39621.3,0
2021-12-22 10:15:00,1640148300,39622.1,39656.1,39407.5,39625.4,0
2021-12-22 11:15:00,1640151900,39614.9,39721.8,39565.6,39590.6,0
2021-12-22 12:15:00,1640155500,39587.8,39665,39518.2,39518.2,0
2021-12-22 13:15:00,1640159100,39500.5,39613.4,39461.5,39530.9,0
2021-12-22 14:15:00,1640162700,39538.2,39812,39516.8,39735.3,0
2021-12-22 15:15:00,1640166300,39745.3,39870.1,39736.1,39846.8,0
2021-12-23 09:15:00,1640231100,40157.7,40171.2,39899.2,39913.6,0
2021-12-23 10:15:00,1640234700,39910.8,39994.2,39868.4,39968.6,0
2021-12-23 11:15:00,1640238300,39972,40126.9,39908.8,40116.3,0
2021-12-23 12:15:00,1640241900,40116.4,40292.1,40116.4,40216.3,0
2021-12-23 13:15:00,1640245500,40221.2,40313.2,40066.3,40105.2,0
2021-12-23 14:15:00,1640249100,40093.8,40149.8,40004.6,40066.2,0
2021-12-23 15:15:00,1640252700,40061.4,40066.1,39843.2,39892.7,0
2021-12-24 09:15:00,1640317500,40090.4,40113,39303.5,39375.3,0
2021-12-24 10:15:00,1640321100,39367.5,39466.4,39276.8,39437.3,0
2021-12-24 11:15:00,1640324700,39442.1,39512.1,39352.4,39509.4,0
2021-12-24 12:15:00,1640328300,39512.2,39516.7,39369.9,39417.4,0
2021-12-24 13:15:00,1640331900,39417.7,39801.9,39416.5,39777.6,0
2021-12-24 14:15:00,1640335500,39777.3,39836.8,39533.3,39630.4,0
2021-12-24 15:15:00,1640339100,39625.7,39645.1,39570.5,39618.3,0
2021-12-27 09:15:00,1640576700,39337.1,39603.7,38927.1,39495,0
2021-12-27 10:15:00,1640580300,39514.6,39607.7,39420,39527.4,0
2021-12-27 11:15:00,1640583900,39542.6,39671.7,39490.9,39622.6,0
2021-12-27 12:15:00,1640587500,39627.1,39905.8,39612.5,39779.7,0
2021-12-27 13:15:00,1640591100,39782.1,39972.2,39781,39862.9,0
2021-12-27 14:15:00,1640594700,39861.7,39966.4,39720,39893,0
2021-12-27 15:15:00,1640598300,39891.1,39943.9,39879,39932.5,0
2021-12-28 09:15:00,1640663100,40213.6,40241.9,39997.2,40098.3,0
2021-12-28 10:15:00,1640666700,40100.2,40103.4,39868.8,40041.5,0
2021-12-28 11:15:00,1640670300,40039.9,40114.9,40000.3,40114.9,0
2021-12-28 12:15:00,1640673900,40110.7,40139.5,40018.2,40048.5,0
2021-12-28 13:15:00,1640677500,40046.9,40134.2,40025.6,40093.1,0
2021-12-28 14:15:00,1640681100,40093.1,40135.3,39888.4,40028.7,0
2021-12-28 15:15:00,1640684700,40024.3,40039.8,40000.4,40023.2,0
2021-12-29 09:15:00,1640749500,40039.4,40250.8,39864,40113.2,0
2021-12-29 10:15:00,1640753100,40116.4,40119.4,39939.6,40009.4,0
2021-12-29 11:15:00,1640756700,40011.4,40071.3,39988.9,39998.4,0
2021-12-29 12:15:00,1640760300,39995.1,40092.2,39970.3,40042.4,0
2021-12-29 13:15:00,1640763900,40043.1,40068,39959.6,40045.8,0
2021-12-29 14:15:00,1640767500,40048,40090,39884.9,39892.9,0
2021-12-29 15:15:00,1640771100,39887.5,39899.6,39683.1,39721.8,0
2021-12-30 09:15:00,1640835900,39790.4,39890.8,39548.3,39850.2,0
2021-12-30 10:15:00,1640839500,39845.9,39866.1,39716,39720.1,0
2021-12-30 11:15:00,1640843100,39717.6,39782.4,39661.1,39765.4,0
2021-12-30 12:15:00,1640846700,39765,39923.5,39729.8,39890.9,0
2021-12-30 13:15:00,1640850300,39889.7,39986.1,39846.8,39878.9,0
2021-12-30 14:15:00,1640853900,39866.3,39949.5,39789.9,39892.1,0
2021-12-30 15:15:00,1640857500,39889,39989.2,39858,39973.9,0
2021-12-31 09:15:00,1640922300,40018.4,40528.2,39944.8,40406.3,0
2021-12-31 10:15:00,1640925900,40418,40429.7,40315.5,40407.3,0
2021-12-31 11:15:00,1640929500,40402.3,40448.9,40370.5,40395.8,0
2021-12-31 12:15:00,1640933100,40390.3,40480.9,40357.5,40462.9,0
2021-12-31 13:15:00,1640936700,40467.2,40477.5,40300.2,40368.8,0
2021-12-31 14:15:00,1640940300,40361.2,40446.3,40340.6,40393.1,0
2021-12-31 15:15:00,1640943900,40397.2,40445.2,40394.5,40433.9,0
2022-01-03 09:15:00,1641181500,40459,40807.3,40458.4,40775.2,0
2022-01-03 10:15:00,1641185100,40776.2,40944.1,40736.9,40944.1,0
2022-01-03 11:15:00,1641188700,40941.4,40983.8,40880.4,40960,0
2022-01-03 12:15:00,1641192300,40964,41152.2,40959.4,41138.9,0
2022-01-03 13:15:00,1641195900,41133.6,41290.3,41098,41285.3,0
2022-01-03 14:15:00,1641199500,41278.8,41480.4,41259.3,41427.1,0
2022-01-03 15:15:00,1641203100,41428.5,41507.6,41415.6,41499.9,0
2022-01-04 09:15:00,1641267900,41607.9,41926.3,41409.2,41921.7,0
2022-01-04 10:15:00,1641271500,41917.9,42018.6,41834.4,41845.5,0
2022-01-04 11:15:00,1641275100,41820.5,41941.4,41770.2,41930.6,0
2022-01-04 12:15:00,1641278700,41941.6,41941.6,41770,41808.9,0
2022-01-04 13:15:00,1641282300,41805.6,41848.3,41623.6,41833.8,0
2022-01-04 14:15:00,1641285900,41834.1,41978.5,41833,41966.4,0
2022-01-04 15:15:00,1641289500,41966.7,42044.5,41956.9,41975.4,0
2022-01-05 09:15:00,1641354300,42087.9,42695.7,41892.4,42657.8,0
2022-01-05 10:15:00,1641357900,42649.6,42685.9,42497.2,42549.9,0
2022-01-05 11:15:00,1641361500,42550.1,42781.4,42520.4,42774.2,0
2022-01-05 12:15:00,1641365100,42771.1,43129.8,42763.8,43121,0
2022-01-05 13:15:00,1641368700,43121.2,43122.4,42994.3,43022.7,0
2022-01-05 14:15:00,1641372300,43019.4,43201.7,42935.6,43039.2,0
2022-01-05 15:15:00,1641375900,43043,43049.4,42951.3,42959.9,0
2022-01-06 09:15:00,1641440700,42549.6,42730.5,42312.4,42474.4,0
2022-01-06 10:15:00,1641444300,42477.4,42511.4,42349.9,42427,0
2022-01-06 11:15:00,1641447900,42423.5,42609.8,42416.8,42497.9,0
2022-01-06 12:15:00,1641451500,42495.7,42630.1,42427,42611.9,0
2022-01-06 13:15:00,1641455100,42616.4,42769.1,42558.8,42742.1,0
2022-01-06 14:15:00,1641458700,42753.5,43068.2,42698.4,42716,0
2022-01-06 15:15:00,1641462300,42715.2,42800.4,42694.1,42745.8,0
2022-01-07 09:15:00,1641527100,42889.7,43474,42889.7,43393.6,0
2022-01-07 10:15:00,1641530700,43401.4,43494.5,43261,43277.8,0
2022-01-07 11:15:00,1641534300,43268.9,43309.9,42957,42986.2,0
2022-01-07 12:15:00,1641537900,42974.6,43020,42689.6,42875.4,0
2022-01-07 13:15:00,1641541500,42869.9,43041.2,42805.1,42879.4,0
2022-01-07 14:15:00,1641545100,42871.1,43035.5,42842.6,43003.5,0
2022-01-07 15:15:00,1641548700,43016.7,43142.4,42974.8,43079,0
2022-01-10 09:15:00,1641786300,43251.6,43665.3,43239.5,43648.1,0
2022-01-10 10:15:00,1641789900,43653.7,43678.2,43514.4,43551.7,0
2022-01-10 11:15:00,1641793500,43554.2,43559.7,43330.5,43508.2,0
2022-01-10 12:15:00,1641797100,43503.6,43583,43483.1,43553,0
2022-01-10 13:15:00,1641800700,43549.9,43672.4,43500.9,43640.2,0
2022-01-10 14:15:00,1641804300,43641.2,43822.7,43625.2,43812.5,0
2022-01-10 15:15:00,1641807900,43817.3,43858.3,43795.9,43825,0
2022-01-11 09:15:00,1641872700,43778.1,43932.8,43472,43515.9,0
2022-01-11 10:15:00,1641876300,43503,43786.3,43422.6,43771.3,0
2022-01-11 11:15:00,1641879900,43772.4,43884.5,43736.3,43754.1,0
2022-01-11 12:15:00,1641883500,43748.7,43922,43718.3,43887.3,0
2022-01-11 13:15:00,1641887100,43889.4,43977.5,43783.9,43903.4,0
2022-01-11 14:15:00,1641890700,43898.3,43954.1,43704.3,43880.4,0
2022-01-11 15:15:00,1641894300,43884.8,43932,43852.2,43857.3,0
2022-01-12 09:15:00,1641959100,44198.5,44336.8,44103,44307.4,0
2022-01-12 10:15:00,1641962700,44306.3,44388.4,44257.3,44286.3,0
2022-01-12 11:15:00,1641966300,44283.9,44310.2,44215,44238.1,0
2022-01-12 12:15:00,1641969900,44238.1,44318,44216.4,44302.1,0
2022-01-12 13:15:00,1641973500,44305.2,44305.4,44101.9,44130.9,0
2022-01-12 14:15:00,1641977100,44129.9,44265.2,44093.6,44231.2,0
2022-01-12 15:15:00,1641980700,44225.9,44235.8,44153.9,44213.2,0
2022-01-13 09:15:00,1642045500,44232.2,44233.1,43900.7,43905.1,0
2022-01-13 10:15:00,1642049100,43924.9,44052.7,43874.7,43999,0
2022-01-13 11:15:00,1642052700,44003.8,44065.6,43963.8,44032,0
2022-01-13 12:15:00,1642056300,44034.4,44034.4,43879.5,43934.6,0
2022-01-13 13:15:00,1642059900,43921.7,43990,43825.8,43885.4,0
2022-01-13 14:15:00,1642063500,43885.3,43949.7,43841.8,43949.7,0
2022-01-13 15:15:00,1642067100,43947.6,43956.4,43901.9,43914.9,0
2022-01-14 09:15:00,1642131900,43795.2,43795.2,43499.8,43617.5,0
2022-01-14 10:15:00,1642135500,43615.4,43644.4,43447.9,43463.2,0
2022-01-14 11:15:00,1642139100,43452.4,43494,43348.8,43475.5,0
2022-01-14 12:15:00,1642142700,43476.8,43565.6,43440.2,43554.4,0
2022-01-14 13:15:00,1642146300,43570.6,43749.8,43554.6,43710.3,0
2022-01-14 14:15:00,1642149900,43707,43859.2,43657.2,43777.9,0
2022-01-14 15:15:00,1642153500,43776.2,43778.9,43689.3,43708.2,0
2022-01-17 09:15:00,1642391100,43721.9,44034.4,43577.9,43780.2,0
2022-01-17 10:15:00,1642394700,43784.8,43801.1,43698.7,43763.3,0
2022-01-17 11:15:00,1642398300,43773.9,43798.9,43597.6,43623.6,0
2022-01-17 12:15:00,1642401900,43618.5,43647.2,43508,43619.9,0
2022-01-17 13:15:00,1642405500,43619.8,43649,43525.3,43617.6,0
2022-01-17 14:15:00,1642409100,43609.2,43655.8,43545.6,43614.1,0
2022-01-17 15:15:00,1642412700,43606,43682.4,43605.1,43680.1,0
2022-01-18 09:15:00,1642477500,43748.2,43919.2,43674.6,43828.9,0
2022-01-18 10:15:00,1642481100,43813.4,43873.1,43708.8,43828.7,0
2022-01-18 11:15:00,1642484700,43833.2,43973.8,43830.1,43956.2,0
2022-01-18 12:15:00,1642488300,43946.2,44268.1,43946.2,44264.1,0
2022-01-18 13:15:00,1642491900,44262.1,44396.4,44197.5,44352,0
2022-01-18 14:15:00,1642495500,44354.3,44354.9,43559.3,43633.2,0
2022-01-18 15:15:00,1642499100,43599.1,43720.6,43591.6,43688.1,0
2022-01-19 09:15:00,1642563900,43649.3,43649.3,43334.7,43589.5,0
2022-01-19 10:15:00,1642567500,43609.4,43777.3,43422.8,43496.1,0
2022-01-19 11:15:00,1642571100,43492.4,43560.6,43365.4,43370,0
2022-01-19 12:15:00,1642574700,43359.9,43449.2,43171.3,43342.5,0
2022-01-19 13:15:00,1642578300,43352.2,43404.1,43146.7,43310.6,0
2022-01-19 14:15:00,1642581900,43315.2,43568.6,43245.2,43495.5,0
2022-01-19 15:15:00,1642585500,43492.4,43508.4,43382.8,43507.5,0
2022-01-20 09:15:00,1642650300,43517.7,43634.6,43370.9,43392.9,0
2022-01-20 10:15:00,1642653900,43392.9,43459.2,43307.6,43337,0
2022-01-20 11:15:00,1642657500,43335.8,43415.3,43248.4,43346.6,0
2022-01-20 12:15:00,1642661100,43347.7,43506.1,43307.7,43307.7,0
2022-01-20 13:15:00,1642664700,43305.9,43342.5,42971.2,43100.3,0
2022-01-20 14:15:00,1642668300,43094.5,43304.9,43050.3,43299.2,0
2022-01-20 15:15:00,1642671900,43293.2,43363,43244.3,43344.5,0
2022-01-21 09:15:00,1642736700,42966.1,42966.1,42522.3,42674.7,0
2022-01-21 10:15:00,1642740300,42670.3,42730.1,42535.5,42703,0
2022-01-21 11:15:00,1642743900,42703,42928.4,42692.9,42928.4,0
2022-01-21 12:15:00,1642747500,42917.4,43116.9,42889.6,43078.9,0
2022-01-21 13:15:00,1642751100,43079.5,43079.5,42862,42915.5,0
2022-01-21 14:15:00,1642754700,42919.9,42985.6,42585.8,42913,0
2022-01-21 15:15:00,1642758300,42916.1,43131.7,42916.1,43109,0
2022-01-24 09:15:00,1642995900,43169.6,43169.6,42623,42852.3,0
2022-01-24 10:15:00,1642999500,42836.4,42850.1,42658.4,42719.6,0
2022-01-24 11:15:00,1643003100,42719.1,42784,42342.3,42373,0
2022-01-24 12:15:00,1643006700,42367.5,42406.5,42142.2,42243.5,0
2022-01-24 13:15:00,1643010300,42259.7,42272.1,41569.1,41584.7,0
2022-01-24 14:15:00,1643013900,41618.9,42364,41618.9,42344.1,0
2022-01-24 15:15:00,1643017500,42360.1,42367.6,42074.1,42100.6,0
2022-01-25 09:15:00,1643082300,42001.4,42718.7,41661.7,42469.2,0
2022-01-25 10:15:00,1643085900,42451.7,42560.8,42256.6,42503.6,0
2022-01-25 11:15:00,1643089500,42506.1,42761.1,42481.3,42713.4,0
2022-01-25 12:15:00,1643093100,42723.1,42829.7,42595.3,42777.3,0
2022-01-25 13:15:00,1643096700,42777.6,42995.9,42777.6,42889.5,0
2022-01-25 14:15:00,1643100300,42889.1,43202.8,42848.9,43197.1,0
2022-01-25 15:15:00,1643103900,43208.8,43276.9,43177.5,43219.7,0
2022-01-27 09:15:00,1643255100,42640.5,42912.6,42446.2,42827.1,0
2022-01-27 10:15:00,1643258700,42813.3,42850.4,42596.5,42730,0
2022-01-27 11:15:00,1643262300,42732.7,42732.7,42535.3,42542.3,0
2022-01-27 12:15:00,1643265900,42544.7,43208.5,42490.2,43198.1,0
2022-01-27 13:15:00,1643269500,43217.7,43391.7,43092.3,43258.1,0
2022-01-27 14:15:00,1643273100,43320.7,43728.8,43283.2,43675.3,0
2022-01-27 15:15:00,1643276700,43672.9,43760.8,43588.4,43737.7,0
2022-01-28 09:15:00,1643341500,44101.4,44101.4,43639,43804.5,0
2022-01-28 10:15:00,1643345100,43795.5,43943.1,43724.9,43863.6,0
2022-01-28 11:15:00,1643348700,43867.4,44012.7,43773.8,43995.1,0
2022-01-28 12:15:00,1643352300,43992.1,44057,43819.9,43833.4,0
2022-01-28 13:15:00,1643355900,43835.8,43989.8,43369.8,43446.3,0
2022-01-28 14:15:00,1643359500,43406.4,43571.3,43131.4,43249.1,0
2022-01-28 15:15:00,1643363100,43240.6,43326.6,43240.6,43258.3,0
2022-01-31 09:15:00,1643600700,43689.4,43864.6,43358.9,43440.8,0
2022-01-31 10:15:00,1643604300,43436,43493.5,43166,43391.6,0
2022-01-31 11:15:00,1643607900,43392.4,43557.3,43369.5,43537.7,0
2022-01-31 12:15:00,1643611500,43543.8,43714.7,43473.7,43688.2,0
2022-01-31 13:15:00,1643615100,43690.4,43711.7,43433.6,43623.3,0
2022-01-31 14:15:00,1643618700,43625,43735.9,43486.2,43611.2,0
2022-01-31 15:15:00,1643622300,43606.5,43635.3,43525.2,43550.8,0
2022-02-01 09:15:00,1643687100,44073.6,44468.3,43798.6,44452.6,0
2022-02-01 10:15:00,1643690700,44436.3,44518.9,44228.9,44336.5,0
2022-02-01 11:15:00,1643694300,44339.5,44395.9,43835.4,44258.4,0
2022-02-01 12:15:00,1643697900,44247.2,44309.9,43210.8,43275.9,0
2022-02-01 13:15:00,1643701500,43214.2,43965.9,43172.4,43915.9,0
2022-02-01 14:15:00,1643705100,43907.9,44245.4,43876.1,44059.8,0
2022-02-01 15:15:00,1643708700,44057.8,44209.8,44057.8,44192.9,0
2022-02-02 09:15:00,1643773500,44514,44877.5,44471.3,44849.4,0
2022-02-02 10:15:00,1643777100,44828.1,44878.2,44686.3,44838.8,0
2022-02-02 11:15:00,1643780700,44835,45000,44792.5,44928.1,0
2022-02-02 12:15:00,1643784300,44916.3,44992.2,44832,44863,0
2022-02-02 13:15:00,1643787900,44864.6,44995.3,44778.3,44995.3,0
2022-02-02 14:15:00,1643791500,44971.9,45127.1,44925.3,45048.4,0
2022-02-02 15:15:00,1643795100,45051.2,45058.3,45007.3,45043.2,0
2022-02-03 09:15:00,1643859900,44999.9,45111.1,44827.1,44892.6,0
2022-02-03 10:15:00,1643863500,44879.1,44977.9,44832.1,44924.5,0
2022-02-03 11:15:00,1643867100,44920.1,44971.9,44818.7,44840.6,0
2022-02-03 12:15:00,1643870700,44833.1,45143.7,44811.4,45013.8,0
2022-02-03 13:15:00,1643874300,45015.8,45030.9,44787.2,44891.5,0
2022-02-03 14:15:00,1643877900,44890.6,44916.2,44721.2,44736.4,0
2022-02-03 15:15:00,1643881500,44748.2,44748.2,44506.8,44542.2,0
2022-02-04 09:15:00,1643946300,44848.4,44982.6,44575.1,44743.6,0
2022-02-04 10:15:00,1643949900,44742.1,44752.3,44550.9,44691.3,0
2022-02-04 11:15:00,1643953500,44688,44702.2,44325.5,44369,0
2022-02-04 12:15:00,1643957100,44364.4,44461.2,44146.2,44224.5,0
2022-02-04 13:15:00,1643960700,44215,44538.4,44164.6,44426.9,0
2022-02-04 14:15:00,1643964300,44426.6,44503.3,44278.7,44433.3,0
2022-02-04 15:15:00,1643967900,44434.4,44438.1,44311.6,44333.9,0
2022-02-07 09:15:00,1644205500,44347.4,44473.6,44139.2,44276.5,0
2022-02-07 10:15:00,1644209100,44271.6,44354.8,44085,44117.7,0
2022-02-07 11:15:00,1644212700,44109.3,44109.3,43883.2,43918.7,0
2022-02-07 12:15:00,1644216300,43912.5,44010.6,43774.8,43786.9,0
2022-02-07 13:15:00,1644219900,43780,43843.4,43457.1,43589.5,0
2022-02-07 14:15:00,1644223500,43590.8,43658.6,43349.6,43576.4,0
2022-02-07 15:15:00,1644227100,43565.8,43621.9,43508.5,43575.8,0
2022-02-08 09:15:00,1644291900,43740.4,43822.7,43303.5,43306.5,0
2022-02-08 10:15:00,1644295500,43291.5,43342.8,42809.3,42946.1,0
2022-02-08 11:15:00,1644299100,42955.1,43372.4,42924.5,43268.2,0
2022-02-08 12:15:00,1644302700,43281.7,43661.6,43167.6,43167.6,0
2022-02-08 13:15:00,1644306300,43151.8,43495.9,43147.9,43220.5,0
2022-02-08 14:15:00,1644309900,43223,43766,43170,43668.2,0
2022-02-08 15:15:00,1644313500,43678.4,43713,43516.1,43519.7,0
2022-02-09 09:15:00,1644378300,43961.3,44182.2,43848.7,44105.9,0
2022-02-09 10:15:00,1644381900,44106.4,44119.5,43910.9,43986,0
2022-02-09 11:15:00,1644385500,43982.4,44098.8,43961.6,44061.4,0
2022-02-09 12:15:00,1644389100,44058.9,44153.5,43962.4,43975,0
2022-02-09 13:15:00,1644392700,43976.1,44174.2,43976.1,44152.9,0
2022-02-09 14:15:00,1644396300,44152.1,44261.7,44103.8,44235.1,0
2022-02-09 15:15:00,1644399900,44230.6,44252.6,44195.5,44234.8,0
2022-02-10 09:15:00,1644464700,44417.9,44495.9,44121,44450.4,0
2022-02-10 10:15:00,1644468300,44439.3,44838.7,44300.8,44789.2,0
2022-02-10 11:15:00,1644471900,44787.9,44841.6,44658.5,44745.9,0
2022-02-10 12:15:00,1644475500,44756.1,44905.8,44645.4,44846.1,0
2022-02-10 13:15:00,1644479100,44847.9,44876.7,44734,44795.3,0
2022-02-10 14:15:00,1644482700,44795.4,44840.5,44662.6,44665.2,0
2022-02-10 15:15:00,1644486300,44661,44709.6,44605.5,44609.2,0
2022-02-11 09:15:00,1644551100,44176.9,44416.8,44018.2,44075.1,0
2022-02-11 10:15:00,1644554700,44058.8,44165.2,43988.6,44098.5,0
2022-02-11 11:15:00,1644558300,44098.8,44176,44034.8,44150.6,0
2022-02-11 12:15:00,1644561900,44150.2,44317.8,44092.4,44306.9,0
2022-02-11 13:15:00,1644565500,44309.9,44403.7,44126.2,44203.1,0
2022-02-11 14:15:00,1644569100,44202.6,44232.2,44034,44160.3,0
2022-02-11 15:15:00,1644572700,44168.6,44168.6,43981.2,44006.2,0
2022-02-14 09:15:00,1644810300,42403.6,43202.2,42403.6,42835.7,0
2022-02-14 10:15:00,1644813900,42829.8,42997,42757,42870.4,0
2022-02-14 11:15:00,1644817500,42874.2,42874.2,42652.1,42736.1,0
2022-02-14 12:15:00,1644821100,42729.3,42849.8,42641.2,42786.8,0
2022-02-14 13:15:00,1644824700,42798.1,42816.5,42406.1,42428.1,0
2022-02-14 14:15:00,1644828300,42430.4,42539.4,42145,42226.9,0
2022-02-14 15:15:00,1644831900,42211,42265.4,42132.4,42148.1,0
2022-02-15 09:15:00,1644896700,42447.6,42524.8,41963.2,42083.4,0
2022-02-15 10:15:00,1644900300,42104.5,42333.9,41940.6,42288,0
2022-02-15 11:15:00,1644903900,42294.3,42688.6,42246.6,42619.8,0
2022-02-15 12:15:00,1644907500,42616.1,42773.1,42514.5,42731.4,0
2022-02-15 13:15:00,1644911100,42742.1,43546.2,42646.9,43487.6,0
2022-02-15 14:15:00,1644914700,43495.6,43698.3,43369.3,43673.5,0
2022-02-15 15:15:00,1644918300,43695.5,43736.9,43657.6,43662.1,0
2022-02-16 09:15:00,1644983100,43722,43931.3,43475.4,43544.7,0
2022-02-16 10:15:00,1644986700,43530.5,43683.9,43204.9,43296.6,0
2022-02-16 11:15:00,1644990300,43297.5,43462,43269.5,43357,0
2022-02-16 12:15:00,1644993900,43363.6,43777.4,43363.6,43673.7,0
2022-02-16 13:15:00,1644997500,43684,44005.8,43610,43871.5,0
2022-02-16 14:15:00,1645001100,43879.5,43889.6,43385.4,43466.8,0
2022-02-16 15:15:00,1645004700,43468.5,43468.5,43304.4,43330.5,0
2022-02-17 09:15:00,1645069500,43566.3,43626.3,43057.8,43126.6,0
2022-02-17 10:15:00,1645073100,43118.2,43397.3,42917.4,43296.2,0
2022-02-17 11:15:00,1645076700,43300.1,43330.1,43104.6,43270.4,0
2022-02-17 12:15:00,1645080300,43267,43390.8,43177.8,43220.1,0
2022-02-17 13:15:00,1645083900,43229.9,43345.9,43068.5,43073.4,0
2022-02-17 14:15:00,1645087500,43067.1,43171.7,42894.8,42894.8,0
2022-02-17 15:15:00,1645091100,42900.7,42928.2,42834.2,42856.1,0
2022-02-18 09:15:00,1645155900,42677.1,43049.2,42667.2,42966.5,0
2022-02-18 10:15:00,1645159500,42954.8,43058.2,42810.7,43042.1,0
2022-02-18 11:15:00,1645163100,43058.7,43151.6,42982.9,43133.1,0
2022-02-18 12:15:00,1645166700,43132.5,43287.3,43099.4,43223.6,0
2022-02-18 13:15:00,1645170300,43222.6,43288.3,43116,43116,0
2022-02-18 14:15:00,1645173900,43121.7,43134.1,42932.6,43070.7,0
2022-02-18 15:15:00,1645177500,43068.7,43084.1,43007.7,43049.9,0
2022-02-21 09:15:00,1645415100,42760.2,42981.8,42527.5,42760.2,0
2022-02-21 10:15:00,1645418700,42745.5,43202.9,42680.3,43174.9,0
2022-02-21 11:15:00,1645422300,43189.3,43511.1,43157.7,43467.9,0
2022-02-21 12:15:00,1645425900,43483.1,43545.3,43356.1,43533.9,0
2022-02-21 13:15:00,1645429500,43531.2,43551.5,43169.1,43183.9,0
2022-02-21 14:15:00,1645433100,43176.6,43273.8,43035.8,43105.5,0
2022-02-21 15:15:00,1645436700,43090.9,43186.1,43065.9,43138.2,0
2022-02-22 09:15:00,1645501500,42096.2,42686.4,42055.4,42470.4,0
2022-02-22 10:15:00,1645505100,42462.4,42716.2,42447.2,42679.8,0
2022-02-22 11:15:00,1645508700,42672.2,42784.3,42553.6,42649.2,0
2022-02-22 12:15:00,1645512300,42644,42678.9,42467.6,42548.6,0
2022-02-22 13:15:00,1645515900,42554.3,42975.4,42490.7,42972.2,0
2022-02-22 14:15:00,1645519500,42984.1,43129,42767.7,42823.1,0
2022-02-22 15:15:00,1645523100,42822,42842.1,42732.2,42778,0
2022-02-23 09:15:00,1645587900,43082.2,43308,43045.6,43051.9,0
2022-02-23 10:15:00,1645591500,43051.3,43188.3,42975.2,43140.7,0
2022-02-23 11:15:00,1645595100,43140,43276.5,43140,43202.9,0
2022-02-23 12:15:00,1645598700,43204.6,43213.8,43046.8,43144.8,0
2022-02-23 13:15:00,1645602300,43143.4,43217.4,43053.5,43156.5,0
2022-02-23 14:15:00,1645605900,43154.5,43184.2,42861.3,42865.2,0
2022-02-23 15:15:00,1645609500,42865,42915.2,42832,42885.2,0
2022-02-24 09:15:00,1645674300,41298.1,42108.2,41194.7,41455.7,0
2022-02-24 10:15:00,1645677900,41462.7,41646.5,41446.6,41521.6,0
2022-02-24 11:15:00,1645681500,41525.9,41708.7,41449.2,41568.1,0
2022-02-24 12:15:00,1645685100,41566.9,41587.4,41272.6,41477.7,0
2022-02-24 13:15:00,1645688700,41493.6,41498.3,41133.7,41354.2,0
2022-02-24 14:15:00,1645692300,41342.1,41411.1,40522.5,40552.9,0
2022-02-24 15:15:00,1645695900,40556.7,40556.7,40285.9,40363.3,0
2022-02-25 09:15:00,1645760700,41328.7,41980.9,41100,41782.5,0
2022-02-25 10:15:00,1645764300,41792.4,42130.3,41744.6,42001.4,0
2022-02-25 11:15:00,1645767900,42010.1,42147.7,41860.2,41900.1,0
2022-02-25 12:15:00,1645771500,41897.5,42084.8,41830.7,41976.6,0
2022-02-25 13:15:00,1645775100,41985.1,42022.2,41831.5,41932.6,0
2022-02-25 14:15:00,1645778700,41925.1,42055.4,41682.7,41864.4,0
2022-02-25 15:15:00,1645782300,41861.9,41930.1,41801,41930.1,0
2022-02-28 09:15:00,1646019900,41434.1,41434.1,40952.5,41030.9,0
2022-02-28 10:15:00,1646023500,41032.5,41422.4,40999.2,41361.6,0
2022-02-28 11:15:00,1646027100,41362.7,41679.4,41271,41566.4,0
2022-02-28 12:15:00,1646030700,41565.2,41691.1,41436.2,41525.4,0
2022-02-28 13:15:00,1646034300,41527.9,41605.8,41296,41440.9,0
2022-02-28 14:15:00,1646037900,41443.9,41694.5,41347.1,41641.1,0
2022-02-28 15:15:00,1646041500,41635.4,41658.6,41608.5,41611.5,0
2022-03-02 09:15:00,1646192700,40822,40873.8,40469.1,40577,0
2022-03-02 10:15:00,1646196300,40577,40658.7,40378.5,40458.7,0
2022-03-02 11:15:00,1646199900,40448.9,40564.1,40291.5,40309.1,0
2022-03-02 12:15:00,1646203500,40308.4,40467.7,40135.4,40374.2,0
2022-03-02 13:15:00,1646207100,40382.9,40432.2,40269.9,40335.2,0
2022-03-02 14:15:00,1646210700,40336.1,40741.6,40188,40734.9,0
2022-03-02 15:15:00,1646214300,40756.5,40902.8,40756.5,40790.5,0
2022-03-03 09:15:00,1646279100,41042.7,41184.9,40463.5,40535.2,0
2022-03-03 10:15:00,1646282700,40539.3,40556.3,40339.5,40486.6,0
2022-03-03 11:15:00,1646286300,40483.8,40622.9,40476.3,40551.9,0
2022-03-03 12:15:00,1646289900,40538.4,40539.3,40270.3,40309.4,0
2022-03-03 13:15:00,1646293500,40311,40428.9,40131.9,40169.4,0
2022-03-03 14:15:00,1646297100,40176,40388.9,39937.3,40388.9,0
2022-03-03 15:15:00,1646300700,40404.9,40471.1,40117,40217.4,0
2022-03-04 09:15:00,1646365500,39853.9,39853.9,39432.9,39526,0
2022-03-04 10:15:00,1646369100,39522.6,39522.6,39197.1,39261.8,0
2022-03-04 11:15:00,1646372700,39258,39492.6,39226.3,39454.7,0
2022-03-04 12:15:00,1646376300,39444.6,40209.6,39434.6,40001.6,0
2022-03-04 13:15:00,1646379900,40006.5,40334.6,39807,39893.4,0
2022-03-04 14:15:00,1646383500,39882.9,40044.3,39555.8,39585.7,0
2022-03-04 15:15:00,1646387100,39596.9,39596.9,39424.6,39526.2,0
2022-03-07 09:15:00,1646624700,38269.8,38497,37623.4,37671.6,0
2022-03-07 10:15:00,1646628300,37652.7,37897.6,37502,37795.8,0
2022-03-07 11:15:00,1646631900,37802.3,38047.2,37800.3,37897.6,0
2022-03-07 12:15:00,1646635500,37893.1,37972.1,37681.7,37681.7,0
2022-03-07 13:15:00,1646639100,37692.4,37771.5,37246.6,37283.6,0
2022-03-07 14:15:00,1646642700,37292,37793.4,37180.6,37775.9,0
2022-03-07 15:15:00,1646646300,37791.1,37898.6,37779.4,37827.4,0
2022-03-08 09:15:00,1646711100,37344.3,37636.5,37209.6,37597.9,0
2022-03-08 10:15:00,1646714700,37608.4,37718.4,37129.3,37212.9,0
2022-03-08 11:15:00,1646718300,37221.8,37221.8,36933.9,37103.3,0
2022-03-08 12:15:00,1646721900,37096.4,37235.2,36888.4,37120.1,0
2022-03-08 13:15:00,1646725500,37135.2,37607.5,36914.1,37436.1,0
2022-03-08 14:15:00,1646729100,37445.4,38123.2,37287.9,38088.3,0
2022-03-08 15:15:00,1646732700,38087.1,38172.9,38036.8,38095.4,0
2022-03-09 09:15:00,1646797500,38294,38294,37795.1,37978.3,0
2022-03-09 10:15:00,1646801100,37984.6,38116.8,37920.3,37926.1,0
2022-03-09 11:15:00,1646804700,37934.7,38063.3,37813.6,37973.3,0
2022-03-09 12:15:00,1646808300,37962.8,38529,37962.8,38491.2,0
2022-03-09 13:15:00,1646811900,38499.9,38630.1,38191.6,38553.9,0
2022-03-09 14:15:00,1646815500,38550.4,38904.5,38550,38730.7,0
2022-03-09 15:15:00,1646819100,38723.7,38823.6,38672.3,38818.9,0
2022-03-10 09:15:00,1646883900,40261,40358.2,39794,40358,0
2022-03-10 10:15:00,1646887500,40352.2,40566.5,40315.7,40504,0
2022-03-10 11:15:00,1646891100,40505.4,40506.3,40222.1,40225.7,0
2022-03-10 12:15:00,1646894700,40226,40305.8,39843.8,39941,0
2022-03-10 13:15:00,1646898300,39948.9,40112.4,39195.1,39434.3,0
2022-03-10 14:15:00,1646901900,39430.8,39695.9,39233,39579.2,0
2022-03-10 15:15:00,1646905500,39575,39586.9,39379.6,39414.6,0
2022-03-11 09:15:00,1646970300,39330.8,39978.8,39102.8,39837.2,0
2022-03-11 10:15:00,1646973900,39839.1,39843.9,39467.1,39601.4,0
2022-03-11 11:15:00,1646977500,39584,39807.1,39559.5,39690.8,0
2022-03-11 12:15:00,1646981100,39690.2,39760.8,39441.4,39509.4,0
2022-03-11 13:15:00,1646984700,39486.3,39649.6,39347.8,39513.4,0
2022-03-11 14:15:00,1646988300,39505.4,39672.8,39446.1,39577.2,0
2022-03-11 15:15:00,1646991900,39571.4,39615.2,39556.6,39585.7,0
2022-03-14 09:15:00,1647229500,39659.7,40011.3,39653.8,39959.7,0
2022-03-14 10:15:00,1647233100,39958.9,40093.8,39855.9,40081,0
2022-03-14 11:15:00,1647236700,40092.2,40239.1,40037.3,40159.7,0
2022-03-14 12:15:00,1647240300,40157.1,40363.3,40120.4,40315.6,0
2022-03-14 13:15:00,1647243900,40324.9,40441.6,40251,40406.3,0
2022-03-14 14:15:00,1647247500,40409.4,40625.6,40393.7,40510.9,0
2022-03-14 15:15:00,1647251100,40510.3,40564.6,40340.9,40539.6,0
2022-03-15 09:15:00,1647315900,40716.2,40790.5,40376.9,40618.8,0
2022-03-15 10:15:00,1647319500,40620.3,40820.2,40572.1,40619.2,0
2022-03-15 11:15:00,1647323100,40619.1,40831.3,40543.6,40764.4,0
2022-03-15 12:15:00,1647326700,40758.4,40762,40286.2,40337.5,0
2022-03-15 13:15:00,1647330300,40327.3,40332.5,39930.1,39964.9,0
2022-03-15 14:15:00,1647333900,39949.1,40308.2,39769.8,40142.5,0
2022-03-15 15:15:00,1647337500,40134.6,40194,40001.9,40059.2,0
2022-03-16 09:15:00,1647402300,40733.1,41021.1,40672.6,40767.7,0
2022-03-16 10:15:00,1647405900,40771.4,40907.3,40690.8,40810.9,0
2022-03-16 11:15:00,1647409500,40808.6,40935.9,40788.3,40897.3,0
2022-03-16 12:15:00,1647413100,40899.7,40998.9,40769.1,40769.1,0
2022-03-16 13:15:00,1647416700,40742.4,40941.4,40716.3,40797.3,0
2022-03-16 14:15:00,1647420300,40791.5,41004,40755.3,40942.6,0
2022-03-16 15:15:00,1647423900,40955,40955,40874.1,40874.1,0
2022-03-17 09:15:00,1647488700,41588.2,41888,41555.1,41872.1,0
2022-03-17 10:15:00,1647492300,41881.3,41892.1,41782.3,41812.9,0
2022-03-17 11:15:00,1647495900,41830.2,41951.2,41782.9,41835,0
2022-03-17 12:15:00,1647499500,41837.4,41915.1,41756.8,41837.4,0
2022-03-17 13:15:00,1647503100,41833.5,41988.3,41769.6,41898.8,0
2022-03-17 14:15:00,1647506700,41894.2,41945,41706,41758.5,0
2022-03-17 15:15:00,1647510300,41762,41796.6,41706.8,41715.6,0
2022-03-21 09:15:00,1647834300,41881,41943.4,41375.1,41411.6,0
2022-03-21 10:15:00,1647837900,41414.9,41563.5,41344.3,41492.6,0
2022-03-21 11:15:00,1647841500,41485.4,41552.7,41385.3,41389.8,0
2022-03-21 12:15:00,1647845100,41386.2,41434.3,41114.1,41157.6,0
2022-03-21 13:15:00,1647848700,41163.9,41390.1,41122.5,41348.1,0
2022-03-21 14:15:00,1647852300,41345.1,41359,41153,41255.4,0
2022-03-21 15:15:00,1647855900,41258.2,41295.3,41236,41269.4,0
2022-03-22 09:15:00,1647920700,41170.2,41215.9,40629.5,40642.1,0
2022-03-22 10:15:00,1647924300,40607.4,40854.9,40564.3,40821.9,0
2022-03-22 11:15:00,1647927900,40822.2,40830,40580.6,40621.6,0
2022-03-22 12:15:00,1647931500,40622.8,41416.3,40521.4,41390.3,0
2022-03-22 13:15:00,1647935100,41419.6,41648.4,41298.5,41567.5,0
2022-03-22 14:15:00,1647938700,41565.7,41652.5,41397.5,41643.3,0
2022-03-22 15:15:00,1647942300,41641.1,41772.1,41632.3,41764.4,0
2022-03-23 09:15:00,1648007100,41848,42175.2,41747.9,41799.5,0
2022-03-23 10:15:00,1648010700,41799.8,41839.9,41519.8,41577.1,0
2022-03-23 11:15:00,1648014300,41575.8,41701.6,41448.5,41536.1,0
2022-03-23 12:15:00,1648017900,41532.3,41588.9,41373.1,41529.8,0
2022-03-23 13:15:00,1648021500,41527.2,41650.5,41294.9,41399.5,0
2022-03-23 14:15:00,1648025100,41405.8,41581.6,41366.3,41393.6,0
2022-03-23 15:15:00,1648028700,41394.8,41401.2,41202.7,41292.1,0
2022-03-24 09:15:00,1648093500,40735.8,41035,40649.3,40979.2,0
2022-03-24 10:15:00,1648097100,40983.6,41028.1,40870.2,41009.4,0
2022-03-24 11:15:00,1648100700,41023,41106.4,40702,40728.4,0
2022-03-24 12:15:00,1648104300,40707.7,40755.4,40523,40562.3,0
2022-03-24 13:15:00,1648107900,40553.1,40861.8,40535.7,40715.5,0
2022-03-24 14:15:00,1648111500,40725.6,40767.7,40590.4,40626,0
2022-03-24 15:15:00,1648115100,40628.7,40643.7,40594.2,40624.4,0
2022-03-25 09:15:00,1648179900,40874.7,40874.7,40459.9,40577.8,0
2022-03-25 10:15:00,1648183500,40570.7,40709.1,40555.6,40637.6,0
2022-03-25 11:15:00,1648187100,40641,40686.2,40435.6,40477.7,0
2022-03-25 12:15:00,1648190700,40473.1,40603.9,40461.6,40557.2,0
2022-03-25 13:15:00,1648194300,40560.3,40640.2,40328.5,40395.8,0
2022-03-25 14:15:00,1648197900,40404,40512.8,40363,40453,0
2022-03-25 15:15:00,1648201500,40449.9,40744.4,40444.6,40698.5,0
2022-03-28 09:15:00,1648439100,40613.9,40713.7,40123.4,40169.6,0
2022-03-28 10:15:00,1648442700,40150.4,40266.5,40121.3,40249.6,0
2022-03-28 11:15:00,1648446300,40255.3,40418.4,40202,40387,0
2022-03-28 12:15:00,1648449900,40402.1,40910.8,40402.1,40885.8,0
2022-03-28 13:15:00,1648453500,40891.3,40891.3,40678.4,40782.3,0
2022-03-28 14:15:00,1648457100,40782.3,40997.4,40760.8,40924.7,0
2022-03-28 15:15:00,1648460700,40932.6,41033.2,40932.6,40995,0
2022-03-29 09:15:00,1648525500,41172.6,41258.8,40979.8,41033.6,0
2022-03-29 10:15:00,1648529100,41032.3,41133.7,40922.4,41092.4,0
2022-03-29 11:15:00,1648532700,41098,41116.6,40941.3,40996.5,0
2022-03-29 12:15:00,1648536300,41006.7,41127.4,40860.2,40922.3,0
2022-03-29 13:15:00,1648539900,40917.1,40975.8,40740,40932.4,0
2022-03-29 14:15:00,1648543500,40932.3,41139.4,40887.4,41095.5,0
2022-03-29 15:15:00,1648547100,41095.9,41233.8,41080,41223.7,0
2022-03-30 09:15:00,1648611900,41485.5,41604.1,41367.6,41561.1,0
2022-03-30 10:15:00,1648615500,41562.9,41803.4,41561,41750.2,0
2022-03-30 11:15:00,1648619100,41756,41761.1,41601.6,41604.3,0
2022-03-30 12:15:00,1648622700,41605.2,41676.5,41545.6,41619,0
2022-03-30 13:15:00,1648626300,41648.6,41698,41499.1,41637.3,0
2022-03-30 14:15:00,1648629900,41636.1,41749.7,41591.8,41713.4,0
2022-03-30 15:15:00,1648633500,41708.8,41739.5,41661.8,41672.2,0
2022-03-31 09:15:00,1648698300,41909.8,42023.4,41679.9,41946.3,0
2022-03-31 10:15:00,1648701900,41948.9,41957.7,41819.2,41873.2,0
2022-03-31 11:15:00,1648705500,41876.4,41901,41739.6,41799.6,0
2022-03-31 12:15:00,1648709100,41798.2,41929.2,41785.6,41870.1,0
2022-03-31 13:15:00,1648712700,41875.5,41896.9,41669.1,41710.9,0
2022-03-31 14:15:00,1648716300,41707.7,41834.6,41657.9,41759.1,0
2022-03-31 15:15:00,1648719900,41750.3,41762.5,41702.6,41742.1,0
2022-04-01 09:15:00,1648784700,41717.6,42110.1,41603.5,42050.6,0
2022-04-01 10:15:00,1648788300,42047.6,42206.9,42025.2,42184.2,0
2022-04-01 11:15:00,1648791900,42182.8,42188.1,42091.8,42160.6,0
2022-04-01 12:15:00,1648795500,42167.1,42418.3,42131.8,42345.7,0
2022-04-01 13:15:00,1648799100,42358,42528.8,42355.4,42512.7,0
2022-04-01 14:15:00,1648802700,42504,42584.2,42476.4,42573.4,0
2022-04-01 15:15:00,1648806300,42567.6,42646.8,42560.5,42605.8,0
2022-04-04 09:15:00,1649043900,43163.6,44074,42996.1,43974.6,0
2022-04-04 10:15:00,1649047500,44002.2,44021.2,43495.5,43577.2,0
2022-04-04 11:15:00,1649051100,43563.2,43766.2,43451.6,43520.1,0
2022-04-04 12:15:00,1649054700,43511.6,43820.2,43511.6,43795.3,0
2022-04-04 13:15:00,1649058300,43803.7,43880.8,43737.6,43816.8,0
2022-04-04 14:15:00,1649061900,43828.9,44160.9,43812.4,44082.9,0
2022-04-04 15:15:00,1649065500,44084.8,44127.3,44011.8,44011.8,0
2022-04-05 09:15:00,1649130300,44194.8,44199.9,43515.4,43608.7,0
2022-04-05 10:15:00,1649133900,43601.2,43870.1,43596.5,43794.1,0
2022-04-05 11:15:00,1649137500,43790.6,43839.5,43738.1,43834,0
2022-04-05 12:15:00,1649141100,43831.7,43979.2,43700.8,43979.2,0
2022-04-05 13:15:00,1649144700,43983.6,44136,43803.1,43840.9,0
2022-04-05 14:15:00,1649148300,43826,43888.1,43445.6,43449.3,0
2022-04-05 15:15:00,1649151900,43441.9,43470.9,43334.1,43371.2,0
2022-04-06 09:15:00,1649216700,43104,43207.6,42865,42969.7,0
2022-04-06 10:15:00,1649220300,42963.1,43040.3,42870.6,43018.8,0
2022-04-06 11:15:00,1649223900,43046.4,43166.3,42960.2,43121,0
2022-04-06 12:15:00,1649227500,43113.3,43287.1,42998.8,43089.3,0
2022-04-06 13:15:00,1649231100,43076.1,43157.3,42948.2,42961.3,0
2022-04-06 14:15:00,1649234700,42953.9,43159.4,42953.9,43057.5,0
2022-04-06 15:15:00,1649238300,43051.1,43051.1,42991.7,42991.7,0
2022-04-07 09:15:00,1649303100,42894.9,43038.6,42767.3,42975.9,0
2022-04-07 10:15:00,1649306700,42975.2,43075.4,42880.9,43015.1,0
2022-04-07 11:15:00,1649310300,43011.2,43495.1,42998.9,43435,0
2022-04-07 12:15:00,1649313900,43431.6,43483.9,43339.9,43407.4,0
2022-04-07 13:15:00,1649317500,43400,43414.4,43022,43044.7,0
2022-04-07 14:15:00,1649321100,43037.9,43132,42962.4,43016.2,0
2022-04-07 15:15:00,1649324700,43011.6,43099,42985.3,43099,0
2022-04-08 09:15:00,1649389500,43177.6,43341.8,42917.9,43273.7,0
2022-04-08 10:15:00,1649393100,43279.9,43279.9,42890.9,42940,0
2022-04-08 11:15:00,1649396700,42939,43151.5,42892.8,43116.8,0
2022-04-08 12:15:00,1649400300,43121.1,43270.7,43114,43203,0
2022-04-08 13:15:00,1649403900,43203.8,43422.9,43161.4,43399.6,0
2022-04-08 14:15:00,1649407500,43384.4,43384.4,43212.3,43244.4,0
2022-04-08 15:15:00,1649411100,43255.6,43349.8,43255.6,43325.9,0
2022-04-11 09:15:00,1649648700,43178.8,43363.3,43022.9,43353.9,0
2022-04-11 10:15:00,1649652300,43358.6,43450.6,43278.5,43369.2,0
2022-04-11 11:15:00,1649655900,43365.1,43474.5,43346.4,43403.7,0
2022-04-11 12:15:00,1649659500,43407.9,43531,43261.8,43457.5,0
2022-04-11 13:15:00,1649663100,43462.5,43492.5,43292.4,43380.9,0
2022-04-11 14:15:00,1649666700,43387.5,43399.9,43067.9,43137.2,0
2022-04-11 15:15:00,1649670300,43131.6,43200.6,43112.4,43200.6,0
2022-04-12 09:15:00,1649735100,42989.2,43028.9,42765.5,42855.2,0
2022-04-12 10:15:00,1649738700,42846.7,43002.7,42799.4,42920.7,0
2022-04-12 11:15:00,1649742300,42913,43131.7,42880,43077.5,0
2022-04-12 12:15:00,1649745900,43076,43149.4,42985.3,43007.5,0
2022-04-12 13:15:00,1649749500,43016.7,43391.7,42906.2,43373.5,0
2022-04-12 14:15:00,1649753100,43369.4,43548.8,43308.8,43345.6,0
2022-04-12 15:15:00,1649756700,43349.6,43379.6,43310.2,43362.7,0
2022-04-13 09:15:00,1649821500,43678.3,43678.3,43329,43363.7,0
2022-04-13 10:15:00,1649825100,43335.9,43453.6,43307.1,43407.6,0
2022-04-13 11:15:00,1649828700,43409.5,43447.2,43180.2,43180.9,0
2022-04-13 12:15:00,1649832300,43164.5,43348.4,43125.8,43336.9,0
2022-04-13 13:15:00,1649835900,43342,43370.6,43136.5,43286.3,0
2022-04-13 14:15:00,1649839500,43285.8,43319.5,43024.3,43039.7,0
2022-04-13 15:15:00,1649843100,43037.2,43083.8,42996.9,43049.4,0
2022-04-18 09:15:00,1650253500,42530.6,42530.6,42197.4,42249.5,0
2022-04-18 10:15:00,1650257100,42242.5,42300.9,42168.7,42294.2,0
2022-04-18 11:15:00,1650260700,42297.4,42436.8,42253,42283.7,0
2022-04-18 12:15:00,1650264300,42276.3,42324.1,41968.6,42082.7,0
2022-04-18 13:15:00,1650267900,42083.9,42217.7,42050.8,42146.1,0
2022-04-18 14:15:00,1650271500,42150.5,42352.1,42107.3,42344.3,0
2022-04-18 15:15:00,1650275100,42367.1,42504.5,42367.1,42403.1,0
2022-04-19 09:15:00,1650339900,42432,42634.7,42291.6,42346.1,0
2022-04-19 10:15:00,1650343500,42339.3,42460.4,42258.3,42458.9,0
2022-04-19 11:15:00,1650347100,42473,42658.1,42395.8,42658.1,0
2022-04-19 12:15:00,1650350700,42655.1,42699.8,42413.4,42449.5,0
2022-04-19 13:15:00,1650354300,42436,42855.3,42436,42778.2,0
2022-04-19 14:15:00,1650357900,42768.8,42790.9,41890.1,41994.9,0
2022-04-19 15:15:00,1650361500,41970.8,42005.3,41468.1,41614,0
2022-04-20 09:15:00,1650426300,42117.2,42140.3,41763.4,41915.7,0
2022-04-20 10:15:00,1650429900,41916.4,42023.3,41761.2,41963.5,0
2022-04-20 11:15:00,1650433500,41979.6,42013.4,41800.5,41916.1,0
2022-04-20 12:15:00,1650437100,41932.8,42115.1,41915.9,41989.9,0
2022-04-20 13:15:00,1650440700,41970.7,41996.8,41691.1,41833,0
2022-04-20 14:15:00,1650444300,41830.8,42073.8,41714.4,41878.6,0
2022-04-20 15:15:00,1650447900,41880.6,41965,41862.3,41948,0
2022-04-21 09:15:00,1650512700,42132.7,42237.6,42066.8,42091,0
2022-04-21 10:15:00,1650516300,42090.3,42259.1,42004.2,42259.1,0
2022-04-21 11:15:00,1650519900,42260.8,42302.8,42190.3,42248.5,0
2022-04-21 12:15:00,1650523500,42254.1,42326.3,42208.9,42231.7,0
2022-04-21 13:15:00,1650527100,42220.7,42352.1,42204.6,42315.7,0
2022-04-21 14:15:00,1650530700,42316.4,42513.2,42316.4,42494.9,0
2022-04-21 15:15:00,1650534300,42494,42588.1,42466.5,42579.4,0
2022-04-22 09:15:00,1650599100,42166.9,42181.6,41811.5,41853.9,0
2022-04-22 10:15:00,1650602700,41842.8,42001.2,41800.4,41979.3,0
2022-04-22 11:15:00,1650606300,41976.6,41998.9,41880.6,41933.9,0
2022-04-22 12:15:00,1650609900,41934.9,41976.8,41856.2,41897.8,0
2022-04-22 13:15:00,1650613500,41899.2,41935.1,41559.5,41656.3,0
2022-04-22 14:15:00,1650617100,41650.5,41698.7,41537.7,41593.8,0
2022-04-22 15:15:00,1650620700,41605.4,41605.4,41515.7,41532.5,0
2022-04-25 09:15:00,1650858300,41335.9,41793.1,40984.6,41710.2,0
2022-04-25 10:15:00,1650861900,41752.9,41759.1,41581.6,41672.5,0
2022-04-25 11:15:00,1650865500,41675.3,41728.7,41531.6,41589.5,0
2022-04-25 12:15:00,1650869100,41567.7,41730.9,41429.3,41725.8,0
2022-04-25 13:15:00,1650872700,41733.4,41826.4,41533.7,41645,0
2022-04-25 14:15:00,1650876300,41631.6,41637.2,41396.4,41560.9,0
2022-04-25 15:15:00,1650879900,41563.3,41748.4,41546.9,41708.2,0
2022-04-26 09:15:00,1650944700,42094.7,42173.1,42003.6,42064.4,0
2022-04-26 10:15:00,1650948300,42064.5,42104.3,42026.7,42049.4,0
2022-04-26 11:15:00,1650951900,42048.4,42218.4,42048.4,42119.4,0
2022-04-26 12:15:00,1650955500,42118.2,42180.9,41872.6,41962.7,0
2022-04-26 13:15:00,1650959100,41964.9,42135.2,41960,42072.2,0
2022-04-26 14:15:00,1650962700,42066.6,42099.9,41778.1,41951.9,0
2022-04-26 15:15:00,1650966300,41960.1,42005.2,41918.7,41918.7,0
2022-04-27 09:15:00,1651031100,41591.1,41682.2,41507.9,41590.1,0
2022-04-27 10:15:00,1651034700,41594.9,41598,41500.9,41571.4,0
2022-04-27 11:15:00,1651038300,41564.3,41566.1,41359.7,41386.4,0
2022-04-27 12:15:00,1651041900,41391.9,41454.6,41170.5,41219.4,0
2022-04-27 13:15:00,1651045500,41218.3,41475.3,41218.3,41431.2,0
2022-04-27 14:15:00,1651049100,41430.2,41585,41326,41482.1,0
2022-04-27 15:15:00,1651052700,41480.6,41551.7,41459.2,41545.4,0
2022-04-28 09:15:00,1651117500,41752.5,41752.5,41481.5,41543,0
2022-04-28 10:15:00,1651121100,41541.5,41565.8,41423.8,41505.8,0
2022-04-28 11:15:00,1651124700,41505,41672.4,41485.4,41641,0
2022-04-28 12:15:00,1651128300,41642.3,41893.7,41625.8,41886.9,0
2022-04-28 13:15:00,1651131900,41881.9,42000.7,41812.8,41967.4,0
2022-04-28 14:15:00,1651135500,41965.4,42102.2,41882.5,41934,0
2022-04-28 15:15:00,1651139100,41923.1,42100.2,41923.1,42020.4,0
2022-04-29 09:15:00,1651203900,42075.2,42158,41855.3,41905.4,0
2022-04-29 10:15:00,1651207500,41912.8,42091.9,41903.9,42077.3,0
2022-04-29 11:15:00,1651211100,42073.2,42258.4,42059.9,42169.9,0
2022-04-29 12:15:00,1651214700,42165.5,42218.5,42079.8,42199.5,0
2022-04-29 13:15:00,1651218300,42198.9,42215.2,41915.6,41968.3,0
2022-04-29 14:15:00,1651221900,41959,41974.7,41505.6,41512.6,0
2022-04-29 15:15:00,1651225500,41523.4,41537.9,41408.4,41525.2,0
2022-05-02 09:15:00,1651463100,41019.5,41458.2,40959.5,41255.9,0
2022-05-02 10:15:00,1651466700,41257.9,41361.6,41166.2,41255.9,0
2022-05-02 11:15:00,1651470300,41254.5,41332.9,41184,41332.9,0
2022-05-02 12:15:00,1651473900,41324.2,41431.4,41213.8,41326.8,0
2022-05-02 13:15:00,1651477500,41331.4,41354.5,41199.6,41312.8,0
2022-05-02 14:15:00,1651481100,41314.3,41605.6,41226.3,41540.9,0
2022-05-02 15:15:00,1651484700,41549.4,41582.4,41489.6,41546.3,0
2022-05-04 09:15:00,1651635900,41745.8,41745.8,41516.1,41516.4,0
2022-05-04 10:15:00,1651639500,41509.7,41514.1,41355.1,41452.5,0
2022-05-04 11:15:00,1651643100,41455,41556.1,41242.4,41279.3,0
2022-05-04 12:15:00,1651646700,41290.2,41301.7,41075.9,41295,0
2022-05-04 13:15:00,1651650300,41290.4,41596.1,40880.5,41056.3,0
2022-05-04 14:15:00,1651653900,41052.7,41257.8,40430.1,40695.2,0
2022-05-04 15:15:00,1651657500,40700.9,40700.9,40536.9,40632.6,0
2022-05-05 09:15:00,1651722300,41138.1,41263.8,40961.8,41259.6,0
2022-05-05 10:15:00,1651725900,41266.4,41387.4,41212.4,41353.9,0
2022-05-05 11:15:00,1651729500,41362.2,41362.2,41059.4,41128.6,0
2022-05-05 12:15:00,1651733100,41128.7,41275,41014.5,41029,0
2022-05-05 13:15:00,1651736700,41018,41128.9,40614.4,40696.9,0
2022-05-05 14:15:00,1651740300,40685,40791.8,40500.2,40614.1,0
2022-05-05 15:15:00,1651743900,40612.5,40684.2,40476.7,40498.8,0
2022-05-06 09:15:00,1651808700,39801.1,39995.6,39674.2,39695.3,0
2022-05-06 10:15:00,1651812300,39693.5,39777.5,39608.4,39716.4,0
2022-05-06 11:15:00,1651815900,39710.8,39964.9,39673.2,39897.5,0
2022-05-06 12:15:00,1651819500,39895.3,39920.5,39636.9,39668.4,0
2022-05-06 13:15:00,1651823100,39660.8,40080.6,39624.3,40012.3,0
2022-05-06 14:15:00,1651826700,40023.7,40113.1,39718,39870.2,0
2022-05-06 15:15:00,1651830300,39877,39991.5,39875.7,39981.2,0
2022-05-09 09:15:00,1652067900,39318.9,39479.9,39113.6,39315.7,0
2022-05-09 10:15:00,1652071500,39306.9,39440.6,39278.6,39371.3,0
2022-05-09 11:15:00,1652075100,39369,39662.2,39282.8,39646.6,0
2022-05-09 12:15:00,1652078700,39660.5,39838.9,39555.9,39612.6,0
2022-05-09 13:15:00,1652082300,39609.2,39635.6,39328.7,39437.4,0
2022-05-09 14:15:00,1652085900,39432,39760.5,39400.1,39535.3,0
2022-05-09 15:15:00,1652089500,39548.3,39582.9,39511,39562.2,0
2022-05-10 09:15:00,1652154300,39587.6,39730.2,39457.3,39502,0
2022-05-10 10:15:00,1652157900,39517.7,39655.4,39494.6,39609.9,0
2022-05-10 11:15:00,1652161500,39609.6,39809.5,39524.7,39804.6,0
2022-05-10 12:15:00,1652165100,39801.4,39975.3,39755.9,39902.8,0
2022-05-10 13:15:00,1652168700,39918.4,40014.3,39772.2,39960.3,0
2022-05-10 14:15:00,1652172300,39959,40063.9,39658.3,39711.8,0
2022-05-10 15:15:00,1652175900,39705.1,39749,39655,39660.9,0
2022-05-11 09:15:00,1652240700,39958.9,40008.6,39655.3,39745.3,0
2022-05-11 10:15:00,1652244300,39735.9,39803.7,39535.6,39662.7,0
2022-05-11 11:15:00,1652247900,39664.8,39850.8,39635.8,39742.8,0
2022-05-11 12:15:00,1652251500,39754,39791.3,39416.3,39448,0
2022-05-11 13:15:00,1652255100,39445.2,39966.5,39385.4,39923.4,0
2022-05-11 14:15:00,1652258700,39941.7,40058.6,39800.7,39992.3,0
2022-05-11 15:15:00,1652262300,39987,40134.5,39976.3,40092.1,0
2022-05-12 09:15:00,1652327100,39662.1,39662.1,39077.4,39119.9,0
2022-05-12 10:15:00,1652330700,39113.7,39276.4,38968.8,38973.8,0
2022-05-12 11:15:00,1652334300,38958.1,39051.2,38842.3,39020.7,0
2022-05-12 12:15:00,1652337900,39025.4,39036.6,38798.6,38879.4,0
2022-05-12 13:15:00,1652341500,38886.3,39077.3,38665.7,38705.5,0
2022-05-12 14:15:00,1652345100,38705.7,38818.9,38487.6,38804.6,0
2022-05-12 15:15:00,1652348700,38813.2,38813.2,38693.8,38746.4,0
2022-05-13 09:15:00,1652413500,39319.7,39319.7,38807.9,38816.1,0
2022-05-13 10:15:00,1652417100,38814.9,39041.2,38770,39002.5,0
2022-05-13 11:15:00,1652420700,39001.7,39108.3,38894.3,38963.7,0
2022-05-13 12:15:00,1652424300,38961.2,39138.4,38935,39136.7,0
2022-05-13 13:15:00,1652427900,39141.8,39279.6,38738.4,38768.3,0
2022-05-13 14:15:00,1652431500,38761.4,38804.9,38107.7,38211.4,0
2022-05-13 15:15:00,1652435100,38218.2,38373,38157.4,38157.5,0
2022-05-16 09:15:00,1652672700,38334.9,39005.4,38113.4,38873.4,0
2022-05-16 10:15:00,1652676300,38889.7,39045.3,38810.1,38962.5,0
2022-05-16 11:15:00,1652679900,38964.2,38977.9,38624.8,38679.6,0
2022-05-16 12:15:00,1652683500,38675.6,38873.3,38529.1,38678.6,0
2022-05-16 13:15:00,1652687100,38679.6,38978.7,38666.6,38892.3,0
2022-05-16 14:15:00,1652690700,38898.8,39042.7,38724.5,38724.5,0
2022-05-16 15:15:00,1652694300,38728.5,38840.3,38702.1,38830,0
2022-05-17 09:15:00,1652759100,39053.9,39194.2,38913.9,39040.4,0
2022-05-17 10:15:00,1652762700,39047.2,39281.3,39043.1,39190.1,0
2022-05-17 11:15:00,1652766300,39169.7,39478.9,39162.4,39365.9,0
2022-05-17 12:15:00,1652769900,39369.9,39477.9,39346.1,39456.4,0
2022-05-17 13:15:00,1652773500,39458.3,39631.5,39316.8,39631.5,0
2022-05-17 14:15:00,1652777100,39624.6,39710.1,39536.5,39605.4,0
2022-05-17 15:15:00,1652780700,39597.9,39677.1,39595.8,39672.7,0
2022-05-18 09:15:00,1652845500,39719.4,40042.1,39673.5,39920.5,0
2022-05-18 10:15:00,1652849100,39914.4,39990.2,39827.6,39864.2,0
2022-05-18 11:15:00,1652852700,39860,39967.1,39815.2,39815.2,0
2022-05-18 12:15:00,1652856300,39787,39802.7,39549.6,39600.8,0
2022-05-18 13:15:00,1652859900,39610,39786,39496.2,39551.8,0
2022-05-18 14:15:00,1652863500,39551,39629.9,39461.3,39485.2,0
2022-05-18 15:15:00,1652867100,39490.9,39514.2,39446.9,39513.7,0
2022-05-19 09:15:00,1652931900,38743,38887.1,38594.8,38786.7,0
2022-05-19 10:15:00,1652935500,38786.4,38888.5,38758.8,38821.1,0
2022-05-19 11:15:00,1652939100,38821.4,38846.5,38578.9,38601.5,0
2022-05-19 12:15:00,1652942700,38602.5,38677.9,38495.9,38518.9,0
2022-05-19 13:15:00,1652946300,38514.9,38633.8,38454.5,38469.6,0
2022-05-19 14:15:00,1652949900,38457.8,38548.4,38387.2,38467.5,0
2022-05-19 15:15:00,1652953500,38464.6,38573.8,38463,38552.6,0
2022-05-20 09:15:00,1653018300,39087.7,39473.8,38948.3,39414.2,0
2022-05-20 10:15:00,1653021900,39415.8,39467.3,39341.4,39391,0
2022-05-20 11:15:00,1653025500,39400.3,39494.5,39253.9,39288.1,0
2022-05-20 12:15:00,1653029100,39294.2,39647.6,39243.5,39628.8,0
2022-05-20 13:15:00,1653032700,39625.3,39655.4,39515.3,39596.2,0
2022-05-20 14:15:00,1653036300,39609.9,39729.6,39494.7,39644.6,0
2022-05-20 15:15:00,1653039900,39644.7,39666.9,39543.4,39654.9,0
2022-05-23 09:15:00,1653277500,39681.2,40077.6,39633.9,40063.6,0
2022-05-23 10:15:00,1653281100,40073.4,40094.6,39974.8,40061.8,0
2022-05-23 11:15:00,1653284700,40063.1,40244.4,40063.1,40213.1,0
2022-05-23 12:15:00,1653288300,40212.6,40235,40076.4,40131.7,0
2022-05-23 13:15:00,1653291900,40119.8,40289.3,39799.3,39814.7,0
2022-05-23 14:15:00,1653295500,39800.5,39890,39630.4,39642,0
2022-05-23 15:15:00,1653299100,39646.3,39689.3,39490.6,39546.5,0
2022-05-24 09:15:00,1653363900,39559.8,39943.4,39494.3,39735.5,0
2022-05-24 10:15:00,1653367500,39730.4,39839.6,39654.1,39746.1,0
2022-05-24 11:15:00,1653371100,39731,39982.5,39703.8,39866.1,0
2022-05-24 12:15:00,1653374700,39870.1,40053.6,39745.1,39775.6,0
2022-05-24 13:15:00,1653378300,39773.6,39875.8,39726,39772.3,0
2022-05-24 14:15:00,1653381900,39754.9,39887.1,39593.2,39675,0
2022-05-24 15:15:00,1653385500,39660.6,39735.5,39638,39714.9,0
2022-05-25 09:15:00,1653450300,40026,40159,39840.3,40056.4,0
2022-05-25 10:15:00,1653453900,40068.8,40211.2,40022,40209.6,0
2022-05-25 11:15:00,1653457500,40209.9,40212.1,39946.6,40006.9,0
2022-05-25 12:15:00,1653461100,40007.3,40077.8,39861.9,39918.2,0
2022-05-25 13:15:00,1653464700,39933.3,40014.5,39825.7,40004.2,0
2022-05-25 14:15:00,1653468300,39994.8,40056.9,39791.6,39793.7,0
2022-05-25 15:15:00,1653471900,39795.1,39807.5,39722.4,39754.8,0
2022-05-26 09:15:00,1653536700,40111.2,40216.4,40018.3,40039.1,0
2022-05-26 10:15:00,1653540300,40042.6,40101.4,39890,39944.8,0
2022-05-26 11:15:00,1653543900,39945.1,40006.1,39899.3,39998.3,0
2022-05-26 12:15:00,1653547500,39995.2,40322.4,39897.3,40321.3,0
2022-05-26 13:15:00,1653551100,40323.1,40442,40208.1,40313.9,0
2022-05-26 14:15:00,1653554700,40314.6,40689.8,40310.8,40615.9,0
2022-05-26 15:15:00,1653558300,40625.6,40777.3,40625.6,40730.7,0
2022-05-27 09:15:00,1653623100,40881.1,41129.9,40839.5,41079.3,0
2022-05-27 10:15:00,1653626700,41072.5,41175.5,40957,41065.8,0
2022-05-27 11:15:00,1653630300,41060.2,41093.4,40939.3,40976.9,0
2022-05-27 12:15:00,1653633900,40975.7,41213.3,40962.5,41157.9,0
2022-05-27 13:15:00,1653637500,41162.1,41288.2,41071.5,41228.1,0
2022-05-27 14:15:00,1653641100,41235,41243.5,41142.1,41156.3,0
2022-05-27 15:15:00,1653644700,41158.3,41226.6,41157.6,41191.2,0
2022-05-30 09:15:00,1653882300,41558.2,41681.9,41513.9,41618.3,0
2022-05-30 10:15:00,1653885900,41617.9,41646.6,41554.4,41620.4,0
2022-05-30 11:15:00,1653889500,41625.1,41681.9,41489.6,41520.6,0
2022-05-30 12:15:00,1653893100,41510.9,41510.9,41366.9,41503.4,0
2022-05-30 13:15:00,1653896700,41491.3,41491.3,41307.4,41317.4,0
2022-05-30 14:15:00,1653900300,41314.8,41414.1,41265,41323.1,0
2022-05-30 15:15:00,1653903900,41323.1,41387.5,41323.1,41371.7,0
2022-05-31 09:15:00,1653968700,41088.6,41253,41044.3,41235.3,0
2022-05-31 10:15:00,1653972300,41234.4,41385.2,41188.1,41330.8,0
2022-05-31 11:15:00,1653975900,41334,41361.4,41225,41317.3,0
2022-05-31 12:15:00,1653979500,41317.9,41317.9,41133.1,41165.5,0
2022-05-31 13:15:00,1653983100,41172.2,41346,41155.4,41303.8,0
2022-05-31 14:15:00,1653986700,41298.1,41317.6,40842.5,40845.6,0
2022-05-31 15:15:00,1653990300,40840.9,40862.6,40672.4,40781.3,0
2022-06-01 09:15:00,1654055100,40767.4,41108.5,40728.6,41058.9,0
2022-06-01 10:15:00,1654058700,41070,41213.1,41056.2,41127.4,0
2022-06-01 11:15:00,1654062300,41123.8,41241.4,41079.2,41131.7,0
2022-06-01 12:15:00,1654065900,41133.3,41141,40985,40993.5,0
2022-06-01 13:15:00,1654069500,40990.5,41039,40845.8,40848.8,0
2022-06-01 14:15:00,1654073100,40855.6,41085.3,40681,41078.5,0
2022-06-01 15:15:00,1654076700,41102.9,41210.7,41101.2,41156.3,0
2022-06-02 09:15:00,1654141500,40947,41118.2,40802.8,41038.2,0
2022-06-02 10:15:00,1654145100,41037.8,41064.9,40881.2,40971.5,0
2022-06-02 11:15:00,1654148700,40969.6,41021.1,40920,40958.3,0
2022-06-02 12:15:00,1654152300,40945.9,41075,40895.8,40939.7,0
2022-06-02 13:15:00,1654155900,40940,41111.9,40882.9,41016.9,0
2022-06-02 14:15:00,1654159500,41013.1,41128.1,40942.2,41097.2,0
2022-06-02 15:15:00,1654163100,41097.5,41120.2,41030.7,41056.8,0
2022-06-03 09:15:00,1654227900,41385.9,41469.3,41180.9,41205.1,0
2022-06-03 10:15:00,1654231500,41209,41224.4,41101.4,41164.7,0
2022-06-03 11:15:00,1654235100,41155.6,41200.3,41131.4,41167.4,0
2022-06-03 12:15:00,1654238700,41168.1,41179.9,40979.8,41015.1,0
2022-06-03 13:15:00,1654242300,41014.4,41053.6,40917.4,40983.9,0
2022-06-03 14:15:00,1654245900,40988.9,41017.4,40568.8,40629.6,0
2022-06-03 15:15:00,1654249500,40638.6,40802.1,40626.8,40693.6,0
2022-06-06 09:15:00,1654487100,40500.6,40832.7,40423.2,40606.7,0
2022-06-06 10:15:00,1654490700,40604.7,40749.2,40583.9,40690.9,0
2022-06-06 11:15:00,1654494300,40686.5,40778.1,40543.9,40771.1,0
2022-06-06 12:15:00,1654497900,40772.9,40846.2,40717.8,40775.4,0
2022-06-06 13:15:00,1654501500,40772.8,40848.7,40748.1,40837.5,0
2022-06-06 14:15:00,1654505100,40833,40833,40648.6,40777.8,0
2022-06-06 15:15:00,1654508700,40770.7,40793.8,40701.1,40724.2,0
2022-06-07 09:15:00,1654573500,40496.9,40531.7,40355.7,40493.9,0
2022-06-07 10:15:00,1654577100,40492.7,40537.8,40280.9,40311.3,0
2022-06-07 11:15:00,1654580700,40305.1,40355.9,40261.9,40304.1,0
2022-06-07 12:15:00,1654584300,40303.5,40423.5,40260.6,40307.2,0
2022-06-07 13:15:00,1654587900,40296.9,40337.9,40186.2,40220.5,0
2022-06-07 14:15:00,1654591500,40230.9,40411.4,40204.9,40392.3,0
2022-06-07 15:15:00,1654595100,40395.4,40409.5,40344.8,40368.4,0
2022-06-08 09:15:00,1654659900,40566.9,40597.2,40214,40436.9,0
2022-06-08 10:15:00,1654663500,40435,40892.6,40403.4,40688,0
2022-06-08 11:15:00,1654667100,40690.8,40784.4,40671.3,40740.1,0
2022-06-08 12:15:00,1654670700,40736,40764.8,40506.5,40506.5,0
2022-06-08 13:15:00,1654674300,40498.7,40498.7,40201.9,40244.7,0
2022-06-08 14:15:00,1654677900,40244.3,40357.6,40176.4,40300.3,0
2022-06-08 15:15:00,1654681500,40302.9,40339.3,40229.6,40241.8,0
2022-06-09 09:15:00,1654746300,40090.6,40168.9,39998.4,40019.2,0
2022-06-09 10:15:00,1654749900,40011.1,40237,39976.6,40144.2,0
2022-06-09 11:15:00,1654753500,40143.4,40172.5,40089.6,40162.9,0
2022-06-09 12:15:00,1654757100,40159,40302.3,40091.9,40119.6,0
2022-06-09 13:15:00,1654760700,40117.9,40229.3,40114.5,40206.2,0
2022-06-09 14:15:00,1654764300,40207.2,40483.7,40176.5,40480.8,0
2022-06-09 15:15:00,1654767900,40476.3,40541.6,40469.6,40501.2,0
2022-06-10 09:15:00,1654832700,40158.9,40158.9,39852.6,39924.3,0
2022-06-10 10:15:00,1654836300,39926.4,39980.5,39903.7,39950.3,0
2022-06-10 11:15:00,1654839900,39947.9,39952.1,39820.6,39894,0
2022-06-10 12:15:00,1654843500,39894.3,39895.4,39735.8,39793.8,0
2022-06-10 13:15:00,1654847100,39798.3,39826,39666.7,39687.9,0
2022-06-10 14:15:00,1654850700,39690.8,39798.9,39598.8,39784.5,0
2022-06-10 15:15:00,1654854300,39779.1,39788.9,39687.8,39714.2,0
2022-06-13 09:15:00,1655091900,38787.4,38878.4,38328.8,38358,0
2022-06-13 10:15:00,1655095500,38363.7,38459.4,38293.8,38424.6,0
2022-06-13 11:15:00,1655099100,38426.1,38474.8,38379.4,38433.8,0
2022-06-13 12:15:00,1655102700,38433.2,38491,38317.1,38396.5,0
2022-06-13 13:15:00,1655106300,38395.3,38461.2,38283.6,38312,0
2022-06-13 14:15:00,1655109900,38305,38477.5,38292.3,38477.5,0
2022-06-13 15:15:00,1655113500,38509.4,38555.9,38491.1,38545.8,0
2022-06-14 09:15:00,1655178300,38251.7,38436.8,38191,38400.8,0
2022-06-14 10:15:00,1655181900,38403.2,38722.7,38383.7,38715.7,0
2022-06-14 11:15:00,1655185500,38714.7,38748.5,38615,38663.9,0
2022-06-14 12:15:00,1655189100,38662.9,38662.9,38389,38521.6,0
2022-06-14 13:15:00,1655192700,38522.8,38607,38335.1,38339.9,0
2022-06-14 14:15:00,1655196300,38331.4,38393.7,38261.3,38393.7,0
2022-06-14 15:15:00,1655199900,38397.5,38525.1,38384.7,38437.1,0
2022-06-15 09:15:00,1655264700,38413.9,38629.2,38379,38537.1,0
2022-06-15 10:15:00,1655268300,38534.6,38591,38417.5,38470.8,0
2022-06-15 11:15:00,1655271900,38460.3,38596.9,38456.2,38565.9,0
2022-06-15 12:15:00,1655275500,38562.6,38704,38531.4,38658.1,0
2022-06-15 13:15:00,1655279100,38655.6,38690.1,38559.2,38604.9,0
2022-06-15 14:15:00,1655282700,38597,38607.4,38418.9,38477.4,0
2022-06-15 15:15:00,1655286300,38472.7,38502.4,38451,38468.1,0
2022-06-16 09:15:00,1655351100,38824.4,38950.9,38693.7,38700.6,0
2022-06-16 10:15:00,1655354700,38695.5,38725.5,38517.9,38547.6,0
2022-06-16 11:15:00,1655358300,38543.2,38547.8,38095.9,38155.4,0
2022-06-16 12:15:00,1655361900,38156.4,38292.2,37963.3,37990.2,0
2022-06-16 13:15:00,1655365500,37989.3,38022.6,37664.1,37752.9,0
2022-06-16 14:15:00,1655369100,37758.8,37787.8,37578.1,37618.2,0
2022-06-16 15:15:00,1655372700,37615.6,37625.1,37527.9,37570.7,0
2022-06-17 09:15:00,1655437500,37443,37845.2,37242.7,37570.6,0
2022-06-17 10:15:00,1655441100,37555.8,37731.4,37544.3,37680.9,0
2022-06-17 11:15:00,1655444700,37666.9,37714.3,37467.1,37670.2,0
2022-06-17 12:15:00,1655448300,37671.4,37846.5,37617.8,37632.8,0
2022-06-17 13:15:00,1655451900,37629.4,37813.1,37595.4,37660.8,0
2022-06-17 14:15:00,1655455500,37653.8,37914,37522.2,37684,0
2022-06-17 15:15:00,1655459100,37671.9,37880.1,37613.6,37869.4,0
2022-06-20 09:15:00,1655696700,37795.5,37950.2,37396.7,37720.9,0
2022-06-20 10:15:00,1655700300,37730.6,37800.2,37555.6,37669.7,0
2022-06-20 11:15:00,1655703900,37664.8,37812.4,37620.2,37736.4,0
2022-06-20 12:15:00,1655707500,37734.8,37869.4,37658.1,37672.7,0
2022-06-20 13:15:00,1655711100,37677.5,37763.3,37560.9,37615.9,0
2022-06-20 14:15:00,1655714700,37627.4,37699.5,37381.2,37682.6,0
2022-06-20 15:15:00,1655718300,37683.9,37758.4,37669.2,37696,0
2022-06-21 09:15:00,1655783100,37958.2,38203.6,37794.3,38186.8,0
2022-06-21 10:15:00,1655786700,38193.9,38247,38123.9,38238.1,0
2022-06-21 11:15:00,1655790300,38252.2,38343.2,38169.8,38267.5,0
2022-06-21 12:15:00,1655793900,38266.4,38683.4,38265.1,38676.5,0
2022-06-21 13:15:00,1655797500,38687.2,38695.6,38536.1,38581.5,0
2022-06-21 14:15:00,1655801100,38589.3,38626.6,38206,38206,0
2022-06-21 15:15:00,1655804700,38205.1,38246,38174.7,38218.5,0
2022-06-22 09:15:00,1655869500,37934.4,38117.6,37726.2,37854.3,0
2022-06-22 10:15:00,1655873100,37845,38067,37830.3,37920.4,0
2022-06-22 11:15:00,1655876700,37921,37955.8,37806.7,37879,0
2022-06-22 12:15:00,1655880300,37877.1,37958.9,37821.2,37898,0
2022-06-22 13:15:00,1655883900,37899.9,37964.2,37742.8,37941.4,0
2022-06-22 14:15:00,1655887500,37935.5,38006.9,37826.7,37872.8,0
2022-06-22 15:15:00,1655891100,37869.8,37882.7,37786.5,37809.1,0
2022-06-23 09:15:00,1655955900,37957.1,38504.8,37830.9,38500.8,0
2022-06-23 10:15:00,1655959500,38490.1,38509.9,38398.6,38444.5,0
2022-06-23 11:15:00,1655963100,38439.6,38485.5,38127.3,38187.7,0
2022-06-23 12:15:00,1655966700,38191.3,38191.3,37623.7,37685.3,0
2022-06-23 13:15:00,1655970300,37685.8,38313.1,37645.2,38024.3,0
2022-06-23 14:15:00,1655973900,38020,38347.4,37968,38169.2,0
2022-06-23 15:15:00,1655977500,38180.6,38232.8,38134,38226.4,0
2022-06-24 09:15:00,1656042300,38526.2,38812.3,38499.2,38673.9,0
2022-06-24 10:15:00,1656045900,38667.7,38729.6,38587.7,38688,0
2022-06-24 11:15:00,1656049500,38685.8,38729.1,38543,38555.2,0
2022-06-24 12:15:00,1656053100,38542.3,38781.9,38523.4,38755.8,0
2022-06-24 13:15:00,1656056700,38764.8,38822.5,38607.5,38789.5,0
2022-06-24 14:15:00,1656060300,38789,38797.6,38661.3,38713.8,0
2022-06-24 15:15:00,1656063900,38715.1,38745.4,38680.7,38722.4,0
2022-06-27 09:15:00,1656301500,39264.1,39307.9,38983.2,38999,0
2022-06-27 10:15:00,1656305100,38990.6,39061.9,38953.4,39024.4,0
2022-06-27 11:15:00,1656308700,39018.5,39040,38850.1,38881.7,0
2022-06-27 12:15:00,1656312300,38879.9,39067.5,38873.9,39001.6,0
2022-06-27 13:15:00,1656315900,38993.2,39036.1,38885.1,38899.4,0
2022-06-27 14:15:00,1656319500,38896.3,38942.1,38796.9,38891.8,0
2022-06-27 15:15:00,1656323100,38895.6,38955.9,38870.6,38903.1,0
2022-06-28 09:15:00,1656387900,38561.4,38765.4,38546.1,38569.2,0
2022-06-28 10:15:00,1656391500,38569,38638.8,38549.5,38602.3,0
2022-06-28 11:15:00,1656395100,38596.6,38741.6,38587.6,38696.2,0
2022-06-28 12:15:00,1656398700,38696.4,38816.4,38569.6,38582.2,0
2022-06-28 13:15:00,1656402300,38583.6,38742.7,38577.1,38649.2,0
2022-06-28 14:15:00,1656405900,38652.1,38776.9,38645.3,38678,0
2022-06-28 15:15:00,1656409500,38680.8,38776.8,38665.1,38776.8,0
2022-06-29 09:15:00,1656474300,38208.8,38346.5,38180.4,38267.6,0
2022-06-29 10:15:00,1656477900,38267.6,38353,38237.6,38274.6,0
2022-06-29 11:15:00,1656481500,38273.8,38390.2,38267,38351.9,0
2022-06-29 12:15:00,1656485100,38346.6,38444.8,38304,38389,0
2022-06-29 13:15:00,1656488700,38386.8,38420.6,38330,38355.2,0
2022-06-29 14:15:00,1656492300,38359.4,38406,38188.9,38212.6,0
2022-06-29 15:15:00,1656495900,38210.6,38249.5,38187.7,38218.9,0
2022-06-30 09:15:00,1656560700,38072.3,38720.2,38068.9,38481.3,0
2022-06-30 10:15:00,1656564300,38485.8,38600.8,38370.3,38420.4,0
2022-06-30 11:15:00,1656567900,38423.4,38575.8,38413.3,38444.9,0
2022-06-30 12:15:00,1656571500,38450.2,38624.2,38381.5,38538.9,0
2022-06-30 13:15:00,1656575100,38533,38614.6,38472.1,38609.7,0
2022-06-30 14:15:00,1656578700,38612.9,38621.7,38465.1,38482.4,0
2022-06-30 15:15:00,1656582300,38488.9,38506.2,38377.1,38406.7,0
2022-07-01 09:15:00,1656647100,38332.6,38332.6,38096.5,38156.9,0
2022-07-01 10:15:00,1656650700,38156.4,38342.9,38136.9,38306.5,0
2022-07-01 11:15:00,1656654300,38317.1,38385.1,38263.7,38337,0
2022-07-01 12:15:00,1656657900,38347.8,38503,38308.6,38458.6,0
2022-07-01 13:15:00,1656661500,38461.6,38547.6,38412.3,38466.8,0
2022-07-01 14:15:00,1656665100,38463.6,38621.4,38433.3,38606.2,0
2022-07-01 15:15:00,1656668700,38602.1,38757.5,38594.3,38686.1,0
2022-07-04 09:15:00,1656906300,38632.9,38873.9,38566.2,38709.2,0
2022-07-04 10:15:00,1656909900,38705.1,38850.9,38657.4,38788.7,0
2022-07-04 11:15:00,1656913500,38794.4,38875.9,38786.7,38846.6,0
2022-07-04 12:15:00,1656917100,38846.6,38877.2,38746.2,38807.3,0
2022-07-04 13:15:00,1656920700,38808.1,38857.1,38713.4,38831.3,0
2022-07-04 14:15:00,1656924300,38832.9,39089.1,38800.1,39074.2,0
2022-07-04 15:15:00,1656927900,39071.7,39077.3,39024.8,39062.4,0
2022-07-05 09:15:00,1656992700,39257.2,39447.8,39194.1,39404.4,0
2022-07-05 10:15:00,1656996300,39410.5,39474.6,39385.3,39405.2,0
2022-07-05 11:15:00,1656999900,39401,39496.9,39377,39491.3,0
2022-07-05 12:15:00,1657003500,39495.9,39520.4,39403,39445.9,0
2022-07-05 13:15:00,1657007100,39446.2,39475.6,39173.4,39190.1,0
2022-07-05 14:15:00,1657010700,39193.4,39229.6,38852.9,38901.8,0
2022-07-05 15:15:00,1657014300,38902.6,38943.4,38845.2,38853.9,0
2022-07-06 09:15:00,1657079100,38988.1,39313,38988.1,39245.8,0
2022-07-06 10:15:00,1657082700,39245.9,39427.6,39204.6,39351.1,0
2022-07-06 11:15:00,1657086300,39354.9,39393.7,39223.9,39360.9,0
2022-07-06 12:15:00,1657089900,39364.2,39594,39352.7,39587.1,0
2022-07-06 13:15:00,1657093500,39596.6,39596.9,39377.7,39398.2,0
2022-07-06 14:15:00,1657097100,39385,39530.7,39318.4,39514.4,0
2022-07-06 15:15:00,1657100700,39514.4,39575.5,39514.4,39564.9,0
2022-07-07 09:15:00,1657165500,39927.5,39960.9,39783.1,39859.8,0
2022-07-07 10:15:00,1657169100,39861.8,39948.4,39841.5,39886.3,0
2022-07-07 11:15:00,1657172700,39882.3,39973.4,39852.8,39924.8,0
2022-07-07 12:15:00,1657176300,39926.2,40046.3,39909,40015.5,0
2022-07-07 13:15:00,1657179900,40016.9,40190.2,39895.7,39895.7,0
2022-07-07 14:15:00,1657183500,39884.4,40209.5,39859.6,40147.4,0
2022-07-07 15:15:00,1657187100,40142.4,40226.6,40142.4,40186.3,0
2022-07-08 09:15:00,1657251900,40458.7,40545.4,40356.3,40388.6,0
2022-07-08 10:15:00,1657255500,40397.9,40508.9,40383.1,40428.6,0
2022-07-08 11:15:00,1657259100,40433.1,40442.9,40325.4,40366.2,0
2022-07-08 12:15:00,1657262700,40365.8,40436.2,40346.3,40404.2,0
2022-07-08 13:15:00,1657266300,40408.2,40471.1,40332.8,40376.3,0
2022-07-08 14:15:00,1657269900,40380.4,40493.9,40274.9,40484.8,0
2022-07-08 15:15:00,1657273500,40480.9,40482.8,40409.6,40455.5,0
2022-07-11 09:15:00,1657511100,40275.8,40685.8,40265.2,40655.1,0
2022-07-11 10:15:00,1657514700,40650.9,40703.4,40611.1,40635.8,0
2022-07-11 11:15:00,1657518300,40635.4,40640.4,40522.4,40599.3,0
2022-07-11 12:15:00,1657521900,40600.1,40665,40536.1,40649.7,0
2022-07-11 13:15:00,1657525500,40648.6,40784.5,40586.3,40758.5,0
2022-07-11 14:15:00,1657529100,40762.9,40892.1,40756.5,40817.1,0
2022-07-11 15:15:00,1657532700,40802,40827.7,40727.4,40776.9,0
2022-07-12 09:15:00,1657597500,40639,40773.4,40540.2,40652.4,0
2022-07-12 10:15:00,1657601100,40649.8,40721.6,40646,40658.5,0
2022-07-12 11:15:00,1657604700,40654.8,40659.9,40526.4,40592.4,0
2022-07-12 12:15:00,1657608300,40598.6,40646.9,40521.3,40599.2,0
2022-07-12 13:15:00,1657611900,40597.5,40702.7,40572.2,40702.7,0
2022-07-12 14:15:00,1657615500,40712.3,40737.7,40415,40415.1,0
2022-07-12 15:15:00,1657619100,40412.8,40425.4,40326.5,40332.6,0
2022-07-13 09:15:00,1657683900,40666.5,40666.5,40290.8,40622.5,0
2022-07-13 10:15:00,1657687500,40613.5,40617.8,40372.1,40426.5,0
2022-07-13 11:15:00,1657691100,40427.1,40488.7,40355.9,40418,0
2022-07-13 12:15:00,1657694700,40420.6,40482.3,40206.9,40236.6,0
2022-07-13 13:15:00,1657698300,40229,40264.3,40100.4,40169.1,0
2022-07-13 14:15:00,1657701900,40177,40242.5,40110.4,40159.6,0
2022-07-13 15:15:00,1657705500,40174.7,40229.3,40163.3,40163.3,0
2022-07-14 09:15:00,1657770300,40185.6,40407.3,40097.9,40343.3,0
2022-07-14 10:15:00,1657773900,40346.5,40353,40207.8,40242.2,0
2022-07-14 11:15:00,1657777500,40229.3,40229.3,40038.3,40094.7,0
2022-07-14 12:15:00,1657781100,40094.2,40154.3,40040.2,40075.8,0
2022-07-14 13:15:00,1657784700,40066.5,40091.3,39931.6,39931.6,0
2022-07-14 14:15:00,1657788300,39932.3,40050.3,39912.8,40023.9,0
2022-07-14 15:15:00,1657791900,40019.8,40033.4,40002.3,40025.3,0
2022-07-15 09:15:00,1657856700,40045.1,40317,39911.3,39997,0
2022-07-15 10:15:00,1657860300,39998.7,40007.2,39822.6,39848.2,0
2022-07-15 11:15:00,1657863900,39853.9,39982.4,39842.8,39859.3,0
2022-07-15 12:15:00,1657867500,39863.8,39982.4,39799.3,39960.4,0
2022-07-15 13:15:00,1657871100,39961.7,39995.2,39867,39975.1,0
2022-07-15 14:15:00,1657874700,39973.6,40083.4,39962.7,40060.9,0
2022-07-15 15:15:00,1657878300,40069,40102.5,40023.1,40078.7,0
2022-07-18 09:15:00,1658115900,40222.7,40387.2,40213,40309.9,0
2022-07-18 10:15:00,1658119500,40311.2,40422.6,40234.1,40409.8,0
2022-07-18 11:15:00,1658123100,40410.2,40519.9,40396.9,40509.1,0
2022-07-18 12:15:00,1658126700,40509.6,40625.9,40506,40594.3,0
2022-07-18 13:15:00,1658130300,40597.9,40719.3,40571.8,40707.8,0
2022-07-18 14:15:00,1658133900,40707.6,40940.7,40707.6,40867.5,0
2022-07-18 15:15:00,1658137500,40872.4,40926.2,40851.5,40884.2,0
2022-07-19 09:15:00,1658202300,40619.3,41017.9,40597.7,40984.6,0
2022-07-19 10:15:00,1658205900,40986.6,41219.2,40941.9,41216,0
2022-07-19 11:15:00,1658209500,41214.1,41214.1,40975,41175.7,0
2022-07-19 12:15:00,1658213100,41183.6,41230.1,41022.8,41031.7,0
2022-07-19 13:15:00,1658216700,41029.4,41203.3,40995.4,41158.4,0
2022-07-19 14:15:00,1658220300,41140.4,41345.1,41066,41305.3,0
2022-07-19 15:15:00,1658223900,41311.6,41320.9,41249.4,41266.1,0
2022-07-20 09:15:00,1658288700,41675.5,41791.2,41528.6,41708.4,0
2022-07-20 10:15:00,1658292300,41705.4,41816.6,41645.4,41788.4,0
2022-07-20 11:15:00,1658295900,41793.2,41802.9,41672.6,41740.3,0
2022-07-20 12:15:00,1658299500,41738.9,41799.4,41652.1,41652.1,0
2022-07-20 13:15:00,1658303100,41642.4,41784.6,41598.7,41692.9,0
2022-07-20 14:15:00,1658306700,41693.7,41703.5,41565.4,41565.4,0
2022-07-20 15:15:00,1658310300,41566.4,41597.8,41472.8,41474.8,0
2022-07-21 09:15:00,1658375100,41583,41738.9,41468.2,41733.8,0
2022-07-21 10:15:00,1658378700,41734.9,41739.5,41635.6,41725.4,0
2022-07-21 11:15:00,1658382300,41721.6,41924.6,41718.5,41874.9,0
2022-07-21 12:15:00,1658385900,41860.1,41914,41743.8,41768.7,0
2022-07-21 13:15:00,1658389500,41764.1,41799.6,41619.5,41715.8,0
2022-07-21 14:15:00,1658393100,41716,41814.4,41665.6,41763.2,0
2022-07-21 15:15:00,1658396700,41767.8,41846.4,41762.1,41820.1,0
2022-07-22 09:15:00,1658461500,41842.3,42174.3,41842.3,42088,0
2022-07-22 10:15:00,1658465100,42086.7,42183,42086.7,42140.9,0
2022-07-22 11:15:00,1658468700,42138.8,42346.8,42096.7,42341.5,0
2022-07-22 12:15:00,1658472300,42331.7,42464.7,42298,42368.1,0
2022-07-22 13:15:00,1658475900,42356.5,42485.2,42279,42420.6,0
2022-07-22 14:15:00,1658479500,42421.1,42501.6,42393.4,42460.2,0
2022-07-22 15:15:00,1658483100,42454.9,42454.9,42331.7,42391.2,0
2022-07-25 09:15:00,1658720700,42420,42739.6,42228.9,42324.5,0
2022-07-25 10:15:00,1658724300,42322.2,42325.7,42077.6,42079.9,0
2022-07-25 11:15:00,1658727900,42074.9,42183.9,42049.6,42122.7,0
2022-07-25 12:15:00,1658731500,42118.4,42267.8,42106.9,42267.8,0
2022-07-25 13:15:00,1658735100,42250.3,42398,42138.8,42398,0
2022-07-25 14:15:00,1658738700,42396.5,42522.6,42315.6,42316.5,0
2022-07-25 15:15:00,1658742300,42312.3,42350.5,42268,42268,0
2022-07-26 09:15:00,1658807100,42343.7,42343.7,41926,41957.5,0
2022-07-26 10:15:00,1658810700,41941.6,42021.4,41850.4,41869.2,0
2022-07-26 11:15:00,1658814300,41880.8,42102.8,41871.9,42036.6,0
2022-07-26 12:15:00,1658817900,42054.8,42102.9,42003.4,42051.4,0
2022-07-26 13:15:00,1658821500,42051.4,42109.8,41915.3,42010.5,0
2022-07-26 14:15:00,1658825100,42000.5,42041.3,41882.2,41882.2,0
2022-07-26 15:15:00,1658828700,41881.2,41889.8,41812.6,41831.1,0
2022-07-27 09:15:00,1658893500,41824,42001.5,41709.1,42001.5,0
2022-07-27 10:15:00,1658897100,42006.6,42129,41949.6,42059.5,0
2022-07-27 11:15:00,1658900700,42068.1,42163.3,42055.6,42124.9,0
2022-07-27 12:15:00,1658904300,42124.3,42280.8,42058.5,42242.1,0
2022-07-27 13:15:00,1658907900,42243.5,42294,42174.8,42202.5,0
2022-07-27 14:15:00,1658911500,42197.6,42352.4,42189.4,42324.3,0
2022-07-27 15:15:00,1658915100,42323.8,42362.3,42307.9,42307.9,0
2022-07-28 09:15:00,1658979900,42715.6,42881.6,42621.5,42871.8,0
2022-07-28 10:15:00,1658983500,42864.8,42946.6,42853.5,42938.8,0
2022-07-28 11:15:00,1658987100,42939.7,42962.7,42863.8,42949.6,0
2022-07-28 12:15:00,1658990700,42960.8,42995.6,42895.8,42971.8,0
2022-07-28 13:15:00,1658994300,42972.9,43072.5,42957.1,43067.1,0
2022-07-28 14:15:00,1658997900,43085.9,43098.7,42952.3,43060.1,0
2022-07-28 15:15:00,1659001500,43066.3,43087.2,43019.4,43019.4,0
2022-07-29 09:15:00,1659066300,43340.8,43484.4,43172.4,43172.4,0
2022-07-29 10:15:00,1659069900,43163.4,43205.1,42889.9,43141.4,0
2022-07-29 11:15:00,1659073500,43141.6,43213.5,43047,43193,0
2022-07-29 12:15:00,1659077100,43180.4,43222.2,43120.6,43157.1,0
2022-07-29 13:15:00,1659080700,43164.7,43188.9,42982.9,43035.5,0
2022-07-29 14:15:00,1659084300,43023.9,43148.4,42974.3,43144.8,0
2022-07-29 15:15:00,1659087900,43149.2,43171.4,43119.6,43149.8,0
2022-08-01 09:15:00,1659325500,43164.7,43311.6,43042,43265.5,0
2022-08-01 10:15:00,1659329100,43265.8,43404.9,43235,43351.3,0
2022-08-01 11:15:00,1659332700,43347.1,43418.6,43318.9,43373,0
2022-08-01 12:15:00,1659336300,43364.8,43486.1,43364.5,43450.9,0
2022-08-01 13:15:00,1659339900,43454.8,43545.2,43411.2,43521.8,0
2022-08-01 14:15:00,1659343500,43523.5,43617.4,43497.7,43567.8,0
2022-08-01 15:15:00,1659347100,43560.8,43572.9,43534.9,43540.9,0
2022-08-02 09:15:00,1659411900,43460.4,43542.6,43254.3,43275,0
2022-08-02 10:15:00,1659415500,43283.3,43507.8,43281.3,43479.8,0
2022-08-02 11:15:00,1659419100,43487.7,43736.4,43448.8,43688.2,0
2022-08-02 12:15:00,1659422700,43689.6,43721.7,43483.5,43595.8,0
2022-08-02 13:15:00,1659426300,43592.5,43821.7,43592.5,43763.8,0
2022-08-02 14:15:00,1659429900,43753.4,43926.5,43726.7,43790.9,0
2022-08-02 15:15:00,1659433500,43786,43786.7,43543.4,43560.4,0
2022-08-03 09:15:00,1659498300,43670.2,43772.2,43482.1,43552.8,0
2022-08-03 10:15:00,1659501900,43541.6,43549.5,43403,43426.7,0
2022-08-03 11:15:00,1659505500,43429,43506.4,43359.8,43429,0
2022-08-03 12:15:00,1659509100,43423.1,43620.7,43380.8,43578.2,0
2022-08-03 13:15:00,1659512700,43577.9,43602.6,43391,43542.3,0
2022-08-03 14:15:00,1659516300,43545.6,43707.4,43444.8,43700.4,0
2022-08-03 15:15:00,1659519900,43705.4,43712.6,43635.3,43685.6,0
2022-08-04 09:15:00,1659584700,43712.6,43924.8,43690.2,43725,0
2022-08-04 10:15:00,1659588300,43722.9,43748.5,43506.9,43508.1,0
2022-08-04 11:15:00,1659591900,43512.8,43512.8,42794.5,43239.5,0
2022-08-04 12:15:00,1659595500,43239.1,43386.9,43143.6,43240.2,0
2022-08-04 13:15:00,1659599100,43253.8,43322.4,43113.8,43144,0
2022-08-04 14:15:00,1659602700,43149.6,43450.2,43139.6,43353.9,0
2022-08-04 15:15:00,1659606300,43356.2,43357.6,43259.1,43305.5,0
2022-08-05 09:15:00,1659671100,43413.3,43722.4,43408.9,43642.8,0
2022-08-05 10:15:00,1659674700,43648.7,43819.8,43539.8,43796.7,0
2022-08-05 11:15:00,1659678300,43799.7,43799.7,43666.3,43757.6,0
2022-08-05 12:15:00,1659681900,43758,43770.1,43520.8,43606.6,0
2022-08-05 13:15:00,1659685500,43602.2,43684.2,43522.7,43522.7,0
2022-08-05 14:15:00,1659689100,43502.2,43638.2,43458.2,43544.7,0
2022-08-05 15:15:00,1659692700,43540.6,43583.9,43507.2,43523.5,0
2022-08-08 09:15:00,1659930300,43552.9,43568.2,43246.8,43529.5,0
2022-08-08 10:15:00,1659933900,43539.3,43743.4,43539.3,43676,0
2022-08-08 11:15:00,1659937500,43672.8,43774.2,43622.1,43774.2,0
2022-08-08 12:15:00,1659941100,43780.5,43875.3,43763.4,43840.7,0
2022-08-08 13:15:00,1659944700,43850.8,43917.2,43796.4,43853.6,0
2022-08-08 14:15:00,1659948300,43852.8,43938.8,43768.5,43854.4,0
2022-08-08 15:15:00,1659951900,43856.4,43890.4,43812.8,43860.3,0
2022-08-10 09:15:00,1660103100,43957.5,44044.3,43777.2,43978.2,0
2022-08-10 10:15:00,1660106700,43979.4,44027.1,43920.4,43954.9,0
2022-08-10 11:15:00,1660110300,43954.6,43954.7,43879.1,43927.3,0
2022-08-10 12:15:00,1660113900,43928,43976.5,43893.7,43902.5,0
2022-08-10 13:15:00,1660117500,43908.5,43931,43787.8,43910.4,0
2022-08-10 14:15:00,1660121100,43925,43946.6,43829.2,43875,0
2022-08-10 15:15:00,1660124700,43865.8,43872.3,43831.5,43856,0
2022-08-11 09:15:00,1660189500,44214.5,44522.8,44214.5,44468.8,0
2022-08-11 10:15:00,1660193100,44473.4,44561.1,44473.4,44527,0
2022-08-11 11:15:00,1660196700,44526,44534.5,44442.7,44476.9,0
2022-08-11 12:15:00,1660200300,44495.4,44585.6,44492.1,44569.2,0
2022-08-11 13:15:00,1660203900,44562.3,44575.4,44478.5,44528.3,0
2022-08-11 14:15:00,1660207500,44528.6,44624.3,44506,44532.6,0
2022-08-11 15:15:00,1660211100,44527,44569.8,44518.9,44530.4,0
2022-08-12 09:15:00,1660275900,44552.2,44683.4,44418.5,44541.9,0
2022-08-12 10:15:00,1660279500,44538.5,44614.3,44468.3,44604.6,0
2022-08-12 11:15:00,1660283100,44605.6,44716.9,44575.1,44697.8,0
2022-08-12 12:15:00,1660286700,44701.1,44770.3,44676.9,44721.5,0
2022-08-12 13:15:00,1660290300,44717.1,44766.3,44676.8,44749.8,0
2022-08-12 14:15:00,1660293900,44742.4,44753.6,44658.9,44744.6,0
2022-08-12 15:15:00,1660297500,44742.6,44809.2,44737.6,44775.5,0
2022-08-16 09:15:00,1660621500,44894.9,45205.8,44894.9,45059.4,0
2022-08-16 10:15:00,1660625100,45057.4,45128.8,45057.4,45090,0
2022-08-16 11:15:00,1660628700,45083.1,45091.9,44916.7,44945.2,0
2022-08-16 12:15:00,1660632300,44944.4,45006.6,44862.1,44865.2,0
2022-08-16 13:15:00,1660635900,44848,44917.5,44812.8,44898,0
2022-08-16 14:15:00,1660639500,44898.6,45003.4,44873.7,44976,0
2022-08-16 15:15:00,1660643100,44975.8,44982.9,44935.5,44957.6,0
2022-08-17 09:15:00,1660707900,45084.2,45103.4,44914.3,45040.4,0
2022-08-17 10:15:00,1660711500,45054.8,45072.4,44975.8,45059.7,0
2022-08-17 11:15:00,1660715100,45059.4,45089.1,44980.1,45043.6,0
2022-08-17 12:15:00,1660718700,45039.7,45110.6,45014.9,45094.6,0
2022-08-17 13:15:00,1660722300,45099,45111.2,45012.3,45054.1,0
2022-08-17 14:15:00,1660725900,45054.8,45213.3,45025.2,45155.4,0
2022-08-17 15:15:00,1660729500,45132.6,45176.5,45108.8,45109.3,0
2022-08-18 09:15:00,1660794300,45002.6,45406.3,44994.1,45368.7,0
2022-08-18 10:15:00,1660797900,45361.6,45385.5,45254.7,45289.2,0
2022-08-18 11:15:00,1660801500,45285.3,45289.2,45034.8,45130.1,0
2022-08-18 12:15:00,1660805100,45133.1,45236.9,45109.3,45222.6,0
2022-08-18 13:15:00,1660808700,45224.3,45295,45166.7,45295,0
2022-08-18 14:15:00,1660812300,45301.9,45500.4,45296.3,45468.4,0
2022-08-18 15:15:00,1660815900,45465.5,45517.2,45446.2,45501.9,0
2022-08-19 09:15:00,1660880700,45597.7,45607.1,45346.1,45453.9,0
2022-08-19 10:15:00,1660884300,45447.3,45453.6,45003.8,45057.6,0
2022-08-19 11:15:00,1660887900,45042.6,45105.1,44783.6,44841.8,0
2022-08-19 12:15:00,1660891500,44831.7,44906.5,44554.8,44874.2,0
2022-08-19 13:15:00,1660895100,44891,44943,44593.8,44748.9,0
2022-08-19 14:15:00,1660898700,44759.4,44848.5,44701.1,44760.4,0
2022-08-19 15:15:00,1660902300,44760.1,44785.6,44614.1,44638.8,0
2022-08-22 09:15:00,1661139900,44251.1,44335.2,43960,43972.6,0
2022-08-22 10:15:00,1661143500,43963.6,44019.1,43896.2,43929.4,0
2022-08-22 11:15:00,1661147100,43926.2,44023.7,43891.9,43987.9,0
2022-08-22 12:15:00,1661150700,43991.1,44083.2,43900.9,43911.9,0
2022-08-22 13:15:00,1661154300,43909,43957,43833,43910.3,0
2022-08-22 14:15:00,1661157900,43917.8,43979.4,43830.7,43923.1,0
2022-08-22 15:15:00,1661161500,43937.2,43967.4,43893.4,43941.1,0
2022-08-23 09:15:00,1661226300,43437.5,44229.4,43402.1,44093.8,0
2022-08-23 10:15:00,1661229900,44077.9,44156.6,43788.8,43818.9,0
2022-08-23 11:15:00,1661233500,43812.1,44034.3,43808.6,43879.4,0
2022-08-23 12:15:00,1661237100,43880,44101.7,43817,44101.7,0
2022-08-23 13:15:00,1661240700,44093.1,44274.5,44091.7,44213.2,0
2022-08-23 14:15:00,1661244300,44208.2,44326.6,44158.4,44313,0
2022-08-23 15:15:00,1661247900,44314.9,44571.8,44312.9,44566.5,0
2022-08-24 09:15:00,1661312700,44221.3,44496.6,44199.2,44456.2,0
2022-08-24 10:15:00,1661316300,44453.2,44590.1,44419.8,44565.4,0
2022-08-24 11:15:00,1661319900,44574.4,44616.7,44382.7,44426.1,0
2022-08-24 12:15:00,1661323500,44425.5,44485.8,44296.2,44339.5,0
2022-08-24 13:15:00,1661327100,44338.9,44494.2,44249.9,44453,0
2022-08-24 14:15:00,1661330700,44450.8,44726.9,44438.3,44718.9,0
2022-08-24 15:15:00,1661334300,44713.4,44776.6,44683.1,44745.3,0
2022-08-25 09:15:00,1661399100,44832,45093.6,44822.5,45022,0
2022-08-25 10:15:00,1661402700,45026,45074.2,44968,45022.1,0
2022-08-25 11:15:00,1661406300,45020.4,45124.1,44879.6,45103.8,0
2022-08-25 12:15:00,1661409900,45091.1,45177.2,45060.7,45120.6,0
2022-08-25 13:15:00,1661413500,45119.6,45142.4,45032.3,45075.9,0
2022-08-25 14:15:00,1661417100,45077.2,45089.2,44533.5,44554.6,0
2022-08-25 15:15:00,1661420700,44550.2,44550.2,44413.2,44435.9,0
2022-08-26 09:15:00,1661485500,44713.4,45049.2,44713.4,44915.7,0
2022-08-26 10:15:00,1661489100,44906.2,44931.9,44595.3,44627,0
2022-08-26 11:15:00,1661492700,44606.3,44942.1,44605.2,44906.2,0
2022-08-26 12:15:00,1661496300,44906.8,44966.8,44726.5,44787.7,0
2022-08-26 13:15:00,1661499900,44794.2,44874.9,44729.2,44777.2,0
2022-08-26 14:15:00,1661503500,44780.5,44840.5,44525.7,44626.6,0
2022-08-26 15:15:00,1661507100,44708.7,44887.7,44700,44734.4,0
2022-08-29 09:15:00,1661744700,43544.5,44012.9,43510.4,43947.8,0
2022-08-29 10:15:00,1661748300,43943.9,43969.8,43727.4,43729.9,0
2022-08-29 11:15:00,1661751900,43726.8,43884.3,43726.8,43831.9,0
2022-08-29 12:15:00,1661755500,43834.5,43957,43779.6,43822.1,0
2022-08-29 13:15:00,1661759100,43822.9,43922.2,43815.7,43900.2,0
2022-08-29 14:15:00,1661762700,43895.2,43918.8,43763.9,43808,0
2022-08-29 15:15:00,1661766300,43798.1,43907,43797.7,43901.8,0
2022-08-30 09:15:00,1661831100,44080.7,44413.9,44080.7,44383.2,0
2022-08-30 10:15:00,1661834700,44393.1,44568,44344.4,44559.8,0
2022-08-30 11:15:00,1661838300,44566.3,44614.2,44486,44605.8,0
2022-08-30 12:15:00,1661841900,44606.3,44888.3,44590.1,44830.7,0
2022-08-30 13:15:00,1661845500,44833.1,45033.5,44816.3,44947.5,0
2022-08-30 14:15:00,1661849100,44950.8,45374.7,44947.4,45276.7,0
2022-08-30 15:15:00,1661852700,45283.5,45355,45257.7,45267.9,0
2022-09-01 09:15:00,1662003900,44486.8,45397,44446.1,45336,0
2022-09-01 10:15:00,1662007500,45349.5,45420,45192.3,45326.3,0
2022-09-01 11:15:00,1662011100,45327.1,45420.7,45064.9,45249.4,0
2022-09-01 12:15:00,1662014700,45244.7,45244.7,44979.6,45011.5,0
2022-09-01 13:15:00,1662018300,45014.7,45150.2,44653.4,44837.9,0
2022-09-01 14:15:00,1662021900,44828.4,45104.9,44745.3,45063.9,0
2022-09-01 15:15:00,1662025500,45064.4,45078.2,44994.6,45061.4,0
2022-09-02 09:15:00,1662090300,45133.9,45365.2,44923.1,45000.4,0
2022-09-02 10:15:00,1662093900,44989.5,45137.2,44962.8,45071.8,0
2022-09-02 11:15:00,1662097500,45069.2,45122.4,44948.1,45098.9,0
2022-09-02 12:15:00,1662101100,45098.9,45233.1,45098.9,45230.3,0
2022-09-02 13:15:00,1662104700,45249.1,45337.4,45156.9,45317.3,0
2022-09-02 14:15:00,1662108300,45323.9,45353.1,45071.5,45249.3,0
2022-09-02 15:15:00,1662111900,45233,45291.6,45141.5,45176.1,0
2022-09-05 09:15:00,1662349500,45124,45636.3,45124,45600.6,0
2022-09-05 10:15:00,1662353100,45600.3,45652.9,45517.6,45583.9,0
2022-09-05 11:15:00,1662356700,45568.2,45640.9,45492.7,45628.6,0
2022-09-05 12:15:00,1662360300,45632.8,45706.9,45600.4,45600.4,0
2022-09-05 13:15:00,1662363900,45605,45656.3,45533.8,45631.4,0
2022-09-05 14:15:00,1662367500,45625.7,45660,45558.6,45611.1,0
2022-09-05 15:15:00,1662371100,45614.9,45618.9,45544.2,45564.9,0
2022-09-06 09:15:00,1662435900,45606.6,45896.6,45510.9,45523.2,0
2022-09-06 10:15:00,1662439500,45508.5,45584.5,45312.7,45584.5,0
2022-09-06 11:15:00,1662443100,45576.9,45762.3,45531.9,45701.6,0
2022-09-06 12:15:00,1662446700,45697.6,45796.8,45620.6,45657.1,0
2022-09-06 13:15:00,1662450300,45654.3,45705.5,45531.7,45605,0
2022-09-06 14:15:00,1662453900,45618.8,45630.1,45365.9,45407.2,0
2022-09-06 15:15:00,1662457500,45408.4,45439.4,45360.5,45423.8,0
2022-09-07 09:15:00,1662522300,45043.8,45199.2,44938.2,45141.7,0
2022-09-07 10:15:00,1662525900,45145.2,45173.4,45007.9,45021.6,0
2022-09-07 11:15:00,1662529500,45023.1,45253.3,44996.9,45231.1,0
2022-09-07 12:15:00,1662533100,45220.8,45292.7,45168.1,45223.1,0
2022-09-07 13:15:00,1662536700,45221.7,45312.8,45195.3,45237.3,0
2022-09-07 14:15:00,1662540300,45214,45275.1,45098.4,45169.7,0
2022-09-07 15:15:00,1662543900,45160.4,45230.6,45147.6,45172.8,0
2022-09-08 09:15:00,1662608700,45377.7,45736.5,45377.7,45708,0
2022-09-08 10:15:00,1662612300,45712.6,45767.2,45636.2,45691.6,0
2022-09-08 11:15:00,1662615900,45696.7,45850.5,45649.6,45830.9,0
2022-09-08 12:15:00,1662619500,45827.8,45928,45735.8,45818.5,0
2022-09-08 13:15:00,1662623100,45823.6,45976,45819.9,45933.4,0
2022-09-08 14:15:00,1662626700,45940.4,46121.6,45938.1,46027,0
2022-09-08 15:15:00,1662630300,46032.2,46097.2,46029.7,46093.3,0
2022-09-09 09:15:00,1662695100,46342.5,46496.9,46317.5,46448.5,0
2022-09-09 10:15:00,1662698700,46430.2,46584.6,46422.5,46444.8,0
2022-09-09 11:15:00,1662702300,46442.4,46494.9,46338.7,46345.1,0
2022-09-09 12:15:00,1662705900,46339.1,46387.2,46219.4,46235.2,0
2022-09-09 13:15:00,1662709500,46226.9,46321.9,46123.8,46264.3,0
2022-09-09 14:15:00,1662713100,46266.3,46351.4,46208.7,46314.2,0
2022-09-09 15:15:00,1662716700,46318.6,46326.9,46205.1,46247.1,0
2022-09-12 09:15:00,1662954300,46313,46560.5,46242.4,46560.5,0
2022-09-12 10:15:00,1662957900,46559.4,46575.2,46451.1,46464.2,0
2022-09-12 11:15:00,1662961500,46466.5,46606.2,46466.5,46568.1,0
2022-09-12 12:15:00,1662965100,46555.8,46633.1,46506.8,46540.1,0
2022-09-12 13:15:00,1662968700,46535.2,46577.7,46470.4,46551.9,0
2022-09-12 14:15:00,1662972300,46557.8,46575,46443.7,46468.8,0
2022-09-12 15:15:00,1662975900,46473.7,46486.1,46442.4,46454.6,0
2022-09-13 09:15:00,1663040700,46695.7,46768.8,46649.7,46754.3,0
2022-09-13 10:15:00,1663044300,46742.3,46760.8,46643.6,46674,0
2022-09-13 11:15:00,1663047900,46674.2,46718.1,46596.7,46715.3,0
2022-09-13 12:15:00,1663051500,46702.4,46730.4,46652.9,46703.1,0
2022-09-13 13:15:00,1663055100,46710.1,46792.7,46677.2,46763.9,0
2022-09-13 14:15:00,1663058700,46761.7,46828.4,46701.3,46754.6,0
2022-09-13 15:15:00,1663062300,46752.4,46803,46740.8,46796,0
2022-09-14 09:15:00,1663127100,45979.8,46743.2,45979.8,46699.9,0
2022-09-14 10:15:00,1663130700,46697.7,46978.6,46680,46919,0
2022-09-14 11:15:00,1663134300,46925.5,47196.7,46881.2,47158.5,0
2022-09-14 12:15:00,1663137900,47155.1,47420.2,47116.8,47358.8,0
2022-09-14 13:15:00,1663141500,47362,47554,47251.1,47551.1,0
2022-09-14 14:15:00,1663145100,47544.3,47651.3,47299.1,47309.4,0
2022-09-14 15:15:00,1663148700,47299.4,47378.8,47268.9,47341,0
2022-09-15 09:15:00,1663213500,47554.3,47870.1,47323.5,47447.6,0
2022-09-15 10:15:00,1663217100,47445.7,47570.4,47077.8,47123,0
2022-09-15 11:15:00,1663220700,47125.3,47337.1,47055.5,47164.9,0
2022-09-15 12:15:00,1663224300,47161.5,47441.4,47140,47343.7,0
2022-09-15 13:15:00,1663227900,47343.5,47394.6,47131.9,47297.7,0
2022-09-15 14:15:00,1663231500,47302,47478.6,47065.2,47110.4,0
2022-09-15 15:15:00,1663235100,47098.1,47147.2,47067.7,47082.2,0
2022-09-16 09:15:00,1663299900,46779.3,47022.1,46670.6,46698.4,0
2022-09-16 10:15:00,1663303500,46694,46971.1,46643.4,46930,0
2022-09-16 11:15:00,1663307100,46930.1,47012.3,46870.8,46897.3,0
2022-09-16 12:15:00,1663310700,46910.6,47004.3,46726.2,46742.8,0
2022-09-16 13:15:00,1663314300,46736.8,46771,46409.4,46452.3,0
2022-09-16 14:15:00,1663317900,46451.4,46758.2,46348.8,46719.6,0
2022-09-16 15:15:00,1663321500,46753.3,46753.3,46643.7,46678.7,0
2022-09-19 09:15:00,1663559100,46536.7,47082.9,46369.5,47009.9,0
2022-09-19 10:15:00,1663562700,47005.7,47099.1,46923.1,47038.2,0
2022-09-19 11:15:00,1663566300,47036.7,47074.8,46899,46979.4,0
2022-09-19 12:15:00,1663569900,46977.7,47029,46875.6,46900.2,0
2022-09-19 13:15:00,1663573500,46903.9,46948.7,46797.4,46830.2,0
2022-09-19 14:15:00,1663577100,46841.3,46915.4,46614.2,46874.3,0
2022-09-19 15:15:00,1663580700,46886.5,46913.5,46852.8,46888,0
2022-09-20 09:15:00,1663645500,47135.3,47546.5,47135.3,47518.8,0
2022-09-20 10:15:00,1663649100,47516.9,47548.3,47403,47467.3,0
2022-09-20 11:15:00,1663652700,47460.3,47526.7,47414.2,47514.4,0
2022-09-20 12:15:00,1663656300,47516.5,47670.9,47490.7,47650.2,0
2022-09-20 13:15:00,1663659900,47650.1,47659.6,47509.9,47584.9,0
2022-09-20 14:15:00,1663663500,47588.2,47627.7,47387.2,47401.5,0
2022-09-20 15:15:00,1663667100,47323.4,47465,47323.4,47365.7,0
2022-09-21 09:15:00,1663731900,47195.3,47487.8,47094.1,47208.3,0
2022-09-21 10:15:00,1663735500,47205.8,47368.5,47170.9,47264.5,0
2022-09-21 11:15:00,1663739100,47265.7,47305.9,46836.8,46886.9,0
2022-09-21 12:15:00,1663742700,46893.8,47061.6,46783.2,46950.9,0
2022-09-21 13:15:00,1663746300,46953.3,47259.8,46942,47221.9,0
2022-09-21 14:15:00,1663749900,47217,47233.9,47085,47124.4,0
2022-09-21 15:15:00,1663753500,47120.7,47149.9,47067.2,47095.8,0
2022-09-22 09:15:00,1663818300,46807.9,47066.3,46670.1,46760.9,0
2022-09-22 10:15:00,1663821900,46763.6,46763.6,46525.4,46611.1,0
2022-09-22 11:15:00,1663825500,46612.3,46612.3,46324.5,46363.3,0
2022-09-22 12:15:00,1663829100,46366.7,46417.3,46158.4,46390.7,0
2022-09-22 13:15:00,1663832700,46394.3,46801.2,46394.3,46710.6,0
2022-09-22 14:15:00,1663836300,46712.5,46786.3,46389.7,46416.1,0
2022-09-22 15:15:00,1663839900,46427.4,46489.8,46379,46489.8,0
2022-09-23 09:15:00,1663904700,46221.2,46329.9,45457.7,45457.7,0
2022-09-23 10:15:00,1663908300,45450.7,45612.1,45352.5,45498.9,0
2022-09-23 11:15:00,1663911900,45486.4,45558.2,45390.5,45412.6,0
2022-09-23 12:15:00,1663915500,45415.4,45436.2,45236.2,45293.7,0
2022-09-23 13:15:00,1663919100,45299.4,45399.1,45159.1,45217.2,0
2022-09-23 14:15:00,1663922700,45225.9,45311.1,45113.7,45273.3,0
2022-09-23 15:15:00,1663926300,45283,45380,45240.3,45277.9,0
2022-09-26 09:15:00,1664163900,44676.4,44915.3,44313.8,44382,0
2022-09-26 10:15:00,1664167500,44386.5,44435.7,44108.1,44161,0
2022-09-26 11:15:00,1664171100,44169.6,44483.8,44153,44454.7,0
2022-09-26 12:15:00,1664174700,44453,44644.3,44299.3,44624.7,0
2022-09-26 13:15:00,1664178300,44624.9,44641.7,44245.2,44289.3,0
2022-09-26 14:15:00,1664181900,44282.6,44526.4,44161.8,44248.3,0
2022-09-26 15:15:00,1664185500,44260.8,44323.6,44238.9,44283.1,0
2022-09-27 09:15:00,1664250300,44338.6,44720.4,44315.9,44339.5,0
2022-09-27 10:15:00,1664253900,44332.1,44467.2,43939.6,43946,0
2022-09-27 11:15:00,1664257500,43938.9,44297.5,43935.7,44236.4,0
2022-09-27 12:15:00,1664261100,44228.1,44247.4,43997.8,44183.6,0
2022-09-27 13:15:00,1664264700,44183.9,44292.5,44084.9,44085.5,0
2022-09-27 14:15:00,1664268300,44080.6,44153,43693.2,43877.6,0
2022-09-27 15:15:00,1664271900,43869.9,44069.1,43864.8,44052.2,0
2022-09-28 09:15:00,1664336700,43646,43816.6,43312.9,43752.4,0
2022-09-28 10:15:00,1664340300,43745,43797.9,43405.1,43585.7,0
2022-09-28 11:15:00,1664343900,43598.2,43907.9,43569.2,43851,0
2022-09-28 12:15:00,1664347500,43843.5,43848.2,43659,43713.8,0
2022-09-28 13:15:00,1664351100,43695.2,43818.3,43510.4,43576.5,0
2022-09-28 14:15:00,1664354700,43584.9,43654.9,43246.6,43272.8,0
2022-09-28 15:15:00,1664358300,43271.4,43276.2,43079.1,43132.8,0
2022-09-29 09:15:00,1664423100,43637.9,43828.5,43436.9,43561.8,0
2022-09-29 10:15:00,1664426700,43567.1,43604,43394,43404.2,0
2022-09-29 11:15:00,1664430300,43397.6,43412.6,43125.1,43199,0
2022-09-29 12:15:00,1664433900,43203.3,43299.8,42940.3,43026,0
2022-09-29 13:15:00,1664437500,43015.8,43150.9,42951.4,43083.9,0
2022-09-29 14:15:00,1664441100,43075.2,43307.5,42936.7,43113.5,0
2022-09-29 15:15:00,1664444700,43104.1,43122.4,43048.1,43119,0
2022-09-30 09:15:00,1664509500,42965.8,43286.6,42773,43253.2,0
2022-09-30 10:15:00,1664513100,43269.8,43890.8,43269.8,43840.9,0
2022-09-30 11:15:00,1664516700,43832.7,43964.6,43770.8,43890.6,0
2022-09-30 12:15:00,1664520300,43893,44219.2,43893,44099.8,0
2022-09-30 13:15:00,1664523900,44104.6,44310.6,44101.9,44255.9,0
2022-09-30 14:15:00,1664527500,44272.2,44345.8,44042.5,44091.9,0
2022-09-30 15:15:00,1664531100,44096,44310.1,44096,44256.9,0
2022-10-03 09:15:00,1664768700,43951.4,44149.9,43617.9,43691.1,0
2022-10-03 10:15:00,1664772300,43662.2,43727.3,43589.7,43686.3,0
2022-10-03 11:15:00,1664775900,43693.6,43845.5,43643.2,43643.2,0
2022-10-03 12:15:00,1664779500,43646.4,43726,43530.7,43652.7,0
2022-10-03 13:15:00,1664783100,43655.6,43774.2,43584.3,43622.2,0
2022-10-03 14:15:00,1664786700,43613.7,43677.8,43361.1,43455.6,0
2022-10-03 15:15:00,1664790300,43458.6,43481.5,43358.6,43387.9,0
2022-10-04 09:15:00,1664855100,44079.8,44617.8,44079.8,44519.4,0
2022-10-04 10:15:00,1664858700,44516.2,44544.4,44365.2,44452.3,0
2022-10-04 11:15:00,1664862300,44454.1,44548.8,44402.7,44510.4,0
2022-10-04 12:15:00,1664865900,44516.3,44682.5,44510.1,44575.2,0
2022-10-04 13:15:00,1664869500,44571.3,44604.6,44449,44526.2,0
2022-10-04 14:15:00,1664873100,44526.2,44644.5,44447.9,44618.3,0
2022-10-04 15:15:00,1664876700,44619.6,44665.4,44590.1,44644.8,0
2022-10-06 09:15:00,1665027900,44752.2,45076.9,44741.3,44987.4,0
2022-10-06 10:15:00,1665031500,44989.6,45053,44942.5,44974.1,0
2022-10-06 11:15:00,1665035100,44970.9,44986.9,44901.1,44972.3,0
2022-10-06 12:15:00,1665038700,44979.4,45174.8,44943.8,45133.4,0
2022-10-06 13:15:00,1665042300,45134.4,45155.4,44930.3,44943.7,0
2022-10-06 14:15:00,1665045900,44940.7,44957.1,44783.7,44815.9,0
2022-10-06 15:15:00,1665049500,44835,44835,44772.2,44783.6,0
2022-10-07 09:15:00,1665114300,44620,44655.2,44349.4,44508.9,0
2022-10-07 10:15:00,1665117900,44501.2,44515.8,44391,44459.4,0
2022-10-07 11:15:00,1665121500,44460.8,44500.5,44310.7,44330.4,0
2022-10-07 12:15:00,1665125100,44331.2,44469.2,44329.1,44386.7,0
2022-10-07 13:15:00,1665128700,44387.4,44495.5,44319.3,44454,0
2022-10-07 14:15:00,1665132300,44457.9,44791.9,44442.5,44692.4,0
2022-10-07 15:15:00,1665135900,44688,44761.7,44682.7,44753.1,0
2022-10-10 09:15:00,1665373500,44073.1,44329.2,43989.5,44150.6,0
2022-10-10 10:15:00,1665377100,44164.9,44398,44153.8,44387.4,0
2022-10-10 11:15:00,1665380700,44390,44742.3,44354.6,44740.2,0
2022-10-10 12:15:00,1665384300,44734.6,44886.8,44637.2,44710.5,0
2022-10-10 13:15:00,1665387900,44714.4,44746.5,44386.1,44422.6,0
2022-10-10 14:15:00,1665391500,44423,44728.6,44415.2,44695.8,0
2022-10-10 15:15:00,1665395100,44698.6,44717.4,44630.6,44690.2,0
2022-10-11 09:15:00,1665459900,44705.3,44705.3,44343.1,44525.4,0
2022-10-11 10:15:00,1665463500,44553.7,44620.4,44455.9,44455.9,0
2022-10-11 11:15:00,1665467100,44448.8,44787.3,44440.3,44746.1,0
2022-10-11 12:15:00,1665470700,44743.2,44757.4,44478.4,44549.3,0
2022-10-11 13:15:00,1665474300,44532.6,44613.2,44491,44606.6,0
2022-10-11 14:15:00,1665477900,44629.3,44636.2,44245.4,44252,0
2022-10-11 15:15:00,1665481500,44238.4,44249,44174.9,44190.4,0
2022-10-12 09:15:00,1665546300,44353.3,44529.8,44158.9,44369.1,0
2022-10-12 10:15:00,1665549900,44371.4,44503,44267.9,44334.1,0
2022-10-12 11:15:00,1665553500,44333.8,44521.3,44333.8,44521.3,0
2022-10-12 12:15:00,1665557100,44517.4,44553.9,44381.9,44423.9,0
2022-10-12 13:15:00,1665560700,44422.2,44661.1,44400.9,44635.8,0
2022-10-12 14:15:00,1665564300,44632.6,44791.9,44597.6,44775.2,0
2022-10-12 15:15:00,1665567900,44779,44806.7,44754.1,44789,0
2022-10-13 09:15:00,1665632700,44591.6,44725.1,44385.8,44391.6,0
2022-10-13 10:15:00,1665636300,44347,44443.4,44213.9,44214,0
2022-10-13 11:15:00,1665639900,44210.2,44243.6,44019.4,44152.5,0
2022-10-13 12:15:00,1665643500,44146.4,44313.2,44075.2,44274.4,0
2022-10-13 13:15:00,1665647100,44271.6,44315.1,44110.5,44267.2,0
2022-10-13 14:15:00,1665650700,44263.2,44477.5,44132.8,44194.7,0
2022-10-13 15:15:00,1665654300,44195.7,44292.6,44176.4,44254.8,0
2022-10-14 09:15:00,1665719100,45002.9,45235.9,45002.7,45047.1,0
2022-10-14 10:15:00,1665722700,45047.1,45091.9,44855.8,45055.4,0
2022-10-14 11:15:00,1665726300,45055.9,45210.9,45026.3,45192.5,0
2022-10-14 12:15:00,1665729900,45184.3,45227.5,45033.2,45090.7,0
2022-10-14 13:15:00,1665733500,45076.4,45264.6,45042.2,45158.6,0
2022-10-14 14:15:00,1665737100,45159,45176.3,44891.1,44922.8,0
2022-10-14 15:15:00,1665740700,44931.5,45026.6,44901.8,45016.1,0
2022-10-17 09:15:00,1665978300,44912.7,45327.5,44781.3,45321.6,0
2022-10-17 10:15:00,1665981900,45334.9,45553.6,45334.9,45437.6,0
2022-10-17 11:15:00,1665985500,45451.5,45453.3,45317.9,45433.9,0
2022-10-17 12:15:00,1665989100,45430.7,45514.6,45385.9,45491.9,0
2022-10-17 13:15:00,1665992700,45499.1,45608.3,45426.1,45489,0
2022-10-17 14:15:00,1665996300,45496.2,45684.8,45461.8,45655.7,0
2022-10-17 15:15:00,1665999900,45651.1,45733.6,45638.8,45674.4,0
2022-10-18 09:15:00,1666064700,45964.5,46147.5,45925.3,46058.2,0
2022-10-18 10:15:00,1666068300,46069,46159.2,46025,46058.4,0
2022-10-18 11:15:00,1666071900,46062.1,46162.8,46004.5,46141.8,0
2022-10-18 12:15:00,1666075500,46136.6,46249.6,46107.9,46183.9,0
2022-10-18 13:15:00,1666079100,46178.9,46256.2,46102.6,46136.2,0
2022-10-18 14:15:00,1666082700,46128.4,46199,46010.9,46092.1,0
2022-10-18 15:15:00,1666086300,46090.1,46131.4,46084.9,46107.7,0
2022-10-19 09:15:00,1666151100,46337,46434.3,46229.3,46355.9,0
2022-10-19 10:15:00,1666154700,46375.4,46413.8,46272.6,46315.4,0
2022-10-19 11:15:00,1666158300,46307.9,46338.2,46132.7,46144.3,0
2022-10-19 12:15:00,1666161900,46145.7,46200.7,45975.6,46049.1,0
2022-10-19 13:15:00,1666165500,46053.2,46282.2,46042.8,46278.4,0
2022-10-19 14:15:00,1666169100,46290.9,46333.9,46019.4,46170.4,0
2022-10-19 15:15:00,1666172700,46159.1,46235.7,46134.6,46205.4,0
2022-10-20 09:15:00,1666237500,46074.2,46074.2,45672.2,45858.9,0
2022-10-20 10:15:00,1666241100,45858,45897.3,45624,45663.5,0
2022-10-20 11:15:00,1666244700,45670.8,45773.2,45633.1,45661.4,0
2022-10-20 12:15:00,1666248300,45661.1,45827.9,45653.9,45754.6,0
2022-10-20 13:15:00,1666251900,45757.1,45772.3,45656.9,45748.5,0
2022-10-20 14:15:00,1666255500,45756.1,45907.8,45747.6,45897.4,0
2022-10-20 15:15:00,1666259100,45909.1,45969.8,45886.9,45908.2,0
2022-10-21 09:15:00,1666323900,46254.8,46725.2,46211.3,46708.3,0
2022-10-21 10:15:00,1666327500,46726.1,46755.9,46632,46729.5,0
2022-10-21 11:15:00,1666331100,46733.2,46924.1,46693.2,46881.6,0
2022-10-21 12:15:00,1666334700,46883.3,47111.6,46830.2,47082.2,0
2022-10-21 13:15:00,1666338300,47086.2,47096.5,46712.2,46794.3,0
2022-10-21 14:15:00,1666341900,46795.1,46871.5,46641.9,46809.7,0
2022-10-21 15:15:00,1666345500,46799.7,46965.2,46799.7,46952.8,0
2022-10-24 18:15:00,1666615500,47476,47547.4,47298.4,47450.9,0
2022-10-25 09:15:00,1666669500,47489.5,47641,47184.6,47361,0
2022-10-25 10:15:00,1666673100,47361.2,47369.1,47103.4,47114.7,0
2022-10-25 11:15:00,1666676700,47114.7,47246.2,47100.9,47194.7,0
2022-10-25 12:15:00,1666680300,47198.1,47227,47107.2,47123.6,0
2022-10-25 13:15:00,1666683900,47124.7,47394.3,47124.7,47367.1,0
2022-10-25 14:15:00,1666687500,47354.8,47441.3,47098.2,47098.2,0
2022-10-25 15:15:00,1666691100,47093,47135.2,47002.9,47034.8,0
2022-10-27 09:15:00,1666842300,47430.7,47589.3,47345.1,47448.4,0
2022-10-27 10:15:00,1666845900,47452.8,47501,47358,47400,0
2022-10-27 11:15:00,1666849500,47405.4,47422.7,47318.2,47366.5,0
2022-10-27 12:15:00,1666853100,47355.4,47393.2,47265.5,47330.9,0
2022-10-27 13:15:00,1666856700,47334.2,47463.4,47334.2,47392.5,0
2022-10-27 14:15:00,1666860300,47396.7,47407.6,47248.8,47349.8,0
2022-10-27 15:15:00,1666863900,47353.4,47451.4,47342.8,47414.3,0
2022-10-28 09:15:00,1666928700,47263.6,47580.5,47263.6,47408.7,0
2022-10-28 10:15:00,1666932300,47419,47423,47161.1,47233.5,0
2022-10-28 11:15:00,1666935900,47238.1,47238.1,46974.4,47102.6,0
2022-10-28 12:15:00,1666939500,47101.4,47130.3,46942.3,47003.4,0
2022-10-28 13:15:00,1666943100,46999.4,47052.8,46878.7,46919.4,0
2022-10-28 14:15:00,1666946700,46922.7,47076,46915.2,47063.9,0
2022-10-28 15:15:00,1666950300,47070.5,47099,47033.4,47085.9,0
2022-10-31 09:15:00,1667187900,47308.6,47454.2,47202.1,47295,0
2022-10-31 10:15:00,1667191500,47293.6,47349.6,47230.9,47297.8,0
2022-10-31 11:15:00,1667195100,47294.6,47414.5,47289.1,47381.2,0
2022-10-31 12:15:00,1667198700,47383.1,47444.3,47320.8,47379.9,0
2022-10-31 13:15:00,1667202300,47382.2,47444.9,47326.5,47326.5,0
2022-10-31 14:15:00,1667205900,47331.2,47433.6,47314.8,47410,0
2022-10-31 15:15:00,1667209500,47407.4,47415.8,47377.3,47389.3,0
2022-11-01 09:15:00,1667274300,47573.4,47797.1,47453,47745.5,0
2022-11-01 10:15:00,1667277900,47750,47774.2,47641.7,47753.8,0
2022-11-01 11:15:00,1667281500,47758,47758,47541.8,47541.8,0
2022-11-01 12:15:00,1667285100,47541.6,47554.9,47257.2,47267.5,0
2022-11-01 13:15:00,1667288700,47265.1,47453.2,47255.4,47384.9,0
2022-11-01 14:15:00,1667292300,47381.5,47432.5,47237.3,47344.9,0
2022-11-01 15:15:00,1667295900,47346.9,47385.7,47313.7,47342.1,0
2022-11-02 09:15:00,1667360700,47435.4,47519.4,47262.9,47465.6,0
2022-11-02 10:15:00,1667364300,47461.4,47486.1,47278.4,47348.8,0
2022-11-02 11:15:00,1667367900,47362.9,47380,47305.2,47317,0
2022-11-02 12:15:00,1667371500,47318.5,47328.4,47132.8,47207.2,0
2022-11-02 13:15:00,1667375100,47201.6,47247.9,47073.3,47086.9,0
2022-11-02 14:15:00,1667378700,47082.6,47219.2,47082.6,47177.3,0
2022-11-02 15:15:00,1667382300,47175.5,47209.7,47121.9,47149.4,0
2022-11-03 09:15:00,1667447100,46864.6,47404.2,46824.6,47403.5,0
2022-11-03 10:15:00,1667450700,47429.9,47464.9,47323.7,47442.7,0
2022-11-03 11:15:00,1667454300,47443.1,47542.6,47318.2,47343.1,0
2022-11-03 12:15:00,1667457900,47335.7,47403.4,47254.4,47400.5,0
2022-11-03 13:15:00,1667461500,47398.3,47473.6,47325.2,47381.1,0
2022-11-03 14:15:00,1667465100,47374.4,47381.2,47254.6,47288.9,0
2022-11-03 15:15:00,1667468700,47287.2,47339.3,47269.9,47339.3,0
2022-11-04 09:15:00,1667533500,47287.6,47567.2,47195.6,47195.6,0
2022-11-04 10:15:00,1667537100,47204.8,47228.4,47107.7,47183,0
2022-11-04 11:15:00,1667540700,47187.2,47224.8,47146.7,47185.2,0
2022-11-04 12:15:00,1667544300,47185.2,47240.8,47119.1,47212.6,0
2022-11-04 13:15:00,1667547900,47208.4,47249.2,47072.7,47138.5,0
2022-11-04 14:15:00,1667551500,47139.3,47342.5,47117.7,47321,0
2022-11-04 15:15:00,1667555100,47315.6,47379.5,47308.8,47361.1,0
2022-11-07 09:15:00,1667792700,47864.4,47926.1,47686.6,47720.1,0
2022-11-07 10:15:00,1667796300,47701.6,47726.8,47494.2,47539.7,0
2022-11-07 11:15:00,1667799900,47532.8,47570.5,47471.8,47551.1,0
2022-11-07 12:15:00,1667803500,47558.2,47593.1,47491.3,47579,0
2022-11-07 13:15:00,1667807100,47573,47593,47397.9,47526,0
2022-11-07 14:15:00,1667810700,47529.9,47783,47515.4,47766.1,0
2022-11-07 15:15:00,1667814300,47764.1,47863.8,47764.1,47796.5,0
2022-11-09 09:15:00,1667965500,47929.2,48061.2,47818.1,47857,0
2022-11-09 10:15:00,1667969100,47860.5,47936.5,47840.6,47873.7,0
2022-11-09 11:15:00,1667972700,47878.3,47908.6,47738.3,47746.3,0
2022-11-09 12:15:00,1667976300,47749.1,47895.8,47749.1,47880.9,0
2022-11-09 13:15:00,1667979900,47880.5,48021.6,47846.3,48017.7,0
2022-11-09 14:15:00,1667983500,48031.2,48045.6,47791.9,47914.1,0
2022-11-09 15:15:00,1667987100,47925.9,47932.2,47722.8,47733.9,0
2022-11-10 09:15:00,1668051900,47413.4,47681.2,47396.8,47570.9,0
2022-11-10 10:15:00,1668055500,47562.3,47609.2,47442.9,47479.2,0
2022-11-10 11:15:00,1668059100,47471.9,47529.4,47359.9,47363.7,0
2022-11-10 12:15:00,1668062700,47378.9,47392.1,47314.5,47391.9,0
2022-11-10 13:15:00,1668066300,47392.6,47520.1,47367.9,47498.1,0
2022-11-10 14:15:00,1668069900,47508,47646.8,47407.7,47619.8,0
2022-11-10 15:15:00,1668073500,47630.7,47657.2,47608.1,47639.3,0
2022-11-11 09:15:00,1668138300,48109.9,48291.4,48030.7,48107.8,0
2022-11-11 10:15:00,1668141900,48093.3,48168.9,47954.8,48094.2,0
2022-11-11 11:15:00,1668145500,48097.9,48231.7,48066.1,48170.5,0
2022-11-11 12:15:00,1668149100,48166.7,48311.7,48061,48143.6,0
2022-11-11 13:15:00,1668152700,48133.8,48203.8,48025.1,48124,0
2022-11-11 14:15:00,1668156300,48121.2,48205.4,48079.5,48103.4,0
2022-11-11 15:15:00,1668159900,48098.4,48126.4,48051.1,48118.2,0
2022-11-14 09:15:00,1668397500,48094.1,48189.9,47988.5,48018.6,0
2022-11-14 10:15:00,1668401100,48019.7,48109.7,47962.4,48028.5,0
2022-11-14 11:15:00,1668404700,48035.5,48054.6,47962.7,47981,0
2022-11-14 12:15:00,1668408300,47984.1,48089.3,47980.7,48065.4,0
2022-11-14 13:15:00,1668411900,48064.8,48218.5,48056.5,48196.9,0
2022-11-14 14:15:00,1668415500,48197.4,48214.9,48044.4,48061.5,0
2022-11-14 15:15:00,1668419100,48067.2,48087.4,48025,48050.7,0
2022-11-15 09:15:00,1668483900,48209.7,48294,48099.6,48204.8,0
2022-11-15 10:15:00,1668487500,48200,48226.6,48085.1,48110.1,0
2022-11-15 11:15:00,1668491100,48106.6,48154,48061.3,48071.7,0
2022-11-15 12:15:00,1668494700,48078,48230.3,48046,48195.4,0
2022-11-15 13:15:00,1668498300,48176.5,48217.6,48112,48142,0
2022-11-15 14:15:00,1668501900,48138.1,48397.8,48117.8,48365.7,0
2022-11-15 15:15:00,1668505500,48363.1,48468.1,48363.1,48449.1,0
2022-11-16 09:15:00,1668570300,48207.1,48546.8,48207.1,48534.4,0
2022-11-16 10:15:00,1668573900,48532.6,48641.9,48497.1,48582.4,0
2022-11-16 11:15:00,1668577500,48583.4,48636.3,48498.1,48524.5,0
2022-11-16 12:15:00,1668581100,48528.6,48629.9,48517,48603.7,0
2022-11-16 13:15:00,1668584700,48613.2,48680.9,48554.1,48591,0
2022-11-16 14:15:00,1668588300,48593.9,48699.9,48462.5,48616.6,0
2022-11-16 15:15:00,1668591900,48620.6,48637.1,48581.8,48590.2,0
2022-11-17 09:15:00,1668656700,48467.4,48656.3,48370.2,48527.2,0
2022-11-17 10:15:00,1668660300,48531.4,48568.3,48500.1,48512.5,0
2022-11-17 11:15:00,1668663900,48508,48564.7,48468.7,48526.2,0
2022-11-17 12:15:00,1668667500,48529.8,48633.7,48514.5,48600.9,0
2022-11-17 13:15:00,1668671100,48608.6,48678.6,48585.5,48655.1,0
2022-11-17 14:15:00,1668674700,48659.7,48721.4,48496.6,48507.2,0
2022-11-17 15:15:00,1668678300,48502.7,48539.3,48464,48485.9,0
2022-11-18 09:15:00,1668743100,48653.1,48762.4,48550.1,48608.4,0
2022-11-18 10:15:00,1668746700,48607.5,48651.3,48393.4,48396.6,0
2022-11-18 11:15:00,1668750300,48395.4,48509.4,48384.9,48468,0
2022-11-18 12:15:00,1668753900,48465.4,48476.3,48393.6,48432,0
2022-11-18 13:15:00,1668757500,48432.1,48472.8,48305,48335.1,0
2022-11-18 14:15:00,1668761100,48345.3,48592.1,48320.3,48567.6,0
2022-11-18 15:15:00,1668764700,48566.2,48573.6,48507.9,48549.2,0
2022-11-21 09:15:00,1669002300,48367,48462.5,48262.5,48389.7,0
2022-11-21 10:15:00,1669005900,48405.2,48434.4,48331,48412.2,0
2022-11-21 11:15:00,1669009500,48412.4,48440.2,48319.5,48321.3,0
2022-11-21 12:15:00,1669013100,48321,48377.1,48296,48317.3,0
2022-11-21 13:15:00,1669016700,48315.6,48398.3,48283.8,48372.3,0
2022-11-21 14:15:00,1669020300,48373.3,48443.2,48318.4,48426.6,0
2022-11-21 15:15:00,1669023900,48439.5,48465.1,48410.6,48450.8,0
2022-11-22 09:15:00,1669088700,48512.5,48542.9,48429.6,48462.2,0
2022-11-22 10:15:00,1669092300,48459.4,48489.8,48409.1,48458,0
2022-11-22 11:15:00,1669095900,48447,48504.3,48419,48504.3,0
2022-11-22 12:15:00,1669099500,48500.7,48522.7,48473.7,48494.2,0
2022-11-22 13:15:00,1669103100,48496.6,48519.5,48461.8,48483.7,0
2022-11-22 14:15:00,1669106700,48479.9,48522.9,48435.8,48509.1,0
2022-11-22 15:15:00,1669110300,48513.9,48572.4,48497.5,48572.1,0
2022-11-23 09:15:00,1669175100,48816.1,48816.1,48642.5,48765.1,0
2022-11-23 10:15:00,1669178700,48773.3,48801.6,48733.9,48766.7,0
2022-11-23 11:15:00,1669182300,48775.1,48784.3,48725.9,48772,0
2022-11-23 12:15:00,1669185900,48756,48806.5,48726.6,48782.4,0
2022-11-23 13:15:00,1669189500,48782.4,48884.9,48761.2,48875.2,0
2022-11-23 14:15:00,1669193100,48878.1,48969.7,48808.9,48830.9,0
2022-11-23 15:15:00,1669196700,48830.8,48830.8,48772,48804.9,0
2022-11-24 09:15:00,1669261500,48942.4,49052.9,48895.9,49016.7,0
2022-11-24 10:15:00,1669265100,49013.3,49087.3,48992.4,49074.1,0
2022-11-24 11:15:00,1669268700,49070,49081.9,48996.3,49053.9,0
2022-11-24 12:15:00,1669272300,49060.1,49088.8,48960.4,48986.1,0
2022-11-24 13:15:00,1669275900,48984.1,49029.4,48929,49024.6,0
2022-11-24 14:15:00,1669279500,49023.1,49161.4,48974.2,49141.6,0
2022-11-24 15:15:00,1669283100,49144.1,49269.9,49144.1,49215.3,0
2022-11-25 09:15:00,1669347900,49232.9,49411.2,49154.7,49170.8,0
2022-11-25 10:15:00,1669351500,49180,49272.1,49067.9,49067.9,0
2022-11-25 11:15:00,1669355100,49070.4,49117.9,48964.7,48992.2,0
2022-11-25 12:15:00,1669358700,48993.8,49077.9,48952.6,49006,0
2022-11-25 13:15:00,1669362300,49000.9,49095.5,48973.3,48987.1,0
2022-11-25 14:15:00,1669365900,48981.7,49086.4,48889.1,49049.5,0
2022-11-25 15:15:00,1669369500,49032.3,49047.2,48981.1,48991.2,0
2022-11-28 09:15:00,1669607100,48759.7,49011.2,48728.5,48957.9,0
2022-11-28 10:15:00,1669610700,48956.5,49020.6,48945.7,48961.9,0
2022-11-28 11:15:00,1669614300,48961,49153.8,48930.6,49153.8,0
2022-11-28 12:15:00,1669617900,49157.2,49226,49117.4,49190.5,0
2022-11-28 13:15:00,1669621500,49192,49198.5,49062.5,49095.8,0
2022-11-28 14:15:00,1669625100,49092.4,49207.1,49048.3,49066.6,0
2022-11-28 15:15:00,1669628700,49064,49088.6,49013.8,49026.6,0
2022-11-29 09:15:00,1669693500,48989.6,49336,48974,49327.9,0
2022-11-29 10:15:00,1669697100,49325.6,49368.5,49294,49342.6,0
2022-11-29 11:15:00,1669700700,49341.4,49359.8,49214.1,49273.7,0
2022-11-29 12:15:00,1669704300,49272.2,49284,49188.6,49236.4,0
2022-11-29 13:15:00,1669707900,49230.6,49296.4,49224.8,49246,0
2022-11-29 14:15:00,1669711500,49240.1,49265.4,49117.9,49124.7,0
2022-11-29 15:15:00,1669715100,49121.7,49156,49068.9,49090.6,0
2022-11-30 09:15:00,1669779900,49253.5,49351,49141,49169.7,0
2022-11-30 10:15:00,1669783500,49167.7,49167.7,48965.4,48995.1,0
2022-11-30 11:15:00,1669787100,48997.7,49030.2,48912.6,48969.8,0
2022-11-30 12:15:00,1669790700,48963.8,49052.1,48931.6,49036.8,0
2022-11-30 13:15:00,1669794300,49039.2,49090.5,48962.2,49090.5,0
2022-11-30 14:15:00,1669797900,49082.5,49404.6,49074,49404.6,0
2022-11-30 15:15:00,1669801500,49398.7,49461,49322.1,49353.5,0
2022-12-01 09:15:00,1669866300,49541.1,49645.2,49464.7,49488.6,0
2022-12-01 10:15:00,1669869900,49485.4,49537.9,49438.2,49503.7,0
2022-12-01 11:15:00,1669873500,49492.1,49519.6,49459.3,49490.3,0
2022-12-01 12:15:00,1669877100,49484.4,49527,49474,49492.6,0
2022-12-01 13:15:00,1669880700,49496.1,49527,49187.7,49408.7,0
2022-12-01 14:15:00,1669884300,49404.5,49468.7,49309.2,49344,0
2022-12-01 15:15:00,1669887900,49345.1,49362.2,49276.7,49288,0
2022-12-02 09:15:00,1669952700,48988.7,49191.5,48986.4,49108.2,0
2022-12-02 10:15:00,1669956300,49093.8,49127.7,49062.5,49096.8,0
2022-12-02 11:15:00,1669959900,49103.2,49139.9,48980.9,49012.7,0
2022-12-02 12:15:00,1669963500,49009.9,49102.5,48977.7,49099.6,0
2022-12-02 13:15:00,1669967100,49107.8,49137.1,49043.2,49046.9,0
2022-12-02 14:15:00,1669970700,49052.9,49194.3,49048.6,49169.4,0
2022-12-02 15:15:00,1669974300,49174.4,49208.7,49166.2,49177,0
2022-12-05 09:15:00,1670211900,49263.4,49337.9,49023.3,49064.4,0
2022-12-05 10:15:00,1670215500,49057.6,49214.1,49057.5,49212.9,0
2022-12-05 11:15:00,1670219100,49216.9,49271.6,49177.9,49267.1,0
2022-12-05 12:15:00,1670222700,49273.5,49373.1,49233.8,49328,0
2022-12-05 13:15:00,1670226300,49328,49347.5,49224.6,49308.7,0
2022-12-05 14:15:00,1670229900,49304.8,49458,49276.2,49422.1,0
2022-12-05 15:15:00,1670233500,49423.6,49437.6,49349.8,49368.8,0
2022-12-06 09:15:00,1670298300,49083.4,49372.3,49083.4,49338.8,0
2022-12-06 10:15:00,1670301900,49338.4,49359.1,49204.7,49233.4,0
2022-12-06 11:15:00,1670305500,49233.4,49275.2,49194.5,49207,0
2022-12-06 12:15:00,1670309100,49209.5,49251.2,49158.8,49205.5,0
2022-12-06 13:15:00,1670312700,49208.4,49260,49130.5,49180.2,0
2022-12-06 14:15:00,1670316300,49186.4,49238.3,49136.4,49209.6,0
2022-12-06 15:15:00,1670319900,49206.2,49216.9,49165.7,49196.1,0
2022-12-07 09:15:00,1670384700,49222.8,49354.2,49153.1,49343.1,0
2022-12-07 10:15:00,1670388300,49326.9,49364.1,48959.9,49040.6,0
2022-12-07 11:15:00,1670391900,49034.3,49150.4,48992.9,49148.5,0
2022-12-07 12:15:00,1670395500,49148.4,49176.7,49084.9,49114.2,0
2022-12-07 13:15:00,1670399100,49114.8,49233.2,49053.8,49066.6,0
2022-12-07 14:15:00,1670402700,49066.5,49211.2,49055.6,49142.1,0
2022-12-07 15:15:00,1670406300,49144.1,49157,49111,49154.6,0
2022-12-08 09:15:00,1670471100,49257.9,49415.8,49097.2,49413.8,0
2022-12-08 10:15:00,1670474700,49408.5,49435.5,49347.3,49408.4,0
2022-12-08 11:15:00,1670478300,49422.4,49499.4,49379.5,49440.2,0
2022-12-08 12:15:00,1670481900,49442.6,49470.6,49356.6,49431.9,0
2022-12-08 13:15:00,1670485500,49440.9,49562,49432.6,49555.9,0
2022-12-08 14:15:00,1670489100,49573.8,49673.2,49572.2,49646.6,0
2022-12-08 15:15:00,1670492700,49640.8,49707.6,49640.8,49695.9,0
2022-12-09 09:15:00,1670557500,49816.9,49914.3,49681,49875.9,0
2022-12-09 10:15:00,1670561100,49865.5,49898.9,49709.1,49756.9,0
2022-12-09 11:15:00,1670564700,49750.9,49830.6,49715.8,49800.3,0
2022-12-09 12:15:00,1670568300,49800.1,49801.7,49562.7,49622.6,0
2022-12-09 13:15:00,1670571900,49618.4,49671,49518.5,49557.5,0
2022-12-09 14:15:00,1670575500,49550.5,49726.2,49396.4,49726.2,0
2022-12-09 15:15:00,1670579100,49729,49762.6,49664.2,49666.1,0
2022-12-12 09:15:00,1670816700,49346.6,49742,49335.9,49665.4,0
2022-12-12 10:15:00,1670820300,49666.3,49763.5,49630.3,49706.3,0
2022-12-12 11:15:00,1670823900,49709.8,49754.7,49630.9,49729,0
2022-12-12 12:15:00,1670827500,49730.8,49754.3,49680.3,49718.9,0
2022-12-12 13:15:00,1670831100,49714.5,49720.9,49572.2,49686.8,0
2022-12-12 14:15:00,1670834700,49688,49722.8,49584.5,49694.1,0
2022-12-12 15:15:00,1670838300,49697,49744.4,49663.4,49663.4,0
2022-12-13 09:15:00,1670903100,49849.6,49895.4,49756.4,49857.4,0
2022-12-13 10:15:00,1670906700,49864.9,49950.4,49864.8,49909.3,0
2022-12-13 11:15:00,1670910300,49913.2,49986.6,49910.3,49962.9,0
2022-12-13 12:15:00,1670913900,49957.2,49963.1,49863.6,49919.6,0
2022-12-13 13:15:00,1670917500,49919.3,49944.4,49852.5,49858.6,0
2022-12-13 14:15:00,1670921100,49861.3,49953,49838.5,49929.4,0
2022-12-13 15:15:00,1670924700,49928.2,49967,49908,49912.3,0
2022-12-14 09:15:00,1670989500,50059.62,50142.85,50008.39,50051.03,0
2022-12-14 10:15:00,1670993100,50047.48,50123.94,50038.43,50121.48,0
2022-12-14 11:15:00,1670996700,50113.99,50158.11,50104.66,50139.1,0
2022-12-14 12:15:00,1671000300,50138.39,50160.28,50074,50092.67,0
2022-12-14 13:15:00,1671003900,50096.03,50105.86,50019.15,50042.05,0
2022-12-14 14:15:00,1671007500,50044.47,50090.19,49987.38,50046.53,0
2022-12-14 15:15:00,1671011100,50042.21,50065.76,49983.28,49983.28,0
2022-12-15 09:15:00,1671075900,49911.1,50107.2,49888.7,49984.1,0
2022-12-15 10:15:00,1671079500,49986.8,50045.8,49960.2,49993.9,0
2022-12-15 11:15:00,1671083100,50006.3,50007.4,49823,49849.8,0
2022-12-15 12:15:00,1671086700,49839.6,49869.2,49775.3,49782.8,0
2022-12-15 13:15:00,1671090300,49775.1,49837.6,49752.8,49837.6,0
2022-12-15 14:15:00,1671093900,49844.7,49858.8,49429.3,49434.2,0
2022-12-15 15:15:00,1671097500,49425.4,49446,49303.3,49322.5,0
2022-12-16 09:15:00,1671162300,49258.8,49536,48989.6,49099.7,0
2022-12-16 10:15:00,1671165900,49085.4,49155.4,49000.6,49154.6,0
2022-12-16 11:15:00,1671169500,49159.5,49202.8,49021.6,49110.8,0
2022-12-16 12:15:00,1671173100,49114.4,49361.4,49112.1,49288.3,0
2022-12-16 13:15:00,1671176700,49287.7,49318.1,49128,49239.8,0
2022-12-16 14:15:00,1671180300,49232.7,49232.7,48986.5,49083.7,0
2022-12-16 15:15:00,1671183900,49075.4,49174.4,49068.8,49164.7,0
2022-12-19 09:15:00,1671421500,49187,49295.7,49028.1,49254.3,0
2022-12-19 10:15:00,1671425100,49261.5,49344.3,49242.8,49299,0
2022-12-19 11:15:00,1671428700,49299,49377.6,49252,49282.5,0
2022-12-19 12:15:00,1671432300,49296.5,49337.3,49148.5,49170.2,0
2022-12-19 13:15:00,1671435900,49168.7,49298.2,49159.9,49274.2,0
2022-12-19 14:15:00,1671439500,49282.2,49408.2,49277.2,49374.9,0
2022-12-19 15:15:00,1671443100,49377.5,49405.3,49340.7,49393.3,0
2022-12-20 09:15:00,1671507900,49152.3,49318,48995,49077.3,0
2022-12-20 10:15:00,1671511500,49079.1,49100.2,48993.6,49034.9,0
2022-12-20 11:15:00,1671515100,49021.9,49046.2,48883,49019.4,0
2022-12-20 12:15:00,1671518700,49021.9,49114.1,48990.9,49037.2,0
2022-12-20 13:15:00,1671522300,49032.1,49091.4,48985.9,49060.1,0
2022-12-20 14:15:00,1671525900,49060.5,49375.1,49055.4,49370,0
2022-12-20 15:15:00,1671529500,49379.7,49395.2,49320.5,49375.2,0
2022-12-21 09:15:00,1671594300,49718.6,49725.1,49376,49458.4,0
2022-12-21 10:15:00,1671597900,49455.4,49471.2,49203.3,49273,0
2022-12-21 11:15:00,1671601500,49264.9,49351.7,49138.7,49140.6,0
2022-12-21 12:15:00,1671605100,49141.7,49141.7,48934.8,49051.4,0
2022-12-21 13:15:00,1671608700,49041.2,49044.2,48232.7,48605,0
2022-12-21 14:15:00,1671612300,48599.9,48855.2,48411.8,48457,0
2022-12-21 15:15:00,1671615900,48466.7,48544.1,48436.7,48520.8,0
2022-12-22 09:15:00,1671680700,48688.52,48819.17,48293.38,48293.38,0
2022-12-22 10:15:00,1671684300,48283.08,48374.36,48223.68,48358.67,0
2022-12-22 11:15:00,1671687900,48359.75,48464.62,48093.36,48099.35,0
2022-12-22 12:15:00,1671691500,48109.31,48322.94,48104.76,48234.75,0
2022-12-22 13:15:00,1671695100,48233.66,48500.9,48197.92,48490.88,0
2022-12-22 14:15:00,1671698700,48484.07,48530.84,48223.2,48352.5,0
2022-12-22 15:15:00,1671702300,48350.9,48353.65,48223.37,48223.37,0
2022-12-23 09:15:00,1671767100,47630.9,48074.4,47630.9,47784.1,0
2022-12-23 10:15:00,1671770700,47780.6,47871.4,47708.4,47850.5,0
2022-12-23 11:15:00,1671774300,47859.7,47862.9,47670.8,47757,0
2022-12-23 12:15:00,1671777900,47752,47816.1,47675.4,47773.8,0
2022-12-23 13:15:00,1671781500,47784.2,47804.6,47601.2,47606.1,0
2022-12-23 14:15:00,1671785100,47609.1,47720.1,47462.9,47563.7,0
2022-12-23 15:15:00,1671788700,47584.9,47586.6,47518.3,47537.9,0
2022-12-26 09:15:00,1672026300,47384,48079.4,47384,48026.7,0
2022-12-26 10:15:00,1672029900,48020.8,48045.2,47946,47986.8,0
2022-12-26 11:15:00,1672033500,47978.4,48210.8,47964.9,48208.3,0
2022-12-26 12:15:00,1672037100,48201.9,48220.2,48081,48160.9,0
2022-12-26 13:15:00,1672040700,48162.2,48347.8,48150.6,48342.8,0
2022-12-26 14:15:00,1672044300,48345.1,48761.8,48325.4,48446.1,0
2022-12-26 15:15:00,1672047900,48448.3,48540.1,48440.6,48530.4,0
2022-12-27 09:15:00,1672112700,48852.1,48861.4,48293.2,48397.1,0
2022-12-27 10:15:00,1672116300,48395.4,48567.2,48383.5,48466.8,0
2022-12-27 11:15:00,1672119900,48465.6,48517.1,48401.6,48453.5,0
2022-12-27 12:15:00,1672123500,48446.2,48492.1,48295.3,48401.4,0
2022-12-27 13:15:00,1672127100,48404.8,48693.3,48404.8,48693.3,0
2022-12-27 14:15:00,1672130700,48690,48783.9,48464.6,48765.3,0
2022-12-27 15:15:00,1672134300,48775.8,48854.2,48771.1,48776.5,0
2022-12-28 09:15:00,1672199100,48758.3,48915.9,48590.2,48893.2,0
2022-12-28 10:15:00,1672202700,48913.3,48955.2,48712.6,48955.2,0
2022-12-28 11:15:00,1672206300,48949.8,48957.7,48864.6,48931.6,0
2022-12-28 12:15:00,1672209900,48926.2,48971.2,48785.3,48791,0
2022-12-28 13:15:00,1672213500,48791.4,48915.1,48769,48886.8,0
2022-12-28 14:15:00,1672217100,48886,48903.6,48700.7,48700.7,0
2022-12-28 15:15:00,1672220700,48717.3,48728.4,48645.1,48655.7,0
2022-12-29 09:15:00,1672285500,48559.8,48586.4,48360.5,48411.2,0
2022-12-29 10:15:00,1672289100,48422.2,48517.8,48392.4,48446.7,0
2022-12-29 11:15:00,1672292700,48455.2,48579.7,48432.2,48521,0
2022-12-29 12:15:00,1672296300,48526,48666.6,48507.8,48664.4,0
2022-12-29 13:15:00,1672299900,48673.8,48838.6,48611.7,48799.1,0
2022-12-29 14:15:00,1672303500,48803.4,49232.8,48751.9,49206.6,0
2022-12-29 15:15:00,1672307100,49217.9,49316,49211.3,49245.9,0
2022-12-30 09:15:00,1672371900,49364.2,49402.8,49112.1,49144.3,0
2022-12-30 10:15:00,1672375500,49141.6,49255.4,49120.8,49120.8,0
2022-12-30 11:15:00,1672379100,49124.4,49134.9,49017.3,49078.4,0
2022-12-30 12:15:00,1672382700,49079.6,49172,48995.6,49020.6,0
2022-12-30 13:15:00,1672386300,49016.4,49119.6,48945.2,49094.1,0
2022-12-30 14:15:00,1672389900,49101.5,49172.5,48755.8,48901.9,0
2022-12-30 15:15:00,1672393500,48899.3,49031.6,48859,48965.8,0
2023-01-02 09:15:00,1672631100,48866.4,49303.6,48866.4,49202.9,0
2023-01-02 10:15:00,1672634700,49199.4,49309.3,49179.3,49241.6,0
2023-01-02 11:15:00,1672638300,49244.6,49251.5,49130.1,49180.4,0
2023-01-02 12:15:00,1672641900,49170.8,49198.4,49054.9,49145.3,0
2023-01-02 13:15:00,1672645500,49143.9,49144.4,48991.7,49034.5,0
2023-01-02 14:15:00,1672649100,49030.4,49141.7,48939.6,49095.9,0
2023-01-02 15:15:00,1672652700,49095.7,49202.7,49095.7,49180,0
2023-01-03 09:15:00,1672717500,49070,49406.4,49068.6,49387.7,0
2023-01-03 10:15:00,1672721100,49390.9,49396.7,49293.2,49340.1,0
2023-01-03 11:15:00,1672724700,49333.6,49356.8,49222.3,49226.5,0
2023-01-03 12:15:00,1672728300,49224.1,49248.5,49111.3,49244.3,0
2023-01-03 13:15:00,1672731900,49249.7,49438,49227.3,49358.2,0
2023-01-03 14:15:00,1672735500,49354.2,49472.1,49329,49413.3,0
2023-01-03 15:15:00,1672739100,49415,49461.5,49395.9,49431.8,0
2023-01-04 09:15:00,1672803900,49427.1,49591.4,49193.6,49206.9,0
2023-01-04 10:15:00,1672807500,49209.9,49325.6,49105.4,49131.3,0
2023-01-04 11:15:00,1672811100,49129.5,49190.6,48923.4,48937.9,0
2023-01-04 12:15:00,1672814700,48925.6,49089.1,48917,49084.7,0
2023-01-04 13:15:00,1672818300,49076.3,49183.6,49016.1,49177.6,0
2023-01-04 14:15:00,1672821900,49195.6,49195.6,48822.9,48942.4,0
2023-01-04 15:15:00,1672825500,48958.6,48987.9,48889.9,48987.9,0
2023-01-05 09:15:00,1672890300,49100.8,49130.8,48717.3,48856,0
2023-01-05 10:15:00,1672893900,48873.5,48911.4,48729.1,48762.3,0
2023-01-05 11:15:00,1672897500,48757.7,48770.8,48533.5,48595.2,0
2023-01-05 12:15:00,1672901100,48587.8,48625.9,48464.6,48495.4,0
2023-01-05 13:15:00,1672904700,48509.8,48519.9,48215.5,48305.6,0
2023-01-05 14:15:00,1672908300,48293.8,48605.9,48293.8,48554.7,0
2023-01-05 15:15:00,1672911900,48557.3,48596.4,48503.6,48594.9,0
2023-01-06 09:15:00,1672976700,48567.8,48618.6,48214.2,48227.3,0
2023-01-06 10:15:00,1672980300,48226.8,48277.7,48143.8,48216.4,0
2023-01-06 11:15:00,1672983900,48221.1,48278.6,48169,48169,0
2023-01-06 12:15:00,1672987500,48167.3,48187.8,47872.6,47881.6,0
2023-01-06 13:15:00,1672991100,47889.8,47946.7,47756.1,47829.2,0
2023-01-06 14:15:00,1672994700,47829.2,48123.2,47720.6,48100.3,0
2023-01-06 15:15:00,1672998300,48100.6,48120,48019,48100.4,0
2023-01-09 09:15:00,1673235900,48314.6,48458.5,48051.7,48417.7,0
2023-01-09 10:15:00,1673239500,48416,48492.6,48383,48449.9,0
2023-01-09 11:15:00,1673243100,48446,48653.9,48423.7,48616.2,0
2023-01-09 12:15:00,1673246700,48620.6,48636.3,48505.5,48528.9,0
2023-01-09 13:15:00,1673250300,48532.7,48532.7,48269.4,48390.1,0
2023-01-09 14:15:00,1673253900,48397.8,48588.1,48351.6,48560.5,0
2023-01-09 15:15:00,1673257500,48574.1,48601.2,48512,48531.2,0
2023-01-10 09:15:00,1673322300,48646.9,48646.9,48107.1,48189.3,0
2023-01-10 10:15:00,1673325900,48184.4,48239.1,48001.2,48031.9,0
2023-01-10 11:15:00,1673329500,48035,48084,47941.2,48039.8,0
2023-01-10 12:15:00,1673333100,48042.4,48111.4,47770.5,47840.4,0
2023-01-10 13:15:00,1673336700,47849.3,47998.3,47825.7,47935,0
2023-01-10 14:15:00,1673340300,47925.9,47982.9,47728.7,47973.4,0
2023-01-10 15:15:00,1673343900,47963.2,47995.9,47942.8,47975.7,0
2023-01-11 09:15:00,1673408700,47998.4,48179,47617.7,48179,0
2023-01-11 10:15:00,1673412300,48177.7,48192.9,47908.5,48012.1,0
2023-01-11 11:15:00,1673415900,48007.6,48207.3,47954.1,48131.3,0
2023-01-11 12:15:00,1673419500,48127.2,48168.4,48034.2,48125.2,0
2023-01-11 13:15:00,1673423100,48120.3,48158.1,47941.7,47984.5,0
2023-01-11 14:15:00,1673426700,47988.1,48223,47976.4,48145.3,0
2023-01-11 15:15:00,1673430300,48158.6,48256.9,48094.2,48119.8,0
2023-01-12 09:15:00,1673495100,48104.4,48202.5,47903.1,47953.6,0
2023-01-12 10:15:00,1673498700,47948.6,47948.6,47666.7,47689.6,0
2023-01-12 11:15:00,1673502300,47689.4,47793.6,47630.4,47725.8,0
2023-01-12 12:15:00,1673505900,47729.8,47909.4,47651.1,47726.5,0
2023-01-12 13:15:00,1673509500,47722,47764.7,47515.9,47744,0
2023-01-12 14:15:00,1673513100,47746.7,47946.5,47724.2,47889.3,0
2023-01-12 15:15:00,1673516700,47882.6,47940.6,47876.9,47895.1,0
2023-01-13 09:15:00,1673581500,47985.1,47988.1,47623.8,47707.7,0
2023-01-13 10:15:00,1673585100,47703,47812.7,47667.1,47737,0
2023-01-13 11:15:00,1673588700,47734.3,47804.4,47666.2,47795.7,0
2023-01-13 12:15:00,1673592300,47791.6,48135.1,47791.6,48130.2,0
2023-01-13 13:15:00,1673595900,48142.3,48255.9,48104.5,48226.6,0
2023-01-13 14:15:00,1673599500,48226.2,48226.2,48050.3,48161.1,0
2023-01-13 15:15:00,1673603100,48166,48197,48124,48124,0
2023-01-16 09:15:00,1673840700,48467.6,48528.8,48228.9,48375.4,0
2023-01-16 10:15:00,1673844300,48369.9,48369.9,48247.5,48252.3,0
2023-01-16 11:15:00,1673847900,48254.2,48254.2,48049.5,48049.5,0
2023-01-16 12:15:00,1673851500,48048.9,48098.1,47892,48089.6,0
2023-01-16 13:15:00,1673855100,48088.8,48223.6,47890.3,47928.1,0
2023-01-16 14:15:00,1673858700,47927.9,47953.8,47794.7,47872.2,0
2023-01-16 15:15:00,1673862300,47873,47940.9,47865.3,47890.6,0
2023-01-17 09:15:00,1673927100,47950.8,48131.3,47736.6,48089.7,0
2023-01-17 10:15:00,1673930700,48084.3,48128.2,47948.9,47999.1,0
2023-01-17 11:15:00,1673934300,47999.7,48052.6,47920,47985.9,0
2023-01-17 12:15:00,1673937900,47982.2,47982.2,47648.9,47666,0
2023-01-17 13:15:00,1673941500,47663.2,47782.3,47550.8,47748.2,0
2023-01-17 14:15:00,1673945100,47747.3,47986.8,47719.6,47986.8,0
2023-01-17 15:15:00,1673948700,47996.8,48046.3,47983.4,48011.4,0
2023-01-18 09:15:00,1674013500,48076.1,48251.9,47862.3,48225.5,0
2023-01-18 10:15:00,1674017100,48223.1,48235.4,48122.9,48230.8,0
2023-01-18 11:15:00,1674020700,48239.2,48343.8,48231.2,48271.1,0
2023-01-18 12:15:00,1674024300,48266.4,48273.7,48125.7,48129.2,0
2023-01-18 13:15:00,1674027900,48123.8,48231.2,48096.7,48148.8,0
2023-01-18 14:15:00,1674031500,48151.3,48279,48115.8,48168.6,0
2023-01-18 15:15:00,1674035100,48174.3,48257.2,48164.7,48228.7,0
2023-01-19 09:15:00,1674099900,48177.8,48231.6,48042.4,48100.9,0
2023-01-19 10:15:00,1674103500,48105,48252.4,48064.1,48085.7,0
2023-01-19 11:15:00,1674107100,48092.1,48151.9,48009.9,48108.2,0
2023-01-19 12:15:00,1674110700,48101,48129.2,47995.6,48029,0
2023-01-19 13:15:00,1674114300,48013.4,48094,47972.5,48088.7,0
2023-01-19 14:15:00,1674117900,48088.7,48104.3,47956.2,48009.1,0
2023-01-19 15:15:00,1674121500,48009.2,48045.2,47999.5,48029.6,0
2023-01-20 09:15:00,1674186300,48240.63,48394.88,48115.9,48382.92,0
2023-01-20 10:15:00,1674189900,48386.93,48433.86,48271.26,48271.26,0
2023-01-20 11:15:00,1674193500,48274.57,48329.51,48215.66,48277.31,0
2023-01-20 12:15:00,1674197100,48271.5,48381.03,48260.65,48343.67,0
2023-01-20 13:15:00,1674200700,48341.47,48357,48222.16,48289.29,0
2023-01-20 14:15:00,1674204300,48293.91,48317.34,48200.13,48222.53,0
2023-01-20 15:15:00,1674207900,48222.53,48241.2,48193.95,48217.29,0
2023-01-23 09:15:00,1674445500,48670.7,48791.8,48496.1,48701.5,0
2023-01-23 10:15:00,1674449100,48713.2,48758.3,48622.6,48628,0
2023-01-23 11:15:00,1674452700,48619.4,48667.9,48534,48566.7,0
2023-01-23 12:15:00,1674456300,48564.7,48637.9,48485.3,48552.8,0
2023-01-23 13:15:00,1674459900,48552.6,48627.2,48552.6,48593.5,0
2023-01-23 14:15:00,1674463500,48598.6,48643.3,48535.8,48608.5,0
2023-01-23 15:15:00,1674467100,48609.7,48612.2,48519,48544.2,0
2023-01-24 09:15:00,1674531900,48765.9,48813.1,48606.3,48618.6,0
2023-01-24 10:15:00,1674535500,48605.9,48635.1,48500.6,48505,0
2023-01-24 11:15:00,1674539100,48510.9,48510.9,48382.8,48434.2,0
2023-01-24 12:15:00,1674542700,48434.6,48482.7,48393.5,48401.9,0
2023-01-24 13:15:00,1674546300,48399.8,48427.2,48239.3,48317.2,0
2023-01-24 14:15:00,1674549900,48317.8,48404.6,48265.2,48385.8,0
2023-01-24 15:15:00,1674553500,48393.9,48393.9,48340.1,48385.9,0
2023-01-25 09:15:00,1674618300,48256.6,48353.7,47614.2,47632.4,0
2023-01-25 10:15:00,1674621900,47640.9,47678.3,47468.5,47541.1,0
2023-01-25 11:15:00,1674625500,47544.1,47559.8,47068.9,47328.3,0
2023-01-25 12:15:00,1674629100,47329.4,47403.1,47178.9,47337.4,0
2023-01-25 13:15:00,1674632700,47339.6,47509.6,47279.8,47450.3,0
2023-01-25 14:15:00,1674636300,47451.5,47452.8,47131.5,47222.3,0
2023-01-25 15:15:00,1674639900,47218.7,47250.1,47202.5,47224,0
2023-01-27 09:15:00,1674791100,47102.7,47102.7,46122.2,46135.7,0
2023-01-27 10:15:00,1674794700,46137.5,46383.1,46055.3,46103,0
2023-01-27 11:15:00,1674798300,46105.9,46154.1,45858.4,45873.4,0
2023-01-27 12:15:00,1674801900,45865.8,45887.4,45514.1,45721.9,0
2023-01-27 13:15:00,1674805500,45753.4,45899.9,45570.1,45576.6,0
2023-01-27 14:15:00,1674809100,45588.4,45775.9,45588.4,45757.9,0
2023-01-27 15:15:00,1674812700,45769.3,45844.4,45745.4,45809.5,0
2023-01-30 09:15:00,1675050300,45249,46226.3,44959.8,45746.3,0
2023-01-30 10:15:00,1675053900,45743.6,45764.5,45289.6,45339.1,0
2023-01-30 11:15:00,1675057500,45331.9,45543.4,45297.8,45397,0
2023-01-30 12:15:00,1675061100,45387.3,45408.8,45075.1,45075.1,0
2023-01-30 13:15:00,1675064700,45077.4,45167.5,44706.8,45142.8,0
2023-01-30 14:15:00,1675068300,45143.1,45863.2,45046.8,45863.2,0
2023-01-30 15:15:00,1675071900,45869.9,45890.8,45814.7,45824.9,0
2023-01-31 09:15:00,1675136700,45989.4,46029.2,45537.7,45641.8,0
2023-01-31 10:15:00,1675140300,45649.8,45940.9,45609.3,45847.8,0
2023-01-31 11:15:00,1675143900,45852.1,46106.4,45818.8,45965.1,0
2023-01-31 12:15:00,1675147500,45972,46177.2,45916,46107.1,0
2023-01-31 13:15:00,1675151100,46111,46259.5,46030.7,46044.4,0
2023-01-31 14:15:00,1675154700,46043,46131.3,45920.6,46131.3,0
2023-01-31 15:15:00,1675158300,46149.7,46240,46112.8,46240,0
2023-02-01 09:15:00,1675223100,46530.6,46670.8,46421.1,46636.4,0
2023-02-01 10:15:00,1675226700,46634.4,46847.2,46609.8,46744.1,0
2023-02-01 11:15:00,1675230300,46740.3,46826.4,46472.1,46701.1,0
2023-02-01 12:15:00,1675233900,46696.5,47581.8,46644.6,47399.6,0
2023-02-01 13:15:00,1675237500,47385.7,47407.7,46234.3,46469.8,0
2023-02-01 14:15:00,1675241100,46471.9,46471.9,44728.1,45871.6,0
2023-02-01 15:15:00,1675244700,45872.3,46006.2,45872.3,45890.7,0
2023-02-02 09:15:00,1675309500,45434.2,46036.7,45017.8,45706.4,0
2023-02-02 10:15:00,1675313100,45713.4,45895.7,45425.8,45773.4,0
2023-02-02 11:15:00,1675316700,45772.7,45968.6,45659.4,45833.9,0
2023-02-02 12:15:00,1675320300,45833.6,45860.9,45561.9,45659.2,0
2023-02-02 13:15:00,1675323900,45667.1,45741.8,45410.9,45706.4,0
2023-02-02 14:15:00,1675327500,45709.4,46161.6,45705.6,46055.1,0
2023-02-02 15:15:00,1675331100,46045.5,46174.8,46016.8,46123.9,0
2023-02-03 09:15:00,1675395900,46500.9,46737.8,46333.2,46572.7,0
2023-02-03 10:15:00,1675399500,46572.2,46593.1,46161.1,46287.9,0
2023-02-03 11:15:00,1675403100,46290.1,46305.8,45983.2,46293.4,0
2023-02-03 12:15:00,1675406700,46295.5,46393.7,46248,46379.9,0
2023-02-03 13:15:00,1675410300,46383.6,46614.4,46301.1,46599,0
2023-02-03 14:15:00,1675413900,46596.9,47053.7,46596.9,47028.6,0
2023-02-03 15:15:00,1675417500,47023.6,47050.8,46942.6,46970.1,0
2023-02-06 09:15:00,1675655100,47145.2,47233.8,46842.4,47089.5,0
2023-02-06 10:15:00,1675658700,47088.9,47092.7,46696.2,46782.6,0
2023-02-06 11:15:00,1675662300,46785.2,46937,46772.4,46794.1,0
2023-02-06 12:15:00,1675665900,46797.6,46884.1,46765.8,46790,0
2023-02-06 13:15:00,1675669500,46802.1,46993.7,46780.3,46931,0
2023-02-06 14:15:00,1675673100,46922.2,46932.5,46768.9,46810.4,0
2023-02-06 15:15:00,1675676700,46806.3,46832.6,46777.6,46796.2,0
2023-02-07 09:15:00,1675741500,46855.53,47018.38,46794.15,46855.96,0
2023-02-07 10:15:00,1675745100,46855.35,47010.82,46814.74,46970.19,0
2023-02-07 11:15:00,1675748700,46960.35,46988.05,46804.76,46840.59,0
2023-02-07 12:15:00,1675752300,46839.35,46839.35,46543.06,46562.84,0
2023-02-07 13:15:00,1675755900,46558.21,46937.77,46552.56,46890.54,0
2023-02-07 14:15:00,1675759500,46882.97,47107.53,46846.61,46955.31,0
2023-02-07 15:15:00,1675763100,46960.9,46960.9,46899.82,46942.53,0
2023-02-08 09:15:00,1675827900,46965.94,47287.05,46962.73,47137.8,0
2023-02-08 10:15:00,1675831500,47146.43,47153.59,46839.54,46981.74,0
2023-02-08 11:15:00,1675835100,46983.67,47066.95,46894.44,46947.47,0
2023-02-08 12:15:00,1675838700,46941.66,47007.26,46898.97,46968.54,0
2023-02-08 13:15:00,1675842300,46968.65,47045.2,46876.35,46992.97,0
2023-02-08 14:15:00,1675845900,46995.62,47030.77,46941.49,47003.03,0
2023-02-08 15:15:00,1675849500,46999.22,47023.57,46917.84,46919.17,0
2023-02-09 09:15:00,1675914300,47032.6,47044.4,46659.2,46824.8,0
2023-02-09 10:15:00,1675917900,46824.8,46861.6,46740,46805.4,0
2023-02-09 11:15:00,1675921500,46792.4,46881.5,46704.2,46706.1,0
2023-02-09 12:15:00,1675925100,46703.6,46789.8,46687.3,46740.5,0
2023-02-09 13:15:00,1675928700,46727.9,47005.2,46701.9,46951.2,0
2023-02-09 14:15:00,1675932300,46965.4,47010.1,46895.8,46997.5,0
2023-02-09 15:15:00,1675935900,47009.2,47067.4,46999.7,47008.6,0
2023-02-10 09:15:00,1676000700,46918.6,47125.9,46812,47063.7,0
2023-02-10 10:15:00,1676004300,47065.5,47157.3,47013.9,47109.6,0
2023-02-10 11:15:00,1676007900,47108.6,47119,46997.7,47002.1,0
2023-02-10 12:15:00,1676011500,47002.1,47083.5,46962.2,46994.8,0
2023-02-10 13:15:00,1676015100,46999.5,47068.9,46956.6,47037,0
2023-02-10 14:15:00,1676018700,47034.6,47055.9,46946.4,47016.3,0
2023-02-10 15:15:00,1676022300,47010.4,47042.1,46974.8,47001.1,0
2023-02-13 09:15:00,1676259900,47007,47139.9,46642.3,46695.6,0
2023-02-13 10:15:00,1676263500,46700.2,46834.2,46674.6,46781.7,0
2023-02-13 11:15:00,1676267100,46772.5,46791.3,46617.9,46667.1,0
2023-02-13 12:15:00,1676270700,46665.2,46678.6,46548.1,46669.4,0
2023-02-13 13:15:00,1676274300,46668,46768.9,46657.2,46699.8,0
2023-02-13 14:15:00,1676277900,46700.2,46761.2,46668.4,46675.4,0
2023-02-13 15:15:00,1676281500,46673.9,46697.5,46641.1,46641.1,0
2023-02-14 09:15:00,1676346300,46728.8,46805.5,46582.2,46681.8,0
2023-02-14 10:15:00,1676349900,46672.8,46700.7,46618.9,46674,0
2023-02-14 11:15:00,1676353500,46676.9,46787.5,46634.5,46783.8,0
2023-02-14 12:15:00,1676357100,46784.1,46868.6,46755.9,46837.5,0
2023-02-14 13:15:00,1676360700,46834.6,47077.6,46793.8,47057.6,0
2023-02-14 14:15:00,1676364300,47061.1,47151.2,47023.1,47066.9,0
2023-02-14 15:15:00,1676367900,47063.3,47094.3,47038,47055.1,0
2023-02-15 09:15:00,1676432700,47202.1,47202.1,46885.06,47012.63,0
2023-02-15 10:15:00,1676436300,47020.37,47111.68,46999.81,47109.72,0
2023-02-15 11:15:00,1676439900,47110.8,47185.61,46960.76,47029.83,0
2023-02-15 12:15:00,1676443500,47045.06,47085.92,46992.61,47002.01,0
2023-02-15 13:15:00,1676447100,47003.26,47085.65,46906.28,46923.49,0
2023-02-15 14:15:00,1676450700,46923.76,47192.64,46891.67,47179.01,0
2023-02-15 15:15:00,1676454300,47180.67,47252.18,47167.25,47213.88,0
2023-02-16 09:15:00,1676519100,47437.1,47484.9,47285.9,47345.9,0
2023-02-16 10:15:00,1676522700,47343.8,47371.6,47251.8,47317,0
2023-02-16 11:15:00,1676526300,47318.7,47347.2,47226.1,47242.4,0
2023-02-16 12:15:00,1676529900,47239.5,47262.2,47128,47229.3,0
2023-02-16 13:15:00,1676533500,47226.8,47331.5,47191.1,47240.1,0
2023-02-16 14:15:00,1676537100,47247.8,47271.4,47101.9,47107.1,0
2023-02-16 15:15:00,1676540700,47101.7,47118.5,46972.1,47017.8,0
2023-02-17 09:15:00,1676605500,46828.1,46975.6,46788.8,46808.8,0
2023-02-17 10:15:00,1676609100,46804.4,46856.5,46681.4,46711,0
2023-02-17 11:15:00,1676612700,46705.5,46768.8,46623.3,46635.9,0
2023-02-17 12:15:00,1676616300,46639.5,46642.9,46318.2,46333.4,0
2023-02-17 13:15:00,1676619900,46322.7,46409.2,46238.8,46321.9,0
2023-02-17 14:15:00,1676623500,46309.6,46547.2,46309.6,46547.2,0
2023-02-17 15:15:00,1676627100,46545.1,46564,46506.9,46548.4,0
2023-02-20 09:15:00,1676864700,46582.4,46694.1,46469.6,46544.9,0
2023-02-20 10:15:00,1676868300,46552,46597.1,46444.9,46468,0
2023-02-20 11:15:00,1676871900,46455.1,46472.8,46225.7,46231.9,0
2023-02-20 12:15:00,1676875500,46225.9,46316.8,46156.5,46253.4,0
2023-02-20 13:15:00,1676879100,46249.1,46284.8,46055.1,46064.2,0
2023-02-20 14:15:00,1676882700,46076.6,46086.4,45875.4,45998.4,0
2023-02-20 15:15:00,1676886300,45999.5,46089.5,45999.5,46022,0
2023-02-21 09:15:00,1676951100,46068.2,46122.8,45802,46098.9,0
2023-02-21 10:15:00,1676954700,46118.9,46235.9,46118.9,46186.9,0
2023-02-21 11:15:00,1676958300,46184.2,46258.8,45983.8,46044.1,0
2023-02-21 12:15:00,1676961900,46050,46064.9,45888,45977.3,0
2023-02-21 13:15:00,1676965500,45986.1,46089,45931.4,46068.5,0
2023-02-21 14:15:00,1676969100,46066.9,46075,45877.3,45972.8,0
2023-02-21 15:15:00,1676972700,45965.4,46023.5,45947.1,46023.5,0
2023-02-22 09:15:00,1677037500,45749,45803.8,45587.3,45631.3,0
2023-02-22 10:15:00,1677041100,45622.3,45637.7,45393.8,45436.5,0
2023-02-22 11:15:00,1677044700,45437.9,45482.4,45327,45392.5,0
2023-02-22 12:15:00,1677048300,45388,45428.9,45290.7,45339.2,0
2023-02-22 13:15:00,1677051900,45342.8,45377.3,45145.1,45159.7,0
2023-02-22 14:15:00,1677055500,45153.6,45370.2,45121.9,45283.9,0
2023-02-22 15:15:00,1677059100,45289,45289,45184.3,45203.4,0
2023-02-23 09:15:00,1677123900,45225,45387.3,44834.5,45267.4,0
2023-02-23 10:15:00,1677127500,45286.7,45430,45086.1,45199.8,0
2023-02-23 11:15:00,1677131100,45198.8,45240.3,45037.1,45075.7,0
2023-02-23 12:15:00,1677134700,45061.5,45348.7,45048,45303,0
2023-02-23 13:15:00,1677138300,45309.7,45453,45235.8,45386.7,0
2023-02-23 14:15:00,1677141900,45384.5,45442.5,45201.9,45284.1,0
2023-02-23 15:15:00,1677145500,45283.6,45391.7,45280.3,45391.7,0
2023-02-24 09:15:00,1677210300,45642.6,45693.4,45348.4,45442.2,0
2023-02-24 10:15:00,1677213900,45443.6,45536.9,45275.1,45373.5,0
2023-02-24 11:15:00,1677217500,45365.6,45470.6,45317,45374.4,0
2023-02-24 12:15:00,1677221100,45355.7,45357,45208,45258.5,0
2023-02-24 13:15:00,1677224700,45262.4,45393.3,45138.2,45162.2,0
2023-02-24 14:15:00,1677228300,45181.3,45283.7,45116.3,45273.3,0
2023-02-24 15:15:00,1677231900,45267.5,45273.7,45203.2,45233.1,0
2023-02-27 09:15:00,1677469500,45078.7,45504.6,45072.4,45203.6,0
2023-02-27 10:15:00,1677473100,45196.5,45514.6,45196.5,45503.3,0
2023-02-27 11:15:00,1677476700,45504.6,45666.7,45431.9,45514.5,0
2023-02-27 12:15:00,1677480300,45504.6,45622.6,45468.4,45473.8,0
2023-02-27 13:15:00,1677483900,45461.8,45700.8,45460.3,45642.6,0
2023-02-27 14:15:00,1677487500,45635.9,45737.1,45524.2,45727.4,0
2023-02-27 15:15:00,1677491100,45735.3,45762.1,45697.6,45751.3,0
2023-02-28 09:15:00,1677555900,45766.4,45778.8,45596,45655.4,0
2023-02-28 10:15:00,1677559500,45656.7,45756.6,45591.1,45668.7,0
2023-02-28 11:15:00,1677563100,45671.1,45722.1,45603.6,45676.6,0
2023-02-28 12:15:00,1677566700,45679.3,45731.3,45597.4,45641.6,0
2023-02-28 13:15:00,1677570300,45636.7,45701.6,45420.9,45460,0
2023-02-28 14:15:00,1677573900,45424.7,45726.9,45413.2,45584.9,0
2023-02-28 15:15:00,1677577500,45576,45644,45545,45627,0
2023-03-01 09:15:00,1677642300,45764,46000.8,45695.4,45937.9,0
2023-03-01 10:15:00,1677645900,45924,46049.3,45897.8,46039.3,0
2023-03-01 11:15:00,1677649500,46048.1,46117.7,45985.9,45985.9,0
2023-03-01 12:15:00,1677653100,45980.5,46051.7,45923.1,45986.8,0
2023-03-01 13:15:00,1677656700,45992.7,46144.7,45934.4,46087.7,0
2023-03-01 14:15:00,1677660300,46087.8,46161.1,46059.4,46137.2,0
2023-03-01 15:15:00,1677663900,46140.4,46165.6,46119,46137.6,0
2023-03-02 09:15:00,1677728700,46102.4,46188.7,45927.4,45993,0
2023-03-02 10:15:00,1677732300,45999.3,46086.2,45944.1,46037,0
2023-03-02 11:15:00,1677735900,46035.4,46058.2,45953.6,46035.2,0
2023-03-02 12:15:00,1677739500,46014.9,46014.9,45887.2,45888,0
2023-03-02 13:15:00,1677743100,45885.3,45945.7,45724.1,45800.4,0
2023-03-02 14:15:00,1677746700,45803.9,45848.2,45728.9,45769,0
2023-03-02 15:15:00,1677750300,45756.1,45758.5,45646.5,45656,0
2023-03-03 09:15:00,1677815100,45979,46419.5,45979,46419.5,0
2023-03-03 10:15:00,1677818700,46420.1,46706.9,46396.8,46625.7,0
2023-03-03 11:15:00,1677822300,46606.7,46781.1,46589.4,46735.8,0
2023-03-03 12:15:00,1677825900,46724.3,46751.7,46593.7,46650.8,0
2023-03-03 13:15:00,1677829500,46653.1,46811.4,46649.1,46784.1,0
2023-03-03 14:15:00,1677833100,46801,46854.5,46672.6,46672.6,0
2023-03-03 15:15:00,1677836700,46686.5,46712.4,46640.9,46665.1,0
2023-03-06 09:15:00,1678074300,46866.7,47141.5,46820,47132.5,0
2023-03-06 10:15:00,1678077900,47121.9,47167.3,46870.2,46940.5,0
2023-03-06 11:15:00,1678081500,46949.2,46949.2,46796.3,46867.9,0
2023-03-06 12:15:00,1678085100,46874.3,46910.8,46791.8,46840.9,0
2023-03-06 13:15:00,1678088700,46871.1,46881.6,46720.6,46764.7,0
2023-03-06 14:15:00,1678092300,46764.5,46857.3,46719.2,46823,0
2023-03-06 15:15:00,1678095900,46830.6,46871.4,46801.9,46832,0
2023-03-08 09:15:00,1678247100,46574.3,46800.8,46515.6,46688.9,0
2023-03-08 10:15:00,1678250700,46674.4,46716.1,46617.8,46661.4,0
2023-03-08 11:15:00,1678254300,46662.7,46740.2,46629.1,46705.1,0
2023-03-08 12:15:00,1678257900,46695.9,46776.2,46672.6,46706.2,0
2023-03-08 13:15:00,1678261500,46708,46910.2,46689.6,46892.3,0
2023-03-08 14:15:00,1678265100,46886.7,47055.9,46818.3,47026.7,0
2023-03-08 15:15:00,1678268700,47033.3,47071.6,47011.4,47023.4,0
2023-03-09 09:15:00,1678333500,47055.4,47087,46886.1,46921.7,0
2023-03-09 10:15:00,1678337100,46918.4,47015.7,46900.1,47004.2,0
2023-03-09 11:15:00,1678340700,47018,47106.7,46917,46951.8,0
2023-03-09 12:15:00,1678344300,46951.8,46951.8,46825.8,46891,0
2023-03-09 13:15:00,1678347900,46889.9,46928.4,46772.2,46820.8,0
2023-03-09 14:15:00,1678351500,46811.8,46840.8,46661.9,46666.2,0
2023-03-09 15:15:00,1678355100,46658.5,46679.8,46618.7,46644.4,0
2023-03-10 09:15:00,1678419900,46127,46191.9,45745.6,45883.6,0
2023-03-10 10:15:00,1678423500,45885.1,46010,45847.1,45934.6,0
2023-03-10 11:15:00,1678427100,45923.6,45977.6,45837.1,45837.1,0
2023-03-10 12:15:00,1678430700,45836.9,45908.2,45745.2,45879.3,0
2023-03-10 13:15:00,1678434300,45875.6,45883,45720.3,45804.5,0
2023-03-10 14:15:00,1678437900,45790,45851.8,45671.7,45811.8,0
2023-03-10 15:15:00,1678441500,45816.9,45863.7,45811.9,45834.4,0
2023-03-13 09:15:00,1678679100,45635.3,46106.7,45606.3,45904.5,0
2023-03-13 10:15:00,1678682700,45900.4,45920.3,45706.5,45728.8,0
2023-03-13 11:15:00,1678686300,45731.5,45796,45484.2,45512.7,0
2023-03-13 12:15:00,1678689900,45519.4,45523.3,45195.6,45208.9,0
2023-03-13 13:15:00,1678693500,45191.4,45270.5,44888.9,44923.9,0
2023-03-13 14:15:00,1678697100,44922.9,44946.2,44685.4,44742.7,0
2023-03-13 15:15:00,1678700700,44748.1,44945.4,44747.7,44888.1,0
2023-03-14 09:15:00,1678765500,44650.1,44988.9,44504.7,44703.5,0
2023-03-14 10:15:00,1678769100,44702.8,44709.8,44314.4,44328.3,0
2023-03-14 11:15:00,1678772700,44316.5,44465.9,44273.4,44366.7,0
2023-03-14 12:15:00,1678776300,44380.9,44843.1,44376.8,44435.7,0
2023-03-14 13:15:00,1678779900,44426.1,44695.1,44368.9,44504.3,0
2023-03-14 14:15:00,1678783500,44513,44748.4,44390.1,44667.5,0
2023-03-14 15:15:00,1678787100,44659.2,44687.5,44535.4,44687.5,0
2023-03-15 09:15:00,1678851900,45058.7,45145.4,44871.3,44940.4,0
2023-03-15 10:15:00,1678855500,44929.2,44985.4,44736.5,44784.7,0
2023-03-15 11:15:00,1678859100,44789,44959.1,44755.5,44760,0
2023-03-15 12:15:00,1678862700,44745.7,44767.3,44516.1,44561.8,0
2023-03-15 13:15:00,1678866300,44548.7,44653.4,44419.5,44505.1,0
2023-03-15 14:15:00,1678869900,44502.4,44547.4,44198.6,44218.4,0
2023-03-15 15:15:00,1678873500,44240.7,44248.6,44106.1,44210.2,0
2023-03-16 09:15:00,1678938300,44147.9,44311,43803.2,43871.6,0
2023-03-16 10:15:00,1678941900,43871.9,44520.5,43849.3,44431,0
2023-03-16 11:15:00,1678945500,44427.9,44446.6,44015.2,44015.2,0
2023-03-16 12:15:00,1678949100,44010.6,44233.4,43934.1,44152.1,0
2023-03-16 13:15:00,1678952700,44157.4,44465.7,44089.5,44448.8,0
2023-03-16 14:15:00,1678956300,44454.8,44641.8,44205.4,44338.4,0
2023-03-16 15:15:00,1678959900,44332.6,44468.2,44327.9,44463.6,0
2023-03-17 09:15:00,1679024700,44745.2,44864.5,44485.8,44516,0
2023-03-17 10:15:00,1679028300,44514.8,44620,44346.6,44350.9,0
2023-03-17 11:15:00,1679031900,44346.9,44462.3,44218,44257.8,0
2023-03-17 12:15:00,1679035500,44245.5,44338,44160.6,44316.2,0
2023-03-17 13:15:00,1679039100,44313.6,44501.7,44253.7,44460,0
2023-03-17 14:15:00,1679042700,44459.7,44987.5,44320.3,44932.7,0
2023-03-17 15:15:00,1679046300,44932.2,45029.2,44913.7,44990.1,0
2023-03-20 09:15:00,1679283900,44675.1,44767.6,44406.5,44477.2,0
2023-03-20 10:15:00,1679287500,44478.1,44768.3,44319.1,44614.3,0
2023-03-20 11:15:00,1679291100,44633.3,44633.3,44357,44372.1,0
2023-03-20 12:15:00,1679294700,44368.1,44446.3,44246.1,44361.3,0
2023-03-20 13:15:00,1679298300,44358.2,44455.1,44227.1,44403.7,0
2023-03-20 14:15:00,1679301900,44403.1,44729.2,44351.1,44709.3,0
2023-03-20 15:15:00,1679305500,44698.7,44748.2,44695.9,44698.4,0
2023-03-21 09:15:00,1679370300,44993.6,44993.6,44691.7,44939.1,0
2023-03-21 10:15:00,1679373900,44933.6,44949.4,44810.6,44852.4,0
2023-03-21 11:15:00,1679377500,44853.4,44889.4,44700.9,44777.9,0
2023-03-21 12:15:00,1679381100,44776.1,45090,44768.1,45079.1,0
2023-03-21 13:15:00,1679384700,45082.9,45201.1,44979.2,45144.1,0
2023-03-21 14:15:00,1679388300,45150.4,45342.1,45142.4,45219.6,0
2023-03-21 15:15:00,1679391900,45223,45288.7,45201.4,45243,0
2023-03-22 09:15:00,1679456700,45353.6,45455.4,45193.8,45289,0
2023-03-22 10:15:00,1679460300,45284.9,45331.6,45177.6,45248.6,0
2023-03-22 11:15:00,1679463900,45248.7,45347.1,45216.6,45265.4,0
2023-03-22 12:15:00,1679467500,45259.4,45347.1,45253.1,45289.8,0
2023-03-22 13:15:00,1679471100,45291.3,45378.3,45255.9,45321.5,0
2023-03-22 14:15:00,1679474700,45320.1,45363.2,45162.5,45363.2,0
2023-03-22 15:15:00,1679478300,45364.7,45382.2,45309.9,45309.9,0
2023-03-23 09:15:00,1679543100,45211.5,45391.1,45034,45326.6,0
2023-03-23 10:15:00,1679546700,45336,45476,45276.1,45285.6,0
2023-03-23 11:15:00,1679550300,45284.9,45400.8,45254.3,45383.8,0
2023-03-23 12:15:00,1679553900,45386.7,45547,45379.9,45456.7,0
2023-03-23 13:15:00,1679557500,45455.5,45525,45305.3,45317.6,0
2023-03-23 14:15:00,1679561100,45285.2,45308.8,44856,44869.4,0
2023-03-23 15:15:00,1679564700,44885.4,44914.4,44833.9,44868.3,0
2023-03-24 09:15:00,1679629500,44747,44987.2,44711.9,44848.3,0
2023-03-24 10:15:00,1679633100,44849.5,44943.4,44788.1,44929,0
2023-03-24 11:15:00,1679636700,44952.6,45092.9,44898.7,45047.8,0
2023-03-24 12:15:00,1679640300,45048.1,45103.4,44852.3,45047.5,0
2023-03-24 13:15:00,1679643900,45039.1,45074,44852.6,44903.3,0
2023-03-24 14:15:00,1679647500,44903.8,44915.9,44699.8,44738.5,0
2023-03-24 15:15:00,1679651100,44745.1,44749,44564.7,44629.9,0
2023-03-27 09:15:00,1679888700,44758.7,44892,44593.1,44823.6,0
2023-03-27 10:15:00,1679892300,44823.5,44888.4,44632.8,44672.3,0
2023-03-27 11:15:00,1679895900,44673.9,44817.8,44558.9,44738.4,0
2023-03-27 12:15:00,1679899500,44743.8,44874.7,44706.8,44718.4,0
2023-03-27 13:15:00,1679903100,44691.2,44819.3,44613.1,44791.5,0
2023-03-27 14:15:00,1679906700,44792.8,45026.4,44723.8,44745.2,0
2023-03-27 15:15:00,1679910300,44745.8,44745.8,44570.3,44605.9,0
2023-03-28 09:15:00,1679975100,44835.8,44883,44691.5,44769.2,0
2023-03-28 10:15:00,1679978700,44770.9,44796.2,44617.4,44708.3,0
2023-03-28 11:15:00,1679982300,44723.8,44821.7,44678.5,44698.6,0
2023-03-28 12:15:00,1679985900,44700.6,44866.8,44672.9,44833.9,0
2023-03-28 13:15:00,1679989500,44840.6,44852.8,44642.2,44648.4,0
2023-03-28 14:15:00,1679993100,44649.8,44890,44581.4,44836.6,0
2023-03-28 15:15:00,1679996700,44806.8,44943.6,44806.8,44940.5,0
2023-03-29 09:15:00,1680061500,44769.3,45043.1,44769.3,45001.3,0
2023-03-29 10:15:00,1680065100,44994.1,45200.1,44986.1,45076.5,0
2023-03-29 11:15:00,1680068700,45081.1,45142.4,44970.5,44972.9,0
2023-03-29 12:15:00,1680072300,44974.6,45086.1,44932.7,45030.7,0
2023-03-29 13:15:00,1680075900,45029.6,45222.4,45029.6,45203.7,0
2023-03-29 14:15:00,1680079500,45215.2,45300.4,44988.2,45277.3,0
2023-03-29 15:15:00,1680083100,45287.8,45415.6,45271.1,45355.2,0
2023-03-31 09:15:00,1680234300,45473.1,45907.6,45428.5,45797.1,0
2023-03-31 10:15:00,1680237900,45809.3,45854.5,45719.7,45822.1,0
2023-03-31 11:15:00,1680241500,45830.7,45943.9,45812.3,45840.2,0
2023-03-31 12:15:00,1680245100,45841.3,45953.8,45799,45892.1,0
2023-03-31 13:15:00,1680248700,45891.5,46031,45867.7,45975.4,0
2023-03-31 14:15:00,1680252300,45977.3,46118.1,45935.7,46042.9,0
2023-03-31 15:15:00,1680255900,46045.7,46045.7,45951.5,46011.1,0
2023-04-03 09:15:00,1680493500,46087.6,46154.4,45969.1,46121,0
2023-04-03 10:15:00,1680497100,46105.1,46117.2,46011.9,46015.9,0
2023-04-03 11:15:00,1680500700,46012.1,46207.9,45989.7,46125.1,0
2023-04-03 12:15:00,1680504300,46132.7,46203.6,46101.8,46145.6,0
2023-04-03 13:15:00,1680507900,46133.5,46267.4,46124.6,46263.5,0
2023-04-03 14:15:00,1680511500,46260.8,46318.5,46219,46290.9,0
2023-04-03 15:15:00,1680515100,46289.1,46329.2,46248.8,46303.4,0
2023-04-05 09:15:00,1680666300,46327.6,46420,46245.7,46372.6,0
2023-04-05 10:15:00,1680669900,46374,46387.7,46260.5,46307.9,0
2023-04-05 11:15:00,1680673500,46308,46354.5,46290.9,46341.8,0
2023-04-05 12:15:00,1680677100,46342.4,46544.2,46333.4,46525.1,0
2023-04-05 13:15:00,1680680700,46524.4,46524.4,46341.4,46414,0
2023-04-05 14:15:00,1680684300,46407.9,46477.1,46371,46423.7,0
2023-04-05 15:15:00,1680687900,46412.5,46476.4,46407.3,46458.8,0
2023-04-06 09:15:00,1680752700,46441.2,46629.2,46228.8,46572.6,0
2023-04-06 10:15:00,1680756300,46578.7,46737.2,46506.5,46726.9,0
2023-04-06 11:15:00,1680759900,46724.4,46734.1,46500.4,46548.1,0
2023-04-06 12:15:00,1680763500,46542.3,46610.8,46518.2,46550.7,0
2023-04-06 13:15:00,1680767100,46548.5,46609,46363.2,46396.8,0
2023-04-06 14:15:00,1680770700,46391.7,46520.1,46375.1,46479.6,0
2023-04-06 15:15:00,1680774300,46481.3,46493.5,46392.1,46458.8,0
2023-04-10 09:15:00,1681098300,46531.6,46573.4,46271.9,46315.6,0
2023-04-10 10:15:00,1681101900,46316.7,46362.3,46267.4,46318.8,0
2023-04-10 11:15:00,1681105500,46322.6,46452.3,46258.8,46411.5,0
2023-04-10 12:15:00,1681109100,46407.1,46509.4,46396.6,46406.1,0
2023-04-10 13:15:00,1681112700,46408.6,46440.5,46271.5,46271.5,0
2023-04-10 14:15:00,1681116300,46273.8,46288.3,46150.9,46232.1,0
2023-04-10 15:15:00,1681119900,46229.9,46285.5,46188.7,46188.7,0
2023-04-11 09:15:00,1681184700,46673.9,46855.1,46581.5,46834.3,0
2023-04-11 10:15:00,1681188300,46836.2,46938,46792.8,46907.4,0
2023-04-11 11:15:00,1681191900,46908.1,46977.8,46876.2,46879.1,0
2023-04-11 12:15:00,1681195500,46884.9,46965.8,46827.5,46839.8,0
2023-04-11 13:15:00,1681199100,46839.8,47000.9,46834.4,46974.3,0
2023-04-11 14:15:00,1681202700,46962.8,47025.4,46922.6,47006.5,0
2023-04-11 15:15:00,1681206300,47014.5,47033.4,46963.9,46982.1,0
2023-04-12 09:15:00,1681271100,46998.5,47080.7,46912.9,47003.3,0
2023-04-12 10:15:00,1681274700,46998.2,47077.6,46981.8,47047.1,0
2023-04-12 11:15:00,1681278300,47049.4,47106.2,47015.1,47023.9,0
2023-04-12 12:15:00,1681281900,47024.3,47075.6,47000.5,47044.1,0
2023-04-12 13:15:00,1681285500,47033.6,47162.1,47033.1,47092.9,0
2023-04-12 14:15:00,1681289100,47107.7,47162.3,47041.2,47147.5,0
2023-04-12 15:15:00,1681292700,47146.8,47208.4,47138.6,47142.9,0
2023-04-13 09:15:00,1681357500,47278.1,47369.5,47069.4,47286.1,0
2023-04-13 10:15:00,1681361100,47283.9,47321.4,47139.3,47151.7,0
2023-04-13 11:15:00,1681364700,47151,47284,47121.2,47228.2,0
2023-04-13 12:15:00,1681368300,47228.1,47306.3,47147.4,47237.9,0
2023-04-13 13:15:00,1681371900,47236.2,47502.2,47213.7,47437.9,0
2023-04-13 14:15:00,1681375500,47435.6,47847.6,47435.6,47847,0
2023-04-13 15:15:00,1681379100,47839.6,47855.6,47755.5,47764.4,0
2023-04-17 09:15:00,1681703100,48028.7,48193.5,47457.9,47599.4,0
2023-04-17 10:15:00,1681706700,47600.6,47929.5,47586.4,47777.6,0
2023-04-17 11:15:00,1681710300,47769.7,47864.2,47725.6,47810.4,0
2023-04-17 12:15:00,1681713900,47815.1,47960.3,47779.8,47853.9,0
2023-04-17 13:15:00,1681717500,47855.8,47965.8,47784.8,47947.9,0
2023-04-17 14:15:00,1681721100,47957.8,48015.9,47872.4,47994.8,0
2023-04-17 15:15:00,1681724700,47993.1,48022.8,47913.3,47944.4,0
2023-04-18 09:15:00,1681789500,47978.87,48173,47969.7,48042.1,0
2023-04-18 10:15:00,1681793100,48032.6,48166.5,48011.8,48137.1,0
2023-04-18 11:15:00,1681796700,48141.3,48181.1,48050.1,48115,0
2023-04-18 12:15:00,1681800300,48118.6,48189.5,48093.1,48162.1,0
2023-04-18 13:15:00,1681803900,48150.3,48150.3,47762.3,47900.8,0
2023-04-18 14:15:00,1681807500,47897,48026.6,47862.7,47911.1,0
2023-04-18 15:15:00,1681811100,47900.3,47931.9,47881,47926.7,0
2023-04-19 09:15:00,1681875900,47987.6,47993.9,47807.1,47862.1,0
2023-04-19 10:15:00,1681879500,47868.9,47891,47828.9,47852,0
2023-04-19 11:15:00,1681883100,47839.7,47848.2,47738.6,47786,0
2023-04-19 12:15:00,1681886700,47784.9,47909.2,47773.2,47815.2,0
2023-04-19 13:15:00,1681890300,47809.3,47863.7,47696.8,47776.5,0
2023-04-19 14:15:00,1681893900,47764.8,47870.4,47756.6,47851.6,0
2023-04-19 15:15:00,1681897500,47860.5,47880.9,47823.7,47823.7,0
2023-04-20 09:15:00,1681962300,47834.6,48081.6,47790.6,47960.3,0
2023-04-20 10:15:00,1681965900,47973,48025.6,47855.6,47917.7,0
2023-04-20 11:15:00,1681969500,47918.9,47983.8,47892.8,47935.8,0
2023-04-20 12:15:00,1681973100,47935.8,47983,47814.2,47868.8,0
2023-04-20 13:15:00,1681976700,47867.8,47916.7,47772.4,47805.1,0
2023-04-20 14:15:00,1681980300,47800.3,47965.3,47795.1,47965.3,0
2023-04-20 15:15:00,1681983900,47963.1,47994.7,47918.9,47994.7,0
2023-04-21 09:15:00,1682048700,47831.7,48108,47831.7,47947.9,0
2023-04-21 10:15:00,1682052300,47948.4,48012.9,47900.5,47952.6,0
2023-04-21 11:15:00,1682055900,47948.3,47949.4,47794.4,47846.6,0
2023-04-21 12:15:00,1682059500,47830.9,47841.5,47631.6,47660.8,0
2023-04-21 13:15:00,1682063100,47663.4,47824.9,47646.6,47772.7,0
2023-04-21 14:15:00,1682066700,47766.1,47874.1,47729.2,47846.7,0
2023-04-21 15:15:00,1682070300,47834.5,47835.4,47710,47785.7,0
2023-04-24 09:15:00,1682307900,48064,48158.3,47947.1,48034.6,0
2023-04-24 10:15:00,1682311500,48031.7,48088.9,47984,48082.6,0
2023-04-24 11:15:00,1682315100,48087.6,48126.5,48004.6,48082.1,0
2023-04-24 12:15:00,1682318700,48078.9,48285.3,48078.8,48281.6,0
2023-04-24 13:15:00,1682322300,48300,48444.8,48255.1,48431,0
2023-04-24 14:15:00,1682325900,48430.3,48438.6,48317.9,48398,0
2023-04-24 15:15:00,1682329500,48398.1,48450.5,48369.6,48394.8,0
2023-04-25 09:15:00,1682394300,48599.4,48599.4,48348.9,48583.4,0
2023-04-25 10:15:00,1682397900,48595.8,48626.1,48536.2,48581.3,0
2023-04-25 11:15:00,1682401500,48578.2,48652.4,48518.2,48543,0
2023-04-25 12:15:00,1682405100,48544.7,48592.5,48448.1,48538.6,0
2023-04-25 13:15:00,1682408700,48541.4,48620.4,48496.3,48600.4,0
2023-04-25 14:15:00,1682412300,48600.6,48623.7,48394.3,48452.8,0
2023-04-25 15:15:00,1682415900,48450.9,48450.9,48345.4,48383.1,0
2023-04-26 09:15:00,1682480700,48248.2,48408.4,48158.2,48261.9,0
2023-04-26 10:15:00,1682484300,48279.1,48390.5,48277.7,48361.5,0
2023-04-26 11:15:00,1682487900,48358.1,48442.6,48358.1,48389.9,0
2023-04-26 12:15:00,1682491500,48388,48526.6,48382,48433,0
2023-04-26 13:15:00,1682495100,48434.8,48528.2,48384.9,48525.6,0
2023-04-26 14:15:00,1682498700,48527.8,48635.1,48449.4,48609.5,0
2023-04-26 15:15:00,1682502300,48617.6,48649.4,48588,48604.6,0
2023-04-27 09:15:00,1682567100,48557.4,48726.7,48517.9,48597.9,0
2023-04-27 10:15:00,1682570700,48598.9,48674.5,48523.1,48564.8,0
2023-04-27 11:15:00,1682574300,48556.5,48669.4,48539.8,48631.6,0
2023-04-27 12:15:00,1682577900,48632.2,48672.4,48570,48615.8,0
2023-04-27 13:15:00,1682581500,48612.7,48764.5,48609.9,48715.3,0
2023-04-27 14:15:00,1682585100,48713.2,48817.5,48561.7,48803.4,0
2023-04-27 15:15:00,1682588700,48815.8,48836.1,48722.8,48754.2,0
2023-04-28 09:15:00,1682653500,48795.3,48876.5,48483,48504.7,0
2023-04-28 10:15:00,1682657100,48506.1,48582.5,48480.2,48561.2,0
2023-04-28 11:15:00,1682660700,48564.5,48648.6,48495.9,48618.1,0
2023-04-28 12:15:00,1682664300,48621.3,48701.7,48585.3,48671.1,0
2023-04-28 13:15:00,1682667900,48670.4,48790,48652.1,48768.5,0
2023-04-28 14:15:00,1682671500,48772.2,49027.1,48686.4,49009.7,0
2023-04-28 15:15:00,1682675100,48991.4,49047.4,48927.4,48927.4,0
2023-05-02 09:15:00,1682999100,49114.8,49214.2,48960.5,49121.2,0
2023-05-02 10:15:00,1683002700,49112,49135.7,49029.9,49088.2,0
2023-05-02 11:15:00,1683006300,49099.9,49181.8,49085.1,49155.2,0
2023-05-02 12:15:00,1683009900,49153.8,49176.6,49082,49082,0
2023-05-02 13:15:00,1683013500,49081.5,49158.6,49032.1,49131.6,0
2023-05-02 14:15:00,1683017100,49131.3,49189,49033.9,49040.7,0
2023-05-02 15:15:00,1683020700,49035,49058.2,48982,48992.1,0
2023-05-03 09:15:00,1683085500,48878,48890.8,48740.9,48832.3,0
2023-05-03 10:15:00,1683089100,48826.9,48988,48826.4,48885.5,0
2023-05-03 11:15:00,1683092700,48884.7,48903.6,48759.4,48793.7,0
2023-05-03 12:15:00,1683096300,48775.6,48921.1,48769.6,48872.4,0
2023-05-03 13:15:00,1683099900,48868.7,48948.3,48823.7,48902.9,0
2023-05-03 14:15:00,1683103500,48910.4,49026.6,48886.7,49026.6,0
2023-05-03 15:15:00,1683107100,49024.4,49032.1,48939.2,48941.4,0
2023-05-04 09:15:00,1683171900,49032.6,49056,48866.6,48984.5,0
2023-05-04 10:15:00,1683175500,48978,49095.8,48969.1,49082.9,0
2023-05-04 11:15:00,1683179100,49086.4,49103.9,49024.2,49024.2,0
2023-05-04 12:15:00,1683182700,49016.2,49156.2,49015.7,49102.1,0
2023-05-04 13:15:00,1683186300,49102.1,49199.5,49100.1,49183,0
2023-05-04 14:15:00,1683189900,49180.9,49452.7,49147.9,49442,0
2023-05-04 15:15:00,1683193500,49450.4,49458.7,49337.8,49357.3,0
2023-05-05 09:15:00,1683258300,48829.4,49474.7,48829.4,49455.4,0
2023-05-05 10:15:00,1683261900,49459.6,49486.7,49150.1,49205.7,0
2023-05-05 11:15:00,1683265500,49199.2,49204.9,48880.8,49048.4,0
2023-05-05 12:15:00,1683269100,49057.2,49154.7,49004,49048.4,0
2023-05-05 13:15:00,1683272700,49049.9,49075.6,48781.2,48878.1,0
2023-05-05 14:15:00,1683276300,48876.9,48910.1,48437.9,48489.2,0
2023-05-05 15:15:00,1683279900,48483.2,48524.4,48391.5,48461.4,0
2023-05-08 09:15:00,1683517500,48555.1,49216.6,48555.1,49077.9,0
2023-05-08 10:15:00,1683521100,49059.7,49255.3,49059.7,49165.3,0
2023-05-08 11:15:00,1683524700,49160.1,49246.4,49118.6,49198.6,0
2023-05-08 12:15:00,1683528300,49198.5,49244,49137.3,49188.2,0
2023-05-08 13:15:00,1683531900,49194.8,49323.4,49152.3,49270.2,0
2023-05-08 14:15:00,1683535500,49257.3,49257.3,49087.9,49210.1,0
2023-05-08 15:15:00,1683539100,49208.8,49274.2,49180.4,49212.7,0
2023-05-09 09:15:00,1683603900,49354.7,49398.9,49164.7,49306.9,0
2023-05-09 10:15:00,1683607500,49310.3,49380.4,49282.7,49323.7,0
2023-05-09 11:15:00,1683611100,49324.6,49435.9,49299.9,49386.7,0
2023-05-09 12:15:00,1683614700,49385.4,49442.3,49324,49324,0
2023-05-09 13:15:00,1683618300,49326.7,49359.6,49040.1,49177.8,0
2023-05-09 14:15:00,1683621900,49149,49248.9,49088.9,49115.8,0
2023-05-09 15:15:00,1683625500,49122.7,49129.4,49023.4,49062.6,0
2023-05-10 09:15:00,1683690300,49153.3,49302.6,48674.8,48778,0
2023-05-10 10:15:00,1683693900,48769.9,49037.7,48769.9,48992.4,0
2023-05-10 11:15:00,1683697500,48992.2,49154.8,48966.8,49098.2,0
2023-05-10 12:15:00,1683701100,49097.8,49176.3,49083.7,49158.1,0
2023-05-10 13:15:00,1683704700,49162.3,49189.1,48964.1,49189.1,0
2023-05-10 14:15:00,1683708300,49200.7,49294.2,49096.8,49273.4,0
2023-05-10 15:15:00,1683711900,49262.6,49294.4,49212,49262.9,0
2023-05-11 09:15:00,1683776700,49546.4,49599.5,49302.7,49524.3,0
2023-05-11 10:15:00,1683780300,49530,49584.4,49475,49502.7,0
2023-05-11 11:15:00,1683783900,49501.7,49558.8,49388.7,49407.9,0
2023-05-11 12:15:00,1683787500,49406.5,49536.6,49404.2,49502.1,0
2023-05-11 13:15:00,1683791100,49496.5,49559.6,49460.7,49497.8,0
2023-05-11 14:15:00,1683794700,49505,49614.8,49349.7,49429.7,0
2023-05-11 15:15:00,1683798300,49416.8,49476.9,49400.4,49464.7,0
2023-05-12 09:15:00,1683863100,49426,49472,49282.1,49358.7,0
2023-05-12 10:15:00,1683866700,49366.5,49522.2,49359.9,49494.4,0
2023-05-12 11:15:00,1683870300,49487.9,49509.9,49397.1,49481,0
2023-05-12 12:15:00,1683873900,49485.4,49596.1,49463,49541.7,0
2023-05-12 13:15:00,1683877500,49539.9,49842.7,49534.4,49787.9,0
2023-05-12 14:15:00,1683881100,49785.2,49881.1,49728.5,49773.7,0
2023-05-12 15:15:00,1683884700,49780,49793.5,49735.8,49754.7,0
2023-05-15 09:15:00,1684122300,49869.7,49968.2,49613.9,49944,0
2023-05-15 10:15:00,1684125900,49985.1,50041.5,49899.3,50005.9,0
2023-05-15 11:15:00,1684129500,50004.9,50070.5,50003.8,50054.5,0
2023-05-15 12:15:00,1684133100,50048.6,50101.7,50005.1,50057.3,0
2023-05-15 13:15:00,1684136700,50054.8,50146.2,50029.1,50131.5,0
2023-05-15 14:15:00,1684140300,50134.6,50149,50008.1,50062.5,0
2023-05-15 15:15:00,1684143900,50063,50106.7,50029.6,50029.6,0
2023-05-16 09:15:00,1684208700,50178.5,50182.1,49838.2,50112.2,0
2023-05-16 10:15:00,1684212300,50119.9,50135,49967.1,50035.8,0
2023-05-16 11:15:00,1684215900,50035.8,50083.6,49981.8,50013.5,0
2023-05-16 12:15:00,1684219500,50021.9,50061.1,49920.6,50005.6,0
2023-05-16 13:15:00,1684223100,49998.8,50111.1,49973.5,50026.4,0
2023-05-16 14:15:00,1684226700,50025.1,50085.4,49835.8,49866,0
2023-05-16 15:15:00,1684230300,49862.9,49890.8,49765.7,49814.7,0
2023-05-17 09:15:00,1684295100,49841.4,49968.7,49751,49845.5,0
2023-05-17 10:15:00,1684298700,49837.3,49873.4,49707.5,49787.5,0
2023-05-17 11:15:00,1684302300,49779.4,49784.8,49446.9,49467.5,0
2023-05-17 12:15:00,1684305900,49474.2,49497.2,49355.6,49355.9,0
2023-05-17 13:15:00,1684309500,49350.7,49466.8,49313.3,49389.2,0
2023-05-17 14:15:00,1684313100,49391.1,49598.6,49348.2,49593.8,0
2023-05-17 15:15:00,1684316700,49582.8,49660.4,49582.8,49641.6,0
2023-05-18 09:15:00,1684381500,50054.9,50054.9,49746.9,49846.8,0
2023-05-18 10:15:00,1684385100,49852.4,50007,49810.6,49990.6,0
2023-05-18 11:15:00,1684388700,49987.6,50032.3,49921.3,49955.8,0
2023-05-18 12:15:00,1684392300,49958.7,49958.7,49806.4,49835.8,0
2023-05-18 13:15:00,1684395900,49863.9,49993.9,49670.9,49767.2,0
2023-05-18 14:15:00,1684399500,49765.6,49830.2,49556.6,49641.3,0
2023-05-18 15:15:00,1684403100,49643.7,49688.4,49591.1,49684.2,0
2023-05-19 09:15:00,1684467900,49813.4,49889,49428.8,49533.9,0
2023-05-19 10:15:00,1684471500,49531.9,49586.6,49466.9,49575.9,0
2023-05-19 11:15:00,1684475100,49571.7,49661.3,49511.1,49591.6,0
2023-05-19 12:15:00,1684478700,49590.6,49627.7,49495,49584.9,0
2023-05-19 13:15:00,1684482300,49589.3,49744,49505.7,49744,0
2023-05-19 14:15:00,1684485900,49752.7,49958,49724.6,49925.7,0
2023-05-19 15:15:00,1684489500,49933.1,49974.7,49909.1,49909.3,0
2023-05-22 09:15:00,1684727100,49799.4,49955.7,49707.5,49807,0
2023-05-22 10:15:00,1684730700,49807,49914.8,49787.7,49864.8,0
2023-05-22 11:15:00,1684734300,49842,49866.4,49762.9,49846.7,0
2023-05-22 12:15:00,1684737900,49845.9,49883.3,49728.9,49814.4,0
2023-05-22 13:15:00,1684741500,49811.5,49832.3,49577.1,49776,0
2023-05-22 14:15:00,1684745100,49788.4,49887.4,49664.6,49755.8,0
2023-05-22 15:15:00,1684748700,49751.7,49841.7,49719.9,49764.2,0
2023-05-23 09:15:00,1684813500,49900.8,49944.5,49760.8,49895.8,0
2023-05-23 10:15:00,1684817100,49896.4,49951.8,49862,49920.3,0
2023-05-23 11:15:00,1684820700,49922.9,49940.4,49840.4,49886.7,0
2023-05-23 12:15:00,1684824300,49886.5,49977.9,49858.2,49898.8,0
2023-05-23 13:15:00,1684827900,49902.4,49986.8,49863,49955.7,0
2023-05-23 14:15:00,1684831500,49954.6,50003.6,49841,49859.8,0
2023-05-23 15:15:00,1684835100,49844.3,49847,49737.2,49747.2,0
2023-05-24 09:15:00,1684899900,49668.8,49860,49591.2,49837.2,0
2023-05-24 10:15:00,1684903500,49828.4,49945.1,49783.5,49854.9,0
2023-05-24 11:15:00,1684907100,49853.3,49938.8,49788.8,49788.8,0
2023-05-24 12:15:00,1684910700,49788.9,49804.7,49630.8,49638.5,0
2023-05-24 13:15:00,1684914300,49637.1,49722.6,49595.7,49681.8,0
2023-05-24 14:15:00,1684917900,49680.9,49727.6,49517.9,49544.2,0
2023-05-24 15:15:00,1684921500,49546.5,49592.2,49531.1,49561.2,0
2023-05-25 09:15:00,1684986300,49481.2,49599.9,49413.1,49458.7,0
2023-05-25 10:15:00,1684989900,49444.6,49477.4,49355.6,49437.3,0
2023-05-25 11:15:00,1684993500,49439.9,49453.2,49329.7,49439.8,0
2023-05-25 12:15:00,1684997100,49447.2,49491.2,49299.8,49358.9,0
2023-05-25 13:15:00,1685000700,49359.1,49397.9,49273.1,49397.9,0
2023-05-25 14:15:00,1685004300,49394.2,49638.9,49380.5,49597.2,0
2023-05-25 15:15:00,1685007900,49590.6,49633.3,49560.6,49595.2,0
2023-05-26 09:15:00,1685072700,49634.9,49673.9,49466.3,49531.7,0
2023-05-26 10:15:00,1685076300,49531.7,49613.1,49500.3,49600.1,0
2023-05-26 11:15:00,1685079900,49603.8,49723.2,49585.7,49696.1,0
2023-05-26 12:15:00,1685083500,49704.5,49832.1,49694.1,49791.4,0
2023-05-26 13:15:00,1685087100,49786,50000.6,49758.6,49987.9,0
2023-05-26 14:15:00,1685090700,49975.8,50023.3,49908.6,49973.5,0
2023-05-26 15:15:00,1685094300,49981.3,49991.1,49937.2,49967.5,0
2023-05-29 09:15:00,1685331900,50118.9,50455.6,50118.9,50334.5,0
2023-05-29 10:15:00,1685335500,50331.2,50438.7,50327.3,50436.4,0
2023-05-29 11:15:00,1685339100,50443.3,50471.9,50362.6,50367,0
2023-05-29 12:15:00,1685342700,50368,50405.2,50328.3,50353.8,0
2023-05-29 13:15:00,1685346300,50347.9,50430.3,50347.9,50405.8,0
2023-05-29 14:15:00,1685349900,50408.7,50409.6,50235.8,50288.9,0
2023-05-29 15:15:00,1685353500,50290.4,50290.4,50234.2,50242,0
2023-05-30 09:15:00,1685418300,50269.7,50403,50193.1,50360.3,0
2023-05-30 10:15:00,1685421900,50360.3,50375.1,50236.9,50236.9,0
2023-05-30 11:15:00,1685425500,50242.6,50306.6,50208.6,50241.8,0
2023-05-30 12:15:00,1685429100,50241.8,50356.9,50232.4,50314.1,0
2023-05-30 13:15:00,1685432700,50311.2,50385.2,50282.5,50347,0
2023-05-30 14:15:00,1685436300,50344.9,50503.4,50332.6,50453.8,0
2023-05-30 15:15:00,1685439900,50462.8,50496.5,50439.6,50482,0
2023-05-31 09:15:00,1685504700,50318,50343.1,49995,50079.2,0
2023-05-31 10:15:00,1685508300,50088.6,50111.4,50001.7,50091.7,0
2023-05-31 11:15:00,1685511900,50091.6,50103.9,49805.1,49880.3,0
2023-05-31 12:15:00,1685515500,49884,49896.4,49727.8,49744.5,0
2023-05-31 13:15:00,1685519100,49743.6,49853.8,49715.8,49792.8,0
2023-05-31 14:15:00,1685522700,49801.7,50191.7,49781.4,50104.7,0
2023-05-31 15:15:00,1685526300,50097.9,50327.5,50088.4,50088.4,0
2023-06-01 09:15:00,1685591100,50062.9,50069.6,49836.6,49934.9,0
2023-06-01 10:15:00,1685594700,49932.1,49998.4,49896.4,49960.7,0
2023-06-01 11:15:00,1685598300,49961.2,49990.8,49898,49905,0
2023-06-01 12:15:00,1685601900,49906.9,50026.9,49891.3,50006.9,0
2023-06-01 13:15:00,1685605500,50018,50049.2,49845.9,49851.4,0
2023-06-01 14:15:00,1685609100,49853.6,49862,49632.2,49634.7,0
2023-06-01 15:15:00,1685612700,49605.2,49629.5,49521.5,49628.9,0
2023-06-02 09:15:00,1685677500,49800.4,49910.4,49685.2,49708.9,0
2023-06-02 10:15:00,1685681100,49707.2,49776.3,49646.4,49770.7,0
2023-06-02 11:15:00,1685684700,49766.3,49853.5,49730.9,49822.6,0
2023-06-02 12:15:00,1685688300,49827.1,49918.3,49795.4,49895.2,0
2023-06-02 13:15:00,1685691900,49896.1,49961.5,49806.9,49825.1,0
2023-06-02 14:15:00,1685695500,49813.7,49899.6,49703.1,49820.8,0
2023-06-02 15:15:00,1685699100,49824.5,49843,49707.9,49733.2,0
2023-06-05 09:15:00,1685936700,49913.6,50203.5,49913.6,50138.4,0
2023-06-05 10:15:00,1685940300,50138.4,50215,50096.9,50199.9,0
2023-06-05 11:15:00,1685943900,50197.5,50226.2,50096.4,50145.1,0
2023-06-05 12:15:00,1685947500,50145.4,50166.7,50103,50114.6,0
2023-06-05 13:15:00,1685951100,50114.6,50210.9,50107.1,50154,0
2023-06-05 14:15:00,1685954700,50154,50166,50001.4,50043.6,0
2023-06-05 15:15:00,1685958300,50055.2,50076,49985,50040.7,0
2023-06-06 09:15:00,1686023100,50010.8,50173.7,50010.8,50069,0
2023-06-06 10:15:00,1686026700,50069.3,50093.6,50003.6,50039.1,0
2023-06-06 11:15:00,1686030300,50039.1,50127.8,50006.8,50099.9,0
2023-06-06 12:15:00,1686033900,50099.9,50149.6,50073.2,50100.5,0
2023-06-06 13:15:00,1686037500,50104,50158.4,50071.5,50088.6,0
2023-06-06 14:15:00,1686041100,50088.2,50288.6,50051.1,50277.7,0
2023-06-06 15:15:00,1686044700,50277.9,50291,50220.3,50256.6,0
2023-06-07 09:15:00,1686109500,50346.9,50401.2,50276.5,50315.6,0
2023-06-07 10:15:00,1686113100,50310.2,50333.6,50210,50264.5,0
2023-06-07 11:15:00,1686116700,50264.5,50282.6,50190.9,50215.8,0
2023-06-07 12:15:00,1686120300,50218.2,50300.8,50199.8,50259.6,0
2023-06-07 13:15:00,1686123900,50261.5,50270.8,50179.4,50197.2,0
2023-06-07 14:15:00,1686127500,50197.5,50321.5,50187.6,50311.1,0
2023-06-07 15:15:00,1686131100,50314.6,50328.3,50281.6,50310.5,0
2023-06-08 09:15:00,1686195900,50264.1,50405.7,50054.7,50369.9,0
2023-06-08 10:15:00,1686199500,50374.8,50418.9,50351.8,50358.1,0
2023-06-08 11:15:00,1686203100,50358.1,50413.6,50213.9,50260.7,0
2023-06-08 12:15:00,1686206700,50261,50263,50167.9,50205.7,0
2023-06-08 13:15:00,1686210300,50205.7,50323,50123.5,50172,0
2023-06-08 14:15:00,1686213900,50169.1,50198.9,49867.6,49870.9,0
2023-06-08 15:15:00,1686217500,49879.5,49944.4,49807.2,49921.5,0
2023-06-09 09:15:00,1686282300,49889.2,50129.8,49808,50075.2,0
2023-06-09 10:15:00,1686285900,50076.8,50096.7,49962.4,50033.8,0
2023-06-09 11:15:00,1686289500,50042.1,50079.6,49989.1,50049.6,0
2023-06-09 12:15:00,1686293100,50049.6,50085.4,49908.5,49977.5,0
2023-06-09 13:15:00,1686296700,49974.1,49985.2,49839.9,49848.6,0
2023-06-09 14:15:00,1686300300,49852.1,49953.6,49821.6,49884.7,0
2023-06-09 15:15:00,1686303900,49894.2,49915.8,49851.2,49901.9,0
2023-06-12 09:15:00,1686541500,49902.7,49971.4,49813.4,49852.7,0
2023-06-12 10:15:00,1686545100,49848.8,49947.2,49848.2,49921.4,0
2023-06-12 11:15:00,1686548700,49920.2,49956.9,49858.1,49921.9,0
2023-06-12 12:15:00,1686552300,49921.9,49934.4,49838.9,49875.9,0
2023-06-12 13:15:00,1686555900,49880.8,49903.1,49828.3,49873.9,0
2023-06-12 14:15:00,1686559500,49873.7,49905.7,49769.5,49838.8,0
2023-06-12 15:15:00,1686563100,49838.1,49853,49815.2,49844.3,0
2023-06-13 09:15:00,1686627900,49742,50015.6,49741.2,49950.7,0
2023-06-13 10:15:00,1686631500,49950.5,50003.9,49919.6,49957.8,0
2023-06-13 11:15:00,1686635100,49957.8,50000.3,49875.6,49891.5,0
2023-06-13 12:15:00,1686638700,49891.7,49902.8,49856.4,49896.2,0
2023-06-13 13:15:00,1686642300,49899.1,49937.9,49797.4,49832.1,0
2023-06-13 14:15:00,1686645900,49837.6,49967.6,49802.3,49963.1,0
2023-06-13 15:15:00,1686649500,49954.8,49992.5,49935.8,49939.7,0
2023-06-14 09:15:00,1686714300,49985,50050,49778.2,49798.6,0
2023-06-14 10:15:00,1686717900,49797.4,49860.5,49761.4,49800.8,0
2023-06-14 11:15:00,1686721500,49800.8,49855.8,49774.7,49839.3,0
2023-06-14 12:15:00,1686725100,49843.1,49868.1,49788.9,49861.2,0
2023-06-14 13:15:00,1686728700,49861.2,49877.8,49793.5,49812.5,0
2023-06-14 14:15:00,1686732300,49816.7,49877.3,49764,49833.1,0
2023-06-14 15:15:00,1686735900,49829.8,49831.3,49763.6,49802.5,0
2023-06-15 09:15:00,1686800700,49777.2,49909.5,49651.5,49702.3,0
2023-06-15 10:15:00,1686804300,49693.2,49766.9,49664.6,49684.5,0
2023-06-15 11:15:00,1686807900,49685.4,49685.4,49493.1,49532.5,0
2023-06-15 12:15:00,1686811500,49528.5,49560.5,49392.8,49431.7,0
2023-06-15 13:15:00,1686815100,49430.5,49501.6,49279.5,49293.8,0
2023-06-15 14:15:00,1686818700,49284.1,49319,49144.4,49149.7,0
2023-06-15 15:15:00,1686822300,49147.1,49212.1,49140.7,49193.7,0
2023-06-16 09:15:00,1686887100,49242.1,49504.3,49242.1,49497.4,0
2023-06-16 10:15:00,1686890700,49497.4,49521.8,49439.3,49479.5,0
2023-06-16 11:15:00,1686894300,49479.4,49559,49430.2,49513,0
2023-06-16 12:15:00,1686897900,49513,49543,49471.4,49499.6,0
2023-06-16 13:15:00,1686901500,49499.4,49499.4,49385,49488,0
2023-06-16 14:15:00,1686905100,49488,49840.4,49486,49689.6,0
2023-06-16 15:15:00,1686908700,49686.2,49712.1,49569.3,49671.6,0
2023-06-19 09:15:00,1687146300,49759.9,49806,49537.5,49549.4,0
2023-06-19 10:15:00,1687149900,49546,49549,49199.6,49270.7,0
2023-06-19 11:15:00,1687153500,49284.9,49314.1,49183.3,49263.4,0
2023-06-19 12:15:00,1687157100,49261.7,49384.3,49164.8,49202.1,0
2023-06-19 13:15:00,1687160700,49200.5,49213.8,49126.9,49198.5,0
2023-06-19 14:15:00,1687164300,49196.9,49352.1,49149.5,49288.1,0
2023-06-19 15:15:00,1687167900,49289.2,49314.2,49244.7,49300.4,0
2023-06-20 09:15:00,1687232700,49272.5,49284.1,49027.8,49063.5,0
2023-06-20 10:15:00,1687236300,49063.3,49075.3,48960.4,49050.6,0
2023-06-20 11:15:00,1687239900,49049,49112.1,49004.7,49038.7,0
2023-06-20 12:15:00,1687243500,49039.3,49243.1,49009,49184.3,0
2023-06-20 13:15:00,1687247100,49184.3,49225.7,49108.1,49181.2,0
2023-06-20 14:15:00,1687250700,49181.5,49502.9,49142.4,49470.5,0
2023-06-20 15:15:00,1687254300,49484,49527.5,49464,49495.9,0
2023-06-21 09:15:00,1687319100,49554.8,49628.1,49405.5,49561.4,0
2023-06-21 10:15:00,1687322700,49562.1,49566.8,49395.8,49396.2,0
2023-06-21 11:15:00,1687326300,49398.8,49485.2,49369.4,49447.1,0
2023-06-21 12:15:00,1687329900,49447.7,49556.4,49418.7,49532.1,0
2023-06-21 13:15:00,1687333500,49531.2,49606.9,49520.1,49574.2,0
2023-06-21 14:15:00,1687337100,49570.9,49581.1,49455.9,49563.3,0
2023-06-21 15:15:00,1687340700,49569.2,49577.3,49496.5,49534.9,0
2023-06-22 09:15:00,1687405500,49582.5,49673.8,49442.4,49634.7,0
2023-06-22 10:15:00,1687409100,49628.7,49706.6,49616.9,49659.4,0
2023-06-22 11:15:00,1687412700,49656.5,49677.9,49552.6,49574.4,0
2023-06-22 12:15:00,1687416300,49571.6,49611.8,49453.2,49521.5,0
2023-06-22 13:15:00,1687419900,49519.7,49794.4,49487,49698.1,0
2023-06-22 14:15:00,1687423500,49697.3,49701.4,49397.8,49431.9,0
2023-06-22 15:15:00,1687427100,49433,49496.3,49407,49441.3,0
2023-06-23 09:15:00,1687491900,49365.2,49444.2,49236.9,49352.5,0
2023-06-23 10:15:00,1687495500,49370.2,49466.9,49328.1,49396,0
2023-06-23 11:15:00,1687499100,49401.5,49450.5,49354.9,49415,0
2023-06-23 12:15:00,1687502700,49421.8,49516.4,49365.5,49412.9,0
2023-06-23 13:15:00,1687506300,49416.2,49466.9,49316.7,49349,0
2023-06-23 14:15:00,1687509900,49346.6,49450.5,49278.8,49303,0
2023-06-23 15:15:00,1687513500,49303.5,49319.2,49255.6,49275.5,0
2023-06-26 09:15:00,1687751100,49333,49467.2,49257.5,49289.4,0
2023-06-26 10:15:00,1687754700,49289.2,49318,49212.3,49278.8,0
2023-06-26 11:15:00,1687758300,49278.2,49335.3,49244.3,49315.9,0
2023-06-26 12:15:00,1687761900,49315.4,49375.3,49246.2,49295.4,0
2023-06-26 13:15:00,1687765500,49311.5,49339.5,49226.8,49275.3,0
2023-06-26 14:15:00,1687769100,49276.2,49368.7,49206,49340.6,0
2023-06-26 15:15:00,1687772700,49339.8,49342.4,49251.7,49298.2,0
2023-06-27 09:15:00,1687837500,49495,49498.1,49355.7,49383.4,0
2023-06-27 10:15:00,1687841100,49382.9,49431.1,49364,49419.9,0
2023-06-27 11:15:00,1687844700,49416.8,49510.5,49411.4,49488.9,0
2023-06-27 12:15:00,1687848300,49486.6,49504.2,49410.5,49440.9,0
2023-06-27 13:15:00,1687851900,49439,49612.7,49435.6,49603.4,0
2023-06-27 14:15:00,1687855500,49614.1,49938,49602.7,49917.6,0
2023-06-27 15:15:00,1687859100,49917.1,49956.2,49877.5,49932.6,0
2023-06-28 09:15:00,1687923900,50149.4,50149.7,49911.9,49949.9,0
2023-06-28 10:15:00,1687927500,49957.5,50054.4,49908.8,50047.3,0
2023-06-28 11:15:00,1687931100,50047.3,50191.3,50020,50096.8,0
2023-06-28 12:15:00,1687934700,50098.5,50187.3,50024.5,50158.6,0
2023-06-28 13:15:00,1687938300,50168.6,50229.3,50108.9,50113,0
2023-06-28 14:15:00,1687941900,50111.3,50296,50021.8,50099.8,0
2023-06-28 15:15:00,1687945500,50085.4,50185.4,50026.6,50155,0
2023-06-30 09:15:00,1688096700,50244.5,50387.6,50176.4,50307.5,0
2023-06-30 10:15:00,1688100300,50308.9,50329.8,50235.2,50274.6,0
2023-06-30 11:15:00,1688103900,50269,50423.2,50265.1,50414.2,0
2023-06-30 12:15:00,1688107500,50419,50462.1,50327,50435.7,0
2023-06-30 13:15:00,1688111100,50435.9,50505.4,50406,50417.1,0
2023-06-30 14:15:00,1688114700,50417.5,50527.1,50404.6,50525.5,0
2023-06-30 15:15:00,1688118300,50519.6,50533.1,50443.8,50458.6,0
2023-07-03 09:15:00,1688355900,50668.6,51092.9,50549.2,51046.7,0
2023-07-03 10:15:00,1688359500,51041.7,51051.2,50807.5,50814.3,0
2023-07-03 11:15:00,1688363100,50821.4,50919.7,50762.8,50878.6,0
2023-07-03 12:15:00,1688366700,50878.6,51007.8,50841.2,50957.7,0
2023-07-03 13:15:00,1688370300,50957,51033.3,50876.5,50880.8,0
2023-07-03 14:15:00,1688373900,50883.5,50960.8,50839.5,50893.2,0
2023-07-03 15:15:00,1688377500,50889.2,50950.9,50883,50930.5,0
2023-07-04 09:15:00,1688442300,51053.1,51153.2,50752.5,50858.8,0
2023-07-04 10:15:00,1688445900,50863.2,51048.2,50845.1,51029.4,0
2023-07-04 11:15:00,1688449500,51036.6,51209.2,50982.4,51197.1,0
2023-07-04 12:15:00,1688453100,51198.9,51273.3,51177.3,51217.8,0
2023-07-04 13:15:00,1688456700,51217.8,51444.9,51084.1,51084.4,0
2023-07-04 14:15:00,1688460300,51064.4,51144.5,50970.4,51049.1,0
2023-07-04 15:15:00,1688463900,51051.5,51070.9,50966.2,51065.6,0
2023-07-05 09:15:00,1688528700,51002.3,51193.6,50870.4,50996.3,0
2023-07-05 10:15:00,1688532300,50993.4,51023.3,50891.4,50926.6,0
2023-07-05 11:15:00,1688535900,50927.2,51024.4,50869.3,50977.6,0
2023-07-05 12:15:00,1688539500,50971.8,51017.9,50911.1,50967.4,0
2023-07-05 13:15:00,1688543100,50967.4,50982.1,50824.1,50951.1,0
2023-07-05 14:15:00,1688546700,50951.1,50966,50827.2,50916.4,0
2023-07-05 15:15:00,1688550300,50921.9,50961.6,50905.2,50944,0
2023-07-06 09:15:00,1688615100,50860.1,51018,50693.9,50990.9,0
2023-07-06 10:15:00,1688618700,50987.8,50991.8,50857.3,50936.1,0
2023-07-06 11:15:00,1688622300,50937.4,51115.7,50923.4,51055.1,0
2023-07-06 12:15:00,1688625900,51062.6,51088.6,50989.1,50994.6,0
2023-07-06 13:15:00,1688629500,50986.7,51086.6,50949.1,51046.9,0
2023-07-06 14:15:00,1688633100,51046.2,51200.7,51027.6,51184.9,0
2023-07-06 15:15:00,1688636700,51181.8,51236,51114.4,51145.4,0
2023-07-07 09:15:00,1688701500,50971.5,51060.7,50844,51011.5,0
2023-07-07 10:15:00,1688705100,51009.1,51011.3,50715.1,50807.8,0
2023-07-07 11:15:00,1688708700,50800.7,50837.9,50648.1,50732.1,0
2023-07-07 12:15:00,1688712300,50732.1,50769.8,50647.9,50703.2,0
2023-07-07 13:15:00,1688715900,50708.5,50790.5,50672.6,50760.8,0
2023-07-07 14:15:00,1688719500,50755.6,50915,50702.1,50707.8,0
2023-07-07 15:15:00,1688723100,50704.4,50724.7,50605.7,50698.8,0
2023-07-10 09:15:00,1688960700,50768.6,50999.4,50665.4,50932.4,0
2023-07-10 10:15:00,1688964300,50943.8,50950.7,50775.6,50785.9,0
2023-07-10 11:15:00,1688967900,50781.2,50781.2,50566.1,50620.9,0
2023-07-10 12:15:00,1688971500,50619.6,50695.7,50554.5,50695.7,0
2023-07-10 13:15:00,1688975100,50696.3,50737.9,50592.4,50665,0
2023-07-10 14:15:00,1688978700,50669.6,50676.7,50477.1,50662.2,0
2023-07-10 15:15:00,1688982300,50660.8,50709.4,50619.1,50676.7,0
2023-07-11 09:15:00,1689047100,50756.3,50891.3,50726.3,50821.3,0
2023-07-11 10:15:00,1689050700,50817.9,50884.3,50792.6,50853.4,0
2023-07-11 11:15:00,1689054300,50849.1,50901.5,50807.3,50850.5,0
2023-07-11 12:15:00,1689057900,50846.1,50873.1,50783.3,50834.7,0
2023-07-11 13:15:00,1689061500,50828.4,50855.6,50654.4,50665.5,0
2023-07-11 14:15:00,1689065100,50658.1,50661.3,50352.8,50406.2,0
2023-07-11 15:15:00,1689068700,50401.3,50510.5,50394.3,50486.4,0
2023-07-12 09:15:00,1689133500,50560,50647.4,50398.1,50600.3,0
2023-07-12 10:15:00,1689137100,50596.9,50629.8,50461.5,50583.9,0
2023-07-12 11:15:00,1689140700,50582.2,50613.8,50482.2,50530,0
2023-07-12 12:15:00,1689144300,50529.2,50584.9,50452.9,50575.1,0
2023-07-12 13:15:00,1689147900,50578.1,50621.6,50535.6,50535.6,0
2023-07-12 14:15:00,1689151500,50539.7,50600.4,50262.7,50301.9,0
2023-07-12 15:15:00,1689155100,50306,50397.1,50286.8,50390.6,0
2023-07-13 09:15:00,1689219900,50686.9,50762.6,50526.4,50732.9,0
2023-07-13 10:15:00,1689223500,50738,50810.2,50686.9,50800.9,0
2023-07-13 11:15:00,1689227100,50801.5,50873,50709.9,50757.4,0
2023-07-13 12:15:00,1689230700,50754.4,50805.9,50709.6,50780,0
2023-07-13 13:15:00,1689234300,50771.4,50788.2,50494.4,50524.4,0
2023-07-13 14:15:00,1689237900,50522.4,50644.6,50385.6,50432.6,0
2023-07-13 15:15:00,1689241500,50434.4,50523.7,50375.3,50486.5,0
2023-07-14 09:15:00,1689306300,50600.5,50727.8,50510.2,50557.1,0
2023-07-14 10:15:00,1689309900,50560.8,50565.7,50383.1,50437.9,0
2023-07-14 11:15:00,1689313500,50439.5,50504.6,50338.3,50434.2,0
2023-07-14 12:15:00,1689317100,50433.1,50470.4,50357,50431,0
2023-07-14 13:15:00,1689320700,50431.3,50450.6,50259.4,50307.9,0
2023-07-14 14:15:00,1689324300,50311.2,50578.2,50234.6,50578.2,0
2023-07-14 15:15:00,1689327900,50591.4,50625.5,50561.2,50616.4,0
2023-07-17 09:15:00,1689565500,50644.5,50674.8,50410.3,50557.7,0
2023-07-17 10:15:00,1689569100,50564.4,50623.8,50491.9,50522,0
2023-07-17 11:15:00,1689572700,50522.2,50544.7,50453.8,50503.6,0
2023-07-17 12:15:00,1689576300,50502.7,50717.7,50469.3,50713.4,0
2023-07-17 13:15:00,1689579900,50709,50899.3,50687.1,50813.9,0
2023-07-17 14:15:00,1689583500,50818,51361.5,50808.3,51355.1,0
2023-07-17 15:15:00,1689587100,51361.6,51401.5,51305.4,51345.6,0
2023-07-18 09:15:00,1689651900,51512.6,51756.9,51356.3,51552.4,0
2023-07-18 10:15:00,1689655500,51548.6,51726.6,51524.2,51711,0
2023-07-18 11:15:00,1689659100,51709.7,51739.4,51110.9,51166.7,0
2023-07-18 12:15:00,1689662700,51169.9,51501.8,51072,51265.1,0
2023-07-18 13:15:00,1689666300,51267.3,51408.1,51219.2,51283.3,0
2023-07-18 14:15:00,1689669900,51293,51326.2,51085.5,51159.4,0
2023-07-18 15:15:00,1689673500,51159.9,51235.3,51115.8,51211.2,0
2023-07-19 09:15:00,1689738300,51379.7,51440.8,51300.5,51401.4,0
2023-07-19 10:15:00,1689741900,51404,51478,51317.4,51320.4,0
2023-07-19 11:15:00,1689745500,51315.1,51394.4,51269.5,51333.9,0
2023-07-19 12:15:00,1689749100,51330.8,51506.8,51323.4,51477.8,0
2023-07-19 13:15:00,1689752700,51475.5,51538.6,51409.8,51478.8,0
2023-07-19 14:15:00,1689756300,51477,51539.2,51334.9,51482.6,0
2023-07-19 15:15:00,1689759900,51484.9,51507.9,51466.6,51469.1,0
2023-07-20 09:15:00,1689824700,51478.1,51594.7,51453.5,51496.1,0
2023-07-20 10:15:00,1689828300,51497.4,51581.7,51475.1,51547.6,0
2023-07-20 11:15:00,1689831900,51546.6,51669.9,51508.4,51648.9,0
2023-07-20 12:15:00,1689835500,51648.9,51777.7,51626.4,51761,0
2023-07-20 13:15:00,1689839100,51757.6,52125.8,51757.6,52071.4,0
2023-07-20 14:15:00,1689842700,52068.9,52286,51973.3,52265.7,0
2023-07-20 15:15:00,1689846300,52254.2,52280.2,52149,52182.9,0
2023-07-21 09:15:00,1689911100,52078.5,52499.2,52058.9,52162,0
2023-07-21 10:15:00,1689914700,52167,52181.4,52058.4,52130.3,0
2023-07-21 11:15:00,1689918300,52134.1,52196.5,52015.9,52075.3,0
2023-07-21 12:15:00,1689921900,52082.6,52206,51952.9,52159.6,0
2023-07-21 13:15:00,1689925500,52159.6,52358.1,52142.4,52216.1,0
2023-07-21 14:15:00,1689929100,52222.3,52270.4,51978.2,52136.1,0
2023-07-21 15:15:00,1689932700,52140.5,52219.5,52124.5,52162.9,0
2023-07-24 09:15:00,1690170300,52206.1,52206.1,51896.8,51996.1,0
2023-07-24 10:15:00,1690173900,51990,52142.1,51973.6,52049.6,0
2023-07-24 11:15:00,1690177500,52044.9,52103.3,51757.3,51818.6,0
2023-07-24 12:15:00,1690181100,51817.3,52038,51783.8,51990.4,0
2023-07-24 13:15:00,1690184700,51985.4,52030.4,51831.3,51878.9,0
2023-07-24 14:15:00,1690188300,51878.1,51999.9,51786.2,51805.5,0
2023-07-24 15:15:00,1690191900,51812.8,51885.9,51791.1,51821.9,0
2023-07-25 09:15:00,1690256700,52125.9,52140.8,51813.4,51871.4,0
2023-07-25 10:15:00,1690260300,51873.1,51881.8,51667.3,51726.1,0
2023-07-25 11:15:00,1690263900,51731.8,51770.6,51555.3,51592.4,0
2023-07-25 12:15:00,1690267500,51597.4,51744.4,51593.8,51593.8,0
2023-07-25 13:15:00,1690271100,51599.1,51603.3,51365.9,51491.7,0
2023-07-25 14:15:00,1690274700,51492.2,51778.4,51492.2,51622.5,0
2023-07-25 15:15:00,1690278300,51617.8,51690.8,51608.3,51651.2,0
2023-07-26 09:15:00,1690343100,51686.4,51823.4,51642,51823.4,0
2023-07-26 10:15:00,1690346700,51820.7,51868.1,51724.9,51729.3,0
2023-07-26 11:15:00,1690350300,51729.3,51815.8,51684.4,51797.2,0
2023-07-26 12:15:00,1690353900,51794.3,51854.4,51750,51789.2,0
2023-07-26 13:15:00,1690357500,51793.6,51919.6,51789,51871.1,0
2023-07-26 14:15:00,1690361100,51867.5,51974.8,51794.9,51966.1,0
2023-07-26 15:15:00,1690364700,51959.2,51989.2,51888.3,51914.1,0
2023-07-27 09:15:00,1690429500,52086.4,52197.4,52047.2,52115.1,0
2023-07-27 10:15:00,1690433100,52108.6,52224.9,51961,52005.2,0
2023-07-27 11:15:00,1690436700,52008.5,52008.5,51703.4,51708.6,0
2023-07-27 12:15:00,1690440300,51710.1,51773.1,51588.3,51688,0
2023-07-27 13:15:00,1690443900,51687.6,51739.9,51535.3,51612.7,0
2023-07-27 14:15:00,1690447500,51606.7,51640.8,51415.5,51559.2,0
2023-07-27 15:15:00,1690451100,51565.4,51672.6,51552.4,51660,0
2023-07-28 09:15:00,1690515900,51471.4,51579.1,51141,51254.4,0
2023-07-28 10:15:00,1690519500,51254.4,51394.3,51216.8,51293.1,0
2023-07-28 11:15:00,1690523100,51293.1,51348.7,51207.4,51250.2,0
2023-07-28 12:15:00,1690526700,51251.9,51290.9,51152.8,51203.6,0
2023-07-28 13:15:00,1690530300,51200.9,51214,51060.4,51187.6,0
2023-07-28 14:15:00,1690533900,51185,51369.7,51129.9,51323.3,0
2023-07-28 15:15:00,1690537500,51329.1,51360.4,51280.7,51314.8,0
2023-07-31 09:15:00,1690775100,51291.4,51393,51179.1,51314.1,0
2023-07-31 10:15:00,1690778700,51319.4,51406.1,51273.8,51376.3,0
2023-07-31 11:15:00,1690782300,51370.9,51377.6,51293.8,51335,0
2023-07-31 12:15:00,1690785900,51331.8,51345.7,51216.2,51344.9,0
2023-07-31 13:15:00,1690789500,51344.4,51428.9,51320.4,51338.7,0
2023-07-31 14:15:00,1690793100,51337.1,51466.2,51326.3,51453.3,0
2023-07-31 15:15:00,1690796700,51447.7,51479.5,51387.7,51423.5,0
2023-08-01 09:15:00,1690861500,51409.7,51560.1,51409.7,51482,0
2023-08-01 10:15:00,1690865100,51488.4,51491.6,51312.2,51345.8,0
2023-08-01 11:15:00,1690868700,51345.7,51374,51267.9,51295,0
2023-08-01 12:15:00,1690872300,51294.5,51316.4,51194.2,51262.6,0
2023-08-01 13:15:00,1690875900,51263.8,51358.1,51202.6,51212.3,0
2023-08-01 14:15:00,1690879500,51210.3,51375.6,51199,51318.8,0
2023-08-01 15:15:00,1690883100,51323.9,51389.2,51284.1,51352.1,0
2023-08-02 09:15:00,1690947900,50871.2,51137.2,50870.6,50989.1,0
2023-08-02 10:15:00,1690951500,50988.9,50999.9,50669.7,50771.5,0
2023-08-02 11:15:00,1690955100,50770.9,50772.9,50639.2,50740.6,0
2023-08-02 12:15:00,1690958700,50737.4,50800.1,50612.2,50619.9,0
2023-08-02 13:15:00,1690962300,50619.4,50627.5,50362.4,50385.4,0
2023-08-02 14:15:00,1690965900,50381.7,50684.9,50339.1,50677.9,0
2023-08-02 15:15:00,1690969500,50673.2,50730.3,50615.2,50632,0
2023-08-03 09:15:00,1691034300,50459.9,50662.9,50373.9,50404,0
2023-08-03 10:15:00,1691037900,50402.9,50486.6,50339.4,50430.5,0
2023-08-03 11:15:00,1691041500,50434,50462.4,50299.1,50302,0
2023-08-03 12:15:00,1691045100,50302,50321.7,49978.4,50059.8,0
2023-08-03 13:15:00,1691048700,50058.1,50091.8,49820.1,49856.6,0
2023-08-03 14:15:00,1691052300,49857.2,50111.6,49849.3,50104.3,0
2023-08-03 15:15:00,1691055900,50124.4,50198.7,50121.9,50168.4,0
2023-08-04 09:15:00,1691120700,50322.9,50366.4,50082.7,50235.4,0
2023-08-04 10:15:00,1691124300,50242.2,50463.6,50180.1,50438.8,0
2023-08-04 11:15:00,1691127900,50427.1,50758.3,50427.1,50672.7,0
2023-08-04 12:15:00,1691131500,50679.7,50718.6,50461.8,50461.8,0
2023-08-04 13:15:00,1691135100,50464.6,50512.7,50124.9,50266.7,0
2023-08-04 14:15:00,1691138700,50266.7,50499.4,50183.6,50470.9,0
2023-08-04 15:15:00,1691142300,50473.1,50493.3,50380.3,50395.5,0
2023-08-07 09:15:00,1691379900,50519.7,50525.6,50330.6,50449.3,0
2023-08-07 10:15:00,1691383500,50448.1,50504.3,50288,50312.6,0
2023-08-07 11:15:00,1691387100,50316.6,50405.8,50287.9,50306.4,0
2023-08-07 12:15:00,1691390700,50307.2,50432.4,50298.3,50327,0
2023-08-07 13:15:00,1691394300,50330.9,50521.6,50308.2,50341.9,0
2023-08-07 14:15:00,1691397900,50342.7,50408.8,50276.4,50345.5,0
2023-08-07 15:15:00,1691401500,50343.8,50360.8,50303,50331.5,0
2023-08-08 09:15:00,1691466300,50368.4,50445.4,50319.1,50413.1,0
2023-08-08 10:15:00,1691469900,50410.9,50639.3,50374.1,50518.3,0
2023-08-08 11:15:00,1691473500,50518.1,50541.7,50409.5,50541.7,0
2023-08-08 12:15:00,1691477100,50542.3,50557.5,50433.1,50501.9,0
2023-08-08 13:15:00,1691480700,50501.9,50551.1,50457.4,50493,0
2023-08-08 14:15:00,1691484300,50499.5,50568.3,50387.6,50472.8,0
2023-08-08 15:15:00,1691487900,50460.7,50536.1,50454.2,50512.1,0
2023-08-09 09:15:00,1691552700,50441.6,50450.2,50147.1,50220.8,0
2023-08-09 10:15:00,1691556300,50217.5,50217.5,50031.6,50090.4,0
2023-08-09 11:15:00,1691559900,50095.8,50125.4,50031,50124.3,0
2023-08-09 12:15:00,1691563500,50119.6,50200,50064.6,50149.7,0
2023-08-09 13:15:00,1691567100,50150.4,50215.7,50080.4,50202,0
2023-08-09 14:15:00,1691570700,50204.2,50412.9,50151,50411.3,0
2023-08-09 15:15:00,1691574300,50411.3,50443.2,50323.6,50375.8,0
2023-08-10 09:15:00,1691639100,50340.5,50465.1,50168.4,50465.1,0
2023-08-10 10:15:00,1691642700,50456.5,50481.2,49942.9,50052.2,0
2023-08-10 11:15:00,1691646300,50053.6,50195.4,50035.2,50038.4,0
2023-08-10 12:15:00,1691649900,50038.4,50151.9,50021.1,50149.3,0
2023-08-10 13:15:00,1691653500,50144,50179.3,49868,50018.2,0
2023-08-10 14:15:00,1691657100,50006.7,50057.2,49925.7,49985.2,0
2023-08-10 15:15:00,1691660700,49990.8,50008.4,49910.4,49992.1,0
2023-08-11 09:15:00,1691725500,49988.3,49988.3,49669.4,49731.9,0
2023-08-11 10:15:00,1691729100,49727.5,49808.4,49717.1,49725,0
2023-08-11 11:15:00,1691732700,49725.3,49822.4,49720.6,49810.6,0
2023-08-11 12:15:00,1691736300,49810.6,49913,49680,49837.7,0
2023-08-11 13:15:00,1691739900,49837.7,49845.1,49700.8,49733.9,0
2023-08-11 14:15:00,1691743500,49739.9,49774.3,49537.1,49574.6,0
2023-08-11 15:15:00,1691747100,49577.8,49705.6,49565.7,49654.4,0
2023-08-14 09:15:00,1691984700,49473.7,49494.5,49174.9,49269.1,0
2023-08-14 10:15:00,1691988300,49277.9,49355.7,49234.9,49278.5,0
2023-08-14 11:15:00,1691991900,49280.3,49409,49277.2,49408.1,0
2023-08-14 12:15:00,1691995500,49402.7,49424.9,49268.8,49306.9,0
2023-08-14 13:15:00,1691999100,49302.1,49525.8,49260.6,49502.2,0
2023-08-14 14:15:00,1692002700,49503.1,49622.7,49456,49470.6,0
2023-08-14 15:15:00,1692006300,49465.4,49503.7,49369.2,49472,0
2023-08-16 09:15:00,1692157500,49200.5,49276.5,48957.1,49243.1,0
2023-08-16 10:15:00,1692161100,49242.5,49301,49180.6,49205.3,0
2023-08-16 11:15:00,1692164700,49210.5,49245.3,49122.2,49229.6,0
2023-08-16 12:15:00,1692168300,49231.1,49346.4,49211.9,49325.4,0
2023-08-16 13:15:00,1692171900,49326,49380,49255.1,49260.1,0
2023-08-16 14:15:00,1692175500,49260.1,49388.8,49232.1,49337,0
2023-08-16 15:15:00,1692179100,49337.6,49354.5,49274,49299.3,0
2023-08-17 09:15:00,1692243900,49249.9,49401.7,49203.4,49355.1,0
2023-08-17 10:15:00,1692247500,49354.1,49456.9,49332.6,49396.9,0
2023-08-17 11:15:00,1692251100,49388.4,49391.7,49199.3,49237.7,0
2023-08-17 12:15:00,1692254700,49236.9,49257.2,49101.3,49128.4,0
2023-08-17 13:15:00,1692258300,49128.4,49255,49115.2,49245.1,0
2023-08-17 14:15:00,1692261900,49238,49312.2,49191.5,49255,0
2023-08-17 15:15:00,1692265500,49252.8,49290.2,49213.9,49247.4,0
2023-08-18 09:15:00,1692330300,49182.8,49317.8,48985.3,49244.4,0
2023-08-18 10:15:00,1692333900,49244.4,49342.2,49232.5,49276.4,0
2023-08-18 11:15:00,1692337500,49281.3,49304.1,49225.4,49240.1,0
2023-08-18 12:15:00,1692341100,49235.6,49261.3,49186.6,49206.2,0
2023-08-18 13:15:00,1692344700,49205.2,49275.1,49134.5,49256.3,0
2023-08-18 14:15:00,1692348300,49253.3,49327.4,49202.8,49255.7,0
2023-08-18 15:15:00,1692351900,49255.7,49259.1,49121.3,49152.5,0
2023-08-21 09:15:00,1692589500,49225.6,49370.8,49210.2,49278.1,0
2023-08-21 10:15:00,1692593100,49273.3,49483.2,49273.3,49450.4,0
2023-08-21 11:15:00,1692596700,49453.5,49468.7,49345.7,49423,0
2023-08-21 12:15:00,1692600300,49423,49503.4,49403.7,49487.5,0
2023-08-21 13:15:00,1692603900,49484.3,49532.4,49427.8,49443.3,0
2023-08-21 14:15:00,1692607500,49445,49509.1,49390.9,49402.6,0
2023-08-21 15:15:00,1692611100,49402.1,49404.4,49331,49355.6,0
2023-08-22 09:15:00,1692675900,49509.3,49535.7,49427.6,49478.2,0
2023-08-22 10:15:00,1692679500,49478.9,49519.6,49448.9,49466.8,0
2023-08-22 11:15:00,1692683100,49468.4,49491,49431,49459.4,0
2023-08-22 12:15:00,1692686700,49459.7,49488.8,49399.5,49465.1,0
2023-08-22 13:15:00,1692690300,49463,49493.8,49405.1,49447.1,0
2023-08-22 14:15:00,1692693900,49449.9,49458.8,49312.2,49374.2,0
2023-08-22 15:15:00,1692697500,49374,49420.4,49314.9,49317.9,0
2023-08-23 09:15:00,1692762300,49456.3,49678.6,49329.4,49366.9,0
2023-08-23 10:15:00,1692765900,49366.2,49543.4,49322,49518.9,0
2023-08-23 11:15:00,1692769500,49519.8,49659.2,49497.9,49646.9,0
2023-08-23 12:15:00,1692773100,49644.7,49852.8,49605,49812,0
2023-08-23 13:15:00,1692776700,49814.7,50004.1,49804.3,49978.5,0
2023-08-23 14:15:00,1692780300,49978.5,50010.6,49915.8,49979.1,0
2023-08-23 15:15:00,1692783900,49978.2,49998,49923.9,49950.2,0
2023-08-24 09:15:00,1692848700,50142.2,50512.4,50130.9,50460,0
2023-08-24 10:15:00,1692852300,50464.1,50479.4,50169.5,50203.5,0
2023-08-24 11:15:00,1692855900,50201.2,50267,50102.2,50154.2,0
2023-08-24 12:15:00,1692859500,50157.6,50206.2,50072.6,50116,0
2023-08-24 13:15:00,1692863100,50112.8,50160.7,50061.1,50149.3,0
2023-08-24 14:15:00,1692866700,50149.8,50155.6,49970.2,50051.5,0
2023-08-24 15:15:00,1692870300,50054.1,50057.7,49944.1,50007.9,0
2023-08-25 09:15:00,1692935100,49851.5,49869,49609.7,49746.8,0
2023-08-25 10:15:00,1692938700,49747.7,49781.3,49460.1,49550.1,0
2023-08-25 11:15:00,1692942300,49545.9,49910.4,49529.5,49777.2,0
2023-08-25 12:15:00,1692945900,49779.9,49910.9,49749.9,49841.8,0
2023-08-25 13:15:00,1692949500,49843.5,49874.2,49782.6,49798.8,0
2023-08-25 14:15:00,1692953100,49799,49861.6,49680.9,49796,0
2023-08-25 15:15:00,1692956700,49798.1,49826,49651.6,49695.8,0
2023-08-28 09:15:00,1693194300,49760.2,49949.7,49253.3,49773.3,0
2023-08-28 10:15:00,1693197900,49774.1,49864.6,49743.7,49856.9,0
2023-08-28 11:15:00,1693201500,49859.6,49994.7,49852.2,49957.4,0
2023-08-28 12:15:00,1693205100,49959,50089.6,49942.3,50051.6,0
2023-08-28 13:15:00,1693208700,50044.7,50170.3,50031,50097.6,0
2023-08-28 14:15:00,1693212300,50097.3,50111.9,50017.4,50040.3,0
2023-08-28 15:15:00,1693215900,50036.1,50076.5,50006.7,50024.8,0
2023-08-29 09:15:00,1693280700,50172,50200.4,50065.3,50095.2,0
2023-08-29 10:15:00,1693284300,50091.8,50107.9,49990.9,50031.1,0
2023-08-29 11:15:00,1693287900,50031.1,50113.7,50021.1,50083.8,0
2023-08-29 12:15:00,1693291500,50080.1,50109.1,49990.4,50049.4,0
2023-08-29 13:15:00,1693295100,50049.4,50111.6,50024.7,50038.6,0
2023-08-29 14:15:00,1693298700,50036.5,50043.7,49941,49994.8,0
2023-08-29 15:15:00,1693302300,49998.2,50019.6,49978.6,50019.6,0
2023-08-30 09:15:00,1693367100,50126.8,50320.2,50126.8,50254.7,0
2023-08-30 10:15:00,1693370700,50253.8,50260.1,50174.2,50198.8,0
2023-08-30 11:15:00,1693374300,50198.8,50211.8,50136.8,50167.2,0
2023-08-30 12:15:00,1693377900,50170.4,50177.6,50086.2,50156.8,0
2023-08-30 13:15:00,1693381500,50160.8,50160.8,50016.9,50021.3,0
2023-08-30 14:15:00,1693385100,50021.3,50046.4,49652.5,49693.7,0
2023-08-30 15:15:00,1693388700,49696.7,49704.2,49613.9,49675.7,0
2023-08-31 09:15:00,1693453500,49740.6,49940.7,49573.7,49746.4,0
2023-08-31 10:15:00,1693457100,49747.1,49786.9,49503.8,49548.2,0
2023-08-31 11:15:00,1693460700,49547,49586,49437.2,49496.8,0
2023-08-31 12:15:00,1693464300,49496.2,49514.3,49355.9,49358.2,0
2023-08-31 13:15:00,1693467900,49361,49577.9,49340.9,49452.4,0
2023-08-31 14:15:00,1693471500,49448.4,49472.7,49332.4,49373.6,0
2023-08-31 15:15:00,1693475100,49379.2,49458.5,49321.4,49447.7,0
2023-09-01 09:15:00,1693539900,49408.9,49481.1,49233.9,49287.5,0
2023-09-01 10:15:00,1693543500,49280.9,49591.2,49280.2,49457.1,0
2023-09-01 11:15:00,1693547100,49457.1,49494.1,49378.9,49422.5,0
2023-09-01 12:15:00,1693550700,49421.3,49740,49401.3,49723.7,0
2023-09-01 13:15:00,1693554300,49718.9,49994,49661.9,49936.2,0
2023-09-01 14:15:00,1693557900,49932.7,50047.8,49856.4,49910.1,0
2023-09-01 15:15:00,1693561500,49895.2,49916.2,49810.4,49893.5,0
2023-09-04 09:15:00,1693799100,49994.1,50094.1,49812.2,49834.8,0
2023-09-04 10:15:00,1693802700,49837.5,49857.5,49682.4,49802.9,0
2023-09-04 11:15:00,1693806300,49814,49913.1,49790.3,49845.5,0
2023-09-04 12:15:00,1693809900,49847.1,49944.9,49847.1,49926.5,0
2023-09-04 13:15:00,1693813500,49928.3,49958.1,49847.3,49892.4,0
2023-09-04 14:15:00,1693817100,49890.1,49963.8,49854.3,49931.2,0
2023-09-04 15:15:00,1693820700,49931.9,49979.7,49909.3,49937.2,0
2023-09-05 09:15:00,1693885500,49959.5,50064.5,49892.5,50043.7,0
2023-09-05 10:15:00,1693889100,50039.3,50045.4,49874.4,49944,0
2023-09-05 11:15:00,1693892700,49940.9,49984.9,49849.6,49875.2,0
2023-09-05 12:15:00,1693896300,49877.2,49900.9,49809.6,49900.3,0
2023-09-05 13:15:00,1693899900,49900.9,49919.5,49801.8,49887.2,0
2023-09-05 14:15:00,1693903500,49887.7,49951.7,49861.1,49923.8,0
2023-09-05 15:15:00,1693907100,49927.1,49963.8,49897.2,49936.8,0
2023-09-06 09:15:00,1693971900,49836.7,49936.4,49796.6,49837.7,0
2023-09-06 10:15:00,1693975500,49839.6,49919.6,49801.7,49820.3,0
2023-09-06 11:15:00,1693979100,49820.6,49839.2,49666.6,49728.4,0
2023-09-06 12:15:00,1693982700,49721.9,49730,49593.7,49607,0
2023-09-06 13:15:00,1693986300,49603.2,49665,49506.1,49606.4,0
2023-09-06 14:15:00,1693989900,49606.4,49759.7,49591,49699.4,0
2023-09-06 15:15:00,1693993500,49706.2,49850.5,49698.6,49813.8,0
2023-09-07 09:15:00,1694058300,49745.8,49838,49658.8,49802.8,0
2023-09-07 10:15:00,1694061900,49805.8,50023.3,49763.4,50022.7,0
2023-09-07 11:15:00,1694065500,50024.2,50051.4,49777.1,49815.2,0
2023-09-07 12:15:00,1694069100,49815.2,49836.6,49748.8,49806.2,0
2023-09-07 13:15:00,1694072700,49802.2,50028.1,49800,50005.3,0
2023-09-07 14:15:00,1694076300,50004.9,50318.2,49994.9,50264.8,0
2023-09-07 15:15:00,1694079900,50259.2,50303.4,50231.6,50242.4,0
2023-09-08 09:15:00,1694144700,50370.7,50410.1,50222.2,50328.8,0
2023-09-08 10:15:00,1694148300,50333.7,50339.2,50210.8,50278,0
2023-09-08 11:15:00,1694151900,50280.9,50575.2,50257.1,50555.2,0
2023-09-08 12:15:00,1694155500,50555.8,50603.9,50504.1,50565.9,0
2023-09-08 13:15:00,1694159100,50563,50674.4,50466.7,50659.9,0
2023-09-08 14:15:00,1694162700,50660.4,50854.9,50487.8,50549.7,0
2023-09-08 15:15:00,1694166300,50556.1,50634.2,50530.2,50599.9,0
2023-09-11 09:15:00,1694403900,50826.7,50918.7,50660.4,50862.1,0
2023-09-11 10:15:00,1694407500,50865.5,50899.2,50756.6,50800.8,0
2023-09-11 11:15:00,1694411100,50800.3,50911.1,50796,50855.1,0
2023-09-11 12:15:00,1694414700,50856.8,50958.7,50853.5,50903.2,0
2023-09-11 13:15:00,1694418300,50906.8,50992.7,50877.9,50961.2,0
2023-09-11 14:15:00,1694421900,50956.7,51113.6,50944.9,51099.5,0
2023-09-11 15:15:00,1694425500,51104.1,51170.8,51101.5,51136.4,0
2023-09-12 09:15:00,1694490300,51406.1,51460.8,50981.2,51085,0
2023-09-12 10:15:00,1694493900,51083.1,51191.9,50965.4,51178.9,0
2023-09-12 11:15:00,1694497500,51178.4,51237.9,51099.4,51195.3,0
2023-09-12 12:15:00,1694501100,51201.2,51201.2,50922,51009.6,0
2023-09-12 13:15:00,1694504700,51006.9,51135.5,50952,51108.9,0
2023-09-12 14:15:00,1694508300,51114.6,51148.7,51041.6,51099.6,0
2023-09-12 15:15:00,1694511900,51112.1,51192.8,51094.2,51118.7,0
2023-09-13 09:15:00,1694576700,51038.7,51113,50914.4,51000.4,0
2023-09-13 10:15:00,1694580300,50999.7,51306.2,50970.1,51292.1,0
2023-09-13 11:15:00,1694583900,51292.1,51416.5,51278.9,51375.5,0
2023-09-13 12:15:00,1694587500,51371.2,51583.6,51345.6,51559,0
2023-09-13 13:15:00,1694591100,51559,51647.1,51506.5,51597.8,0
2023-09-13 14:15:00,1694594700,51599.3,51662.1,51540.8,51571.1,0
2023-09-13 15:15:00,1694598300,51567.8,51605.1,51495.8,51594.9,0
2023-09-14 09:15:00,1694663100,51685.4,51819.3,51493.2,51549.1,0
2023-09-14 10:15:00,1694666700,51545.1,51680.6,51450.2,51657.5,0
2023-09-14 11:15:00,1694670300,51656.2,51674.8,51546.2,51620.5,0
2023-09-14 12:15:00,1694673900,51630.8,51657.2,51466.1,51594.2,0
2023-09-14 13:15:00,1694677500,51594.2,51649.2,51449.9,51530.4,0
2023-09-14 14:15:00,1694681100,51525.4,51703.7,51523.7,51650.4,0
2023-09-14 15:15:00,1694684700,51647,51680.6,51607.7,51630.8,0
2023-09-15 09:15:00,1694749500,51707.1,51809.2,51662.4,51702.3,0
2023-09-15 10:15:00,1694753100,51705.1,51889.8,51684.7,51854.3,0
2023-09-15 11:15:00,1694756700,51854.3,51905.3,51823.7,51866.3,0
2023-09-15 12:15:00,1694760300,51868.4,51868.8,51657.4,51766.3,0
2023-09-15 13:15:00,1694763900,51760.9,51833.1,51706.4,51826.6,0
2023-09-15 14:15:00,1694767500,51827.2,51929.9,51805.4,51817.1,0
2023-09-15 15:15:00,1694771100,51815,51853.5,51739.3,51747.1,0
2023-09-18 09:15:00,1695008700,51680.6,51789.1,51664,51749.2,0
2023-09-18 10:15:00,1695012300,51749.8,51790.7,51716.2,51779.8,0
2023-09-18 11:15:00,1695015900,51779.6,51888.6,51739.5,51747.8,0
2023-09-18 12:15:00,1695019500,51746.8,51767.7,51694.4,51743.4,0
2023-09-18 13:15:00,1695023100,51743.4,51768.1,51674.5,51699.3,0
2023-09-18 14:15:00,1695026700,51699.1,51782.5,51577.4,51585.6,0
2023-09-18 15:15:00,1695030300,51577.8,51616.6,51529.2,51566.9,0
2023-09-20 09:15:00,1695181500,51143.7,51468.2,51011.3,51271.4,0
2023-09-20 10:15:00,1695185100,51276.2,51297.3,51073.4,51104.5,0
2023-09-20 11:15:00,1695188700,51106.9,51145.3,51046.5,51104.9,0
2023-09-20 12:15:00,1695192300,51102.9,51163.8,51042.3,51079.1,0
2023-09-20 13:15:00,1695195900,51079.1,51088.6,50975.1,51066.4,0
2023-09-20 14:15:00,1695199500,51065.6,51106.7,50969.9,51069,0
2023-09-20 15:15:00,1695203100,51071.2,51138.6,51058.9,51100.2,0
2023-09-21 09:15:00,1695267900,50762.5,50961.1,50685.1,50745.2,0
2023-09-21 10:15:00,1695271500,50736.6,50855.7,50686.5,50803.5,0
2023-09-21 11:15:00,1695275100,50805.3,50811.3,50475.4,50506.5,0
2023-09-21 12:15:00,1695278700,50503.8,50530,50312.1,50374.2,0
2023-09-21 13:15:00,1695282300,50375.4,50440.9,50204.2,50212.2,0
2023-09-21 14:15:00,1695285900,50219.1,50282.4,50139.6,50161.9,0
2023-09-21 15:15:00,1695289500,50172.4,50202.9,50145.6,50145.6,0
2023-09-22 09:15:00,1695354300,50225.6,50554.9,50132.4,50269.6,0
2023-09-22 10:15:00,1695357900,50261.1,50604.4,50221.2,50529.2,0
2023-09-22 11:15:00,1695361500,50533.7,50619.6,50434.6,50577.1,0
2023-09-22 12:15:00,1695365100,50570.2,50608,50470.8,50531.3,0
2023-09-22 13:15:00,1695368700,50535.6,50546.1,50275,50383.4,0
2023-09-22 14:15:00,1695372300,50380.4,50419,50161.3,50184.1,0
2023-09-22 15:15:00,1695375900,50180.9,50261.4,50164.3,50253.1,0
2023-09-25 09:15:00,1695613500,50303.3,50303.3,50009.3,50015.9,0
2023-09-25 10:15:00,1695617100,50015.2,50100.1,49955.4,49988.2,0
2023-09-25 11:15:00,1695620700,49986.9,50221.9,49971.8,50176.2,0
2023-09-25 12:15:00,1695624300,50177,50501,50171.4,50455.7,0
2023-09-25 13:15:00,1695627900,50455.7,50527.2,50183.4,50187.5,0
2023-09-25 14:15:00,1695631500,50186.7,50445,50149.8,50354.9,0
2023-09-25 15:15:00,1695635100,50351.3,50383.4,50315.6,50353.3,0
2023-09-26 09:15:00,1695699900,50349.2,50368.7,50148.8,50249.9,0
2023-09-26 10:15:00,1695703500,50243,50256.1,50134.1,50196.7,0
2023-09-26 11:15:00,1695707100,50196.7,50218.1,50127.3,50185.9,0
2023-09-26 12:15:00,1695710700,50184.1,50216,50042.4,50134.4,0
2023-09-26 13:15:00,1695714300,50145.2,50202.5,50123.4,50169.2,0
2023-09-26 14:15:00,1695717900,50168.4,50178.6,50070.6,50137.1,0
2023-09-26 15:15:00,1695721500,50130.9,50181.9,50123.1,50166,0
2023-09-27 09:15:00,1695786300,50103.3,50103.3,49645.4,49661.2,0
2023-09-27 10:15:00,1695789900,49665.1,49875.9,49623.9,49870.5,0
2023-09-27 11:15:00,1695793500,49865.6,49920.7,49764.1,49822.6,0
2023-09-27 12:15:00,1695797100,49823.6,49973.3,49804.6,49947.5,0
2023-09-27 13:15:00,1695800700,49953.7,50172.8,49917,50094,0
2023-09-27 14:15:00,1695804300,50096.3,50162.2,49998.9,50076.6,0
2023-09-27 15:15:00,1695807900,50073.4,50118.3,50056.7,50090,0
2023-09-28 09:15:00,1695872700,50261.7,50261.7,50044.7,50214.5,0
2023-09-28 10:15:00,1695876300,50205.6,50292.5,49971.6,49980.4,0
2023-09-28 11:15:00,1695879900,49982.5,50031.7,49926.7,49957.4,0
2023-09-28 12:15:00,1695883500,49954.8,50013.2,49881.6,49940.1,0
2023-09-28 13:15:00,1695887100,49947.8,49948.8,49824.4,49868.4,0
2023-09-28 14:15:00,1695890700,49868.7,49942.5,49812.1,49827.5,0
2023-09-28 15:15:00,1695894300,49830.6,49899.2,49781.1,49831.6,0
2023-09-29 09:15:00,1695959100,50024.1,50136.9,49877,50095.5,0
2023-09-29 10:15:00,1695962700,50097.8,50166,50006.4,50110.3,0
2023-09-29 11:15:00,1695966300,50109.7,50255.8,50076.7,50235.8,0
2023-09-29 12:15:00,1695969900,50236.3,50259.5,50126.9,50185.4,0
2023-09-29 13:15:00,1695973500,50188.5,50292.2,50149.7,50253.4,0
2023-09-29 14:15:00,1695977100,50256.2,50335.6,50132.6,50143.1,0
2023-09-29 15:15:00,1695980700,50136.4,50200,50114.2,50200,0
2023-10-03 09:15:00,1696304700,50134.1,50134.1,49803.8,49920.3,0
2023-10-03 10:15:00,1696308300,49927.5,49953.3,49845.4,49899.1,0
2023-10-03 11:15:00,1696311900,49899.6,49982.3,49883.5,49963.3,0
2023-10-03 12:15:00,1696315500,49963.7,50008.4,49918.9,49995.7,0
2023-10-03 13:15:00,1696319100,49996,50056.9,49900.8,49971,0
2023-10-03 14:15:00,1696322700,49971,50037,49941.1,50017.2,0
2023-10-03 15:15:00,1696326300,50021.2,50064.3,49982.2,50015.8,0
2023-10-04 09:15:00,1696391100,49793.4,49793.4,49398.4,49410.1,0
2023-10-04 10:15:00,1696394700,49409.1,49512.4,49361.3,49448.4,0
2023-10-04 11:15:00,1696398300,49448.4,49470,49264.4,49320.2,0
2023-10-04 12:15:00,1696401900,49323.6,49356.1,49262.6,49353.7,0
2023-10-04 13:15:00,1696405500,49357.1,49374.8,49255.6,49327.2,0
2023-10-04 14:15:00,1696409100,49319.2,49393.5,49283.4,49350.4,0
2023-10-04 15:15:00,1696412700,49356.9,49397.9,49305.5,49342.7,0
2023-10-05 09:15:00,1696477500,49591.9,49684.3,49492.2,49627,0
2023-10-05 10:15:00,1696481100,49620.9,49798.4,49524.4,49767.9,0
2023-10-05 11:15:00,1696484700,49763.9,49853.9,49749.4,49788.1,0
2023-10-05 12:15:00,1696488300,49782.9,49799.1,49699.4,49719.6,0
2023-10-05 13:15:00,1696491900,49722.7,49792.9,49704.7,49724.6,0
2023-10-05 14:15:00,1696495500,49724.3,49758.1,49658.1,49687.9,0
2023-10-05 15:15:00,1696499100,49678.7,49727,49631.4,49683.6,0
2023-10-06 09:15:00,1696563900,49945.9,49945.9,49720.4,49794.3,0
2023-10-06 10:15:00,1696567500,49793.4,50011.3,49784.4,49916.6,0
2023-10-06 11:15:00,1696571100,49916,49919,49734.3,49773.9,0
2023-10-06 12:15:00,1696574700,49773.9,49860.6,49734.8,49846.4,0
2023-10-06 13:15:00,1696578300,49848.3,49966.7,49832.5,49928.8,0
2023-10-06 14:15:00,1696581900,49932.1,49952.9,49816.9,49861.3,0
2023-10-06 15:15:00,1696585500,49862,49890.7,49798.8,49861.6,0
2023-10-09 09:15:00,1696823100,49320.7,49547.7,49235.9,49488.2,0
2023-10-09 10:15:00,1696826700,49482.7,49527.1,49423.2,49458.9,0
2023-10-09 11:15:00,1696830300,49458.3,49498.9,49440.8,49465.7,0
2023-10-09 12:15:00,1696833900,49460.6,49467.2,49281.1,49330.5,0
2023-10-09 13:15:00,1696837500,49331.7,49382.6,49310.8,49368.8,0
2023-10-09 14:15:00,1696841100,49365.7,49448.8,49321.3,49361.4,0
2023-10-09 15:15:00,1696844700,49363.2,49363.4,49318.1,49322.2,0
2023-10-10 09:15:00,1696909500,49435.7,49627.9,49435.7,49600,0
2023-10-10 10:15:00,1696913100,49596.9,49644.3,49564.1,49581.9,0
2023-10-10 11:15:00,1696916700,49581.9,49846,49548.5,49846,0
2023-10-10 12:15:00,1696920300,49854.3,49993.8,49814.4,49976.8,0
2023-10-10 13:15:00,1696923900,49977.5,50106.1,49959.1,50029.3,0
2023-10-10 14:15:00,1696927500,50030,50098.5,49900.5,49938.4,0
2023-10-10 15:15:00,1696931100,49940,49977.3,49918.1,49945.5,0
2023-10-11 09:15:00,1696995900,50167.6,50333.4,50118.5,50142.2,0
2023-10-11 10:15:00,1696999500,50141.3,50224.7,50043.6,50072.8,0
2023-10-11 11:15:00,1697003100,50072.6,50141.1,50033.6,50121.3,0
2023-10-11 12:15:00,1697006700,50125,50160.1,50058.4,50155.9,0
2023-10-11 13:15:00,1697010300,50154.7,50155.9,50008,50048.5,0
2023-10-11 14:15:00,1697013900,50051.3,50147.1,50028.8,50110.1,0
2023-10-11 15:15:00,1697017500,50113.3,50146.2,50054.3,50069.6,0
2023-10-12 09:15:00,1697082300,50201.5,50323.2,50134.3,50281.9,0
2023-10-12 10:15:00,1697085900,50280.4,50295.1,50185.9,50264.3,0
2023-10-12 11:15:00,1697089500,50266.8,50266.8,50186.6,50214.1,0
2023-10-12 12:15:00,1697093100,50218.9,50229.6,50100.2,50114.9,0
2023-10-12 13:15:00,1697096700,50114.9,50190.4,50102.7,50137.6,0
2023-10-12 14:15:00,1697100300,50137.6,50207.3,50120.9,50175.6,0
2023-10-12 15:15:00,1697103900,50172,50179.1,50122.1,50139.1,0
2023-10-13 09:15:00,1697168700,49880.7,49899.4,49652.4,49671.4,0
2023-10-13 10:15:00,1697172300,49676.9,49742.6,49634.6,49703.4,0
2023-10-13 11:15:00,1697175900,49702.3,49756,49669.4,49691.9,0
2023-10-13 12:15:00,1697179500,49691.5,49829.4,49685.3,49811.1,0
2023-10-13 13:15:00,1697183100,49808.6,50001.3,49747.2,49999.9,0
2023-10-13 14:15:00,1697186700,49999.6,50087.4,49733.5,49773,0
2023-10-13 15:15:00,1697190300,49769.6,49771.5,49673.3,49689.8,0
2023-10-16 09:15:00,1697427900,49709.9,49712.1,49505.2,49678.4,0
2023-10-16 10:15:00,1697431500,49678.4,49797.6,49660.7,49744.4,0
2023-10-16 11:15:00,1697435100,49738.8,49862.2,49693.6,49826.3,0
2023-10-16 12:15:00,1697438700,49832.3,49855.7,49764.7,49766.6,0
2023-10-16 13:15:00,1697442300,49766.3,49813.6,49724.3,49760.3,0
2023-10-16 14:15:00,1697445900,49762.4,49818.1,49713.2,49713.2,0
2023-10-16 15:15:00,1697449500,49725.2,49739.3,49679.3,49725,0
2023-10-17 09:15:00,1697514300,50013.8,50062.5,49928,49981.7,0
2023-10-17 10:15:00,1697517900,49977.7,50047.8,49966.1,50025.8,0
2023-10-17 11:15:00,1697521500,50034.8,50051.5,49977.2,50040.9,0
2023-10-17 12:15:00,1697525100,50040.9,50066.1,49988.1,50048.7,0
2023-10-17 13:15:00,1697528700,50046.6,50089.2,49849.8,49860.2,0
2023-10-17 14:15:00,1697532300,49858.9,49980.1,49853.4,49929.3,0
2023-10-17 15:15:00,1697535900,49928.8,49997.2,49912.6,49966.7,0
2023-10-18 09:15:00,1697600700,50000.4,50000.4,49750.2,49900.2,0
2023-10-18 10:15:00,1697604300,49896.4,49905.1,49331.1,49398.1,0
2023-10-18 11:15:00,1697607900,49388.6,49465.7,49323.7,49383.6,0
2023-10-18 12:15:00,1697611500,49388.4,49447.6,49357.3,49442,0
2023-10-18 13:15:00,1697615100,49437.2,49450.8,49375.3,49430.5,0
2023-10-18 14:15:00,1697618700,49431.5,49436.5,49340.6,49409.6,0
2023-10-18 15:15:00,1697622300,49409.3,49410.5,49353.9,49380.5,0
2023-10-19 09:15:00,1697687100,49090.3,49265.3,49006.9,49220.4,0
2023-10-19 10:15:00,1697690700,49222.7,49258.8,49134.6,49225.4,0
2023-10-19 11:15:00,1697694300,49226.1,49484.2,49219.1,49463.9,0
2023-10-19 12:15:00,1697697900,49453.7,49457.9,49305.2,49340.3,0
2023-10-19 13:15:00,1697701500,49339.5,49544.9,49241.4,49435.3,0
2023-10-19 14:15:00,1697705100,49435.3,49447.1,49191.5,49194.3,0
2023-10-19 15:15:00,1697708700,49189.2,49232.3,49173.3,49231,0
2023-10-20 09:15:00,1697773500,49083.7,49268.6,49033.4,49240.2,0
2023-10-20 10:15:00,1697777100,49238,49252.6,49130.4,49204.2,0
2023-10-20 11:15:00,1697780700,49202.4,49236.9,49070.9,49164.8,0
2023-10-20 12:15:00,1697784300,49164.1,49207.4,49125.1,49182.4,0
2023-10-20 13:15:00,1697787900,49183.8,49341.5,49145.4,49219.8,0
2023-10-20 14:15:00,1697791500,49216.4,49284.4,49143.8,49209.2,0
2023-10-20 15:15:00,1697795100,49183.6,49221.3,49142.7,49194.2,0
2023-10-23 09:15:00,1698032700,49350.4,49350.4,49046,49073,0
2023-10-23 10:15:00,1698036300,49068.1,49126.5,49029.1,49091.1,0
2023-10-23 11:15:00,1698039900,49094.5,49142.4,48994.9,49096.8,0
2023-10-23 12:15:00,1698043500,49104.6,49141,49008.5,49038.9,0
2023-10-23 13:15:00,1698047100,49031.8,49105.9,49009.1,49037,0
2023-10-23 14:15:00,1698050700,49032,49044.7,48400.7,48492.6,0
2023-10-23 15:15:00,1698054300,48499.1,48577,48454.7,48533.7,0
2023-10-25 09:15:00,1698205500,48735.9,48824.3,48539,48761.8,0
2023-10-25 10:15:00,1698209100,48767.8,48788.6,48635.8,48688.7,0
2023-10-25 11:15:00,1698212700,48687,48701.5,48524.6,48568.4,0
2023-10-25 12:15:00,1698216300,48571.2,48585.5,48197.9,48217.1,0
2023-10-25 13:15:00,1698219900,48200.9,48366.8,48143.6,48345.4,0
2023-10-25 14:15:00,1698223500,48343.6,48361.6,48130.7,48163,0
2023-10-25 15:15:00,1698227100,48166.1,48211.2,48097.3,48172.2,0
2023-10-26 09:15:00,1698291900,48107.2,48107.2,47734.5,47752.1,0
2023-10-26 10:15:00,1698295500,47755.1,47784.4,47559.2,47568.6,0
2023-10-26 11:15:00,1698299100,47573.1,47629.5,47463.9,47535.8,0
2023-10-26 12:15:00,1698302700,47537.8,47740.9,47529.3,47637.9,0
2023-10-26 13:15:00,1698306300,47652.1,47717.2,47572,47647.1,0
2023-10-26 14:15:00,1698309900,47652.5,47774.6,47577.4,47692.5,0
2023-10-26 15:15:00,1698313500,47694.1,47754.8,47673.4,47708.3,0
2023-10-27 09:15:00,1698378300,48186.9,48205.1,47909.4,48082.2,0
2023-10-27 10:15:00,1698381900,48072,48213.7,48035.3,48183.9,0
2023-10-27 11:15:00,1698385500,48186.8,48293.6,48168.5,48247.6,0
2023-10-27 12:15:00,1698389100,48243.5,48259.8,48120.5,48174.8,0
2023-10-27 13:15:00,1698392700,48174,48289.1,48148.8,48254.5,0
2023-10-27 14:15:00,1698396300,48252.1,48409.6,48246.4,48330.8,0
2023-10-27 15:15:00,1698399900,48321.6,48404.6,48294.6,48388.6,0
2023-10-30 09:15:00,1698637500,48335.7,48335.8,47926.3,48016.3,0
2023-10-30 10:15:00,1698641100,48016.3,48293.2,47980.9,48221.4,0
2023-10-30 11:15:00,1698644700,48229.6,48500.1,48211.9,48477.2,0
2023-10-30 12:15:00,1698648300,48476.8,48573.5,48419.5,48564.9,0
2023-10-30 13:15:00,1698651900,48564.9,48570.2,48438.4,48522.2,0
2023-10-30 14:15:00,1698655500,48519.3,48625.5,48422.6,48602.2,0
2023-10-30 15:15:00,1698659100,48598.8,48697.2,48591.8,48679.2,0
2023-10-31 09:15:00,1698723900,48876.9,48901.6,48572.1,48631.1,0
2023-10-31 10:15:00,1698727500,48632.6,48661.5,48527.4,48615.9,0
2023-10-31 11:15:00,1698731100,48619.9,48643.4,48450.1,48507.8,0
2023-10-31 12:15:00,1698734700,48507.1,48672.9,48489.9,48637.1,0
2023-10-31 13:15:00,1698738300,48631.2,48643.2,48548.6,48590.4,0
2023-10-31 14:15:00,1698741900,48587.4,48700.8,48397.2,48469.6,0
2023-10-31 15:15:00,1698745500,48468.9,48485.1,48396.1,48426.4,0
2023-11-01 09:15:00,1698810300,48389.9,48402.6,48189.9,48291,0
2023-11-01 10:15:00,1698813900,48289.1,48324.6,48173.5,48232.4,0
2023-11-01 11:15:00,1698817500,48217.1,48310.4,48186.6,48305.7,0
2023-11-01 12:15:00,1698821100,48305.7,48338.9,48201.6,48231.5,0
2023-11-01 13:15:00,1698824700,48230,48302.5,48171.7,48241.6,0
2023-11-01 14:15:00,1698828300,48236.7,48298.8,48190.8,48261.8,0
2023-11-01 15:15:00,1698831900,48264.9,48312.3,48235.1,48286.7,0
2023-11-02 09:15:00,1698896700,48639.3,48914.6,48594.9,48749,0
2023-11-02 10:15:00,1698900300,48740.6,48804.9,48659.4,48721.5,0
2023-11-02 11:15:00,1698903900,48718.6,48718.7,48394.6,48479.3,0
2023-11-02 12:15:00,1698907500,48477.9,48558.3,48438.6,48543,0
2023-11-02 13:15:00,1698911100,48549.7,48596.6,48463.3,48580.4,0
2023-11-02 14:15:00,1698914700,48578.2,48729.7,48523.9,48576.3,0
2023-11-02 15:15:00,1698918300,48576.7,48673,48572.8,48655.7,0
2023-11-03 09:15:00,1698983100,48949.1,49010,48847.2,48966,0
2023-11-03 10:15:00,1698986700,48973.7,49051.8,48938.3,48991.7,0
2023-11-03 11:15:00,1698990300,48994.6,49021,48916.2,48974.6,0
2023-11-03 12:15:00,1698993900,48971.8,49002.9,48915.8,48977.2,0
2023-11-03 13:15:00,1698997500,48979.5,49063.1,48950.8,49004.1,0
2023-11-03 14:15:00,1699001100,49011.2,49087.2,48912.8,48962.2,0
2023-11-03 15:15:00,1699004700,48960,48981.9,48938.6,48950.5,0
2023-11-06 09:15:00,1699242300,49329.2,49355.8,49167.9,49223.8,0
2023-11-06 10:15:00,1699245900,49219.4,49274.2,49125.2,49161.2,0
2023-11-06 11:15:00,1699249500,49161.7,49240.3,49135.8,49214.7,0
2023-11-06 12:15:00,1699253100,49212.8,49259.7,49175.8,49243.2,0
2023-11-06 13:15:00,1699256700,49241.6,49281.2,49219.3,49279.7,0
2023-11-06 14:15:00,1699260300,49281.3,49349.3,49244.3,49331.8,0
2023-11-06 15:15:00,1699263900,49326.7,49358.3,49299.6,49339.7,0
2023-11-07 09:15:00,1699328700,49373.6,49373.6,49064.1,49129,0
2023-11-07 10:15:00,1699332300,49127.2,49232.9,49096.4,49212.1,0
2023-11-07 11:15:00,1699335900,49214.9,49243.9,48986.9,49042.2,0
2023-11-07 12:15:00,1699339500,49042.2,49125.1,49015.1,49114.4,0
2023-11-07 13:15:00,1699343100,49114.4,49428.3,49081.8,49381.1,0
2023-11-07 14:15:00,1699346700,49381.2,49517.4,49355.1,49509.4,0
2023-11-07 15:15:00,1699350300,49515.7,49609.4,49507.2,49577.2,0
2023-11-08 09:15:00,1699415100,49651.6,49623.1,49375.6,49382.6,0
2023-11-08 10:15:00,1699418700,49382.4,49474.2,49309.3,49342.9,0
2023-11-08 11:15:00,1699422300,49342.5,49427.3,49307.6,49388.3,0
2023-11-08 12:15:00,1699425900,49388.6,49405.1,49323.7,49397.3,0
2023-11-08 13:15:00,1699429500,49392.5,49480.7,49352.2,49352.2,0
2023-11-08 14:15:00,1699433100,49350.9,49454.8,49337.4,49443.1,0
2023-11-08 15:15:00,1699436700,49441.4,49445.8,49392.9,49424.6,0
2023-11-09 09:15:00,1699501500,49403.8,49516,49302.8,49493.4,0
2023-11-09 10:15:00,1699505100,49494.4,49533.1,49442.3,49523,0
2023-11-09 11:15:00,1699508700,49517.3,49669,49510.1,49611.1,0
2023-11-09 12:15:00,1699512300,49611.7,49632.3,49485.1,49506.4,0
2023-11-09 13:15:00,1699515900,49506.7,49551.4,49463.8,49532.9,0
2023-11-09 14:15:00,1699519500,49533.6,49548.4,49428.5,49439,0
2023-11-09 15:15:00,1699523100,49438.7,49462.1,49404.7,49433.1,0
2023-11-10 09:15:00,1699587900,49279.2,49376.4,49237,49358.6,0
2023-11-10 10:15:00,1699591500,49359,49503,49348.7,49394.1,0
2023-11-10 11:15:00,1699595100,49388.7,49457.8,49352.7,49428.6,0
2023-11-10 12:15:00,1699598700,49432.3,49566.4,49408.5,49461.6,0
2023-11-10 13:15:00,1699602300,49461.1,49562.1,49450.5,49484.9,0
2023-11-10 14:15:00,1699605900,49481,49617.1,49395.8,49616.3,0
2023-11-10 15:15:00,1699609500,49611.4,49688.9,49581.7,49645.8,0
2023-11-12 18:15:00,1699793100,49859.5,49859.5,49737.2,49757.3,0
2023-11-13 09:15:00,1699847100,49762,49763.8,49542.8,49633,0
2023-11-13 10:15:00,1699850700,49628.6,49634.8,49407.6,49473.6,0
2023-11-13 11:15:00,1699854300,49474,49673.3,49466,49639.2,0
2023-11-13 12:15:00,1699857900,49642.6,49670.6,49592.9,49645.2,0
2023-11-13 13:15:00,1699861500,49645.5,49705.9,49624.7,49683.9,0
2023-11-13 14:15:00,1699865100,49682.9,49757.1,49600.1,49641.2,0
2023-11-13 15:15:00,1699868700,49641.4,49691.9,49615.4,49643.8,0
2023-11-15 09:15:00,1700019900,50130.9,50206.8,49978.7,50048.5,0
2023-11-15 10:15:00,1700023500,50041.1,50073.1,49971.8,50041.8,0
2023-11-15 11:15:00,1700027100,50041.5,50052.8,49968.4,50028,0
2023-11-15 12:15:00,1700030700,50029.6,50060.3,49991.5,50058.9,0
2023-11-15 13:15:00,1700034300,50058.7,50104.9,50028.6,50072.1,0
2023-11-15 14:15:00,1700037900,50074,50092.1,50004.8,50059.5,0
2023-11-15 15:15:00,1700041500,50059.2,50099.1,50024,50078.7,0
2023-11-16 09:15:00,1700106300,50048.1,50113.4,49962.8,50046.5,0
2023-11-16 10:15:00,1700109900,50048.2,50249.9,50036.4,50240.7,0
2023-11-16 11:15:00,1700113500,50242.9,50270.5,50123,50146.6,0
2023-11-16 12:15:00,1700117100,50145.8,50171.4,50075.9,50121.9,0
2023-11-16 13:15:00,1700120700,50122,50161.7,50079.3,50161.7,0
2023-11-16 14:15:00,1700124300,50163,50224.5,49815.6,49851,0
2023-11-16 15:15:00,1700127900,49846.6,49918.1,49832.5,49904.5,0
2023-11-17 09:15:00,1700192700,49548.9,49585.8,49246.7,49370.7,0
2023-11-17 10:15:00,1700196300,49343.2,49409.7,49176.8,49320.9,0
2023-11-17 11:15:00,1700199900,49307.1,49367.2,49266.2,49317.5,0
2023-11-17 12:15:00,1700203500,49315.1,49358.7,49214.3,49284.7,0
2023-11-17 13:15:00,1700207100,49284.2,49322.9,49175.3,49287.8,0
2023-11-17 14:15:00,1700210700,49286.1,49320.4,49146.1,49197,0
2023-11-17 15:15:00,1700214300,49200.3,49227.9,49103.1,49116.3,0
2023-11-20 09:15:00,1700451900,49137.6,49173.5,48968.1,49111,0
2023-11-20 10:15:00,1700455500,49114.8,49327.4,49104.7,49116.6,0
2023-11-20 11:15:00,1700459100,49113.2,49217.5,49082.2,49193.3,0
2023-11-20 12:15:00,1700462700,49194.1,49285.8,49154.1,49271.1,0
2023-11-20 13:15:00,1700466300,49269.5,49292.7,49197.6,49217.1,0
2023-11-20 14:15:00,1700469900,49215.4,49270.2,49157.8,49173.1,0
2023-11-20 15:15:00,1700473500,49171.9,49184.8,49139.4,49166,0
2023-11-21 09:15:00,1700538300,49275.7,49371.4,49265.9,49266.4,0
2023-11-21 10:15:00,1700541900,49270.2,49336.6,49258.5,49284.9,0
2023-11-21 11:15:00,1700545500,49287.7,49347.7,49272.8,49333.4,0
2023-11-21 12:15:00,1700549100,49332.3,49379.1,49149.1,49213.1,0
2023-11-21 13:15:00,1700552700,49213.6,49311.7,49197.2,49257.6,0
2023-11-21 14:15:00,1700556300,49257.7,49282.1,49232.5,49258.5,0
2023-11-21 15:15:00,1700559900,49257.7,49281,49226.6,49280,0
2023-11-22 09:15:00,1700624700,49128,49232.1,49103.3,49202.7,0
2023-11-22 10:15:00,1700628300,49202.1,49219.1,49061.6,49123,0
2023-11-22 11:15:00,1700631900,49125.8,49140.9,48864.1,48864.1,0
2023-11-22 12:15:00,1700635500,48863.1,48898.6,48782.7,48879.6,0
2023-11-22 13:15:00,1700639100,48878.5,48903.8,48827.5,48846,0
2023-11-22 14:15:00,1700642700,48843.3,49052.6,48838.1,49011.8,0
2023-11-22 15:15:00,1700646300,49015.2,49073.8,49001.7,49044.4,0
2023-11-23 09:15:00,1700711100,49076.6,49225.3,49033.4,49166.8,0
2023-11-23 10:15:00,1700714700,49171.4,49210.2,49062.9,49081.9,0
2023-11-23 11:15:00,1700718300,49084.9,49153.5,49073.1,49073.1,0
2023-11-23 12:15:00,1700721900,49075.8,49193.3,49075.6,49150.8,0
2023-11-23 13:15:00,1700725500,49150.2,49202.4,49119.5,49140.1,0
2023-11-23 14:15:00,1700729100,49143.4,49170.8,49118.1,49139,0
2023-11-23 15:15:00,1700732700,49140.1,49168.4,49101.2,49143.2,0
2023-11-24 09:15:00,1700797500,49202.5,49226.4,49106.3,49175.8,0
2023-11-24 10:15:00,1700801100,49171.8,49322.2,49151.7,49284.1,0
2023-11-24 11:15:00,1700804700,49287.5,49319.5,49224.5,49295.1,0
2023-11-24 12:15:00,1700808300,49296,49315.5,49149,49154.3,0
2023-11-24 13:15:00,1700811900,49153.3,49311.9,49139.3,49274.6,0
2023-11-24 14:15:00,1700815500,49277.4,49392.1,49226.5,49340.8,0
2023-11-24 15:15:00,1700819100,49339.1,49406.8,49316,49331.4,0
2023-11-28 09:15:00,1701143100,49403.8,49470.6,49326.1,49438.9,0
2023-11-28 10:15:00,1701146700,49439.4,49448.3,49392.5,49406,0
2023-11-28 11:15:00,1701150300,49401.8,49438.8,49377.1,49422,0
2023-11-28 12:15:00,1701153900,49422.7,49542.4,49406.3,49441.4,0
2023-11-28 13:15:00,1701157500,49443.9,49459.8,49401.6,49412.6,0
2023-11-28 14:15:00,1701161100,49414.2,49526.9,49406.5,49518.6,0
2023-11-28 15:15:00,1701164700,49510.6,49570.5,49469.1,49558.9,0
2023-11-29 09:15:00,1701229500,49658.2,49822.9,49629.8,49780.8,0
2023-11-29 10:15:00,1701233100,49780.3,49807.2,49734,49793.9,0
2023-11-29 11:15:00,1701236700,49797.2,50019.8,49768.4,49987.6,0
2023-11-29 12:15:00,1701240300,49987.2,50060.1,49929.1,50059.4,0
2023-11-29 13:15:00,1701243900,50056.4,50103.2,50026.8,50026.8,0
2023-11-29 14:15:00,1701247500,50028.4,50380.2,50015.8,50379.5,0
2023-11-29 15:15:00,1701251100,50381.7,50387.7,50305.9,50319,0
2023-11-30 09:15:00,1701315900,50415.4,50548.9,50133.4,50166.4,0
2023-11-30 10:15:00,1701319500,50168.7,50256.6,50064.8,50136.6,0
2023-11-30 11:15:00,1701323100,50135.6,50173.3,50094,50105.5,0
2023-11-30 12:15:00,1701326700,50106.7,50148.4,50007,50066.6,0
2023-11-30 13:15:00,1701330300,50068.8,50203.8,50039.5,50046,0
2023-11-30 14:15:00,1701333900,50047.2,50314.1,50047.1,50272.4,0
2023-11-30 15:15:00,1701337500,50284.4,50397.1,50254.9,50302.7,0
2023-12-01 09:15:00,1701402300,50380.3,50840.4,50338.2,50830.3,0
2023-12-01 10:15:00,1701405900,50827.4,50841,50751.8,50804,0
2023-12-01 11:15:00,1701409500,50801.1,50876.8,50748.4,50750.1,0
2023-12-01 12:15:00,1701413100,50752,50830.8,50731.4,50791.3,0
2023-12-01 13:15:00,1701416700,50795.4,50893.1,50728.1,50770.8,0
2023-12-01 14:15:00,1701420300,50772.5,50849.8,50642.9,50715.3,0
2023-12-01 15:15:00,1701423900,50718.9,50782.4,50704.1,50737.3,0
2023-12-04 09:15:00,1701661500,51556.5,51883.6,51451.1,51752,0
2023-12-04 10:15:00,1701665100,51752.6,51776.8,51643.5,51710.2,0
2023-12-04 11:15:00,1701668700,51705.7,51838.8,51705.3,51821.1,0
2023-12-04 12:15:00,1701672300,51821.2,52086.9,51815.9,52031.1,0
2023-12-04 13:15:00,1701675900,52028.6,52251.1,51960.1,52202.4,0
2023-12-04 14:15:00,1701679500,52208.8,52606.1,52168.5,52524.4,0
2023-12-04 15:15:00,1701683100,52518.7,52609.6,52512.1,52564.8,0
2023-12-05 09:15:00,1701747900,52811.8,53253.4,52798.1,53243.2,0
2023-12-05 10:15:00,1701751500,53244,53458.2,53165.3,53225.2,0
2023-12-05 11:15:00,1701755100,53232.1,53240.7,52876.4,53034.2,0
2023-12-05 12:15:00,1701758700,53033.1,53172.2,53004.3,53161.4,0
2023-12-05 13:15:00,1701762300,53166.2,53277.3,53089,53154.3,0
2023-12-05 14:15:00,1701765900,53152.7,53252.9,53098.3,53178.3,0
2023-12-05 15:15:00,1701769500,53178,53208.3,53120.2,53120.2,0
2023-12-06 09:15:00,1701834300,53380.5,53484.4,52898.9,52943.8,0
2023-12-06 10:15:00,1701837900,52947.1,53089.7,52863.9,53000,0
2023-12-06 11:15:00,1701841500,52993.8,53059.4,52935.9,53047.4,0
2023-12-06 12:15:00,1701845100,53044.1,53056.9,52889.2,52911.2,0
2023-12-06 13:15:00,1701848700,52912.3,53016.4,52863.6,52955.6,0
2023-12-06 14:15:00,1701852300,52953.3,53059.9,52884.2,52933.5,0
2023-12-06 15:15:00,1701855900,52923.9,52943.7,52865.8,52886.4,0
2023-12-07 09:15:00,1701920700,52931.7,52937.5,52585.9,52693.7,0
2023-12-07 10:15:00,1701924300,52694.7,53054,52652.7,53027.2,0
2023-12-07 11:15:00,1701927900,53028.7,53039.1,52878.8,52991.2,0
2023-12-07 12:15:00,1701931500,52990.4,53026.9,52910.2,52992.9,0
2023-12-07 13:15:00,1701935100,52986.5,53078.5,52931.1,52966.1,0
2023-12-07 14:15:00,1701938700,52967.2,53033.3,52902.8,52932.7,0
2023-12-07 15:15:00,1701942300,52937.5,53008.1,52926.5,52946.5,0
2023-12-08 09:15:00,1702007100,52988.4,53224.8,52894.2,53188.2,0
2023-12-08 10:15:00,1702010700,53188.8,53261,53002.9,53161.1,0
2023-12-08 11:15:00,1702014300,53163.9,53199.6,53077.9,53093.1,0
2023-12-08 12:15:00,1702017900,53097.4,53135.3,52898.1,53007.2,0
2023-12-08 13:15:00,1702021500,53000,53144.5,52975.4,53122.1,0
2023-12-08 14:15:00,1702025100,53120.6,53493.4,53008.7,53488.6,0
2023-12-08 15:15:00,1702028700,53458.3,53487.3,53417.6,53441.7,0
2023-12-11 09:15:00,1702266300,53497.4,53694.3,53340.9,53650.8,0
2023-12-11 10:15:00,1702269900,53649.9,53769.7,53432.9,53540.8,0
2023-12-11 11:15:00,1702273500,53536.9,53547.6,53450.9,53493.1,0
2023-12-11 12:15:00,1702277100,53493.4,53534.8,53403.4,53521.6,0
2023-12-11 13:15:00,1702280700,53523.3,53585.3,53443.6,53527.7,0
2023-12-11 14:15:00,1702284300,53527.4,53592.2,53411.2,53452.2,0
2023-12-11 15:15:00,1702287900,53452.4,53461.6,53356.6,53419.1,0
2023-12-12 09:15:00,1702352700,53623,53623,53313,53338,0
2023-12-12 10:15:00,1702356300,53337.1,53464.2,53246.6,53452.6,0
2023-12-12 11:15:00,1702359900,53456.6,53466.5,53371.9,53427.5,0
2023-12-12 12:15:00,1702363500,53428.6,53453.3,53310.9,53338.7,0
2023-12-12 13:15:00,1702367100,53335.8,53399.1,53253.8,53257.9,0
2023-12-12 14:15:00,1702370700,53263.1,53368.2,53240.6,53291,0
2023-12-12 15:15:00,1702374300,53290.2,53314.9,53194.7,53234.4,0
2023-12-13 09:15:00,1702439100,53401.9,53452.3,53021.8,53101.8,0
2023-12-13 10:15:00,1702442700,53100.2,53185.8,53042.9,53143.1,0
2023-12-13 11:15:00,1702446300,53148.9,53162.4,53074.9,53111.1,0
2023-12-13 12:15:00,1702449900,53109.4,53272.7,53072,53247.3,0
2023-12-13 13:15:00,1702453500,53244.5,53313.5,53181.7,53255.2,0
2023-12-13 14:15:00,1702457100,53252.3,53284.4,53138.9,53227.4,0
2023-12-13 15:15:00,1702460700,53228.9,53298.3,53198.5,53244.6,0
2023-12-14 09:15:00,1702525500,53746.6,54193.2,53693.2,54138.4,0
2023-12-14 10:15:00,1702529100,54139.8,54151.1,53966.5,54095,0
2023-12-14 11:15:00,1702532700,54089.2,54114.8,53943.6,53956.7,0
2023-12-14 12:15:00,1702536300,53956.1,54049.4,53922.2,54014.4,0
2023-12-14 13:15:00,1702539900,54019.6,54076.4,53951.7,53980.6,0
2023-12-14 14:15:00,1702543500,53982.3,53995.6,53821,53874.7,0
2023-12-14 15:15:00,1702547100,53875.9,53975.3,53867.8,53893.3,0
2023-12-15 09:15:00,1702611900,54181.6,54186.8,53779,53913.1,0
2023-12-15 10:15:00,1702615500,53903.4,53973.5,53745,53805.9,0
2023-12-15 11:15:00,1702619100,53807.5,53900.9,53783,53799.1,0
2023-12-15 12:15:00,1702622700,53799.4,53971.2,53779.4,53862.3,0
2023-12-15 13:15:00,1702626300,53870.8,54168.8,53864.6,54116.1,0
2023-12-15 14:15:00,1702629900,54115.7,54411.5,54081.6,54353.2,0
2023-12-15 15:15:00,1702633500,54354.4,54389.2,54259.7,54280.9,0
2023-12-18 09:15:00,1702871100,54306.3,54306.3,53962.8,54093.9,0
2023-12-18 10:15:00,1702874700,54094.5,54260.2,54062.6,54155.6,0
2023-12-18 11:15:00,1702878300,54156.5,54214.4,54108.4,54159.8,0
2023-12-18 12:15:00,1702881900,54160.4,54166.1,54009.4,54017.6,0
2023-12-18 13:15:00,1702885500,54020.9,54157.6,54017.6,54124.5,0
2023-12-18 14:15:00,1702889100,54122.6,54156.9,53957.2,53994.2,0
2023-12-18 15:15:00,1702892700,53995.4,54057.7,53944.1,54009.2,0
2023-12-19 09:15:00,1702957500,54161.1,54226.1,53829.7,53856.4,0
2023-12-19 10:15:00,1702961100,53854.3,54000.6,53850.6,53927.9,0
2023-12-19 11:15:00,1702964700,53928.5,54138.7,53880.8,54068.5,0
2023-12-19 12:15:00,1702968300,54074.4,54178,54061.7,54098.8,0
2023-12-19 13:15:00,1702971900,54099.7,54242,54055.7,54210.6,0
2023-12-19 14:15:00,1702975500,54211,54247.3,54006.6,54068.4,0
2023-12-19 15:15:00,1702979100,54065.1,54121.9,54047.1,54078.2,0
2023-12-20 09:15:00,1703043900,54312.9,54374.5,54152,54181.4,0
2023-12-20 10:15:00,1703047500,54182.1,54245.6,54124.6,54135.4,0
2023-12-20 11:15:00,1703051100,54135.9,54163.2,54056.7,54118.4,0
2023-12-20 12:15:00,1703054700,54121.7,54185.8,54031.6,54056.7,0
2023-12-20 13:15:00,1703058300,54057.9,54057.9,53708.5,53715.7,0
2023-12-20 14:15:00,1703061900,53716.2,53821.1,53531.7,53549.1,0
2023-12-20 15:15:00,1703065500,53545.6,53590.6,53319.4,53354,0
2023-12-21 09:15:00,1703130300,53108.4,53298.1,52931.2,53247.9,0
2023-12-21 10:15:00,1703133900,53242.7,53529.6,53129.2,53399.1,0
2023-12-21 11:15:00,1703137500,53393.1,53445.7,53291.2,53354.8,0
2023-12-21 12:15:00,1703141100,53350,53668.1,53338,53593.4,0
2023-12-21 13:15:00,1703144700,53590.2,53633,53346.1,53498.9,0
2023-12-21 14:15:00,1703148300,53495.8,54014,53457,54003.5,0
2023-12-21 15:15:00,1703151900,54001.8,54009.6,53856.5,53957.4,0
2023-12-22 09:15:00,1703216700,54000.1,54117.5,53785.6,54100.8,0
2023-12-22 10:15:00,1703220300,54089.3,54232.5,53971.4,54124.6,0
2023-12-22 11:15:00,1703223900,54126.9,54161.5,54024.6,54063.5,0
2023-12-22 12:15:00,1703227500,54058.6,54069.4,53809.3,53899.6,0
2023-12-22 13:15:00,1703231100,53900.6,53949.9,53501.2,53698.3,0
2023-12-22 14:15:00,1703234700,53699.4,53846.6,53496.5,53531.8,0
2023-12-22 15:15:00,1703238300,53532,53612.2,53472.9,53553.3,0
2023-12-26 09:15:00,1703562300,53643.7,53688.7,53482.3,53594.3,0
2023-12-26 10:15:00,1703565900,53589.1,53874.7,53589.1,53818.7,0
2023-12-26 11:15:00,1703569500,53814.1,53874.9,53784.7,53817.6,0
2023-12-26 12:15:00,1703573100,53817.7,53956.2,53765.5,53844.2,0
2023-12-26 13:15:00,1703576700,53841.3,53897.7,53799.9,53828.2,0
2023-12-26 14:15:00,1703580300,53827.9,53975.1,53796.9,53826.1,0
2023-12-26 15:15:00,1703583900,53825.5,53908,53825.5,53862,0
2023-12-27 09:15:00,1703648700,53931.5,54173.2,53922.9,54109.3,0
2023-12-27 10:15:00,1703652300,54116.1,54241.1,54092.5,54187.1,0
2023-12-27 11:15:00,1703655900,54180.6,54391.4,54168.2,54323.2,0
2023-12-27 12:15:00,1703659500,54327.3,54334,54044.2,54060.3,0
2023-12-27 13:15:00,1703663100,54059.2,54149,53971.3,54134.1,0
2023-12-27 14:15:00,1703666700,54134.8,54513.7,54080.2,54471.5,0
2023-12-27 15:15:00,1703670300,54470.6,54498.8,54402.3,54429.5,0
2023-12-28 09:15:00,1703735100,54673.3,54796.8,54471.4,54531.6,0
2023-12-28 10:15:00,1703738700,54531.6,54688.1,54482,54651.5,0
2023-12-28 11:15:00,1703742300,54651,54689.7,54586.5,54613.5,0
2023-12-28 12:15:00,1703745900,54610.7,54757.3,54596.4,54716.9,0
2023-12-28 13:15:00,1703749500,54717.2,54732.2,54613.5,54631,0
2023-12-28 14:15:00,1703753100,54629.2,54708.8,54568.2,54705.8,0
2023-12-28 15:15:00,1703756700,54704.5,54732.3,54580.4,54659.9,0
2023-12-29 09:15:00,1703821500,54597.4,54632.7,54311.5,54329.5,0
2023-12-29 10:15:00,1703825100,54329.3,54387.1,54249,54273.8,0
2023-12-29 11:15:00,1703828700,54267.7,54381.9,54266.8,54331.4,0
2023-12-29 12:15:00,1703832300,54331.1,54375.1,54219,54285.1,0
2023-12-29 13:15:00,1703835900,54284.7,54325.2,54151.6,54158.5,0
2023-12-29 14:15:00,1703839500,54158.1,54494.5,54135.7,54331.8,0
2023-12-29 15:15:00,1703843100,54327.8,54400.6,54290.4,54363.8,0
2024-01-01 09:15:00,1704080700,54261.4,54395.4,54176.9,54335.8,0
2024-01-01 10:15:00,1704084300,54335,54458.4,54291.4,54424.6,0
2024-01-01 11:15:00,1704087900,54425,54458.1,54372.6,54452.7,0
2024-01-01 12:15:00,1704091500,54457.5,54463.2,54365.3,54381.4,0
2024-01-01 13:15:00,1704095100,54384.1,54442.3,54352.8,54435.6,0
2024-01-01 14:15:00,1704098700,54430.5,54542.2,54191.2,54278,0
2024-01-01 15:15:00,1704102300,54281.2,54310.6,54055.4,54068.9,0
2024-01-02 09:15:00,1704167100,54282.4,54290.8,53876.7,53977,0
2024-01-02 10:15:00,1704170700,53972,53984.9,53799.9,53856.9,0
2024-01-02 11:15:00,1704174300,53850.1,53992.2,53836.9,53844.7,0
2024-01-02 12:15:00,1704177900,53844.3,53906.6,53737.3,53803.2,0
2024-01-02 13:15:00,1704181500,53802.1,53867.6,53759,53845.1,0
2024-01-02 14:15:00,1704185100,53842.9,53880.8,53656.7,53736.7,0
2024-01-02 15:15:00,1704188700,53729.7,53761.4,53656.4,53663.5,0
2024-01-03 09:15:00,1704253500,53718.2,53743.1,53403.9,53519.3,0
2024-01-03 10:15:00,1704257100,53524,53690.3,53503.6,53666,0
2024-01-03 11:15:00,1704260700,53658.8,53774.4,53622.1,53671.3,0
2024-01-03 12:15:00,1704264300,53668.1,53730.1,53506.3,53723.5,0
2024-01-03 13:15:00,1704267900,53723.4,53766,53673.3,53728.4,0
2024-01-03 14:15:00,1704271500,53727.7,53756.1,53666.8,53741.7,0
2024-01-03 15:15:00,1704275100,53743.8,53816.5,53679.7,53776.2,0
2024-01-04 09:15:00,1704339900,53869.2,54036.2,53769.4,54013.1,0
2024-01-04 10:15:00,1704343500,54016.6,54162.4,53972.4,54154.6,0
2024-01-04 11:15:00,1704347100,54154.1,54235.8,54132.1,54188.4,0
2024-01-04 12:15:00,1704350700,54184.9,54299.1,54178.5,54294.8,0
2024-01-04 13:15:00,1704354300,54294.6,54302.3,54112.4,54151.2,0
2024-01-04 14:15:00,1704357900,54151.4,54246.4,54116.4,54225.2,0
2024-01-04 15:15:00,1704361500,54223,54341,54213.8,54302.5,0
2024-01-05 09:15:00,1704426300,54298.3,54457.6,54298.3,54396.7,0
2024-01-05 10:15:00,1704429900,54402.6,54428.4,54197.8,54240.8,0
2024-01-05 11:15:00,1704433500,54248.6,54271.5,54123,54221.9,0
2024-01-05 12:15:00,1704437100,54221.5,54282.9,54149.9,54203.8,0
2024-01-05 13:15:00,1704440700,54206.7,54221,53978.4,53995,0
2024-01-05 14:15:00,1704444300,53988.3,54391.1,53909.2,54299.8,0
2024-01-05 15:15:00,1704447900,54290.9,54295.4,54117.9,54179.4,0
2024-01-08 09:15:00,1704685500,54218.6,54274.4,54055.7,54117.4,0
2024-01-08 10:15:00,1704689100,54116.3,54222.1,53915.2,53977.7,0
2024-01-08 11:15:00,1704692700,53976.8,54009.1,53823.9,53854.1,0
2024-01-08 12:15:00,1704696300,53850.9,53943.3,53830.3,53850.4,0
2024-01-08 13:15:00,1704699900,53847.9,53931.1,53803.5,53860.5,0
2024-01-08 14:15:00,1704703500,53853.7,53875.6,53406.6,53515.1,0
2024-01-08 15:15:00,1704707100,53523.8,53569.2,53430.6,53524.7,0
2024-01-09 09:15:00,1704771900,53768.1,53903.9,53678.5,53799.8,0
2024-01-09 10:15:00,1704775500,53804,54059.5,53796.2,54007.5,0
2024-01-09 11:15:00,1704779100,54008.1,54028.4,53852.8,53879.6,0
2024-01-09 12:15:00,1704782700,53874.3,53984.2,53869.3,53955.6,0
2024-01-09 13:15:00,1704786300,53959.9,54007.5,53772.2,53797.1,0
2024-01-09 14:15:00,1704789900,53795.5,53801.4,53251.2,53321.6,0
2024-01-09 15:15:00,1704793500,53312.2,53329.4,53186.6,53272.4,0
2024-01-10 09:15:00,1704858300,53155.4,53366.4,53006.7,53364,0
2024-01-10 10:15:00,1704861900,53363.6,53432.8,53229,53295.7,0
2024-01-10 11:15:00,1704865500,53295.1,53363.5,53239.5,53271,0
2024-01-10 12:15:00,1704869100,53270.5,53308.7,53109.8,53237.2,0
2024-01-10 13:15:00,1704872700,53237.3,53383.2,53181.7,53322,0
2024-01-10 14:15:00,1704876300,53325.7,53410.9,53272.6,53334.7,0
2024-01-10 15:15:00,1704879900,53335.4,53419.6,53333.7,53377,0
2024-01-11 09:15:00,1704944700,53551.9,53728.6,53494.2,53538.8,0
2024-01-11 10:15:00,1704948300,53538.1,53613.2,53460.9,53534.9,0
2024-01-11 11:15:00,1704951900,53535.3,53583.7,53494.7,53501.1,0
2024-01-11 12:15:00,1704955500,53495.4,53663.1,53482.5,53566.3,0
2024-01-11 13:15:00,1704959100,53565.6,53609.9,53302.4,53330.2,0
2024-01-11 14:15:00,1704962700,53335.3,53558.4,53269.1,53492.8,0
2024-01-11 15:15:00,1704966300,53492.1,53525.6,53461.4,53484.2,0
2024-01-12 09:15:00,1705031100,53623.2,53693.4,53456.6,53675.7,0
2024-01-12 10:15:00,1705034700,53678.5,53828.7,53655.7,53765.7,0
2024-01-12 11:15:00,1705038300,53765.4,53817.4,53656.4,53720,0
2024-01-12 12:15:00,1705041900,53724.3,53872.9,53669.2,53779.9,0
2024-01-12 13:15:00,1705045500,53786.3,53952.9,53784.7,53880.5,0
2024-01-12 14:15:00,1705049100,53876.6,53996.3,53664.8,53725.3,0
2024-01-12 15:15:00,1705052700,53721.8,53859.9,53719.9,53838.4,0
2024-01-15 09:15:00,1705290300,54036.7,54250.7,53915.1,54044.6,0
2024-01-15 10:15:00,1705293900,54050.5,54159.9,54028.1,54141,0
2024-01-15 11:15:00,1705297500,54146.4,54186.3,54051.5,54173.9,0
2024-01-15 12:15:00,1705301100,54171.6,54286.8,54171.3,54241.7,0
2024-01-15 13:15:00,1705304700,54242.2,54261.5,54097.2,54189.8,0
2024-01-15 14:15:00,1705308300,54185.6,54270.2,54098.7,54261.7,0
2024-01-15 15:15:00,1705311900,54266.4,54343,54231.4,54316.3,0
2024-01-16 09:15:00,1705376700,54180.4,54369.9,54114.1,54341.8,0
2024-01-16 10:15:00,1705380300,54341.2,54419.8,54307.1,54387.6,0
2024-01-16 11:15:00,1705383900,54390.1,54403.2,54273.9,54312.1,0
2024-01-16 12:15:00,1705387500,54311.5,54377.9,54199.3,54233,0
2024-01-16 13:15:00,1705391100,54237.5,54294.5,54108.8,54268.4,0
2024-01-16 14:15:00,1705394700,54269.1,54281.3,54154.5,54204.3,0
2024-01-16 15:15:00,1705398300,54201.6,54225.7,54158,54184.4,0
2024-01-17 09:15:00,1705463100,52889.1,53327.8,52550.5,53034.7,0
2024-01-17 10:15:00,1705466700,53036.1,53084.6,52615,52659.5,0
2024-01-17 11:15:00,1705470300,52655.2,52677.4,52249.7,52353.4,0
2024-01-17 12:15:00,1705473900,52358.8,52451.7,52238.5,52257.3,0
2024-01-17 13:15:00,1705477500,52255.7,52364,52172.1,52316.2,0
2024-01-17 14:15:00,1705481100,52316.7,52334.3,51958.9,52082.9,0
2024-01-17 15:15:00,1705484700,52074.7,52090.5,51990.7,52039.1,0
2024-01-18 09:15:00,1705549500,51521.2,52000.4,51370,51822.5,0
2024-01-18 10:15:00,1705553100,51822.7,52137,51756.5,52101.1,0
2024-01-18 11:15:00,1705556700,52100.6,52289.1,51998,52281.2,0
2024-01-18 12:15:00,1705560300,52282.1,52292.2,51689.8,51813.1,0
2024-01-18 13:15:00,1705563900,51811.9,51872.9,51649,51736.4,0
2024-01-18 14:15:00,1705567500,51736.8,51904.8,51562,51789.3,0
2024-01-18 15:15:00,1705571100,51788.6,51843.7,51753.8,51843.7,0
2024-01-19 09:15:00,1705635900,52316.3,52385.8,52168.6,52314.2,0
2024-01-19 10:15:00,1705639500,52313.6,52459.3,52089.8,52120.8,0
2024-01-19 11:15:00,1705643100,52117.4,52241.7,51981,52085.2,0
2024-01-19 12:15:00,1705646700,52078.1,52088.1,51954.6,52031.5,0
2024-01-19 13:15:00,1705650300,52040,52079.9,51699.6,51702.1,0
2024-01-19 14:15:00,1705653900,51705.4,51919.1,51661.1,51830.6,0
2024-01-19 15:15:00,1705657500,51834.1,51905.5,51821.6,51850.9,0
2024-01-20 09:15:00,1705722300,52211,52211,51842.7,51937.3,0
2024-01-20 10:15:00,1705725900,51938.9,52144.7,51937.1,52067,0
2024-01-20 11:15:00,1705729500,52065.7,52096.5,51960.6,52029.8,0
2024-01-20 12:15:00,1705733100,52030.5,52298.9,51714.6,52269.1,0
2024-01-20 13:15:00,1705736700,52264.1,52410.7,52177.8,52298.9,0
2024-01-20 14:15:00,1705740300,52303.7,52363,52092.6,52287,0
2024-01-20 15:15:00,1705743900,52293.2,52352.3,52211.5,52278.4,0
2024-01-23 09:15:00,1705981500,52700.4,52937.4,52138,52268,0
2024-01-23 10:15:00,1705985100,52273.7,52354.9,51853.8,51935.2,0
2024-01-23 11:15:00,1705988700,51937.1,51952.2,51205.5,51259.9,0
2024-01-23 12:15:00,1705992300,51258.4,51477.5,51257.3,51318.6,0
2024-01-23 13:15:00,1705995900,51316.5,51365.5,51118.4,51163.4,0
2024-01-23 14:15:00,1705999500,51157.1,51229,50972.1,51169.9,0
2024-01-23 15:15:00,1706003100,51166.3,51205.8,51094.9,51101.4,0
2024-01-24 09:15:00,1706067900,50616.6,51447.6,50450.1,51274.2,0
2024-01-24 10:15:00,1706071500,51284.2,51533.3,51202.8,51299.9,0
2024-01-24 11:15:00,1706075100,51297.8,51349.9,50573.2,50632.2,0
2024-01-24 12:15:00,1706078700,50632.2,50804.1,50473.6,50699.6,0
2024-01-24 13:15:00,1706082300,50702.1,50820.8,50548.3,50683,0
2024-01-24 14:15:00,1706085900,50683.1,51114.6,50619.9,51074.1,0
2024-01-24 15:15:00,1706089500,51075.8,51125.3,50994.1,51018.7,0
2024-01-25 09:15:00,1706154300,51060.3,51138.2,50655.8,50723.4,0
2024-01-25 10:15:00,1706157900,50716.2,50727.5,50388.4,50455.3,0
2024-01-25 11:15:00,1706161500,50455.1,50643.6,50346.7,50421.9,0
2024-01-25 12:15:00,1706165100,50411.5,50534.4,50239,50381.8,0
2024-01-25 13:15:00,1706168700,50382.3,50520.9,50281.8,50383,0
2024-01-25 14:15:00,1706172300,50379.8,50813.5,50323.7,50758.2,0
2024-01-25 15:15:00,1706175900,50761.8,51014.9,50761.8,50868.9,0
2024-01-29 09:15:00,1706499900,51072.1,51484.8,50911.9,51455.7,0
2024-01-29 10:15:00,1706503500,51453,51660.6,51439.7,51539.3,0
2024-01-29 11:15:00,1706507100,51543.6,51553.9,51292,51460.8,0
2024-01-29 12:15:00,1706510700,51460.6,51524.6,51331.3,51402,0
2024-01-29 13:15:00,1706514300,51401.7,51515.4,51291.4,51434.9,0
2024-01-29 14:15:00,1706517900,51434.4,51513.5,51162.2,51488.6,0
2024-01-29 15:15:00,1706521500,51484.5,51573.3,51463.5,51488,0
2024-01-30 09:15:00,1706586300,51532.6,51744.2,51249.1,51354.8,0
2024-01-30 10:15:00,1706589900,51348.2,51446,51270.8,51326.1,0
2024-01-30 11:15:00,1706593500,51326.4,51517.5,51286,51429.3,0
2024-01-30 12:15:00,1706597100,51423.8,51468.2,51370.2,51416.6,0
2024-01-30 13:15:00,1706600700,51413.4,51462.8,51312.1,51455.4,0
2024-01-30 14:15:00,1706604300,51457.5,51480.8,51174.8,51383.6,0
2024-01-30 15:15:00,1706607900,51385.9,51401.7,51252.9,51309,0
2024-01-31 09:15:00,1706672700,51293.2,51854.1,50980.9,51827.7,0
2024-01-31 10:15:00,1706676300,51820.6,52173.5,51774.9,52095.3,0
2024-01-31 11:15:00,1706679900,52084.9,52245.6,52068.5,52096.4,0
2024-01-31 12:15:00,1706683500,52096.1,52130.1,51892,52045.5,0
2024-01-31 13:15:00,1706687100,52047.3,52124.9,51983.6,52091.2,0
2024-01-31 14:15:00,1706690700,52087.4,52172.9,51923.3,51991.3,0
2024-01-31 15:15:00,1706694300,51991.9,52048.8,51924,51956.2,0
2024-02-01 09:15:00,1706759100,52100.6,52197.7,51657.3,51890.8,0
2024-02-01 10:15:00,1706762700,51885.9,52094.7,51821.9,52032.9,0
2024-02-01 11:15:00,1706766300,52039.6,52177.6,51652.4,52108.5,0
2024-02-01 12:15:00,1706769900,52100.9,52336.9,51942.5,52201.9,0
2024-02-01 13:15:00,1706773500,52201.6,52230.7,51988.8,52174.4,0
2024-02-01 14:15:00,1706777100,52173.6,52266.7,52082.1,52218.7,0
2024-02-01 15:15:00,1706780700,52217.3,52311.4,52213.5,52236.8,0
2024-02-02 09:15:00,1706845500,52547.1,52766.8,52540.7,52637.9,0
2024-02-02 10:15:00,1706849100,52638.3,52661.9,52424.8,52613.2,0
2024-02-02 11:15:00,1706852700,52614.1,52994,52606.3,52813,0
2024-02-02 12:15:00,1706856300,52810.3,52818.6,52244.9,52254.4,0
2024-02-02 13:15:00,1706859900,52261,52372.6,52155.9,52319.1,0
2024-02-02 14:15:00,1706863500,52315.9,52372.4,51885.4,51923.9,0
2024-02-02 15:15:00,1706867100,51924.6,51951.4,51858.5,51922.9,0
2024-02-05 09:15:00,1707104700,51842.9,52041.5,51548.2,51893.8,0
2024-02-05 10:15:00,1707108300,51892,51943.4,51707.5,51809.7,0
2024-02-05 11:15:00,1707111900,51813.5,51919.7,51750.2,51823.8,0
2024-02-05 12:15:00,1707115500,51833.3,51994.4,51787.7,51909,0
2024-02-05 13:15:00,1707119100,51908,51943.6,51775.1,51877.1,0
2024-02-05 14:15:00,1707122700,51867.9,51911.6,51648.7,51796.3,0
2024-02-05 15:15:00,1707126300,51803.2,51822.5,51662.4,51685.1,0
2024-02-06 09:15:00,1707191100,51795.3,51831.3,51502.4,51659.8,0
2024-02-06 10:15:00,1707194700,51657.9,51681.7,51444.2,51539.8,0
2024-02-06 11:15:00,1707198300,51539,51836.1,51508.6,51751.8,0
2024-02-06 12:15:00,1707201900,51752.5,51757.4,51569.5,51621.2,0
2024-02-06 13:15:00,1707205500,51621,51686.8,51464.5,51509.4,0
2024-02-06 14:15:00,1707209100,51510.1,51657.3,51465.7,51570.2,0
2024-02-06 15:15:00,1707212700,51573.2,51724.7,51550.5,51724.6,0
2024-02-07 09:15:00,1707277500,51927.1,52080.7,51830.4,51908,0
2024-02-07 10:15:00,1707281100,51910.9,51943.4,51820.8,51905.8,0
2024-02-07 11:15:00,1707284700,51905.6,51905.6,51623.4,51717.7,0
2024-02-07 12:15:00,1707288300,51717.8,51774.4,51673.9,51730,0
2024-02-07 13:15:00,1707291900,51734.5,51869.1,51697.9,51816.7,0
2024-02-07 14:15:00,1707295500,51819.4,51919.8,51777.7,51915.6,0
2024-02-07 15:15:00,1707299100,51916.1,52041.8,51868,51993.2,0
2024-02-08 09:15:00,1707363900,52206.8,52296.9,52012.1,52107.8,0
2024-02-08 10:15:00,1707367500,52108.6,52132.7,51224.3,51420.6,0
2024-02-08 11:15:00,1707371100,51417.8,51535.7,51316.3,51502.2,0
2024-02-08 12:15:00,1707374700,51505.9,51520.2,51339.2,51489.6,0
2024-02-08 13:15:00,1707378300,51489.4,51580.5,51362.3,51377.6,0
2024-02-08 14:15:00,1707381900,51375.1,51414.4,50834.9,50934.4,0
2024-02-08 15:15:00,1707385500,50940.7,51080,50901.3,51069.5,0
2024-02-09 09:15:00,1707450300,51054.9,51399.8,50822.5,51391.1,0
2024-02-09 10:15:00,1707453900,51385.5,51385.5,51102.2,51227.1,0
2024-02-09 11:15:00,1707457500,51228.7,51624.6,51172.7,51488.7,0
2024-02-09 12:15:00,1707461100,51492.3,51613,51355,51556.1,0
2024-02-09 13:15:00,1707464700,51556.7,51557.6,51323.8,51435.8,0
2024-02-09 14:15:00,1707468300,51436.1,51850.1,51418.9,51732.5,0
2024-02-09 15:15:00,1707471900,51740.2,51867.1,51739.7,51839.2,0
2024-02-12 09:15:00,1707709500,51863.6,51864.2,51474.5,51516.9,0
2024-02-12 10:15:00,1707713100,51516.1,51545.8,51241.2,51460.6,0
2024-02-12 11:15:00,1707716700,51459.1,51492.2,51082,51143.2,0
2024-02-12 12:15:00,1707720300,51147.7,51198.4,50675.6,50793.4,0
2024-02-12 13:15:00,1707723900,50793.8,51016.1,50662.3,51008.6,0
2024-02-12 14:15:00,1707727500,51006.1,51105.3,50852.2,50920.2,0
2024-02-12 15:15:00,1707731100,50916.6,51056,50879.8,51009.9,0
2024-02-13 09:15:00,1707795900,51197.2,51652.1,50955.6,51621.9,0
2024-02-13 10:15:00,1707799500,51614,51665.7,51498.5,51553.3,0
2024-02-13 11:15:00,1707803100,51554.9,51555.4,51205,51231.4,0
2024-02-13 12:15:00,1707806700,51232.9,51514,51114.1,51457.2,0
2024-02-13 13:15:00,1707810300,51451.4,51970.3,51447.6,51787.4,0
2024-02-13 14:15:00,1707813900,51785.5,51845.7,51643.9,51740.7,0
2024-02-13 15:15:00,1707817500,51739.6,51792.8,51587.7,51668.1,0
2024-02-14 09:15:00,1707882300,51230.8,51510.2,51073.8,51510.2,0
2024-02-14 10:15:00,1707885900,51510.4,51738.7,51449.2,51640.4,0
2024-02-14 11:15:00,1707889500,51645.9,51760.3,51503.9,51696.5,0
2024-02-14 12:15:00,1707893100,51696.2,52121.9,51687.8,52030.4,0
2024-02-14 13:15:00,1707896700,52035.9,52072.4,51771.1,52071.6,0
2024-02-14 14:15:00,1707900300,52067.8,52617.5,52062.2,52204.6,0
2024-02-14 15:15:00,1707903900,52200.1,52379.9,52094.6,52334.1,0
2024-02-15 09:15:00,1707968700,52519.8,52550.2,51890.5,52167.8,0
2024-02-15 10:15:00,1707972300,52168.5,52278.6,52092.2,52185.7,0
2024-02-15 11:15:00,1707975900,52186.8,52390,52135.6,52380.5,0
2024-02-15 12:15:00,1707979500,52377.8,52426.6,52195.3,52319.2,0
2024-02-15 13:15:00,1707983100,52318.7,52574.9,52248.6,52452.7,0
2024-02-15 14:15:00,1707986700,52451.1,52564.3,52335.7,52510.9,0
2024-02-15 15:15:00,1707990300,52511,52620.6,52461.3,52568.5,0
2024-02-16 09:15:00,1708055100,52850.5,52850.5,52509.6,52730.1,0
2024-02-16 10:15:00,1708058700,52721.1,52754.1,52611.5,52648.4,0
2024-02-16 11:15:00,1708062300,52647.1,52750.7,52522.2,52718.6,0
2024-02-16 12:15:00,1708065900,52713.2,52771.9,52625.1,52713,0
2024-02-16 13:15:00,1708069500,52712.3,53003.5,52554.1,52655.6,0
2024-02-16 14:15:00,1708073100,52655.4,52828.8,52547.6,52606,0
2024-02-16 15:15:00,1708076700,52598.3,52636,52557.9,52632.6,0
2024-02-19 09:15:00,1708314300,52812.51,52885.79,52530.24,52685.79,0
2024-02-19 10:15:00,1708317900,52684.74,52878.26,52640.89,52850.63,0
2024-02-19 11:15:00,1708321500,52846.33,52938.11,52772.21,52891.45,0
2024-02-19 12:15:00,1708325100,52900.49,52953.42,52853.29,52951.71,0
2024-02-19 13:15:00,1708328700,52947.77,52979.58,52813.49,52886.26,0
2024-02-19 14:15:00,1708332300,52900.3,52966.68,52698.96,52771.96,0
2024-02-19 15:15:00,1708335900,52774.12,52858.07,52745.27,52813.82,0
2024-02-20 09:15:00,1708400700,52722.53,53188.11,52628.24,53182.38,0
2024-02-20 10:15:00,1708404300,53188.11,53266.02,53092.22,53186.11,0
2024-02-20 11:15:00,1708407900,53188.01,53302.02,53112.21,53244.96,0
2024-02-20 12:15:00,1708411500,53244.76,53318.63,53205.1,53250.83,0
2024-02-20 13:15:00,1708415100,53245.47,53399.29,53115.85,53225.08,0
2024-02-20 14:15:00,1708418700,53225.44,53471.58,53225.44,53443.49,0
2024-02-20 15:15:00,1708422300,53444.29,53491.53,53429.66,53464.82,0
2024-02-21 09:15:00,1708487100,53699.83,53748.85,53406.88,53473.93,0
2024-02-21 10:15:00,1708490700,53472.9,53509.8,53232.9,53348.35,0
2024-02-21 11:15:00,1708494300,53351.83,53542.59,53319.69,53488.73,0
2024-02-21 12:15:00,1708497900,53494.36,53687.31,53475.02,53644.34,0
2024-02-21 13:15:00,1708501500,53644.44,53677.71,53394.61,53460.84,0
2024-02-21 14:15:00,1708505100,53458.11,53543.44,53336.04,53435,0
2024-02-21 15:15:00,1708508700,53435.07,53469.02,53238.29,53321.46,0
2024-02-22 09:15:00,1708573500,53389.99,53474.14,53013.51,53065.94,0
2024-02-22 10:15:00,1708577100,53067.56,53083.48,52836.33,52951.88,0
2024-02-22 11:15:00,1708580700,52950.26,53018.26,52798.86,52950.89,0
2024-02-22 12:15:00,1708584300,52946.57,52991.73,52813.85,52871.64,0
2024-02-22 13:15:00,1708587900,52871.29,53303.39,52864.6,53127.54,0
2024-02-22 14:15:00,1708591500,53121.85,53369.41,53029.84,53316.17,0
2024-02-22 15:15:00,1708595100,53315.17,53437.25,53286.68,53361.4,0
2024-02-23 09:15:00,1708659900,53495.48,53592.91,53274.38,53589.48,0
2024-02-23 10:15:00,1708663500,53591.59,53670.42,53235.02,53416,0
2024-02-23 11:15:00,1708667100,53415.71,53476.71,53317.6,53387.91,0
2024-02-23 12:15:00,1708670700,53386.29,53492.05,53349.84,53430.65,0
2024-02-23 13:15:00,1708674300,53430.31,53438.86,53101.49,53133.07,0
2024-02-23 14:15:00,1708677900,53135.41,53340.34,53095.54,53191.49,0
2024-02-23 15:15:00,1708681500,53193.52,53238.36,53073.65,53114.67,0
2024-02-26 09:15:00,1708919100,53010.26,53247.58,52862.16,52958.71,0
2024-02-26 10:15:00,1708922700,52959.71,53033.53,52865.53,52949.77,0
2024-02-26 11:15:00,1708926300,52950.86,52984.07,52855.63,52896.32,0
2024-02-26 12:15:00,1708929900,52903.04,53141.66,52826.06,53096.29,0
2024-02-26 13:15:00,1708933500,53096.93,53139.18,52963.32,53026.84,0
2024-02-26 14:15:00,1708937100,53027.13,53079.34,52864.15,52876.68,0
2024-02-26 15:15:00,1708940700,52880.51,52947.2,52860.47,52924.08,0
2024-02-27 09:15:00,1709005500,52818.39,52931.21,52656.48,52691.02,0
2024-02-27 10:15:00,1709009100,52681.15,52782.87,52624.34,52737.77,0
2024-02-27 11:15:00,1709012700,52737.87,52830.01,52687.94,52746,0
2024-02-27 12:15:00,1709016300,52742.78,52977.29,52678.17,52977.29,0
2024-02-27 13:15:00,1709019900,52975.51,53026.62,52813.59,52958.79,0
2024-02-27 14:15:00,1709023500,52958.83,52998.42,52834.81,52884.45,0
2024-02-27 15:15:00,1709027100,52878.56,52941.05,52851.34,52895.96,0
2024-02-28 09:15:00,1709091900,52955.67,53053.31,52822,53023.24,0
2024-02-28 10:15:00,1709095500,53026.1,53083.27,52287.61,52480.86,0
2024-02-28 11:15:00,1709099100,52476.6,52577.75,52400.39,52499.77,0
2024-02-28 12:15:00,1709102700,52498.17,52522.62,52160.47,52187.51,0
2024-02-28 13:15:00,1709106300,52188.67,52588.48,52188.67,52569.35,0
2024-02-28 14:15:00,1709109900,52569.01,52569.01,52182.36,52216.51,0
2024-02-28 15:15:00,1709113500,52220.09,52243.99,52129.46,52179.69,0
2024-02-29 09:15:00,1709178300,52142.99,52426.87,51877.5,51960.17,0
2024-02-29 10:15:00,1709181900,51961.59,52157.56,51914.52,52157.56,0
2024-02-29 11:15:00,1709185500,52164.55,52187.2,52046.94,52143.15,0
2024-02-29 12:15:00,1709189100,52143.52,52364.13,52041.58,52361.8,0
2024-02-29 13:15:00,1709192700,52361.61,52487.33,52280.5,52450.62,0
2024-02-29 14:15:00,1709196300,52449.45,52647.19,52203.24,52460.76,0
2024-02-29 15:15:00,1709199900,52448.17,52650.89,52442.29,52557.37,0
2024-03-01 09:15:00,1709264700,52536.86,53009.4,52513.08,52996.36,0
2024-03-01 10:15:00,1709268300,52994.74,53143.91,52943.85,53077.04,0
2024-03-01 11:15:00,1709271900,53073.45,53400.58,53073.45,53315.96,0
2024-03-01 12:15:00,1709275500,53321.69,53548.15,53308.7,53418.5,0
2024-03-01 13:15:00,1709279100,53424.31,53647.44,53379.88,53646.67,0
2024-03-01 14:15:00,1709282700,53644.71,53811.63,53582.33,53777.85,0
2024-03-01 15:15:00,1709286300,53774.59,53799.19,53647.71,53698.22,0
2024-03-02 09:15:00,1709351100,53767.06,53894.01,53680.38,53711.81,0
2024-03-02 11:15:00,1709358300,53825.5,53826.28,53640.27,53745.39,0
2024-03-02 12:15:00,1709361900,53744.5,53761.92,53725.99,53732.31,0
2024-03-04 09:15:00,1709523900,53753.28,53946.29,53730.77,53891.56,0
2024-03-04 10:15:00,1709527500,53889.41,53994.82,53659.18,53782.06,0
2024-03-04 11:15:00,1709531100,53781.76,53828.06,53719.54,53775.95,0
2024-03-04 12:15:00,1709534700,53771.25,53867.55,53759.46,53815.01,0
2024-03-04 13:15:00,1709538300,53811.82,53972.92,53806.02,53967.37,0
2024-03-04 14:15:00,1709541900,53970.94,54050.34,53816.75,54013.93,0
2024-03-04 15:15:00,1709545500,54014.18,54015.01,53840.03,53910.78,0
2024-03-05 09:15:00,1709610300,53727.55,53850.78,53659.72,53779.56,0
2024-03-05 10:15:00,1709613900,53788.36,53878.65,53709.6,53814.76,0
2024-03-05 11:15:00,1709617500,53818.98,53901.02,53718.05,53856.79,0
2024-03-05 12:15:00,1709621100,53856.11,54251.82,53811.23,54183.32,0
2024-03-05 13:15:00,1709624700,54181.88,54210.68,53985.35,54071.95,0
2024-03-05 14:15:00,1709628300,54074.09,54203.73,53982.39,54041.92,0
2024-03-05 15:15:00,1709631900,54042.46,54074.12,54013.93,54037.31,0
2024-03-06 09:15:00,1709696700,53834.15,54668.65,53834.15,54633.52,0
2024-03-06 10:15:00,1709700300,54622.06,54776.75,54511.72,54651.44,0
2024-03-06 11:15:00,1709703900,54647.83,54693.58,54545.11,54666.91,0
2024-03-06 12:15:00,1709707500,54672.72,54747.45,54619.25,54744.36,0
2024-03-06 13:15:00,1709711100,54743.65,54800.19,54654.54,54780.27,0
2024-03-06 14:15:00,1709714700,54778.06,54810.09,54478.84,54527.77,0
2024-03-06 15:15:00,1709718300,54528.93,54634.58,54457.81,54548.19,0
2024-03-07 09:15:00,1709783100,54742.72,54742.72,54404.48,54540.76,0
2024-03-07 10:15:00,1709786700,54538.99,54601.8,54279.22,54440.13,0
2024-03-07 11:15:00,1709790300,54441.44,54480.93,54380.47,54403.69,0
2024-03-07 12:15:00,1709793900,54397.96,54440.99,54341.73,54424.86,0
2024-03-07 13:15:00,1709797500,54419.08,54488.61,54367.63,54376.94,0
2024-03-07 14:15:00,1709801100,54383.91,54557.88,54329.93,54411.52,0
2024-03-07 15:15:00,1709804700,54403.52,54408.85,54268.48,54343.97,0
2024-03-11 09:15:00,1710128700,54332.62,54417.3,54145.23,54152.21,0
2024-03-11 10:15:00,1710132300,54149.59,54231.21,54113.53,54148.78,0
2024-03-11 11:15:00,1710135900,54144.01,54158.37,53796,53823.63,0
2024-03-11 12:15:00,1710139500,53818.67,53890.42,53764.49,53784.4,0
2024-03-11 13:15:00,1710143100,53786.82,53869.67,53754.28,53769.97,0
2024-03-11 14:15:00,1710146700,53771.35,53913.88,53708.8,53829.64,0
2024-03-11 15:15:00,1710150300,53827.6,53827.6,53733.36,53768.65,0
2024-03-12 09:15:00,1710215100,53811.05,54317.73,53657.95,54209.2,0
2024-03-12 10:15:00,1710218700,54212.47,54244.9,53237.23,53741.05,0
2024-03-12 11:15:00,1710222300,53739.57,53805.61,53579.83,53644.46,0
2024-03-12 12:15:00,1710225900,53644.92,53860.47,53641.53,53846.84,0
2024-03-12 13:15:00,1710229500,53841.09,53935.08,53791.03,53791.78,0
2024-03-12 14:15:00,1710233100,53796.79,53858.82,53620.19,53649.26,0
2024-03-12 15:15:00,1710236700,53652.48,53717.43,53629.96,53659.55,0
2024-03-13 09:15:00,1710301500,53637.64,53868.41,53594.17,53831.03,0
2024-03-13 10:15:00,1710305100,53825.92,53887.77,53540.63,53582.74,0
2024-03-13 11:15:00,1710308700,53583.46,53619.52,53392.07,53474.36,0
2024-03-13 12:15:00,1710312300,53485.27,53567.48,53455.62,53507.16,0
2024-03-13 13:15:00,1710315900,53508.95,53573.55,53282.98,53311.52,0
2024-03-13 14:15:00,1710319500,53296.69,53536.9,53235.31,53249.52,0
2024-03-13 15:15:00,1710323100,53253.51,53385.67,53230.71,53301.19,0
2024-03-14 09:15:00,1710387900,53007.14,53232.66,52927.99,53049.35,0
2024-03-14 10:15:00,1710391500,53049.93,53469.1,53036.97,53455.57,0
2024-03-14 11:15:00,1710395100,53458.42,53643.61,53409.77,53509.79,0
2024-03-14 12:15:00,1710398700,53510.87,53579.72,53288.13,53418.8,0
2024-03-14 13:15:00,1710402300,53415.58,53440.97,53107.77,53134.28,0
2024-03-14 14:15:00,1710405900,53128.48,53249.95,53006.96,53100.73,0
2024-03-14 15:15:00,1710409500,53102.28,53163.1,53031.48,53123.71,0
2024-03-15 09:15:00,1710474300,52945.53,53070.03,52655.9,52738.19,0
2024-03-15 10:15:00,1710477900,52741,52815.3,52504.2,52581.39,0
2024-03-15 11:15:00,1710481500,52586.65,52717.26,52553.41,52574.32,0
2024-03-15 12:15:00,1710485100,52574.22,52752.04,52569.78,52682.71,0
2024-03-15 13:15:00,1710488700,52677.88,52967.23,52641.51,52815.85,0
2024-03-15 14:15:00,1710492300,52815.32,52931.67,52620.96,52810.27,0
2024-03-15 15:15:00,1710495900,52815.93,52919.65,52764.51,52796.43,0
2024-03-18 09:15:00,1710733500,52678.57,52937.68,52554.14,52622.21,0
2024-03-18 10:15:00,1710737100,52622.68,52780.24,52428.92,52429.59,0
2024-03-18 11:15:00,1710740700,52423.11,52977.25,52218.79,52869.41,0
2024-03-18 12:15:00,1710744300,52870.36,53028.21,52797.79,52909.24,0
2024-03-18 13:15:00,1710747900,52909.57,52931.75,52820.25,52842.57,0
2024-03-18 14:15:00,1710751500,52842.44,53002.85,52728.3,52830.85,0
2024-03-18 15:15:00,1710755100,52829.87,52927.95,52829.48,52897.82,0
2024-03-19 09:15:00,1710819900,52715.65,52872.55,52606.89,52661.28,0
2024-03-19 10:15:00,1710823500,52671.06,52842.31,52593.52,52669.21,0
2024-03-19 11:15:00,1710827100,52661.05,52798.09,52649.1,52689.91,0
2024-03-19 12:15:00,1710830700,52694.53,52751.41,52675.89,52701.23,0
2024-03-19 13:15:00,1710834300,52706.64,52731.02,52565.31,52613.1,0
2024-03-19 14:15:00,1710837900,52613.12,52757.52,52534.12,52641.39,0
2024-03-19 15:15:00,1710841500,52639.33,52672.62,52585.06,52619.17,0
2024-03-20 09:15:00,1710906300,52654.98,52867.69,52380.59,52404.71,0
2024-03-20 10:15:00,1710909900,52404.91,52464.61,52082.46,52396.26,0
2024-03-20 11:15:00,1710913500,52396.45,52587.92,52309.89,52553.85,0
2024-03-20 12:15:00,1710917100,52561.33,52909.85,52553.81,52892.99,0
2024-03-20 13:15:00,1710920700,52879.32,52989.89,52600.01,52629.06,0
2024-03-20 14:15:00,1710924300,52628.53,52702.45,52476.72,52605.53,0
2024-03-20 15:15:00,1710927900,52607.17,52712.63,52583.79,52674.68,0
2024-03-21 09:15:00,1710992700,52958.51,53330.42,52958.51,53293.21,0
2024-03-21 10:15:00,1710996300,53296.3,53340.65,53070.73,53194.05,0
2024-03-21 11:15:00,1710999900,53196.16,53212.6,52872.29,52890.05,0
2024-03-21 12:15:00,1711003500,52885.54,53036.53,52826.22,53001.04,0
2024-03-21 13:15:00,1711007100,53011.21,53071.76,52902.86,52940.37,0
2024-03-21 14:15:00,1711010700,52945.77,53000.27,52880.79,52966.66,0
2024-03-21 15:15:00,1711014300,52967.04,53011.92,52946.01,53001.12,0
2024-03-22 09:15:00,1711079100,52785.61,53224.29,52782.34,53176.03,0
2024-03-22 10:15:00,1711082700,53173.42,53251.75,53115.29,53163.58,0
2024-03-22 11:15:00,1711086300,53163.04,53228.29,53109.26,53122.16,0
2024-03-22 12:15:00,1711089900,53122.26,53196.35,53086.87,53152.58,0
2024-03-22 13:15:00,1711093500,53152.29,53165.85,53049.92,53094.67,0
2024-03-22 14:15:00,1711097100,53095.44,53243.77,53019.55,53119.89,0
2024-03-22 15:15:00,1711100700,53119.68,53122.14,53032.03,53089.39,0
2024-03-26 09:15:00,1711424700,52852.38,53057.03,52790.58,52827.2,0
2024-03-26 10:15:00,1711428300,52826.01,52933.53,52802.51,52846.85,0
2024-03-26 11:15:00,1711431900,52850.45,52983.03,52838.73,52893.37,0
2024-03-26 12:15:00,1711435500,52893.31,52996.51,52890.17,52961.07,0
2024-03-26 13:15:00,1711439100,52960.07,52973.82,52779.75,52857.5,0
2024-03-26 14:15:00,1711442700,52859.68,52888.98,52732.24,52822.7,0
2024-03-26 15:15:00,1711446300,52819.1,52868.77,52796.66,52821.15,0
2024-03-27 09:15:00,1711511100,52988.62,53188.12,52906.56,53138.29,0
2024-03-27 10:15:00,1711514700,53138.43,53216.14,53018.57,53073.11,0
2024-03-27 11:15:00,1711518300,53072.69,53099.03,53024.53,53049.08,0
2024-03-27 12:15:00,1711521900,53054.49,53080.85,53005.65,53046.3,0
2024-03-27 13:15:00,1711525500,53046.3,53087.68,53002,53010.6,0
2024-03-27 14:15:00,1711529100,53007.21,53055.76,52922.23,53055.76,0
2024-03-27 15:15:00,1711532700,53054.72,53243.65,53042.56,53128.49,0
2024-03-28 09:15:00,1711597500,53123.65,53504.65,53107.57,53474.69,0
2024-03-28 10:15:00,1711601100,53477.46,53684.83,53477.36,53682.25,0
2024-03-28 11:15:00,1711604700,53684.41,53686.48,53509.91,53536.34,0
2024-03-28 12:15:00,1711608300,53540.04,53739.53,53503.31,53697.88,0
2024-03-28 13:15:00,1711611900,53688.24,53796.4,53661.91,53777.52,0
2024-03-28 14:15:00,1711615500,53776.67,53829.84,53330.12,53381.55,0
2024-03-28 15:15:00,1711619100,53380.29,53520.93,53353.13,53493.64,0
2024-04-01 09:15:00,1711943100,53734.42,54047.34,53724.04,53921.71,0
2024-04-01 10:15:00,1711946700,53918.46,53997.7,53836.29,53927.85,0
2024-04-01 11:15:00,1711950300,53927.95,53964.79,53887.85,53912.94,0
2024-04-01 12:15:00,1711953900,53913.06,53951.1,53776.06,53816.72,0
2024-04-01 13:15:00,1711957500,53822.54,53900.69,53809.32,53841.04,0
2024-04-01 14:15:00,1711961100,53839.6,53917.48,53778.56,53909.89,0
2024-04-01 15:15:00,1711964700,53912.62,53974.41,53866.4,53902.89,0
2024-04-02 09:15:00,1712029500,53861.58,53993.06,53701.98,53802.29,0
2024-04-02 10:15:00,1712033100,53802.29,53920.08,53756.58,53852.11,0
2024-04-02 11:15:00,1712036700,53846.29,53863.34,53811.19,53823.32,0
2024-04-02 12:15:00,1712040300,53829.33,53880.57,53745.51,53783.18,0
2024-04-02 13:15:00,1712043900,53782.99,53836.74,53709.48,53757.98,0
2024-04-02 14:15:00,1712047500,53767.11,53835.58,53709.03,53774.05,0
2024-04-02 15:15:00,1712051100,53777.68,53846.89,53766.91,53808.57,0
2024-04-03 09:15:00,1712115900,53606.89,53766.45,53538.8,53743.09,0
2024-04-03 10:15:00,1712119500,53743.85,53794.39,53668.69,53728.35,0
2024-04-03 11:15:00,1712123100,53723.57,53875.26,53708.11,53874.25,0
2024-04-03 12:15:00,1712126700,53874.71,53923.43,53826.91,53894.09,0
2024-04-03 13:15:00,1712130300,53886.86,53966.86,53796.92,53854.94,0
2024-04-03 14:15:00,1712133900,53857.55,53889.21,53768,53838.07,0
2024-04-03 15:15:00,1712137500,53834.44,53868.56,53803.17,53850.86,0
2024-04-04 09:15:00,1712202300,54271.01,54420.21,53899.5,53903.59,0
2024-04-04 10:15:00,1712205900,53897.86,54077.54,53830.47,54072,0
2024-04-04 11:15:00,1712209500,54078.12,54092.97,53925.71,53957.56,0
2024-04-04 12:15:00,1712213100,53957.75,54178.6,53953.57,54142.96,0
2024-04-04 13:15:00,1712216700,54142.76,54308.27,54033.75,54126.94,0
2024-04-04 14:15:00,1712220300,54126.69,54253.22,54090.33,54163.96,0
2024-04-04 15:15:00,1712223900,54161.91,54243.64,54139.58,54242.7,0
2024-04-05 09:15:00,1712288700,54235.89,54235.89,53948.83,54129.18,0
2024-04-05 10:15:00,1712292300,54125.44,54332.49,54095.96,54303.61,0
2024-04-05 11:15:00,1712295900,54303.09,54345.64,54218.86,54329.97,0
2024-04-05 12:15:00,1712299500,54328.3,54347.06,54230.64,54239.97,0
2024-04-05 13:15:00,1712303100,54233.7,54446.43,54223.72,54343.7,0
2024-04-05 14:15:00,1712306700,54346.61,54684.91,54337.16,54649.24,0
2024-04-05 15:15:00,1712310300,54651.56,54707.49,54603.86,54677.14,0
2024-04-08 09:15:00,1712547900,54865.22,54866.24,54681.62,54760.98,0
2024-04-08 10:15:00,1712551500,54761.37,54783.64,54721.7,54779.78,0
2024-04-08 11:15:00,1712555100,54778.14,54831.45,54750.72,54791.17,0
2024-04-08 12:15:00,1712558700,54792.33,54957.2,54792.33,54933.47,0
2024-04-08 13:15:00,1712562300,54934.46,54971.31,54746.23,54824.9,0
2024-04-08 14:15:00,1712565900,54827.55,54894.79,54783.75,54876.26,0
2024-04-08 15:15:00,1712569500,54876.68,54884.44,54795.05,54801.18,0
2024-04-09 09:15:00,1712634300,55173.31,55173.51,54880.85,55098.69,0
2024-04-09 10:15:00,1712637900,55101.87,55262.31,55084.48,55107.09,0
2024-04-09 11:15:00,1712641500,55112.32,55270.85,55102.5,55210.81,0
2024-04-09 12:15:00,1712645100,55212.49,55237.82,55090.16,55132.29,0
2024-04-09 13:15:00,1712648700,55133,55153.8,54864.5,54886.98,0
2024-04-09 14:15:00,1712652300,54883.59,55066.24,54864.76,55015.59,0
2024-04-09 15:15:00,1712655900,55011.82,55079.18,54988.56,54989.27,0
2024-04-10 09:15:00,1712720700,55182.48,55312.32,54993.65,55247.81,0
2024-04-10 10:15:00,1712724300,55240.93,55332.86,55199.43,55266.86,0
2024-04-10 11:15:00,1712727900,55272.27,55292.35,55187.63,55258.15,0
2024-04-10 12:15:00,1712731500,55256.39,55276.23,55178.27,55246.68,0
2024-04-10 13:15:00,1712735100,55240.45,55335.38,55236.02,55276.36,0
2024-04-10 14:15:00,1712738700,55275.59,55470.42,55263.35,55413.13,0
2024-04-10 15:15:00,1712742300,55418.92,55418.92,55282.1,55310.89,0
2024-04-12 09:15:00,1712893500,55116.35,55257.56,55007.21,55034.46,0
2024-04-12 10:15:00,1712897100,55033.89,55106.96,54962.09,55073.86,0
2024-04-12 11:15:00,1712900700,55072.29,55173.81,55049,55158.65,0
2024-04-12 12:15:00,1712904300,55154.99,55159.91,54894.22,54955.21,0
2024-04-12 13:15:00,1712907900,54955.54,55008.79,54855.05,54874.59,0
2024-04-12 14:15:00,1712911500,54874.84,55025.85,54841.69,54882.78,0
2024-04-12 15:15:00,1712915100,54883.4,54895.69,54801.98,54823,0
2024-04-15 09:15:00,1713152700,54065.8,54522.81,54065.8,54236.04,0
2024-04-15 10:15:00,1713156300,54233.36,54386.86,54202.66,54301.18,0
2024-04-15 11:15:00,1713159900,54300.98,54339.19,54267.99,54326.95,0
2024-04-15 12:15:00,1713163500,54324.34,54339.95,54224.7,54260.49,0
2024-04-15 13:15:00,1713167100,54260.49,54293.73,54201.09,54237.19,0
2024-04-15 14:15:00,1713170700,54241.37,54248.32,53976.68,54024.3,0
2024-04-15 15:15:00,1713174300,54023.52,54073.67,53986.42,54002.21,0
2024-04-16 09:15:00,1713239100,53582.72,53771.36,53506.42,53754.76,0
2024-04-16 10:15:00,1713242700,53754.7,53780.43,53656.46,53759.83,0
2024-04-16 11:15:00,1713246300,53767.83,53793.93,53603.78,53695.73,0
2024-04-16 12:15:00,1713249900,53692.26,53701.48,53630.71,53682.89,0
2024-04-16 13:15:00,1713253500,53672.97,53769.38,53643.59,53741.83,0
2024-04-16 14:15:00,1713257100,53736.84,53795.09,53634.28,53785.52,0
2024-04-16 15:15:00,1713260700,53793.71,53873.71,53767.73,53858.35,0
2024-04-18 09:15:00,1713411900,53924.37,54064.14,53725.37,53767.11,0
2024-04-18 10:15:00,1713415500,53768.88,53950.77,53645.81,53921.82,0
2024-04-18 11:15:00,1713419100,53921.58,53951.46,53789.15,53789.15,0
2024-04-18 12:15:00,1713422700,53789.35,53893.39,53785.76,53855.43,0
2024-04-18 13:15:00,1713426300,53854.38,53908.83,53266.37,53494.78,0
2024-04-18 14:15:00,1713429900,53484.4,53547.33,53081.28,53096.98,0
2024-04-18 15:15:00,1713433500,53090.32,53293.07,53086.53,53261.35,0
2024-04-19 09:15:00,1713498300,52796.95,52976.58,52596.54,52929.33,0
2024-04-19 10:15:00,1713501900,52929.13,52948.39,52779.84,52910.42,0
2024-04-19 11:15:00,1713505500,52916.52,53088.44,52886.69,52992.55,0
2024-04-19 12:15:00,1713509100,52992.65,53438.89,52978.08,53359.19,0
2024-04-19 13:15:00,1713512700,53358.52,53821.13,53261.94,53693.8,0
2024-04-19 14:15:00,1713516300,53692.14,53797.15,53484.04,53782.41,0
2024-04-19 15:15:00,1713519900,53781.55,53805.91,53673.55,53774.05,0
2024-04-22 09:15:00,1713757500,54193.83,54307.74,53875.41,53977.84,0
2024-04-22 10:15:00,1713761100,53976.75,54075.81,53856.34,54048.93,0
2024-04-22 11:15:00,1713764700,54052.16,54135.72,54019.63,54060.51,0
2024-04-22 12:15:00,1713768300,54070.35,54108.25,53991.82,54033.33,0
2024-04-22 13:15:00,1713771900,54034.49,54169.58,54028.07,54126.74,0
2024-04-22 14:15:00,1713775500,54129.29,54269.79,54065.02,54264.92,0
2024-04-22 15:15:00,1713779100,54259.14,54304.82,54220.6,54290.98,0
2024-04-23 09:15:00,1713843900,54602.25,54625.96,54231.84,54404.01,0
2024-04-23 10:15:00,1713847500,54410.24,54414.46,54279.04,54336.81,0
2024-04-23 11:15:00,1713851100,54336.48,54417.29,54311.74,54417.29,0
2024-04-23 12:15:00,1713854700,54419.13,54457.82,54288.18,54314.29,0
2024-04-23 13:15:00,1713858300,54314.55,54383.42,54231.12,54331.82,0
2024-04-23 14:15:00,1713861900,54327.45,54401.68,54266.98,54366.5,0
2024-04-23 15:15:00,1713865500,54367.13,54369.99,54271.79,54324.05,0
2024-04-24 09:15:00,1713930300,54435.99,54595.24,54390.51,54558.44,0
2024-04-24 10:15:00,1713933900,54558.97,54627.61,54552.18,54596.12,0
2024-04-24 11:15:00,1713937500,54598.34,54616.44,54538.85,54597.43,0
2024-04-24 12:15:00,1713941100,54589.05,54607.43,54544.24,54592.57,0
2024-04-24 13:15:00,1713944700,54592.66,54631.83,54563.22,54590.93,0
2024-04-24 14:15:00,1713948300,54587.42,54667.65,54550.1,54588.83,0
2024-04-24 15:15:00,1713951900,54589.82,54626.31,54567.49,54596.89,0
2024-04-25 09:15:00,1714016700,54097.22,54642.86,54075.09,54620.13,0
2024-04-25 10:15:00,1714020300,54626.43,54708.56,54416.51,54690.08,0
2024-04-25 11:15:00,1714023900,54679.54,54681,54456.45,54501.66,0
2024-04-25 12:15:00,1714027500,54510.76,54798.76,54487.86,54797.49,0
2024-04-25 13:15:00,1714031100,54794.42,55037.14,54718.36,54998.29,0
2024-04-25 14:15:00,1714034700,54999.14,55092.53,54959.92,54989.33,0
2024-04-25 15:15:00,1714038300,54989.26,55005.91,54936.47,54989.52,0
2024-04-26 09:15:00,1714103100,55156.49,55185.55,54858.15,54915.6,0
2024-04-26 10:15:00,1714106700,54914.04,54982.25,54781.2,54830.04,0
2024-04-26 11:15:00,1714110300,54826.26,54901.73,54805.81,54836.54,0
2024-04-26 12:15:00,1714113900,54833.81,54995.05,54824.91,54970.39,0
2024-04-26 13:15:00,1714117500,54964.17,54966.08,54631.63,54737.27,0
2024-04-26 14:15:00,1714121100,54745.17,54792.38,54487.72,54568.98,0
2024-04-26 15:15:00,1714124700,54569.8,54782.5,54557.32,54742.3,0
2024-04-29 09:15:00,1714362300,54811.44,55098.67,54783.21,55086.39,0
2024-04-29 10:15:00,1714365900,55086.97,55332.61,55052.84,55260.88,0
2024-04-29 11:15:00,1714369500,55266.58,55558.54,55245.55,55530.26,0
2024-04-29 12:15:00,1714373100,55529.24,55636.93,55476.94,55603.52,0
2024-04-29 13:15:00,1714376700,55602.15,56099.03,55585.21,56048.35,0
2024-04-29 14:15:00,1714380300,56048.09,56156.55,55952.73,56149.13,0
2024-04-29 15:15:00,1714383900,56149.53,56149.53,56006.68,56065.69,0
2024-04-30 09:15:00,1714448700,56198.67,56363.3,56003.23,56175.27,0
2024-04-30 10:15:00,1714452300,56187.87,56363.82,56142.89,56257.53,0
2024-04-30 11:15:00,1714455900,56253.67,56296.56,56157.27,56232.63,0
2024-04-30 12:15:00,1714459500,56233.11,56258,56077.8,56085.79,0
2024-04-30 13:15:00,1714463100,56097.13,56630.49,56049.64,56590.19,0
2024-04-30 14:15:00,1714466700,56602.21,56671.05,55975.85,56011.28,0
2024-04-30 15:15:00,1714470300,56010.95,56021.92,55837.48,55875.23,0
2024-05-02 09:15:00,1714621500,55815.4,56105.67,55680.24,56012.34,0
2024-05-02 10:15:00,1714625100,56008.16,56028.8,55736.38,55774.16,0
2024-05-02 11:15:00,1714628700,55779.13,55891.75,55627.76,55792.85,0
2024-05-02 12:15:00,1714632300,55795.68,55845.83,55714.28,55804.13,0
2024-05-02 13:15:00,1714635900,55803.54,55881.42,55748.89,55780.09,0
2024-05-02 14:15:00,1714639500,55775.62,55794.34,55684.41,55741.65,0
2024-05-02 15:15:00,1714643100,55736.33,55798.04,55715.63,55775.55,0
2024-05-03 09:15:00,1714707900,55944.08,56164.8,55784.54,55801.52,0
2024-05-03 10:15:00,1714711500,55803,55824.03,55485.52,55579.72,0
2024-05-03 11:15:00,1714715100,55580.76,55592.24,55273.62,55385.32,0
2024-05-03 12:15:00,1714718700,55386.49,55631.33,55190.77,55235.23,0
2024-05-03 13:15:00,1714722300,55235.13,55364.11,55123.99,55322.18,0
2024-05-03 14:15:00,1714725900,55321.99,55452.39,55227.63,55439.05,0
2024-05-03 15:15:00,1714729500,55441.66,55503.14,55341.65,55370.69,0
2024-05-06 09:15:00,1714967100,55737.24,55852.25,55450.27,55730.51,0
2024-05-06 10:15:00,1714970700,55730.7,55838.42,55637.09,55708.81,0
2024-05-06 11:15:00,1714974300,55707.25,55760.12,55612.91,55700.91,0
2024-05-06 12:15:00,1714977900,55701.57,55705.28,55455.41,55477.41,0
2024-05-06 13:15:00,1714981500,55480.25,55564.57,55422.67,55439.25,0
2024-05-06 14:15:00,1714985100,55438.64,55617.72,55376.56,55504.41,0
2024-05-06 15:15:00,1714988700,55506.5,55597.06,55465.78,55549.79,0
2024-05-07 09:15:00,1715053500,55570.92,55629.62,55091.01,55180.95,0
2024-05-07 10:15:00,1715057100,55180.4,55191.91,54951.67,54966.81,0
2024-05-07 11:15:00,1715060700,54967,54971.51,54821.03,54877.24,0
2024-05-07 12:15:00,1715064300,54874.33,54964.58,54813.33,54925.03,0
2024-05-07 13:15:00,1715067900,54929.56,55092.44,54915.21,55031.56,0
2024-05-07 14:15:00,1715071500,55030.9,55037.17,54853.16,54952.79,0
2024-05-07 15:15:00,1715075100,54956.88,55003.69,54881.93,54938.1,0
2024-05-08 09:15:00,1715139900,54730.16,54884.8,54685.04,54788.56,0
2024-05-08 10:15:00,1715143500,54788.25,54792.96,54501.66,54649.44,0
2024-05-08 11:15:00,1715147100,54644.39,54895.46,54633.64,54809.23,0
2024-05-08 12:15:00,1715150700,54809.42,54884.03,54719.97,54811.4,0
2024-05-08 13:15:00,1715154300,54810.15,54889.39,54697.24,54732.47,0
2024-05-08 14:15:00,1715157900,54734.52,54804.09,54653.22,54723.68,0
2024-05-08 15:15:00,1715161500,54724.84,54814.82,54682.68,54809.96,0
2024-05-09 09:15:00,1715226300,54776.33,54982.59,54616.92,54666.98,0
2024-05-09 10:15:00,1715229900,54675.13,54716.77,54437.17,54447.79,0
2024-05-09 11:15:00,1715233500,54447.5,54552.83,54297.86,54546.88,0
2024-05-09 12:15:00,1715237100,54547.27,54615.07,54272.96,54381.64,0
2024-05-09 13:15:00,1715240700,54378.91,54698.33,54324.25,54581.91,0
2024-05-09 14:15:00,1715244300,54588.87,54630.29,54212.63,54220.15,0
2024-05-09 15:15:00,1715247900,54220.98,54299.38,54189.21,54274.03,0
2024-05-10 09:15:00,1715312700,54381.34,54707.98,54171.98,54617.97,0
2024-05-10 10:15:00,1715316300,54615.46,54657.92,54320.99,54441.96,0
2024-05-10 11:15:00,1715319900,54442.15,54560.01,54352.5,54397.42,0
2024-05-10 12:15:00,1715323500,54395.26,54411.17,54005.57,54154.69,0
2024-05-10 13:15:00,1715327100,54152.76,54328.06,54120.24,54203.44,0
2024-05-10 14:15:00,1715330700,54208.02,54250.12,54071.83,54154.49,0
2024-05-10 15:15:00,1715334300,54157.82,54192.82,54120.93,54146.47,0
2024-05-13 09:15:00,1715571900,54041.74,54186.39,53712.53,53827.94,0
2024-05-13 10:15:00,1715575500,53825.95,53837.57,53636.65,53772.76,0
2024-05-13 11:15:00,1715579100,53769.01,54004.15,53767.23,53967.07,0
2024-05-13 12:15:00,1715582700,53968.05,54189.22,53951.36,54128.88,0
2024-05-13 13:15:00,1715586300,54133.06,54501.72,53778.87,54437.57,0
2024-05-13 14:15:00,1715589900,54443.46,54561.46,54353.43,54472.3,0
2024-05-13 15:15:00,1715593500,54474.33,54589.48,54447.52,54515.47,0
2024-05-14 09:15:00,1715658300,54423.03,54647.38,54296.5,54362.17,0
2024-05-14 10:15:00,1715661900,54362.5,54529.66,54354.67,54517.37,0
2024-05-14 11:15:00,1715665500,54514.04,54532.56,54416.81,54484.99,0
2024-05-14 12:15:00,1715669100,54484.99,54638.52,54424.02,54526.39,0
2024-05-14 13:15:00,1715672700,54528.9,54635.02,54480.41,54581.41,0
2024-05-14 14:15:00,1715676300,54584.96,54623.23,54469.59,54565.96,0
2024-05-14 15:15:00,1715679900,54564.72,54602.82,54521.53,54579.84,0
2024-05-15 09:15:00,1715744700,54607.17,54693.44,54397.3,54447.17,0
2024-05-15 10:15:00,1715748300,54444.15,54506.51,54372.21,54450.52,0
2024-05-15 11:15:00,1715751900,54449.78,54503.6,54312.08,54424.37,0
2024-05-15 12:15:00,1715755500,54422.29,54447.8,54339.04,54348.25,0
2024-05-15 13:15:00,1715759100,54348.35,54421.88,54261.69,54387.32,0
2024-05-15 14:15:00,1715762700,54385.24,54534.96,54335.69,54502.9,0
2024-05-15 15:15:00,1715766300,54497.99,54518.11,54453.19,54497.5,0
2024-05-16 09:15:00,1715831100,54695.78,54843.57,54531.18,54583.91,0
2024-05-16 10:15:00,1715834700,54589.31,54589.97,54057.79,54200.82,0
2024-05-16 11:15:00,1715838300,54203.61,54621.5,54118.76,54615.54,0
2024-05-16 12:15:00,1715841900,54618.56,54664.56,54185.37,54226.99,0
2024-05-16 13:15:00,1715845500,54229.61,54279.76,54055.55,54121.12,0
2024-05-16 14:15:00,1715849100,54125.47,54810.47,54113.59,54782.25,0
2024-05-16 15:15:00,1715852700,54782.51,54889.67,54756.86,54778.47,0
2024-05-17 09:15:00,1715917500,54692.15,54864.56,54565.41,54773.38,0
2024-05-17 10:15:00,1715921100,54770.68,55029.46,54733.61,55022.5,0
2024-05-17 11:15:00,1715924700,55021.84,55054.34,54889.6,54896.26,0
2024-05-17 12:15:00,1715928300,54894.69,55005.09,54894.69,54938.91,0
2024-05-17 13:15:00,1715931900,54939.7,55027.07,54850.38,55000.85,0
2024-05-17 14:15:00,1715935500,55000.09,55059.63,54874.94,55013.04,0
2024-05-17 15:15:00,1715939100,55012,55089.26,54979.01,55001.31,0
2024-05-18 09:15:00,1716003900,54714.13,55114.69,54714.13,55035.87,0
2024-05-18 11:15:00,1716011100,55034.75,55086.66,54963.69,55082.78,0
2024-05-18 12:15:00,1716014700,55083.2,55117.61,55053.23,55096.71,0
2024-05-21 09:15:00,1716263100,54856.8,55104.81,54856.8,54905.1,0
2024-05-21 10:15:00,1716266700,54905.19,55037.48,54854.53,55028.04,0
2024-05-21 11:15:00,1716270300,55032.96,55113.05,55018.8,55100.62,0
2024-05-21 12:15:00,1716273900,55101.87,55192.19,55026.88,55168.62,0
2024-05-21 13:15:00,1716277500,55168.95,55178.92,55031.05,55044.75,0
2024-05-21 14:15:00,1716281100,55039.34,55061.7,54900.92,54958.22,0
2024-05-21 15:15:00,1716284700,54956.67,54977.15,54875.59,54890.42,0
2024-05-22 09:15:00,1716349500,55090.37,55090.37,54537.32,54636.25,0
2024-05-22 10:15:00,1716353100,54636.13,54660.27,54433.07,54473.99,0
2024-05-22 11:15:00,1716356700,54472.98,54588.39,54422.39,54536.93,0
2024-05-22 12:15:00,1716360300,54538.5,54593.33,54438.72,54444.33,0
2024-05-22 13:15:00,1716363900,54445.37,54620.69,54444.28,54516.37,0
2024-05-22 14:15:00,1716367500,54516.46,54672.08,54236.77,54655.93,0
2024-05-22 15:15:00,1716371100,54655.75,54788.27,54654.9,54698.32,0
2024-05-23 09:15:00,1716435900,54723.89,55117.02,54713.57,55111.85,0
2024-05-23 10:15:00,1716439500,55116.1,55353.94,55089.94,55256.67,0
2024-05-23 11:15:00,1716443100,55256.15,55434.7,55243.6,55403.37,0
2024-05-23 12:15:00,1716446700,55400.46,55623.63,55400.46,55513.31,0
2024-05-23 13:15:00,1716450300,55516.53,55665.89,55420.75,55656.9,0
2024-05-23 14:15:00,1716453900,55653.15,55798.03,55555.01,55776.2,0
2024-05-23 15:15:00,1716457500,55775,55806.4,55677.92,55683.33,0
2024-05-24 09:15:00,1716522300,55617.61,56000.25,55615.83,55665.08,0
2024-05-24 10:15:00,1716525900,55659.83,55851.78,55655.01,55726.3,0
2024-05-24 11:15:00,1716529500,55728.49,55838.35,55722.97,55825.07,0
2024-05-24 12:15:00,1716533100,55825.34,55933.14,55751.41,55876.65,0
2024-05-24 13:15:00,1716536700,55874.88,55916.74,55801.21,55907.61,0
2024-05-24 14:15:00,1716540300,55908.03,56039.38,55806.03,55930.37,0
2024-05-24 15:15:00,1716543900,55938.16,55972.1,55858.88,55863.95,0
2024-05-27 09:15:00,1716781500,56088.36,56267.78,56025.81,56172.74,0
2024-05-27 10:15:00,1716785100,56172.22,56291.65,56156.98,56230.77,0
2024-05-27 11:15:00,1716788700,56237.42,56496.97,56204.24,56482.92,0
2024-05-27 12:15:00,1716792300,56486.89,56697.24,56457.51,56602.01,0
2024-05-27 13:15:00,1716795900,56601.68,56661.95,56496.73,56626.72,0
2024-05-27 14:15:00,1716799500,56615.4,56655.22,56017.65,56305.7,0
2024-05-27 15:15:00,1716803100,56300.22,56315.63,56158.35,56224.69,0
2024-05-28 09:15:00,1716867900,56382.89,56486.07,56158.94,56243.06,0
2024-05-28 10:15:00,1716871500,56243.93,56347.34,56190.28,56222.52,0
2024-05-28 11:15:00,1716875100,56225.56,56249.01,56085.85,56094.63,0
2024-05-28 12:15:00,1716878700,56095.78,56298.42,56038.12,56253.11,0
2024-05-28 13:15:00,1716882300,56248.41,56301.03,56145.56,56217.86,0
2024-05-28 14:15:00,1716885900,56209.2,56259.99,56081.9,56110.85,0
2024-05-28 15:15:00,1716889500,56112.68,56128.11,55987.19,56010.17,0
2024-05-29 09:15:00,1716954300,55716.43,55964.44,55537.54,55566.15,0
2024-05-29 10:15:00,1716957900,55566.68,55590.45,55438.62,55463.41,0
2024-05-29 11:15:00,1716961500,55463.69,55549.27,55374.35,55484.24,0
2024-05-29 12:15:00,1716965100,55483.98,55540.81,55409.02,55435.07,0
2024-05-29 13:15:00,1716968700,55429.25,55510.39,55332.74,55386.77,0
2024-05-29 14:15:00,1716972300,55386.25,55409.73,55216.95,55304.49,0
2024-05-29 15:15:00,1716975900,55305.45,55474.89,55257.54,55432.48,0
2024-05-30 09:15:00,1717040700,55159.02,55833.29,55096.3,55512.58,0
2024-05-30 10:15:00,1717044300,55512.68,55650.66,55491.34,55524.58,0
2024-05-30 11:15:00,1717047900,55526.15,55549.18,55368.39,55478.49,0
2024-05-30 12:15:00,1717051500,55480.29,55741.72,55445.43,55704.1,0
2024-05-30 13:15:00,1717055100,55708.62,55937.07,55621.73,55731.45,0
2024-05-30 14:15:00,1717058700,55729.4,55794.94,55407.39,55514.75,0
2024-05-30 15:15:00,1717062300,55518.45,55742.44,55518.45,55704.07,0
2024-05-31 09:15:00,1717127100,55812.7,56021.45,55556.06,55564.1,0
2024-05-31 10:15:00,1717130700,55544.71,55653.93,55413.69,55487.32,0
2024-05-31 11:15:00,1717134300,55487.73,55634.46,55364.95,55525.31,0
2024-05-31 12:15:00,1717137900,55523.74,55702.5,55501.23,55666.11,0
2024-05-31 13:15:00,1717141500,55668.07,55971.39,55639.09,55850.99,0
2024-05-31 14:15:00,1717145100,55845.44,55854.06,55487.62,55767.1,0
2024-05-31 15:15:00,1717148700,55776.06,55955.32,55769.45,55832.48,0
2024-06-03 09:15:00,1717386300,57641.69,58029.9,57152.99,57637.56,0
2024-06-03 10:15:00,1717389900,57631.05,57803.62,57552.25,57801.03,0
2024-06-03 11:15:00,1717393500,57795.02,58320.41,57782.19,58178.1,0
2024-06-03 12:15:00,1717397100,58191.23,58249.29,58022.08,58224.48,0
2024-06-03 13:15:00,1717400700,58224.77,58236.59,57820.44,58035.73,0
2024-06-03 14:15:00,1717404300,58039.77,58270.14,57923.53,58244.68,0
2024-06-03 15:15:00,1717407900,58248.47,58467.07,58248.47,58424.77,0
2024-06-04 09:15:00,1717472700,58086.66,58135.3,55581.27,56564.97,0
2024-06-04 10:15:00,1717476300,56572.57,56584.76,54051.96,54493.53,0
2024-06-04 11:15:00,1717479900,54504.76,55285.97,52612.55,53325.39,0
2024-06-04 12:15:00,1717483500,53335.84,54125,52579.26,54023.57,0
2024-06-04 13:15:00,1717487100,54016.64,54808.8,53575.91,54213.14,0
2024-06-04 14:15:00,1717490700,54201.34,54408.02,53219.51,53722,0
2024-06-04 15:15:00,1717494300,53698.11,54149.97,53546.22,54076.26,0
2024-06-05 09:15:00,1717559100,54333.54,54333.54,53036.54,53646.34,0
2024-06-05 10:15:00,1717562700,53644.14,54542.54,52991.98,54542.54,0
2024-06-05 11:15:00,1717566300,54540.49,54699.83,53986.37,54259.99,0
2024-06-05 12:15:00,1717569900,54261.04,54936.36,54261.04,54767.47,0
2024-06-05 13:15:00,1717573500,54767.99,55547.64,54709.72,55375.14,0
2024-06-05 14:15:00,1717577100,55377.13,56151.22,55225.1,55844.8,0
2024-06-05 15:15:00,1717580700,55843.46,55895.9,55543.04,55611,0
2024-06-06 09:15:00,1717645500,56278.56,56346.08,55862.21,56182.48,0
2024-06-06 10:15:00,1717649100,56182.99,56632.07,56182.99,56566.67,0
2024-06-06 11:15:00,1717652700,56566.15,56572.81,56042.52,56104.67,0
2024-06-06 12:15:00,1717656300,56104.15,56266.12,55711.1,55851.36,0
2024-06-06 13:15:00,1717659900,55851.75,56255.01,55845.42,56051.17,0
2024-06-06 14:15:00,1717663500,56051.95,56197.39,55759.35,56181.45,0
2024-06-06 15:15:00,1717667100,56178.62,56238.46,56024.24,56192.86,0
2024-06-07 09:15:00,1717731900,56137.17,56374.18,55912.91,56263.87,0
2024-06-07 10:15:00,1717735500,56262.63,56573.29,56056,56540.81,0
2024-06-07 11:15:00,1717739100,56546.83,56888.79,56434.61,56772.85,0
2024-06-07 12:15:00,1717742700,56772.33,56897.37,56654.49,56810.9,0
2024-06-07 13:15:00,1717746300,56811.63,56876.22,56564.5,56752.9,0
2024-06-07 14:15:00,1717749900,56749.97,56874.93,56649.17,56752.84,0
2024-06-07 15:15:00,1717753500,56758.46,56818.55,56697.32,56782.19,0
2024-06-10 09:15:00,1717991100,56964.26,57347.18,56676.36,56953.24,0
2024-06-10 10:15:00,1717994700,56949.41,57043.71,56823.12,56889.1,0
2024-06-10 11:15:00,1717998300,56891.63,57071.96,56857.37,56861.57,0
2024-06-10 12:15:00,1718001900,56863.66,57034.07,56847.06,56964.29,0
2024-06-10 13:15:00,1718005500,56964.04,57163.23,56915.55,57106.63,0
2024-06-10 14:15:00,1718009100,57105.61,57138.01,56742.7,56832.43,0
2024-06-10 15:15:00,1718012700,56829.16,56864.28,56569.73,56659.86,0
2024-06-11 09:15:00,1718077500,56865.01,56907.79,56488.68,56871.6,0
2024-06-11 10:15:00,1718081100,56870.76,56963.06,56815.05,56870.38,0
2024-06-11 11:15:00,1718084700,56870.18,56883.3,56743.65,56798.2,0
2024-06-11 12:15:00,1718088300,56795.44,56932.2,56744.89,56879.27,0
2024-06-11 13:15:00,1718091900,56878.88,56967.13,56737.56,56782.01,0
2024-06-11 14:15:00,1718095500,56780.95,56827.2,56630.94,56682.15,0
2024-06-11 15:15:00,1718099100,56680.5,56696.52,56571.77,56598.15,0
2024-06-12 09:15:00,1718163900,56721.88,57222.94,56622.91,57159.64,0
2024-06-12 10:15:00,1718167500,57152.59,57226.47,57081.71,57128.07,0
2024-06-12 11:15:00,1718171100,57125.99,57137.38,56933.48,56979.35,0
2024-06-12 12:15:00,1718174700,56979.27,57013.77,56864.35,56967.59,0
2024-06-12 13:15:00,1718178300,56967.78,56998.04,56831.54,56838.43,0
2024-06-12 14:15:00,1718181900,56841.57,56947.44,56736.27,56840.93,0
2024-06-12 15:15:00,1718185500,56834.93,56864.82,56693.05,56721.29,0
2024-06-13 09:15:00,1718250300,57154.62,57167.57,56865,56977.74,0
2024-06-13 10:15:00,1718253900,56978.54,56978.54,56825.37,56869.31,0
2024-06-13 11:15:00,1718257500,56870.26,56964.73,56740.54,56866.21,0
2024-06-13 12:15:00,1718261100,56868.4,56925.98,56842.55,56888.18,0
2024-06-13 13:15:00,1718264700,56887.17,56910.32,56767.01,56813.34,0
2024-06-13 14:15:00,1718268300,56811.82,56815.33,56683.54,56723.17,0
2024-06-13 15:15:00,1718271900,56721.22,56823.94,56713.12,56795.17,0
2024-06-14 09:15:00,1718336700,56794.39,56978.37,56539.85,56911.79,0
2024-06-14 10:15:00,1718340300,56914.91,57007.48,56875.18,56923.85,0
2024-06-14 11:15:00,1718343900,56928.84,56934.98,56785.16,56821.27,0
2024-06-14 12:15:00,1718347500,56818.66,56888.92,56765.26,56873.22,0
2024-06-14 13:15:00,1718351100,56872.93,56891.06,56789.1,56815.74,0
2024-06-14 14:15:00,1718354700,56809.09,56966.21,56769.27,56894.7,0
2024-06-14 15:15:00,1718358300,56893.96,56907.45,56736.11,56848.15,0
2024-06-18 09:15:00,1718682300,57020.55,57150.72,56739.39,57053.08,0
2024-06-18 10:15:00,1718685900,57051.52,57164.72,56930.7,57122,0
2024-06-18 11:15:00,1718689500,57112.62,57242,57108.36,57173.77,0
2024-06-18 12:15:00,1718693100,57173.25,57214.41,57136.95,57189.43,0
2024-06-18 13:15:00,1718696700,57189.43,57309.55,57179.02,57291.41,0
2024-06-18 14:15:00,1718700300,57291.6,57324.63,57216.12,57314.29,0
2024-06-18 15:15:00,1718703900,57317.64,57398.66,57317.01,57367.64,0
2024-06-19 09:15:00,1718768700,57528.96,58236.94,57334.01,58077.09,0
2024-06-19 10:15:00,1718772300,58086.85,58145.69,57521.21,57991.64,0
2024-06-19 11:15:00,1718775900,57991.93,58065.62,57798.97,58058.97,0
2024-06-19 12:15:00,1718779500,58077.48,58196.7,58015.11,58117.11,0
2024-06-19 13:15:00,1718783100,58116.79,58619.14,58016.66,58586.5,0
2024-06-19 14:15:00,1718786700,58584.4,59101.93,58284.76,58436.06,0
2024-06-19 15:15:00,1718790300,58431.99,58537.87,58378.72,58487.5,0
2024-06-20 09:15:00,1718855100,58716.21,58899.58,58316.3,58366.18,0
2024-06-20 10:15:00,1718858700,58366.27,58712.96,58296.88,58575.24,0
2024-06-20 11:15:00,1718862300,58574.41,58778.42,58555.81,58730.45,0
2024-06-20 12:15:00,1718865900,58722.48,58792.12,58628.15,58718.34,0
2024-06-20 13:15:00,1718869500,58719.17,58903.43,58693.65,58791.65,0
2024-06-20 14:15:00,1718873100,58793.86,58875.69,58670.06,58813.96,0
2024-06-20 15:15:00,1718876700,58815.51,58887.76,58788.68,58808.95,0
2024-06-21 09:15:00,1718941500,58932.5,59042.34,58500.96,58521.48,0
2024-06-21 10:15:00,1718945100,58522.52,58587.84,58336.65,58425.33,0
2024-06-21 11:15:00,1718948700,58427.12,58517.8,58338.66,58485.45,0
2024-06-21 12:15:00,1718952300,58484.69,58580.49,58228.5,58290.42,0
2024-06-21 13:15:00,1718955900,58283.3,58827.4,58265.23,58699.71,0
2024-06-21 14:15:00,1718959500,58698.67,58871.21,58277.31,58655.07,0
2024-06-21 15:15:00,1718963100,58662.15,58735.19,58540.09,58547.84,0
2024-06-24 09:15:00,1719200700,58396.17,58462.92,58173.02,58358.39,0
2024-06-24 10:15:00,1719204300,58353.78,58593.24,58284.43,58544.18,0
2024-06-24 11:15:00,1719207900,58543.68,58738.7,58517.56,58650.66,0
2024-06-24 12:15:00,1719211500,58646.53,58777.18,58631.62,58755.47,0
2024-06-24 13:15:00,1719215100,58752.89,58831.43,58630.8,58682.94,0
2024-06-24 14:15:00,1719218700,58674.4,58798.43,58562.95,58763.17,0
2024-06-24 15:15:00,1719222300,58754.94,58803.29,58663.64,58703.69,0
2024-06-25 09:15:00,1719287100,58824.76,59200.65,58807.55,59179.85,0
2024-06-25 10:15:00,1719290700,59181.18,59267.85,59130.3,59215.77,0
2024-06-25 11:15:00,1719294300,59213.19,59225.94,59117.05,59201.98,0
2024-06-25 12:15:00,1719297900,59204.25,59711.85,59163.77,59690.78,0
2024-06-25 13:15:00,1719301500,59689.88,59879.68,59688.06,59793.61,0
2024-06-25 14:15:00,1719305100,59794.57,59858.76,59629.52,59828.19,0
2024-06-25 15:15:00,1719308700,59826.69,59969.43,59811.61,59852.66,0
2024-06-26 09:15:00,1719373500,59902.82,59968.99,59567.52,59585.21,0
2024-06-26 10:15:00,1719377100,59580.48,59938.16,59579.18,59864.66,0
2024-06-26 11:15:00,1719380700,59857.23,60187.09,59855.34,60096.99,0
2024-06-26 12:15:00,1719384300,60097.95,60146.12,59924.3,60075.29,0
2024-06-26 13:15:00,1719387900,60077.35,60210.23,60073.02,60193.91,0
2024-06-26 14:15:00,1719391500,60199.68,60295.76,60096.42,60121.48,0
2024-06-26 15:15:00,1719395100,60113.48,60210.55,59998.24,59998.24,0
2024-06-27 09:15:00,1719459900,60356.7,60537.44,59965.63,60475.24,0
2024-06-27 10:15:00,1719463500,60461.87,60517.73,59991.72,60320.17,0
2024-06-27 11:15:00,1719467100,60315.79,60408.5,60225.94,60403.84,0
2024-06-27 12:15:00,1719470700,60404.5,60438.7,60216.89,60271.2,0
2024-06-27 13:15:00,1719474300,60270.17,60351.38,60144.99,60256.52,0
2024-06-27 14:15:00,1719477900,60257.56,60383.29,60085.66,60267.14,0
2024-06-27 15:15:00,1719481500,60268.35,60362.91,60234.71,60235.62,0
2024-06-28 09:15:00,1719546300,60279.96,60465.13,60156.72,60393.54,0
2024-06-28 10:15:00,1719549900,60392.31,60428.6,60243.1,60282.92,0
2024-06-28 11:15:00,1719553500,60276.71,60294.66,60054.95,60122.6,0
2024-06-28 12:15:00,1719557100,60120.02,60125.81,59739.81,59865.4,0
2024-06-28 13:15:00,1719560700,59865.37,60100.34,59769.5,60004.45,0
2024-06-28 14:15:00,1719564300,60009.01,60081.98,59547.54,59592.65,0
2024-06-28 15:15:00,1719567900,59584.36,59632.38,59516.66,59611.19,0
2024-07-01 09:15:00,1719805500,59700.37,59856.92,59415.92,59673.22,0
2024-07-01 10:15:00,1719809100,59672.16,59764.77,59590.37,59671.24,0
2024-07-01 11:15:00,1719812700,59663.96,59905.91,59648.28,59820.07,0
2024-07-01 12:15:00,1719816300,59823.58,59899.97,59797.45,59875.08,0
2024-07-01 13:15:00,1719819900,59876.07,59926.67,59804.46,59850.6,0
2024-07-01 14:15:00,1719823500,59848.02,59965.07,59735.51,59912.98,0
2024-07-01 15:15:00,1719827100,59915.3,59929.24,59754.44,59783.55,0
2024-07-02 09:15:00,1719891900,60120.22,60125.9,59288.19,59436.59,0
2024-07-02 10:15:00,1719895500,59438.6,59564.74,59424.97,59538.3,0
2024-07-02 11:15:00,1719899100,59537.23,59575.91,59191.79,59235.08,0
2024-07-02 12:15:00,1719902700,59237.22,59294.58,59060.3,59260.63,0
2024-07-02 13:15:00,1719906300,59264.89,59395.89,59204,59302.8,0
2024-07-02 14:15:00,1719909900,59301.39,59401.02,59271.57,59292.56,0
2024-07-02 15:15:00,1719913500,59302.19,59353.36,59255.28,59279.74,0
2024-07-03 09:15:00,1719978300,59890.6,60438.22,59573.68,60274.04,0
2024-07-03 10:15:00,1719981900,60285.68,60484.93,60207.62,60243.85,0
2024-07-03 11:15:00,1719985500,60241.96,60318.7,60166.74,60274.62,0
2024-07-03 12:15:00,1719989100,60275.11,60384.38,60270.67,60322.75,0
2024-07-03 13:15:00,1719992700,60322.26,60464.22,60303.09,60368.55,0
2024-07-03 14:15:00,1719996300,60366.67,60424.54,60294.2,60375.77,0
2024-07-03 15:15:00,1719999900,60375.27,60421.41,60274.04,60296.89,0
2024-07-04 09:15:00,1720064700,60720.76,60720.76,60368.07,60549.32,0
2024-07-04 10:15:00,1720068300,60547.34,60562.08,60130.84,60210.54,0
2024-07-04 11:15:00,1720071900,60210.15,60294.01,60191.13,60279.73,0
2024-07-04 12:15:00,1720075500,60280.85,60382.87,60243.99,60343.69,0
2024-07-04 13:15:00,1720079100,60343.19,60457.86,60274.28,60395.49,0
2024-07-04 14:15:00,1720082700,60400.52,60551.98,60343.4,60451.82,0
2024-07-04 15:15:00,1720086300,60436.27,60463.14,60388.59,60411.51,0
2024-07-05 09:15:00,1720151100,60036.83,60238.32,59648.18,59779.08,0
2024-07-05 10:15:00,1720154700,59777.3,60121.74,59732.64,60030.7,0
2024-07-05 11:15:00,1720158300,60028.63,60140.08,60012.14,60030.02,0
2024-07-05 12:15:00,1720161900,60032.01,60152.32,60007.29,60040.63,0
2024-07-05 13:15:00,1720165500,60040.23,60148.83,60012.65,60097.99,0
2024-07-05 14:15:00,1720169100,60097,60427.28,60017.78,60369.35,0
2024-07-05 15:15:00,1720172700,60368.97,60413.48,60268.82,60301.75,0
2024-07-08 09:15:00,1720410300,60161.46,60425.27,59989.78,60256.46,0
2024-07-08 10:15:00,1720413900,60251.24,60373.86,60064.39,60134.73,0
2024-07-08 11:15:00,1720417500,60133.35,60155.65,59932.86,59954.59,0
2024-07-08 12:15:00,1720421100,59955.83,60142.51,59925.27,60096.37,0
2024-07-08 13:15:00,1720424700,60094.89,60235.29,60026.61,60103,0
2024-07-08 14:15:00,1720428300,60102.3,60210.72,60003.78,60067.95,0
2024-07-08 15:15:00,1720431900,60091.1,60195.83,60046.59,60162.09,0
2024-07-09 09:15:00,1720496700,60143.86,60310.21,60043.69,60170.52,0
2024-07-09 10:15:00,1720500300,60168.93,60288.17,60143.16,60260.63,0
2024-07-09 11:15:00,1720503900,60267.86,60345.12,60226.64,60272.15,0
2024-07-09 12:15:00,1720507500,60267.51,60315.4,60222.18,60294.02,0
2024-07-09 13:15:00,1720511100,60293.03,60345.85,60273.52,60340.6,0
2024-07-09 14:15:00,1720514700,60338.67,60351.39,60221.81,60318.28,0
2024-07-09 15:15:00,1720518300,60318.37,60353.05,60180.93,60201.67,0
2024-07-10 09:15:00,1720583100,60313.65,60313.65,59878.1,59960.5,0
2024-07-10 10:15:00,1720586700,59961.48,59998.05,59743.59,59793.27,0
2024-07-10 11:15:00,1720590300,59788.6,59894.06,59764.31,59871.52,0
2024-07-10 12:15:00,1720593900,59870.61,59893.54,59815.01,59830.84,0
2024-07-10 13:15:00,1720597500,59831.09,59860.7,59766.44,59822.62,0
2024-07-10 14:15:00,1720601100,59817.89,59971.86,59800.98,59913.78,0
2024-07-10 15:15:00,1720604700,59908.17,59970.91,59864.26,59947.35,0
2024-07-11 09:15:00,1720669500,60103.4,60260.65,59920.42,59950.17,0
2024-07-11 10:15:00,1720673100,59949.8,59950.98,59469.02,59523.64,0
2024-07-11 11:15:00,1720676700,59528.24,59683.23,59487.78,59619.51,0
2024-07-11 12:15:00,1720680300,59623.98,59717.15,59598.66,59686.18,0
2024-07-11 13:15:00,1720683900,59684.19,60069.65,59624.3,59971.06,0
2024-07-11 14:15:00,1720687500,59969.87,60132.93,59908.25,60076.47,0
2024-07-11 15:15:00,1720691100,60076.96,60135.83,60038.77,60061.21,0
2024-07-12 09:15:00,1720755900,60028.16,60382.72,59977.13,60075.45,0
2024-07-12 10:15:00,1720759500,60071.45,60730.54,60058.59,60562.08,0
2024-07-12 11:15:00,1720763100,60562.72,60568.65,60320.36,60418.42,0
2024-07-12 12:15:00,1720766700,60422.69,60450.58,60279.84,60407.73,0
2024-07-12 13:15:00,1720770300,60406.6,60495.78,60376.26,60435.36,0
2024-07-12 14:15:00,1720773900,60433.76,60461.67,60048.34,60058.23,0
2024-07-12 15:15:00,1720777500,60061.25,60196.46,60008.84,60157.57,0
2024-07-15 09:15:00,1721015100,60172.64,60307.32,59988.33,60142.13,0
2024-07-15 10:15:00,1721018700,60136.56,60405.55,60044.18,60323.03,0
2024-07-15 11:15:00,1721022300,60322.54,60340.56,59986.79,60235.53,0
2024-07-15 12:15:00,1721025900,60233.99,60377.34,60112.51,60359.15,0
2024-07-15 13:15:00,1721029500,60368.45,60648.6,60355.66,60527.75,0
2024-07-15 14:15:00,1721033100,60528.75,60606.8,60340.64,60394.72,0
2024-07-15 15:15:00,1721036700,60390.02,60453.79,60346.58,60433.93,0
2024-07-16 09:15:00,1721101500,60383.86,60585.1,60256.62,60353.99,0
2024-07-16 10:15:00,1721105100,60353.5,60439.55,60321.29,60389.17,0
2024-07-16 11:15:00,1721108700,60389.67,60413.75,60317.1,60330.98,0
2024-07-16 12:15:00,1721112300,60336.15,60422.29,60307.36,60359.07,0
2024-07-16 13:15:00,1721115900,60358.17,60373.83,60267.8,60298.43,0
2024-07-16 14:15:00,1721119500,60297.93,60351.16,60219.85,60311.71,0
2024-07-16 15:15:00,1721123100,60310.59,60362.33,60259.23,60314.71,0
2024-07-18 09:15:00,1721274300,60086.59,60615.99,60070.55,60556.12,0
2024-07-18 10:15:00,1721277900,60565.46,60604.59,60167.85,60175.44,0
2024-07-18 11:15:00,1721281500,60175.89,60358.64,60074.73,60351.44,0
2024-07-18 12:15:00,1721285100,60358.09,60544.32,60267.09,60511.84,0
2024-07-18 13:15:00,1721288700,60513.15,60747.11,60453.65,60713.66,0
2024-07-18 14:15:00,1721292300,60713.72,60782.3,60594.1,60623.77,0
2024-07-18 15:15:00,1721295900,60629.44,60659.58,60545.45,60548.49,0
2024-07-19 09:15:00,1721360700,60555.51,60559.83,60262.49,60319.27,0
2024-07-19 10:15:00,1721364300,60318.28,60422.55,60089.22,60229.69,0
2024-07-19 11:15:00,1721367900,60230.68,60352.15,60189.88,60300.23,0
2024-07-19 12:15:00,1721371500,60305,60348.92,60134.21,60184.73,0
2024-07-19 13:15:00,1721375100,60190.88,60349.26,60117.52,60197.62,0
2024-07-19 14:15:00,1721378700,60196.67,60293.52,60154.43,60189.97,0
2024-07-19 15:15:00,1721382300,60189.28,60202.42,60032.86,60152.62,0
2024-07-22 09:15:00,1721619900,60076.17,60216.72,59722.12,60201.27,0
2024-07-22 10:15:00,1721623500,60201.49,60229.17,60005.25,60063.02,0
2024-07-22 11:15:00,1721627100,60063.25,60102.43,59976.39,60020.67,0
2024-07-22 12:15:00,1721630700,60023.31,60030.73,59896.12,60002.23,0
2024-07-22 13:15:00,1721634300,60001.84,60090.74,59950.35,59995.02,0
2024-07-22 14:15:00,1721637900,59992.95,60050.75,59915.49,60018.8,0
2024-07-22 15:15:00,1721641500,60017.84,60060.08,59965.62,60056.63,0
2024-07-23 09:15:00,1721706300,60283.29,60292.76,59787.18,59939.73,0
2024-07-23 10:15:00,1721709900,59933.37,60149.6,59848.18,60076.66,0
2024-07-23 11:15:00,1721713500,60073.36,60076.35,59438.09,59835.71,0
2024-07-23 12:15:00,1721717100,59829,59865.24,58868.91,58889.01,0
2024-07-23 13:15:00,1721720700,58892.46,59523.46,58889.79,59475.37,0
2024-07-23 14:15:00,1721724300,59475.86,59766.13,59256.32,59327.13,0
2024-07-23 15:15:00,1721727900,59326.33,59355.6,59237.35,59343.81,0
2024-07-24 09:15:00,1721792700,59276.49,59536.63,59008.99,59241.65,0
2024-07-24 10:15:00,1721796300,59231.59,59387.35,58631.58,58682.79,0
2024-07-24 11:15:00,1721799900,58681.77,58731.78,58474.6,58546.08,0
2024-07-24 12:15:00,1721803500,58545.54,58599.81,58224.33,58581.29,0
2024-07-24 13:15:00,1721807100,58582.24,59009.81,58429.27,58449.18,0
2024-07-24 14:15:00,1721810700,58448.65,58806.56,58428.69,58768.33,0
2024-07-24 15:15:00,1721814300,58765.14,58952.3,58712.09,58860.6,0
2024-07-25 09:15:00,1721879100,58103.83,58239.69,57750.11,57764.48,0
2024-07-25 10:15:00,1721882700,57760.01,57922.55,57670.35,57891.77,0
2024-07-25 11:15:00,1721886300,57884.79,58049.08,57850.98,58002.01,0
2024-07-25 12:15:00,1721889900,58003.3,58044.85,57924.15,57984.8,0
2024-07-25 13:15:00,1721893500,57984.31,58130.95,57942.83,58100.54,0
2024-07-25 14:15:00,1721897100,58098.61,58186.82,58064.56,58162.71,0
2024-07-25 15:15:00,1721900700,58161.92,58179.37,58108.62,58166.41,0
2024-07-26 09:15:00,1721965500,57888.82,58226.62,57699.51,58034.56,0
2024-07-26 10:15:00,1721969100,58030.57,58237.64,57974.65,58176.39,0
2024-07-26 11:15:00,1721972700,58176.57,58291.33,58119.47,58158.45,0
2024-07-26 12:15:00,1721976300,58157.29,58552.52,58140.76,58552.52,0
2024-07-26 13:15:00,1721979900,58550.74,58663.71,58505.56,58557.14,0
2024-07-26 14:15:00,1721983500,58558.82,58717.68,58453.6,58661.92,0
2024-07-26 15:15:00,1721987100,58660.82,58700.67,58583.49,58693.7,0
2024-07-29 09:15:00,1722224700,58897.69,59303.29,58827.58,59123.54,0
2024-07-29 10:15:00,1722228300,59125.18,59554.37,59106.83,59494.09,0
2024-07-29 11:15:00,1722231900,59497.52,59748.19,58995.28,59129.79,0
2024-07-29 12:15:00,1722235500,59133.4,59172.5,58409.8,58778.12,0
2024-07-29 13:15:00,1722239100,58781.87,59032.89,58569.82,58576.35,0
2024-07-29 14:15:00,1722242700,58576.38,58910.23,58473.38,58521.53,0
2024-07-29 15:15:00,1722246300,58522.54,58622.73,58456.65,58610.99,0
2024-07-30 09:15:00,1722311100,58608.61,58834.85,58467.14,58692,0
2024-07-30 10:15:00,1722314700,58688.9,58947.26,58657.99,58896.92,0
2024-07-30 11:15:00,1722318300,58894.74,59052.21,58888.75,58927.94,0
2024-07-30 12:15:00,1722321900,58932.71,59260.84,58918.53,59112.36,0
2024-07-30 13:15:00,1722325500,59090.81,59142.58,58889.48,59062.3,0
2024-07-30 14:15:00,1722329100,59064.08,59215.92,58647.81,58699.34,0
2024-07-30 15:15:00,1722332700,58700.32,58739.85,58613.3,58661.85,0
2024-07-31 09:15:00,1722397500,58934.6,58934.6,58680.51,58898.26,0
2024-07-31 10:15:00,1722401100,58891.71,58961.27,58817.59,58866.15,0
2024-07-31 11:15:00,1722404700,58866.9,58879.26,58686.61,58771.12,0
2024-07-31 12:15:00,1722408300,58769.67,58867.94,58741.7,58803.87,0
2024-07-31 13:15:00,1722411900,58796.59,58839.69,58617.69,58675.2,0
2024-07-31 14:15:00,1722415500,58672.97,58892.09,58659.11,58837.59,0
2024-07-31 15:15:00,1722419100,58848.39,58977.82,58848.39,58931.73,0
2024-08-01 09:15:00,1722483900,59019.72,59204.2,58927.87,58985.46,0
2024-08-01 10:15:00,1722487500,58982.06,59107.31,58981.4,59077.48,0
2024-08-01 11:15:00,1722491100,59081.23,59088.76,58997.67,59007.94,0
2024-08-01 12:15:00,1722494700,59007.45,59037.87,58876.13,59017.88,0
2024-08-01 13:15:00,1722498300,59017.43,59049.9,58878.51,58880.44,0
2024-08-01 14:15:00,1722501900,58888,58904.01,58706.36,58837.16,0
2024-08-01 15:15:00,1722505500,58831.95,58884.44,58797.65,58868.92,0
2024-08-02 09:15:00,1722570300,58398.49,58537.56,58251.41,58365.68,0
2024-08-02 10:15:00,1722573900,58374.61,58687.65,58363.85,58595.96,0
2024-08-02 11:15:00,1722577500,58595.16,58669.97,58520.23,58584.2,0
2024-08-02 12:15:00,1722581100,58582.85,58607.85,58485.23,58568.01,0
2024-08-02 13:15:00,1722584700,58567.61,58756.43,58546.53,58659.22,0
2024-08-02 14:15:00,1722588300,58651.91,58677.17,58432.13,58490.23,0
2024-08-02 15:15:00,1722591900,58498.39,58541.85,58447.08,58476.31,0
2024-08-05 09:15:00,1722829500,57117.77,57738.52,57117.77,57337.39,0
2024-08-05 10:15:00,1722833100,57346.06,57392.13,56770.66,56789.52,0
2024-08-05 11:15:00,1722836700,56792.06,56855.12,56561.78,56838.75,0
2024-08-05 12:15:00,1722840300,56846.8,56921.83,56623.51,56868.44,0
2024-08-05 13:15:00,1722843900,56869.49,57035.14,56779.77,56893.69,0
2024-08-05 14:15:00,1722847500,56896.11,57085.43,56785.58,56939.46,0
2024-08-05 15:15:00,1722851100,56937.68,56986.39,56856.44,56894.91,0
2024-08-06 09:15:00,1722915900,57160.66,57671.1,57122.37,57138.73,0
2024-08-06 10:15:00,1722919500,57136.08,57164.96,56742.77,57021.21,0
2024-08-06 11:15:00,1722923100,57021.26,57141.95,56948.49,57064.37,0
2024-08-06 12:15:00,1722926700,57065.36,57080.17,56937.95,56945.6,0
2024-08-06 13:15:00,1722930300,56950.65,57001.47,56536.86,56580.91,0
2024-08-06 14:15:00,1722933900,56582.6,56671.39,56455.69,56500.13,0
2024-08-06 15:15:00,1722937500,56502.71,56584.94,56470.2,56556.79,0
2024-08-07 09:15:00,1723002300,57195.61,57244.87,56630.43,56683.37,0
2024-08-07 10:15:00,1723005900,56682.87,57015.49,56615.58,56722.53,0
2024-08-07 11:15:00,1723009500,56723.02,56781.75,56631.77,56707.94,0
2024-08-07 12:15:00,1723013100,56707.45,56939.53,56691.62,56744.61,0
2024-08-07 13:15:00,1723016700,56745.6,56835.43,56684.59,56825.65,0
2024-08-07 14:15:00,1723020300,56824.74,57060.41,56797.67,57029.84,0
2024-08-07 15:15:00,1723023900,57036.94,57132.88,57014.08,57110.31,0
2024-08-08 09:15:00,1723088700,57040.36,57073.13,56649.59,56758.3,0
2024-08-08 10:15:00,1723092300,56762.21,57101,56739.36,57037.72,0
2024-08-08 11:15:00,1723095900,57037.97,57284.95,57019.97,57281.02,0
2024-08-08 12:15:00,1723099500,57299.52,57353.86,56965.35,57052.64,0
2024-08-08 13:15:00,1723103100,57053.13,57158.38,56918.16,57066.79,0
2024-08-08 14:15:00,1723106700,57066.47,57194.52,57026.52,57031.82,0
2024-08-08 15:15:00,1723110300,57033.11,57064.53,56963.31,56996.32,0
2024-08-09 09:15:00,1723175100,57746.91,57747.73,57322.54,57502.37,0
2024-08-09 10:15:00,1723178700,57508.56,57558.07,57367.12,57439.35,0
2024-08-09 11:15:00,1723182300,57431.4,57571.49,57423.48,57474.01,0
2024-08-09 12:15:00,1723185900,57471.1,57511.25,57398.92,57445.97,0
2024-08-09 13:15:00,1723189500,57449.33,57664.76,57429.87,57596.52,0
2024-08-09 14:15:00,1723193100,57597.05,57599.04,57411.6,57460.85,0
2024-08-09 15:15:00,1723196700,57458.42,57476.81,57410.38,57452.23,0
2024-08-12 09:15:00,1723434300,57134.93,57417.91,57083.36,57251.98,0
2024-08-12 10:15:00,1723437900,57248.09,57789.84,57248.09,57765.95,0
2024-08-12 11:15:00,1723441500,57762.85,57840.15,57638.19,57683.96,0
2024-08-12 12:15:00,1723445100,57684.16,57825.15,57606.41,57733.61,0
2024-08-12 13:15:00,1723448700,57733.15,57893.97,57678.8,57858.73,0
2024-08-12 14:15:00,1723452300,57858.24,57878.05,57554.21,57662.39,0
2024-08-12 15:15:00,1723455900,57659.52,57682.39,57606.35,57654.7,0
2024-08-13 09:15:00,1723520700,57434.23,57750.09,57434.23,57497.16,0
2024-08-13 10:15:00,1723524300,57503.4,57535.6,57365.98,57442.28,0
2024-08-13 11:15:00,1723527900,57442.67,57495.98,57326.93,57376.23,0
2024-08-13 12:15:00,1723531500,57380.21,57386.03,57046.54,57094.21,0
2024-08-13 13:15:00,1723535100,57092.14,57178.11,56912.27,57000.1,0
2024-08-13 14:15:00,1723538700,56995.33,57011.79,56767.99,56783.26,0
2024-08-13 15:15:00,1723542300,56782.86,56863.99,56759.13,56822.9,0
2024-08-14 09:15:00,1723607100,56850.32,56920,56590.62,56705.19,0
2024-08-14 10:15:00,1723610700,56708.37,56823.94,56673.55,56710.98,0
2024-08-14 11:15:00,1723614300,56715.36,56772.18,56654.64,56751.01,0
2024-08-14 12:15:00,1723617900,56753.91,56759.16,56669.18,56743.07,0
2024-08-14 13:15:00,1723621500,56747.85,56777.97,56676.67,56731.76,0
2024-08-14 14:15:00,1723625100,56732.26,56763.82,56686.57,56697.15,0
2024-08-14 15:15:00,1723628700,56684.19,56751.1,56682.57,56725.91,0
2024-08-16 09:15:00,1723779900,57156,57349.12,56878.43,56997.56,0
2024-08-16 10:15:00,1723783500,57001.63,57023.41,56816.69,56956.25,0
2024-08-16 11:15:00,1723787100,56956.77,57509.54,56944.21,57441.34,0
2024-08-16 12:15:00,1723790700,57443.32,57549.67,57374.67,57479.28,0
2024-08-16 13:15:00,1723794300,57479.51,57736.48,57437.27,57686.24,0
2024-08-16 14:15:00,1723797900,57688.22,57695.56,57525.71,57631.5,0
2024-08-16 15:15:00,1723801500,57629.69,57640.98,57572.54,57602.98,0
2024-08-19 09:15:00,1724039100,57774.39,57870.1,57492.04,57520.46,0
2024-08-19 10:15:00,1724042700,57524.84,57616.43,57463.96,57536.31,0
2024-08-19 11:15:00,1724046300,57540.44,57708.33,57513.15,57553.92,0
2024-08-19 12:15:00,1724049900,57553.47,57570.23,57428.55,57522.64,0
2024-08-19 13:15:00,1724053500,57519.46,57590.72,57373.9,57400.29,0
2024-08-19 14:15:00,1724057100,57400.29,57495.51,57322.02,57384.91,0
2024-08-19 15:15:00,1724060700,57385.39,57513.17,57385.39,57464.99,0
2024-08-20 09:15:00,1724125500,57570.3,57930.37,57454.11,57923.66,0
2024-08-20 10:15:00,1724129100,57923.16,58065.49,57846.82,58048.37,0
2024-08-20 11:15:00,1724132700,58048.73,58116.44,57996.13,58090.02,0
2024-08-20 12:15:00,1724136300,58090.51,58164.81,58045.39,58126.26,0
2024-08-20 13:15:00,1724139900,58125.9,58140.26,58031.55,58042.48,0
2024-08-20 14:15:00,1724143500,58041.77,58061.39,57872.59,57886.54,0
2024-08-20 15:15:00,1724147100,57885.54,57913.13,57801.62,57834.94,0
2024-08-21 09:15:00,1724211900,57644.62,57885.44,57485.16,57590.51,0
2024-08-21 10:15:00,1724215500,57591.5,57709.2,57411.83,57480.88,0
2024-08-21 11:15:00,1724219100,57481.37,57808.6,57477.98,57653.22,0
2024-08-21 12:15:00,1724222700,57649.86,57706.54,57565.61,57591.7,0
2024-08-21 13:15:00,1724226300,57596.34,57600.35,57428.78,57581.69,0
2024-08-21 14:15:00,1724229900,57578.57,57822.08,57481.34,57779.56,0
2024-08-21 15:15:00,1724233500,57783.6,57888.05,57765.98,57810.31,0
2024-08-22 09:15:00,1724298300,57980.04,58110.33,57880.67,57985.98,0
2024-08-22 10:15:00,1724301900,57985.26,58071.74,57955.76,57980.94,0
2024-08-22 11:15:00,1724305500,57985.72,58126.61,57955.7,58052.02,0
2024-08-22 12:15:00,1724309100,58049.14,58153.63,58037.85,58099.81,0
2024-08-22 13:15:00,1724312700,58099.32,58185.09,58070.51,58119.27,0
2024-08-22 14:15:00,1724316300,58119.27,58120.22,57989.26,58084.17,0
2024-08-22 15:15:00,1724319900,58083.39,58091.02,58021.18,58021.18,0
2024-08-23 09:15:00,1724384700,58086.3,58209.4,57941.83,58053.07,0
2024-08-23 10:15:00,1724388300,58052.98,58157.5,58007.45,58117.13,0
2024-08-23 11:15:00,1724391900,58120.74,58172.1,58073.83,58111.43,0
2024-08-23 12:15:00,1724395500,58108.85,58151.95,58075.94,58144.53,0
2024-08-23 13:15:00,1724399100,58141.35,58143.74,58019.76,58064.04,0
2024-08-23 14:15:00,1724402700,58073.39,58147.87,57955.86,58014.36,0
2024-08-23 15:15:00,1724406300,58015.3,58087.08,58004.4,58080.03,0
2024-08-26 09:15:00,1724643900,58264.43,58433.91,58176.24,58429.07,0
2024-08-26 10:15:00,1724647500,58429.07,58441.06,58261.39,58315.66,0
2024-08-26 11:15:00,1724651100,58321.24,58365.44,58278.84,58301.29,0
2024-08-26 12:15:00,1724654700,58301.78,58414.64,58293.44,58338.71,0
2024-08-26 13:15:00,1724658300,58340.26,58356.54,58240.05,58256.28,0
2024-08-26 14:15:00,1724661900,58256.81,58299.1,58179.5,58248.69,0
2024-08-26 15:15:00,1724665500,58243.91,58270.37,58208.95,58253.72,0
2024-08-27 09:15:00,1724730300,58296.69,58363.29,58003.69,58222.87,0
2024-08-27 10:15:00,1724733900,58222.38,58345.26,58018.96,58297.36,0
2024-08-27 11:15:00,1724737500,58296.32,58515.49,58277.9,58416.85,0
2024-08-27 12:15:00,1724741100,58415.95,58513.17,58362.56,58470.72,0
2024-08-27 13:15:00,1724744700,58471.21,58516.29,58382.77,58455.76,0
2024-08-27 14:15:00,1724748300,58454.62,58491.59,58319.24,58392.43,0
2024-08-27 15:15:00,1724751900,58391.93,58417.09,58239.08,58279.09,0
2024-08-28 09:15:00,1724816700,58225.71,58348.75,58160.84,58195.04,0
2024-08-28 10:15:00,1724820300,58196.82,58265.01,58163.21,58262.96,0
2024-08-28 11:15:00,1724823900,58263.36,58322.38,58238.96,58277.99,0
2024-08-28 12:15:00,1724827500,58277.09,58344.09,58264.8,58298.63,0
2024-08-28 13:15:00,1724831100,58296.05,58324.5,58264.44,58310.91,0
2024-08-28 14:15:00,1724834700,58312.86,58328.28,58191.05,58216.65,0
2024-08-28 15:15:00,1724838300,58213.08,58220.85,58100.11,58114.08,0
2024-08-29 09:15:00,1724903100,58074.64,58396.3,58056.38,58347.26,0
2024-08-29 10:15:00,1724906700,58347.01,58355.18,58263.64,58299.53,0
2024-08-29 11:15:00,1724910300,58300.03,58341.46,58220.13,58341.46,0
2024-08-29 12:15:00,1724913900,58330.75,58450.59,58299.65,58355.63,0
2024-08-29 13:15:00,1724917500,58351.1,58382.1,58072.02,58171.8,0
2024-08-29 14:15:00,1724921100,58169.81,58339.75,58045.79,58181.72,0
2024-08-29 15:15:00,1724924700,58183.83,58259.27,58150.42,58259.27,0
2024-08-30 09:15:00,1724989500,58585.73,58587.7,58335.98,58368.2,0
2024-08-30 10:15:00,1724993100,58369.7,58431.25,58343.71,58397.71,0
2024-08-30 11:15:00,1724996700,58397.4,58481.59,58329.22,58442.32,0
2024-08-30 12:15:00,1725000300,58442.82,58491.03,58399.24,58429.01,0
2024-08-30 13:15:00,1725003900,58426.43,58455.09,58369.75,58396.74,0
2024-08-30 14:15:00,1725007500,58397.61,58451.81,58256.28,58342.79,0
2024-08-30 15:15:00,1725011100,58340.22,58352.76,58222.84,58298.42,0
2024-09-02 09:15:00,1725248700,58509.39,58546.42,58278,58319.21,0
2024-09-02 10:15:00,1725252300,58318.21,58392.62,58290.89,58368.55,0
2024-09-02 11:15:00,1725255900,58361.63,58420.43,58242.38,58323.34,0
2024-09-02 12:15:00,1725259500,58326.96,58345.86,58259.47,58307.34,0
2024-09-02 13:15:00,1725263100,58304.7,58631.7,58263.35,58568.69,0
2024-09-02 14:15:00,1725266700,58570.77,58628.6,58431.75,58504.35,0
2024-09-02 15:15:00,1725270300,58497.34,58556.57,58445.37,58501.35,0
2024-09-03 09:15:00,1725335100,58478.53,58547.21,58321.81,58451.63,0
2024-09-03 10:15:00,1725338700,58452.26,58481.07,58301.21,58303.6,0
2024-09-03 11:15:00,1725342300,58277.67,58401.32,58228.67,58374.69,0
2024-09-03 12:15:00,1725345900,58373.95,58402.7,58327.56,58380.25,0
2024-09-03 13:15:00,1725349500,58380.06,58448.18,58295.58,58415.01,0
2024-09-03 14:15:00,1725353100,58409.04,58864.55,58363.3,58830.68,0
2024-09-03 15:15:00,1725356700,58830.78,58834.56,58748.91,58758.79,0
2024-09-04 09:15:00,1725421500,58064.78,58530.77,58049.46,58365.73,0
2024-09-04 10:15:00,1725425100,58364.63,58426.05,58304.83,58365.33,0
2024-09-04 11:15:00,1725428700,58368.73,58404.9,58342.96,58382.23,0
2024-09-04 12:15:00,1725432300,58381.25,58413.21,58348.22,58388.52,0
2024-09-04 13:15:00,1725435900,58385.33,58428.81,58366.28,58393.82,0
2024-09-04 14:15:00,1725439500,58387.46,58440.41,58325.56,58401.02,0
2024-09-04 15:15:00,1725443100,58406.7,58432.45,58371.54,58406.5,0
2024-09-05 09:15:00,1725507900,58449.46,58589.44,58374.72,58449.17,0
2024-09-05 10:15:00,1725511500,58448.27,58459.68,58327.06,58425.83,0
2024-09-05 11:15:00,1725515100,58430.52,58430.52,58369.3,58407.68,0
2024-09-05 12:15:00,1725518700,58407.19,58473.44,58377.18,58399.24,0
2024-09-05 13:15:00,1725522300,58399.15,58424.59,58367.26,58411.03,0
2024-09-05 14:15:00,1725525900,58413.74,58457.16,58327.37,58448.25,0
2024-09-05 15:15:00,1725529500,58448.59,58448.59,58355.34,58362.75,0
2024-09-06 09:15:00,1725594300,58240.65,58282.2,57694.72,57796.71,0
2024-09-06 10:15:00,1725597900,57796.97,57890.08,57678.32,57709.71,0
2024-09-06 11:15:00,1725601500,57707.41,57748.26,57617.55,57669.12,0
2024-09-06 12:15:00,1725605100,57671.78,57737.35,57505.94,57568.28,0
2024-09-06 13:15:00,1725608700,57571.92,57593.51,57461.97,57547.59,0
2024-09-06 14:15:00,1725612300,57546.96,57556.14,57122.4,57307.65,0
2024-09-06 15:15:00,1725615900,57309,57377.66,57300.85,57353.7,0
2024-09-09 09:15:00,1725853500,57278.06,57365.17,57015.33,57260.51,0
2024-09-09 10:15:00,1725857100,57258.44,57526.57,57210.59,57452.81,0
2024-09-09 11:15:00,1725860700,57454.84,57574.01,57341.73,57343.17,0
2024-09-09 12:15:00,1725864300,57342.11,57384.61,57224.07,57346.93,0
2024-09-09 13:15:00,1725867900,57345.26,57694.99,57310.97,57677.92,0
2024-09-09 14:15:00,1725871500,57680.68,58001.44,57645.47,57908.34,0
2024-09-09 15:15:00,1725875100,57908.9,58069.97,57864.42,57878.79,0
2024-09-10 09:15:00,1725939900,58213.15,58213.15,57765.76,57890.13,0
2024-09-10 10:15:00,1725943500,57884.8,58023.13,57863.6,57964.42,0
2024-09-10 11:15:00,1725947100,57966.41,58076.58,57950.21,58053.58,0
2024-09-10 12:15:00,1725950700,58052.59,58100.72,57990.51,58063.34,0
2024-09-10 13:15:00,1725954300,58072.09,58202.1,58053.82,58144.25,0
2024-09-10 14:15:00,1725957900,58143.22,58172.35,57995.63,58085.5,0
2024-09-10 15:15:00,1725961500,58085.75,58144.49,58073.78,58090.36,0
2024-09-11 09:15:00,1726026300,58091.64,58164.99,57859.39,58112.73,0
2024-09-11 10:15:00,1726029900,58112.71,58288.13,58042.19,58196.64,0
2024-09-11 11:15:00,1726033500,58202.61,58202.61,57885.52,58010.07,0
2024-09-11 12:15:00,1726037100,58010.57,58033.02,57933.85,57988.82,0
2024-09-11 13:15:00,1726040700,57985.72,58018.78,57876.43,57887.6,0
2024-09-11 14:15:00,1726044300,57882.13,57955.66,57778.48,57805.21,0
2024-09-11 15:15:00,1726047900,57804.3,57914.99,57789.5,57900.43,0
2024-09-12 09:15:00,1726112700,58091.75,58194.18,57928.73,58012.19,0
2024-09-12 10:15:00,1726116300,58017.4,58072.2,57933.84,58030.53,0
2024-09-12 11:15:00,1726119900,58031.72,58076.68,57854.29,58061.43,0
2024-09-12 12:15:00,1726123500,58061.74,58091.76,57975.29,58053.31,0
2024-09-12 13:15:00,1726127100,58050.62,58481.2,58028.38,58438.48,0
2024-09-12 14:15:00,1726130700,58437.99,58859.14,58437.99,58833.73,0
2024-09-12 15:15:00,1726134300,58829.11,58829.16,58590.33,58607.13,0
2024-09-13 09:15:00,1726199100,58898.34,58914.73,58593.53,58650.2,0
2024-09-13 10:15:00,1726202700,58649.22,58868.53,58645.9,58843.94,0
2024-09-13 11:15:00,1726206300,58857.27,58869.98,58737.85,58867.47,0
2024-09-13 12:15:00,1726209900,58864.94,58930.45,58813.46,58909.78,0
2024-09-13 13:15:00,1726213500,58909.33,58964.87,58772.21,58950.77,0
2024-09-13 14:15:00,1726217100,58941.32,58991.25,58833.03,58927.68,0
2024-09-13 15:15:00,1726220700,58927.17,58950.14,58828.69,58840.75,0
2024-09-16 09:15:00,1726458300,59036.96,59245.18,58915.69,59168.98,0
2024-09-16 10:15:00,1726461900,59175.35,59236.78,59122.71,59150.36,0
2024-09-16 11:15:00,1726465500,59152.62,59188.88,59094.08,59134.35,0
2024-09-16 12:15:00,1726469100,59138.21,59192.37,59055.67,59183.15,0
2024-09-16 13:15:00,1726472700,59183.4,59250.9,59148.62,59205.5,0
2024-09-16 14:15:00,1726476300,59205.5,59272.81,59116.67,59154.01,0
2024-09-16 15:15:00,1726479900,59163.6,59224.09,59155.14,59198.05,0
2024-09-17 09:15:00,1726544700,59329.9,59382.37,59103.14,59222.49,0
2024-09-17 10:15:00,1726548300,59223.68,59341.04,59179.14,59275.64,0
2024-09-17 11:15:00,1726551900,59267.35,59369.16,59258.96,59313.28,0
2024-09-17 12:15:00,1726555500,59311.87,59368.29,59284.01,59344.88,0
2024-09-17 13:15:00,1726559100,59348.84,59363.49,59292.38,59318.94,0
2024-09-17 14:15:00,1726562700,59316.36,59339.18,59218.62,59230.63,0
2024-09-17 15:15:00,1726566300,59235.91,59252.28,59182.4,59197.72,0
2024-09-18 09:15:00,1726631100,59227.77,59541.59,59196.06,59514.14,0
2024-09-18 10:15:00,1726634700,59508.57,59846.35,59498.05,59796.8,0
2024-09-18 11:15:00,1726638300,59799.71,59910.93,59784.76,59905.4,0
2024-09-18 12:15:00,1726641900,59901.82,60092.6,59875.75,59921.49,0
2024-09-18 13:15:00,1726645500,59917.71,59951.06,59751.59,59906.52,0
2024-09-18 14:15:00,1726649100,59906.01,59964.07,59821.19,59865.16,0
2024-09-18 15:15:00,1726652700,59865.67,59879.65,59696.62,59739.14,0
2024-09-19 09:15:00,1726717500,60019.53,60519.8,60019.53,60220.93,0
2024-09-19 10:15:00,1726721100,60219.33,60352.87,60163.69,60279.6,0
2024-09-19 11:15:00,1726724700,60277.92,60291.97,59969.4,60074.72,0
2024-09-19 12:15:00,1726728300,60080.69,60178.96,59969.17,60030.5,0
2024-09-19 13:15:00,1726731900,60030.01,60076.98,59948.15,60035.92,0
2024-09-19 14:15:00,1726735500,60033.13,60134.11,59986.41,60107.94,0
2024-09-19 15:15:00,1726739100,60098.17,60176.42,60046.73,60160.21,0
2024-09-20 09:15:00,1726803900,60280.43,60520.81,60058.34,60432.68,0
2024-09-20 10:15:00,1726807500,60435.06,60678.52,60369.13,60651.47,0
2024-09-20 11:15:00,1726811100,60653.61,60731.31,60547.43,60673.91,0
2024-09-20 12:15:00,1726814700,60673.35,60839.3,60631.66,60747.58,0
2024-09-20 13:15:00,1726818300,60748.17,60795.67,60108.89,60447.75,0
2024-09-20 14:15:00,1726821900,60454.91,60997.15,60272.62,60939.85,0
2024-09-20 15:15:00,1726825500,60942.75,61242.13,60915.88,61077.07,0
2024-09-23 09:15:00,1727063100,61070.38,61183.37,60886.84,61118.68,0
2024-09-23 10:15:00,1727066700,61109.69,61213.75,61071.86,61197.93,0
2024-09-23 11:15:00,1727070300,61207.51,61220.35,61116.52,61187.19,0
2024-09-23 12:15:00,1727073900,61184.14,61303.28,61164.23,61268.77,0
2024-09-23 13:15:00,1727077500,61270.76,61338.84,61241.5,61314.28,0
2024-09-23 14:15:00,1727081100,61313.68,61451.83,61241.76,61294.81,0
2024-09-23 15:15:00,1727084700,61300.01,61346.31,61240.06,61263.74,0
2024-09-24 09:15:00,1727149500,61322.5,61370.1,61154.53,61250.22,0
2024-09-24 10:15:00,1727153100,61250.75,61293.34,61131.38,61179.89,0
2024-09-24 11:15:00,1727156700,61183.77,61232.13,61135.17,61214.86,0
2024-09-24 12:15:00,1727160300,61219.42,61335.81,61211.1,61321.79,0
2024-09-24 13:15:00,1727163900,61321.01,61345.46,61255.75,61324.28,0
2024-09-24 14:15:00,1727167500,61328.82,61451.52,61082.21,61159.35,0
2024-09-24 15:15:00,1727171100,61158.28,61221.65,61145.97,61168.93,0
2024-09-25 09:15:00,1727235900,60993.65,61206.67,60972.22,61108.58,0
2024-09-25 10:15:00,1727239500,61108.84,61276.11,61106.91,61196.4,0
2024-09-25 11:15:00,1727243100,61198.42,61275.3,61194.2,61262.97,0
2024-09-25 12:15:00,1727246700,61260.97,61287.37,61206.92,61243.77,0
2024-09-25 13:15:00,1727250300,61240.01,61324.41,61240.01,61303.72,0
2024-09-25 14:15:00,1727253900,61304.24,61416.41,61258.37,61363.2,0
2024-09-25 15:15:00,1727257500,61367.57,61425.94,61317.39,61385.42,0
2024-09-26 09:15:00,1727322300,61421.2,61500.44,61265.99,61450.25,0
2024-09-26 10:15:00,1727325900,61452.94,61531.2,61393.5,61451.87,0
2024-09-26 11:15:00,1727329500,61451.34,61525.19,61403.29,61506.27,0
2024-09-26 12:15:00,1727333100,61505.73,61559.73,61414.23,61433.86,0
2024-09-26 13:15:00,1727336700,61434.39,61527.86,61408.17,61492.42,0
2024-09-26 14:15:00,1727340300,61491.36,61804.1,61487.52,61616.52,0
2024-09-26 15:15:00,1727343900,61620.54,61673.91,61547.45,61600.23,0
2024-09-27 09:15:00,1727408700,61632.77,61674.58,61495.32,61645.26,0
2024-09-27 10:15:00,1727412300,61642.58,61684.77,61512.48,61560.9,0
2024-09-27 11:15:00,1727415900,61560.43,61575,61482.46,61512.93,0
2024-09-27 12:15:00,1727419500,61513.07,61517.09,61235.98,61268.5,0
2024-09-27 13:15:00,1727423100,61259.74,61278.42,61101.57,61157.4,0
2024-09-27 14:15:00,1727426700,61157.92,61231.49,61053.88,61167.52,0
2024-09-27 15:15:00,1727430300,61167.13,61228.74,61132.86,61170.62,0
2024-09-30 09:15:00,1727667900,60884.8,61019.57,60282.46,60396.35,0
2024-09-30 10:15:00,1727671500,60401.77,60527.81,60344.07,60395.31,0
2024-09-30 11:15:00,1727675100,60395.84,60452.66,60195.61,60234.3,0
2024-09-30 12:15:00,1727678700,60233.31,60264.91,60157.82,60195.66,0
2024-09-30 13:15:00,1727682300,60195.4,60203.79,60075.74,60119.42,0
2024-09-30 14:15:00,1727685900,60106.48,60179.76,59957.56,60097.26,0
2024-09-30 15:15:00,1727689500,60096.08,60115.78,60027.98,60057.74,0
2024-10-01 09:15:00,1727754300,59916.64,60393.24,59910.53,60073.18,0
2024-10-01 10:15:00,1727757900,60072.24,60159.35,59926.3,60084.51,0
2024-10-01 11:15:00,1727761500,60083.44,60227.82,60083.44,60130.54,0
2024-10-01 12:15:00,1727765100,60130.01,60175.84,60076.1,60158.91,0
2024-10-01 13:15:00,1727768700,60161.39,60189.51,60113.34,60142.15,0
2024-10-01 14:15:00,1727772300,60141.68,60148.42,60017.34,60101.94,0
2024-10-01 15:15:00,1727775900,60101.29,60195.78,60074.38,60177.24,0
2024-10-03 09:15:00,1727927100,59293.51,59694.49,59291.5,59367.98,0
2024-10-03 10:15:00,1727930700,59369.01,59444.62,59286.43,59378.41,0
2024-10-03 11:15:00,1727934300,59376.39,59382.39,59130.84,59188.1,0
2024-10-03 12:15:00,1727937900,59186.49,59196.89,58904.55,58925.8,0
2024-10-03 13:15:00,1727941500,58926.88,58949.87,58634.26,58741.7,0
2024-10-03 14:15:00,1727945100,58740.54,58909.53,58619.36,58775.03,0
2024-10-03 15:15:00,1727948700,58779.67,58841.81,58711.54,58821.97,0
2024-10-04 09:15:00,1728013500,58498.34,58991.93,58498.34,58760,0
2024-10-04 10:15:00,1728017100,58765.68,59248.38,58694.74,59178.22,0
2024-10-04 11:15:00,1728020700,59180.52,59440.17,59036.55,59438.47,0
2024-10-04 12:15:00,1728024300,59437.93,59446,58612.76,58675.6,0
2024-10-04 13:15:00,1728027900,58676.76,58714.15,58403.82,58474.15,0
2024-10-04 14:15:00,1728031500,58478.83,58562.83,58274.18,58452.1,0
2024-10-04 15:15:00,1728035100,58452.37,58526.4,58437.91,58501.31,0
2024-10-07 09:15:00,1728272700,58486.93,58761.43,58375.55,58538.91,0
2024-10-07 10:15:00,1728276300,58539.09,58575.5,58000.53,58085.26,0
2024-10-07 11:15:00,1728279900,58090.19,58541.87,57837.34,57971.49,0
2024-10-07 12:15:00,1728283500,57970.24,58118.75,57449.89,57511.84,0
2024-10-07 13:15:00,1728287100,57512,57639.16,56780.38,57283.88,0
2024-10-07 14:15:00,1728290700,57274.47,58469.22,57011.7,57095.52,0
2024-10-07 15:15:00,1728294300,57099.64,57428.86,57086.09,57373.43,0
2024-10-08 09:15:00,1728359100,57180.87,57886.45,57180.87,57632.43,0
2024-10-08 10:15:00,1728362700,57628.04,57918.31,57567.17,57820.89,0
2024-10-08 11:15:00,1728366300,57821.75,57911.56,57721.97,57793.46,0
2024-10-08 12:15:00,1728369900,57798.25,57968.31,57707.42,57916.27,0
2024-10-08 13:15:00,1728373500,57915.74,57971.62,57863.34,57931.87,0
2024-10-08 14:15:00,1728377100,57930.15,57971,57721.41,57780.44,0
2024-10-08 15:15:00,1728380700,57780.97,57902.62,57777.35,57880.42,0
2024-10-09 09:15:00,1728445500,57980.61,58599.5,57760.35,58599.5,0
2024-10-09 10:15:00,1728449100,58594.86,58707.43,58136.55,58474.18,0
2024-10-09 11:15:00,1728452700,58479.2,58515.52,57980.64,58029.81,0
2024-10-09 12:15:00,1728456300,58035.62,58193.7,57985.1,58006.19,0
2024-10-09 13:15:00,1728459900,58010.06,58109.77,57930.25,58048.95,0
2024-10-09 14:15:00,1728463500,58044.65,58109.31,57876.72,57992.19,0
2024-10-09 15:15:00,1728467100,57986.81,58092.05,57978.27,58020.17,0
2024-10-10 09:15:00,1728531900,58201.67,58467.88,58042.02,58432.18,0
2024-10-10 10:15:00,1728535500,58433,58438.51,58272.28,58279.98,0
2024-10-10 11:15:00,1728539100,58283.85,58501.29,58237.6,58446.75,0
2024-10-10 12:15:00,1728542700,58443.05,58570.32,58408.76,58567.29,0
2024-10-10 13:15:00,1728546300,58561.87,58747.61,58534.69,58700.12,0
2024-10-10 14:15:00,1728549900,58700.59,58789.78,58633.67,58633.67,0
2024-10-10 15:15:00,1728553500,58638.77,58642.03,58565.78,58594.64,0
2024-10-11 09:15:00,1728618300,58579.94,58674.77,58313.56,58669.79,0
2024-10-11 10:15:00,1728621900,58667.83,58675.65,58256.75,58285.52,0
2024-10-11 11:15:00,1728625500,58287.14,58314.77,58059.55,58174.26,0
2024-10-11 12:15:00,1728629100,58171.03,58271.27,58162.65,58255.72,0
2024-10-11 13:15:00,1728632700,58256.09,58341.6,58184.31,58253.97,0
2024-10-11 14:15:00,1728636300,58250.38,58346.6,58213.61,58251.38,0
2024-10-11 15:15:00,1728639900,58252.93,58312.63,58234.93,58297.81,0
2024-10-14 09:15:00,1728877500,58355.52,58834.07,58298.16,58717.19,0
2024-10-14 10:15:00,1728881100,58726.6,58877.97,58726.6,58836,0
2024-10-14 11:15:00,1728884700,58836.78,58890.92,58786.81,58838.12,0
2024-10-14 12:15:00,1728888300,58837.6,58860.16,58744.3,58771.25,0
2024-10-14 13:15:00,1728891900,58771.25,58835.19,58747.27,58802.16,0
2024-10-14 14:15:00,1728895500,58808.35,58894.22,58759.06,58814.52,0
2024-10-14 15:15:00,1728899100,58823.9,58938.48,58820.2,58916.1,0
2024-10-15 09:15:00,1728963900,58962.91,59057.96,58721.95,58796.71,0
2024-10-15 10:15:00,1728967500,58791.26,59047.23,58772.44,58837.97,0
2024-10-15 11:15:00,1728971100,58840.16,58933.1,58749.68,58930.39,0
2024-10-15 12:15:00,1728974700,58922.15,59013.57,58852.05,58872.24,0
2024-10-15 13:15:00,1728978300,58868.48,58982.12,58852.81,58932.94,0
2024-10-15 14:15:00,1728981900,58930.7,58978.95,58796.51,58913.27,0
2024-10-15 15:15:00,1728985500,58916.5,59038.15,58890.23,58993.36,0
2024-10-16 09:15:00,1729050300,58603.89,59085.82,58603.89,58968.41,0
2024-10-16 10:15:00,1729053900,58965.7,59005.42,58884,58915.38,0
2024-10-16 11:15:00,1729057500,58915.22,58922.13,58813.49,58843.31,0
2024-10-16 12:15:00,1729061100,58843.1,58897.35,58815.85,58884.42,0
2024-10-16 13:15:00,1729064700,58881.71,58910.88,58803.95,58839.37,0
2024-10-16 14:15:00,1729068300,58839.9,58857.99,58734.9,58773.54,0
2024-10-16 15:15:00,1729071900,58780.1,58799.13,58735.98,58760.19,0
2024-10-17 09:15:00,1729136700,58802.54,58891.65,58271.17,58359.74,0
2024-10-17 10:15:00,1729140300,58354.59,58404.79,58157.74,58219.73,0
2024-10-17 11:15:00,1729143900,58216.5,58303.01,58095.49,58280.33,0
2024-10-17 12:15:00,1729147500,58278.78,58337.15,58132.53,58188.62,0
2024-10-17 13:15:00,1729151100,58191.8,58254.55,58126.66,58212.12,0
2024-10-17 14:15:00,1729154700,58213.16,58266.29,58146.91,58251.2,0
2024-10-17 15:15:00,1729158300,58245.92,58311.51,58182.82,58204.13,0
2024-10-18 09:15:00,1729223100,58411.57,58737.69,58047.74,58734.18,0
2024-10-18 10:15:00,1729226700,58733.13,58860.29,58627.39,58723.5,0
2024-10-18 11:15:00,1729230300,58723.96,59116.17,58673.05,59007.72,0
2024-10-18 12:15:00,1729233900,59008.25,59226.98,59007.71,59133.5,0
2024-10-18 13:15:00,1729237500,59135.97,59446.83,59131.72,59373.43,0
2024-10-18 14:15:00,1729241100,59372.9,59462.04,59263.51,59323.09,0
2024-10-18 15:15:00,1729244700,59320.43,59443.46,59312.9,59388.69,0
2024-10-21 09:15:00,1729482300,59662.38,59843.27,59067.62,59225.18,0
2024-10-21 10:15:00,1729485900,59224.65,59306.04,59077.52,59127.09,0
2024-10-21 11:15:00,1729489500,59128.18,59167.34,58956.87,58983.99,0
2024-10-21 12:15:00,1729493100,58983.87,59076.99,58944.85,59073.91,0
2024-10-21 13:15:00,1729496700,59076.77,59231.1,59053.83,59118.44,0
2024-10-21 14:15:00,1729500300,59125.41,59210.81,59035.93,59151.99,0
2024-10-21 15:15:00,1729503900,59152.51,59158.56,58973.04,58980.21,0
2024-10-22 09:15:00,1729568700,59246.38,59401.41,58943.33,59210.06,0
2024-10-22 10:15:00,1729572300,59204.49,59225.71,58823.65,59094.02,0
2024-10-22 11:15:00,1729575900,59094.02,59094.02,58587.47,58739.03,0
2024-10-22 12:15:00,1729579500,58739.07,58896.05,58511.45,58600.2,0
2024-10-22 13:15:00,1729583100,58601.23,58821.99,58506.9,58816.65,0
2024-10-22 14:15:00,1729586700,58815.6,58820.82,58253.05,58324.76,0
2024-10-22 15:15:00,1729590300,58324.74,58452.29,58266.72,58452.29,0
2024-10-23 09:15:00,1729655100,58184.35,58660.76,58149.68,58395.77,0
2024-10-23 10:15:00,1729658700,58395.24,58467.51,58229.85,58281.46,0
2024-10-23 11:15:00,1729662300,58273.93,58354.84,58187.59,58231.15,0
2024-10-23 12:15:00,1729665900,58231.5,58274.91,58179.05,58216.49,0
2024-10-23 13:15:00,1729669500,58209.88,58286.39,58175.68,58213.35,0
2024-10-23 14:15:00,1729673100,58221.73,58301.75,58170.16,58201.75,0
2024-10-23 15:15:00,1729676700,58199.28,58246.67,58140.06,58235.28,0
2024-10-24 09:15:00,1729741500,58244.9,58612.6,58091.81,58599.05,0
2024-10-24 10:15:00,1729745100,58596.34,58735.92,58454.15,58475.08,0
2024-10-24 11:15:00,1729748700,58479.53,58638.82,58479.53,58578.52,0
2024-10-24 12:15:00,1729752300,58579.02,58632.43,58496.59,58554.3,0
2024-10-24 13:15:00,1729755900,58556.24,58632.6,58488.67,58579.12,0
2024-10-24 14:15:00,1729759500,58578.64,58595.78,58388.61,58512.53,0
2024-10-24 15:15:00,1729763100,58513.06,58581.52,58513.06,58523.27,0
2024-10-25 09:15:00,1729827900,58566.44,58725.96,57736.22,57804.57,0
2024-10-25 10:15:00,1729831500,57803.94,57934.43,57601.25,57651.38,0
2024-10-25 11:15:00,1729835100,57654.87,57889.9,57649.7,57759.82,0
2024-10-25 12:15:00,1729838700,57760.36,57833.29,57670.01,57791.87,0
2024-10-25 13:15:00,1729842300,57796.02,57804.79,57573.96,57615.48,0
2024-10-25 14:15:00,1729845900,57610.15,58036,57533.21,58007.21,0
2024-10-25 15:15:00,1729849500,58013.93,58105.92,58013.93,58094.91,0
2024-10-28 09:15:00,1730087100,58410.92,58851.08,58386.5,58790.78,0
2024-10-28 10:15:00,1730090700,58787.34,58961.68,58529.19,58672.34,0
2024-10-28 11:15:00,1730094300,58666.95,58867.15,58552.4,58843.36,0
2024-10-28 12:15:00,1730097900,58842.84,58871.39,58591.62,58686.47,0
2024-10-28 13:15:00,1730101500,58685.42,58760.07,58414.16,58509.5,0
2024-10-28 14:15:00,1730105100,58507.53,58528.71,58256.41,58446.46,0
2024-10-28 15:15:00,1730108700,58445.21,58536.88,58365.41,58496.63,0
2024-10-29 09:15:00,1730173500,58598.61,58693.19,58372.81,58628.32,0
2024-10-29 10:15:00,1730177100,58631.74,58700.41,58440.3,58626.4,0
2024-10-29 11:15:00,1730180700,58615.5,58971.22,58540.03,58971.22,0
2024-10-29 12:15:00,1730184300,58967.46,59206.43,58928.29,59175.32,0
2024-10-29 13:15:00,1730187900,59179.69,59605.74,59052.67,59569.94,0
2024-10-29 14:15:00,1730191500,59572.09,59715.38,59534.56,59699.97,0
2024-10-29 15:15:00,1730195100,59699.74,59715.55,59596.64,59638.11,0
2024-10-30 09:15:00,1730259900,59345.9,59558.7,59092.51,59214.24,0
2024-10-30 10:15:00,1730263500,59214.58,59430.39,59001.57,59227.78,0
2024-10-30 11:15:00,1730267100,59232.09,59358.16,59188.63,59218.37,0
2024-10-30 12:15:00,1730270700,59217.82,59472.85,59201.22,59230.54,0
2024-10-30 13:15:00,1730274300,59231.07,59240.93,59032.32,59045.18,0
2024-10-30 14:15:00,1730277900,59043.32,59068.64,58969,59014.5,0
2024-10-30 15:15:00,1730281500,59018.76,59138.62,58969.36,59072.7,0
2024-10-31 09:15:00,1730346300,58900.45,59261.19,58866.51,59091.12,0
2024-10-31 10:15:00,1730349900,59069.44,59087.88,58904,58956.33,0
2024-10-31 11:15:00,1730353500,58952.07,58968.39,58835.01,58876.18,0
2024-10-31 12:15:00,1730357100,58876.18,58877.57,58563.39,58678.4,0
2024-10-31 13:15:00,1730360700,58677.61,58758.08,58529.19,58545.33,0
2024-10-31 14:15:00,1730364300,58544.3,58714.83,58505.36,58675.59,0
2024-10-31 15:15:00,1730367900,58674.43,58831.08,58665.34,58831.08,0
2024-11-01 17:15:00,1730461500,58880.89,59056.23,58716.41,59010.98,0
2024-11-01 18:15:00,1730465100,59017.98,59032.6,58851.45,58878.25,0
2024-11-04 09:15:00,1730691900,58971.5,58976.15,58344.53,58366.06,0
2024-11-04 10:15:00,1730695500,58377.42,58424.05,58193.57,58218.45,0
2024-11-04 11:15:00,1730699100,58218.98,58275.34,58150.68,58201.71,0
2024-11-04 12:15:00,1730702700,58199.56,58256,58161.19,58233.72,0
2024-11-04 13:15:00,1730706300,58239.53,58334.92,58194.88,58305.39,0
2024-11-04 14:15:00,1730709900,58306.84,58342.31,58230.42,58292.47,0
2024-11-04 15:15:00,1730713500,58296.3,58375.01,58249.44,58341.29,0
2024-11-05 09:15:00,1730778300,58182.85,58420.28,58135.71,58345.75,0
2024-11-05 10:15:00,1730781900,58345.49,58602.44,58153.31,58383.13,0
2024-11-05 11:15:00,1730785500,58382.78,58418.76,57973.85,58123.13,0
2024-11-05 12:15:00,1730789100,58125.84,58380.26,58030.06,58263.37,0
2024-11-05 13:15:00,1730792700,58262.83,59434.08,58250.34,59418.1,0
2024-11-05 14:15:00,1730796300,59419.72,59613.85,59369.47,59514.26,0
2024-11-05 15:15:00,1730799900,59514.79,59543.57,59411.16,59442.95,0
2024-11-06 09:15:00,1730864700,59637.72,59812.43,59554.41,59718.47,0
2024-11-06 10:15:00,1730868300,59720.41,59765.98,59563.82,59715.29,0
2024-11-06 11:15:00,1730871900,59715.03,59861.96,59685.06,59784.1,0
2024-11-06 12:15:00,1730875500,59782.16,59806.76,59688.12,59697.14,0
2024-11-06 13:15:00,1730879100,59691.76,59744.02,59636.2,59718.29,0
2024-11-06 14:15:00,1730882700,59720.31,59791.19,59557.03,59610.21,0
2024-11-06 15:15:00,1730886300,59613.93,59725.05,59607.8,59720.03,0
2024-11-07 09:15:00,1730951100,59747.69,59747.69,58989.08,59062.87,0
2024-11-07 10:15:00,1730954700,59061.84,59362.55,58976.94,59212.64,0
2024-11-07 11:15:00,1730958300,59210.7,59224.44,59024.08,59123.37,0
2024-11-07 12:15:00,1730961900,59122.83,59363.96,59081.07,59361.03,0
2024-11-07 13:15:00,1730965500,59356.19,59356.19,59135.25,59264.06,0
2024-11-07 14:15:00,1730969100,59264.32,59291.83,59161.24,59220.54,0
2024-11-07 15:15:00,1730972700,59221.18,59286.35,59203.77,59230.13,0
2024-11-08 09:15:00,1731037500,59221.86,59377.68,58897.2,59151.21,0
2024-11-08 10:15:00,1731041100,59151.73,59198.82,58863.75,58991.1,0
2024-11-08 11:15:00,1731044700,58985.96,59008.22,58807.2,58875.52,0
2024-11-08 12:15:00,1731048300,58870.1,59072,58866.42,59061.24,0
2024-11-08 13:15:00,1731051900,59062.71,59213.57,58879.09,58908.91,0
2024-11-08 14:15:00,1731055500,58915.37,58974.89,58761.18,58845.24,0
2024-11-08 15:15:00,1731059100,58844.45,58887.5,58779.16,58792.79,0
2024-11-11 09:15:00,1731296700,58822.17,58963.08,58504.21,58815.53,0
2024-11-11 10:15:00,1731300300,58813.47,59468.14,58770.58,59457.74,0
2024-11-11 11:15:00,1731303900,59464.68,59538.69,59383.9,59420.73,0
2024-11-11 12:15:00,1731307500,59424.5,59442.46,59273.24,59398.29,0
2024-11-11 13:15:00,1731311100,59399.23,59425.89,59123.49,59123.49,0
2024-11-11 14:15:00,1731314700,59122.37,59308.23,59023.3,59292.5,0
2024-11-11 15:15:00,1731318300,59286.84,59292.8,59061.84,59075.02,0
2024-11-12 09:15:00,1731383100,59241.05,59562.23,59140.12,59324.22,0
2024-11-12 10:15:00,1731386700,59322.5,59375.16,58905.93,59098.57,0
2024-11-12 11:15:00,1731390300,59094.19,59197.29,58988.66,59007.21,0
2024-11-12 12:15:00,1731393900,59009.9,59061.04,58472.75,58558.96,0
2024-11-12 13:15:00,1731397500,58557.52,58601.6,58335.5,58420.05,0
2024-11-12 14:15:00,1731401100,58420.05,58525.53,58177.67,58262.18,0
2024-11-12 15:15:00,1731404700,58263.02,58381.37,58263.02,58297.16,0
2024-11-13 09:15:00,1731469500,58087.36,58563.31,58028.47,58038.77,0
2024-11-13 10:15:00,1731473100,58040.33,58221.85,57832.15,57847.24,0
2024-11-13 11:15:00,1731476700,57846.72,57883.09,57741.67,57798.97,0
2024-11-13 12:15:00,1731480300,57793.55,57907.65,57776.62,57840.05,0
2024-11-13 13:15:00,1731483900,57837.81,58023.65,57674.89,57701.63,0
2024-11-13 14:15:00,1731487500,57716.1,57724.41,56993.64,57139.64,0
2024-11-13 15:15:00,1731491100,57148.08,57459.08,57143.3,57411.81,0
2024-11-14 09:15:00,1731555900,57181.69,57724.13,57142.11,57620.3,0
2024-11-14 10:15:00,1731559500,57619.77,57708.81,57017.09,57048.73,0
2024-11-14 11:15:00,1731563100,57048.32,57473,57038.51,57466.34,0
2024-11-14 12:15:00,1731566700,57469.95,57469.95,57252.02,57407.65,0
2024-11-14 13:15:00,1731570300,57406.65,57449.52,57231.97,57298.86,0
2024-11-14 14:15:00,1731573900,57299.14,57374.18,57194.77,57281.52,0
2024-11-14 15:15:00,1731577500,57282.84,57365.17,57272.03,57357.59,0
2024-11-18 09:15:00,1731901500,57316.75,57434.53,57079.17,57301.5,0
2024-11-18 10:15:00,1731905100,57283.09,57329.64,57186.23,57254.79,0
2024-11-18 11:15:00,1731908700,57254.26,57447.78,57245.89,57418.93,0
2024-11-18 12:15:00,1731912300,57425.27,57495.29,57347.1,57408.04,0
2024-11-18 13:15:00,1731915900,57411.14,57441.65,57343.84,57415.77,0
2024-11-18 14:15:00,1731919500,57413.71,57459.6,57307.79,57447.79,0
2024-11-18 15:15:00,1731923100,57446.38,57496.47,57352.73,57389.94,0
2024-11-19 09:15:00,1731987900,57657.98,57907.43,57480.46,57783.94,0
2024-11-19 10:15:00,1731991500,57785.88,57946.03,57750.71,57919.73,0
2024-11-19 11:15:00,1731995100,57920.67,57960.91,57793.67,57851.42,0
2024-11-19 12:15:00,1731998700,57852.19,57930.16,57840.48,57930.16,0
2024-11-19 13:15:00,1732002300,57930.5,57964.02,57791.63,57825.04,0
2024-11-19 14:15:00,1732005900,57825.72,57876.56,57592.84,57620.49,0
2024-11-19 15:15:00,1732009500,57617.26,57696.22,57442.25,57469.57,0
2024-11-21 09:15:00,1732160700,57638.56,57638.56,56650.36,56962.61,0
2024-11-21 10:15:00,1732164300,56962.08,57224.96,56935.43,57157.93,0
2024-11-21 11:15:00,1732167900,57156.89,57572.43,57142.13,57470.65,0
2024-11-21 12:15:00,1732171500,57473.88,57568.65,57168.1,57317.24,0
2024-11-21 13:15:00,1732175100,57315.09,57501.3,57295.76,57416.61,0
2024-11-21 14:15:00,1732178700,57417.76,57487.24,57243.71,57386.73,0
2024-11-21 15:15:00,1732182300,57386.4,57505.48,57365.8,57424.88,0
2024-11-22 09:15:00,1732247100,57442.39,58018.87,57442.39,57957.39,0
2024-11-22 10:15:00,1732250700,57956.85,57984.53,57624.49,57763.99,0
2024-11-22 11:15:00,1732254300,57760.7,58124.75,57670.64,58020.01,0
2024-11-22 12:15:00,1732257900,58019.48,58133.05,57981.09,58080.7,0
2024-11-22 13:15:00,1732261500,58085.52,58408.43,57999.41,58319.3,0
2024-11-22 14:15:00,1732265100,58320.35,58456.91,58197.03,58310.99,0
2024-11-22 15:15:00,1732268700,58312.82,58319.09,58182.85,58223.64,0
2024-11-25 09:15:00,1732506300,59083.63,59531.39,59022.89,59383.9,0
2024-11-25 10:15:00,1732509900,59380.13,59559.09,59373.49,59503.02,0
2024-11-25 11:15:00,1732513500,59503.72,59543.66,59401.56,59488.32,0
2024-11-25 12:15:00,1732517100,59488.7,59501.26,59161.51,59262.25,0
2024-11-25 13:15:00,1732520700,59263.32,59365.96,59240.32,59307.4,0
2024-11-25 14:15:00,1732524300,59306.66,59542.2,59252.55,59501.88,0
2024-11-25 15:15:00,1732527900,59500.84,59597.57,59460.09,59494.3,0
2024-11-26 09:15:00,1732592700,59699.72,59783.5,59430.73,59578.25,0
2024-11-26 10:15:00,1732596300,59578.78,59580.93,59298.92,59376.47,0
2024-11-26 11:15:00,1732599900,59376.98,59461.67,59336.2,59379.39,0
2024-11-26 12:15:00,1732603500,59379.69,59415.78,59334.6,59340.9,0
2024-11-26 13:15:00,1732607100,59341.29,59430.45,59320.45,59387.4,0
2024-11-26 14:15:00,1732610700,59389.89,59491.99,59373.27,59466.35,0
2024-11-26 15:15:00,1732614300,59467.38,59474.32,59380.82,59381.34,0
2024-11-27 09:15:00,1732679100,59434.93,59552.46,59280.41,59426.04,0
2024-11-27 10:15:00,1732682700,59426.51,59483.97,59317.29,59432.41,0
2024-11-27 11:15:00,1732686300,59428.81,59693.59,59398.69,59639.17,0
2024-11-27 12:15:00,1732689900,59634.33,59767.75,59611.65,59713.49,0
2024-11-27 13:15:00,1732693500,59717.06,59725.31,59621.17,59630.32,0
2024-11-27 14:15:00,1732697100,59632.38,59691.86,59527,59574.05,0
2024-11-27 15:15:00,1732700700,59572.99,59608.06,59539.05,59564.31,0
2024-11-28 09:15:00,1732765500,59606.18,60069.8,59606.01,60005.7,0
2024-11-28 10:15:00,1732769100,60004.65,60006.07,59329.36,59394.53,0
2024-11-28 11:15:00,1732772700,59394.53,59485.5,59244.48,59389.55,0
2024-11-28 12:15:00,1732776300,59387.33,59460.85,59099.59,59109.65,0
2024-11-28 13:15:00,1732779900,59108.27,59331.74,58952.93,59117.81,0
2024-11-28 14:15:00,1732783500,59116.51,59203.1,59007.73,59101.42,0
2024-11-28 15:15:00,1732787100,59097.65,59189.81,59092.83,59164.25,0
2024-11-29 09:15:00,1732851900,59165.19,59374.35,59013.34,59013.34,0
2024-11-29 10:15:00,1732855500,59017.45,59312.46,58958.58,59168.85,0
2024-11-29 11:15:00,1732859100,59171.95,59222.8,58951.3,59101.63,0
2024-11-29 12:15:00,1732862700,59101.16,59132.85,59007.92,59097.56,0
2024-11-29 13:15:00,1732866300,59097.02,59308.59,59081.33,59201.54,0
2024-11-29 14:15:00,1732869900,59201.8,59351.78,59169.33,59268.36,0
2024-11-29 15:15:00,1732873500,59261.86,59311.92,59200.23,59225.01,0
2024-12-02 09:15:00,1733111100,59204.08,59317.72,58897.79,59018.36,0
2024-12-02 10:15:00,1733114700,59022.13,59144.12,58924.15,59007.74,0
2024-12-02 11:15:00,1733118300,59004.95,59076.24,58946,58975.84,0
2024-12-02 12:15:00,1733121900,58982.03,59098.23,58972.51,59009.42,0
2024-12-02 13:15:00,1733125500,59007.83,59199.69,58951.87,59167.98,0
2024-12-02 14:15:00,1733129100,59168.51,59408.19,59165.99,59298.93,0
2024-12-02 15:15:00,1733132700,59298.4,59311.65,59220.73,59287.29,0
2024-12-03 09:15:00,1733197500,59570.11,59784.12,59415.4,59762.91,0
2024-12-03 10:15:00,1733201100,59762.38,60007.06,59761.05,59974.35,0
2024-12-03 11:15:00,1733204700,59968.37,60045.44,59891.63,59934.46,0
2024-12-03 12:15:00,1733208300,59934.47,60003.2,59859.6,59960.21,0
2024-12-03 13:15:00,1733211900,59956.98,60060.58,59939.09,60028.51,0
2024-12-03 14:15:00,1733215500,60027.49,60101.68,59954.06,59979.27,0
2024-12-03 15:15:00,1733219100,59980.68,60013.08,59955.14,59999.55,0
2024-12-04 09:15:00,1733283900,60158.88,60410.08,59973.49,60350.89,0
2024-12-04 10:15:00,1733287500,60350.36,60510.11,60253.42,60431.11,0
2024-12-04 11:15:00,1733291100,60438.45,60518.27,60168.23,60304.51,0
2024-12-04 12:15:00,1733294700,60304.32,60406.07,60269.05,60387.32,0
2024-12-04 13:15:00,1733298300,60391.89,60657.62,60390.27,60634.76,0
2024-12-04 14:15:00,1733301900,60636.16,60660.4,60473.79,60557.54,0
2024-12-04 15:15:00,1733305500,60564.3,60581.76,60486.62,60505.36,0
2024-12-05 09:15:00,1733370300,60722.06,60724.29,60304.78,60310.76,0
2024-12-05 10:15:00,1733373900,60319.02,60482.16,60127.66,60222.16,0
2024-12-05 11:15:00,1733377500,60221.48,60864.29,60167.99,60848.04,0
2024-12-05 12:15:00,1733381100,60848.56,61034.02,60801.7,60966.63,0
2024-12-05 13:15:00,1733384700,60972.68,61131.43,60837.65,61101.87,0
2024-12-05 14:15:00,1733388300,61102.02,61315.17,60587.69,61020.45,0
2024-12-05 15:15:00,1733391900,61021.51,61044.01,60967.93,60984.83,0
2024-12-06 09:15:00,1733456700,60999.43,61064.45,60502.19,60680.11,0
2024-12-06 10:15:00,1733460300,60679.68,61347.76,60534.22,61166.37,0
2024-12-06 11:15:00,1733463900,61165.9,61202.65,61005.51,61114.98,0
2024-12-06 12:15:00,1733467500,61118.18,61172.04,61022.68,61110.39,0
2024-12-06 13:15:00,1733471100,61110.92,61143.06,61036.78,61077.62,0
2024-12-06 14:15:00,1733474700,61083.04,61100.47,60965.93,61002.19,0
2024-12-06 15:15:00,1733478300,61007.57,61047.77,60931.55,60978.91,0
2024-12-09 09:15:00,1733715900,60911.83,61147.16,60816.36,60851.32,0
2024-12-09 10:15:00,1733719500,60852.92,61063.14,60842.91,61059.92,0
2024-12-09 11:15:00,1733723100,61059.4,61280.98,61044.62,61121.34,0
2024-12-09 12:15:00,1733726700,61120.28,61152.74,61008.41,61083.46,0
2024-12-09 13:15:00,1733730300,61082.93,61121.05,60909.6,60944.41,0
2024-12-09 14:15:00,1733733900,60945.5,60979.63,60767.25,60783.51,0
2024-12-09 15:15:00,1733737500,60776.25,60886.22,60770.92,60835.17,0
2024-12-10 09:15:00,1733802300,60848.57,61022.32,60723.99,60958.31,0
2024-12-10 10:15:00,1733805900,60957.91,60980.62,60838.83,60921.25,0
2024-12-10 11:15:00,1733809500,60922.84,60979.85,60891.38,60918.55,0
2024-12-10 12:15:00,1733813100,60917.36,60917.88,60662.11,60795.78,0
2024-12-10 13:15:00,1733816700,60795.25,60808.75,60675.32,60782.02,0
2024-12-10 14:15:00,1733820300,60782.02,60987.68,60743.85,60946.19,0
2024-12-10 15:15:00,1733823900,60947.25,61005.35,60921.97,60981.49,0
2024-12-11 09:15:00,1733888700,60856.15,60886.04,60697.29,60770.3,0
2024-12-11 10:15:00,1733892300,60770.83,60934.75,60697.02,60915.26,0
2024-12-11 11:15:00,1733895900,60915.79,61056.24,60856.41,60959.15,0
2024-12-11 12:15:00,1733899500,60960.23,60966.63,60818.41,60864.24,0
2024-12-11 13:15:00,1733903100,60864.24,60926.87,60840.7,60908.13,0
2024-12-11 14:15:00,1733906700,60908.55,60912.69,60702.18,60779.36,0
2024-12-11 15:15:00,1733910300,60783.11,60799.19,60720.73,60750.54,0
2024-12-12 09:15:00,1733975100,60627.23,60908.13,60615.86,60708.78,0
2024-12-12 10:15:00,1733978700,60712.7,60790.45,60685.83,60709.05,0
2024-12-12 11:15:00,1733982300,60716.8,60740.36,60547.63,60561.93,0
2024-12-12 12:15:00,1733985900,60562.4,60615.49,60513.7,60567.48,0
2024-12-12 13:15:00,1733989500,60566.54,60612.85,60495.91,60554.29,0
2024-12-12 14:15:00,1733993100,60558.16,60610.92,60465.63,60490.46,0
2024-12-12 15:15:00,1733996700,60499,60561.23,60468.58,60520.82,0
2024-12-13 09:15:00,1734061500,60432.15,60482.41,59888.83,59916.93,0
2024-12-13 10:15:00,1734065100,59916.55,59916.55,59408.48,59664.82,0
2024-12-13 11:15:00,1734068700,59665.35,60398.05,59621.6,60315.02,0
2024-12-13 12:15:00,1734072300,60309.64,60607.96,60188.35,60511.23,0
2024-12-13 13:15:00,1734075900,60506.6,60792.73,60359.16,60701.89,0
2024-12-13 14:15:00,1734079500,60699.73,61050.78,60693.23,61001.11,0
2024-12-13 15:15:00,1734083100,61004.6,61053.96,60956.01,61037.68,0
2024-12-16 09:15:00,1734320700,60872.55,61175.75,60756.76,61042.94,0
2024-12-16 10:15:00,1734324300,61039.35,61047.57,60790.34,60808.45,0
2024-12-16 11:15:00,1734327900,60813.31,60923.54,60754.31,60767.29,0
2024-12-16 12:15:00,1734331500,60761.48,60964.19,60724.14,60943.46,0
2024-12-16 13:15:00,1734335100,60936.23,61075.19,60895.16,60995.53,0
2024-12-16 14:15:00,1734338700,60996.29,61124.46,60968.13,60979.68,0
2024-12-16 15:15:00,1734342300,60979.21,61011.61,60888.08,60904.68,0
2024-12-17 09:15:00,1734407100,60831.41,60935.68,60561.02,60643.09,0
2024-12-17 10:15:00,1734410700,60650.06,60655.94,60309.72,60556.92,0
2024-12-17 11:15:00,1734414300,60555.06,60600.7,60132.44,60169.92,0
2024-12-17 12:15:00,1734417900,60166.01,60386.35,60101.33,60200.92,0
2024-12-17 13:15:00,1734421500,60199.25,60250.57,60074.64,60135.87,0
2024-12-17 14:15:00,1734425100,60136.15,60289.75,60061.76,60178.38,0
2024-12-17 15:15:00,1734428700,60184.86,60233.99,60123.1,60177.65,0
2024-12-18 09:15:00,1734493500,60152.73,60182.27,59673.18,59688.17,0
2024-12-18 10:15:00,1734497100,59687.8,59835.71,59508.66,59558.01,0
2024-12-18 11:15:00,1734500700,59557.18,59633.54,59441.83,59499.58,0
2024-12-18 12:15:00,1734504300,59499.58,59606.27,59402.26,59561.13,0
2024-12-18 13:15:00,1734507900,59560.08,59585.02,59367.52,59372.9,0
2024-12-18 14:15:00,1734511500,59379.87,59437.07,59256.53,59368.44,0
2024-12-18 15:15:00,1734515100,59369.21,59509.61,59368.4,59473.08,0
2024-12-19 09:15:00,1734579900,58448,58829.23,58396.13,58612.42,0
2024-12-19 10:15:00,1734583500,58610.46,58751.08,58544.75,58656.31,0
2024-12-19 11:15:00,1734587100,58655.78,58986.4,58655.78,58881.41,0
2024-12-19 12:15:00,1734590700,58876.22,58889.44,58747.6,58780.21,0
2024-12-19 13:15:00,1734594300,58778.35,58778.35,58612.88,58699.14,0
2024-12-19 14:15:00,1734597900,58706.99,58790.87,58639.26,58737.88,0
2024-12-19 15:15:00,1734601500,58739.77,58793.04,58695.3,58779.45,0
2024-12-20 09:15:00,1734666300,58608.3,58778,58132.18,58240.41,0
2024-12-20 10:15:00,1734669900,58232.11,58548.14,58194.97,58503.92,0
2024-12-20 11:15:00,1734673500,58500.82,58570.8,58390.04,58444.46,0
2024-12-20 12:15:00,1734677100,58434.62,58434.62,58104.12,58158.34,0
2024-12-20 13:15:00,1734680700,58155.12,58236.69,57895.8,57923.38,0
2024-12-20 14:15:00,1734684300,57926.17,58033.69,57595.98,57673.04,0
2024-12-20 15:15:00,1734687900,57673.19,57960.94,57673.19,57892.21,0
2024-12-23 09:15:00,1734925500,58069.9,58442.12,58048.35,58381.45,0
2024-12-23 10:15:00,1734929100,58386.55,58450.26,58280.73,58402.55,0
2024-12-23 11:15:00,1734932700,58402.61,58444.9,58212.44,58290.17,0
2024-12-23 12:15:00,1734936300,58289.68,58308.89,58130.86,58201.11,0
2024-12-23 13:15:00,1734939900,58193.94,58287.6,58151.78,58223.85,0
2024-12-23 14:15:00,1734943500,58223.29,58362.84,58209.16,58348.4,0
2024-12-23 15:15:00,1734947100,58347.69,58364.94,58288.4,58313.9,0
2024-12-24 09:15:00,1735011900,58434.04,58460.37,58144.55,58270.08,0
2024-12-24 10:15:00,1735015500,58268.98,58338.56,58236.03,58293.12,0
2024-12-24 11:15:00,1735019100,58288.81,58343.25,58195.72,58246.12,0
2024-12-24 12:15:00,1735022700,58244.66,58341.45,58213,58246.29,0
2024-12-24 13:15:00,1735026300,58241.27,58261.89,58128.16,58222.37,0
2024-12-24 14:15:00,1735029900,58221.82,58231.88,58125.02,58171.56,0
2024-12-24 15:15:00,1735033500,58172.11,58285.22,58156.15,58230.46,0
2024-12-26 09:15:00,1735184700,58302.5,58793.88,58248.51,58257.04,0
2024-12-26 10:15:00,1735188300,58262.95,58340.88,58015.24,58218.79,0
2024-12-26 11:15:00,1735191900,58219.06,58298.21,58098.19,58109.27,0
2024-12-26 12:15:00,1735195500,58106.47,58156.93,58040.8,58107.86,0
2024-12-26 13:15:00,1735199100,58106.78,58181.03,57924.86,58135.42,0
2024-12-26 14:15:00,1735202700,58135.74,58178.6,58066.58,58161.69,0
2024-12-26 15:15:00,1735206300,58157.36,58268.55,58147.59,58236.39,0
2024-12-27 09:15:00,1735271100,58183.09,58652.98,58183.09,58629.15,0
2024-12-27 10:15:00,1735274700,58636.13,58641.99,58470.22,58575.2,0
2024-12-27 11:15:00,1735278300,58572.95,58581.56,58329,58336.7,0
2024-12-27 12:15:00,1735281900,58336.7,58336.7,58215.87,58301.58,0
2024-12-27 13:15:00,1735285500,58295.84,58351.64,58237.71,58260.13,0
2024-12-27 14:15:00,1735289100,58260.62,58276.61,58129.38,58199.23,0
2024-12-27 15:15:00,1735292700,58199.52,58288.55,58189.37,58244.17,0
2024-12-30 09:15:00,1735530300,58153.81,58339.23,58065.33,58332.59,0
2024-12-30 10:15:00,1735533900,58333.08,58454.86,58279.17,58314.99,0
2024-12-30 11:15:00,1735537500,58313.74,58968.32,58300.31,58843.21,0
2024-12-30 12:15:00,1735541100,58843.48,58870.01,58131.55,58182.36,0
2024-12-30 13:15:00,1735544700,58182.63,58274.64,57594.61,57612.65,0
2024-12-30 14:15:00,1735548300,57616.34,57869.24,57517.06,57666.71,0
2024-12-30 15:15:00,1735551900,57672.4,57884.77,57651.7,57687.69,0
2024-12-31 09:15:00,1735616700,57477.08,57782.61,57423.29,57566.02,0
2024-12-31 10:15:00,1735620300,57570.59,57779.48,57570.1,57777.87,0
2024-12-31 11:15:00,1735623900,57774.51,57786.09,57612.73,57649.38,0
2024-12-31 12:15:00,1735627500,57644.89,57767.28,57626.05,57751.96,0
2024-12-31 13:15:00,1735631100,57753.76,57848.85,57746.06,57783.88,0
2024-12-31 14:15:00,1735634700,57786.68,57787.82,57677.36,57745.79,0
2024-12-31 15:15:00,1735638300,57746.86,57801.51,57719.17,57801.51,0
2025-01-01 09:15:00,1735703100,57779.15,57873.53,57323.64,57682.76,0
2025-01-01 10:15:00,1735706700,57676.93,58042.77,57649.03,57961.63,0
2025-01-01 11:15:00,1735710300,57963.87,58042.87,57823.93,57931.93,0
2025-01-01 12:15:00,1735713900,57932.57,58019.19,57856.65,57861.8,0
2025-01-01 13:15:00,1735717500,57861.25,58186.81,57858.74,58088.57,0
2025-01-01 14:15:00,1735721100,58088.02,58100.8,57845.91,57895.05,0
2025-01-01 15:15:00,1735724700,57893.95,57982.76,57876.68,57977.64,0
2025-01-02 09:15:00,1735789500,58040.83,58142.84,57905.46,58013.34,0
2025-01-02 10:15:00,1735793100,58011.71,58218.47,57994.6,58200.69,0
2025-01-02 11:15:00,1735796700,58200.96,58269.25,57998.07,58002.54,0
2025-01-02 12:15:00,1735800300,57998.6,58309.25,57962.49,58273.81,0
2025-01-02 13:15:00,1735803900,58273.52,58528.15,58273.52,58448.45,0
2025-01-02 14:15:00,1735807500,58447.73,58614.49,58440.78,58556.12,0
2025-01-02 15:15:00,1735811100,58556.96,58598.18,58538.56,58561.93,0
2025-01-03 09:15:00,1735875900,58620.8,58660.52,58173.35,58205.43,0
2025-01-03 10:15:00,1735879500,58205.94,58323.25,58036.21,58198.84,0
2025-01-03 11:15:00,1735883100,58199.96,58359.7,58173.71,58262.02,0
2025-01-03 12:15:00,1735886700,58258.27,58312.77,58101.03,58230.45,0
2025-01-03 13:15:00,1735890300,58223.82,58268.92,57914.38,57984.5,0
2025-01-03 14:15:00,1735893900,57987.73,58050.29,57857.12,57938.39,0
2025-01-03 15:15:00,1735897500,57932.35,58007.72,57841.33,57898.43,0
2025-01-06 09:15:00,1736135100,57879.13,57961.11,57390.36,57666.04,0
2025-01-06 10:15:00,1736138700,57672.09,57713.44,57054.42,57111.1,0
2025-01-06 11:15:00,1736142300,57101.89,57245.98,56821,57060.66,0
2025-01-06 12:15:00,1736145900,57057.07,57079.1,56857.32,56884.96,0
2025-01-06 13:15:00,1736149500,56883.27,56883.27,56583.9,56617.97,0
2025-01-06 14:15:00,1736153100,56621.46,56806.09,56543.8,56667.7,0
2025-01-06 15:15:00,1736156700,56658.58,56823.65,56655.5,56784.82,0
2025-01-07 09:15:00,1736221500,56760.55,57192.99,56744.94,56988.71,0
2025-01-07 10:15:00,1736225100,56997.03,57088.5,56904.84,57011.68,0
2025-01-07 11:15:00,1736228700,57012.24,57201.8,56968.67,57141.84,0
2025-01-07 12:15:00,1736232300,57146.86,57222.9,57108.62,57143.84,0
2025-01-07 13:15:00,1736235900,57142.2,57238.86,57024.18,57086.62,0
2025-01-07 14:15:00,1736239500,57081.03,57129.74,56948.97,57012.04,0
2025-01-07 15:15:00,1736243100,57008.09,57030.04,56942.76,56953.1,0
2025-01-08 09:15:00,1736307900,57038.33,57108.07,56850.06,56933.77,0
2025-01-08 10:15:00,1736311500,56934.89,56984.15,56408.82,56447,0
2025-01-08 11:15:00,1736315100,56450.99,56546.39,56271.43,56271.43,0
2025-01-08 12:15:00,1736318700,56277.47,56364.77,56114.87,56162.33,0
2025-01-08 13:15:00,1736322300,56156.23,56683.71,56131.45,56658.48,0
2025-01-08 14:15:00,1736325900,56653.9,56785.81,56573.67,56631.7,0
2025-01-08 15:15:00,1736329500,56632.21,56669.87,56622.73,56655.71,0
2025-01-09 09:15:00,1736394300,56645.69,56645.69,56090.18,56503.79,0
2025-01-09 10:15:00,1736397900,56506.03,56528.95,56007.22,56062.48,0
2025-01-09 11:15:00,1736401500,56064.56,56175.97,56028.17,56102.02,0
2025-01-09 12:15:00,1736405100,56102.51,56273.28,55978.45,56088,0
2025-01-09 13:15:00,1736408700,56087.45,56237.26,56081.01,56218.52,0
2025-01-09 14:15:00,1736412300,56219.07,56275.24,56139.66,56246.72,0
2025-01-09 15:15:00,1736415900,56242.79,56298.69,56216.47,56282.66,0
2025-01-10 09:15:00,1736480700,56103.09,56155.93,55473.15,55633.91,0
2025-01-10 10:15:00,1736484300,55633.42,55897.72,55565.05,55891.59,0
2025-01-10 11:15:00,1736487900,55899.85,56010.38,55551.76,55643.16,0
2025-01-10 12:15:00,1736491500,55643.43,55760.46,55569.16,55596.75,0
2025-01-10 13:15:00,1736495100,55597.73,55652.13,55396.74,55396.74,0
2025-01-10 14:15:00,1736498700,55394.23,55417.08,55193.99,55207.31,0
2025-01-10 15:15:00,1736502300,55202.45,55385.89,55194.39,55374.53,0
2025-01-13 09:15:00,1736739900,54864.5,55075.07,54651.65,55074.69,0
2025-01-13 10:15:00,1736743500,55099.06,55251.41,54988,55147.79,0
2025-01-13 11:15:00,1736747100,55153.04,55227.87,54868.8,54910.96,0
2025-01-13 12:15:00,1736750700,54906.55,54950.97,54730.71,54761.47,0
2025-01-13 13:15:00,1736754300,54768.67,54802.28,54601.74,54629.71,0
2025-01-13 14:15:00,1736757900,54639.99,54672.73,54457.19,54635.62,0
2025-01-13 15:15:00,1736761500,54637.46,54714.82,54594.59,54620.29,0
2025-01-14 09:15:00,1736826300,54556.82,55351.71,54556.82,55189.61,0
2025-01-14 10:15:00,1736829900,55187.46,55414.43,55038.86,55401.6,0
2025-01-14 11:15:00,1736833500,55402.15,55410.78,55101.78,55142.28,0
2025-01-14 12:15:00,1736837100,55145.07,55219.08,55031.89,55189.5,0
2025-01-14 13:15:00,1736840700,55189.99,55565.02,55180.43,55553.89,0
2025-01-14 14:15:00,1736844300,55550.37,55653.45,55187.06,55324.01,0
2025-01-14 15:15:00,1736847900,55323.46,55542.31,55306.28,55514.26,0
2025-01-15 09:15:00,1736912700,55555.93,55619.13,55226.35,55522.31,0
2025-01-15 10:15:00,1736916300,55526.18,55690.24,55458,55598.01,0
2025-01-15 11:15:00,1736919900,55597.46,55636.08,55425.24,55499.62,0
2025-01-15 12:15:00,1736923500,55500.17,55514.26,55361.76,55366.78,0
2025-01-15 13:15:00,1736927100,55365.17,55365.17,55036.61,55187.8,0
2025-01-15 14:15:00,1736930700,55187.8,55378.01,55166.89,55312.62,0
2025-01-15 15:15:00,1736934300,55308.71,55356.92,55279.23,55337.5,0
2025-01-16 09:15:00,1736999100,55755.04,56057.14,55640.69,55859.17,0
2025-01-16 10:15:00,1737002700,55859.66,56035.31,55816.75,55873.97,0
2025-01-16 11:15:00,1737006300,55872.38,55994.75,55828.85,55873.49,0
2025-01-16 12:15:00,1737009900,55867.88,56082.16,55837.69,56059.75,0
2025-01-16 13:15:00,1737013500,56066.07,56067.19,55940.3,55961.78,0
2025-01-16 14:15:00,1737017100,55965.7,55965.7,55737.5,55935.34,0
2025-01-16 15:15:00,1737020700,55932.67,56058.82,55925.19,56058.82,0
2025-01-17 09:15:00,1737085500,55484.97,55546.62,54953.35,54969.45,0
2025-01-17 10:15:00,1737089100,54968.07,55061.15,54628.92,54752.77,0
2025-01-17 11:15:00,1737092700,54756.19,54915.73,54742.64,54855.35,0
2025-01-17 12:15:00,1737096300,54853.27,54967.51,54786.39,54816.06,0
2025-01-17 13:15:00,1737099900,54809.52,54850.86,54707.38,54836.8,0
2025-01-17 14:15:00,1737103500,54832.71,54989.32,54811.88,54914.6,0
2025-01-17 15:15:00,1737107100,54916.49,54966.68,54906.43,54924.52,0
2025-01-20 09:15:00,1737344700,55457.13,55683.75,55297.87,55610.29,0
2025-01-20 10:15:00,1737348300,55607.92,55742.52,55600.49,55706.63,0
2025-01-20 11:15:00,1737351900,55702.7,56059.23,55702.7,56024.22,0
2025-01-20 12:15:00,1737355500,56023.17,56260.54,56010.29,56243.05,0
2025-01-20 13:15:00,1737359100,56248.61,56347.25,56105.6,56153.99,0
2025-01-20 14:15:00,1737362700,56157.32,56193.59,56045.31,56098.48,0
2025-01-20 15:15:00,1737366300,56096.97,56100.19,55981.96,56055.06,0
2025-01-21 09:15:00,1737431100,56303.03,56303.03,55631.12,55673.48,0
2025-01-21 10:15:00,1737434700,55680.3,55680.3,55269.74,55326.6,0
2025-01-21 11:15:00,1737438300,55329.16,55949.75,55257.49,55514.78,0
2025-01-21 12:15:00,1737441900,55501.26,55537.1,55170.41,55394.37,0
2025-01-21 13:15:00,1737445500,55398.12,55464.44,55161.9,55265.66,0
2025-01-21 14:15:00,1737449100,55265.51,55273.41,54851.06,55029.18,0
2025-01-21 15:15:00,1737452700,55031.21,55104.4,55031.21,55101.99,0
2025-01-22 09:15:00,1737517500,55296.77,55296.77,54931.8,55151.49,0
2025-01-22 10:15:00,1737521100,55157.72,55212.39,54893.71,54915.8,0
2025-01-22 11:15:00,1737524700,54916.35,54918.22,54720.89,54758.39,0
2025-01-22 12:15:00,1737528300,54754.94,54785.9,54530.71,54686.56,0
2025-01-22 13:15:00,1737531900,54687.21,54838.85,54492.78,54797.22,0
2025-01-22 14:15:00,1737535500,54808.7,55228.42,54785.17,55218.06,0
2025-01-22 15:15:00,1737539100,55221.03,55225.55,55128.21,55185.86,0
2025-01-23 09:15:00,1737603900,55173.98,55198.51,54876.8,55169.3,0
2025-01-23 10:15:00,1737607500,55168.63,55323.66,55045.05,55107.14,0
2025-01-23 11:15:00,1737611100,55107.5,55155.6,54967,55034.16,0
2025-01-23 12:15:00,1737614700,55034.65,55174.63,55000.27,55117.45,0
2025-01-23 13:15:00,1737618300,55117.09,55213.18,55010.45,55057.17,0
2025-01-23 14:15:00,1737621900,55062.16,55063.78,54909.08,54939.53,0
2025-01-23 15:15:00,1737625500,54940.36,55008.5,54918.47,55002.47,0
2025-01-24 09:15:00,1737690300,54938.88,55133.54,54728.22,54835.91,0
2025-01-24 10:15:00,1737693900,54837.38,55260.75,54736.34,55238.61,0
2025-01-24 11:15:00,1737697500,55238.06,55280.69,55103.49,55228.94,0
2025-01-24 12:15:00,1737701100,55229.49,55325.62,54924.63,54996.2,0
2025-01-24 13:15:00,1737704700,55001.74,55001.74,54783.69,54785.81,0
2025-01-24 14:15:00,1737708300,54790.85,54812.41,54583.28,54692.24,0
2025-01-24 15:15:00,1737711900,54691.7,54775.47,54691.7,54757.79,0
2025-01-27 09:15:00,1737949500,54298.76,54796.77,54277.32,54716.47,0
2025-01-27 10:15:00,1737953100,54705.38,54735.58,54450.45,54658.05,0
2025-01-27 11:15:00,1737956700,54655.8,54899.73,54655.77,54761.49,0
2025-01-27 12:15:00,1737960300,54762,54937.24,54730.4,54857.68,0
2025-01-27 13:15:00,1737963900,54850.68,54889.07,54699.49,54756.34,0
2025-01-27 14:15:00,1737967500,54756.89,54850.88,54620.21,54757,0
2025-01-27 15:15:00,1737971100,54751.6,54760.46,54634.64,54667.58,0
2025-01-28 09:15:00,1738035900,55181.32,55430.5,55106.55,55361.89,0
2025-01-28 10:15:00,1738039500,55363.91,55566.2,55353.05,55552.07,0
2025-01-28 11:15:00,1738043100,55554.03,55836.67,55498.79,55830.9,0
2025-01-28 12:15:00,1738046700,55829.39,55886.35,55751.7,55881.09,0
2025-01-28 13:15:00,1738050300,55882.19,55885.15,55711.19,55728.89,0
2025-01-28 14:15:00,1738053900,55729.98,55923.48,55407.89,55533.61,0
2025-01-28 15:15:00,1738057500,55531.6,55602.72,55496.41,55527.79,0
2025-01-29 09:15:00,1738122300,55669.52,55774.52,55505.23,55742.59,0
2025-01-29 10:15:00,1738125900,55742.77,55916.29,55702.77,55769.92,0
2025-01-29 11:15:00,1738129500,55774.54,55891.84,55587.36,55804.7,0
2025-01-29 12:15:00,1738133100,55803.87,55906.39,55710.83,55745.41,0
2025-01-29 13:15:00,1738136700,55749.34,55919.29,55749.34,55914,0
2025-01-29 14:15:00,1738140300,55914.55,55933.31,55829.07,55887.69,0
2025-01-29 15:15:00,1738143900,55883.63,55932.88,55854.22,55882.9,0
2025-01-30 09:15:00,1738208700,55936.13,56007.24,55740.81,55976.65,0
2025-01-30 10:15:00,1738212300,55977.73,56083.46,55814.92,55983.8,0
2025-01-30 11:15:00,1738215900,55983.95,56026.03,55900.65,55983.87,0
2025-01-30 12:15:00,1738219500,55983.87,56056.85,55962.6,56031.29,0
2025-01-30 13:15:00,1738223100,56030.42,56087.02,55921.71,55998.6,0
2025-01-30 14:15:00,1738226700,55996.41,56035.77,55899,56034.9,0
2025-01-30 15:15:00,1738230300,56031.56,56146.33,55988.36,56117.23,0
2025-01-31 09:15:00,1738295100,56021.03,56023.74,55732.76,55805.38,0
2025-01-31 10:15:00,1738298700,55805.1,56079.09,55789.91,55989.87,0
2025-01-31 11:15:00,1738302300,55992.76,56113.76,55908.13,56072.58,0
2025-01-31 12:15:00,1738305900,56073.12,56300.58,56040.96,56267.42,0
2025-01-31 13:15:00,1738309500,56268.24,56358.59,55988.37,56016.34,0
2025-01-31 14:15:00,1738313100,56020.16,56265.83,55950.45,56256.01,0
2025-01-31 15:15:00,1738316700,56246.72,56312.1,56208.86,56252.56,0
2025-02-01 09:15:00,1738381500,56316.78,56462.23,56140.01,56438.18,0
2025-02-01 10:15:00,1738385100,56437.46,56587.91,56432.49,56587.09,0
2025-02-01 11:15:00,1738388700,56587.77,56753.71,55938.66,55938.66,0
2025-02-01 12:15:00,1738392300,55939.32,56188.37,55483.48,55637.26,0
2025-02-01 13:15:00,1738395900,55635.56,56217.89,55502.87,56192.89,0
2025-02-01 14:15:00,1738399500,56193.44,56344.04,56106.67,56231.13,0
2025-02-01 15:15:00,1738403100,56230.44,56267.08,56151.26,56267.08,0
2025-02-03 09:15:00,1738554300,55771.83,55990.13,55597.93,55734.63,0
2025-02-03 10:15:00,1738557900,55726.03,55891.18,55685.89,55874.92,0
2025-02-03 11:15:00,1738561500,55874.37,55904.33,55645.93,55800.14,0
2025-02-03 12:15:00,1738565100,55799.58,55978.68,55727.89,55975.03,0
2025-02-03 13:15:00,1738568700,55975.59,55987.88,55796.57,55901.61,0
2025-02-03 14:15:00,1738572300,55899.1,55918.9,55801.68,55842.58,0
2025-02-03 15:15:00,1738575900,55841.82,55874.6,55789.5,55864.66,0
2025-02-04 09:15:00,1738640700,56270.91,56728.46,56132.09,56582.87,0
2025-02-04 10:15:00,1738644300,56587.53,56655.47,56314.68,56553.83,0
2025-02-04 11:15:00,1738647900,56571.96,56701.18,56514.07,56624.29,0
2025-02-04 12:15:00,1738651500,56628.6,56912.72,56619.16,56879.09,0
2025-02-04 13:15:00,1738655100,56878.53,56978.34,56760.54,56811,0
2025-02-04 14:15:00,1738658700,56802.39,57102.85,56739.78,57075.07,0
2025-02-04 15:15:00,1738662300,57073.16,57076.8,56944.25,56967.65,0
2025-02-05 09:15:00,1738727100,57256.11,57329.28,57034.1,57249.92,0
2025-02-05 10:15:00,1738730700,57250.64,57283.35,57117.25,57142.53,0
2025-02-05 11:15:00,1738734300,57140.07,57232.42,57062.22,57072.78,0
2025-02-05 12:15:00,1738737900,57068.05,57261.96,57046.85,57258.25,0
2025-02-05 13:15:00,1738741500,57261.05,57286.42,57168.6,57186.56,0
2025-02-05 14:15:00,1738745100,57185.63,57228.88,57030.2,57065.15,0
2025-02-05 15:15:00,1738748700,57062.99,57067.6,56954.33,56999.32,0
2025-02-06 09:15:00,1738813500,57181.23,57236.32,56879.13,56988.11,0
2025-02-06 10:15:00,1738817100,56993.72,57075.61,56891.72,56919.41,0
2025-02-06 11:15:00,1738820700,56918.85,56982.24,56825.93,56975.49,0
2025-02-06 12:15:00,1738824300,56978.72,57007.93,56854.76,56902.81,0
2025-02-06 13:15:00,1738827900,56908.32,57035.2,56898.29,56941.83,0
2025-02-06 14:15:00,1738831500,56928.93,57130.18,56922.21,57035.51,0
2025-02-06 15:15:00,1738835100,57036.09,57115.68,57013.41,57103.83,0
2025-02-07 09:15:00,1738899900,57232.47,57251.85,56832.46,56978.63,0
2025-02-07 10:15:00,1738903500,56981.65,56996.48,56567.87,56849.23,0
2025-02-07 11:15:00,1738907100,56848.45,57040.71,56675.81,56682.06,0
2025-02-07 12:15:00,1738910700,56675.61,56820.48,56635.82,56696.97,0
2025-02-07 13:15:00,1738914300,56696.42,56778.89,56441.83,56470.46,0
2025-02-07 14:15:00,1738917900,56470.36,56771.17,56424.8,56770.86,0
2025-02-07 15:15:00,1738921500,56769.8,56882.36,56732.87,56832.92,0
2025-02-10 09:15:00,1739159100,56739.01,56784.58,56362.56,56370.74,0
2025-02-10 10:15:00,1739162700,56372.46,56501.4,56320.04,56495.6,0
2025-02-10 11:15:00,1739166300,56496.89,56548.17,56388.42,56453.36,0
2025-02-10 12:15:00,1739169900,56452.27,56556.34,56431.5,56500.52,0
2025-02-10 13:15:00,1739173500,56497.72,56602.26,56450.72,56460.78,0
2025-02-10 14:15:00,1739177100,56460.22,56701.1,56445.95,56654.58,0
2025-02-10 15:15:00,1739180700,56651.04,56666.19,56604.89,56629.27,0
2025-02-11 09:15:00,1739245500,56589.97,56613.05,56165.72,56235.43,0
2025-02-11 10:15:00,1739249100,56234.71,56301.46,56075.14,56247.44,0
2025-02-11 11:15:00,1739252700,56249.12,56291.63,56184.64,56221.69,0
2025-02-11 12:15:00,1739256300,56221.09,56278.19,55868.23,55879.05,0
2025-02-11 13:15:00,1739259900,55874.49,56000.62,55750.63,55899.93,0
2025-02-11 14:15:00,1739263500,55895.44,56114.23,55816.48,56045.49,0
2025-02-11 15:15:00,1739267100,56046.59,56064.13,55957.55,55982.65,0
2025-02-12 09:15:00,1739331900,56045.38,56242.5,55304.75,55373.4,0
2025-02-12 10:15:00,1739335500,55372.24,55757.47,55303.55,55625.34,0
2025-02-12 11:15:00,1739339100,55621.31,56144.16,55603.39,56048.04,0
2025-02-12 12:15:00,1739342700,56048.73,56351.52,55966.06,56312.98,0
2025-02-12 13:15:00,1739346300,56312.98,56401.26,55907.82,56011.64,0
2025-02-12 14:15:00,1739349900,55998.27,56220.2,55898.54,56208.61,0
2025-02-12 15:15:00,1739353500,56204.13,56265.71,56189.22,56207.63,0
2025-02-13 09:15:00,1739418300,56265.12,56592.15,56191.64,56500.89,0
2025-02-13 10:15:00,1739421900,56494.62,56638.16,56434.26,56540.38,0
2025-02-13 11:15:00,1739425500,56537.01,56628.57,56453.07,56490.06,0
2025-02-13 12:15:00,1739429100,56489.57,56546.16,56284.49,56284.49,0
2025-02-13 13:15:00,1739432700,56278.59,56370.75,56079.59,56110.66,0
2025-02-13 14:15:00,1739436300,56117.47,56206.99,56044.06,56124.29,0
2025-02-13 15:15:00,1739439900,56121.49,56164.81,56068.35,56088.41,0
2025-02-14 09:15:00,1739504700,56263.76,56369.51,56067.63,56160.24,0
2025-02-14 10:15:00,1739508300,56168.8,56264.91,55665.38,55817.79,0
2025-02-14 11:15:00,1739511900,55812.98,55816.98,55549.64,55588.86,0
2025-02-14 12:15:00,1739515500,55579.5,55667.31,55425.37,55509,0
2025-02-14 13:15:00,1739519100,55505.4,55589.56,55427.42,55490.5,0
2025-02-14 14:15:00,1739522700,55491.29,55991.23,55487.58,55851.14,0
2025-02-14 15:15:00,1739526300,55851.7,55862.69,55706.45,55790.4,0
2025-02-17 09:15:00,1739763900,55667.3,55724.66,55186.68,55244.5,0
2025-02-17 10:15:00,1739767500,55242.83,55697.61,55202.45,55377.84,0
2025-02-17 11:15:00,1739771100,55378.94,55622.6,55378.94,55446.04,0
2025-02-17 12:15:00,1739774700,55439.22,55646.97,55387.13,55509.26,0
2025-02-17 13:15:00,1739778300,55510.36,55907.05,55494.87,55741.68,0
2025-02-17 14:15:00,1739781900,55742.81,55991.62,55742.81,55964.86,0
2025-02-17 15:15:00,1739785500,55965.98,56016.38,55941.34,55990.82,0
2025-02-18 09:15:00,1739850300,55952.84,56020.8,55632.53,55722.71,0
2025-02-18 10:15:00,1739853900,55721.21,55774.16,55567.41,55620.96,0
2025-02-18 11:15:00,1739857500,55620.41,55863.83,55611.71,55797.79,0
2025-02-18 12:15:00,1739861100,55796.67,55893.67,55690.83,55775.53,0
2025-02-18 13:15:00,1739864700,55774.43,55929.03,55773.62,55840.42,0
2025-02-18 14:15:00,1739868300,55844.95,55992.5,55833.5,55914.45,0
2025-02-18 15:15:00,1739871900,55914.09,55931.66,55875.42,55900.43,0
2025-02-19 09:15:00,1739936700,55796.64,56430.6,55652.37,56417.07,0
2025-02-19 10:15:00,1739940300,56429.65,56579.23,56276.21,56412.19,0
2025-02-19 11:15:00,1739943900,56412.74,56506.56,56304.84,56438.23,0
2025-02-19 12:15:00,1739947500,56437.68,56484.13,56303.97,56359.98,0
2025-02-19 13:15:00,1739951100,56359.43,56445.72,56321.95,56382.35,0
2025-02-19 14:15:00,1739954700,56375.62,56515.82,56154.63,56488.44,0
2025-02-19 15:15:00,1739958300,56488.72,56490.18,56372.47,56385.02,0
2025-02-20 09:15:00,1740023100,56308.61,56366.16,55993.79,56130.66,0
2025-02-20 10:15:00,1740026700,56130.21,56223.11,56104.72,56172.2,0
2025-02-20 11:15:00,1740030300,56160.03,56197.99,56057.69,56059.93,0
2025-02-20 12:15:00,1740033900,56062.95,56129.11,56045.81,56096.21,0
2025-02-20 13:15:00,1740037500,56096.21,56240.18,56064.75,56177.04,0
2025-02-20 14:15:00,1740041100,56175.59,56254.82,56169.11,56181.06,0
2025-02-20 15:15:00,1740044700,56180.7,56189.29,56134.97,56137.82,0
2025-02-21 09:15:00,1740109500,56041.28,56136.35,55623.9,55629.96,0
2025-02-21 10:15:00,1740113100,55627.04,55716.04,55553.44,55688.61,0
2025-02-21 11:15:00,1740116700,55688.11,55775.28,55653.75,55740.54,0
2025-02-21 12:15:00,1740120300,55741.1,55871.28,55638.95,55668.63,0
2025-02-21 13:15:00,1740123900,55668.63,55706.91,55536.11,55698.18,0
2025-02-21 14:15:00,1740127500,55696.57,55813.37,55594.29,55783.43,0
2025-02-21 15:15:00,1740131100,55779.71,55780.05,55653.75,55654.3,0
2025-02-24 09:15:00,1740368700,55385.69,55455.23,55009.95,55152.08,0
2025-02-24 10:15:00,1740372300,55150.5,55215.88,55115.96,55160.07,0
2025-02-24 11:15:00,1740375900,55159.52,55450.92,55143.18,55302.74,0
2025-02-24 12:15:00,1740379500,55301.31,55437.11,55288.43,55368.86,0
2025-02-24 13:15:00,1740383100,55367.18,55411.71,55291.45,55353.21,0
2025-02-24 14:15:00,1740386700,55358.95,55531.14,55334.06,55461.43,0
2025-02-24 15:15:00,1740390300,55462.53,55468.49,55417.74,55447.49,0
2025-02-25 09:15:00,1740455100,55510.9,55654.82,55461.14,55591.11,0
2025-02-25 10:15:00,1740458700,55594.12,55597.19,55385.99,55419.27,0
2025-02-25 11:15:00,1740462300,55422.63,55483.81,55390.8,55466.33,0
2025-02-25 12:15:00,1740465900,55469.7,55508.07,55433.32,55471.96,0
2025-02-25 13:15:00,1740469500,55471.54,55522.85,55441.59,55475.95,0
2025-02-25 14:15:00,1740473100,55477.67,55505.54,55407.31,55426.27,0
2025-02-25 15:15:00,1740476700,55427.33,55454.35,55364.01,55407.15,0
2025-02-27 09:15:00,1740627900,55557.87,55721.82,55523.06,55618.89,0
2025-02-27 10:15:00,1740631500,55627.77,55706.86,55601.85,55610.99,0
2025-02-27 11:15:00,1740635100,55610.99,55639.62,55547.42,55585.56,0
2025-02-27 12:15:00,1740638700,55583.41,55615.03,55533.97,55566.62,0
2025-02-27 13:15:00,1740642300,55565.9,55631.03,55559.12,55572.19,0
2025-02-27 14:15:00,1740645900,55572.19,55602.48,55409.63,55416.91,0
2025-02-27 15:15:00,1740649500,55427.31,55439.55,55283.64,55312.91,0
2025-02-28 09:15:00,1740714300,55135.19,55177.53,54784.76,55091.18,0
2025-02-28 10:15:00,1740717900,55089.1,55221.03,55049.84,55181.06,0
2025-02-28 11:15:00,1740721500,55182.91,55279.3,55061.63,55093.52,0
2025-02-28 12:15:00,1740725100,55092.96,55165.67,54669.45,54712.63,0
2025-02-28 13:15:00,1740728700,54712.73,54907.84,54705.89,54882.38,0
2025-02-28 14:15:00,1740732300,54881.82,55089.11,54847.2,54904.37,0
2025-02-28 15:15:00,1740735900,54899.67,54900.24,54771.45,54777.69,0
2025-03-03 09:15:00,1740973500,54936.63,55149.88,54313.11,54364.16,0
2025-03-03 10:15:00,1740977100,54362.08,54581.02,54362.08,54494.18,0
2025-03-03 11:15:00,1740980700,54488.6,54645.83,54399.49,54645.83,0
2025-03-03 12:15:00,1740984300,54645.01,54824.12,54598.41,54751.24,0
2025-03-03 13:15:00,1740987900,54755.95,54825.88,54589.6,54694.44,0
2025-03-03 14:15:00,1740991500,54695.68,54810.51,54657.71,54713.7,0
2025-03-03 15:15:00,1740995100,54717.07,54771.8,54667.77,54768.51,0
2025-03-04 09:15:00,1741059900,54604.71,55097.6,54535.36,54873.07,0
2025-03-04 10:15:00,1741063500,54871.27,55035.1,54870.35,54944.77,0
2025-03-04 11:15:00,1741067100,54944.18,54980.58,54837.8,54886.41,0
2025-03-04 12:15:00,1741070700,54881.37,54996.16,54863.54,54969.15,0
2025-03-04 13:15:00,1741074300,54969.15,55114.71,54942.99,55068.13,0
2025-03-04 14:15:00,1741077900,55067.35,55077.34,54894.76,54957.18,0
2025-03-04 15:15:00,1741081500,54954.95,55054.18,54946.35,55052.22,0
2025-03-05 09:15:00,1741146300,55092.96,55505.01,54924.53,55350.69,0
2025-03-05 10:15:00,1741149900,55357.71,55390.78,55223.74,55318.64,0
2025-03-05 11:15:00,1741153500,55315.83,55489.45,55311.38,55453.76,0
2025-03-05 12:15:00,1741157100,55464.83,55497.37,55285.23,55347.92,0
2025-03-05 13:15:00,1741160700,55350.07,55377.64,55251.07,55339.75,0
2025-03-05 14:15:00,1741164300,55339.75,55449.46,55268.03,55366.26,0
2025-03-05 15:15:00,1741167900,55368.7,55401.62,55328.52,55401.62,0
2025-03-06 09:15:00,1741232700,55819,55819.72,55144.44,55399.8,0
2025-03-06 10:15:00,1741236300,55400.91,55601.14,55399.59,55569.39,0
2025-03-06 11:15:00,1741239900,55571.47,55573.46,55355.14,55483.55,0
2025-03-06 12:15:00,1741243500,55486.13,55538.9,55449.66,55509.79,0
2025-03-06 13:15:00,1741247100,55510.33,55559.62,55466.13,55544.28,0
2025-03-06 14:15:00,1741250700,55543.73,55609.57,55508.87,55568.24,0
2025-03-06 15:15:00,1741254300,55569.28,55591.62,55528.44,55548.99,0
2025-03-07 09:15:00,1741319100,55496.26,55596.65,55283.27,55595.58,0
2025-03-07 10:15:00,1741322700,55599.6,55688.51,55510.19,55635.45,0
2025-03-07 11:15:00,1741326300,55635.16,55667.06,55375.88,55439.75,0
2025-03-07 12:15:00,1741329900,55439.55,55556.65,55385.07,55409.37,0
2025-03-07 13:15:00,1741333500,55410.46,55494.47,55325.26,55415.25,0
2025-03-07 14:15:00,1741337100,55415.25,55616.37,55404.83,55533.86,0
2025-03-07 15:15:00,1741340700,55534.13,55537.08,55422.02,55481.54,0
2025-03-10 09:15:00,1741578300,55479.66,55675.3,55316.28,55554.51,0
2025-03-10 10:15:00,1741581900,55547.7,55645.28,55501.06,55543.66,0
2025-03-10 11:15:00,1741585500,55542.23,55609.15,55486.8,55487.48,0
2025-03-10 12:15:00,1741589100,55488.2,55646.06,55463.24,55615.67,0
2025-03-10 13:15:00,1741592700,55615.67,55624.61,55488.94,55566.46,0
2025-03-10 14:15:00,1741596300,55571.48,55571.58,55178.1,55286.66,0
2025-03-10 15:15:00,1741599900,55287.53,55295.53,55153.08,55194.15,0
2025-03-11 09:15:00,1741664700,54888.56,55101.33,54814.44,54979.61,0
2025-03-11 10:15:00,1741668300,54979.61,55165.58,54915.19,55065.56,0
2025-03-11 11:15:00,1741671900,55066.33,55087.06,54976.22,54985.13,0
2025-03-11 12:15:00,1741675500,54985.52,55096.25,54971.48,55045.87,0
2025-03-11 13:15:00,1741679100,55045.28,55239.33,55022.13,55189.83,0
2025-03-11 14:15:00,1741682700,55181.28,55210.91,54977.94,55054.46,0
2025-03-11 15:15:00,1741686300,55052.77,55086.19,55031.82,55044.76,0
2025-03-12 09:15:00,1741751100,55076.68,55413.33,55075.22,55295.44,0
2025-03-12 10:15:00,1741754700,55294.37,55481.25,55271.5,55350.23,0
2025-03-12 11:15:00,1741758300,55348.26,55356.25,55005.65,55100.46,0
2025-03-12 12:15:00,1741761900,55100.17,55199.76,55012.26,55184.84,0
2025-03-12 13:15:00,1741765500,55185.03,55286.16,55120.1,55278.53,0
2025-03-12 14:15:00,1741769100,55278.33,55317.03,55190.87,55238.65,0
2025-03-12 15:15:00,1741772700,55238.84,55275.99,55183.58,55251.66,0
2025-03-13 09:15:00,1741837500,55378.24,55526.83,55244.86,55498.05,0
2025-03-13 10:15:00,1741841100,55493.63,55588.36,55465.27,55542.83,0
2025-03-13 11:15:00,1741844700,55543.19,55544.64,55312.98,55376.57,0
2025-03-13 12:15:00,1741848300,55376.57,55498.34,55376.57,55399.11,0
2025-03-13 13:15:00,1741851900,55398.44,55464.81,55357.62,55375.55,0
2025-03-13 14:15:00,1741855500,55374,55386.61,55253.33,55338.46,0
2025-03-13 15:15:00,1741859100,55338.85,55359.14,55262.9,55278.28,0
2025-03-17 09:15:00,1742183100,55482.87,55686.09,55481.15,55648.16,0
2025-03-17 10:15:00,1742186700,55648.13,55737.91,55550.76,55712.57,0
2025-03-17 11:15:00,1742190300,55712.83,55852.55,55682.06,55841.31,0
2025-03-17 12:15:00,1742193900,55840.3,55840.3,55652.76,55739.44,0
2025-03-17 13:15:00,1742197500,55739.99,55843.3,55664.77,55818.86,0
2025-03-17 14:15:00,1742201100,55819.95,55845.14,55716.6,55734.55,0
2025-03-17 15:15:00,1742204700,55735.52,55748.65,55683.65,55716.81,0
2025-03-18 09:15:00,1742269500,56142.38,56413,56041.17,56389.16,0
2025-03-18 10:15:00,1742273100,56394.56,56491.91,56368.16,56446.5,0
2025-03-18 11:15:00,1742276700,56447.6,56536.85,56394.43,56531.26,0
2025-03-18 12:15:00,1742280300,56535.56,56550.6,56321.75,56458.78,0
2025-03-18 13:15:00,1742283900,56458.78,56622.07,56458.11,56580.22,0
2025-03-18 14:15:00,1742287500,56580.12,56809.12,56567.67,56787.68,0
2025-03-18 15:15:00,1742291100,56780.95,56896.7,56777.23,56860.99,0
2025-03-19 09:15:00,1742355900,56937.23,57129.39,56822.21,57073.62,0
2025-03-19 10:15:00,1742359500,57072.67,57262.18,57072.12,57212.37,0
2025-03-19 11:15:00,1742363100,57217.76,57255.76,57164.44,57202.37,0
2025-03-19 12:15:00,1742366700,57202.73,57274.57,57126.06,57193.8,0
2025-03-19 13:15:00,1742370300,57193.7,57256.54,57172.29,57182.53,0
2025-03-19 14:15:00,1742373900,57181.34,57251.54,57117.35,57139.82,0
2025-03-19 15:15:00,1742377500,57136.12,57196.83,57099.28,57150.25,0
2025-03-20 09:15:00,1742442300,57518.69,57524.43,57184.02,57248.32,0
2025-03-20 10:15:00,1742445900,57249.33,57366.65,57240.53,57361.04,0
2025-03-20 11:15:00,1742449500,57361.45,57366.51,57228.13,57283.87,0
2025-03-20 12:15:00,1742453100,57287.2,57447.92,57246.8,57447.26,0
2025-03-20 13:15:00,1742456700,57447.81,57591.24,57419.14,57521.51,0
2025-03-20 14:15:00,1742460300,57521.51,57607.2,57493.15,57510.8,0
2025-03-20 15:15:00,1742463900,57510.51,57523.33,57443.65,57447.27,0
2025-03-21 09:15:00,1742528700,57373.84,57753.48,57369.08,57728.93,0
2025-03-21 10:15:00,1742532300,57728.45,58069.88,57708.85,58056.14,0
2025-03-21 11:15:00,1742535900,58055.59,58113.96,57925.16,57997.23,0
2025-03-21 12:15:00,1742539500,57995.58,58101.07,57976.18,58008.85,0
2025-03-21 13:15:00,1742543100,58011.91,58091.71,57828.65,57948.31,0
2025-03-21 14:15:00,1742546700,57949.02,58227.66,57943.54,58166.28,0
2025-03-21 15:15:00,1742550300,58162.19,58284.42,58110.73,58216.15,0
2025-03-24 09:15:00,1742787900,58635.47,59194.92,58410.12,59183.28,0
2025-03-24 10:15:00,1742791500,59184.81,59620.79,59164.69,59509.23,0
2025-03-24 11:15:00,1742795100,59512.08,59522.31,59358.93,59496.28,0
2025-03-24 12:15:00,1742798700,59496.88,59602.28,59461.49,59590.6,0
2025-03-24 13:15:00,1742802300,59590.17,59614.81,59435.01,59578.3,0
2025-03-24 14:15:00,1742805900,59579.91,59674.06,59506.95,59578.44,0
2025-03-24 15:15:00,1742809500,59583.39,59746.67,59582.99,59697.41,0
2025-03-25 09:15:00,1742874300,59818.39,60065.05,59563.48,59878.03,0
2025-03-25 10:15:00,1742877900,59868.77,60003.47,59675.29,59774.56,0
2025-03-25 11:15:00,1742881500,59775.7,59798.43,59522.76,59609.76,0
2025-03-25 12:15:00,1742885100,59609.4,59633.39,59479.21,59525.55,0
2025-03-25 13:15:00,1742888700,59522.13,59759.13,59439.57,59744.44,0
2025-03-25 14:15:00,1742892300,59745.29,59755.84,59533.25,59558.17,0
2025-03-25 15:15:00,1742895900,59557.32,59591.88,59337.57,59361.69,0
2025-03-26 09:15:00,1742960700,59470.9,59721.53,59438.82,59581.95,0
2025-03-26 10:15:00,1742964300,59589.38,59730.03,59344.36,59403.25,0
2025-03-26 11:15:00,1742967900,59398.36,59452.59,59176.53,59234.67,0
2025-03-26 12:15:00,1742971500,59241.11,59271.85,58950.81,58999.14,0
2025-03-26 13:15:00,1742975100,58998.57,58998.57,58830.04,58918.28,0
2025-03-26 14:15:00,1742978700,58918.38,59024.09,58771.57,59007.14,0
2025-03-26 15:15:00,1742982300,59007.72,59017.96,58899.61,58921.93,0
2025-03-27 09:15:00,1743047100,58660.14,59448.75,58659.66,59389.67,0
2025-03-27 10:15:00,1743050700,59388.89,59467.12,59264.81,59458.57,0
2025-03-27 11:15:00,1743054300,59463.89,59474.21,59346.41,59381.57,0
2025-03-27 12:15:00,1743057900,59381.89,59400.36,59324.77,59385.71,0
2025-03-27 13:15:00,1743061500,59380.47,59462.18,59361.17,59382.39,0
2025-03-27 14:15:00,1743065100,59383.51,59465.7,59259.85,59287.32,0
2025-03-27 15:15:00,1743068700,59286.64,59479.23,59198.04,59258.49,0
2025-03-28 09:15:00,1743133500,59367.4,59625.87,59189.27,59360.49,0
2025-03-28 10:15:00,1743137100,59364.8,59640.81,59341.66,59384.27,0
2025-03-28 11:15:00,1743140700,59383.13,59506.25,59281.39,59472.47,0
2025-03-28 12:15:00,1743144300,59471.99,59483.17,59211.58,59331.05,0
2025-03-28 13:15:00,1743147900,59330.95,59506.49,59303.22,59493.87,0
2025-03-28 14:15:00,1743151500,59494.36,59820.53,59472.73,59582.14,0
2025-03-28 15:15:00,1743155100,59588.85,59600.13,59470.46,59470.46,0
2025-04-01 09:15:00,1743479100,59155.65,59591.12,59107.77,59214.49,0
2025-04-01 10:15:00,1743482700,59218.87,59337.87,58574.53,58696.07,0
2025-04-01 11:15:00,1743486300,58692.65,58760.62,58513.21,58635.58,0
2025-04-01 12:15:00,1743489900,58638.46,58784.88,58573.89,58680.45,0
2025-04-01 13:15:00,1743493500,58681.59,58697.32,58555.38,58632.47,0
2025-04-01 14:15:00,1743497100,58632.82,58730.94,58583.56,58672.43,0
2025-04-01 15:15:00,1743500700,58674.65,58718.13,58639.38,58693.33,0
2025-04-02 09:15:00,1743565500,58834.33,59107.27,58758.46,58968.21,0
2025-04-02 10:15:00,1743569100,58967.04,59121.91,58942.56,59094.1,0
2025-04-02 11:15:00,1743572700,59094.87,59116.09,58937.3,59059.98,0
2025-04-02 12:15:00,1743576300,59062.97,59109.57,58892.62,59017.89,0
2025-04-02 13:15:00,1743579900,59017.83,59088.55,58970.37,58998.12,0
2025-04-02 14:15:00,1743583500,58998.21,59187.79,58973.32,59149.96,0
2025-04-02 15:15:00,1743587100,59149.33,59208.57,59133.95,59180.3,0
2025-04-03 09:15:00,1743651900,58416.78,59166.03,58416.78,59128.04,0
2025-04-03 10:15:00,1743655500,59127.68,59248.79,59063.22,59188.55,0
2025-04-03 11:15:00,1743659100,59183.99,59209.65,59111.3,59144.34,0
2025-04-03 12:15:00,1743662700,59144.81,59172.31,59063.05,59122.05,0
2025-04-03 13:15:00,1743666300,59122.55,59288.77,59078.72,59186.94,0
2025-04-03 14:15:00,1743669900,59191.45,59254.84,59123.18,59240.82,0
2025-04-03 15:15:00,1743673500,59238.28,59263.27,59190.26,59219.61,0
2025-04-04 09:15:00,1743738300,59363.54,59512.73,59039.76,59147.95,0
2025-04-04 10:15:00,1743741900,59159.27,59406.44,59138.77,59369.85,0
2025-04-04 11:15:00,1743745500,59370.91,59468.87,59310.57,59389.53,0
2025-04-04 12:15:00,1743749100,59390.31,59434.5,59283.31,59325.28,0
2025-04-04 13:15:00,1743752700,59314.48,59395.16,59138.6,59322.08,0
2025-04-04 14:15:00,1743756300,59322.66,59340.4,59001.06,59232.44,0
2025-04-04 15:15:00,1743759900,59226.74,59231.17,59151.89,59159.89,0
2025-04-07 09:15:00,1743997500,56578.57,57986.46,56442.24,56933.98,0
2025-04-07 10:15:00,1744001100,56933.05,57310.34,56858.2,56913.82,0
2025-04-07 11:15:00,1744004700,56913.33,57053.09,56445.88,56457.69,0
2025-04-07 12:15:00,1744008300,56452.19,56635.54,56295.2,56533.48,0
2025-04-07 13:15:00,1744011900,56533.42,56959.29,56382.65,56843.25,0
2025-04-07 14:15:00,1744015500,56850.47,57246.83,56712.21,57183.86,0
2025-04-07 15:15:00,1744019100,57189.26,57354.24,57116.85,57261.75,0
2025-04-08 09:15:00,1744083900,57708.92,58359.97,57708.92,57779.19,0
2025-04-08 10:15:00,1744087500,57778.8,57961.82,57439.05,57873.76,0
2025-04-08 11:15:00,1744091100,57867.89,58055.82,57519.79,58055.82,0
2025-04-08 12:15:00,1744094700,58064.48,58310.43,57954.4,58274.31,0
2025-04-08 13:15:00,1744098300,58273.83,58326.53,57797.87,58052.41,0
2025-04-08 14:15:00,1744101900,58055.76,58176.78,57893.14,57984.34,0
2025-04-08 15:15:00,1744105500,57993.56,58091.75,57962.39,58078.88,0
2025-04-09 09:15:00,1744170300,58133.72,58133.72,57549.6,57599.52,0
2025-04-09 10:15:00,1744173900,57593.52,57797.74,57301.16,57325.49,0
2025-04-09 11:15:00,1744177500,57326.19,57551.03,57318.42,57482.94,0
2025-04-09 12:15:00,1744181100,57482.94,57621.51,57458.6,57616.6,0
2025-04-09 13:15:00,1744184700,57620.51,57634.25,57478.62,57532.97,0
2025-04-09 14:15:00,1744188300,57533.37,57599.56,57459.51,57507.95,0
2025-04-09 15:15:00,1744191900,57501.85,57565.57,57471.41,57537.7,0
2025-04-11 09:15:00,1744343100,57962.81,58439.35,57948.22,58293.08,0
2025-04-11 10:15:00,1744346700,58293.18,58408.2,58100.6,58367.74,0
2025-04-11 11:15:00,1744350300,58366.78,58635.07,58359.44,58625.65,0
2025-04-11 12:15:00,1744353900,58626.14,58681.95,58556.9,58623.73,0
2025-04-11 13:15:00,1744357500,58617.35,58636.19,58373.49,58410.68,0
2025-04-11 14:15:00,1744361100,58411.18,58466.03,58291.4,58402.06,0
2025-04-11 15:15:00,1744364700,58408.32,58453.26,58330.45,58423.86,0
2025-04-15 09:15:00,1744688700,59824.67,59871.15,59309.62,59766.24,0
2025-04-15 10:15:00,1744692300,59763.72,59786.07,59671.9,59756.78,0
2025-04-15 11:15:00,1744695900,59757.26,59928.47,59751.48,59869.34,0
2025-04-15 12:15:00,1744699500,59868.95,59879.85,59765.42,59807.45,0
2025-04-15 13:15:00,1744703100,59806.97,59866.4,59752.88,59851.08,0
2025-04-15 14:15:00,1744706700,59849.37,59877.04,59783.79,59841.16,0
2025-04-15 15:15:00,1744710300,59835.24,59986.98,59824.8,59927.8,0
2025-04-16 09:15:00,1744775100,60118.55,60420.46,59956.41,60357.98,0
2025-04-16 10:15:00,1744778700,60359.67,60384.1,60171.14,60352.76,0
2025-04-16 11:15:00,1744782300,60352.21,60445.86,60321.57,60374.69,0
2025-04-16 12:15:00,1744785900,60371.95,60491.64,60335.79,60484.21,0
2025-04-16 13:15:00,1744789500,60488.44,60764.29,60322.93,60760.21,0
2025-04-16 14:15:00,1744793100,60761.13,60779.48,60654.54,60708.54,0
2025-04-16 15:15:00,1744796700,60711.14,60785.2,60689.24,60697.29,0
2025-04-17 09:15:00,1744861500,60756.73,61171.2,60695.01,60987.3,0
2025-04-17 10:15:00,1744865100,60988.76,61082.13,60914.71,61060.2,0
2025-04-17 11:15:00,1744868700,61057.89,61523.89,61044.6,61515.12,0
2025-04-17 12:15:00,1744872300,61508.28,62254.42,61478.94,62254.42,0
2025-04-17 13:15:00,1744875900,62269.88,62439.08,62180.17,62317.71,0
2025-04-17 14:15:00,1744879500,62317.13,62452.55,62185.21,62268.43,0
2025-04-17 15:15:00,1744883100,62274.13,62342.81,62199.83,62203.87,0
2025-04-21 09:15:00,1745207100,62992.74,63442.4,62813.02,63282.62,0
2025-04-21 10:15:00,1745210700,63284.5,63578.79,63217.76,63555.08,0
2025-04-21 11:15:00,1745214300,63551.07,63623.63,63476.72,63586.79,0
2025-04-21 12:15:00,1745217900,63581.9,63706.25,63572.48,63633,0
2025-04-21 13:15:00,1745221500,63637.97,63660.62,63402.04,63471.09,0
2025-04-21 14:15:00,1745225100,63462.99,63497.63,63357.73,63400.42,0
2025-04-21 15:15:00,1745228700,63394.15,63470.58,63353.88,63353.88,0
2025-04-22 09:15:00,1745293500,63715.1,63943.11,63368.9,63931.89,0
2025-04-22 10:15:00,1745297100,63931.29,64217.81,63921.37,64139.95,0
2025-04-22 11:15:00,1745300700,64142.79,64160.75,63842.34,63975.88,0
2025-04-22 12:15:00,1745304300,63974.03,63979.7,63845.19,63932,0
2025-04-22 13:15:00,1745307900,63932.56,64001.78,63835.93,63882.7,0
2025-04-22 14:15:00,1745311500,63879.15,63939.56,63775.13,63828.81,0
2025-04-22 15:15:00,1745315100,63828.21,63832.88,63652.91,63668.31,0
2025-04-23 09:15:00,1745379900,64162.78,64289.36,63360.72,63360.93,0
2025-04-23 10:15:00,1745383500,63362.04,63464.48,63121.45,63199.52,0
2025-04-23 11:15:00,1745387100,63198.5,63338.2,63116.94,63158.5,0
2025-04-23 12:15:00,1745390700,63159.07,63216.99,63014.44,63128.05,0
2025-04-23 13:15:00,1745394300,63129.47,63305.98,63091.28,63266.43,0
2025-04-23 14:15:00,1745397900,63262.9,63298.46,63181.67,63242.82,0
2025-04-23 15:15:00,1745401500,63245.11,63247.13,63140.98,63147.96,0
2025-04-24 09:15:00,1745466300,63067.71,63436.58,62936.22,63240.13,0
2025-04-24 10:15:00,1745469900,63241.2,63264.99,63181.63,63220.23,0
2025-04-24 11:15:00,1745473500,63219.67,63252.93,63114.23,63130.36,0
2025-04-24 12:15:00,1745477100,63135.68,63197.92,63092.51,63166.63,0
2025-04-24 13:15:00,1745480700,63166.73,63221.59,63157.05,63196.73,0
2025-04-24 14:15:00,1745484300,63206.89,63252.9,62873.71,63017.35,0
2025-04-24 15:15:00,1745487900,63010.51,63043.33,62925.43,62967.16,0
2025-04-25 09:15:00,1745552700,62907.21,63017.87,62010.69,62244.11,0
2025-04-25 10:15:00,1745556300,62237.34,62238.14,61790.78,61891.67,0
2025-04-25 11:15:00,1745559900,61891.89,61945.14,61665.86,61911.48,0
2025-04-25 12:15:00,1745563500,61915.1,62195.66,61861.11,62177.73,0
2025-04-25 13:15:00,1745567100,62181.01,62487.73,62135.15,62341.71,0
2025-04-25 14:15:00,1745570700,62341.57,62484.28,62233.37,62285.31,0
2025-04-25 15:15:00,1745574300,62285.73,62285.97,62124.05,62164.42,0
2025-04-28 09:15:00,1745811900,62193.17,63054.06,62193.17,63040.47,0
2025-04-28 10:15:00,1745815500,63042.95,63093.82,62879.16,62901.27,0
2025-04-28 11:15:00,1745819100,62895.91,63129.66,62833.17,63099.59,0
2025-04-28 12:15:00,1745822700,63102.44,63376.2,63092.65,63308.87,0
2025-04-28 13:15:00,1745826300,63307.16,63335.29,63225.04,63275.25,0
2025-04-28 14:15:00,1745829900,63274.69,63296.27,63079.66,63185.72,0
2025-04-28 15:15:00,1745833500,63177.49,63229.68,63150.19,63150.19,0
2025-04-29 09:15:00,1745898300,63387.53,63757.04,63232.09,63300.65,0
2025-04-29 10:15:00,1745901900,63299.53,63304.2,63142.12,63227.43,0
2025-04-29 11:15:00,1745905500,63226.87,63246.64,63032.26,63065.89,0
2025-04-29 12:15:00,1745909100,63065.34,63227.76,63028.13,63167.01,0
2025-04-29 13:15:00,1745912700,63155.69,63167.83,63073.7,63124.86,0
2025-04-29 14:15:00,1745916300,63125.98,63205.57,63002.11,63002.82,0
2025-04-29 15:15:00,1745919900,62994.63,63002.15,62860.01,62933.2,0
2025-04-30 09:15:00,1745984700,63010.43,63077.1,62662.69,62889.58,0
2025-04-30 10:15:00,1745988300,62883.31,62902.21,62601.41,62766.95,0
2025-04-30 11:15:00,1745991900,62767.25,62887.33,62719.98,62739.54,0
2025-04-30 12:15:00,1745995500,62744.67,62917,62701.72,62850.01,0
2025-04-30 13:15:00,1745999100,62850.01,62893.85,62771.55,62824.72,0
2025-04-30 14:15:00,1746002700,62834.67,62890.23,62711.43,62729.56,0
2025-04-30 15:15:00,1746006300,62738.58,62753.42,62411.62,62582.31,0
2025-05-02 09:15:00,1746157500,62766.18,63396.5,62722.16,63285.11,0
2025-05-02 10:15:00,1746161100,63291.85,63303.84,62958.9,63002.48,0
2025-05-02 11:15:00,1746164700,63000.4,63065.8,62777.18,62810.26,0
2025-05-02 12:15:00,1746168300,62811.76,62811.76,62561.72,62670.39,0
2025-05-02 13:15:00,1746171900,62669.81,62884.68,62655.03,62818.1,0
2025-05-02 14:15:00,1746175500,62816.32,62856.14,62571.22,62796.23,0
2025-05-02 15:15:00,1746179100,62798.51,62803.46,62585.94,62600.05,0
2025-05-05 09:15:00,1746416700,62450.79,62776.97,62089.85,62196,0
2025-05-05 10:15:00,1746420300,62198.19,62431.32,62170.85,62231.39,0
2025-05-05 11:15:00,1746423900,62226.58,62256.04,62024.63,62047.78,0
2025-05-05 12:15:00,1746427500,62055.23,62130.26,61957.41,62084.64,0
2025-05-05 13:15:00,1746431100,62082.36,62262.33,62070.92,62224.81,0
2025-05-05 14:15:00,1746434700,62227.18,62309.09,62110.62,62134.15,0
2025-05-05 15:15:00,1746438300,62132.07,62208.03,62125.93,62187.36,0
2025-05-06 09:15:00,1746503100,62274.28,62372.69,61824.72,61829.06,0
2025-05-06 10:15:00,1746506700,61822.19,61824.47,61691.98,61754.26,0
2025-05-06 11:15:00,1746510300,61753.83,61764.76,61608.36,61734.31,0
2025-05-06 12:15:00,1746513900,61738.54,61812.4,61679.49,61711.99,0
2025-05-06 13:15:00,1746517500,61716.48,61830.79,61696.06,61771.47,0
2025-05-06 14:15:00,1746521100,61766.58,61776.45,61506.66,61578.94,0
2025-05-06 15:15:00,1746524700,61580.36,61598.93,61444.27,61463.86,0
2025-05-07 09:15:00,1746589500,61044.77,61944.88,61044.77,61604.64,0
2025-05-07 10:15:00,1746593100,61603.5,61657.47,61484.06,61593.96,0
2025-05-07 11:15:00,1746596700,61588.64,61762.47,61527.43,61576.14,0
2025-05-07 12:15:00,1746600300,61576.86,61602.28,61457.65,61498.66,0
2025-05-07 13:15:00,1746603900,61502.08,61715.77,61481.25,61657.2,0
2025-05-07 14:15:00,1746607500,61658.91,61871.38,61571.48,61869.71,0
2025-05-07 15:15:00,1746611100,61869.43,61980.29,61862.4,61955.24,0
2025-05-08 09:15:00,1746675900,62259.73,62286.2,62002.51,62157.97,0
2025-05-08 10:15:00,1746679500,62161,62276.8,62112.15,62153.68,0
2025-05-08 11:15:00,1746683100,62157.94,62190.07,62087,62145.83,0
2025-05-08 12:15:00,1746686700,62146.92,62288.44,62116.64,62224.74,0
2025-05-08 13:15:00,1746690300,62223.77,62275.24,61917.33,61917.33,0
2025-05-08 14:15:00,1746693900,61921.89,62081.44,61750.57,61891.6,0
2025-05-08 15:15:00,1746697500,61888.87,61895.11,61493.18,61513.46,0
2025-05-09 09:15:00,1746762300,60736.7,61488.5,60736.7,61140.71,0
2025-05-09 10:15:00,1746765900,61139.59,61249.98,61064.48,61196.85,0
2025-05-09 11:15:00,1746769500,61196.65,61406.27,61081.52,61186.29,0
2025-05-09 12:15:00,1746773100,61188.4,61215.17,61052.71,61106.59,0
2025-05-09 13:15:00,1746776700,61106.59,61131.35,60978.07,61030.35,0
2025-05-09 14:15:00,1746780300,61034.16,61100.8,60922.24,61082.93,0
2025-05-09 15:15:00,1746783900,61083.3,61211.21,61057.22,61192.84,0
2025-05-12 09:15:00,1747021500,62404.37,63052.31,62213.88,62858.19,0
2025-05-12 10:15:00,1747025100,62853.12,63075.84,62844.05,63036.17,0
2025-05-12 11:15:00,1747028700,63034.7,63120.63,62824.54,62855.59,0
2025-05-12 12:15:00,1747032300,62855.29,63044.01,62801.27,62890.11,0
2025-05-12 13:15:00,1747035900,62890.39,62974.36,62866.48,62970.85,0
2025-05-12 14:15:00,1747039500,62971.5,63075.36,62924.03,63030.7,0
2025-05-12 15:15:00,1747043100,63035.83,63220.38,63020.82,63132.35,0
2025-05-13 09:15:00,1747107900,62922.66,63246.31,62522.61,62838.66,0
2025-05-13 10:15:00,1747111500,62835.69,63012.19,62527.35,62752.17,0
2025-05-13 11:15:00,1747115100,62752.52,62995.52,62704.14,62847.58,0
2025-05-13 12:15:00,1747118700,62842.55,62881.93,62539.49,62582.65,0
2025-05-13 13:15:00,1747122300,62583.21,62611.97,62507.51,62558.8,0
2025-05-13 14:15:00,1747125900,62557.68,62679.28,62492.37,62567.78,0
2025-05-13 15:15:00,1747129500,62565.29,62634.56,62512.77,62622.27,0
2025-05-14 09:15:00,1747194300,62692.1,62858.14,62516.43,62715.99,0
2025-05-14 10:15:00,1747197900,62717.06,62751.06,62593.1,62657.85,0
2025-05-14 11:15:00,1747201500,62657.56,62673.55,62400.15,62446.72,0
2025-05-14 12:15:00,1747205100,62446.16,62446.6,62051.41,62282.19,0
2025-05-14 13:15:00,1747208700,62278.64,62303.02,62163.47,62236.09,0
2025-05-14 14:15:00,1747212300,62235.03,62435.68,62145.4,62385.61,0
2025-05-14 15:15:00,1747215900,62386.75,62495.24,62342.63,62456.35,0
2025-05-15 09:15:00,1747280700,62392.49,62489.36,61929.71,62069.39,0
2025-05-15 10:15:00,1747284300,62066.29,62609.47,62007.23,62182.77,0
2025-05-15 11:15:00,1747287900,62173.34,62374.58,62112.21,62262.13,0
2025-05-15 12:15:00,1747291500,62264.71,62733.06,62164.71,62730.8,0
2025-05-15 13:15:00,1747295100,62731,63191.74,62655.5,63174.82,0
2025-05-15 14:15:00,1747298700,63180.75,63237.46,63013.72,63080.76,0
2025-05-15 15:15:00,1747302300,63074.89,63101.32,63007.57,63044.22,0
2025-05-16 09:15:00,1747367100,62745.42,63059.21,62693.11,62927.2,0
2025-05-16 10:15:00,1747370700,62929.31,63022.57,62838.9,62886.31,0
2025-05-16 11:15:00,1747374300,62887.42,62954.8,62847.11,62888.98,0
2025-05-16 12:15:00,1747377900,62888.3,63023.46,62863.11,62945.83,0
2025-05-16 13:15:00,1747381500,62949.26,63014.22,62909.82,62957.66,0
2025-05-16 14:15:00,1747385100,62954.81,63041.76,62906.29,62996.82,0
2025-05-16 15:15:00,1747388700,62995.29,63013.79,62916.84,62939.29,0
2025-05-19 09:15:00,1747626300,63006.64,63182.03,62900.44,63077.17,0
2025-05-19 10:15:00,1747629900,63081.32,63292.08,63067.92,63214.28,0
2025-05-19 11:15:00,1747633500,63227,63330.51,63136.14,63210.22,0
2025-05-19 12:15:00,1747637100,63198.33,63337.74,63149.37,63161.59,0
2025-05-19 13:15:00,1747640700,63161.59,63235.77,62944.07,62965.65,0
2025-05-19 14:15:00,1747644300,62965.57,63054.52,62872.8,63000.4,0
2025-05-19 15:15:00,1747647900,63000.88,63008.9,62931.73,62956.6,0
2025-05-20 09:15:00,1747712700,62975.16,63162.55,62638.83,62708.73,0
2025-05-20 10:15:00,1747716300,62706.33,62862.43,62625.74,62748.95,0
2025-05-20 11:15:00,1747719900,62748.85,62748.85,62625.82,62677.99,0
2025-05-20 12:15:00,1747723500,62683.91,62760.29,62538.1,62538.1,0
2025-05-20 13:15:00,1747727100,62541.72,62586.74,62423.61,62464.65,0
2025-05-20 14:15:00,1747730700,62466.36,62487.14,62290.65,62422.15,0
2025-05-20 15:15:00,1747734300,62430.37,62461,62362.14,62434.98,0
2025-05-21 09:15:00,1747799100,62475.36,62765.42,62424.43,62739.11,0
2025-05-21 10:15:00,1747802700,62739.21,62858.59,62652.41,62707.16,0
2025-05-21 11:15:00,1747806300,62698.65,62703,62190.26,62198.62,0
2025-05-21 12:15:00,1747809900,62206.45,62451.72,62086.32,62451.33,0
2025-05-21 13:15:00,1747813500,62451.03,62552.01,62330.31,62424.39,0
2025-05-21 14:15:00,1747817100,62424.29,62549.09,62424.29,62496.86,0
2025-05-21 15:15:00,1747820700,62497.83,62534.76,62487.49,62521.27,0
2025-05-22 09:15:00,1747885500,62270.34,62367.28,62046.95,62205.01,0
2025-05-22 10:15:00,1747889100,62206.66,62264.07,62120.39,62142.32,0
2025-05-22 11:15:00,1747892700,62139.29,62160.4,61959.09,62008.72,0
2025-05-22 12:15:00,1747896300,62009.21,62051.07,61938.02,62022.1,0
2025-05-22 13:15:00,1747899900,62021.51,62065.04,61981.05,62032.63,0
2025-05-22 14:15:00,1747903500,62034.71,62401.19,61957.55,62340.98,0
2025-05-22 15:15:00,1747907100,62337.76,62401.9,62279.03,62367.11,0
2025-05-23 09:15:00,1747971900,62311.34,62691.11,62291.15,62651.11,0
2025-05-23 10:15:00,1747975500,62647.67,62887.45,62462.45,62838.57,0
2025-05-23 11:15:00,1747979100,62838.37,62970.07,62702.08,62727.17,0
2025-05-23 12:15:00,1747982700,62730.59,62980.88,62729.72,62917.87,0
2025-05-23 13:15:00,1747986300,62917.52,63021.12,62849.49,62965.52,0
2025-05-23 14:15:00,1747989900,62970.84,62998.8,62855.69,62965.06,0
2025-05-23 15:15:00,1747993500,62969.43,62976.95,62919.3,62921.74,0
2025-05-26 09:15:00,1748231100,62961.43,63493.18,62961.17,63345.6,0
2025-05-26 10:15:00,1748234700,63349.64,63371.87,62863.36,63073.35,0
2025-05-26 11:15:00,1748238300,63072.79,63191.84,63020.66,63112.8,0
2025-05-26 12:15:00,1748241900,63118.3,63197.95,63022.39,63109.56,0
2025-05-26 13:15:00,1748245500,63101.25,63152.16,63031.57,63128.36,0
2025-05-26 14:15:00,1748249100,63128.86,63167.36,63007.82,63147.48,0
2025-05-26 15:15:00,1748252700,63142.51,63171.04,63091.78,63151.74,0
2025-05-27 09:15:00,1748317500,62963.2,63090.41,62484.62,62594.19,0
2025-05-27 10:15:00,1748321100,62593.6,62962.26,62510.28,62832.09,0
2025-05-27 11:15:00,1748324700,62845.76,63395.96,62845.76,63111.62,0
2025-05-27 12:15:00,1748328300,63113.56,63124.51,62770.4,62812.92,0
2025-05-27 13:15:00,1748331900,62819.66,62966.32,62596.59,62647.1,0
2025-05-27 14:15:00,1748335500,62647.97,62809.1,62439.15,62793.93,0
2025-05-27 15:15:00,1748339100,62795.22,62805.73,62701.6,62760.01,0
2025-05-28 09:15:00,1748403900,62671.92,62911.94,62631.58,62719.23,0
2025-05-28 10:15:00,1748407500,62718.52,62865.46,62669.21,62787.98,0
2025-05-28 11:15:00,1748411100,62786.91,62834.2,62666.28,62687.11,0
2025-05-28 12:15:00,1748414700,62684.17,62898.43,62675.73,62816.81,0
2025-05-28 13:15:00,1748418300,62811.09,62849.94,62721.27,62808.26,0
2025-05-28 14:15:00,1748421900,62807.7,62888.47,62738.45,62798.4,0
2025-05-28 15:15:00,1748425500,62797.52,62822.98,62754.52,62822.49,0
2025-05-29 09:15:00,1748490300,62964.59,63139.73,62716.01,62743.86,0
2025-05-29 10:15:00,1748493900,62744.13,62759.36,62566.01,62586.23,0
2025-05-29 11:15:00,1748497500,62577.72,62605.17,62533.36,62564.03,0
2025-05-29 12:15:00,1748501100,62569,62656.23,62470.73,62610.61,0
2025-05-29 13:15:00,1748504700,62611.17,62695.35,62576.91,62596.99,0
2025-05-29 14:15:00,1748508300,62598.11,63050.98,62575.27,63034.37,0
2025-05-29 15:15:00,1748511900,63041.16,63245.2,63023.52,63243.83,0
2025-05-30 09:15:00,1748576700,62947.4,63190.21,62870.44,62981.93,0
2025-05-30 10:15:00,1748580300,62981.23,62981.23,62746.51,62829.31,0
2025-05-30 11:15:00,1748583900,62833.85,62949.37,62788.91,62797.29,0
2025-05-30 12:15:00,1748587500,62799.19,62968.23,62746.88,62953.01,0
2025-05-30 13:15:00,1748591100,62953.57,63179.96,62953.57,63003.53,0
2025-05-30 14:15:00,1748594700,63003.25,63196.93,63003.25,63143.24,0
2025-05-30 15:15:00,1748598300,63144.3,63206.73,63116.38,63188.32,0
2025-06-02 09:15:00,1748835900,63034.42,63093.64,62674.46,62939.43,0
2025-06-02 10:15:00,1748839500,62935.88,63084.16,62880.9,62995.53,0
2025-06-02 11:15:00,1748843100,63001.88,63164.74,62948.69,63145.96,0
2025-06-02 12:15:00,1748846700,63146.83,63306.27,63118.72,63176.77,0
2025-06-02 13:15:00,1748850300,63177.83,63257.4,63123.41,63172.06,0
2025-06-02 14:15:00,1748853900,63172.66,63357.3,63036.98,63286.49,0
2025-06-02 15:15:00,1748857500,63286.14,63296.91,63149.77,63199.89,0
2025-06-03 09:15:00,1748922300,63336.77,63424.18,62884.73,62989.32,0
2025-06-03 10:15:00,1748925900,62988.77,63239.26,62853.13,62861.48,0
2025-06-03 11:15:00,1748929500,62864.25,62993.63,62803.57,62812.46,0
2025-06-03 12:15:00,1748933100,62811.98,62855.91,62534.09,62634.09,0
2025-06-03 13:15:00,1748936700,62637.98,62775.51,62536.06,62759.37,0
2025-06-03 14:15:00,1748940300,62759.31,62860.97,62665.18,62717.21,0
2025-06-03 15:15:00,1748943900,62707.59,62786.01,62617.75,62643.12,0
2025-06-04 09:15:00,1749008700,62774.88,62957.46,62506.74,62667.77,0
2025-06-04 10:15:00,1749012300,62663.62,62766.35,62613.04,62671.45,0
2025-06-04 11:15:00,1749015900,62673.73,62747.56,62654.16,62722.11,0
2025-06-04 12:15:00,1749019500,62721.55,62748.6,62660.06,62700.79,0
2025-06-04 13:15:00,1749023100,62700.79,62765.08,62655.08,62737,0
2025-06-04 14:15:00,1749026700,62730.61,62787.98,62664.9,62676.14,0
2025-06-04 15:15:00,1749030300,62681.76,62736.04,62672.1,62703.7,0
2025-06-05 09:15:00,1749095100,62818.81,62902.92,62568.61,62777.01,0
2025-06-05 10:15:00,1749098700,62776.03,62822.66,62709.93,62754.38,0
2025-06-05 11:15:00,1749102300,62752.71,63097.77,62726.57,63091.94,0
2025-06-05 12:15:00,1749105900,63097.61,63137.32,62790.96,62807.15,0
2025-06-05 13:15:00,1749109500,62808.42,62842.43,62623.99,62685.87,0
2025-06-05 14:15:00,1749113100,62685.51,62796.32,62650.62,62755.62,0
2025-06-05 15:15:00,1749116700,62756.71,62851.54,62755.46,62792.52,0
2025-06-06 09:15:00,1749181500,62654.94,62972.56,62512.15,62619.36,0
2025-06-06 10:15:00,1749185100,62620.5,63640.37,62461.3,63624.03,0
2025-06-06 11:15:00,1749188700,63623.53,63688.24,63538.88,63594.96,0
2025-06-06 12:15:00,1749192300,63594.99,63660.25,63474.5,63520.51,0
2025-06-06 13:15:00,1749195900,63521.43,63612.43,63458.07,63605.25,0
2025-06-06 14:15:00,1749199500,63601.11,63667.25,63505.03,63544.63,0
2025-06-06 15:15:00,1749203100,63556.35,63581.29,63508.03,63531.1,0
2025-06-09 09:15:00,1749440700,63986.38,64173.32,63877.74,64154,0
2025-06-09 10:15:00,1749444300,64154.5,64176.76,64061.91,64066.57,0
2025-06-09 11:15:00,1749447900,64058.4,64094.02,63981.84,64083.3,0
2025-06-09 12:15:00,1749451500,64087.41,64160.43,64030.65,64127.36,0
2025-06-09 13:15:00,1749455100,64122.82,64170.28,64017.73,64031.8,0
2025-06-09 14:15:00,1749458700,64026.07,64073.02,63970.32,64001.53,0
2025-06-09 15:15:00,1749462300,64000.17,64036.66,63962.07,64033.29,0
2025-06-10 09:15:00,1749527100,64213.54,64213.54,63752.14,64008.23,0
2025-06-10 10:15:00,1749530700,64007.45,64058.99,63816.92,63916.91,0
2025-06-10 11:15:00,1749534300,63914.73,63914.73,63805.03,63847.11,0
2025-06-10 12:15:00,1749537900,63840.3,64004.97,63824.44,63949.36,0
2025-06-10 13:15:00,1749541500,63949.29,64005.92,63888.84,63933.46,0
2025-06-10 14:15:00,1749545100,63932.46,63973.23,63826.69,63936.6,0
2025-06-10 15:15:00,1749548700,63930.25,63955.57,63833.31,63862.1,0
2025-06-11 09:15:00,1749613500,63932.72,63975.29,63676.04,63900.4,0
2025-06-11 10:15:00,1749617100,63904.55,64059.22,63840.3,64016.36,0
2025-06-11 11:15:00,1749620700,64018.98,64067.96,63960.45,64033.2,0
2025-06-11 12:15:00,1749624300,64027.08,64061.67,63919.52,63922.7,0
2025-06-11 13:15:00,1749627900,63924.66,63934.38,63657.38,63672.41,0
2025-06-11 14:15:00,1749631500,63672.97,63779.03,63663.08,63731.82,0
2025-06-11 15:15:00,1749635100,63731.54,63749.61,63673.71,63676.75,0
2025-06-12 09:15:00,1749699900,63693.26,63895.61,63619.4,63630.81,0
2025-06-12 10:15:00,1749703500,63633.77,63667.5,63483.5,63506.2,0
2025-06-12 11:15:00,1749707100,63503.96,63575.98,63433.01,63455.36,0
2025-06-12 12:15:00,1749710700,63454.87,63533.12,63375.07,63416.4,0
2025-06-12 13:15:00,1749714300,63416.4,63423.67,63089.2,63137.87,0
2025-06-12 14:15:00,1749717900,63137.37,63335.42,63136.83,63202.11,0
2025-06-12 15:15:00,1749721500,63201.12,63213.07,63105.36,63130.79,0
2025-06-13 09:15:00,1749786300,62202.03,62565.03,62112.75,62448.29,0
2025-06-13 10:15:00,1749789900,62447.3,62586.79,62369.29,62472.89,0
2025-06-13 11:15:00,1749793500,62471.4,62559.8,62429.41,62485.23,0
2025-06-13 12:15:00,1749797100,62485.72,62556.27,62470.86,62523.46,0
2025-06-13 13:15:00,1749800700,62524.17,62724.73,62514.99,62602.31,0
2025-06-13 14:15:00,1749804300,62602.81,62623.82,62397.29,62574.57,0
2025-06-13 15:15:00,1749807900,62575.13,62621.77,62519.87,62616.05,0
2025-06-16 09:15:00,1750045500,62504.36,62664.06,62421.04,62524.65,0
2025-06-16 10:15:00,1750049100,62523.92,62913.84,62520.89,62837.52,0
2025-06-16 11:15:00,1750052700,62830.77,62971.31,62750.05,62926.99,0
2025-06-16 12:15:00,1750056300,62924.14,63016.02,62828.38,62960.02,0
2025-06-16 13:15:00,1750059900,62960.02,63080.34,62931.01,63066.99,0
2025-06-16 14:15:00,1750063500,63066.64,63070.95,62923.23,63049.09,0
2025-06-16 15:15:00,1750067100,63049.65,63103.37,63028.31,63045.89,0
2025-06-17 09:15:00,1750131900,63106.73,63216.39,62933.9,62998.3,0
2025-06-17 10:15:00,1750135500,63000.01,63131.33,62942.95,62977.95,0
2025-06-17 11:15:00,1750139100,62973.46,62981.34,62866.36,62871.47,0
2025-06-17 12:15:00,1750142700,62874.61,62910.88,62776.13,62834.01,0
2025-06-17 13:15:00,1750146300,62831.57,62876,62774.84,62848.2,0
2025-06-17 14:15:00,1750149900,62848.22,62950.25,62802.28,62891.7,0
2025-06-17 15:15:00,1750153500,62891.36,62930.33,62792.67,62801.9,0
2025-06-18 09:15:00,1750218300,62689.41,63008.29,62633.93,62947.48,0
2025-06-18 10:15:00,1750221900,62948.04,62967.44,62761.16,62795.76,0
2025-06-18 11:15:00,1750225500,62798.04,62816.12,62634.12,62796.83,0
2025-06-18 12:15:00,1750229100,62797.71,62816.03,62714.01,62786.35,0
2025-06-18 13:15:00,1750232700,62786.9,62872.75,62709.37,62732.16,0
2025-06-18 14:15:00,1750236300,62732.16,62918.05,62673.65,62873.53,0
2025-06-18 15:15:00,1750239900,62871.82,62907.12,62837.79,62853.01,0
2025-06-19 09:15:00,1750304700,62876.19,63053.02,62755.49,62887.56,0
2025-06-19 10:15:00,1750308300,62887.57,62909.88,62737.41,62777.4,0
2025-06-19 11:15:00,1750311900,62777.96,62801.77,62704.97,62767.62,0
2025-06-19 12:15:00,1750315500,62767.62,62836.03,62684.07,62774.4,0
2025-06-19 13:15:00,1750319100,62775.23,62859.41,62706.51,62836.21,0
2025-06-19 14:15:00,1750322700,62837.33,62844.03,62689.16,62689.72,0
2025-06-19 15:15:00,1750326300,62688.75,62725.47,62606.85,62619.04,0
2025-06-20 09:15:00,1750391100,62719.84,62965.02,62677.1,62893.16,0
2025-06-20 10:15:00,1750394700,62887.79,63253.77,62887.79,63248.65,0
2025-06-20 11:15:00,1750398300,63250.12,63344.76,63219.8,63311.38,0
2025-06-20 12:15:00,1750401900,63311.38,63342.67,63162.23,63302.4,0
2025-06-20 13:15:00,1750405500,63308.27,63386.87,63278.11,63282.02,0
2025-06-20 14:15:00,1750409100,63280.6,63455.32,63195.99,63383.36,0
2025-06-20 15:15:00,1750412700,63393.43,63461.34,63321.98,63326.88,0
2025-06-23 09:15:00,1750650300,62940.65,63175.84,62840.97,62882.47,0
2025-06-23 10:15:00,1750653900,62881.11,63032.73,62863.41,63006.41,0
2025-06-23 11:15:00,1750657500,62999.88,63057.52,62945.69,63014.91,0
2025-06-23 12:15:00,1750661100,63016.02,63070.21,62999.96,63058.48,0
2025-06-23 13:15:00,1750664700,63060.93,63344.9,63045.9,63225.74,0
2025-06-23 14:15:00,1750668300,63226.6,63240.26,63113.94,63170.84,0
2025-06-23 15:15:00,1750671900,63166.33,63202.85,63133.22,63153.06,0
2025-06-24 09:15:00,1750736700,63587.27,63955.33,63587.27,63818.33,0
2025-06-24 10:15:00,1750740300,63817.61,63932.45,63668.45,63912.66,0
2025-06-24 11:15:00,1750743900,63911.08,64118.64,63873.21,64097.14,0
2025-06-24 12:15:00,1750747500,64102.52,64103.82,63696.61,63803.97,0
2025-06-24 13:15:00,1750751100,63804.52,63846.36,63426.22,63508.07,0
2025-06-24 14:15:00,1750754700,63507.52,63679.41,63493.16,63632.94,0
2025-06-24 15:15:00,1750758300,63641.2,63722.86,63602.93,63613.34,0
2025-06-25 09:15:00,1750823100,63830.5,63901.76,63588.1,63676.07,0
2025-06-25 10:15:00,1750826700,63677.18,63737.8,63649.88,63654.16,0
2025-06-25 11:15:00,1750830300,63653.58,63738.7,63613.15,63669.64,0
2025-06-25 12:15:00,1750833900,63670,63739.73,63640.91,63708.97,0
2025-06-25 13:15:00,1750837500,63719.38,63754.82,63674.99,63753.36,0
2025-06-25 14:15:00,1750841100,63752.26,63778.76,63666.84,63693.63,0
2025-06-25 15:15:00,1750844700,63693.24,63705.68,63647.31,63667.08,0
2025-06-26 09:15:00,1750909500,63824.79,63930.48,63601.59,63774.66,0
2025-06-26 10:15:00,1750913100,63775.01,63814.3,63632.82,63661.03,0
2025-06-26 11:15:00,1750916700,63666.03,64150.18,63636.25,64112.99,0
2025-06-26 12:15:00,1750920300,64112.01,64133.3,63915.63,63944.82,0
2025-06-26 13:15:00,1750923900,63944.11,64285.38,63944.11,64282.75,0
2025-06-26 14:15:00,1750927500,64283.46,64334.58,64151.15,64265.04,0
2025-06-26 15:15:00,1750931100,64262.69,64359.13,64233.05,64305.63,0
2025-06-27 09:15:00,1750995900,64333.94,64467.88,64092.92,64237.03,0
2025-06-27 10:15:00,1750999500,64236.48,64394.17,64217.68,64367.64,0
2025-06-27 11:15:00,1751003100,64369.44,64384.1,64286.19,64355.48,0
2025-06-27 12:15:00,1751006700,64355.28,64456.6,64342.95,64423.28,0
2025-06-27 13:15:00,1751010300,64422.37,64515.4,64391.59,64470.58,0
2025-06-27 14:15:00,1751013900,64472.05,64620.45,64407.04,64552.75,0
2025-06-27 15:15:00,1751017500,64543.02,64576.98,64434.35,64471.36,0
2025-06-30 09:15:00,1751255100,64581.49,64684.29,64334.84,64437.55,0
2025-06-30 10:15:00,1751258700,64436.1,64490.53,64288.65,64353.05,0
2025-06-30 11:15:00,1751262300,64351.9,64499.23,64312.19,64499.23,0
2025-06-30 12:15:00,1751265900,64498.74,64537.62,64264.35,64284.86,0
2025-06-30 13:15:00,1751269500,64284.3,64313.61,64089.08,64123.03,0
2025-06-30 14:15:00,1751273100,64121.59,64220.97,64033.94,64196.54,0
2025-06-30 15:15:00,1751276700,64198.36,64216.72,64144.48,64166.17,0
2025-07-01 09:15:00,1751341500,64222.18,64347.09,63954.38,63971.95,3875179
2025-07-01 10:15:00,1751345100,63970.44,64034.24,63905.34,63958.91,1495187
2025-07-01 11:15:00,1751348700,63959.3,63995.24,63899.6,63968.68,1282970
2025-07-01 12:15:00,1751352300,63968.49,64136.29,63965.93,64116.35,1958899
2025-07-01 13:15:00,1751355900,64115.39,64187.34,64045.97,64186.67,1556218
2025-07-01 14:15:00,1751359500,64187.97,64199.64,64052.89,64112.95,4969366
2025-07-01 15:15:00,1751363100,64112.01,64177.17,64075.72,64131.39,3154364
2025-07-02 09:15:00,1751427900,64267.42,64334.23,63957.4,64039.07,3110421
2025-07-02 10:15:00,1751431500,64041.23,64058.21,63906.09,63947.86,1264750
2025-07-02 11:15:00,1751435100,63946.89,63954.91,63860.84,63872.24,1276143
2025-07-02 12:15:00,1751438700,63860.6,63908.89,63758.24,63758.24,1064671
2025-07-02 13:15:00,1751442300,63761.26,63774.5,63533.82,63588.78,1354081
2025-07-02 14:15:00,1751445900,63592.73,63762.84,63511.58,63727.77,1849212
2025-07-02 15:15:00,1751449500,63724.1,63724.65,63638.02,63666.02,1043616
2025-07-03 09:15:00,1751514300,63746.93,63882.28,63505.58,63778.25,2097560
2025-07-03 10:15:00,1751517900,63784,63826.34,63714.58,63768.13,816996
2025-07-03 11:15:00,1751521500,63774.6,63804.76,63609.7,63619.17,1286420
2025-07-03 12:15:00,1751525100,63623.69,63686.88,63580.13,63612.49,911226
2025-07-03 13:15:00,1751528700,63612.49,63768.74,63541.15,63554.18,1036637
2025-07-03 14:15:00,1751532300,63554.74,63559.9,63360.9,63399.9,1433254
2025-07-03 15:15:00,1751535900,63407.04,63441.07,63360.08,63388.89,815498
2025-07-04 09:15:00,1751600700,63450.32,63553.86,63264.9,63395.55,3044469
2025-07-04 10:15:00,1751604300,63396.1,63482.49,63380.04,63421.69,1250193
2025-07-04 11:15:00,1751607900,63421.69,63448.25,63161.23,63185.52,2229170
2025-07-04 12:15:00,1751611500,63186.07,63328.66,63175.82,63321.6,1011689
2025-07-04 13:15:00,1751615100,63323.7,63452.25,63303.07,63450.26,1069173
2025-07-04 14:15:00,1751618700,63451.08,63694.63,63400.95,63688.98,1548091
2025-07-04 15:15:00,1751622300,63689.53,63698.88,63633.14,63660.83,950867
2025-07-07 09:15:00,1751859900,63616.25,63657.26,63437.7,63494.62,2639488
2025-07-07 10:15:00,1751863500,63493.74,63756.95,63469.55,63630.98,1271491
2025-07-07 11:15:00,1751867100,63631.47,63635.12,63482.96,63497.96,815422
2025-07-07 12:15:00,1751870700,63497.41,63568.46,63430.65,63532.68,890205
2025-07-07 13:15:00,1751874300,63539.91,63646.35,63524.64,63586.34,915959
2025-07-07 14:15:00,1751877900,63585.26,63617.18,63467.54,63564.77,1568764
2025-07-07 15:15:00,1751881500,63564.22,63624.76,63557.81,63558.19,536167
2025-07-08 09:15:00,1751946300,63824.06,64089.48,63737.33,63960.48,2644161
2025-07-08 10:15:00,1751949900,63957.67,64023.19,63855.26,63870.12,1095583
2025-07-08 11:15:00,1751953500,63866.18,63958.54,63838,63899.2,892723
2025-07-08 12:15:00,1751957100,63899.58,63998.26,63853.55,63934.15,934245
2025-07-08 13:15:00,1751960700,63938.24,63960.8,63845.74,63879.88,569364
2025-07-08 14:15:00,1751964300,63881.14,64096.89,63823.13,64047.75,3934711
2025-07-08 15:15:00,1751967900,64047.56,64110.78,63985.02,63998.63,1678058
2025-07-09 09:15:00,1752032700,63901.98,63986.64,63784,63986.61,2138888
2025-07-09 10:15:00,1752036300,63987.7,64009.18,63897.26,63947.57,653148
2025-07-09 11:15:00,1752039900,63948.67,63991.32,63861.98,63953.75,2782037
2025-07-09 12:15:00,1752043500,63952.45,64023.22,63940.43,64017.3,627599
2025-07-09 13:15:00,1752047100,64017.86,64044.74,63929.24,63976.92,1517287
2025-07-09 14:15:00,1752050700,63975.88,64011.39,63906.21,63981.79,1091308
2025-07-09 15:15:00,1752054300,63976.69,63997.59,63932.31,63946.68,744213
2025-07-10 09:15:00,1752119100,64053.53,64156.39,63961.55,64006.71,1810617
2025-07-10 10:15:00,1752122700,64010.3,64120.06,63932.72,63990.69,1167464
2025-07-10 11:15:00,1752126300,63990.14,63993.12,63824.1,63872.54,950646
2025-07-10 12:15:00,1752129900,63870.74,64043.4,63847.93,63890.38,1015802
2025-07-10 13:15:00,1752133500,63889.83,63981.39,63789.01,63895.94,1168991
2025-07-10 14:15:00,1752137100,63897.19,63926.45,63753.06,63772.48,1101734
2025-07-10 15:15:00,1752140700,63769.61,63815.49,63631.47,63703.2,602127
2025-07-11 09:15:00,1752205500,63588.78,63869,63564.22,63643.14,1851967
2025-07-11 10:15:00,1752209100,63642.03,63644.6,63455,63525.24,1083061
2025-07-11 11:15:00,1752212700,63518.09,63556.59,63447.5,63485.82,1720192
2025-07-11 12:15:00,1752216300,63483.57,63660,63466.7,63538.05,882350
2025-07-11 13:15:00,1752219900,63540.21,63652.38,63488.5,63591.27,553817
2025-07-11 14:15:00,1752223500,63589.61,63649.84,63516.4,63622.3,755257
2025-07-11 15:15:00,1752227100,63619.14,63628.61,63534.62,63534.62,1341961
2025-07-14 09:15:00,1752464700,63708.85,63738.86,63484.09,63680.31,2411266
2025-07-14 10:15:00,1752468300,63680.04,63718.34,63480.59,63500.06,950368
2025-07-14 11:15:00,1752471900,63500.06,63518.62,63406.54,63492.5,965403
2025-07-14 12:15:00,1752475500,63484.12,63568.18,63457.05,63473.78,1703426
2025-07-14 13:15:00,1752479100,63474.88,63551.45,63419.22,63479.68,473836
2025-07-14 14:15:00,1752482700,63479.11,63656.73,63450.45,63603.91,739096
2025-07-14 15:15:00,1752486300,63604.63,63625.51,63561.97,63582.61,361116
2025-07-15 09:15:00,1752551100,63624.87,63918.98,63555.71,63905.53,3794699
2025-07-15 10:15:00,1752554700,63904.87,63956.96,63842.13,63910.9,2075532
2025-07-15 11:15:00,1752558300,63915.96,63935.5,63829.09,63862.16,1321697
2025-07-15 12:15:00,1752561900,63862.84,63931.92,63804.3,63832.65,4517037
2025-07-15 13:15:00,1752565500,63829.27,63849.54,63660.95,63735.33,6210241
2025-07-15 14:15:00,1752569100,63734.23,63806.91,63653.61,63791.73,4847936
2025-07-15 15:15:00,1752572700,63796.88,63855.94,63770.64,63776.58,2742159
2025-07-16 09:15:00,1752637500,63851.63,63903.68,63699.27,63745.58,4025549
2025-07-16 10:15:00,1752641100,63739.31,63771.21,63635.68,63728.58,2609549
2025-07-16 11:15:00,1752644700,63720.26,63909.79,63706.24,63855.37,3130307
2025-07-16 12:15:00,1752648300,63855.93,64062.78,63835.69,64031.88,2830839
2025-07-16 13:15:00,1752651900,64033.01,64052.91,63941.32,64019.25,2008575
2025-07-16 14:15:00,1752655500,64017.79,64033.66,63923.54,63949.44,1960387
2025-07-16 15:15:00,1752659100,63949.07,63975.02,63840.74,63876.61,1309341
2025-07-17 09:15:00,1752723900,64044.55,64047.62,63784.65,63802.1,5756961
2025-07-17 10:15:00,1752727500,63799.21,63874.64,63754.86,63824.24,1435233
2025-07-17 11:15:00,1752731100,63824.51,63863.43,63767.31,63778.95,932057
2025-07-17 12:15:00,1752734700,63778.17,63780.29,63692.29,63708.53,729467
2025-07-17 13:15:00,1752738300,63707.98,63744.23,63606.3,63642.55,552035
2025-07-17 14:15:00,1752741900,63642.12,63678.77,63567.69,63610.91,1714539
2025-07-17 15:15:00,1752745500,63615.22,63615.22,63537.47,63586.79,755698
2025-07-18 09:15:00,1752810300,62912.75,63240.14,62902,62933.9,2707492
2025-07-18 10:15:00,1752813900,62928.51,62928.51,62662.24,62777.05,1710510
2025-07-18 11:15:00,1752817500,62783.16,62863.19,62730.43,62745.91,1193868
2025-07-18 12:15:00,1752821100,62749.62,62889.9,62721.03,62781.65,1531316
2025-07-18 13:15:00,1752824700,62777.05,62834.73,62722.83,62786.68,673137
2025-07-18 14:15:00,1752828300,62786.13,62901.63,62723.28,62731.6,2012315
2025-07-18 15:15:00,1752831900,62736.45,62766.59,62696.69,62696.69,744095
2025-07-21 09:15:00,1753069500,62965.63,63341.54,62754.54,63285.99,6774642
2025-07-21 10:15:00,1753073100,63276.03,63354.24,63188.44,63313.88,1748836
2025-07-21 11:15:00,1753076700,63315.24,63384.68,63173.2,63306.01,1259499
2025-07-21 12:15:00,1753080300,63306.57,63489.12,63224.68,63448.16,845660
2025-07-21 13:15:00,1753083900,63448.16,63484.45,63296.8,63402.27,1034185
2025-07-21 14:15:00,1753087500,63401.51,63572.5,63347.21,63550.13,3414203
2025-07-21 15:15:00,1753091100,63552.03,63575.88,63508.09,63525.12,1320381
2025-07-22 09:15:00,1753155900,63784.95,63887.49,63540.85,63720.16,3298778
2025-07-22 10:15:00,1753159500,63718.13,63821.16,63513.97,63568.77,2562193
2025-07-22 11:15:00,1753163100,63567.71,63583.04,63446.57,63536.68,967259
2025-07-22 12:15:00,1753166700,63536.19,63647.11,63529.83,63573.96,1730763
2025-07-22 13:15:00,1753170300,63574.16,63583.99,63464.92,63511.49,976089
2025-07-22 14:15:00,1753173900,63511.06,63514.98,63404.88,63451.29,5689083
2025-07-22 15:15:00,1753177500,63459.46,63462.49,63383.23,63391.78,1988215
2025-07-23 09:15:00,1753242300,63598.02,63610.14,63418.61,63460.69,3770145
2025-07-23 10:15:00,1753245900,63461.06,63606.19,63438.07,63570.81,1304263
2025-07-23 11:15:00,1753249500,63573.06,63717.84,63515.73,63684.64,1046975
2025-07-23 12:15:00,1753253100,63681.28,63838.78,63678.47,63790.45,1029025
2025-07-23 13:15:00,1753256700,63783.6,63916.29,63769.94,63911.39,1393255
2025-07-23 14:15:00,1753260300,63911.39,63969.38,63866.59,63921.68,50722461
2025-07-23 15:15:00,1753263900,63917.36,63928.03,63865.47,63900.92,641280
2025-07-24 09:15:00,1753328700,63976.89,63990.36,63590.06,63606.76,3374415
2025-07-24 10:15:00,1753332300,63603.37,63699.33,63559.56,63635.22,2322059
2025-07-24 11:15:00,1753335900,63636.73,63674.33,63427.75,63495.3,3703888
2025-07-24 12:15:00,1753339500,63495.02,63596.96,63447.68,63514.69,1247939
2025-07-24 13:15:00,1753343100,63515.51,63660.29,63490.09,63602.3,6645779
2025-07-24 14:15:00,1753346700,63601.58,63634.27,63536,63565.68,4949513
2025-07-24 15:15:00,1753350300,63570.74,63578.85,63505.72,63543.08,2996368
2025-07-25 09:15:00,1753415100,63591.64,63667.24,63358.27,63494.43,5122510
2025-07-25 10:15:00,1753418700,63494.37,63494.37,63164.95,63172.89,1343772
2025-07-25 11:15:00,1753422300,63181.03,63311.4,63032.61,63062.19,1778560
2025-07-25 12:15:00,1753425900,63061.52,63114.46,62959.56,63034.72,1546725
2025-07-25 13:15:00,1753429500,63039.58,63124.29,62935.59,62996.08,1016470
2025-07-25 14:15:00,1753433100,62996.86,63088.11,62959.6,63065.79,1314443
2025-07-25 15:15:00,1753436700,63066.34,63069.08,62994.51,63024.31,997905
2025-07-28 09:15:00,1753674300,62534.04,62748.97,62451.24,62661.35,4666595
2025-07-28 10:15:00,1753677900,62661.14,62761.86,62462.97,62573.01,2226108
2025-07-28 11:15:00,1753681500,62574.16,62652.55,62490.72,62521.23,1152017
2025-07-28 12:15:00,1753685100,62522.33,62557.33,62289.64,62299.17,1891094
2025-07-28 13:15:00,1753688700,62299.6,62315.92,62063.18,62154.42,1713007
2025-07-28 14:15:00,1753692300,62155.09,62324.12,62137.07,62185,1855732
2025-07-28 15:15:00,1753695900,62187.8,62247.66,62157.03,62176.71,1139107
2025-07-29 09:15:00,1753760700,62010.14,62264.16,61948.5,62101.96,4512265
2025-07-29 10:15:00,1753764300,62098.28,62126.9,61925.53,61982.61,1377626
2025-07-29 11:15:00,1753767900,61989.8,62122.45,61942.55,62035.77,684671
2025-07-29 12:15:00,1753771500,62041.09,62118.65,61983.96,62107.35,1381096
2025-07-29 13:15:00,1753775100,62107.15,62335.28,62077.9,62297.48,1491744
2025-07-29 14:15:00,1753778700,62293.48,62328.41,62126.08,62246.73,2278906
2025-07-29 15:15:00,1753782300,62247.82,62318.3,62210.58,62211.82,1917409
2025-07-30 09:15:00,1753847100,62419.65,62442.59,62115.1,62281.44,1755086
2025-07-30 10:15:00,1753850700,62280.77,62285.44,62115.25,62247.14,771540
2025-07-30 11:15:00,1753854300,62252.16,62380.82,62224.92,62278.77,1032405
2025-07-30 12:15:00,1753857900,62278.21,62356.33,62223.39,62246.4,674407
2025-07-30 13:15:00,1753861500,62253.22,62325.98,62215.97,62249.58,1200970
2025-07-30 14:15:00,1753865100,62249.56,62314.09,62214.57,62231.94,1447428
2025-07-30 15:15:00,1753868700,62234.41,62249.11,62153.06,62186.67,1000450
2025-07-31 09:15:00,1753933500,61776.21,61993.25,61630.85,61684.78,4599726
2025-07-31 10:15:00,1753937100,61688.9,61966.27,61623.61,61900.07,2440527
2025-07-31 11:15:00,1753940700,61903.66,62217.04,61879.92,62213.26,1444875
2025-07-31 12:15:00,1753944300,62211.1,62546.57,62200.19,62483.44,2012657
2025-07-31 13:15:00,1753947900,62483.99,62597.82,62439.35,62483.41,1219922
2025-07-31 14:15:00,1753951500,62489.88,62490.24,62066.78,62111.63,2525915
2025-07-31 15:15:00,1753955100,62106.84,62120.42,62023.4,62114.3,1044849
2025-08-01 09:15:00,1754019900,61962.51,62172.23,61944.2,62172.23,4049594
2025-08-01 10:15:00,1754023500,62173.05,62310.18,62084.47,62107.63,1932544
2025-08-01 11:15:00,1754027100,62105.4,62114.09,61944.2,62005.65,822819
2025-08-01 12:15:00,1754030700,62000.78,62077.01,61911.68,61977.14,1147730
2025-08-01 13:15:00,1754034300,61980.1,62126.59,61925.3,61972,2810221
2025-08-01 14:15:00,1754037900,61972.55,61999.37,61731.45,61757.07,1827749
2025-08-01 15:15:00,1754041500,61757.91,61847.69,61696.4,61747.86,1105533
2025-08-04 09:15:00,1754279100,61787.38,61922.85,61551.89,61665.24,5019792
2025-08-04 10:15:00,1754282700,61664.54,61794.96,61583.78,61735,1142483
2025-08-04 11:15:00,1754286300,61735.56,61810.27,61697.61,61778.21,1096017
2025-08-04 12:15:00,1754289900,61784.86,61891.39,61735.48,61754.84,2037354
2025-08-04 13:15:00,1754293500,61761.67,61853.22,61649.98,61751.06,994911
2025-08-04 14:15:00,1754297100,61756.95,61830.67,61727.11,61802.58,4881402
2025-08-04 15:15:00,1754300700,61803.3,61856.67,61781.8,61826.21,674288
2025-08-05 09:15:00,1754365500,61763.11,61848.3,61654.09,61743.47,3910683
2025-08-05 10:15:00,1754369100,61737.72,61778.67,61638.51,61727.19,1259676
2025-08-05 11:15:00,1754372700,61727.96,61782.32,61673.03,61767.21,1094222
2025-08-05 12:15:00,1754376300,61767.21,61786.28,61621.28,61646.11,1017006
2025-08-05 13:15:00,1754379900,61645.01,61658.12,61440.25,61461.28,1122533
2025-08-05 14:15:00,1754383500,61470.08,61686.61,61444.45,61672.06,2648778
2025-08-05 15:15:00,1754387100,61665.07,61696.77,61595.6,61637.42,1048378
2025-08-06 09:15:00,1754451900,61568.2,61814.4,61568.2,61662.67,1699591
2025-08-06 10:15:00,1754455500,61662.88,61822.62,61558.93,61585.11,1818795
2025-08-06 11:15:00,1754459100,61593.43,61707.38,61573.29,61680.34,1075561
2025-08-06 12:15:00,1754462700,61682.21,61776.79,61651.47,61734.27,923359
2025-08-06 13:15:00,1754466300,61733.16,61868.26,61718.3,61727.69,1042945
2025-08-06 14:15:00,1754469900,61727.13,61798.83,61599.63,61682.71,1265144
2025-08-06 15:15:00,1754473500,61683.26,61768.18,61674.38,61699.86,618288
2025-08-07 09:15:00,1754538300,61473.32,61587.78,61362.23,61406.05,1692715
2025-08-07 10:15:00,1754541900,61406.6,61453.42,61297.03,61353.76,1133730
2025-08-07 11:15:00,1754545500,61349.26,61440.58,61324.91,61400.7,1068024
2025-08-07 12:15:00,1754549100,61401.54,61429.81,61342.7,61373.47,874267
2025-08-07 13:15:00,1754552700,61375.24,61379.08,61206.45,61357.65,1112418
2025-08-07 14:15:00,1754556300,61367.39,61807.28,61366.28,61758.6,1652931
2025-08-07 15:15:00,1754559900,61760.84,61870.06,61753.74,61833.24,493507
2025-08-08 09:15:00,1754624700,61757.67,61802.91,61385.43,61405.09,2480010
2025-08-08 10:15:00,1754628300,61399.62,61479.79,61288.81,61339.01,1101163
2025-08-08 11:15:00,1754631900,61342.41,61349.7,61186.64,61223.95,1076021
2025-08-08 12:15:00,1754635500,61223.56,61372.7,61199.34,61255.11,2004654
2025-08-08 13:15:00,1754639100,61262.99,61354.37,61149.97,61276.84,1654971
2025-08-08 14:15:00,1754642700,61272.74,61334.52,61044.58,61111.73,1569295
2025-08-08 15:15:00,1754646300,61116.57,61159.91,61026.52,61111.41,910983
2025-08-11 09:15:00,1754883900,61176.54,61456.71,61091.4,61451.5,2605443
2025-08-11 10:15:00,1754887500,61445.9,61566.27,61429.89,61482.33,1595309
2025-08-11 11:15:00,1754891100,61482.5,61568.76,61375.45,61407.64,1262170
2025-08-11 12:15:00,1754894700,61411.58,61560.04,61390.99,61488.7,680544
2025-08-11 13:15:00,1754898300,61484.66,61666.25,61461.72,61656.92,1351122
2025-08-11 14:15:00,1754901900,61659.8,61845.94,61624.3,61804.8,1063423
2025-08-11 15:15:00,1754905500,61799.43,61909.81,61669.17,61685.44,543355
2025-08-12 09:15:00,1754970300,61718.71,61865.04,61480.33,61744.12,2343769
2025-08-12 10:15:00,1754973900,61746.37,61782.73,61460.89,61477.89,885980
2025-08-12 11:15:00,1754977500,61473.95,61581.37,61467.19,61542.23,430403
2025-08-12 12:15:00,1754981100,61546.44,61695.79,61526.02,61615.98,1246107
2025-08-12 13:15:00,1754984700,61616.8,61616.8,61390.64,61416.94,933130
2025-08-12 14:15:00,1754988300,61414.07,61429.57,61272.65,61312.15,1414202
2025-08-12 15:15:00,1754991900,61314.8,61351.75,61283.52,61351.72,675178
2025-08-13 09:15:00,1755056700,61489.33,61605.86,61357.54,61383.75,1959435
2025-08-13 10:15:00,1755060300,61381.89,61472.2,61280.73,61419,1334966
2025-08-13 11:15:00,1755063900,61422.94,61479.22,61331.08,61400.81,1435942
2025-08-13 12:15:00,1755067500,61401.58,61539.42,61372.83,61476.46,1614079
2025-08-13 13:15:00,1755071100,61483.31,61565.58,61401.98,61556.23,1633380
2025-08-13 14:15:00,1755074700,61559.61,61568.56,61451.14,61478.18,1928488
2025-08-13 15:15:00,1755078300,61477.46,61522.52,61447.13,61514.18,746893
2025-08-14 09:15:00,1755143100,61545.43,61714.86,61387.45,61639.04,1458127
2025-08-14 10:15:00,1755146700,61640.14,61774.3,61598.61,61610.12,2013760
2025-08-14 11:15:00,1755150300,61612.08,61669.31,61498.05,61580.5,754367
2025-08-14 12:15:00,1755153900,61580.77,61744.06,61580.77,61697.63,1464789
2025-08-14 13:15:00,1755157500,61704.98,61731.42,61599.23,61634.33,534790
2025-08-14 14:15:00,1755161100,61631.52,61709.74,61528.84,61633.31,810121
2025-08-14 15:15:00,1755164700,61633.78,61641.55,61567.69,61603.64,486173
2025-08-18 09:15:00,1755488700,61991.23,62533.8,61991.23,62398.75,4025256
2025-08-18 10:15:00,1755492300,62405.06,62447.66,62273.35,62298.48,1774806
2025-08-18 11:15:00,1755495900,62297.92,62389.91,62076.09,62076.09,1666654
2025-08-18 12:15:00,1755499500,62074.63,62210.66,62007.05,62166.42,3064699
2025-08-18 13:15:00,1755503100,62165.87,62182.3,62042.36,62142.9,1003090
2025-08-18 14:15:00,1755506700,62143.45,62190.09,62073.73,62085.06,1443595
2025-08-18 15:15:00,1755510300,62088.82,62135.05,62049.13,62085.58,654668
2025-08-19 09:15:00,1755575100,61961.26,62157.85,61946.53,62083.48,1841474
2025-08-19 10:15:00,1755578700,62083.12,62204.48,62008.3,62184.17,2092538
2025-08-19 11:15:00,1755582300,62185.29,62328.8,62164.72,62319.85,916947
2025-08-19 12:15:00,1755585900,62319.03,62392.75,62280.91,62306.1,671024
2025-08-19 13:15:00,1755589500,62305,62347.54,62134.97,62176.04,833757
2025-08-19 14:15:00,1755593100,62179.98,62308.06,62155.44,62238.36,2695834
2025-08-19 15:15:00,1755596700,62238.55,62306.94,62227.58,62306.14,1683791
2025-08-20 09:15:00,1755661500,62195.76,62195.76,61968.15,62106.32,2485333
2025-08-20 10:15:00,1755665100,62101.54,62119.96,61984.23,62045.75,1001106
2025-08-20 11:15:00,1755668700,62053.09,62058.87,61986.44,62035.32,2056184
2025-08-20 12:15:00,1755672300,62039.67,62116.81,62034.82,62078.7,1194890
2025-08-20 13:15:00,1755675900,62078.8,62152.33,62035.25,62112.13,879514
2025-08-20 14:15:00,1755679500,62111.41,62135.53,62017.73,62062.82,920219
2025-08-20 15:15:00,1755683100,62059.25,62104.95,62037.49,62058.67,664708
2025-08-21 09:15:00,1755747900,62371.51,62399.29,62106.34,62351.19,2794644
2025-08-21 10:15:00,1755751500,62348.25,62384.96,62270.57,62313.09,2249486
2025-08-21 11:15:00,1755755100,62312.13,62339.46,62162.96,62189.53,1430006
2025-08-21 12:15:00,1755758700,62189.25,62235.72,62137.33,62193.77,2093010
2025-08-21 13:15:00,1755762300,62194.83,62239.44,62100.33,62216.45,1370391
2025-08-21 14:15:00,1755765900,62216.65,62296.64,62113.54,62120.27,1396707
2025-08-21 15:15:00,1755769500,62119.94,62143.84,62069.64,62107.25,609535
2025-08-22 09:15:00,1755834300,62047.11,62108.73,61654.71,61692.9,2599238
2025-08-22 10:15:00,1755837900,61693.46,61699.37,61555.47,61623.04,1303367
2025-08-22 11:15:00,1755841500,61622.76,61697.65,61581.55,61640.06,995367
2025-08-22 12:15:00,1755845100,61636.71,61667.8,61585.84,61623.09,714420
2025-08-22 13:15:00,1755848700,61624.17,61704.1,61613.25,61626.5,610790
2025-08-22 14:15:00,1755852300,61627.63,61627.63,61463.81,61498.48,1170023
2025-08-22 15:15:00,1755855900,61497.9,61506.09,61431.26,61467.4,1346760
2025-08-25 09:15:00,1756093500,61554.73,61638.34,61368.25,61377.67,12966105
2025-08-25 10:15:00,1756097100,61378.83,61480.46,61349.81,61427.38,3798805
2025-08-25 11:15:00,1756100700,61427.38,61528.18,61410.2,61515.11,3718628
2025-08-25 12:15:00,1756104300,61516.21,61573.73,61498.41,61566.85,1091543
2025-08-25 13:15:00,1756107900,61565.77,61589.28,61501.81,61533.17,1070374
2025-08-25 14:15:00,1756111500,61529.23,61581.3,61428.16,61479,2983669
2025-08-25 15:15:00,1756115100,61471.43,61513,61433.61,61506.33,1549879
2025-08-26 09:15:00,1756179900,61220.4,61356.89,60789.81,60895.87,4489092
2025-08-26 10:15:00,1756183500,60899.46,60956.67,60786.29,60903.84,1938585
2025-08-26 11:15:00,1756187100,60906,61023.35,60892.98,60904.48,935313
2025-08-26 12:15:00,1756190700,60904.75,60943.18,60816.61,60907.12,1307963
2025-08-26 13:15:00,1756194300,60912.21,60931.17,60751.41,60772.11,1813149
2025-08-26 14:15:00,1756197900,60771.84,60852.48,60639.27,60690.32,4659728
2025-08-26 15:15:00,1756201500,60682.34,60730.72,60654.16,60686.13,1340776
2025-08-28 09:15:00,1756352700,60562.35,60597.26,60218.24,60378.26,3750758
2025-08-28 10:15:00,1756356300,60376.43,60648.59,60291.38,60548.72,1061638
2025-08-28 11:15:00,1756359900,60544.81,60621.59,60414.73,60475.16,834171
2025-08-28 12:15:00,1756363500,60480.21,60484.14,60252.62,60280.34,826150
2025-08-28 13:15:00,1756367100,60280.99,60347.4,60197.11,60297.68,893221
2025-08-28 14:15:00,1756370700,60296.15,60330.39,60058.02,60104.44,1517269
2025-08-28 15:15:00,1756374300,60103.03,60254.88,60089.08,60254.88,954962
2025-08-29 09:15:00,1756439100,60018.05,60411.96,59982.3,60294.58,7247749
2025-08-29 10:15:00,1756442700,60294.77,60492.42,60284.12,60389.89,4686348
2025-08-29 11:15:00,1756446300,60390.45,60466.96,60332.89,60395.23,3441148
2025-08-29 12:15:00,1756449900,60394.15,60396.19,60217.24,60227.04,3160128
2025-08-29 13:15:00,1756453500,60225.92,60283.13,60110.21,60173.06,1753894
2025-08-29 14:15:00,1756457100,60175.18,60221.67,59962.18,59964.79,2585909
2025-08-29 15:15:00,1756460700,59961.65,60128.27,59954.77,60126.65,1279842
2025-09-01 09:15:00,1756698300,59984.49,60395.1,59977.53,60273.05,3355420
2025-09-01 10:15:00,1756701900,60278.08,60293.52,60161.87,60247.23,1476492
2025-09-01 11:15:00,1756705500,60247.23,60268.12,60099.97,60171.9,1683190
2025-09-01 12:15:00,1756709100,60173.8,60292.56,60141.5,60286.2,910874
2025-09-01 13:15:00,1756712700,60294.04,60357.1,60256.98,60357.1,2128826
2025-09-01 14:15:00,1756716300,60354.27,60454.75,60284.87,60443.86,1149131
2025-09-01 15:15:00,1756719900,60443.27,60470.28,60414.23,60444.46,795579
2025-09-02 09:15:00,1756784700,60487.24,60608.02,60343.16,60534.18,3792922
2025-09-02 10:15:00,1756788300,60533.46,60560.4,60470.15,60516.08,2417799
2025-09-02 11:15:00,1756791900,60511.82,60521.27,60422.73,60433.75,2626580
2025-09-02 12:15:00,1756795500,60434.3,60507.51,60371.58,60393.44,1024551
2025-09-02 13:15:00,1756799100,60399.82,60399.82,59932.83,60020.07,1782720
2025-09-02 14:15:00,1756802700,60018.63,60134.55,59986.62,60036.57,1338484
2025-09-02 15:15:00,1756806300,60031.54,60058.42,59983.4,60018.68,544194
2025-09-03 09:15:00,1756871100,60062.16,60298.3,59941.41,60274.46,7898092
2025-09-03 10:15:00,1756874700,60276.1,60277.21,60073.03,60110.45,3034441
2025-09-03 11:15:00,1756878300,60111.56,60146.86,60023.98,60111.43,6154855
2025-09-03 12:15:00,1756881900,60116.33,60202.95,59979.83,60030.84,5207295
2025-09-03 13:15:00,1756885500,60035.54,60264.6,60007.84,60220.17,2820308
2025-09-03 14:15:00,1756889100,60220.17,60538.69,60220.17,60492.68,4065559
2025-09-03 15:15:00,1756892700,60484.11,60501.02,60420.3,60423.2,1613959
2025-09-04 09:15:00,1756957500,60858.24,60866.35,60619.31,60627.22,5926539
2025-09-04 10:15:00,1756961100,60625.62,60749.21,60564.12,60624.57,3322779
2025-09-04 11:15:00,1756964700,60625.13,60693.5,60522.57,60570.01,2080041
2025-09-04 12:15:00,1756968300,60574.51,60687.31,60485.8,60640.54,1945171
2025-09-04 13:15:00,1756971900,60641.52,60682.69,60506.45,60526.41,1120972
2025-09-04 14:15:00,1756975500,60526.96,60585.81,60357.4,60448.1,2367793
2025-09-04 15:15:00,1756979100,60458.52,60521.07,60417.53,60516.01,1129666
2025-09-05 09:15:00,1757043900,60725.49,60729.53,60289.83,60298.88,2290005
2025-09-05 10:15:00,1757047500,60299.43,60344.23,60152.29,60303.15,1900281
2025-09-05 11:15:00,1757051100,60303.71,60333.27,60223.19,60226.23,1273293
2025-09-05 12:15:00,1757054700,60226.04,60230.42,60107.14,60226.65,923619
2025-09-05 13:15:00,1757058300,60231.06,60558.22,60210.46,60449.44,1396517
2025-09-05 14:15:00,1757061900,60449.44,60594.61,60407.88,60509.99,2926708
2025-09-05 15:15:00,1757065500,60504.65,60524.81,60454.6,60502.34,933590
2025-09-08 09:15:00,1757303100,60537.25,60709.35,60477.48,60538.77,4237027
2025-09-08 10:15:00,1757306700,60539.42,60579.35,60418.29,60556.72,1402072
2025-09-08 11:15:00,1757310300,60556.3,60683.28,60552.59,60651.37,1178060
2025-09-08 12:15:00,1757313900,60658.22,60744.36,60611.83,60710.48,938102
2025-09-08 13:15:00,1757317500,60711.06,60739.98,60640,60697.6,1089230
2025-09-08 14:15:00,1757321100,60696.88,60913.04,60508.41,60566.6,1784248
2025-09-08 15:15:00,1757324700,60563.22,60597.82,60513.16,60580.88,970406
2025-09-09 09:15:00,1757389500,60706.33,60724.55,60546.13,60546.13,3219689
2025-09-09 10:15:00,1757393100,60551.5,60579.39,60470.91,60537.57,1752260
2025-09-09 11:15:00,1757396700,60540.94,60559.4,60449.41,60495.31,565666
2025-09-09 12:15:00,1757400300,60491.38,60542.18,60444.49,60500.74,1383314
2025-09-09 13:15:00,1757403900,60501.56,60619.6,60492.26,60619.02,842157
2025-09-09 14:15:00,1757407500,60619.57,60676.72,60511.69,60600.31,1072671
2025-09-09 15:15:00,1757411100,60594.12,60635.24,60548.3,60597.92,473990
2025-09-10 09:15:00,1757475900,61036.29,61037.01,60806.77,60973,7272956
2025-09-10 10:15:00,1757479500,60974.99,61207.4,60973.22,61125.87,6574014
2025-09-10 11:15:00,1757483100,61126.3,61139.42,61007.05,61058.68,2015289
2025-09-10 12:15:00,1757486700,61063.19,61117.53,60973.79,60991.59,1543520
2025-09-10 13:15:00,1757490300,60992.01,61078.38,60940.73,61038.81,1402089
2025-09-10 14:15:00,1757493900,61038.09,61038.09,60859.15,61015.01,1649380
2025-09-10 15:15:00,1757497500,61017.43,61031.26,60962.65,60993.89,1430524
2025-09-11 09:15:00,1757562300,60849.06,61117.81,60849.06,60976.46,9165504
2025-09-11 10:15:00,1757565900,60972.67,61090.42,60968.46,61085.36,1969557
2025-09-11 11:15:00,1757569500,61086.45,61154.2,60980.41,61146.05,2007571
2025-09-11 12:15:00,1757573100,61143.18,61309.26,61131.55,61240.62,2448568
2025-09-11 13:15:00,1757576700,61240.07,61293.56,61181,61269.84,1411008
2025-09-11 14:15:00,1757580300,61269.42,61292.46,61141.63,61202.1,3253247
2025-09-11 15:15:00,1757583900,61199.36,61245.68,61133.13,61172.54,1873473
2025-09-12 09:15:00,1757648700,61289.29,61375.12,61163.68,61311.25,4824124
2025-09-12 10:15:00,1757652300,61311.97,61387.64,61258.48,61368.27,1155895
2025-09-12 11:15:00,1757655900,61368,61488.6,61350.15,61420.86,1867217
2025-09-12 12:15:00,1757659500,61420.59,61470.27,61389.68,61455.65,2147345
2025-09-12 13:15:00,1757663100,61460.15,61475.92,61379.56,61424.18,1493463
2025-09-12 14:15:00,1757666700,61428.19,61478.85,61394.37,61460,1131345
2025-09-12 15:15:00,1757670300,61456.07,61476.57,61426.49,61462.95,1115552
2025-09-15 09:15:00,1757907900,61510.2,61613.5,61456.74,61553.56,7820064
2025-09-15 10:15:00,1757911500,61549.06,61596.53,61519.92,61564.97,1716874
2025-09-15 11:15:00,1757915100,61565.55,61677.63,61537.86,61646.52,1316900
2025-09-15 12:15:00,1757918700,61646.32,61672.8,61569.85,61587.64,819612
2025-09-15 13:15:00,1757922300,61587.09,61606.22,61419.12,61469.53,1333979
2025-09-15 14:15:00,1757925900,61468.97,61584.87,61454.93,61490.69,1665319
2025-09-15 15:15:00,1757929500,61490.22,61499.06,61425.88,61459.11,595382
2025-09-16 09:15:00,1757994300,61489.49,61823.33,61393.4,61782.93,2969565
2025-09-16 10:15:00,1757997900,61772.72,61849.15,61754.39,61839.6,1393981
2025-09-16 11:15:00,1758001500,61839.04,61964.59,61814.61,61895.98,1495810
2025-09-16 12:15:00,1758005100,61891.23,61976.33,61856.39,61876.39,666484
2025-09-16 13:15:00,1758008700,61876.95,61926.77,61811.67,61868.96,640747
2025-09-16 14:15:00,1758012300,61874.26,61982.19,61860.16,61966.26,1257726
2025-09-16 15:15:00,1758015900,61941.24,62005.25,61927.04,62004.18,1350550
2025-09-17 09:15:00,1758080700,61999.71,62239.66,61967.82,62138,2322475
2025-09-17 10:15:00,1758084300,62137.43,62273.46,62072.89,62272.02,4839482
2025-09-17 11:15:00,1758087900,62272.74,62272.74,62173.13,62236.07,1022517
2025-09-17 12:15:00,1758091500,62228.13,62316.43,62214.42,62267.07,1049881
2025-09-17 13:15:00,1758095100,62273.64,62346.3,62252.09,62286.93,2231480
2025-09-17 14:15:00,1758098700,62288.04,62487.31,62286.93,62436.11,3418641
2025-09-17 15:15:00,1758102300,62427.83,62452.94,62380.93,62410.11,811836
2025-09-18 09:15:00,1758167100,62688.52,62772.97,62502.95,62647.41,5931924
2025-09-18 10:15:00,1758170700,62642.76,62739.74,62625.18,62685.98,1898617
2025-09-18 11:15:00,1758174300,62680.23,62728.58,62641.36,62664.52,2285564
2025-09-18 12:15:00,1758177900,62663.98,62717.2,62423.9,62515.61,2207491
2025-09-18 13:15:00,1758181500,62503.81,62595.68,62455.89,62532.53,684149
2025-09-18 14:15:00,1758185100,62533.67,62700.82,62432.12,62653.59,1919652
2025-09-18 15:15:00,1758188700,62657.48,62695.67,62610.34,62647.66,996518
2025-09-19 09:15:00,1758253500,62605.8,62605.8,62336.17,62398.02,4212013
2025-09-19 10:15:00,1758257100,62408.32,62499.55,62315.74,62328.39,2678794
2025-09-19 11:15:00,1758260700,62328.29,62365.06,62272.56,62344.83,2967540
2025-09-19 12:15:00,1758264300,62349.33,62400.3,62240.72,62394.25,3931959
2025-09-19 13:15:00,1758267900,62394.06,62454.3,62384.56,62444.84,1503758
2025-09-19 14:15:00,1758271500,62445.39,62459.82,62325.41,62368.33,2006698
2025-09-19 15:15:00,1758275100,62365.89,62446.05,62344.95,62435.42,1011387
2025-09-22 09:15:00,1758512700,62164,62554.9,62148.73,62502.84,8153628
2025-09-22 10:15:00,1758516300,62498.19,62611.87,62467.23,62484.47,4623422
2025-09-22 11:15:00,1758519900,62485.05,62538.31,62388.66,62469.45,2219640
2025-09-22 12:15:00,1758523500,62469.45,62548.82,62416.83,62536.04,1820171
2025-09-22 13:15:00,1758527100,62535.43,62548.33,62352.01,62406.54,2108739
2025-09-22 14:15:00,1758530700,62406.06,62430.72,62130.25,62186.39,2583217
2025-09-22 15:15:00,1758534300,62187.35,62241.9,62154.49,62197.1,1091455
2025-09-23 09:15:00,1758599100,62137.63,62308.73,62036.08,62251.15,3590019
2025-09-23 10:15:00,1758602700,62248.98,62263.23,62119.76,62142.06,2124764
2025-09-23 11:15:00,1758606300,62141.48,62254.32,62113.87,62252.8,1939505
2025-09-23 12:15:00,1758609900,62251.85,62573.31,62242.26,62552.84,1845686
2025-09-23 13:15:00,1758613500,62553.42,62730.73,62544.97,62600.85,2162820
2025-09-23 14:15:00,1758617100,62597.13,62718.01,62525.86,62633.84,2040108
2025-09-23 15:15:00,1758620700,62625.85,62665.08,62594.73,62654.71,1112838
2025-09-24 09:15:00,1758685500,62492.34,62619.88,62282.48,62388.11,5860383
2025-09-24 10:15:00,1758689100,62389.26,62424.86,62113.27,62182.94,4114146
2025-09-24 11:15:00,1758692700,62179.11,62228.09,62120.5,62221.06,1891562
2025-09-24 12:15:00,1758696300,62220.37,62296.81,62151.97,62291.93,2570814
2025-09-24 13:15:00,1758699900,62292.18,62335.6,62163.55,62166.96,1188650
2025-09-24 14:15:00,1758703500,62167.53,62196.58,62054.14,62163.65,2119139
2025-09-24 15:15:00,1758707100,62161.92,62187.43,62128.72,62157.5,1108432
2025-09-25 09:15:00,1758771900,62000.47,62300.46,61974.34,62192.85,5028527
2025-09-25 10:15:00,1758775500,62189.03,62240.23,62103.85,62165.63,3423213
2025-09-25 11:15:00,1758779100,62164.62,62240.48,62063.28,62143.62,3770382
2025-09-25 12:15:00,1758782700,62143.46,62324.8,62108.48,62269.09,1911003
2025-09-25 13:15:00,1758786300,62268.61,62290.55,62163.17,62224.85,889823
2025-09-25 14:15:00,1758789900,62205.86,62248.66,61911.94,61933.4,3703349
2025-09-25 15:15:00,1758793500,61940.79,62000.53,61872.97,61928.43,2124209
2025-09-26 09:15:00,1758858300,61789.29,61901.42,61521.66,61648.77,3524662
2025-09-26 10:15:00,1758861900,61650.03,61717.93,61517.7,61548.02,2264770
2025-09-26 11:15:00,1758865500,61536.56,61566.05,61480.19,61518.12,1220817
2025-09-26 12:15:00,1758869100,61517.01,61632.03,61506.43,61543.22,683068
2025-09-26 13:15:00,1758872700,61543.79,61543.98,61288.35,61348.25,1080217
2025-09-26 14:15:00,1758876300,61349.06,61426.79,61307.8,61413.33,983723
2025-09-26 15:15:00,1758879900,61412.4,61426.12,61373.95,61414.05,985964
2025-09-29 09:15:00,1759117500,61410.28,61550.55,61289.75,61494.92,2240335
2025-09-29 10:15:00,1759121100,61499.17,61614,61381.77,61398.23,1708012
2025-09-29 11:15:00,1759124700,61398.81,61398.81,61088.67,61103,1279674
2025-09-29 12:15:00,1759128300,61101.85,61357.27,61051.88,61357.27,1008146
2025-09-29 13:15:00,1759131900,61353.63,61499.3,61265.43,61434.37,1380008
2025-09-29 14:15:00,1759135500,61433.8,61474.85,61250.54,61417.93,1424146
2025-09-29 15:15:00,1759139100,61419.16,61496.56,61356.07,61492.73,688222
2025-09-30 09:15:00,1759203900,61547.3,61714.26,61460.06,61470.78,6355170
2025-09-30 10:15:00,1759207500,61469.94,61563.49,61374.25,61539.04,3365925
2025-09-30 11:15:00,1759211100,61539.04,61550.06,61432.95,61517.57,2784631
2025-09-30 12:15:00,1759214700,61517,61628.15,61512.4,61590.87,947672
2025-09-30 13:15:00,1759218300,61591.45,61634.23,61434.39,61494.74,881006
2025-09-30 14:15:00,1759221900,61493.97,61601,61430.9,61541.63,2525130
2025-09-30 15:15:00,1759225500,61536,61574.08,61473.13,61553.03,1433911
2025-10-01 09:15:00,1759290300,61463.69,61926.4,61434.73,61892.72,5756071
2025-10-01 10:15:00,1759293900,61885.4,62035.25,61757.74,62032.94,2738405
2025-10-01 11:15:00,1759297500,62034.1,62458.03,62034.1,62328.59,2897381
2025-10-01 12:15:00,1759301100,62329.74,62368.48,62215.25,62325.41,3661280
2025-10-01 13:15:00,1759304700,62327.84,62478.66,62275.64,62421.82,5031902
2025-10-01 14:15:00,1759308300,62421.25,62485.81,62327.39,62339.61,8349165
2025-10-01 15:15:00,1759311900,62333.32,62468.96,62328.87,62457.93,3798695
2025-10-03 09:15:00,1759463100,62369.75,62773.97,62258.85,62717.95,5448764
2025-10-03 10:15:00,1759466700,62717.28,62717.86,62537.54,62642.94,3582453
2025-10-03 11:15:00,1759470300,62646.59,62736,62573.51,62677.61,3553066
2025-10-03 12:15:00,1759473900,62676.53,62697.22,62574.47,62676.38,2033475
2025-10-03 13:15:00,1759477500,62668.73,62703.42,62586.62,62616.1,1068747
2025-10-03 14:15:00,1759481100,62616.1,62758.7,62602.53,62725.97,1634523
2025-10-03 15:15:00,1759484700,62724.93,62804.56,62678.88,62785.73,1135640
2025-10-06 09:15:00,1759722300,62891.41,63200.48,62891.41,63198.57,7970500
2025-10-06 10:15:00,1759725900,63200.36,63322.39,63126.44,63322.39,2472404
2025-10-06 11:15:00,1759729500,63322.45,63337.09,63210.34,63301.49,1517135
2025-10-06 12:15:00,1759733100,63303.4,63425.95,63271.77,63405.42,2483079
2025-10-06 13:15:00,1759736700,63407.05,63429.3,63234.79,63328.4,1502360
2025-10-06 14:15:00,1759740300,63333.29,63462.73,63300.75,63446,1963093
2025-10-06 15:15:00,1759743900,63445.42,63463.52,63346.01,63380.1,1143359
2025-10-07 09:15:00,1759808700,63451.58,63623.12,63253.97,63533.68,5768740
2025-10-07 10:15:00,1759812300,63534.07,63583.82,63470.2,63498.42,4644755
2025-10-07 11:15:00,1759815900,63496.99,63597.51,63350.04,63547.42,2546234
2025-10-07 12:15:00,1759819500,63545.99,63612.78,63508.87,63584.68,3449737
2025-10-07 13:15:00,1759823100,63584.11,63667.29,63526.8,63590.65,2123673
2025-10-07 14:15:00,1759826700,63585.79,63601.19,63275.33,63277.36,2646399
2025-10-07 15:15:00,1759830300,63279.56,63351.11,63258.44,63336.29,1105582
2025-10-08 09:15:00,1759895100,63279.45,63444.82,63163.81,63219.14,3856548
2025-10-08 10:15:00,1759898700,63217.48,63250.16,62931.19,62935.83,2044087
2025-10-08 11:15:00,1759902300,62929.62,63070.9,62890.2,63001.31,1226572
2025-10-08 12:15:00,1759905900,63007.44,63227.69,62913.74,63182.69,1913468
2025-10-08 13:15:00,1759909500,63182.5,63301.99,63071.04,63116.62,1127083
2025-10-08 14:15:00,1759913100,63117.23,63156.36,63011.53,63027.24,1761125
2025-10-08 15:15:00,1759916700,63021.5,63088.08,62993.22,63088.08,534642
2025-10-09 09:15:00,1759981500,63042.07,63153.13,62868.75,62906.76,1766047
2025-10-09 10:15:00,1759985100,62902.32,63190.35,62902.32,63176.33,1149158
2025-10-09 11:15:00,1759988700,63178.95,63370.27,63170.5,63205.69,3430487
2025-10-09 12:15:00,1759992300,63209.34,63278.91,63097.88,63137.59,1084870
2025-10-09 13:15:00,1759995900,63138.97,63355.47,63138.97,63239.06,1256971
2025-10-09 14:15:00,1759999500,63239.6,63328.87,63141.51,63222.93,2595920
2025-10-09 15:15:00,1760003100,63218.6,63302.58,63172.2,63196.63,1458436
2025-10-10 09:15:00,1760067900,63172.98,63821.03,63172.98,63796.47,21525782
2025-10-10 10:15:00,1760071500,63789.78,63969.05,63789.78,63902.94,21898207
2025-10-10 11:15:00,1760075100,63904.1,63933.22,63831.52,63902.71,7188841
2025-10-10 12:15:00,1760078700,63902.13,64031.3,63855.12,63966.12,5325772
2025-10-10 13:15:00,1760082300,63966.55,64043.39,63919.23,63950.65,5025370
2025-10-10 14:15:00,1760085900,63953.27,63996.77,63806,63852.87,5700881
2025-10-10 15:15:00,1760089500,63844.55,63918.13,63830.87,63869.19,3522216
2025-10-13 09:15:00,1760327100,63502.43,63802.65,63502.43,63766.29,15516863
2025-10-13 10:15:00,1760330700,63760.05,63984.12,63727.45,63921.66,6758246
2025-10-13 11:15:00,1760334300,63926.58,63992.74,63847.88,63920.73,2422776
2025-10-13 12:15:00,1760337900,63922.91,63965.88,63864.35,63960.85,3075155
2025-10-13 13:15:00,1760341500,63960.27,63991.17,63843.97,63924.09,2078914
2025-10-13 14:15:00,1760345100,63926.17,64089.43,63893.1,63923.4,3667805
2025-10-13 15:15:00,1760348700,63922.24,63983.01,63918.13,63930.02,3685917
2025-10-14 09:15:00,1760413500,63977.49,64043.18,63691.79,63751.77,8638063
2025-10-14 10:15:00,1760417100,63750.54,63844.09,63618.9,63666.07,5592824
2025-10-14 11:15:00,1760420700,63663.52,63663.52,63452.97,63488.07,5374020
2025-10-14 12:15:00,1760424300,63491.17,63555.72,63431.97,63453.93,2390270
2025-10-14 13:15:00,1760427900,63454.51,63620.33,63445.06,63603.25,1549235
2025-10-14 14:15:00,1760431500,63604.47,63793.55,63532.96,63727.08,2551925
2025-10-14 15:15:00,1760435100,63729.01,63750.2,63634.23,63672.94,1456840
2025-10-15 09:15:00,1760499900,63798.9,63909.54,63626.93,63817.8,3495504
2025-10-15 10:15:00,1760503500,63820.65,63972.88,63810.55,63877.81,1908739
2025-10-15 11:15:00,1760507100,63878.97,63926.23,63827.69,63874.34,1433748
2025-10-15 12:15:00,1760510700,63873.12,64020.75,63818.92,63945.73,2143345
2025-10-15 13:15:00,1760514300,63940.18,64056.71,63848.24,63870.79,1089418
2025-10-15 14:15:00,1760517900,63871.75,63947.64,63776.68,63943.99,1020477
2025-10-15 15:15:00,1760521500,63941.48,63998.14,63885.31,63960.76,956423
2025-10-16 09:15:00,1760586300,64321.09,64567.69,64200.09,64226.21,4408094
2025-10-16 10:15:00,1760589900,64228.61,64372,64204.68,64329.1,1879898
2025-10-16 11:15:00,1760593500,64339.43,64405.81,64319.15,64380.62,2106404
2025-10-16 12:15:00,1760597100,64374.87,64609.31,64374.07,64600.09,1911659
2025-10-16 13:15:00,1760600700,64601.25,64806.17,64575.71,64755.46,1884507
2025-10-16 14:15:00,1760604300,64761.53,64845.46,64669.12,64706.74,3077340
2025-10-16 15:15:00,1760607900,64709,64795.31,64668.71,64705.48,1982843
2025-10-17 09:15:00,1760672700,64715.06,64978.88,64568.29,64955.62,4174042
2025-10-17 10:15:00,1760676300,64956.6,65217.33,64900.21,65200.39,4520686
2025-10-17 11:15:00,1760679900,65192.38,65217.4,65007.4,65098.66,6060526
2025-10-17 12:15:00,1760683500,65096.08,65153.76,64758.31,64811.42,5239669
2025-10-17 13:15:00,1760687100,64812,64989.56,64645.13,64880.82,3934292
2025-10-17 14:15:00,1760690700,64881.46,65108.38,64805.53,65038.08,2728288
2025-10-17 15:15:00,1760694300,65043.36,65084.29,65004.72,65037.57,1442645
2025-10-20 09:15:00,1760931900,65199.78,65612.03,65194.81,65392.91,6293105
2025-10-20 10:15:00,1760935500,65398.85,65665.39,65367.26,65586.37,3685335
2025-10-20 11:15:00,1760939100,65595.37,65621.32,65493.88,65541.73,2256920
2025-10-20 12:15:00,1760942700,65536.87,65564.09,65451.78,65539.51,2088588
2025-10-20 13:15:00,1760946300,65538.86,65563.83,65406.41,65460.3,1920146
2025-10-20 14:15:00,1760949900,65450.92,65511.43,65268.07,65392.26,1934047
2025-10-20 15:15:00,1760953500,65370.54,65433.41,65322.59,65370.66,837562
2025-10-21 13:15:00,1761032700,65394.07,65499.71,65293.49,65442.75,3441004
2025-10-21 14:15:00,1761036300,65438.48,65469.42,65250.96,65278.68,2498296
2025-10-23 09:15:00,1761191100,65831.18,66105.71,65585.4,66091.55,6820239
2025-10-23 10:15:00,1761194700,66088.24,66145.96,65948.02,66124,4445698
2025-10-23 11:15:00,1761198300,66124.78,66176.77,66069.39,66120.46,3591578
2025-10-23 12:15:00,1761201900,66117.78,66151.26,65875.9,65959.94,2678396
2025-10-23 13:15:00,1761205500,65961.1,66060.04,65710.62,65744.24,1404195
2025-10-23 14:15:00,1761209100,65744,65843.82,65515.61,65542.36,3586562
2025-10-23 15:15:00,1761212700,65531.07,65638.44,65452.89,65464.13,1397877
2025-10-24 09:15:00,1761277500,65660.77,65698.83,65381.56,65385.71,4398285
2025-10-24 10:15:00,1761281100,65384.32,65389.46,65137.55,65240.32,1941241
2025-10-24 11:15:00,1761284700,65245.13,65272.14,65090.7,65242.42,1249042
2025-10-24 12:15:00,1761288300,65242.61,65287.46,65049.57,65121.5,1776099
2025-10-24 13:15:00,1761291900,65117.25,65143.5,64836.86,65008.68,3081988
2025-10-24 14:15:00,1761295500,65014.01,65136.51,64956.97,65124.67,1770157
2025-10-24 15:15:00,1761299100,65109.4,65163.35,65097.02,65142.5,1015533
2025-10-27 09:15:00,1761536700,65113.72,65464.29,64963.31,65408.68,3433384
2025-10-27 10:15:00,1761540300,65410.47,65551.51,65409.2,65534.54,3796881
2025-10-27 11:15:00,1761543900,65535.12,65600.76,65441.42,65546,2524317
2025-10-27 12:15:00,1761547500,65542.55,65576.22,65432.09,65493.89,1889086
2025-10-27 13:15:00,1761551100,65496.13,65496.13,65332.45,65360.66,1206549
2025-10-27 14:15:00,1761554700,65346.29,65515.35,65335.74,65440.42,1803921
2025-10-27 15:15:00,1761558300,65439.64,65598.07,65416.59,65573.89,1639124
2025-10-28 09:15:00,1761623100,65367.45,65747.9,65186.46,65285.65,5936479
2025-10-28 10:15:00,1761626700,65281.39,65304.21,65084.98,65124.31,2229746
2025-10-28 11:15:00,1761630300,65123.64,65295.09,65104.53,65245.22,1825945
2025-10-28 12:15:00,1761633900,65254.34,65537.01,65199.73,65485.33,3302770
2025-10-28 13:15:00,1761637500,65478.54,65539.35,65313.29,65382.88,1535509
2025-10-28 14:15:00,1761641100,65383.46,65591.73,65248.29,65591.26,2054428
2025-10-28 15:15:00,1761644700,65584.99,65661.94,65566.41,65628.34,1324710
2025-10-29 09:15:00,1761709500,65628.17,65762.64,65454.42,65536.85,4225524
2025-10-29 10:15:00,1761713100,65536.49,65659.98,65454.22,65521.55,3788086
2025-10-29 11:15:00,1761716700,65518.68,65695.4,65498.27,65676.37,2053205
2025-10-29 12:15:00,1761720300,65675.76,65724.09,65615.18,65719.14,1321329
2025-10-29 13:15:00,1761723900,65718.56,65842.34,65688.23,65780.92,877929
2025-10-29 14:15:00,1761727500,65779.76,65843.48,65708.82,65748.59,1498088
2025-10-29 15:15:00,1761731100,65754.32,65812.48,65752.96,65781.53,910693
2025-10-30 09:15:00,1761795900,65538.86,65701.16,65380.19,65624.23,4512972
2025-10-30 10:15:00,1761799500,65623.4,65654.26,65483.15,65593.09,1945579
2025-10-30 11:15:00,1761803100,65591.7,65625.69,65461.58,65505.43,1637175
2025-10-30 12:15:00,1761806700,65504.28,65547,65463.89,65528.69,4576462
2025-10-30 13:15:00,1761810300,65529.27,65570.75,65359.85,65414.27,2470714
2025-10-30 14:15:00,1761813900,65413.69,65473.7,65255.01,65265.88,2720704
2025-10-30 15:15:00,1761817500,65266.14,65362.77,65248.23,65361.02,1939684
2025-10-31 09:15:00,1761882300,65201.35,65499.49,65173.81,65274.06,9636050
2025-10-31 10:15:00,1761885900,65268.33,65268.33,64951.98,65021.74,3767443
2025-10-31 11:15:00,1761889500,65020.55,65305.15,64995.24,65201.4,9444862
2025-10-31 12:15:00,1761893100,65202.21,65240.03,65127.57,65146.09,3077308
2025-10-31 13:15:00,1761896700,65145.58,65173.13,64978.92,65015.7,1921812
2025-10-31 14:15:00,1761900300,65013.9,65119.74,64894.19,64914.81,2392983
2025-10-31 15:15:00,1761903900,64910.52,64976.23,64903.97,64947.6,1084341
2025-11-03 09:15:00,1762141500,64835.47,65178.18,64833.19,65155.61,9949350
2025-11-03 10:15:00,1762145100,65150.36,65316.52,65097.28,65273.53,2469735
2025-11-03 11:15:00,1762148700,65276.56,65282.24,65111.28,65182.66,2481205
2025-11-03 12:15:00,1762152300,65181.26,65390.44,65180.34,65369.64,1487340
2025-11-03 13:15:00,1762155900,65375.3,65464.49,65293.99,65439.9,2395077
2025-11-03 14:15:00,1762159500,65431.65,65497.75,65290,65343.5,2857816
2025-11-03 15:15:00,1762163100,65343.31,65375.52,65304.86,65334.73,1196433
2025-11-04 09:15:00,1762227900,65341.23,65341.23,65056.12,65113.99,7092119
2025-11-04 10:15:00,1762231500,65109.82,65242.04,65027.95,65111.29,4664171
2025-11-04 11:15:00,1762235100,65111.87,65141.12,64955,65043.93,2404555
2025-11-04 12:15:00,1762238700,65044.51,65102.14,64982.51,65015.02,2756091
2025-11-04 13:15:00,1762242300,65015.22,65221.09,64975.11,65056.09,2443098
2025-11-04 14:15:00,1762245900,65055.51,65120.37,65008.84,65084.18,2333895
2025-11-04 15:15:00,1762249500,65085.9,65091.71,64968.75,64988.03,955080
2025-11-06 09:15:00,1762400700,64977.91,65251.62,64860.44,64899.24,5704767
2025-11-06 10:15:00,1762404300,64896.47,64999.08,64877.55,64893.06,2006849
2025-11-06 11:15:00,1762407900,64889.56,64938.71,64756.07,64875.48,1628425
2025-11-06 12:15:00,1762411500,64873.4,65018.71,64799.37,64925.79,1166877
2025-11-06 13:15:00,1762415100,64926.37,64993.73,64819.85,64940.26,1307613
2025-11-06 14:15:00,1762418700,64940.86,64941.7,64772.01,64833.17,2773710
2025-11-06 15:15:00,1762422300,64829.22,64863.21,64753.29,64812.38,2149022
2025-11-07 09:15:00,1762487100,64752.63,64752.63,64351.35,64473.52,7835284
2025-11-07 10:15:00,1762490700,64470.97,64779.29,64443.21,64762.08,2466531
2025-11-07 11:15:00,1762494300,64762.45,65022.02,64757.02,64886.7,1977921
2025-11-07 12:15:00,1762497900,64887.28,65133.44,64867.7,65076.73,1682464
2025-11-07 13:15:00,1762501500,65074.64,65205.24,64908.11,65000.66,1601653
2025-11-07 14:15:00,1762505100,64999.97,65153.47,64932.1,64979.24,1471104
2025-11-07 15:15:00,1762508700,64983.15,65071.44,64983.15,65053.68,1231252
2025-11-10 09:15:00,1762746300,64919.46,65226.89,64916.26,65084.63,3362001
2025-11-10 10:15:00,1762749900,65080.98,65167.89,65005.43,65107.69,1340084
2025-11-10 11:15:00,1762753500,65106.53,65177.08,65060.54,65090.7,1144953
2025-11-10 12:15:00,1762757100,65091.05,65200.75,65054.19,65137.34,783599
2025-11-10 13:15:00,1762760700,65130.28,65154.63,64998.7,65067.07,843393
2025-11-10 14:15:00,1762764300,65070,65170.5,64961.26,64961.26,1412670
2025-11-10 15:15:00,1762767900,64959.97,65012.83,64892.72,64920.94,488841
2025-11-11 09:15:00,1762832700,65146.13,65157.23,64794.62,64798.16,4736604
2025-11-11 10:15:00,1762836300,64784.47,64850.78,64646.62,64823.32,1408606
2025-11-11 11:15:00,1762839900,64823.93,64978.68,64782.27,64937.01,1972638
2025-11-11 12:15:00,1762843500,64936.43,65058.58,64917.41,65037.51,1079342
2025-11-11 13:15:00,1762847100,65036.93,65245.93,65036.93,65087.23,1619506
2025-11-11 14:15:00,1762850700,65085.41,65257,65085.41,65236.15,1310599
2025-11-11 15:15:00,1762854300,65226.93,65301.89,65214.9,65251.46,652876
2025-11-12 09:15:00,1762919100,65558.93,65613.29,65397.31,65418.47,3485530
2025-11-12 10:15:00,1762922700,65414.8,65483.54,65317.19,65438.46,1806500
2025-11-12 11:15:00,1762926300,65428.25,65500.01,65401.9,65415.1,1052187
2025-11-12 12:15:00,1762929900,65407.13,65580.08,65407.13,65534.03,1334529
2025-11-12 13:15:00,1762933500,65528.09,65569.83,65414.43,65466.02,1238468
2025-11-12 14:15:00,1762937100,65463.26,65529.43,65387.99,65399.91,1006581
2025-11-12 15:15:00,1762940700,65400.81,65400.81,65211.25,65233.64,839919
2025-11-13 09:15:00,1763005500,65244.73,65552.51,65137.04,65523.49,2675557
2025-11-13 10:15:00,1763009100,65525.21,65722.88,65517.25,65645.52,1662543
2025-11-13 11:15:00,1763012700,65648.66,65746.59,65605.68,65708.11,1442214
2025-11-13 12:15:00,1763016300,65707.15,65738.36,65569.35,65649.02,953614
2025-11-13 13:15:00,1763019900,65649.74,65706.77,65394.32,65447.53,1694062
2025-11-13 14:15:00,1763023500,65438.71,65573.61,65389.04,65451.36,2340404
2025-11-13 15:15:00,1763027100,65451.04,65520.3,65412.66,65462.92,958072
2025-11-14 09:15:00,1763091900,65185.16,65583.83,65119.5,65339.01,2493866
2025-11-14 10:15:00,1763095500,65338.44,65553.65,65279.47,65519.62,1570214
2025-11-14 11:15:00,1763099100,65520.87,65545.15,65337.89,65459.95,842107
2025-11-14 12:15:00,1763102700,65459.53,65521.28,65352.97,65395.44,777807
2025-11-14 13:15:00,1763106300,65396.6,65440.79,65264.37,65342.35,667136
2025-11-14 14:15:00,1763109900,65342.24,65750.53,65295.04,65741.14,1944043
2025-11-14 15:15:00,1763113500,65741.52,65757.71,65684.47,65738.67,670585
2025-11-17 09:15:00,1763351100,65869.45,66193.36,65802.53,66109.07,4673820
2025-11-17 10:15:00,1763354700,66109.76,66204.98,66061.52,66154.38,2709119
2025-11-17 11:15:00,1763358300,66156.21,66171.87,66047.27,66129.43,3494698
2025-11-17 12:15:00,1763361900,66128.85,66181.04,66093.65,66147.54,1470118
2025-11-17 13:15:00,1763365500,66147.54,66187.73,66112.12,66152.34,995976
2025-11-17 14:15:00,1763369100,66151.19,66175.24,66068.57,66165.86,1589027
2025-11-17 15:15:00,1763372700,66165.07,66202.09,66140.9,66149.95,708032
2025-11-18 09:15:00,1763437500,66236.02,66241.17,66004.34,66053.8,3860310
2025-11-18 10:15:00,1763441100,66054.89,66181.82,66016.65,66176.27,1191321
2025-11-18 11:15:00,1763444700,66177.81,66259.03,66134.92,66207.08,1929527
2025-11-18 12:15:00,1763448300,66205.75,66290.92,66175.29,66265.6,1354279
2025-11-18 13:15:00,1763451900,66265.6,66356.9,66243.77,66316.17,878926
2025-11-18 14:15:00,1763455500,66311.97,66336.7,66110.5,66132.16,1040035
2025-11-18 15:15:00,1763459100,66123.14,66150.72,66020.3,66066.47,803438
2025-11-19 09:15:00,1763523900,66119.4,66149.62,65902.13,66130.97,3064832
2025-11-19 10:15:00,1763527500,66123.07,66179.43,66019.86,66019.86,949096
2025-11-19 11:15:00,1763531100,66020.44,66197.72,65999.5,66172.18,1476633
2025-11-19 12:15:00,1763534700,66173.88,66357.87,66165.26,66344.21,2406541
2025-11-19 13:15:00,1763538300,66346.04,66434.34,66193.57,66416.7,1221873
2025-11-19 14:15:00,1763541900,66416.12,66542.37,66407.32,66486.85,1829333
2025-11-19 15:15:00,1763545500,66494.88,66513.24,66409.38,66434.64,474553
2025-11-20 09:15:00,1763610300,66752.81,66752.81,66360.03,66429.45,3022158
2025-11-20 10:15:00,1763613900,66427.21,66535.67,66382.39,66494.91,1153724
2025-11-20 11:15:00,1763617500,66493.97,66588.64,66476.24,66527.8,1020834
2025-11-20 12:15:00,1763621100,66527.22,66701.39,66486.89,66635.93,2184303
2025-11-20 13:15:00,1763624700,66636.62,66722.94,66629.42,66694.44,966246
2025-11-20 14:15:00,1763628300,66693.86,66765.11,66605.2,66697.69,3769178
2025-11-20 15:15:00,1763631900,66690.48,66708.04,66603.25,66664.6,2320542
2025-11-21 09:15:00,1763696700,66398.21,66518.72,66281.86,66319.54,3659445
2025-11-21 10:15:00,1763700300,66324.33,66324.33,66160.38,66268.37,1642315
2025-11-21 11:15:00,1763703900,66269.19,66350.21,66240.82,66342.64,3201244
2025-11-21 12:15:00,1763707500,66343.34,66465.68,66335.74,66365.96,2267382
2025-11-21 13:15:00,1763711100,66365.96,66424.77,66300.25,66420.75,917969
2025-11-21 14:15:00,1763714700,66420.17,66448.51,66126.87,66181.6,1289242
2025-11-21 15:15:00,1763718300,66180.9,66200.44,66088.46,66128.44,2824692
2025-11-24 09:15:00,1763955900,66218.06,66422.87,66124.49,66400.32,2099450
2025-11-24 10:15:00,1763959500,66401.01,66530.65,66384.66,66439.96,2311737
2025-11-24 11:15:00,1763963100,66440.44,66575.95,66408.71,66475.69,2187343
2025-11-24 12:15:00,1763966700,66469,66515.66,66399.09,66502.18,1209270
2025-11-24 13:15:00,1763970300,66496.63,66524.28,66369.2,66416.69,591156
2025-11-24 14:15:00,1763973900,66417.78,66427.67,65996.11,66038.23,2367482
2025-11-24 15:15:00,1763977500,66029.31,66059.44,65873.07,65964.54,1067109
2025-11-25 09:15:00,1764042300,66160.47,66299.8,65991.44,66280.67,4467318
2025-11-25 10:15:00,1764045900,66286.33,66308.51,66002.74,66081.3,1844629
2025-11-25 11:15:00,1764049500,66080.72,66260.95,66079.39,66223.64,1036680
2025-11-25 12:15:00,1764053100,66224.22,66236.03,66099.3,66212.01,819326
2025-11-25 13:15:00,1764056700,66212.59,66390.13,66173.42,66385.73,1700743
2025-11-25 14:15:00,1764060300,66384.31,66417.76,65961.3,66031.36,2262714
2025-11-25 15:15:00,1764063900,66033.28,66051.8,65980.06,66020.56,898201
2025-11-26 09:15:00,1764128700,66025.33,66745.54,65998.14,66713.28,4730266
2025-11-26 10:15:00,1764132300,66712.81,66789.18,66617.51,66690.01,3268005
2025-11-26 11:15:00,1764135900,66686.31,66743.08,66636.74,66717.37,1370013
2025-11-26 12:15:00,1764139500,66717.95,66799.02,66647.47,66773.34,1462328
2025-11-26 13:15:00,1764143100,66778.17,66818.64,66682.25,66756.27,1191368
2025-11-26 14:15:00,1764146700,66757.27,66815.54,66687.49,66782.88,1647713
2025-11-26 15:15:00,1764150300,66781.73,66819.32,66746.99,66749.06,491126
2025-11-27 09:15:00,1764215100,66833.57,67099.27,66823.64,66943.49,14454435
2025-11-27 10:15:00,1764218700,66952.61,67123.8,66889.74,67093.52,4868441
2025-11-27 11:15:00,1764222300,67094.91,67125.15,66948.39,66974,1694289
2025-11-27 12:15:00,1764225900,66972.03,67115.42,66842.11,66850.43,12646451
2025-11-27 13:15:00,1764229500,66851.38,66934.6,66725.04,66825.79,1717725
2025-11-27 14:15:00,1764233100,66824.95,66937.17,66757.44,66888.42,6419813
2025-11-27 15:15:00,1764236700,66890.4,66970.56,66847.2,66923.44,1205561
2025-11-28 09:15:00,1764301500,66930.94,66975.3,66746.17,66879.8,1542913
2025-11-28 10:15:00,1764305100,66876.93,67083.66,66792.52,67067.37,1580050
2025-11-28 11:15:00,1764308700,67074.57,67113.87,66998.51,67024.19,1274773
2025-11-28 12:15:00,1764312300,67023.9,67047.97,66952.38,66957.9,1209126
2025-11-28 13:15:00,1764315900,66958.1,67031.76,66910.95,66937.63,879973
2025-11-28 14:15:00,1764319500,66938.21,67022.54,66916.51,66945.66,1970217
2025-11-28 15:15:00,1764323100,66945.09,66989.95,66901.53,66901.53,620268
2025-12-01 09:15:00,1764560700,67336.82,67384.68,67128.17,67292.97,3162679
2025-12-01 10:15:00,1764564300,67297.22,67376.73,67223.62,67268.01,2008986
2025-12-01 11:15:00,1764567900,67263.83,67273.97,66858.64,66869.76,1783867
2025-12-01 12:15:00,1764571500,66862.05,66944.2,66815.19,66938.46,886279
2025-12-01 13:15:00,1764575100,66943.38,67004.84,66828.01,66970.97,1951830
2025-12-01 14:15:00,1764578700,66972.13,66972.9,66690.53,66889.59,2022105
2025-12-01 15:15:00,1764582300,66890.1,66900.37,66831.03,66892.28,1320792
2025-12-02 09:15:00,1764647100,66569.4,66765.09,66452.82,66613.95,3051857
2025-12-02 10:15:00,1764650700,66614.53,66805.31,66555.02,66723.83,1911827
2025-12-02 11:15:00,1764654300,66721.16,66757.64,66587.87,66627.44,1345568
2025-12-02 12:15:00,1764657900,66626.61,66708.96,66590.3,66622.59,919042
2025-12-02 13:15:00,1764661500,66621.52,66638.43,66520.64,66529.59,731554
2025-12-02 14:15:00,1764665100,66532.83,66566.06,66300.2,66391.49,1272119
2025-12-02 15:15:00,1764668700,66389.28,66476.18,66348.98,66457.25,529726
2025-12-03 09:15:00,1764733500,66398.4,66494.85,66064.06,66128.69,3569923
2025-12-03 10:15:00,1764737100,66120.18,66146.8,66039.58,66097.91,2424145
2025-12-03 11:15:00,1764740700,66099.12,66312.37,66026.06,66299.24,1730197
2025-12-03 12:15:00,1764744300,66299.51,66299.83,66190.7,66222.79,1373407
2025-12-03 13:15:00,1764747900,66228.53,66280.65,66121.04,66233.69,1676813
2025-12-03 14:15:00,1764751500,66237.39,66575.85,66181.43,66535.84,1707084
2025-12-03 15:15:00,1764755100,66532.1,66547.58,66469.45,66521,554657
2025-12-04 09:15:00,1764819900,66441.61,66563.99,66302.66,66553.47,2293236
2025-12-04 10:15:00,1764823500,66557.76,66688.16,66491.32,66501.76,1925221
2025-12-04 11:15:00,1764827100,66502.33,66527.77,66322.58,66352.59,1091782
2025-12-04 12:15:00,1764830700,66353.17,66416.27,66226.09,66308.03,2006623
2025-12-04 13:15:00,1764834300,66304.99,66387.55,66192.15,66322.84,2373524
2025-12-04 14:15:00,1764837900,66320.07,66487.21,66257.56,66434.73,2154129
2025-12-04 15:15:00,1764841500,66425.11,66484.1,66393.04,66393.31,1655321
2025-12-05 09:15:00,1764906300,66292.84,66844.31,66290.56,66687.46,2305578
2025-12-05 10:15:00,1764909900,66679.75,66818.86,66459.2,66712.77,2714334
2025-12-05 11:15:00,1764913500,66711.61,66786.94,66672.25,66674.9,1442150
2025-12-05 12:15:00,1764917100,66673.08,66987.47,66660.66,66941.08,1362132
2025-12-05 13:15:00,1764920700,66938.88,67004.25,66851.31,66929.15,711546
2025-12-05 14:15:00,1764924300,66939.48,67036.97,66842,67024,1194634
2025-12-05 15:15:00,1764927900,67022.25,67053.91,66985.02,67014.85,605611
2025-12-08 09:15:00,1765165500,66956,67002.62,66671.35,66753.85,2977392
2025-12-08 10:15:00,1765169100,66755.28,66842.61,66602.66,66632.01,1538837
2025-12-08 11:15:00,1765172700,66631.44,66642.39,66552.43,66566.24,2095489
2025-12-08 12:15:00,1765176300,66570,66623.47,66456.69,66595.05,1680823
2025-12-08 13:15:00,1765179900,66593.7,66598.95,66279.05,66318.75,2661018
2025-12-08 14:15:00,1765183500,66323.05,66540.27,66242.14,66477.78,2572327
2025-12-08 15:15:00,1765187100,66469.43,66486.34,66310.22,66326.46,948125
2025-12-09 09:15:00,1765251900,66099.25,66278.79,66027.75,66221.52,3372364
2025-12-09 10:15:00,1765255500,66221.13,66446.32,66183.41,66436.75,1408611
2025-12-09 11:15:00,1765259100,66436.18,66465.23,66254.43,66445.56,1589239
2025-12-09 12:15:00,1765262700,66440.7,66509.42,66337.11,66414.06,2268647
2025-12-09 13:15:00,1765266300,66414.87,66554.84,66406.6,66445.31,628015
2025-12-09 14:15:00,1765269900,66444.16,66449.05,66298.63,66375.11,761133
2025-12-09 15:15:00,1765273500,66378.09,66396.97,66336.17,66365.11,431870
2025-12-10 09:15:00,1765338300,66320.62,66597.6,66297.59,66495.72,3236738
2025-12-10 10:15:00,1765341900,66499.46,66579.32,66274.85,66345.87,1485926
2025-12-10 11:15:00,1765345500,66346.47,66380.53,66097.49,66161.89,975482
2025-12-10 12:15:00,1765349100,66163.05,66171.68,65972.24,66052.88,1494253
2025-12-10 13:15:00,1765352700,66052.3,66218.5,65988.92,66010.82,1875053
2025-12-10 14:15:00,1765356300,66009.46,66155.82,65985.03,66111.41,1052001
2025-12-10 15:15:00,1765359900,66110.84,66131,66053.06,66087.85,371547
2025-12-11 09:15:00,1765424700,66205.92,66289.98,65965.26,66277.68,2425991
2025-12-11 10:15:00,1765428300,66284.85,66481.97,66284.85,66388.41,2018678
2025-12-11 11:15:00,1765431900,66388.19,66717.56,66384.49,66623.82,1414100
2025-12-11 12:15:00,1765435500,66609.31,66711.25,66400.18,66434.63,1640936
2025-12-11 13:15:00,1765439100,66426.58,66585.09,66409.28,66467.41,790653
2025-12-11 14:15:00,1765442700,66477.89,66611.25,66382.08,66460.23,2995731
2025-12-11 15:15:00,1765446300,66463.2,66497.04,66415.67,66450.01,1068406
2025-12-12 09:15:00,1765511100,66637.49,66872.48,66632.48,66750.25,2147268
2025-12-12 10:15:00,1765514700,66745.37,66785.89,66535.08,66607.12,2453194
2025-12-12 11:15:00,1765518300,66607.12,66770.69,66602.23,66676.79,1027509
2025-12-12 12:15:00,1765521900,66676.21,66718.45,66620.32,66666.16,949898
2025-12-12 13:15:00,1765525500,66665.58,66745.34,66608.89,66684.36,1472724
2025-12-12 14:15:00,1765529100,66683.76,66718.94,66621.32,66703.92,1059919
2025-12-12 15:15:00,1765532700,66698.22,66723.93,66664.22,66679.09,558822
2025-12-15 09:15:00,1765770300,66391.49,66632.79,66344.69,66456.7,2816206
2025-12-15 10:15:00,1765773900,66456.12,66543.62,66389.94,66514.35,914274
2025-12-15 11:15:00,1765777500,66510.82,66773.29,66456.26,66723.67,885240
2025-12-15 12:15:00,1765781100,66724.25,66788.18,66663.15,66785.04,988884
2025-12-15 13:15:00,1765784700,66785.62,66787,66641.31,66675.82,331399
2025-12-15 14:15:00,1765788300,66676.4,66785.63,66673.39,66728.7,619123
2025-12-15 15:15:00,1765791900,66735.01,66739.36,66672.82,66704.6,326461
2025-12-16 09:15:00,1765856700,66634.74,66634.74,66099.75,66201.8,2170509
2025-12-16 10:15:00,1765860300,66201.53,66244.11,66142.68,66157.08,899757
2025-12-16 11:15:00,1765863900,66157.66,66226.29,66069.95,66158.02,1379374
2025-12-16 12:15:00,1765867500,66159.17,66218.81,66063.61,66097.88,1690685
2025-12-16 13:15:00,1765871100,66097.16,66225.54,66038.37,66053.21,860827
2025-12-16 14:15:00,1765874700,66049.31,66132.42,66004.75,66023.49,1163575
2025-12-16 15:15:00,1765878300,66023.59,66032.69,65943.98,65971.9,1060130
2025-12-17 09:15:00,1765943100,66128.53,66212.32,65931.26,66011.59,4764773
2025-12-17 10:15:00,1765946700,66020.46,66086.42,65924.76,66081.17,2273692
2025-12-17 11:15:00,1765950300,66081.7,66113.11,65937.04,65938.43,5372666
2025-12-17 12:15:00,1765953900,65938.23,66005.44,65865.71,65897.42,822520
2025-12-17 13:15:00,1765957500,65896.84,65992.6,65832.67,65913.61,887118
2025-12-17 14:15:00,1765961100,65911.98,65994.79,65886.11,65943.88,1055834
2025-12-17 15:15:00,1765964700,65946.73,66030.6,65917.14,66020.21,454855
2025-12-18 09:15:00,1766029500,65934.8,66093.59,65778.44,66076.15,2273167
2025-12-18 10:15:00,1766033100,66077.69,66291.31,66062.03,66175.83,1355434
2025-12-18 11:15:00,1766036700,66172.49,66262.72,66120.81,66258.99,1149736
2025-12-18 12:15:00,1766040300,66258.39,66303.04,66173.37,66186.5,776989
2025-12-18 13:15:00,1766043900,66193.89,66207.31,65988.99,66018.28,1121457
2025-12-18 14:15:00,1766047500,66017.7,66063.56,65925.55,66005.75,2075222
2025-12-18 15:15:00,1766051100,66016.99,66016.99,65945.66,65970.58,530000
2025-12-19 09:15:00,1766115900,66092.67,66247.67,66060.7,66134.18,1808090
2025-12-19 10:15:00,1766119500,66133.51,66247.54,66123.15,66162.13,1588913
2025-12-19 11:15:00,1766123100,66167.33,66175.73,66024.29,66125.68,1288420
2025-12-19 12:15:00,1766126700,66126.26,66149.28,66038.03,66056.03,951481
2025-12-19 13:15:00,1766130300,66056.04,66230.86,66047.5,66170.8,920959
2025-12-19 14:15:00,1766133900,66163.51,66221.68,66090.51,66141.34,1923291
2025-12-19 15:15:00,1766137500,66141.62,66175.16,66106.82,66122.4,1149628
2025-12-22 09:15:00,1766375100,66322.34,66429.02,66225.05,66342.68,2180396
2025-12-22 10:15:00,1766378700,66343.19,66351.45,66233.14,66242.79,918336
2025-12-22 11:15:00,1766382300,66244.8,66322.07,66235.77,66288.29,1420495
2025-12-22 12:15:00,1766385900,66286.89,66316.12,66184.74,66249.18,746515
2025-12-22 13:15:00,1766389500,66249.88,66301.99,66224,66260.43,642605
2025-12-22 14:15:00,1766393100,66260.94,66328.92,66236.33,66281.93,966555
2025-12-22 15:15:00,1766396700,66277.16,66281.83,66235.71,66254.71,3671401
2025-12-23 09:15:00,1766461500,66345.83,66391.26,66175.35,66340.12,2380635
2025-12-23 10:15:00,1766465100,66342.11,66358.66,66240.67,66337.99,899365
2025-12-23 11:15:00,1766468700,66335.12,66337.49,66207.44,66263.94,1416133
2025-12-23 12:15:00,1766472300,66263.42,66314.67,66229.21,66299.05,845634
2025-12-23 13:15:00,1766475900,66301.84,66326.12,66269.98,66306.67,531140
2025-12-23 14:15:00,1766479500,66304.57,66347.84,66192.08,66265.93,1221337
2025-12-23 15:15:00,1766483100,66267.47,66267.99,66195.65,66218.51,397494
2025-12-24 09:15:00,1766547900,66294.55,66484.92,66223.3,66434.6,2167183
2025-12-24 10:15:00,1766551500,66428.85,66494.25,66365.17,66423.37,1433223
2025-12-24 11:15:00,1766555100,66423.85,66444.37,66299.96,66341.71,1264672
2025-12-24 12:15:00,1766558700,66341.11,66366.27,66216.77,66220.23,1306066
2025-12-24 13:15:00,1766562300,66219.72,66224.27,66127.5,66181.35,4951402
2025-12-24 14:15:00,1766565900,66180.75,66230.9,66104.35,66162.07,1621428
2025-12-24 15:15:00,1766569500,66156.75,66171.34,66067.22,66096.35,445061
2025-12-26 09:15:00,1766720700,65971.29,66176.55,65970.21,66105.14,2486367
2025-12-26 10:15:00,1766724300,66108.23,66162.43,66029.96,66057.32,1037309
2025-12-26 11:15:00,1766727900,66056.26,66067.25,65947.74,66048.28,1281003
2025-12-26 12:15:00,1766731500,66049.15,66095.92,65982.88,66024.83,1126788
2025-12-26 13:15:00,1766735100,66025.08,66073.21,66005.3,66014.12,678723
2025-12-26 14:15:00,1766738700,66017.06,66026.82,65922.92,66017.2,1815716
2025-12-26 15:15:00,1766742300,66006.2,66006.97,65945.78,66006.97,733111
2025-12-29 09:15:00,1766979900,65873.63,66125.84,65852.67,65908.3,3685395
2025-12-29 10:15:00,1766983500,65904.99,65924.45,65793.55,65824.13,1705167
2025-12-29 11:15:00,1766987100,65821.84,65830.26,65751.26,65805.45,1196640
2025-12-29 12:15:00,1766990700,65807.72,65837.38,65757.46,65802.5,1445020
2025-12-29 13:15:00,1766994300,65803.99,65944.93,65757.35,65892.8,1737095
2025-12-29 14:15:00,1766997900,65891.99,65966.11,65830.37,65880.67,1276583
2025-12-29 15:15:00,1767001500,65875.11,65916.21,65867.48,65884.33,746834
2025-12-30 09:15:00,1767066300,65844.09,65938.09,65627.76,65917.26,2804017
2025-12-30 10:15:00,1767069900,65916.71,66110.29,65885.89,65927.63,2361652
2025-12-30 11:15:00,1767073500,65927.63,66034.08,65906.56,65906.56,1769022
2025-12-30 12:15:00,1767077100,65913.93,66033.49,65897.22,65988.4,1125234
2025-12-30 13:15:00,1767080700,65989.06,66200.89,65985.99,66176.63,1336205
2025-12-30 14:15:00,1767084300,66175.82,66347.97,66126.53,66317.32,3715891
2025-12-30 15:15:00,1767087900,66319.48,66348.09,66218.55,66274.44,1840419
2025-12-31 09:15:00,1767152700,66362.01,66587.99,66274.67,66548.78,3386039
2025-12-31 10:15:00,1767156300,66547.07,66752.72,66508.74,66677.88,2443090
2025-12-31 11:15:00,1767159900,66676.3,66753.93,66627.92,66726.47,2004361
2025-12-31 12:15:00,1767163500,66727.55,66972.54,66719.29,66908.32,8870869
2025-12-31 13:15:00,1767167100,66906.16,66956.87,66840.41,66927.19,3408605
2025-12-31 14:15:00,1767170700,66925.56,66944.42,66709.57,66752.39,1714588
2025-12-31 15:15:00,1767174300,66751.31,66800.18,66715.95,66747.2,672075
2026-01-01 09:15:00,1767239100,66781.56,66920.39,66720.56,66844.87,2661531
2026-01-01 10:15:00,1767242700,66847.73,66949.06,66714.8,66912.98,2065752
2026-01-01 11:15:00,1767246300,66916.07,66950.46,66852.49,66858.64,1841484
2026-01-01 12:15:00,1767249900,66851.39,66909.72,66802.48,66859.62,1906253
2026-01-01 13:15:00,1767253500,66859.81,66894.71,66795.62,66872.77,1268183
2026-01-01 14:15:00,1767257100,66870.61,66943.78,66846.72,66888.79,2386483
2026-01-01 15:15:00,1767260700,66882.7,66953.72,66865.14,66912.37,1576952
2026-01-02 09:15:00,1767325500,67010.27,67324.26,66934.34,67305.67,4280877
2026-01-02 10:15:00,1767329100,67304.59,67339.86,67249.22,67329.15,9744366
2026-01-02 11:15:00,1767332700,67326.66,67483.51,67294.76,67471.24,6800461
2026-01-02 12:15:00,1767336300,67470.8,67484.12,67383.15,67425.05,2396974
2026-01-02 13:15:00,1767339900,67426.11,67493.09,67407.75,67440.71,2055612
2026-01-02 14:15:00,1767343500,67439.64,67470.16,67306.44,67438.8,4086868
2026-01-02 15:15:00,1767347100,67439.89,67561.37,67431.63,67561.37,2108418
2026-01-05 09:15:00,1767584700,67610.51,67856.35,67481.75,67730.22,7540826
2026-01-05 10:15:00,1767588300,67726.24,67769.49,67641.37,67712.25,4281523
2026-01-05 11:15:00,1767591900,67711.67,67720.15,67557.74,67682.13,3084950
2026-01-05 12:15:00,1767595500,67683.84,67696.92,67550.14,67557.14,4915544
2026-01-05 13:15:00,1767599100,67553.07,67582.84,67209.83,67295.16,3164100
2026-01-05 14:15:00,1767602700,67293.41,67591.92,67253.12,67506.31,5849110
2026-01-05 15:15:00,1767606300,67504.57,67512.28,67405.15,67477.91,1673191
2026-01-06 09:15:00,1767671100,67460.43,67812.01,67306.36,67789.85,10641552
2026-01-06 10:15:00,1767674700,67788.39,67807.57,67668.53,67696.75,4095574
2026-01-06 11:15:00,1767678300,67701.46,67739.87,67538.32,67694.01,2951051
2026-01-06 12:15:00,1767681900,67693.76,67723.54,67586.71,67673.12,1794386
2026-01-06 13:15:00,1767685500,67675.12,67675.12,67456.58,67465.67,2399874
2026-01-06 14:15:00,1767689100,67464.68,67583.33,67395.2,67577.26,2483374
2026-01-06 15:15:00,1767692700,67581.84,67584.59,67541.64,67557.23,1449946
2026-01-07 09:15:00,1767757500,66998.4,67576.38,66998.4,67415.58,10421414
2026-01-07 10:15:00,1767761100,67418.24,67537.76,67352.02,67498.51,4237791
2026-01-07 11:15:00,1767764700,67498.1,67599.01,67409.26,67420.83,5704255
2026-01-07 12:15:00,1767768300,67420.17,67449.51,67330.53,67382.38,8256332
2026-01-07 13:15:00,1767771900,67380.08,67393.06,67228.47,67316.42,7249913
2026-01-07 14:15:00,1767775500,67314.68,67552.57,67290.05,67540.84,10460815
2026-01-07 15:15:00,1767779100,67541.34,67549.95,67463.49,67503.84,2309322
2026-01-08 09:15:00,1767843900,67355.24,67598.44,67275.02,67420.33,15455084
2026-01-08 10:15:00,1767847500,67423.19,67497.99,67070.06,67101.27,6712853
2026-01-08 11:15:00,1767851100,67106.64,67154.76,66856.5,67052.19,4420985
2026-01-08 12:15:00,1767854700,67050.64,67121.94,66923.99,67075.82,2217058
2026-01-08 13:15:00,1767858300,67073.99,67124.98,66944.46,67096.56,1776573
2026-01-08 14:15:00,1767861900,67096.15,67141.39,66981.69,67003.55,4827067
2026-01-08 15:15:00,1767865500,66999.68,67023.87,66918.02,66970.37,1759924
2026-01-09 09:15:00,1767930300,66875.6,67132.12,66710.97,67020.94,6628665
2026-01-09 10:15:00,1767933900,67022.43,67124.49,66867.22,66904.88,3687861
2026-01-09 11:15:00,1767937500,66902.72,66949.99,66796.89,66804.96,3383756
2026-01-09 12:15:00,1767941100,66806.2,66829.8,66663.38,66712.04,2273970
2026-01-09 13:15:00,1767944700,66712.45,66778.72,66581.95,66582.69,2214820
2026-01-09 14:15:00,1767948300,66581.5,66702.82,66506.17,66656.86,2297963
2026-01-09 15:15:00,1767951900,66650.36,66659.51,66583.23,66627.83,1303665
2026-01-12 09:15:00,1768189500,66571,66749.24,66240.17,66391.51,6977670
2026-01-12 10:15:00,1768193100,66394.05,66565.47,66297.65,66297.65,2616918
2026-01-12 11:15:00,1768196700,66299.64,66382.01,66114.6,66382.01,3104487
2026-01-12 12:15:00,1768200300,66383.92,66932.81,66383.91,66883.56,2854494
2026-01-12 13:15:00,1768203900,66885.59,66931.26,66774.06,66806.96,1203189
2026-01-12 14:15:00,1768207500,66801.81,66917.39,66661.84,66831.16,2170981
2026-01-12 15:15:00,1768211100,66832.42,66971.63,66829.06,66970.37,978338
2026-01-13 09:15:00,1768275900,67077.87,67235.05,66800.72,66883.96,6042115
2026-01-13 10:15:00,1768279500,66883.55,67080.01,66854.94,66991.54,2402471
2026-01-13 11:15:00,1768283100,66989.5,67049.39,66808.29,66808.69,1705070
2026-01-13 12:15:00,1768286700,66806.33,66898.28,66588.87,66664.96,3386177
2026-01-13 13:15:00,1768290300,66662.82,66786.86,66539.56,66563.1,2964955
2026-01-13 14:15:00,1768293900,66564.19,66969.16,66539.51,66895.9,4548468
2026-01-13 15:15:00,1768297500,66896.92,66940.34,66862.16,66881.81,1057329
2026-01-14 09:15:00,1768362300,66665.37,67022.5,66665.37,66799.5,3646995
2026-01-14 10:15:00,1768365900,66798.84,67001.34,66680.67,66981.89,3304991
2026-01-14 11:15:00,1768369500,66969.71,67092.26,66917.13,66933.17,3057656
2026-01-14 12:15:00,1768373100,66930.74,67329.01,66892.01,67300.12,4533306
2026-01-14 13:15:00,1768376700,67298.33,67379.34,67080.79,67191.66,4513428
2026-01-14 14:15:00,1768380300,67190.51,67284.58,67010.52,67180.14,4336715
2026-01-14 15:15:00,1768383900,67187.98,67194.59,67124.96,67155.49,1575656
2026-01-16 09:15:00,1768535100,67230.03,67816.6,67119.89,67812.06,11960241
2026-01-16 10:15:00,1768538700,67805.35,67963.25,67747.11,67779.87,7118518
2026-01-16 11:15:00,1768542300,67779.29,67918.26,67771.58,67879.16,3806922
2026-01-16 12:15:00,1768545900,67879.66,67916.74,67676.77,67810.95,10684027
2026-01-16 13:15:00,1768549500,67813.13,67913.94,67738.49,67832,3592873
2026-01-16 14:15:00,1768553100,67830.92,67989.13,67783.81,67954.48,4400140
2026-01-16 15:15:00,1768556700,67949.11,68016.1,67922.98,67959.45,2117568
2026-01-19 09:15:00,1768794300,67897.02,67952.06,67396.11,67568.31,16440152
2026-01-19 10:15:00,1768797900,67568.36,67667.58,67515.69,67563.99,4845932
2026-01-19 11:15:00,1768801500,67562.92,67652.47,67517.32,67612.06,1874950
2026-01-19 12:15:00,1768805100,67612.54,67730.2,67604.42,67684.3,1934814
2026-01-19 13:15:00,1768808700,67685.06,67831.86,67563.95,67634.53,4734612
2026-01-19 14:15:00,1768812300,67633.94,67796.82,67595.74,67708.39,3067182
2026-01-19 15:15:00,1768815900,67712.2,67714.83,67598.79,67624.62,1314154
2026-01-20 09:15:00,1768880700,67595.62,67819.5,67250.98,67314.93,9450619
2026-01-20 10:15:00,1768884300,67311.52,67403.14,67245.79,67297.22,5535823
2026-01-20 11:15:00,1768887900,67291.2,67450.53,67230.48,67261.78,3570391
2026-01-20 12:15:00,1768891500,67264.19,67296.62,67162.07,67213.26,2595783
2026-01-20 13:15:00,1768895100,67211.1,67280.64,66936.01,66944.15,2498632
2026-01-20 14:15:00,1768898700,66941.41,67114.62,66900.9,66909.27,3080810
2026-01-20 15:15:00,1768902300,66909.33,66953.93,66777.82,66847.44,2783242
2026-01-21 09:15:00,1768967100,66643.2,67064.42,66466.1,66504.46,4952382
2026-01-21 10:15:00,1768970700,66500.46,66500.64,65631.25,66058.34,2956102
2026-01-21 11:15:00,1768974300,66052.46,66254.17,65923.72,66235.88,1281312
2026-01-21 12:15:00,1768977900,66237.2,66844.67,66135.68,66554.66,1433537
2026-01-21 13:15:00,1768981500,66550.66,66611.23,66155.48,66193.04,1085443
2026-01-21 14:15:00,1768985100,66191.12,66386.23,66153.34,66246.13,1446977
2026-01-21 15:15:00,1768988700,66242.92,66307.73,66201.86,66248.02,781590
2026-01-22 09:15:00,1769053500,66629.45,67277.78,66629.45,66987.12,4238466
2026-01-22 10:15:00,1769057100,66987.77,67016.08,66464.06,66509.87,3109531
2026-01-22 11:15:00,1769060700,66509.62,66669.99,66410.83,66601.02,2135029
2026-01-22 12:15:00,1769064300,66606.05,66771.64,66512.58,66557.12,1449775
2026-01-22 13:15:00,1769067900,66551.81,66756.43,66517.94,66655.31,2130642
2026-01-22 14:15:00,1769071500,66653.69,66857.48,66590.57,66815.4,2649186
2026-01-22 15:15:00,1769075100,66816.68,66921.42,66806.62,66900.99,1052121
2026-01-23 09:15:00,1769139900,66899.52,67065.36,66639.09,66723.14,3623192
2026-01-23 10:15:00,1769143500,66719.57,66886.11,66657.17,66857.99,2337882
2026-01-23 11:15:00,1769147100,66857.74,66868.9,66497.32,66521.83,3988250
2026-01-23 12:15:00,1769150700,66520.75,66715.43,66452.15,66499.69,3705003
2026-01-23 13:15:00,1769154300,66492.63,66495.23,65957.5,65979.24,3239921
2026-01-23 14:15:00,1769157900,65980.99,66113.68,65853.15,65918.18,3930943
2026-01-23 15:15:00,1769161500,65922.95,65957.47,65731.37,65899.32,1560447
2026-01-27 09:15:00,1769485500,65786.33,66117.58,65504.25,66108.61,6720229
2026-01-27 10:15:00,1769489100,66112.26,66188.83,65765.21,65951.88,2929670
2026-01-27 11:15:00,1769492700,65952.47,66282.37,65937.16,66138.7,1682197
2026-01-27 12:15:00,1769496300,66138.52,66169.77,65935.17,66047.98,2843100
2026-01-27 13:15:00,1769499900,66044.41,66172.02,65971.82,66057.89,7162590
2026-01-27 14:15:00,1769503500,66058.55,66653.77,66021.3,66609.8,3337084
2026-01-27 15:15:00,1769507100,66608.85,66934.84,66601.93,66827.9,1474802
2026-01-28 09:15:00,1769571900,66994.81,67094.32,66801.52,66854.98,6397658
2026-01-28 10:15:00,1769575500,66854.32,67063.51,66779.27,66989.03,4331153
2026-01-28 11:15:00,1769579100,66986.88,67151.43,66978.27,67021.75,3346875
2026-01-28 12:15:00,1769582700,67020.85,67037.53,66900.28,67026.41,2803399
2026-01-28 13:15:00,1769586300,67025.42,67081.11,66716.32,66814.31,3193997
2026-01-28 14:15:00,1769589900,66812.6,67213.63,66747.38,67157.55,3202181
2026-01-28 15:15:00,1769593500,67154.33,67224.25,67136.41,67156.4,1532786
2026-01-29 09:15:00,1769658300,67137.51,67252.9,66949.2,67150.26,5252851
2026-01-29 10:15:00,1769661900,67149.77,67301.35,67053.12,67268.21,1623904
2026-01-29 11:15:00,1769665500,67266.46,67325.55,67155.41,67218.99,2587245
2026-01-29 12:15:00,1769669100,67216.87,67403.3,67189.05,67341.31,3083802
2026-01-29 13:15:00,1769672700,67343.9,67474.64,67236.37,67432.91,2893765
2026-01-29 14:15:00,1769676300,67432.05,67523.8,67359.08,67373.07,6800352
2026-01-29 15:15:00,1769679900,67368.75,67508.85,67368.75,67450.76,6078084
2026-01-30 09:15:00,1769744700,66980.92,67383.64,66914.16,67369.01,5533671
2026-01-30 10:15:00,1769748300,67367.02,67391.72,67227.11,67250.6,2451570
2026-01-30 11:15:00,1769751900,67251.68,67376.65,67177.59,67290.41,2540045
2026-01-30 12:15:00,1769755500,67292.4,67333.65,67022.05,67026.06,2930973
2026-01-30 13:15:00,1769759100,67024.47,67251.6,66923.28,67211.36,2096528
2026-01-30 14:15:00,1769762700,67209.65,67233.64,67023.14,67069.72,2752845
2026-01-30 15:15:00,1769766300,67065.59,67117.64,66997.82,67077.07,1038085
2026-02-01 09:15:00,1769917500,67070.13,67162.73,66743.25,66991.79,3722497
2026-02-01 10:15:00,1769921100,66993.07,67267.22,66990.69,67164.41,1092128
2026-02-01 11:15:00,1769924700,67171.05,67312.85,66507.4,66543.35,2408567
2026-02-01 12:15:00,1769928300,66554.03,66554.03,64929.14,66279.94,3891344
2026-02-01 13:15:00,1769931900,66283.82,66387.84,66015.09,66083.35,1146185
2026-02-01 14:15:00,1769935500,66091.08,66271.43,65734.87,65771.82,1311164
2026-02-01 15:15:00,1769939100,65777.57,65782.36,65495.2,65495.2,826336
2026-02-02 09:15:00,1770003900,65432.44,65735.69,65005.22,65462.06,4062611
2026-02-02 10:15:00,1770007500,65455.99,65489.03,64919.71,65098.14,2517867
2026-02-02 11:15:00,1770011100,65095.99,65401.27,64951.4,65378.34,1949819
2026-02-02 12:15:00,1770014700,65375.8,65513.43,65256.83,65372.45,1452051
2026-02-02 13:15:00,1770018300,65373.94,65661.34,65148.6,65530.77,1689342
2026-02-02 14:15:00,1770021900,65529.01,65921.67,65444.67,65905.33,1470443
2026-02-02 15:15:00,1770025500,65900.08,65985.15,65850.92,65908.56,700428
2026-02-03 09:15:00,1770090300,68682.08,69406.97,67147.01,67265.19,8055326
2026-02-03 10:15:00,1770093900,67267.51,67628.83,67267.51,67536.54,1507742
2026-02-03 11:15:00,1770097500,67539.37,67650.44,67518.9,67557.77,1245397
2026-02-03 12:15:00,1770101100,67554,67578.27,67445.01,67516.28,1614572
2026-02-03 13:15:00,1770104700,67515.77,67599.93,67412.37,67577.29,1735662
2026-02-03 14:15:00,1770108300,67579.82,67610.01,67359.74,67431.58,1709351
2026-02-03 15:15:00,1770111900,67433.9,67490.73,67382.38,67416.65,1134368
2026-02-04 09:15:00,1770176700,67427.34,67774.14,67222.44,67708.03,3947691
2026-02-04 10:15:00,1770180300,67708.21,67738.11,67545.57,67623.29,3146737
2026-02-04 11:15:00,1770183900,67622.21,67696.23,67547.93,67679.41,1452018
2026-02-04 12:15:00,1770187500,67677.34,67694.69,67526.52,67641.38,4152544
2026-02-04 13:15:00,1770191100,67638.76,67804.52,67601.5,67801.86,5336650
2026-02-04 14:15:00,1770194700,67806.25,67865.7,67700.81,67721.99,1994606
2026-02-04 15:15:00,1770198300,67727.83,67768.43,67600.12,67610.23,1086535
2026-02-05 09:15:00,1770263100,67670.66,67850.91,67550.36,67648.63,4252197
2026-02-05 10:15:00,1770266700,67643.53,67761.51,67440.51,67539.57,4527176
2026-02-05 11:15:00,1770270300,67538.51,67590.03,67464.41,67477.12,2496336
2026-02-05 12:15:00,1770273900,67476.46,67507.88,67420.59,67467.38,2335485
2026-02-05 13:15:00,1770277500,67479.55,67550.64,67367.54,67404.48,2645284
2026-02-05 14:15:00,1770281100,67404.37,67620.65,67342.35,67573.41,5133532
2026-02-05 15:15:00,1770284700,67571.65,67571.65,67475.05,67499.73,1476279
2026-02-06 09:15:00,1770349500,67453.78,67596.56,67297.05,67354.25,1993635
2026-02-06 10:15:00,1770353100,67354.79,67444.59,67015.11,67181.22,1470187
2026-02-06 11:15:00,1770356700,67186.31,67405.29,67132.23,67256.31,1154690
2026-02-06 12:15:00,1770360300,67256.86,67263.84,67071.12,67149.51,919714
2026-02-06 13:15:00,1770363900,67146.78,67392.27,67126.67,67338.03,666409
2026-02-06 14:15:00,1770367500,67334.21,67583.04,67320.07,67570.15,1204148
2026-02-06 15:15:00,1770371100,67568.34,67581.48,67500.19,67537.88,714385
2026-02-09 09:15:00,1770608700,68216.77,68369.46,67907.91,68111.06,6138369
2026-02-09 10:15:00,1770612300,68116.6,68201.43,68050.26,68121.21,3503404
2026-02-09 11:15:00,1770615900,68124.48,68144.8,68051.46,68082.43,2030894
2026-02-09 12:15:00,1770619500,68084.59,68111.75,67936.54,68034.67,971623
2026-02-09 13:15:00,1770623100,68029.95,68058.31,67985.65,68017.86,1291348
2026-02-09 14:15:00,1770626700,68019.35,68128.93,67988.01,68101.56,2671604
2026-02-09 15:15:00,1770630300,68099.76,68129.48,68055.65,68083.7,671476
2026-02-10 09:15:00,1770695100,68280.32,68281.4,67981.82,68078.18,4565450
2026-02-10 10:15:00,1770698700,68076.94,68194.66,68059.83,68135.41,2743175
2026-02-10 11:15:00,1770702300,68132.14,68153.25,68068.41,68103.07,5364123
2026-02-10 12:15:00,1770705900,68103.82,68192.52,68085.51,68165,1228243
2026-02-10 13:15:00,1770709500,68168.39,68184.73,67907.8,68020.28,1585222
2026-02-10 14:15:00,1770713100,68021.7,68083.06,67986.65,67995.68,1692857
2026-02-10 15:15:00,1770716700,67991.59,68030.01,67906.3,67948.9,1942418
2026-02-11 09:15:00,1770781500,67942.86,68112.01,67728.95,67792.23,7192254
2026-02-11 10:15:00,1770785100,67794.15,68030.17,67780.64,68029.96,3575507
2026-02-11 11:15:00,1770788700,68033.15,68133.09,67988.74,68015.52,2309610
2026-02-11 12:15:00,1770792300,68012.87,68062.91,67957.49,68003.13,1274951
2026-02-11 13:15:00,1770795900,68002.63,68105.83,67998.05,68084.09,1172689
2026-02-11 14:15:00,1770799500,68084.58,68139.31,68024.38,68117.45,2567337
2026-02-11 15:15:00,1770803100,68126.53,68127.26,68057.09,68073.47,449050
2026-02-12 09:15:00,1770867900,68041.87,68161.19,67969.79,68148.34,6991555
2026-02-12 10:15:00,1770871500,68136.42,68179.03,68069.5,68142.39,4419670
2026-02-12 11:15:00,1770875100,68140.81,68140.81,67980.76,68003.5,2455048
2026-02-12 12:15:00,1770878700,68008.33,68140.87,67993.82,68083.59,1178484
2026-02-12 13:15:00,1770882300,68083.34,68179.84,68050.86,68130.78,1643302
2026-02-12 14:15:00,1770885900,68124.98,68157.32,67893.58,68077.58,5009013
2026-02-12 15:15:00,1770889500,68072.08,68113.82,68025.86,68057.84,1271933
2026-02-13 09:15:00,1770954300,67781.16,67880.12,67621.47,67624.53,7904656
2026-02-13 10:15:00,1770957900,67624.03,67701.96,67476.22,67524.75,2324268
2026-02-13 11:15:00,1770961500,67524.94,67573.09,67465.71,67564.45,1178174
2026-02-13 12:15:00,1770965100,67563.71,67710.57,67519.11,67621.51,1370649
2026-02-13 13:15:00,1770968700,67621.51,67631.51,67488.56,67582.36,4646061
2026-02-13 14:15:00,1770972300,67583.58,67598.91,67515.67,67524.12,1566147
2026-02-13 15:15:00,1770975900,67526.71,67537.26,67349.46,67445.32,882599
2026-02-16 09:15:00,1771213500,67228.89,67683.07,67090.89,67675.75,4913129
2026-02-16 10:15:00,1771217100,67676.91,67727.21,67587.12,67677.45,6225045
2026-02-16 11:15:00,1771220700,67676.38,67761.14,67622.83,67749.51,3182325
2026-02-16 12:15:00,1771224300,67748.18,68054.16,67709.05,68002.75,3791859
2026-02-16 13:15:00,1771227900,68001.42,68131.5,67962.3,68091.96,2139893
2026-02-16 14:15:00,1771231500,68090.47,68339.31,68090.47,68273.16,2998578
2026-02-16 15:15:00,1771235100,68281.15,68363.66,68257.93,68347.42,901239
2026-02-17 09:15:00,1771299900,68227.85,68256.78,67867.3,68245.23,4322303
2026-02-17 10:15:00,1771303500,68245.73,68613.5,68242.23,68473.21,3038245
2026-02-17 11:15:00,1771307100,68470.16,68638.22,68440.09,68606.3,3126022
2026-02-17 12:15:00,1771310700,68615.42,68678.43,68569.75,68615.51,2379318
2026-02-17 13:15:00,1771314300,68616.17,68736.41,68523.85,68523.98,3708849
2026-02-17 14:15:00,1771317900,68523.63,68686.87,68510.53,68649.79,1304677
2026-02-17 15:15:00,1771321500,68649.69,68690.48,68604.91,68617.54,985641
2026-02-18 09:15:00,1771386300,68705.1,68834.31,68616.26,68773.34,4928861
2026-02-18 10:15:00,1771389900,68771.29,68844.67,68726.19,68781.73,1452943
2026-02-18 11:15:00,1771393500,68787.06,68860.9,68729.61,68843.38,1008105
2026-02-18 12:15:00,1771397100,68839.6,68937.63,68816.12,68917.12,3017211
2026-02-18 13:15:00,1771400700,68916.05,68971.85,68827.78,68945.84,1452157
2026-02-18 14:15:00,1771404300,68945.38,69206.48,68940.38,69150.2,1567480
2026-02-18 15:15:00,1771407900,69148.4,69190.47,69096.05,69157.18,1102283
2026-02-19 09:15:00,1771472700,69281.93,69297.88,68966.72,68987.22,3633138
2026-02-19 10:15:00,1771476300,68986.31,69009.39,68843.85,68911.69,1431160
2026-02-19 11:15:00,1771479900,68914.94,68939.11,68651.75,68656.17,1635476
2026-02-19 12:15:00,1771483500,68656.34,68746.77,68517.75,68675.56,1315109
2026-02-19 13:15:00,1771487100,68677.61,68703.35,68460.48,68520.05,2184193
2026-02-19 14:15:00,1771490700,68517.39,68611.94,68223.91,68251.89,3412560
2026-02-19 15:15:00,1771494300,68253.07,68262.03,68094.15,68148.36,868121
2026-02-20 09:15:00,1771559100,68125.31,68753.75,68045.52,68598.64,4812147
2026-02-20 10:15:00,1771562700,68599.44,68816.2,68599.44,68725.4,1905677
2026-02-20 11:15:00,1771566300,68726.61,68877.52,68726.61,68806.4,2755216
2026-02-20 12:15:00,1771569900,68808.11,69016.06,68576.16,68639.79,2267399
2026-02-20 13:15:00,1771573500,68642.58,68900.31,68602.27,68844.07,907769
2026-02-20 14:15:00,1771577100,68842.66,68956.92,68767.97,68790.45,1614771
2026-02-20 15:15:00,1771580700,68791.11,68829.91,68721.48,68778.9,872938
2026-02-23 09:15:00,1771818300,68494.11,69015.22,68494.11,68674.68,25282003
2026-02-23 10:15:00,1771821900,68676.24,68760.26,68477.91,68689.25,9205096
2026-02-23 11:15:00,1771825500,68688.03,68689.91,68437.91,68518.85,4815375
2026-02-23 12:15:00,1771829100,68527.51,68581.66,68407.74,68462.83,3907202
2026-02-23 13:15:00,1771832700,68464.23,68578.58,68394.76,68470.21,3761474
2026-02-23 14:15:00,1771836300,68469.8,68702.43,68432.44,68663.54,5024200
2026-02-23 15:15:00,1771839900,68657.48,68715.06,68631.72,68673.32,1441010
2026-02-24 09:15:00,1771904700,68600.15,68736.7,68492.35,68643.94,7989406
2026-02-24 10:15:00,1771908300,68645.56,68757.15,68602.91,68739.8,2357428
2026-02-24 11:15:00,1771911900,68737.64,68924.46,68625.23,68655.62,2589598
2026-02-24 12:15:00,1771915500,68658.1,68658.1,68311.8,68461.74,2414188
2026-02-24 13:15:00,1771919100,68458.12,68539.78,68171.15,68529.29,2225668
2026-02-24 14:15:00,1771922700,68532.31,68651.34,68396.13,68503.9,8423950
2026-02-24 15:15:00,1771926300,68503.09,68615.66,68501.89,68604.55,1218334
2026-02-25 09:15:00,1771991100,68719.86,68847.24,68637.54,68749.48,6819248
2026-02-25 10:15:00,1771994700,68749.54,68840.77,68546.28,68629.03,4018432
2026-02-25 11:15:00,1771998300,68621.19,68662.45,68558.24,68575.11,1771298
2026-02-25 12:15:00,1772001900,68572.46,68662.58,68283.02,68367.36,2664654
2026-02-25 13:15:00,1772005500,68369.35,68446.33,68275.43,68364.63,2237200
2026-02-25 14:15:00,1772009100,68363.55,68621.71,68356.44,68548.51,2785818
2026-02-25 15:15:00,1772012700,68552.26,68586.27,68509.45,68539.95,12296291
2026-02-26 09:15:00,1772077500,68670,68877.81,68655.88,68744.26,8320084
2026-02-26 10:15:00,1772081100,68745.99,68751.14,68594.99,68684.96,4826972
2026-02-26 11:15:00,1772084700,68684.53,68743.78,68515.36,68517.45,3422690
2026-02-26 12:15:00,1772088300,68519.47,68547.37,68376.37,68456.16,2692163
2026-02-26 13:15:00,1772091900,68459.1,68577.65,68415.27,68530.59,2746200
2026-02-26 14:15:00,1772095500,68532.28,68930.95,68508.87,68836.63,8965840
2026-02-26 15:15:00,1772099100,68839.25,68879.32,68719.77,68719.77,2582333
2026-02-27 09:15:00,1772163900,68712.97,68722.43,68259.21,68299.81,4647395
2026-02-27 10:15:00,1772167500,68302.78,68460.33,68236.97,68374.84,2917385
2026-02-27 11:15:00,1772171100,68379.48,68435.45,68215.91,68338.32,2016993
2026-02-27 12:15:00,1772174700,68337.51,68408.12,68294.36,68334.04,2353962
2026-02-27 13:15:00,1772178300,68334.67,68514.57,68278.61,68425.65,2184826
2026-02-27 14:15:00,1772181900,68430.53,68468.08,68034.76,68127.18,2876325
2026-02-27 15:15:00,1772185500,68120.73,68166.35,68029.64,68056.9,1314474
2026-03-02 09:15:00,1772423100,65513.32,67719.95,65513.32,67400.13,13042249
2026-03-02 10:15:00,1772426700,67396.66,67425.15,67186.59,67340.93,4146075
2026-03-02 11:15:00,1772430300,67344.67,67375.54,67181.4,67192.34,4255406
2026-03-02 12:15:00,1772433900,67190.1,67258.36,67047.83,67082.34,2888114
2026-03-02 13:15:00,1772437500,67081.85,67189.77,66737.97,67172.51,3569815
2026-03-02 14:15:00,1772441100,67176.76,67372.01,67045.68,67372.01,3724987
2026-03-02 15:15:00,1772444700,67368.92,67417.46,67301.64,67335.39,1094610
2026-03-04 09:15:00,1772595900,65660.27,66382.06,65649.52,66007.65,9306700
2026-03-04 10:15:00,1772599500,66008.43,66045.05,65675.57,65886.17,2833775
2026-03-04 11:15:00,1772603100,65890.82,65904.18,65695.23,65703.39,2727986
2026-03-04 12:15:00,1772606700,65703.78,66011.88,65673.57,65988.29,1648328
2026-03-04 13:15:00,1772610300,65993.49,66266.16,65848.07,66259.39,2357837
2026-03-04 14:15:00,1772613900,66263.77,66354.5,65913.72,65976,1958076
2026-03-04 15:15:00,1772617500,65977.08,66067.64,65923.42,66014.03,1423053
2026-03-05 09:15:00,1772682300,66228.04,66446.6,66142.02,66294.47,2294180
2026-03-05 10:15:00,1772685900,66295.79,66502.92,66170.27,66458.8,1583344
2026-03-05 11:15:00,1772689500,66461.17,66475.44,65958.77,66056.21,1188841
2026-03-05 12:15:00,1772693100,66055.13,66242.01,65985.77,66138.68,599394
2026-03-05 13:15:00,1772696700,66139.35,66199.68,65793.69,65799.89,737579
2026-03-05 14:15:00,1772700300,65800.88,66633.58,65754.43,66232.92,4252905
2026-03-05 15:15:00,1772703900,66240.57,66365.45,66213.09,66323.84,621723
2026-03-06 09:15:00,1772768700,65911.81,65985.87,65717.49,65752.3,3255008
2026-03-06 10:15:00,1772772300,65752.11,65794.64,65631.37,65685.76,1824741
2026-03-06 11:15:00,1772775900,65681.12,65785.12,65588.87,65653.34,1121198
2026-03-06 12:15:00,1772779500,65648.86,65669.7,65525.89,65562.34,873613
2026-03-06 13:15:00,1772783100,65561.31,65622.75,65450.9,65535.37,895639
2026-03-06 14:15:00,1772786700,65537.67,65591.91,64940.78,64962.07,4807855
2026-03-06 15:15:00,1772790300,64959.6,65046.44,64901.53,65016.64,1349915
2026-03-09 09:15:00,1773027900,63295.52,63295.52,62137.48,62408.28,10076212
2026-03-09 10:15:00,1773031500,62399.57,62733.7,62105.58,62480.07,3525235
2026-03-09 11:15:00,1773035100,62476.52,62887.19,62426.85,62573.31,1907092
2026-03-09 12:15:00,1773038700,62574.77,62735.04,62518.19,62583.98,1418552
2026-03-09 13:15:00,1773042300,62584.52,62808.03,62522.01,62528.15,2337683
2026-03-09 14:15:00,1773045900,62526.77,63035.06,62459.44,63027.32,3134763
2026-03-09 15:15:00,1773049500,63011.09,63042.77,62931.95,63000.44,1069602
2026-03-10 09:15:00,1773114300,63507.37,63810.02,63376.71,63681.69,5857504
2026-03-10 10:15:00,1773117900,63681.67,64010.63,63681.67,63915.12,2117832
2026-03-10 11:15:00,1773121500,63920.35,64045.74,63814.74,63814.74,1349021
2026-03-10 12:15:00,1773125100,63811.37,64003.63,63675.75,63878.47,1222723
2026-03-10 13:15:00,1773128700,63877.22,64167.43,63799.42,64162.24,5658072
2026-03-10 14:15:00,1773132300,64164.96,64184.07,63854.16,63994.32,1953624
2026-03-10 15:15:00,1773135900,63996.08,64177.64,63988.87,64116.84,1130311
2026-03-11 09:15:00,1773200700,64023.91,64029.97,63572.55,63613.46,3151894
2026-03-11 10:15:00,1773204300,63614.54,63662.01,63349.49,63368.6,1735798
2026-03-11 11:15:00,1773207900,63369.14,63369.97,63025.46,63128.42,1354642
2026-03-11 12:15:00,1773211500,63131.83,63197.42,62972.14,62977.44,1354805
2026-03-11 13:15:00,1773215100,62975.28,63141.01,62899.35,62947.62,1467136
2026-03-11 14:15:00,1773218700,62945.79,63085.9,62664.41,62684.67,2375756
2026-03-11 15:15:00,1773222300,62689.93,62752.73,62603.1,62639.13,1280220
2026-03-12 09:15:00,1773287100,62030.68,62117.22,61548.61,61854.57,5722977
2026-03-12 10:15:00,1773290700,61848.85,62275.37,61797.94,62167.93,2212784
2026-03-12 11:15:00,1773294300,62165.94,62192.16,61918.19,62118.87,1596850
2026-03-12 12:15:00,1773297900,62128.82,62255.2,61981.35,62105.32,1300166
2026-03-12 13:15:00,1773301500,62104.66,62601.29,62073.8,62288.84,2151214
2026-03-12 14:15:00,1773305100,62289.64,62367.82,61871.6,61945.85,2714437
2026-03-12 15:15:00,1773308700,61947.56,62052.05,61946.32,62050.57,1323340
2026-03-13 09:15:00,1773373500,61439.21,61559.01,60878,60920.83,5245360
2026-03-13 10:15:00,1773377100,60917.82,60955.06,60708.55,60812.66,3830029
2026-03-13 11:15:00,1773380700,60811.08,61071.93,60766,60847.34,1924630
2026-03-13 12:15:00,1773384300,60849.24,60862.43,60465.63,60536.1,2801720
2026-03-13 13:15:00,1773387900,60527.46,60637.12,60380.27,60635.38,2959515
2026-03-13 14:15:00,1773391500,60647.19,60870.29,60433.84,60497.14,3139263
2026-03-13 15:15:00,1773395100,60481.23,60500.24,60389.78,60481.52,973140
2026-03-16 09:15:00,1773632700,60237.73,60917.54,60237.73,60509.8,7927185
2026-03-16 10:15:00,1773636300,60507.33,60507.33,59840.13,60211.26,3889741
2026-03-16 11:15:00,1773639900,60213.74,60569.86,60205.08,60283.03,2429851
2026-03-16 12:15:00,1773643500,60283.69,60386.26,60092.94,60160.41,2932298
2026-03-16 13:15:00,1773647100,60161.53,60403.2,60160.64,60326.18,2645016
2026-03-16 14:15:00,1773650700,60326.58,61369.38,60279.63,61196.72,4493490
2026-03-16 15:15:00,1773654300,61191.92,61199.97,60914.73,60953.83,1105003
2026-03-17 09:15:00,1773719100,61398.38,61404.41,60765.54,61162.63,4129201
2026-03-17 10:15:00,1773722700,61164.42,61410.61,60967.81,61062.63,2038084
2026-03-17 11:15:00,1773726300,61060.57,61105.01,60859.74,61085.18,1608025
2026-03-17 12:15:00,1773729900,61082.24,61291.37,60932.01,61291.37,1355565
2026-03-17 13:15:00,1773733500,61292.45,61540.16,61227.27,61520.37,1463326
2026-03-17 14:15:00,1773737100,61518.22,61777.96,61293.93,61743.37,2443958
2026-03-17 15:15:00,1773740700,61747.66,61747.66,61589.54,61653.04,698786
2026-03-18 09:15:00,1773805500,61766.31,61953.63,61481.74,61582.17,4049845
2026-03-18 10:15:00,1773809100,61586.11,61905.67,61580.84,61901.02,1142033
2026-03-18 11:15:00,1773812700,61901.27,62209.05,61824.5,62112.06,1299986
2026-03-18 12:15:00,1773816300,62114.85,62189.94,61986.86,62117.01,1541766
2026-03-18 13:15:00,1773819900,62116.31,62362.51,62091.77,62265.71,1360559
2026-03-18 14:15:00,1773823500,62265.48,62453.53,62172.17,62213.16,1506478
2026-03-18 15:15:00,1773827100,62214.2,62238.95,62092.73,62209.11,581453
2026-03-19 09:15:00,1773891900,60257.13,60868.86,60187.13,60367.52,6504602
2026-03-19 10:15:00,1773895500,60364.2,60711.37,60248.54,60472.63,2987457
2026-03-19 11:15:00,1773899100,60476.75,60751.63,60384.25,60734.3,1614509
2026-03-19 12:15:00,1773902700,60754.41,60894.45,60631.19,60649.28,2266366
2026-03-19 13:15:00,1773906300,60638.06,60705.51,60339.51,60373.47,1641897
2026-03-19 14:15:00,1773909900,60374.77,60483.53,59852.6,60015.33,5146166
2026-03-19 15:15:00,1773913500,60008.68,60390.5,60001.19,60390.5,2163638
2026-03-20 09:15:00,1773978300,60328.88,61246.8,60287.58,60845.19,6825604
2026-03-20 10:15:00,1773981900,60847.66,61005.13,60733.17,60940.93,2958738
2026-03-20 11:15:00,1773985500,60948.89,61144.08,60566.8,60630.75,2616272
2026-03-20 12:15:00,1773989100,60630.5,60732,60278.94,60663.83,2059270
2026-03-20 13:15:00,1773992700,60666.8,60785.97,60439.01,60494.91,1146473
2026-03-20 14:15:00,1773996300,60495.99,60505.14,60095.9,60118.76,2918609
2026-03-20 15:15:00,1773999900,60111.84,60227.04,60027.26,60164.46,1109927
2026-03-23 09:15:00,1774237500,59357.21,59360.52,58299.53,58319.75,7516120
2026-03-23 10:15:00,1774241100,58319.26,58404.34,58042.92,58234.07,5240576
2026-03-23 11:15:00,1774244700,58235.71,58300.26,58090.72,58172.98,2358240
2026-03-23 12:15:00,1774248300,58174.62,58268.74,57985.31,58026.98,3024767
2026-03-23 13:15:00,1774251900,58040.93,58526.42,58028.8,58420.67,3033190
2026-03-23 14:15:00,1774255500,58422.47,58476.44,57806.59,57818.07,4468075
2026-03-23 15:15:00,1774259100,57818.83,57935.82,57721.41,57917.35,2202003
2026-03-24 09:15:00,1774323900,59240.31,59240.31,58493.36,58582.58,7466294
2026-03-24 10:15:00,1774327500,58583.29,58768.06,58304.58,58431.44,2701455
2026-03-24 11:15:00,1774331100,58458.56,58700.96,58407.23,58477.16,1968351
2026-03-24 12:15:00,1774334700,58473.96,59461.45,58468.85,59344.89,3387627
2026-03-24 13:15:00,1774338300,59351.86,59556.5,59270.05,59422.44,2603891
2026-03-24 14:15:00,1774341900,59417.78,59518.65,59123.43,59145.49,3308298
2026-03-24 15:15:00,1774345500,59140.96,59350.94,59072.53,59311.53,1090987
2026-03-25 09:15:00,1774410300,59653.34,60493.84,59653.34,60437.39,6727014
2026-03-25 10:15:00,1774413900,60438.47,60753.93,60349.85,60753.93,3308428
2026-03-25 11:15:00,1774417500,60749.6,60892.59,60460.49,60890.07,2707237
2026-03-25 12:15:00,1774421100,60887.43,60961.92,60635.23,60702.46,2749186
2026-03-25 13:15:00,1774424700,60705.3,60926.51,60635.46,60697.45,2290812
2026-03-25 14:15:00,1774428300,60697.23,60714.94,60357.43,60414.82,4753281
2026-03-25 15:15:00,1774431900,60413.5,60499,60386.17,60441.81,2162894
2026-03-27 09:15:00,1774583100,59960.11,59960.11,59196.06,59210.46,5828199
2026-03-27 10:15:00,1774586700,59211.56,59356.05,59100.09,59164.06,2699900
2026-03-27 11:15:00,1774590300,59167.82,59184.06,58990.02,59039.38,3508510
2026-03-27 12:15:00,1774593900,59038.66,59244.9,58974.55,59194.6,2551284
2026-03-27 13:15:00,1774597500,59197.43,59293.9,58979.03,59060.57,4853597
2026-03-27 14:15:00,1774601100,59058.67,59061.01,58768.36,58865.95,8655882
2026-03-27 15:15:00,1774604700,58868.52,58924.53,58782.71,58924.53,4131947
2026-03-30 09:15:00,1774842300,57854.06,58104.92,57303.87,57518.06,9494876
2026-03-30 10:15:00,1774845900,57516.98,57534.81,57167,57211.98,4674867
2026-03-30 11:15:00,1774849500,57217.59,57364.64,57119.27,57328.19,4860324
2026-03-30 12:15:00,1774853100,57322.02,57400.42,57108.32,57152.8,3728190
2026-03-30 13:15:00,1774856700,57149.45,57192.2,56948.06,56964.52,3175122
2026-03-30 14:15:00,1774860300,56963.85,56977.7,56405.56,56614.32,6347096
2026-03-30 15:15:00,1774863900,56611.71,56751.02,56569.58,56678.95,2630395
2026-04-01 09:15:00,1775015100,57878.14,58289.66,57841.84,57895.25,7583094
2026-04-01 10:15:00,1775018700,57890.94,57920.34,57542.08,57636.63,2881427
2026-04-01 11:15:00,1775022300,57638.26,58124.87,57596.72,58107.39,3176898
2026-04-01 12:15:00,1775025900,58108.89,58472.61,58058.13,58471.03,2268492
2026-04-01 13:15:00,1775029500,58469.79,58525.99,57857.01,58204.51,4039658
2026-04-01 14:15:00,1775033100,58207.03,58218.18,57810.95,57849.36,2239380
2026-04-01 15:15:00,1775036700,57850.66,57987.6,57848.4,57961.71,663466
2026-04-02 09:15:00,1775101500,57039.34,57039.34,56268.99,56461.86,4958624
2026-04-02 10:15:00,1775105100,56465.1,56465.1,56230.38,56407.81,1419035
2026-04-02 11:15:00,1775108700,56409.89,56539.31,56339.44,56441.73,1545895
2026-04-02 12:15:00,1775112300,56436.46,56859.1,56312.61,56716.09,2588965
2026-04-02 13:15:00,1775115900,56715.49,57549.54,56707.55,57545.88,2367709
2026-04-02 14:15:00,1775119500,57541.36,58196.7,57360.29,58132.51,4327823
2026-04-02 15:15:00,1775123100,58128.97,58202.59,57918.1,58058.36,2123177
2026-04-06 09:15:00,1775447100,58122.82,58374.56,57496.27,57931.49,7256895
2026-04-06 10:15:00,1775450700,57935.13,58140.34,57791.83,57850.35,2744640
2026-04-06 11:15:00,1775454300,57849.6,58258.27,57842.19,58131.93,1656524
2026-04-06 12:15:00,1775457900,58132.64,58764.83,58085.77,58742.48,1912154
2026-04-06 13:15:00,1775461500,58745.49,58956.36,58679.35,58951.66,1425831
2026-04-06 14:15:00,1775465100,58945.96,59291.69,58862.82,59257.95,2226107
2026-04-06 15:15:00,1775468700,59268.66,59286.82,59151.56,59166.53,1103336
2026-04-07 09:15:00,1775533500,58859.31,58859.31,58342.56,58692.87,5492209
2026-04-07 10:15:00,1775537100,58691.74,58873.12,58459.85,58484.45,2122500
2026-04-07 11:15:00,1775540700,58485.52,58842.54,58467.96,58699.49,1413913
2026-04-07 12:15:00,1775544300,58694.97,58736.93,58567.19,58671.88,1392248
2026-04-07 13:15:00,1775547900,58674.25,59174.41,58674.25,59017.69,2690383
2026-04-07 14:15:00,1775551500,59016.93,59375.72,58911.1,59276.51,2154313
2026-04-07 15:15:00,1775555100,59280.95,59351.78,59272.37,59279.02,648630
2026-04-08 09:15:00,1775619900,61921.82,62270.52,61680.62,62120.53,12504791
2026-04-08 10:15:00,1775623500,62120.86,62522.85,62090.11,62461.97,6036725
2026-04-08 11:15:00,1775627100,62461.75,62537.68,62233.87,62406.09,2928236
2026-04-08 12:15:00,1775630700,62405.27,62476.97,62219.31,62407.45,1570924
2026-04-08 13:15:00,1775634300,62409.13,62522.17,62368.1,62388.15,1351354
2026-04-08 14:15:00,1775637900,62383.42,62755.46,62380.76,62677.22,4967754
2026-04-08 15:15:00,1775641500,62681.98,62801.52,62660.2,62776.11,1319889
2026-04-09 09:15:00,1775706300,62563.53,62605.44,61975.25,62317.57,6047699
2026-04-09 10:15:00,1775709900,62318.6,62546.74,62244.19,62344.92,3086165
2026-04-09 11:15:00,1775713500,62342.31,62352.93,62129.32,62176.72,1930019
2026-04-09 12:15:00,1775717100,62175.75,62189.53,61869.3,61882.61,2133046
2026-04-09 13:15:00,1775720700,61888.13,61889.47,61674.95,61721.23,2231157
2026-04-09 14:15:00,1775724300,61717.85,61857.95,61509.69,61798.13,9297136
2026-04-09 15:15:00,1775727900,61793.68,61808.64,61675.8,61715.98,2259873
2026-04-10 09:15:00,1775792700,62266.11,62899.74,62118.13,62899.74,6305011
2026-04-10 10:15:00,1775796300,62895.66,62981.95,62753.42,62884.5,1741972
2026-04-10 11:15:00,1775799900,62886.19,62889.7,62714.01,62794.07,1128096
2026-04-10 12:15:00,1775803500,62796.23,62904.33,62742.44,62852,1327231
2026-04-10 13:15:00,1775807100,62856.51,63041.47,62831.52,62934.03,1827628
2026-04-10 14:15:00,1775810700,62934.93,63055.58,62679.46,62989.54,1859908
2026-04-10 15:15:00,1775814300,62988.31,63068.38,62963.98,62998.38,1019905
2026-04-13 09:15:00,1776051900,61365.69,61770.37,61216.88,61695.48,8103048
2026-04-13 10:15:00,1776055500,61693.42,61999.29,61617.21,61918.77,6196166
2026-04-13 11:15:00,1776059100,61918.8,62222.3,61868.98,62219.56,1456232
2026-04-13 12:15:00,1776062700,62218.29,62479.96,62214.04,62415.46,1458133
2026-04-13 13:15:00,1776066300,62411.98,62825,62389.78,62630.49,1179739
2026-04-13 14:15:00,1776069900,62630.01,62816.67,62586.77,62687.7,1450535
2026-04-13 15:15:00,1776073500,62698.27,62705.02,62586.18,62678.8,1040750
2026-04-15 09:15:00,1776224700,63555.22,63976.77,63454.76,63658.46,6206960
2026-04-15 10:15:00,1776228300,63659.21,63777.01,63250.05,63254.84,2267117
2026-04-15 11:15:00,1776231900,63255.87,63475.99,63210.86,63456.94,1558634
2026-04-15 12:15:00,1776235500,63457.12,63478.9,63296.19,63423.9,1796743
2026-04-15 13:15:00,1776239100,63422.33,63487.11,63322.75,63411.4,1654218
2026-04-15 14:15:00,1776242700,63412.62,63563.17,63372.38,63402.48,2751003
2026-04-15 15:15:00,1776246300,63396.15,63405.99,63330.43,63357.86,951152
2026-04-16 09:15:00,1776311100,63841.19,64042.17,63579.06,63769.59,7620062
2026-04-16 10:15:00,1776314700,63768.09,63832.26,63660.73,63708.84,5336211
2026-04-16 11:15:00,1776318300,63709.88,63741.37,63148.82,63253.87,3833928
2026-04-16 12:15:00,1776321900,63246.16,63277.09,62977.54,63021.06,3166952
2026-04-16 13:15:00,1776325500,63019.83,63295.68,62990.1,63197.17,2312333
2026-04-16 14:15:00,1776329100,63194.15,63470.65,63105.65,63181.55,7139004
2026-04-16 15:15:00,1776332700,63160.29,63216.17,63093.88,63145.83,2104723
2026-04-17 09:15:00,1776397500,63292.02,63386.16,62963.28,63322.08,4741269
2026-04-17 10:15:00,1776401100,63323.02,63414.05,63199.45,63281.08,1765622
2026-04-17 11:15:00,1776404700,63276.7,63492.41,63260.32,63426.6,1800787
2026-04-17 12:15:00,1776408300,63425.88,63523.01,63421.57,63506.95,1574196
2026-04-17 13:15:00,1776411900,63505.91,63602.29,63442.04,63556.31,1238865
2026-04-17 14:15:00,1776415500,63557.76,63782.39,63543.86,63729.52,3688459
2026-04-17 15:15:00,1776419100,63726.91,63773.51,63698.01,63768.76,2442857
2026-04-20 09:15:00,1776656700,63870.27,64126.67,63516.3,63999.69,12719100
2026-04-20 10:15:00,1776660300,64005.15,64276.02,63989.7,64125.8,3605466
2026-04-20 11:15:00,1776663900,64119.03,64303.79,64051.31,64059.6,2336145
2026-04-20 12:15:00,1776667500,64057.96,64238.17,63883.19,63946.92,2351464
2026-04-20 13:15:00,1776671100,63951.91,63974.59,63669.01,63828.87,3095341
2026-04-20 14:15:00,1776674700,63829.38,63950.79,63778.72,63790.49,2163882
2026-04-20 15:15:00,1776678300,63792.46,63803.72,63645.89,63706.67,1535444
2026-04-21 09:15:00,1776743100,64009.64,64502.22,63905.5,64438.16,5894286
2026-04-21 10:15:00,1776746700,64441.82,64613.23,64390.25,64588.54,1863387
2026-04-21 11:15:00,1776750300,64585.72,64596.25,64448.48,64574.79,1643227
2026-04-21 12:15:00,1776753900,64578.08,64655.59,64481.51,64626.64,1200526
2026-04-21 13:15:00,1776757500,64631.15,64738.83,64586.54,64657.35,1154022
2026-04-21 14:15:00,1776761100,64655.29,64770.74,64568.75,64686.21,2344465
2026-04-21 15:15:00,1776764700,64692.6,64728.14,64595.02,64672.46,2717211
2026-04-22 09:15:00,1776829500,64512.64,64680.75,64270.29,64405.89,5498822
2026-04-22 10:15:00,1776833100,64403.63,64718.88,64351.08,64643.84,3324047
2026-04-22 11:15:00,1776836700,64644.87,64759.28,64587.31,64624.73,1865743
2026-04-22 12:15:00,1776840300,64620.2,64678.16,64557.7,64629.84,984342
2026-04-22 13:15:00,1776843900,64633.99,64707.22,64527.76,64572.07,2092681
2026-04-22 14:15:00,1776847500,64574.36,64601.85,64378.3,64387.05,2609661
2026-04-22 15:15:00,1776851100,64389.43,64414.18,64352.71,64395.28,542231
2026-04-23 09:15:00,1776915900,63920.93,64097.68,63699.06,63994.79,7327608
2026-04-23 10:15:00,1776919500,63995.07,64041.71,63726.3,63761.7,2279765
2026-04-23 11:15:00,1776923100,63760.14,63823.03,63702.34,63780.44,1733363
2026-04-23 12:15:00,1776926700,63782.42,63808.91,63396.62,63578.07,2726247
2026-04-23 13:15:00,1776930300,63572.43,63695.33,63407.86,63419.54,2461836
2026-04-23 14:15:00,1776933900,63416.14,63605.53,63379.32,63446.47,5787881
2026-04-23 15:15:00,1776937500,63438.38,63495.38,63391.72,63482.93,2045991
2026-04-24 09:15:00,1777002300,63338.98,63593.77,62938.41,63174.03,5782384
2026-04-24 10:15:00,1777005900,63170.17,63170.17,62995.3,63023.46,1787779
2026-04-24 11:15:00,1777009500,63020.45,63236.91,63002.66,63231.21,1250129
2026-04-24 12:15:00,1777013100,63234.98,63248.69,62969.72,62990.77,1222071
2026-04-24 13:15:00,1777016700,62989.14,63023,62821.87,62904.54,2458359
2026-04-24 14:15:00,1777020300,62904.39,63274.27,62904.08,63153.39,2240882
2026-04-24 15:15:00,1777023900,63156.43,63299.35,63135.08,63136.11,1078454
2026-04-27 09:15:00,1777261500,63250.55,63642.09,63250.55,63350.93,4483183
2026-04-27 10:15:00,1777265100,63347.58,63439.22,63035.93,63197.88,1619892
2026-04-27 11:15:00,1777268700,63194.87,63255.19,62998.97,63162.09,1028569
2026-04-27 12:15:00,1777272300,63163.12,63394.98,63123.81,63393.88,1462907
2026-04-27 13:15:00,1777275900,63393.81,63551.33,63338.93,63459.87,1856405
2026-04-27 14:15:00,1777279500,63461.93,63491.27,63332.95,63400.63,1373519
2026-04-27 15:15:00,1777283100,63392.72,63418.62,63350.69,63388.35,857640
2026-04-28 09:15:00,1777347900,62945.14,63204.24,62912.16,63092.3,4243649
2026-04-28 10:15:00,1777351500,63090.17,63163.31,62938.37,62974.02,1168390
2026-04-28 11:15:00,1777355100,62978.52,62978.52,62616.89,62662.51,1747835
2026-04-28 12:15:00,1777358700,62665.24,62756.2,62602.66,62631.46,1153307
2026-04-28 13:15:00,1777362300,62630.97,62716.65,62473.92,62473.92,980935
2026-04-28 14:15:00,1777365900,62476.93,62591,62332.22,62350.06,1770650
2026-04-28 15:15:00,1777369500,62347.1,62453.03,62224.72,62437.63,967701
2026-04-29 09:15:00,1777434300,62681.91,62838.14,62292.65,62838.14,3139281
2026-04-29 10:15:00,1777437900,62836.69,62958.27,62776.09,62882.45,1608150
2026-04-29 11:15:00,1777441500,62883.74,63042.83,62883.74,63015.79,2329958
2026-04-29 12:15:00,1777445100,63018.3,63231.75,63015.2,63117.47,1910497
2026-04-29 13:15:00,1777448700,63115.03,63124.2,62565.63,62638.8,1530359
2026-04-29 14:15:00,1777452300,62636.69,62647.38,62321.14,62321.14,1532900
2026-04-29 15:15:00,1777455900,62320.31,62343.04,62208.42,62295.44,780733
2026-04-30 09:15:00,1777520700,61842.31,61842.31,61334.62,61370.57,4256084
2026-04-30 10:15:00,1777524300,61368.44,61439.31,61258.06,61315.01,1941017
2026-04-30 11:15:00,1777527900,61314.45,61514.98,61305.25,61514.98,1343688
2026-04-30 12:15:00,1777531500,61522.69,61726.61,61468.71,61700.24,1365426
2026-04-30 13:15:00,1777535100,61699.12,62008.18,61629,61826.35,2050889
2026-04-30 14:15:00,1777538700,61820.22,61984.02,61574.37,61669,4790609
2026-04-30 15:15:00,1777542300,61673.78,61899.16,61652.47,61869.49,2184446
2026-05-04 09:15:00,1777866300,61914.75,62629.91,61849.69,62283.31,5649479
2026-05-04 10:15:00,1777869900,62283.5,62414.74,62220.49,62409.17,4313480
2026-05-04 11:15:00,1777873500,62410.26,62453.71,62049.88,62049.88,2404430
2026-05-04 12:15:00,1777877100,62045.24,62130.73,61823.68,61892.25,1167342
2026-05-04 13:15:00,1777880700,61890.08,61900.84,61642.58,61870.14,1302258
2026-05-04 14:15:00,1777884300,61871.16,61968.2,61651.78,61829.29,1418368
2026-05-04 15:15:00,1777887900,61810.6,61887.36,61793.11,61834.46,1000504
2026-05-05 09:15:00,1777952700,61666.68,61666.68,61317.17,61359.71,2824637
2026-05-05 10:15:00,1777956300,61366.17,61398.19,61176.19,61259.93,1554193
2026-05-05 11:15:00,1777959900,61259.52,61341.35,61034.18,61153.68,1448413
2026-05-05 12:15:00,1777963500,61150.64,61703.24,61145.61,61697.35,5597404
2026-05-05 13:15:00,1777967100,61700.45,61783.71,61494.15,61533.35,4014182
2026-05-05 14:15:00,1777970700,61535,61736.94,61383.35,61478.45,4774870
2026-05-05 15:15:00,1777974300,61489.03,61512.37,61387.43,61466.51,1100975
2026-05-06 09:15:00,1778039100,62123.75,62344.81,61963.07,62055.3,12878391
2026-05-06 10:15:00,1778042700,62054.83,62165.53,61892.46,61934.86,10726187
2026-05-06 11:15:00,1778046300,61937.59,61979.46,61766.17,61806.34,3387740
2026-05-06 12:15:00,1778049900,61804.28,61806.34,61512.2,61650.55,3296397
2026-05-06 13:15:00,1778053500,61650.15,62042.59,61644.49,62033.94,6170109
2026-05-06 14:15:00,1778057100,62038.9,63098.54,62038.9,63003.86,11074374
2026-05-06 15:15:00,1778060700,62998.25,63139.72,62983.98,63075.72,2730538
2026-05-07 09:15:00,1778125500,63261.76,63261.76,62862.27,62948.51,14145283
2026-05-07 10:15:00,1778129100,62950.02,63200.19,62932.81,62980.08,5933868
2026-05-07 11:15:00,1778132700,62984.32,63073.71,62825.51,63039.22,3422991
2026-05-07 12:15:00,1778136300,63047.62,63442.29,63019.82,63137.08,2792554
2026-05-07 13:15:00,1778139900,63136.86,63226.39,62987.54,63170.71,3188874
2026-05-07 14:15:00,1778143500,63169.68,63240.41,62987.03,63010.57,4977124
2026-05-07 15:15:00,1778147100,63010.16,63166.75,63010.16,63137.9,1547706
2026-05-08 09:15:00,1778211900,62849.22,62909.06,62534.54,62664.48,7363822
2026-05-08 10:15:00,1778215500,62663.44,62739.74,62519.94,62636.19,2040491
2026-05-08 11:15:00,1778219100,62637.44,62676.12,62475.2,62499.74,3646705
2026-05-08 12:15:00,1778222700,62499.74,62550.48,62357.43,62418.3,2483057
2026-05-08 13:15:00,1778226300,62416.23,62574.8,62090.51,62096.25,3338163
2026-05-08 14:15:00,1778229900,62093.89,62455.3,62088.51,62363.38,8871787
2026-05-08 15:15:00,1778233500,62361.87,62406.4,62290.61,62367.52,2383224
2026-05-11 09:15:00,1778471100,61862.8,61947.29,61340.01,61440.79,11923018
2026-05-11 10:15:00,1778474700,61439.6,61625,61319.75,61625,2851776
2026-05-11 11:15:00,1778478300,61627.07,61823.85,61616.69,61790.68,3585508
2026-05-11 12:15:00,1778481900,61790.44,62011.35,61647.56,61942.78,2337270
2026-05-11 13:15:00,1778485500,61954.45,61969.1,61714.85,61797.66,4301350
2026-05-11 14:15:00,1778489100,61806.69,61844.51,61278.86,61304.87,3188323
2026-05-11 15:15:00,1778492700,61310.99,61456.81,61302.8,61456.81,1290824
2026-05-12 09:15:00,1778557500,61062.21,61270.69,60819.9,61078.89,8199714
2026-05-12 10:15:00,1778561100,61078.42,61164.12,60681.93,60682.88,2259797
2026-05-12 11:15:00,1778564700,60682.67,60772.46,60645.36,60683.7,2280025
2026-05-12 12:15:00,1778568300,60684.24,60742.44,60422.62,60565.76,2205005
2026-05-12 13:15:00,1778571900,60567.89,60662.05,60374.81,60406.94,2171101
2026-05-12 14:15:00,1778575500,60405.07,60549.57,60217.48,60270.33,3470852
2026-05-12 15:15:00,1778579100,60278.34,60516.33,60274.65,60487.48,1606273
2026-05-13 09:15:00,1778643900,60421.57,60736.74,59908.6,60265.46,5189395
2026-05-13 10:15:00,1778647500,60260.97,60574.63,60237.08,60344.9,2248405
2026-05-13 11:15:00,1778651100,60342.87,60833.3,60332.12,60832.45,2234603
2026-05-13 12:15:00,1778654700,60833.02,60920,60479.78,60738.58,1663078
2026-05-13 13:15:00,1778658300,60740.71,60761.14,60545.16,60665.26,997114
2026-05-13 14:15:00,1778661900,60668.09,60687.9,60158.29,60275.46,2117478
2026-05-13 15:15:00,1778665500,60267.34,60279.1,60124.24,60195.42,888282
2026-05-14 09:15:00,1778730300,60339.02,60794.77,60249.83,60359.35,5787827
2026-05-14 10:15:00,1778733900,60360.28,60464.38,59930.68,60138.35,10065601
2026-05-14 11:15:00,1778737500,60136.37,61073.41,60136.37,61006.87,3844925
2026-05-14 12:15:00,1778741100,61003.08,61250.93,61003.08,61171.19,2947822
2026-05-14 13:15:00,1778744700,61168.65,61269.16,61090.41,61202.64,3652972
2026-05-14 14:15:00,1778748300,61206.33,61260.66,60864.49,60931.31,5464051
2026-05-14 15:15:00,1778751900,60927.58,61104.61,60866.3,61067.59,1471171
2026-05-15 09:15:00,1778816700,60988.42,61190.81,60600.86,61012.09,4763036
2026-05-15 10:15:00,1778820300,61014.15,61165.18,60782.65,60834.14,2529049
2026-05-15 11:15:00,1778823900,60830.04,60966.11,60648.96,60915.05,2320815
2026-05-15 12:15:00,1778827500,60915.83,61090.24,60745.8,61078.7,1233420
2026-05-15 13:15:00,1778831100,61079.73,61151.24,60828.4,60897.12,3089446
2026-05-15 14:15:00,1778834700,60900.64,60914.19,60447.27,60476.38,2517166
2026-05-15 15:15:00,1778838300,60475.45,60594.98,60387.23,60577.55,1101128
2026-05-18 09:15:00,1779075900,59973.23,59974.6,59442.96,59571.79,7624838
2026-05-18 10:15:00,1779079500,59570.28,59816.69,59473.28,59788.99,3080020
2026-05-18 11:15:00,1779083100,59790.49,60018.12,59653.29,59809.01,1704497
2026-05-18 12:15:00,1779086700,59808.79,60327.28,59768.62,60168.72,2251554
2026-05-18 13:15:00,1779090300,60170.61,60372.42,60145.09,60273.31,2009420
2026-05-18 14:15:00,1779093900,60272.5,60431.28,60086.01,60255.94,2180756
2026-05-18 15:15:00,1779097500,60256.13,60309.65,60180.91,60264.66,972734
2026-05-19 09:15:00,1779162300,60322.38,60555.14,60116.63,60363.34,3810754
2026-05-19 10:15:00,1779165900,60359.82,60471.38,60273.94,60275.14,2303476
2026-05-19 11:15:00,1779169500,60276.64,60436.68,60211.63,60420.23,2556280
2026-05-19 12:15:00,1779173100,60421.26,60471.47,60336.85,60373.52,1716090
2026-05-19 13:15:00,1779176700,60369.21,60477.08,60267.04,60392.71,1198640
2026-05-19 14:15:00,1779180300,60392.24,60459.07,60093.9,60197.58,2321694
2026-05-19 15:15:00,1779183900,60195.69,60226.86,60127.2,60193.26,1094420
2026-05-20 09:15:00,1779248700,59685.93,59767.13,59523.61,59665.82,2964260
2026-05-20 10:15:00,1779252300,59666.98,59977.13,59580.21,59915.85,1842977
2026-05-20 11:15:00,1779255900,59915.3,60147.76,59903.35,59955.6,1230789
2026-05-20 12:15:00,1779259500,59952.13,60074.89,59871.92,59918.71,1045215
2026-05-20 13:15:00,1779263100,59913.83,60157.93,59760.76,60122.49,978398
2026-05-20 14:15:00,1779266700,60119.48,60410.55,60089.78,60361.23,2030319
2026-05-20 15:15:00,1779270300,60358.72,60402.46,60316.98,60344.37,768265
2026-05-21 09:15:00,1779335100,60764.11,60963.64,60503.06,60610.78,4919939
2026-05-21 10:15:00,1779338700,60609.79,60717.99,60443.95,60448.64,3166485
2026-05-21 11:15:00,1779342300,60449.73,60564.99,60306.17,60389.55,3866655
2026-05-21 12:15:00,1779345900,60387.07,60393.32,59881.83,60031.5,5009704
2026-05-21 13:15:00,1779349500,60030.12,60196.36,59982.29,60085.92,2341594
2026-05-21 14:15:00,1779353100,60087.58,60299.29,60044.37,60158.48,5227785
2026-05-21 15:15:00,1779356700,60166.37,60210.02,60118.65,60197.95,1197319
2026-05-22 09:15:00,1779421500,60272.22,60941.57,60266.98,60926.21,3737966
2026-05-22 10:15:00,1779425100,60923.4,60936.76,60807.34,60812.9,1592409
2026-05-22 11:15:00,1779428700,60812.25,60920.38,60738.47,60889.26,1336417
2026-05-22 12:15:00,1779432300,60889.52,61074.17,60781.55,61022.6,2095675
2026-05-22 13:15:00,1779435900,61020.95,61049.9,60831.65,60914.24,1860884
2026-05-22 14:15:00,1779439500,60913.43,60928.65,60707.51,60906.31,5080689
2026-05-22 15:15:00,1779443100,60905.21,61073.32,60905.21,61025.62,1049978
2026-05-25 09:15:00,1779680700,61518.43,61942.36,61474.65,61904.18,7167750
2026-05-25 10:15:00,1779684300,61907.89,62067.09,61887.81,62045.82,1903314
2026-05-25 11:15:00,1779687900,62047.07,62089.74,61950.84,61959.82,6028466
2026-05-25 12:15:00,1779691500,61956.4,62002.88,61851.69,61973.49,1276188
2026-05-25 13:15:00,1779695100,61974.03,61996.01,61891.85,61939.11,964616
2026-05-25 14:15:00,1779698700,61943.78,62318.35,61924.76,62296.18,6314954
2026-05-25 15:15:00,1779702300,62299.49,62413.42,62256.29,62390.72,1701935
2026-05-26 09:15:00,1779767100,62249.28,62576.87,62168.71,62427.31,4973404
2026-05-26 10:15:00,1779770700,62426.32,62549.04,62352.65,62443.38,2527818
2026-05-26 11:15:00,1779774300,62441.01,62453.69,62218.99,62222.57,2299973
2026-05-26 12:15:00,1779777900,62221.06,62271.55,62024.91,62108.67,1590398
2026-05-26 13:15:00,1779781500,62103.11,62181.93,61977.96,62035.5,2476289
2026-05-26 14:15:00,1779785100,62034.45,62128.56,61977.17,62098.44,5725715
2026-05-26 15:15:00,1779788700,62091.67,62190.64,62072.61,62186.34,1309816
2026-05-27 09:15:00,1779853500,61989.29,62156.6,61832,62114.88,5919253
2026-05-27 10:15:00,1779857100,62114.46,62247.13,61998.79,62057.03,3299210
2026-05-27 11:15:00,1779860700,62060.51,62148.85,61950.66,61973.44,3483636
2026-05-27 12:15:00,1779864300,61978.71,62101.33,61873.56,61891.83,3191342
2026-05-27 13:15:00,1779867900,61886.54,61904.58,61764.05,61772.84,1870413
2026-05-27 14:15:00,1779871500,61767.01,61889.43,61659.86,61791.75,3851779
2026-05-27 15:15:00,1779875100,61789.87,61861.35,61777.35,61797.79,1569860
2026-05-29 09:15:00,1780026300,61791.19,62198.35,61725.34,62030.44,8938532
2026-05-29 10:15:00,1780029900,62032.16,62179.94,61945.28,61968.04,4750043
2026-05-29 11:15:00,1780033500,61968.38,62148.42,61797.54,61816.26,3996006
2026-05-29 12:15:00,1780037100,61815.1,61862.43,61512.07,61513.72,2349064
2026-05-29 13:15:00,1780040700,61514.47,61555.44,61365.63,61433.31,1664337
2026-05-29 14:15:00,1780044300,61428.78,61623.28,61023.36,61078.61,3946900
2026-05-29 15:15:00,1780047900,61068.54,61338.51,60972.32,61286.5,3101262
2026-06-01 09:15:00,1780285500,61316.86,61471.37,60830.11,60886.87,8815363
2026-06-01 10:15:00,1780289100,60882.79,61058.74,60681.34,61033.1,3798513
2026-06-01 11:15:00,1780292700,61036.87,61111.37,60712.13,60795.77,1961662
2026-06-01 12:15:00,1780296300,60795.31,60803.65,60458.32,60481.17,1672551
2026-06-01 13:15:00,1780299900,60483.71,60614.65,60355.79,60357.6,2197249
2026-06-01 14:15:00,1780303500,60358.66,60589.51,60256.22,60457.22,2571829
2026-06-01 15:15:00,1780307100,60456.75,60492.41,60377.99,60438.28,1036755
2026-06-02 09:15:00,1780371900,60106.94,60278.06,59863.54,59973.25,4925733
2026-06-02 10:15:00,1780375500,59974.19,60248.72,59927.89,60062.18,2429594
2026-06-02 11:15:00,1780379100,60062.12,60210.84,59959.78,60005.1,1660972
2026-06-02 12:15:00,1780382700,60003.97,60737.3,59884.04,60667.72,2134805
2026-06-02 13:15:00,1780386300,60671.74,60773.46,60585.41,60700.23,1422296
2026-06-02 14:15:00,1780389900,60708.66,60771.23,60409.15,60580.35,1631378
2026-06-02 15:15:00,1780393500,60575.77,60661.67,60563.83,60620.7,1090775
2026-06-03 09:15:00,1780458300,60483.64,60484.4,59899.4,59945.08,2862929
2026-06-03 10:15:00,1780461900,59945.48,60051.23,59813.86,59842.82,1507200
2026-06-03 11:15:00,1780465500,59848.1,60015.17,59765.43,59830.35,1305349
2026-06-03 12:15:00,1780469100,59831.11,60563.61,59809.6,60408.43,2319713
2026-06-03 13:15:00,1780472700,60431.37,60856.66,60431.37,60790.56,7693891
2026-06-03 14:15:00,1780476300,60790.9,61217.95,60771.01,61050.27,3296105
2026-06-03 15:15:00,1780479900,61054.47,61164.82,61051.56,61157.02,650701
2026-06-04 09:15:00,1780544700,60763.91,61255.71,60698.46,61150.26,4330087
2026-06-04 10:15:00,1780548300,61152.57,61333.21,60991.36,61167.36,3785055
2026-06-04 11:15:00,1780551900,61170.38,61286.72,61013.44,61228.33,1794985
2026-06-04 12:15:00,1780555500,61226.18,61270.12,60938.91,60947.26,2072089
2026-06-04 13:15:00,1780559100,60943.55,61194.55,60886.39,61138.94,1779978
2026-06-04 14:15:00,1780562700,61147.01,61416.81,61126.41,61226.43,4443334
2026-06-04 15:15:00,1780566300,61231.71,61291.91,61197.6,61283.37,951338
2026-06-05 09:15:00,1780631100,61256.12,61676.26,61256.12,61466.26,5111001
2026-06-05 10:15:00,1780634700,61467.32,61870.2,61106.62,61703.86,5932320
2026-06-05 11:15:00,1780638300,61708.1,61764.63,61467.31,61606.38,2626697
2026-06-05 12:15:00,1780641900,61605.98,61671.03,61293.09,61327.63,1887853
2026-06-05 13:15:00,1780645500,61322.03,61413.09,61074.73,61151.76,2612349
2026-06-05 14:15:00,1780649100,61148.34,61551.71,61093.07,61478.58,6329563
2026-06-05 15:15:00,1780652700,61481.51,61554.99,61436.31,61554.99,5614764
2026-06-08 09:15:00,1780890300,60653.84,61407.15,60645.82,61063.17,9689583
2026-06-08 10:15:00,1780893900,61059.97,61206.92,60995.83,61043.88,2668753
2026-06-08 11:15:00,1780897500,61047.07,61168,60903.41,61146.66,2198838
2026-06-08 12:15:00,1780901100,61143.87,61346.76,61136.6,61199.14,1206243
2026-06-08 13:15:00,1780904700,61198.12,61204.51,60974.73,61005.93,2406177
2026-06-08 14:15:00,1780908300,61000.65,61116.92,60896.74,60994.52,3083714
2026-06-08 15:15:00,1780911900,60981.39,61004.76,60810.82,60826.59,1576057
2026-06-09 09:15:00,1780976700,61205.28,61773.66,61179.26,61684.43,8666066
2026-06-09 10:15:00,1780980300,61686.41,61752.41,61559.93,61614.03,2740365
2026-06-09 11:15:00,1780983900,61614.29,61908.12,61465.76,61867.45,7170091
2026-06-09 12:15:00,1780987500,61875.44,62143.91,61863.09,62130.97,2439930
2026-06-09 13:15:00,1780991100,62119.86,62197.88,62059.6,62131.78,1942147
2026-06-09 14:15:00,1780994700,62128.59,62370.22,62030.85,62276.88,3075254
2026-06-09 15:15:00,1780998300,62275.33,62319.61,62188.53,62300.89,2736904
2026-06-10 09:15:00,1781063100,62192.98,62495.49,62155.94,62246.55,6915355
2026-06-10 10:15:00,1781066700,62240.61,62540.61,62193.41,62430.83,2266577
2026-06-10 11:15:00,1781070300,62432.52,62557.32,62386.38,62511.03,2390045
2026-06-10 12:15:00,1781073900,62509.39,62580.88,62275.51,62512.15,2458325
2026-06-10 13:15:00,1781077500,62515.15,62553.92,62323.65,62338.51,1708043
2026-06-10 14:15:00,1781081100,62337.02,62476.48,62000.7,62009.61,2844053
2026-06-10 15:15:00,1781084700,62002.23,62094.54,61963.74,62070.01,1554009
2026-06-11 09:15:00,1781149500,61747.43,62308.34,61685.58,62107.93,5820838
2026-06-11 10:15:00,1781153100,62106.87,62264.81,62021.11,62106.01,2526496
2026-06-11 11:15:00,1781156700,62103.52,62451.71,62099.45,62444.73,1461376
2026-06-11 12:15:00,1781160300,62445.18,62577.76,62319.47,62319.47,3434240
2026-06-11 13:15:00,1781163900,62323.25,62345.27,62140.42,62215.12,1522945
2026-06-11 14:15:00,1781167500,62216.18,62371.72,62053.12,62158.47,7038063
2026-06-11 15:15:00,1781171100,62163.71,62221.42,62133.05,62192.61,2052500
2026-06-12 09:15:00,1781235900,62974.32,63109.51,62811.07,62837.67,5457237
2026-06-12 10:15:00,1781239500,62841.24,63064.18,62773.19,63042.23,1731645
2026-06-12 11:15:00,1781243100,63052.71,63063.88,62857.25,62881.5,3188579
2026-06-12 12:15:00,1781246700,62882.2,63007.93,62861.91,62979.66,2496305
2026-06-12 13:15:00,1781250300,62978.13,63637.36,62976.38,63634.2,3506611
2026-06-12 14:15:00,1781253900,63637,64063.11,63637,64016.58,6490867
2026-06-12 15:15:00,1781257500,64008.44,64027.07,63912.7,63912.7,3138346
2026-06-15 09:15:00,1781495100,65014.89,65150.77,64605.43,64660.18,6481300
2026-06-15 10:15:00,1781498700,64657.4,64878.18,64638.85,64776.64,3445399
2026-06-15 11:15:00,1781502300,64773.7,64789.59,64588.21,64614.49,3132168
2026-06-15 12:15:00,1781505900,64615.56,64629.78,64478.65,64596.67,1693996
2026-06-15 13:15:00,1781509500,64594.97,64645.79,64377.49,64440.09,1819603
2026-06-15 14:15:00,1781513100,64445.31,64654.28,64324.56,64399.34,8675176
2026-06-15 15:15:00,1781516700,64395.83,64471.87,64323.37,64357.23,1619658
2026-06-16 09:15:00,1781581500,64626.94,64662.24,64337.26,64382.61,6924105
2026-06-16 10:15:00,1781585100,64384.75,64579.63,64334.34,64359.52,2775751
2026-06-16 11:15:00,1781588700,64361.65,64481.67,64316.81,64356.23,3058861
2026-06-16 12:15:00,1781592300,64359.26,64410.64,64297.9,64378.1,987821
2026-06-16 13:15:00,1781595900,64383.41,64531,64378.8,64509.38,2893452
2026-06-16 14:15:00,1781599500,64512.8,64588.06,64424.81,64564.42,1352997
2026-06-16 15:15:00,1781603100,64566.92,64573.45,64518.48,64556.41,891933
2026-06-17 09:15:00,1781667900,64783.09,64795.73,64468.35,64611.81,13629384
2026-06-17 10:15:00,1781671500,64613.43,64948.06,64600.6,64937.32,13077961
2026-06-17 11:15:00,1781675100,64934.18,64980.29,64841.02,64879.69,5074416
2026-06-17 12:15:00,1781678700,64878.95,64904.42,64788.17,64819,5493279
2026-06-17 13:15:00,1781682300,64817.46,64952.28,64797.11,64923.13,3429722
2026-06-17 14:15:00,1781685900,64925.44,64963.85,64788.55,64917.35,5234147
2026-06-17 15:15:00,1781689500,64918.72,64955.57,64862.91,64887.53,1956779
2026-06-18 09:15:00,1781754300,64974.11,65302.33,64934.09,65252.1,11504463
2026-06-18 10:15:00,1781757900,65248.94,65273.38,65035.21,65090.92,4077977
2026-06-18 11:15:00,1781761500,65089.86,65285.86,65042.41,65215.7,2587251
2026-06-18 12:15:00,1781765100,65216.64,65326.53,65185.57,65309.16,3128512
2026-06-18 13:15:00,1781768700,65311.3,65331.64,65217.77,65257.96,1518039
2026-06-18 14:15:00,1781772300,65259.35,65417.92,65158.59,65391.7,5060094
2026-06-18 15:15:00,1781775900,65386.4,65408.26,65336.91,65380.9,1173362
2026-06-19 09:15:00,1781840700,65096.68,65162.52,64890.4,64995.7,6374425
2026-06-19 10:15:00,1781844300,64998.08,65029.3,64859.12,64989.91,3201800
2026-06-19 11:15:00,1781847900,64989.48,65016.54,64895.62,64924.19,2250937
2026-06-19 12:15:00,1781851500,64922.41,64998.55,64802.01,64875.07,1843049
2026-06-19 13:15:00,1781855100,64874.73,65085.46,64852.43,65072.71,1541241
2026-06-19 14:15:00,1781858700,65071.05,65180.96,64863.3,65067.03,3474375
2026-06-19 15:15:00,1781862300,65065.28,65114.5,65024.75,65054.62,1439006
2026-06-22 09:15:00,1782099900,65336.68,65339.17,65107.92,65228.92,3699134
2026-06-22 10:15:00,1782103500,65226.82,65332.34,65213.91,65299.51,1730404
2026-06-22 11:15:00,1782107100,65301.29,65393.88,65281.21,65305.22,2223279
2026-06-22 12:15:00,1782110700,65304.17,65340.26,65219.32,65230.72,2936051
2026-06-22 13:15:00,1782114300,65234.42,65329.58,65209.92,65277.03,1812553
2026-06-22 14:15:00,1782117900,65278.07,65433.22,65252.24,65367.56,2886873
2026-06-22 15:15:00,1782121500,65373.49,65373.49,65269.12,65312.17,2712575
2026-06-23 09:15:00,1782186300,65349.9,65381.49,65190.37,65282.19,2870272
2026-06-23 10:15:00,1782189900,65279.9,65346.2,65254.57,65290.25,1169180
2026-06-23 11:15:00,1782193500,65287.98,65326.65,64800.43,64850.67,2841981
2026-06-23 12:15:00,1782197100,64848.82,64898.61,64695.05,64783.2,1063104
2026-06-23 13:15:00,1782200700,64782.2,64798.22,64539.18,64697.76,912044
2026-06-23 14:15:00,1782204300,64696.38,64710.58,64452.98,64491.63,1074910
2026-06-23 15:15:00,1782207900,64493.05,64493.05,64332.35,64352.62,892700
2026-06-24 09:15:00,1782272700,64439.5,65035.39,64380.72,65021.41,4887310
2026-06-24 10:15:00,1782276300,65019.65,65267.95,64994.05,65244.99,1148286
2026-06-24 11:15:00,1782279900,65242.9,65546.76,65209.95,65441.37,2253505
2026-06-24 12:15:00,1782283500,65443.46,65563.59,65350.07,65473.98,1418167
2026-06-24 13:15:00,1782287100,65474.31,65667.16,65465.56,65582.39,1396234
2026-06-24 14:15:00,1782290700,65587.63,65699.14,65511.16,65530.73,1585506
2026-06-24 15:15:00,1782294300,65528.74,65627.23,65515.36,65596.22,631413
2026-06-25 09:15:00,1782359100,66027.72,66028.77,65812.56,65922.5,3889521
2026-06-25 10:15:00,1782362700,65921.91,65939.32,65815.16,65893.78,2521077
2026-06-25 11:15:00,1782366300,65894.17,66195.97,65831.69,66140.6,2051924
2026-06-25 12:15:00,1782369900,66140.44,66191.32,65918.84,65973.88,1769106
2026-06-25 13:15:00,1782373500,65971.86,66053.51,65714.29,65732.74,5421731
2026-06-25 14:15:00,1782377100,65727.43,65756.52,65515.55,65606,5359075
2026-06-25 15:15:00,1782380700,65606.79,65664.31,65567.98,65615.35,9795511
2026-06-29 09:15:00,1782704700,65598.29,65792.78,65307.57,65451.37,5163169
2026-06-29 10:15:00,1782708300,65449.27,65712.23,65396.32,65560.63,1953187
2026-06-29 11:15:00,1782711900,65560.75,65603.25,65271.78,65283.37,2673360
2026-06-29 12:15:00,1782715500,65281.37,65288.04,65041.77,65207.19,2001857
2026-06-29 13:15:00,1782719100,65206.08,65360.42,65125.76,65344.27,1250496
2026-06-29 14:15:00,1782722700,65344.87,65418.87,65092.2,65162.79,4530305
2026-06-29 15:15:00,1782726300,65159.12,65350.34,65137.7,65261.44,2280083
2026-06-30 09:15:00,1782791100,65356.43,65489.23,65045.88,65312.41,5155234
2026-06-30 10:15:00,1782794700,65314.5,65314.5,65096.86,65262.22,2950353
2026-06-30 11:15:00,1782798300,65273.17,65387.7,65116.69,65145.06,3849709
2026-06-30 12:15:00,1782801900,65146.42,65241.85,65050.59,65121.94,3054852
2026-06-30 13:15:00,1782805500,65128.68,65160.56,64896.4,64962.17,4233341
2026-06-30 14:15:00,1782809100,64963.75,65229.81,64906.33,65025.8,3373117
2026-06-30 15:15:00,1782812700,65024.21,65176.52,64973.3,65160.06,10519961
2026-07-01 09:15:00,1782877500,65037.16,65190.69,64902.86,65181.51,6022655
2026-07-01 10:15:00,1782881100,65181.56,65344.2,65112.17,65344.2,2013256
2026-07-01 11:15:00,1782884700,65340.85,65463.39,65270.86,65443.12,1730597
2026-07-01 12:15:00,1782888300,65441.2,65529.88,65371.28,65469.48,1835631
2026-07-01 13:15:00,1782891900,65469.25,65514.66,65365.31,65459.79,1731561
2026-07-01 14:15:00,1782895500,65460.84,65584.11,65283.51,65480.56,2437446
2026-07-01 15:15:00,1782899100,65474.08,65482.09,65353.43,65368.77,1469887
2026-07-02 09:15:00,1782963900,65690.08,65885.77,65512.98,65596.95,3507970
2026-07-02 10:15:00,1782967500,65594.67,65690.71,65502.46,65550.26,869799
2026-07-02 11:15:00,1782971100,65547.66,65560.61,65381.64,65501.08,1543641
2026-07-02 12:15:00,1782974700,65498.22,65657.43,65463.8,65560.05,1035389
2026-07-02 13:15:00,1782978300,65560.84,65602.16,65328.09,65355.7,1343461
2026-07-02 14:15:00,1782981900,65357.47,65589.63,65341.32,65507.69,5369380
2026-07-02 15:15:00,1782985500,65510.93,65535.49,65420.33,65454.87,1023489
2026-07-03 09:15:00,1783050300,65817.21,65817.21,65435.2,65584.32,6582123
2026-07-03 10:15:00,1783053900,65585.52,65696.94,65442.88,65444.53,3732409
2026-07-03 11:15:00,1783057500,65447.42,65614.04,65395.25,65527.81,2023462
2026-07-03 12:15:00,1783061100,65521.62,65561.68,65321.23,65396.51,1416461
2026-07-03 13:15:00,1783064700,65396.05,65427.06,65287.1,65402.75,3209906
2026-07-03 14:15:00,1783068300,65403.79,65492.95,65350.66,65462.78,2494229
2026-07-03 15:15:00,1783071900,65462.32,65501.62,65444.56,65495.11,750093
2026-07-06 09:15:00,1783309500,65601.73,66005.75,65505.87,65892.92,5817707
2026-07-06 10:15:00,1783313100,65891.21,66002.93,65881.95,65930.23,7798663
2026-07-06 11:15:00,1783316700,65927.88,66106.37,65824.65,66098.63,2055147
2026-07-06 12:15:00,1783320300,66100.73,66121.85,65978.07,66104.19,3671210
2026-07-06 13:15:00,1783323900,66107.75,66118.27,65985.58,66005.7,1661281
2026-07-06 14:15:00,1783327500,66003.66,66020.58,65895.23,65969.71,2329744
2026-07-06 15:15:00,1783331100,65964.44,65972.73,65889.76,65908.87,786342
2026-07-07 09:15:00,1783395900,66199.82,66265.48,66022.18,66072.69,4197365
2026-07-07 10:15:00,1783399500,66073.25,66135.97,65996.68,66100.42,3436081
2026-07-07 11:15:00,1783403100,66100.7,66163.52,66040.05,66064.12,3945369
2026-07-07 12:15:00,1783406700,66065.16,66090.5,65842.61,65863.42,2232182
2026-07-07 13:15:00,1783410300,65862.42,65966.62,65826.87,65937.92,1219382
2026-07-07 14:15:00,1783413900,65936.87,66010.65,65806.5,65828.34,1670907
2026-07-07 15:15:00,1783417500,65823.04,65846.86,65712.42,65758.32,720810
2026-07-08 09:15:00,1783482300,65522.69,65586.92,65297.34,65532.71,4129852
2026-07-08 10:15:00,1783485900,65535.59,65708.37,65462.19,65604,1751712
2026-07-08 11:15:00,1783489500,65603.27,65620.17,65368.43,65380.63,1828925
2026-07-08 12:15:00,1783493100,65379.23,65472.16,65292.15,65434.59,924140
2026-07-08 13:15:00,1783496700,65437.99,65471.74,64256.3,64291.76,3027092
2026-07-08 14:15:00,1783500300,64292.87,64457.2,63942.13,64154.94,4971620
2026-07-08 15:15:00,1783503900,64152.37,64293.55,64152.37,64261.02,1508463
2026-07-09 09:15:00,1783568700,64267.08,64907.08,64267.08,64835.28,5456129
2026-07-09 10:15:00,1783572300,64835.05,65012.65,64566.3,64717.38,2004235
2026-07-09 11:15:00,1783575900,64715.29,64958.6,64678.17,64798.95,2115119
2026-07-09 12:15:00,1783579500,64796.85,64916.6,64715.18,64878.9,893184
2026-07-09 13:15:00,1783583100,64876.73,64961.98,64783.38,64852.91,4496633
2026-07-09 14:15:00,1783586700,64856.06,64973.39,64617.41,64734.02,3775214
2026-07-09 15:15:00,1783590300,64733.62,64863.92,64733.62,64856.4,2659884
2026-07-10 09:15:00,1783655100,65115.33,65580.25,65107.85,65549.1,2148698
