datetime_ist,epoch,open,high,low,close,volume
2019-05-28 12:15:00,1559025900,39765.6,39785,39542.2,39632.3,0
2019-05-28 13:15:00,1559029500,39632.1,39681.2,39579.2,39631.6,0
2019-05-28 14:15:00,1559033100,39756.9,39800.8,39498.6,39743.9,0
2019-05-28 15:15:00,1559036700,39745.8,39828.6,39703.8,39802.9,0
2019-05-29 10:15:00,1559105100,39714.3,39750,39625.3,39738.9,0
2019-05-29 11:15:00,1559108700,39737,39767.9,39661.2,39670.1,0
2019-05-29 12:15:00,1559112300,39669.6,39676.6,39568.9,39575.4,0
2019-05-29 13:15:00,1559115900,39575.3,39630.9,39549.2,39619.9,0
2019-05-29 14:15:00,1559119500,39620.2,39635.3,39420.5,39504.5,0
2019-05-29 15:15:00,1559123100,39505.3,39537.2,39480.2,39509.7,0
2019-06-03 09:15:00,1559533500,39806.9,39920.9,39711,39900.6,0
2019-06-03 10:15:00,1559537100,39901.4,39973.2,39859.9,39971.9,0
2019-06-03 11:15:00,1559540700,39970.8,40045.1,39933.7,40043.2,0
2019-06-03 12:15:00,1559544300,40042.9,40075.9,40004.4,40061.3,0
2019-06-03 13:15:00,1559547900,40061.6,40150,39973.6,40150,0
2019-06-03 14:15:00,1559551500,40150.8,40271.3,40150.3,40267.2,0
2019-06-03 15:15:00,1559555100,40267.1,40308.9,40258.5,40283.5,0
2019-06-10 09:15:00,1560138300,39787.3,39979.5,39785.1,39888.9,0
2019-06-10 10:15:00,1560141900,39889.9,39906.1,39758,39790.7,0
2019-06-10 11:15:00,1560145500,39790.9,39821.6,39668.6,39677.3,0
2019-06-10 12:15:00,1560149100,39678.1,39718.9,39624.5,39683.1,0
2019-06-10 13:15:00,1560152700,39682.9,39979.5,39620,39640,0
2019-06-10 14:15:00,1560156300,39640.4,39790.6,39636.8,39777,0
2019-06-10 15:15:00,1560159900,39781.9,39831.3,39754.6,39795.9,0
2019-06-11 09:15:00,1560224700,39900.4,39933.6,39760,39886,0
2019-06-11 10:15:00,1560228300,39887.4,39900.4,39816,39875.7,0
2019-06-11 11:15:00,1560231900,39876.1,39947,39865.4,39925.2,0
2019-06-11 12:15:00,1560235500,39926.2,39954.4,39892.6,39943.1,0
2019-06-11 13:15:00,1560239100,39942.9,40048.7,39921.9,40036.5,0
2019-06-11 14:15:00,1560242700,40036.7,40066.3,39918.8,39951.1,0
2019-06-11 15:15:00,1560246300,39951.6,39979.1,39934,39943,0
2019-06-12 09:15:00,1560311100,39974.2,39982.1,39730.7,39754,0
2019-06-12 10:15:00,1560314700,39756.2,39760.1,39653.6,39667.2,0
2019-06-12 11:15:00,1560318300,39665.3,39711.6,39658.7,39687.1,0
2019-06-12 12:15:00,1560321900,39686.9,39749.2,39655.5,39727,0
2019-06-12 13:15:00,1560325500,39726.6,39762.6,39623.5,39762.1,0
2019-06-12 14:15:00,1560329100,39761.8,39798.1,39672.1,39754,0
2019-06-12 15:15:00,1560332700,39753.7,39802.7,39747.9,39781.5,0
2019-06-13 09:15:00,1560397500,39679.4,39724.5,39528.8,39576.8,0
2019-06-13 10:15:00,1560401100,39576.2,39606.9,39502.7,39513.8,0
2019-06-13 11:15:00,1560404700,39513.4,39543.6,39461.3,39505.2,0
2019-06-13 12:15:00,1560408300,39506,39613,39488.3,39598.4,0
2019-06-13 13:15:00,1560411900,39597.7,39714.3,39558,39713.1,0
2019-06-13 14:15:00,1560415500,39713.9,39800.8,39674.3,39751.6,0
2019-06-13 15:15:00,1560419100,39751,39756.9,39714.1,39714.6,0
2019-06-14 09:15:00,1560483900,39797,39799.9,39560.5,39654.2,0
2019-06-14 10:15:00,1560487500,39654.4,39664.2,39565.4,39578.5,0
2019-06-14 11:15:00,1560491100,39578.6,39578.8,39514.7,39561.3,0
2019-06-14 12:15:00,1560494700,39560.9,39619.6,39539.9,39557,0
2019-06-14 13:15:00,1560498300,39558.1,39584.1,39522.3,39545.2,0
2019-06-14 14:15:00,1560501900,39544.4,39639.8,39381,39395.1,0
2019-06-14 15:15:00,1560505500,39390,39431.9,39363.4,39423.1,0
2019-06-17 09:15:00,1560743100,39514.4,39540.4,39204.9,39260,0
2019-06-17 10:15:00,1560746700,39259.2,39302.9,39211,39240.2,0
2019-06-17 11:15:00,1560750300,39239.7,39248.3,39126.3,39136.7,0
2019-06-17 12:15:00,1560753900,39137.4,39174.1,39093.4,39095.8,0
2019-06-17 13:15:00,1560757500,39093.6,39113.3,39048,39072.8,0
2019-06-17 14:15:00,1560761100,39072.8,39121.4,38939,38951,0
2019-06-17 15:15:00,1560764700,38952.1,38997.3,38911.5,38986.4,0
2019-06-18 09:15:00,1560829500,39057,39146,38960.2,39117.6,0
2019-06-18 10:15:00,1560833100,39117.2,39122.1,39011.6,39026.4,0
2019-06-18 11:15:00,1560836700,39026.8,39137.6,39025.8,39090.7,0
2019-06-18 12:15:00,1560840300,39091,39167.2,39090.2,39139,0
2019-06-18 13:15:00,1560843900,39138.8,39142.7,38976.5,39097,0
2019-06-18 14:15:00,1560847500,39097.1,39167.8,38871,39052.1,0
2019-06-18 15:15:00,1560851100,39058.2,39084.7,39046.5,39069.6,0
2019-06-19 09:15:00,1560915900,39176.6,39435.8,39158.1,39366.9,0
2019-06-19 10:15:00,1560919500,39366.5,39394.3,39310.2,39315.7,0
2019-06-19 11:15:00,1560923100,39316.4,39318.4,39146.9,39182.6,0
2019-06-19 12:15:00,1560926700,39181.9,39206.6,39107.3,39157.5,0
2019-06-19 13:15:00,1560930300,39157.7,39198.2,39018.8,39059.5,0
2019-06-19 14:15:00,1560933900,39059.4,39132.7,38881.1,39120.5,0
2019-06-19 15:15:00,1560937500,39120.1,39183.3,39070.2,39161.9,0
2019-06-20 09:15:00,1561002300,39043,39231.9,38934.7,39231.7,0
2019-06-20 10:15:00,1561005900,39232,39297.8,39179.1,39288.6,0
2019-06-20 11:15:00,1561009500,39285.1,39306.6,39192.9,39248.6,0
2019-06-20 12:15:00,1561013100,39248.9,39373.8,39241.9,39285,0
2019-06-20 13:15:00,1561016700,39285.3,39426.6,39270.1,39398.5,0
2019-06-20 14:15:00,1561020300,39397.6,39630.7,39349.1,39627.3,0
2019-06-20 15:15:00,1561023900,39619.9,39638.6,39599.2,39633.4,0
2019-06-21 09:15:00,1561088700,39608.2,39617.9,39377.2,39428.5,0
2019-06-21 10:15:00,1561092300,39428.8,39436,39327.1,39379.2,0
2019-06-21 11:15:00,1561095900,39379.1,39444.6,39350.8,39395.2,0
2019-06-21 12:15:00,1561099500,39394,39408.7,39310.5,39384.1,0
2019-06-21 13:15:00,1561103100,39384.1,39617.9,39178.6,39220.1,0
2019-06-21 14:15:00,1561106700,39220.9,39349.9,39121.3,39186.5,0
2019-06-21 15:15:00,1561110300,39186.6,39224,39169,39205.9,0
2019-06-24 09:15:00,1561347900,39160.2,39300,39070.3,39102.8,0
2019-06-24 10:15:00,1561351500,39103,39162,39099.6,39128.5,0
2019-06-24 11:15:00,1561355100,39129.4,39234.1,39120.9,39203.1,0
2019-06-24 12:15:00,1561358700,39205.1,39222.8,39142.3,39166.1,0
2019-06-24 13:15:00,1561362300,39165.2,39214.5,39113.6,39137,0
2019-06-24 14:15:00,1561365900,39136.7,39149.8,39021.7,39103.5,0
2019-06-24 15:15:00,1561369500,39104.2,39156.9,39090.6,39138.3,0
2019-06-25 09:15:00,1561434300,39131.9,39155,38946,39106.2,0
2019-06-25 10:15:00,1561437900,39106.1,39148.9,39074.6,39116.4,0
2019-06-25 11:15:00,1561441500,39114.9,39211,39107.1,39207.2,0
2019-06-25 12:15:00,1561445100,39207.1,39280.6,39171.8,39270,0
2019-06-25 13:15:00,1561448700,39269.1,39398.9,38946,39374.1,0
2019-06-25 14:15:00,1561452300,39374.5,39490.6,39360.7,39439.5,0
2019-06-25 15:15:00,1561455900,39430.7,39459.7,39367.9,39371,0
2019-06-26 09:15:00,1561520700,39379.1,39599.4,39319.6,39536.4,0
2019-06-26 10:15:00,1561524300,39536.3,39567.5,39424.3,39517,0
2019-06-26 11:15:00,1561527900,39517.1,39538.6,39465,39509.6,0
2019-06-26 12:15:00,1561531500,39509.4,39562.1,39489.9,39502.9,0
2019-06-26 13:15:00,1561535100,39501.6,39546.1,39460.9,39535.4,0
2019-06-26 14:15:00,1561538700,39535.1,39674.2,39509,39601,0
2019-06-26 15:15:00,1561542300,39599.9,39600.5,39562.9,39570.4,0
2019-06-27 09:15:00,1561607100,39634,39739.8,39633.9,39719.5,0
2019-06-27 10:15:00,1561610700,39719.2,39760.2,39711.8,39753.9,0
2019-06-27 11:15:00,1561614300,39753.4,39777.6,39633.9,39718.8,0
2019-06-27 12:15:00,1561617900,39718.3,39796.1,39633.9,39774,0
2019-06-27 13:15:00,1561621500,39773.8,39817.2,39548.9,39624,0
2019-06-27 14:15:00,1561625100,39618.9,39750.3,39510.4,39594.4,0
2019-06-27 15:15:00,1561628700,39595.4,39597.4,39562.7,39576.1,0
2019-06-28 09:15:00,1561693500,39630.5,39671.4,39522.7,39590,0
2019-06-28 10:15:00,1561697100,39590.5,39593.1,39464.2,39484,0
2019-06-28 11:15:00,1561700700,39484.5,39511.3,39444.8,39495.7,0
2019-06-28 12:15:00,1561704300,39495.2,39524.3,39433.3,39505.5,0
2019-06-28 13:15:00,1561707900,39504.5,39564.8,39460.9,39473.6,0
2019-06-28 14:15:00,1561711500,39475.4,39502.7,39361.9,39390.9,0
2019-06-28 15:15:00,1561715100,39388.9,39426.8,39374.8,39408.6,0
2019-07-01 09:15:00,1561952700,39543.7,39649.5,39541.1,39593.9,0
2019-07-01 10:15:00,1561956300,39593.5,39701.9,39569.9,39681,0
2019-07-01 11:15:00,1561959900,39685.4,39705,39616.7,39654.1,0
2019-07-01 12:15:00,1561963500,39654.9,39688.1,39651.9,39671.8,0
2019-07-01 13:15:00,1561967100,39671.9,39749.8,39645.5,39742.1,0
2019-07-01 14:15:00,1561970700,39743.7,39764.8,39676.9,39685.6,0
2019-07-01 15:15:00,1561974300,39686.7,39688.4,39667,39684,0
2019-07-02 09:15:00,1562039100,39811.7,39811.7,39559.6,39564.7,0
2019-07-02 10:15:00,1562042700,39564.9,39606,39499.2,39544.7,0
2019-07-02 11:15:00,1562046300,39545.1,39592.4,39533.6,39576.8,0
2019-07-02 12:15:00,1562049900,39576.9,39715,39540.1,39684.8,0
2019-07-02 13:15:00,1562053500,39683.2,39790.1,39642.6,39737,0
2019-07-02 14:15:00,1562057100,39738.1,39829.4,39720.9,39825.8,0
2019-07-02 15:15:00,1562060700,39818.9,39838.5,39816,39822.7,0
2019-07-03 09:15:00,1562125500,39907.6,39908.5,39732.4,39798.1,0
2019-07-03 10:15:00,1562129100,39798.4,39859.9,39790.5,39845.9,0
2019-07-03 11:15:00,1562132700,39845.6,39862,39805.8,39822.1,0
2019-07-03 12:15:00,1562136300,39822.1,39897.9,39816.3,39863.7,0
2019-07-03 13:15:00,1562139900,39863.9,39916.5,39860.6,39882.4,0
2019-07-03 14:15:00,1562143500,39882.2,39935,39794.3,39832.9,0
2019-07-03 15:15:00,1562147100,39831.7,39847.5,39810.8,39832.2,0
2019-07-04 09:15:00,1562211900,39917.6,39976.5,39858.3,39937,0
2019-07-04 10:15:00,1562215500,39935.8,39966,39920.2,39942,0
2019-07-04 11:15:00,1562219100,39941.9,39946.9,39878,39925.9,0
2019-07-04 12:15:00,1562222700,39925.9,39948,39885.9,39887.8,0
2019-07-04 13:15:00,1562226300,39887.8,39946.3,39863.4,39884.3,0
2019-07-04 14:15:00,1562229900,39884.9,39979.1,39876.6,39910.7,0
2019-07-04 15:15:00,1562233500,39910.6,39916.6,39872.2,39882.7,0
2019-07-05 09:15:00,1562298300,39990.4,40032.4,39942.2,39954.7,0
2019-07-05 10:15:00,1562301900,39950.9,39970.2,39866.9,39965.1,0
2019-07-05 11:15:00,1562305500,39965.3,39967.2,39719.9,39790.3,0
2019-07-05 12:15:00,1562309100,39789.4,39923.7,39573.5,39618.6,0
2019-07-05 13:15:00,1562312700,39625.7,39689,39441.4,39597.4,0
2019-07-05 14:15:00,1562316300,39597.5,39729.2,39497.6,39515.9,0
2019-07-05 15:15:00,1562319900,39520.6,39522,39464.5,39477.9,0
2019-07-08 09:15:00,1562557500,39476.4,39476.4,39053,39096.3,0
2019-07-08 10:15:00,1562561100,39097.1,39133.4,38848.5,38906,0
2019-07-08 11:15:00,1562564700,38902.6,38965,38850.3,38937.6,0
2019-07-08 12:15:00,1562568300,38937.7,38942.4,38796.9,38834.1,0
2019-07-08 13:15:00,1562571900,38833.8,38877.2,38701.6,38716.2,0
2019-07-08 14:15:00,1562575500,38716.8,38776.4,38605.6,38721.1,0
2019-07-08 15:15:00,1562579100,38719.9,38758.8,38716.1,38745,0
2019-07-09 09:15:00,1562643900,38754.5,38754.5,38466.7,38481.2,0
2019-07-09 10:15:00,1562647500,38485.6,38602.4,38435.9,38582.9,0
2019-07-09 11:15:00,1562651100,38581.2,38814.2,38546.6,38728.5,0
2019-07-09 12:15:00,1562654700,38729.6,38814.2,38435.9,38706.1,0
2019-07-09 13:15:00,1562658300,38707.1,38776.1,38606.8,38707.5,0
2019-07-09 14:15:00,1562661900,38705.6,38775.3,38663.9,38766.9,0
2019-07-09 15:15:00,1562665500,38766.7,38768.1,38717.8,38741.5,0
2019-07-10 09:15:00,1562730300,38702,38854.9,38610.3,38747.7,0
2019-07-10 10:15:00,1562733900,38746.1,38763.6,38595.2,38649,0
2019-07-10 11:15:00,1562737500,38650.4,38680,38545.1,38564.4,0
2019-07-10 12:15:00,1562741100,38564.8,38611.4,38474.7,38554.6,0
2019-07-10 13:15:00,1562744700,38555.1,38654.4,38555.1,38594,0
2019-07-10 14:15:00,1562748300,38592.1,38623.4,38480.9,38554.8,0
2019-07-10 15:15:00,1562751900,38555.9,38568.9,38523.4,38554.5,0
2019-07-11 09:15:00,1562816700,38751.6,38774.8,38631.3,38714.5,0
2019-07-11 10:15:00,1562820300,38715.9,38742,38671,38712.9,0
2019-07-11 11:15:00,1562823900,38714.3,38775.5,38700.2,38746.5,0
2019-07-11 12:15:00,1562827500,38746.7,38807.4,38744,38796.4,0
2019-07-11 13:15:00,1562831100,38796.4,38860.5,38763.6,38824.3,0
2019-07-11 14:15:00,1562834700,38824.8,38892.5,38811.5,38836.1,0
2019-07-11 15:15:00,1562838300,38839.2,38841.6,38788.8,38792.8,0
2019-07-12 09:15:00,1562903100,38941.1,38941.1,38747.8,38780.9,0
2019-07-12 10:15:00,1562906700,38782.9,38849.6,38781.8,38814.7,0
2019-07-12 11:15:00,1562910300,38814.2,38877.1,38803.9,38805.1,0
2019-07-12 12:15:00,1562913900,38804.9,38944.4,38803.8,38936.3,0
2019-07-12 13:15:00,1562917500,38936.7,39021.8,38927.3,38955.4,0
2019-07-12 14:15:00,1562921100,38954.7,38987,38684.9,38720.6,0
2019-07-12 15:15:00,1562924700,38721.4,38760,38695.2,38715.6,0
2019-07-15 09:15:00,1563162300,39009.9,39024,38806,38839.2,0
2019-07-15 10:15:00,1563165900,38840.8,39024,38719.3,38773.1,0
2019-07-15 11:15:00,1563169500,38773.6,38803.6,38741.5,38744.2,0
2019-07-15 12:15:00,1563173100,38746.4,38847.2,38696.6,38817.9,0
2019-07-15 13:15:00,1563176700,38815.9,38864.2,38767.1,38796.6,0
2019-07-15 14:15:00,1563180300,38795.9,38918.6,38795.3,38896.6,0
2019-07-15 15:15:00,1563183900,38895.3,38916.6,38889,38896.4,0
2019-07-16 09:15:00,1563248700,38961.9,39060,38845.3,39003.8,0
2019-07-16 10:15:00,1563252300,39006.2,39027.9,38964.8,39021.3,0
2019-07-16 11:15:00,1563255900,39021.2,39062.5,39010.2,39041.4,0
2019-07-16 12:15:00,1563259500,39041.2,39063.5,38988.1,39036,0
2019-07-16 13:15:00,1563263100,39035.9,39133.7,38972.6,39133.7,0
2019-07-16 14:15:00,1563266700,39133.5,39173.9,39083.4,39138.1,0
2019-07-16 15:15:00,1563270300,39134.7,39142.3,39108.5,39112.4,0
2019-07-17 09:15:00,1563335100,39171.1,39234,39081.1,39221.4,0
2019-07-17 10:15:00,1563338700,39222.5,39273.5,39204.3,39256.6,0
2019-07-17 11:15:00,1563342300,39259.3,39284.7,39219.5,39258,0
2019-07-17 12:15:00,1563345900,39257.2,39260.6,39178.1,39181.8,0
2019-07-17 13:15:00,1563349500,39182.3,39243.6,39155.6,39200.2,0
2019-07-17 14:15:00,1563353100,39200.6,39257,39183.9,39231.7,0
2019-07-17 15:15:00,1563356700,39232.7,39234.3,39201.3,39216.6,0
2019-07-18 09:15:00,1563421500,39204.5,39204.5,39087.8,39155.5,0
2019-07-18 10:15:00,1563425100,39155.9,39192,39116.9,39127.2,0
2019-07-18 11:15:00,1563428700,39126.6,39136.7,39096.2,39121.6,0
2019-07-18 12:15:00,1563432300,39121.5,39127.6,39051.1,39092.1,0
2019-07-18 13:15:00,1563435900,39090.7,39142.1,39022.7,39045.1,0
2019-07-18 14:15:00,1563439500,39042.9,39097.8,38900.2,38911.9,0
2019-07-18 15:15:00,1563443100,38916.4,38942,38861.2,38924.6,0
2019-07-19 09:15:00,1563507900,39058.7,39058.7,38641.1,38641.1,0
2019-07-19 10:15:00,1563511500,38638.4,38699.2,38530.8,38538.4,0
2019-07-19 11:15:00,1563515100,38539.8,38580.4,38477.9,38522.4,0
2019-07-19 12:15:00,1563518700,38523.3,38531.5,38407.5,38421.7,0
2019-07-19 13:15:00,1563522300,38424.6,38438.1,38355.6,38359.5,0
2019-07-19 14:15:00,1563525900,38356.8,38440.3,38271.4,38325.4,0
2019-07-19 15:15:00,1563529500,38320,38405.7,38319.6,38392,0
2019-07-22 09:15:00,1563767100,38333.5,38333.5,37926.5,38044.3,0
2019-07-22 10:15:00,1563770700,38044.7,38163.4,38029.3,38056.9,0
2019-07-22 11:15:00,1563774300,38057.6,38057.7,37953.3,37994.4,0
2019-07-22 12:15:00,1563777900,37995.4,38027.3,37918.6,37936.2,0
2019-07-22 13:15:00,1563781500,37936.3,38081.7,37890.3,38073.5,0
2019-07-22 14:15:00,1563785100,38073.2,38084.4,37927.9,38072.9,0
2019-07-22 15:15:00,1563788700,38066.9,38067.5,38001.5,38007.3,0
2019-07-23 09:15:00,1563853500,38138.6,38148.6,37917.5,38090.8,0
2019-07-23 10:15:00,1563857100,38096.3,38116.4,38016.6,38060.7,0
2019-07-23 11:15:00,1563860700,38061.9,38077.6,38026.9,38059.3,0
2019-07-23 12:15:00,1563864300,38053,38104.5,38020,38077.7,0
2019-07-23 13:15:00,1563867900,38077.5,38205.1,38062.4,38184.8,0
2019-07-23 14:15:00,1563871500,38185.6,38217.8,37898.9,37973.1,0
2019-07-23 15:15:00,1563875100,37973.8,38006.9,37959.7,37979.8,0
2019-07-24 09:15:00,1563939900,37990.2,38102.8,37765.7,37796.9,0
2019-07-24 10:15:00,1563943500,37797.9,37834.2,37708.4,37722.7,0
2019-07-24 11:15:00,1563947100,37722.4,37795.6,37712.6,37753.7,0
2019-07-24 12:15:00,1563950700,37753.8,37841.4,37709.7,37815.5,0
2019-07-24 13:15:00,1563954300,37815.6,37949.6,37815.6,37938.9,0
2019-07-24 14:15:00,1563957900,37938.8,37939.2,37755.8,37837.9,0
2019-07-24 15:15:00,1563961500,37843,37882.1,37830.9,37853.5,0
2019-07-25 09:15:00,1564026300,37935,38169.9,37869.6,38079.5,0
2019-07-25 10:15:00,1564029900,38078.4,38091.4,37943.7,38010.4,0
2019-07-25 11:15:00,1564033500,38010.3,38010.3,37821.2,37825.8,0
2019-07-25 12:15:00,1564037100,37823.9,37874.3,37775.5,37819.1,0
2019-07-25 13:15:00,1564040700,37819.7,37929.1,37778.1,37883.2,0
2019-07-25 14:15:00,1564044300,37883.7,37999.9,37779.5,37822.2,0
2019-07-25 15:15:00,1564047900,37821.2,37857.3,37812.8,37847.6,0
2019-07-26 09:15:00,1564112700,37831.2,37888.4,37690.5,37736.9,0
2019-07-26 10:15:00,1564116300,37736.4,37901.8,37691.2,37865.8,0
2019-07-26 11:15:00,1564119900,37867.4,37978.1,37857.8,37931.1,0
2019-07-26 12:15:00,1564123500,37931.2,37941.5,37844.4,37914.4,0
2019-07-26 13:15:00,1564127100,37910.2,37940.6,37801.2,37878.9,0
2019-07-26 14:15:00,1564130700,37878.8,37918.1,37839.7,37877.3,0
2019-07-26 15:15:00,1564134300,37873.8,37940.6,37871,37931.8,0
2019-07-29 09:15:00,1564371900,38043.2,38043.2,37759.1,37794.7,0
2019-07-29 10:15:00,1564375500,37796.4,37835.9,37754.2,37829,0
2019-07-29 11:15:00,1564379100,37827.4,37827.4,37519.2,37581.4,0
2019-07-29 12:15:00,1564382700,37580,37649.7,37527.8,37641,0
2019-07-29 13:15:00,1564386300,37642.3,37779.4,37640.6,37706.6,0
2019-07-29 14:15:00,1564389900,37706.7,37722.4,37603.9,37688.4,0
2019-07-29 15:15:00,1564393500,37691.4,37703.4,37663.4,37693.6,0
2019-07-30 09:15:00,1564458300,37735.5,37950.2,37690.4,37850.5,0
2019-07-30 10:15:00,1564461900,37850.5,37855.4,37765.1,37781.9,0
2019-07-30 11:15:00,1564465500,37780.6,37791.4,37617.5,37791.4,0
2019-07-30 12:15:00,1564469100,37792.3,37819.9,37712.6,37736.9,0
2019-07-30 13:15:00,1564472700,37735.8,37950.2,37617.5,37694.7,0
2019-07-30 14:15:00,1564476300,37697.8,37698.3,37363.7,37398.7,0
2019-07-30 15:15:00,1564479900,37406.4,37427.6,37359,37368.8,0
2019-07-31 09:15:00,1564544700,37257.6,37349.7,37135.9,37258.8,0
2019-07-31 10:15:00,1564548300,37252.9,37298.4,37128.3,37223.2,0
2019-07-31 11:15:00,1564551900,37223.2,37431.9,37219,37346,0
2019-07-31 12:15:00,1564555500,37343.6,37422.6,37297.1,37416.9,0
2019-07-31 13:15:00,1564559100,37417.9,37462.2,37308.9,37396,0
2019-07-31 14:15:00,1564562700,37397,37576.4,37396.1,37521.9,0
2019-07-31 15:15:00,1564566300,37525.1,37529.9,37450.5,37471.8,0
2019-08-01 09:15:00,1564631100,37387.2,37387.2,37215.1,37239.6,0
2019-08-01 10:15:00,1564634700,37234.5,37237,37046.4,37050.7,0
2019-08-01 11:15:00,1564638300,37050.8,37113.8,36973.1,36997,0
2019-08-01 12:15:00,1564641900,36997.1,37075.8,36981.7,36988.3,0
2019-08-01 13:15:00,1564645500,36983.1,37053.1,36898.3,36960.7,0
2019-08-01 14:15:00,1564649100,36961.1,37105.3,36694.2,37105.3,0
2019-08-01 15:15:00,1564652700,37105.3,37111.9,37040,37059.5,0
2019-08-02 09:15:00,1564717500,36920.1,36920.1,36617,36661.2,0
2019-08-02 10:15:00,1564721100,36662,36749,36607.4,36705.1,0
2019-08-02 11:15:00,1564724700,36709.3,36957,36708.3,36891.9,0
2019-08-02 12:15:00,1564728300,36896.6,36956.2,36785.1,36849.9,0
2019-08-02 13:15:00,1564731900,36849.9,37273,36773,37272,0
2019-08-02 14:15:00,1564735500,37272.6,37375.2,37015.1,37160.4,0
2019-08-02 15:15:00,1564739100,37160.4,37169.9,37092.6,37142.3,0
2019-08-14 14:15:00,1565772300,37233.5,37473.6,37000.8,37332.4,0
2019-08-14 15:15:00,1565775900,37335.5,37336.8,37241.4,37244.2,0
2019-08-16 09:15:00,1565927100,37383,37384.3,36974.4,37079.7,0
2019-08-16 10:15:00,1565930700,37079.5,37290.2,37079.5,37279.5,0
2019-08-16 11:15:00,1565934300,37279.3,37384.3,36974.4,37316.6,0
2019-08-16 12:15:00,1565937900,37317.9,37406.7,37247,37390.1,0
2019-08-16 13:15:00,1565941500,37390.6,37444.4,37284.4,37374.5,0
2019-08-16 14:15:00,1565945100,37368.1,37408.9,37306.3,37371,0
2019-08-16 15:15:00,1565948700,37369.4,37380.1,37329.3,37333,0
2019-08-19 09:15:00,1566186300,37485.9,37616,37420.5,37588.6,0
2019-08-19 10:15:00,1566189900,37589.7,37682.9,37420.5,37596.9,0
2019-08-19 11:15:00,1566193500,37594.5,37675.1,37589.9,37668.5,0
2019-08-19 12:15:00,1566197100,37668.7,37718.9,37651.1,37681.8,0
2019-08-19 13:15:00,1566200700,37683.3,37697.7,37538.6,37594.1,0
2019-08-19 14:15:00,1566204300,37590.8,37593,37358.5,37408.5,0
2019-08-19 15:15:00,1566207900,37411.7,37423.9,37382.4,37402.4,0
2019-08-20 09:15:00,1566272700,37441.8,37511.2,37241.8,37263.6,0
2019-08-20 10:15:00,1566276300,37261.7,37370.5,37258.2,37322.4,0
2019-08-20 11:15:00,1566279900,37321.5,37330.2,37251.9,37291.2,0
2019-08-20 12:15:00,1566283500,37291.6,37304,37221,37255.1,0
2019-08-20 13:15:00,1566287100,37257.7,37461,37256.9,37425.5,0
2019-08-20 14:15:00,1566290700,37424.7,37437.3,37219.9,37314.3,0
2019-08-20 15:15:00,1566294300,37321.3,37511.6,37219.9,37346.8,0
2019-08-21 09:15:00,1566359100,37298.7,37406.6,37237.5,37363.7,0
2019-08-21 10:15:00,1566362700,37362,37376.1,37264.7,37270.5,0
2019-08-21 11:15:00,1566366300,37270.7,37322.3,37125,37191.4,0
2019-08-21 12:15:00,1566369900,37191.1,37255.2,37154,37210,0
2019-08-21 13:15:00,1566373500,37208.2,37406.6,37089.3,37095.2,0
2019-08-21 14:15:00,1566377100,37095.3,37152.9,37022.5,37054.1,0
2019-08-21 15:15:00,1566380700,37054.1,37406.6,37022.5,37068.5,0
2019-08-22 09:15:00,1566445500,37087.6,37087.6,36883.8,36921.3,0
2019-08-22 10:15:00,1566449100,36918.9,37087.6,36773.8,36802.7,0
2019-08-22 11:15:00,1566452700,36803.1,36850.8,36731.5,36830.5,0
2019-08-22 12:15:00,1566456300,36829.5,36925.8,36769.4,36843.4,0
2019-08-22 13:15:00,1566459900,36843.4,36895.6,36602.4,36668.2,0
2019-08-22 14:15:00,1566463500,36674.3,36741.3,36464,36500.7,0
2019-08-22 15:15:00,1566467100,36499.4,36513.9,36391.4,36451,0
2019-08-23 09:15:00,1566531900,36387.7,36429.8,36102.4,36380.2,0
2019-08-23 10:15:00,1566535500,36381.4,36624.7,36359,36413.2,0
2019-08-23 11:15:00,1566539100,36412.2,36495.8,36372,36425.8,0
2019-08-23 12:15:00,1566542700,36427.5,36592.1,36427.5,36579.6,0
2019-08-23 13:15:00,1566546300,36577.1,36807.3,36577.1,36740.8,0
2019-08-23 14:15:00,1566549900,36741.4,36807.3,36102.4,36694.3,0
2019-08-23 15:15:00,1566553500,36697.5,36751.5,36674.1,36747.6,0
2019-08-26 09:15:00,1566791100,37363.9,37363.9,36492.6,36598.7,0
2019-08-26 10:15:00,1566794700,36598.8,37363.9,36492.6,36799.7,0
2019-08-26 11:15:00,1566798300,36799.5,37110.7,36785.7,37085.8,0
2019-08-26 12:15:00,1566801900,37080.9,37304.6,37069.9,37271.8,0
2019-08-26 13:15:00,1566805500,37272.4,37454.6,37232.6,37443,0
2019-08-26 14:15:00,1566809100,37447.9,37544.5,36492.6,37491.6,0
2019-08-26 15:15:00,1566812700,37487.2,37532.5,37469.1,37491.1,0
2019-08-27 09:15:00,1566877500,37658.5,37693.8,37449.7,37656.4,0
2019-08-27 10:15:00,1566881100,37657.4,37722.1,37584.6,37638.7,0
2019-08-27 11:15:00,1566884700,37641.3,37696.2,37604.9,37672.8,0
2019-08-27 12:15:00,1566888300,37672.7,37731.5,37595.9,37630.1,0
2019-08-27 13:15:00,1566891900,37630.1,37663.7,37513.1,37576,0
2019-08-27 14:15:00,1566895500,37576,37718.2,37543.4,37632.7,0
2019-08-27 15:15:00,1566899100,37631.8,37693.4,37626.3,37680.9,0
2019-08-28 09:15:00,1566963900,37655.8,37687.8,37456.6,37517.7,0
2019-08-28 10:15:00,1566967500,37517.1,37584.2,37466.2,37584.2,0
2019-08-28 11:15:00,1566971100,37585,37595.4,37428.4,37470.6,0
2019-08-28 12:15:00,1566974700,37471,37511,37397.4,37414.1,0
2019-08-28 13:15:00,1566978300,37413.5,37687.8,37268.3,37271.3,0
2019-08-28 14:15:00,1566981900,37269.7,37687.8,37249.2,37437.4,0
2019-08-28 15:15:00,1566985500,37438.4,37471.1,37424.4,37452.3,0
2019-08-29 09:15:00,1567050300,37381.8,37381.8,37191.8,37269.6,0
2019-08-29 10:15:00,1567053900,37270.1,37270.9,37130.7,37194.9,0
2019-08-29 11:15:00,1567057500,37194.6,37216.2,37094.5,37106,0
2019-08-29 12:15:00,1567061100,37105.7,37212.3,37025.7,37185.5,0
2019-08-29 13:15:00,1567064700,37184,37330.5,37103.4,37300.6,0
2019-08-29 14:15:00,1567068300,37297.6,37307.4,36987.4,37023.5,0
2019-08-29 15:15:00,1567071900,37022,37122.2,37013,37107.2,0
2019-08-30 09:15:00,1567136700,37222.3,37319,37096,37151.6,0
2019-08-30 10:15:00,1567140300,37150.1,37157.7,36921.4,36959.2,0
2019-08-30 11:15:00,1567143900,36957.6,36976.7,36829.8,36919.2,0
2019-08-30 12:15:00,1567147500,36919.1,37052.7,36899.3,37033.7,0
2019-08-30 13:15:00,1567151100,37033.4,37221.5,36937.5,37191.4,0
2019-08-30 14:15:00,1567154700,37190.9,37336.1,37077.5,37316.2,0
2019-08-30 15:15:00,1567158300,37316.1,37398,37312.9,37373.7,0
2019-09-03 09:15:00,1567482300,37181.8,37188.4,36888.4,36960.9,0
2019-09-03 10:15:00,1567485900,36962.9,36964,36849.6,36925.6,0
2019-09-03 11:15:00,1567489500,36924.6,36956.4,36876.2,36888.9,0
2019-09-03 12:15:00,1567493100,36888.9,36907.8,36816.9,36867.2,0
2019-09-03 13:15:00,1567496700,36865.4,36891.1,36710.5,36757.2,0
2019-09-03 14:15:00,1567500300,36757.1,36851.6,36593.2,36603.1,0
2019-09-03 15:15:00,1567503900,36605.4,37188.4,36466,36484.7,0
2019-09-04 09:15:00,1567568700,36575.2,36636.7,36432.9,36575.9,0
2019-09-04 10:15:00,1567572300,36574.8,36591.9,36409.5,36448.3,0
2019-09-04 11:15:00,1567575900,36447.7,36665.4,36439.6,36580.2,0
2019-09-04 12:15:00,1567579500,36579.7,36686,36540.1,36679.7,0
2019-09-04 13:15:00,1567583100,36680,36757.6,36668.1,36713.5,0
2019-09-04 14:15:00,1567586700,36706.5,36776.3,36567.5,36755.2,0
2019-09-04 15:15:00,1567590300,36755.9,36758.2,36680.1,36685.8,0
2019-09-05 09:15:00,1567655100,36821.7,36891.6,36753,36852.7,0
2019-09-05 10:15:00,1567658700,36854.5,36899,36784.8,36802,0
2019-09-05 11:15:00,1567662300,36798.1,36820.3,36586.9,36614,0
2019-09-05 12:15:00,1567665900,36613.6,36670.6,36541.9,36667.5,0
2019-09-05 13:15:00,1567669500,36682.6,36899,36541.9,36583.5,0
2019-09-05 14:15:00,1567673100,36581.2,36691.9,36579.7,36657.2,0
2019-09-05 15:15:00,1567676700,36658.7,36678.7,36616.1,36632.8,0
2019-09-06 09:15:00,1567741500,36785.6,36867.5,36750.5,36786.7,0
2019-09-06 10:15:00,1567745100,36788.4,36849.2,36727.7,36830.5,0
2019-09-06 11:15:00,1567748700,36829.7,36900.5,36808.1,36900.5,0
2019-09-06 12:15:00,1567752300,36903.9,36972.9,36847.3,36958.5,0
2019-09-06 13:15:00,1567755900,36958.6,36993.1,36905.9,36918.5,0
2019-09-06 14:15:00,1567759500,36921.3,37013,36887.9,36988,0
2019-09-06 15:15:00,1567763100,36991.8,37010.2,36959.7,36967.7,0
2019-09-09 09:15:00,1568000700,36969.48,37146.5,36786.32,37119.32,0
2019-09-09 10:15:00,1568004300,37122.81,37211.08,37108.14,37178.97,0
2019-09-09 11:15:00,1568007900,37180.15,37215.28,37146.09,37201.79,0
2019-09-09 12:15:00,1568011500,37201.72,37240.41,37166.24,37223.49,0
2019-09-09 13:15:00,1568015100,37223.4,37244.08,37040.43,37131.04,0
2019-09-09 14:15:00,1568018700,37130.61,37185.54,37090.19,37154.4,0
2019-09-09 15:15:00,1568022300,37156.42,37170.57,37140.59,37164.51,0
2019-09-11 09:15:00,1568173500,37251,37298.8,37193.6,37262.3,0
2019-09-11 10:15:00,1568177100,37262.6,37317.9,37256.9,37297.6,0
2019-09-11 11:15:00,1568180700,37296.8,37343.5,37251.4,37262.9,0
2019-09-11 12:15:00,1568184300,37262.8,37318,37222.8,37296,0
2019-09-11 13:15:00,1568187900,37296.3,37342.1,37236.5,37325.4,0
2019-09-11 14:15:00,1568191500,37325.8,37334.9,37265.5,37296.8,0
2019-09-11 15:15:00,1568195100,37296,37297.4,37217,37234.8,0
2019-09-12 09:15:00,1568259900,37330.5,37435.1,37320.6,37380.4,0
2019-09-12 10:15:00,1568263500,37380.4,37402,37277.9,37278.2,0
2019-09-12 11:15:00,1568267100,37278.6,37334.5,37227.9,37330,0
2019-09-12 12:15:00,1568270700,37330.3,37435.1,37227.9,37314,0
2019-09-12 13:15:00,1568274300,37309.7,37332.8,37188.9,37254.4,0
2019-09-12 14:15:00,1568277900,37254.3,37256.6,37048.7,37083.8,0
2019-09-12 15:15:00,1568281500,37087.7,37121.1,37065.2,37103.8,0
2019-09-13 09:15:00,1568346300,37175.9,37244.3,37000.1,37025.2,0
2019-09-13 10:15:00,1568349900,37027.7,37155.8,37012.9,37074.4,0
2019-09-13 11:15:00,1568353500,37074.9,37157.9,37053.6,37110.6,0
2019-09-13 12:15:00,1568357100,37109.5,37116.1,37028.1,37084.7,0
2019-09-13 13:15:00,1568360700,37084.3,37264.2,37075.6,37225.7,0
2019-09-13 14:15:00,1568364300,37226.9,37409,37222.6,37386.9,0
2019-09-13 15:15:00,1568367900,37387,37413.5,37379.6,37402.7,0
2019-09-16 09:15:00,1568605500,37204.6,37243.8,37111.3,37241.6,0
2019-09-16 10:15:00,1568609100,37242.1,37302.1,37136.9,37264.8,0
2019-09-16 11:15:00,1568612700,37266,37302.1,37111.3,37211.9,0
2019-09-16 12:15:00,1568616300,37210.7,37302.1,37043.1,37080.6,0
2019-09-16 13:15:00,1568619900,37079.9,37170.9,37028.9,37097.8,0
2019-09-16 14:15:00,1568623500,37097.3,37182.1,37056.5,37138.5,0
2019-09-16 15:15:00,1568627100,37139.9,37141.3,37104.3,37110.1,0
2019-09-17 09:15:00,1568691900,37169.5,37169.6,36906.2,36910.9,0
2019-09-17 10:15:00,1568695500,36916.1,36946.3,36830.3,36889.6,0
2019-09-17 11:15:00,1568699100,36888.9,36895.4,36791.6,36799.3,0
2019-09-17 12:15:00,1568702700,36797.8,36831.8,36716,36718.6,0
2019-09-17 13:15:00,1568706300,36717.7,36726.5,36451.2,36457.3,0
2019-09-17 14:15:00,1568709900,36460.7,36558.7,36419.1,36450.6,0
2019-09-17 15:15:00,1568713500,36457.4,36531.6,36440.5,36522.5,0
2019-09-18 09:15:00,1568778300,36621.4,36713,36465.9,36502.4,0
2019-09-18 10:15:00,1568781900,36502.2,36713,36465.9,36518.2,0
2019-09-18 11:15:00,1568785500,36519.3,36713,36465.9,36518.1,0
2019-09-18 12:15:00,1568789100,36518.2,36654.2,36499.8,36654.2,0
2019-09-18 13:15:00,1568792700,36655.4,36681.9,36515.4,36606.7,0
2019-09-18 14:15:00,1568796300,36606.4,36668.5,36507.8,36553.2,0
2019-09-18 15:15:00,1568799900,36547.1,36599.9,36506.6,36598.2,0
2019-09-19 09:15:00,1568864700,36613.9,36613.9,36277,36294.3,0
2019-09-19 10:15:00,1568868300,36294.9,36315.2,36205.4,36264.4,0
2019-09-19 11:15:00,1568871900,36265.2,36309.4,36201.2,36206.2,0
2019-09-19 12:15:00,1568875500,36206.2,36239.9,36115.6,36119.8,0
2019-09-19 13:15:00,1568879100,36117.8,36190.5,36064.8,36118.1,0
2019-09-19 14:15:00,1568882700,36116.9,36147.4,35987.8,36115.2,0
2019-09-19 15:15:00,1568886300,36110.1,36135.6,36064.2,36073.4,0
2019-09-20 09:15:00,1568951100,36214.9,36250.4,36085.7,36159.5,0
2019-09-20 10:15:00,1568954700,36155.2,37404.8,36138.2,37311.6,0
2019-09-20 11:15:00,1568958300,37340.8,38044.5,37270.7,38013.8,0
2019-09-20 12:15:00,1568961900,38018.6,38048.9,36085.7,37922.6,0
2019-09-20 13:15:00,1568965500,37923.8,38248.9,37895.9,38240.2,0
2019-09-20 14:15:00,1568969100,38241.4,38378,36085.7,38017.5,0
2019-09-20 15:15:00,1568972700,38014.9,38030.5,37947.3,38006.4,0
2019-09-23 09:15:00,1569210300,38844,39346,38674,38805.2,0
2019-09-23 10:15:00,1569213900,38803.9,39346,38674,39105.7,0
2019-09-23 11:15:00,1569217500,39107.3,39324.9,39078.7,39229.3,0
2019-09-23 12:15:00,1569221100,39225.1,39441.1,39225.1,39264.5,0
2019-09-23 13:15:00,1569224700,39263.9,39266.3,39091.5,39126.7,0
2019-09-23 14:15:00,1569228300,39123.5,39246.9,39048.9,39111.9,0
2019-09-23 15:15:00,1569231900,39111.2,39135.9,38993.6,39067.9,0
2019-09-24 09:15:00,1569296700,39135.3,39306.4,39011.8,39194.5,0
2019-09-24 10:15:00,1569300300,39189.1,39219.3,38989.4,39002.9,0
2019-09-24 11:15:00,1569303900,38998.6,39061,38913.1,39005.9,0
2019-09-24 12:15:00,1569307500,39006.9,39134.1,38976.4,39047.4,0
2019-09-24 13:15:00,1569311100,39047.1,39062.8,38930.3,38998.9,0
2019-09-24 14:15:00,1569314700,38998.8,39261.6,38968.5,39071.3,0
2019-09-24 15:15:00,1569318300,39067.2,39119,39034.1,39101.9,0
2019-09-25 09:15:00,1569383100,39087.2,39087.2,38745.6,38800.8,0
2019-09-25 10:15:00,1569386700,38799.9,38800.3,38652.1,38714.9,0
2019-09-25 11:15:00,1569390300,38714.4,38766.3,38669.6,38721,0
2019-09-25 12:15:00,1569393900,38717.5,38832.7,38710,38751.6,0
2019-09-25 13:15:00,1569397500,38754.3,39087.2,38560.4,38604.2,0
2019-09-25 14:15:00,1569401100,38602.6,39087.2,38511,38648.2,0
2019-09-25 15:15:00,1569404700,38654,38658.6,38554.9,38558.6,0
2019-09-26 09:15:00,1569469500,38700.5,39008.8,38676.1,38930.9,0
2019-09-26 10:15:00,1569473100,38932.3,39158.1,38932.3,38979.7,0
2019-09-26 11:15:00,1569476700,38980.2,39085.5,38779.8,38790.5,0
2019-09-26 12:15:00,1569480300,38791.3,38953.5,38732.9,38887.4,0
2019-09-26 13:15:00,1569483900,38886.5,38965.7,38804,38908.1,0
2019-09-26 14:15:00,1569487500,38908.8,39060.5,38908.8,38977.4,0
2019-09-26 15:15:00,1569491100,38981.3,39158.1,38676.1,39017.3,0
2019-09-27 09:15:00,1569555900,39003.1,39107.4,38814.8,38903,0
2019-09-27 10:15:00,1569559500,38903.3,38940.2,38817.9,38823.3,0
2019-09-27 11:15:00,1569563100,38823.7,38945.3,38797,38894.1,0
2019-09-27 12:15:00,1569566700,38892.9,38968.8,38859.9,38925.2,0
2019-09-27 13:15:00,1569570300,38925.2,39033.4,38907.3,38944.5,0
2019-09-27 14:15:00,1569573900,38945.8,38947,38782.6,38804.9,0
2019-09-27 15:15:00,1569577500,38812,38837.8,38798.3,38814.5,0
2019-09-30 09:15:00,1569815100,38873.1,38873.1,38491.7,38507.3,0
2019-09-30 10:15:00,1569818700,38510.8,38873.1,38466,38519.5,0
2019-09-30 11:15:00,1569822300,38520,38873.1,38466,38541.3,0
2019-09-30 12:15:00,1569825900,38541.4,38550.7,38401.1,38532.3,0
2019-09-30 13:15:00,1569829500,38531.5,38578.9,38472.7,38540.5,0
2019-09-30 14:15:00,1569833100,38538.5,38801,38524.2,38640.8,0
2019-09-30 15:15:00,1569836700,38645.8,38703.8,38639.1,38661.8,0
2019-10-01 09:15:00,1569901500,38813.5,38923.8,38434.2,38559.1,0
2019-10-01 10:15:00,1569905100,38556.9,38866.4,38543.9,38793.9,0
2019-10-01 11:15:00,1569908700,38797.4,38843.9,38686.5,38693.2,0
2019-10-01 12:15:00,1569912300,38693.6,38740.2,38619.3,38665.1,0
2019-10-01 13:15:00,1569915900,38664.7,38668.8,37941.2,37990.8,0
2019-10-01 14:15:00,1569919500,37981.8,38398.4,37929.9,38247.5,0
2019-10-01 15:15:00,1569923100,38239.1,38353,38239.1,38342.8,0
2019-10-03 09:15:00,1570074300,38137.9,38284,37957.6,38131.6,0
2019-10-03 10:15:00,1570077900,38133.2,38284,37957.6,38195.4,0
2019-10-03 11:15:00,1570081500,38196.1,38284,37957.6,38222.2,0
2019-10-03 12:15:00,1570085100,38224.8,38310.9,38107.7,38124.7,0
2019-10-03 13:15:00,1570088700,38122.4,38310.9,37957.6,38138.1,0
2019-10-03 14:15:00,1570092300,38135.3,38161.2,38026.1,38097.7,0
2019-10-03 15:15:00,1570095900,38091,38126.9,38085.8,38106,0
2019-10-04 09:15:00,1570160700,38401.5,38403.5,38258.1,38313.2,0
2019-10-04 10:15:00,1570164300,38313.9,38356.9,38260,38336,0
2019-10-04 11:15:00,1570167900,38339.4,38363.8,37971.9,38014.8,0
2019-10-04 12:15:00,1570171500,38009.6,38202.8,37863.9,37956.9,0
2019-10-04 13:15:00,1570175100,37961.9,38016.7,37699.9,37836.9,0
2019-10-04 14:15:00,1570178700,37834.7,37898,37651.9,37671.6,0
2019-10-04 15:15:00,1570182300,37675.3,37681.4,37633.4,37644.6,0
2019-10-07 09:15:00,1570419900,37853.8,37919.5,37534.5,37912,0
2019-10-07 10:15:00,1570423500,37911.5,37913.6,37677.4,37807.9,0
2019-10-07 11:15:00,1570427100,37810.3,37869.9,37755,37864.6,0
2019-10-07 12:15:00,1570430700,37864.8,37886.4,37798.6,37822.2,0
2019-10-07 13:15:00,1570434300,37827.8,37846.9,37698.9,37702,0
2019-10-07 14:15:00,1570437900,37701.6,37808.8,37497.1,37507.6,0
2019-10-07 15:15:00,1570441500,37503.1,37533,37480.5,37494.2,0
2019-10-09 09:15:00,1570592700,37628.1,37663.1,37455.6,37470.5,0
2019-10-09 10:15:00,1570596300,37470.4,37577,37415.8,37516.8,0
2019-10-09 11:15:00,1570599900,37516.9,37846.4,37516.7,37789.2,0
2019-10-09 12:15:00,1570603500,37787.7,37920,37765.4,37900.3,0
2019-10-09 13:15:00,1570607100,37900,38006.1,37884.8,37970,0
2019-10-09 14:15:00,1570610700,37968.6,38202.8,37948.5,38172.8,0
2019-10-09 15:15:00,1570614300,38178.7,38208.2,38160.1,38202,0
2019-10-10 09:15:00,1570679100,38130.2,38130.2,37978.9,38088.3,0
2019-10-10 10:15:00,1570682700,38089.6,38130.2,37978.9,38018,0
2019-10-10 11:15:00,1570686300,38015.5,38015.5,37861.6,37901,0
2019-10-10 12:15:00,1570689900,37900.7,37999.9,37802.9,37861.6,0
2019-10-10 13:15:00,1570693500,37860.5,38130.2,37802.9,37907.1,0
2019-10-10 14:15:00,1570697100,37899.6,37956.3,37815.8,37876.4,0
2019-10-10 15:15:00,1570700700,37879.3,37929.5,37868.9,37902.5,0
2019-10-11 09:15:00,1570765500,37994.5,38345.4,37961.1,38302.1,0
2019-10-11 10:15:00,1570769100,38298.6,38306.7,37737.9,37952.7,0
2019-10-11 11:15:00,1570772700,37948.6,38054.6,37881.5,37938.7,0
2019-10-11 12:15:00,1570776300,37941.5,38060.5,37924.1,38018.8,0
2019-10-11 13:15:00,1570779900,38019.1,38247.5,37950.4,38146.1,0
2019-10-11 14:15:00,1570783500,38144.2,38345.4,37737.9,38135.9,0
2019-10-11 15:15:00,1570787100,38138.5,38140.7,38092.2,38106.2,0
2019-10-14 09:15:00,1571024700,38208.2,38287.1,38066.1,38220.1,0
2019-10-14 10:15:00,1571028300,38219.9,38383.6,38204.7,38351.1,0
2019-10-14 11:15:00,1571031900,38347.9,38355.4,38282.7,38326.7,0
2019-10-14 12:15:00,1571035500,38326.5,38357,38238.6,38277.1,0
2019-10-14 13:15:00,1571039100,38276.4,38475.6,38275.7,38458.1,0
2019-10-14 14:15:00,1571042700,38456.5,38513.7,38177,38178.7,0
2019-10-14 15:15:00,1571046300,38179.7,38217,38136.6,38202.2,0
2019-10-15 09:15:00,1571111100,38316.5,38430,38238.3,38415.5,0
2019-10-15 10:15:00,1571114700,38413.7,38469.5,38238.3,38439.1,0
2019-10-15 11:15:00,1571118300,38438.8,38504.9,38416.6,38502.1,0
2019-10-15 12:15:00,1571121900,38503.9,38537.9,38388.2,38433.2,0
2019-10-15 13:15:00,1571125500,38432.9,38553.3,38238.3,38538.8,0
2019-10-15 14:15:00,1571129100,38539.7,38635.2,38238.3,38500,0
2019-10-15 15:15:00,1571132700,38496.3,38523,38491,38518.9,0
2019-10-16 09:15:00,1571197500,38637.1,38666.4,38466.8,38515.2,0
2019-10-16 10:15:00,1571201100,38513.2,38613.2,38509.7,38577.3,0
2019-10-16 11:15:00,1571204700,38578.9,38619.5,38543,38585.8,0
2019-10-16 12:15:00,1571208300,38588.4,38614,38471.8,38502,0
2019-10-16 13:15:00,1571211900,38497.5,38539,38416.7,38499.5,0
2019-10-16 14:15:00,1571215500,38499.5,38617.6,38462.2,38617,0
2019-10-16 15:15:00,1571219100,38612.3,38634.6,38594.6,38622.7,0
2019-10-17 09:15:00,1571283900,38647.4,38702.9,38557.4,38682.3,0
2019-10-17 10:15:00,1571287500,38680.9,38702.9,38557.4,38635.2,0
2019-10-17 11:15:00,1571291100,38635.6,38710.3,38591.1,38674.6,0
2019-10-17 12:15:00,1571294700,38672.3,38848.7,38557.4,38841,0
2019-10-17 13:15:00,1571298300,38842.6,39010.7,38806.9,38986.8,0
2019-10-17 14:15:00,1571301900,38985.2,39104.7,38557.4,39082.4,0
2019-10-17 15:15:00,1571305500,39084.8,39084.8,39027.7,39048.1,0
2019-10-18 09:15:00,1571370300,39087.8,39218.6,38963.6,39137.9,0
2019-10-18 10:15:00,1571373900,39141.9,39261.2,39129.1,39211.6,0
2019-10-18 11:15:00,1571377500,39209.9,39291.9,39183.2,39262.9,0
2019-10-18 12:15:00,1571381100,39259.4,39291.9,38963.6,39251.6,0
2019-10-18 13:15:00,1571384700,39249.5,39346.4,39215,39319.2,0
2019-10-18 14:15:00,1571388300,39317.5,39361.1,39208.3,39303.8,0
2019-10-18 15:15:00,1571391900,39304.3,39315.1,39274.6,39303.1,0
2019-10-22 09:15:00,1571715900,39233.4,39426.5,39165.6,39211,0
2019-10-22 10:15:00,1571719500,39209.8,39227.6,39121.2,39162.2,0
2019-10-22 11:15:00,1571723100,39163.6,39323.2,39143.7,39306.5,0
2019-10-22 12:15:00,1571726700,39310.3,39362.7,39174.4,39205.5,0
2019-10-22 13:15:00,1571730300,39205.6,39426.5,38993.7,39031.9,0
2019-10-22 14:15:00,1571733900,39030.8,39121,38933.8,38949.6,0
2019-10-22 15:15:00,1571737500,38952.2,38986.8,38924.9,38955.1,0
2019-10-23 09:15:00,1571802300,39063.8,39149,38866.1,39085.7,0
2019-10-23 10:15:00,1571805900,39083.1,39170.1,39064,39119.7,0
2019-10-23 11:15:00,1571809500,39120.4,39187.4,39118.8,39180.7,0
2019-10-23 12:15:00,1571813100,39180.6,39182.3,39063.8,39117.4,0
2019-10-23 13:15:00,1571816700,39118.9,39196.7,39066.9,39084.2,0
2019-10-23 14:15:00,1571820300,39084.4,39130.5,38905.1,39052.1,0
2019-10-23 15:15:00,1571823900,39057.7,39083,39052.4,39072.2,0
2019-10-24 09:15:00,1571888700,39223,39327.1,39011.3,39124.5,0
2019-10-24 10:15:00,1571892300,39127.6,39152.3,38957.8,38963.4,0
2019-10-24 11:15:00,1571895900,38963.6,39089.8,38952.9,39083.9,0
2019-10-24 12:15:00,1571899500,39081.1,39154.9,39001,39001,0
2019-10-24 13:15:00,1571903100,38997.8,39012.6,38840.8,38940.5,0
2019-10-24 14:15:00,1571906700,38937.3,39117.9,38872.4,39011.6,0
2019-10-24 15:15:00,1571910300,39008.8,39041.1,38986,39017.5,0
2019-10-25 09:15:00,1571975100,39201.7,39241.6,38994.5,39051.9,0
2019-10-25 10:15:00,1571978700,39052.7,39059,38950.1,39018.4,0
2019-10-25 11:15:00,1571982300,39018.9,39042.1,38961.8,38971.9,0
2019-10-25 12:15:00,1571985900,38972.6,38991,38757,38760.6,0
2019-10-25 13:15:00,1571989500,38755.3,39241.6,38718.3,38953.3,0
2019-10-25 14:15:00,1571993100,38947.6,39182.3,38916,39058.1,0
2019-10-25 15:15:00,1571996700,39058.9,39070.7,39018.6,39029.4,0
2019-10-27 18:15:00,1572180300,39389.48,39393.28,39181.01,39248.46,0
2019-10-29 09:15:00,1572320700,39293.5,39509.8,39254.1,39473.9,0
2019-10-29 10:15:00,1572324300,39474,39660.8,39474,39652.3,0
2019-10-29 11:15:00,1572327900,39652,39740.4,39647.5,39709.6,0
2019-10-29 12:15:00,1572331500,39708.1,39804,39692.6,39791.3,0
2019-10-29 13:15:00,1572335100,39792.4,39915.3,39792.3,39885.3,0
2019-10-29 14:15:00,1572338700,39885.3,39917,39800.7,39831.6,0
2019-10-29 15:15:00,1572342300,39834.5,39864,39807.8,39848.4,0
2019-10-30 09:15:00,1572407100,40055.6,40100.3,39805.1,39967.2,0
2019-10-30 10:15:00,1572410700,39970.1,40064.1,39966.1,39975.7,0
2019-10-30 11:15:00,1572414300,39976.2,40100.5,39962.3,40089.1,0
2019-10-30 12:15:00,1572417900,40089.7,40121.8,40025.1,40103.2,0
2019-10-30 13:15:00,1572421500,40104.9,40178.1,40059.6,40105,0
2019-10-30 14:15:00,1572425100,40105.8,40109.6,39962.7,40058.2,0
2019-10-30 15:15:00,1572428700,40054.2,40091.9,40032.5,40067.6,0
2019-10-31 09:15:00,1572493500,40212,40297.5,40178.2,40269.2,0
2019-10-31 10:15:00,1572497100,40270.5,40345,40222.5,40325.1,0
2019-10-31 11:15:00,1572500700,40325.7,40328.1,40197.1,40241.6,0
2019-10-31 12:15:00,1572504300,40243,40345,40178.2,40282.1,0
2019-10-31 13:15:00,1572507900,40282.2,40339.6,40223.2,40326.3,0
2019-10-31 14:15:00,1572511500,40328,40392.2,40054.9,40172.4,0
2019-10-31 15:15:00,1572515100,40177.1,40177.8,40085.6,40144.6,0
2019-11-01 09:15:00,1572579900,40196.1,40283.3,40129.2,40164.3,0
2019-11-01 10:15:00,1572583500,40166.9,40283.3,40014.2,40122.2,0
2019-11-01 11:15:00,1572587100,40121.9,40167.2,40073.7,40167.2,0
2019-11-01 12:15:00,1572590700,40172.4,40212.3,40061.1,40099,0
2019-11-01 13:15:00,1572594300,40098.4,40199.3,40077.2,40170,0
2019-11-01 14:15:00,1572597900,40170,40242.2,40094.9,40150,0
2019-11-01 15:15:00,1572601500,40152.5,40192.6,40135.2,40187.6,0
2019-11-04 09:15:00,1572839100,40293.9,40434.8,40267.3,40352.9,0
2019-11-04 10:15:00,1572842700,40356,40452,40321.1,40444.7,0
2019-11-04 11:15:00,1572846300,40446.9,40483.2,40196.5,40252.4,0
2019-11-04 12:15:00,1572849900,40253.1,40282.4,40191.6,40242.9,0
2019-11-04 13:15:00,1572853500,40242.8,40280.5,40186.3,40273.7,0
2019-11-04 14:15:00,1572857100,40275,40483.2,40186.3,40296.2,0
2019-11-04 15:15:00,1572860700,40290.8,40483.2,40186.3,40331.9,0
2019-11-05 09:15:00,1572925500,40445.7,40466.6,40238,40321.1,0
2019-11-05 10:15:00,1572929100,40322.2,40373.6,40292.9,40332.4,0
2019-11-05 11:15:00,1572932700,40333.2,40333.2,40144.9,40163.1,0
2019-11-05 12:15:00,1572936300,40169.3,40222.2,40080.6,40090.2,0
2019-11-05 13:15:00,1572939900,40090.8,40226.2,40053.6,40220.1,0
2019-11-05 14:15:00,1572943500,40220.1,40265.2,40171.2,40248.5,0
2019-11-05 15:15:00,1572947100,40253.9,40276,40232.9,40247.3,0
2019-11-06 09:15:00,1573011900,40311.9,40311.9,40054.6,40076.5,0
2019-11-06 10:15:00,1573015500,40076.5,40119.6,40037.5,40088.6,0
2019-11-06 11:15:00,1573019100,40089.2,40478.9,40086.1,40426.3,0
2019-11-06 12:15:00,1573022700,40423.5,40475.2,40365.9,40441.3,0
2019-11-06 13:15:00,1573026300,40441.3,40606.9,40037.5,40539.5,0
2019-11-06 14:15:00,1573029900,40539.8,40600.6,40461.3,40469.3,0
2019-11-06 15:15:00,1573033500,40475,40491.5,40447.4,40468.6,0
2019-11-07 09:15:00,1573098300,40625.6,40676.4,40540.9,40542.5,0
2019-11-07 10:15:00,1573101900,40544,40573.2,40476.1,40541.4,0
2019-11-07 11:15:00,1573105500,40542,40555.4,40495.6,40553.3,0
2019-11-07 12:15:00,1573109100,40551.9,40623.5,40421.1,40575,0
2019-11-07 13:15:00,1573112700,40579.7,40664.6,40553.2,40623.6,0
2019-11-07 14:15:00,1573116300,40621.9,40676.4,40421.1,40664.2,0
2019-11-07 15:15:00,1573119900,40664,40683.8,40421.1,40681.4,0
2019-11-08 09:15:00,1573184700,40630.6,40630.6,40503.7,40584.3,0
2019-11-08 10:15:00,1573188300,40583.8,40615.7,40452.3,40484.1,0
2019-11-08 11:15:00,1573191900,40485.8,40621.8,40478.9,40578.3,0
2019-11-08 12:15:00,1573195500,40575.6,40741.7,40575.4,40710.6,0
2019-11-08 13:15:00,1573199100,40710.8,40749.3,40452.3,40576.6,0
2019-11-08 14:15:00,1573202700,40577.5,40749.3,40328.3,40339.6,0
2019-11-08 15:15:00,1573206300,40339.1,40345.6,40266.4,40323,0
2019-11-11 09:15:00,1573443900,40316.5,40385.6,40192.8,40344,0
2019-11-11 10:15:00,1573447500,40345.7,40385.6,40192.8,40265.9,0
2019-11-11 11:15:00,1573451100,40265.4,40385.6,40151,40183.5,0
2019-11-11 12:15:00,1573454700,40183.5,40257.8,40163,40210.5,0
2019-11-11 13:15:00,1573458300,40211.4,40293.6,40175.3,40267.5,0
2019-11-11 14:15:00,1573461900,40263.3,40371.8,40194.1,40371.8,0
2019-11-11 15:15:00,1573465500,40365.1,40417.4,40334.6,40345.8,0
2019-11-13 09:15:00,1573616700,40346.4,40447.2,40279.1,40382.1,0
2019-11-13 10:15:00,1573620300,40382.7,40447.2,40279.1,40334.9,0
2019-11-13 11:15:00,1573623900,40339.2,40447.2,40279.1,40293.8,0
2019-11-13 12:15:00,1573627500,40294.1,40364.6,40289.2,40323.7,0
2019-11-13 13:15:00,1573631100,40323.2,40332.3,40238,40290.7,0
2019-11-13 14:15:00,1573634700,40290.3,40300.2,40062.3,40118,0
2019-11-13 15:15:00,1573638300,40127.1,40135.2,40081.6,40115.9,0
2019-11-14 09:15:00,1573703100,40178.9,40200.3,40027,40087.3,0
2019-11-14 10:15:00,1573706700,40085.7,40348.6,40057.3,40284.5,0
2019-11-14 11:15:00,1573710300,40284.9,40294.3,40103.9,40120,0
2019-11-14 12:15:00,1573713900,40119.3,40164.2,40074.6,40128.3,0
2019-11-14 13:15:00,1573717500,40130.3,40267.8,40118.6,40263.8,0
2019-11-14 14:15:00,1573721100,40264.7,40330.6,40164,40295.5,0
2019-11-14 15:15:00,1573724700,40294,40310.4,40245.8,40274.4,0
2019-11-15 09:15:00,1573789500,40408.2,40540,40396.9,40501.4,0
2019-11-15 10:15:00,1573793100,40500.4,40650.1,40446.1,40506.8,0
2019-11-15 11:15:00,1573796700,40507.2,40533.2,40458,40511.3,0
2019-11-15 12:15:00,1573800300,40515.8,40534.6,40458.2,40510.3,0
2019-11-15 13:15:00,1573803900,40511.6,40650.1,40396.9,40578.1,0
2019-11-15 14:15:00,1573807500,40577.3,40597.2,40341.3,40341.3,0
2019-11-15 15:15:00,1573811100,40346.8,40359.4,40308.1,40346.7,0
2019-11-18 09:15:00,1574048700,40431.1,40542.4,40308.4,40374.5,0
2019-11-18 10:15:00,1574052300,40375,40390.1,40303.8,40344.5,0
2019-11-18 11:15:00,1574055900,40343.2,40349.9,40232,40258.4,0
2019-11-18 12:15:00,1574059500,40258,40348.4,40222,40309.3,0
2019-11-18 13:15:00,1574063100,40308.9,40329.7,40243.7,40329.2,0
2019-11-18 14:15:00,1574066700,40329,40349.8,40256.6,40285.3,0
2019-11-18 15:15:00,1574070300,40280.2,40542.4,40222,40325.2,0
2019-11-19 09:15:00,1574135100,40455.4,40455.4,40290.2,40334.9,0
2019-11-19 10:15:00,1574138700,40336.3,40444.4,40320.2,40381.1,0
2019-11-19 11:15:00,1574142300,40382.2,40491.7,40375,40447.2,0
2019-11-19 12:15:00,1574145900,40448.6,40495.6,40398.5,40463.4,0
2019-11-19 13:15:00,1574149500,40463,40470.5,40413.3,40420.4,0
2019-11-19 14:15:00,1574153100,40420.3,40463.1,40337.1,40447.3,0
2019-11-19 15:15:00,1574156700,40447.4,40544.1,40446.7,40540.9,0
2019-11-20 09:15:00,1574221500,40729.8,40754.5,40576,40745.5,0
2019-11-20 10:15:00,1574225100,40747.1,40816.4,40730.4,40750.3,0
2019-11-20 11:15:00,1574228700,40755.4,40779.5,40731.8,40775.7,0
2019-11-20 12:15:00,1574232300,40776.7,40799.6,40745.7,40755.5,0
2019-11-20 13:15:00,1574235900,40755.8,40775.5,40640.8,40688.1,0
2019-11-20 14:15:00,1574239500,40688.2,40704.2,40603.7,40663.6,0
2019-11-20 15:15:00,1574243100,40665.4,40674.1,40613.7,40644.5,0
2019-11-21 09:15:00,1574307900,40737.3,40744.9,40608.5,40630.9,0
2019-11-21 10:15:00,1574311500,40631.2,40645.2,40558.5,40586.4,0
2019-11-21 11:15:00,1574315100,40587,40659.1,40570.6,40640.9,0
2019-11-21 12:15:00,1574318700,40639.6,40690.3,40616.2,40680.9,0
2019-11-21 13:15:00,1574322300,40681,40704.6,40619.5,40642.4,0
2019-11-21 14:15:00,1574325900,40642.3,40717.2,40534.1,40586.4,0
2019-11-21 15:15:00,1574329500,40585.9,40592.3,40553.7,40559.8,0
2019-11-22 09:15:00,1574394300,40653.2,40653.2,40437,40448,0
2019-11-22 10:15:00,1574397900,40448.5,40494.8,40405.9,40451.4,0
2019-11-22 11:15:00,1574401500,40452.3,40458.6,40295.8,40348.3,0
2019-11-22 12:15:00,1574405100,40348.3,40370.4,40276.8,40301.1,0
2019-11-22 13:15:00,1574408700,40301.5,40653.2,40276.8,40364.9,0
2019-11-22 14:15:00,1574412300,40365.1,40400.4,40295.5,40351.6,0
2019-11-22 15:15:00,1574415900,40356,40382.7,40343.4,40382.7,0
2019-11-25 09:15:00,1574653500,40439.7,40613.2,40393.9,40571.7,0
2019-11-25 10:15:00,1574657100,40573.1,40652.3,40546.4,40616.3,0
2019-11-25 11:15:00,1574660700,40614.8,40710.7,40393.9,40698.7,0
2019-11-25 12:15:00,1574664300,40697.3,40764.4,40697.3,40726.2,0
2019-11-25 13:15:00,1574667900,40723.4,40866,40713.4,40835.6,0
2019-11-25 14:15:00,1574671500,40835.3,40908.8,40783.6,40900.9,0
2019-11-25 15:15:00,1574675100,40903.9,40931.7,40889.5,40918,0
2019-11-26 09:15:00,1574739900,41022.9,41120.3,40960.2,40999.9,0
2019-11-26 10:15:00,1574743500,40998.6,41120.3,40888.2,40938.1,0
2019-11-26 11:15:00,1574747100,40936.4,40961,40912.6,40928.6,0
2019-11-26 12:15:00,1574750700,40928,41034.5,40916.4,41006.4,0
2019-11-26 13:15:00,1574754300,41005.6,41005.6,40891.1,40915.7,0
2019-11-26 14:15:00,1574757900,40916.2,40948.7,40710.2,40807.5,0
2019-11-26 15:15:00,1574761500,40804.8,40914.6,40780.4,40847.6,0
2019-11-27 09:15:00,1574826300,40979.4,41075.8,40924.5,41021.4,0
2019-11-27 10:15:00,1574829900,41019.6,41038.7,40921.9,40939.9,0
2019-11-27 11:15:00,1574833500,40941.6,40966,40877.8,40887.9,0
2019-11-27 12:15:00,1574837100,40886.9,40946.7,40848.7,40903.1,0
2019-11-27 13:15:00,1574840700,40905.9,40940.1,40888.1,40916.2,0
2019-11-27 14:15:00,1574844300,40915.5,41075.8,40848.7,41010.9,0
2019-11-27 15:15:00,1574847900,41014.7,41067.2,41010.6,41056.2,0
2019-11-28 09:15:00,1574912700,41161.5,41163.8,41022.8,41089.9,0
2019-11-28 10:15:00,1574916300,41089.2,41100.7,41026.9,41044.9,0
2019-11-28 11:15:00,1574919900,41045,41147.3,41031.4,41108.7,0
2019-11-28 12:15:00,1574923500,41108.4,41126.9,41048.7,41105.7,0
2019-11-28 13:15:00,1574927100,41105.8,41108.9,40996.1,41053.9,0
2019-11-28 14:15:00,1574930700,41054,41158.1,41020.6,41132.1,0
2019-11-28 15:15:00,1574934300,41134.1,41158.5,41113.6,41143.4,0
2019-11-29 09:15:00,1574999100,41138.3,41143.2,40877.6,40896.1,0
2019-11-29 10:15:00,1575002700,40893.6,40912,40780.6,40807.9,0
2019-11-29 11:15:00,1575006300,40807.8,40815.1,40664.2,40739.6,0
2019-11-29 12:15:00,1575009900,40738.2,40814.7,40736.3,40750.1,0
2019-11-29 13:15:00,1575013500,40749.2,41143.2,40664.2,40701.7,0
2019-11-29 14:15:00,1575017100,40699.3,40865.9,40676.3,40805.4,0
2019-11-29 15:15:00,1575020700,40810,40820,40765.7,40800.7,0
2019-12-02 09:15:00,1575258300,41072.9,41094,40835.6,40885.8,0
2019-12-02 10:15:00,1575261900,40886.8,40889.7,40744.1,40792,0
2019-12-02 11:15:00,1575265500,40793.3,40897.2,40778.6,40833.7,0
2019-12-02 12:15:00,1575269100,40833.5,40843.3,40714.8,40736.4,0
2019-12-02 13:15:00,1575272700,40736.9,40855.9,40707.6,40833,0
2019-12-02 14:15:00,1575276300,40834.1,40837.5,40725.4,40797.1,0
2019-12-02 15:15:00,1575279900,40799.2,40838.1,40775.6,40806.9,0
2019-12-03 09:15:00,1575344700,40852.6,40885,40687.6,40722.8,0
2019-12-03 10:15:00,1575348300,40723.7,40758.5,40661.7,40699.6,0
2019-12-03 11:15:00,1575351900,40698.4,40705.4,40576.8,40596.9,0
2019-12-03 12:15:00,1575355500,40597.2,40885,40554,40567,0
2019-12-03 13:15:00,1575359100,40566.9,40654.1,40562.1,40618.1,0
2019-12-03 14:15:00,1575362700,40618.3,40711.7,40556.9,40678.2,0
2019-12-03 15:15:00,1575366300,40668.6,40711.5,40654,40692.4,0
2019-12-04 09:15:00,1575431100,40606,40781.2,40544.8,40780.4,0
2019-12-04 10:15:00,1575434700,40778.6,40790.1,40544.8,40712.1,0
2019-12-04 11:15:00,1575438300,40711.3,40711.3,40603.8,40614.7,0
2019-12-04 12:15:00,1575441900,40613.8,40640.1,40478.5,40503.4,0
2019-12-04 13:15:00,1575445500,40502.6,40629.6,40475.8,40559.5,0
2019-12-04 14:15:00,1575449100,40559.7,40886.9,40538,40853.8,0
2019-12-04 15:15:00,1575452700,40856.3,40886.9,40475.8,40821.9,0
2019-12-05 09:15:00,1575517500,40988.1,41002.4,40865.4,40935.9,0
2019-12-05 10:15:00,1575521100,40935,41001.7,40920.1,40967.1,0
2019-12-05 11:15:00,1575524700,40966.1,40982.4,40730.6,40822.7,0
2019-12-05 12:15:00,1575528300,40827.1,40927.8,40739.8,40908.9,0
2019-12-05 13:15:00,1575531900,40908.1,40989,40885.7,40931.9,0
2019-12-05 14:15:00,1575535500,40931.8,40948.3,40720.2,40841.3,0
2019-12-05 15:15:00,1575539100,40839.3,40846.2,40724.1,40751.5,0
2019-12-06 09:15:00,1575603900,40952.13,40952.13,40815.13,40842.61,0
2019-12-06 10:15:00,1575607500,40842.61,40845.23,40709.88,40730.02,0
2019-12-06 11:15:00,1575611100,40729.59,40730.1,40582.33,40625.22,0
2019-12-06 12:15:00,1575614700,40625.22,40688.31,40578.97,40616.59,0
2019-12-06 13:15:00,1575618300,40615.91,40650.5,40400.52,40403.21,0
2019-12-06 14:15:00,1575621900,40407.42,40501.49,40337.58,40446.87,0
2019-12-06 15:15:00,1575625500,40446.31,40459.54,40407.07,40434.81,0
2019-12-09 09:15:00,1575863100,40527.2,40536.4,40336.6,40455.8,0
2019-12-09 10:15:00,1575866700,40456.7,40566.6,40383.2,40536.4,0
2019-12-09 11:15:00,1575870300,40536.7,40582.7,40496.1,40514.8,0
2019-12-09 12:15:00,1575873900,40516.2,40645.6,40513.4,40613.7,0
2019-12-09 13:15:00,1575877500,40612.2,40645.6,40336.6,40485.9,0
2019-12-09 14:15:00,1575881100,40483,40567.6,40440.1,40489.7,0
2019-12-09 15:15:00,1575884700,40488.5,40509.1,40472.1,40489.3,0
2019-12-10 09:15:00,1575949500,40588.8,40588.8,40405.6,40466.1,0
2019-12-10 10:15:00,1575953100,40465.4,40472.3,40342.1,40350.9,0
2019-12-10 11:15:00,1575956700,40350.9,40413.1,40307.4,40338.9,0
2019-12-10 12:15:00,1575960300,40338.6,40394.8,40286,40360.3,0
2019-12-10 13:15:00,1575963900,40358.3,40385.5,40264,40268.1,0
2019-12-10 14:15:00,1575967500,40264.9,40588.8,40208.7,40231.9,0
2019-12-10 15:15:00,1575971100,40237.4,40271.1,40230.1,40261,0
2019-12-11 09:15:00,1576035900,40285.2,40423.1,40135.4,40406.4,0
2019-12-11 10:15:00,1576039500,40407.2,40414.3,40309,40351.1,0
2019-12-11 11:15:00,1576043100,40350.7,40350.7,40236.7,40275,0
2019-12-11 12:15:00,1576046700,40274.6,40314.8,40225.3,40271.2,0
2019-12-11 13:15:00,1576050300,40271.8,40352.9,40258.5,40301.2,0
2019-12-11 14:15:00,1576053900,40299.7,40466.1,40169.2,40431.7,0
2019-12-11 15:15:00,1576057500,40431.6,40461.9,40424.9,40444.6,0
2019-12-12 09:15:00,1576122300,40561.3,40637,40496.8,40550.4,0
2019-12-12 10:15:00,1576125900,40550.2,40583.2,40506.1,40521.1,0
2019-12-12 11:15:00,1576129500,40521,40570.5,40490.7,40530.7,0
2019-12-12 12:15:00,1576133100,40531.4,40580.8,40504.7,40579.2,0
2019-12-12 13:15:00,1576136700,40576.4,40637,40490.7,40619.6,0
2019-12-12 14:15:00,1576140300,40616.1,40712.6,40490.7,40610.6,0
2019-12-12 15:15:00,1576143900,40606.9,40648.2,40550.9,40585.5,0
2019-12-13 09:15:00,1576208700,40754.8,40905.5,40736.7,40903.7,0
2019-12-13 10:15:00,1576212300,40905,40947,40736.7,40921.9,0
2019-12-13 11:15:00,1576215900,40921.4,40931.7,40855.8,40931.7,0
2019-12-13 12:15:00,1576219500,40932.4,41005.1,40907.8,40967.5,0
2019-12-13 13:15:00,1576223100,40969.5,41030.5,40952.8,40980.3,0
2019-12-13 14:15:00,1576226700,40981.6,41055.8,40736.7,41042.6,0
2019-12-13 15:15:00,1576230300,41042.5,41044.2,40967.5,41023.5,0
2019-12-16 09:15:00,1576467900,41168.9,41185,40984.6,41045.4,0
2019-12-16 10:15:00,1576471500,41046.6,41052.7,40976.2,41032.1,0
2019-12-16 11:15:00,1576475100,41031.9,41046.2,40964.9,40986.8,0
2019-12-16 12:15:00,1576478700,40987.2,41026.6,40951.1,41024.1,0
2019-12-16 13:15:00,1576482300,41024.1,41101.4,41022.6,41077.5,0
2019-12-16 14:15:00,1576485900,41077.5,41080,40917.9,40947.8,0
2019-12-16 15:15:00,1576489500,40944.4,40973.2,40923.8,40967.4,0
2019-12-17 09:15:00,1576554300,41052.4,41236.3,41005.2,41214.7,0
2019-12-17 10:15:00,1576557900,41215.3,41262.9,41005.2,41249.4,0
2019-12-17 11:15:00,1576561500,41249.4,41263.4,41189.1,41251.4,0
2019-12-17 12:15:00,1576565100,41252.1,41308.6,41241.1,41263.6,0
2019-12-17 13:15:00,1576568700,41263.1,41307.3,41235.6,41262.2,0
2019-12-17 14:15:00,1576572300,41263.6,41356.2,41245,41354.8,0
2019-12-17 15:15:00,1576575900,41348.8,41401.6,41005.2,41380.2,0
2019-12-18 09:15:00,1576640700,41442.8,41480.9,41374.9,41421.6,0
2019-12-18 10:15:00,1576644300,41422.6,41435.1,41358.5,41413.5,0
2019-12-18 11:15:00,1576647900,41413.2,41491,41392.2,41462.3,0
2019-12-18 12:15:00,1576651500,41463.4,41553.4,41436.6,41517.4,0
2019-12-18 13:15:00,1576655100,41518.1,41520.2,41445.5,41465.7,0
2019-12-18 14:15:00,1576658700,41467.3,41614.8,41463.3,41533.3,0
2019-12-18 15:15:00,1576662300,41536,41614.8,41358.5,41570.3,0
2019-12-19 09:15:00,1576727100,41571.8,41591.2,41456.4,41520.3,0
2019-12-19 10:15:00,1576730700,41519.2,41587.7,41456.8,41581.3,0
2019-12-19 11:15:00,1576734300,41581.5,41669.9,41552.3,41651.5,0
2019-12-19 12:15:00,1576737900,41648.8,41698.4,41580.6,41598.4,0
2019-12-19 13:15:00,1576741500,41599.6,41698.4,41456.4,41669.7,0
2019-12-19 14:15:00,1576745100,41667.2,41698.4,41456.4,41677.7,0
2019-12-19 15:15:00,1576748700,41681.4,41719.3,41678,41694.1,0
2019-12-20 09:15:00,1576813500,41746.2,41810,41676.6,41740.5,0
2019-12-20 10:15:00,1576817100,41740.4,41768.2,41656.1,41738.4,0
2019-12-20 11:15:00,1576820700,41737.3,41810,41656.1,41745.2,0
2019-12-20 12:15:00,1576824300,41744.2,41810,41656.1,41687.7,0
2019-12-20 13:15:00,1576827900,41688.1,41734.7,41646.7,41726.9,0
2019-12-20 14:15:00,1576831500,41725.7,41810,41636.1,41660.3,0
2019-12-20 15:15:00,1576835100,41651.7,41689.6,41650.7,41674.1,0
2019-12-23 09:15:00,1577072700,41548.3,41701.6,41525.9,41644.3,0
2019-12-23 10:15:00,1577076300,41642.1,41699.5,41610,41629.5,0
2019-12-23 11:15:00,1577079900,41630.6,41668.6,41618.3,41641.8,0
2019-12-23 12:15:00,1577083500,41639.9,41667.9,41592.2,41604.8,0
2019-12-23 13:15:00,1577087100,41604.8,41701.6,41525.9,41579.2,0
2019-12-23 14:15:00,1577090700,41579.2,41701.6,41474.6,41651.3,0
2019-12-23 15:15:00,1577094300,41647.8,41681.1,41642.7,41655.1,0
2019-12-24 09:15:00,1577159100,41684.5,41703,41603.9,41631.1,0
2019-12-24 10:15:00,1577162700,41631.9,41645.9,41572.7,41582.2,0
2019-12-24 11:15:00,1577166300,41581.6,41625.1,41573.9,41581.2,0
2019-12-24 12:15:00,1577169900,41581.7,41607.3,41528.3,41574.1,0
2019-12-24 13:15:00,1577173500,41574.1,41607.8,41541.3,41572.1,0
2019-12-24 14:15:00,1577177100,41571.9,41605.7,41448.2,41456.2,0
2019-12-24 15:15:00,1577180700,41457.1,41467.2,41423.1,41461.7,0
2019-12-26 09:15:00,1577331900,41543.8,41543.8,41410.1,41448.3,0
2019-12-26 10:15:00,1577335500,41449.9,41469.8,41395,41399.1,0
2019-12-26 11:15:00,1577339100,41398.6,41399.5,41345.1,41364.5,0
2019-12-26 12:15:00,1577342700,41363.9,41395.6,41322.2,41328.6,0
2019-12-26 13:15:00,1577346300,41328.9,41360.6,41286.1,41287.4,0
2019-12-26 14:15:00,1577349900,41287.3,41352.1,41139.6,41170.4,0
2019-12-26 15:15:00,1577353500,41167.8,41543.8,41132.9,41158.7,0
2019-12-27 09:15:00,1577418300,41297.1,41385.1,41264.9,41363.2,0
2019-12-27 10:15:00,1577421900,41362.7,41454.4,41319.6,41454.4,0
2019-12-27 11:15:00,1577425500,41452.8,41462.5,41399.9,41454.2,0
2019-12-27 12:15:00,1577429100,41454.4,41487.9,41434.3,41473.4,0
2019-12-27 13:15:00,1577432700,41472.9,41528.8,41451.7,41473,0
2019-12-27 14:15:00,1577436300,41474.2,41583.7,41421.3,41557.2,0
2019-12-27 15:15:00,1577439900,41558.7,41611.3,41558.1,41595,0
2019-12-30 09:15:00,1577677500,41686.3,41714.7,41608.5,41656.3,0
2019-12-30 10:15:00,1577681100,41656.3,41700.1,41623.1,41630.1,0
2019-12-30 11:15:00,1577684700,41629.7,41636.9,41474.1,41489.1,0
2019-12-30 12:15:00,1577688300,41489.4,41714.7,41453.4,41538.3,0
2019-12-30 13:15:00,1577691900,41537.8,41538.9,41482.3,41490.4,0
2019-12-30 14:15:00,1577695500,41490.2,41592.6,41487.3,41567.6,0
2019-12-30 15:15:00,1577699100,41568.2,41596.7,41538.7,41586.4,0
2019-12-31 09:15:00,1577763900,41607.5,41607.5,41384.2,41400.9,0
2019-12-31 10:15:00,1577767500,41399.7,41425.8,41349.6,41384.1,0
2019-12-31 11:15:00,1577771100,41384.2,41607.5,41349.6,41450.7,0
2019-12-31 12:15:00,1577774700,41450.3,41453,41405.4,41424.8,0
2019-12-31 13:15:00,1577778300,41427,41607.5,41349.6,41463.6,0
2019-12-31 14:15:00,1577781900,41463.5,41463.5,41212.5,41233.8,0
2019-12-31 15:15:00,1577785500,41234.1,41290.7,41184.7,41290.1,0
2020-01-01 09:15:00,1577850300,41349.4,41443.5,41311.5,41332.5,0
2020-01-01 10:15:00,1577853900,41332.2,41367.2,41277.3,41311.2,0
2020-01-01 11:15:00,1577857500,41309.4,41333,41274.5,41321.3,0
2020-01-01 12:15:00,1577861100,41321.3,41347.2,41251.2,41279.8,0
2020-01-01 13:15:00,1577864700,41280.3,41360.9,41270.4,41303.2,0
2020-01-01 14:15:00,1577868300,41301.7,41320.4,41259.2,41306,0
2020-01-01 15:15:00,1577871900,41301.5,41340.1,41283.4,41333.4,0
2020-01-02 09:15:00,1577936700,41340.3,41478.6,41328.4,41428.6,0
2020-01-02 10:15:00,1577940300,41427.6,41474.3,41427.6,41445.3,0
2020-01-02 11:15:00,1577943900,41445.3,41547.7,41445.3,41547.7,0
2020-01-02 12:15:00,1577947500,41547.7,41593.7,41523.6,41548.3,0
2020-01-02 13:15:00,1577951100,41548.4,41587.4,41541.9,41560.9,0
2020-01-02 14:15:00,1577954700,41561.8,41629.9,41559.5,41629.3,0
2020-01-02 15:15:00,1577958300,41631.1,41649.3,41616.5,41630.1,0
2020-01-03 09:15:00,1578023100,41634.5,41636.2,41474.9,41559.8,0
2020-01-03 10:15:00,1578026700,41557.8,41583.3,41479.7,41505.7,0
2020-01-03 11:15:00,1578030300,41506.2,41526,41423.4,41443.3,0
2020-01-03 12:15:00,1578033900,41443.9,41504.1,41414.3,41492.9,0
2020-01-03 13:15:00,1578037500,41492.4,41500.5,41418.8,41420.6,0
2020-01-03 14:15:00,1578041100,41418.6,41486.1,41348.7,41466.2,0
2020-01-03 15:15:00,1578044700,41466.9,41483.1,41450.4,41472.2,0
2020-01-06 09:15:00,1578282300,41378.3,41378.3,40923.5,41003.1,0
2020-01-06 10:15:00,1578285900,41002.6,41042.1,40942.2,40954.2,0
2020-01-06 11:15:00,1578289500,40953.1,40953.1,40762.6,40782.2,0
2020-01-06 12:15:00,1578293100,40780.1,40839.4,40737.9,40783.2,0
2020-01-06 13:15:00,1578296700,40780,40791.9,40672.9,40673.1,0
2020-01-06 14:15:00,1578300300,40672.9,40748.1,40614,40674.9,0
2020-01-06 15:15:00,1578303900,40678.5,40705.8,40662.7,40680.2,0
2020-01-07 09:15:00,1578368700,40983,41228.6,40965.9,41150.6,0
2020-01-07 10:15:00,1578372300,41150,41160.1,40897.7,40928,0
2020-01-07 11:15:00,1578375900,40926.9,41027.5,40892.9,40978.7,0
2020-01-07 12:15:00,1578379500,40977.4,40999.6,40808,40823.7,0
2020-01-07 13:15:00,1578383100,40823.2,40881.1,40727.4,40831.7,0
2020-01-07 14:15:00,1578386700,40833,40891.9,40789.8,40885.3,0
2020-01-07 15:15:00,1578390300,40888.8,40932.8,40885.2,40914,0
2020-01-08 09:15:00,1578455100,40574.8,40866.4,40476.6,40710.4,0
2020-01-08 10:15:00,1578458700,40712.7,40789.8,40589.7,40596.4,0
2020-01-08 11:15:00,1578462300,40594.9,40622.1,40555.1,40594.2,0
2020-01-08 12:15:00,1578465900,40595.1,40765.2,40576.3,40706.9,0
2020-01-08 13:15:00,1578469500,40704.1,40817.9,40667.6,40757.8,0
2020-01-08 14:15:00,1578473100,40755.1,40847.8,40700.4,40811.4,0
2020-01-08 15:15:00,1578476700,40805.8,40834.9,40793.3,40800.4,0
2020-01-09 09:15:00,1578541500,41216.7,41318.2,41175.7,41253.1,0
2020-01-09 10:15:00,1578545100,41253.2,41361.9,41250,41332.6,0
2020-01-09 11:15:00,1578548700,41332.4,41378.2,41310.6,41371.3,0
2020-01-09 12:15:00,1578552300,41371.3,41443.4,41344,41430,0
2020-01-09 13:15:00,1578555900,41429.3,41463.9,41360.5,41390.7,0
2020-01-09 14:15:00,1578559500,41390.7,41482.1,41370.3,41461.5,0
2020-01-09 15:15:00,1578563100,41458.1,41481.5,41440,41447.5,0
2020-01-10 09:15:00,1578627900,41568.2,41647.6,41505.8,41610.8,0
2020-01-10 10:15:00,1578631500,41609.8,41688.4,41605.1,41687.3,0
2020-01-10 11:15:00,1578635100,41687.2,41775.1,41686.8,41737.4,0
2020-01-10 12:15:00,1578638700,41733.8,41769.7,41675.6,41706.3,0
2020-01-10 13:15:00,1578642300,41710.4,41726.1,41513.1,41533,0
2020-01-10 14:15:00,1578645900,41531.3,41619.7,41447.8,41596.5,0
2020-01-10 15:15:00,1578649500,41599,41618,41581.1,41602.9,0
2020-01-13 09:15:00,1578887100,41788.2,41893.4,41720.8,41831.3,0
2020-01-13 10:15:00,1578890700,41832.8,41883,41824.9,41876.7,0
2020-01-13 11:15:00,1578894300,41876.7,41899.6,41839.2,41863.1,0
2020-01-13 12:15:00,1578897900,41863.3,41891.9,41794.2,41800.6,0
2020-01-13 13:15:00,1578901500,41800.1,41829.4,41741.1,41759,0
2020-01-13 14:15:00,1578905100,41760,41877.2,41739.6,41861.5,0
2020-01-13 15:15:00,1578908700,41856.1,41869.7,41839.3,41853.6,0
2020-01-14 09:15:00,1578973500,41883.1,41903.4,41770.9,41857.7,0
2020-01-14 10:15:00,1578977100,41857.5,41888.8,41801.9,41842.5,0
2020-01-14 11:15:00,1578980700,41846.3,41895.6,41817.4,41890,0
2020-01-14 12:15:00,1578984300,41891.4,41903.7,41847.1,41871.3,0
2020-01-14 13:15:00,1578987900,41872.1,41884.6,41817.1,41842.5,0
2020-01-14 14:15:00,1578991500,41842,41994.3,41831.9,41947.7,0
2020-01-14 15:15:00,1578995100,41944.4,41962,41927,41947.7,0
2020-01-15 09:15:00,1579059900,41969.9,41969.9,41723.5,41726,0
2020-01-15 10:15:00,1579063500,41726,41780.5,41718.1,41759.1,0
2020-01-15 11:15:00,1579067100,41759.4,41780.4,41702,41702.3,0
2020-01-15 12:15:00,1579070700,41705.7,41737.4,41677.4,41715.9,0
2020-01-15 13:15:00,1579074300,41715.5,41742.1,41648.1,41706.9,0
2020-01-15 14:15:00,1579077900,41711.2,41897.1,41690.9,41897.1,0
2020-01-15 15:15:00,1579081500,41890.5,41915.6,41852.1,41858.2,0
2020-01-16 09:15:00,1579146300,41924.7,42059.4,41885.6,41997.1,0
2020-01-16 10:15:00,1579149900,41996.8,42000.5,41812.3,41822.2,0
2020-01-16 11:15:00,1579153500,41822.6,41879.5,41818.5,41845.5,0
2020-01-16 12:15:00,1579157100,41845.5,41933.7,41812.7,41929.4,0
2020-01-16 13:15:00,1579160700,41927.8,41970.4,41896.5,41961.5,0
2020-01-16 14:15:00,1579164300,41961.4,41975.4,41896.6,41947.2,0
2020-01-16 15:15:00,1579167900,41949.3,41951.8,41917.4,41930.7,0
2020-01-17 09:15:00,1579232700,41929,42046.7,41850.3,42036.9,0
2020-01-17 10:15:00,1579236300,42037.9,42063.9,41990.9,42005.5,0
2020-01-17 11:15:00,1579239900,42004.6,42004.6,41900.8,41925.6,0
2020-01-17 12:15:00,1579243500,41925,41998.1,41916.4,41991,0
2020-01-17 13:15:00,1579247100,41991.1,42005.3,41967.6,41988.9,0
2020-01-17 14:15:00,1579250700,41988.5,42017,41937.1,41942.8,0
2020-01-17 15:15:00,1579254300,41946.4,41967.6,41927.8,41946.1,0
2020-01-20 09:15:00,1579491900,42263,42273.9,41796.2,41820.2,0
2020-01-20 10:15:00,1579495500,41821.3,41851,41708.9,41747.6,0
2020-01-20 11:15:00,1579499100,41748.9,41785.8,41733.6,41770.8,0
2020-01-20 12:15:00,1579502700,41771.1,41781.5,41597.5,41607.1,0
2020-01-20 13:15:00,1579506300,41606,42273.9,41594.8,41632.2,0
2020-01-20 14:15:00,1579509900,41633.5,41637.1,41503.4,41527,0
2020-01-20 15:15:00,1579513500,41528.8,41561.8,41515.1,41541.8,0
2020-01-21 09:15:00,1579578300,41487.6,41532.6,41301.6,41438.9,0
2020-01-21 10:15:00,1579581900,41439.6,41439.6,41333.6,41396.1,0
2020-01-21 11:15:00,1579585500,41403.1,41472.5,41359.8,41434.5,0
2020-01-21 12:15:00,1579589100,41434.9,41437.1,41373.1,41426.5,0
2020-01-21 13:15:00,1579592700,41427.6,41435.2,41359.8,41380,0
2020-01-21 14:15:00,1579596300,41381.8,41441.6,41309.4,41327.9,0
2020-01-21 15:15:00,1579599900,41320.1,41335.7,41294.3,41324.7,0
2020-01-22 09:15:00,1579664700,41467.1,41532.3,41361.4,41361.4,0
2020-01-22 10:15:00,1579668300,41357.4,41364.4,41198.1,41221.9,0
2020-01-22 11:15:00,1579671900,41218.4,41245.9,41166,41173.4,0
2020-01-22 12:15:00,1579675500,41173.6,41254,41172.3,41223.8,0
2020-01-22 13:15:00,1579679100,41222.8,41233.1,41090.6,41136.8,0
2020-01-22 14:15:00,1579682700,41137.1,41168.5,41059,41115,0
2020-01-22 15:15:00,1579686300,41108.9,41143.9,41080.1,41135.8,0
2020-01-23 09:15:00,1579751100,41191.5,41377.4,41103.4,41313.2,0
2020-01-23 10:15:00,1579754700,41311.1,41323.3,41154,41154.3,0
2020-01-23 11:15:00,1579758300,41153.1,41232.1,41139.2,41228.2,0
2020-01-23 12:15:00,1579761900,41229.7,41381.6,41227.6,41374.6,0
2020-01-23 13:15:00,1579765500,41374.8,41399.2,41313.8,41329.8,0
2020-01-23 14:15:00,1579769100,41330.2,41414,41317.8,41389.9,0
2020-01-23 15:15:00,1579772700,41384.4,41395.4,41358.4,41375.2,0
2020-01-24 09:15:00,1579837500,41377,41549.9,41275.6,41526.4,0
2020-01-24 10:15:00,1579841100,41525.7,41587.2,41522.9,41531,0
2020-01-24 11:15:00,1579844700,41532.5,41544.7,41486.3,41509.2,0
2020-01-24 12:15:00,1579848300,41509.2,41585.8,41479.8,41571.5,0
2020-01-24 13:15:00,1579851900,41571.8,41663.1,41549.9,41656.9,0
2020-01-24 14:15:00,1579855500,41655.6,41697,41598.8,41610.2,0
2020-01-24 15:15:00,1579859100,41608.6,41643.2,41593.2,41643.2,0
2020-01-27 09:15:00,1580096700,41510.7,41510.7,41323.3,41474.8,0
2020-01-27 10:15:00,1580100300,41474.1,41516.3,41422.3,41426.7,0
2020-01-27 11:15:00,1580103900,41428.2,41469,41404.1,41448,0
2020-01-27 12:15:00,1580107500,41448.1,41470.8,41367.8,41370,0
2020-01-27 13:15:00,1580111100,41370,41403.3,41315.9,41365.1,0
2020-01-27 14:15:00,1580114700,41364.9,41368.2,41164.8,41171.9,0
2020-01-27 15:15:00,1580118300,41169.4,41176.5,41122.5,41153,0
2020-01-28 09:15:00,1580183100,41299.7,41333.2,41101.5,41178.6,0
2020-01-28 10:15:00,1580186700,41175.9,41217.1,41106.5,41151.4,0
2020-01-28 11:15:00,1580190300,41152.3,41256.6,41151.6,41248.6,0
2020-01-28 12:15:00,1580193900,41247.3,41258.4,41156,41234.2,0
2020-01-28 13:15:00,1580197500,41234,41253.5,41033.7,41048.2,0
2020-01-28 14:15:00,1580201100,41047.7,41064.8,40869.8,41001.6,0
2020-01-28 15:15:00,1580204700,41005.8,41016.6,40975.4,40984.8,0
2020-01-29 09:15:00,1580269500,41131.6,41300,41131.6,41236.6,0
2020-01-29 10:15:00,1580273100,41235.5,41296.1,41163,41266.2,0
2020-01-29 11:15:00,1580276700,41267.6,41310.4,41229.7,41284.9,0
2020-01-29 12:15:00,1580280300,41284.6,41303.8,41215.1,41273.2,0
2020-01-29 13:15:00,1580283900,41270.8,41334.9,41108.2,41278.9,0
2020-01-29 14:15:00,1580287500,41279.1,41329.9,41133.2,41210.3,0
2020-01-29 15:15:00,1580291100,41212.9,41226.1,41196,41211.7,0
2020-01-30 09:15:00,1580355900,41380.1,41380.1,40958.2,40991.2,0
2020-01-30 10:15:00,1580359500,40989.6,41006.1,40904.2,40943.2,0
2020-01-30 11:15:00,1580363100,40948.1,40994.6,40910.3,40935.9,0
2020-01-30 12:15:00,1580366700,40935.7,40953,40851.5,40880.9,0
2020-01-30 13:15:00,1580370300,40879.7,40957.7,40829.9,40838.9,0
2020-01-30 14:15:00,1580373900,40838.3,41010.9,40837.7,40912.1,0
2020-01-30 15:15:00,1580377500,40911,40916.4,40849.1,40872.2,0
2020-01-31 09:15:00,1580442300,41146.6,41154.5,40932.2,40982.6,0
2020-01-31 10:15:00,1580445900,40984.2,40998.8,40788.6,40820.6,0
2020-01-31 11:15:00,1580449500,40820.6,40833.7,40702.7,40728.1,0
2020-01-31 12:15:00,1580453100,40728.1,40873.6,40709.1,40808.6,0
2020-01-31 13:15:00,1580456700,40808.6,40973.7,40808.6,40973,0
2020-01-31 14:15:00,1580460300,40975.4,41018.5,40671,40708.4,0
2020-01-31 15:15:00,1580463900,40710.2,40752.1,40680.5,40743.5,0
2020-02-01 09:15:00,1580528700,40753.2,40816.9,40444.5,40786.4,0
2020-02-01 10:15:00,1580532300,40785.8,40905.8,40748.8,40880.1,0
2020-02-01 11:15:00,1580535900,40882.6,40883.8,40599,40605,0
2020-02-01 12:15:00,1580539500,40605.1,40786.9,40412.2,40558.6,0
2020-02-01 13:15:00,1580543100,40556.1,40572.9,39930.5,40329.9,0
2020-02-01 14:15:00,1580546700,40319.6,40324.4,39696.4,39728.4,0
2020-02-01 15:15:00,1580550300,39737.7,39757.9,39631.2,39657,0
2020-02-03 09:15:00,1580701500,39701,39922.7,39563.1,39884.1,0
2020-02-03 10:15:00,1580705100,39883.9,40014.9,39878.8,39933.4,0
2020-02-03 11:15:00,1580708700,39931.9,39932.1,39660.5,39765.9,0
2020-02-03 12:15:00,1580712300,39766.9,39922.4,39717.8,39841.3,0
2020-02-03 13:15:00,1580715900,39841.3,39882.7,39740.5,39797.6,0
2020-02-03 14:15:00,1580719500,39795.7,39991.9,39752.1,39818.2,0
2020-02-03 15:15:00,1580723100,39821.1,39911.4,39818.7,39899.6,0
2020-02-04 09:15:00,1580787900,40178.7,40382.5,40117.5,40373.4,0
2020-02-04 10:15:00,1580791500,40373.9,40621.4,40373.9,40558.5,0
2020-02-04 11:15:00,1580795100,40558.6,40702.2,40558.6,40655.6,0
2020-02-04 12:15:00,1580798700,40655.9,40682.4,40569.5,40659.4,0
2020-02-04 13:15:00,1580802300,40659.4,40767.2,40652.3,40693.4,0
2020-02-04 14:15:00,1580805900,40691.6,40818.9,40688,40786.9,0
2020-02-04 15:15:00,1580809500,40787,40816.9,40773.1,40816.9,0
2020-02-05 09:15:00,1580874300,40921.7,40996.8,40703.3,40995.4,0
2020-02-05 10:15:00,1580877900,40995.7,41023.6,40940.4,40965.4,0
2020-02-05 11:15:00,1580881500,40966.6,40981.2,40780.9,40826.5,0
2020-02-05 12:15:00,1580885100,40826.8,40937,40813.8,40898.7,0
2020-02-05 13:15:00,1580888700,40900.2,41087.5,40894.9,41059.4,0
2020-02-05 14:15:00,1580892300,41061.1,41177,41058.2,41131.4,0
2020-02-05 15:15:00,1580895900,41129.8,41170.9,41119.1,41155.6,0
2020-02-06 09:15:00,1580960700,41209.1,41342.2,41195.2,41207.7,0
2020-02-06 10:15:00,1580964300,41208.3,41241.6,41113.1,41117.4,0
2020-02-06 11:15:00,1580967900,41115.9,41367.2,41115.6,41277.8,0
2020-02-06 12:15:00,1580971500,41276.6,41387.6,41269.9,41332.9,0
2020-02-06 13:15:00,1580975100,41332.9,41405.4,41196.6,41283.8,0
2020-02-06 14:15:00,1580978700,41284.2,41338.4,41242.8,41302,0
2020-02-06 15:15:00,1580982300,41300.9,41318.2,41272.7,41292.1,0
2020-02-07 09:15:00,1581047100,41394.4,41394.4,41190.6,41226.4,0
2020-02-07 10:15:00,1581050700,41225.6,41235.2,41155.2,41182.5,0
2020-02-07 11:15:00,1581054300,41182.3,41188.6,41101,41108,0
2020-02-07 12:15:00,1581057900,41106.2,41227.6,41080.2,41159.1,0
2020-02-07 13:15:00,1581061500,41159.1,41186.6,41073.4,41134.1,0
2020-02-07 14:15:00,1581065100,41133.3,41188.8,41077.9,41148.4,0
2020-02-07 15:15:00,1581068700,41146.6,41151.4,41095.4,41103.9,0
2020-02-10 09:15:00,1581306300,41166.7,41172.1,40884.7,40899.6,0
2020-02-10 10:15:00,1581309900,40902.8,40904.4,40799,40886.2,0
2020-02-10 11:15:00,1581313500,40886,40973.1,40850.4,40964.2,0
2020-02-10 12:15:00,1581317100,40963.4,40985.6,40896.9,40905.3,0
2020-02-10 13:15:00,1581320700,40905.1,40945.2,40872.1,40899.3,0
2020-02-10 14:15:00,1581324300,40898.7,40999.3,40864,40999.3,0
2020-02-10 15:15:00,1581327900,41001.3,41017,40977.7,41000.1,0
2020-02-11 09:15:00,1581392700,41183.4,41444.3,41179.1,41389.3,0
2020-02-11 10:15:00,1581396300,41388.8,41396.8,41320.7,41325.1,0
2020-02-11 11:15:00,1581399900,41324.9,41343.8,41256.7,41257.1,0
2020-02-11 12:15:00,1581403500,41257.8,41317.8,41235.9,41314.1,0
2020-02-11 13:15:00,1581407100,41314.6,41351.3,41279.8,41279.8,0
2020-02-11 14:15:00,1581410700,41282.6,41323.3,41186.1,41235.5,0
2020-02-11 15:15:00,1581414300,41239.4,41247.4,41190.6,41217.4,0
2020-02-12 09:15:00,1581479100,41330.9,41637.9,41330.9,41637.9,0
2020-02-12 10:15:00,1581482700,41636.2,41671.9,41567.2,41602,0
2020-02-12 11:15:00,1581486300,41601.5,41634.9,41525.4,41565.2,0
2020-02-12 12:15:00,1581489900,41564.8,41592.2,41531.7,41553.4,0
2020-02-12 13:15:00,1581493500,41551.6,41671.9,41330.9,41605.1,0
2020-02-12 14:15:00,1581497100,41600,41631.7,41546.4,41551,0
2020-02-12 15:15:00,1581500700,41550.7,41577.8,41546.2,41573.4,0
2020-02-13 09:15:00,1581565500,41707.2,41709.3,41417.2,41458.1,0
2020-02-13 10:15:00,1581569100,41459.1,41462.3,41402.1,41439.4,0
2020-02-13 11:15:00,1581572700,41439.1,41443,41362.6,41368.4,0
2020-02-13 12:15:00,1581576300,41372.3,41418.4,41346.6,41397.8,0
2020-02-13 13:15:00,1581579900,41398.3,41404.8,41338.3,41365.9,0
2020-02-13 14:15:00,1581583500,41365.9,41472.8,41364.1,41459.8,0
2020-02-13 15:15:00,1581587100,41468.2,41482.8,41426.2,41430.4,0
2020-02-14 09:15:00,1581651900,41510.2,41702.4,41510.2,41533.1,0
2020-02-14 10:15:00,1581655500,41533.1,41574.1,41183.1,41268.7,0
2020-02-14 11:15:00,1581659100,41267.6,41477.1,41258.7,41422.6,0
2020-02-14 12:15:00,1581662700,41423,41430.6,41353.6,41389.9,0
2020-02-14 13:15:00,1581666300,41390.9,41402.1,41289.6,41361.4,0
2020-02-14 14:15:00,1581669900,41359.3,41375.4,41187.7,41258.1,0
2020-02-14 15:15:00,1581673500,41262.8,41278.2,41229.6,41247.4,0
2020-02-17 09:15:00,1581911100,41324,41420.3,41147.4,41247.5,0
2020-02-17 10:15:00,1581914700,41252.5,41282.7,41196.5,41222.4,0
2020-02-17 11:15:00,1581918300,41222.7,41270.8,41199.3,41216.2,0
2020-02-17 12:15:00,1581921900,41216.2,41221.5,41082.3,41105.1,0
2020-02-17 13:15:00,1581925500,41105.3,41157,41053.2,41064.4,0
2020-02-17 14:15:00,1581929100,41063.8,41133.3,41030.6,41051.5,0
2020-02-17 15:15:00,1581932700,41053.9,41081,41038.4,41072.1,0
2020-02-18 09:15:00,1581997500,41042.5,41042.5,40778.6,40825.8,0
2020-02-18 10:15:00,1582001100,40825.5,40825.5,40706.2,40714.2,0
2020-02-18 11:15:00,1582004700,40714.3,40734.4,40653.3,40669.3,0
2020-02-18 12:15:00,1582008300,40668.4,40707.3,40618,40674.3,0
2020-02-18 13:15:00,1582011900,40674.5,40726.8,40610.9,40703.3,0
2020-02-18 14:15:00,1582015500,40703.1,40914.7,40701.9,40911.9,0
2020-02-18 15:15:00,1582019100,40916.7,40965.6,40901.4,40932,0
2020-02-19 09:15:00,1582083900,41121.5,41309.7,41112.4,41160.1,0
2020-02-19 10:15:00,1582087500,41160.5,41184.6,41048.9,41135.3,0
2020-02-19 11:15:00,1582091100,41135.3,41216.6,41135.3,41213.5,0
2020-02-19 12:15:00,1582094700,41212.9,41332,41208,41283.7,0
2020-02-19 13:15:00,1582098300,41283.6,41288.8,41186.5,41229.1,0
2020-02-19 14:15:00,1582101900,41229.1,41336.4,41199.2,41313.9,0
2020-02-19 15:15:00,1582105500,41320.4,41354.9,41311.4,41336.1,0
2020-02-20 09:15:00,1582170300,41335,41335,41220.8,41281.3,0
2020-02-20 10:15:00,1582173900,41281,41346.3,41277.5,41323.7,0
2020-02-20 11:15:00,1582177500,41324.6,41399.9,41312.9,41367.5,0
2020-02-20 12:15:00,1582181100,41369.2,41396.7,41339.8,41355.1,0
2020-02-20 13:15:00,1582184700,41355.6,41358.7,41267.2,41298.1,0
2020-02-20 14:15:00,1582188300,41298.2,41341.6,41134.3,41177.6,0
2020-02-20 15:15:00,1582191900,41177.5,41204.8,41144.2,41162.9,0
2020-02-24 09:15:00,1582515900,41037,41037,40673.4,40780.9,0
2020-02-24 10:15:00,1582519500,40782.5,40800,40714,40766.8,0
2020-02-24 11:15:00,1582523100,40766.8,40846.4,40734.4,40807.8,0
2020-02-24 12:15:00,1582526700,40805,40843.5,40765.4,40779.8,0
2020-02-24 13:15:00,1582530300,40781.4,40817,40650.5,40673.6,0
2020-02-24 14:15:00,1582533900,40673.1,40691.8,40328.5,40364.3,0
2020-02-24 15:15:00,1582537500,40361.5,40410.3,40306.4,40404.2,0
2020-02-25 09:15:00,1582602300,40497.7,40536,40315.1,40446.7,0
2020-02-25 10:15:00,1582605900,40446.9,40496.8,40360.7,40421.7,0
2020-02-25 11:15:00,1582609500,40422.4,40483.9,40378.7,40466.5,0
2020-02-25 12:15:00,1582613100,40465.4,40518.1,40353.7,40362.4,0
2020-02-25 13:15:00,1582616700,40364.1,40450.8,40250.6,40273,0
2020-02-25 14:15:00,1582620300,40274.3,40409,40220.6,40289.1,0
2020-02-25 15:15:00,1582623900,40288.8,40328.7,40270,40327.6,0
2020-02-26 09:15:00,1582688700,40194.9,40194.9,39888.2,40018.1,0
2020-02-26 10:15:00,1582692300,40015.3,40048.9,39924.7,39957.7,0
2020-02-26 11:15:00,1582695900,39957.5,40037.2,39950,40011.1,0
2020-02-26 12:15:00,1582699500,40011.2,40100.3,40011.2,40078.1,0
2020-02-26 13:15:00,1582703100,40078.8,40255.4,39888.2,40050.4,0
2020-02-26 14:15:00,1582706700,40047.4,40060.2,39760.9,39923.6,0
2020-02-26 15:15:00,1582710300,39919,39934.4,39865.4,39883.8,0
2020-02-27 09:15:00,1582775100,39947.8,39947.8,39463,39484.7,0
2020-02-27 10:15:00,1582778700,39484.1,39534,39423.3,39510.1,0
2020-02-27 11:15:00,1582782300,39512.3,39571.4,39472.5,39515.4,0
2020-02-27 12:15:00,1582785900,39518,39690.6,39503.1,39654.4,0
2020-02-27 13:15:00,1582789500,39653.8,39740.7,39532.5,39589.3,0
2020-02-27 14:15:00,1582793100,39592,39794.8,39553.8,39776.2,0
2020-02-27 15:15:00,1582796700,39772,39777.8,39680.6,39685,0
2020-02-28 09:15:00,1582861500,39087.5,39087.5,38551.5,38619.9,0
2020-02-28 10:15:00,1582865100,38618.5,38696.2,38568.1,38586.1,0
2020-02-28 11:15:00,1582868700,38585.6,38675.2,38462.1,38481.6,0
2020-02-28 12:15:00,1582872300,38485.6,38684.2,38403.5,38589.8,0
2020-02-28 13:15:00,1582875900,38588.7,38678.4,38512.2,38543.2,0
2020-02-28 14:15:00,1582879500,38542.8,38574.1,38220,38302,0
2020-02-28 15:15:00,1582883100,38298.5,38406.8,38297.3,38377,0
2020-03-02 09:15:00,1583120700,38910.9,39083.2,38683.7,38746,0
2020-03-02 10:15:00,1583124300,38746.8,38919.6,38732.5,38856.7,0
2020-03-02 11:15:00,1583127900,38858,39025.2,38835.9,38955.5,0
2020-03-02 12:15:00,1583131500,38953.6,38965.6,38858.5,38912.8,0
2020-03-02 13:15:00,1583135100,38915.5,39052.2,38914,38983.3,0
2020-03-02 14:15:00,1583138700,38984,38993.6,37810.7,37842.5,0
2020-03-02 15:15:00,1583142300,37832.5,38218.9,37786,38178.1,0
2020-03-03 09:15:00,1583207100,38480.9,38715.9,38373.2,38571.9,0
2020-03-03 10:15:00,1583210700,38570.6,38591.4,38189.8,38301.3,0
2020-03-03 11:15:00,1583214300,38301.9,38361.7,38142.3,38257.6,0
2020-03-03 12:15:00,1583217900,38257.4,38480.7,38219.3,38294.9,0
2020-03-03 13:15:00,1583221500,38290.1,38617.6,38232.5,38531.5,0
2020-03-03 14:15:00,1583225100,38532.4,38754.2,38429.9,38577,0
2020-03-03 15:15:00,1583228700,38583.1,38687.9,38574.9,38683.9,0
2020-03-04 09:15:00,1583293500,38715.7,38791.7,38494.4,38605,0
2020-03-04 10:15:00,1583297100,38600.3,38608.7,38338.9,38383.1,0
2020-03-04 11:15:00,1583300700,38384.6,38452.6,38375.9,38444.5,0
2020-03-04 12:15:00,1583304300,38443.6,38505.6,38140,38158.1,0
2020-03-04 13:15:00,1583307900,38155.7,38222.2,37846.1,37976.1,0
2020-03-04 14:15:00,1583311500,37980.1,38505.5,37980.1,38449,0
2020-03-04 15:15:00,1583315100,38440.1,38487.3,38399.6,38428.9,0
2020-03-05 09:15:00,1583379900,38604.2,38708.9,38424.1,38496.3,0
2020-03-05 10:15:00,1583383500,38496.2,38810.3,38451.6,38733.5,0
2020-03-05 11:15:00,1583387100,38738.7,38867.8,38694.3,38816.6,0
2020-03-05 12:15:00,1583390700,38819.3,38887.8,38709.6,38803.8,0
2020-03-05 13:15:00,1583394300,38800.8,38815.4,38564.6,38622.2,0
2020-03-05 14:15:00,1583397900,38619.1,38672.3,38439.4,38446.7,0
2020-03-05 15:15:00,1583401500,38448.4,38467.8,38386.7,38419.7,0
2020-03-06 09:15:00,1583466300,37614,37614,37011.1,37372.5,0
2020-03-06 10:15:00,1583469900,37371.7,37384.7,37220.1,37252.9,0
2020-03-06 11:15:00,1583473500,37249.1,37357.3,37195.7,37319.6,0
2020-03-06 12:15:00,1583477100,37321.4,37573.1,37267.6,37535.4,0
2020-03-06 13:15:00,1583480700,37537,37747.1,37463.9,37550.9,0
2020-03-06 14:15:00,1583484300,37539.4,37714.1,37488.5,37594.2,0
2020-03-06 15:15:00,1583487900,37604.8,37612.6,37511.6,37534,0
2020-03-09 09:15:00,1583725500,36950.2,36950.2,36040.5,36099.5,0
2020-03-09 10:15:00,1583729100,36104.9,36156.7,35857.8,35965.9,0
2020-03-09 11:15:00,1583732700,35969.4,36015.4,35901.4,36001.3,0
2020-03-09 12:15:00,1583736300,36000.2,36039.2,35210.4,35313.7,0
2020-03-09 13:15:00,1583739900,35295.4,36950.2,35109.2,35523.6,0
2020-03-09 14:15:00,1583743500,35526.6,35867.1,35479.1,35708,0
2020-03-09 15:15:00,1583747100,35720,35733.2,35524.4,35669.1,0
2020-03-11 09:15:00,1583898300,35468.9,35943.1,35261.9,35593.2,0
2020-03-11 10:15:00,1583901900,35578.7,35644.9,35417.7,35550.9,0
2020-03-11 11:15:00,1583905500,35549.5,35836.6,35509.6,35736.2,0
2020-03-11 12:15:00,1583909100,35737.4,36021.5,35718.5,35909.7,0
2020-03-11 13:15:00,1583912700,35903.4,36019,35682.7,35827.3,0
2020-03-11 14:15:00,1583916300,35824.7,35979.8,35667.1,35691.2,0
2020-03-11 15:15:00,1583919900,35689.4,35738.8,35652.8,35678.9,0
2020-03-12 09:15:00,1583984700,34472.5,34472.5,33767.5,33887.1,0
2020-03-12 10:15:00,1583988300,33889.8,33889.8,32990,33293.7,0
2020-03-12 11:15:00,1583991900,33286.3,33447.2,33135.2,33203.1,0
2020-03-12 12:15:00,1583995500,33204.9,34472.5,32990,33381.3,0
2020-03-12 13:15:00,1583999100,33386.9,33583.5,33199.6,33221.5,0
2020-03-12 14:15:00,1584002700,33202.8,33268.3,32493.1,32712,0
2020-03-12 15:15:00,1584006300,32698.9,33008.7,32689.8,32880.1,0
2020-03-13 09:15:00,1584071100,31214.1,32539.9,29165.9,29397.6,0
2020-03-13 10:15:00,1584074700,29397.6,33349.8,29389,32716.6,0
2020-03-13 11:15:00,1584078300,32693.4,33273.2,32340,33163.2,0
2020-03-13 12:15:00,1584081900,33170.4,34629.8,33105.8,34185.8,0
2020-03-13 13:15:00,1584085500,34180.4,34769.5,34000.3,34143.9,0
2020-03-13 14:15:00,1584089100,34155.2,34202.7,33281.2,34138.3,0
2020-03-13 15:15:00,1584092700,34142.7,34341.7,34008.2,34316.5,0
2020-03-16 09:15:00,1584330300,33103.2,33103.2,31921.1,32504,0
2020-03-16 10:15:00,1584333900,32503,32792.8,32371.2,32548.6,0
2020-03-16 11:15:00,1584337500,32552.9,32679.2,32183.1,32232.5,0
2020-03-16 12:15:00,1584341100,32236.6,32400.8,32031.7,32247.7,0
2020-03-16 13:15:00,1584344700,32246,32373.2,31630,31630,0
2020-03-16 14:15:00,1584348300,31633.8,31833.2,31286.8,31299.4,0
2020-03-16 15:15:00,1584351900,31303.1,31439.1,31276.3,31397.3,0
2020-03-17 09:15:00,1584416700,31611.6,31947.9,30745.2,31824.9,0
2020-03-17 10:15:00,1584420300,31822.4,32048,31518.6,31601.1,0
2020-03-17 11:15:00,1584423900,31600.3,31737.3,31303.9,31611.6,0
2020-03-17 12:15:00,1584427500,31614.9,31871.3,31570,31758.3,0
2020-03-17 13:15:00,1584431100,31758.8,32048,30745.2,31460.2,0
2020-03-17 14:15:00,1584434700,31466.5,31521.6,30394.9,30445.5,0
2020-03-17 15:15:00,1584438300,30435.8,30607.8,30405.7,30580.5,0
2020-03-18 09:15:00,1584503100,30968.8,31101.8,30056.7,30081.2,0
2020-03-18 10:15:00,1584506700,30073.9,30461.9,29978,30005.5,0
2020-03-18 11:15:00,1584510300,30023.5,30168.1,29447.4,29502.9,0
2020-03-18 12:15:00,1584513900,29500.1,29745,29132.4,29374.4,0
2020-03-18 13:15:00,1584517500,29373.2,29596.8,29085.7,29106.7,0
2020-03-18 14:15:00,1584521100,29103.1,29446.7,28613.1,28783.1,0
2020-03-18 15:15:00,1584524700,28792.2,29158.2,28722.1,29133.7,0
2020-03-19 09:15:00,1584589500,27773.4,27773.4,26714.5,27338,0
2020-03-19 10:15:00,1584593100,27333.3,28525.5,27116,28523.6,0
2020-03-19 11:15:00,1584596700,28527.7,28621.7,27704.3,27848.4,0
2020-03-19 12:15:00,1584600300,27848.4,28671.1,27848.4,28366.7,0
2020-03-19 13:15:00,1584603900,28371.1,29370.5,28108.2,29321.1,0
2020-03-19 14:15:00,1584607500,29288.5,29297.6,28269.7,28277.9,0
2020-03-19 15:15:00,1584611100,28280.4,28340.8,28100.8,28333.2,0
2020-03-20 09:15:00,1584675900,28460.8,28861.3,27932.7,28584.8,0
2020-03-20 10:15:00,1584679500,28582.7,28724.7,28364.3,28513.3,0
2020-03-20 11:15:00,1584683100,28507.3,29401.5,28507.3,29384.8,0
2020-03-20 12:15:00,1584686700,29395.1,29917,29394.1,29791.1,0
2020-03-20 13:15:00,1584690300,29802.6,30418.2,29151.6,29283.9,0
2020-03-20 14:15:00,1584693900,29289.4,29992.2,29082.3,29882.1,0
2020-03-20 15:15:00,1584697500,29871.5,30052.4,29821.6,29891.8,0
2020-03-23 09:15:00,1584935100,27608.8,27900.8,26924.1,26924.1,0
2020-03-23 10:15:00,1584938700,26924.1,29544.9,26645.8,26754.6,0
2020-03-23 11:15:00,1584942300,26744.7,26915.2,26322.7,26387,0
2020-03-23 12:15:00,1584945900,26389,26835.9,26241.4,26474.9,0
2020-03-23 13:15:00,1584949500,26470.4,26724.1,26213.6,26250.6,0
2020-03-23 14:15:00,1584953100,26248.6,26631,25941.6,25978,0
2020-03-23 15:15:00,1584956700,25976.5,26127.5,25880.8,26056.7,0
2020-03-24 09:15:00,1585021500,27056.2,27462.9,25842.4,25956.9,0
2020-03-24 10:15:00,1585025100,25951.9,26478.8,25638.9,26328.3,0
2020-03-24 11:15:00,1585028700,26329.1,26776.2,26329.1,26520.2,0
2020-03-24 12:15:00,1585032300,26523.4,26979.5,26420.2,26916.6,0
2020-03-24 13:15:00,1585035900,26924.1,27272.9,26799.9,26991.1,0
2020-03-24 14:15:00,1585039500,26993,27354.3,26472.3,26745.3,0
2020-03-24 15:15:00,1585043100,26770.4,26835.2,26671.5,26829.8,0
2020-03-25 09:15:00,1585107900,26499.8,27299.4,26359.9,26627.1,0
2020-03-25 10:15:00,1585111500,26627.3,26869.5,26514.5,26761.5,0
2020-03-25 11:15:00,1585115100,26762.4,27193.4,26656.4,27144.4,0
2020-03-25 12:15:00,1585118700,27143.4,28067.5,27063.1,28034.4,0
2020-03-25 13:15:00,1585122300,28032,28575.2,28031,28536.6,0
2020-03-25 14:15:00,1585125900,28540.6,28790.2,28428.9,28488.7,0
2020-03-25 15:15:00,1585129500,28486.8,28524,28426.9,28500.9,0
2020-03-26 09:15:00,1585194300,29073.7,29845,28566.3,29831.1,0
2020-03-26 10:15:00,1585197900,29835.1,30099.9,29393.9,29595.4,0
2020-03-26 11:15:00,1585201500,29597.2,30065.1,29266.2,30044.9,0
2020-03-26 12:15:00,1585205100,30048.3,30085.4,29825.9,29981.6,0
2020-03-26 13:15:00,1585208700,29980.2,30053.7,29071.7,29397,0
2020-03-26 14:15:00,1585212300,29398.5,30031.4,29293.8,29656.5,0
2020-03-26 15:15:00,1585215900,29659.8,29832.8,29606.6,29801.8,0
2020-03-27 09:15:00,1585280700,30747.8,31126,30319.2,30372.3,0
2020-03-27 10:15:00,1585284300,30345,30709,29461.1,29475,0
2020-03-27 11:15:00,1585287900,29476.5,30113.9,29360.7,29915.6,0
2020-03-27 12:15:00,1585291500,29888,29966,29486.7,29595.8,0
2020-03-27 13:15:00,1585295100,29579.4,30183.4,29347,30169.1,0
2020-03-27 14:15:00,1585298700,30163.6,30457.1,29658.1,29829.8,0
2020-03-27 15:15:00,1585302300,29827.9,29939.2,29822.4,29846.1,0
2020-03-30 09:15:00,1585539900,29226.6,29405.6,28708.8,29167.1,0
2020-03-30 10:15:00,1585543500,29164.1,29497.6,29064.1,29296.4,0
2020-03-30 11:15:00,1585547100,29293.5,29342,28933.8,28992.9,0
2020-03-30 12:15:00,1585550700,28990.8,29090.7,28756,28823.4,0
2020-03-30 13:15:00,1585554300,28825.4,28944.9,28680.7,28858.2,0
2020-03-30 14:15:00,1585557900,28862.2,28862.2,28291,28500,0
2020-03-30 15:15:00,1585561500,28531.5,28531.5,28344.9,28460.2,0
2020-03-31 09:15:00,1585626300,29294.9,29316.8,28667.4,28896.8,0
2020-03-31 10:15:00,1585629900,28904.3,29203.6,28903.3,28979,0
2020-03-31 11:15:00,1585633500,28981.7,29398.6,28979.5,29381.3,0
2020-03-31 12:15:00,1585637100,29382.5,29509.7,29272.7,29307.2,0
2020-03-31 13:15:00,1585640700,29313.2,29626.2,29294.4,29516.3,0
2020-03-31 14:15:00,1585644300,29517.2,29770.9,29454.3,29500.1,0
2020-03-31 15:15:00,1585647900,29497.9,29497.9,29308,29322.8,0
2020-04-01 09:15:00,1585712700,29505.3,29506,28646.2,28720.1,0
2020-04-01 10:15:00,1585716300,28719.6,28771.8,28329,28343.9,0
2020-04-01 11:15:00,1585719900,28348.5,28498.1,28338,28441.9,0
2020-04-01 12:15:00,1585723500,28445.3,28542.2,28264.6,28311.8,0
2020-04-01 13:15:00,1585727100,28313.5,28338.7,28073.4,28152.2,0
2020-04-01 14:15:00,1585730700,28147.5,28330.9,28112.5,28250.8,0
2020-04-01 15:15:00,1585734300,28250.4,28295.9,28242.3,28289.7,0
2020-04-03 09:15:00,1585885500,28623.5,28639.1,27800.1,28000.3,0
2020-04-03 10:15:00,1585889100,27999.5,28055,27704.6,27798.3,0
2020-04-03 11:15:00,1585892700,27798.8,27928.8,27755.3,27795.1,0
2020-04-03 12:15:00,1585896300,27795.9,27895.7,27683.1,27840.2,0
2020-04-03 13:15:00,1585899900,27841.7,28085.7,27548.4,27622.2,0
2020-04-03 14:15:00,1585903500,27624.7,27681.4,27500.8,27572.4,0
2020-04-03 15:15:00,1585907100,27572.2,27681.6,27564.9,27677.5,0
2020-04-07 09:15:00,1586231100,28898.4,28963.2,28602.3,28754.7,0
2020-04-07 10:15:00,1586234700,28753.6,29020.3,28638.1,28986.5,0
2020-04-07 11:15:00,1586238300,28979.5,29180.3,28979.5,29142.5,0
2020-04-07 12:15:00,1586241900,29146.5,29496.7,29141.8,29456.4,0
2020-04-07 13:15:00,1586245500,29457,29753.9,29389.7,29696.3,0
2020-04-07 14:15:00,1586249100,29690.7,30157.7,29669.6,30132,0
2020-04-07 15:15:00,1586252700,30129.9,30130,29971.6,30053.9,0
2020-04-08 09:15:00,1586317500,29701.9,30681.5,29602.9,30663.1,0
2020-04-08 10:15:00,1586321100,30665.8,31228,30623.9,30739.9,0
2020-04-08 11:15:00,1586324700,30744.4,30911.9,30034.2,30371.6,0
2020-04-08 12:15:00,1586328300,30366.2,30422.8,29925.1,30216.7,0
2020-04-08 13:15:00,1586331900,30218.5,30240.4,29723.8,29802.7,0
2020-04-08 14:15:00,1586335500,29796.5,30105.1,29795.7,29848.1,0
2020-04-08 15:15:00,1586339100,29843.6,29931.4,29839.7,29912.6,0
2020-04-09 09:15:00,1586403900,30571.2,30847.1,30459.8,30739.2,0
2020-04-09 10:15:00,1586407500,30736.8,30820.7,30420.2,30554.5,0
2020-04-09 11:15:00,1586411100,30557.4,30955.7,30480.5,30882.4,0
2020-04-09 12:15:00,1586414700,30884.2,31138.2,30837.9,31031.5,0
2020-04-09 13:15:00,1586418300,31035.7,31143.8,30790.2,30908.1,0
2020-04-09 14:15:00,1586421900,30908.2,31225.2,30760.5,31183.2,0
2020-04-09 15:15:00,1586425500,31176.9,31177.7,31093.2,31106.4,0
2020-04-13 09:15:00,1586749500,31195.7,31195.7,30474.2,30583.5,0
2020-04-13 10:15:00,1586753100,30586.6,30846.5,30522.9,30773.6,0
2020-04-13 11:15:00,1586756700,30772.6,31091.5,30713,30928.2,0
2020-04-13 12:15:00,1586760300,30929.4,30944.3,30699.3,30709.9,0
2020-04-13 13:15:00,1586763900,30687,30738.4,30525.7,30544.4,0
2020-04-13 14:15:00,1586767500,30541,30834,30515.8,30670.7,0
2020-04-13 15:15:00,1586771100,30670.7,30739.9,30666.1,30731.2,0
2020-04-15 09:15:00,1586922300,31277.1,31498.1,31097.6,31483.1,0
2020-04-15 10:15:00,1586925900,31481.6,31568.4,31378,31475.1,0
2020-04-15 11:15:00,1586929500,31474.7,31527.4,31310.8,31438.4,0
2020-04-15 12:15:00,1586933100,31441.6,31470.8,31165.9,31218.1,0
2020-04-15 13:15:00,1586936700,31214.1,31215,30470.9,30491.4,0
2020-04-15 14:15:00,1586940300,30474.6,30510.3,30222.1,30383.6,0
2020-04-15 15:15:00,1586943900,30389.1,30442.9,30359.3,30431.3,0
2020-04-16 09:15:00,1587008700,30095.5,30473.8,30016.2,30253.5,0
2020-04-16 10:15:00,1587012300,30253.8,30447.3,30214.7,30416.1,0
2020-04-16 11:15:00,1587015900,30421.3,30657.7,30420.7,30648.7,0
2020-04-16 12:15:00,1587019500,30649.4,30756.8,30471.6,30687.8,0
2020-04-16 13:15:00,1587023100,30682.1,30770.4,30599.1,30644,0
2020-04-16 14:15:00,1587026700,30653.7,30800.2,30477.9,30590.5,0
2020-04-16 15:15:00,1587030300,30593.2,30683.3,30589.7,30677.6,0
2020-04-17 09:15:00,1587095100,31656.7,31711.7,31342.1,31424.7,0
2020-04-17 10:15:00,1587098700,31430.8,31527.5,31092.9,31294,0
2020-04-17 11:15:00,1587102300,31290.4,31390.4,30960.9,31083.6,0
2020-04-17 12:15:00,1587105900,31081.3,31247,31020.5,31086,0
2020-04-17 13:15:00,1587109500,31085.4,31235.9,31010.7,31200.6,0
2020-04-17 14:15:00,1587113100,31199.7,31575.9,31143.9,31562.6,0
2020-04-17 15:15:00,1587116700,31563.8,31718.7,31539.5,31661.5,0
2020-04-20 09:15:00,1587354300,32056.2,32056.5,31540.1,31659.4,0
2020-04-20 10:15:00,1587357900,31670.3,31848.4,31613.7,31762.9,0
2020-04-20 11:15:00,1587361500,31760.1,31762.9,31490.3,31630.8,0
2020-04-20 12:15:00,1587365100,31627.4,31704.1,31516.7,31643.9,0
2020-04-20 13:15:00,1587368700,31642.8,32056.5,31490.3,31706.3,0
2020-04-20 14:15:00,1587372300,31705.2,31906.6,31564.2,31633,0
2020-04-20 15:15:00,1587375900,31636,31684.8,31632.8,31663.5,0
2020-04-21 09:15:00,1587440700,30836.2,30900.1,30634.4,30765.2,0
2020-04-21 10:15:00,1587444300,30764.9,30870,30731.8,30769.2,0
2020-04-21 11:15:00,1587447900,30767.8,30793.6,30655.6,30708.3,0
2020-04-21 12:15:00,1587451500,30708.3,30730.3,30396.2,30499.8,0
2020-04-21 13:15:00,1587455100,30505.9,30542.9,30378.3,30498.8,0
2020-04-21 14:15:00,1587458700,30494,30720,30483.6,30671.8,0
2020-04-21 15:15:00,1587462300,30670.1,30695.5,30614.6,30637.8,0
2020-04-22 09:15:00,1587527100,30856.1,30856.1,30578.6,30716.2,0
2020-04-22 10:15:00,1587530700,30713.9,31153.6,30685.9,31143.6,0
2020-04-22 11:15:00,1587534300,31145.8,31205.6,30966.6,31113.1,0
2020-04-22 12:15:00,1587537900,31108.6,31333.5,31080.9,31260.5,0
2020-04-22 13:15:00,1587541500,31256,31328.2,31062.7,31248.9,0
2020-04-22 14:15:00,1587545100,31246.6,31471.1,31246.6,31377.3,0
2020-04-22 15:15:00,1587548700,31377.9,31412.7,31359.4,31394.7,0
2020-04-23 09:15:00,1587613500,31646.4,31646.4,31292.9,31592.6,0
2020-04-23 10:15:00,1587617100,31592.9,31713.1,31578.3,31607.1,0
2020-04-23 11:15:00,1587620700,31609.5,31836,31566.7,31797,0
2020-04-23 12:15:00,1587624300,31797.5,31850.9,31671,31729.5,0
2020-04-23 13:15:00,1587627900,31733.6,31851.1,31564.2,31835.9,0
2020-04-23 14:15:00,1587631500,31834.5,31959,31750.9,31877.3,0
2020-04-23 15:15:00,1587635100,31878.8,31880.6,31804.7,31811.5,0
2020-04-24 09:15:00,1587699900,31426.6,31544.9,31278.3,31393.2,0
2020-04-24 10:15:00,1587703500,31394.4,31474.1,31325.6,31424.1,0
2020-04-24 11:15:00,1587707100,31423.6,31569.7,31385.4,31548.4,0
2020-04-24 12:15:00,1587710700,31553.3,31839.2,31535.8,31736.3,0
2020-04-24 13:15:00,1587714300,31734.4,31775.6,31374,31433.4,0
2020-04-24 14:15:00,1587717900,31430.2,31524.7,31282.1,31290.8,0
2020-04-24 15:15:00,1587721500,31293.1,31408.2,31284.5,31408.2,0
2020-04-27 09:15:00,1587959100,31659,32011.2,31651.6,31957.6,0
2020-04-27 10:15:00,1587962700,31959.8,32103.7,31949.9,32003.1,0
2020-04-27 11:15:00,1587966300,32002.9,32031.9,31924.1,31975.1,0
2020-04-27 12:15:00,1587969900,31975.1,32103.7,31651.6,32022.6,0
2020-04-27 13:15:00,1587973500,32022.7,32103.7,31651.6,31884.3,0
2020-04-27 14:15:00,1587977100,31879.2,31888.9,31705.1,31748.2,0
2020-04-27 15:15:00,1587980700,31741.7,31763.2,31687.5,31758.7,0
2020-04-28 09:15:00,1588045500,32101.9,32164.7,31661.3,31746.2,0
2020-04-28 10:15:00,1588049100,31748.5,32164.7,31661.3,31795.1,0
2020-04-28 11:15:00,1588052700,31797,31902,31763.5,31780.8,0
2020-04-28 12:15:00,1588056300,31779.3,31987.5,31725.4,31963.2,0
2020-04-28 13:15:00,1588059900,31961.3,32071,31909.3,32055.2,0
2020-04-28 14:15:00,1588063500,32055.2,32141.7,31976.7,32126.7,0
2020-04-28 15:15:00,1588067100,32126.2,32199.9,32094.6,32196,0
2020-04-29 09:15:00,1588131900,32311,32431.2,32171.7,32394.2,0
2020-04-29 10:15:00,1588135500,32396,32467.8,32370.2,32467,0
2020-04-29 11:15:00,1588139100,32466.7,32488.7,32171.7,32466.4,0
2020-04-29 12:15:00,1588142700,32464.8,32574.1,32442.9,32546.6,0
2020-04-29 13:15:00,1588146300,32546,32645.2,32487.9,32626.7,0
2020-04-29 14:15:00,1588149900,32625.9,32897.6,32606.2,32718.4,0
2020-04-29 15:15:00,1588153500,32716.3,32742.5,32604.3,32653,0
2020-04-30 09:15:00,1588218300,33381.2,33711.6,33354.9,33699.6,0
2020-04-30 10:15:00,1588221900,33676.4,33778.3,33354.9,33724.2,0
2020-04-30 11:15:00,1588225500,33721.3,33803.1,33664.8,33802.9,0
2020-04-30 12:15:00,1588229100,33803.3,33887.2,33488.7,33623.9,0
2020-04-30 13:15:00,1588232700,33614.5,33687.9,33495.5,33583.1,0
2020-04-30 14:15:00,1588236300,33585.7,33752.1,33391,33742.4,0
2020-04-30 15:15:00,1588239900,33742.3,33782.1,33669.7,33678.4,0
2020-05-04 09:15:00,1588563900,32748.1,32748.1,31966,32054.4,0
2020-05-04 10:15:00,1588567500,32053.4,32748.1,31965.1,32059.7,0
2020-05-04 11:15:00,1588571100,32059.8,32083.6,31931.3,32036.6,0
2020-05-04 12:15:00,1588574700,32037.1,32082,31911.6,31968.5,0
2020-05-04 13:15:00,1588578300,31969.2,32045.9,31807.2,31828.2,0
2020-05-04 14:15:00,1588581900,31827.6,31842.7,31632,31664.9,0
2020-05-04 15:15:00,1588585500,31664.8,31792.4,31664.8,31757.4,0
2020-05-05 09:15:00,1588650300,32182.9,32264,31855.3,31965.1,0
2020-05-05 10:15:00,1588653900,31971.6,32108.3,31965.5,32001,0
2020-05-05 11:15:00,1588657500,31999.4,32001.7,31798,31896.6,0
2020-05-05 12:15:00,1588661100,31897.2,32044,31771.8,32003.8,0
2020-05-05 13:15:00,1588664700,32005.2,32264,31771.8,31879.6,0
2020-05-05 14:15:00,1588668300,31877.5,31880.4,31403.6,31422.2,0
2020-05-05 15:15:00,1588671900,31429.1,31499.6,31422.3,31499.6,0
2020-05-06 09:15:00,1588736700,31577.6,31743.4,31158.8,31735,0
2020-05-06 10:15:00,1588740300,31726.5,31970.8,31641.1,31858.8,0
2020-05-06 11:15:00,1588743900,31857.1,31923.9,31697.1,31904.3,0
2020-05-06 12:15:00,1588747500,31903.6,31956.7,31695.3,31695.3,0
2020-05-06 13:15:00,1588751100,31691.6,31908.3,31665.9,31724.5,0
2020-05-06 14:15:00,1588754700,31724.6,31728.2,31400.7,31689.3,0
2020-05-06 15:15:00,1588758300,31687.7,31747,31667.8,31744.5,0
2020-05-07 09:15:00,1588823100,31677.7,31705.2,31363,31573.2,0
2020-05-07 10:15:00,1588826700,31576.1,31605,31388.2,31485.8,0
2020-05-07 11:15:00,1588830300,31488.1,31577.3,31435.2,31466,0
2020-05-07 12:15:00,1588833900,31464.7,31574.2,31386.2,31546.4,0
2020-05-07 13:15:00,1588837500,31550.4,31617,31362.9,31420.1,0
2020-05-07 14:15:00,1588841100,31417.3,31511.4,31383.9,31460.4,0
2020-05-07 15:15:00,1588844700,31459,31509.4,31410.3,31509.4,0
2020-05-08 09:15:00,1588909500,32083.3,32088.5,31792.6,31833.8,0
2020-05-08 10:15:00,1588913100,31832.8,31975.3,31831.6,31961.7,0
2020-05-08 11:15:00,1588916700,31963.5,31971,31866.5,31928.5,0
2020-05-08 12:15:00,1588920300,31930.2,31965,31816.8,31953.1,0
2020-05-08 13:15:00,1588923900,31952.7,31959.9,31752.5,31798.4,0
2020-05-08 14:15:00,1588927500,31797,31800.4,31598,31615.7,0
2020-05-08 15:15:00,1588931100,31620.3,31705.3,31616.2,31652.4,0
2020-05-11 09:15:00,1589168700,32030.3,32301.6,31960.8,32109.1,0
2020-05-11 10:15:00,1589172300,32106.8,32107.3,31945.4,31972.5,0
2020-05-11 11:15:00,1589175900,31974.3,32014.3,31809.2,31929.1,0
2020-05-11 12:15:00,1589179500,31929.8,31978.1,31832.8,31953.6,0
2020-05-11 13:15:00,1589183100,31950.1,32301.6,31760.3,31760.5,0
2020-05-11 14:15:00,1589186700,31758.2,31816,31500.9,31571.6,0
2020-05-11 15:15:00,1589190300,31568.8,31620.4,31548.5,31582.8,0
2020-05-12 09:15:00,1589255100,31342.9,31342.9,30870,31046.9,0
2020-05-12 10:15:00,1589258700,31046.4,31342.9,30870,31064.9,0
2020-05-12 11:15:00,1589262300,31066.1,31071.6,30844.7,30985.6,0
2020-05-12 12:15:00,1589265900,30983.2,31146.6,30906.5,31038.7,0
2020-05-12 13:15:00,1589269500,31045.2,31131.7,30945.6,31099.2,0
2020-05-12 14:15:00,1589273100,31099.6,31536.9,31098.4,31274.7,0
2020-05-12 15:15:00,1589276700,31273.9,31430.9,31267.1,31415.8,0
2020-05-13 09:15:00,1589341500,32841.9,32845.5,31931.9,32053,0
2020-05-13 10:15:00,1589345100,32054.5,32845.5,31931.9,32159.7,0
2020-05-13 11:15:00,1589348700,32160.5,32182.9,32058.9,32116.9,0
2020-05-13 12:15:00,1589352300,32117.7,32128.2,31905.1,31950.6,0
2020-05-13 13:15:00,1589355900,31949.3,32151.6,31901.9,32027,0
2020-05-13 14:15:00,1589359500,32027.8,32089,31909.2,32035.6,0
2020-05-13 15:15:00,1589363100,32035.1,32048.9,31977.2,32009.9,0
2020-05-14 09:15:00,1589427900,31466.3,31630.9,31344.5,31501.1,0
2020-05-14 10:15:00,1589431500,31497.9,31502.4,31358.1,31398.9,0
2020-05-14 11:15:00,1589435100,31393.5,31432.9,31305.7,31369.2,0
2020-05-14 12:15:00,1589438700,31370,31461.9,31329.1,31421.1,0
2020-05-14 13:15:00,1589442300,31422.9,31424.3,31111.1,31139.6,0
2020-05-14 14:15:00,1589445900,31144.3,31237.4,31052.7,31100.5,0
2020-05-14 15:15:00,1589449500,31102.3,31630.9,31052.7,31159.3,0
2020-05-15 09:15:00,1589514300,31296.3,31296.3,30828.9,30890.3,0
2020-05-15 10:15:00,1589517900,30891.2,31296.3,30779.9,30811.4,0
2020-05-15 11:15:00,1589521500,30815.7,30879.6,30770.5,30820.4,0
2020-05-15 12:15:00,1589525100,30818.2,30997.8,30818.2,30895.5,0
2020-05-15 13:15:00,1589528700,30895.4,31107,30851.7,31098.2,0
2020-05-15 14:15:00,1589532300,31097.7,31175.8,31013.4,31090.4,0
2020-05-15 15:15:00,1589535900,31090.3,31131.6,31058.2,31065.5,0
2020-05-18 09:15:00,1589773500,31248.26,31248.26,30267.9,30417.81,0
2020-05-18 10:15:00,1589777100,30416.92,30431.79,30074.26,30135.93,0
2020-05-18 11:15:00,1589780700,30136.64,30230.07,30027.41,30163.26,0
2020-05-18 12:15:00,1589784300,30163.85,30322.76,30149.85,30261.3,0
2020-05-18 13:15:00,1589787900,30261.41,30374.52,30091.6,30320.51,0
2020-05-18 14:15:00,1589791500,30318.16,30325.76,29989,30025.03,0
2020-05-18 15:15:00,1589795100,30023.8,30071.62,29969.15,30069.93,0
2020-05-19 09:15:00,1589859900,30450.7,30603.1,30187.8,30540.7,0
2020-05-19 10:15:00,1589863500,30542.1,30740,30506,30528.9,0
2020-05-19 11:15:00,1589867100,30528.9,30740,30187.8,30580.9,0
2020-05-19 12:15:00,1589870700,30582.8,30634.4,30348,30420.8,0
2020-05-19 13:15:00,1589874300,30421.4,30475,30139.8,30182.6,0
2020-05-19 14:15:00,1589877900,30182.1,30349.9,30116.8,30204.2,0
2020-05-19 15:15:00,1589881500,30201.5,30260.9,30187.2,30234.2,0
2020-05-20 09:15:00,1589946300,30159.6,30596.2,30157.8,30489.5,0
2020-05-20 10:15:00,1589949900,30485.4,30487.9,30334.9,30362.9,0
2020-05-20 11:15:00,1589953500,30361,30511,30359.6,30420.1,0
2020-05-20 12:15:00,1589957100,30421.9,30503.2,30388.3,30463.8,0
2020-05-20 13:15:00,1589960700,30461.5,30656.5,30346.5,30574.6,0
2020-05-20 14:15:00,1589964300,30578.2,30874.5,30577.5,30786.4,0
2020-05-20 15:15:00,1589967900,30789,30878.3,30787.7,30860,0
2020-05-21 09:15:00,1590032700,30904.3,31029.7,30765.3,30974.2,0
2020-05-21 10:15:00,1590036300,30975,31108.8,30965.8,31036.6,0
2020-05-21 11:15:00,1590039900,31036.3,31095,30983,31032.9,0
2020-05-21 12:15:00,1590043500,31036.3,31187.2,30966.7,31139.7,0
2020-05-21 13:15:00,1590047100,31143.4,31188.8,31023.3,31078.8,0
2020-05-21 14:15:00,1590050700,31081.5,31081.5,30854.5,30956.5,0
2020-05-21 15:15:00,1590054300,30959.7,30959.7,30906.6,30926.7,0
2020-05-22 09:15:00,1590119100,30822.8,31107.9,30670.5,30813.7,0
2020-05-22 10:15:00,1590122700,30814.8,30882,30474.9,30598.2,0
2020-05-22 11:15:00,1590126300,30603.8,30730,30552.7,30600.9,0
2020-05-22 12:15:00,1590129900,30599.6,30658.3,30517,30552.6,0
2020-05-22 13:15:00,1590133500,30552.8,30734.8,30493.7,30707.4,0
2020-05-22 14:15:00,1590137100,30708.4,30744.7,30579.2,30643.8,0
2020-05-22 15:15:00,1590140700,30642.1,30761.4,30642.1,30716.8,0
2020-05-26 09:15:00,1590464700,30864.3,31086.7,30835,30973.2,0
2020-05-26 10:15:00,1590468300,30972.7,31001.1,30867.3,30882.3,0
2020-05-26 11:15:00,1590471900,30883.2,30883.5,30755.7,30850.8,0
2020-05-26 12:15:00,1590475500,30853.6,30911.7,30756.6,30756.6,0
2020-05-26 13:15:00,1590479100,30755.1,30755.1,30541.9,30555.9,0
2020-05-26 14:15:00,1590482700,30556.9,30700,30512.1,30575.8,0
2020-05-26 15:15:00,1590486300,30572.1,30687.4,30567.5,30675.2,0
2020-05-27 09:15:00,1590551100,30793.1,30825.2,30525.7,30599.2,0
2020-05-27 10:15:00,1590554700,30601.5,30898.3,30525.7,30857.8,0
2020-05-27 11:15:00,1590558300,30858.4,30877.4,30791.7,30868.4,0
2020-05-27 12:15:00,1590561900,30869.6,31140.1,30525.7,31133,0
2020-05-27 13:15:00,1590565500,31145.3,31660.6,30525.7,31441.9,0
2020-05-27 14:15:00,1590569100,31441.1,31660.6,30525.7,31621,0
2020-05-27 15:15:00,1590572700,31620.3,31660.6,30525.7,31617.7,0
2020-05-28 09:15:00,1590637500,31827.8,31998,31641.8,31997.2,0
2020-05-28 10:15:00,1590641100,32000.6,32192.6,31641.8,32154.1,0
2020-05-28 11:15:00,1590644700,32158.3,32202,31641.8,32143.1,0
2020-05-28 12:15:00,1590648300,32142.7,32202,31641.8,32027.2,0
2020-05-28 13:15:00,1590651900,32047,32202.3,31641.8,32042.4,0
2020-05-28 14:15:00,1590655500,32045.1,32202.3,31641.8,32187.9,0
2020-05-28 15:15:00,1590659100,32187.2,32267.2,31641.8,32186.2,0
2020-05-29 09:15:00,1590723900,32041.3,32079,31823.8,32028.3,0
2020-05-29 10:15:00,1590727500,32030.6,32243.4,32002.6,32164.6,0
2020-05-29 11:15:00,1590731100,32164.1,32242.4,31991.2,32059.1,0
2020-05-29 12:15:00,1590734700,32057.7,32243.4,31823.8,32075.8,0
2020-05-29 13:15:00,1590738300,32066.9,32337.6,32043.9,32280.4,0
2020-05-29 14:15:00,1590741900,32284.8,32480.5,32178.2,32457.8,0
2020-05-29 15:15:00,1590745500,32455.3,32458,32328.4,32399.2,0
2020-06-01 09:15:00,1590983100,32906.1,33376.3,32876.6,33314.9,0
2020-06-01 10:15:00,1590986700,33314.4,33430.8,33253.8,33371.2,0
2020-06-01 11:15:00,1590990300,33373.4,33563.5,33369.5,33553.1,0
2020-06-01 12:15:00,1590993900,33565.6,33673.8,33484.5,33609.5,0
2020-06-01 13:15:00,1590997500,33609.5,33611.3,33249.3,33329.8,0
2020-06-01 14:15:00,1591001100,33332.8,33482.2,33293.8,33326.6,0
2020-06-01 15:15:00,1591004700,33323.9,33324.1,33233.9,33256.4,0
2020-06-02 09:15:00,1591069500,33450.2,33675.9,33301.3,33449.7,0
2020-06-02 10:15:00,1591073100,33448,33595.9,33362.4,33543,0
2020-06-02 11:15:00,1591076700,33545.7,33651.6,33493.3,33626,0
2020-06-02 12:15:00,1591080300,33627.7,33830.8,33568.3,33754.9,0
2020-06-02 13:15:00,1591083900,33756.4,33866.6,33301.3,33774.7,0
2020-06-02 14:15:00,1591087500,33775.4,33853.2,33730.1,33820.4,0
2020-06-02 15:15:00,1591091100,33822,33864.6,33805.9,33855.5,0
2020-06-03 09:15:00,1591155900,34185.4,34422.7,34112.7,34163.4,0
2020-06-03 10:15:00,1591159500,34165.3,34278.2,34153.2,34166.3,0
2020-06-03 11:15:00,1591163100,34164.3,34381.8,34164.3,34300.7,0
2020-06-03 12:15:00,1591166700,34300.4,34323.6,34216.3,34249.1,0
2020-06-03 13:15:00,1591170300,34250.4,34397.3,34235.6,34391.2,0
2020-06-03 14:15:00,1591173900,34387.9,34488.7,34059.3,34069.9,0
2020-06-03 15:15:00,1591177500,34071.8,34133.8,34027.5,34128.4,0
2020-06-04 09:15:00,1591242300,34072.5,34310.1,33974.8,34091.5,0
2020-06-04 10:15:00,1591245900,34088,34194.6,34034.6,34055.7,0
2020-06-04 11:15:00,1591249500,34058.3,34083.1,33820.1,33834.7,0
2020-06-04 12:15:00,1591253100,33839,33852.2,33711.2,33736.7,0
2020-06-04 13:15:00,1591256700,33740.5,34012.2,33722.4,33872.9,0
2020-06-04 14:15:00,1591260300,33871.1,33988.2,33814.2,33955.8,0
2020-06-04 15:15:00,1591263900,33955.2,34005.4,33944,33974.5,0
2020-06-05 09:15:00,1591328700,34198.6,34357.3,34076.1,34123.5,0
2020-06-05 10:15:00,1591332300,34128.1,34357.3,33958,34077.6,0
2020-06-05 11:15:00,1591335900,34079.3,34357.3,33958,34163.7,0
2020-06-05 12:15:00,1591339500,34165.3,34215.6,34084.4,34193.9,0
2020-06-05 13:15:00,1591343100,34192.2,34405.4,34192,34370.6,0
2020-06-05 14:15:00,1591346700,34368.2,34391,34184.6,34263.8,0
2020-06-05 15:15:00,1591350300,34266.3,34375.7,34236.5,34366.5,0
2020-06-08 09:15:00,1591587900,34841.2,34927.8,34701.3,34774.9,0
2020-06-08 10:15:00,1591591500,34775,34853.8,34725,34827.1,0
2020-06-08 11:15:00,1591595100,34825.1,34844,34724.8,34785,0
2020-06-08 12:15:00,1591598700,34785.4,34812,34428.2,34535.1,0
2020-06-08 13:15:00,1591602300,34531.1,34531.1,34303.8,34382.3,0
2020-06-08 14:15:00,1591605900,34374.6,34479,34211.8,34352.8,0
2020-06-08 15:15:00,1591609500,34353.9,34421,34320.7,34392.9,0
2020-06-09 09:15:00,1591674300,34520.8,34698.4,34268.6,34656.9,0
2020-06-09 10:15:00,1591677900,34655.4,34738.1,34576.6,34657.7,0
2020-06-09 11:15:00,1591681500,34657,34811.3,34634.3,34720.1,0
2020-06-09 12:15:00,1591685100,34719.2,34731.9,34369.4,34402.7,0
2020-06-09 13:15:00,1591688700,34412.2,34471.7,34128.5,34133.7,0
2020-06-09 14:15:00,1591692300,34135.5,34229.1,33881.2,33977.7,0
2020-06-09 15:15:00,1591695900,33975.5,33982.3,33887.1,33892.5,0
2020-06-10 09:15:00,1591760700,34029.1,34209,33949.5,34061,0
2020-06-10 10:15:00,1591764300,34058.5,34297.1,34058.5,34244.4,0
2020-06-10 11:15:00,1591767900,34244.1,34262.9,34046,34129.2,0
2020-06-10 12:15:00,1591771500,34129.2,34303.6,34073.4,34213.5,0
2020-06-10 13:15:00,1591775100,34214,34255,34126.8,34176,0
2020-06-10 14:15:00,1591778700,34176.6,34303.6,33949.5,34282.2,0
2020-06-10 15:15:00,1591782300,34288.4,34350.2,33949.5,34318.7,0
2020-06-11 09:15:00,1591847100,34214.69,34219.4,34010.9,34140.7,0
2020-06-11 10:15:00,1591850700,34139.9,34151.1,33916.3,33921,0
2020-06-11 11:15:00,1591854300,33910.7,33992.9,33852.9,33914.5,0
2020-06-11 12:15:00,1591857900,33916.4,33981.1,33776.5,33879.8,0
2020-06-11 13:15:00,1591861500,33878.3,33894.5,33689.2,33709.2,0
2020-06-11 14:15:00,1591865100,33709.9,33720.8,33480.4,33514.5,0
2020-06-11 15:15:00,1591868700,33516.1,33576.4,33490.5,33563.6,0
2020-06-12 09:15:00,1591933500,32436.7,32896.1,32348.1,32765.9,0
2020-06-12 10:15:00,1591937100,32767.4,32972,32737.2,32889.5,0
2020-06-12 11:15:00,1591940700,32892.8,33251.5,32871.8,33028.6,0
2020-06-12 12:15:00,1591944300,33027.8,33126.5,32906.8,33037.2,0
2020-06-12 13:15:00,1591947900,33036.9,33577.8,33020.4,33428.9,0
2020-06-12 14:15:00,1591951500,33433.5,33856.3,33433.5,33785.5,0
2020-06-12 15:15:00,1591955100,33787.2,33814.2,33708.5,33732.1,0
2020-06-15 09:15:00,1592192700,33670.6,33670.6,33344.3,33373.4,0
2020-06-15 10:15:00,1592196300,33373.1,33670.6,33043,33074.4,0
2020-06-15 11:15:00,1592199900,33073.7,33129.3,32926.3,32945.7,0
2020-06-15 12:15:00,1592203500,32946.7,33100.9,32923.7,33045.3,0
2020-06-15 13:15:00,1592207100,33046.6,33670.6,32923.7,33238.8,0
2020-06-15 14:15:00,1592210700,33240.7,33424.3,33134.2,33204.7,0
2020-06-15 15:15:00,1592214300,33211.7,33252.9,33156.4,33236.6,0
2020-06-16 09:15:00,1592279100,33853.7,34022,33773,33827.9,0
2020-06-16 10:15:00,1592282700,33826.1,33935.6,33775.8,33827.9,0
2020-06-16 11:15:00,1592286300,33827.5,33908.9,33649.1,33669.9,0
2020-06-16 12:15:00,1592289900,33668.3,33722.7,33291.1,33354.3,0
2020-06-16 13:15:00,1592293500,33360.4,33499.6,32953.3,33425.1,0
2020-06-16 14:15:00,1592297100,33423.8,33688.7,33387.3,33615.2,0
2020-06-16 15:15:00,1592300700,33613.6,33630.8,33551.9,33562.9,0
2020-06-17 09:15:00,1592365500,33438.3,33753.9,33333,33688.3,0
2020-06-17 10:15:00,1592369100,33688.9,33704.8,33432.9,33499.6,0
2020-06-17 11:15:00,1592372700,33501.6,33725.8,33458.4,33695.9,0
2020-06-17 12:15:00,1592376300,33697.2,33853.7,33672.9,33827.6,0
2020-06-17 13:15:00,1592379900,33827.5,33933.6,33682.2,33746.2,0
2020-06-17 14:15:00,1592383500,33739.4,33802.6,33446.2,33502.2,0
2020-06-17 15:15:00,1592387100,33505.1,33539.8,33464.6,33481.1,0
2020-06-18 09:15:00,1592451900,33371.5,33586,33371.5,33579.9,0
2020-06-18 10:15:00,1592455500,33589.2,33644,33371.5,33590.1,0
2020-06-18 11:15:00,1592459100,33588.4,33778.8,33577.6,33767,0
2020-06-18 12:15:00,1592462700,33767.5,33838.4,33682.6,33752.5,0
2020-06-18 13:15:00,1592466300,33751.7,34079,33749.4,34079,0
2020-06-18 14:15:00,1592469900,34076.4,34276,34075.7,34172.2,0
2020-06-18 15:15:00,1592473500,34170.8,34264.2,34168,34200.1,0
2020-06-19 09:15:00,1592538300,34335.4,34440.3,34136.4,34316,0
2020-06-19 10:15:00,1592541900,34324.6,34367.1,34184.7,34347.1,0
2020-06-19 11:15:00,1592545500,34343.9,34608.3,34320.9,34554.2,0
2020-06-19 12:15:00,1592549100,34552.8,34598.1,34352.6,34480,0
2020-06-19 13:15:00,1592552700,34475.9,34667.8,34423.4,34525.9,0
2020-06-19 14:15:00,1592556300,34521.9,34848.4,34513.4,34738.7,0
2020-06-19 15:15:00,1592559900,34741.5,34787.4,34682.1,34751.3,0
2020-06-22 09:15:00,1592797500,34892,35211.1,34869,35020.2,0
2020-06-22 10:15:00,1592801100,35019.8,35095.9,34853.6,34910.9,0
2020-06-22 11:15:00,1592804700,34910.3,34979.6,34816.5,34894.7,0
2020-06-22 12:15:00,1592808300,34896.5,35104.2,34896.5,35011,0
2020-06-22 13:15:00,1592811900,35012.9,35178.2,35004.2,35140,0
2020-06-22 14:15:00,1592815500,35142.8,35213.5,34794.4,34933.4,0
2020-06-22 15:15:00,1592819100,34932.3,34971.2,34895.2,34951.1,0
2020-06-23 09:15:00,1592883900,35015.7,35116.2,34843.7,35029.7,0
2020-06-23 10:15:00,1592887500,35027.7,35134.5,35026.8,35058.7,0
2020-06-23 11:15:00,1592891100,35060.5,35193.6,35019.1,35143.3,0
2020-06-23 12:15:00,1592894700,35142.4,35291.8,35094.4,35277.8,0
2020-06-23 13:15:00,1592898300,35278.1,35306.4,35162.9,35223.9,0
2020-06-23 14:15:00,1592901900,35223.6,35464.6,35191.7,35424.5,0
2020-06-23 15:15:00,1592905500,35426.4,35482.2,35401.2,35475.4,0
2020-06-24 09:15:00,1592970300,35679.7,35681.9,35515.8,35677.2,0
2020-06-24 10:15:00,1592973900,35676.4,35706.6,35370.6,35436.8,0
2020-06-24 11:15:00,1592977500,35440,35706.6,35337.7,35467.3,0
2020-06-24 12:15:00,1592981100,35465.5,35698.4,35372,35373,0
2020-06-24 13:15:00,1592984700,35368.3,35439.2,35101.9,35174.6,0
2020-06-24 14:15:00,1592988300,35179,35276.8,34794.9,34860.2,0
2020-06-24 15:15:00,1592991900,34863.4,34926,34814.4,34921.6,0
2020-06-25 09:15:00,1593056700,34525.4,34828.6,34499.8,34701.5,0
2020-06-25 10:15:00,1593060300,34703.8,35035.9,34499.8,34976.6,0
2020-06-25 11:15:00,1593063900,34972.8,35010,34738.4,34755.1,0
2020-06-25 12:15:00,1593067500,34755.2,34794.7,34527.3,34668.5,0
2020-06-25 13:15:00,1593071100,34667.3,35058.7,34588.3,35005.9,0
2020-06-25 14:15:00,1593074700,35017.2,35081.6,34806.7,34825.8,0
2020-06-25 15:15:00,1593078300,34831.9,34844.3,34782.7,34813.1,0
2020-06-26 09:15:00,1593143100,35144.8,35241,35054.6,35139.4,0
2020-06-26 10:15:00,1593146700,35136.9,35141.5,34923.4,35120.9,0
2020-06-26 11:15:00,1593150300,35119,35142.1,35008.2,35119,0
2020-06-26 12:15:00,1593153900,35119.8,35176.2,34954.8,35038.2,0
2020-06-26 13:15:00,1593157500,35039.4,35101.7,34910.3,35031.6,0
2020-06-26 14:15:00,1593161100,35032.4,35184.1,35005.9,35154.4,0
2020-06-26 15:15:00,1593164700,35155.1,35254.9,35152.6,35237.4,0
2020-06-29 09:15:00,1593402300,34926.9,34958.9,34665.6,34701.5,0
2020-06-29 10:15:00,1593405900,34702.4,34833,34667.4,34757.6,0
2020-06-29 11:15:00,1593409500,34757.8,34774.1,34662.1,34766.7,0
2020-06-29 12:15:00,1593413100,34765.8,34969.2,34761.9,34840.1,0
2020-06-29 13:15:00,1593416700,34842.9,34899.6,34742.7,34845.4,0
2020-06-29 14:15:00,1593420300,34841.9,35001.9,34807.2,35001.3,0
2020-06-29 15:15:00,1593423900,35003.8,35032.4,34947,34966.3,0
2020-06-30 09:15:00,1593488700,35168.3,35233.9,35108.5,35179.6,0
2020-06-30 10:15:00,1593492300,35182.4,35207.3,35066.6,35135.8,0
2020-06-30 11:15:00,1593495900,35160.6,35233.9,35029.9,35078.5,0
2020-06-30 12:15:00,1593499500,35078.5,35175.7,35047.8,35155.2,0
2020-06-30 13:15:00,1593503100,35155.5,35213,35087,35127.4,0
2020-06-30 14:15:00,1593506700,35127.9,35127.9,34812.8,34914.7,0
2020-06-30 15:15:00,1593510300,34917.6,34951,34890.4,34945,0
2020-07-01 09:15:00,1593575100,35009.6,35152.3,34927.2,35111,0
2020-07-01 10:15:00,1593578700,35109,35116.7,35004.1,35073.7,0
2020-07-01 11:15:00,1593582300,35071.8,35263.3,35046.2,35253.6,0
2020-07-01 12:15:00,1593585900,35251.8,35415.6,35228.1,35365.2,0
2020-07-01 13:15:00,1593589500,35371.7,35454.2,35299.8,35418.1,0
2020-07-01 14:15:00,1593593100,35421,35467.2,35300.3,35432,0
2020-07-01 15:15:00,1593596700,35433.4,35433.4,35340.1,35376.1,0
2020-07-02 09:15:00,1593661500,35604,35805,35595.4,35766.3,0
2020-07-02 10:15:00,1593665100,35768.4,35805,35595.4,35684.4,0
2020-07-02 11:15:00,1593668700,35682.2,35872.7,35595.4,35862.6,0
2020-07-02 12:15:00,1593672300,35859.4,35928.8,35808.3,35883.8,0
2020-07-02 13:15:00,1593675900,35882.5,36014.9,35852.2,35999.7,0
2020-07-02 14:15:00,1593679500,36002.8,36009.7,35815.6,35826.3,0
2020-07-02 15:15:00,1593683100,35828.4,35879.9,35799.4,35869.5,0
2020-07-03 09:15:00,1593747900,36025.4,36110.2,35872.4,35992.3,0
2020-07-03 10:15:00,1593751500,35987.5,36110.2,35872.4,35958.5,0
2020-07-03 11:15:00,1593755100,35955.1,36108,35925.2,36045.3,0
2020-07-03 12:15:00,1593758700,36046.9,36092.3,35953.4,35956.9,0
2020-07-03 13:15:00,1593762300,35956.4,36044.9,35874.8,36003,0
2020-07-03 14:15:00,1593765900,36002.8,36024.3,35928.4,36021.4,0
2020-07-03 15:15:00,1593769500,36020.1,36072.7,35991.1,36011.1,0
2020-07-06 09:15:00,1594007100,36313.5,36466.9,36254,36400.8,0
2020-07-06 10:15:00,1594010700,36400.4,36441.8,36371,36441.8,0
2020-07-06 11:15:00,1594014300,36443.1,36503.4,36428.2,36494.6,0
2020-07-06 12:15:00,1594017900,36494.1,36617.2,36478.5,36600.4,0
2020-07-06 13:15:00,1594021500,36600.8,36661.7,36484.3,36509.6,0
2020-07-06 14:15:00,1594025100,36512.6,36545.4,36445.7,36498.4,0
2020-07-06 15:15:00,1594028700,36497.5,36539,36466,36512,0
2020-07-07 09:15:00,1594093500,36660.4,36660.4,36483.1,36560.5,0
2020-07-07 10:15:00,1594097100,36559,36623.5,36389.5,36414.7,0
2020-07-07 11:15:00,1594100700,36416.2,36416.2,36271.1,36406,0
2020-07-07 12:15:00,1594104300,36406.2,36579.6,36380.8,36552.2,0
2020-07-07 13:15:00,1594107900,36552.3,36654.3,36456,36556.5,0
2020-07-07 14:15:00,1594111500,36555.1,36723.3,36550.1,36657.9,0
2020-07-07 15:15:00,1594115100,36660.6,36696.2,36601.9,36625,0
2020-07-08 09:15:00,1594179900,36738.4,36828.4,36609,36617.7,0
2020-07-08 10:15:00,1594183500,36618.4,36721.7,36607.8,36640.6,0
2020-07-08 11:15:00,1594187100,36641.7,36703.9,36536.2,36619.8,0
2020-07-08 12:15:00,1594190700,36619.6,36717.6,36577.1,36674.1,0
2020-07-08 13:15:00,1594194300,36679.5,36772.5,36619,36737.2,0
2020-07-08 14:15:00,1594197900,36737.1,36755.3,36343.5,36353.3,0
2020-07-08 15:15:00,1594201500,36354.3,36355,36234.2,36305.4,0
2020-07-09 09:15:00,1594266300,36450.7,36600.2,36422.3,36595.4,0
2020-07-09 10:15:00,1594269900,36595.4,36636.5,36494.2,36584,0
2020-07-09 11:15:00,1594273500,36583.7,36620.7,36543.5,36602.1,0
2020-07-09 12:15:00,1594277100,36595.1,36696.5,36533.1,36569.8,0
2020-07-09 13:15:00,1594280700,36569.4,36737.8,36565.2,36688.7,0
2020-07-09 14:15:00,1594284300,36690.2,36770.1,36659.6,36725.3,0
2020-07-09 15:15:00,1594287900,36727.3,36806.3,36717.6,36801.4,0
2020-07-10 09:15:00,1594352700,36555.1,36748.9,36526.2,36714.9,0
2020-07-10 10:15:00,1594356300,36712.9,36716.5,36514,36534.4,0
2020-07-10 11:15:00,1594359900,36531.1,36586.7,36467.9,36518.9,0
2020-07-10 12:15:00,1594363500,36520.4,36629.5,36401.1,36559.8,0
2020-07-10 13:15:00,1594367100,36557.7,36698.4,36507.9,36541.5,0
2020-07-10 14:15:00,1594370700,36538.6,36657.9,36487,36570.3,0
2020-07-10 15:15:00,1594374300,36566.4,36628.7,36554.3,36611.9,0
2020-07-13 09:15:00,1594611900,36880.7,37024.2,36845.5,36896.4,0
2020-07-13 10:15:00,1594615500,36897.9,36989.8,36771.7,36823.1,0
2020-07-13 11:15:00,1594619100,36822.9,36879.8,36724.1,36728.7,0
2020-07-13 12:15:00,1594622700,36727.1,36824.1,36626.9,36726,0
2020-07-13 13:15:00,1594626300,36724.7,36727.2,36534,36639.4,0
2020-07-13 14:15:00,1594629900,36639,36742.9,36578.5,36670.4,0
2020-07-13 15:15:00,1594633500,36668.9,36744.3,36656.6,36743.4,0
2020-07-14 09:15:00,1594698300,36517.3,36538.1,36331.3,36401,0
2020-07-14 10:15:00,1594701900,36399.5,36400.1,36060.5,36096.9,0
2020-07-14 11:15:00,1594705500,36096.8,36241,36076,36128.8,0
2020-07-14 12:15:00,1594709100,36131.9,36191,35877.4,35894.5,0
2020-07-14 13:15:00,1594712700,35895.6,36142.1,35892.2,36120.4,0
2020-07-14 14:15:00,1594716300,36118.9,36162.2,35985.2,36040.3,0
2020-07-14 15:15:00,1594719900,36040,36078.4,36007.5,36045.6,0
2020-07-15 09:15:00,1594784700,36314.8,36581.5,36297.6,36546.8,0
2020-07-15 10:15:00,1594788300,36547.3,36756.5,36545.4,36707.2,0
2020-07-15 11:15:00,1594791900,36706.7,36810.2,36647.5,36657.3,0
2020-07-15 12:15:00,1594795500,36658.3,36716.8,36576.2,36705.6,0
2020-07-15 13:15:00,1594799100,36702.6,36765.4,36636.8,36676.9,0
2020-07-15 14:15:00,1594802700,36671.9,36673.2,35895,35976.9,0
2020-07-15 15:15:00,1594806300,35979.6,36118,35916.4,36118,0
2020-07-16 09:15:00,1594871100,36401.2,36409.8,36038.4,36306.1,0
2020-07-16 10:15:00,1594874700,36307.3,36415,36150.6,36230.4,0
2020-07-16 11:15:00,1594878300,36231.6,36360.1,36195,36218.6,0
2020-07-16 12:15:00,1594881900,36220,36281.6,36141.3,36175.7,0
2020-07-16 13:15:00,1594885500,36172.5,36312.9,36152.4,36197.1,0
2020-07-16 14:15:00,1594889100,36199.1,36524.6,36186.9,36490.3,0
2020-07-16 15:15:00,1594892700,36490,36506.5,36414.6,36431.2,0
2020-07-17 09:15:00,1594957500,36547.8,36728.6,36512.9,36683.7,0
2020-07-17 10:15:00,1594961100,36683.8,36721,36583.4,36681.6,0
2020-07-17 11:15:00,1594964700,36681.1,36764.3,36512.9,36694.5,0
2020-07-17 12:15:00,1594968300,36695.6,36751.5,36624.8,36642.5,0
2020-07-17 13:15:00,1594971900,36644.4,36807.6,36566.8,36776.1,0
2020-07-17 14:15:00,1594975500,36771.9,37008.1,36723.8,37004.7,0
2020-07-17 15:15:00,1594979100,37005.9,37126,37005.5,37107.7,0
2020-07-20 09:15:00,1595216700,37409,37433.4,37228.1,37358.5,0
2020-07-20 10:15:00,1595220300,37354.6,37416.2,37235.8,37289.6,0
2020-07-20 11:15:00,1595223900,37287.6,37338.1,37223.7,37287.2,0
2020-07-20 12:15:00,1595227500,37289.1,37362.9,37252.1,37346.6,0
2020-07-20 13:15:00,1595231100,37345.7,37441.6,37185.8,37431.1,0
2020-07-20 14:15:00,1595234700,37433.1,37471.8,37319.1,37452.1,0
2020-07-20 15:15:00,1595238300,37458.9,37478.9,37411.9,37456.3,0
2020-07-21 09:15:00,1595303100,37823.6,37923.4,37742.1,37774.3,0
2020-07-21 10:15:00,1595306700,37776.3,37863.7,37768.1,37827.4,0
2020-07-21 11:15:00,1595310300,37822.2,37902.6,37789.9,37890.1,0
2020-07-21 12:15:00,1595313900,37887.2,37979,37859.3,37934.4,0
2020-07-21 13:15:00,1595317500,37933.5,37942.5,37828.7,37865.8,0
2020-07-21 14:15:00,1595321100,37866.9,37990.6,37862.8,37936.1,0
2020-07-21 15:15:00,1595324700,37935.2,37962.5,37892.6,37957.8,0
2020-07-22 09:15:00,1595389500,38178.1,38199.3,37709.7,37853.8,0
2020-07-22 10:15:00,1595393100,37855.6,37973.3,37820.3,37965.2,0
2020-07-22 11:15:00,1595396700,37965.4,38003.2,37888.9,37984.4,0
2020-07-22 12:15:00,1595400300,37980.7,38028.4,37835.3,37859.1,0
2020-07-22 13:15:00,1595403900,37858.5,37858.5,37677.3,37702.3,0
2020-07-22 14:15:00,1595407500,37703.3,37874.9,37601.6,37857.8,0
2020-07-22 15:15:00,1595411100,37856.7,38199.3,37601.6,37906.4,0
2020-07-23 09:15:00,1595475900,37814.9,37969.6,37738.6,37887.6,0
2020-07-23 10:15:00,1595479500,37888.6,38045.2,37885.6,38040.9,0
2020-07-23 11:15:00,1595483100,38043.8,38111.8,37989.7,38101.3,0
2020-07-23 12:15:00,1595486700,38096.1,38161.4,38035.5,38075.6,0
2020-07-23 13:15:00,1595490300,38074,38169.5,38058.1,38144.7,0
2020-07-23 14:15:00,1595493900,38143.8,38153.1,37988.3,38120.8,0
2020-07-23 15:15:00,1595497500,38116.9,38225,38107.8,38207.8,0
2020-07-24 09:15:00,1595562300,37949.6,38001.6,37804.6,37973.1,0
2020-07-24 10:15:00,1595565900,37971.2,37975.8,37748.4,37848.6,0
2020-07-24 11:15:00,1595569500,37846,37955.1,37828.9,37908.4,0
2020-07-24 12:15:00,1595573100,37900.9,37917.2,37816.6,37838.4,0
2020-07-24 13:15:00,1595576700,37838,38117.6,37835.8,38086,0
2020-07-24 14:15:00,1595580300,38084.5,38235.7,37994.4,38152.4,0
2020-07-24 15:15:00,1595583900,38155.6,38163.8,38113,38151.8,0
2020-07-27 09:15:00,1595821500,38275.3,38275.3,37769.4,37858,0
2020-07-27 10:15:00,1595825100,37855.8,37981.5,37829.7,37912.4,0
2020-07-27 11:15:00,1595828700,37913.6,38022.7,37855.2,37995.3,0
2020-07-27 12:15:00,1595832300,37995.9,38074.9,37974.8,38055.2,0
2020-07-27 13:15:00,1595835900,38059.4,38116.2,37917.9,38042.7,0
2020-07-27 14:15:00,1595839500,38041.7,38107.9,37906.3,37924.6,0
2020-07-27 15:15:00,1595843100,37923.4,37942.1,37865.6,37916.8,0
2020-07-28 09:15:00,1595907900,38052.2,38240.5,38017.1,38058.4,0
2020-07-28 10:15:00,1595911500,38057.7,38160.1,37998.1,38104.9,0
2020-07-28 11:15:00,1595915100,38104.4,38281.1,37998.1,38273.4,0
2020-07-28 12:15:00,1595918700,38277.2,38393.7,38239,38302.8,0
2020-07-28 13:15:00,1595922300,38302.5,38394.9,38242.7,38338.9,0
2020-07-28 14:15:00,1595925900,38339.2,38554.7,38333.2,38500.7,0
2020-07-28 15:15:00,1595929500,38501.6,38522.9,38435.5,38467.1,0
2020-07-29 09:15:00,1595994300,38427.1,38617,38336,38380.4,0
2020-07-29 10:15:00,1595997900,38382.3,38617,38259.4,38297.3,0
2020-07-29 11:15:00,1596001500,38294.1,38462.6,38292.6,38376.7,0
2020-07-29 12:15:00,1596005100,38378,38413.5,38277.3,38365.4,0
2020-07-29 13:15:00,1596008700,38369.4,38407,38059.6,38064.8,0
2020-07-29 14:15:00,1596012300,38073.1,38181,37884.4,38078.6,0
2020-07-29 15:15:00,1596015900,38082.6,38110.2,37997.4,38041.8,0
2020-07-30 09:15:00,1596080700,38262.8,38364,38221.8,38326.3,0
2020-07-30 10:15:00,1596084300,38331.1,38411.9,38221.8,38395.9,0
2020-07-30 11:15:00,1596087900,38395.6,38413.8,38282.5,38343.5,0
2020-07-30 12:15:00,1596091500,38344.2,38357.7,37973.6,38021.9,0
2020-07-30 13:15:00,1596095100,38021.1,38094,37820.9,37836.1,0
2020-07-30 14:15:00,1596098700,37833.3,37930.5,37706.2,37760.9,0
2020-07-30 15:15:00,1596102300,37759.7,37763.4,37678.4,37703.3,0
2020-07-31 09:15:00,1596167100,37847.9,37897.8,37537.8,37650.1,0
2020-07-31 10:15:00,1596170700,37654.3,37813.1,37634,37694.5,0
2020-07-31 11:15:00,1596174300,37697,37726.5,37566.1,37673.7,0
2020-07-31 12:15:00,1596177900,37680.4,37731.3,37535.2,37636.2,0
2020-07-31 13:15:00,1596181500,37636,37897.8,37431.7,37684.3,0
2020-07-31 14:15:00,1596185100,37683.7,37713.8,37499,37586.4,0
2020-07-31 15:15:00,1596188700,37583.3,37665,37553.9,37660.9,0
2020-08-03 09:15:00,1596426300,37595.7,37596,37151.1,37159.5,0
2020-08-03 10:15:00,1596429900,37155.5,37248.5,37153.9,37192.2,0
2020-08-03 11:15:00,1596433500,37192.6,37277,37161.9,37197.4,0
2020-08-03 12:15:00,1596437100,37197.3,37200.6,36997.8,37054.2,0
2020-08-03 13:15:00,1596440700,37052.7,37104.2,36918,37005.5,0
2020-08-03 14:15:00,1596444300,37006.2,37056,36911.2,36940.8,0
2020-08-03 15:15:00,1596447900,36951.7,36984.6,36923.6,36984.6,0
2020-08-04 09:15:00,1596512700,37092.9,37297.9,36987.7,37289.4,0
2020-08-04 10:15:00,1596516300,37290.9,37466.5,37257.1,37363.5,0
2020-08-04 11:15:00,1596519900,37364.6,37584.1,37362.7,37572.2,0
2020-08-04 12:15:00,1596523500,37572.3,37589.1,37449.8,37553.4,0
2020-08-04 13:15:00,1596527100,37557.2,37610.7,37480.8,37536.6,0
2020-08-04 14:15:00,1596530700,37536.5,37723.8,36987.7,37690.1,0
2020-08-04 15:15:00,1596534300,37689.8,37745.6,37682.4,37733.1,0
2020-08-05 09:15:00,1596599100,37892.4,38134.9,37889.6,38094.9,0
2020-08-05 10:15:00,1596602700,38093.5,38140,37889.6,38000.4,0
2020-08-05 11:15:00,1596606300,38001.1,38140,37550.6,37759.4,0
2020-08-05 12:15:00,1596609900,37759.3,37842.5,37697.5,37731.7,0
2020-08-05 13:15:00,1596613500,37740.9,37784.8,37573.8,37680.1,0
2020-08-05 14:15:00,1596617100,37684.1,37786.7,37601.6,37666.9,0
2020-08-05 15:15:00,1596620700,37667.1,37733.4,37651.3,37733.4,0
2020-08-06 09:15:00,1596685500,37946.8,37976.7,37755.1,37864.8,0
2020-08-06 10:15:00,1596689100,37865.9,37957.7,37826.6,37873.8,0
2020-08-06 11:15:00,1596692700,37870.3,38004.2,37783.4,37864.7,0
2020-08-06 12:15:00,1596696300,37863.4,38213.9,37863.2,38201,0
2020-08-06 13:15:00,1596699900,38203.2,38221.4,38011.2,38053.8,0
2020-08-06 14:15:00,1596703500,38053.2,38221.4,37755.1,38026.7,0
2020-08-06 15:15:00,1596707100,38021.8,38062.2,38011.6,38045.7,0
2020-08-07 09:15:00,1596771900,37951.1,38044.2,37787.4,38001.2,0
2020-08-07 10:15:00,1596775500,37999.8,38005.4,37885.7,37924.2,0
2020-08-07 11:15:00,1596779100,37926.2,38035.2,37910.4,37977.5,0
2020-08-07 12:15:00,1596782700,37977.8,38032.8,37896.5,37990.4,0
2020-08-07 13:15:00,1596786300,37990.3,38022.3,37926.4,37985.1,0
2020-08-07 14:15:00,1596789900,37985.6,38109.7,37787.4,38047.5,0
2020-08-07 15:15:00,1596793500,38043.9,38059.1,38016.4,38049.7,0
2020-08-10 09:15:00,1597031100,38168.4,38415,38163.7,38342.9,0
2020-08-10 10:15:00,1597034700,38345.4,38399.7,38276,38383.7,0
2020-08-10 11:15:00,1597038300,38383.5,38429.9,38319.7,38331.8,0
2020-08-10 12:15:00,1597041900,38334.6,38373.7,38257.8,38323,0
2020-08-10 13:15:00,1597045500,38320.2,38364.4,38073.3,38141.7,0
2020-08-10 14:15:00,1597049100,38143,38275.3,38127.8,38177,0
2020-08-10 15:15:00,1597052700,38174.4,38217.3,38150.3,38213.3,0
2020-08-11 09:15:00,1597117500,38371.3,38550.7,38351,38458.5,0
2020-08-11 10:15:00,1597121100,38458.9,38540.8,38397.5,38412,0
2020-08-11 11:15:00,1597124700,38409.6,38445,38334.4,38378.6,0
2020-08-11 12:15:00,1597128300,38379.4,38525.5,38313.1,38511.8,0
2020-08-11 13:15:00,1597131900,38511,38556.3,38462.9,38525,0
2020-08-11 14:15:00,1597135500,38525.1,38535,38376.1,38397.7,0
2020-08-11 15:15:00,1597139100,38403,38431,38366.9,38431,0
2020-08-12 09:15:00,1597203900,38321.1,38321.1,38125.8,38237.5,0
2020-08-12 10:15:00,1597207500,38238.1,38340.4,38207.5,38320,0
2020-08-12 11:15:00,1597211100,38319.1,38369.3,38280.4,38305.3,0
2020-08-12 12:15:00,1597214700,38306.1,38414.4,38305.3,38391.2,0
2020-08-12 13:15:00,1597218300,38389,38409.6,38266.1,38368.9,0
2020-08-12 14:15:00,1597221900,38365.3,38409.2,38337.3,38375,0
2020-08-12 15:15:00,1597225500,38376.8,38379.1,38341.3,38365.5,0
2020-08-13 09:15:00,1597290300,38456.6,38516.9,38377.9,38435.6,0
2020-08-13 10:15:00,1597293900,38434.1,38501.5,38400.02,38479.9,0
2020-08-13 11:15:00,1597297500,38479.1,38507.1,38302.4,38316.1,0
2020-08-13 12:15:00,1597301100,38315,38345.9,38215.1,38324.9,0
2020-08-13 13:15:00,1597304700,38325.6,38388.8,38269,38335.3,0
2020-08-13 14:15:00,1597308300,38336.4,38367.3,38253.3,38296.8,0
2020-08-13 15:15:00,1597311900,38295,38353.1,38284.3,38338.2,0
2020-08-14 09:15:00,1597376700,38432.9,38540.6,38392.1,38477.5,0
2020-08-14 10:15:00,1597380300,38481.6,38489.9,38358.2,38406.7,0
2020-08-14 11:15:00,1597383900,38406.5,38520.9,38391.1,38504.1,0
2020-08-14 12:15:00,1597387500,38503.8,38535.9,38385.6,38390.3,0
2020-08-14 13:15:00,1597391100,38393.8,38393.8,37871.7,37925.1,0
2020-08-14 14:15:00,1597394700,37923.1,37923.1,37654.9,37876.6,0
2020-08-14 15:15:00,1597398300,37879,37929,37857,37892.3,0
2020-08-17 09:15:00,1597635900,38062.1,38119.4,37734.1,37918.2,0
2020-08-17 10:15:00,1597639500,37919.4,38015.4,37892,37919.4,0
2020-08-17 11:15:00,1597643100,37916.6,37967.3,37850.6,37963.2,0
2020-08-17 12:15:00,1597646700,37963.4,37986.8,37868,37935.3,0
2020-08-17 13:15:00,1597650300,37935.3,38119.4,37734.1,37889.8,0
2020-08-17 14:15:00,1597653900,37890.9,38068.9,37829,38027.7,0
2020-08-17 15:15:00,1597657500,38024.9,38105.6,38018.8,38093.1,0
2020-08-18 09:15:00,1597722300,38084.7,38291.8,38062,38266.2,0
2020-08-18 10:15:00,1597725900,38267.4,38352.4,38062,38275.9,0
2020-08-18 11:15:00,1597729500,38274.3,38304.5,38174.4,38236.5,0
2020-08-18 12:15:00,1597733100,38236.7,38324.4,38228.8,38282,0
2020-08-18 13:15:00,1597736700,38282.5,38498.7,38256.6,38448.1,0
2020-08-18 14:15:00,1597740300,38448.8,38571.2,38441.4,38526.6,0
2020-08-18 15:15:00,1597743900,38523.6,38558.3,38499.9,38546,0
2020-08-19 09:15:00,1597808700,38727.9,38788.5,38637.1,38687.2,0
2020-08-19 10:15:00,1597812300,38687.6,38734.4,38654.8,38654.8,0
2020-08-19 11:15:00,1597815900,38654.5,38722.9,38593,38678.3,0
2020-08-19 12:15:00,1597819500,38677.5,38743.9,38670.5,38701.7,0
2020-08-19 13:15:00,1597823100,38701.6,38777.7,38625.9,38740.9,0
2020-08-19 14:15:00,1597826700,38744.1,38753.3,38550.6,38584.8,0
2020-08-19 15:15:00,1597830300,38585.7,38648.7,38569.1,38648.7,0
2020-08-20 09:15:00,1597895100,38283.9,38359.7,38212.7,38313.3,0
2020-08-20 10:15:00,1597898700,38311.8,38376.8,38290.8,38307.8,0
2020-08-20 11:15:00,1597902300,38309.4,38347.2,38294.8,38319.6,0
2020-08-20 12:15:00,1597905900,38319.7,38343.1,38169.6,38298,0
2020-08-20 13:15:00,1597909500,38300.3,38402.4,38155.8,38224.6,0
2020-08-20 14:15:00,1597913100,38224.8,38296.4,38199.1,38214.5,0
2020-08-20 15:15:00,1597916700,38216.9,38237.6,38184.2,38214.8,0
2020-08-21 09:15:00,1597981500,38471.9,38579.8,38458,38466.4,0
2020-08-21 10:15:00,1597985100,38464.7,38511.9,38460.4,38490.6,0
2020-08-21 11:15:00,1597988700,38490.1,38525.1,38435.7,38505.6,0
2020-08-21 12:15:00,1597992300,38504.3,38542.6,38482.6,38505,0
2020-08-21 13:15:00,1597995900,38504.8,38576.2,38488.7,38534,0
2020-08-21 14:15:00,1597999500,38532.8,38549,38411.4,38432.1,0
2020-08-21 15:15:00,1598003100,38428.3,38471.4,38418.7,38467,0
2020-08-24 09:15:00,1598240700,38567,38683.3,38545.8,38666.3,0
2020-08-24 10:15:00,1598244300,38662.3,38678.4,38610.3,38625.1,0
2020-08-24 11:15:00,1598247900,38623.2,38703.3,38598.5,38700.7,0
2020-08-24 12:15:00,1598251500,38700.8,38843,38699.1,38817,0
2020-08-24 13:15:00,1598255100,38817.3,38854,38767.2,38816,0
2020-08-24 14:15:00,1598258700,38814.1,38894.9,38777.6,38804.2,0
2020-08-24 15:15:00,1598262300,38805.8,38828.8,38760.2,38823.2,0
2020-08-25 09:15:00,1598327100,38948.5,39008.9,38861.3,38922.4,0
2020-08-25 10:15:00,1598330700,38920.5,38922.5,38699,38820.3,0
2020-08-25 11:15:00,1598334300,38822.6,38900,38787.3,38892.8,0
2020-08-25 12:15:00,1598337900,38893.1,38898.9,38815.5,38858,0
2020-08-25 13:15:00,1598341500,38859.8,38931.1,38732.1,38739.8,0
2020-08-25 14:15:00,1598345100,38738.9,38850.5,38679.7,38830.6,0
2020-08-25 15:15:00,1598348700,38830.2,38886,38829.4,38867.7,0
2020-08-26 09:15:00,1598413500,38930.2,38980.6,38765.1,38777,0
2020-08-26 10:15:00,1598417100,38775.3,38885.1,38768.4,38838.5,0
2020-08-26 11:15:00,1598420700,38836.2,38864.7,38770.3,38816.7,0
2020-08-26 12:15:00,1598424300,38814.5,38903.9,38776.1,38871.9,0
2020-08-26 13:15:00,1598427900,38869,38984.2,38828.7,38929.9,0
2020-08-26 14:15:00,1598431500,38932,39105.9,38923.3,39079.3,0
2020-08-26 15:15:00,1598435100,39079.8,39111.6,39071.5,39086.9,0
2020-08-27 09:15:00,1598499900,39293.5,39327,39220.5,39258.4,0
2020-08-27 10:15:00,1598503500,39259.8,39292.6,39206.5,39248.5,0
2020-08-27 11:15:00,1598507100,39248,39284.8,39218.5,39268.1,0
2020-08-27 12:15:00,1598510700,39268.7,39307.9,39196.1,39196.8,0
2020-08-27 13:15:00,1598514300,39199.4,39222.7,39121.9,39197.4,0
2020-08-27 14:15:00,1598517900,39197.8,39202.6,39046.9,39094.2,0
2020-08-27 15:15:00,1598521500,39096.1,39175.7,39079.1,39157.4,0
2020-08-28 09:15:00,1598586300,39264.5,39378.3,39235,39280.7,0
2020-08-28 10:15:00,1598589900,39281.2,39401.5,39242.6,39393.3,0
2020-08-28 11:15:00,1598593500,39394.9,39579.6,39394.9,39496.6,0
2020-08-28 12:15:00,1598597100,39499.7,39501.2,39356,39407.2,0
2020-08-28 13:15:00,1598600700,39411.2,39497.6,39380.6,39488.8,0
2020-08-28 14:15:00,1598604300,39489.5,39576.6,39453,39460.9,0
2020-08-28 15:15:00,1598607900,39460.6,39503.6,39427.8,39482.1,0
2020-08-31 09:15:00,1598845500,39888.1,40010.2,39790.1,39837.3,0
2020-08-31 10:15:00,1598849100,39837.3,39837.3,39484.1,39484.9,0
2020-08-31 11:15:00,1598852700,39498.4,39550.5,39111.1,39277.1,0
2020-08-31 12:15:00,1598856300,39276.7,39358.9,39018.3,39047.3,0
2020-08-31 13:15:00,1598859900,39037,39040.9,38704.2,38768.3,0
2020-08-31 14:15:00,1598863500,38772.6,38773.4,38395.9,38691.1,0
2020-08-31 15:15:00,1598867100,38694,38775.9,38458.7,38475.5,0
2020-09-01 09:15:00,1598931900,38754,39037.4,38542.1,38790.2,0
2020-09-01 10:15:00,1598935500,38797.2,38893.8,38695.1,38724.1,0
2020-09-01 11:15:00,1598939100,38718.8,39026.8,38646.5,38942,0
2020-09-01 12:15:00,1598942700,38942,39226.8,38839.9,39170.4,0
2020-09-01 13:15:00,1598946300,39171.3,39197.4,38881.4,38979.8,0
2020-09-01 14:15:00,1598949900,38981.9,39003.7,38679.1,38909.7,0
2020-09-01 15:15:00,1598953500,38918,38978.8,38885.6,38971,0
2020-09-02 09:15:00,1599018300,38892.6,39036.8,38818.2,38863.3,0
2020-09-02 10:15:00,1599021900,38866,38899.3,38736.2,38861.8,0
2020-09-02 11:15:00,1599025500,38863.3,38973,38849.9,38907.4,0
2020-09-02 12:15:00,1599029100,38904.4,38907.6,38786.7,38885,0
2020-09-02 13:15:00,1599032700,38882,38990.8,38801.5,38988.4,0
2020-09-02 14:15:00,1599036300,38994.8,39136.8,38994.8,39060.4,0
2020-09-02 15:15:00,1599039900,39060.5,39141.8,39045.7,39099.6,0
2020-09-03 09:15:00,1599104700,39165.8,39236.4,39061.8,39131.3,0
2020-09-03 10:15:00,1599108300,39130.6,39182.7,39098.7,39123.4,0
2020-09-03 11:15:00,1599111900,39124.9,39131.2,38969.3,38975.7,0
2020-09-03 12:15:00,1599115500,38976.7,39151.3,38943.4,39093.2,0
2020-09-03 13:15:00,1599119100,39091.3,39138.8,39037.2,39045.8,0
2020-09-03 14:15:00,1599122700,39047.3,39125.8,38959.4,38983.5,0
2020-09-03 15:15:00,1599126300,38982.2,39035.5,38947.3,39023.3,0
2020-09-04 09:15:00,1599191100,38325,38575.4,38299.1,38539.8,0
2020-09-04 10:15:00,1599194700,38536.9,38571.3,38447.6,38542,0
2020-09-04 11:15:00,1599198300,38544,38583.4,38495.5,38524.1,0
2020-09-04 12:15:00,1599201900,38528.8,38696.6,38488.2,38667.6,0
2020-09-04 13:15:00,1599205500,38667.1,38729.7,38521.4,38541.6,0
2020-09-04 14:15:00,1599209100,38536.4,38586.3,38249.8,38381.1,0
2020-09-04 15:15:00,1599212700,38383.9,38436.1,38341.6,38436.1,0
2020-09-07 09:15:00,1599450300,38284.8,38454.6,38060.7,38300.6,0
2020-09-07 10:15:00,1599453900,38298.6,38323.5,38208.5,38309.7,0
2020-09-07 11:15:00,1599457500,38317.1,38426.6,38288.9,38331.5,0
2020-09-07 12:15:00,1599461100,38332.6,38371.5,38266.9,38354.9,0
2020-09-07 13:15:00,1599464700,38356,38462,38314.1,38390.4,0
2020-09-07 14:15:00,1599468300,38389.9,38425.6,38168.4,38420.6,0
2020-09-07 15:15:00,1599471900,38421.1,38519.9,38421.1,38509.6,0
2020-09-08 09:15:00,1599536700,38498.1,38553.5,38332.2,38549.5,0
2020-09-08 10:15:00,1599540300,38548.3,38719.6,38541.2,38633.2,0
2020-09-08 11:15:00,1599543900,38633.5,38705.9,38593.8,38663.6,0
2020-09-08 12:15:00,1599547500,38659.2,38746.5,38649.8,38651.6,0
2020-09-08 13:15:00,1599551100,38656.7,38701.3,38540.2,38657.1,0
2020-09-08 14:15:00,1599554700,38655.3,38656.4,38336,38389.9,0
2020-09-08 15:15:00,1599558300,38392.7,38407.7,38275.4,38291.3,0
2020-09-09 09:15:00,1599623100,37988.6,38252.7,37980.7,38095.1,0
2020-09-09 10:15:00,1599626700,38094.8,38167.1,38030.9,38087.7,0
2020-09-09 11:15:00,1599630300,38086.4,38123.2,37935.3,37963.6,0
2020-09-09 12:15:00,1599633900,37964.9,38125.8,37963.9,38100,0
2020-09-09 13:15:00,1599637500,38102.7,38168.4,38045.4,38067.4,0
2020-09-09 14:15:00,1599641100,38069.1,38225.9,38022.8,38205.4,0
2020-09-09 15:15:00,1599644700,38209.2,38252.1,38184.6,38218.9,0
2020-09-10 09:15:00,1599709500,38516.9,38517.4,38367.1,38490.5,0
2020-09-10 10:15:00,1599713100,38489.6,38673.1,38476.6,38661.8,0
2020-09-10 11:15:00,1599716700,38661.9,38748.3,38640.1,38715.6,0
2020-09-10 12:15:00,1599720300,38718.6,38872.1,38632.3,38686.4,0
2020-09-10 13:15:00,1599723900,38687.9,38697.6,38552.9,38640.5,0
2020-09-10 14:15:00,1599727500,38636.9,38848,38630.1,38846.6,0
2020-09-10 15:15:00,1599731100,38839.4,38878.2,38819.4,38856.1,0
2020-09-11 09:15:00,1599795900,38865.2,38978.5,38738.2,38860.7,0
2020-09-11 10:15:00,1599799500,38861.9,38917.6,38809.3,38835,0
2020-09-11 11:15:00,1599803100,38837.8,38867.6,38762.4,38846,0
2020-09-11 12:15:00,1599806700,38843.4,38895.2,38722.2,38748.5,0
2020-09-11 13:15:00,1599810300,38747.5,38851.9,38711.8,38850.7,0
2020-09-11 14:15:00,1599813900,38844.1,38910.1,38772.3,38875,0
2020-09-11 15:15:00,1599817500,38875.2,38885.2,38824,38851.4,0
2020-09-14 09:15:00,1600055100,39073.5,39230.2,39070.9,39110.2,0
2020-09-14 10:15:00,1600058700,39108.7,39185,39101,39143.3,0
2020-09-14 11:15:00,1600062300,39146.8,39224.6,39114.1,39177.3,0
2020-09-14 12:15:00,1600065900,39177.9,39185.2,39099,39111.9,0
2020-09-14 13:15:00,1600069500,39116.8,39119.7,38698.6,38778.4,0
2020-09-14 14:15:00,1600073100,38775.8,38904.2,38573.2,38779.5,0
2020-09-14 15:15:00,1600076700,38779.9,38788,38655.7,38709.7,0
2020-09-15 09:15:00,1600141500,38904.7,39013.1,38847.7,38908.6,0
2020-09-15 10:15:00,1600145100,38908.2,38926.9,38753.7,38824.4,0
2020-09-15 11:15:00,1600148700,38823.7,38971.8,38803.4,38920.7,0
2020-09-15 12:15:00,1600152300,38920.2,39009.7,38833.9,38891.6,0
2020-09-15 13:15:00,1600155900,38891.1,39035.8,38842.2,39017.9,0
2020-09-15 14:15:00,1600159500,39019.2,39079.3,38972.4,39038.8,0
2020-09-15 15:15:00,1600163100,39039.7,39102.2,39017.3,39086.6,0
2020-09-16 09:15:00,1600227900,39161,39161.4,39038,39115.1,0
2020-09-16 10:15:00,1600231500,39115.1,39217,39092.8,39111.4,0
2020-09-16 11:15:00,1600235100,39110.5,39171.9,39045.8,39110.6,0
2020-09-16 12:15:00,1600238700,39112.3,39251,39099.8,39173.8,0
2020-09-16 13:15:00,1600242300,39172.6,39282.5,39142.2,39271.1,0
2020-09-16 14:15:00,1600245900,39271,39359.5,39242.6,39290.2,0
2020-09-16 15:15:00,1600249500,39297.1,39329.2,39263.1,39292.1,0
2020-09-17 09:15:00,1600314300,39120.6,39208.2,39022.3,39165.4,0
2020-09-17 10:15:00,1600317900,39168.9,39234.8,39129.5,39159.8,0
2020-09-17 11:15:00,1600321500,39159.9,39160.7,38947.7,39008,0
2020-09-17 12:15:00,1600325100,39005.8,39114.9,38989.3,39028.8,0
2020-09-17 13:15:00,1600328700,39025.8,39094.1,39014.5,39051.7,0
2020-09-17 14:15:00,1600332300,39051.4,39159.7,38926.3,39000,0
2020-09-17 15:15:00,1600335900,39000.8,39013.8,38964.9,39002.4,0
2020-09-18 09:15:00,1600400700,39200.4,39200.4,39064.8,39098,0
2020-09-18 10:15:00,1600404300,39095.8,39095.8,38981.2,39001,0
2020-09-18 11:15:00,1600407900,39000.1,39084.8,38979.1,39036.2,0
2020-09-18 12:15:00,1600411500,39035.8,39072.9,38998.9,39040.7,0
2020-09-18 13:15:00,1600415100,39040.8,39107.6,38967.9,39039.9,0
2020-09-18 14:15:00,1600418700,39038.3,39039.2,38635.7,38839.5,0
2020-09-18 15:15:00,1600422300,38842.8,38890.6,38814.4,38879.3,0
2020-09-21 09:15:00,1600659900,38812.7,38939.8,38776.2,38811.1,0
2020-09-21 10:15:00,1600663500,38814.4,38990.8,38779.8,38814.1,0
2020-09-21 11:15:00,1600667100,38809.8,38886.9,38796.5,38852.4,0
2020-09-21 12:15:00,1600670700,38857.7,38900.7,38676.2,38693.1,0
2020-09-21 13:15:00,1600674300,38694,38694,38236.7,38289.6,0
2020-09-21 14:15:00,1600677900,38287.2,38295.9,38037.2,38073.1,0
2020-09-21 15:15:00,1600681500,38077.9,38088.2,37938.5,37946.9,0
2020-09-22 09:15:00,1600746300,38200.7,38210,37531.1,37772.3,0
2020-09-22 10:15:00,1600749900,37763.1,37902.1,37654.5,37678.9,0
2020-09-22 11:15:00,1600753500,37681.2,37868.1,37637.9,37792.7,0
2020-09-22 12:15:00,1600757100,37792.7,37974.8,37705.5,37855.6,0
2020-09-22 13:15:00,1600760700,37858.3,38073.9,37722.3,37723,0
2020-09-22 14:15:00,1600764300,37722.5,37798.9,37626,37753,0
2020-09-22 15:15:00,1600767900,37750.4,37815.4,37707.5,37812.4,0
2020-09-23 09:15:00,1600832700,38124.9,38140.1,37855.6,37893.7,0
2020-09-23 10:15:00,1600836300,37892.1,38033.2,37886.8,37980.2,0
2020-09-23 11:15:00,1600839900,37981.5,37996.7,37702.5,37704.7,0
2020-09-23 12:15:00,1600843500,37704.3,37805.4,37503.9,37670.5,0
2020-09-23 13:15:00,1600847100,37670.8,37707.2,37313.1,37416.6,0
2020-09-23 14:15:00,1600850700,37412.5,37737.6,37375.7,37679.2,0
2020-09-23 15:15:00,1600854300,37677.1,37694.2,37645.2,37694.2,0
2020-09-24 09:15:00,1600919100,37282.2,37304.3,37058.8,37133.6,0
2020-09-24 10:15:00,1600922700,37138.6,37158.8,36942.3,36975.5,0
2020-09-24 11:15:00,1600926300,36980.3,37077.3,36900.2,36959.6,0
2020-09-24 12:15:00,1600929900,36962.8,37021.5,36845.6,37009.6,0
2020-09-24 13:15:00,1600933500,37011.6,37060.8,36796.5,36859,0
2020-09-24 14:15:00,1600937100,36858.7,36904.7,36525.5,36541.5,0
2020-09-24 15:15:00,1600940700,36546.8,36645.2,36496,36613.6,0
2020-09-25 09:15:00,1601005500,36991.9,37034.2,36754.9,36830.4,0
2020-09-25 10:15:00,1601009100,36828.6,36952.9,36730.5,36943.5,0
2020-09-25 11:15:00,1601012700,36944.9,37126.6,36898.7,37126.4,0
2020-09-25 12:15:00,1601016300,37136,37260.4,37110,37162.4,0
2020-09-25 13:15:00,1601019900,37163.6,37330.8,37088.4,37306.2,0
2020-09-25 14:15:00,1601023500,37306.3,37471.2,37292.3,37419.7,0
2020-09-25 15:15:00,1601027100,37409.6,37442.8,37342,37346.1,0
2020-09-28 09:15:00,1601264700,37756.2,37810.4,37544.1,37758.1,0
2020-09-28 10:15:00,1601268300,37760.3,37898.7,37702.7,37873.6,0
2020-09-28 11:15:00,1601271900,37874.6,37946.5,37819.2,37907.5,0
2020-09-28 12:15:00,1601275500,37909.6,37972.4,37804.4,37923.7,0
2020-09-28 13:15:00,1601279100,37924.2,38005.9,37886.3,37972.8,0
2020-09-28 14:15:00,1601282700,37972.6,38015.9,37876.1,37984.4,0
2020-09-28 15:15:00,1601286300,37982.4,38035.9,37957.6,38018.7,0
2020-09-29 09:15:00,1601351100,38176.9,38235.9,37995.8,38074.6,0
2020-09-29 10:15:00,1601354700,38074.5,38127.3,37860.4,37905.8,0
2020-09-29 11:15:00,1601358300,37906.1,38073.3,37887.9,37973.4,0
2020-09-29 12:15:00,1601361900,37971.2,38021.8,37831.4,37928.3,0
2020-09-29 13:15:00,1601365500,37926.1,38090.9,37884.7,38036.2,0
2020-09-29 14:15:00,1601369100,38039.2,38184.2,37903,37981.8,0
2020-09-29 15:15:00,1601372700,37983.4,38011.1,37948.1,37980.3,0
2020-09-30 09:15:00,1601437500,38068.9,38080.1,37828.1,37931.2,0
2020-09-30 10:15:00,1601441100,37933.3,38167.2,37924.4,38071.4,0
2020-09-30 11:15:00,1601444700,38071.2,38095,37920,38007.6,0
2020-09-30 12:15:00,1601448300,38007.8,38156.1,37955.8,38079.6,0
2020-09-30 13:15:00,1601451900,38076.5,38213.9,38038.9,38210.5,0
2020-09-30 14:15:00,1601455500,38210.1,38236.3,38052,38068.6,0
2020-09-30 15:15:00,1601459100,38064.9,38081.2,37971.3,38001.6,0
2020-10-01 09:15:00,1601523900,38410.2,38593.9,38410.2,38585.2,0
2020-10-01 10:15:00,1601527500,38586.2,38667.6,38571.8,38628.2,0
2020-10-01 11:15:00,1601531100,38627.4,38703.7,38613.5,38648.9,0
2020-10-01 12:15:00,1601534700,38647.4,38708.2,38598.4,38630.5,0
2020-10-01 13:15:00,1601538300,38632,38677.4,38576.8,38671.7,0
2020-10-01 14:15:00,1601541900,38673.2,38735.2,38579.5,38734.5,0
2020-10-01 15:15:00,1601545500,38735.7,38738.9,38688.2,38708.2,0
2020-10-05 09:15:00,1601869500,38956.8,39199.8,38923.2,39144.8,0
2020-10-05 10:15:00,1601873100,39146.6,39263.9,39067.1,39192.7,0
2020-10-05 11:15:00,1601876700,39189.6,39248.3,39023.1,39111.9,0
2020-10-05 12:15:00,1601880300,39110.9,39134.8,38891.3,38908.1,0
2020-10-05 13:15:00,1601883900,38915,39113.5,38819.9,39089.8,0
2020-10-05 14:15:00,1601887500,39087.8,39137.2,38962.1,38975.8,0
2020-10-05 15:15:00,1601891100,38977.3,39006.8,38949.5,38981.5,0
2020-10-06 09:15:00,1601955900,39336.3,39374.6,39191.1,39331.8,0
2020-10-06 10:15:00,1601959500,39328.8,39379.1,39252.3,39315.7,0
2020-10-06 11:15:00,1601963100,39313.9,39329.3,39261.9,39327.8,0
2020-10-06 12:15:00,1601966700,39323.3,39366.3,39256.9,39311.1,0
2020-10-06 13:15:00,1601970300,39312.2,39379.3,39245.2,39332.9,0
2020-10-06 14:15:00,1601973900,39331.9,39578.9,39329.6,39569.6,0
2020-10-06 15:15:00,1601977500,39571,39623.8,39554.9,39574.7,0
2020-10-07 09:15:00,1602042300,39633.2,39862.3,39450.8,39849.7,0
2020-10-07 10:15:00,1602045900,39853.3,39903.7,39745.5,39783.9,0
2020-10-07 11:15:00,1602049500,39786.1,39886.5,39711,39801,0
2020-10-07 12:15:00,1602053100,39800.1,39943.3,39798.3,39859.8,0
2020-10-07 13:15:00,1602056700,39857.4,39912.9,39779.1,39885.2,0
2020-10-07 14:15:00,1602060300,39886.5,39968,39801.2,39854.2,0
2020-10-07 15:15:00,1602063900,39849.1,39928.2,39840,39909.3,0
2020-10-08 09:15:00,1602128700,40204.3,40394,40183.4,40334.9,0
2020-10-08 10:15:00,1602132300,40328.1,40417,40306,40400.2,0
2020-10-08 11:15:00,1602135900,40402.3,40468.9,40367.6,40431.1,0
2020-10-08 12:15:00,1602139500,40431.4,40451.6,40366.2,40432.7,0
2020-10-08 13:15:00,1602143100,40432.5,40467.2,40218.8,40332.1,0
2020-10-08 14:15:00,1602146700,40333,40336.2,40062.2,40180.9,0
2020-10-08 15:15:00,1602150300,40179.6,40220.8,40160.8,40169.4,0
2020-10-09 09:15:00,1602215100,40226.2,40322.1,40066.5,40252.4,0
2020-10-09 10:15:00,1602218700,40251.4,40542.9,40239,40511.3,0
2020-10-09 11:15:00,1602222300,40511,40568.9,40440.2,40441.3,0
2020-10-09 12:15:00,1602225900,40444.6,40494.6,40368.7,40414.5,0
2020-10-09 13:15:00,1602229500,40415.9,40509.9,40306.5,40494,0
2020-10-09 14:15:00,1602233100,40493.3,40534.3,40448.4,40489.1,0
2020-10-09 15:15:00,1602236700,40489.7,40585.4,40470,40570.1,0
2020-10-12 09:15:00,1602474300,40716.9,40905.5,40696.7,40767.7,0
2020-10-12 10:15:00,1602477900,40761.6,40809.4,40597.1,40682.6,0
2020-10-12 11:15:00,1602481500,40681,40714.2,40546.6,40562,0
2020-10-12 12:15:00,1602485100,40557.6,40718.3,40510.6,40585,0
2020-10-12 13:15:00,1602488700,40588.5,40667.3,40387.4,40571.1,0
2020-10-12 14:15:00,1602492300,40567.2,40632.9,40483.2,40587.7,0
2020-10-12 15:15:00,1602495900,40586.6,40630.9,40577,40615.7,0
2020-10-13 09:15:00,1602560700,40592.5,40734.4,40468.2,40677.1,0
2020-10-13 10:15:00,1602564300,40676,40786.8,40671.7,40719.1,0
2020-10-13 11:15:00,1602567900,40718.8,40742.4,40607.9,40669.6,0
2020-10-13 12:15:00,1602571500,40667.5,40669.4,40462,40552.8,0
2020-10-13 13:15:00,1602575100,40554.6,40625.5,40502.7,40623,0
2020-10-13 14:15:00,1602578700,40629.6,40687.8,40571.6,40645.6,0
2020-10-13 15:15:00,1602582300,40644.8,40660.3,40590.6,40603.4,0
2020-10-14 09:15:00,1602647100,40623.2,40623.2,40299.1,40382.1,0
2020-10-14 10:15:00,1602650700,40381,40424.4,40347,40374.9,0
2020-10-14 11:15:00,1602654300,40374.2,40400.8,40279.6,40384.6,0
2020-10-14 12:15:00,1602657900,40383.2,40495.8,40312.6,40356.4,0
2020-10-14 13:15:00,1602661500,40355.9,40442.6,40283,40426.4,0
2020-10-14 14:15:00,1602665100,40426.4,40815.9,40421.8,40778,0
2020-10-14 15:15:00,1602668700,40779.9,40880.2,40765.7,40783.3,0
2020-10-15 09:15:00,1602733500,41048.1,41048.1,40541.1,40747.4,0
2020-10-15 10:15:00,1602737100,40750.2,40751,40588.4,40636.1,0
2020-10-15 11:15:00,1602740700,40635.6,40649.9,40422.8,40511.9,0
2020-10-15 12:15:00,1602744300,40512.1,40551.3,40297.3,40330.5,0
2020-10-15 13:15:00,1602747900,40329,40392.1,39813,39836.8,0
2020-10-15 14:15:00,1602751500,39835.1,40013.6,39685.4,39692.3,0
2020-10-15 15:15:00,1602755100,39689.3,39768.9,39667.5,39723.6,0
2020-10-16 09:15:00,1602819900,39936.6,40125.7,39699.4,39908.2,0
2020-10-16 10:15:00,1602823500,39910.9,40029,39857.9,40025,0
2020-10-16 11:15:00,1602827100,40020.1,40022.3,39761.1,39918.7,0
2020-10-16 12:15:00,1602830700,39918.8,40070.8,39835.1,39998.9,0
2020-10-16 13:15:00,1602834300,40001.4,40102.7,39892.9,40011.4,0
2020-10-16 14:15:00,1602837900,40011.6,40055.9,39909.8,39996.1,0
2020-10-16 15:15:00,1602841500,39994.1,40017.2,39946.8,40016.7,0
2020-10-19 09:15:00,1603079100,40318.6,40488.1,40211.2,40419.6,0
2020-10-19 10:15:00,1603082700,40415.5,40519.5,40347.6,40355.6,0
2020-10-19 11:15:00,1603086300,40354.8,40380.8,40236.1,40323.3,0
2020-10-19 12:15:00,1603089900,40324.5,40389.5,40285.6,40359.4,0
2020-10-19 13:15:00,1603093500,40359.6,40433,40284.8,40420.2,0
2020-10-19 14:15:00,1603097100,40421.6,40469.5,40355.5,40444.4,0
2020-10-19 15:15:00,1603100700,40445.9,40457.9,40397.9,40438.3,0
2020-10-20 09:15:00,1603165500,40420.3,40628.5,40305.6,40560.9,0
2020-10-20 10:15:00,1603169100,40563.7,40692.2,40512,40661.9,0
2020-10-20 11:15:00,1603172700,40665.6,40732,40623.9,40698.3,0
2020-10-20 12:15:00,1603176300,40696.5,40726.5,40597.1,40627.4,0
2020-10-20 13:15:00,1603179900,40626.2,40667.9,40517.6,40556.8,0
2020-10-20 14:15:00,1603183500,40556.2,40623.1,40508.3,40558.6,0
2020-10-20 15:15:00,1603187100,40555.2,40571.3,40511.8,40546.6,0
2020-10-21 09:15:00,1603251900,40767.1,40976,40757.3,40948.3,0
2020-10-21 10:15:00,1603255500,40947.1,40957.9,40877.3,40927,0
2020-10-21 11:15:00,1603259100,40926.4,40975.4,40860.1,40964.1,0
2020-10-21 12:15:00,1603262700,40964.1,40970,40861.1,40878,0
2020-10-21 13:15:00,1603266300,40877.8,40879.8,40255.1,40255.4,0
2020-10-21 14:15:00,1603269900,40247.3,40765.5,40150.5,40751.4,0
2020-10-21 15:15:00,1603273500,40748.7,40768.7,40676.5,40697.4,0
2020-10-22 09:15:00,1603338300,40531.3,40721.6,40413.6,40575.2,0
2020-10-22 10:15:00,1603341900,40573.7,40678.3,40502.5,40634.6,0
2020-10-22 11:15:00,1603345500,40634.3,40640.8,40511.6,40592,0
2020-10-22 12:15:00,1603349100,40593.6,40603.4,40391.2,40536.4,0
2020-10-22 13:15:00,1603352700,40537.9,40643.8,40421.1,40559.3,0
2020-10-22 14:15:00,1603356300,40561.9,40570.1,40309.1,40547.2,0
2020-10-22 15:15:00,1603359900,40545.8,40608.4,40539.8,40585.8,0
2020-10-23 09:15:00,1603424700,40728.4,40811.1,40642.2,40720.6,0
2020-10-23 10:15:00,1603428300,40724.4,40746.3,40631.9,40668.8,0
2020-10-23 11:15:00,1603431900,40673.7,40724.1,40590.9,40649.1,0
2020-10-23 12:15:00,1603435500,40652.4,40810.6,40650.2,40764.6,0
2020-10-23 13:15:00,1603439100,40765,40773.4,40681.8,40690.4,0
2020-10-23 14:15:00,1603442700,40689,40776.9,40649.3,40684,0
2020-10-23 15:15:00,1603446300,40681.3,40700.9,40655.9,40696.6,0
2020-10-26 09:15:00,1603683900,40649.8,40724.4,40495.4,40603.2,0
2020-10-26 10:15:00,1603687500,40601.1,40622.8,40536.9,40544.7,0
2020-10-26 11:15:00,1603691100,40543.9,40545.3,40299.8,40326,0
2020-10-26 12:15:00,1603694700,40329.2,40344.6,40107.9,40185.4,0
2020-10-26 13:15:00,1603698300,40186.4,40255.9,39948.3,40004.6,0
2020-10-26 14:15:00,1603701900,40003.2,40147.9,39971.5,40139,0
2020-10-26 15:15:00,1603705500,40139,40195.2,40125.4,40183.3,0
2020-10-27 09:15:00,1603770300,40199.1,40295.1,39978.4,40187,0
2020-10-27 10:15:00,1603773900,40184.8,40316.4,40113.2,40234.2,0
2020-10-27 11:15:00,1603777500,40234.6,40388,40179.4,40337.8,0
2020-10-27 12:15:00,1603781100,40338.5,40405.4,40234.3,40386.5,0
2020-10-27 13:15:00,1603784700,40386.8,40418.9,40321.8,40384.6,0
2020-10-27 14:15:00,1603788300,40387.1,40555.6,40386.7,40505.8,0
2020-10-27 15:15:00,1603791900,40507.8,40535.1,40490.7,40507.3,0
2020-10-28 09:15:00,1603856700,40664.4,40664.4,40390.4,40482.3,0
2020-10-28 10:15:00,1603860300,40479.6,40522,40207.5,40213,0
2020-10-28 11:15:00,1603863900,40216,40358.8,40214.1,40298.4,0
2020-10-28 12:15:00,1603867500,40298.3,40369,39932.2,39973.8,0
2020-10-28 13:15:00,1603871100,39975.3,40075.6,39774.6,39937,0
2020-10-28 14:15:00,1603874700,39935.2,40017.8,39872,39942.3,0
2020-10-28 15:15:00,1603878300,39943.3,39971.6,39913.4,39935.8,0
2020-10-29 09:15:00,1603943100,39537.2,39881.5,39524.2,39865.4,0
2020-10-29 10:15:00,1603946700,39864.5,39886.2,39669,39825.5,0
2020-10-29 11:15:00,1603950300,39825.6,40010.8,39729.8,39952.6,0
2020-10-29 12:15:00,1603953900,39950.7,39998.8,39683.1,39687.8,0
2020-10-29 13:15:00,1603957500,39676.9,39837.5,39603.5,39705.3,0
2020-10-29 14:15:00,1603961100,39708.1,39789,39542.5,39774.2,0
2020-10-29 15:15:00,1603964700,39773.4,39775.1,39716.9,39759,0
2020-10-30 09:15:00,1604029500,39779.8,39988.2,39636,39947.1,0
2020-10-30 10:15:00,1604033100,39949.7,39963.5,39583.4,39619.2,0
2020-10-30 11:15:00,1604036700,39618.7,39668.8,39326.3,39388.1,0
2020-10-30 12:15:00,1604040300,39388.3,39476.5,39241.9,39388.6,0
2020-10-30 13:15:00,1604043900,39387.3,39597,39379.7,39512.8,0
2020-10-30 14:15:00,1604047500,39509.9,39649.6,39446.5,39630.5,0
2020-10-30 15:15:00,1604051100,39632.4,39667.9,39607.2,39647.3,0
2020-11-02 09:15:00,1604288700,39880.4,39880.5,39334.9,39383.2,0
2020-11-02 10:15:00,1604292300,39383.4,39601.1,39383.4,39573.4,0
2020-11-02 11:15:00,1604295900,39573,39660.7,39493.6,39494.7,0
2020-11-02 12:15:00,1604299500,39493.8,39588.2,39408.4,39572.6,0
2020-11-02 13:15:00,1604303100,39575.3,39741.9,39518.1,39688,0
2020-11-02 14:15:00,1604306700,39688.6,39968,39686.8,39697.6,0
2020-11-02 15:15:00,1604310300,39706.9,39745,39637.5,39702.1,0
2020-11-03 09:15:00,1604375100,39990.8,40197.7,39952.8,40135.1,0
2020-11-03 10:15:00,1604378700,40141.9,40265.1,40112.6,40154,0
2020-11-03 11:15:00,1604382300,40155.8,40316,40118.5,40276.1,0
2020-11-03 12:15:00,1604385900,40274.3,40354.7,40170.6,40283.1,0
2020-11-03 13:15:00,1604389500,40280.1,40342.1,40205,40233.3,0
2020-11-03 14:15:00,1604393100,40229.6,40312.4,40151.8,40272.5,0
2020-11-03 15:15:00,1604396700,40274,40323.1,40242.1,40261.7,0
2020-11-04 09:15:00,1604461500,40171.7,40660.2,40108,40456,0
2020-11-04 10:15:00,1604465100,40459.6,40497.1,40314.6,40431.6,0
2020-11-04 11:15:00,1604468700,40432.8,40643.7,40388.9,40565.4,0
2020-11-04 12:15:00,1604472300,40564.6,40647.6,40193.8,40284.5,0
2020-11-04 13:15:00,1604475900,40281.8,40504.8,40076.5,40428.5,0
2020-11-04 14:15:00,1604479500,40428.2,40693.5,40428.2,40632.9,0
2020-11-04 15:15:00,1604483100,40634.1,40634.1,40532.1,40542.4,0
2020-11-05 09:15:00,1604547900,41112.1,41198.3,41030.2,41161.9,0
2020-11-05 10:15:00,1604551500,41165.5,41282.6,41106.4,41175.4,0
2020-11-05 11:15:00,1604555100,41178,41233.1,41141,41216.5,0
2020-11-05 12:15:00,1604558700,41215.8,41344,41154.7,41309.2,0
2020-11-05 13:15:00,1604562300,41310.6,41332.7,41180.2,41225.6,0
2020-11-05 14:15:00,1604565900,41225.5,41359.8,41214.4,41343.7,0
2020-11-05 15:15:00,1604569500,41344.8,41370.9,41328.9,41355.2,0
2020-11-06 09:15:00,1604634300,41438.8,41666.9,41383.3,41622.8,0
2020-11-06 10:15:00,1604637900,41625.8,41634.6,41448.4,41580.3,0
2020-11-06 11:15:00,1604641500,41583.1,41701.8,41551.6,41674.9,0
2020-11-06 12:15:00,1604645100,41671.4,41872.7,41655.9,41844.6,0
2020-11-06 13:15:00,1604648700,41846.7,41885,41765.4,41852,0
2020-11-06 14:15:00,1604652300,41850.7,41912.2,41660,41899.1,0
2020-11-06 15:15:00,1604655900,41898.6,41954.9,41874.1,41886.1,0
2020-11-09 09:15:00,1604893500,42274,42566.3,42274,42504.6,0
2020-11-09 10:15:00,1604897100,42498.6,42505.2,42329.1,42405.7,0
2020-11-09 11:15:00,1604900700,42402.9,42406.5,42267.3,42290.4,0
2020-11-09 12:15:00,1604904300,42294.4,42400.8,42263.6,42394.8,0
2020-11-09 13:15:00,1604907900,42392.8,42517.6,42362.7,42516.9,0
2020-11-09 14:15:00,1604911500,42514.7,42616.4,42470.1,42608,0
2020-11-09 15:15:00,1604915100,42615.1,42645.3,42595.1,42634.5,0
2020-11-10 09:15:00,1604979900,42959.2,42979.2,42660.1,42961.1,0
2020-11-10 10:15:00,1604983500,42955.7,43118.1,42872.2,43038.5,0
2020-11-10 11:15:00,1604987100,43036.2,43093.4,42929,43046.8,0
2020-11-10 12:15:00,1604990700,43047.6,43248.1,43002.3,43204.3,0
2020-11-10 13:15:00,1604994300,43213.2,43270.9,42928.7,42932.2,0
2020-11-10 14:15:00,1604997900,42937.4,43316.4,42896.8,43248.6,0
2020-11-10 15:15:00,1605001500,43248.6,43306.8,43237.6,43292.9,0
2020-11-11 09:15:00,1605066300,43444.1,43708.5,43347.6,43588.9,0
2020-11-11 10:15:00,1605069900,43587.3,43616.1,43224.3,43226.5,0
2020-11-11 11:15:00,1605073500,43220.5,43317.5,43028.5,43306.9,0
2020-11-11 12:15:00,1605077100,43305.3,43344.7,43144.8,43166.5,0
2020-11-11 13:15:00,1605080700,43159.7,43539.4,42970.2,43501.8,0
2020-11-11 14:15:00,1605084300,43496.8,43647.9,43450.4,43589.3,0
2020-11-11 15:15:00,1605087900,43586.6,43639.9,43584.9,43613.4,0
2020-11-12 09:15:00,1605152700,43291.9,43544,43290.6,43385.6,0
2020-11-12 10:15:00,1605156300,43392.2,43412.9,43250.3,43306.5,0
2020-11-12 11:15:00,1605159900,43307.3,43370.2,43265.2,43338.4,0
2020-11-12 12:15:00,1605163500,43335.4,43443.5,43217.2,43310.3,0
2020-11-12 13:15:00,1605167100,43311.3,43413.9,43127.6,43340.8,0
2020-11-12 14:15:00,1605170700,43343.6,43374.5,43181.4,43360.9,0
2020-11-12 15:15:00,1605174300,43359,43406.6,43342.2,43382.6,0
2020-11-13 09:15:00,1605239100,43298.9,43298.9,43053.4,43215.8,0
2020-11-13 10:15:00,1605242700,43218.9,43522.2,43214.7,43380.4,0
2020-11-13 11:15:00,1605246300,43380.2,43385.9,43242.2,43342.1,0
2020-11-13 12:15:00,1605249900,43342.6,43358.2,43213.4,43345.4,0
2020-11-13 13:15:00,1605253500,43344.3,43451.2,43266.9,43389.6,0
2020-11-13 14:15:00,1605257100,43389,43485.2,43322.4,43448.6,0
2020-11-13 15:15:00,1605260700,43454.3,43457.6,43415.1,43454.2,0
2020-11-14 18:15:00,1605357900,43815.4,43830.9,43535.8,43616.1,0
2020-11-17 09:15:00,1605584700,44095.9,44161.2,43851.4,43931.4,0
2020-11-17 10:15:00,1605588300,43933.6,43937,43714.8,43745.7,0
2020-11-17 11:15:00,1605591900,43747,43839.8,43699.2,43801.2,0
2020-11-17 12:15:00,1605595500,43802.8,43885.4,43733.7,43833.6,0
2020-11-17 13:15:00,1605599100,43832.9,43932,43814.8,43899.5,0
2020-11-17 14:15:00,1605602700,43901.1,43984.9,43807.9,43957.7,0
2020-11-17 15:15:00,1605606300,43958.1,43985.1,43930.2,43969.6,0
2020-11-18 09:15:00,1605671100,43978.6,44051.7,43816.1,43936.4,0
2020-11-18 10:15:00,1605674700,43935.6,44025.1,43838.1,43869.8,0
2020-11-18 11:15:00,1605678300,43868.3,43907,43785.8,43848.7,0
2020-11-18 12:15:00,1605681900,43849.3,43941,43804.6,43908.4,0
2020-11-18 13:15:00,1605685500,43908.3,44136,43873.6,44085,0
2020-11-18 14:15:00,1605689100,44083.2,44208.6,44042.2,44200.6,0
2020-11-18 15:15:00,1605692700,44200.6,44215.5,44175.2,44188.2,0
2020-11-19 09:15:00,1605757500,43902.2,44223,43821.4,44193,0
2020-11-19 10:15:00,1605761100,44192.1,44200.5,44033.8,44132,0
2020-11-19 11:15:00,1605764700,44136.1,44216.1,44120.7,44189.6,0
2020-11-19 12:15:00,1605768300,44189,44230,44049.4,44113,0
2020-11-19 13:15:00,1605771900,44109.7,44133.2,43882.4,43912.9,0
2020-11-19 14:15:00,1605775500,43914.9,43915.3,43518.1,43609.2,0
2020-11-19 15:15:00,1605779100,43612.6,43624.9,43543.9,43583.9,0
2020-11-20 09:15:00,1605843900,43732.1,43889.4,43648.8,43798.9,0
2020-11-20 10:15:00,1605847500,43799.4,43846.9,43498.3,43509.3,0
2020-11-20 11:15:00,1605851100,43507.4,43677.4,43453.8,43654.5,0
2020-11-20 12:15:00,1605854700,43650.2,43785.9,43515.6,43748.6,0
2020-11-20 13:15:00,1605858300,43745.6,43986.1,43602.1,43933.6,0
2020-11-20 14:15:00,1605861900,43932.5,44013,43837.8,43909.1,0
2020-11-20 15:15:00,1605865500,43910.4,43919.3,43828.3,43844.7,0
2020-11-23 09:15:00,1606103100,44164.2,44271.1,43817.2,43936.3,0
2020-11-23 10:15:00,1606106700,43933.2,43992.4,43747.2,43905.5,0
2020-11-23 11:15:00,1606110300,43903.8,44061.5,43856.1,43932.1,0
2020-11-23 12:15:00,1606113900,43929.1,44103.5,43899.5,43995.1,0
2020-11-23 13:15:00,1606117500,43995.3,44234.8,43979.6,44186.8,0
2020-11-23 14:15:00,1606121100,44183.7,44199,44045.6,44103.8,0
2020-11-23 15:15:00,1606124700,44109.1,44109.9,44027.2,44078.9,0
2020-11-24 09:15:00,1606189500,44341.2,44487.6,44247.1,44441.5,0
2020-11-24 10:15:00,1606193100,44441.3,44499.6,44363.2,44376.9,0
2020-11-24 11:15:00,1606196700,44378,44430.2,44304,44375.2,0
2020-11-24 12:15:00,1606200300,44378.9,44452.6,44348.3,44421.3,0
2020-11-24 13:15:00,1606203900,44418.8,44524.4,44384.3,44493.5,0
2020-11-24 14:15:00,1606207500,44492.7,44572,44470.9,44502.2,0
2020-11-24 15:15:00,1606211100,44504.6,44596.7,44497.4,44591.5,0
2020-11-25 09:15:00,1606275900,44749.7,44825.4,44599.2,44642.2,0
2020-11-25 10:15:00,1606279500,44638.3,44654.1,44258.1,44276.3,0
2020-11-25 11:15:00,1606283100,44271.2,44377.9,44191,44280.4,0
2020-11-25 12:15:00,1606286700,44278.2,44443.2,44200.1,44438.7,0
2020-11-25 13:15:00,1606290300,44438.8,44438.8,43845.9,43887.1,0
2020-11-25 14:15:00,1606293900,43887.9,44030.9,43787.2,43831.8,0
2020-11-25 15:15:00,1606297500,43846.1,43883.9,43758,43843.4,0
2020-11-26 09:15:00,1606362300,43967.6,44023.3,43655.6,43742.8,0
2020-11-26 10:15:00,1606365900,43742.8,43852.4,43708.8,43764,0
2020-11-26 11:15:00,1606369500,43763.4,43800.9,43582.4,43615.3,0
2020-11-26 12:15:00,1606373100,43614.7,44040.6,43597.7,43976.9,0
2020-11-26 13:15:00,1606376700,43984,44111.7,43858.4,44076,0
2020-11-26 14:15:00,1606380300,44076.6,44291.8,43961.8,44249.1,0
2020-11-26 15:15:00,1606383900,44248.9,44361.8,44242.2,44359.6,0
2020-11-27 09:15:00,1606448700,44325,44407.3,44106.6,44185.2,0
2020-11-27 10:15:00,1606452300,44183.3,44258.4,44096.6,44122.4,0
2020-11-27 11:15:00,1606455900,44122,44251.3,44071.6,44196.9,0
2020-11-27 12:15:00,1606459500,44195.7,44372.9,44172.3,44181.7,0
2020-11-27 13:15:00,1606463100,44178.5,44296.4,44118.5,44218.3,0
2020-11-27 14:15:00,1606466700,44216.7,44249.9,43995.4,44209,0
2020-11-27 15:15:00,1606470300,44210.8,44221.4,44057,44060.8,0
2020-12-01 09:15:00,1606794300,44418,44398.1,44125.9,44387.7,0
2020-12-01 10:15:00,1606797900,44390,44565.7,44371.1,44558.7,0
2020-12-01 11:15:00,1606801500,44559.1,44597.9,44516.3,44540,0
2020-12-01 12:15:00,1606805100,44542.7,44613.3,44453.3,44587.7,0
2020-12-01 13:15:00,1606808700,44587.2,44723.1,44521.7,44701.7,0
2020-12-01 14:15:00,1606812300,44697.7,44730.8,44648.1,44656.8,0
2020-12-01 15:15:00,1606815900,44655.2,44648.7,44598.9,44619.4,0
2020-12-02 09:15:00,1606880700,44729.5,44729.6,44476.4,44497.6,0
2020-12-02 10:15:00,1606884300,44496.7,44569.2,44454.9,44518.4,0
2020-12-02 11:15:00,1606887900,44518.3,44533.7,44409,44492,0
2020-12-02 12:15:00,1606891500,44494.1,44587.4,44335,44343.4,0
2020-12-02 13:15:00,1606895100,44338.9,44384,44170,44254.7,0
2020-12-02 14:15:00,1606898700,44255.6,44644.8,44203.9,44642.5,0
2020-12-02 15:15:00,1606902300,44643.1,44649.2,44575.1,44589.6,0
2020-12-03 09:15:00,1606967100,44902,44953,44705,44757,0
2020-12-03 10:15:00,1606970700,44761.1,44848.7,44694.4,44764.4,0
2020-12-03 11:15:00,1606974300,44764.3,44775.1,44668.2,44691.3,0
2020-12-03 12:15:00,1606977900,44689.3,44736.4,44570.4,44642.5,0
2020-12-03 13:15:00,1606981500,44641.2,44719.2,44592.4,44667.1,0
2020-12-03 14:15:00,1606985100,44665.3,44709.7,44551.4,44646.1,0
2020-12-03 15:15:00,1606988700,44641.9,44654.4,44595.9,44647.3,0
2020-12-04 09:15:00,1607053500,44665.9,44959,44665.9,44943.1,0
2020-12-04 10:15:00,1607057100,44945.7,45033.2,44912,44966,0
2020-12-04 11:15:00,1607060700,44964.1,44982,44855.1,44904.8,0
2020-12-04 12:15:00,1607064300,44906.3,44918.7,44720.3,44866.9,0
2020-12-04 13:15:00,1607067900,44868.3,44945.2,44804.6,44847.7,0
2020-12-04 14:15:00,1607071500,44846.7,45081.7,44846.5,45072.8,0
2020-12-04 15:15:00,1607075100,45071.7,45148.3,45057.2,45128.4,0
2020-12-07 09:15:00,1607312700,45099.9,45291.6,45024.5,45192.2,0
2020-12-07 10:15:00,1607316300,45197.4,45238,45129.1,45169,0
2020-12-07 11:15:00,1607319900,45168.7,45316.9,45149.1,45295.2,0
2020-12-07 12:15:00,1607323500,45294.5,45377.4,45265.9,45345.1,0
2020-12-07 13:15:00,1607327100,45346.4,45418.3,45197.6,45277.2,0
2020-12-07 14:15:00,1607330700,45277.3,45458.9,45248,45434.8,0
2020-12-07 15:15:00,1607334300,45432.4,45438.5,45401.7,45428.7,0
2020-12-08 09:15:00,1607399100,45568.8,45728.9,45459.7,45679.6,0
2020-12-08 10:15:00,1607402700,45681.8,45726.6,45450.4,45557,0
2020-12-08 11:15:00,1607406300,45555.3,45579.2,45335.2,45437.1,0
2020-12-08 12:15:00,1607409900,45440.5,45620.7,45377.7,45564.9,0
2020-12-08 13:15:00,1607413500,45567.1,45667,45532.6,45625.2,0
2020-12-08 14:15:00,1607417100,45620.7,45742.2,45585.7,45597.9,0
2020-12-08 15:15:00,1607420700,45592.3,45619.7,45558.9,45580.6,0
2020-12-09 09:15:00,1607485500,45891.04,45926,45792,45919.9,0
2020-12-09 10:15:00,1607489100,45918.9,45965,45854.9,45939.2,0
2020-12-09 11:15:00,1607492700,45939.7,45990,45915.3,45929.9,0
2020-12-09 12:15:00,1607496300,45927.7,45968.3,45866.3,45952.2,0
2020-12-09 13:15:00,1607499900,45954.4,46147.6,45944.6,46145.8,0
2020-12-09 14:15:00,1607503500,46145.8,46164.1,46045.1,46124.1,0
2020-12-09 15:15:00,1607507100,46124.7,46144,46091.2,46127.6,0
2020-12-10 09:15:00,1607571900,45999.4,46002,45710.9,45768.2,0
2020-12-10 10:15:00,1607575500,45767.2,45885.7,45744.9,45856.6,0
2020-12-10 11:15:00,1607579100,45855.1,45875.9,45685.9,45755.1,0
2020-12-10 12:15:00,1607582700,45753.5,45834.9,45732.3,45808.9,0
2020-12-10 13:15:00,1607586300,45808.1,45848,45705.4,45748.1,0
2020-12-10 14:15:00,1607589900,45744.7,46044,45721.2,45931.7,0
2020-12-10 15:15:00,1607593500,45933,45986.4,45930.9,45952.4,0
2020-12-11 09:15:00,1607658300,46060.3,46263.6,46024.8,46242.2,0
2020-12-11 10:15:00,1607661900,46244.2,46309.6,46198,46223.1,0
2020-12-11 11:15:00,1607665500,46218.6,46233.3,46116.7,46206.8,0
2020-12-11 12:15:00,1607669100,46201.9,46280.1,46184.9,46203.1,0
2020-12-11 13:15:00,1607672700,46204.1,46216.8,45854.1,45855.2,0
2020-12-11 14:15:00,1607676300,45861.6,46114.2,45706.2,46110.1,0
2020-12-11 15:15:00,1607679900,46106.7,46151.4,46068.7,46079.9,0
2020-12-14 09:15:00,1607917500,46284.7,46373.3,46165.6,46193.3,0
2020-12-14 10:15:00,1607921100,46195.9,46236.8,46068.9,46128,0
2020-12-14 11:15:00,1607924700,46127.4,46153.6,46056.6,46129.6,0
2020-12-14 12:15:00,1607928300,46129.1,46183.5,45951.5,46183.5,0
2020-12-14 13:15:00,1607931900,46180.4,46245,46064.7,46208.2,0
2020-12-14 14:15:00,1607935500,46208.4,46299,46178.4,46276.7,0
2020-12-14 15:15:00,1607939100,46278.7,46288.3,46237.5,46245.9,0
2020-12-15 09:15:00,1608003900,46287.4,46287.4,45869.9,45911.2,0
2020-12-15 10:15:00,1608007500,45915.4,45985.6,45841.7,45919.9,0
2020-12-15 11:15:00,1608011100,45916.4,46095.2,45914.3,46089.2,0
2020-12-15 12:15:00,1608014700,46089.2,46173.5,46023,46171.9,0
2020-12-15 13:15:00,1608018300,46172.9,46310.2,46086.9,46278.9,0
2020-12-15 14:15:00,1608021900,46283,46350.3,46222.9,46284.8,0
2020-12-15 15:15:00,1608025500,46284.5,46299.3,46240.4,46276.6,0
2020-12-16 09:15:00,1608090300,46573.3,46599,46479.1,46501.6,0
2020-12-16 10:15:00,1608093900,46498.1,46588.8,46478.1,46531.4,0
2020-12-16 11:15:00,1608097500,46531.9,46565.2,46501.9,46543.2,0
2020-12-16 12:15:00,1608101100,46547.8,46571.8,46402.2,46527.3,0
2020-12-16 13:15:00,1608104700,46526.9,46693.9,46502.5,46683.9,0
2020-12-16 14:15:00,1608108300,46683.9,46705,46598.7,46665.6,0
2020-12-16 15:15:00,1608111900,46673.5,46689.1,46622.4,46635.9,0
2020-12-17 09:15:00,1608176700,46774.3,46812.4,46627.6,46760.9,0
2020-12-17 10:15:00,1608180300,46761,46807.8,46733.6,46803.8,0
2020-12-17 11:15:00,1608183900,46804.6,46828,46750.5,46821.3,0
2020-12-17 12:15:00,1608187500,46819.6,46876.8,46806.4,46876.1,0
2020-12-17 13:15:00,1608191100,46877.2,46992.6,46856.4,46968.6,0
2020-12-17 14:15:00,1608194700,46972.6,46989,46823.8,46912.8,0
2020-12-17 15:15:00,1608198300,46912.2,46912.9,46852.5,46879.9,0
2020-12-18 09:15:00,1608263100,47026,47026,46630.3,46755.1,0
2020-12-18 10:15:00,1608266700,46753.1,46816.1,46704.6,46778.4,0
2020-12-18 11:15:00,1608270300,46779.4,46816.7,46721.1,46775.8,0
2020-12-18 12:15:00,1608273900,46775.6,46794.5,46701.4,46762.4,0
2020-12-18 13:15:00,1608277500,46762.9,46928.6,46746.8,46926.4,0
2020-12-18 14:15:00,1608281100,46924.4,46978.2,46839.4,46973.9,0
2020-12-18 15:15:00,1608284700,46973,46996.3,46878.8,46894.5,0
2020-12-21 09:15:00,1608522300,46932.2,47011.7,46693.9,46975.8,0
2020-12-21 10:15:00,1608525900,46973.1,47055.7,46886.9,46887,0
2020-12-21 11:15:00,1608529500,46888.9,46963.1,46844.9,46873.4,0
2020-12-21 12:15:00,1608533100,46873.4,46918.8,46593.2,46694.6,0
2020-12-21 13:15:00,1608536700,46692.3,46742.7,46312.2,46426.8,0
2020-12-21 14:15:00,1608540300,46427.3,46438.3,44923.1,45595.2,0
2020-12-21 15:15:00,1608543900,45597.8,45632.2,45391.8,45420.5,0
2020-12-22 09:15:00,1608608700,45529.6,45938.4,45140.8,45472.6,0
2020-12-22 10:15:00,1608612300,45470.2,45593.9,45324.9,45324.9,0
2020-12-22 11:15:00,1608615900,45325.4,45363.5,45149.6,45252.8,0
2020-12-22 12:15:00,1608619500,45245,45450.6,45112.2,45392.9,0
2020-12-22 13:15:00,1608623100,45387.2,45887.1,45343,45886.3,0
2020-12-22 14:15:00,1608626700,45892.5,46067,45785.2,46022.1,0
2020-12-22 15:15:00,1608630300,46031.6,46080.2,45986.6,46001.6,0
2020-12-23 09:15:00,1608695100,46072.3,46238.4,45899.1,46092.2,0
2020-12-23 10:15:00,1608698700,46093.8,46265.4,46089.1,46204.6,0
2020-12-23 11:15:00,1608702300,46205.7,46282.6,46140.3,46252.3,0
2020-12-23 12:15:00,1608705900,46250.8,46342.3,46176.6,46268.7,0
2020-12-23 13:15:00,1608709500,46265,46352.9,46231.7,46287.9,0
2020-12-23 14:15:00,1608713100,46288.8,46460,46284.6,46456.6,0
2020-12-23 15:15:00,1608716700,46455.7,46513.3,46437.4,46471.6,0
2020-12-24 09:15:00,1608781500,46743.5,46892.2,46615.4,46892.2,0
2020-12-24 10:15:00,1608785100,46891.7,46912.2,46636.7,46640.7,0
2020-12-24 11:15:00,1608788700,46638,46719.1,46539,46695.7,0
2020-12-24 12:15:00,1608792300,46693.1,46829.6,46684.4,46765.6,0
2020-12-24 13:15:00,1608795900,46766.4,46919.9,46726.2,46896.3,0
2020-12-24 14:15:00,1608799500,46891.8,47053.4,46853.3,46975.6,0
2020-12-24 15:15:00,1608803100,46979.1,46984.9,46916.6,46937.4,0
2020-12-28 09:15:00,1609127100,47153.6,47354.7,47152,47262.7,0
2020-12-28 10:15:00,1609130700,47261,47270.3,47148.2,47196.7,0
2020-12-28 11:15:00,1609134300,47204.5,47290.2,47187.6,47285.2,0
2020-12-28 12:15:00,1609137900,47283.6,47360.1,47280.8,47350.5,0
2020-12-28 13:15:00,1609141500,47346.5,47362.2,47275.5,47329.2,0
2020-12-28 14:15:00,1609145100,47330,47406.7,47258,47348.1,0
2020-12-28 15:15:00,1609148700,47348.1,47396,47321,47381.5,0
2020-12-29 09:15:00,1609213500,47466.6,47714.6,47466.6,47667.9,0
2020-12-29 10:15:00,1609217100,47666.4,47674.5,47361.9,47512.4,0
2020-12-29 11:15:00,1609220700,47512.5,47539.3,47406.7,47470,0
2020-12-29 12:15:00,1609224300,47472.1,47619.3,47441.8,47594.1,0
2020-12-29 13:15:00,1609227900,47593.6,47629.7,47522.9,47572.9,0
2020-12-29 14:15:00,1609231500,47573.6,47632.6,47495,47606.5,0
2020-12-29 15:15:00,1609235100,47607.1,47622.7,47551.8,47599.1,0
2020-12-30 09:15:00,1609299900,47789,47807.9,47462,47578.2,0
2020-12-30 10:15:00,1609303500,47578.5,47669.5,47468.8,47620.1,0
2020-12-30 11:15:00,1609307100,47623.5,47641.8,47534.3,47583.9,0
2020-12-30 12:15:00,1609310700,47584.4,47584.4,47358.4,47519.1,0
2020-12-30 13:15:00,1609314300,47520.6,47710.5,47480.2,47649.3,0
2020-12-30 14:15:00,1609317900,47639.7,47783.6,47638.4,47760,0
2020-12-30 15:15:00,1609321500,47762.7,47786.3,47696.5,47707.2,0
2020-12-31 09:15:00,1609386300,47753.1,47804.2,47602.1,47783,0
2020-12-31 10:15:00,1609389900,47783.6,47865.6,47737.2,47780.1,0
2020-12-31 11:15:00,1609393500,47780.9,47830.7,47705.6,47721.6,0
2020-12-31 12:15:00,1609397100,47724.1,47823,47684.3,47786.3,0
2020-12-31 13:15:00,1609400700,47786.1,47897,47736.1,47794.7,0
2020-12-31 14:15:00,1609404300,47792.3,47824.6,47667.6,47754.6,0
2020-12-31 15:15:00,1609407900,47759.8,47767.3,47688.8,47713.2,0
2021-01-01 09:15:00,1609472700,47772.9,47946.7,47772.9,47910.7,0
2021-01-01 10:15:00,1609476300,47911.1,47947.6,47894.9,47918.4,0
2021-01-01 11:15:00,1609479900,47919.4,47938.7,47840.5,47903.8,0
2021-01-01 12:15:00,1609483500,47904.6,47958.6,47882.4,47927.3,0
2021-01-01 13:15:00,1609487100,47928.1,47963,47892.8,47958.3,0
2021-01-01 14:15:00,1609490700,47956.6,47980.4,47859.1,47863,0
2021-01-01 15:15:00,1609494300,47861.7,47884.6,47837,47847.5,0
2021-01-04 09:15:00,1609731900,48109.2,48168.2,48046,48064.8,0
2021-01-04 10:15:00,1609735500,48063.3,48097.4,47594.5,47816,0
2021-01-04 11:15:00,1609739100,47817.9,47953,47761,47948.1,0
2021-01-04 12:15:00,1609742700,47946.9,48043.7,47905.8,48030.5,0
2021-01-04 13:15:00,1609746300,48029.6,48149.2,47998.6,48074.1,0
2021-01-04 14:15:00,1609749900,48072.4,48194.2,47984,48157.9,0
2021-01-04 15:15:00,1609753500,48156.2,48220.5,48143.2,48214.2,0
2021-01-05 09:15:00,1609818300,48037.6,48129.8,47903.4,47993.3,0
2021-01-05 10:15:00,1609821900,47994.3,48191.5,47920.8,48173.5,0
2021-01-05 11:15:00,1609825500,48173.4,48234,48148.9,48225.5,0
2021-01-05 12:15:00,1609829100,48224.8,48283.1,48194.5,48209.5,0
2021-01-05 13:15:00,1609832700,48213.2,48359.5,48062,48340.2,0
2021-01-05 14:15:00,1609836300,48334.4,48478.7,48274.6,48472.2,0
2021-01-05 15:15:00,1609839900,48471.2,48486.2,48422.1,48441.2,0
2021-01-06 09:15:00,1609904700,48616.7,48616.7,48329.6,48391.6,0
2021-01-06 10:15:00,1609908300,48393.2,48483.2,48371.5,48450.1,0
2021-01-06 11:15:00,1609911900,48451.8,48463.5,48313.9,48350.2,0
2021-01-06 12:15:00,1609915500,48348.8,48438.6,48301.3,48303,0
2021-01-06 13:15:00,1609919100,48306.2,48377.3,47864.1,47969.4,0
2021-01-06 14:15:00,1609922700,47966.4,48246.8,47946.8,48185.6,0
2021-01-06 15:15:00,1609926300,48185.3,48208.4,48091.6,48147,0
2021-01-07 09:15:00,1609991100,48524.4,48558.3,48310.1,48349.3,0
2021-01-07 10:15:00,1609994700,48346.6,48380.1,48209.3,48284.8,0
2021-01-07 11:15:00,1609998300,48284.5,48321.7,48254,48300.2,0
2021-01-07 12:15:00,1610001900,48298.6,48380.4,48271.7,48350.3,0
2021-01-07 13:15:00,1610005500,48347.5,48374.2,48178.7,48268.4,0
2021-01-07 14:15:00,1610009100,48274.5,48285.9,48047.6,48085.5,0
2021-01-07 15:15:00,1610012700,48082.7,48143.3,48037.9,48143.3,0
2021-01-08 09:15:00,1610077500,48464.9,48503.7,48365.6,48447.2,0
2021-01-08 10:15:00,1610081100,48447.2,48564.6,48444.4,48502.8,0
2021-01-08 11:15:00,1610084700,48498.6,48580,48463.1,48557.4,0
2021-01-08 12:15:00,1610088300,48560.7,48604.9,48546.3,48573.8,0
2021-01-08 13:15:00,1610091900,48566.9,48603.3,48479.8,48574.4,0
2021-01-08 14:15:00,1610095500,48570.1,48828.1,48491.1,48825.9,0
2021-01-08 15:15:00,1610099100,48822.4,48854.3,48777.2,48784.5,0
2021-01-11 09:15:00,1610336700,49252.3,49269,49015.2,49148.5,0
2021-01-11 10:15:00,1610340300,49150.4,49197,48956.4,49159.6,0
2021-01-11 11:15:00,1610343900,49162.9,49162.9,48988.7,49118.6,0
2021-01-11 12:15:00,1610347500,49116.7,49173.4,49073.7,49146.4,0
2021-01-11 13:15:00,1610351100,49141.4,49244.8,49117,49203.9,0
2021-01-11 14:15:00,1610354700,49203.7,49296.5,49148.7,49281.1,0
2021-01-11 15:15:00,1610358300,49285,49303.8,49254.8,49261.6,0
2021-01-12 09:15:00,1610423100,49228.3,49267.1,49082,49102.1,0
2021-01-12 10:15:00,1610426700,49101.1,49215.7,49079.6,49210.1,0
2021-01-12 11:15:00,1610430300,49218.4,49328.5,49187.4,49294.6,0
2021-01-12 12:15:00,1610433900,49291.5,49434.1,49280.4,49425.3,0
2021-01-12 13:15:00,1610437500,49428.1,49543.4,49404.8,49514.6,0
2021-01-12 14:15:00,1610441100,49513.3,49569.1,49475.2,49535.9,0
2021-01-12 15:15:00,1610444700,49535.3,49561.7,49487.6,49546.6,0
2021-01-13 09:15:00,1610509500,49763.93,49795.01,49677.4,49689.11,0
2021-01-13 10:15:00,1610513100,49689.26,49740.16,49562.78,49608.03,0
2021-01-13 11:15:00,1610516700,49608.38,49613.89,49351.97,49467.95,0
2021-01-13 12:15:00,1610520300,49469.68,49569.4,49387.03,49408.67,0
2021-01-13 13:15:00,1610523900,49409.2,49795.2,49073.9,49267.7,0
2021-01-13 14:15:00,1610527500,49267.9,49537.9,49217.3,49525.5,0
2021-01-13 15:15:00,1610531100,49525.7,49534.7,49411.6,49471.7,0
2021-01-14 09:15:00,1610595900,49432.8,49487.9,49182.4,49309.1,0
2021-01-14 10:15:00,1610599500,49309.8,49534.9,49277.4,49505.8,0
2021-01-14 11:15:00,1610603100,49505.9,49576.5,49460.6,49517.7,0
2021-01-14 12:15:00,1610606700,49518.2,49621.3,49470.7,49567.4,0
2021-01-14 13:15:00,1610610300,49558.1,49663.6,49499.7,49579.2,0
2021-01-14 14:15:00,1610613900,49581.2,49643.2,49530,49552.8,0
2021-01-14 15:15:00,1610617500,49557.5,49637.2,49550.6,49599.2,0
2021-01-15 09:15:00,1610682300,49656.7,49656.7,49182.4,49390.7,0
2021-01-15 10:15:00,1610685900,49386.6,49421.5,49129,49195.1,0
2021-01-15 11:15:00,1610689500,49196.3,49299.3,49088,49273.9,0
2021-01-15 12:15:00,1610693100,49273.5,49404.7,49230.3,49339.1,0
2021-01-15 13:15:00,1610696700,49340.6,49385.8,48920.9,48955.5,0
2021-01-15 14:15:00,1610700300,48954.4,49118.8,48795.8,49031.5,0
2021-01-15 15:15:00,1610703900,49033,49081.3,49022,49051.9,0
2021-01-18 09:15:00,1610941500,49061.2,49122.2,48691.6,48791.8,0
2021-01-18 10:15:00,1610945100,48791.8,48794.2,48557.8,48762.1,0
2021-01-18 11:15:00,1610948700,48760.1,48819.4,48525.6,48634.2,0
2021-01-18 12:15:00,1610952300,48636.1,48719.7,48588.1,48689.9,0
2021-01-18 13:15:00,1610955900,48687.6,48997.6,48557.1,48986.3,0
2021-01-18 14:15:00,1610959500,48985.3,48997.7,48596.2,48599.8,0
2021-01-18 15:15:00,1610963100,48600.8,48625.6,48404,48414.5,0
2021-01-19 09:15:00,1611027900,48900.3,49059.8,48805.5,49010.2,0
2021-01-19 10:15:00,1611031500,49011.4,49164.8,48976.1,49090.9,0
2021-01-19 11:15:00,1611035100,49086.9,49237.1,49057.4,49214.1,0
2021-01-19 12:15:00,1611038700,49215.2,49295.9,49179.9,49271.3,0
2021-01-19 13:15:00,1611042300,49271.2,49374.5,49242.3,49325.5,0
2021-01-19 14:15:00,1611045900,49330.7,49499.9,49313.3,49415.7,0
2021-01-19 15:15:00,1611049500,49414.9,49417.7,49349.3,49414.8,0
2021-01-20 09:15:00,1611114300,49508.8,49607.1,49373.7,49557,0
2021-01-20 10:15:00,1611117900,49557.9,49722.6,49538.7,49672.7,0
2021-01-20 11:15:00,1611121500,49672.1,49706.3,49621.3,49660.1,0
2021-01-20 12:15:00,1611125100,49662.5,49676.3,49511.7,49652.4,0
2021-01-20 13:15:00,1611128700,49650.1,49759.8,49609.9,49754.7,0
2021-01-20 14:15:00,1611132300,49753.2,49874.4,49751.2,49792.6,0
2021-01-20 15:15:00,1611135900,49791.2,49819.1,49705,49748.5,0
2021-01-21 09:15:00,1611200700,50096.6,50126.7,49964,50074.2,0
2021-01-21 10:15:00,1611204300,50073.2,50140.1,50034.4,50130.8,0
2021-01-21 11:15:00,1611207900,50129.4,50149.5,50080.5,50110.1,0
2021-01-21 12:15:00,1611211500,50108.2,50167.7,50092.8,50139.9,0
2021-01-21 13:15:00,1611215100,50141.5,50184,49987.5,50008.5,0
2021-01-21 14:15:00,1611218700,50006.2,50080,49398.9,49616.1,0
2021-01-21 15:15:00,1611222300,49621.4,49775.9,49619,49772.9,0
2021-01-22 09:15:00,1611287100,49594.9,49663.7,49361.2,49601.4,0
2021-01-22 10:15:00,1611290700,49607.5,49676.9,49255.2,49286.7,0
2021-01-22 11:15:00,1611294300,49289.6,49410.6,49139.2,49314.3,0
2021-01-22 12:15:00,1611297900,49307.6,49347.4,48979,48983.6,0
2021-01-22 13:15:00,1611301500,48980.1,49142.6,48894.6,48995,0
2021-01-22 14:15:00,1611305100,48994.9,49256.8,48834.6,48861.1,0
2021-01-22 15:15:00,1611308700,48856.1,48918.8,48832.1,48864.8,0
2021-01-25 09:15:00,1611546300,49253.7,49263.1,48512,48896.9,0
2021-01-25 10:15:00,1611549900,48898.1,49100.2,48808.2,48990.9,0
2021-01-25 11:15:00,1611553500,48993.5,49000.5,48690.8,48798.4,0
2021-01-25 12:15:00,1611557100,48791.4,48922.1,48752.7,48913.8,0
2021-01-25 13:15:00,1611560700,48920.2,48957.9,48524.6,48629.5,0
2021-01-25 14:15:00,1611564300,48631.7,48652.6,48313.3,48357.8,0
2021-01-25 15:15:00,1611567900,48356.1,48395.1,48274.9,48394.7,0
2021-01-27 09:15:00,1611719100,48385.3,48387.2,47940,48091.1,0
2021-01-27 10:15:00,1611722700,48091.5,48091.5,47883,48013.2,0
2021-01-27 11:15:00,1611726300,48007.6,48082.91,47786.27,47799.46,0
2021-01-27 12:15:00,1611729900,47799.47,47865.87,47709.08,47736.31,0
2021-01-27 13:15:00,1611733500,47736.28,47772.24,47428.83,47439.49,0
2021-01-27 14:15:00,1611737100,47437.44,47542.4,47269.6,47409.8,0
2021-01-27 15:15:00,1611740700,47411.2,47458.2,47386.4,47415.5,0
2021-01-28 09:15:00,1611805500,46834.6,47172,46821.2,47060.3,0
2021-01-28 10:15:00,1611809100,47061,47124.4,46870.3,47030.4,0
2021-01-28 11:15:00,1611812700,47032.9,47040.8,46829.5,46858.9,0
2021-01-28 12:15:00,1611816300,46854.9,46956.6,46518.5,46600.5,0
2021-01-28 13:15:00,1611819900,46604.6,46965.4,46603.4,46819.4,0
2021-01-28 14:15:00,1611823500,46817.9,46935.1,46662.1,46881.2,0
2021-01-28 15:15:00,1611827100,46886.9,46920.7,46847.9,46896.9,0
2021-01-29 09:15:00,1611891900,47423.5,47423.7,46884.9,46983.6,0
2021-01-29 10:15:00,1611895500,46984.1,47063.2,46738.7,47040.8,0
2021-01-29 11:15:00,1611899100,47035.4,47036.9,46741.6,46772.7,0
2021-01-29 12:15:00,1611902700,46771.2,46946.8,46669.7,46714.9,0
2021-01-29 13:15:00,1611906300,46711.7,46829.7,46564.2,46818.6,0
2021-01-29 14:15:00,1611909900,46822.2,47068.9,46176.6,46246.1,0
2021-01-29 15:15:00,1611913500,46245.2,46411,46160.5,46388,0
2021-02-01 09:15:00,1612151100,46617.9,46777.6,46433.6,46742.2,0
2021-02-01 10:15:00,1612154700,46743.8,46889.8,46654.8,46786.5,0
2021-02-01 11:15:00,1612158300,46785.2,47263.3,46780.9,46950.8,0
2021-02-01 12:15:00,1612161900,46915.4,48004.7,46800.6,47685.1,0
2021-02-01 13:15:00,1612165500,47696.6,48381.6,47688.1,48137,0
2021-02-01 14:15:00,1612169100,48125.9,48641.2,48045.1,48541.1,0
2021-02-01 15:15:00,1612172700,48535.4,48759.4,48520.8,48752.7,0
2021-02-02 09:15:00,1612237500,49193.3,50154.5,49193.3,49870.1,0
2021-02-02 10:15:00,1612241100,49880.4,49908.7,49351.1,49646.5,0
2021-02-02 11:15:00,1612244700,49644.4,49720.1,49376.9,49642.6,0
2021-02-02 12:15:00,1612248300,49644.2,49766.8,49485.6,49693.6,0
2021-02-02 13:15:00,1612251900,49694,49820.6,49548.9,49802.3,0
2021-02-02 14:15:00,1612255500,49799.7,49952.1,49634,49778.2,0
2021-02-02 15:15:00,1612259100,49786.4,49885.6,49758.9,49874,0
2021-02-03 09:15:00,1612323900,50231.1,50231.4,49515.9,50124,0
2021-02-03 10:15:00,1612327500,50133.3,50360.9,50133.3,50258.3,0
2021-02-03 11:15:00,1612331100,50263,50377.5,50230,50308.5,0
2021-02-03 12:15:00,1612334700,50310.4,50496.5,50304.6,50450.2,0
2021-02-03 13:15:00,1612338300,50451.3,50526.4,50282.5,50337.4,0
2021-02-03 14:15:00,1612341900,50335.5,50491.5,50151.4,50259.1,0
2021-02-03 15:15:00,1612345500,50264.2,50292.9,50207,50221.5,0
2021-02-04 09:15:00,1612410300,50212.2,50250.2,49995.7,50078.9,0
2021-02-04 10:15:00,1612413900,50081.1,50185.5,49926.4,50169.6,0
2021-02-04 11:15:00,1612417500,50172.2,50379.7,50172.2,50324.7,0
2021-02-04 12:15:00,1612421100,50324.9,50474.2,50288,50371.4,0
2021-02-04 13:15:00,1612424700,50369.6,50637.4,50314.1,50633.4,0
2021-02-04 14:15:00,1612428300,50628.9,50687.5,50501.1,50586.2,0
2021-02-04 15:15:00,1612431900,50581.1,50640.1,50556.5,50581.8,0
2021-02-05 09:15:00,1612496700,51031.4,51073.3,50775,50860.3,0
2021-02-05 10:15:00,1612500300,50862.4,50958.3,50565.3,50831.2,0
2021-02-05 11:15:00,1612503900,50830.5,50981.7,50830,50936.4,0
2021-02-05 12:15:00,1612507500,50935.3,50954.2,50690.9,50698.4,0
2021-02-05 13:15:00,1612511100,50705.2,50883.7,50616.6,50834.8,0
2021-02-05 14:15:00,1612514700,50837.1,50871.7,50640.7,50704.2,0
2021-02-05 15:15:00,1612518300,50705.8,50787.8,50696.3,50785.3,0
2021-02-08 09:15:00,1612755900,51146.7,51409.4,51146.7,51364.9,0
2021-02-08 10:15:00,1612759500,51369.5,51472.7,51354.1,51385.6,0
2021-02-08 11:15:00,1612763100,51392.7,51430.6,51259.7,51294.7,0
2021-02-08 12:15:00,1612766700,51297.4,51414.4,51181.6,51410.2,0
2021-02-08 13:15:00,1612770300,51411,51521.1,51336.5,51457.3,0
2021-02-08 14:15:00,1612773900,51452.8,51523.4,51289.8,51342,0
2021-02-08 15:15:00,1612777500,51339.2,51396.4,51302.7,51396.4,0
2021-02-09 09:15:00,1612842300,51484.2,51606.2,51377.7,51478.5,0
2021-02-09 10:15:00,1612845900,51475,51692.7,51443.7,51662.8,0
2021-02-09 11:15:00,1612849500,51669.2,51753.4,51627.4,51705,0
2021-02-09 12:15:00,1612853100,51708,51773.8,51674.2,51745.2,0
2021-02-09 13:15:00,1612856700,51746.8,51820.5,51702.1,51791.5,0
2021-02-09 14:15:00,1612860300,51787.7,51835.9,51193.9,51352.1,0
2021-02-09 15:15:00,1612863900,51347.2,51393.5,51298.3,51314.6,0
2021-02-10 09:15:00,1612928700,51355.9,51512.9,51168.6,51206.9,0
2021-02-10 10:15:00,1612932300,51205.9,51211.7,50965.2,51176.1,0
2021-02-10 11:15:00,1612935900,51176.8,51360.2,51161,51246,0
2021-02-10 12:15:00,1612939500,51246.9,51310.9,51151.8,51183.9,0
2021-02-10 13:15:00,1612943100,51180.8,51197.1,50846.2,51071.6,0
2021-02-10 14:15:00,1612946700,51071.7,51300.2,50897.7,51287.4,0
2021-02-10 15:15:00,1612950300,51294.4,51426.4,51292,51421.1,0
2021-02-11 09:15:00,1613015100,51165.8,51519.9,51157.3,51452.9,0
2021-02-11 10:15:00,1613018700,51449.1,51499.9,51367,51374.2,0
2021-02-11 11:15:00,1613022300,51374.3,51444.5,51307.8,51362.9,0
2021-02-11 12:15:00,1613025900,51363.6,51482.8,51311,51390.5,0
2021-02-11 13:15:00,1613029500,51394.9,51464.3,51310.2,51460.7,0
2021-02-11 14:15:00,1613033100,51459.4,51554.7,51424.1,51531.4,0
2021-02-11 15:15:00,1613036700,51527.4,51592.4,51506.2,51551.3,0
2021-02-12 09:15:00,1613101500,51614.8,51715,51492.9,51608,0
2021-02-12 10:15:00,1613105100,51606.4,51787.6,51583.9,51784.4,0
2021-02-12 11:15:00,1613108700,51786.4,51804.6,51618.9,51637.2,0
2021-02-12 12:15:00,1613112300,51636.1,51754.9,51628.8,51724.4,0
2021-02-12 13:15:00,1613115900,51722.6,51749.3,51260.6,51392,0
2021-02-12 14:15:00,1613119500,51389.8,51562.3,51375.8,51534.2,0
2021-02-12 15:15:00,1613123100,51536.3,51628.9,51535.5,51554.4,0
2021-02-15 09:15:00,1613360700,51907.8,52110.7,51886.5,52032.9,0
2021-02-15 10:15:00,1613364300,52039.3,52141.7,52014,52134.3,0
2021-02-15 11:15:00,1613367900,52129.3,52137.2,52035.8,52081.2,0
2021-02-15 12:15:00,1613371500,52081.3,52177.5,52051.4,52146.5,0
2021-02-15 13:15:00,1613375100,52146,52151,52040,52072.4,0
2021-02-15 14:15:00,1613378700,52075.6,52157.4,51995.5,52154.1,0
2021-02-15 15:15:00,1613382300,52150.4,52236,52117.9,52218.8,0
2021-02-16 09:15:00,1613447100,52400,52516.8,52285.7,52360.7,0
2021-02-16 10:15:00,1613450700,52363,52442.6,52303.7,52347.3,0
2021-02-16 11:15:00,1613454300,52347,52355.1,52171.1,52241.2,0
2021-02-16 12:15:00,1613457900,52240.7,52291.1,51909.5,51962.2,0
2021-02-16 13:15:00,1613461500,51968.6,52127.2,51863.6,51980.4,0
2021-02-16 14:15:00,1613465100,51981.8,52140.4,51945.9,52098.7,0
2021-02-16 15:15:00,1613468700,52098.6,52161.3,52063.7,52126.3,0
2021-02-17 09:15:00,1613533500,51996.9,52034,51681.5,51830.5,0
2021-02-17 10:15:00,1613537100,51827.3,52078.1,51757.8,52002,0
2021-02-17 11:15:00,1613540700,52006,52041.9,51915.5,51972.4,0
2021-02-17 12:15:00,1613544300,51971,52073.1,51732.6,51775,0
2021-02-17 13:15:00,1613547900,51794,51823.2,51586.3,51778.7,0
2021-02-17 14:15:00,1613551500,51781.6,51829.7,51642.2,51740.5,0
2021-02-17 15:15:00,1613555100,51732.7,51747.6,51648.7,51675.1,0
2021-02-18 09:15:00,1613619900,51904,51904,51652.7,51714.4,0
2021-02-18 10:15:00,1613623500,51715.8,51795.1,51677.9,51686,0
2021-02-18 11:15:00,1613627100,51685,51904,51410.8,51452.9,0
2021-02-18 12:15:00,1613630700,51454.1,51457.9,51277.6,51386.8,0
2021-02-18 13:15:00,1613634300,51385.8,51391.1,51186.7,51362,0
2021-02-18 14:15:00,1613637900,51376.7,51453.4,51310.9,51319.7,0
2021-02-18 15:15:00,1613641500,51309.6,51339.6,51284,51339.6,0
2021-02-19 09:15:00,1613706300,51238,51323.4,51040,51286.8,0
2021-02-19 10:15:00,1613709900,51288.1,51433,51147.9,51190.9,0
2021-02-19 11:15:00,1613713500,51189.6,51310.5,51137,51213.2,0
2021-02-19 12:15:00,1613717100,51212.2,51269,51116.3,51218.7,0
2021-02-19 13:15:00,1613720700,51216.9,51218.3,50704.2,50705.1,0
2021-02-19 14:15:00,1613724300,50706.9,51001.7,50624.3,50992,0
2021-02-19 15:15:00,1613727900,50991.7,51027.8,50927.6,50985.6,0
2021-02-22 09:15:00,1613965500,50910.5,50986,50437,50472.2,0
2021-02-22 10:15:00,1613969100,50470.6,50634.5,50370.7,50389.9,0
2021-02-22 11:15:00,1613972700,50389.2,50459.6,50105.4,50164.1,0
2021-02-22 12:15:00,1613976300,50161.2,50233.2,50016.7,50107.4,0
2021-02-22 13:15:00,1613979900,50108.8,50137.6,49811.1,49861.8,0
2021-02-22 14:15:00,1613983500,49863.2,50067.4,49724,49759.8,0
2021-02-22 15:15:00,1613987100,49761.7,49795.6,49617.4,49648.9,0
2021-02-23 09:15:00,1614051900,49994.9,50128.9,49659.9,49984.2,0
2021-02-23 10:15:00,1614055500,49991.9,50327.3,49991.9,50241.4,0
2021-02-23 11:15:00,1614059100,50238.5,50286.9,49755.5,49862.1,0
2021-02-23 12:15:00,1614062700,49861.5,50042.9,49758.1,50037.4,0
2021-02-23 13:15:00,1614066300,50029.7,50055.9,49775.2,49876.6,0
2021-02-23 14:15:00,1614069900,49873.3,49968.2,49660.4,49833.2,0
2021-02-23 15:15:00,1614073500,49832.5,49832.5,49721.5,49793.2,0
2021-02-24 09:15:00,1614138300,49763.9,50162.2,49737,50141.9,0
2021-02-24 10:15:00,1614141900,50139.9,50237.7,50024.5,50195.3,0
2021-02-24 11:15:00,1614145500,50189.1,50248.8,49918.1,49983.1,0
2021-02-24 12:15:00,1614149100,49983.7,50065.4,49948.5,50043.2,0
2021-02-24 13:15:00,1614152700,50035.6,50047.4,49930.4,49953.9,0
2021-02-24 14:15:00,1614156300,49952.5,50118.9,49706,49879.3,0
2021-02-24 15:15:00,1614159900,49892.4,50385.58,49648.8,50381.38,0
2021-02-24 16:15:00,1614163500,50382.18,50879.84,50351.23,50776.79,0
2021-02-25 09:15:00,1614224700,51207.6,51386.1,51057.7,51189.8,0
2021-02-25 10:15:00,1614228300,51193.6,51287.9,51175,51233.8,0
2021-02-25 11:15:00,1614231900,51236.7,51257.8,51005.7,51042.2,0
2021-02-25 12:15:00,1614235500,51042.7,51211,51009.8,51195.7,0
2021-02-25 13:15:00,1614239100,51200.6,51252.8,51134.9,51209.3,0
2021-02-25 14:15:00,1614242700,51207.9,51331.8,51004.3,51035.5,0
2021-02-25 15:15:00,1614246300,51033.6,51073.3,50991.8,51066,0
2021-02-26 09:15:00,1614311100,50256.7,50400.3,49950.8,50248.9,0
2021-02-26 10:15:00,1614314700,50244.2,50245.3,49683,49801.4,0
2021-02-26 11:15:00,1614318300,49800.8,49800.8,49357.1,49359.1,0
2021-02-26 12:15:00,1614321900,49356.8,49505.8,49191.1,49301,0
2021-02-26 13:15:00,1614325500,49299,49642.4,49237.7,49630.3,0
2021-02-26 14:15:00,1614329100,49621.5,49657.4,49053.5,49178,0
2021-02-26 15:15:00,1614332700,49173.1,49173.1,48890.5,49113.5,0
2021-03-01 09:15:00,1614570300,49747.7,49919.3,49485,49806.6,0
2021-03-01 10:15:00,1614573900,49805.6,50058.4,49805.6,49960.7,0
2021-03-01 11:15:00,1614577500,49959.9,49979.8,49576.8,49684.3,0
2021-03-01 12:15:00,1614581100,49684.9,49765.4,49440.5,49741.9,0
2021-03-01 13:15:00,1614584700,49744.2,49903.5,49639.1,49800.6,0
2021-03-01 14:15:00,1614588300,49802.7,49883.2,49644.2,49850.5,0
2021-03-01 15:15:00,1614591900,49846.7,49936.6,49838.9,49930.7,0
2021-03-02 09:15:00,1614656700,50258.1,50424.6,50008.5,50390.6,0
2021-03-02 10:15:00,1614660300,50385,50397.8,49970.8,49988.8,0
2021-03-02 11:15:00,1614663900,49976.9,50124.6,49807.1,50040.8,0
2021-03-02 12:15:00,1614667500,50041.5,50090.3,49859.7,49937.2,0
2021-03-02 13:15:00,1614671100,49939.6,50139.5,49837.6,50082.3,0
2021-03-02 14:15:00,1614674700,50080.9,50352.7,49936,50347.7,0
2021-03-02 15:15:00,1614678300,50348.1,50439.8,50336.9,50366.8,0
2021-03-03 09:15:00,1614743100,50738.2,50776.5,50512.8,50677.8,0
2021-03-03 10:15:00,1614746700,50677.1,50870.6,50671.7,50767.5,0
2021-03-03 11:15:00,1614750300,50761.2,50917,50734.4,50909.8,0
2021-03-03 12:15:00,1614753900,50914,51024.5,50852.2,50966.7,0
2021-03-03 13:15:00,1614757500,50967.2,51156.3,50967.2,51023.1,0
2021-03-03 14:15:00,1614761100,51023.3,51483.2,51022.3,51458.3,0
2021-03-03 15:15:00,1614764700,51451.8,51539.9,51419,51436.9,0
2021-03-04 09:15:00,1614829500,50812.1,50957.3,50539.9,50811.3,0
2021-03-04 10:15:00,1614833100,50811.3,51031.8,50672.9,51024.2,0
2021-03-04 11:15:00,1614836700,51026.1,51166.7,50937.7,51025.1,0
2021-03-04 12:15:00,1614840300,51024.3,51256.6,50991.6,51224.9,0
2021-03-04 13:15:00,1614843900,51224.8,51246.7,50951.1,51109.9,0
2021-03-04 14:15:00,1614847500,51109.7,51179.9,50764.1,50853.1,0
2021-03-04 15:15:00,1614851100,50850.6,50867.5,50785.5,50858.5,0
2021-03-05 09:15:00,1614915900,50517.4,50886.2,50311.5,50800.8,0
2021-03-05 10:15:00,1614919500,50800.9,50800.9,50449.4,50629.7,0
2021-03-05 11:15:00,1614923100,50627,50758.9,50557.8,50637.8,0
2021-03-05 12:15:00,1614926700,50636.6,50782.6,50600.1,50657.9,0
2021-03-05 13:15:00,1614930300,50656.8,50729,50160.5,50256.1,0
2021-03-05 14:15:00,1614933900,50254.1,50485.2,50179.8,50472,0
2021-03-05 15:15:00,1614937500,50474.7,50500.4,50400,50491.3,0
2021-03-08 09:15:00,1615175100,50654,50985.8,50575.2,50916.5,0
2021-03-08 10:15:00,1615178700,50915.9,50920.4,50436.5,50670.5,0
2021-03-08 11:15:00,1615182300,50670.2,50735.7,50573.9,50622.8,0
2021-03-08 12:15:00,1615185900,50620.4,50668.7,50421.2,50597.5,0
2021-03-08 13:15:00,1615189500,50598.4,50618,50370.3,50526.1,0
2021-03-08 14:15:00,1615193100,50525,50735.2,50318.3,50471.7,0
2021-03-08 15:15:00,1615196700,50472.5,50526.4,50435.8,50466.2,0
2021-03-09 09:15:00,1615261500,50714.2,50994.6,50702.4,50771,0
2021-03-09 10:15:00,1615265100,50770.5,50845.5,50740,50784.9,0
2021-03-09 11:15:00,1615268700,50785.4,50925.2,50783.2,50815.4,0
2021-03-09 12:15:00,1615272300,50807.3,50822.1,50553.5,50553.5,0
2021-03-09 13:15:00,1615275900,50552.6,50689.9,50396.1,50615.4,0
2021-03-09 14:15:00,1615279500,50617.1,51082,50585.4,51081.4,0
2021-03-09 15:15:00,1615283100,51081.7,51111.9,51020,51030.4,0
2021-03-10 09:15:00,1615347900,51404.7,51430.4,51267,51353,0
2021-03-10 10:15:00,1615351500,51358.4,51362.3,51174.7,51220.7,0
2021-03-10 11:15:00,1615355100,51220.4,51235.5,51083.8,51115.6,0
2021-03-10 12:15:00,1615358700,51116.4,51280.7,51048.9,51269.9,0
2021-03-10 13:15:00,1615362300,51270.3,51337.9,51162.4,51330.6,0
2021-03-10 14:15:00,1615365900,51326.3,51353.2,51191.3,51272.2,0
2021-03-10 15:15:00,1615369500,51275.9,51314.1,51238.4,51257.6,0
2021-03-12 09:15:00,1615520700,51661,51821.8,51640.4,51692,0
2021-03-12 10:15:00,1615524300,51688.3,51710.9,51592.7,51616,0
2021-03-12 11:15:00,1615527900,51617.6,51678.8,51560.9,51567,0
2021-03-12 12:15:00,1615531500,51569,51569,51377.1,51404.9,0
2021-03-12 13:15:00,1615535100,51402.9,51436.2,50684,50684,0
2021-03-12 14:15:00,1615538700,50664.3,50898.6,50538.4,50780.7,0
2021-03-12 15:15:00,1615542300,50788.1,50810.2,50707,50767.6,0
2021-03-15 09:15:00,1615779900,50773.47,50834.8,50068.8,50216.1,0
2021-03-15 10:15:00,1615783500,50212.7,50354.3,49978.6,50017.4,0
2021-03-15 11:15:00,1615787100,50023.1,50139.8,49899,50038.4,0
2021-03-15 12:15:00,1615790700,50039.3,50039.3,49799.1,49856.1,0
2021-03-15 13:15:00,1615794300,49860.2,50088.1,49844.6,49967.5,0
2021-03-15 14:15:00,1615797900,49969.5,50516.4,49950.2,50366.6,0
2021-03-15 15:15:00,1615801500,50373.8,50429.8,50321.4,50383,0
2021-03-16 09:15:00,1615866300,50608.4,50698.6,50449,50621.9,0
2021-03-16 10:15:00,1615869900,50620.7,50858,50613.1,50789.5,0
2021-03-16 11:15:00,1615873500,50791.9,50815.6,50571.6,50659.6,0
2021-03-16 12:15:00,1615877100,50660.8,50703.6,50432.9,50474.5,0
2021-03-16 13:15:00,1615880700,50473.6,50550.8,50320.6,50374.9,0
2021-03-16 14:15:00,1615884300,50376.4,50552.9,50289.4,50312,0
2021-03-16 15:15:00,1615887900,50322.8,50418.2,50309.9,50409.2,0
2021-03-17 09:15:00,1615952700,50436,50522.8,50230.2,50237,0
2021-03-17 10:15:00,1615956300,50239.8,50338.5,50171.9,50291.9,0
2021-03-17 11:15:00,1615959900,50294.5,50561.1,50246.8,50258.2,0
2021-03-17 12:15:00,1615963500,50257.3,50294.3,50136.8,50167.8,0
2021-03-17 13:15:00,1615967100,50165.1,50278.9,49992.2,50028.9,0
2021-03-17 14:15:00,1615970700,50027,50071.2,49718.6,49727.4,0
2021-03-17 15:15:00,1615974300,49724.9,49807.3,49722.3,49768.3,0
2021-03-18 09:15:00,1616039100,50161.2,50296.4,50081.8,50086.4,0
2021-03-18 10:15:00,1616042700,50092.8,50115.9,49919.7,50002.1,0
2021-03-18 11:15:00,1616046300,50003.6,50141.4,49943.1,50137.6,0
2021-03-18 12:15:00,1616049900,50136,50152.4,49734.2,49739.8,0
2021-03-18 13:15:00,1616053500,49732,49765.3,49032.9,49045.8,0
2021-03-18 14:15:00,1616057100,49046.8,49325.2,48962.4,49323.4,0
2021-03-18 15:15:00,1616060700,49329.5,49343.7,49195,49302.1,0
2021-03-19 09:15:00,1616125500,48881.2,49129.5,48586.9,49074.5,0
2021-03-19 10:15:00,1616129100,49074.4,49537.7,48921.5,49453.1,0
2021-03-19 11:15:00,1616132700,49456.7,49480.1,49072.8,49093,0
2021-03-19 12:15:00,1616136300,49093.7,49377,49027.6,49300.9,0
2021-03-19 13:15:00,1616139900,49301.3,49673.1,49265.1,49610.4,0
2021-03-19 14:15:00,1616143500,49611.5,50003.6,49488.7,49852.9,0
2021-03-19 15:15:00,1616147100,49855,49861,49722.8,49826.1,0
2021-03-22 09:15:00,1616384700,49878.77,49878.8,49460.9,49747.4,0
2021-03-22 10:15:00,1616388300,49746.9,49752.5,49427.3,49572.3,0
2021-03-22 11:15:00,1616391900,49573,49698.4,49480.3,49561.8,0
2021-03-22 12:15:00,1616395500,49561.9,49561.9,49282.9,49383.1,0
2021-03-22 13:15:00,1616399100,49379.1,49675.5,49281,49618.1,0
2021-03-22 14:15:00,1616402700,49618.3,49853.6,49451.4,49831.7,0
2021-03-22 15:15:00,1616406300,49835.1,49848.8,49760.6,49803.5,0
2021-03-23 09:15:00,1616471100,49876.2,50115.2,49826.3,49885.6,0
2021-03-23 10:15:00,1616474700,49886.7,50227,49779.9,49999.7,0
2021-03-23 11:15:00,1616478300,50000.8,50045,49661.9,49863.4,0
2021-03-23 12:15:00,1616481900,49863.9,49997.9,49753.6,49941.9,0
2021-03-23 13:15:00,1616485500,49942.9,50070.4,49829.7,50048.4,0
2021-03-23 14:15:00,1616489100,50047.1,50264.6,50016.9,50058.7,0
2021-03-23 15:15:00,1616492700,50051.2,50067.6,49922.7,50028.9,0
2021-03-24 09:15:00,1616557500,49786.5,49854.6,49554.8,49572,0
2021-03-24 10:15:00,1616561100,49567.5,49567.5,49352.2,49419.6,0
2021-03-24 11:15:00,1616564700,49423.3,49480.9,49253.4,49429,0
2021-03-24 12:15:00,1616568300,49426.6,49574.8,49364.9,49382.5,0
2021-03-24 13:15:00,1616571900,49382.1,49552.4,49346,49442,0
2021-03-24 14:15:00,1616575500,49444.9,49584.8,49120.3,49168.1,0
2021-03-24 15:15:00,1616579100,49171.3,49251.3,49144.2,49233,0
2021-03-25 09:15:00,1616643900,49202,49247.9,48679.2,48768.5,0
2021-03-25 10:15:00,1616647500,48771.6,48772.2,48529.4,48547.1,0
2021-03-25 11:15:00,1616651100,48549.6,48652.6,48304.8,48401.9,0
2021-03-25 12:15:00,1616654700,48400,48468.9,48236.4,48337.9,0
2021-03-25 13:15:00,1616658300,48337.4,48829.7,48311.1,48677.9,0
2021-03-25 14:15:00,1616661900,48678.4,49001.6,48253.3,48341.8,0
2021-03-25 15:15:00,1616665500,48336.2,48522.7,48298.8,48515.7,0
2021-03-26 09:15:00,1616730300,48969.2,49044.4,48699.9,48929.4,0
2021-03-26 10:15:00,1616733900,48927.9,49039.5,48810.9,48919.7,0
2021-03-26 11:15:00,1616737500,48917,49170.7,48846.4,49112.3,0
2021-03-26 12:15:00,1616741100,49114.5,49234.7,48992.8,49091.5,0
2021-03-26 13:15:00,1616744700,49087.8,49200.5,48978,49085.3,0
2021-03-26 14:15:00,1616748300,49088,49138.8,48928.9,48971.2,0
2021-03-26 15:15:00,1616751900,48965.8,49106.8,48890.7,49041.4,0
2021-03-30 09:15:00,1617075900,49331.7,49774.7,49331.7,49765.8,0
2021-03-30 10:15:00,1617079500,49771.4,49898.4,49763.3,49812.1,0
2021-03-30 11:15:00,1617083100,49812.3,49917.8,49674.4,49713.9,0
2021-03-30 12:15:00,1617086700,49710.1,49883.6,49676.9,49847.3,0
2021-03-30 13:15:00,1617090300,49854,50191.1,49840.4,50173.2,0
2021-03-30 14:15:00,1617093900,50170.6,50268.4,50085.2,50155.2,0
2021-03-30 15:15:00,1617097500,50145.2,50176.2,50074.3,50136.1,0
2021-03-31 09:15:00,1617162300,50049.1,50050.3,49678.6,49719.1,0
2021-03-31 10:15:00,1617165900,49715.8,49744.4,49561.9,49689.9,0
2021-03-31 11:15:00,1617169500,49689.4,49742.8,49602.4,49679.9,0
2021-03-31 12:15:00,1617173100,49679.8,49810.1,49645.6,49717.9,0
2021-03-31 13:15:00,1617176700,49720.8,49743.8,49525.6,49684.6,0
2021-03-31 14:15:00,1617180300,49685.1,49716.3,49442.5,49526.3,0
2021-03-31 15:15:00,1617183900,49531,49539.2,49469.2,49532.5,0
2021-04-01 09:15:00,1617248700,49868.5,49942.8,49733.5,49737.8,0
2021-04-01 10:15:00,1617252300,49739.1,49785.8,49478.5,49594.9,0
2021-04-01 11:15:00,1617255900,49597.1,49657,49504,49640.3,0
2021-04-01 12:15:00,1617259500,49639.9,49774.5,49550.8,49774.5,0
2021-04-01 13:15:00,1617263100,49772.4,49950.8,49772.4,49950.3,0
2021-04-01 14:15:00,1617266700,49948.4,50064.3,49932,50056.6,0
2021-04-01 15:15:00,1617270300,50058.2,50092.5,50003.9,50024.8,0
2021-04-05 09:15:00,1617594300,50020.9,50028.7,48930.4,48978,0
2021-04-05 10:15:00,1617597900,48974.4,48974.4,48580.8,48646,0
2021-04-05 11:15:00,1617601500,48632.3,48862.8,48598.9,48844.3,0
2021-04-05 12:15:00,1617605100,48845.7,49030.4,48814.5,48984.9,0
2021-04-05 13:15:00,1617608700,48983.2,49215.4,48976.8,49214.6,0
2021-04-05 14:15:00,1617612300,49214.6,49325.2,49113.3,49145.2,0
2021-04-05 15:15:00,1617615900,49146.9,49220,49122.4,49214,0
2021-04-06 09:15:00,1617680700,49441.1,49558.8,48936.4,49399.4,0
2021-04-06 10:15:00,1617684300,49399.2,49537.4,49230.6,49498.7,0
2021-04-06 11:15:00,1617687900,49498.1,49582.3,49337.8,49386.7,0
2021-04-06 12:15:00,1617691500,49384.8,49438.9,49003.3,49246,0
2021-04-06 13:15:00,1617695100,49258.8,49273.4,49044.7,49122.9,0
2021-04-06 14:15:00,1617698700,49122.8,49194.6,49073,49194.4,0
2021-04-06 15:15:00,1617702300,49196,49269.5,49194.8,49255.4,0
2021-04-07 09:15:00,1617767100,49277.1,49618.7,49093.9,49542.2,0
2021-04-07 10:15:00,1617770700,49550.9,49801.8,49405.9,49786.9,0
2021-04-07 11:15:00,1617774300,49786.6,49836.2,49687.2,49817,0
2021-04-07 12:15:00,1617777900,49819.9,49900.1,49736.9,49881.3,0
2021-04-07 13:15:00,1617781500,49879.9,49881.1,49517.9,49735.5,0
2021-04-07 14:15:00,1617785100,49730.7,49800.6,49630.7,49667.6,0
2021-04-07 15:15:00,1617788700,49667.3,49681.1,49610.4,49642,0
2021-04-08 09:15:00,1617853500,49885.3,50091.2,49832.4,50073,0
2021-04-08 10:15:00,1617857100,50069.5,50118.1,50029.6,50037.8,0
2021-04-08 11:15:00,1617860700,50033.5,50083.2,49811.7,49811.9,0
2021-04-08 12:15:00,1617864300,49811,50001.1,49801.7,49929.3,0
2021-04-08 13:15:00,1617867900,49926.5,50089.5,49925.7,49969.9,0
2021-04-08 14:15:00,1617871500,49965.7,49966,49581.6,49724.9,0
2021-04-08 15:15:00,1617875100,49722.6,49780.1,49714.6,49752.9,0
2021-04-09 09:15:00,1617939900,49743.4,49906.9,49500,49861.6,0
2021-04-09 10:15:00,1617943500,49866.3,49886.8,49638,49670.4,0
2021-04-09 11:15:00,1617947100,49671.6,49772.5,49619,49670.1,0
2021-04-09 12:15:00,1617950700,49670.5,49813.9,49670.5,49721.7,0
2021-04-09 13:15:00,1617954300,49719.5,49758,49461,49582.4,0
2021-04-09 14:15:00,1617957900,49582.7,49724.6,49557.8,49582.1,0
2021-04-09 15:15:00,1617961500,49587.5,49615.4,49571.1,49604.8,0
2021-04-12 09:15:00,1618199100,48956.6,48956.6,48112.2,48310.7,0
2021-04-12 10:15:00,1618202700,48299.4,48369.9,48102.2,48220.9,0
2021-04-12 11:15:00,1618206300,48217.8,48242.8,47779.7,47891.1,0
2021-04-12 12:15:00,1618209900,47893.6,48014.7,47824.9,47891.6,0
2021-04-12 13:15:00,1618213500,47886.1,47946.8,47755.2,47871.4,0
2021-04-12 14:15:00,1618217100,47869.8,47960.8,47693.4,47877.2,0
2021-04-12 15:15:00,1618220700,47874.5,48041.9,47874.5,48041.9,0
2021-04-13 09:15:00,1618285500,47991.5,48315.1,47775.3,48293.6,0
2021-04-13 10:15:00,1618289100,48295.3,48306.1,48013.5,48039.6,0
2021-04-13 11:15:00,1618292700,48038.3,48041.9,47854.7,47960.6,0
2021-04-13 12:15:00,1618296300,47963.2,48201,47936.3,47958.1,0
2021-04-13 13:15:00,1618299900,47959.3,48455.1,47922.7,48404.9,0
2021-04-13 14:15:00,1618303500,48401.4,48569.3,48350.5,48558.2,0
2021-04-13 15:15:00,1618307100,48559.5,48627.4,48530.8,48619.2,0
2021-04-15 09:15:00,1618458300,48512.8,48686.2,48274,48346.9,0
2021-04-15 10:15:00,1618461900,48340.6,48360.6,48040.2,48063,0
2021-04-15 11:15:00,1618465500,48065.6,48365.3,48010.6,48272.1,0
2021-04-15 12:15:00,1618469100,48274.1,48366.8,48184.8,48259.9,0
2021-04-15 13:15:00,1618472700,48261.8,48592.3,48209.9,48570.1,0
2021-04-15 14:15:00,1618476300,48570.1,48824.6,48425.9,48821.1,0
2021-04-15 15:15:00,1618479900,48817.2,48887.9,48806,48834,0
2021-04-16 09:15:00,1618544700,48935.7,49028.6,48694.5,48960.9,0
2021-04-16 10:15:00,1618548300,48961.3,49068.9,48916.4,48991.4,0
2021-04-16 11:15:00,1618551900,48988.8,49049.7,48810.5,48901.1,0
2021-04-16 12:15:00,1618555500,48903.5,49009.8,48839,48940.1,0
2021-04-16 13:15:00,1618559100,48937.9,48973.3,48864.1,48928.6,0
2021-04-16 14:15:00,1618562700,48933.6,49089.6,48817,48842.1,0
2021-04-16 15:15:00,1618566300,48853.1,48853.1,48723.3,48745.1,0
2021-04-19 09:15:00,1618803900,47940.8,47940.8,47362.7,47684,0
2021-04-19 10:15:00,1618807500,47685.8,47847,47547.6,47765.5,0
2021-04-19 11:15:00,1618811100,47766.4,47768.8,47586.8,47652.8,0
2021-04-19 12:15:00,1618814700,47652.1,47816.4,47638.4,47810.1,0
2021-04-19 13:15:00,1618818300,47809.5,48020.8,47783.1,47928.6,0
2021-04-19 14:15:00,1618821900,47926.9,47981.6,47737.5,47973.9,0
2021-04-19 15:15:00,1618825500,47973,47997.2,47926.3,47985.4,0
2021-04-20 09:15:00,1618890300,48473,48478.3,48209.9,48216.7,0
2021-04-20 10:15:00,1618893900,48220.9,48299.4,48125.6,48186,0
2021-04-20 11:15:00,1618897500,48182.6,48186.3,48022,48049.5,0
2021-04-20 12:15:00,1618901100,48049,48066.4,47848.7,47983.2,0
2021-04-20 13:15:00,1618904700,47983.9,48046,47930.4,47947,0
2021-04-20 14:15:00,1618908300,47945.8,47982.9,47438.5,47773.4,0
2021-04-20 15:15:00,1618911900,47778.5,47793.8,47656.9,47673.1,0
2021-04-22 09:15:00,1619063100,47501.7,47565,47204.5,47484.2,0
2021-04-22 10:15:00,1619066700,47485.5,47615.9,47441,47507.4,0
2021-04-22 11:15:00,1619070300,47509,47785.6,47489.7,47771.5,0
2021-04-22 12:15:00,1619073900,47767.2,47898.2,47650.6,47813.3,0
2021-04-22 13:15:00,1619077500,47813.2,48040.5,47748.8,48027.6,0
2021-04-22 14:15:00,1619081100,48025.8,48143.2,47896.2,48085.2,0
2021-04-22 15:15:00,1619084700,48089.7,48100.6,48035.1,48056.4,0
2021-04-23 09:15:00,1619149500,47863.8,48021.8,47743.4,47989.3,0
2021-04-23 10:15:00,1619153100,47986.1,48228,47960.2,48228,0
2021-04-23 11:15:00,1619156700,48226.6,48265.4,48127.5,48173.5,0
2021-04-23 12:15:00,1619160300,48171.4,48172.3,47977.4,48056.4,0
2021-04-23 13:15:00,1619163900,48058.3,48147,47893.5,47913.1,0
2021-04-23 14:15:00,1619167500,47911,48001.3,47669.6,47884.8,0
2021-04-23 15:15:00,1619171100,47887,47906.2,47832.3,47840.7,0
2021-04-26 09:15:00,1619408700,48197.4,48668,48152.2,48558.1,0
2021-04-26 10:15:00,1619412300,48556.2,48617.6,48477.4,48604.1,0
2021-04-26 11:15:00,1619415900,48604.1,48615.2,48468.9,48505.4,0
2021-04-26 12:15:00,1619419500,48500.2,48524.1,48375.4,48406.8,0
2021-04-26 13:15:00,1619423100,48412.7,48486.1,48298.8,48382.1,0
2021-04-26 14:15:00,1619426700,48386.2,48417,48264.9,48375.7,0
2021-04-26 15:15:00,1619430300,48375.2,48422.8,48366.4,48391.2,0
2021-04-27 09:15:00,1619495100,48424.1,48717.7,48399.5,48660.6,0
2021-04-27 10:15:00,1619498700,48664.7,48750.9,48572.8,48726.4,0
2021-04-27 11:15:00,1619502300,48726.9,48863.8,48677.6,48859.9,0
2021-04-27 12:15:00,1619505900,48859.5,48880,48755.6,48779.2,0
2021-04-27 13:15:00,1619509500,48779.1,48900.4,48728.9,48875,0
2021-04-27 14:15:00,1619513100,48870.6,48960.4,48852.7,48945.4,0
2021-04-27 15:15:00,1619516700,48947.2,49009.3,48914.4,48950.9,0
2021-04-28 09:15:00,1619581500,49066.6,49354.8,49066.6,49323.6,0
2021-04-28 10:15:00,1619585100,49321.5,49440.6,49254,49415.4,0
2021-04-28 11:15:00,1619588700,49416.3,49495.6,49398.5,49482.6,0
2021-04-28 12:15:00,1619592300,49478.1,49742.6,49453.4,49731.9,0
2021-04-28 13:15:00,1619595900,49735.3,49777.2,49639.4,49762.8,0
2021-04-28 14:15:00,1619599500,49763.4,49801.5,49719.1,49731.6,0
2021-04-28 15:15:00,1619603100,49734.3,49750.7,49673.4,49707.5,0
2021-04-29 09:15:00,1619667900,50093.9,50375.8,49813.2,49896.2,0
2021-04-29 10:15:00,1619671500,49895.4,49945,49536,49624.7,0
2021-04-29 11:15:00,1619675100,49629,49898,49609.8,49836,0
2021-04-29 12:15:00,1619678700,49836.1,49996.3,49782.1,49866.4,0
2021-04-29 13:15:00,1619682300,49869.1,50026.5,49728.4,49835.7,0
2021-04-29 14:15:00,1619685900,49834.3,49895.3,49766.3,49778.7,0
2021-04-29 15:15:00,1619689500,49775.1,49783.2,49666.3,49771.9,0
2021-04-30 09:15:00,1619754300,49360.9,49569.4,49229.5,49388.3,0
2021-04-30 10:15:00,1619757900,49389.8,49471.7,49336.9,49421.2,0
2021-04-30 11:15:00,1619761500,49422.8,49451.6,49273.6,49319.4,0
2021-04-30 12:15:00,1619765100,49320.2,49436.7,49216,49245.1,0
2021-04-30 13:15:00,1619768700,49243.9,49292.5,48938.2,49017.9,0
2021-04-30 14:15:00,1619772300,49010.5,49102.7,48759.8,48779,0
2021-04-30 15:15:00,1619775900,48782.4,48784.9,48698.1,48756.1,0
2021-05-03 09:15:00,1620013500,48356,48493.1,48028.1,48414.6,0
2021-05-03 10:15:00,1620017100,48417.1,48613.3,48324.7,48431.9,0
2021-05-03 11:15:00,1620020700,48430.3,48503.6,48338.8,48490.6,0
2021-05-03 12:15:00,1620024300,48488.8,48582.5,48388.6,48578.8,0
2021-05-03 13:15:00,1620027900,48575.9,48610.7,48367.8,48465.6,0
2021-05-03 14:15:00,1620031500,48466.9,48863.2,48455.1,48717.3,0
2021-05-03 15:15:00,1620035100,48717.7,48776.7,48673.2,48776.7,0
2021-05-04 09:15:00,1620099900,48881.6,48996.5,48521.9,48743.5,0
2021-05-04 10:15:00,1620103500,48742.9,48899.4,48703.6,48883,0
2021-05-04 11:15:00,1620107100,48885.1,48921.7,48803.9,48827.2,0
2021-05-04 12:15:00,1620110700,48827.2,48877.6,48581.1,48582.4,0
2021-05-04 13:15:00,1620114300,48549.2,48727.4,48492.6,48619.2,0
2021-05-04 14:15:00,1620117900,48621.5,48674.9,48149.4,48294.8,0
2021-05-04 15:15:00,1620121500,48292.8,48293.7,48234.8,48282.6,0
2021-05-05 09:15:00,1620186300,48569.1,48620.5,48254.3,48419,0
2021-05-05 10:15:00,1620189900,48418.3,48613.4,48361.8,48478.3,0
2021-05-05 11:15:00,1620193500,48472.1,48548.5,48362.5,48523.9,0
2021-05-05 12:15:00,1620197100,48522.7,48726.8,48449.6,48672.2,0
2021-05-05 13:15:00,1620200700,48671.3,48705.2,48432.8,48449.9,0
2021-05-05 14:15:00,1620204300,48446.2,48692.6,48443.5,48686.7,0
2021-05-05 15:15:00,1620207900,48685.1,48742.7,48668.7,48721.6,0
2021-05-06 09:15:00,1620272700,48877.8,48898.7,48690.2,48726.7,0
2021-05-06 10:15:00,1620276300,48736.6,48784.9,48614.1,48684.9,0
2021-05-06 11:15:00,1620279900,48686.1,48812.5,48619.7,48803.9,0
2021-05-06 12:15:00,1620283500,48800.9,48980.7,48785,48953.7,0
2021-05-06 13:15:00,1620287100,48957.5,48972.5,48806.8,48856.1,0
2021-05-06 14:15:00,1620290700,48855.8,48945.2,48806.9,48940.9,0
2021-05-06 15:15:00,1620294300,48945.5,49011.3,48939.4,48976.9,0
2021-05-07 09:15:00,1620359100,49169.1,49417.6,49169.1,49336,0
2021-05-07 10:15:00,1620362700,49338.4,49363.5,49201.9,49230.6,0
2021-05-07 11:15:00,1620366300,49228.7,49307.2,49093.1,49133.2,0
2021-05-07 12:15:00,1620369900,49126.8,49186.1,49072,49082.4,0
2021-05-07 13:15:00,1620373500,49082.1,49265.4,49036.4,49250.6,0
2021-05-07 14:15:00,1620377100,49249.8,49288.8,49186.2,49231.3,0
2021-05-07 15:15:00,1620380700,49227.6,49230.2,49147.8,49172.3,0
2021-05-10 09:15:00,1620618300,49496.1,49590.4,49412.1,49492.8,0
2021-05-10 10:15:00,1620621900,49493.2,49583.9,49493.1,49543.2,0
2021-05-10 11:15:00,1620625500,49543.1,49597.6,49501.3,49547.2,0
2021-05-10 12:15:00,1620629100,49542.6,49617.5,49493.6,49523.3,0
2021-05-10 13:15:00,1620632700,49522.1,49579.1,49477.1,49534.4,0
2021-05-10 14:15:00,1620636300,49535,49604.7,49470.6,49502.1,0
2021-05-10 15:15:00,1620639900,49500.9,49543.7,49473.5,49531.9,0
2021-05-11 09:15:00,1620704700,49066.4,49168.9,48988.2,49154.6,0
2021-05-11 10:15:00,1620708300,49156.1,49171.3,49075,49103.4,0
2021-05-11 11:15:00,1620711900,49105.2,49290.8,49104.7,49262.2,0
2021-05-11 12:15:00,1620715500,49261.3,49304.5,49134.4,49139.8,0
2021-05-11 13:15:00,1620719100,49143.2,49143.2,49000.4,49085.5,0
2021-05-11 14:15:00,1620722700,49085.5,49189.5,49058.3,49178.4,0
2021-05-11 15:15:00,1620726300,49177.3,49181.9,49132.5,49136.8,0
2021-05-12 09:15:00,1620791100,49171.3,49171.3,48746.6,48766.9,0
2021-05-12 10:15:00,1620794700,48768.1,48801.3,48679.2,48683.2,0
2021-05-12 11:15:00,1620798300,48680.4,48835.9,48629.4,48834.3,0
2021-05-12 12:15:00,1620801900,48834.9,48884.2,48787.9,48877.1,0
2021-05-12 13:15:00,1620805500,48873.8,48892.4,48714.1,48770.2,0
2021-05-12 14:15:00,1620809100,48770.7,48810.1,48550.7,48713.7,0
2021-05-12 15:15:00,1620812700,48710.9,48732.5,48674,48712.1,0
2021-05-14 09:15:00,1620963900,48898.9,48898.9,48485.9,48702.4,0
2021-05-14 10:15:00,1620967500,48708.6,48784.9,48624.5,48657.6,0
2021-05-14 11:15:00,1620971100,48661.7,48727.8,48473.4,48556.6,0
2021-05-14 12:15:00,1620974700,48563.1,48712.9,48541.5,48660.7,0
2021-05-14 13:15:00,1620978300,48654.1,48738,48566.1,48660,0
2021-05-14 14:15:00,1620981900,48656.4,48830,48612.3,48711.8,0
2021-05-14 15:15:00,1620985500,48710.5,48776.8,48703.3,48758.1,0
2021-05-17 09:15:00,1621223100,48990.7,49224.2,48923.1,49215.5,0
2021-05-17 10:15:00,1621226700,49218.8,49263.1,49151.2,49187.3,0
2021-05-17 11:15:00,1621230300,49191.3,49296.6,49174.9,49282.5,0
2021-05-17 12:15:00,1621233900,49284.7,49397.2,49268.4,49310,0
2021-05-17 13:15:00,1621237500,49311.4,49452.7,49274.2,49406.6,0
2021-05-17 14:15:00,1621241100,49405.9,49606.5,49383.2,49570.8,0
2021-05-17 15:15:00,1621244700,49569.4,49628.4,49548.6,49578.4,0
2021-05-18 09:15:00,1621309500,49986.7,50240.1,49959.2,50004.4,0
2021-05-18 10:15:00,1621313100,50003.7,50295.1,50002.5,50273.1,0
2021-05-18 11:15:00,1621316700,50272.6,50283.6,50179.4,50250.9,0
2021-05-18 12:15:00,1621320300,50249.3,50261.3,50148.2,50182.9,0
2021-05-18 13:15:00,1621323900,50178.9,50313.2,50176.5,50221.2,0
2021-05-18 14:15:00,1621327500,50223.2,50248.2,50113.6,50180.6,0
2021-05-18 15:15:00,1621331100,50178.6,50218.3,50173.6,50198,0
2021-05-19 09:15:00,1621395900,50088.8,50279,50015.6,50145.1,0
2021-05-19 10:15:00,1621399500,50145.7,50173.9,50030.4,50109.6,0
2021-05-19 11:15:00,1621403100,50106.6,50243.7,50017,50233.1,0
2021-05-19 12:15:00,1621406700,50234.5,50240.5,50080.6,50097,0
2021-05-19 13:15:00,1621410300,50098.7,50121.7,49902.8,49942.2,0
2021-05-19 14:15:00,1621413900,49942.4,50060.1,49890.9,49920.9,0
2021-05-19 15:15:00,1621417500,49924.3,49927.7,49831.4,49892,0
2021-05-20 09:15:00,1621482300,49971.5,50099.2,49781.5,49971,0
2021-05-20 10:15:00,1621485900,49973.3,49997.1,49840.8,49914.7,0
2021-05-20 11:15:00,1621489500,49914.1,49938.2,49843.8,49913.2,0
2021-05-20 12:15:00,1621493100,49913.1,49915.7,49818.3,49853.6,0
2021-05-20 13:15:00,1621496700,49846.2,49889.4,49776.6,49789.1,0
2021-05-20 14:15:00,1621500300,49789.7,49793.4,49496.8,49573.4,0
2021-05-20 15:15:00,1621503900,49565.3,49630.4,49533.4,49623,0
2021-05-21 09:15:00,1621568700,49834,50169,49832.7,50107.8,0
2021-05-21 10:15:00,1621572300,50105.8,50250.4,50105.8,50227.6,0
2021-05-21 11:15:00,1621575900,50230.4,50320.5,50207.4,50239.5,0
2021-05-21 12:15:00,1621579500,50239.1,50279.8,50170.7,50172.5,0
2021-05-21 13:15:00,1621583100,50174.5,50306.4,50158.8,50306.4,0
2021-05-21 14:15:00,1621586700,50307.5,50576.1,50306.3,50567.3,0
2021-05-21 15:15:00,1621590300,50573.6,50591.1,50542.6,50581.2,0
2021-05-24 09:15:00,1621827900,50727.3,50855.3,50465.9,50644.1,0
2021-05-24 10:15:00,1621831500,50642.9,50781.7,50642.4,50751,0
2021-05-24 11:15:00,1621835100,50749.2,50786.7,50682.2,50700,0
2021-05-24 12:15:00,1621838700,50697.8,50749.5,50587,50718.8,0
2021-05-24 13:15:00,1621842300,50723.3,50723.9,50606.9,50670.6,0
2021-05-24 14:15:00,1621845900,50670.8,50857.6,50624.8,50671.7,0
2021-05-24 15:15:00,1621849500,50670,50670.2,50548.1,50597.2,0
2021-05-25 09:15:00,1621914300,50922.3,50961.4,50767.8,50822.4,0
2021-05-25 10:15:00,1621917900,50823.6,50855.6,50704.8,50706.3,0
2021-05-25 11:15:00,1621921500,50703.8,50814.9,50666,50757.1,0
2021-05-25 12:15:00,1621925100,50757.6,50798.5,50702.5,50749.5,0
2021-05-25 13:15:00,1621928700,50749.4,50750.3,50508.4,50517.5,0
2021-05-25 14:15:00,1621932300,50519.2,50675.8,50474.3,50612.8,0
2021-05-25 15:15:00,1621935900,50608.9,50766.5,50608.9,50678.1,0
2021-05-26 09:15:00,1622000700,50899.6,50901.2,50620.4,50754.3,0
2021-05-26 10:15:00,1622004300,50752.1,50977.8,50734.5,50977,0
2021-05-26 11:15:00,1622007900,50978.8,50993.1,50868.2,50987.4,0
2021-05-26 12:15:00,1622011500,50987.8,51053.5,50949.8,50976.4,0
2021-05-26 13:15:00,1622015100,50975.6,51060.3,50935.4,51006.9,0
2021-05-26 14:15:00,1622018700,51003.7,51072.6,50942.5,51014.7,0
2021-05-26 15:15:00,1622022300,51017.1,51059.5,51010.9,51023.2,0
2021-05-27 09:15:00,1622087100,51128.8,51128.8,50917.6,51028.9,0
2021-05-27 10:15:00,1622090700,51026.2,51116.5,51007.6,51085.5,0
2021-05-27 11:15:00,1622094300,51085.5,51218,51063.7,51157.6,0
2021-05-27 12:15:00,1622097900,51158.8,51168,51070.9,51149.1,0
2021-05-27 13:15:00,1622101500,51148.6,51182,50985.9,50994.5,0
2021-05-27 14:15:00,1622105100,50992,51109.6,50891.7,51084.6,0
2021-05-27 15:15:00,1622108700,51080,51282.9,51080,51232.1,0
2021-05-28 09:15:00,1622173500,51381.3,51477.1,51298.9,51392.8,0
2021-05-28 10:15:00,1622177100,51391.5,51433.1,51259.2,51284.1,0
2021-05-28 11:15:00,1622180700,51282.2,51422,51258.7,51403.3,0
2021-05-28 12:15:00,1622184300,51400.6,51441.4,51328.5,51412.8,0
2021-05-28 13:15:00,1622187900,51412.6,51529.3,51336.4,51435.4,0
2021-05-28 14:15:00,1622191500,51436.5,51510.6,51335.2,51431,0
2021-05-28 15:15:00,1622195100,51426.9,51501,51419.5,51483.2,0
2021-05-31 09:15:00,1622432700,51476.2,51664.1,51179.9,51664.1,0
2021-05-31 10:15:00,1622436300,51667.4,51792.7,51625.9,51766.3,0
2021-05-31 11:15:00,1622439900,51760.3,51816.5,51697.8,51787.9,0
2021-05-31 12:15:00,1622443500,51785.9,51917.4,51758.7,51863.4,0
2021-05-31 13:15:00,1622447100,51866.7,51931.6,51774.7,51915.5,0
2021-05-31 14:15:00,1622450700,51914.5,51946.6,51846,51943.1,0
2021-05-31 15:15:00,1622454300,51941.9,52013.2,51910.3,51919.4,0
2021-06-01 09:15:00,1622519100,52067.5,52228.6,51975.7,52014,0
2021-06-01 10:15:00,1622522700,52010.6,52016.4,51836.2,51879.4,0
2021-06-01 11:15:00,1622526300,51879.2,51945.8,51808.9,51922,0
2021-06-01 12:15:00,1622529900,51922.8,51978.8,51863.6,51946.8,0
2021-06-01 13:15:00,1622533500,51947.6,52095.2,51834,51902.3,0
2021-06-01 14:15:00,1622537100,51903.1,51989.7,51868.6,51933.9,0
2021-06-01 15:15:00,1622540700,51934.4,51956.6,51906.8,51916.8,0
2021-06-02 09:15:00,1622605500,51749.1,51863.9,51577,51637.5,0
2021-06-02 10:15:00,1622609100,51636.3,51643.4,51555.8,51630.3,0
2021-06-02 11:15:00,1622612700,51633.8,51655.3,51506,51536.6,0
2021-06-02 12:15:00,1622616300,51533.9,51604.5,51474.4,51476.7,0
2021-06-02 13:15:00,1622619900,51474.5,51605.9,51450.6,51571.5,0
2021-06-02 14:15:00,1622623500,51570.9,51850.3,51566.9,51841.2,0
2021-06-02 15:15:00,1622627100,51840.9,51913.9,51838.8,51894.4,0
2021-06-03 09:15:00,1622691900,52121.6,52240.6,52087.6,52143.4,0
2021-06-03 10:15:00,1622695500,52142.4,52164.8,52042,52075.1,0
2021-06-03 11:15:00,1622699100,52078.9,52125.2,52039.2,52082.2,0
2021-06-03 12:15:00,1622702700,52083.3,52085.3,52000.6,52015.6,0
2021-06-03 13:15:00,1622706300,52014.3,52172,51942.2,52153.5,0
2021-06-03 14:15:00,1622709900,52155.5,52253.9,52060.9,52247.1,0
2021-06-03 15:15:00,1622713500,52247.2,52273.2,52202.4,52226,0
2021-06-04 09:15:00,1622778300,52367.5,52389,52205.7,52371.3,0
2021-06-04 10:15:00,1622781900,52371.9,52384.7,52138.5,52154,0
2021-06-04 11:15:00,1622785500,52152.1,52175.8,52055.4,52121.7,0
2021-06-04 12:15:00,1622789100,52120.8,52249.4,52083.4,52109.4,0
2021-06-04 13:15:00,1622792700,52108.8,52128.2,51952.7,52082.3,0
2021-06-04 14:15:00,1622796300,52081.5,52116.7,52016.2,52105.1,0
2021-06-04 15:15:00,1622799900,52103.6,52136.9,52080.4,52088.5,0
2021-06-07 09:15:00,1623037500,52231.4,52279.6,52054.8,52181,0
2021-06-07 10:15:00,1623041100,52188.5,52244.6,52154.1,52223.6,0
2021-06-07 11:15:00,1623044700,52224.5,52233.5,52160.3,52169.3,0
2021-06-07 12:15:00,1623048300,52161.7,52250.9,52116.2,52249.7,0
2021-06-07 13:15:00,1623051900,52254.2,52341.3,52240.1,52308.1,0
2021-06-07 14:15:00,1623055500,52315.7,52378.7,52298.5,52330,0
2021-06-07 15:15:00,1623059100,52325.4,52345.5,52300.9,52329.4,0
2021-06-08 09:15:00,1623123900,52428.7,52432.4,52135,52189.3,0
2021-06-08 10:15:00,1623127500,52190.2,52272.5,52178.8,52247.1,0
2021-06-08 11:15:00,1623131100,52249.8,52312.6,52172.8,52210,0
2021-06-08 12:15:00,1623134700,52208.9,52286.1,52206.3,52259.5,0
2021-06-08 13:15:00,1623138300,52257.3,52345.2,52209.9,52258.3,0
2021-06-08 14:15:00,1623141900,52261.2,52347.5,52247.9,52268.6,0
2021-06-08 15:15:00,1623145500,52267.5,52295,52241.9,52277.4,0
2021-06-09 09:15:00,1623210300,52401.4,52446.9,52205,52405,0
2021-06-09 10:15:00,1623213900,52403.7,52411.1,52339.9,52388.6,0
2021-06-09 11:15:00,1623217500,52389.5,52423.9,52354.7,52413.9,0
2021-06-09 12:15:00,1623221100,52412.1,52443,52030.8,52048,0
2021-06-09 13:15:00,1623224700,52044.1,52131.5,51858.2,52067.3,0
2021-06-09 14:15:00,1623228300,52063.8,52115.1,51717.1,51968.7,0
2021-06-09 15:15:00,1623231900,51965.1,52007.6,51929.6,51961.8,0
2021-06-10 09:15:00,1623296700,52143.9,52152.6,51957.9,52099.6,0
2021-06-10 10:15:00,1623300300,52098.9,52198.6,52075.5,52100.2,0
2021-06-10 11:15:00,1623303900,52099.4,52281.1,52095.9,52223.4,0
2021-06-10 12:15:00,1623307500,52226.4,52244.9,52112.3,52178.5,0
2021-06-10 13:15:00,1623311100,52180,52301.9,52173,52268.2,0
2021-06-10 14:15:00,1623314700,52266.1,52346.4,52250.3,52292.8,0
2021-06-10 15:15:00,1623318300,52284.6,52333,52278.1,52332.8,0
2021-06-11 09:15:00,1623383100,52477.2,52626.6,52472.9,52535.7,0
2021-06-11 10:15:00,1623386700,52538.1,52641.5,52512.8,52578.8,0
2021-06-11 11:15:00,1623390300,52579.8,52579.8,52388.9,52414.7,0
2021-06-11 12:15:00,1623393900,52410.7,52527.4,52395.9,52503.3,0
2021-06-11 13:15:00,1623397500,52503.8,52559.3,52402.9,52544.3,0
2021-06-11 14:15:00,1623401100,52545,52548.4,52435.1,52479.9,0
2021-06-11 15:15:00,1623404700,52476.4,52508.9,52459.1,52508.9,0
2021-06-14 09:15:00,1623642300,52492.3,52542.7,51936.3,52315.4,0
2021-06-14 10:15:00,1623645900,52314.9,52323.9,52145.6,52213.6,0
2021-06-14 11:15:00,1623649500,52208.3,52284.8,52164.5,52243.8,0
2021-06-14 12:15:00,1623653100,52244.5,52328.2,52223.4,52254.4,0
2021-06-14 13:15:00,1623656700,52253.4,52555.2,52253.4,52535.5,0
2021-06-14 14:15:00,1623660300,52529.4,52582.5,52465.2,52544.9,0
2021-06-14 15:15:00,1623663900,52546.4,52590.9,52541.2,52556.6,0
2021-06-15 09:15:00,1623728700,52751.8,52842.4,52671.3,52806,0
2021-06-15 10:15:00,1623732300,52814.2,52869.5,52781.1,52809,0
2021-06-15 11:15:00,1623735900,52811.6,52816.4,52756.1,52783.5,0
2021-06-15 12:15:00,1623739500,52787.3,52857.6,52772,52817.1,0
2021-06-15 13:15:00,1623743100,52819.2,52863.3,52722.8,52827.7,0
2021-06-15 14:15:00,1623746700,52828.8,52853.6,52762.3,52806.7,0
2021-06-15 15:15:00,1623750300,52799.3,52807.5,52729.3,52744,0
2021-06-16 09:15:00,1623815100,52782.2,52816.3,52607.6,52666.6,0
2021-06-16 10:15:00,1623818700,52670.1,52675.3,52498.5,52531.1,0
2021-06-16 11:15:00,1623822300,52528.1,52578.8,52498.1,52529.7,0
2021-06-16 12:15:00,1623825900,52529.3,52557,52425.6,52539.6,0
2021-06-16 13:15:00,1623829500,52537.4,52655.8,52536.2,52637,0
2021-06-16 14:15:00,1623833100,52637,52667.6,52492.8,52506.1,0
2021-06-16 15:15:00,1623836700,52505.1,52529.4,52440.7,52472.8,0
2021-06-17 09:15:00,1623901500,52122.2,52411.9,52099.7,52398.4,0
2021-06-17 10:15:00,1623905100,52399.7,52523.9,52396.5,52441,0
2021-06-17 11:15:00,1623908700,52439.6,52442.1,52311.7,52350.1,0
2021-06-17 12:15:00,1623912300,52353.2,52437.9,52296.9,52395,0
2021-06-17 13:15:00,1623915900,52396.5,52418.8,52177.8,52177.8,0
2021-06-17 14:15:00,1623919500,52174.3,52374,52040.5,52362.2,0
2021-06-17 15:15:00,1623923100,52364.9,52383.2,52261.9,52288.9,0
2021-06-18 09:15:00,1623987900,52568.1,52586.4,51960.9,52147.5,0
2021-06-18 10:15:00,1623991500,52148.7,52160.8,51601.1,51885.6,0
2021-06-18 11:15:00,1623995100,51882.4,52003.7,51852.5,51920.1,0
2021-06-18 12:15:00,1623998700,51920.6,52083.8,51913.1,52002.4,0
2021-06-18 13:15:00,1624002300,52004.9,52174,51932.4,52118.5,0
2021-06-18 14:15:00,1624005900,52117.8,52351.7,52100.4,52344.3,0
2021-06-18 15:15:00,1624009500,52345.1,52505.4,52339.5,52470.3,0
2021-06-21 09:15:00,1624247100,51887.6,52108.6,51740.2,52078.5,0
2021-06-21 10:15:00,1624250700,52074.3,52197.4,52067.1,52095.4,0
2021-06-21 11:15:00,1624254300,52095.4,52175,52036.3,52095,0
2021-06-21 12:15:00,1624257900,52095.6,52386.9,52076.7,52375.3,0
2021-06-21 13:15:00,1624261500,52374,52474,52260.4,52473.8,0
2021-06-21 14:15:00,1624265100,52473.6,52575.6,52433.2,52568.1,0
2021-06-21 15:15:00,1624268700,52568.6,52629.2,52557.3,52586.5,0
2021-06-22 09:15:00,1624333500,52885,53037.1,52800.8,53029.1,0
2021-06-22 10:15:00,1624337100,53024.3,53057.1,52920.5,52930.4,0
2021-06-22 11:15:00,1624340700,52931,52973.2,52850.3,52925.4,0
2021-06-22 12:15:00,1624344300,52925.9,52928,52789.9,52856.5,0
2021-06-22 13:15:00,1624347900,52855,52866,52697.1,52750.1,0
2021-06-22 14:15:00,1624351500,52746.4,52820.7,52538.6,52611.3,0
2021-06-22 15:15:00,1624355100,52607.5,52612.8,52520.6,52560.6,0
2021-06-23 09:15:00,1624419900,52912.4,52912.4,52533.8,52537.4,0
2021-06-23 10:15:00,1624423500,52529.3,52638.7,52434.7,52551.2,0
2021-06-23 11:15:00,1624427100,52549.6,52591.2,52462.2,52531.2,0
2021-06-23 12:15:00,1624430700,52528.7,52562.9,52374.3,52398.9,0
2021-06-23 13:15:00,1624434300,52398.5,52636.7,52351.1,52505.9,0
2021-06-23 14:15:00,1624437900,52505.8,52526.4,52264.1,52305.8,0
2021-06-23 15:15:00,1624441500,52306.8,52342.1,52282.7,52341.3,0
2021-06-24 09:15:00,1624506300,52514.6,52590.9,52385.1,52485.2,0
2021-06-24 10:15:00,1624509900,52484.8,52615,52477.2,52585.6,0
2021-06-24 11:15:00,1624513500,52585.4,52616.6,52508.3,52605.3,0
2021-06-24 12:15:00,1624517100,52606.1,52702.4,52573.6,52696.2,0
2021-06-24 13:15:00,1624520700,52696.5,52797.8,52656.4,52768.6,0
2021-06-24 14:15:00,1624524300,52770,52830.7,52600.5,52722.8,0
2021-06-24 15:15:00,1624527900,52720.7,52720.7,52647.5,52711.2,0
2021-06-25 09:15:00,1624592700,52877.2,52899.5,52614.9,52696.5,0
2021-06-25 10:15:00,1624596300,52695,52733,52614.5,52701.6,0
2021-06-25 11:15:00,1624599900,52700.7,52806.3,52669.6,52794.2,0
2021-06-25 12:15:00,1624603500,52793.1,52906.8,52786.3,52854.2,0
2021-06-25 13:15:00,1624607100,52852.7,52973.1,52837.1,52946.7,0
2021-06-25 14:15:00,1624610700,52946.7,52968.7,52879.1,52963.9,0
2021-06-25 15:15:00,1624614300,52962.9,52963,52860.8,52888.7,0
2021-06-28 09:15:00,1624851900,53126.7,53126.7,52850.1,52911.2,0
2021-06-28 10:15:00,1624855500,52908.9,52919.7,52747.9,52768,0
2021-06-28 11:15:00,1624859100,52767.1,52855.4,52728.7,52791.1,0
2021-06-28 12:15:00,1624862700,52788.3,52824.2,52756.1,52822.7,0
2021-06-28 13:15:00,1624866300,52827.1,52868.5,52733.9,52802.5,0
2021-06-28 14:15:00,1624869900,52803.5,52830.9,52673.5,52743.6,0
2021-06-28 15:15:00,1624873500,52743.4,52780.7,52716.3,52774.6,0
2021-06-29 09:15:00,1624938300,52795.8,52816.4,52552.4,52593.7,0
2021-06-29 10:15:00,1624941900,52589.8,52626.3,52533.2,52618.1,0
2021-06-29 11:15:00,1624945500,52620.9,52644.8,52516.7,52518.4,0
2021-06-29 12:15:00,1624949100,52517.8,52652.6,52516.6,52631.8,0
2021-06-29 13:15:00,1624952700,52630.8,52720.8,52508.5,52607.3,0
2021-06-29 14:15:00,1624956300,52606.9,52610.8,52477.8,52545.3,0
2021-06-29 15:15:00,1624959900,52542.8,52595.8,52539.1,52567.3,0
2021-06-30 09:15:00,1625024700,52651.1,52764.8,52630.9,52756.3,0
2021-06-30 10:15:00,1625028300,52765.4,52866.3,52730.8,52861.9,0
2021-06-30 11:15:00,1625031900,52859.6,52875.9,52787,52837.8,0
2021-06-30 12:15:00,1625035500,52837.6,52869.9,52766.8,52795.6,0
2021-06-30 13:15:00,1625039100,52793.9,52819.9,52635.9,52694.1,0
2021-06-30 14:15:00,1625042700,52692.5,52733.1,52459.6,52464.3,0
2021-06-30 15:15:00,1625046300,52461,52518.3,52448.6,52514.9,0
2021-07-01 09:15:00,1625111100,52638.5,52638.5,52415.4,52445.1,0
2021-07-01 10:15:00,1625114700,52442.4,52480.1,52342,52429.7,0
2021-07-01 11:15:00,1625118300,52428.9,52442.7,52360.7,52395.1,0
2021-07-01 12:15:00,1625121900,52394.4,52467.2,52349.4,52443.1,0
2021-07-01 13:15:00,1625125500,52439.2,52507.6,52363.9,52434,0
2021-07-01 14:15:00,1625129100,52436.4,52436.5,52281,52314.2,0
2021-07-01 15:15:00,1625132700,52308.4,52368.3,52301,52357.9,0
2021-07-02 09:15:00,1625197500,52434.6,52436.8,52200.5,52320.4,0
2021-07-02 10:15:00,1625201100,52323.6,52330.7,52177.7,52250.4,0
2021-07-02 11:15:00,1625204700,52254.1,52322.2,52237.2,52305.2,0
2021-07-02 12:15:00,1625208300,52305.8,52423.8,52304.4,52391.6,0
2021-07-02 13:15:00,1625211900,52391.4,52417.4,52289.2,52360.3,0
2021-07-02 14:15:00,1625215500,52359.9,52492.4,52318.2,52486.2,0
2021-07-02 15:15:00,1625219100,52484.3,52527.9,52480.1,52501,0
2021-07-05 09:15:00,1625456700,52682.89,52834.6,52604.4,52806.5,0
2021-07-05 10:15:00,1625460300,52801.3,52871.3,52801.3,52837.7,0
2021-07-05 11:15:00,1625463900,52840,52865.1,52815.3,52855.4,0
2021-07-05 12:15:00,1625467500,52855.3,52855.3,52764.4,52830.1,0
2021-07-05 13:15:00,1625471100,52829.6,52884.3,52802.7,52853.6,0
2021-07-05 14:15:00,1625474700,52853.9,52897.6,52797,52891.1,0
2021-07-05 15:15:00,1625478300,52891.1,52919.2,52874.9,52892.5,0
2021-07-06 09:15:00,1625543100,52874.9,52984.7,52805.9,52956.1,0
2021-07-06 10:15:00,1625546700,52953.6,53023.1,52887.6,53022.2,0
2021-07-06 11:15:00,1625550300,53021.7,53104,52994.4,53080.6,0
2021-07-06 12:15:00,1625553900,53080.7,53096.8,52989.2,53040.6,0
2021-07-06 13:15:00,1625557500,53043.8,53129.4,53018.2,53111.1,0
2021-07-06 14:15:00,1625561100,53109.7,53117.1,52810.5,52815.6,0
2021-07-06 15:15:00,1625564700,52819.6,52872.5,52804.2,52841.2,0
2021-07-07 09:15:00,1625629500,52919.7,53006,52751.8,52861.3,0
2021-07-07 10:15:00,1625633100,52863.1,52926.6,52807.8,52916.8,0
2021-07-07 11:15:00,1625636700,52918.6,52969.7,52903.2,52926.9,0
2021-07-07 12:15:00,1625640300,52924.4,52970,52858.7,52929.7,0
2021-07-07 13:15:00,1625643900,52929.9,52992.2,52859.3,52976.2,0
2021-07-07 14:15:00,1625647500,52975.9,53077.8,52913.5,53069,0
2021-07-07 15:15:00,1625651100,53072.8,53105.4,53034.4,53056.5,0
2021-07-08 09:15:00,1625715900,53065.7,53103,52954.2,52982.9,0
2021-07-08 10:15:00,1625719500,52984.5,52985.1,52881.3,52926.8,0
2021-07-08 11:15:00,1625723100,52925.6,52970.5,52767.8,52789.7,0
2021-07-08 12:15:00,1625726700,52791.1,52806.3,52613.5,52660.4,0
2021-07-08 13:15:00,1625730300,52660.4,52729.7,52493.3,52565.7,0
2021-07-08 14:15:00,1625733900,52565.7,52637.8,52428.8,52614.5,0
2021-07-08 15:15:00,1625737500,52616.8,52629.5,52542.7,52572.9,0
2021-07-09 09:15:00,1625802300,52508.2,52508.2,52228,52358.6,0
2021-07-09 10:15:00,1625805900,52359.3,52555.7,52349.6,52392.3,0
2021-07-09 11:15:00,1625809500,52393,52396.4,52293.6,52381.8,0
2021-07-09 12:15:00,1625813100,52381,52450.1,52310.9,52370.3,0
2021-07-09 13:15:00,1625816700,52370.2,52451.9,52333.6,52433.4,0
2021-07-09 14:15:00,1625820300,52433.3,52442.5,52282.2,52369.7,0
2021-07-09 15:15:00,1625823900,52372.6,52405,52368.3,52404.3,0
2021-07-12 09:15:00,1626061500,52634.3,52685.9,52568.9,52645.2,0
2021-07-12 10:15:00,1626065100,52649.8,52700.5,52634.5,52640.7,0
2021-07-12 11:15:00,1626068700,52640.5,52674.9,52598.1,52618.4,0
2021-07-12 12:15:00,1626072300,52618.4,52645.3,52378.1,52406.5,0
2021-07-12 13:15:00,1626075900,52399.8,52475.1,52250.9,52344.6,0
2021-07-12 14:15:00,1626079500,52345.2,52406.9,52209,52347.3,0
2021-07-12 15:15:00,1626083100,52347.5,52422.3,52342.1,52362.3,0
2021-07-13 09:15:00,1626147900,52694.9,52716.8,52559.2,52612.7,0
2021-07-13 10:15:00,1626151500,52615.6,52642.6,52545.7,52622.3,0
2021-07-13 11:15:00,1626155100,52621.2,52725.8,52598.3,52717.9,0
2021-07-13 12:15:00,1626158700,52717.5,52785.1,52669.7,52769,0
2021-07-13 13:15:00,1626162300,52766.5,52806.9,52707.5,52755.6,0
2021-07-13 14:15:00,1626165900,52756.4,52791.3,52723.3,52786.7,0
2021-07-13 15:15:00,1626169500,52790,52792.4,52741.6,52769.5,0
2021-07-14 09:15:00,1626234300,52801.4,52801.4,52612,52700.3,0
2021-07-14 10:15:00,1626237900,52696.5,52865.4,52673,52848.8,0
2021-07-14 11:15:00,1626241500,52850.4,52872.9,52810.2,52847.6,0
2021-07-14 12:15:00,1626245100,52847.2,52974.5,52836.1,52970.6,0
2021-07-14 13:15:00,1626248700,52969.2,52978.6,52852.5,52894.2,0
2021-07-14 14:15:00,1626252300,52894.8,52963.3,52860.1,52942.1,0
2021-07-14 15:15:00,1626255900,52939.7,52939.7,52832,52864.3,0
2021-07-15 09:15:00,1626320700,52968.9,53084.4,52948.4,53030.1,0
2021-07-15 10:15:00,1626324300,53031.4,53229.4,53013.9,53189.8,0
2021-07-15 11:15:00,1626327900,53193.4,53228.6,53164.7,53212.2,0
2021-07-15 12:15:00,1626331500,53212.3,53253.2,53124.3,53201.7,0
2021-07-15 13:15:00,1626335100,53200.7,53252.7,53138.9,53240.8,0
2021-07-15 14:15:00,1626338700,53237.4,53266.1,53133.6,53150.9,0
2021-07-15 15:15:00,1626342300,53148.8,53164.8,53129.3,53150.3,0
2021-07-16 09:15:00,1626407100,53244.4,53290.8,53131.1,53156.2,0
2021-07-16 10:15:00,1626410700,53153.6,53231.7,53084,53201.1,0
2021-07-16 11:15:00,1626414300,53200.3,53219.8,53047.5,53092.1,0
2021-07-16 12:15:00,1626417900,53090.1,53141.7,53022.2,53124.2,0
2021-07-16 13:15:00,1626421500,53125.3,53135.8,52997.1,53069.6,0
2021-07-16 14:15:00,1626425100,53071,53207.4,53069.2,53146.3,0
2021-07-16 15:15:00,1626428700,53145.3,53158.4,53113.9,53132,0
2021-07-19 09:15:00,1626666300,52607,52821.2,52506.4,52769.8,0
2021-07-19 10:15:00,1626669900,52764.9,52789.8,52713.3,52760.7,0
2021-07-19 11:15:00,1626673500,52761.8,52788.7,52723.6,52756.1,0
2021-07-19 12:15:00,1626677100,52761.3,52763.2,52460.5,52547.9,0
2021-07-19 13:15:00,1626680700,52549.4,52611.8,52537.7,52553.6,0
2021-07-19 14:15:00,1626684300,52553.7,52561.8,52405.9,52552.2,0
2021-07-19 15:15:00,1626687900,52548.8,52595.4,52544.6,52567.9,0
2021-07-20 09:15:00,1626752700,52432.9,52465,52190.9,52319.6,0
2021-07-20 10:15:00,1626756300,52319.6,52320.9,52043.2,52068.1,0
2021-07-20 11:15:00,1626759900,52065.9,52159.4,52013.5,52044.1,0
2021-07-20 12:15:00,1626763500,52037.7,52326.7,52033.5,52309.1,0
2021-07-20 13:15:00,1626767100,52315.2,52370.8,52271.5,52347.8,0
2021-07-20 14:15:00,1626770700,52347.2,52350.1,52180.8,52230.3,0
2021-07-20 15:15:00,1626774300,52226.8,52227.1,52154.9,52180.2,0
2021-07-22 09:15:00,1626925500,52494.6,52774.5,52471.2,52750.6,0
2021-07-22 10:15:00,1626929100,52750.2,52837.6,52711,52818.8,0
2021-07-22 11:15:00,1626932700,52819.7,52864.8,52770,52844.6,0
2021-07-22 12:15:00,1626936300,52845.8,52854.9,52759.1,52761.9,0
2021-07-22 13:15:00,1626939900,52760.9,52862.2,52753.3,52798.6,0
2021-07-22 14:15:00,1626943500,52800.3,52850.7,52659.5,52818,0
2021-07-22 15:15:00,1626947100,52821.6,52867.3,52808.2,52833.2,0
2021-07-23 09:15:00,1627011900,52967.9,53008.5,52653.8,52932.4,0
2021-07-23 10:15:00,1627015500,52939.3,52963.4,52751.7,52899.1,0
2021-07-23 11:15:00,1627019100,52899.1,52953.9,52841.1,52935.3,0
2021-07-23 12:15:00,1627022700,52933.5,53074.4,52914.8,53039.1,0
2021-07-23 13:15:00,1627026300,53041.6,53114.7,53001,53102.8,0
2021-07-23 14:15:00,1627029900,53099.9,53105.7,52980.5,52992.6,0
2021-07-23 15:15:00,1627033500,52996.1,52996.2,52914.5,52968.8,0
2021-07-26 09:15:00,1627271100,52985.3,53052.7,52783.6,53012.7,0
2021-07-26 10:15:00,1627274700,53016.2,53103.4,52966.8,53063.4,0
2021-07-26 11:15:00,1627278300,53063,53088.6,52915.2,52957.6,0
2021-07-26 12:15:00,1627281900,52960.8,53016.5,52930.9,52951.5,0
2021-07-26 13:15:00,1627285500,52949.9,53016.9,52917.5,52946.2,0
2021-07-26 14:15:00,1627289100,52944.4,52995.6,52839.2,52850.2,0
2021-07-26 15:15:00,1627292700,52850.9,52879.3,52813.9,52837.6,0
2021-07-27 09:15:00,1627357500,52995.7,53024.7,52880.6,52971.1,0
2021-07-27 10:15:00,1627361100,52963.3,53007.4,52872.3,52905.8,0
2021-07-27 11:15:00,1627364700,52905.6,52923.9,52826.7,52866.7,0
2021-07-27 12:15:00,1627368300,52862.8,52863.9,52433.2,52484.7,0
2021-07-27 13:15:00,1627371900,52479.3,52681.4,52471.6,52525.9,0
2021-07-27 14:15:00,1627375500,52522.9,52599.4,52473.6,52572.9,0
2021-07-27 15:15:00,1627379100,52574.8,52595.3,52557.1,52577.9,0
2021-07-28 09:15:00,1627443900,52673.7,52673.7,52185.9,52254,0
2021-07-28 10:15:00,1627447500,52250.3,52265.9,51802.7,52045.7,0
2021-07-28 11:15:00,1627451100,52044.3,52182.1,51997.5,52182.1,0
2021-07-28 12:15:00,1627454700,52182.2,52295.1,52148.7,52295.1,0
2021-07-28 13:15:00,1627458300,52293.5,52455.5,52277.6,52375.4,0
2021-07-28 14:15:00,1627461900,52373.1,52485.5,52227.6,52458.6,0
2021-07-28 15:15:00,1627465500,52456.3,52489,52441.5,52467.5,0
2021-07-29 09:15:00,1627530300,52693.5,52708.7,52563.1,52658.6,0
2021-07-29 10:15:00,1627533900,52657.3,52730.5,52561.4,52711.7,0
2021-07-29 11:15:00,1627537500,52712.3,52740.7,52652,52661.7,0
2021-07-29 12:15:00,1627541100,52663.6,52723.1,52592.4,52709.7,0
2021-07-29 13:15:00,1627544700,52707.9,52777.2,52686.7,52713.9,0
2021-07-29 14:15:00,1627548300,52708.9,52742.7,52616.4,52644.4,0
2021-07-29 15:15:00,1627551900,52637.1,52705.5,52622.2,52701.1,0
2021-07-30 09:15:00,1627616700,52792.4,52799.7,52555.4,52780.2,0
2021-07-30 10:15:00,1627620300,52773.5,52774.8,52680.4,52723.5,0
2021-07-30 11:15:00,1627623900,52722.8,52779.2,52685.3,52767.7,0
2021-07-30 12:15:00,1627627500,52763.5,52779.3,52707.8,52734.3,0
2021-07-30 13:15:00,1627631100,52735.7,52893.8,52714.2,52885.6,0
2021-07-30 14:15:00,1627634700,52885.3,52910.2,52533.9,52543.7,0
2021-07-30 15:15:00,1627638300,52541.3,52648.4,52540.4,52638.2,0
2021-08-02 09:15:00,1627875900,52901.3,52956.4,52840.6,52861.7,0
2021-08-02 10:15:00,1627879500,52860.7,52929.9,52841.8,52909.8,0
2021-08-02 11:15:00,1627883100,52905.8,52976.3,52898.3,52939.7,0
2021-08-02 12:15:00,1627886700,52938.7,52960.6,52916.6,52940.3,0
2021-08-02 13:15:00,1627890300,52938.4,52986.8,52878.3,52959.3,0
2021-08-02 14:15:00,1627893900,52957.1,52981.6,52804.1,52975.6,0
2021-08-02 15:15:00,1627897500,52973.4,52979.2,52938.2,52966.9,0
2021-08-03 09:15:00,1627962300,53126,53289.4,53088.4,53289.2,0
2021-08-03 10:15:00,1627965900,53291.1,53338.1,53234,53296.1,0
2021-08-03 11:15:00,1627969500,53292.5,53410.9,53289.1,53408.9,0
2021-08-03 12:15:00,1627973100,53406.9,53518.6,53406.7,53518.3,0
2021-08-03 13:15:00,1627976700,53518.6,53557.9,53471.6,53491.1,0
2021-08-03 14:15:00,1627980300,53491.3,53830.1,53484.5,53812.7,0
2021-08-03 15:15:00,1627983900,53812.3,53888,53781.4,53792.8,0
2021-08-04 09:15:00,1628048700,54071.2,54326.6,54034.3,54292.5,0
2021-08-04 10:15:00,1628052300,54288.3,54440.8,54288,54380.7,0
2021-08-04 11:15:00,1628055900,54379.9,54384.2,54156.8,54344.5,0
2021-08-04 12:15:00,1628059500,54344.3,54374.2,54233.4,54283.7,0
2021-08-04 13:15:00,1628063100,54286.9,54411.6,54285.6,54393.1,0
2021-08-04 14:15:00,1628066700,54391.7,54465.9,54336.3,54395.5,0
2021-08-04 15:15:00,1628070300,54401.8,54401.8,54335.7,54343.7,0
2021-08-05 09:15:00,1628135100,54541.8,54485,54259.2,54305.7,0
2021-08-05 10:15:00,1628138700,54305.1,54352.7,54253.6,54292.6,0
2021-08-05 11:15:00,1628142300,54295.9,54450.2,54290.2,54449.4,0
2021-08-05 12:15:00,1628145900,54450.4,54638.1,54399.4,54630,0
2021-08-05 13:15:00,1628149500,54622.3,54703.6,54573.4,54686.4,0
2021-08-05 14:15:00,1628153100,54681.1,54714.3,54466,54456.2,0
2021-08-05 15:15:00,1628156700,54456.1,54473.6,54421.2,54454.7,0
2021-08-06 09:15:00,1628221500,54492.2,54633.6,54406,54565.6,0
2021-08-06 10:15:00,1628225100,54559.1,54590.2,54265.2,54372.2,0
2021-08-06 11:15:00,1628228700,54372.3,54426.6,54257,54389.6,0
2021-08-06 12:15:00,1628232300,54390.3,54398.1,54297.4,54346.1,0
2021-08-06 13:15:00,1628235900,54344.2,54384.5,54276.7,54321.4,0
2021-08-06 14:15:00,1628239500,54320.4,54364.1,54210.3,54241.6,0
2021-08-06 15:15:00,1628243100,54237.8,54333.4,54226.3,54333.4,0
2021-08-09 09:15:00,1628480700,54385.7,54584.7,54336.9,54522,0
2021-08-09 10:15:00,1628484300,54516.4,54545.1,54393.5,54450.6,0
2021-08-09 11:15:00,1628487900,54448.3,54490.9,54326.3,54372.2,0
2021-08-09 12:15:00,1628491500,54372.4,54398.3,54258.4,54330.9,0
2021-08-09 13:15:00,1628495100,54326.4,54339.3,54124.3,54295.1,0
2021-08-09 14:15:00,1628498700,54295.7,54446.8,54249.4,54404,0
2021-08-09 15:15:00,1628502300,54404.9,54430.1,54375.9,54387,0
2021-08-10 09:15:00,1628567100,54461.3,54683.4,54450.3,54656.8,0
2021-08-10 10:15:00,1628570700,54655.4,54772.1,54578.6,54636.5,0
2021-08-10 11:15:00,1628574300,54640.3,54779.7,54631,54753.8,0
2021-08-10 12:15:00,1628577900,54752.7,54767.6,54669.2,54703.2,0
2021-08-10 13:15:00,1628581500,54702,54744.2,54312.4,54334.5,0
2021-08-10 14:15:00,1628585100,54329.4,54600.5,54308.8,54585.8,0
2021-08-10 15:15:00,1628588700,54587.6,54593,54502.1,54530.6,0
2021-08-11 09:15:00,1628653500,54730.6,54758.7,54304,54361.4,0
2021-08-11 10:15:00,1628657100,54354.8,54460.4,54227.6,54231.7,0
2021-08-11 11:15:00,1628660700,54229,54313.9,54167.2,54229.9,0
2021-08-11 12:15:00,1628664300,54229.7,54403,54228.8,54377.8,0
2021-08-11 13:15:00,1628667900,54376.1,54506.9,54369.4,54446.5,0
2021-08-11 14:15:00,1628671500,54448.9,54557.9,54372.8,54535.2,0
2021-08-11 15:15:00,1628675100,54533.5,54552.3,54483,54509.9,0
2021-08-12 09:15:00,1628739900,54641.2,54713.4,54536.6,54686.5,0
2021-08-12 10:15:00,1628743500,54687.2,54724.2,54642.9,54687.4,0
2021-08-12 11:15:00,1628747100,54689.2,54758.8,54655.1,54749.4,0
2021-08-12 12:15:00,1628750700,54750.7,54808.1,54709.2,54768.5,0
2021-08-12 13:15:00,1628754300,54768.1,54862.2,54753,54791.1,0
2021-08-12 14:15:00,1628757900,54789,54874.1,54754.6,54809.6,0
2021-08-12 15:15:00,1628761500,54807.8,54852.1,54806.2,54827,0
2021-08-13 09:15:00,1628826300,54911.9,55124.7,54905.5,55100.9,0
2021-08-13 10:15:00,1628829900,55104.4,55211.1,55071.9,55205.4,0
2021-08-13 11:15:00,1628833500,55210.7,55317.1,55162.3,55283.6,0
2021-08-13 12:15:00,1628837100,55282,55362.9,55238,55306.5,0
2021-08-13 13:15:00,1628840700,55307,55405.1,55251,55399.3,0
2021-08-13 14:15:00,1628844300,55401.4,55487.8,55351.2,55441.6,0
2021-08-13 15:15:00,1628847900,55435.7,55468.4,55382.8,55402.4,0
2021-08-16 09:15:00,1629085500,55479.7,55518.9,55281,55498.4,0
2021-08-16 10:15:00,1629089100,55499.1,55642.9,55454.4,55627,0
2021-08-16 11:15:00,1629092700,55624.2,55680.8,55573.6,55591.7,0
2021-08-16 12:15:00,1629096300,55612.1,55647.5,55493.3,55603.5,0
2021-08-16 13:15:00,1629099900,55600.8,55638.5,55553.9,55594.6,0
2021-08-16 14:15:00,1629103500,55596.5,55669.1,55553.3,55608.1,0
2021-08-16 15:15:00,1629107100,55606.1,55619.7,55521.7,55544.5,0
2021-08-17 09:15:00,1629171900,55565.6,55688.5,55415.6,55581,0
2021-08-17 10:15:00,1629175500,55583.5,55659.6,55558.1,55636.7,0
2021-08-17 11:15:00,1629179100,55636.8,55681.2,55386.5,55483.7,0
2021-08-17 12:15:00,1629182700,55481,55551.6,55421.3,55527.5,0
2021-08-17 13:15:00,1629186300,55527.9,55671.6,55493.8,55663.6,0
2021-08-17 14:15:00,1629189900,55665.6,55827.9,55551.5,55820.4,0
2021-08-17 15:15:00,1629193500,55821.3,55854.9,55768.1,55777.4,0
2021-08-18 09:15:00,1629258300,56073.3,56096.8,55961.7,56095.7,0
2021-08-18 10:15:00,1629261900,56094.2,56118.6,56019.8,56038.2,0
2021-08-18 11:15:00,1629265500,56039.1,56048.6,55903.6,55911.4,0
2021-08-18 12:15:00,1629269100,55909.9,55978.2,55666,55701,0
2021-08-18 13:15:00,1629272700,55706.3,55767.3,55588.4,55612.3,0
2021-08-18 14:15:00,1629276300,55612.3,55710.1,55514.9,55673.1,0
2021-08-18 15:15:00,1629279900,55673.3,55675.2,55557.9,55571.6,0
2021-08-20 09:15:00,1629431100,55159.1,55495.6,55014,55366.5,0
2021-08-20 10:15:00,1629434700,55369.3,55440.2,55182.8,55221,0
2021-08-20 11:15:00,1629438300,55220.5,55467.2,55220.5,55410.6,0
2021-08-20 12:15:00,1629441900,55411.1,55465.5,55273.4,55319.8,0
2021-08-20 13:15:00,1629445500,55322.2,55437.2,55281,55410.1,0
2021-08-20 14:15:00,1629449100,55406.4,55543.2,55383.4,55391.1,0
2021-08-20 15:15:00,1629452700,55382.3,55389.1,55225.9,55256.6,0
2021-08-23 09:15:00,1629690300,55695.8,55781.2,55516.2,55554.1,0
2021-08-23 10:15:00,1629693900,55552.5,55576.7,55240.3,55437.3,0
2021-08-23 11:15:00,1629697500,55435.6,55620.2,55376,55596.8,0
2021-08-23 12:15:00,1629701100,55596.4,55608.1,55466.8,55542.8,0
2021-08-23 13:15:00,1629704700,55540.4,55686.8,55540,55657.8,0
2021-08-23 14:15:00,1629708300,55659.4,55662,55535.1,55565.4,0
2021-08-23 15:15:00,1629711900,55562.5,55563.7,55521.7,55537.4,0
2021-08-24 09:15:00,1629776700,55647.1,55816.7,55536.8,55605.8,0
2021-08-24 10:15:00,1629780300,55604.2,55717.5,55603.8,55681.9,0
2021-08-24 11:15:00,1629783900,55675.7,55776.8,55667.1,55760.8,0
2021-08-24 12:15:00,1629787500,55759.8,55842.3,55742.3,55782.9,0
2021-08-24 13:15:00,1629791100,55784.1,55986,55766.4,55946.2,0
2021-08-24 14:15:00,1629794700,55945.2,56023.2,55919.8,55953.9,0
2021-08-24 15:15:00,1629798300,55948.4,55974.1,55887.6,55925.8,0
2021-08-25 09:15:00,1629863100,56067.1,56188.5,55999.7,56115.1,0
2021-08-25 10:15:00,1629866700,56112.6,56146.6,56058,56086.5,0
2021-08-25 11:15:00,1629870300,56086.9,56198.1,55920.5,56036.7,0
2021-08-25 12:15:00,1629873900,56037.8,56085.4,55993.6,56040.2,0
2021-08-25 13:15:00,1629877500,56039.8,56121.6,55997.8,55997.8,0
2021-08-25 14:15:00,1629881100,55994.1,56039.4,55900,55921.8,0
2021-08-25 15:15:00,1629884700,55919.6,55963.7,55907.9,55938.7,0
2021-08-26 09:15:00,1629949500,55988.4,56068.7,55854.1,56052.6,0
2021-08-26 10:15:00,1629953100,56056.9,56112.4,56043.7,56071.3,0
2021-08-26 11:15:00,1629956700,56071.6,56103.6,55984.1,56013,0
2021-08-26 12:15:00,1629960300,56013.4,56065.7,55858.2,55973.2,0
2021-08-26 13:15:00,1629963900,55973.9,56030.3,55936.1,55988.1,0
2021-08-26 14:15:00,1629967500,55989.6,56000.1,55860.9,55961.4,0
2021-08-26 15:15:00,1629971100,55963.9,55993.1,55889.4,55964.1,0
2021-08-27 09:15:00,1630035900,55862.9,55982.5,55675.9,55891.3,0
2021-08-27 10:15:00,1630039500,55893.1,56003.8,55888.3,55980.8,0
2021-08-27 11:15:00,1630043100,55980.5,56097.3,55977.6,56080.3,0
2021-08-27 12:15:00,1630046700,56079.8,56127.5,56037.6,56118.9,0
2021-08-27 13:15:00,1630050300,56119.4,56171.8,56078.1,56110.6,0
2021-08-27 14:15:00,1630053900,56108.6,56188.2,56098.2,56145.6,0
2021-08-27 15:15:00,1630057500,56148.4,56153.9,56061.4,56083.7,0
2021-08-30 09:15:00,1630295100,56329.2,56630.5,56309.9,56610.3,0
2021-08-30 10:15:00,1630298700,56618.7,56734.3,56607.5,56689.2,0
2021-08-30 11:15:00,1630302300,56688.3,56705.5,56603.6,56648.3,0
2021-08-30 12:15:00,1630305900,56646.9,56707.8,56617.9,56707.8,0
2021-08-30 13:15:00,1630309500,56709.2,56754.5,56673.4,56749.8,0
2021-08-30 14:15:00,1630313100,56747.3,56902.4,56741.4,56897.2,0
2021-08-30 15:15:00,1630316700,56896.6,56958.3,56871.4,56912.7,0
2021-08-31 09:15:00,1630381500,56995.1,57124.8,56859.1,56990.5,0
2021-08-31 10:15:00,1630385100,56991.1,57106.2,56971.1,57022.7,0
2021-08-31 11:15:00,1630388700,57023,57123.8,56967.1,57119,0
2021-08-31 12:15:00,1630392300,57117.2,57280.4,57075.6,57260.2,0
2021-08-31 13:15:00,1630395900,57264,57329.6,57074,57252.3,0
2021-08-31 14:15:00,1630399500,57252.9,57618.5,57252.9,57594.9,0
2021-08-31 15:15:00,1630403100,57593.9,57625.3,57523.1,57558.6,0
2021-09-01 09:15:00,1630467900,57763.5,57918.7,57277.9,57832.2,0
2021-09-01 10:15:00,1630471500,57834.5,57844.9,57443.1,57516.8,0
2021-09-01 11:15:00,1630475100,57518.6,57589.4,57397.4,57432.3,0
2021-09-01 12:15:00,1630478700,57433.8,57576.2,57363.3,57483.1,0
2021-09-01 13:15:00,1630482300,57491.6,57601.1,57436.4,57502.3,0
2021-09-01 14:15:00,1630485900,57501.6,57541.5,57312.2,57312.2,0
2021-09-01 15:15:00,1630489500,57315,57332,57263.9,57284.3,0
2021-09-02 09:15:00,1630554300,57423.6,57512.1,57287.8,57479.7,0
2021-09-02 10:15:00,1630557900,57481.8,57573.2,57429.6,57566.6,0
2021-09-02 11:15:00,1630561500,57568.6,57661.8,57567.7,57642.9,0
2021-09-02 12:15:00,1630565100,57645.1,57712.7,57562.2,57709.8,0
2021-09-02 13:15:00,1630568700,57706.5,57800.6,57621.4,57794.4,0
2021-09-02 14:15:00,1630572300,57803.1,57892.4,57779,57843.3,0
2021-09-02 15:15:00,1630575900,57850.2,57873.6,57794.4,57829.8,0
2021-09-03 09:15:00,1630640700,57983.4,58115.7,57937.9,58077.2,0
2021-09-03 10:15:00,1630644300,58078.6,58107.2,57820.9,57849.4,0
2021-09-03 11:15:00,1630647900,57844.9,57959,57764.1,57951,0
2021-09-03 12:15:00,1630651500,57950.8,58039.1,57913.7,58039.1,0
2021-09-03 13:15:00,1630655100,58032.6,58140.3,57830.3,57973.2,0
2021-09-03 14:15:00,1630658700,57965.6,58143.2,57928,58127.4,0
2021-09-03 15:15:00,1630662300,58125.1,58194.8,58116.4,58141,0
2021-09-06 09:15:00,1630899900,58411.6,58515.9,58334.3,58407.6,0
2021-09-06 10:15:00,1630903500,58407.8,58418.3,58233.4,58285.6,0
2021-09-06 11:15:00,1630907100,58282.7,58335.7,58200.3,58282.8,0
2021-09-06 12:15:00,1630910700,58281.2,58374.8,58258.1,58355.4,0
2021-09-06 13:15:00,1630914300,58357,58389.9,58240.5,58308,0
2021-09-06 14:15:00,1630917900,58303.9,58351.4,58239,58290.5,0
2021-09-06 15:15:00,1630921500,58295.6,58314.9,58265.3,58308.4,0
2021-09-07 09:15:00,1630986300,58418.7,58459.7,58022.7,58078.3,0
2021-09-07 10:15:00,1630989900,58084.1,58187.3,58005.1,58138.4,0
2021-09-07 11:15:00,1630993500,58141.1,58352,58100,58341.6,0
2021-09-07 12:15:00,1630997100,58346.9,58553.1,58346.9,58454.2,0
2021-09-07 13:15:00,1631000700,58455.7,58531.6,58363,58472.2,0
2021-09-07 14:15:00,1631004300,58472.3,58477,58250.8,58283.5,0
2021-09-07 15:15:00,1631007900,58283,58289.6,58230.4,58277.2,0
2021-09-08 09:15:00,1631072700,58350.6,58372.9,58169.4,58192.9,0
2021-09-08 10:15:00,1631076300,58198,58338.9,58194.4,58314.7,0
2021-09-08 11:15:00,1631079900,58313.6,58317.8,58233.7,58276.5,0
2021-09-08 12:15:00,1631083500,58280.6,58284.2,57924.5,57960.9,0
2021-09-08 13:15:00,1631087100,57950,58162.5,57950,58162.5,0
2021-09-08 14:15:00,1631090700,58166.4,58255.9,58064.8,58233.9,0
2021-09-08 15:15:00,1631094300,58238.9,58326.3,58238.9,58319,0
2021-09-09 09:15:00,1631159100,58173,58270.5,58112.2,58164,0
2021-09-09 10:15:00,1631162700,58162.2,58314.5,58136,58242.3,0
2021-09-09 11:15:00,1631166300,58242.3,58276.4,58210,58232,0
2021-09-09 12:15:00,1631169900,58231,58249.2,58085,58128.3,0
2021-09-09 13:15:00,1631173500,58126.4,58250,58126.4,58220.4,0
2021-09-09 14:15:00,1631177100,58221.8,58326.9,58135.2,58298.4,0
2021-09-09 15:15:00,1631180700,58301.6,58334.6,58264.6,58264.6,0
2021-09-13 09:15:00,1631504700,58262.1,58314.6,57944.6,58001.7,0
2021-09-13 10:15:00,1631508300,57994.1,58138.3,57992.4,58100.4,0
2021-09-13 11:15:00,1631511900,58100.3,58155.4,58062.9,58132.6,0
2021-09-13 12:15:00,1631515500,58133,58276.5,58129.9,58229.2,0
2021-09-13 13:15:00,1631519100,58235.1,58268.3,58176.8,58239.4,0
2021-09-13 14:15:00,1631522700,58238.7,58287.5,58131.8,58204.6,0
2021-09-13 15:15:00,1631526300,58203.8,58203.8,58142.3,58189.2,0
2021-09-14 09:15:00,1631591100,58482.6,58482.6,58310.3,58384.8,0
2021-09-14 10:15:00,1631594700,58384,58439.3,58378.7,58406.6,0
2021-09-14 11:15:00,1631598300,58409.1,58416.4,58335,58363.9,0
2021-09-14 12:15:00,1631601900,58364.4,58396.8,58241.7,58300.4,0
2021-09-14 13:15:00,1631605500,58300.5,58354.6,58237.8,58286.2,0
2021-09-14 14:15:00,1631609100,58288.3,58306.1,58214.3,58242.1,0
2021-09-14 15:15:00,1631612700,58242.4,58270.6,58231.7,58270.6,0
2021-09-15 09:15:00,1631677500,58354.1,58491.4,58272.8,58482.1,0
2021-09-15 10:15:00,1631681100,58484.3,58550.6,58452.5,58499.9,0
2021-09-15 11:15:00,1631684700,58502.2,58586,58501.4,58567.3,0
2021-09-15 12:15:00,1631688300,58567.6,58659.4,58544.5,58650.9,0
2021-09-15 13:15:00,1631691900,58648.7,58746.1,58612.9,58738.7,0
2021-09-15 14:15:00,1631695500,58736.4,58777.1,58688.9,58702.1,0
2021-09-15 15:15:00,1631699100,58704.5,58762.5,58703.3,58723.2,0
2021-09-16 09:15:00,1631763900,58881,58908.2,58700.5,58875,0
2021-09-16 10:15:00,1631767500,58874.2,58898.3,58769.1,58793.9,0
2021-09-16 11:15:00,1631771100,58793.2,58974.2,58777.5,58961.4,0
2021-09-16 12:15:00,1631774700,58960.6,59042.8,58942.7,58976.6,0
2021-09-16 13:15:00,1631778300,58979.1,59089.4,58921.3,59073.9,0
2021-09-16 14:15:00,1631781900,59073.6,59204.3,59053.4,59128,0
2021-09-16 15:15:00,1631785500,59124.9,59168.9,59088,59144.7,0
2021-09-17 09:15:00,1631850300,59410,59619.3,59384.8,59593.8,0
2021-09-17 10:15:00,1631853900,59592.4,59737.3,59583.8,59609.8,0
2021-09-17 11:15:00,1631857500,59612.7,59612.7,59149.1,59185.4,0
2021-09-17 12:15:00,1631861100,59184.3,59329.9,59091.7,59294.2,0
2021-09-17 13:15:00,1631864700,59294.9,59323.3,59139.5,59196.1,0
2021-09-17 14:15:00,1631868300,59192.7,59243.3,58871.7,58987.3,0
2021-09-17 15:15:00,1631871900,58987.6,59111,58971.6,59093,0
2021-09-20 09:15:00,1632109500,58634.7,59017.5,58525.9,58949.5,0
2021-09-20 10:15:00,1632113100,58947.1,59194,58926.5,59158.7,0
2021-09-20 11:15:00,1632116700,59156.9,59202.6,58816.4,58861.1,0
2021-09-20 12:15:00,1632120300,58865.8,58993.6,58836.2,58972.5,0
2021-09-20 13:15:00,1632123900,58974.7,58988.1,58688.7,58722.7,0
2021-09-20 14:15:00,1632127500,58721,58817.1,58469.4,58561.7,0
2021-09-20 15:15:00,1632131100,58561.9,58564.8,58389.7,58429.9,0
2021-09-21 09:15:00,1632195900,58630.1,58779.4,58389.1,58402.1,0
2021-09-21 10:15:00,1632199500,58398.1,58573.3,58300.1,58304.4,0
2021-09-21 11:15:00,1632203100,58302.4,58550.1,58232.5,58401.5,0
2021-09-21 12:15:00,1632206700,58404.1,58662,58364.3,58654.8,0
2021-09-21 13:15:00,1632210300,58657.9,58818.9,58595.4,58767.7,0
2021-09-21 14:15:00,1632213900,58769.2,59018.6,58758.6,58968.5,0
2021-09-21 15:15:00,1632217500,58971.7,59084.5,58967.9,59029.6,0
2021-09-22 09:15:00,1632282300,59166.1,59169.1,58886.8,59158.5,0
2021-09-22 10:15:00,1632285900,59152.4,59178.4,59041,59091.6,0
2021-09-22 11:15:00,1632289500,59084.3,59084.3,58879.8,58988.7,0
2021-09-22 12:15:00,1632293100,58991.2,59140.7,58983.8,59120.4,0
2021-09-22 13:15:00,1632296700,59113.1,59156.6,58983,59092.4,0
2021-09-22 14:15:00,1632300300,59092.4,59120.2,58885.1,58888.2,0
2021-09-22 15:15:00,1632303900,58889.5,58950.2,58878.4,58917.7,0
2021-09-23 09:15:00,1632368700,59358.2,59548.1,59243.1,59540.7,0
2021-09-23 10:15:00,1632372300,59536.1,59582.3,59464.9,59554.8,0
2021-09-23 11:15:00,1632375900,59553.6,59683.7,59516.6,59672.9,0
2021-09-23 12:15:00,1632379500,59677.5,59764.8,59661.4,59664.6,0
2021-09-23 13:15:00,1632383100,59665.7,59760.8,59604.3,59743.7,0
2021-09-23 14:15:00,1632386700,59745.5,59957.2,59717.4,59914,0
2021-09-23 15:15:00,1632390300,59911.6,59928.6,59854.7,59882,0
2021-09-24 09:15:00,1632455100,60158.8,60333,60030.8,60100.2,0
2021-09-24 10:15:00,1632458700,60099.8,60321.4,60096.8,60206.1,0
2021-09-24 11:15:00,1632462300,60210.9,60230.1,60067.5,60116.7,0
2021-09-24 12:15:00,1632465900,60111,60194,59979.3,60080.2,0
2021-09-24 13:15:00,1632469500,60079.5,60106.4,59946.6,60052.6,0
2021-09-24 14:15:00,1632473100,60057.7,60157,59995.7,60103.1,0
2021-09-24 15:15:00,1632476700,60095.7,60107.3,59986.2,59996.4,0
2021-09-27 09:15:00,1632714300,60303.8,60412.3,60086.9,60193.4,0
2021-09-27 10:15:00,1632717900,60195.4,60200.9,59982.6,60020,0
2021-09-27 11:15:00,1632721500,60020.7,60133.3,59887.2,60126.5,0
2021-09-27 12:15:00,1632725100,60127,60194.9,60044.8,60186.8,0
2021-09-27 13:15:00,1632728700,60180.5,60215.3,60135.6,60164,0
2021-09-27 14:15:00,1632732300,60163.7,60178.8,59959.6,60091,0
2021-09-27 15:15:00,1632735900,60087.2,60097.7,60038.6,60077.3,0
2021-09-28 09:15:00,1632800700,60285.9,60288.4,59899.6,60093.1,0
2021-09-28 10:15:00,1632804300,60090.9,60112.3,59793.7,59809.8,0
2021-09-28 11:15:00,1632807900,59813.3,59930.6,59584.4,59603.2,0
2021-09-28 12:15:00,1632811500,59601.4,59603.8,59180.9,59192.7,0
2021-09-28 13:15:00,1632815100,59191.4,59428.9,59159.1,59182.7,0
2021-09-28 14:15:00,1632818700,59182.8,59754.8,59045.5,59740.9,0
2021-09-28 15:15:00,1632822300,59737.7,59761.4,59585.4,59602.2,0
2021-09-29 09:15:00,1632887100,59296.5,59419,59148.7,59317.3,0
2021-09-29 10:15:00,1632890700,59313.1,59392,59111.4,59237,0
2021-09-29 11:15:00,1632894300,59240.3,59345.4,59156.1,59239.6,0
2021-09-29 12:15:00,1632897900,59240,59373.2,59187.8,59370.2,0
2021-09-29 13:15:00,1632901500,59374.4,59525.5,59358.4,59522.7,0
2021-09-29 14:15:00,1632905100,59520.8,59678.7,59387.5,59387.5,0
2021-09-29 15:15:00,1632908700,59393.9,59435,59347.8,59411.8,0
2021-09-30 09:15:00,1632973500,59549.6,59549.6,59228.2,59414.2,0
2021-09-30 10:15:00,1632977100,59417.4,59428.3,59324.3,59378,0
2021-09-30 11:15:00,1632980700,59381.8,59557.2,59369,59515.4,0
2021-09-30 12:15:00,1632984300,59519.3,59528.5,59196.2,59267.4,0
2021-09-30 13:15:00,1632987900,59264.2,59327,59083.8,59185.9,0
2021-09-30 14:15:00,1632991500,59189.9,59239.9,59041.8,59169.9,0
2021-09-30 15:15:00,1632995100,59173.3,59182.6,59019.3,59112.1,0
2021-10-01 09:15:00,1633059900,58889.8,58889.8,58571.5,58662.2,0
2021-10-01 10:15:00,1633063500,58659,58890.1,58653.7,58796.9,0
2021-10-01 11:15:00,1633067100,58798.6,58807.2,58551.1,58602.2,0
2021-10-01 12:15:00,1633070700,58597.8,58757.5,58560.9,58712.8,0
2021-10-01 13:15:00,1633074300,58713.2,58767.4,58626.7,58767.4,0
2021-10-01 14:15:00,1633077900,58766.9,58855.5,58696.9,58764,0
2021-10-01 15:15:00,1633081500,58764.4,58790.1,58718.7,58777.3,0
2021-10-04 09:15:00,1633319100,59143,59440.9,58952.1,59393.1,0
2021-10-04 10:15:00,1633322700,59401.1,59548.8,59387.6,59468.4,0
2021-10-04 11:15:00,1633326300,59469.7,59486.2,59323.6,59352.6,0
2021-10-04 12:15:00,1633329900,59351.6,59359.4,59178.8,59267,0
2021-10-04 13:15:00,1633333500,59270.6,59408.4,59270,59349.7,0
2021-10-04 14:15:00,1633337100,59345.4,59365.1,59280.7,59324.6,0
2021-10-04 15:15:00,1633340700,59318.4,59335.3,59287.4,59327.2,0
2021-10-05 09:15:00,1633405500,59320.14,59320.14,59128.22,59248.55,0
2021-10-05 10:15:00,1633409100,59250.54,59335.5,59127,59259.2,0
2021-10-05 11:15:00,1633412700,59257.4,59319.6,59219.1,59295.2,0
2021-10-05 12:15:00,1633416300,59296.3,59542.7,59256.6,59494.3,0
2021-10-05 13:15:00,1633419900,59496,59638.6,59472.9,59634.4,0
2021-10-05 14:15:00,1633423500,59637.6,59778.9,59575.1,59768.1,0
2021-10-05 15:15:00,1633427100,59766.8,59772.9,59716.7,59772.9,0
2021-10-06 09:15:00,1633491900,59942,59942,59772.7,59777.9,0
2021-10-06 10:15:00,1633495500,59780.7,59826,59611.3,59768.7,0
2021-10-06 11:15:00,1633499100,59771.2,59912.6,59760.1,59900.3,0
2021-10-06 12:15:00,1633502700,59899.7,59963.6,59628.1,59636.9,0
2021-10-06 13:15:00,1633506300,59630.9,59650.1,59431.8,59569.2,0
2021-10-06 14:15:00,1633509900,59567.9,59571.3,59158.3,59210.8,0
2021-10-06 15:15:00,1633513500,59216.2,59222,59079.9,59125.2,0
2021-10-07 09:15:00,1633578300,59632.8,59810.7,59597.1,59738.3,0
2021-10-07 10:15:00,1633581900,59737.6,59790.8,59670.6,59721.5,0
2021-10-07 11:15:00,1633585500,59716.5,59898.9,59671.7,59861,0
2021-10-07 12:15:00,1633589100,59863.8,59914.9,59815.3,59882.7,0
2021-10-07 13:15:00,1633592700,59882.7,59900.5,59767.7,59867,0
2021-10-07 14:15:00,1633596300,59867.2,59867.4,59662.4,59673.2,0
2021-10-07 15:15:00,1633599900,59677.8,59729.6,59633.7,59726.9,0
2021-10-08 09:15:00,1633664700,59960.4,60068.1,59830.9,60020.7,0
2021-10-08 10:15:00,1633668300,60019,60212.3,59973,60101.3,0
2021-10-08 11:15:00,1633671900,60104.5,60147.4,59926.6,59940.1,0
2021-10-08 12:15:00,1633675500,59934.1,60043.2,59863.8,59998.2,0
2021-10-08 13:15:00,1633679100,59997.8,60133.9,59984.2,60127.3,0
2021-10-08 14:15:00,1633682700,60134.9,60197.8,60047.6,60074.8,0
2021-10-08 15:15:00,1633686300,60078.3,60137.1,60029.9,60130.5,0
2021-10-11 09:15:00,1633923900,60099.7,60276.6,59811.4,60275.3,0
2021-10-11 10:15:00,1633927500,60282.5,60409.9,60221.6,60409.8,0
2021-10-11 11:15:00,1633931100,60407.6,60442.5,60237.7,60333.4,0
2021-10-11 12:15:00,1633934700,60327.9,60469.4,60326.8,60363.6,0
2021-10-11 13:15:00,1633938300,60368.4,60476.1,60282.1,60382.1,0
2021-10-11 14:15:00,1633941900,60386.5,60391.7,60146.7,60148.8,0
2021-10-11 15:15:00,1633945500,60147.1,60177.6,60072.5,60166.2,0
2021-10-12 09:15:00,1634010300,60045.8,60263.6,59991.6,60164.3,0
2021-10-12 10:15:00,1634013900,60159.9,60191.5,59923.1,60068.4,0
2021-10-12 11:15:00,1634017500,60069.1,60109.1,59885.4,60002.2,0
2021-10-12 12:15:00,1634021100,60007.3,60116.1,59945.4,60094.4,0
2021-10-12 13:15:00,1634024700,60096.7,60199.6,59986.5,60197.5,0
2021-10-12 14:15:00,1634028300,60200.4,60276.1,60170.3,60271.8,0
2021-10-12 15:15:00,1634031900,60268.1,60331.7,60262.4,60319.8,0
2021-10-13 09:15:00,1634096700,60619.9,60649.3,60452.3,60621.9,0
2021-10-13 10:15:00,1634100300,60617,60676,60568.2,60659.4,0
2021-10-13 11:15:00,1634103900,60658.6,60691.6,60553.2,60659.4,0
2021-10-13 12:15:00,1634107500,60660.9,60767.4,60644.2,60767.1,0
2021-10-13 13:15:00,1634111100,60771.4,60835.7,60719.6,60744.2,0
2021-10-13 14:15:00,1634114700,60743.3,60836.6,60726.6,60745.7,0
2021-10-13 15:15:00,1634118300,60750.1,60756.5,60689.9,60748,0
2021-10-14 09:15:00,1634183100,61088.8,61159.5,61014.2,61062.5,0
2021-10-14 10:15:00,1634186700,61058.5,61160.6,61017.7,61142.7,0
2021-10-14 11:15:00,1634190300,61138.8,61216.3,61123.9,61148.3,0
2021-10-14 12:15:00,1634193900,61140.9,61151.3,61018.9,61085.3,0
2021-10-14 13:15:00,1634197500,61082.7,61229.1,60978,61199.9,0
2021-10-14 14:15:00,1634201100,61199.3,61336.1,61171.3,61326.7,0
2021-10-14 15:15:00,1634204700,61322.5,61353.2,61278,61316.9,0
2021-10-18 09:15:00,1634528700,61817.3,61894.3,61624.6,61775.1,0
2021-10-18 10:15:00,1634532300,61787.7,61872.2,61744.9,61771.7,0
2021-10-18 11:15:00,1634535900,61766.5,61888.9,61744.6,61868.9,0
2021-10-18 12:15:00,1634539500,61868.7,61962.2,61795.7,61803.8,0
2021-10-18 13:15:00,1634543100,61802.4,61954.8,61736.7,61944.4,0
2021-10-18 14:15:00,1634546700,61947,61963.1,61747.5,61757.8,0
2021-10-18 15:15:00,1634550300,61753.1,61785.7,61720.3,61772.7,0
2021-10-19 09:15:00,1634615100,62156.5,62201.7,61594.3,61757.9,0
2021-10-19 10:15:00,1634618700,61760,62093.9,61706.6,62035,0
2021-10-19 11:15:00,1634622300,62033.2,62194.8,62014.6,62152.6,0
2021-10-19 12:15:00,1634625900,62155.4,62245.4,62095.8,62201.5,0
2021-10-19 13:15:00,1634629500,62202.5,62236.5,61975.4,61998.5,0
2021-10-19 14:15:00,1634633100,61996.8,62071.6,61649.6,61673.6,0
2021-10-19 15:15:00,1634636700,61673.6,61747,61598.9,61729,0
2021-10-20 09:15:00,1634701500,61800.1,61880.4,61489.7,61839,0
2021-10-20 10:15:00,1634705100,61838.1,61854.6,61604.6,61695.4,0
2021-10-20 11:15:00,1634708700,61694.4,61792.4,61399.4,61410.4,0
2021-10-20 12:15:00,1634712300,61403.5,61538.8,61325,61538.8,0
2021-10-20 13:15:00,1634715900,61533.6,61589,61213.4,61247.8,0
2021-10-20 14:15:00,1634719500,61246.3,61345.4,61109.3,61244.8,0
2021-10-20 15:15:00,1634723100,61248.1,61338.6,61228.4,61338.6,0
2021-10-21 09:15:00,1634787900,61557.9,61621.2,61108.5,61151.1,0
2021-10-21 10:15:00,1634791500,61149.1,61151.1,60740,60775.5,0
2021-10-21 11:15:00,1634795100,60771.4,60975.9,60697.4,60856,0
2021-10-21 12:15:00,1634798700,60856.5,60928.4,60688,60806.4,0
2021-10-21 13:15:00,1634802300,60805.8,60823.6,60555.1,60578.3,0
2021-10-21 14:15:00,1634805900,60580.8,60939.3,60485.6,60868.5,0
2021-10-21 15:15:00,1634809500,60876.4,61057.3,60876.4,61049.9,0
2021-10-22 09:15:00,1634874300,61044.5,61420.1,61005.6,61327.3,0
2021-10-22 10:15:00,1634877900,61328.8,61390.1,61183.8,61307.3,0
2021-10-22 11:15:00,1634881500,61303.5,61327.3,60912.3,60933.6,0
2021-10-22 12:15:00,1634885100,60930.5,61025,60708.4,60718.3,0
2021-10-22 13:15:00,1634888700,60714.1,60933.7,60631.2,60903.4,0
2021-10-22 14:15:00,1634892300,60905.5,60927.9,60551.1,60843,0
2021-10-22 15:15:00,1634895900,60839.3,60853,60776.8,60812.2,0
2021-10-25 09:15:00,1635133500,61398.8,61405,60449.7,60560.7,0
2021-10-25 10:15:00,1635137100,60564.4,60928.8,60507.3,60900.8,0
2021-10-25 11:15:00,1635140700,60897.1,61323.1,60896.2,61105.9,0
2021-10-25 12:15:00,1635144300,61095.6,61166.4,60967.9,61055.3,0
2021-10-25 13:15:00,1635147900,61057.1,61172.4,60882.5,60882.5,0
2021-10-25 14:15:00,1635151500,60854.8,61026.9,60751,60943,0
2021-10-25 15:15:00,1635155100,60943.3,61025.8,60930.5,61011.9,0
2021-10-26 09:15:00,1635219900,60997.9,61404.9,60997.9,61274.3,0
2021-10-26 10:15:00,1635223500,61272.5,61292.7,60865.8,60999.4,0
2021-10-26 11:15:00,1635227100,61005.2,61096,60791.3,60988.1,0
2021-10-26 12:15:00,1635230700,60986.8,61075.7,60828.4,61009.1,0
2021-10-26 13:15:00,1635234300,61006.6,61277,60996.1,61277,0
2021-10-26 14:15:00,1635237900,61278.8,61352.1,61174.3,61332.2,0
2021-10-26 15:15:00,1635241500,61333.9,61497.7,61333.3,61479.5,0
2021-10-27 09:15:00,1635306300,61499.7,61559.8,61315.2,61428.3,0
2021-10-27 10:15:00,1635309900,61428.2,61478.9,61315.9,61457.8,0
2021-10-27 11:15:00,1635313500,61457.3,61576.9,61420.1,61425.2,0
2021-10-27 12:15:00,1635317100,61425.3,61507.2,61409.9,61478.8,0
2021-10-27 13:15:00,1635320700,61479.7,61525.9,61426.2,61484.3,0
2021-10-27 14:15:00,1635324300,61484,61495.2,61103.2,61190.7,0
2021-10-27 15:15:00,1635327900,61188.4,61196.4,60989.4,61030.2,0
2021-10-28 09:15:00,1635392700,61081,61081,60679.7,60790.1,0
2021-10-28 10:15:00,1635396300,60790.8,60828.5,60485.3,60605.7,0
2021-10-28 11:15:00,1635399900,60614,60755.2,60536.3,60537.9,0
2021-10-28 12:15:00,1635403500,60535.8,60641.5,60425.6,60528.6,0
2021-10-28 13:15:00,1635407100,60526.6,60604.3,60232.6,60304.8,0
2021-10-28 14:15:00,1635410700,60300.9,60347.9,59961.4,59988.2,0
2021-10-28 15:15:00,1635414300,59987.5,60025.2,59777.6,60010.8,0
2021-10-29 09:15:00,1635479100,59857.3,59991.2,59104.6,59949.1,0
2021-10-29 10:15:00,1635482700,59949.4,60132.8,59839,59855.5,0
2021-10-29 11:15:00,1635486300,59856.1,60000.2,59713.9,59806.2,0
2021-10-29 12:15:00,1635489900,59808.4,59861.7,59472.5,59531.1,0
2021-10-29 13:15:00,1635493500,59531.3,59559.1,59152.6,59163.9,0
2021-10-29 14:15:00,1635497100,59162.1,59605,59089.4,59222.6,0
2021-10-29 15:15:00,1635500700,59220.6,59456.2,59192.4,59447.1,0
2021-11-01 09:15:00,1635738300,59577.5,59830.3,59419.4,59586.3,0
2021-11-01 10:15:00,1635741900,59583.6,59647.4,59355.1,59513.5,0
2021-11-01 11:15:00,1635745500,59514.1,59619.2,59432.3,59602,0
2021-11-01 12:15:00,1635749100,59603.3,59707.1,59554.5,59695.6,0
2021-11-01 13:15:00,1635752700,59694.4,60083.5,59687.3,60005.9,0
2021-11-01 14:15:00,1635756300,60007.5,60220.2,59993.9,60144.1,0
2021-11-01 15:15:00,1635759900,60145.2,60194.6,60099.8,60193.4,0
2021-11-02 09:15:00,1635824700,60360.6,60421.1,60085.6,60141.2,0
2021-11-02 10:15:00,1635828300,60145.6,60194.9,59918.9,60132.4,0
2021-11-02 11:15:00,1635831900,60138.5,60241.6,60067.6,60232,0
2021-11-02 12:15:00,1635835500,60229.8,60254.4,59989.7,60090.2,0
2021-11-02 13:15:00,1635839100,60090.7,60176.8,59881.8,60005.3,0
2021-11-02 14:15:00,1635842700,60000.3,60167.9,59947.9,60054.7,0
2021-11-02 15:15:00,1635846300,60054.3,60066.4,59993.9,60025.4,0
2021-11-03 09:15:00,1635911100,60275.2,60361.8,60193.4,60251.1,0
2021-11-03 10:15:00,1635914700,60249,60301.7,60209.6,60295.5,0
2021-11-03 11:15:00,1635918300,60299.6,60312.9,59983.8,60005.6,0
2021-11-03 12:15:00,1635921900,60006.7,60021.5,59713.6,59727.6,0
2021-11-03 13:15:00,1635925500,59726.1,60069.5,59670.4,59915.3,0
2021-11-03 14:15:00,1635929100,59909.6,59909.6,59552.5,59756.4,0
2021-11-03 15:15:00,1635932700,59752.3,59813.7,59683.2,59777.4,0
2021-11-04 18:15:00,1636029900,60207.97,60207.97,60011.46,60078.66,0
2021-11-08 09:15:00,1636343100,60385.8,60434.4,59806.4,59846.3,0
2021-11-08 10:15:00,1636346700,59835.4,60072.9,59779.2,60065.3,0
2021-11-08 11:15:00,1636350300,60063.4,60279.9,59846.4,60214.9,0
2021-11-08 12:15:00,1636353900,60213.8,60470.4,60170.5,60447.6,0
2021-11-08 13:15:00,1636357500,60460,60597.9,60355.7,60561.1,0
2021-11-08 14:15:00,1636361100,60560,60590.9,60463.7,60526.2,0
2021-11-08 15:15:00,1636364700,60528.4,60609.2,60513.4,60591.9,0
2021-11-09 09:15:00,1636429500,60609.7,60670.5,60430.7,60464.9,0
2021-11-09 10:15:00,1636433100,60466.1,60497.1,60321.8,60380,0
2021-11-09 11:15:00,1636436700,60379.2,60501.6,60339.3,60415.4,0
2021-11-09 12:15:00,1636440300,60416.1,60455.9,60326.5,60448.8,0
2021-11-09 13:15:00,1636443900,60447.2,60510.7,60213.6,60336.2,0
2021-11-09 14:15:00,1636447500,60335.7,60460.1,60264.4,60434.6,0
2021-11-09 15:15:00,1636451100,60432,60517.3,60430.8,60458.3,0
2021-11-10 09:15:00,1636515900,60295.3,60295.3,59967.4,60153.9,0
2021-11-10 10:15:00,1636519500,60156,60182,60077.7,60163.1,0
2021-11-10 11:15:00,1636523100,60162.6,60184.2,60105.6,60150.5,0
2021-11-10 12:15:00,1636526700,60150.3,60239.5,60133.8,60231.4,0
2021-11-10 13:15:00,1636530300,60232.9,60506.5,60198.1,60474,0
2021-11-10 14:15:00,1636533900,60467.7,60480,60291.1,60352.2,0
2021-11-10 15:15:00,1636537500,60348.5,60393.4,60281.3,60354.6,0
2021-11-11 09:15:00,1636602300,60291.7,60293.2,59888.7,59916.8,0
2021-11-11 10:15:00,1636605900,59915.7,59915.7,59744.6,59811.4,0
2021-11-11 11:15:00,1636609500,59810.9,59956.5,59801.9,59839.7,0
2021-11-11 12:15:00,1636613100,59833,59958.5,59761.4,59953.4,0
2021-11-11 13:15:00,1636616700,59952.1,59987.5,59706.6,59719.6,0
2021-11-11 14:15:00,1636620300,59723.2,59925.7,59656.3,59893.2,0
2021-11-11 15:15:00,1636623900,59899.3,59976.9,59898.6,59928,0
2021-11-12 09:15:00,1636688700,60248,60324.1,60138.9,60146.7,0
2021-11-12 10:15:00,1636692300,60145.5,60161,59998,60116.4,0
2021-11-12 11:15:00,1636695900,60116.9,60228.2,60096.7,60184.1,0
2021-11-12 12:15:00,1636699500,60184.3,60395.2,60175.7,60394.6,0
2021-11-12 13:15:00,1636703100,60398.6,60662.4,60398.6,60651.4,0
2021-11-12 14:15:00,1636706700,60650.3,60750.7,60585.5,60670.5,0
2021-11-12 15:15:00,1636710300,60664.6,60720.8,60651.2,60692.8,0
2021-11-15 09:15:00,1636947900,60837.4,61036.6,60814.4,60870.8,0
2021-11-15 10:15:00,1636951500,60874.2,60899.1,60762.9,60819.2,0
2021-11-15 11:15:00,1636955100,60821.4,60852.5,60635.6,60716.4,0
2021-11-15 12:15:00,1636958700,60715.4,60791.8,60597.4,60622,0
2021-11-15 13:15:00,1636962300,60622.5,60827.3,60622,60814.1,0
2021-11-15 14:15:00,1636965900,60814.5,60845.5,60710.1,60721.1,0
2021-11-15 15:15:00,1636969500,60720.2,60737.1,60642.5,60674,0
2021-11-16 09:15:00,1637034300,60755.4,60802.8,60433.9,60597,0
2021-11-16 10:15:00,1637037900,60602.3,60604.8,60445,60456.2,0
2021-11-16 11:15:00,1637041500,60454.8,60643.4,60405.7,60631.1,0
2021-11-16 12:15:00,1637045100,60628.3,60733.6,60579.9,60732.6,0
2021-11-16 13:15:00,1637048700,60730,60749.6,60564.1,60569.9,0
2021-11-16 14:15:00,1637052300,60570.6,60571,60295,60362.6,0
2021-11-16 15:15:00,1637055900,60364.5,60377.6,60199.6,60228.3,0
2021-11-17 09:15:00,1637120700,60179.9,60299.8,60029.2,60260.4,0
2021-11-17 10:15:00,1637124300,60256.8,60426.6,60236.1,60362.5,0
2021-11-17 11:15:00,1637127900,60362.5,60382,60160.7,60205.7,0
2021-11-17 12:15:00,1637131500,60205.4,60304.9,60119.7,60303.6,0
2021-11-17 13:15:00,1637135100,60300.2,60379.6,60206.1,60255.4,0
2021-11-17 14:15:00,1637138700,60250.3,60273,59990,59996.2,0
2021-11-17 15:15:00,1637142300,59992.2,60019.3,59944.8,59978.9,0
2021-11-18 09:15:00,1637207100,59968.8,60177.5,59711.9,59714.4,0
2021-11-18 10:15:00,1637210700,59716.6,59718.8,59481.5,59623,0
2021-11-18 11:15:00,1637214300,59623.7,59635.1,59423.4,59480.7,0
2021-11-18 12:15:00,1637217900,59479.6,59573.5,59376.5,59552.9,0
2021-11-18 13:15:00,1637221500,59553.6,59802.3,59553.6,59761.3,0
2021-11-18 14:15:00,1637225100,59763.7,59876.6,59582.7,59591.4,0
2021-11-18 15:15:00,1637228700,59586,59634.8,59535.4,59578.2,0
2021-11-22 09:15:00,1637552700,59710.5,59778.4,59080.2,59147.8,0
2021-11-22 10:15:00,1637556300,59147.1,59187.4,58899.2,58899.2,0
2021-11-22 11:15:00,1637559900,58887.6,59043.3,58501.9,58592.3,0
2021-11-22 12:15:00,1637563500,58596,58766.3,58465.1,58705.6,0
2021-11-22 13:15:00,1637567100,58704.3,58704.3,58343.7,58391.2,0
2021-11-22 14:15:00,1637570700,58385.9,58479.2,58011.9,58396.9,0
2021-11-22 15:15:00,1637574300,58393.6,58564.4,58393.6,58547.6,0
2021-11-23 09:15:00,1637639100,57983.9,58401.3,57718.3,58122,0
2021-11-23 10:15:00,1637642700,58122.3,58304.6,58111.5,58255.1,0
2021-11-23 11:15:00,1637646300,58249.6,58602.7,58170.7,58508,0
2021-11-23 12:15:00,1637649900,58504.4,58511.3,58300.6,58439.3,0
2021-11-23 13:15:00,1637653500,58439.2,58779,58413.4,58740.8,0
2021-11-23 14:15:00,1637657100,58735.2,58834.9,58630.6,58675.8,0
2021-11-23 15:15:00,1637660700,58673.9,58684.7,58574,58654.2,0
2021-11-24 09:15:00,1637725500,58839.3,58873,58564.8,58720,0
2021-11-24 10:15:00,1637729100,58720.9,58938.4,58715.4,58931.7,0
2021-11-24 11:15:00,1637732700,58934.7,58941,58740.9,58864.9,0
2021-11-24 12:15:00,1637736300,58861.6,58968.1,58818.1,58899.8,0
2021-11-24 13:15:00,1637739900,58899,58942.2,58682.6,58715.7,0
2021-11-24 14:15:00,1637743500,58710.4,58713.1,58333.8,58335.4,0
2021-11-24 15:15:00,1637747100,58338,58346,58143.4,58161.1,0
2021-11-25 09:15:00,1637811900,58363.9,58439.1,58143.9,58296.9,0
2021-11-25 10:15:00,1637815500,58297.6,58543.9,58226.6,58540.8,0
2021-11-25 11:15:00,1637819100,58546.2,58801.8,58541.3,58766.5,0
2021-11-25 12:15:00,1637822700,58772.7,58807.7,58540.2,58729.2,0
2021-11-25 13:15:00,1637826300,58736.3,58799.5,58642.1,58713.9,0
2021-11-25 14:15:00,1637829900,58717.5,58901.6,58707,58771.1,0
2021-11-25 15:15:00,1637833500,58777.5,58865.2,58767.8,58849.5,0
2021-11-26 09:15:00,1637898300,58254.8,58254.8,57727.5,57855.8,0
2021-11-26 10:15:00,1637901900,57848.9,57848.9,57307.1,57545.1,0
2021-11-26 11:15:00,1637905500,57555.9,57703.3,57469.9,57512.2,0
2021-11-26 12:15:00,1637909100,57513.8,57710.9,57409.7,57597.8,0
2021-11-26 13:15:00,1637912700,57599.7,57604.5,57251.5,57440.5,0
2021-11-26 14:15:00,1637916300,57442.4,57561.9,56993.9,57110,0
2021-11-26 15:15:00,1637919900,57100.8,57181.9,57016.9,57051.7,0
2021-11-29 09:15:00,1638157500,57028,57400.7,56382.9,57351,0
2021-11-29 10:15:00,1638161100,57361.5,57431.7,56974.8,57424.6,0
2021-11-29 11:15:00,1638164700,57429.3,57616.7,57362.1,57582.6,0
2021-11-29 12:15:00,1638168300,57586.7,57608.3,57289.2,57386,0
2021-11-29 13:15:00,1638171900,57377.1,57626.5,57368.3,57525.1,0
2021-11-29 14:15:00,1638175500,57528.3,57537.6,57154.2,57254,0
2021-11-29 15:15:00,1638179100,57258.7,57304,57205.5,57229.5,0
2021-11-30 09:15:00,1638243900,57272.1,58019.6,57252.4,57950,0
2021-11-30 10:15:00,1638247500,57952.2,58183.8,57533.2,57587.1,0
2021-11-30 11:15:00,1638251100,57585.4,57585.4,57042.9,57348.9,0
2021-11-30 12:15:00,1638254700,57352.3,57574.3,57255.7,57412.7,0
2021-11-30 13:15:00,1638258300,57412.7,57689.5,57368.6,57622.9,0
2021-11-30 14:15:00,1638261900,57616.9,57696.8,57005.5,57046.7,0
2021-11-30 15:15:00,1638265500,57037.4,57058.3,56867.5,57058.3,0
2021-12-01 09:15:00,1638330300,57365.9,57765.5,57365.9,57479,0
2021-12-01 10:15:00,1638333900,57477.1,57829.5,57434.3,57792.6,0
2021-12-01 11:15:00,1638337500,57793,57846.4,57686.7,57703.8,0
2021-12-01 12:15:00,1638341100,57703.1,57730.1,57582.2,57658.1,0
2021-12-01 13:15:00,1638344700,57659.9,57714.9,57424.4,57440.5,0
2021-12-01 14:15:00,1638348300,57439.2,57759.4,57346.8,57681.4,0
2021-12-01 15:15:00,1638351900,57675.7,57749.9,57659.7,57722.5,0
2021-12-02 09:15:00,1638416700,57781.5,58092.4,57680.4,58086.7,0
2021-12-02 10:15:00,1638420300,58087.2,58132.8,58004.4,58092.1,0
2021-12-02 11:15:00,1638423900,58092.9,58225.9,58062.1,58067.5,0
2021-12-02 12:15:00,1638427500,58068.2,58218.7,58051.6,58176.9,0
2021-12-02 13:15:00,1638431100,58182.9,58257.6,58056.6,58169.5,0
2021-12-02 14:15:00,1638434700,58169.2,58468.9,58163.7,58459.4,0
2021-12-02 15:15:00,1638438300,58458.5,58513.9,58429.4,58467.3,0
2021-12-03 09:15:00,1638503100,58555.6,58757.1,58321.1,58419.6,0
2021-12-03 10:15:00,1638506700,58416,58465,58269.6,58454.4,0
2021-12-03 11:15:00,1638510300,58453.5,58477.6,58318.8,58356.1,0
2021-12-03 12:15:00,1638513900,58359,58380.5,58013.2,58033.3,0
2021-12-03 13:15:00,1638517500,58030.8,58075.6,57867,57868.4,0
2021-12-03 14:15:00,1638521100,57850.8,57895.6,57640.6,57702.9,0
2021-12-03 15:15:00,1638524700,57705.2,57767.7,57687.5,57758.6,0
2021-12-06 09:15:00,1638762300,57778,57781.5,57342.8,57516.5,0
2021-12-06 10:15:00,1638765900,57514.7,57563.3,57345.7,57423.2,0
2021-12-06 11:15:00,1638769500,57419.2,57422.4,57212.4,57231.9,0
2021-12-06 12:15:00,1638773100,57232.3,57337.2,57155,57242.2,0
2021-12-06 13:15:00,1638776700,57241.1,57299.4,57035.9,57038.6,0
2021-12-06 14:15:00,1638780300,57035.6,57073.5,56731.5,56750.8,0
2021-12-06 15:15:00,1638783900,56746.9,56780.5,56687.6,56753.7,0
2021-12-07 09:15:00,1638848700,57126,57385.4,56992.3,57338.6,0
2021-12-07 10:15:00,1638852300,57335.4,57629.5,57335.4,57625.3,0
2021-12-07 11:15:00,1638855900,57628.1,57725.7,57585.9,57724.1,0
2021-12-07 12:15:00,1638859500,57723.7,57770.9,57542.1,57689,0
2021-12-07 13:15:00,1638863100,57690.9,57874.8,57671.6,57832.1,0
2021-12-07 14:15:00,1638866700,57833.5,57905.6,57563.4,57618.7,0
2021-12-07 15:15:00,1638870300,57622.5,57653.8,57602.9,57629.9,0
2021-12-08 09:15:00,1638935100,58158.6,58495.5,58122.3,58437.1,0
2021-12-08 10:15:00,1638938700,58437.3,58497,58247.1,58444.6,0
2021-12-08 11:15:00,1638942300,58443,58539.7,58393.5,58497.9,0
2021-12-08 12:15:00,1638945900,58496.9,58540.5,58403.9,58526.7,0
2021-12-08 13:15:00,1638949500,58527.2,58660,58527.2,58607.1,0
2021-12-08 14:15:00,1638953100,58606.5,58702.6,58529.2,58655,0
2021-12-08 15:15:00,1638956700,58659.8,58666.7,58603.6,58642.4,0
2021-12-09 09:15:00,1639021500,58831.4,58890,58444.8,58457.5,0
2021-12-09 10:15:00,1639025100,58461.4,58586.8,58340.9,58520.7,0
2021-12-09 11:15:00,1639028700,58519.8,58666.7,58452.3,58666.7,0
2021-12-09 12:15:00,1639032300,58670.5,58889.6,58651.6,58868.2,0
2021-12-09 13:15:00,1639035900,58871.3,58886.2,58663.9,58718.6,0
2021-12-09 14:15:00,1639039500,58713.4,58849.7,58574.6,58813.4,0
2021-12-09 15:15:00,1639043100,58819.5,58825.6,58754.6,58754.6,0
2021-12-10 09:15:00,1639107900,58696.7,58850.2,58504.8,58522.1,0
2021-12-10 10:15:00,1639111500,58520.4,58669.8,58495.1,58587.1,0
2021-12-10 11:15:00,1639115100,58587.4,58642.1,58508.1,58535.3,0
2021-12-10 12:15:00,1639118700,58536.2,58554.8,58414.8,58466,0
2021-12-10 13:15:00,1639122300,58466.8,58644.8,58422.9,58610.2,0
2021-12-10 14:15:00,1639125900,58610.2,58826.3,58552.3,58826.1,0
2021-12-10 15:15:00,1639129500,58825.8,58859.9,58716.2,58737.4,0
2021-12-13 09:15:00,1639367100,59103.7,59203.4,59069.9,59120.4,0
2021-12-13 10:15:00,1639370700,59118.1,59131.9,58936.5,58957.6,0
2021-12-13 11:15:00,1639374300,58961.6,58988.4,58836.6,58884.6,0
2021-12-13 12:15:00,1639377900,58886.4,58896.2,58291.3,58367.7,0
2021-12-13 13:15:00,1639381500,58367.7,58548.3,58249.3,58273.3,0
2021-12-13 14:15:00,1639385100,58272.7,58457.9,58242.8,58271.7,0
2021-12-13 15:15:00,1639388700,58273.9,58365.2,58257.2,58365.2,0
2021-12-14 09:15:00,1639453500,58059.8,58187.9,57843.7,57957.9,0
2021-12-14 10:15:00,1639457100,57962.8,57965,57803.9,57952.5,0
2021-12-14 11:15:00,1639460700,57953.4,58230.1,57920.7,58214.2,0
2021-12-14 12:15:00,1639464300,58214.7,58267,58082.2,58220.6,0
2021-12-14 13:15:00,1639467900,58221.4,58322.4,58000.8,58053.7,0
2021-12-14 14:15:00,1639471500,58052.8,58144.2,57918.8,58101.9,0
2021-12-14 15:15:00,1639475100,58103.4,58148.4,58060.5,58091.4,0
2021-12-15 09:15:00,1639539900,58122,58218.2,57778.5,57867.5,0
2021-12-15 10:15:00,1639543500,57870.5,57873.4,57671.6,57773.3,0
2021-12-15 11:15:00,1639547100,57774.2,57993,57771.6,57864.4,0
2021-12-15 12:15:00,1639550700,57863.9,57901.2,57738.6,57851.7,0
2021-12-15 13:15:00,1639554300,57855.1,58041,57822.8,58012.6,0
2021-12-15 14:15:00,1639557900,58011.8,58102.8,57790.8,57790.8,0
2021-12-15 15:15:00,1639561500,57790.4,57790.4,57720.1,57744.1,0
2021-12-16 09:15:00,1639626300,58243.4,58337.2,57860.3,57961.9,0
2021-12-16 10:15:00,1639629900,57967.8,58064.1,57914,57993.5,0
2021-12-16 11:15:00,1639633500,57999.4,58047.9,57763.3,57803.6,0
2021-12-16 12:15:00,1639637100,57804.5,58014.6,57716.4,57897.1,0
2021-12-16 13:15:00,1639640700,57893.8,57994.5,57796.1,57824.1,0
2021-12-16 14:15:00,1639644300,57820.7,57886.4,57683.1,57849.2,0
2021-12-16 15:15:00,1639647900,57853.6,58043.1,57847.8,58029.6,0
2021-12-17 09:15:00,1639712700,58021.6,58062.3,57302.8,57466.8,0
2021-12-17 10:15:00,1639716300,57463.9,57463.9,57122.8,57221.4,0
2021-12-17 11:15:00,1639719900,57220.4,57305.5,57049.9,57125.8,0
2021-12-17 12:15:00,1639723500,57122.3,57325,57070.5,57254.2,0
2021-12-17 13:15:00,1639727100,57251.9,57445.6,57251.7,57331.8,0
2021-12-17 14:15:00,1639730700,57336,57340.9,56951,56996.7,0
2021-12-17 15:15:00,1639734300,56998.1,57061.3,56957.9,57050.7,0
2021-12-20 09:15:00,1639971900,56517.3,56538.1,55691.6,55735.3,0
2021-12-20 10:15:00,1639975500,55736.8,55850.8,55639.1,55722.8,0
2021-12-20 11:15:00,1639979100,55714.9,55732.8,55545.6,55570.4,0
2021-12-20 12:15:00,1639982700,55573.4,55578,55132.7,55271.8,0
2021-12-20 13:15:00,1639986300,55271.9,55643,55271,55541,0
2021-12-20 14:15:00,1639989900,55537,55879.6,55530,55826.8,0
2021-12-20 15:15:00,1639993500,55831.8,55878.1,55798.8,55817.2,0
2021-12-21 09:15:00,1640058300,56320,56589.9,56197.1,56489.3,0
2021-12-21 10:15:00,1640061900,56488.3,56805.4,56485.2,56727.3,0
2021-12-21 11:15:00,1640065500,56727.7,56880.2,56633.2,56861.1,0
2021-12-21 12:15:00,1640069100,56858.4,56900.7,56699.4,56728.9,0
2021-12-21 13:15:00,1640072700,56720.2,56778.2,56391.9,56415.3,0
2021-12-21 14:15:00,1640076300,56410.5,56441.5,56047.2,56329.8,0
2021-12-21 15:15:00,1640079900,56329.6,56383.7,56303.4,56378.3,0
2021-12-22 09:15:00,1640144700,56599.5,56820.9,56547.6,56691.2,0
2021-12-22 10:15:00,1640148300,56689.9,56706.4,56471,56639.6,0
2021-12-22 11:15:00,1640151900,56638.4,56760.2,56607.1,56672.6,0
2021-12-22 12:15:00,1640155500,56674.9,56800.1,56648.8,56667,0
2021-12-22 13:15:00,1640159100,56663.2,56747.5,56577.4,56656.9,0
2021-12-22 14:15:00,1640162700,56659.4,56949.3,56639.8,56895.6,0
2021-12-22 15:15:00,1640166300,56898.5,56989,56894.9,56962.2,0
2021-12-23 09:15:00,1640231100,57251.1,57446.2,57169,57287.6,0
2021-12-23 10:15:00,1640234700,57285.8,57311.9,57194.4,57235.5,0
2021-12-23 11:15:00,1640238300,57232.4,57350.5,57146.3,57332,0
2021-12-23 12:15:00,1640241900,57332,57411.4,57330.2,57384.8,0
2021-12-23 13:15:00,1640245500,57385.8,57490.5,57247.6,57262,0
2021-12-23 14:15:00,1640249100,57260.7,57407.3,57237,57384.6,0
2021-12-23 15:15:00,1640252700,57382.7,57397,57221.2,57260.1,0
2021-12-24 09:15:00,1640317500,57567.1,57623.7,56849.7,56926,0
2021-12-24 10:15:00,1640321100,56924,57033.8,56813.4,57008.4,0
2021-12-24 11:15:00,1640324700,57008.8,57081.8,56865.7,57076.4,0
2021-12-24 12:15:00,1640328300,57076.6,57079.2,56917.5,56925.4,0
2021-12-24 13:15:00,1640331900,56924.9,57278.8,56918.9,57257.9,0
2021-12-24 14:15:00,1640335500,57258.6,57350.7,57063.4,57141.8,0
2021-12-24 15:15:00,1640339100,57139.1,57160.2,57099.4,57115,0
2021-12-27 09:15:00,1640576700,56948.3,57102.8,56543.1,56998.4,0
2021-12-27 10:15:00,1640580300,57010.1,57264.1,56971,57166.5,0
2021-12-27 11:15:00,1640583900,57169.6,57223.4,57098.9,57195.3,0
2021-12-27 12:15:00,1640587500,57200.5,57372.3,57194.6,57252.2,0
2021-12-27 13:15:00,1640591100,57252.8,57453.8,57247.1,57404.1,0
2021-12-27 14:15:00,1640594700,57403.6,57512,57293.8,57428.5,0
2021-12-27 15:15:00,1640598300,57431.4,57468.3,57399.3,57460,0
2021-12-28 09:15:00,1640663100,57751.2,57876.8,57688.8,57818.7,0
2021-12-28 10:15:00,1640666700,57819,57834.4,57683.2,57813.9,0
2021-12-28 11:15:00,1640670300,57812.4,57920.9,57806.4,57916.5,0
2021-12-28 12:15:00,1640673900,57916,57944.4,57802.9,57828.7,0
2021-12-28 13:15:00,1640677500,57828.8,57927.3,57795,57903.9,0
2021-12-28 14:15:00,1640681100,57907.3,57952.5,57650.3,57901,0
2021-12-28 15:15:00,1640684700,57906.1,57924,57876.8,57905.3,0
2021-12-29 09:15:00,1640749500,57892.3,58097.1,57721.5,57993.2,0
2021-12-29 10:15:00,1640753100,57993.1,58026.5,57819.1,57886.8,0
2021-12-29 11:15:00,1640756700,57884.7,57932,57827.4,57830.6,0
2021-12-29 12:15:00,1640760300,57828.3,57933,57783.3,57906,0
2021-12-29 13:15:00,1640763900,57908.1,57950.9,57863.9,57943.2,0
2021-12-29 14:15:00,1640767500,57943.9,57970.4,57830.4,57837.7,0
2021-12-29 15:15:00,1640771100,57833.3,57836.3,57684.6,57727.7,0
2021-12-30 09:15:00,1640835900,57755.4,57949.8,57579,57949,0
2021-12-30 10:15:00,1640839500,57949.8,58010,57889.2,57889.2,0
2021-12-30 11:15:00,1640843100,57889.8,57929.1,57809.5,57902.9,0
2021-12-30 12:15:00,1640846700,57904.4,58002.1,57883.8,57975.9,0
2021-12-30 13:15:00,1640850300,57975.9,57978.9,57855,57876.3,0
2021-12-30 14:15:00,1640853900,57875.5,57906.1,57726.4,57822.9,0
2021-12-30 15:15:00,1640857500,57819.9,57910.8,57777.2,57895.3,0
2021-12-31 09:15:00,1640922300,57849.8,58304.8,57846.5,58253.5,0
2021-12-31 10:15:00,1640925900,58253.1,58279,58142.4,58218,0
2021-12-31 11:15:00,1640929500,58219.2,58287.3,58192.4,58264.8,0
2021-12-31 12:15:00,1640933100,58267.1,58403.8,58243.1,58387.2,0
2021-12-31 13:15:00,1640936700,58388.6,58409.3,58228,58269.6,0
2021-12-31 14:15:00,1640940300,58264.9,58335.5,58224.8,58236,0
2021-12-31 15:15:00,1640943900,58235.2,58281.5,58224.9,58273.4,0
2022-01-03 09:15:00,1641181500,58310.1,58774,58306.4,58753.5,0
2022-01-03 10:15:00,1641185100,58761,58858.4,58721.5,58858.4,0
2022-01-03 11:15:00,1641188700,58856.3,58876.1,58805,58852.2,0
2022-01-03 12:15:00,1641192300,58849.4,59038.7,58844.6,59026.5,0
2022-01-03 13:15:00,1641195900,59027.9,59155,58998.4,59141.2,0
2022-01-03 14:15:00,1641199500,59141.6,59266.4,59110.4,59169.6,0
2022-01-03 15:15:00,1641203100,59173.5,59232,59152.8,59230.6,0
2022-01-04 09:15:00,1641267900,59343.8,59534.5,59084.4,59534.1,0
2022-01-04 10:15:00,1641271500,59533,59572.8,59407.5,59460.4,0
2022-01-04 11:15:00,1641275100,59453.1,59594.6,59368.6,59585.9,0
2022-01-04 12:15:00,1641278700,59595.1,59644.2,59533.9,59544.2,0
2022-01-04 13:15:00,1641282300,59541.3,59609,59396.9,59589.4,0
2022-01-04 14:15:00,1641285900,59590.4,59848.8,59587.6,59835.6,0
2022-01-04 15:15:00,1641289500,59834.2,59937.3,59825.1,59875.8,0
2022-01-05 09:15:00,1641354300,59922,60027.8,59661.4,59999.9,0
2022-01-05 10:15:00,1641357900,59999.5,60020.6,59783.9,59817.4,0
2022-01-05 11:15:00,1641361500,59817.4,60056.4,59784.4,60052.1,0
2022-01-05 12:15:00,1641365100,60050.4,60250.2,60040.1,60248.4,0
2022-01-05 13:15:00,1641368700,60254.7,60300.8,60118.5,60228.7,0
2022-01-05 14:15:00,1641372300,60228.3,60332.7,60124.8,60273.1,0
2022-01-05 15:15:00,1641375900,60273.9,60275.8,60163.1,60196.5,0
2022-01-06 09:15:00,1641440700,59731.8,59781.9,59352.2,59506.8,0
2022-01-06 10:15:00,1641444300,59508.5,59509,59300.2,59362.7,0
2022-01-06 11:15:00,1641447900,59359.6,59455.1,59322.7,59357.5,0
2022-01-06 12:15:00,1641451500,59358.2,59506.2,59290.6,59480.2,0
2022-01-06 13:15:00,1641455100,59480.6,59637.2,59418.8,59544.4,0
2022-01-06 14:15:00,1641458700,59544.3,59769.6,59540.5,59570.7,0
2022-01-06 15:15:00,1641462300,59571.9,59626.1,59530.4,59606.4,0
2022-01-07 09:15:00,1641527100,59776.1,60122.1,59727.2,60066.3,0
2022-01-07 10:15:00,1641530700,60069.2,60130.2,59854,59857.7,0
2022-01-07 11:15:00,1641534300,59857.5,59950.6,59674.1,59707,0
2022-01-07 12:15:00,1641537900,59708.3,59724.4,59401.4,59584.4,0
2022-01-07 13:15:00,1641541500,59586.6,59715,59532.1,59545.5,0
2022-01-07 14:15:00,1641545100,59541.2,59759.4,59521.1,59725.4,0
2022-01-07 15:15:00,1641548700,59729.1,59809.9,59706.9,59766.8,0
2022-01-10 09:15:00,1641786300,60070.4,60287.1,59987.2,60276.8,0
2022-01-10 10:15:00,1641789900,60280.1,60308.3,60170.1,60233.5,0
2022-01-10 11:15:00,1641793500,60233.1,60252.5,60027.1,60168.1,0
2022-01-10 12:15:00,1641797100,60163.9,60305.9,60153.3,60255.6,0
2022-01-10 13:15:00,1641800700,60255.9,60308.5,60196.5,60254,0
2022-01-10 14:15:00,1641804300,60256.2,60421.6,60236.9,60400.8,0
2022-01-10 15:15:00,1641807900,60397.8,60427.4,60364.6,60399.6,0
2022-01-11 09:15:00,1641872700,60342.7,60571.3,60300.2,60369.5,0
2022-01-11 10:15:00,1641876300,60366.6,60564.5,60281.5,60535.2,0
2022-01-11 11:15:00,1641879900,60536.5,60621.4,60488.4,60515.6,0
2022-01-11 12:15:00,1641883500,60513.8,60632.8,60494.5,60627.3,0
2022-01-11 13:15:00,1641887100,60623.6,60689.2,60531.2,60625.7,0
2022-01-11 14:15:00,1641890700,60622.6,60685.2,60425,60627.6,0
2022-01-11 15:15:00,1641894300,60621.8,60643.4,60582.9,60636.5,0
2022-01-12 09:15:00,1641959100,61014.4,61044.9,60850.9,60969.3,0
2022-01-12 10:15:00,1641962700,60970.9,61148.2,60927.7,61134.4,0
2022-01-12 11:15:00,1641966300,61130.5,61210.1,61066.1,61104.7,0
2022-01-12 12:15:00,1641969900,61104.6,61117.6,61027.5,61061.4,0
2022-01-12 13:15:00,1641973500,61058.9,61105.8,60981.9,61012.1,0
2022-01-12 14:15:00,1641977100,61011.1,61218.2,60987.6,61164.8,0
2022-01-12 15:15:00,1641980700,61162.4,61167.8,61066.4,61110.4,0
2022-01-13 09:15:00,1642045500,61260,61348.6,61052.2,61086.7,0
2022-01-13 10:15:00,1642049100,61082.9,61163.5,60949.8,61118.1,0
2022-01-13 11:15:00,1642052700,61121.4,61246.3,61117.4,61233.8,0
2022-01-13 12:15:00,1642056300,61237.6,61258.7,61083.9,61123.8,0
2022-01-13 13:15:00,1642059900,61126.9,61215.9,61011.9,61123.8,0
2022-01-13 14:15:00,1642063500,61123,61274.2,61064.9,61267.1,0
2022-01-13 15:15:00,1642067100,61270.9,61280.1,61225,61232.8,0
2022-01-14 09:15:00,1642131900,61040.3,61136.2,60757,61009.9,0
2022-01-14 10:15:00,1642135500,61006.8,61064.2,60842.3,60948.6,0
2022-01-14 11:15:00,1642139100,60946.4,60999.5,60801.2,60999.5,0
2022-01-14 12:15:00,1642142700,60995.3,61117.9,60938.3,61088.4,0
2022-01-14 13:15:00,1642146300,61090.7,61197.4,61061.1,61103.9,0
2022-01-14 14:15:00,1642149900,61103.9,61324.6,61084,61221.6,0
2022-01-14 15:15:00,1642153500,61221.5,61227,61141.3,61152.4,0
2022-01-17 09:15:00,1642391100,61219.6,61361,61107.6,61305.1,0
2022-01-17 10:15:00,1642394700,61306.4,61385.5,61231.8,61334.8,0
2022-01-17 11:15:00,1642398300,61333.5,61381.7,61269.2,61314.2,0
2022-01-17 12:15:00,1642401900,61316.1,61333.5,61253.3,61289.2,0
2022-01-17 13:15:00,1642405500,61285,61329.5,61170.1,61289.3,0
2022-01-17 14:15:00,1642409100,61285,61358.9,61264.5,61309.8,0
2022-01-17 15:15:00,1642412700,61306.1,61338.6,61297,61325.4,0
2022-01-18 09:15:00,1642477500,61430.8,61475.1,61014.3,61119.3,0
2022-01-18 10:15:00,1642481100,61105.9,61136.6,60948,61094.6,0
2022-01-18 11:15:00,1642484700,61097.3,61211.8,61096.3,61177.4,0
2022-01-18 12:15:00,1642488300,61175.3,61408,61173.5,61382.6,0
2022-01-18 13:15:00,1642491900,61383.5,61417.7,61177.5,61297.9,0
2022-01-18 14:15:00,1642495500,61301.4,61301.4,60662.6,60708.7,0
2022-01-18 15:15:00,1642499100,60708.3,60826,60666.7,60754.8,0
2022-01-19 09:15:00,1642563900,60845.6,60870.2,60194.9,60456.1,0
2022-01-19 10:15:00,1642567500,60463.1,60563.8,60238.4,60271.4,0
2022-01-19 11:15:00,1642571100,60265.3,60330.7,60148.8,60202.1,0
2022-01-19 12:15:00,1642574700,60199.6,60247.1,59954.8,60094.7,0
2022-01-19 13:15:00,1642578300,60095.5,60126,59949.2,60082.7,0
2022-01-19 14:15:00,1642581900,60085.3,60198.6,59973.2,60135.4,0
2022-01-19 15:15:00,1642585500,60133.6,60153.7,60053.1,60127.8,0
2022-01-20 09:15:00,1642650300,60045.5,60045.5,59709.7,59727.3,0
2022-01-20 10:15:00,1642653900,59728.5,59784.6,59565.9,59608.5,0
2022-01-20 11:15:00,1642657500,59606.4,59636.9,59476.9,59528.9,0
2022-01-20 12:15:00,1642661100,59528.4,59694.7,59480.8,59487.9,0
2022-01-20 13:15:00,1642664700,59481.8,59495.1,59154.2,59280.9,0
2022-01-20 14:15:00,1642668300,59279.6,59488.1,59068.3,59486.1,0
2022-01-20 15:15:00,1642671900,59483.8,59554.6,59455,59542.1,0
2022-01-21 09:15:00,1642736700,59039.4,59214.9,58683,59038.9,0
2022-01-21 10:15:00,1642740300,59040.4,59061,58823.7,58995.5,0
2022-01-21 11:15:00,1642743900,58993.8,59136.5,58917.9,59135.8,0
2022-01-21 12:15:00,1642747500,59131.2,59329.6,59086.9,59306.1,0
2022-01-21 13:15:00,1642751100,59304.6,59304.6,58940.1,58975,0
2022-01-21 14:15:00,1642754700,58975,59116.7,58620.9,59026.8,0
2022-01-21 15:15:00,1642758300,59028.6,59174.1,59028.5,59152.8,0
2022-01-24 09:15:00,1642995900,59024,59024,58383.7,58483.4,0
2022-01-24 10:15:00,1642999500,58477.4,58483.5,58264.1,58334.1,0
2022-01-24 11:15:00,1643003100,58339.1,58350.3,57935,57959.3,0
2022-01-24 12:15:00,1643006700,57955.6,57976.4,57720.2,57837.1,0
2022-01-24 13:15:00,1643010300,57846.4,57852,56984,56999.9,0
2022-01-24 14:15:00,1643013900,57002.9,57620.5,57002.9,57602.9,0
2022-01-24 15:15:00,1643017500,57606.4,57612.2,57359.5,57395.1,0
2022-01-25 09:15:00,1643082300,57158.6,57626.9,56409.6,57166.6,0
2022-01-25 10:15:00,1643085900,57174.3,57251.7,56951.3,57189.9,0
2022-01-25 11:15:00,1643089500,57191.2,57325.1,57079.6,57185,0
2022-01-25 12:15:00,1643093100,57186.3,57361,57092.8,57355.1,0
2022-01-25 13:15:00,1643096700,57355.3,57721.9,57345.2,57630.2,0
2022-01-25 14:15:00,1643100300,57634,57917,57539.9,57890.9,0
2022-01-25 15:15:00,1643103900,57899.2,57966.9,57828,57856.2,0
2022-01-27 09:15:00,1643255100,57317.4,57317.4,56674.5,56989,0
2022-01-27 10:15:00,1643258700,56989.4,57016.7,56713.1,56815.4,0
2022-01-27 11:15:00,1643262300,56816.7,56824.5,56496.1,56504.4,0
2022-01-27 12:15:00,1643265900,56503.3,56939.4,56439.4,56932.3,0
2022-01-27 13:15:00,1643269500,56929,57194.9,56858.3,57092.4,0
2022-01-27 14:15:00,1643273100,57099.5,57508.6,57057.3,57327.8,0
2022-01-27 15:15:00,1643276700,57326.3,57443.9,57226.2,57410.7,0
2022-01-28 09:15:00,1643341500,57795.1,58044.9,57570.3,57929.1,0
2022-01-28 10:15:00,1643345100,57925.8,57985.5,57748.8,57905.2,0
2022-01-28 11:15:00,1643348700,57910.7,58033,57842.8,58018.4,0
2022-01-28 12:15:00,1643352300,58015.5,58084.3,57948.7,57963.7,0
2022-01-28 13:15:00,1643355900,57970.3,58028.2,57347.3,57394.1,0
2022-01-28 14:15:00,1643359500,57400.4,57519.2,57119.3,57158.6,0
2022-01-28 15:15:00,1643363100,57158.8,57259.8,57145.6,57208.5,0
2022-01-31 09:15:00,1643600700,57845.9,58069.1,57746.1,57978.1,0
2022-01-31 10:15:00,1643604300,57979.4,58062.6,57752.1,57991.6,0
2022-01-31 11:15:00,1643607900,57983.4,58184.4,57902.4,58170.4,0
2022-01-31 12:15:00,1643611500,58171.8,58248.1,58066.7,58189.4,0
2022-01-31 13:15:00,1643615100,58190.5,58257.6,57960.1,58142.1,0
2022-01-31 14:15:00,1643618700,58139.9,58241.9,57985.3,58019.1,0
2022-01-31 15:15:00,1643622300,58020.2,58056.8,57922,57994.2,0
2022-02-01 09:15:00,1643687100,58672.9,58879.6,58493.6,58870.6,0
2022-02-01 10:15:00,1643690700,58864.7,58929.5,58705.2,58834.3,0
2022-02-01 11:15:00,1643694300,58833.4,59032.2,58442.2,58929.2,0
2022-02-01 12:15:00,1643697900,58925.9,59016.9,57811.4,57849.2,0
2022-02-01 13:15:00,1643701500,57842.8,58778.9,57737.7,58737.8,0
2022-02-01 14:15:00,1643705100,58736,58961.1,58678.4,58800.7,0
2022-02-01 15:15:00,1643708700,58803.9,58952.6,58798.7,58943.8,0
2022-02-02 09:15:00,1643773500,59293.4,59441.7,59193.1,59346.6,0
2022-02-02 10:15:00,1643777100,59348.6,59419.2,59205.3,59385,0
2022-02-02 11:15:00,1643780700,59383.7,59536.5,59350.7,59477.4,0
2022-02-02 12:15:00,1643784300,59472.5,59520.9,59408,59442.8,0
2022-02-02 13:15:00,1643787900,59443.5,59571.4,59383.1,59552.5,0
2022-02-02 14:15:00,1643791500,59546.7,59583.1,59464.9,59551,0
2022-02-02 15:15:00,1643795100,59552.8,59618.5,59537.6,59601.8,0
2022-02-03 09:15:00,1643859900,59528.2,59557.9,59203.1,59292,0
2022-02-03 10:15:00,1643863500,59291.6,59343.9,59212.5,59287.8,0
2022-02-03 11:15:00,1643867100,59286.4,59294.9,59033.3,59034.9,0
2022-02-03 12:15:00,1643870700,59032.8,59260.7,59021.9,59158.6,0
2022-02-03 13:15:00,1643874300,59161.1,59173.9,58883.4,59030.7,0
2022-02-03 14:15:00,1643877900,59032.1,59060.1,58807.9,58816.6,0
2022-02-03 15:15:00,1643881500,58821.5,58827.2,58653.9,58667.8,0
2022-02-04 09:15:00,1643946300,58918.6,58943.6,58476,58705.6,0
2022-02-04 10:15:00,1643949900,58710.3,58809.9,58608,58796.9,0
2022-02-04 11:15:00,1643953500,58794.8,58846.6,58584.4,58619.5,0
2022-02-04 12:15:00,1643957100,58619.3,58686.6,58453.6,58509.8,0
2022-02-04 13:15:00,1643960700,58505.9,58806.5,58446.9,58726.7,0
2022-02-04 14:15:00,1643964300,58728,58778.8,58531.5,58696,0
2022-02-04 15:15:00,1643967900,58695.8,58702.9,58578.4,58601.2,0
2022-02-07 09:15:00,1644205500,58549.7,58707.8,58255.3,58334.6,0
2022-02-07 10:15:00,1644209100,58334.6,58386.8,58034.9,58063.1,0
2022-02-07 11:15:00,1644212700,58057.5,58058.9,57819.3,57831.9,0
2022-02-07 12:15:00,1644216300,57830.4,58015.7,57751.7,57782.8,0
2022-02-07 13:15:00,1644219900,57776.9,57834.6,57299.1,57487.9,0
2022-02-07 14:15:00,1644223500,57486.2,57702.2,57418.1,57642.8,0
2022-02-07 15:15:00,1644227100,57642,57647.4,57530.7,57622.1,0
2022-02-08 09:15:00,1644291900,57799.7,57925.8,57481.5,57560.1,0
2022-02-08 10:15:00,1644295500,57562.1,57570.1,57058.8,57199.6,0
2022-02-08 11:15:00,1644299100,57202,57641.4,57162.7,57528.3,0
2022-02-08 12:15:00,1644302700,57524,57825.5,57342.2,57370.2,0
2022-02-08 13:15:00,1644306300,57369.2,57634.1,57323.5,57448.5,0
2022-02-08 14:15:00,1644309900,57443.1,57919.4,57361.4,57865.8,0
2022-02-08 15:15:00,1644313500,57865.3,57879.3,57687.5,57722.7,0
2022-02-09 09:15:00,1644378300,58163,58378.7,58105.2,58305.2,0
2022-02-09 10:15:00,1644381900,58306.9,58320.9,58137.7,58210.3,0
2022-02-09 11:15:00,1644385500,58212.8,58322.7,58189.9,58279.8,0
2022-02-09 12:15:00,1644389100,58279.9,58352,58183.2,58192.5,0
2022-02-09 13:15:00,1644392700,58194.9,58405.4,58178.6,58387.9,0
2022-02-09 14:15:00,1644396300,58387.9,58507.6,58380.2,58464.9,0
2022-02-09 15:15:00,1644399900,58464.1,58501.5,58453.4,58496.8,0
2022-02-10 09:15:00,1644464700,58810.5,58810.5,58332.3,58614.9,0
2022-02-10 10:15:00,1644468300,58614.7,58914.6,58524.9,58875.4,0
2022-02-10 11:15:00,1644471900,58876.2,59009,58786.6,58905.2,0
2022-02-10 12:15:00,1644475500,58910.8,58989.6,58823.6,58935.6,0
2022-02-10 13:15:00,1644479100,58934.4,59054.1,58869,59016.6,0
2022-02-10 14:15:00,1644482700,59017,59060.2,58918.9,58930.9,0
2022-02-10 15:15:00,1644486300,58923.5,58977.9,58852.8,58877.9,0
2022-02-11 09:15:00,1644551100,58447.1,58447.1,57943.4,57998.9,0
2022-02-11 10:15:00,1644554700,57993.6,58097,57914.1,57980.2,0
2022-02-11 11:15:00,1644558300,57980.9,58096.4,57922.6,58086.3,0
2022-02-11 12:15:00,1644561900,58087.1,58270.8,58069.1,58269.4,0
2022-02-11 13:15:00,1644565500,58274.8,58393.9,58082.4,58186.9,0
2022-02-11 14:15:00,1644569100,58180.3,58246.3,58048.1,58205.1,0
2022-02-11 15:15:00,1644572700,58204.6,58209.8,58039.6,58070.4,0
2022-02-14 09:15:00,1644810300,56720.3,57140.5,56612.1,57017.3,0
2022-02-14 10:15:00,1644813900,57020.7,57191.9,56921,57013.1,0
2022-02-14 11:15:00,1644817500,57015.1,57043.2,56878,56966.1,0
2022-02-14 12:15:00,1644821100,56961.7,57039.1,56796.1,56992.3,0
2022-02-14 13:15:00,1644824700,56993,57092,56652.3,56673.6,0
2022-02-14 14:15:00,1644828300,56670.7,56782.5,56386.6,56406.5,0
2022-02-14 15:15:00,1644831900,56401.3,56458.3,56295.7,56320.3,0
2022-02-15 09:15:00,1644896700,56731.6,56955.1,56438.5,56550.4,0
2022-02-15 10:15:00,1644900300,56554.3,56835.4,56521.8,56780.9,0
2022-02-15 11:15:00,1644903900,56776.1,57254.6,56776.1,57197.3,0
2022-02-15 12:15:00,1644907500,57195.7,57338.1,57061.2,57275.8,0
2022-02-15 13:15:00,1644911100,57279,57971,57177.6,57918.1,0
2022-02-15 14:15:00,1644914700,57929.4,58159.6,57849.3,58141.5,0
2022-02-15 15:15:00,1644918300,58139.9,58211.4,58131.7,58156.4,0
2022-02-16 09:15:00,1644983100,58310.7,58467,57981.6,58037.1,0
2022-02-16 10:15:00,1644986700,58037.1,58155.5,57780.3,57867.9,0
2022-02-16 11:15:00,1644990300,57866.6,58045.5,57866.6,58031.7,0
2022-02-16 12:15:00,1644993900,58037.9,58356.9,58037.1,58310.9,0
2022-02-16 13:15:00,1644997500,58311.9,58569.2,58245,58466.5,0
2022-02-16 14:15:00,1645001100,58464.4,58481.9,57881.8,58004.5,0
2022-02-16 15:15:00,1645004700,58002.8,58004.3,57854.6,57872.4,0
2022-02-17 09:15:00,1645069500,58217.7,58346,57748.5,57899.8,0
2022-02-17 10:15:00,1645073100,57895.2,58129.2,57635.4,58085.3,0
2022-02-17 11:15:00,1645076700,58086.4,58186.6,57958.4,58148.5,0
2022-02-17 12:15:00,1645080300,58146.6,58265.4,58104.4,58143.1,0
2022-02-17 13:15:00,1645083900,58148.9,58257.5,57987.2,57987.2,0
2022-02-17 14:15:00,1645087500,57987.2,58107.9,57831.1,57832.8,0
2022-02-17 15:15:00,1645091100,57830.3,57865.2,57796.1,57820.3,0
2022-02-18 09:15:00,1645155900,57488.4,57939.6,57488.4,57888.5,0
2022-02-18 10:15:00,1645159500,57887.9,57980.5,57743.9,57977.1,0
2022-02-18 11:15:00,1645163100,57978.5,58054.5,57903.7,58040.9,0
2022-02-18 12:15:00,1645166700,58040.7,58175.4,57986,58112.3,0
2022-02-18 13:15:00,1645170300,58117.1,58132.1,57928.4,57937.6,0
2022-02-18 14:15:00,1645173900,57936,57954.9,57724.4,57851.2,0
2022-02-18 15:15:00,1645177500,57846.5,57849,57770.2,57799.8,0
2022-02-21 09:15:00,1645415100,57551.6,57705.8,57167,57372.6,0
2022-02-21 10:15:00,1645418700,57364.3,57713.1,57290.6,57708.1,0
2022-02-21 11:15:00,1645422300,57707.8,58015.1,57655.3,57969,0
2022-02-21 12:15:00,1645425900,57965.9,58136.3,57881.8,58131.3,0
2022-02-21 13:15:00,1645429500,58132.1,58142,57758.6,57759,0
2022-02-21 14:15:00,1645433100,57759.3,57870.8,57606.3,57657.9,0
2022-02-21 15:15:00,1645436700,57653.1,57724,57612.7,57675.2,0
2022-02-22 09:15:00,1645501500,56438.6,56883.6,56394.9,56701.7,0
2022-02-22 10:15:00,1645505100,56701.2,56981.2,56680.9,56931.8,0
2022-02-22 11:15:00,1645508700,56933.2,57059.2,56778.5,56897.2,0
2022-02-22 12:15:00,1645512300,56897.1,56926.4,56694.6,56785.6,0
2022-02-22 13:15:00,1645515900,56786.5,57292.7,56720.7,57292.2,0
2022-02-22 14:15:00,1645519500,57298.1,57505.9,57175.1,57316.6,0
2022-02-22 15:15:00,1645523100,57317.1,57354.1,57225.7,57264,0
2022-02-23 09:15:00,1645587900,57632.9,57733.4,57449.4,57480.5,0
2022-02-23 10:15:00,1645591500,57487.7,57592.1,57398.7,57559.3,0
2022-02-23 11:15:00,1645595100,57561.7,57679.9,57557.1,57581,0
2022-02-23 12:15:00,1645598700,57579.5,57602,57454.4,57556.2,0
2022-02-23 13:15:00,1645602300,57551.9,57588.4,57374.2,57487.7,0
2022-02-23 14:15:00,1645605900,57486.5,57567.9,57161.4,57166,0
2022-02-23 15:15:00,1645609500,57165,57213.4,57109.2,57207.4,0
2022-02-24 09:15:00,1645674300,55418.4,55996.1,55147.7,55415.6,0
2022-02-24 10:15:00,1645677900,55421.3,55658.2,55374.4,55600.7,0
2022-02-24 11:15:00,1645681500,55590.3,55849.9,55521.6,55606.7,0
2022-02-24 12:15:00,1645685100,55608.3,55613.1,55175.9,55498.2,0
2022-02-24 13:15:00,1645688700,55505.9,55513.8,55116,55214.2,0
2022-02-24 14:15:00,1645692300,55210.4,55305.3,54448.6,54623.8,0
2022-02-24 15:15:00,1645695900,54623.6,54640,54383.2,54433.2,0
2022-02-25 09:15:00,1645760700,55321.7,55984.6,55299.3,55804.2,0
2022-02-25 10:15:00,1645764300,55803.4,56183.7,55782,56014.4,0
2022-02-25 11:15:00,1645767900,56014.2,56128,55857.5,55870.1,0
2022-02-25 12:15:00,1645771500,55870.2,56025.3,55668.6,55893.2,0
2022-02-25 13:15:00,1645775100,55893.7,55933.7,55696.9,55915.3,0
2022-02-25 14:15:00,1645778700,55915.2,56068.1,55765,55850,0
2022-02-25 15:15:00,1645782300,55852.9,55920.2,55808.6,55880.6,0
2022-02-28 09:15:00,1646019900,55329.5,55329.5,54833.5,55108.8,0
2022-02-28 10:15:00,1646023500,55111.6,55633.4,55074.7,55588.8,0
2022-02-28 11:15:00,1646027100,55590.8,55998.6,55544,55861.4,0
2022-02-28 12:15:00,1646030700,55856.4,56077.9,55782.9,56011.5,0
2022-02-28 13:15:00,1646034300,56011.8,56078.1,55745.1,55935.3,0
2022-02-28 14:15:00,1646037900,55940.2,56324.5,55892.9,56268.8,0
2022-02-28 15:15:00,1646041500,56266.6,56280.3,56184.8,56203.8,0
2022-03-02 09:15:00,1646192700,55629.3,55755.1,55272.2,55427.5,0
2022-03-02 10:15:00,1646196300,55426.3,55538,55276.7,55360.1,0
2022-03-02 11:15:00,1646199900,55359.9,55457,55131.1,55139.5,0
2022-03-02 12:15:00,1646203500,55140.8,55358.9,55020.1,55252.7,0
2022-03-02 13:15:00,1646207100,55258.4,55319.2,55147.6,55207.6,0
2022-03-02 14:15:00,1646210700,55207.1,55496.5,55065.4,55482.9,0
2022-03-02 15:15:00,1646214300,55493.7,55606.8,55454.8,55564.7,0
2022-03-03 09:15:00,1646279100,55921.4,55996.6,55482.3,55578.2,0
2022-03-03 10:15:00,1646282700,55580,55630.1,55466.1,55625.6,0
2022-03-03 11:15:00,1646286300,55629.7,55670.9,55573.4,55608.6,0
2022-03-03 12:15:00,1646289900,55606.4,55606.4,55136.1,55187,0
2022-03-03 13:15:00,1646293500,55188.1,55389.9,55052,55170.3,0
2022-03-03 14:15:00,1646297100,55174.2,55339.9,54931.5,55222.1,0
2022-03-03 15:15:00,1646300700,55223.4,55250.4,55109.2,55147.9,0
2022-03-04 09:15:00,1646365500,54653.6,54653.6,54172.5,54172.5,0
2022-03-04 10:15:00,1646369100,54165.2,54200.1,53887.7,53982.3,0
2022-03-04 11:15:00,1646372700,53982.3,54367.8,53967.5,54326,0
2022-03-04 12:15:00,1646376300,54321.4,54830.1,54289.2,54683.2,0
2022-03-04 13:15:00,1646379900,54685.6,55013.3,54594.8,54659,0
2022-03-04 14:15:00,1646383500,54656.3,54810.2,54292.4,54324,0
2022-03-04 15:15:00,1646387100,54334.4,54345.9,54255.8,54335,0
2022-03-07 09:15:00,1646624700,53172.5,53172.5,52597.8,52747,0
2022-03-07 10:15:00,1646628300,52747.4,52933.6,52542.6,52881.2,0
2022-03-07 11:15:00,1646631900,52880.8,53203.9,52877.6,53041.1,0
2022-03-07 12:15:00,1646635500,53038.4,53181.9,52874.1,52882.1,0
2022-03-07 13:15:00,1646639100,52882.5,52968.4,52486.3,52519.3,0
2022-03-07 14:15:00,1646642700,52510.6,52904.1,52367.1,52874.3,0
2022-03-07 15:15:00,1646646300,52877,52968.1,52853.3,52949.3,0
2022-03-08 09:15:00,1646711100,52430.1,53024.2,52410.4,52986.1,0
2022-03-08 10:15:00,1646714700,52994.9,53007.8,52556.1,52654,0
2022-03-08 11:15:00,1646718300,52657.1,52659.8,52333.6,52461,0
2022-03-08 12:15:00,1646721900,52459.6,52596.4,52260.8,52496.4,0
2022-03-08 13:15:00,1646725500,52503.5,53086.2,52315.3,52916.1,0
2022-03-08 14:15:00,1646729100,52912.8,53476.7,52746,53434.8,0
2022-03-08 15:15:00,1646732700,53435.6,53484.3,53397.9,53440.1,0
2022-03-09 09:15:00,1646797500,53794,53921.1,53367.5,53905.9,0
2022-03-09 10:15:00,1646801100,53908.4,54019.6,53862.1,53879.1,0
2022-03-09 11:15:00,1646804700,53882.2,54122.1,53787.9,54069.5,0
2022-03-09 12:15:00,1646808300,54067.3,54558.2,54064.7,54533.5,0
2022-03-09 13:15:00,1646811900,54536.9,54671.4,54267.7,54621.9,0
2022-03-09 14:15:00,1646815500,54621.5,54893.7,54596.4,54672.7,0
2022-03-09 15:15:00,1646819100,54670.1,54741.2,54606.8,54741.2,0
2022-03-10 09:15:00,1646883900,56242.5,56242.5,55564.8,55944,0
2022-03-10 10:15:00,1646887500,55936.8,56096.3,55881.3,56029,0
2022-03-10 11:15:00,1646891100,56027.3,56032.2,55835.4,55854.5,0
2022-03-10 12:15:00,1646894700,55854.7,55922.7,55542.2,55634.1,0
2022-03-10 13:15:00,1646898300,55633.4,55773.7,54982.8,55244.4,0
2022-03-10 14:15:00,1646901900,55243.2,55581.3,55097,55550.1,0
2022-03-10 15:15:00,1646905500,55550.7,55555.6,55323.9,55368.4,0
2022-03-11 09:15:00,1646970300,55218.8,55833.9,55049.9,55659.9,0
2022-03-11 10:15:00,1646973900,55666.6,55668.8,55330.6,55530.8,0
2022-03-11 11:15:00,1646977500,55530.8,55703.7,55485.6,55633.2,0
2022-03-11 12:15:00,1646981100,55631.1,55697.5,55400.4,55439.8,0
2022-03-11 13:15:00,1646984700,55437.7,55579.6,55365.6,55526.5,0
2022-03-11 14:15:00,1646988300,55524.1,55637.5,55426.8,55543.2,0
2022-03-11 15:15:00,1646991900,55538.8,55565.3,55494.8,55522.7,0
2022-03-14 09:15:00,1647229500,55614.4,55868.9,55556.5,55802.3,0
2022-03-14 10:15:00,1647233100,55806.5,55985.7,55706.8,55964.4,0
2022-03-14 11:15:00,1647236700,55965.2,56128.7,55945.8,56023.6,0
2022-03-14 12:15:00,1647240300,56021.4,56203.3,55980.7,56173.4,0
2022-03-14 13:15:00,1647243900,56185,56267.1,56112.5,56261.9,0
2022-03-14 14:15:00,1647247500,56262.1,56538.4,56261.4,56485.8,0
2022-03-14 15:15:00,1647251100,56479.9,56545.8,56397.5,56535,0
2022-03-15 09:15:00,1647315900,56663.9,56720.6,56265.3,56442.8,0
2022-03-15 10:15:00,1647319500,56445,56559.7,56357.4,56408.4,0
2022-03-15 11:15:00,1647323100,56404.1,56550.4,56332.6,56520.1,0
2022-03-15 12:15:00,1647326700,56518.4,56521.7,56010.3,56053.5,0
2022-03-15 13:15:00,1647330300,56055.3,56055.3,55672.5,55714.9,0
2022-03-15 14:15:00,1647333900,55708.5,55944.5,55418.9,55800.2,0
2022-03-15 15:15:00,1647337500,55796.9,55833.5,55698.9,55709.6,0
2022-03-16 09:15:00,1647402300,56555.3,56761,56402.3,56441.2,0
2022-03-16 10:15:00,1647405900,56441.9,56612.8,56389.3,56518.1,0
2022-03-16 11:15:00,1647409500,56518.9,56686.4,56511.1,56634.4,0
2022-03-16 12:15:00,1647413100,56634,56711.6,56466.5,56468.1,0
2022-03-16 13:15:00,1647416700,56457,56650.5,56411.5,56508.6,0
2022-03-16 14:15:00,1647420300,56507.9,56860.9,56476.2,56832,0
2022-03-16 15:15:00,1647423900,56834.6,56841.9,56792.2,56802.2,0
2022-03-17 09:15:00,1647488700,57620.3,57830.8,57518.1,57829.9,0
2022-03-17 10:15:00,1647492300,57833.1,57876.4,57781.3,57825.8,0
2022-03-17 11:15:00,1647495900,57829.2,57958.3,57798.9,57888.7,0
2022-03-17 12:15:00,1647499500,57892.2,58032,57842.2,57940.2,0
2022-03-17 13:15:00,1647503100,57940.1,58095.8,57880.5,57978.3,0
2022-03-17 14:15:00,1647506700,57982.7,58037.1,57757.8,57821.5,0
2022-03-17 15:15:00,1647510300,57821.6,57944.9,57798,57929,0
2022-03-21 09:15:00,1647834300,58030.4,58127.9,57625.5,57639.8,0
2022-03-21 10:15:00,1647837900,57643.4,57813.4,57569.9,57734.8,0
2022-03-21 11:15:00,1647841500,57730,57821.2,57628.4,57628.9,0
2022-03-21 12:15:00,1647845100,57630.7,57658.8,57287.4,57315.4,0
2022-03-21 13:15:00,1647848700,57323.2,57524.3,57250.4,57462.6,0
2022-03-21 14:15:00,1647852300,57462,57471.9,57229.1,57325.2,0
2022-03-21 15:15:00,1647855900,57322.4,57340.3,57274.9,57279.9,0
2022-03-22 09:15:00,1647920700,57297.6,57340.4,56980.2,57010.5,0
2022-03-22 10:15:00,1647924300,57002.3,57132.6,56930.3,57113,0
2022-03-22 11:15:00,1647927900,57113.7,57189.7,56970.1,57031.6,0
2022-03-22 12:15:00,1647931500,57029.6,57701.9,57006.7,57695.6,0
2022-03-22 13:15:00,1647935100,57695.5,57998.6,57642.8,57900.4,0
2022-03-22 14:15:00,1647938700,57902.9,57991.6,57697.8,57985.6,0
2022-03-22 15:15:00,1647942300,57985,58047.7,57967,58047.7,0
2022-03-23 09:15:00,1648007100,58198.6,58416.6,58043.4,58133.6,0
2022-03-23 10:15:00,1648010700,58133.6,58210,57937,58018.6,0
2022-03-23 11:15:00,1648014300,58016.8,58089.4,57742,57870.4,0
2022-03-23 12:15:00,1648017900,57869.7,57887.1,57621.4,57775.1,0
2022-03-23 13:15:00,1648021500,57773.6,57878.2,57568.6,57728.8,0
2022-03-23 14:15:00,1648025100,57729.1,57919,57697,57742.1,0
2022-03-23 15:15:00,1648028700,57742.1,57746.8,57615.6,57642.2,0
2022-03-24 09:15:00,1648093500,57190.1,57742.1,57138.5,57710.7,0
2022-03-24 10:15:00,1648097100,57713.9,57779.9,57547.6,57769.2,0
2022-03-24 11:15:00,1648100700,57769.9,57828,57440.9,57459.8,0
2022-03-24 12:15:00,1648104300,57459.3,57480.3,57321.2,57351,0
2022-03-24 13:15:00,1648107900,57351,57612.2,57337.5,57601.1,0
2022-03-24 14:15:00,1648111500,57604.9,57701.6,57492.1,57612,0
2022-03-24 15:15:00,1648115100,57607.5,57628.4,57495.4,57507.9,0
2022-03-25 09:15:00,1648179900,57801.7,57845.4,57391.5,57483.2,0
2022-03-25 10:15:00,1648183500,57480.5,57520.2,57389.6,57458.1,0
2022-03-25 11:15:00,1648187100,57464.5,57504.2,57250,57280.1,0
2022-03-25 12:15:00,1648190700,57276.7,57380.1,57239.2,57310.4,0
2022-03-25 13:15:00,1648194300,57312.1,57328,57100.2,57193.3,0
2022-03-25 14:15:00,1648197900,57183.3,57327.3,57165.5,57281.2,0
2022-03-25 15:15:00,1648201500,57289,57506.2,57285.7,57448.8,0
2022-03-28 09:15:00,1648439100,57472.7,57494.4,56936.7,56961.1,0
2022-03-28 10:15:00,1648442700,56965.7,57005.9,56825.1,56977.6,0
2022-03-28 11:15:00,1648446300,56976.2,57058.7,56868.2,57008.8,0
2022-03-28 12:15:00,1648449900,57016.9,57569.8,57016.9,57569.1,0
2022-03-28 13:15:00,1648453500,57565.2,57582.2,57296.1,57427.3,0
2022-03-28 14:15:00,1648457100,57428.8,57623.4,57366,57588.7,0
2022-03-28 15:15:00,1648460700,57591.4,57638.3,57572.9,57584.1,0
2022-03-29 09:15:00,1648525500,57814.8,57934.1,57726.3,57793.8,0
2022-03-29 10:15:00,1648529100,57788.7,57848,57644.9,57807.3,0
2022-03-29 11:15:00,1648532700,57811.6,57853.3,57690.7,57742.5,0
2022-03-29 12:15:00,1648536300,57744.7,57896.2,57709.1,57784.8,0
2022-03-29 13:15:00,1648539900,57788.3,57788.3,57639.4,57762.2,0
2022-03-29 14:15:00,1648543500,57764.5,57945.8,57753.2,57914,0
2022-03-29 15:15:00,1648547100,57914.7,58001.5,57912.8,57985.4,0
2022-03-30 09:15:00,1648611900,58362.9,58447.9,58176,58423.1,0
2022-03-30 10:15:00,1648615500,58425.5,58647.4,58415.9,58621.3,0
2022-03-30 11:15:00,1648619100,58622.7,58656.3,58547.5,58562.6,0
2022-03-30 12:15:00,1648622700,58560.8,58617.8,58513.2,58586.8,0
2022-03-30 13:15:00,1648626300,58595.8,58665,58372.7,58470.2,0
2022-03-30 14:15:00,1648629900,58469.7,58727.8,58469.2,58650.1,0
2022-03-30 15:15:00,1648633500,58647.1,58665,58529.3,58544.1,0
2022-03-31 09:15:00,1648698300,58779.7,58890.9,58620.8,58828.2,0
2022-03-31 10:15:00,1648701900,58824.7,58841.2,58678.7,58722.5,0
2022-03-31 11:15:00,1648705500,58721.6,58744.2,58536.9,58605.8,0
2022-03-31 12:15:00,1648709100,58604.9,58799.9,58602.8,58753.6,0
2022-03-31 13:15:00,1648712700,58752.8,58768.5,58528.2,58553.3,0
2022-03-31 14:15:00,1648716300,58552.3,58673.9,58485.8,58569.9,0
2022-03-31 15:15:00,1648719900,58571,58592.6,58517.6,58592.6,0
2022-04-01 09:15:00,1648784700,58530.7,58841.2,58450,58769.3,0
2022-04-01 10:15:00,1648788300,58767.9,58879.2,58749.5,58862.7,0
2022-04-01 11:15:00,1648791900,58861.1,58863.5,58734.2,58785.4,0
2022-04-01 12:15:00,1648795500,58784.8,58894.5,58749.8,58836.8,0
2022-04-01 13:15:00,1648799100,58837.5,59023.3,58835.2,58995.7,0
2022-04-01 14:15:00,1648802700,58991.2,59289.8,58939.5,59285,0
2022-04-01 15:15:00,1648806300,59285.9,59396.6,59282.1,59341.8,0
2022-04-04 09:15:00,1649043900,59764.1,60845.1,59760.2,60754.1,0
2022-04-04 10:15:00,1649047500,60759,60807.3,60351.4,60406.8,0
2022-04-04 11:15:00,1649051100,60402.3,60594.1,60201.6,60206.7,0
2022-04-04 12:15:00,1649054700,60208.5,60393,60064.1,60374.2,0
2022-04-04 13:15:00,1649058300,60376,60498.4,60332.8,60418,0
2022-04-04 14:15:00,1649061900,60419.1,60678.5,60396.4,60643.7,0
2022-04-04 15:15:00,1649065500,60639.2,60665.8,60555.4,60562.9,0
2022-04-05 09:15:00,1649130300,60786.1,60786.1,60281.8,60359,0
2022-04-05 10:15:00,1649133900,60359.8,60482.7,60227.4,60421,0
2022-04-05 11:15:00,1649137500,60419.4,60441.1,60362.4,60432.5,0
2022-04-05 12:15:00,1649141100,60434.8,60583.2,60323.7,60581.3,0
2022-04-05 13:15:00,1649144700,60585.7,60682.8,60323.4,60396.2,0
2022-04-05 14:15:00,1649148300,60391.4,60433.9,60152.6,60160.1,0
2022-04-05 15:15:00,1649151900,60160.8,60186.1,60067.2,60109.6,0
2022-04-06 09:15:00,1649216700,59815.7,59941.6,59612.1,59688.5,0
2022-04-06 10:15:00,1649220300,59687.4,59748.9,59509.8,59672.2,0
2022-04-06 11:15:00,1649223900,59676.3,59836.4,59622.1,59784.7,0
2022-04-06 12:15:00,1649227500,59783.4,59931.4,59661.4,59737.8,0
2022-04-06 13:15:00,1649231100,59737.4,59741.8,59565.8,59575.5,0
2022-04-06 14:15:00,1649234700,59573.5,59746.4,59530.3,59633.1,0
2022-04-06 15:15:00,1649238300,59626.4,59640.5,59566.7,59586.1,0
2022-04-07 09:15:00,1649303100,59402.6,59402.6,59202.4,59286,0
2022-04-07 10:15:00,1649306700,59279.5,59318.2,59120.1,59172.4,0
2022-04-07 11:15:00,1649310300,59170,59466.2,59157.1,59439.9,0
2022-04-07 12:15:00,1649313900,59437.7,59504.9,59339.7,59405.6,0
2022-04-07 13:15:00,1649317500,59404.5,59427.9,59040.1,59067.2,0
2022-04-07 14:15:00,1649321100,59061.9,59141.4,58988.1,59013.1,0
2022-04-07 15:15:00,1649324700,59011.4,59095.5,58977.4,59073.2,0
2022-04-08 09:15:00,1649389500,59257,59297.5,58927.6,59152.7,0
2022-04-08 10:15:00,1649393100,59154.7,59163.9,58876.4,58951.4,0
2022-04-08 11:15:00,1649396700,58954.6,59233.2,58900,59192.4,0
2022-04-08 12:15:00,1649400300,59195.1,59345.7,59168.7,59268.5,0
2022-04-08 13:15:00,1649403900,59269.8,59654.4,59241.8,59620.2,0
2022-04-08 14:15:00,1649407500,59626.5,59630.5,59373.1,59377.4,0
2022-04-08 15:15:00,1649411100,59382.6,59487.4,59378.6,59475,0
2022-04-11 09:15:00,1649648700,59333.2,59333.2,58945.1,59137.6,0
2022-04-11 10:15:00,1649652300,59141.1,59210.3,58964.9,59041.4,0
2022-04-11 11:15:00,1649655900,59045.4,59184,59020.2,59171.4,0
2022-04-11 12:15:00,1649659500,59171.9,59242.4,59001.3,59208.2,0
2022-04-11 13:15:00,1649663100,59209.3,59355.8,59116.4,59210.4,0
2022-04-11 14:15:00,1649666700,59211.8,59235.3,58894.4,58996.4,0
2022-04-11 15:15:00,1649670300,58998.1,59010,58939.5,58993.8,0
2022-04-12 09:15:00,1649735100,58743.5,58743.5,58426.5,58449.3,0
2022-04-12 10:15:00,1649738700,58446.7,58568.8,58338.1,58474.4,0
2022-04-12 11:15:00,1649742300,58477.6,58583.7,58418.9,58567.1,0
2022-04-12 12:15:00,1649745900,58568.3,58581,58377.6,58381.6,0
2022-04-12 13:15:00,1649749500,58380.3,58665.6,58298.6,58650.9,0
2022-04-12 14:15:00,1649753100,58651,58794.8,58580,58584.8,0
2022-04-12 15:15:00,1649756700,58581.1,58586.4,58521.3,58544.6,0
2022-04-13 09:15:00,1649821500,58910.7,59003.8,58599.6,58599.6,0
2022-04-13 10:15:00,1649825100,58607.1,58670.6,58514.5,58582.2,0
2022-04-13 11:15:00,1649828700,58587.2,58648.3,58383.9,58383.9,0
2022-04-13 12:15:00,1649832300,58383,58474.4,58302.5,58461.7,0
2022-04-13 13:15:00,1649835900,58464.8,58500.1,58344.2,58463.9,0
2022-04-13 14:15:00,1649839500,58460.9,58511.3,58308.9,58312.3,0
2022-04-13 15:15:00,1649843100,58312.3,58355.5,58291.2,58318.1,0
2022-04-18 09:15:00,1650253500,57338.6,57420.8,57071.1,57123.8,0
2022-04-18 10:15:00,1650257100,57118.3,57176.4,57047,57135.2,0
2022-04-18 11:15:00,1650260700,57134.2,57199,57046.7,57063.6,0
2022-04-18 12:15:00,1650264300,57063.1,57084.6,56842.4,56943.8,0
2022-04-18 13:15:00,1650267900,56941.5,57136.9,56936.8,57073.4,0
2022-04-18 14:15:00,1650271500,57074,57240.9,57019.1,57180.1,0
2022-04-18 15:15:00,1650275100,57183.4,57250.4,57179.3,57208.4,0
2022-04-19 09:15:00,1650339900,57381.8,57459.9,57027.9,57153.5,0
2022-04-19 10:15:00,1650343500,57156.6,57176.5,57059.8,57173.3,0
2022-04-19 11:15:00,1650347100,57179.2,57342,57164.1,57335.3,0
2022-04-19 12:15:00,1650350700,57340.6,57387.3,57110.8,57141.5,0
2022-04-19 13:15:00,1650354300,57141,57464.1,57133,57387,0
2022-04-19 14:15:00,1650357900,57390.8,57403.4,56347.2,56485.4,0
2022-04-19 15:15:00,1650361500,56474.6,56504.5,56009.1,56169.2,0
2022-04-20 09:15:00,1650426300,56741.4,57036.3,56521.3,56958.7,0
2022-04-20 10:15:00,1650429900,56954.4,57030.1,56838.6,56990.7,0
2022-04-20 11:15:00,1650433500,56990.3,57030.9,56794.3,56911.9,0
2022-04-20 12:15:00,1650437100,56910.3,57216.5,56910.3,57055.4,0
2022-04-20 13:15:00,1650440700,57058.3,57140,56807.1,56928.4,0
2022-04-20 14:15:00,1650444300,56926.6,57145.5,56823.5,57003.6,0
2022-04-20 15:15:00,1650447900,56994.8,57083.2,56985.6,57072.7,0
2022-04-21 09:15:00,1650512700,57458.6,57524.4,57311.9,57486.9,0
2022-04-21 10:15:00,1650516300,57482.7,57760.8,57418.1,57755.4,0
2022-04-21 11:15:00,1650519900,57758.1,57801.8,57687.7,57769.9,0
2022-04-21 12:15:00,1650523500,57771,57856.4,57717.9,57818.1,0
2022-04-21 13:15:00,1650527100,57817.3,57911.8,57773.9,57875.8,0
2022-04-21 14:15:00,1650530700,57876.3,57991.5,57840.9,57904.1,0
2022-04-21 15:15:00,1650534300,57907.7,57949.2,57885.9,57946.8,0
2022-04-22 09:15:00,1650599100,57531.9,57531.9,57244.8,57390.8,0
2022-04-22 10:15:00,1650602700,57391.5,57650.4,57347.9,57639.5,0
2022-04-22 11:15:00,1650606300,57629.8,57689.9,57556,57596.1,0
2022-04-22 12:15:00,1650609900,57598.1,57664.9,57521.7,57574.2,0
2022-04-22 13:15:00,1650613500,57572.8,57663.2,57271.7,57367.7,0
2022-04-22 14:15:00,1650617100,57365,57399.8,57134.7,57214.7,0
2022-04-22 15:15:00,1650620700,57218.2,57227.6,57160.4,57189,0
2022-04-25 09:15:00,1650858300,56757.6,56875.6,56412.1,56798.5,0
2022-04-25 10:15:00,1650861900,56795.4,56836,56597.8,56736.5,0
2022-04-25 11:15:00,1650865500,56732.1,56778.1,56631.5,56631.8,0
2022-04-25 12:15:00,1650869100,56629,56706.9,56414.8,56698.8,0
2022-04-25 13:15:00,1650872700,56697.5,56759.9,56537.6,56620,0
2022-04-25 14:15:00,1650876300,56618.1,56618.1,56356.9,56552.7,0
2022-04-25 15:15:00,1650879900,56549.7,56684.7,56530.8,56663.1,0
2022-04-26 09:15:00,1650944700,57066.2,57333.5,57066.2,57220.7,0
2022-04-26 10:15:00,1650948300,57218.8,57241,57108.2,57130.7,0
2022-04-26 11:15:00,1650951900,57132.1,57295.2,57131.8,57176.1,0
2022-04-26 12:15:00,1650955500,57176,57232.6,56904.5,56983.7,0
2022-04-26 13:15:00,1650959100,56985.3,57205,56976.5,57168.3,0
2022-04-26 14:15:00,1650962700,57169.1,57412.8,57047.6,57393.7,0
2022-04-26 15:15:00,1650966300,57394.7,57442.2,57346.8,57367.5,0
2022-04-27 09:15:00,1651031100,56983.7,57079,56852.7,56998.1,0
2022-04-27 10:15:00,1651034700,56995,57010.2,56858.7,56964.3,0
2022-04-27 11:15:00,1651038300,56967.4,56969.9,56796,56841.4,0
2022-04-27 12:15:00,1651041900,56843.9,56893.4,56584,56645.9,0
2022-04-27 13:15:00,1651045500,56648.4,56970.3,56648.4,56907.3,0
2022-04-27 14:15:00,1651049100,56905.8,57009.3,56758.3,56804.3,0
2022-04-27 15:15:00,1651052700,56803.7,56867.6,56774.2,56831.2,0
2022-04-28 09:15:00,1651117500,57296.3,57296.4,56961.3,57041.2,0
2022-04-28 10:15:00,1651121100,57043.7,57096.5,56936.9,57043.7,0
2022-04-28 11:15:00,1651124700,57046.7,57344,57039.9,57294.3,0
2022-04-28 12:15:00,1651128300,57293.3,57573.1,57282.7,57568.1,0
2022-04-28 13:15:00,1651131900,57570.5,57727,57490.8,57718,0
2022-04-28 14:15:00,1651135500,57717.7,57790.9,57457.3,57457.3,0
2022-04-28 15:15:00,1651139100,57459.1,57540.3,57427.5,57462.7,0
2022-04-29 09:15:00,1651203900,57817.5,57902.8,57544.5,57640.6,0
2022-04-29 10:15:00,1651207500,57642.8,57836.3,57615.6,57825.8,0
2022-04-29 11:15:00,1651211100,57824.2,57918.1,57798.3,57868.9,0
2022-04-29 12:15:00,1651214700,57870.4,57975.5,57830.2,57942.5,0
2022-04-29 13:15:00,1651218300,57943.2,57974.3,57659.7,57694.7,0
2022-04-29 14:15:00,1651221900,57692.5,57713.9,56960.7,56963.9,0
2022-04-29 15:15:00,1651225500,56963.8,57129.1,56902.3,57129.1,0
2022-05-02 09:15:00,1651463100,56429.4,56795.7,56412.6,56700.1,0
2022-05-02 10:15:00,1651466700,56701.2,56821.9,56593.6,56664.6,0
2022-05-02 11:15:00,1651470300,56665.2,56848.9,56626.4,56836.5,0
2022-05-02 12:15:00,1651473900,56835.1,56919.3,56700.1,56834.5,0
2022-05-02 13:15:00,1651477500,56832.9,56866.2,56707.4,56809,0
2022-05-02 14:15:00,1651481100,56809.2,57054.2,56665.6,56980.3,0
2022-05-02 15:15:00,1651484700,56978.4,57000.8,56941.4,56962.4,0
2022-05-04 09:15:00,1651635900,57124.9,57184.2,56816.2,56821,0
2022-05-04 10:15:00,1651639500,56821.7,56821.7,56487.8,56558.9,0
2022-05-04 11:15:00,1651643100,56563.7,56651.3,56340.8,56412.3,0
2022-05-04 12:15:00,1651646700,56415,56469.1,56151.1,56341.5,0
2022-05-04 13:15:00,1651650300,56342,56616.2,55915.4,56079.4,0
2022-05-04 14:15:00,1651653900,56077.1,56228.4,55501.6,55779.9,0
2022-05-04 15:15:00,1651657500,55779,55789.3,55603.8,55733.6,0
2022-05-05 09:15:00,1651722300,56255.1,56486,55976.4,56478.1,0
2022-05-05 10:15:00,1651725900,56474.5,56566.8,56362.5,56490.2,0
2022-05-05 11:15:00,1651729500,56491.2,56491.2,56181.8,56238.3,0
2022-05-05 12:15:00,1651733100,56240.8,56412.1,56133.5,56149.7,0
2022-05-05 13:15:00,1651736700,56139.3,56250.6,55715.4,55810.1,0
2022-05-05 14:15:00,1651740300,55809.9,55914.8,55613.8,55716.6,0
2022-05-05 15:15:00,1651743900,55715.5,55772.7,55650.8,55679.9,0
2022-05-06 09:15:00,1651808700,54928.3,55070.1,54721.8,54777.7,0
2022-05-06 10:15:00,1651812300,54770.9,54818.5,54596.1,54684.2,0
2022-05-06 11:15:00,1651815900,54683.5,54873.5,54586.8,54839.6,0
2022-05-06 12:15:00,1651819500,54840.2,54864.2,54661.5,54709.3,0
2022-05-06 13:15:00,1651823100,54708.8,55015,54651.7,54959.4,0
2022-05-06 14:15:00,1651826700,54957.1,55069.1,54719,54818,0
2022-05-06 15:15:00,1651830300,54821.4,54953.4,54819.3,54952.7,0
2022-05-09 09:15:00,1652067900,54188.2,54365.8,53918,54261.8,0
2022-05-09 10:15:00,1652071500,54252.9,54315.5,54168.1,54237.9,0
2022-05-09 11:15:00,1652075100,54240.2,54563.3,54217.5,54537.7,0
2022-05-09 12:15:00,1652078700,54547.1,54795.2,54470.4,54588,0
2022-05-09 13:15:00,1652082300,54587.4,54640.2,54233,54303.7,0
2022-05-09 14:15:00,1652085900,54304.4,54795.5,54275.2,54490.9,0
2022-05-09 15:15:00,1652089500,54488.4,54547.4,54472.2,54498.4,0
2022-05-10 09:15:00,1652154300,54309.3,54644.1,54269.6,54398.7,0
2022-05-10 10:15:00,1652157900,54402,54601.8,54389.1,54547.1,0
2022-05-10 11:15:00,1652161500,54546.9,54799.6,54451.2,54799.1,0
2022-05-10 12:15:00,1652165100,54793.9,54857,54706.4,54750,0
2022-05-10 13:15:00,1652168700,54752,54846,54555.1,54780.6,0
2022-05-10 14:15:00,1652172300,54782.1,54815.6,54304.9,54364.6,0
2022-05-10 15:15:00,1652175900,54361.8,54386.7,54226.3,54274.6,0
2022-05-11 09:15:00,1652240700,54544.9,54598.6,54021.4,54052.5,0
2022-05-11 10:15:00,1652244300,54053.2,54144,53764.4,53868.7,0
2022-05-11 11:15:00,1652247900,53867.8,54071.2,53859.7,53981.9,0
2022-05-11 12:15:00,1652251500,53988.6,54023.8,53588.5,53643.8,0
2022-05-11 13:15:00,1652255100,53642.3,54116.4,53519.3,54087.4,0
2022-05-11 14:15:00,1652258700,54095.3,54263.4,53935.6,54051.5,0
2022-05-11 15:15:00,1652262300,54044.5,54213,54041.8,54213,0
2022-05-12 09:15:00,1652327100,53608.4,53632.6,53047.8,53170.1,0
2022-05-12 10:15:00,1652330700,53169.8,53354.6,53022.5,53022.6,0
2022-05-12 11:15:00,1652334300,53021,53193.4,52994.8,53189.7,0
2022-05-12 12:15:00,1652337900,53189.5,53202.6,52928.3,53016.5,0
2022-05-12 13:15:00,1652341500,53022.8,53211.9,52869.5,52900.6,0
2022-05-12 14:15:00,1652345100,52902.5,53044.9,52702.3,52957,0
2022-05-12 15:15:00,1652348700,52963.7,52997.1,52910.1,52961.4,0
2022-05-13 09:15:00,1652413500,53565.7,53625.2,53139.1,53162.3,0
2022-05-13 10:15:00,1652417100,53150.3,53540,53131.7,53517.8,0
2022-05-13 11:15:00,1652420700,53513.1,53695.9,53387.6,53595,0
2022-05-13 12:15:00,1652424300,53592.5,53756.9,53502.7,53756.9,0
2022-05-13 13:15:00,1652427900,53759.6,53785.7,53295.9,53333.6,0
2022-05-13 14:15:00,1652431500,53326.7,53366.6,52654.9,52694.7,0
2022-05-13 15:15:00,1652435100,52697.7,52826.8,52694.2,52760.1,0
2022-05-16 09:15:00,1652672700,52946.3,53428.3,52632.5,53317.3,0
2022-05-16 10:15:00,1652676300,53319.3,53350.1,53130.1,53280.3,0
2022-05-16 11:15:00,1652679900,53280.5,53298.1,52870.9,52895.3,0
2022-05-16 12:15:00,1652683500,52895.6,53057.1,52730.2,52875.1,0
2022-05-16 13:15:00,1652687100,52874,53188.2,52840.7,53088.7,0
2022-05-16 14:15:00,1652690700,53089.4,53184.5,52868.3,52897.4,0
2022-05-16 15:15:00,1652694300,52902.8,53051.9,52889.1,53042.6,0
2022-05-17 09:15:00,1652759100,53285.2,53434.2,53176,53421.7,0
2022-05-17 10:15:00,1652762700,53428.4,53853.7,53428.4,53729.5,0
2022-05-17 11:15:00,1652766300,53731.3,53991.5,53711.4,53831.5,0
2022-05-17 12:15:00,1652769900,53829.6,54015,53823.3,54003.7,0
2022-05-17 13:15:00,1652773500,54012,54158.2,53874,54153.6,0
2022-05-17 14:15:00,1652777100,54161.6,54332.1,54083.8,54270.2,0
2022-05-17 15:15:00,1652780700,54264.3,54399.4,54259.9,54383.4,0
2022-05-18 09:15:00,1652845500,54554.9,54786,54409.5,54576.1,0
2022-05-18 10:15:00,1652849100,54579.3,54691.4,54455.4,54540.5,0
2022-05-18 11:15:00,1652852700,54539.6,54645.5,54506.6,54524,0
2022-05-18 12:15:00,1652856300,54530.6,54532.3,54130.9,54276.1,0
2022-05-18 13:15:00,1652859900,54276.4,54610.2,54178.1,54291.5,0
2022-05-18 14:15:00,1652863500,54294,54389.7,54161.2,54195.7,0
2022-05-18 15:15:00,1652867100,54192.3,54276.5,54184.7,54262.5,0
2022-05-19 09:15:00,1652931900,53070.3,53356,53053.8,53239.9,0
2022-05-19 10:15:00,1652935500,53241.8,53267.8,53141,53185.2,0
2022-05-19 11:15:00,1652939100,53187.5,53187.5,52951.9,52953.9,0
2022-05-19 12:15:00,1652942700,52954,53023.2,52802.4,52840.2,0
2022-05-19 13:15:00,1652946300,52843.5,52967.9,52826.2,52827.5,0
2022-05-19 14:15:00,1652949900,52818.2,52875.9,52669.5,52705,0
2022-05-19 15:15:00,1652953500,52697.8,52893.8,52696.8,52844.9,0
2022-05-20 09:15:00,1653018300,53514,53997.8,53403.3,53914.7,0
2022-05-20 10:15:00,1653021900,53915.7,54051.9,53868.6,54003.6,0
2022-05-20 11:15:00,1653025500,54003.5,54110.3,53859.3,53900,0
2022-05-20 12:15:00,1653029100,53897.6,54144.6,53802.8,54111.9,0
2022-05-20 13:15:00,1653032700,54111.9,54170,54042.1,54151.8,0
2022-05-20 14:15:00,1653036300,54154.9,54381.4,54034.8,54372.9,0
2022-05-20 15:15:00,1653039900,54374.4,54391.9,54280.5,54387,0
2022-05-23 09:15:00,1653277500,54459.9,54664.6,54191.6,54639.9,0
2022-05-23 10:15:00,1653281100,54642.7,54719.2,54538.4,54662.9,0
2022-05-23 11:15:00,1653284700,54666.4,54826.8,54661.9,54799.4,0
2022-05-23 12:15:00,1653288300,54798.4,54849,54664.5,54712,0
2022-05-23 13:15:00,1653291900,54707.9,54931.3,54383.2,54432.9,0
2022-05-23 14:15:00,1653295500,54419,54498.8,54251,54292.1,0
2022-05-23 15:15:00,1653299100,54292.7,54324.5,54202.2,54216.7,0
2022-05-24 09:15:00,1653363900,54307.6,54463.1,54060.2,54113.7,0
2022-05-24 10:15:00,1653367500,54112.5,54245.1,54021.3,54137.1,0
2022-05-24 11:15:00,1653371100,54137.4,54461.1,54116.4,54319.8,0
2022-05-24 12:15:00,1653374700,54321.6,54524.4,54163.9,54177.8,0
2022-05-24 13:15:00,1653378300,54177.1,54303.9,54115.8,54141.6,0
2022-05-24 14:15:00,1653381900,54138.9,54188.2,53886.3,54001,0
2022-05-24 15:15:00,1653385500,53999.8,54095.5,53999.8,54083.5,0
2022-05-25 09:15:00,1653450300,54254.1,54379.6,54038.1,54076.3,0
2022-05-25 10:15:00,1653453900,54076.9,54198.1,54016.5,54198.1,0
2022-05-25 11:15:00,1653457500,54198.9,54205.4,53835,53908.8,0
2022-05-25 12:15:00,1653461100,53910.4,53995.6,53783.3,53868,0
2022-05-25 13:15:00,1653464700,53872.1,53965.8,53686.8,53938,0
2022-05-25 14:15:00,1653468300,53941,53985.9,53683.2,53746.1,0
2022-05-25 15:15:00,1653471900,53750.4,53805.4,53734.2,53793.4,0
2022-05-26 09:15:00,1653536700,53950.8,54102.4,53794.9,53814.7,0
2022-05-26 10:15:00,1653540300,53812.8,53866.8,53456.6,53521.5,0
2022-05-26 11:15:00,1653543900,53519.7,53570.3,53425.2,53544.7,0
2022-05-26 12:15:00,1653547500,53546,54006.8,53459.9,54006.7,0
2022-05-26 13:15:00,1653551100,54010.5,54247.9,53905.2,53993,0
2022-05-26 14:15:00,1653554700,53991.7,54301.8,53989.6,54228.2,0
2022-05-26 15:15:00,1653558300,54237.6,54346.2,54237.6,54328.6,0
2022-05-27 09:15:00,1653623100,54671.5,54791.8,54518.4,54617.1,0
2022-05-27 10:15:00,1653626700,54611.3,54656.9,54464.3,54530.1,0
2022-05-27 11:15:00,1653630300,54528.9,54619.5,54449.3,54490,0
2022-05-27 12:15:00,1653633900,54488.1,54779.9,54468.2,54755.8,0
2022-05-27 13:15:00,1653637500,54761.9,54934.5,54671.8,54837.1,0
2022-05-27 14:15:00,1653641100,54837.4,54900.7,54689.1,54855.1,0
2022-05-27 15:15:00,1653644700,54856.8,54936.6,54847.6,54891.7,0
2022-05-30 09:15:00,1653882300,55507.8,55849.4,55466.3,55822.4,0
2022-05-30 10:15:00,1653885900,55821.9,56051.4,55767.4,56042.9,0
2022-05-30 11:15:00,1653889500,56047.4,56082.6,55958.1,55975.9,0
2022-05-30 12:15:00,1653893100,55975.6,55996.6,55871.4,55976.5,0
2022-05-30 13:15:00,1653896700,55975.7,55981.8,55824.2,55825.9,0
2022-05-30 14:15:00,1653900300,55827.7,55953,55776.9,55918.9,0
2022-05-30 15:15:00,1653903900,55922,55971.4,55894.8,55966.4,0
2022-05-31 09:15:00,1653968700,55622,55659.6,55386.5,55616.7,0
2022-05-31 10:15:00,1653972300,55614.4,55890.7,55564.8,55834.1,0
2022-05-31 11:15:00,1653975900,55837.9,55896.6,55703.7,55848.3,0
2022-05-31 12:15:00,1653979500,55851,55876.8,55647.4,55689,0
2022-05-31 13:15:00,1653983100,55699.1,55925.6,55698.7,55864.5,0
2022-05-31 14:15:00,1653986700,55861.1,55891.5,55471.5,55471.5,0
2022-05-31 15:15:00,1653990300,55475.5,55537.2,55369.1,55531.3,0
2022-06-01 09:15:00,1654055100,55588.3,55791.5,55407.5,55551.1,0
2022-06-01 10:15:00,1654058700,55549.9,55742.1,55549.9,55617.1,0
2022-06-01 11:15:00,1654062300,55613.1,55719.2,55545.2,55616.1,0
2022-06-01 12:15:00,1654065900,55616.2,55617.2,55471.3,55471.3,0
2022-06-01 13:15:00,1654069500,55473.2,55489.9,55188.1,55198.2,0
2022-06-01 14:15:00,1654073100,55201.4,55389.6,55091.4,55386.6,0
2022-06-01 15:15:00,1654076700,55388.6,55461,55385.3,55450.6,0
2022-06-02 09:15:00,1654141500,55382.4,55515.9,55135.1,55488.2,0
2022-06-02 10:15:00,1654145100,55489.9,55645.9,55355,55438.2,0
2022-06-02 11:15:00,1654148700,55437.3,55595.8,55419.1,55564.1,0
2022-06-02 12:15:00,1654152300,55551.6,55716.1,55545.1,55626.1,0
2022-06-02 13:15:00,1654155900,55628.3,55829.1,55536.2,55814.2,0
2022-06-02 14:15:00,1654159500,55813.8,55891.9,55712.4,55830.2,0
2022-06-02 15:15:00,1654163100,55832.9,55857.3,55806.4,55856.6,0
2022-06-03 09:15:00,1654227900,56245.6,56432.6,56241.3,56332.8,0
2022-06-03 10:15:00,1654231500,56332.8,56362.3,56200.7,56274.4,0
2022-06-03 11:15:00,1654235100,56273.7,56387.9,56255.4,56372,0
2022-06-03 12:15:00,1654238700,56370.7,56388.5,56164.6,56244.2,0
2022-06-03 13:15:00,1654242300,56243.8,56260.9,56054.4,56219.5,0
2022-06-03 14:15:00,1654245900,56216.6,56240.5,55719.4,55741.5,0
2022-06-03 15:15:00,1654249500,55746,55861.2,55722.1,55779.9,0
2022-06-06 09:15:00,1654487100,55610.6,55767.1,55295.7,55477.5,0
2022-06-06 10:15:00,1654490700,55481.4,55588.8,55424.2,55489.8,0
2022-06-06 11:15:00,1654494300,55489,55670.1,55408.8,55669.8,0
2022-06-06 12:15:00,1654497900,55670.8,55754,55583.1,55659,0
2022-06-06 13:15:00,1654501500,55656.7,55832.3,55629.4,55820.9,0
2022-06-06 14:15:00,1654505100,55824.3,55824.3,55641.3,55707.4,0
2022-06-06 15:15:00,1654508700,55704.8,55704.8,55623.7,55655.1,0
2022-06-07 09:15:00,1654573500,55373.2,55387.8,55031.8,55157.4,0
2022-06-07 10:15:00,1654577100,55160.5,55225.9,54980.4,54983.7,0
2022-06-07 11:15:00,1654580700,54981.9,55071.6,54882.4,55012.9,0
2022-06-07 12:15:00,1654584300,55012.5,55127.8,54997.7,55056.4,0
2022-06-07 13:15:00,1654587900,55051.4,55122.1,54993.8,55005,0
2022-06-07 14:15:00,1654591500,55007.8,55162,54987.6,55124.1,0
2022-06-07 15:15:00,1654595100,55118.3,55136.4,55058.1,55087.9,0
2022-06-08 09:15:00,1654659900,55345.5,55361.5,54683.3,54949,0
2022-06-08 10:15:00,1654663500,54945.5,55424,54890.5,55151.7,0
2022-06-08 11:15:00,1654667100,55151.8,55336.1,55136.4,55309.9,0
2022-06-08 12:15:00,1654670700,55308.4,55334.4,55041.6,55047.3,0
2022-06-08 13:15:00,1654674300,55046.1,55046.1,54786.3,54863.4,0
2022-06-08 14:15:00,1654677900,54860.4,54963.9,54741.9,54900.2,0
2022-06-08 15:15:00,1654681500,54903.6,54915.5,54824.6,54826.4,0
2022-06-09 09:15:00,1654746300,54514.2,54812.9,54507.4,54722.1,0
2022-06-09 10:15:00,1654749900,54721.7,55010.9,54692.8,54940.5,0
2022-06-09 11:15:00,1654753500,54940,54961.5,54842.8,54952.6,0
2022-06-09 12:15:00,1654757100,54950.8,55106.5,54823.1,54874.6,0
2022-06-09 13:15:00,1654760700,54879.8,55032.4,54865.9,55011.9,0
2022-06-09 14:15:00,1654764300,55011.8,55321.9,54961.9,55316.8,0
2022-06-09 15:15:00,1654767900,55313.1,55366.8,55305.5,55337.4,0
2022-06-10 09:15:00,1654832700,54760.2,54780.8,54531.9,54562.9,0
2022-06-10 10:15:00,1654836300,54564.5,54700.6,54548.9,54604.7,0
2022-06-10 11:15:00,1654839900,54601.8,54606.1,54424,54508.1,0
2022-06-10 12:15:00,1654843500,54508.1,54510.6,54341.3,54362.4,0
2022-06-10 13:15:00,1654847100,54362.9,54428.7,54242.4,54271.1,0
2022-06-10 14:15:00,1654850700,54270.6,54393.6,54206,54336.6,0
2022-06-10 15:15:00,1654854300,54336.2,54346.9,54226.4,54275,0
2022-06-13 09:15:00,1655091900,53184.6,53207.5,52763.8,52815.1,0
2022-06-13 10:15:00,1655095500,52814.3,52960.4,52735,52928.8,0
2022-06-13 11:15:00,1655099100,52931.4,52985.8,52852,52892.4,0
2022-06-13 12:15:00,1655102700,52897.3,52933.8,52729.8,52766.6,0
2022-06-13 13:15:00,1655106300,52762.6,52835.6,52527.1,52576.5,0
2022-06-13 14:15:00,1655109900,52572.7,52852.3,52539.1,52821.4,0
2022-06-13 15:15:00,1655113500,52823.4,52951.9,52823.4,52931.8,0
2022-06-14 09:15:00,1655178300,52495.9,52863.6,52459.5,52780.2,0
2022-06-14 10:15:00,1655181900,52781.7,53078.7,52777,53071.8,0
2022-06-14 11:15:00,1655185500,53071.6,53095.3,52944.9,52973.1,0
2022-06-14 12:15:00,1655189100,52973.4,52991.8,52644,52816.2,0
2022-06-14 13:15:00,1655192700,52814.7,52922.6,52597.9,52598.1,0
2022-06-14 14:15:00,1655196300,52592.3,52703,52502.9,52667.9,0
2022-06-14 15:15:00,1655199900,52674.2,52782.3,52654,52731.3,0
2022-06-15 09:15:00,1655264700,52650.4,52819.8,52538.5,52743.6,0
2022-06-15 10:15:00,1655268300,52742.5,52792.5,52556.7,52608.3,0
2022-06-15 11:15:00,1655271900,52606.9,52749.4,52588,52705,0
2022-06-15 12:15:00,1655275500,52704.9,52867.7,52658.1,52812.1,0
2022-06-15 13:15:00,1655279100,52811.4,52831.9,52703.3,52721.3,0
2022-06-15 14:15:00,1655282700,52719.3,52733.9,52493.4,52533.9,0
2022-06-15 15:15:00,1655286300,52535.8,52556.9,52501.1,52520,0
2022-06-16 09:15:00,1655351100,53018.9,53142.5,52806.5,52811,0
2022-06-16 10:15:00,1655354700,52817.4,52828.1,52574.6,52614.3,0
2022-06-16 11:15:00,1655358300,52612.9,52613.6,52106.3,52197.5,0
2022-06-16 12:15:00,1655361900,52196.3,52333.8,51846.6,51870.6,0
2022-06-16 13:15:00,1655365500,51875.9,51929.3,51523.9,51629.5,0
2022-06-16 14:15:00,1655369100,51628.8,51707.3,51433.8,51490.5,0
2022-06-16 15:15:00,1655372700,51492.6,51506.9,51425.5,51473.9,0
2022-06-17 09:15:00,1655437500,51182,51634.1,50921.2,51327,0
2022-06-17 10:15:00,1655441100,51320.8,51467.4,51288.4,51359.7,0
2022-06-17 11:15:00,1655444700,51351.4,51393.5,51044,51220,0
2022-06-17 12:15:00,1655448300,51219.1,51419,51161.4,51244.7,0
2022-06-17 13:15:00,1655451900,51242.3,51535.7,51216.4,51410.9,0
2022-06-17 14:15:00,1655455500,51407.6,51652.8,51201.7,51266.3,0
2022-06-17 15:15:00,1655459100,51260,51493.6,51205.9,51488.4,0
2022-06-20 09:15:00,1655696700,51470,51614.1,51062.9,51414.4,0
2022-06-20 10:15:00,1655700300,51418.4,51527,51258.9,51423.9,0
2022-06-20 11:15:00,1655703900,51418.6,51633.5,51357.8,51543.8,0
2022-06-20 12:15:00,1655707500,51546.4,51714.6,51477.2,51519.5,0
2022-06-20 13:15:00,1655711100,51521.2,51545.4,51339.1,51460.8,0
2022-06-20 14:15:00,1655714700,51458.9,51634.7,51286.8,51616.2,0
2022-06-20 15:15:00,1655718300,51612.6,51703.1,51602.5,51675.9,0
2022-06-21 09:15:00,1655783100,51897.6,52297.3,51808.8,52254.5,0
2022-06-21 10:15:00,1655786700,52258.8,52396.6,52212.6,52395.6,0
2022-06-21 11:15:00,1655790300,52398.4,52486.1,52297.6,52373.3,0
2022-06-21 12:15:00,1655793900,52371.7,52705.3,52370.5,52700.8,0
2022-06-21 13:15:00,1655797500,52702.7,52799.4,52606,52731.3,0
2022-06-21 14:15:00,1655801100,52732.3,52777.9,52477.9,52527,0
2022-06-21 15:15:00,1655804700,52526.8,52581.4,52473.5,52487.4,0
2022-06-22 09:15:00,1655869500,52186.4,52272.9,51879.8,51933.2,0
2022-06-22 10:15:00,1655873100,51934.9,52222.2,51908.8,52085.7,0
2022-06-22 11:15:00,1655876700,52083.7,52151.6,51977.3,52015.2,0
2022-06-22 12:15:00,1655880300,52015.4,52076.8,51825.5,51876.5,0
2022-06-22 13:15:00,1655883900,51873.1,52001.4,51740,51959.1,0
2022-06-22 14:15:00,1655887500,51959,52017.8,51807.9,51840.6,0
2022-06-22 15:15:00,1655891100,51842.6,51858.6,51765.2,51794.3,0
2022-06-23 09:15:00,1655955900,51972.8,52406.6,51809.2,52404.4,0
2022-06-23 10:15:00,1655959500,52402.5,52516.8,52333.6,52457.2,0
2022-06-23 11:15:00,1655963100,52454.4,52504.8,52118.3,52198.3,0
2022-06-23 12:15:00,1655966700,52199.1,52206.2,51632.9,51689.9,0
2022-06-23 13:15:00,1655970300,51693,52335.6,51673.8,52078.4,0
2022-06-23 14:15:00,1655973900,52078.4,52372.2,52057.7,52246.6,0
2022-06-23 15:15:00,1655977500,52252.2,52317.7,52230.1,52311.2,0
2022-06-24 09:15:00,1656042300,52654.2,52909.9,52587,52687.8,0
2022-06-24 10:15:00,1656045900,52682,52710,52550.7,52656.5,0
2022-06-24 11:15:00,1656049500,52656.2,52700,52451.9,52489.2,0
2022-06-24 12:15:00,1656053100,52487.4,52704.1,52447.2,52656,0
2022-06-24 13:15:00,1656056700,52658.6,52762.6,52498.8,52743.8,0
2022-06-24 14:15:00,1656060300,52745.5,52778.7,52639.1,52746.3,0
2022-06-24 15:15:00,1656063900,52752.5,52760.5,52709,52726.9,0
2022-06-27 09:15:00,1656301500,53468.9,53509.5,53280.3,53280.3,0
2022-06-27 10:15:00,1656305100,53276.9,53356.4,53225.7,53289.8,0
2022-06-27 11:15:00,1656308700,53290.2,53312.6,53155.9,53211.4,0
2022-06-27 12:15:00,1656312300,53211.9,53424.7,53198.8,53351.1,0
2022-06-27 13:15:00,1656315900,53353.6,53424.3,53302.8,53330.5,0
2022-06-27 14:15:00,1656319500,53328.6,53342.9,53120.8,53180.5,0
2022-06-27 15:15:00,1656323100,53181.8,53209,53132.7,53177.2,0
2022-06-28 09:15:00,1656387900,52846.3,53023,52771.5,52790.4,0
2022-06-28 10:15:00,1656391500,52792.8,52887.3,52786,52845.9,0
2022-06-28 11:15:00,1656395100,52843.1,53059,52838.8,53027.4,0
2022-06-28 12:15:00,1656398700,53027.4,53133.8,52875.9,52893.7,0
2022-06-28 13:15:00,1656402300,52893.6,53048.2,52879.8,52988.7,0
2022-06-28 14:15:00,1656405900,52988.7,53183.1,52979.6,53146.6,0
2022-06-28 15:15:00,1656409500,53147.2,53301.4,53128.7,53285.3,0
2022-06-29 09:15:00,1656474300,52623.1,52904.3,52612.7,52863.2,0
2022-06-29 10:15:00,1656477900,52863.8,52973,52825.3,52905.6,0
2022-06-29 11:15:00,1656481500,52912.2,53107.7,52907.8,53058.8,0
2022-06-29 12:15:00,1656485100,53058.5,53166.5,52968.4,53148.1,0
2022-06-29 13:15:00,1656488700,53147.8,53235.2,53106.6,53222.2,0
2022-06-29 14:15:00,1656492300,53218.8,53244.8,52990.9,53001.8,0
2022-06-29 15:15:00,1656495900,53000.6,53029.1,52940.4,52968.2,0
2022-06-30 09:15:00,1656560700,52897.2,53377.5,52897.2,53194.1,0
2022-06-30 10:15:00,1656564300,53195.1,53229.5,52997.3,53005.6,0
2022-06-30 11:15:00,1656567900,53009.3,53133.5,52934.2,52950.7,0
2022-06-30 12:15:00,1656571500,52950.5,53166.6,52890.8,53123.8,0
2022-06-30 13:15:00,1656575100,53123.4,53254.1,53072.6,53254.1,0
2022-06-30 14:15:00,1656578700,53252.9,53269.5,53028.6,53028.6,0
2022-06-30 15:15:00,1656582300,53029.2,53032.9,52883.2,52912.1,0
2022-07-01 09:15:00,1656647100,52863.3,52863.3,52167.1,52249.3,0
2022-07-01 10:15:00,1656650700,52246.2,52552.3,52094.2,52517.1,0
2022-07-01 11:15:00,1656654300,52521.8,52590.8,52401.3,52548.1,0
2022-07-01 12:15:00,1656657900,52547.6,52762.7,52533.3,52719.2,0
2022-07-01 13:15:00,1656661500,52718.6,52774.6,52562,52573.8,0
2022-07-01 14:15:00,1656665100,52566.1,52927.8,52520.3,52885.3,0
2022-07-01 15:15:00,1656668700,52884.4,53053,52879.7,52950,0
2022-07-04 09:15:00,1656906300,52851.7,53067.5,52674.8,52715.4,0
2022-07-04 10:15:00,1656909900,52712.3,52964.8,52682.9,52921.1,0
2022-07-04 11:15:00,1656913500,52923.6,53043.5,52890.8,53015,0
2022-07-04 12:15:00,1656917100,53011.4,53110.6,52965.1,53042.5,0
2022-07-04 13:15:00,1656920700,53045.8,53064.2,52897.9,53030.6,0
2022-07-04 14:15:00,1656924300,53035.1,53302,53012.8,53258.1,0
2022-07-04 15:15:00,1656927900,53256.1,53262.5,53189.1,53230.4,0
2022-07-05 09:15:00,1656992700,53501.2,53738.3,53438,53693,0
2022-07-05 10:15:00,1656996300,53689.9,53802.3,53665.4,53739.8,0
2022-07-05 11:15:00,1656999900,53740,53857.5,53731.8,53837.8,0
2022-07-05 12:15:00,1657003500,53838.5,53865.9,53663.3,53694.6,0
2022-07-05 13:15:00,1657007100,53696.4,53743.9,53289.6,53304.7,0
2022-07-05 14:15:00,1657010700,53304.5,53380.1,53054.3,53157.9,0
2022-07-05 15:15:00,1657014300,53157,53183.6,53092.3,53093.4,0
2022-07-06 09:15:00,1657079100,53170.7,53505.9,53143.3,53401.7,0
2022-07-06 10:15:00,1657082700,53397.5,53584.2,53363.5,53448.9,0
2022-07-06 11:15:00,1657086300,53448.5,53504.6,53313.5,53403.6,0
2022-07-06 12:15:00,1657089900,53399.3,53789.2,53393.6,53788,0
2022-07-06 13:15:00,1657093500,53793.1,53797,53503.5,53520.4,0
2022-07-06 14:15:00,1657097100,53517.4,53765,53495.3,53762.2,0
2022-07-06 15:15:00,1657100700,53759.7,53819.3,53756.2,53806.8,0
2022-07-07 09:15:00,1657165500,54146.7,54249.7,53980.7,54072.2,0
2022-07-07 10:15:00,1657169100,54073.7,54191.1,54061.6,54084.1,0
2022-07-07 11:15:00,1657172700,54086.8,54168.1,54059.1,54095.3,0
2022-07-07 12:15:00,1657176300,54093,54211.8,54068.3,54136.3,0
2022-07-07 13:15:00,1657179900,54139.4,54254.8,53964.1,53964.9,0
2022-07-07 14:15:00,1657183500,53969,54237.8,53927.3,54154.9,0
2022-07-07 15:15:00,1657187100,54152.1,54205,54142,54199.2,0
2022-07-08 09:15:00,1657251900,54574.4,54627.1,54350.4,54412.5,0
2022-07-08 10:15:00,1657255500,54411.5,54491.6,54387.8,54432.6,0
2022-07-08 11:15:00,1657259100,54436.2,54447.4,54334,54356.2,0
2022-07-08 12:15:00,1657262700,54357.6,54470.2,54339.4,54416.1,0
2022-07-08 13:15:00,1657266300,54413.4,54509,54348.2,54379,0
2022-07-08 14:15:00,1657269900,54378.6,54539.5,54278.8,54521.6,0
2022-07-08 15:15:00,1657273500,54517.5,54527.3,54466,54492.6,0
2022-07-11 09:15:00,1657511100,54248.6,54292,54090.5,54267.9,0
2022-07-11 10:15:00,1657514700,54269.2,54287.1,54175.4,54234.2,0
2022-07-11 11:15:00,1657518300,54233,54240.8,54133.4,54204.6,0
2022-07-11 12:15:00,1657521900,54204.4,54284.7,54099.2,54273.2,0
2022-07-11 13:15:00,1657525500,54274.7,54452.8,54235.6,54405.4,0
2022-07-11 14:15:00,1657529100,54407.9,54527.9,54399.4,54430.6,0
2022-07-11 15:15:00,1657532700,54424.3,54435.3,54333.9,54362.6,0
2022-07-12 09:15:00,1657597500,54219.8,54230.7,54054.5,54178.5,0
2022-07-12 10:15:00,1657601100,54179.2,54236.5,54136.4,54189.5,0
2022-07-12 11:15:00,1657604700,54192.7,54194.7,54071.1,54120.7,0
2022-07-12 12:15:00,1657608300,54120.8,54122.6,53955.7,53988.6,0
2022-07-12 13:15:00,1657611900,53988.9,54156.4,53985.6,54150.6,0
2022-07-12 14:15:00,1657615500,54163.3,54194.5,53893.4,53895.7,0
2022-07-12 15:15:00,1657619100,53894.5,53896.8,53825,53835,0
2022-07-13 09:15:00,1657683900,54210.1,54211.2,53985.7,54131.7,0
2022-07-13 10:15:00,1657687500,54133.2,54141.5,53879.9,53944.8,0
2022-07-13 11:15:00,1657691100,53946.9,54027.6,53890.8,53953.4,0
2022-07-13 12:15:00,1657694700,53953.4,53978.8,53618.1,53656.8,0
2022-07-13 13:15:00,1657698300,53657.6,53681.4,53546.8,53583.9,0
2022-07-13 14:15:00,1657701900,53584.1,53647.2,53455.3,53491.4,0
2022-07-13 15:15:00,1657705500,53492.5,53570.2,53472.3,53546.1,0
2022-07-14 09:15:00,1657770300,53688.6,53861.3,53600.8,53778.5,0
2022-07-14 10:15:00,1657773900,53778.5,53791.6,53646.5,53655.2,0
2022-07-14 11:15:00,1657777500,53654.5,53654.5,53433.8,53504.4,0
2022-07-14 12:15:00,1657781100,53502.1,53632.2,53446.6,53543.1,0
2022-07-14 13:15:00,1657784700,53543.1,53543.9,53207.4,53213.9,0
2022-07-14 14:15:00,1657788300,53215.8,53463.2,53163.8,53426.3,0
2022-07-14 15:15:00,1657791900,53426.9,53470.6,53398.9,53447.1,0
2022-07-15 09:15:00,1657856700,53637.9,53756,53475.2,53572.9,0
2022-07-15 10:15:00,1657860300,53567.8,53612,53383.8,53417.3,0
2022-07-15 11:15:00,1657863900,53419.2,53550.9,53392.6,53424,0
2022-07-15 12:15:00,1657867500,53423.4,53549.2,53361.6,53536.6,0
2022-07-15 13:15:00,1657871100,53537.8,53572.2,53422.4,53569.4,0
2022-07-15 14:15:00,1657874700,53577.8,53772.9,53562.9,53755.6,0
2022-07-15 15:15:00,1657878300,53762.6,53811.4,53742.2,53765.6,0
2022-07-18 09:15:00,1658115900,54069.3,54246.8,54035,54206.3,0
2022-07-18 10:15:00,1658119500,54208.7,54310.9,54157.9,54291.2,0
2022-07-18 11:15:00,1658123100,54292.2,54323.4,54221.9,54299.9,0
2022-07-18 12:15:00,1658126700,54302.8,54352.9,54286.1,54315.5,0
2022-07-18 13:15:00,1658130300,54316.1,54383.3,54243.7,54362.2,0
2022-07-18 14:15:00,1658133900,54361.9,54533.2,54335.8,54494.6,0
2022-07-18 15:15:00,1658137500,54496.7,54556.7,54480.2,54539.3,0
2022-07-19 09:15:00,1658202300,54251.9,54588.3,54232.8,54572.3,0
2022-07-19 10:15:00,1658205900,54575.2,54697.6,54510.9,54681.6,0
2022-07-19 11:15:00,1658209500,54681.4,54682.1,54468.8,54634.4,0
2022-07-19 12:15:00,1658213100,54636.3,54693.2,54512.3,54519.1,0
2022-07-19 13:15:00,1658216700,54515.7,54666.9,54498.3,54613.2,0
2022-07-19 14:15:00,1658220300,54606.5,54817.5,54546.8,54785.5,0
2022-07-19 15:15:00,1658223900,54788.1,54790.6,54708.1,54730.4,0
2022-07-20 09:15:00,1658288700,55486.1,55523.5,55313.9,55468.4,0
2022-07-20 10:15:00,1658292300,55467.7,55554.3,55420.5,55542.6,0
2022-07-20 11:15:00,1658295900,55542.8,55551.2,55439.4,55517.8,0
2022-07-20 12:15:00,1658299500,55513,55630.3,55444.4,55445.5,0
2022-07-20 13:15:00,1658303100,55444.6,55561.4,55417.6,55493.5,0
2022-07-20 14:15:00,1658306700,55494.7,55505.2,55394.6,55398.6,0
2022-07-20 15:15:00,1658310300,55393.5,55410.2,55298.2,55308,0
2022-07-21 09:15:00,1658375100,55391.9,55578.8,55270.8,55572.3,0
2022-07-21 10:15:00,1658378700,55572.8,55591.1,55479.3,55544.7,0
2022-07-21 11:15:00,1658382300,55540.2,55626.4,55527.8,55565.7,0
2022-07-21 12:15:00,1658385900,55566.9,55610,55451.3,55457.1,0
2022-07-21 13:15:00,1658389500,55457.1,55547.6,55393.8,55527.2,0
2022-07-21 14:15:00,1658393100,55528.7,55692.9,55519.5,55676.6,0
2022-07-21 15:15:00,1658396700,55683.9,55738.5,55659.7,55707.6,0
2022-07-22 09:15:00,1658461500,55800.8,56006.2,55724.8,55754.5,0
2022-07-22 10:15:00,1658465100,55754.9,55832.2,55685.4,55770.4,0
2022-07-22 11:15:00,1658468700,55770.8,55935.2,55761.7,55933.2,0
2022-07-22 12:15:00,1658472300,55927.8,56032.8,55906.3,55945.4,0
2022-07-22 13:15:00,1658475900,55945,56140.4,55895.9,56105.7,0
2022-07-22 14:15:00,1658479500,56104.1,56186.1,56035.1,56108.2,0
2022-07-22 15:15:00,1658483100,56101.6,56108.9,56016,56059.2,0
2022-07-25 09:15:00,1658720700,55877.5,56018.1,55611.2,55731.4,0
2022-07-25 10:15:00,1658724300,55725.2,55759.9,55557.3,55558.9,0
2022-07-25 11:15:00,1658727900,55562.2,55711.7,55537.1,55634.8,0
2022-07-25 12:15:00,1658731500,55636.6,55763,55613.4,55747.9,0
2022-07-25 13:15:00,1658735100,55744.7,55859,55649.8,55846.6,0
2022-07-25 14:15:00,1658738700,55843.6,55964.6,55770.9,55774.8,0
2022-07-25 15:15:00,1658742300,55777.5,55785.2,55678.4,55713.3,0
2022-07-26 09:15:00,1658807100,55834.4,55834.4,55344,55360.5,0
2022-07-26 10:15:00,1658810700,55365.1,55447.2,55295.9,55335.1,0
2022-07-26 11:15:00,1658814300,55338.7,55499.6,55325.6,55459.1,0
2022-07-26 12:15:00,1658817900,55464.1,55548.6,55457.7,55532.9,0
2022-07-26 13:15:00,1658821500,55531,55596.3,55360.3,55460.2,0
2022-07-26 14:15:00,1658825100,55462.4,55495.5,55276.6,55280,0
2022-07-26 15:15:00,1658828700,55282.3,55295,55203.4,55215.1,0
2022-07-27 09:15:00,1658893500,55258.3,55431.4,55158,55421.6,0
2022-07-27 10:15:00,1658897100,55420.5,55543.6,55396.4,55486.2,0
2022-07-27 11:15:00,1658900700,55488.1,55578.2,55479.9,55578.2,0
2022-07-27 12:15:00,1658904300,55575.6,55693.1,55491.8,55652.7,0
2022-07-27 13:15:00,1658907900,55656,55733.7,55595.9,55609.9,0
2022-07-27 14:15:00,1658911500,55610.2,55828.6,55598.7,55821.2,0
2022-07-27 15:15:00,1658915100,55821.4,55853.1,55787.6,55808,0
2022-07-28 09:15:00,1658979900,56267.6,56513.2,56236.4,56492.7,0
2022-07-28 10:15:00,1658983500,56491,56668.2,56466.2,56665.8,0
2022-07-28 11:15:00,1658987100,56662.9,56733.4,56594.4,56718.8,0
2022-07-28 12:15:00,1658990700,56721.6,56829.7,56685.9,56807.5,0
2022-07-28 13:15:00,1658994300,56805.2,56879.3,56777.3,56855.7,0
2022-07-28 14:15:00,1658997900,56853,56914.2,56671.9,56880.9,0
2022-07-28 15:15:00,1659001500,56884.1,56904.1,56822.1,56822.1,0
2022-07-29 09:15:00,1659066300,57258.1,57531.8,57256,57419,0
2022-07-29 10:15:00,1659069900,57419.7,57458.7,57104.8,57392.5,0
2022-07-29 11:15:00,1659073500,57395.2,57424.2,57306.3,57370.5,0
2022-07-29 12:15:00,1659077100,57372.1,57450.2,57316.9,57389.5,0
2022-07-29 13:15:00,1659080700,57384.4,57421.8,57279.4,57322.2,0
2022-07-29 14:15:00,1659084300,57315.5,57601.9,57243.8,57573.4,0
2022-07-29 15:15:00,1659087900,57566.6,57619.3,57557.8,57585.2,0
2022-08-01 09:15:00,1659325500,57823.1,57931.5,57540.4,57921.6,0
2022-08-01 10:15:00,1659329100,57924.1,57977.3,57874.2,57927.5,0
2022-08-01 11:15:00,1659332700,57924.1,57956.1,57844.3,57885.9,0
2022-08-01 12:15:00,1659336300,57887.5,58009.4,57882.2,57960.6,0
2022-08-01 13:15:00,1659339900,57960.7,58063.6,57926.6,58030.7,0
2022-08-01 14:15:00,1659343500,58028.9,58170.7,57982.6,58103.9,0
2022-08-01 15:15:00,1659347100,58097.1,58144.1,58053.1,58091.4,0
2022-08-02 09:15:00,1659411900,58049,58147,57744.7,57785.8,0
2022-08-02 10:15:00,1659415500,57788.2,57931.9,57784.8,57865.4,0
2022-08-02 11:15:00,1659419100,57865.1,58039.8,57828,57994.9,0
2022-08-02 12:15:00,1659422700,57994.2,58032.2,57802.3,57892.6,0
2022-08-02 13:15:00,1659426300,57892,58173.5,57889.6,58106.3,0
2022-08-02 14:15:00,1659429900,58098.9,58328.4,58076.3,58224.8,0
2022-08-02 15:15:00,1659433500,58229.1,58229.4,57947.7,58001.8,0
2022-08-03 09:15:00,1659498300,58174.1,58307.3,57924.5,58046.4,0
2022-08-03 10:15:00,1659501900,58046.7,58048.4,57821,57830.6,0
2022-08-03 11:15:00,1659505500,57827.1,57981.4,57788.8,57896.8,0
2022-08-03 12:15:00,1659509100,57896.8,58096.4,57845.2,58044.5,0
2022-08-03 13:15:00,1659512700,58043.5,58122.2,57948,58094.7,0
2022-08-03 14:15:00,1659516300,58096.1,58411.6,58036.8,58406.6,0
2022-08-03 15:15:00,1659519900,58404.9,58415.6,58354.5,58384.6,0
2022-08-04 09:15:00,1659584700,58571.3,58712.7,58484.8,58503.4,0
2022-08-04 10:15:00,1659588300,58508.7,58553.4,58371.9,58372,0
2022-08-04 11:15:00,1659591900,58361.2,58361.2,57577.1,58066.2,0
2022-08-04 12:15:00,1659595500,58063.6,58205.4,57904.5,58079.5,0
2022-08-04 13:15:00,1659599100,58079.2,58170.7,57917.9,57979.6,0
2022-08-04 14:15:00,1659602700,57981.1,58392.3,57966.7,58290,0
2022-08-04 15:15:00,1659606300,58293.8,58314.1,58221,58226.9,0
2022-08-05 09:15:00,1659671100,58421,58581.8,58330.1,58498.4,0
2022-08-05 10:15:00,1659674700,58498.6,58649.2,58419.7,58623.2,0
2022-08-05 11:15:00,1659678300,58620.5,58626.6,58478.1,58563.8,0
2022-08-05 12:15:00,1659681900,58567.1,58583.6,58326.7,58428.2,0
2022-08-05 13:15:00,1659685500,58429.2,58516.6,58343.4,58343.4,0
2022-08-05 14:15:00,1659689100,58339,58460.4,58244.9,58379.7,0
2022-08-05 15:15:00,1659692700,58378.1,58420.1,58341.8,58345.5,0
2022-08-08 09:15:00,1659930300,58417.7,58556.1,58266.6,58552.4,0
2022-08-08 10:15:00,1659933900,58559.2,58707.1,58551.4,58633.1,0
2022-08-08 11:15:00,1659937500,58631.6,58781.4,58605.2,58776.7,0
2022-08-08 12:15:00,1659941100,58776.9,58883.5,58776.9,58842.9,0
2022-08-08 13:15:00,1659944700,58842.6,58934.9,58797,58850.9,0
2022-08-08 14:15:00,1659948300,58846.8,58909.6,58728.7,58860.7,0
2022-08-08 15:15:00,1659951900,58860.4,58885.3,58822,58868.9,0
2022-08-10 09:15:00,1660103100,58977.3,58984.3,58583.4,58793.2,0
2022-08-10 10:15:00,1660106700,58794.9,58908.9,58777.4,58785.6,0
2022-08-10 11:15:00,1660110300,58778.8,58797.8,58690.4,58774.9,0
2022-08-10 12:15:00,1660113900,58770.7,58815.1,58728.1,58735.8,0
2022-08-10 13:15:00,1660117500,58735.5,58829,58659.5,58828.1,0
2022-08-10 14:15:00,1660121100,58826.1,58867.1,58762.6,58842.6,0
2022-08-10 15:15:00,1660124700,58838.3,58842.3,58773.9,58789.5,0
2022-08-11 09:15:00,1660189500,59320.4,59485,59320.4,59342.5,0
2022-08-11 10:15:00,1660193100,59342.5,59422.4,59338,59394.9,0
2022-08-11 11:15:00,1660196700,59396,59412.2,59279.9,59323.8,0
2022-08-11 12:15:00,1660200300,59322.8,59408.1,59320.9,59372.4,0
2022-08-11 13:15:00,1660203900,59368.9,59376.5,59251.1,59282.6,0
2022-08-11 14:15:00,1660207500,59280.3,59392.9,59263.6,59310.7,0
2022-08-11 15:15:00,1660211100,59311.5,59333.5,59259.2,59263.6,0
2022-08-12 09:15:00,1660275900,59236,59392.6,59113,59381.8,0
2022-08-12 10:15:00,1660279500,59379.6,59413.1,59273.6,59407.7,0
2022-08-12 11:15:00,1660283100,59407.4,59457.6,59361.3,59405.6,0
2022-08-12 12:15:00,1660286700,59404.2,59500.2,59343.9,59458.7,0
2022-08-12 13:15:00,1660290300,59457.6,59538.1,59433.3,59492.4,0
2022-08-12 14:15:00,1660293900,59488.6,59491.9,59334.2,59449.6,0
2022-08-12 15:15:00,1660297500,59451.5,59513.9,59439.3,59461.1,0
2022-08-16 09:15:00,1660621500,59675.1,59923,59674,59858.9,0
2022-08-16 10:15:00,1660625100,59865.3,59922,59844.3,59900,0
2022-08-16 11:15:00,1660628700,59902.7,59906.4,59716.9,59773.2,0
2022-08-16 12:15:00,1660632300,59773.3,59823.4,59706.1,59706.1,0
2022-08-16 13:15:00,1660635900,59699.9,59789.1,59674,59766.4,0
2022-08-16 14:15:00,1660639500,59764.6,59861.8,59704.6,59852.6,0
2022-08-16 15:15:00,1660643100,59854,59881.2,59823.9,59847.2,0
2022-08-17 09:15:00,1660707900,59938.1,60150.6,59857.8,60134.5,0
2022-08-17 10:15:00,1660711500,60136.2,60207.5,60089.4,60199.3,0
2022-08-17 11:15:00,1660715100,60199.1,60219.8,60114.7,60206.5,0
2022-08-17 12:15:00,1660718700,60203.4,60245.9,60178.3,60229,0
2022-08-17 13:15:00,1660722300,60229.6,60257.6,60158.2,60188,0
2022-08-17 14:15:00,1660725900,60184.7,60323.2,60159,60266.7,0
2022-08-17 15:15:00,1660729500,60261,60270.5,60198.1,60218.8,0
2022-08-18 09:15:00,1660794300,60080.2,60287.1,59969.1,60242,0
2022-08-18 10:15:00,1660797900,60237.3,60244.8,60070.6,60121.1,0
2022-08-18 11:15:00,1660801500,60118.4,60119.6,59946.4,60009.8,0
2022-08-18 12:15:00,1660805100,60012.4,60122.6,60004.1,60105.2,0
2022-08-18 13:15:00,1660808700,60104.9,60157.1,60053.7,60157.1,0
2022-08-18 14:15:00,1660812300,60156.8,60328,60142.6,60299.8,0
2022-08-18 15:15:00,1660815900,60302,60341.4,60281.2,60327.4,0
2022-08-19 09:15:00,1660880700,60351.2,60411.2,60245.5,60343.6,0
2022-08-19 10:15:00,1660884300,60336.3,60352.4,59988.8,60058.1,0
2022-08-19 11:15:00,1660887900,60047.3,60109.1,59728,59789.8,0
2022-08-19 12:15:00,1660891500,59789.1,59816.6,59522.2,59786.5,0
2022-08-19 13:15:00,1660895100,59795.5,59830.2,59474.6,59658.6,0
2022-08-19 14:15:00,1660898700,59659.6,59789.1,59644.2,59672.4,0
2022-08-19 15:15:00,1660902300,59671.7,59671.7,59526.4,59543.9,0
2022-08-22 09:15:00,1661139900,59361.1,59402.5,59055.4,59070.9,0
2022-08-22 10:15:00,1661143500,59074.7,59139,58949.1,59004,0
2022-08-22 11:15:00,1661147100,59001.8,59067.1,58953.3,59040.1,0
2022-08-22 12:15:00,1661150700,59039.4,59112.4,58907.6,58947.2,0
2022-08-22 13:15:00,1661154300,58947.2,59010.8,58880.5,58943.3,0
2022-08-22 14:15:00,1661157900,58946.6,59019.3,58705.1,58798.2,0
2022-08-22 15:15:00,1661161500,58802.7,58826.4,58777.5,58795.2,0
2022-08-23 09:15:00,1661226300,58206,59068.2,58172.5,58845.3,0
2022-08-23 10:15:00,1661229900,58836.2,58899.7,58472.1,58537.2,0
2022-08-23 11:15:00,1661233500,58535.8,58783.5,58521.2,58646.3,0
2022-08-23 12:15:00,1661237100,58647.4,58940.4,58593.7,58934.2,0
2022-08-23 13:15:00,1661240700,58933,59057.1,58925.3,59029.4,0
2022-08-23 14:15:00,1661244300,59029.9,59092.4,58849.3,58993.3,0
2022-08-23 15:15:00,1661247900,58997.8,59197.5,58984.7,59186.6,0
2022-08-24 09:15:00,1661312700,58853.3,59113.7,58760.1,58978.7,0
2022-08-24 10:15:00,1661316300,58976.4,59145.5,58954.4,59142.2,0
2022-08-24 11:15:00,1661319900,59139.5,59170.9,58952.9,58979.6,0
2022-08-24 12:15:00,1661323500,58979.4,59086.4,58868.7,58909.9,0
2022-08-24 13:15:00,1661327100,58911.8,59049.8,58853.1,58974.7,0
2022-08-24 14:15:00,1661330700,58974.1,59159.6,58965.5,59143.1,0
2022-08-24 15:15:00,1661334300,59145.5,59147.9,59080.1,59084,0
2022-08-25 09:15:00,1661399100,59316,59469.2,59290.9,59400.4,0
2022-08-25 10:15:00,1661402700,59398.1,59420.8,59328.1,59335.1,0
2022-08-25 11:15:00,1661406300,59331,59409.7,59197.8,59378.7,0
2022-08-25 12:15:00,1661409900,59376.3,59484.4,59362.7,59442.3,0
2022-08-25 13:15:00,1661413500,59439,59455.4,59346.5,59372.3,0
2022-08-25 14:15:00,1661417100,59371,59381.5,58678.9,58713.6,0
2022-08-25 15:15:00,1661420700,58719.4,58772,58666.4,58740.9,0
2022-08-26 09:15:00,1661485500,59050.7,59321.6,59049.2,59136.9,0
2022-08-26 10:15:00,1661489100,59141.1,59149.1,58940.1,58962,0
2022-08-26 11:15:00,1661492700,58962.9,59122,58944.2,59081.7,0
2022-08-26 12:15:00,1661496300,59080.9,59106.5,58890.7,58951.2,0
2022-08-26 13:15:00,1661499900,58952.6,59037.8,58880.3,58981.2,0
2022-08-26 14:15:00,1661503500,58982.3,59012.7,58722.7,58826.6,0
2022-08-26 15:15:00,1661507100,58826.9,58966.6,58825.8,58931.9,0
2022-08-29 09:15:00,1661744700,57367.5,58066.5,57367.5,58017.5,0
2022-08-29 10:15:00,1661748300,58016.1,58051.3,57886.5,57893.1,0
2022-08-29 11:15:00,1661751900,57895,58092.3,57889.7,58028.4,0
2022-08-29 12:15:00,1661755500,58027.7,58175.5,57981.2,58028.4,0
2022-08-29 13:15:00,1661759100,58029.5,58208.3,58021.5,58138.8,0
2022-08-29 14:15:00,1661762700,58143.9,58157.6,57905.4,57909.3,0
2022-08-29 15:15:00,1661766300,57908.2,58069.1,57907.7,58054.1,0
2022-08-30 09:15:00,1661831100,58259.9,58519.7,58245.5,58502.1,0
2022-08-30 10:15:00,1661834700,58499.6,58732.5,58447.8,58722.9,0
2022-08-30 11:15:00,1661838300,58724.1,58890.4,58711.2,58881,0
2022-08-30 12:15:00,1661841900,58882.8,59090.2,58863.5,59089.1,0
2022-08-30 13:15:00,1661845500,59084.9,59209,59071.5,59165.3,0
2022-08-30 14:15:00,1661849100,59166.7,59587.3,59166.7,59536,0
2022-08-30 15:15:00,1661852700,59544.1,59599.8,59474.1,59495.8,0
2022-09-01 09:15:00,1662003900,58710.5,59227.1,58638.5,59189.2,0
2022-09-01 10:15:00,1662007500,59193.1,59309.8,59059.3,59132.3,0
2022-09-01 11:15:00,1662011100,59131.7,59196.7,58852.6,59029.6,0
2022-09-01 12:15:00,1662014700,59029.4,59035.8,58752.4,58807.8,0
2022-09-01 13:15:00,1662018300,58802.6,58907.2,58522.6,58698,0
2022-09-01 14:15:00,1662021900,58697.9,58873.3,58618.9,58813.6,0
2022-09-01 15:15:00,1662025500,58811.4,58844.8,58737.6,58843.5,0
2022-09-02 09:15:00,1662090300,58969,59108.7,58558.6,58612.5,0
2022-09-02 10:15:00,1662093900,58611.2,58802.8,58567.4,58739.6,0
2022-09-02 11:15:00,1662097500,58740.1,58846.7,58655,58813,0
2022-09-02 12:15:00,1662101100,58813.9,58945.6,58808.9,58945.6,0
2022-09-02 13:15:00,1662104700,58944.5,59054.7,58901.5,59034.9,0
2022-09-02 14:15:00,1662108300,59034.1,59072.2,58735.7,58848.4,0
2022-09-02 15:15:00,1662111900,58844.2,58878.6,58740.5,58765.3,0
2022-09-05 09:15:00,1662349500,58814.1,59233.6,58812.2,59193.3,0
2022-09-05 10:15:00,1662353100,59197.1,59232.6,59100.7,59150.1,0
2022-09-05 11:15:00,1662356700,59149.3,59248.7,59101.6,59246.2,0
2022-09-05 12:15:00,1662360300,59241.4,59307.9,59191.7,59193.8,0
2022-09-05 13:15:00,1662363900,59194.8,59285.6,59130.9,59250.4,0
2022-09-05 14:15:00,1662367500,59245.7,59308.2,59204.1,59267.9,0
2022-09-05 15:15:00,1662371100,59268.8,59270,59191.7,59226.6,0
2022-09-06 09:15:00,1662435900,59285.4,59566.7,59134.2,59162.6,0
2022-09-06 10:15:00,1662439500,59160.7,59247.4,58974.3,59245.1,0
2022-09-06 11:15:00,1662443100,59247.5,59358.2,59175.1,59305.3,0
2022-09-06 12:15:00,1662446700,59305.4,59409.8,59292.3,59341.3,0
2022-09-06 13:15:00,1662450300,59342.6,59410,59265.4,59357.1,0
2022-09-06 14:15:00,1662453900,59355.2,59382.2,59151.1,59189.1,0
2022-09-06 15:15:00,1662457500,59191,59210.2,59142.5,59179.8,0
2022-09-07 09:15:00,1662522300,58789.3,58970.7,58722.9,58919.3,0
2022-09-07 10:15:00,1662525900,58921.6,58944.7,58787.7,58794.1,0
2022-09-07 11:15:00,1662529500,58793.5,59064.2,58780.4,59060.4,0
2022-09-07 12:15:00,1662533100,59061.5,59129.4,59009.9,59054,0
2022-09-07 13:15:00,1662536700,59054.2,59166.5,59052.8,59074,0
2022-09-07 14:15:00,1662540300,59071.5,59125.3,58967.3,59009,0
2022-09-07 15:15:00,1662543900,59002.5,59073.9,58995,59046.6,0
2022-09-08 09:15:00,1662608700,59375,59638.6,59375,59571.4,0
2022-09-08 10:15:00,1662612300,59570.2,59620.1,59431.2,59484.1,0
2022-09-08 11:15:00,1662615900,59484.8,59519.5,59406,59503.4,0
2022-09-08 12:15:00,1662619500,59507.4,59542.8,59315.7,59418.4,0
2022-09-08 13:15:00,1662623100,59419.4,59531.1,59411.8,59497.4,0
2022-09-08 14:15:00,1662626700,59498.9,59710.7,59487.3,59676.9,0
2022-09-08 15:15:00,1662630300,59676,59712,59653.1,59687.8,0
2022-09-09 09:15:00,1662695100,60045.8,60119.8,59899,59969.1,0
2022-09-09 10:15:00,1662698700,59969.7,60062.1,59920.3,59951.4,0
2022-09-09 11:15:00,1662702300,59947.7,59948.6,59758,59758.9,0
2022-09-09 12:15:00,1662705900,59758.8,59875.8,59735.9,59772.1,0
2022-09-09 13:15:00,1662709500,59769.3,59864.6,59634.4,59838.9,0
2022-09-09 14:15:00,1662713100,59837.6,59906.1,59790.2,59817.3,0
2022-09-09 15:15:00,1662716700,59819,59822.6,59710.1,59790.1,0
2022-09-12 09:15:00,1662954300,59912.3,60248.9,59912.3,60242.5,0
2022-09-12 10:15:00,1662957900,60243.4,60259.7,60120.3,60175.7,0
2022-09-12 11:15:00,1662961500,60178.6,60257,60173.9,60248.2,0
2022-09-12 12:15:00,1662965100,60244.9,60255.4,60162.1,60186.2,0
2022-09-12 13:15:00,1662968700,60187.1,60284.6,60139.9,60272.4,0
2022-09-12 14:15:00,1662972300,60275.8,60280.9,60099.5,60105.1,0
2022-09-12 15:15:00,1662975900,60108.4,60124.3,60067.4,60098.5,0
2022-09-13 09:15:00,1663040700,60408.3,60545.7,60384.4,60529,0
2022-09-13 10:15:00,1663044300,60521.9,60551.1,60381,60508.9,0
2022-09-13 11:15:00,1663047900,60508.4,60599.1,60449,60582.3,0
2022-09-13 12:15:00,1663051500,60581.8,60610.5,60527.9,60569,0
2022-09-13 13:15:00,1663055100,60569.7,60635.3,60537,60615,0
2022-09-13 14:15:00,1663058700,60615.1,60627.6,60547.1,60571.2,0
2022-09-13 15:15:00,1663062300,60569.3,60596.8,60530.9,60565.3,0
2022-09-14 09:15:00,1663127100,59417.1,60121.9,59417.1,60033.5,0
2022-09-14 10:15:00,1663130700,60025.7,60177,59991.7,60151.5,0
2022-09-14 11:15:00,1663134300,60150.5,60373.8,60140.5,60343.2,0
2022-09-14 12:15:00,1663137900,60337.7,60533,60323.7,60525.5,0
2022-09-14 13:15:00,1663141500,60524.6,60571.9,60341.6,60571.6,0
2022-09-14 14:15:00,1663145100,60569.8,60649,60284.9,60287.8,0
2022-09-14 15:15:00,1663148700,60285.4,60354.2,60252.2,60334.3,0
2022-09-15 09:15:00,1663213500,60454.4,60676.1,60156.1,60256.1,0
2022-09-15 10:15:00,1663217100,60250.6,60349.2,59931.1,59965.5,0
2022-09-15 11:15:00,1663220700,59964.2,60156.9,59889.2,59998.6,0
2022-09-15 12:15:00,1663224300,59996.3,60157.1,59948.3,60096.9,0
2022-09-15 13:15:00,1663227900,60094.5,60132.8,59898.8,60056,0
2022-09-15 14:15:00,1663231500,60059.9,60226.9,59919.9,59934,0
2022-09-15 15:15:00,1663235100,59932.4,59937.9,59865.8,59916.9,0
2022-09-16 09:15:00,1663299900,59585.7,59720.6,59154.7,59235,0
2022-09-16 10:15:00,1663303500,59235.1,59442.4,59160.4,59353.3,0
2022-09-16 11:15:00,1663307100,59348.4,59354.9,59181.4,59200.4,0
2022-09-16 12:15:00,1663310700,59202.6,59299.7,59032.5,59036.8,0
2022-09-16 13:15:00,1663314300,59035.1,59069.4,58797.1,58821.9,0
2022-09-16 14:15:00,1663317900,58822.7,59091.3,58687.2,58841.9,0
2022-09-16 15:15:00,1663321500,58850.3,58871.8,58742.1,58866.3,0
2022-09-19 09:15:00,1663559100,58747.3,59240.5,58487.8,59142.6,0
2022-09-19 10:15:00,1663562700,59143.9,59277.6,59110.9,59227.3,0
2022-09-19 11:15:00,1663566300,59222.7,59260.5,59001.3,59164.2,0
2022-09-19 12:15:00,1663569900,59160.9,59242.4,59101.1,59148.8,0
2022-09-19 13:15:00,1663573500,59147.4,59271.3,59037.7,59224.9,0
2022-09-19 14:15:00,1663577100,59234.6,59264.9,59022.9,59144.9,0
2022-09-19 15:15:00,1663580700,59148.7,59217.7,59132.3,59199.3,0
2022-09-20 09:15:00,1663645500,59556.9,59932.3,59556.9,59902.7,0
2022-09-20 10:15:00,1663649100,59905.6,59967.4,59852.9,59941.9,0
2022-09-20 11:15:00,1663652700,59937.4,60009.5,59852.4,59976.4,0
2022-09-20 12:15:00,1663656300,59980.4,60105.8,59956.3,60070.4,0
2022-09-20 13:15:00,1663659900,60076.6,60084.3,59885.6,59977,0
2022-09-20 14:15:00,1663663500,59977.9,59992.1,59695.3,59698.5,0
2022-09-20 15:15:00,1663667100,59698.9,59731.2,59617.9,59647.8,0
2022-09-21 09:15:00,1663731900,59504.1,59799,59491.8,59685.2,0
2022-09-21 10:15:00,1663735500,59683.9,59767.2,59635.6,59716.9,0
2022-09-21 11:15:00,1663739100,59716.2,59742.5,59275.4,59347.2,0
2022-09-21 12:15:00,1663742700,59346.6,59535.5,59278.2,59422.7,0
2022-09-21 13:15:00,1663746300,59421.9,59694.4,59414,59669.3,0
2022-09-21 14:15:00,1663749900,59666.4,59683.5,59436.2,59458.9,0
2022-09-21 15:15:00,1663753500,59458.5,59486,59418.6,59451.4,0
2022-09-22 09:15:00,1663818300,59073.8,59403.1,58973.1,59278.7,0
2022-09-22 10:15:00,1663821900,59278.8,59279.4,59047.8,59162.6,0
2022-09-22 11:15:00,1663825500,59159.2,59163.4,58882,58927.7,0
2022-09-22 12:15:00,1663829100,58930.6,59076.3,58832.8,59071.9,0
2022-09-22 13:15:00,1663832700,59070.7,59457.6,59068.5,59347.9,0
2022-09-22 14:15:00,1663836300,59346.7,59433.9,59066.8,59100.2,0
2022-09-22 15:15:00,1663839900,59100.2,59174,59074.2,59174,0
2022-09-23 09:15:00,1663904700,59005.2,59143.3,58438.2,58530.6,0
2022-09-23 10:15:00,1663908300,58528.2,58597.5,58406.4,58470.8,0
2022-09-23 11:15:00,1663911900,58469.4,58575.3,58379,58449.4,0
2022-09-23 12:15:00,1663915500,58448,58483.2,58267.4,58301.5,0
2022-09-23 13:15:00,1663919100,58303.5,58391.5,58159.4,58222.9,0
2022-09-23 14:15:00,1663922700,58225.6,58251.4,57981.9,58093.9,0
2022-09-23 15:15:00,1663926300,58091.5,58147.3,58057.1,58146.6,0
2022-09-26 09:15:00,1664163900,57525,57708.4,57183.5,57255.4,0
2022-09-26 10:15:00,1664167500,57252.2,57305.1,57038.2,57096.7,0
2022-09-26 11:15:00,1664171100,57097.3,57350.8,57085.1,57314,0
2022-09-26 12:15:00,1664174700,57314.5,57653.5,57221.6,57639.1,0
2022-09-26 13:15:00,1664178300,57639.9,57650.9,57294.6,57326.5,0
2022-09-26 14:15:00,1664181900,57326.9,57549,57044.4,57170.4,0
2022-09-26 15:15:00,1664185500,57170,57212,57144.1,57204,0
2022-09-27 09:15:00,1664250300,57376.5,57704.6,57213.6,57251.9,0
2022-09-27 10:15:00,1664253900,57249.1,57362.4,56950.5,56961.3,0
2022-09-27 11:15:00,1664257500,56957.2,57382.4,56951.6,57301.1,0
2022-09-27 12:15:00,1664261100,57306.4,57424.5,57178.1,57373.6,0
2022-09-27 13:15:00,1664264700,57372.8,57509.3,57246.7,57248.1,0
2022-09-27 14:15:00,1664268300,57249.6,57346.7,56980.8,57093,0
2022-09-27 15:15:00,1664271900,57089.7,57219.9,57089.7,57219.9,0
2022-09-28 09:15:00,1664336700,56710.1,56977.1,56498.7,56959.1,0
2022-09-28 10:15:00,1664340300,56957.8,57017.3,56735.9,56975.3,0
2022-09-28 11:15:00,1664343900,56981.8,57213.3,56945.5,57170.4,0
2022-09-28 12:15:00,1664347500,57173.9,57173.9,56946.6,56991.6,0
2022-09-28 13:15:00,1664351100,56988,57106.7,56869,56894.3,0
2022-09-28 14:15:00,1664354700,56896.2,56941.6,56616.5,56620.2,0
2022-09-28 15:15:00,1664358300,56613.5,56620.8,56485.7,56520.6,0
2022-09-29 09:15:00,1664423100,56997.9,57166.1,56903.4,57019,0
2022-09-29 10:15:00,1664426700,57017.2,57018,56794.3,56803.9,0
2022-09-29 11:15:00,1664430300,56801.3,56848.6,56604.2,56680.6,0
2022-09-29 12:15:00,1664433900,56681.7,56736.9,56355,56412.4,0
2022-09-29 13:15:00,1664437500,56410.8,56517.7,56314.1,56472.7,0
2022-09-29 14:15:00,1664441100,56470,56640.4,56331.3,56464.5,0
2022-09-29 15:15:00,1664444700,56460.7,56521.9,56379.7,56513.9,0
2022-09-30 09:15:00,1664509500,56240.1,56540.6,56147.2,56540.6,0
2022-09-30 10:15:00,1664513100,56538,56957.4,56538,56881.1,0
2022-09-30 11:15:00,1664516700,56872.6,57060.1,56815.2,57019.9,0
2022-09-30 12:15:00,1664520300,57022.4,57424.7,57018.8,57298.2,0
2022-09-30 13:15:00,1664523900,57299.2,57636.1,57299.2,57626.5,0
2022-09-30 14:15:00,1664527500,57628.7,57722.6,57307.2,57313.2,0
2022-09-30 15:15:00,1664531100,57320.3,57512.3,57313.9,57487.8,0
2022-10-03 09:15:00,1664768700,57403.9,57454.8,56875.1,56982.9,0
2022-10-03 10:15:00,1664772300,56979,57056.8,56877.7,56988.6,0
2022-10-03 11:15:00,1664775900,56988.8,57259.8,56988.1,57115.1,0
2022-10-03 12:15:00,1664779500,57113,57230.2,57018,57156.4,0
2022-10-03 13:15:00,1664783100,57156.9,57260.1,56872.6,56912.9,0
2022-10-03 14:15:00,1664786700,56910.9,56976.1,56683.4,56792.6,0
2022-10-03 15:15:00,1664790300,56789.2,56814.2,56730.7,56751.6,0
2022-10-04 09:15:00,1664855100,57506.6,58035.7,57506.6,57942.6,0
2022-10-04 10:15:00,1664858700,57939.9,58021.3,57792.2,57868.4,0
2022-10-04 11:15:00,1664862300,57867.4,57954.3,57796.6,57934.3,0
2022-10-04 12:15:00,1664865900,57934.7,58031.7,57891.4,57967.9,0
2022-10-04 13:15:00,1664869500,57967.7,58038.4,57926.2,58004.1,0
2022-10-04 14:15:00,1664873100,58003.7,58094.1,57927.5,58060.4,0
2022-10-04 15:15:00,1664876700,58062,58099.9,58047.5,58082.1,0
2022-10-06 09:15:00,1665027900,58314.1,58578.8,58293.3,58491.7,0
2022-10-06 10:15:00,1665031500,58490.8,58556.6,58427.1,58486.6,0
2022-10-06 11:15:00,1665035100,58485.1,58485.1,58290.5,58420.7,0
2022-10-06 12:15:00,1665038700,58426.9,58519.2,58358.6,58480.2,0
2022-10-06 13:15:00,1665042300,58477.8,58530.6,58308.6,58326.7,0
2022-10-06 14:15:00,1665045900,58322.7,58340.6,58189.5,58206,0
2022-10-06 15:15:00,1665049500,58214.9,58226.8,58173.7,58180.1,0
2022-10-07 09:15:00,1665114300,58092.6,58231.2,57911.1,58082.9,0
2022-10-07 10:15:00,1665117900,58088.8,58102.1,57939.6,58017.8,0
2022-10-07 11:15:00,1665121500,58017.3,58043.4,57851.1,57895.5,0
2022-10-07 12:15:00,1665125100,57895.1,58080.9,57890.6,58016.4,0
2022-10-07 13:15:00,1665128700,58015,58126.3,57974.3,58074.7,0
2022-10-07 14:15:00,1665132300,58077.6,58269.3,58065.1,58167.8,0
2022-10-07 15:15:00,1665135900,58162.4,58218.2,58162.4,58191.5,0
2022-10-10 09:15:00,1665373500,57424.1,57625.1,57365.7,57434.2,0
2022-10-10 10:15:00,1665377100,57433.9,57589.7,57410,57575.9,0
2022-10-10 11:15:00,1665380700,57576,57908,57552.5,57891.1,0
2022-10-10 12:15:00,1665384300,57892.6,58125,57832.6,57972.6,0
2022-10-10 13:15:00,1665387900,57977.7,57994.9,57661.8,57718,0
2022-10-10 14:15:00,1665391500,57718.5,58054,57711.2,58023.8,0
2022-10-10 15:15:00,1665395100,58023.8,58039.5,57974.1,58038.8,0
2022-10-11 09:15:00,1665459900,58004.2,58027.5,57668.7,57781.2,0
2022-10-11 10:15:00,1665463500,57785.5,57837,57583,57700.7,0
2022-10-11 11:15:00,1665467100,57698.3,57923.3,57689.7,57890.4,0
2022-10-11 12:15:00,1665470700,57890.4,57902.9,57567.4,57641.4,0
2022-10-11 13:15:00,1665474300,57643.6,57701.8,57572.6,57669.1,0
2022-10-11 14:15:00,1665477900,57673.3,57686.7,57160,57160.7,0
2022-10-11 15:15:00,1665481500,57157.4,57158.8,57050.4,57101.1,0
2022-10-12 09:15:00,1665546300,57312.5,57458.5,57144.4,57244.2,0
2022-10-12 10:15:00,1665549900,57243.9,57377.6,57085.9,57203.3,0
2022-10-12 11:15:00,1665553500,57209.5,57552.3,57209.5,57549.2,0
2022-10-12 12:15:00,1665557100,57552.6,57575.2,57384.8,57396.4,0
2022-10-12 13:15:00,1665560700,57396.1,57571.9,57353.6,57532.7,0
2022-10-12 14:15:00,1665564300,57525.3,57687.6,57516.5,57629.6,0
2022-10-12 15:15:00,1665567900,57629.5,57660.5,57599.1,57652.9,0
2022-10-13 09:15:00,1665632700,57512.7,57568.1,57293.4,57306.1,0
2022-10-13 10:15:00,1665636300,57302.8,57345.7,57200.8,57247.4,0
2022-10-13 11:15:00,1665639900,57244.8,57249.1,57055.8,57182.1,0
2022-10-13 12:15:00,1665643500,57186.6,57323.4,57095.9,57277.4,0
2022-10-13 13:15:00,1665647100,57278,57293,57139.8,57260.6,0
2022-10-13 14:15:00,1665650700,57263.5,57446.7,57162.2,57252.3,0
2022-10-13 15:15:00,1665654300,57247,57288.5,57229.9,57264.1,0
2022-10-14 09:15:00,1665719100,58162.7,58322.5,58153.1,58261.8,0
2022-10-14 10:15:00,1665722700,58258,58286.9,58097.1,58262.1,0
2022-10-14 11:15:00,1665726300,58261.5,58435.1,58249.6,58424.1,0
2022-10-14 12:15:00,1665729900,58423.7,58432.7,58176.6,58223.1,0
2022-10-14 13:15:00,1665733500,58227.2,58305.7,58054.8,58133,0
2022-10-14 14:15:00,1665737100,58136.5,58139,57848.2,57897.2,0
2022-10-14 15:15:00,1665740700,57888.7,57984.9,57867.8,57973.3,0
2022-10-17 09:15:00,1665978300,57752.5,58059.8,57639.8,58044.8,0
2022-10-17 10:15:00,1665981900,58054.5,58277.4,58047.2,58204.8,0
2022-10-17 11:15:00,1665985500,58206.2,58232.6,58091.5,58225.4,0
2022-10-17 12:15:00,1665989100,58229.1,58360.4,58188.8,58328.6,0
2022-10-17 13:15:00,1665992700,58330.6,58444.2,58263.2,58325.6,0
2022-10-17 14:15:00,1665996300,58327.3,58449,58290.8,58355.6,0
2022-10-17 15:15:00,1665999900,58354.6,58446.9,58331.2,58413.9,0
2022-10-18 09:15:00,1666064700,58744.1,59132.7,58744.1,59069.6,0
2022-10-18 10:15:00,1666068300,59072.8,59143.7,58935,58978,0
2022-10-18 11:15:00,1666071900,58983.3,59069,58887.6,59062.7,0
2022-10-18 12:15:00,1666075500,59058.2,59058.4,58949.6,58996.7,0
2022-10-18 13:15:00,1666079100,58995,59007.1,58883.1,58919.4,0
2022-10-18 14:15:00,1666082700,58919.1,58995.6,58831.4,58947.3,0
2022-10-18 15:15:00,1666086300,58948.7,58982.9,58943.3,58962.9,0
2022-10-19 09:15:00,1666151100,59197,59343,59148.5,59274.5,0
2022-10-19 10:15:00,1666154700,59272.6,59399.7,59252.9,59308.9,0
2022-10-19 11:15:00,1666158300,59307.6,59363.8,59159.2,59191.3,0
2022-10-19 12:15:00,1666161900,59190.7,59232.2,59018.3,59088.7,0
2022-10-19 13:15:00,1666165500,59086.6,59222.1,59068.6,59206.5,0
2022-10-19 14:15:00,1666169100,59208.4,59241.3,58961.8,59099,0
2022-10-19 15:15:00,1666172700,59096.6,59177.6,59068.6,59131.2,0
2022-10-20 09:15:00,1666237500,58824.5,59011.7,58791.3,58977.1,0
2022-10-20 10:15:00,1666241100,58977.9,59090.4,58911.4,58961.8,0
2022-10-20 11:15:00,1666244700,58960.9,59012.1,58926.2,58964.5,0
2022-10-20 12:15:00,1666248300,58964.4,59123.6,58958.1,59062.6,0
2022-10-20 13:15:00,1666251900,59064,59085.2,58924.2,59019.1,0
2022-10-20 14:15:00,1666255500,59020.3,59215.2,58996.4,59211.4,0
2022-10-20 15:15:00,1666259100,59214.9,59273.9,59196.9,59210,0
2022-10-21 09:15:00,1666323900,59381.4,59549.7,59342.8,59511.2,0
2022-10-21 10:15:00,1666327500,59510.1,59517.8,59424.7,59486.2,0
2022-10-21 11:15:00,1666331100,59488.9,59590.9,59479,59561.2,0
2022-10-21 12:15:00,1666334700,59558.3,59582.8,59466,59561.3,0
2022-10-21 13:15:00,1666338300,59562.6,59572.6,59240.7,59298,0
2022-10-21 14:15:00,1666341900,59306.4,59341.6,59132.9,59282.2,0
2022-10-21 15:15:00,1666345500,59283.7,59366.9,59277.7,59334.1,0
2022-10-24 18:15:00,1666615500,59804,59994.2,59776.7,59871,0
2022-10-25 09:15:00,1666669500,60003,60081.2,59752.3,59912.1,0
2022-10-25 10:15:00,1666673100,59910.2,59912.7,59641.4,59646.7,0
2022-10-25 11:15:00,1666676700,59646.8,59727.1,59595.8,59677.8,0
2022-10-25 12:15:00,1666680300,59677.7,59699.9,59568.4,59583.4,0
2022-10-25 13:15:00,1666683900,59583.1,59760.4,59580.1,59737.5,0
2022-10-25 14:15:00,1666687500,59735.8,59770.5,59534.5,59536,0
2022-10-25 15:15:00,1666691100,59541,59552.5,59489,59515,0
2022-10-27 09:15:00,1666842300,59792.3,59959.9,59773.4,59791,0
2022-10-27 10:15:00,1666845900,59785.8,59829.4,59727.2,59780.5,0
2022-10-27 11:15:00,1666849500,59779,59797.1,59678.3,59695.2,0
2022-10-27 12:15:00,1666853100,59691.2,59703.4,59570.6,59604.8,0
2022-10-27 13:15:00,1666856700,59602.5,59698,59600.8,59660.2,0
2022-10-27 14:15:00,1666860300,59662.4,59771.8,59496.8,59760.2,0
2022-10-27 15:15:00,1666863900,59758.6,59887,59754.1,59828.5,0
2022-10-28 09:15:00,1666928700,59746.8,60122.6,59746.8,60111.9,0
2022-10-28 10:15:00,1666932300,60114.4,60133.2,59935.6,59941,0
2022-10-28 11:15:00,1666935900,59946.6,59951.8,59845.4,59910.4,0
2022-10-28 12:15:00,1666939500,59907.9,59921.7,59787.6,59844.6,0
2022-10-28 13:15:00,1666943100,59842.4,59884.1,59739.1,59773.7,0
2022-10-28 14:15:00,1666946700,59773.6,59985.1,59771.6,59977.8,0
2022-10-28 15:15:00,1666950300,59980,60005,59961,59991.5,0
2022-10-31 09:15:00,1667187900,60247,60607,60247,60564.7,0
2022-10-31 10:15:00,1667191500,60565.9,60600.5,60493.6,60592.4,0
2022-10-31 11:15:00,1667195100,60589.6,60695.6,60584.4,60662.5,0
2022-10-31 12:15:00,1667198700,60661,60692.4,60588.3,60618.7,0
2022-10-31 13:15:00,1667202300,60618.1,60668.2,60544.3,60561.8,0
2022-10-31 14:15:00,1667205900,60564.3,60786.7,60550.1,60772.8,0
2022-10-31 15:15:00,1667209500,60774.2,60783.6,60736.7,60747.3,0
2022-11-01 09:15:00,1667274300,61065.6,61242.4,60998.9,61234.2,0
2022-11-01 10:15:00,1667277900,61227.8,61289.7,61153.6,61208.7,0
2022-11-01 11:15:00,1667281500,61215.1,61231.1,61088,61090.3,0
2022-11-01 12:15:00,1667285100,61092.2,61118.9,60868.7,60882.2,0
2022-11-01 13:15:00,1667288700,60882.4,61079.9,60879.4,61017.1,0
2022-11-01 14:15:00,1667292300,61013.1,61151.9,60986.3,61124.4,0
2022-11-01 15:15:00,1667295900,61127.1,61155.9,61097.7,61097.7,0
2022-11-02 09:15:00,1667360700,61156.9,61209.6,60965.6,61025.9,0
2022-11-02 10:15:00,1667364300,61023.6,61057.1,60927.5,61013.9,0
2022-11-02 11:15:00,1667367900,61014.2,61033.6,60921.6,60932.7,0
2022-11-02 12:15:00,1667371500,60933.1,60949,60818.6,60882.4,0
2022-11-02 13:15:00,1667375100,60882.4,60958.8,60794.4,60801.3,0
2022-11-02 14:15:00,1667378700,60803.3,60950.8,60797.3,60912.4,0
2022-11-02 15:15:00,1667382300,60910.7,60941,60878.1,60892.6,0
2022-11-03 09:15:00,1667447100,60511.6,60903.4,60485.1,60901.2,0
2022-11-03 10:15:00,1667450700,60912.3,60994.4,60841.7,60936.2,0
2022-11-03 11:15:00,1667454300,60940.9,60969.7,60758.4,60784.4,0
2022-11-03 12:15:00,1667457900,60783.9,60785.9,60665.8,60762.8,0
2022-11-03 13:15:00,1667461500,60760.6,60820.1,60682.7,60735.1,0
2022-11-03 14:15:00,1667465100,60733.4,60874.8,60665.5,60813.2,0
2022-11-03 15:15:00,1667468700,60816.4,60828.3,60770.1,60795.8,0
2022-11-04 09:15:00,1667533500,60698.3,60989.4,60697.2,60730.8,0
2022-11-04 10:15:00,1667537100,60730.6,60750.6,60666,60738.7,0
2022-11-04 11:15:00,1667540700,60735.4,60796.4,60710.1,60751.8,0
2022-11-04 12:15:00,1667544300,60751.8,60801.1,60705.1,60748.1,0
2022-11-04 13:15:00,1667547900,60747.2,60775.7,60698.7,60732,0
2022-11-04 14:15:00,1667551500,60732.2,60984.7,60710.6,60962.8,0
2022-11-04 15:15:00,1667555100,60961.6,61004.5,60943.3,60982.9,0
2022-11-07 09:15:00,1667792700,61188.1,61401.5,60932.5,60932.5,0
2022-11-07 10:15:00,1667796300,60930.2,60981.9,60875.4,60956.9,0
2022-11-07 11:15:00,1667799900,60957.8,61014.7,60914.9,60950,0
2022-11-07 12:15:00,1667803500,60949.2,60974.8,60837.6,60866.5,0
2022-11-07 13:15:00,1667807100,60870.6,60938.3,60714.4,60915.9,0
2022-11-07 14:15:00,1667810700,60918.3,61189.4,60914.7,61172.9,0
2022-11-07 15:15:00,1667814300,61174.1,61244.2,61171.6,61171.6,0
2022-11-09 09:15:00,1667965500,61304.3,61447.2,61188.9,61233.3,0
2022-11-09 10:15:00,1667969100,61232.1,61248.5,61111.6,61132.6,0
2022-11-09 11:15:00,1667972700,61130.4,61171.4,61043.9,61058.4,0
2022-11-09 12:15:00,1667976300,61060.1,61161.2,61059.8,61117.9,0
2022-11-09 13:15:00,1667979900,61120.7,61214.5,61075.7,61196.6,0
2022-11-09 14:15:00,1667983500,61199.7,61207.1,60910,61085.4,0
2022-11-09 15:15:00,1667987100,61089.8,61096.1,60905.1,60924.5,0
2022-11-10 09:15:00,1668051900,60524.3,60848.7,60512,60585.4,0
2022-11-10 10:15:00,1668055500,60586.9,60652.8,60562.9,60618.5,0
2022-11-10 11:15:00,1668059100,60618.1,60714.3,60550.1,60554,0
2022-11-10 12:15:00,1668062700,60553.8,60564.7,60429.7,60501.9,0
2022-11-10 13:15:00,1668066300,60503.4,60555.4,60493.6,60525.1,0
2022-11-10 14:15:00,1668069900,60525,60624.5,60425.5,60600.7,0
2022-11-10 15:15:00,1668073500,60602.6,60658.7,60594.1,60630.7,0
2022-11-11 09:15:00,1668138300,61311,61685.5,61311,61608.9,0
2022-11-11 10:15:00,1668141900,61604.3,61649.8,61497.7,61610.3,0
2022-11-11 11:15:00,1668145500,61614.6,61689.4,61560.8,61658.9,0
2022-11-11 12:15:00,1668149100,61662,61790,61636.9,61711.9,0
2022-11-11 13:15:00,1668152700,61709.1,61779.2,61646.4,61773.4,0
2022-11-11 14:15:00,1668156300,61770.6,61826.9,61712.1,61779.6,0
2022-11-11 15:15:00,1668159900,61778.7,61833.8,61755.8,61832.1,0
2022-11-14 09:15:00,1668397500,61765.9,61916.2,61689,61700.1,0
2022-11-14 10:15:00,1668401100,61699,61754.9,61617.7,61674.6,0
2022-11-14 11:15:00,1668404700,61673.3,61693.3,61614.5,61641.9,0
2022-11-14 12:15:00,1668408300,61641.1,61683.8,61572,61646,0
2022-11-14 13:15:00,1668411900,61645.2,61795.3,61633.4,61787.4,0
2022-11-14 14:15:00,1668415500,61786,61802.7,61619.1,61641,0
2022-11-14 15:15:00,1668419100,61643.1,61657.1,61575.7,61636.5,0
2022-11-15 09:15:00,1668483900,61630.1,61783,61439.6,61555.6,0
2022-11-15 10:15:00,1668487500,61551.9,61557.3,61436.9,61454.3,0
2022-11-15 11:15:00,1668491100,61454.6,61536.8,61444.6,61480.5,0
2022-11-15 12:15:00,1668494700,61481.8,61652.4,61466.9,61614.5,0
2022-11-15 13:15:00,1668498300,61612.6,61669.8,61575,61584.4,0
2022-11-15 14:15:00,1668501900,61582.1,61902.8,61540.4,61878.2,0
2022-11-15 15:15:00,1668505500,61880,61956,61871.7,61926.9,0
2022-11-16 09:15:00,1668570300,61708.6,61911.9,61708.6,61873.7,0
2022-11-16 10:15:00,1668573900,61870.9,62035.6,61857.3,61978.6,0
2022-11-16 11:15:00,1668577500,61979.1,62052.6,61878.3,61931.9,0
2022-11-16 12:15:00,1668581100,61928.4,62005.1,61928,61959.6,0
2022-11-16 13:15:00,1668584700,61959.8,62049.7,61890.6,61908.9,0
2022-11-16 14:15:00,1668588300,61907.3,62032.1,61785.8,61993.1,0
2022-11-16 15:15:00,1668591900,61992.4,62003.7,61945.3,61953.8,0
2022-11-17 09:15:00,1668656700,61812.4,62050.8,61769,61928.6,0
2022-11-17 10:15:00,1668660300,61929.9,61948.2,61838.4,61839.1,0
2022-11-17 11:15:00,1668663900,61839,61904,61809.2,61840.5,0
2022-11-17 12:15:00,1668667500,61844.9,61956,61831.3,61938.1,0
2022-11-17 13:15:00,1668671100,61938.9,61987.6,61909.9,61975,0
2022-11-17 14:15:00,1668674700,61975.4,61988.6,61683.4,61683.5,0
2022-11-17 15:15:00,1668678300,61684.8,61745,61643.3,61729.1,0
2022-11-18 09:15:00,1668743100,61858.2,61929.9,61574,61577.6,0
2022-11-18 10:15:00,1668746700,61580.2,61627.3,61357.7,61364.3,0
2022-11-18 11:15:00,1668750300,61364.9,61490.7,61364.9,61440.7,0
2022-11-18 12:15:00,1668753900,61444.9,61474.3,61398.9,61469.5,0
2022-11-18 13:15:00,1668757500,61469.8,61522,61337.4,61357.4,0
2022-11-18 14:15:00,1668761100,61361.7,61729,61349.4,61709.6,0
2022-11-18 15:15:00,1668764700,61711.7,61721.7,61632.2,61637.5,0
2022-11-21 09:15:00,1669002300,61456.3,61456.3,61117,61227.1,0
2022-11-21 10:15:00,1669005900,61232.9,61273.2,61144.1,61226.1,0
2022-11-21 11:15:00,1669009500,61227.4,61262.1,61152.6,61162.2,0
2022-11-21 12:15:00,1669013100,61158.9,61194.6,61113.8,61121.3,0
2022-11-21 13:15:00,1669016700,61121.4,61183.3,61073.8,61141.1,0
2022-11-21 14:15:00,1669020300,61145.9,61198.4,61059.3,61192.2,0
2022-11-21 15:15:00,1669023900,61193,61194.7,61111.3,61165.1,0
2022-11-22 09:15:00,1669088700,61126.6,61318.3,61073.7,61295.8,0
2022-11-22 10:15:00,1669092300,61294.6,61330.2,61258.7,61306.5,0
2022-11-22 11:15:00,1669095900,61307.1,61346.2,61270,61333.9,0
2022-11-22 12:15:00,1669099500,61330.6,61363,61291.4,61313,0
2022-11-22 13:15:00,1669103100,61313.6,61378.9,61293.3,61322.1,0
2022-11-22 14:15:00,1669106700,61322.2,61438.3,61263,61438.3,0
2022-11-22 15:15:00,1669110300,61437,61464.8,61419.6,61464.8,0
2022-11-23 09:15:00,1669175100,61779.7,61780.9,61488.2,61508.8,0
2022-11-23 10:15:00,1669178700,61515.8,61535.7,61442.7,61502.8,0
2022-11-23 11:15:00,1669182300,61512.8,61551.9,61492,61547.4,0
2022-11-23 12:15:00,1669185900,61539.9,61575.3,61499.4,61543.1,0
2022-11-23 13:15:00,1669189500,61542.2,61595.8,61508.8,61589.2,0
2022-11-23 14:15:00,1669193100,61591.7,61686.2,61494.1,61524.2,0
2022-11-23 15:15:00,1669196700,61523.9,61524.3,61451.1,61482.9,0
2022-11-24 09:15:00,1669261500,61656,61803.7,61600.4,61786.4,0
2022-11-24 10:15:00,1669265100,61784.6,61867.4,61778.2,61829.1,0
2022-11-24 11:15:00,1669268700,61833,61901.6,61805.9,61894,0
2022-11-24 12:15:00,1669272300,61892.5,61942.5,61868.6,61896.7,0
2022-11-24 13:15:00,1669275900,61894,61972.6,61853.8,61969.4,0
2022-11-24 14:15:00,1669279500,61967.2,62255.8,61927.9,62248.1,0
2022-11-24 15:15:00,1669283100,62244.9,62412.3,62244.9,62340.9,0
2022-11-25 09:15:00,1669347900,62327.9,62447.7,62123.8,62215,0
2022-11-25 10:15:00,1669351500,62219.8,62290.4,62144.7,62146.6,0
2022-11-25 11:15:00,1669355100,62149.5,62228.5,62115.7,62158.4,0
2022-11-25 12:15:00,1669358700,62159,62278.6,62149.7,62239.2,0
2022-11-25 13:15:00,1669362300,62237.1,62324.8,62202.1,62239.9,0
2022-11-25 14:15:00,1669365900,62236.5,62386.7,62166.8,62358.6,0
2022-11-25 15:15:00,1669369500,62355.1,62356.1,62232.8,62254.8,0
2022-11-28 09:15:00,1669607100,62016.4,62440.2,61959.7,62409.8,0
2022-11-28 10:15:00,1669610700,62405.4,62526.1,62387.6,62508.9,0
2022-11-28 11:15:00,1669614300,62507,62629.7,62485.9,62625.2,0
2022-11-28 12:15:00,1669617900,62625.9,62690.4,62594.4,62679.3,0
2022-11-28 13:15:00,1669621500,62678.7,62701.4,62554.3,62592.2,0
2022-11-28 14:15:00,1669625100,62593.1,62669.8,62481.4,62518.3,0
2022-11-28 15:15:00,1669628700,62515.3,62533.6,62454.8,62472.2,0
2022-11-29 09:15:00,1669693500,62362.1,62737.1,62362.1,62718.6,0
2022-11-29 10:15:00,1669697100,62716.8,62849.3,62700.8,62812.4,0
2022-11-29 11:15:00,1669700700,62811,62861.9,62742.9,62848.2,0
2022-11-29 12:15:00,1669704300,62846.7,62877.7,62781.1,62826.6,0
2022-11-29 13:15:00,1669707900,62824.7,62887.4,62790.2,62804.1,0
2022-11-29 14:15:00,1669711500,62804.9,62827.7,62673.4,62673.4,0
2022-11-29 15:15:00,1669715100,62674.2,62701.6,62629.9,62649.5,0
2022-11-30 09:15:00,1669779900,62743.5,62865.7,62648.4,62754.9,0
2022-11-30 10:15:00,1669783500,62757,62757,62660.6,62708.1,0
2022-11-30 11:15:00,1669787100,62711.2,62809.5,62674.8,62743.7,0
2022-11-30 12:15:00,1669790700,62740.3,62814.4,62710.9,62800.9,0
2022-11-30 13:15:00,1669794300,62802,62826.4,62739,62788.1,0
2022-11-30 14:15:00,1669797900,62786.5,63128.6,62763.5,63127.3,0
2022-11-30 15:15:00,1669801500,63125.1,63303,63121.3,63156.6,0
2022-12-01 09:15:00,1669866300,63358,63583.1,63358,63407.8,0
2022-12-01 10:15:00,1669869900,63412.2,63420.6,63319.1,63391.1,0
2022-12-01 11:15:00,1669873500,63387,63400.9,63316.6,63377.3,0
2022-12-01 12:15:00,1669877100,63375.2,63441.4,63364.9,63402.7,0
2022-12-01 13:15:00,1669880700,63404.4,63443.4,63183.8,63341,0
2022-12-01 14:15:00,1669884300,63340,63406.2,63241.6,63267.4,0
2022-12-01 15:15:00,1669887900,63270.1,63324.2,63225.5,63234,0
2022-12-02 09:15:00,1669952700,62978.6,63148.6,62902.9,62924.2,0
2022-12-02 10:15:00,1669956300,62920.1,62938.4,62857.4,62891.1,0
2022-12-02 11:15:00,1669959900,62891.9,62911.1,62693.6,62705,0
2022-12-02 12:15:00,1669963500,62708.1,62817.7,62679.6,62808.5,0
2022-12-02 13:15:00,1669967100,62810.4,62864.7,62725.1,62820.8,0
2022-12-02 14:15:00,1669970700,62821.6,62895.7,62789.3,62857.5,0
2022-12-02 15:15:00,1669974300,62856.7,62922.2,62849.5,62884.8,0
2022-12-05 09:15:00,1670211900,62865.3,62939.6,62507.9,62527.4,0
2022-12-05 10:15:00,1670215500,62523.1,62658.2,62520.5,62653.5,0
2022-12-05 11:15:00,1670219100,62651.6,62745.2,62642.7,62742.9,0
2022-12-05 12:15:00,1670222700,62745.5,62914.3,62745.5,62791.9,0
2022-12-05 13:15:00,1670226300,62793.2,62795.1,62610.1,62674.7,0
2022-12-05 14:15:00,1670229900,62674.6,62920.1,62645.2,62886.9,0
2022-12-05 15:15:00,1670233500,62881.6,62893.2,62782.9,62785.8,0
2022-12-06 09:15:00,1670298300,62395.6,62644,62390.1,62610.3,0
2022-12-06 10:15:00,1670301900,62615,62644.5,62500.9,62528.3,0
2022-12-06 11:15:00,1670305500,62521.4,62576.9,62493,62517.2,0
2022-12-06 12:15:00,1670309100,62519.4,62558.8,62448.6,62547.8,0
2022-12-06 13:15:00,1670312700,62546.4,62623.4,62489.4,62548.7,0
2022-12-06 14:15:00,1670316300,62550.2,62677.8,62497.3,62665.2,0
2022-12-06 15:15:00,1670319900,62663.4,62673.1,62613.9,62655.4,0
2022-12-07 09:15:00,1670384700,62615.5,62746,62524,62734.2,0
2022-12-07 10:15:00,1670388300,62732.4,62760,62408.6,62472.4,0
2022-12-07 11:15:00,1670391900,62471.3,62508.1,62404.7,62504.9,0
2022-12-07 12:15:00,1670395500,62507.7,62565.1,62432.9,62533.5,0
2022-12-07 13:15:00,1670399100,62534.3,62596.3,62412.9,62435.8,0
2022-12-07 14:15:00,1670402700,62436.7,62612.3,62377.6,62395.9,0
2022-12-07 15:15:00,1670406300,62396,62407.4,62316.6,62380.9,0
2022-12-08 09:15:00,1670471100,62504,62633.6,62320.2,62550.5,0
2022-12-08 10:15:00,1670474700,62544,62589.3,62429.5,62467.1,0
2022-12-08 11:15:00,1670478300,62469.6,62511.9,62423.9,62469.6,0
2022-12-08 12:15:00,1670481900,62471.4,62514.4,62379.7,62481.8,0
2022-12-08 13:15:00,1670485500,62480.3,62513.2,62438.4,62508.6,0
2022-12-08 14:15:00,1670489100,62507.8,62604.8,62483.8,62591.9,0
2022-12-08 15:15:00,1670492700,62589.3,62600.7,62559.5,62577.8,0
2022-12-09 09:15:00,1670557500,62690.9,62735.4,62530.8,62559.9,0
2022-12-09 10:15:00,1670561100,62560.5,62570.8,62339.6,62374.4,0
2022-12-09 11:15:00,1670564700,62374.8,62405.5,62295.1,62393.4,0
2022-12-09 12:15:00,1670568300,62393.9,62407.9,62042,62153.4,0
2022-12-09 13:15:00,1670571900,62149.3,62165.1,61997.5,62010,0
2022-12-09 14:15:00,1670575500,62006.5,62222.1,61889.1,62220.5,0
2022-12-09 15:15:00,1670579100,62220.3,62231.5,62142.8,62186.9,0
2022-12-12 09:15:00,1670816700,61770.6,62200.2,61676.1,62115.4,0
2022-12-12 10:15:00,1670820300,62117.6,62239.4,62101.6,62208.4,0
2022-12-12 11:15:00,1670823900,62208.9,62224.7,62083.4,62115.4,0
2022-12-12 12:15:00,1670827500,62115.3,62205.2,62081.8,62104.8,0
2022-12-12 13:15:00,1670831100,62104.8,62107.8,61964,62026.9,0
2022-12-12 14:15:00,1670834700,62026.1,62187,61913.5,62148.1,0
2022-12-12 15:15:00,1670838300,62151.6,62190.6,62120.1,62168.9,0
2022-12-13 09:15:00,1670903100,62300.7,62300.7,62129.6,62255.9,0
2022-12-13 10:15:00,1670906700,62256.4,62383.3,62250.5,62363.9,0
2022-12-13 11:15:00,1670910300,62369,62505.1,62366.6,62478.8,0
2022-12-13 12:15:00,1670913900,62478,62540.9,62427.1,62518.4,0
2022-12-13 13:15:00,1670917500,62517.9,62526,62420.7,62433.7,0
2022-12-13 14:15:00,1670921100,62432.9,62567.9,62393.4,62531.4,0
2022-12-13 15:15:00,1670924700,62534.9,62559.5,62492.6,62518.2,0
2022-12-14 09:15:00,1670989500,62685.94,62832.13,62675.09,62721.79,0
2022-12-14 10:15:00,1670993100,62721.79,62777.97,62687.82,62771.46,0
2022-12-14 11:15:00,1670996700,62772.96,62805.8,62749.98,62772.29,0
2022-12-14 12:15:00,1671000300,62772.29,62791.98,62714.13,62745.32,0
2022-12-14 13:15:00,1671003900,62745.15,62754.45,62591.4,62592.01,0
2022-12-14 14:15:00,1671007500,62592.63,62733.91,62592.63,62708.93,0
2022-12-14 15:15:00,1671011100,62708.63,62723.69,62605.93,62621.23,0
2022-12-15 09:15:00,1671075900,62530.1,62624.8,62322.9,62345.7,0
2022-12-15 10:15:00,1671079500,62343.5,62446.2,62336.4,62392.5,0
2022-12-15 11:15:00,1671083100,62391.6,62397.4,62245.7,62270.4,0
2022-12-15 12:15:00,1671086700,62270.4,62289.1,62157.9,62180.6,0
2022-12-15 13:15:00,1671090300,62180.5,62206.7,62109.2,62184.7,0
2022-12-15 14:15:00,1671093900,62187.9,62209.4,61786.2,61789.4,0
2022-12-15 15:15:00,1671097500,61789.9,61811.6,61715.6,61737.2,0
2022-12-16 09:15:00,1671162300,61534.2,61893.2,61413.6,61551.1,0
2022-12-16 10:15:00,1671165900,61553.1,61593.4,61364.2,61505.7,0
2022-12-16 11:15:00,1671169500,61509.5,61585.9,61450.4,61533.9,0
2022-12-16 12:15:00,1671173100,61533.7,61810.4,61533.7,61705.6,0
2022-12-16 13:15:00,1671176700,61705.9,61737.7,61482.4,61572,0
2022-12-16 14:15:00,1671180300,61569.9,61573.3,61292.5,61310.5,0
2022-12-16 15:15:00,1671183900,61311.9,61392.2,61299.4,61383.8,0
2022-12-19 09:15:00,1671421500,61405.8,61609.2,61265.3,61567.4,0
2022-12-19 10:15:00,1671425100,61566.8,61658.3,61534,61591.5,0
2022-12-19 11:15:00,1671428700,61591.2,61682.1,61578.9,61652.7,0
2022-12-19 12:15:00,1671432300,61677.9,61710.2,61502.8,61534.2,0
2022-12-19 13:15:00,1671435900,61535.6,61675.7,61513.4,61644.8,0
2022-12-19 14:15:00,1671439500,61644.1,61832.5,61604,61803,0
2022-12-19 15:15:00,1671443100,61805.2,61844.9,61790.6,61834.7,0
2022-12-20 09:15:00,1671507900,61608.9,61612.7,61131.3,61189.1,0
2022-12-20 10:15:00,1671511500,61189.1,61232.8,61102.7,61184.6,0
2022-12-20 11:15:00,1671515100,61184.6,61264.1,61109.6,61250.2,0
2022-12-20 12:15:00,1671518700,61250.9,61392.2,61235.7,61295.1,0
2022-12-20 13:15:00,1671522300,61292.5,61470.9,61265.1,61434.1,0
2022-12-20 14:15:00,1671525900,61434.2,61780.4,61413.7,61767.2,0
2022-12-20 15:15:00,1671529500,61770.8,61772.3,61696,61731.1,0
2022-12-21 09:15:00,1671594300,61993.7,62006.5,61641.2,61754.8,0
2022-12-21 10:15:00,1671597900,61754,61776.4,61527.5,61613,0
2022-12-21 11:15:00,1671601500,61609.8,61684.1,61470.1,61474.6,0
2022-12-21 12:15:00,1671605100,61481.2,61481.2,61293,61400.4,0
2022-12-21 13:15:00,1671608700,61399.6,61400.2,60938.4,61139.3,0
2022-12-21 14:15:00,1671612300,61148.2,61351.4,60991.7,61079.9,0
2022-12-21 15:15:00,1671615900,61081.2,61096.6,61022.8,61093.6,0
2022-12-22 09:15:00,1671680700,61257.17,61462.91,60949.83,60950.02,0
2022-12-22 10:15:00,1671684300,60948.23,60976.05,60789.6,60908.86,0
2022-12-22 11:15:00,1671687900,60908.96,60963.95,60669.01,60688.63,0
2022-12-22 12:15:00,1671691500,60690.84,60856.61,60637.24,60789.92,0
2022-12-22 13:15:00,1671695100,60784.99,60996.04,60742.98,60976.35,0
2022-12-22 14:15:00,1671698700,60976.9,61020.18,60727.89,60895.43,0
2022-12-22 15:15:00,1671702300,60895.46,60899.43,60785.29,60813.04,0
2022-12-23 09:15:00,1671767100,60205.6,60546.9,60205.6,60267.1,0
2022-12-23 10:15:00,1671770700,60272.9,60298.6,60136.6,60267.2,0
2022-12-23 11:15:00,1671774300,60274.9,60290.6,59976,60138.9,0
2022-12-23 12:15:00,1671777900,60140.8,60216.6,60074.4,60131.4,0
2022-12-23 13:15:00,1671781500,60125,60155.7,59933.6,59935.1,0
2022-12-23 14:15:00,1671785100,59935.1,60088.2,59765.6,59867.1,0
2022-12-23 15:15:00,1671788700,59868.8,59920.8,59817.6,59900.2,0
2022-12-26 09:15:00,1672026300,59755.1,60351.3,59754.1,60290.4,0
2022-12-26 10:15:00,1672029900,60290.8,60390.2,60209.7,60351.9,0
2022-12-26 11:15:00,1672033500,60348.2,60525,60339.4,60515.1,0
2022-12-26 12:15:00,1672037100,60514.9,60528.8,60403.8,60495.5,0
2022-12-26 13:15:00,1672040700,60493.6,60578.8,60446.5,60565.3,0
2022-12-26 14:15:00,1672044300,60566.3,60833.8,60488.8,60517.5,0
2022-12-26 15:15:00,1672047900,60514.7,60573.5,60498.6,60568.8,0
2022-12-27 09:15:00,1672112700,60861.4,60970.6,60405.7,60513.3,0
2022-12-27 10:15:00,1672116300,60512.4,60703.9,60495.1,60637.6,0
2022-12-27 11:15:00,1672119900,60637.5,60720.2,60589.3,60672.3,0
2022-12-27 12:15:00,1672123500,60675.6,60720.6,60552.9,60671,0
2022-12-27 13:15:00,1672127100,60671.9,60910.4,60663.8,60908.9,0
2022-12-27 14:15:00,1672130700,60908.6,60961.4,60742.9,60927.9,0
2022-12-27 15:15:00,1672134300,60929.6,60986.7,60918.1,60939.2,0
2022-12-28 09:15:00,1672199100,60811.5,60973.8,60713.8,60964.9,0
2022-12-28 10:15:00,1672202700,60967.4,60974.8,60793.4,60965.7,0
2022-12-28 11:15:00,1672206300,60965.6,61011.9,60907.6,60981.9,0
2022-12-28 12:15:00,1672209900,60983.7,61015.2,60920.2,60933.4,0
2022-12-28 13:15:00,1672213500,60933.2,61075.3,60895.5,61054.9,0
2022-12-28 14:15:00,1672217100,61053.1,61060,60842.6,60911.6,0
2022-12-28 15:15:00,1672220700,60919.6,60919.6,60854.4,60873.4,0
2022-12-29 09:15:00,1672285500,60628.3,60685.1,60493.4,60525.6,0
2022-12-29 10:15:00,1672289100,60527,60597.1,60479.1,60581,0
2022-12-29 11:15:00,1672292700,60583.3,60688.8,60555.3,60630.2,0
2022-12-29 12:15:00,1672296300,60632.7,60716.5,60568.9,60703.8,0
2022-12-29 13:15:00,1672299900,60703.1,60859.5,60645.4,60813.7,0
2022-12-29 14:15:00,1672303500,60818.5,61178.2,60769.4,61159.3,0
2022-12-29 15:15:00,1672307100,61156,61210.6,61133.4,61187.3,0
2022-12-30 09:15:00,1672371900,61329.2,61392.7,61202.2,61218.7,0
2022-12-30 10:15:00,1672375500,61222.8,61343,61212.9,61291.3,0
2022-12-30 11:15:00,1672379100,61289.6,61297.8,61136.4,61206.8,0
2022-12-30 12:15:00,1672382700,61205.9,61305.1,61121.7,61149.5,0
2022-12-30 13:15:00,1672386300,61149.1,61224.4,61044.4,61153.7,0
2022-12-30 14:15:00,1672389900,61158.6,61170.6,60763.8,60823,0
2022-12-30 15:15:00,1672393500,60821.1,60894.3,60743.7,60867,0
2023-01-02 09:15:00,1672631100,60871.2,61079.5,60764.6,61044.3,0
2023-01-02 10:15:00,1672634700,61043.6,61170.8,61024.5,61123.3,0
2023-01-02 11:15:00,1672638300,61122.5,61140.4,61056.8,61129.2,0
2023-01-02 12:15:00,1672641900,61127.2,61154.5,61023.1,61108.9,0
2023-01-02 13:15:00,1672645500,61107.4,61133.3,61033,61079.9,0
2023-01-02 14:15:00,1672649100,61078.9,61187.6,60912.8,61142.2,0
2023-01-02 15:15:00,1672652700,61142.5,61222.8,61141.4,61199.8,0
2023-01-03 09:15:00,1672717500,61074.9,61290.1,61004,61274.1,0
2023-01-03 10:15:00,1672721100,61277.4,61298.4,61203.2,61275.6,0
2023-01-03 11:15:00,1672724700,61270.9,61300.1,61156.9,61163.2,0
2023-01-03 12:15:00,1672728300,61161.8,61165.4,61044.8,61119.5,0
2023-01-03 13:15:00,1672731900,61121.1,61252.7,61111.3,61203.7,0
2023-01-03 14:15:00,1672735500,61203.2,61344,61197.2,61316.2,0
2023-01-03 15:15:00,1672739100,61317,61324.2,61276.1,61293.1,0
2023-01-04 09:15:00,1672803900,61294.6,61327.2,60904,60952.2,0
2023-01-04 10:15:00,1672807500,60951.5,61054.9,60822.7,60840.2,0
2023-01-04 11:15:00,1672811100,60838.1,60898.4,60633.3,60654.4,0
2023-01-04 12:15:00,1672814700,60652.4,60789.9,60648.8,60768.6,0
2023-01-04 13:15:00,1672818300,60769.7,60950.8,60732.3,60944.7,0
2023-01-04 14:15:00,1672821900,60945.9,60954.7,60593.6,60687.6,0
2023-01-04 15:15:00,1672825500,60688.9,60697.1,60603.8,60640.2,0
2023-01-05 09:15:00,1672890300,60847.5,60877.1,60506.2,60670.5,0
2023-01-05 10:15:00,1672893900,60672.6,60725.8,60532.4,60575,0
2023-01-05 11:15:00,1672897500,60571.6,60593.6,60335.8,60371,0
2023-01-05 12:15:00,1672901100,60371.5,60379.3,60189.3,60240.1,0
2023-01-05 13:15:00,1672904700,60249.1,60251.5,60049.8,60110.4,0
2023-01-05 14:15:00,1672908300,60105.1,60395.2,60098.1,60351,0
2023-01-05 15:15:00,1672911900,60350.4,60411.7,60346.1,60384.8,0
2023-01-06 09:15:00,1672976700,60388.7,60537.6,60223.4,60229.5,0
2023-01-06 10:15:00,1672980300,60228.8,60258.7,60051.1,60074,0
2023-01-06 11:15:00,1672983900,60076.2,60189.6,60042.5,60102.3,0
2023-01-06 12:15:00,1672987500,60101.3,60121.6,59777,59790.8,0
2023-01-06 13:15:00,1672991100,59792.2,59864,59674.4,59745.6,0
2023-01-06 14:15:00,1672994700,59749.2,59966.1,59669.9,59935.1,0
2023-01-06 15:15:00,1672998300,59932.6,59945.3,59850.6,59929.7,0
2023-01-09 09:15:00,1673235900,60147.1,60636.1,60109.9,60577.9,0
2023-01-09 10:15:00,1673239500,60582.1,60754.4,60582.1,60752.1,0
2023-01-09 11:15:00,1673243100,60752.8,60889.4,60731.7,60856.9,0
2023-01-09 12:15:00,1673246700,60859.9,60888.3,60669.2,60679.6,0
2023-01-09 13:15:00,1673250300,60675.4,60679,60399.8,60583.8,0
2023-01-09 14:15:00,1673253900,60586.7,60780.7,60521.9,60765.9,0
2023-01-09 15:15:00,1673257500,60762.4,60795.9,60687.4,60712.1,0
2023-01-10 09:15:00,1673322300,60805.1,60809.6,60250.1,60340,0
2023-01-10 10:15:00,1673325900,60336.8,60405.1,60181.6,60224.1,0
2023-01-10 11:15:00,1673329500,60221.9,60265.6,60125.7,60246.1,0
2023-01-10 12:15:00,1673333100,60247.8,60310.9,60009.2,60051.7,0
2023-01-10 13:15:00,1673336700,60054,60157,59976.5,60110.4,0
2023-01-10 14:15:00,1673340300,60107,60155.4,59938.4,60132.1,0
2023-01-10 15:15:00,1673343900,60132.6,60169.8,60111.8,60159.4,0
2023-01-11 09:15:00,1673408700,60134.6,60290,59805.8,60287.1,0
2023-01-11 10:15:00,1673412300,60292.9,60364.8,60032.1,60127.9,0
2023-01-11 11:15:00,1673415900,60129.8,60222.4,60025.4,60141,0
2023-01-11 12:15:00,1673419500,60140.5,60187.1,60059.2,60172.7,0
2023-01-11 13:15:00,1673423100,60172.7,60221.8,60017.1,60042,0
2023-01-11 14:15:00,1673426700,60043.5,60241.4,60017.2,60089.4,0
2023-01-11 15:15:00,1673430300,60090.6,60129.5,60040.1,60082.5,0
2023-01-12 09:15:00,1673495100,60083,60290.4,59910.2,59946.9,0
2023-01-12 10:15:00,1673498700,59954.4,59954.4,59743.8,59756.7,0
2023-01-12 11:15:00,1673502300,59754.9,59845.2,59704.6,59817.4,0
2023-01-12 12:15:00,1673505900,59815.9,59952.3,59810,59852.5,0
2023-01-12 13:15:00,1673509500,59848.9,59876.1,59632.3,59859.1,0
2023-01-12 14:15:00,1673513100,59860.6,59989.9,59810.1,59951.9,0
2023-01-12 15:15:00,1673516700,59954.7,60002.1,59940.6,59959.4,0
2023-01-13 09:15:00,1673581500,60045,60045,59628.4,59675.2,0
2023-01-13 10:15:00,1673585100,59676.3,59850.6,59666.9,59833.9,0
2023-01-13 11:15:00,1673588700,59833.5,59908.7,59776.3,59907.8,0
2023-01-13 12:15:00,1673592300,59898.9,60279.1,59898.9,60266.3,0
2023-01-13 13:15:00,1673595900,60276.4,60418.3,60220.3,60374.6,0
2023-01-13 14:15:00,1673599500,60375.4,60383.5,60185.9,60253.8,0
2023-01-13 15:15:00,1673603100,60254.3,60291.1,60234.2,60242.8,0
2023-01-16 09:15:00,1673840700,60550.5,60586.8,60258.2,60386.2,0
2023-01-16 10:15:00,1673844300,60387.1,60420.2,60330.7,60335.6,0
2023-01-16 11:15:00,1673847900,60337.6,60338.4,60187.6,60189.5,0
2023-01-16 12:15:00,1673851500,60188.4,60204.5,60063.9,60202.6,0
2023-01-16 13:15:00,1673855100,60203.2,60282.3,59963.8,60049.5,0
2023-01-16 14:15:00,1673858700,60049.1,60103.5,59970.8,60079.7,0
2023-01-16 15:15:00,1673862300,60078.1,60117,60069.2,60088.8,0
2023-01-17 09:15:00,1673927100,60142.1,60535.8,60072.3,60504.5,0
2023-01-17 10:15:00,1673930700,60501.7,60578.7,60388,60436.8,0
2023-01-17 11:15:00,1673934300,60434.5,60540.5,60381.1,60524.1,0
2023-01-17 12:15:00,1673937900,60525.6,60526.2,60303.6,60319.7,0
2023-01-17 13:15:00,1673941500,60315,60475,60252.6,60448.5,0
2023-01-17 14:15:00,1673945100,60449.7,60680.9,60430.6,60664,0
2023-01-17 15:15:00,1673948700,60666,60704.5,60652.2,60675.1,0
2023-01-18 09:15:00,1674013500,60716,60939.1,60569.2,60899.6,0
2023-01-18 10:15:00,1674017100,60897.6,60986.7,60839.3,60986.7,0
2023-01-18 11:15:00,1674020700,60989.5,61102.9,60988.2,61092.2,0
2023-01-18 12:15:00,1674024300,61093,61098.2,60990.6,60991.5,0
2023-01-18 13:15:00,1674027900,60992.6,61108.8,60958,61011.4,0
2023-01-18 14:15:00,1674031500,61010.9,61110.2,60984.9,61006.4,0
2023-01-18 15:15:00,1674035100,61004,61070.3,60997.4,61058,0
2023-01-19 09:15:00,1674099900,60920,60970.6,60716.6,60760.7,0
2023-01-19 10:15:00,1674103500,60765.3,61032.5,60731.1,60944.9,0
2023-01-19 11:15:00,1674107100,60944.3,61015.4,60859.9,60947.4,0
2023-01-19 12:15:00,1674110700,60946.9,60989.9,60852.4,60889.4,0
2023-01-19 13:15:00,1674114300,60888.7,60940.2,60848.8,60935.1,0
2023-01-19 14:15:00,1674117900,60934.3,60956.5,60793.8,60838.6,0
2023-01-19 15:15:00,1674121500,60834.1,60852.1,60785.4,60799.8,0
2023-01-20 09:15:00,1674186300,60901.2,60901.2,60736.6,60892,0
2023-01-20 10:15:00,1674189900,60893.5,61001.2,60862.7,60863.3,0
2023-01-20 11:15:00,1674193500,60861.7,60910.8,60782.9,60831.4,0
2023-01-20 12:15:00,1674197100,60826.8,60891.4,60780.4,60840.7,0
2023-01-20 13:15:00,1674200700,60843.5,60872,60669.9,60725.7,0
2023-01-20 14:15:00,1674204300,60725.7,60748,60593.3,60626,0
2023-01-20 15:15:00,1674207900,60627.2,60641.4,60585.2,60611.8,0
2023-01-23 09:15:00,1674445500,60876,61113.3,60761.9,61072.2,0
2023-01-23 10:15:00,1674449100,61071,61105.5,61015.4,61016.3,0
2023-01-23 11:15:00,1674452700,61014.8,61044.9,60916.2,60928.5,0
2023-01-23 12:15:00,1674456300,60927.7,60939.4,60814.1,60845.7,0
2023-01-23 13:15:00,1674459900,60843.6,60988.2,60843.6,60973.6,0
2023-01-23 14:15:00,1674463500,60973.1,61021,60897.9,60964.5,0
2023-01-23 15:15:00,1674467100,60964.8,60969.6,60897.1,60899.6,0
2023-01-24 09:15:00,1674531900,61122.2,61266.1,60974.7,61038.9,0
2023-01-24 10:15:00,1674535500,61036.2,61155.5,61017,61088.8,0
2023-01-24 11:15:00,1674539100,61087.6,61094.9,60980.3,61013.9,0
2023-01-24 12:15:00,1674542700,61012.4,61076,60966.8,61027.6,0
2023-01-24 13:15:00,1674546300,61031.5,61053.4,60849.1,60955,0
2023-01-24 14:15:00,1674549900,60954.4,61048.2,60910.2,61020.3,0
2023-01-24 15:15:00,1674553500,61016.5,61019.9,60935.3,60971.2,0
2023-01-25 09:15:00,1674618300,60834.7,60899.2,60407.5,60407.6,0
2023-01-25 10:15:00,1674621900,60420,60489.3,60308.1,60390.7,0
2023-01-25 11:15:00,1674625500,60392.3,60413.3,60081.4,60255.7,0
2023-01-25 12:15:00,1674629100,60257.4,60368.7,60204.4,60275.2,0
2023-01-25 13:15:00,1674632700,60279.3,60403.2,60224.6,60360.2,0
2023-01-25 14:15:00,1674636300,60355.4,60370.5,60144.2,60219.8,0
2023-01-25 15:15:00,1674639900,60218.8,60269.8,60208,60246.4,0
2023-01-27 09:15:00,1674791100,60166.9,60166.9,59446.9,59457.4,0
2023-01-27 10:15:00,1674794700,59459.6,59756.6,59390.8,59462,0
2023-01-27 11:15:00,1674798300,59464.4,59516.6,59318.9,59332.8,0
2023-01-27 12:15:00,1674801900,59334,59358.9,59088.4,59227.8,0
2023-01-27 13:15:00,1674805500,59227.1,59341.4,58982.3,59005,0
2023-01-27 14:15:00,1674809100,59004.1,59373.1,58974.7,59372.2,0
2023-01-27 15:15:00,1674812700,59375.8,59426.8,59341.1,59368.5,0
2023-01-30 09:15:00,1675050300,59101.7,59644.2,58706.9,59392.8,0
2023-01-30 10:15:00,1675053900,59399.6,59439.9,59152.2,59188.6,0
2023-01-30 11:15:00,1675057500,59190.9,59412.4,59168.6,59315.4,0
2023-01-30 12:15:00,1675061100,59318.2,59340.1,58883.7,58883.7,0
2023-01-30 13:15:00,1675064700,58886,59144.5,58699.2,59124.1,0
2023-01-30 14:15:00,1675068300,59121.3,59597.4,59067.4,59545.9,0
2023-01-30 15:15:00,1675071900,59540.1,59614.4,59498.5,59569.6,0
2023-01-31 09:15:00,1675136700,59770.8,59787.6,59104.6,59190,0
2023-01-31 10:15:00,1675140300,59183.8,59377,59158.4,59269.5,0
2023-01-31 11:15:00,1675143900,59268.5,59497.4,59233.7,59346.6,0
2023-01-31 12:15:00,1675147500,59346.9,59491.3,59294.3,59470.3,0
2023-01-31 13:15:00,1675151100,59472.4,59598.7,59375.7,59404.3,0
2023-01-31 14:15:00,1675154700,59404.2,59621.8,59329.2,59621.8,0
2023-01-31 15:15:00,1675158300,59625.8,59674.8,59569.4,59659.9,0
2023-02-01 09:15:00,1675223100,60001.2,60066.9,59807.7,59995.3,0
2023-02-01 10:15:00,1675226700,59992.8,60189.9,59977.8,60081.8,0
2023-02-01 11:15:00,1675230300,60077.2,60141.5,59839.4,59924.3,0
2023-02-01 12:15:00,1675233900,59919.8,60773.4,59858.3,60586,0
2023-02-01 13:15:00,1675237500,60585,60614.1,59704,59878.8,0
2023-02-01 14:15:00,1675241100,59880.6,59903.2,58816.8,59740.1,0
2023-02-01 15:15:00,1675244700,59746.2,59862.5,59673.9,59688.2,0
2023-02-02 09:15:00,1675309500,59459.9,59924.7,59215.6,59712.2,0
2023-02-02 10:15:00,1675313100,59710.6,59872.8,59500.3,59784.8,0
2023-02-02 11:15:00,1675316700,59787,59943.2,59700.7,59858,0
2023-02-02 12:15:00,1675320300,59856.6,59857.3,59601.7,59690.2,0
2023-02-02 13:15:00,1675323900,59690.3,59732.3,59522.1,59719.9,0
2023-02-02 14:15:00,1675327500,59720.4,60000,59688.6,59941.5,0
2023-02-02 15:15:00,1675331100,59937.2,60007.7,59918,59922.5,0
2023-02-03 09:15:00,1675395900,60350,60414.2,60143.9,60330.8,0
2023-02-03 10:15:00,1675399500,60338.1,60378.4,60071.3,60175.9,0
2023-02-03 11:15:00,1675403100,60175.7,60296.1,60013.1,60286.1,0
2023-02-03 12:15:00,1675406700,60285.4,60438.8,60263.7,60418.2,0
2023-02-03 13:15:00,1675410300,60416.6,60580.7,60339.3,60522.7,0
2023-02-03 14:15:00,1675413900,60519.1,60905.3,60519.1,60853.2,0
2023-02-03 15:15:00,1675417500,60852.4,60862.7,60753.5,60781.6,0
2023-02-06 09:15:00,1675655100,60847.2,60847.2,60438.1,60640.9,0
2023-02-06 10:15:00,1675658700,60634.4,60640.8,60345.6,60399.6,0
2023-02-06 11:15:00,1675662300,60402.1,60504.1,60379.6,60400.5,0
2023-02-06 12:15:00,1675665900,60401.6,60470.7,60359.6,60394.8,0
2023-02-06 13:15:00,1675669500,60396.6,60591.2,60377.6,60566.3,0
2023-02-06 14:15:00,1675673100,60567.7,60568.5,60428.4,60507.6,0
2023-02-06 15:15:00,1675676700,60505.2,60528,60483.7,60497.6,0
2023-02-07 09:15:00,1675741500,60511.32,60655.14,60374.91,60406.34,0
2023-02-07 10:15:00,1675745100,60408.35,60515.06,60368.29,60473.95,0
2023-02-07 11:15:00,1675748700,60473.28,60486.17,60290.73,60290.73,0
2023-02-07 12:15:00,1675752300,60292.52,60292.52,60064.59,60067.25,0
2023-02-07 13:15:00,1675755900,60068.92,60377.76,60064.04,60339.2,0
2023-02-07 14:15:00,1675759500,60338.38,60495.15,60264.76,60300.64,0
2023-02-07 15:15:00,1675763100,60299.41,60306.79,60230.8,60295.15,0
2023-02-08 09:15:00,1675827900,60332.99,60792.1,60332.99,60734.63,0
2023-02-08 10:15:00,1675831500,60731.85,60747.9,60507.01,60619.51,0
2023-02-08 11:15:00,1675835100,60617.45,60760.66,60596.26,60652.98,0
2023-02-08 12:15:00,1675838700,60652.98,60697.46,60585.94,60665.06,0
2023-02-08 13:15:00,1675842300,60662.33,60776.88,60621.04,60761.96,0
2023-02-08 14:15:00,1675845900,60757.51,60785.06,60652.47,60680.63,0
2023-02-08 15:15:00,1675849500,60676.08,60702.48,60597.43,60625.87,0
2023-02-09 09:15:00,1675914300,60715.9,60725.6,60472.8,60662.4,0
2023-02-09 10:15:00,1675917900,60662.1,60740.4,60616.2,60696.8,0
2023-02-09 11:15:00,1675921500,60697,60763.7,60581.7,60586.7,0
2023-02-09 12:15:00,1675925100,60588.3,60664.8,60557.7,60592.1,0
2023-02-09 13:15:00,1675928700,60592.9,60863.6,60569.6,60811.6,0
2023-02-09 14:15:00,1675932300,60812.5,60842.7,60754.9,60822.4,0
2023-02-09 15:15:00,1675935900,60829.9,60861.5,60806.1,60840,0
2023-02-10 09:15:00,1676000700,60706.8,60774.1,60501.7,60607,0
2023-02-10 10:15:00,1676004300,60606,60733.1,60579.1,60729.1,0
2023-02-10 11:15:00,1676007900,60732.7,60762,60555.4,60559.9,0
2023-02-10 12:15:00,1676011500,60562.5,60623.8,60538.7,60550.4,0
2023-02-10 13:15:00,1676015100,60549.8,60682.4,60537.4,60662.1,0
2023-02-10 14:15:00,1676018700,60664.8,60722.1,60582.4,60715.5,0
2023-02-10 15:15:00,1676022300,60712.1,60725.9,60634.1,60656.8,0
2023-02-13 09:15:00,1676259900,60652.8,60740.9,60289.9,60308.7,0
2023-02-13 10:15:00,1676263500,60311.5,60475.3,60283.9,60470.9,0
2023-02-13 11:15:00,1676267100,60470.4,60479.4,60332.7,60345.9,0
2023-02-13 12:15:00,1676270700,60345.5,60443.8,60245.1,60423.8,0
2023-02-13 13:15:00,1676274300,60423.8,60479.2,60397.3,60439.4,0
2023-02-13 14:15:00,1676277900,60440.3,60537.3,60414.5,60433.3,0
2023-02-13 15:15:00,1676281500,60425.8,60451.8,60414.1,60424.3,0
2023-02-14 09:15:00,1676346300,60550.2,60769.9,60550.2,60724.5,0
2023-02-14 10:15:00,1676349900,60724.7,60787.4,60678.1,60777.2,0
2023-02-14 11:15:00,1676353500,60776.3,60934.9,60750.3,60920.3,0
2023-02-14 12:15:00,1676357100,60923.2,61027.9,60916.2,61003.5,0
2023-02-14 13:15:00,1676360700,61002.4,61102.7,60933.6,61062.4,0
2023-02-14 14:15:00,1676364300,61065.5,61095,61016.5,61023.2,0
2023-02-14 15:15:00,1676367900,61024.4,61050.3,61004.8,61017.6,0
2023-02-15 09:15:00,1676432700,60990.05,61033.4,60752.25,61006.19,0
2023-02-15 10:15:00,1676436300,61005.01,61057.12,60951.35,61049.86,0
2023-02-15 11:15:00,1676439900,61049.48,61108.66,60933.64,60971.37,0
2023-02-15 12:15:00,1676443500,60971.37,61053.16,60938.2,60982.47,0
2023-02-15 13:15:00,1676447100,60982.82,61039.57,60920.8,61034.19,0
2023-02-15 14:15:00,1676450700,61032.35,61300.23,61011.77,61287.64,0
2023-02-15 15:15:00,1676454300,61287.28,61349.36,61283.11,61309.02,0
2023-02-16 09:15:00,1676519100,61566.2,61682.2,61445.4,61607.3,0
2023-02-16 10:15:00,1676522700,61611,61659.5,61537.5,61622.4,0
2023-02-16 11:15:00,1676526300,61625,61642.9,61512.3,61534.9,0
2023-02-16 12:15:00,1676529900,61536.3,61541.6,61411.4,61503.8,0
2023-02-16 13:15:00,1676533500,61503.9,61564.7,61439.6,61493.8,0
2023-02-16 14:15:00,1676537100,61495.9,61523.6,61319.5,61319.5,0
2023-02-16 15:15:00,1676540700,61320.5,61332.8,61196.7,61255.3,0
2023-02-17 09:15:00,1676605500,60993.5,61302.7,60921.8,61116.5,0
2023-02-17 10:15:00,1676609100,61116.7,61208.2,61082.8,61136.5,0
2023-02-17 11:15:00,1676612700,61136.1,61199.8,61107.3,61123.2,0
2023-02-17 12:15:00,1676616300,61123.2,61123.8,60897.5,60924.5,0
2023-02-17 13:15:00,1676619900,60924.2,60983.3,60810.7,60880.1,0
2023-02-17 14:15:00,1676623500,60879.9,61041.6,60836.4,61034.5,0
2023-02-17 15:15:00,1676627100,61035.6,61046.9,60996.3,60997.6,0
2023-02-20 09:15:00,1676864700,61112.8,61290.2,60957.8,61129.7,0
2023-02-20 10:15:00,1676868300,61130.1,61208.1,61073.3,61148,0
2023-02-20 11:15:00,1676871900,61147.6,61163.3,60961.1,60961.1,0
2023-02-20 12:15:00,1676875500,60956,60997.6,60849.3,60890.7,0
2023-02-20 13:15:00,1676879100,60891.1,60905.2,60679.7,60689.7,0
2023-02-20 14:15:00,1676882700,60696.2,60745.9,60607,60695.1,0
2023-02-20 15:15:00,1676886300,60694.9,60740.1,60669.6,60704.4,0
2023-02-21 09:15:00,1676951100,60770.4,60904.5,60655.8,60886.4,0
2023-02-21 10:15:00,1676954700,60886,60976.6,60862.9,60926.4,0
2023-02-21 11:15:00,1676958300,60926.7,60958.1,60744.4,60778.1,0
2023-02-21 12:15:00,1676961900,60774.4,60786,60625.3,60741.1,0
2023-02-21 13:15:00,1676965500,60751.8,60877.1,60723.3,60820.7,0
2023-02-21 14:15:00,1676969100,60819.6,60820.4,60583.7,60641.5,0
2023-02-21 15:15:00,1676972700,60643.9,60747.3,60634.1,60716.1,0
2023-02-22 09:15:00,1677037500,60391.9,60462.9,60167.9,60206.3,0
2023-02-22 10:15:00,1677041100,60207.4,60210.3,60093.3,60140.8,0
2023-02-22 11:15:00,1677044700,60143.2,60174.6,60038.6,60091,0
2023-02-22 12:15:00,1677048300,60084.8,60110.1,59952.4,59963.9,0
2023-02-22 13:15:00,1677051900,59963.4,59975.8,59703.8,59713.6,0
2023-02-22 14:15:00,1677055500,59706.4,59895.8,59681.6,59778.1,0
2023-02-22 15:15:00,1677059100,59775.3,59790.6,59714.4,59764.2,0
2023-02-23 09:15:00,1677123900,59777.6,59928.3,59406.3,59820,0
2023-02-23 10:15:00,1677127500,59826.4,59960,59719.4,59828.9,0
2023-02-23 11:15:00,1677131100,59832.7,59879.2,59714.9,59739.7,0
2023-02-23 12:15:00,1677134700,59738.5,59865.6,59659.9,59844.1,0
2023-02-23 13:15:00,1677138300,59847.8,59890.1,59716.9,59813.9,0
2023-02-23 14:15:00,1677141900,59811.3,59843.3,59526.8,59584.9,0
2023-02-23 15:15:00,1677145500,59578.8,59641.2,59554.7,59626.3,0
2023-02-24 09:15:00,1677210300,59859.5,59908.8,59630.2,59768.7,0
2023-02-24 10:15:00,1677213900,59777.9,59832.1,59603.8,59666.1,0
2023-02-24 11:15:00,1677217500,59664.8,59720.8,59568.4,59575.5,0
2023-02-24 12:15:00,1677221100,59576.2,59576.2,59330.6,59360.9,0
2023-02-24 13:15:00,1677224700,59364.2,59547.5,59343.2,59389.9,0
2023-02-24 14:15:00,1677228300,59392.6,59526.4,59325.3,59494.6,0
2023-02-24 15:15:00,1677231900,59492.2,59499.4,59436.6,59464,0
2023-02-27 09:15:00,1677469500,59331.3,59441.1,58945.4,58958,0
2023-02-27 10:15:00,1677473100,58954.5,59208.4,58937.6,59203.7,0
2023-02-27 11:15:00,1677476700,59203.2,59294.5,59075.4,59081.6,0
2023-02-27 12:15:00,1677480300,59081.2,59140.8,58983.5,59001.9,0
2023-02-27 13:15:00,1677483900,59001,59222.6,59000.7,59161.7,0
2023-02-27 14:15:00,1677487500,59161.7,59335.6,59098.1,59315.6,0
2023-02-27 15:15:00,1677491100,59315.7,59357.2,59274.3,59356.5,0
2023-02-28 09:15:00,1677555900,59346.6,59483.7,59227.6,59273.3,0
2023-02-28 10:15:00,1677559500,59276.4,59377.4,59155.4,59230.8,0
2023-02-28 11:15:00,1677563100,59232.9,59256.2,59097.7,59235.1,0
2023-02-28 12:15:00,1677566700,59237.5,59281.9,59077.7,59112.3,0
2023-02-28 13:15:00,1677570300,59112.9,59144,58796,58810.9,0
2023-02-28 14:15:00,1677573900,58815.3,59084.9,58810.1,58998.6,0
2023-02-28 15:15:00,1677577500,58996.6,59027.3,58943.1,59003.1,0
2023-03-01 09:15:00,1677642300,59136.5,59370.7,59109.5,59281.6,0
2023-03-01 10:15:00,1677645900,59279.8,59354,59227.6,59347.4,0
2023-03-01 11:15:00,1677649500,59354.9,59416.4,59303.7,59310.4,0
2023-03-01 12:15:00,1677653100,59308.9,59373.4,59254,59301.1,0
2023-03-01 13:15:00,1677656700,59300.3,59415.8,59271.6,59391.2,0
2023-03-01 14:15:00,1677660300,59388.9,59475.4,59343.9,59412.9,0
2023-03-01 15:15:00,1677663900,59415.8,59442.6,59398.2,59433.8,0
2023-03-02 09:15:00,1677728700,59287.2,59423.8,59036.3,59059.3,0
2023-03-02 10:15:00,1677732300,59057,59156.6,59025.6,59120.5,0
2023-03-02 11:15:00,1677735900,59122,59195.2,59085.9,59163.2,0
2023-03-02 12:15:00,1677739500,59160.1,59160.1,59018.4,59020.4,0
2023-03-02 13:15:00,1677743100,59019.8,59066.7,58866.3,58955.3,0
2023-03-02 14:15:00,1677746700,58956.9,58984.5,58879.1,58942.5,0
2023-03-02 15:15:00,1677750300,58940.9,58945.3,58884.1,58914,0
2023-03-03 09:15:00,1677815100,59241.2,59545.1,59231.6,59543.7,0
2023-03-03 10:15:00,1677818700,59543.3,59705.9,59529.9,59664.7,0
2023-03-03 11:15:00,1677822300,59662.6,59764.1,59633.3,59734.4,0
2023-03-03 12:15:00,1677825900,59732.7,59749.7,59616,59701.6,0
2023-03-03 13:15:00,1677829500,59702.8,59884.3,59686.8,59864.7,0
2023-03-03 14:15:00,1677833100,59867,59967,59788.3,59795.1,0
2023-03-03 15:15:00,1677836700,59810.9,59830.5,59774.6,59778,0
2023-03-06 09:15:00,1678074300,60007,60422.4,60005.6,60415.5,0
2023-03-06 10:15:00,1678077900,60409.1,60498.5,60357.2,60426.8,0
2023-03-06 11:15:00,1678081500,60426.3,60450.9,60318.5,60441.8,0
2023-03-06 12:15:00,1678085100,60442,60479.4,60339.9,60419.7,0
2023-03-06 13:15:00,1678088700,60421.4,60440.8,60245.9,60251.2,0
2023-03-06 14:15:00,1678092300,60251.8,60340.5,60192.3,60220.3,0
2023-03-06 15:15:00,1678095900,60221.1,60288.5,60197.3,60255.3,0
2023-03-08 09:15:00,1678247100,59916.1,60205.6,59844.8,60165.6,0
2023-03-08 10:15:00,1678250700,60163.9,60208.1,60108.9,60112.9,0
2023-03-08 11:15:00,1678254300,60112.6,60143,59991.4,60001.4,0
2023-03-08 12:15:00,1678257900,60001.4,60116.9,59983.2,60076.3,0
2023-03-08 13:15:00,1678261500,60076.8,60227.8,60075.2,60201.7,0
2023-03-08 14:15:00,1678265100,60200,60392.9,60147.1,60362.3,0
2023-03-08 15:15:00,1678268700,60359.6,60402.9,60329.4,60350.4,0
2023-03-09 09:15:00,1678333500,60467.1,60467.1,60067.1,60074.1,0
2023-03-09 10:15:00,1678337100,60077.2,60187.3,60057.1,60178.6,0
2023-03-09 11:15:00,1678340700,60179.9,60260.4,60091.8,60122.9,0
2023-03-09 12:15:00,1678344300,60120.9,60121.3,59986.9,60041.8,0
2023-03-09 13:15:00,1678347900,60042.1,60077.3,59882,59923.6,0
2023-03-09 14:15:00,1678351500,59922,59928.7,59787.2,59791.1,0
2023-03-09 15:15:00,1678355100,59783,59791.6,59750.5,59783.3,0
2023-03-10 09:15:00,1678419900,59259.8,59262.5,58885,59088.6,0
2023-03-10 10:15:00,1678423500,59090.5,59206.6,59047.8,59159.6,0
2023-03-10 11:15:00,1678427100,59161.3,59215.6,59077.1,59079,0
2023-03-10 12:15:00,1678430700,59069.6,59181.5,59011.3,59155.5,0
2023-03-10 13:15:00,1678434300,59157.3,59159.9,59017.1,59092.7,0
2023-03-10 14:15:00,1678437900,59088.5,59164.2,58993.6,59122.1,0
2023-03-10 15:15:00,1678441500,59129.6,59181.6,59125,59174.3,0
2023-03-13 09:15:00,1678679100,59033.8,59510.9,59011.4,59287.1,0
2023-03-13 10:15:00,1678682700,59287.5,59327.5,59046.1,59079,0
2023-03-13 11:15:00,1678686300,59077.3,59140.6,58848.9,58893.4,0
2023-03-13 12:15:00,1678689900,58894,58935.5,58592.5,58630.4,0
2023-03-13 13:15:00,1678693500,58630.5,58704,58328.2,58339.1,0
2023-03-13 14:15:00,1678697100,58339.5,58355.7,58094.6,58188.8,0
2023-03-13 15:15:00,1678700700,58194.7,58402,58194.7,58371.1,0
2023-03-14 09:15:00,1678765500,58168.8,58491,58114.3,58180,0
2023-03-14 10:15:00,1678769100,58171.4,58171.4,57901.8,57922.2,0
2023-03-14 11:15:00,1678772700,57917.3,58042,57865.4,57968.6,0
2023-03-14 12:15:00,1678776300,57968.6,58363,57845,57865,0
2023-03-14 13:15:00,1678779900,57861.5,57969.8,57754.2,57792.2,0
2023-03-14 14:15:00,1678783500,57793.7,58012.7,57721.2,57951.3,0
2023-03-14 15:15:00,1678787100,57950.3,57980.7,57865.8,57980,0
2023-03-15 09:15:00,1678851900,58268.5,58473.6,58157.1,58258.2,0
2023-03-15 10:15:00,1678855500,58253.6,58307.4,58052.1,58104,0
2023-03-15 11:15:00,1678859100,58103.6,58267.6,58072.5,58072.6,0
2023-03-15 12:15:00,1678862700,58066,58086.1,57848.8,57865.8,0
2023-03-15 13:15:00,1678866300,57859.8,57943,57768.3,57836.8,0
2023-03-15 14:15:00,1678869900,57836.4,57876.9,57538.3,57549,0
2023-03-15 15:15:00,1678873500,57553.4,57587.4,57455.7,57564.5,0
2023-03-16 09:15:00,1678938300,57510.8,57612,57158.7,57246.3,0
2023-03-16 10:15:00,1678941900,57245.2,57836.8,57230.9,57789.9,0
2023-03-16 11:15:00,1678945500,57784,57835.8,57432.1,57432.1,0
2023-03-16 12:15:00,1678949100,57436.1,57569.5,57364.7,57564,0
2023-03-16 13:15:00,1678952700,57563.5,57807.9,57451.5,57789.7,0
2023-03-16 14:15:00,1678956300,57793.8,57887.5,57513.8,57609.3,0
2023-03-16 15:15:00,1678959900,57609.2,57730.6,57589.1,57715.2,0
2023-03-17 09:15:00,1679024700,58038.2,58178.9,57825.4,57944.7,0
2023-03-17 10:15:00,1679028300,57940.3,58021,57741.8,57745.7,0
2023-03-17 11:15:00,1679031900,57744.5,57842.4,57585.2,57605.5,0
2023-03-17 12:15:00,1679035500,57604.3,57675.7,57503.9,57605.6,0
2023-03-17 13:15:00,1679039100,57605.1,57928.7,57564.6,57833.5,0
2023-03-17 14:15:00,1679042700,57837.8,58085.2,57672.9,58046.9,0
2023-03-17 15:15:00,1679046300,58042.5,58080.3,57943.6,58075.6,0
2023-03-20 09:15:00,1679283900,57773.6,57829.2,57334.4,57372.9,0
2023-03-20 10:15:00,1679287500,57369.8,57552.9,57263.9,57472.7,0
2023-03-20 11:15:00,1679291100,57480.1,57497,57209.5,57218.5,0
2023-03-20 12:15:00,1679294700,57219.3,57273.8,57084.9,57209.6,0
2023-03-20 13:15:00,1679298300,57211.6,57327.5,57131.8,57292.1,0
2023-03-20 14:15:00,1679301900,57294.2,57656.5,57241.6,57631.7,0
2023-03-20 15:15:00,1679305500,57633.1,57714.2,57623.3,57679.2,0
2023-03-21 09:15:00,1679370300,57963.3,57963.3,57730.1,57907.1,0
2023-03-21 10:15:00,1679373900,57911.8,57976.5,57840.2,57896.5,0
2023-03-21 11:15:00,1679377500,57896.8,57947.7,57749.9,57785.8,0
2023-03-21 12:15:00,1679381100,57781.7,58026.6,57771.8,58015.6,0
2023-03-21 13:15:00,1679384700,58014.1,58062.7,57913.8,57986.9,0
2023-03-21 14:15:00,1679388300,57992.2,58133.3,57989.9,58062,0
2023-03-21 15:15:00,1679391900,58061.9,58099,58047.6,58084.7,0
2023-03-22 09:15:00,1679456700,58245.3,58418.8,58144.2,58181.1,0
2023-03-22 10:15:00,1679460300,58177.9,58208.4,58063.5,58145.5,0
2023-03-22 11:15:00,1679463900,58143.3,58232.5,58115,58183.3,0
2023-03-22 12:15:00,1679467500,58183.8,58268.9,58161.6,58183.6,0
2023-03-22 13:15:00,1679471100,58181.1,58247,58109.8,58202.9,0
2023-03-22 14:15:00,1679474700,58202.6,58256.7,58089.4,58256.7,0
2023-03-22 15:15:00,1679478300,58252.4,58267.7,58195.3,58195.4,0
2023-03-23 09:15:00,1679543100,58061.4,58175.5,57838.9,58156.1,0
2023-03-23 10:15:00,1679546700,58157.5,58277.8,58124.9,58147.7,0
2023-03-23 11:15:00,1679550300,58147.1,58276.8,58143.9,58268.3,0
2023-03-23 12:15:00,1679553900,58269.2,58396.2,58234.3,58299.9,0
2023-03-23 13:15:00,1679557500,58301.7,58360.2,58152.6,58152.6,0
2023-03-23 14:15:00,1679561100,58140.9,58159.1,57870.6,57907.3,0
2023-03-23 15:15:00,1679564700,57922.2,57950.7,57889.8,57909.6,0
2023-03-24 09:15:00,1679629500,57890.7,58066.4,57677.1,57910.6,0
2023-03-24 10:15:00,1679633100,57910.4,58010.3,57770.2,57932,0
2023-03-24 11:15:00,1679636700,57930.5,58020.3,57856.2,57999.9,0
2023-03-24 12:15:00,1679640300,58000.4,58049.8,57842.3,57978.4,0
2023-03-24 13:15:00,1679643900,57978.8,58010.4,57737.7,57781.3,0
2023-03-24 14:15:00,1679647500,57778.3,57782.6,57552,57560.1,0
2023-03-24 15:15:00,1679651100,57567.9,57582,57423,57472.8,0
2023-03-27 09:15:00,1679888700,57566.9,57828.7,57415,57812.2,0
2023-03-27 10:15:00,1679892300,57809.1,57851.1,57644.8,57701.3,0
2023-03-27 11:15:00,1679895900,57701.8,57884.5,57612.4,57830.7,0
2023-03-27 12:15:00,1679899500,57832.6,57915.3,57748,57748,0
2023-03-27 13:15:00,1679903100,57738.3,57874.6,57649.4,57852.7,0
2023-03-27 14:15:00,1679906700,57851.1,58019.6,57634.8,57653.3,0
2023-03-27 15:15:00,1679910300,57658,57665.6,57540.9,57601.4,0
2023-03-28 09:15:00,1679975100,57751.5,57949.4,57658.2,57721.5,0
2023-03-28 10:15:00,1679978700,57720.6,57753.3,57524.1,57585,0
2023-03-28 11:15:00,1679982300,57587.1,57741.9,57587.1,57610.9,0
2023-03-28 12:15:00,1679985900,57610.4,57727.1,57564.7,57709.8,0
2023-03-28 13:15:00,1679989500,57708.1,57715.6,57506.3,57524.7,0
2023-03-28 14:15:00,1679993100,57520.1,57668.9,57494.9,57591,0
2023-03-28 15:15:00,1679996700,57580.2,57664.2,57580.2,57653.8,0
2023-03-29 09:15:00,1680061500,57572.1,57853.8,57569.4,57798.6,0
2023-03-29 10:15:00,1680065100,57798.4,57905.7,57623.3,57658.4,0
2023-03-29 11:15:00,1680068700,57658,57711,57537.6,57551.3,0
2023-03-29 12:15:00,1680072300,57550.2,57688.1,57524.3,57657.7,0
2023-03-29 13:15:00,1680075900,57656.6,57877.9,57656.3,57846.3,0
2023-03-29 14:15:00,1680079500,57848,58026.4,57677.4,58014.9,0
2023-03-29 15:15:00,1680083100,58007.9,58124.2,57986.4,58089.8,0
2023-03-31 09:15:00,1680234300,58273.9,58709.2,58273.9,58589.6,0
2023-03-31 10:15:00,1680237900,58594,58632.9,58501.1,58549.4,0
2023-03-31 11:15:00,1680241500,58554.3,58720.5,58545.4,58679.3,0
2023-03-31 12:15:00,1680245100,58674.2,58837.6,58639.1,58798.7,0
2023-03-31 13:15:00,1680248700,58802.9,58980.6,58787.5,58963.6,0
2023-03-31 14:15:00,1680252300,58962.7,59068.5,58910.8,59000.3,0
2023-03-31 15:15:00,1680255900,59009.4,59013.4,58912.5,58978.7,0
2023-04-03 09:15:00,1680493500,59131.2,59204.8,58842.9,58997.5,0
2023-04-03 10:15:00,1680497100,58998.4,59024.2,58822.6,58832.4,0
2023-04-03 11:15:00,1680500700,58826.6,58987.2,58793.1,58941.6,0
2023-04-03 12:15:00,1680504300,58942.6,59004.3,58899.6,58934.5,0
2023-04-03 13:15:00,1680507900,58934.9,59018.3,58903.1,59011.6,0
2023-04-03 14:15:00,1680511500,59012.1,59139.4,58972.6,59133.6,0
2023-04-03 15:15:00,1680515100,59134.9,59155.6,59086.9,59125.5,0
2023-04-05 09:15:00,1680666300,59094.7,59479.5,59094.4,59474.9,0
2023-04-05 10:15:00,1680669900,59476.4,59562.8,59426,59451.7,0
2023-04-05 11:15:00,1680673500,59451.4,59553,59435.9,59531.3,0
2023-04-05 12:15:00,1680677100,59525.8,59650.5,59479.6,59631.9,0
2023-04-05 13:15:00,1680680700,59630,59664.3,59559.3,59628.6,0
2023-04-05 14:15:00,1680684300,59626.9,59706.7,59597.2,59691.8,0
2023-04-05 15:15:00,1680687900,59683.7,59747.1,59665.2,59711.2,0
2023-04-06 09:15:00,1680752700,59627,59866.2,59520.1,59817.4,0
2023-04-06 10:15:00,1680756300,59818.1,59915.4,59774.2,59910,0
2023-04-06 11:15:00,1680759900,59910.1,59925.1,59788,59840.8,0
2023-04-06 12:15:00,1680763500,59839.5,59950.1,59815.5,59881.7,0
2023-04-06 13:15:00,1680767100,59881.2,59904.7,59661.3,59739.6,0
2023-04-06 14:15:00,1680770700,59739.1,59876.8,59726.9,59817.2,0
2023-04-06 15:15:00,1680774300,59815.7,59873,59807.6,59838,0
2023-04-10 09:15:00,1681098300,59859,60019.6,59851.7,59896.5,0
2023-04-10 10:15:00,1681101900,59895.9,59941.4,59800.6,59931.8,0
2023-04-10 11:15:00,1681105500,59937,60070.9,59880.4,60037.7,0
2023-04-10 12:15:00,1681109100,60035.7,60109.1,60012.8,60024.7,0
2023-04-10 13:15:00,1681112700,60025.2,60035.4,59850.4,59864.4,0
2023-04-10 14:15:00,1681116300,59862.8,59900.8,59766.2,59839.1,0
2023-04-10 15:15:00,1681119900,59837.6,59866.2,59796.4,59796.4,0
2023-04-11 09:15:00,1681184700,60028.6,60267.7,59968.3,60250.1,0
2023-04-11 10:15:00,1681188300,60250.7,60257.9,60103.4,60109.2,0
2023-04-11 11:15:00,1681191900,60105.4,60142.2,59980.6,59986.2,0
2023-04-11 12:15:00,1681195500,59985.3,60033.8,59919.9,59955.2,0
2023-04-11 13:15:00,1681199100,59955.4,60144.8,59949.1,60121.3,0
2023-04-11 14:15:00,1681202700,60121.3,60176.4,60084.8,60167.7,0
2023-04-11 15:15:00,1681206300,60179,60199.3,60112.3,60139.2,0
2023-04-12 09:15:00,1681271100,60180.2,60313.2,60094.7,60215.8,0
2023-04-12 10:15:00,1681274700,60213.9,60252,60152.9,60217.2,0
2023-04-12 11:15:00,1681278300,60218.6,60280.7,60205.1,60239.7,0
2023-04-12 12:15:00,1681281900,60238.4,60338.3,60233.1,60334,0
2023-04-12 13:15:00,1681285500,60329.7,60421.8,60325.1,60363.8,0
2023-04-12 14:15:00,1681289100,60367.8,60409.6,60243.3,60389,0
2023-04-12 15:15:00,1681292700,60391.8,60437.6,60381.9,60408,0
2023-04-13 09:15:00,1681357500,60364.4,60424,60228.1,60312.6,0
2023-04-13 10:15:00,1681361100,60308.7,60348.6,60122.9,60141.4,0
2023-04-13 11:15:00,1681364700,60141.4,60224.7,60113.5,60142,0
2023-04-13 12:15:00,1681368300,60142.9,60247,60081.4,60155.5,0
2023-04-13 13:15:00,1681371900,60154.1,60302.9,60132.9,60253.2,0
2023-04-13 14:15:00,1681375500,60255.6,60471.6,60254.5,60467.1,0
2023-04-13 15:15:00,1681379100,60467.1,60486.9,60408.9,60414.4,0
2023-04-17 09:15:00,1681703100,60385.9,60407.9,59442.5,59581,0
2023-04-17 10:15:00,1681706700,59583.5,59831.8,59568.6,59690.4,0
2023-04-17 11:15:00,1681710300,59688.1,59778.7,59670.5,59750.7,0
2023-04-17 12:15:00,1681713900,59748.9,59879.5,59740.1,59795.1,0
2023-04-17 13:15:00,1681717500,59796,59873,59744.2,59862,0
2023-04-17 14:15:00,1681721100,59860.9,59951.9,59795.9,59924.6,0
2023-04-17 15:15:00,1681724700,59928.1,59946.7,59875.4,59911.6,0
2023-04-18 09:15:00,1681789500,59991.26,60113.5,59740.5,59786.2,0
2023-04-18 10:15:00,1681793100,59785.8,59875.4,59717.3,59826.3,0
2023-04-18 11:15:00,1681796700,59826.4,59854,59747.5,59813.8,0
2023-04-18 12:15:00,1681800300,59815.9,59914.8,59809.7,59846.1,0
2023-04-18 13:15:00,1681803900,59845.1,59845.1,59579.3,59667.1,0
2023-04-18 14:15:00,1681807500,59667.4,59777.4,59627.1,59728.1,0
2023-04-18 15:15:00,1681811100,59724.7,59757,59697,59752.4,0
2023-04-19 09:15:00,1681875900,59745.9,59745.9,59558.1,59607.2,0
2023-04-19 10:15:00,1681879500,59606.6,59683.8,59604.7,59675.8,0
2023-04-19 11:15:00,1681883100,59671.9,59715.1,59606.8,59687.7,0
2023-04-19 12:15:00,1681886700,59689.5,59730,59619.6,59620.4,0
2023-04-19 13:15:00,1681890300,59620.2,59620.4,59452.7,59515.1,0
2023-04-19 14:15:00,1681893900,59512.9,59630.2,59482.4,59622.7,0
2023-04-19 15:15:00,1681897500,59618.3,59621.4,59551.9,59552,0
2023-04-20 09:15:00,1681962300,59586.6,59836.8,59574.4,59636.5,0
2023-04-20 10:15:00,1681965900,59636.1,59684,59504.5,59575.3,0
2023-04-20 11:15:00,1681969500,59575.8,59654,59575.8,59614.9,0
2023-04-20 12:15:00,1681973100,59612.1,59650,59500.8,59537.8,0
2023-04-20 13:15:00,1681976700,59538.4,59567.8,59490,59526.9,0
2023-04-20 14:15:00,1681980300,59527.1,59667.8,59519.3,59667.2,0
2023-04-20 15:15:00,1681983900,59664.1,59670.2,59607.3,59647.2,0
2023-04-21 09:15:00,1682048700,59538.8,59781.4,59538.8,59629.2,0
2023-04-21 10:15:00,1682052300,59629.1,59632.6,59533.8,59614.9,0
2023-04-21 11:15:00,1682055900,59617.1,59623.8,59550.7,59572.6,0
2023-04-21 12:15:00,1682059500,59572.1,59573.2,59412.8,59437.7,0
2023-04-21 13:15:00,1682063100,59438.1,59630.6,59436.4,59583.8,0
2023-04-21 14:15:00,1682066700,59579.7,59720.7,59572,59697.1,0
2023-04-21 15:15:00,1682070300,59695.6,59701.2,59620.6,59665.9,0
2023-04-24 09:15:00,1682307900,59873.7,59958.3,59635.7,59691.2,0
2023-04-24 10:15:00,1682311500,59690.8,59730.8,59651.5,59714,0
2023-04-24 11:15:00,1682315100,59713.9,59745.1,59620.1,59701.4,0
2023-04-24 12:15:00,1682318700,59702.2,59892.1,59687,59892.1,0
2023-04-24 13:15:00,1682322300,59892.2,59993.6,59890.5,59973.4,0
2023-04-24 14:15:00,1682325900,59975.9,60079.4,59917.6,60073.4,0
2023-04-24 15:15:00,1682329500,60081.6,60101.6,60050.9,60072.4,0
2023-04-25 09:15:00,1682394300,60202.8,60205.9,59967,60081.3,0
2023-04-25 10:15:00,1682397900,60085.1,60179.2,60078.8,60144.4,0
2023-04-25 11:15:00,1682401500,60149.4,60210.7,60130,60139.7,0
2023-04-25 12:15:00,1682405100,60139,60160.2,60055.7,60143,0
2023-04-25 13:15:00,1682408700,60145.2,60205.2,60079.2,60203.3,0
2023-04-25 14:15:00,1682412300,60204.2,60268.7,60124.8,60172.3,0
2023-04-25 15:15:00,1682415900,60169.9,60177.7,60098.1,60110.5,0
2023-04-26 09:15:00,1682480700,60088,60187.3,59954.9,60069.4,0
2023-04-26 10:15:00,1682484300,60081.9,60177.7,60081.6,60161.7,0
2023-04-26 11:15:00,1682487900,60162.1,60221.5,60142.8,60186.7,0
2023-04-26 12:15:00,1682491500,60188.1,60292.3,60172.8,60201.4,0
2023-04-26 13:15:00,1682495100,60199.2,60233.9,60145.3,60231.2,0
2023-04-26 14:15:00,1682498700,60232.2,60329.2,60161,60312.6,0
2023-04-26 15:15:00,1682502300,60320.8,60362.8,60292.9,60327.6,0
2023-04-27 09:15:00,1682567100,60315.6,60425.8,60271.5,60371.9,0
2023-04-27 10:15:00,1682570700,60373.9,60436.4,60348.5,60360.7,0
2023-04-27 11:15:00,1682574300,60356.6,60465.9,60349.7,60427.1,0
2023-04-27 12:15:00,1682577900,60431.9,60449.8,60389.1,60433.9,0
2023-04-27 13:15:00,1682581500,60434.2,60561.1,60432.4,60540.5,0
2023-04-27 14:15:00,1682585100,60537.3,60670.3,60454.8,60669.4,0
2023-04-27 15:15:00,1682588700,60671.1,60698.3,60638.3,60661.7,0
2023-04-28 09:15:00,1682653500,60721.6,60772.6,60507.8,60515.5,0
2023-04-28 10:15:00,1682657100,60520.1,60729.2,60510.7,60704.8,0
2023-04-28 11:15:00,1682660700,60707.7,60800.4,60671,60758,0
2023-04-28 12:15:00,1682664300,60760.1,60833.1,60749.5,60821.4,0
2023-04-28 13:15:00,1682667900,60817.6,60871.2,60800.4,60847.3,0
2023-04-28 14:15:00,1682671500,60847.2,61146.1,60773.1,61131.4,0
2023-04-28 15:15:00,1682675100,61122.6,61209.5,61075.8,61076.4,0
2023-05-02 09:15:00,1682999100,61301.6,61486.2,61255,61447,0
2023-05-02 10:15:00,1683002700,61442.5,61454.9,61327.8,61350.8,0
2023-05-02 11:15:00,1683006300,61354.5,61443.9,61340.6,61443.9,0
2023-05-02 12:15:00,1683009900,61441.4,61469.3,61367.9,61443.5,0
2023-05-02 13:15:00,1683013500,61447.1,61476,61383.4,61433,0
2023-05-02 14:15:00,1683017100,61432.3,61459.2,61318.4,61356.1,0
2023-05-02 15:15:00,1683020700,61345.8,61365.8,61306.7,61309.8,0
2023-05-03 09:15:00,1683085500,61275,61275,61024.4,61147.6,0
2023-05-03 10:15:00,1683089100,61149,61258.9,61132.3,61142.4,0
2023-05-03 11:15:00,1683092700,61143.3,61165,61083.1,61096.5,0
2023-05-03 12:15:00,1683096300,61090.3,61197.2,61061.9,61140.4,0
2023-05-03 13:15:00,1683099900,61140.9,61225.3,61052,61117.8,0
2023-05-03 14:15:00,1683103500,61123.4,61240.3,61106.8,61239.8,0
2023-05-03 15:15:00,1683107100,61239.3,61250,61162,61162,0
2023-05-04 09:15:00,1683171900,61258.1,61330.6,61119.6,61305.4,0
2023-05-04 10:15:00,1683175500,61302.3,61389.4,61280.2,61389.4,0
2023-05-04 11:15:00,1683179100,61391.2,61452.3,61356.4,61406,0
2023-05-04 12:15:00,1683182700,61404.1,61531.5,61392.4,61482.8,0
2023-05-04 13:15:00,1683186300,61489.6,61543.8,61458.2,61501.8,0
2023-05-04 14:15:00,1683189900,61507.4,61797.9,61478.7,61790.1,0
2023-05-04 15:15:00,1683193500,61788.2,61792.3,61701.1,61718.2,0
2023-05-05 09:15:00,1683258300,61163.1,61570.1,61163.1,61550.5,0
2023-05-05 10:15:00,1683261900,61550,61585.5,61327.9,61394.2,0
2023-05-05 11:15:00,1683265500,61392.7,61392.7,61128.9,61290.2,0
2023-05-05 12:15:00,1683269100,61290.6,61431.6,61272.6,61364.5,0
2023-05-05 13:15:00,1683272700,61361.1,61388.7,61192.4,61315.3,0
2023-05-05 14:15:00,1683276300,61313.5,61339,61033.5,61072.4,0
2023-05-05 15:15:00,1683279900,61073.6,61105.2,61002.2,61055.5,0
2023-05-08 09:15:00,1683517500,61166.1,61602.3,61166.1,61514.1,0
2023-05-08 10:15:00,1683521100,61508.3,61722.4,61506.6,61660.6,0
2023-05-08 11:15:00,1683524700,61659.9,61816,61638.9,61787.2,0
2023-05-08 12:15:00,1683528300,61787.4,61822.3,61744.8,61791.9,0
2023-05-08 13:15:00,1683531900,61788.6,61854.2,61754.1,61826.8,0
2023-05-08 14:15:00,1683535500,61827.2,61827.2,61694.1,61765.2,0
2023-05-08 15:15:00,1683539100,61762.1,61824.1,61740.4,61765.4,0
2023-05-09 09:15:00,1683603900,61879.7,61985.1,61808.5,61982.7,0
2023-05-09 10:15:00,1683607500,61983.9,62027.5,61942.5,61980.7,0
2023-05-09 11:15:00,1683611100,61980,62023.6,61945,61986.6,0
2023-05-09 12:15:00,1683614700,61987.2,61998.6,61867.5,61872.1,0
2023-05-09 13:15:00,1683618300,61872.6,61912.9,61654.9,61755.8,0
2023-05-09 14:15:00,1683621900,61751.1,61826.4,61715.8,61780.7,0
2023-05-09 15:15:00,1683625500,61777.4,61782.9,61725.6,61758.6,0
2023-05-10 09:15:00,1683690300,61843.4,61965.6,61572.9,61624.2,0
2023-05-10 10:15:00,1683693900,61621.4,61777,61617.6,61722.6,0
2023-05-10 11:15:00,1683697500,61720.5,61853.4,61716.4,61811.2,0
2023-05-10 12:15:00,1683701100,61808.2,61874.9,61791.7,61870.8,0
2023-05-10 13:15:00,1683704700,61868.3,61875.5,61681.1,61848,0
2023-05-10 14:15:00,1683708300,61843.6,61974.4,61781.7,61952.4,0
2023-05-10 15:15:00,1683711900,61945.4,61968.8,61906.7,61913.1,0
2023-05-11 09:15:00,1683776700,62158.1,62168.2,61868.9,61986,0
2023-05-11 10:15:00,1683780300,61989.2,62078.2,61947.2,61999.8,0
2023-05-11 11:15:00,1683783900,61998.4,62051.8,61901.8,61924.6,0
2023-05-11 12:15:00,1683787500,61926.9,62018,61912.9,61982.6,0
2023-05-11 13:15:00,1683791100,61978.5,62025.7,61935.7,61986.5,0
2023-05-11 14:15:00,1683794700,61986.4,62065.5,61823.1,61921.8,0
2023-05-11 15:15:00,1683798300,61931.5,61971.4,61888.7,61950.8,0
2023-05-12 09:15:00,1683863100,61857.7,61858,61578.1,61729.8,0
2023-05-12 10:15:00,1683866700,61732.8,61896.9,61716.5,61893.2,0
2023-05-12 11:15:00,1683870300,61888.6,61904.1,61811.9,61870.8,0
2023-05-12 12:15:00,1683873900,61869.8,61991.8,61855.3,61945.6,0
2023-05-12 13:15:00,1683877500,61944.9,62110.9,61928.1,62068.5,0
2023-05-12 14:15:00,1683881100,62068.2,62098.5,62001.6,62034.1,0
2023-05-12 15:15:00,1683884700,62030.1,62046.4,62011.2,62018.5,0
2023-05-15 09:15:00,1684122300,62157.1,62304.9,61950.3,62292,0
2023-05-15 10:15:00,1684125900,62292.1,62359.3,62231.3,62339.6,0
2023-05-15 11:15:00,1684129500,62336.5,62426.3,62336.5,62414.7,0
2023-05-15 12:15:00,1684133100,62411.4,62486.9,62394.4,62480.5,0
2023-05-15 13:15:00,1684136700,62476.4,62557.5,62458.2,62542.2,0
2023-05-15 14:15:00,1684140300,62542.5,62562.7,62324.4,62327.4,0
2023-05-15 15:15:00,1684143900,62324.6,62350.5,62309.5,62314.8,0
2023-05-16 09:15:00,1684208700,62474.1,62475.9,62174.4,62335.4,0
2023-05-16 10:15:00,1684212300,62335.1,62359.1,62198.4,62260.2,0
2023-05-16 11:15:00,1684215900,62260.4,62265.8,62155.1,62179.1,0
2023-05-16 12:15:00,1684219500,62179.5,62217.2,62141.3,62192.3,0
2023-05-16 13:15:00,1684223100,62193.3,62235.5,62107.8,62116.3,0
2023-05-16 14:15:00,1684226700,62115.5,62169.5,61918.6,61927.3,0
2023-05-16 15:15:00,1684230300,61930.2,61955.7,61847.4,61914.4,0
2023-05-17 09:15:00,1684295100,61932.3,61979.9,61793.6,61854.8,0
2023-05-17 10:15:00,1684298700,61850.5,61859.1,61665.7,61731.6,0
2023-05-17 11:15:00,1684302300,61728.4,61734.4,61410.6,61447.7,0
2023-05-17 12:15:00,1684305900,61450.6,61510.4,61382.9,61383.9,0
2023-05-17 13:15:00,1684309500,61384.8,61460.6,61340.1,61413.1,0
2023-05-17 14:15:00,1684313100,61413.3,61578.9,61391.9,61573.1,0
2023-05-17 15:15:00,1684316700,61570.9,61627.3,61557.8,61618.3,0
2023-05-18 09:15:00,1684381500,61937.9,61955.9,61687.1,61710.1,0
2023-05-18 10:15:00,1684385100,61720.6,61830.4,61702.5,61804.6,0
2023-05-18 11:15:00,1684388700,61805.4,61863.3,61746,61771.1,0
2023-05-18 12:15:00,1684392300,61772.3,61772.3,61604.4,61640.9,0
2023-05-18 13:15:00,1684395900,61647,61704.6,61554.8,61587.3,0
2023-05-18 14:15:00,1684399500,61586.2,61608.3,61349.3,61458.3,0
2023-05-18 15:15:00,1684403100,61462,61478.2,61411.2,61455.4,0
2023-05-19 09:15:00,1684467900,61556.2,61636.8,61273.1,61334.9,0
2023-05-19 10:15:00,1684471500,61323.9,61429.4,61251.7,61425,0
2023-05-19 11:15:00,1684475100,61421.2,61574.5,61407.8,61510.6,0
2023-05-19 12:15:00,1684478700,61505.7,61549.1,61378.4,61447.5,0
2023-05-19 13:15:00,1684482300,61447.5,61606.4,61419.2,61584.9,0
2023-05-19 14:15:00,1684485900,61588,61768.4,61582.9,61729.1,0
2023-05-19 15:15:00,1684489500,61729.8,61784.6,61711.7,61733.8,0
2023-05-22 09:15:00,1684727100,61579.8,61989.3,61579.8,61879.9,0
2023-05-22 10:15:00,1684730700,61881.5,61975.8,61859,61945.4,0
2023-05-22 11:15:00,1684734300,61943.2,61991.2,61895.8,61985,0
2023-05-22 12:15:00,1684737900,61988.3,62019.7,61856.9,61926,0
2023-05-22 13:15:00,1684741500,61925.2,61951.4,61759.4,61933.7,0
2023-05-22 14:15:00,1684745100,61932,62044.5,61876.1,61951,0
2023-05-22 15:15:00,1684748700,61951.1,61977.6,61901.1,61919.3,0
2023-05-23 09:15:00,1684813500,62098.2,62206.6,62061.2,62169.4,0
2023-05-23 10:15:00,1684817100,62166.2,62233.3,62130,62229.6,0
2023-05-23 11:15:00,1684820700,62226.7,62245.2,62150.1,62194.9,0
2023-05-23 12:15:00,1684824300,62197.1,62237.5,62163.1,62169.8,0
2023-05-23 13:15:00,1684827900,62169.6,62197.1,62134.5,62155,0
2023-05-23 14:15:00,1684831500,62156.2,62187.5,61997.6,61999,0
2023-05-23 15:15:00,1684835100,61995.4,61995.8,61914.4,61953.3,0
2023-05-24 09:15:00,1684899900,61834.3,62048.1,61730.5,62046.5,0
2023-05-24 10:15:00,1684903500,62044.1,62140.4,61995,62093,0
2023-05-24 11:15:00,1684907100,62092.9,62154.1,62011,62011,0
2023-05-24 12:15:00,1684910700,62011.1,62011.1,61851.9,61853.3,0
2023-05-24 13:15:00,1684914300,61854.3,61919.6,61815.6,61870.9,0
2023-05-24 14:15:00,1684917900,61870.3,61920.4,61708.1,61801.7,0
2023-05-24 15:15:00,1684921500,61800.5,61824.2,61781.8,61802.9,0
2023-05-25 09:15:00,1684986300,61706.1,61827.5,61599.3,61702.4,0
2023-05-25 10:15:00,1684989900,61702.7,61732.8,61636.6,61676.1,0
2023-05-25 11:15:00,1684993500,61677.8,61679.3,61534.1,61631.5,0
2023-05-25 12:15:00,1684997100,61636.4,61665.2,61520.6,61565.8,0
2023-05-25 13:15:00,1685000700,61564.1,61608.9,61484.7,61608.9,0
2023-05-25 14:15:00,1685004300,61603.8,61924.6,61581.4,61909,0
2023-05-25 15:15:00,1685007900,61905.4,61927.9,61873.5,61917.2,0
2023-05-26 09:15:00,1685072700,61985.4,62115.1,61911.6,62070.8,0
2023-05-26 10:15:00,1685076300,62068.9,62191,62052.6,62180.4,0
2023-05-26 11:15:00,1685079900,62179.3,62296.8,62166.4,62268.4,0
2023-05-26 12:15:00,1685083500,62266.8,62316.3,62225.3,62276.6,0
2023-05-26 13:15:00,1685087100,62275.8,62448.1,62246.5,62438.2,0
2023-05-26 14:15:00,1685090700,62433.4,62529.8,62418.2,62511.7,0
2023-05-26 15:15:00,1685094300,62513.2,62525.6,62472.7,62496.6,0
2023-05-29 09:15:00,1685331900,62801.5,63026,62801.5,62849.5,0
2023-05-29 10:15:00,1685335500,62848,63010.7,62837,63006.3,0
2023-05-29 11:15:00,1685339100,63009.2,63024.1,62919.1,62924.2,0
2023-05-29 12:15:00,1685342700,62925.1,62937.6,62828.4,62849.7,0
2023-05-29 13:15:00,1685346300,62847,62958.4,62840.6,62949,0
2023-05-29 14:15:00,1685349900,62947.3,62949.8,62803.5,62870.1,0
2023-05-29 15:15:00,1685353500,62868.9,62870.2,62814.2,62828.8,0
2023-05-30 09:15:00,1685418300,62839.9,63010,62737.4,63005.2,0
2023-05-30 10:15:00,1685421900,63000.9,63030.6,62791.2,62849,0
2023-05-30 11:15:00,1685425500,62851.7,62921.9,62817.9,62888.2,0
2023-05-30 12:15:00,1685429100,62890.2,62914.6,62789.4,62882.6,0
2023-05-30 13:15:00,1685432700,62884.1,62930.6,62857.5,62927.5,0
2023-05-30 14:15:00,1685436300,62926.1,63014.5,62910.8,62987.8,0
2023-05-30 15:15:00,1685439900,62986.9,63036.1,62968.3,63024.4,0
2023-05-31 09:15:00,1685504700,62840,62876.8,62637.8,62730.2,0
2023-05-31 10:15:00,1685508300,62730,62730,62586.7,62638.6,0
2023-05-31 11:15:00,1685511900,62637.8,62661.6,62418,62455.1,0
2023-05-31 12:15:00,1685515500,62455,62517.4,62401,62458.9,0
2023-05-31 13:15:00,1685519100,62457.6,62562.3,62433.7,62499.1,0
2023-05-31 14:15:00,1685522700,62497.9,62660.8,62493.8,62576.6,0
2023-05-31 15:15:00,1685526300,62573.9,62729.1,62527.6,62568.6,0
2023-06-01 09:15:00,1685591100,62736.5,62750.9,62526.2,62680.4,0
2023-06-01 10:15:00,1685594700,62676.9,62751.9,62652.7,62727.2,0
2023-06-01 11:15:00,1685598300,62722.7,62762.4,62594.9,62614.5,0
2023-06-01 12:15:00,1685601900,62612.3,62697.9,62588.7,62665.3,0
2023-06-01 13:15:00,1685605500,62665.8,62709.7,62558.9,62569.4,0
2023-06-01 14:15:00,1685609100,62569.6,62593.1,62451,62452.2,0
2023-06-01 15:15:00,1685612700,62445.2,62448,62359.1,62431.1,0
2023-06-02 09:15:00,1685677500,62602,62719.8,62403.1,62429,0
2023-06-02 10:15:00,1685681100,62434.1,62514.1,62379.9,62496.8,0
2023-06-02 11:15:00,1685684700,62499.8,62579.2,62460,62545.6,0
2023-06-02 12:15:00,1685688300,62547.4,62649.9,62506.4,62619.1,0
2023-06-02 13:15:00,1685691900,62619.3,62697.3,62573,62588,0
2023-06-02 14:15:00,1685695500,62584.8,62636.4,62442.4,62574.7,0
2023-06-02 15:15:00,1685699100,62583.4,62587.4,62492.4,62523.7,0
2023-06-05 09:15:00,1685936700,62759.2,62915.1,62751.7,62853.3,0
2023-06-05 10:15:00,1685940300,62856.4,62930.4,62831.4,62917.1,0
2023-06-05 11:15:00,1685943900,62915.1,62943.2,62853.5,62892.7,0
2023-06-05 12:15:00,1685947500,62893.7,62904.3,62819,62824,0
2023-06-05 13:15:00,1685951100,62824.7,62907.2,62821.5,62879.4,0
2023-06-05 14:15:00,1685954700,62883.6,62893.6,62762.2,62783.4,0
2023-06-05 15:15:00,1685958300,62798.8,62833.7,62765.2,62802.8,0
2023-06-06 09:15:00,1686023100,62738.4,62851.6,62681.1,62719.7,0
2023-06-06 10:15:00,1686026700,62720.2,62726.1,62600,62613.4,0
2023-06-06 11:15:00,1686030300,62615.2,62654.1,62554.2,62591.4,0
2023-06-06 12:15:00,1686033900,62591.6,62643.2,62560.6,62625.4,0
2023-06-06 13:15:00,1686037500,62627.9,62665.3,62576.3,62598.8,0
2023-06-06 14:15:00,1686041100,62599,62832.5,62596.2,62821,0
2023-06-06 15:15:00,1686044700,62824.4,62867.9,62794.2,62859.6,0
2023-06-07 09:15:00,1686109500,62917.4,63028,62883.5,62938.9,0
2023-06-07 10:15:00,1686113100,62936.9,62964,62841.9,62923.5,0
2023-06-07 11:15:00,1686116700,62926,62947.3,62865.2,62923.7,0
2023-06-07 12:15:00,1686120300,62922.8,63017.3,62907.5,62995.9,0
2023-06-07 13:15:00,1686123900,62998,63032.4,62932.3,63013,0
2023-06-07 14:15:00,1686127500,63012.8,63161.9,63002.1,63145.4,0
2023-06-07 15:15:00,1686131100,63149.2,63196.4,63116.2,63172.6,0
2023-06-08 09:15:00,1686195900,63140.2,63263.8,63111.6,63237.4,0
2023-06-08 10:15:00,1686199500,63236.4,63321.4,63233,63279.3,0
2023-06-08 11:15:00,1686203100,63278.4,63310.4,63040.4,63089.1,0
2023-06-08 12:15:00,1686206700,63093.2,63113.2,63000.8,63022.5,0
2023-06-08 13:15:00,1686210300,63022.9,63150.3,63005,63032.6,0
2023-06-08 14:15:00,1686213900,63036.3,63058,62824.7,62825.7,0
2023-06-08 15:15:00,1686217500,62821.6,62902.9,62789.7,62875.1,0
2023-06-09 09:15:00,1686282300,62810.7,62992.2,62760.4,62857.9,0
2023-06-09 10:15:00,1686285900,62858.7,62862.8,62720.9,62775.1,0
2023-06-09 11:15:00,1686289500,62778.8,62867.1,62776.9,62848.3,0
2023-06-09 12:15:00,1686293100,62848,62877.9,62739.4,62785.8,0
2023-06-09 13:15:00,1686296700,62787,62807,62662.2,62668.2,0
2023-06-09 14:15:00,1686300300,62671.6,62735.1,62605.2,62640.2,0
2023-06-09 15:15:00,1686303900,62646.3,62657.5,62594.7,62644.5,0
2023-06-12 09:15:00,1686541500,62660,62783.6,62615.2,62662.5,0
2023-06-12 10:15:00,1686545100,62661.7,62783.1,62659.9,62767.8,0
2023-06-12 11:15:00,1686548700,62766.2,62801.7,62724.5,62750.7,0
2023-06-12 12:15:00,1686552300,62750.7,62761.6,62657.5,62726.4,0
2023-06-12 13:15:00,1686555900,62729.4,62789.8,62723.9,62773.5,0
2023-06-12 14:15:00,1686559500,62774.1,62804.9,62691.7,62725.2,0
2023-06-12 15:15:00,1686563100,62726.7,62772.1,62708.7,62770,0
2023-06-13 09:15:00,1686627900,62779.1,63096.8,62777,63068.9,0
2023-06-13 10:15:00,1686631500,63070.5,63110.8,63033,63088.5,0
2023-06-13 11:15:00,1686635100,63089.8,63136,63074.2,63100.5,0
2023-06-13 12:15:00,1686638700,63106.3,63119.5,63070.2,63109.3,0
2023-06-13 13:15:00,1686642300,63109.6,63117.2,63011.5,63042.2,0
2023-06-13 14:15:00,1686645900,63046,63156.4,63013.6,63149.2,0
2023-06-13 15:15:00,1686649500,63147.4,63177.5,63121.3,63128.8,0
2023-06-14 09:15:00,1686714300,63115.5,63242.7,63013.5,63053.3,0
2023-06-14 10:15:00,1686717900,63054.9,63167.4,63036.1,63118.3,0
2023-06-14 11:15:00,1686721500,63117.9,63193.2,63110.8,63192.4,0
2023-06-14 12:15:00,1686725100,63195.5,63235.6,63161.4,63232.4,0
2023-06-14 13:15:00,1686728700,63229.4,63265.2,63206.4,63253,0
2023-06-14 14:15:00,1686732300,63258.4,63274,63194.9,63244,0
2023-06-14 15:15:00,1686735900,63240.1,63249.7,63182.6,63209.3,0
2023-06-15 09:15:00,1686800700,63153.8,63273.2,63068.4,63246.8,0
2023-06-15 10:15:00,1686804300,63245.2,63311,63194.4,63204.4,0
2023-06-15 11:15:00,1686807900,63205.9,63208.1,63032.6,63079.6,0
2023-06-15 12:15:00,1686811500,63076.3,63138.9,63029.3,63060.3,0
2023-06-15 13:15:00,1686815100,63052.9,63163.1,62985.2,62994.2,0
2023-06-15 14:15:00,1686818700,62989,63012.6,62871.1,62914.6,0
2023-06-15 15:15:00,1686822300,62912.2,62938.8,62898.9,62922.2,0
2023-06-16 09:15:00,1686887100,62960.7,63222.4,62957.2,63198.9,0
2023-06-16 10:15:00,1686890700,63197.2,63264.5,63168.4,63193.3,0
2023-06-16 11:15:00,1686894300,63193.1,63223.8,63138.5,63166.3,0
2023-06-16 12:15:00,1686897900,63166.4,63181.2,63104.7,63155,0
2023-06-16 13:15:00,1686901500,63154.9,63249.1,63139.8,63249.1,0
2023-06-16 14:15:00,1686905100,63246.1,63520.4,63246.1,63388.9,0
2023-06-16 15:15:00,1686908700,63376.8,63400.7,63318.6,63373.6,0
2023-06-19 09:15:00,1687146300,63474.2,63574.7,63371,63402,0
2023-06-19 10:15:00,1687149900,63405,63405.7,63192.1,63228.6,0
2023-06-19 11:15:00,1687153500,63232.5,63257.4,63177.4,63243.7,0
2023-06-19 12:15:00,1687157100,63242.1,63297.1,63153.3,63169.3,0
2023-06-19 13:15:00,1687160700,63169.2,63177.5,63047.8,63093.7,0
2023-06-19 14:15:00,1687164300,63094.6,63267.8,63081.9,63194.7,0
2023-06-19 15:15:00,1687167900,63193.9,63202,63148.4,63176,0
2023-06-20 09:15:00,1687232700,63176.8,63186.3,62860,62918.5,0
2023-06-20 10:15:00,1687236300,62917.2,62947.1,62801.9,62937.3,0
2023-06-20 11:15:00,1687239900,62937.1,63054.2,62925.6,63004.1,0
2023-06-20 12:15:00,1687243500,63003,63137.9,62989.5,63112.5,0
2023-06-20 13:15:00,1687247100,63111.7,63161.8,63065.4,63126.9,0
2023-06-20 14:15:00,1687250700,63125.4,63394.6,63104.2,63366.6,0
2023-06-20 15:15:00,1687254300,63380.1,63440.2,63375.1,63425.9,0
2023-06-21 09:15:00,1687319100,63467.5,63588.3,63355.9,63558.7,0
2023-06-21 10:15:00,1687322700,63556.8,63561.1,63327.7,63328.1,0
2023-06-21 11:15:00,1687326300,63331,63448.2,63315.6,63430.3,0
2023-06-21 12:15:00,1687329900,63430.6,63512.3,63393,63501.8,0
2023-06-21 13:15:00,1687333500,63503,63541.4,63463.4,63533.7,0
2023-06-21 14:15:00,1687337100,63532.1,63556.7,63417,63530.1,0
2023-06-21 15:15:00,1687340700,63532.2,63550.1,63485.6,63530.2,0
2023-06-22 09:15:00,1687405500,63601.7,63601.7,63373,63494.9,0
2023-06-22 10:15:00,1687409100,63500.8,63582.6,63438.1,63472.8,0
2023-06-22 11:15:00,1687412700,63466.4,63484.7,63334.4,63349.3,0
2023-06-22 12:15:00,1687416300,63350.1,63425.4,63263.4,63338.1,0
2023-06-22 13:15:00,1687419900,63338.4,63552.8,63328.5,63460,0
2023-06-22 14:15:00,1687423500,63459.5,63459.5,63216.9,63224.4,0
2023-06-22 15:15:00,1687427100,63225.5,63279.4,63200.6,63277.6,0
2023-06-23 09:15:00,1687491900,63124.3,63180.5,62874.1,63027.2,0
2023-06-23 10:15:00,1687495500,63042.5,63172.9,63030.9,63118.3,0
2023-06-23 11:15:00,1687499100,63124.7,63182.2,63062,63142.5,0
2023-06-23 12:15:00,1687502700,63150.4,63240.6,63092.3,63137.5,0
2023-06-23 13:15:00,1687506300,63137.8,63169.4,63037.3,63056.2,0
2023-06-23 14:15:00,1687509900,63055.8,63125.9,62974.3,62985.4,0
2023-06-23 15:15:00,1687513500,62984.9,63010,62936.2,62980.4,0
2023-06-26 09:15:00,1687751100,62946.5,63136.1,62915.4,62958.2,0
2023-06-26 10:15:00,1687754700,62958,62982,62887.4,62936.6,0
2023-06-26 11:15:00,1687758300,62935,63015.3,62919.4,62986.8,0
2023-06-26 12:15:00,1687761900,62987.9,63022.9,62858.4,62904.3,0
2023-06-26 13:15:00,1687765500,62927.9,62962.2,62855.8,62913.7,0
2023-06-26 14:15:00,1687769100,62913.7,63030.7,62853.7,63004.5,0
2023-06-26 15:15:00,1687772700,63003.7,63016.1,62928.6,62957.8,0
2023-06-27 09:15:00,1687837500,63151.9,63205.5,63065.9,63101.8,0
2023-06-27 10:15:00,1687841100,63099.4,63126.8,63054.8,63086.9,0
2023-06-27 11:15:00,1687844700,63085.4,63182.7,63080.7,63173.8,0
2023-06-27 12:15:00,1687848300,63173.6,63186.4,63107.6,63147.2,0
2023-06-27 13:15:00,1687851900,63147.5,63259.6,63142.3,63255.4,0
2023-06-27 14:15:00,1687855500,63260,63467.5,63249,63458.1,0
2023-06-27 15:15:00,1687859100,63456.2,63457.4,63389.5,63437.8,0
2023-06-28 09:15:00,1687923900,63701.8,63716,63554.8,63634.8,0
2023-06-28 10:15:00,1687927500,63640.9,63805.1,63605.7,63805.1,0
2023-06-28 11:15:00,1687931100,63806,63948.8,63781.6,63873.8,0
2023-06-28 12:15:00,1687934700,63874.1,63989.4,63850,63981.1,0
2023-06-28 13:15:00,1687938300,63986.5,64037.1,63936.1,63939.2,0
2023-06-28 14:15:00,1687941900,63934.4,64050.4,63828.5,63928.8,0
2023-06-28 15:15:00,1687945500,63921,63972.8,63888.3,63961.3,0
2023-06-30 09:15:00,1688096700,64068.4,64414.8,64068.4,64357.3,0
2023-06-30 10:15:00,1688100300,64361.8,64392.3,64307.7,64378.9,0
2023-06-30 11:15:00,1688103900,64379,64461,64360.6,64451.3,0
2023-06-30 12:15:00,1688107500,64453.2,64563.1,64407.5,64542.6,0
2023-06-30 13:15:00,1688111100,64543.5,64600.9,64527,64548.1,0
2023-06-30 14:15:00,1688114700,64549.3,64738,64536.4,64735.3,0
2023-06-30 15:15:00,1688118300,64736.5,64768.6,64694.4,64704.2,0
2023-07-03 09:15:00,1688355900,64836.2,65232.6,64836.2,65215.6,0
2023-07-03 10:15:00,1688359500,65211,65240.6,64986.3,64996.2,0
2023-07-03 11:15:00,1688363100,65000.1,65143.5,64937.5,65137.6,0
2023-07-03 12:15:00,1688366700,65138,65247.7,65127.9,65202.5,0
2023-07-03 13:15:00,1688370300,65201.7,65229.5,65139.3,65139.3,0
2023-07-03 14:15:00,1688373900,65140.6,65237.2,65091.8,65199.6,0
2023-07-03 15:15:00,1688377500,65195.3,65300.4,65187.1,65235,0
2023-07-04 09:15:00,1688442300,65503.9,65586.6,65171.1,65248.1,0
2023-07-04 10:15:00,1688445900,65248.2,65340.7,65207.9,65317.6,0
2023-07-04 11:15:00,1688449500,65321.1,65449.2,65287.1,65449,0
2023-07-04 12:15:00,1688453100,65447.9,65556.5,65437.7,65519.7,0
2023-07-04 13:15:00,1688456700,65518.3,65673,65451.3,65451.3,0
2023-07-04 14:15:00,1688460300,65441.7,65537.1,65410.8,65482,0
2023-07-04 15:15:00,1688463900,65483.3,65503.9,65439.1,65501.1,0
2023-07-05 09:15:00,1688528700,65493.7,65584.3,65317.9,65443.8,0
2023-07-05 10:15:00,1688532300,65442.9,65461.2,65338.2,65404.1,0
2023-07-05 11:15:00,1688535900,65404.5,65502.1,65372.9,65458.2,0
2023-07-05 12:15:00,1688539500,65451.7,65467.6,65377.8,65426.7,0
2023-07-05 13:15:00,1688543100,65427.1,65436.1,65301.6,65401.6,0
2023-07-05 14:15:00,1688546700,65399.6,65478.9,65256.5,65468.1,0
2023-07-05 15:15:00,1688550300,65475.5,65513.7,65456.1,65504.6,0
2023-07-06 09:15:00,1688615100,65391.9,65618.9,65328.3,65610.7,0
2023-07-06 10:15:00,1688618700,65608.4,65678,65548.5,65637.2,0
2023-07-06 11:15:00,1688622300,65636.7,65693.1,65605.9,65611.7,0
2023-07-06 12:15:00,1688625900,65616.8,65666.3,65563,65614.2,0
2023-07-06 13:15:00,1688629500,65615.2,65670.9,65579,65647.9,0
2023-07-06 14:15:00,1688633100,65648.7,65833,65612.2,65817,0
2023-07-06 15:15:00,1688636700,65819.4,65819.4,65738.2,65754.8,0
2023-07-07 09:15:00,1688701500,65559.4,65899,65491.3,65802.4,0
2023-07-07 10:15:00,1688705100,65805,65805,65497.3,65564.3,0
2023-07-07 11:15:00,1688708700,65558,65601.3,65347.4,65408.4,0
2023-07-07 12:15:00,1688712300,65408.2,65431.1,65318.5,65333.2,0
2023-07-07 13:15:00,1688715900,65338.2,65429.9,65275.7,65417.1,0
2023-07-07 14:15:00,1688719500,65414,65558.5,65238.7,65241.8,0
2023-07-07 15:15:00,1688723100,65240.3,65257.2,65175.7,65237.6,0
2023-07-10 09:15:00,1688960700,65482.3,65564.8,65342.6,65547.5,0
2023-07-10 10:15:00,1688964300,65557.9,65633.5,65453.2,65457.1,0
2023-07-10 11:15:00,1688967900,65458.5,65458.5,65264.8,65329.4,0
2023-07-10 12:15:00,1688971500,65334.3,65480.2,65327.8,65478.7,0
2023-07-10 13:15:00,1688975100,65481.3,65516.5,65414.4,65478.5,0
2023-07-10 14:15:00,1688978700,65479.5,65489,65246.4,65348.5,0
2023-07-10 15:15:00,1688982300,65346.3,65403,65325,65389,0
2023-07-11 09:15:00,1689047100,65598.6,65767.4,65517.6,65727.3,0
2023-07-11 10:15:00,1689050700,65728.4,65831.3,65684.1,65818.8,0
2023-07-11 11:15:00,1689054300,65815.8,65870.6,65772.7,65798.1,0
2023-07-11 12:15:00,1689057900,65793.8,65830.9,65731.6,65792.1,0
2023-07-11 13:15:00,1689061500,65792.6,65816.4,65680.2,65689.5,0
2023-07-11 14:15:00,1689065100,65685.6,65688.1,65537.1,65586.8,0
2023-07-11 15:15:00,1689068700,65577.2,65667.3,65573.1,65644.3,0
2023-07-12 09:15:00,1689133500,65759.3,65811.6,65589.9,65725.5,0
2023-07-12 10:15:00,1689137100,65717.4,65747.1,65568.6,65672.8,0
2023-07-12 11:15:00,1689140700,65674.1,65678,65481.9,65543.1,0
2023-07-12 12:15:00,1689144300,65543.6,65668.9,65489.5,65662.1,0
2023-07-12 13:15:00,1689147900,65662.9,65697.6,65591.6,65627.9,0
2023-07-12 14:15:00,1689151500,65629.2,65684.6,65331.8,65356.7,0
2023-07-12 15:15:00,1689155100,65361.2,65417.8,65320.2,65403.9,0
2023-07-13 09:15:00,1689219900,65667.1,66043.4,65605.9,66019,0
2023-07-13 10:15:00,1689223500,66020,66049.5,65938,65996,0
2023-07-13 11:15:00,1689227100,65998.1,66064.2,65977.4,66003.1,0
2023-07-13 12:15:00,1689230700,65999.7,66019.4,65927.6,65996,0
2023-07-13 13:15:00,1689234300,65985.7,66003.2,65675.4,65680.8,0
2023-07-13 14:15:00,1689237900,65684,65787.1,65452.1,65566.3,0
2023-07-13 15:15:00,1689241500,65573,65669.3,65552,65646.2,0
2023-07-14 09:15:00,1689306300,65775.5,65917.8,65642.1,65670.7,0
2023-07-14 10:15:00,1689309900,65676.2,65766.2,65610.8,65738,0
2023-07-14 11:15:00,1689313500,65743.4,65827.7,65668.2,65783,0
2023-07-14 12:15:00,1689317100,65784.4,65853,65727.9,65847.9,0
2023-07-14 13:15:00,1689320700,65843.6,65911.7,65719.7,65875.6,0
2023-07-14 14:15:00,1689324300,65876.4,66070.5,65761.1,66066.7,0
2023-07-14 15:15:00,1689327900,66075.3,66159.8,66054.6,66155,0
2023-07-17 09:15:00,1689565500,66148.2,66269.4,66015.6,66263.8,0
2023-07-17 10:15:00,1689569100,66265,66311,66164.7,66240.6,0
2023-07-17 11:15:00,1689572700,66234.7,66287.2,66162.9,66262.2,0
2023-07-17 12:15:00,1689576300,66260.5,66373.8,66248.6,66353.8,0
2023-07-17 13:15:00,1689579900,66349.3,66435,66310,66350.2,0
2023-07-17 14:15:00,1689583500,66356.1,66651.8,66355.1,66648,0
2023-07-17 15:15:00,1689587100,66652.2,66656.2,66596.5,66624,0
2023-07-18 09:15:00,1689651900,66829,66985.5,66696.1,66790.1,0
2023-07-18 10:15:00,1689655500,66788.4,67007,66772.8,66967.4,0
2023-07-18 11:15:00,1689659100,66968.7,66971.4,66574.5,66620.1,0
2023-07-18 12:15:00,1689662700,66622.5,66827.9,66581.4,66674.8,0
2023-07-18 13:15:00,1689666300,66675.6,66894.8,66644.1,66828.9,0
2023-07-18 14:15:00,1689669900,66834.4,66847.8,66662.4,66770.9,0
2023-07-18 15:15:00,1689673500,66764.1,66823.7,66756.8,66809,0
2023-07-19 09:15:00,1689738300,66905,67117,66903.4,67072.5,0
2023-07-19 10:15:00,1689741900,67070.3,67074.1,66789.3,66794.4,0
2023-07-19 11:15:00,1689745500,66790.4,66837.8,66703.6,66738.4,0
2023-07-19 12:15:00,1689749100,66735.5,66939,66735.5,66928.9,0
2023-07-19 13:15:00,1689752700,66929,66979.8,66844.3,66911.5,0
2023-07-19 14:15:00,1689756300,66911.3,67124.4,66839.4,67117.3,0
2023-07-19 15:15:00,1689759900,67117.2,67171.4,67102.5,67153.1,0
2023-07-20 09:15:00,1689824700,67074.3,67113.2,66831.4,66915.6,0
2023-07-20 10:15:00,1689828300,66924.7,67129.4,66897.9,67065.7,0
2023-07-20 11:15:00,1689831900,67065.2,67183.5,67001.1,67142.4,0
2023-07-20 12:15:00,1689835500,67145.3,67286.2,67122.5,67279.6,0
2023-07-20 13:15:00,1689839100,67278,67458.7,67254,67438.6,0
2023-07-20 14:15:00,1689842700,67435.2,67619.2,67424.2,67603.8,0
2023-07-20 15:15:00,1689846300,67601.8,67606.8,67518.8,67551.9,0
2023-07-21 09:15:00,1689911100,66907.1,67190.5,66822.1,67025.5,0
2023-07-21 10:15:00,1689914700,67026.1,67026.5,66804.3,66811.6,0
2023-07-21 11:15:00,1689918300,66808.4,66890.9,66733.5,66758,0
2023-07-21 12:15:00,1689921900,66758.2,66853.1,66649.2,66842,0
2023-07-21 13:15:00,1689925500,66842.4,66971,66764,66795.9,0
2023-07-21 14:15:00,1689929100,66797.6,66833.5,66533.7,66690,0
2023-07-21 15:15:00,1689932700,66698.2,66830.8,66687.3,66825.9,0
2023-07-24 09:15:00,1690170300,66629.1,66749,66532.3,66697.4,0
2023-07-24 10:15:00,1690173900,66690.2,66808.6,66687.6,66729.8,0
2023-07-24 11:15:00,1690177500,66727.4,66745.9,66413.7,66532.2,0
2023-07-24 12:15:00,1690181100,66534.9,66737.9,66526,66705.3,0
2023-07-24 13:15:00,1690184700,66702.7,66738.7,66603.9,66658.3,0
2023-07-24 14:15:00,1690188300,66659.5,66659.5,66358,66382.1,0
2023-07-24 15:15:00,1690191900,66387.8,66395.4,66326.2,66370.9,0
2023-07-25 09:15:00,1690256700,66531.2,66559.3,66327.7,66381.5,0
2023-07-25 10:15:00,1690260300,66380.1,66405.9,66292.4,66372.4,0
2023-07-25 11:15:00,1690263900,66382.9,66384.3,66276.9,66367.7,0
2023-07-25 12:15:00,1690267500,66371,66482.8,66348.3,66348.3,0
2023-07-25 13:15:00,1690271100,66357.7,66361.2,66177.6,66322.6,0
2023-07-25 14:15:00,1690274700,66322.1,66475.7,66315.5,66344.8,0
2023-07-25 15:15:00,1690278300,66339,66374.4,66325.5,66346.7,0
2023-07-26 09:15:00,1690343100,66434.7,66877.7,66431.3,66865.2,0
2023-07-26 10:15:00,1690346700,66864.1,66897.3,66790.2,66825.3,0
2023-07-26 11:15:00,1690350300,66824.1,66862,66766,66839.9,0
2023-07-26 12:15:00,1690353900,66838.3,66865.5,66725.8,66767.9,0
2023-07-26 13:15:00,1690357500,66772.2,66838.6,66761.8,66781.9,0
2023-07-26 14:15:00,1690361100,66777.9,66891.8,66616.2,66737.2,0
2023-07-26 15:15:00,1690364700,66737.3,66746.2,66679,66711.5,0
2023-07-27 09:15:00,1690429500,66834.1,66984.2,66723.5,66758.9,0
2023-07-27 10:15:00,1690433100,66757.2,66805.4,66650.8,66682.9,0
2023-07-27 11:15:00,1690436700,66682.6,66682.6,66460.9,66528.3,0
2023-07-27 12:15:00,1690440300,66527.4,66563.9,66395,66490.7,0
2023-07-27 13:15:00,1690443900,66489.8,66543.3,66318.3,66384.5,0
2023-07-27 14:15:00,1690447500,66382.9,66406.3,66060.7,66269.4,0
2023-07-27 15:15:00,1690451100,66269.4,66421.4,66250.3,66411,0
2023-07-28 09:15:00,1690515900,66266.4,66351.2,66020,66075.2,0
2023-07-28 10:15:00,1690519500,66073.9,66138.9,65991.9,66039.2,0
2023-07-28 11:15:00,1690523100,66036.2,66048,65921,65932.3,0
2023-07-28 12:15:00,1690526700,65935.8,66040.5,65894.6,66029.9,0
2023-07-28 13:15:00,1690530300,66029,66029.2,65878.6,65998.2,0
2023-07-28 14:15:00,1690533900,65996.4,66220.1,65926,66165.9,0
2023-07-28 15:15:00,1690537500,66174.6,66194.6,66110.6,66146.7,0
2023-07-31 09:15:00,1690775100,66156.4,66263.8,65998.9,66253.8,0
2023-07-31 10:15:00,1690778700,66254,66351.9,66210.6,66337.7,0
2023-07-31 11:15:00,1690782300,66335.2,66419.3,66300.4,66371,0
2023-07-31 12:15:00,1690785900,66369.1,66376.4,66269.8,66350.9,0
2023-07-31 13:15:00,1690789500,66351.5,66449.1,66342.1,66365.7,0
2023-07-31 14:15:00,1690793100,66364.4,66581.4,66362.5,66564.4,0
2023-07-31 15:15:00,1690796700,66561.2,66598.4,66485.8,66515.7,0
2023-08-01 09:15:00,1690861500,66533,66658.1,66531,66625.3,0
2023-08-01 10:15:00,1690865100,66627.4,66634.8,66413,66468.4,0
2023-08-01 11:15:00,1690868700,66468.2,66529.9,66426.9,66448.2,0
2023-08-01 12:15:00,1690872300,66452,66491.2,66388.3,66491.2,0
2023-08-01 13:15:00,1690875900,66490.1,66588.2,66463.1,66470.1,0
2023-08-01 14:15:00,1690879500,66469.6,66569,66417.1,66473.4,0
2023-08-01 15:15:00,1690883100,66479.3,66493.7,66444.1,66493.1,0
2023-08-02 09:15:00,1690947900,66064.4,66262,66047.5,66055.2,0
2023-08-02 10:15:00,1690951500,66057.7,66079.5,65757.1,65869.3,0
2023-08-02 11:15:00,1690955100,65866.6,65870.9,65751.5,65827.1,0
2023-08-02 12:15:00,1690958700,65826,65876.6,65719.5,65731.7,0
2023-08-02 13:15:00,1690962300,65729.1,65731.6,65431.7,65449.2,0
2023-08-02 14:15:00,1690965900,65446.4,65838.2,65435.2,65825.8,0
2023-08-02 15:15:00,1690969500,65824.1,65854.5,65760.5,65760.5,0
2023-08-03 09:15:00,1691034300,65550.8,65820.8,65482.8,65620,0
2023-08-03 10:15:00,1691037900,65620.3,65717.6,65551,65655.8,0
2023-08-03 11:15:00,1691041500,65659.8,65682.5,65519.6,65520.6,0
2023-08-03 12:15:00,1691045100,65523,65528.2,65142.5,65180.1,0
2023-08-03 13:15:00,1691048700,65181.4,65205.9,64963.1,65004.6,0
2023-08-03 14:15:00,1691052300,65007,65257.1,64986,65251.1,0
2023-08-03 15:15:00,1691055900,65259.6,65326.8,65250.8,65277,0
2023-08-04 09:15:00,1691120700,65453.6,65588.5,65387.2,65550.2,0
2023-08-04 10:15:00,1691124300,65554,65606.5,65423.3,65548.8,0
2023-08-04 11:15:00,1691127900,65541,65768.9,65541,65742.1,0
2023-08-04 12:15:00,1691131500,65741.6,65787.9,65618.5,65698.1,0
2023-08-04 13:15:00,1691135100,65699.6,65735.3,65481.7,65591.6,0
2023-08-04 14:15:00,1691138700,65591.5,65773.5,65520.7,65758.9,0
2023-08-04 15:15:00,1691142300,65769.6,65799.3,65672,65698.2,0
2023-08-07 09:15:00,1691379900,65811.4,65931.7,65748.2,65892.4,0
2023-08-07 10:15:00,1691383500,65896.4,65961.2,65771.7,65783.8,0
2023-08-07 11:15:00,1691387100,65787.3,65858.6,65767.8,65776.4,0
2023-08-07 12:15:00,1691390700,65775.6,65977.9,65771.8,65937.9,0
2023-08-07 13:15:00,1691394300,65941.6,66067.9,65904,65931.7,0
2023-08-07 14:15:00,1691397900,65935,66013.4,65899.9,65974.9,0
2023-08-07 15:15:00,1691401500,65967.9,65999,65930.2,65965.4,0
2023-08-08 09:15:00,1691466300,66048.8,66057.5,65855,65908.8,0
2023-08-08 10:15:00,1691469900,65908.4,66000.9,65833.8,65839.9,0
2023-08-08 11:15:00,1691473500,65845.3,65879.9,65752.6,65879.9,0
2023-08-08 12:15:00,1691477100,65877.7,65889.2,65817.8,65886,0
2023-08-08 13:15:00,1691480700,65884.1,65918.6,65854.6,65876.8,0
2023-08-08 14:15:00,1691484300,65883.4,65935.4,65773.2,65848.1,0
2023-08-08 15:15:00,1691487900,65844,65881.8,65812.3,65842.9,0
2023-08-09 09:15:00,1691552700,65811,65811,65535.2,65592.4,0
2023-08-09 10:15:00,1691556300,65594.9,65594.9,65444.4,65493.2,0
2023-08-09 11:15:00,1691559900,65499.1,65543.6,65477.4,65523.8,0
2023-08-09 12:15:00,1691563500,65521.2,65598.2,65485.3,65569.7,0
2023-08-09 13:15:00,1691567100,65572.1,65657,65512.1,65650.1,0
2023-08-09 14:15:00,1691570700,65650.2,66035.6,65615.1,66034.3,0
2023-08-09 15:15:00,1691574300,66030.9,66066,65953.1,65996.9,0
2023-08-10 09:15:00,1691639100,65945.4,65953.8,65758.1,65953.5,0
2023-08-10 10:15:00,1691642700,65944.1,65956.2,65509.1,65642.8,0
2023-08-10 11:15:00,1691646300,65643.9,65820.5,65621,65696.7,0
2023-08-10 12:15:00,1691649900,65695.8,65831,65670,65825.2,0
2023-08-10 13:15:00,1691653500,65821.8,65868.5,65559.9,65707.1,0
2023-08-10 14:15:00,1691657100,65702.4,65754.6,65609.4,65692.4,0
2023-08-10 15:15:00,1691660700,65695.7,65745.3,65655.2,65719.6,0
2023-08-11 09:15:00,1691725500,65727.8,65727.8,65391.5,65417.9,0
2023-08-11 10:15:00,1691729100,65416.5,65477.3,65358.1,65426.9,0
2023-08-11 11:15:00,1691732700,65426.6,65464.4,65332,65381.2,0
2023-08-11 12:15:00,1691736300,65380.6,65520,65329.5,65493.9,0
2023-08-11 13:15:00,1691739900,65497.7,65535.8,65424.1,65464.5,0
2023-08-11 14:15:00,1691743500,65467.7,65521.2,65274.6,65284.6,0
2023-08-11 15:15:00,1691747100,65294.4,65362.3,65286.6,65306.9,0
2023-08-14 09:15:00,1691984700,65153,65193.1,64821.9,65021.4,0
2023-08-14 10:15:00,1691988300,65026.8,65035.3,64966,65003.4,0
2023-08-14 11:15:00,1691991900,65006.9,65218.5,65005.6,65215.8,0
2023-08-14 12:15:00,1691995500,65213,65236.8,65097.4,65153.5,0
2023-08-14 13:15:00,1691999100,65153.1,65406.1,65120.1,65387.1,0
2023-08-14 14:15:00,1692002700,65385.2,65517.8,65320.4,65408.1,0
2023-08-14 15:15:00,1692006300,65404.5,65432.4,65330.4,65352,0
2023-08-16 09:15:00,1692157500,65238.7,65308.4,65032.9,65275.8,0
2023-08-16 10:15:00,1692161100,65274.6,65370.9,65254.6,65268.1,0
2023-08-16 11:15:00,1692164700,65274.5,65315.8,65194.6,65284.7,0
2023-08-16 12:15:00,1692168300,65279,65426.1,65247.9,65421.9,0
2023-08-16 13:15:00,1692171900,65422.5,65464.9,65372,65402.2,0
2023-08-16 14:15:00,1692175500,65408.9,65605.7,65380,65555.8,0
2023-08-16 15:15:00,1692179100,65555,65583,65470.6,65474.9,0
2023-08-17 09:15:00,1692243900,65503.9,65535.1,65257.8,65325,0
2023-08-17 10:15:00,1692247500,65324.5,65379.9,65280.8,65341.9,0
2023-08-17 11:15:00,1692251100,65337.2,65337.9,65133.9,65172.6,0
2023-08-17 12:15:00,1692254700,65173.2,65193.7,65046.1,65071.7,0
2023-08-17 13:15:00,1692258300,65069.7,65205,65062.8,65185.5,0
2023-08-17 14:15:00,1692261900,65184.3,65250.7,65121.1,65158.4,0
2023-08-17 15:15:00,1692265500,65152.6,65172.9,65087,65111.6,0
2023-08-18 09:15:00,1692330300,65025.7,65042.7,64799.2,64832,0
2023-08-18 10:15:00,1692333900,64832.4,64896.7,64786.6,64860.3,0
2023-08-18 11:15:00,1692337500,64867.8,64936.6,64839.3,64920.1,0
2023-08-18 12:15:00,1692341100,64919.9,64925.6,64807.3,64816.1,0
2023-08-18 13:15:00,1692344700,64813.2,65113.2,64754.7,65101.7,0
2023-08-18 14:15:00,1692348300,65100.4,65175.3,64937.8,64986.1,0
2023-08-18 15:15:00,1692351900,64987,64987,64841.1,64864.4,0
2023-08-21 09:15:00,1692589500,64852.7,65137.1,64852.7,64940,0
2023-08-21 10:15:00,1692593100,64933.5,65204.3,64933.5,65176.3,0
2023-08-21 11:15:00,1692596700,65179.8,65218.4,65123,65167.3,0
2023-08-21 12:15:00,1692600300,65166.2,65287.3,65158.6,65271.9,0
2023-08-21 13:15:00,1692603900,65271.1,65314.9,65211.4,65227,0
2023-08-21 14:15:00,1692607500,65225,65335.8,65212.8,65233.2,0
2023-08-21 15:15:00,1692611100,65233.7,65240,65171.5,65177.4,0
2023-08-22 09:15:00,1692675900,65272.4,65362.9,65165.4,65226,0
2023-08-22 10:15:00,1692679500,65225.9,65308.9,65225.9,65268.6,0
2023-08-22 11:15:00,1692683100,65270.4,65361.8,65261.9,65336.6,0
2023-08-22 12:15:00,1692686700,65335.6,65350,65277.4,65317.8,0
2023-08-22 13:15:00,1692690300,65315.7,65329,65232.3,65280.1,0
2023-08-22 14:15:00,1692693900,65280.7,65288.4,65186.1,65213,0
2023-08-22 15:15:00,1692697500,65211.2,65260.7,65179.6,65197.4,0
2023-08-23 09:15:00,1692762300,65300.9,65436.1,65108.5,65168.7,0
2023-08-23 10:15:00,1692765900,65170.2,65266,65112.2,65251.6,0
2023-08-23 11:15:00,1692769500,65250.9,65328.9,65237.4,65305.7,0
2023-08-23 12:15:00,1692773100,65305.4,65458.2,65285.8,65390,0
2023-08-23 13:15:00,1692776700,65390.8,65504.7,65381.7,65462.7,0
2023-08-23 14:15:00,1692780300,65461.9,65501.9,65414.5,65442.8,0
2023-08-23 15:15:00,1692783900,65443.4,65456.4,65410.1,65412.8,0
2023-08-24 09:15:00,1692848700,65722.5,65913.8,65645.6,65829,0
2023-08-24 10:15:00,1692852300,65838.8,65856.9,65554.3,65571.3,0
2023-08-24 11:15:00,1692855900,65571.6,65592.5,65430.9,65476,0
2023-08-24 12:15:00,1692859500,65480,65528.1,65382.1,65399.3,0
2023-08-24 13:15:00,1692863100,65399.3,65438.3,65329.1,65427.7,0
2023-08-24 14:15:00,1692866700,65428.2,65431.6,65258.9,65301.3,0
2023-08-24 15:15:00,1692870300,65301.7,65305,65181.9,65237,0
2023-08-25 09:15:00,1692935100,65000.7,65106,64799.7,64974.8,0
2023-08-25 10:15:00,1692938700,64974.8,64984.9,64732.6,64848.9,0
2023-08-25 11:15:00,1692942300,64847.4,65075.6,64802.7,64938.6,0
2023-08-25 12:15:00,1692945900,64940.5,65041.8,64914.3,64994.8,0
2023-08-25 13:15:00,1692949500,64997.6,65044.6,64894.7,64896.8,0
2023-08-25 14:15:00,1692953100,64900.7,65007.5,64820.3,64879,0
2023-08-25 15:15:00,1692956700,64882.4,64894.5,64769,64796.9,0
2023-08-28 09:15:00,1693194300,64908.1,65064.1,64776.9,64936.5,0
2023-08-28 10:15:00,1693197900,64937,65058.2,64928,65035.1,0
2023-08-28 11:15:00,1693201500,65041.2,65083.9,65000.5,65041.1,0
2023-08-28 12:15:00,1693205100,65042.4,65142.7,65029,65111.7,0
2023-08-28 13:15:00,1693208700,65100.1,65213.4,65068.9,65108.3,0
2023-08-28 14:15:00,1693212300,65100.9,65122.2,64970.4,64992,0
2023-08-28 15:15:00,1693215900,64991.3,65018.5,64932.9,64952.2,0
2023-08-29 09:15:00,1693280700,65201.4,65229,65033.3,65094.9,0
2023-08-29 10:15:00,1693284300,65095.6,65103.2,64995,65028.5,0
2023-08-29 11:15:00,1693287900,65028.4,65101.5,65015,65092.5,0
2023-08-29 12:15:00,1693291500,65091.5,65144.5,65039.5,65111.9,0
2023-08-29 13:15:00,1693295100,65111.3,65142.7,65033.6,65033.6,0
2023-08-29 14:15:00,1693298700,65036.6,65082.5,64956.7,65069.1,0
2023-08-29 15:15:00,1693302300,65071.2,65127.4,65051.7,65105.3,0
2023-08-30 09:15:00,1693367100,65311.6,65438.7,65288.2,65435,0
2023-08-30 10:15:00,1693370700,65433.7,65452.9,65391.4,65446.6,0
2023-08-30 11:15:00,1693374300,65449.3,65458.7,65404.8,65425.2,0
2023-08-30 12:15:00,1693377900,65426.2,65433,65363.3,65418.8,0
2023-08-30 13:15:00,1693381500,65419.7,65420.7,65307.8,65312.1,0
2023-08-30 14:15:00,1693385100,65312.2,65325.3,65054.3,65091.6,0
2023-08-30 15:15:00,1693388700,65092.7,65118.4,65052.7,65092,0
2023-08-31 09:15:00,1693453500,65178.3,65277,65012.1,65147.9,0
2023-08-31 10:15:00,1693457100,65141.9,65195.4,64988.3,65029.7,0
2023-08-31 11:15:00,1693460700,65030.4,65105.7,64983.6,64999.6,0
2023-08-31 12:15:00,1693464300,65001.2,65039.5,64910.9,64913.9,0
2023-08-31 13:15:00,1693467900,64911.9,65062.2,64891,64938.9,0
2023-08-31 14:15:00,1693471500,64934.8,64948.6,64767.1,64906.8,0
2023-08-31 15:15:00,1693475100,64910.7,64955.9,64723.6,64949.1,0
2023-09-01 09:15:00,1693539900,64855.5,65053.2,64818.4,64940.2,0
2023-09-01 10:15:00,1693543500,64932.3,65082.4,64929,65011.5,0
2023-09-01 11:15:00,1693547100,65013.1,65074.2,65001.2,65021.8,0
2023-09-01 12:15:00,1693550700,65021.2,65266,64994.5,65238,0
2023-09-01 13:15:00,1693554300,65237.5,65419.7,65185,65383.6,0
2023-09-01 14:15:00,1693557900,65383,65473.3,65327.3,65371.6,0
2023-09-01 15:15:00,1693561500,65365,65427.9,65327.6,65361.1,0
2023-09-04 09:15:00,1693799100,65525.9,65630.9,65376.4,65388.5,0
2023-09-04 10:15:00,1693802700,65397.1,65421,65285.6,65409.7,0
2023-09-04 11:15:00,1693806300,65418.8,65504.6,65391.3,65494,0
2023-09-04 12:15:00,1693809900,65496.9,65603.8,65496.9,65582.9,0
2023-09-04 13:15:00,1693813500,65582.9,65603,65520.7,65570.9,0
2023-09-04 14:15:00,1693817100,65570.9,65668.3,65538.4,65636.3,0
2023-09-04 15:15:00,1693820700,65640.2,65683.9,65610.4,65662.3,0
2023-09-05 09:15:00,1693885500,65671.6,65806,65619.3,65786.7,0
2023-09-05 10:15:00,1693889100,65790.4,65801.5,65689.6,65781.9,0
2023-09-05 11:15:00,1693892700,65780.6,65809.5,65720.2,65737.6,0
2023-09-05 12:15:00,1693896300,65738.7,65761,65636,65712.9,0
2023-09-05 13:15:00,1693899900,65712.2,65736.3,65601.5,65691.6,0
2023-09-05 14:15:00,1693903500,65691.1,65795.4,65669.8,65789.9,0
2023-09-05 15:15:00,1693907100,65792,65831.7,65767.9,65806.6,0
2023-09-06 09:15:00,1693971900,65744.2,65870.7,65707.4,65757.2,0
2023-09-06 10:15:00,1693975500,65755.1,65815.3,65713.9,65749.1,0
2023-09-06 11:15:00,1693979100,65747.2,65758.2,65639.5,65706.1,0
2023-09-06 12:15:00,1693982700,65703.8,65712.9,65530,65556,0
2023-09-06 13:15:00,1693986300,65555.2,65588.4,65488,65549.5,0
2023-09-06 14:15:00,1693989900,65549.5,65935.5,65540.6,65882.8,0
2023-09-06 15:15:00,1693993500,65898.9,65971.1,65882.8,65898.8,0
2023-09-07 09:15:00,1694058300,65854.2,65858.4,65672.3,65809.7,0
2023-09-07 10:15:00,1694061900,65809.9,65987.4,65775.3,65981.1,0
2023-09-07 11:15:00,1694065500,65985.2,65991,65817.3,65878.5,0
2023-09-07 12:15:00,1694069100,65875.1,65942.4,65826.6,65900.8,0
2023-09-07 13:15:00,1694072700,65900.3,66092.3,65891.2,66083.8,0
2023-09-07 14:15:00,1694076300,66082.3,66296.9,66075.6,66232.3,0
2023-09-07 15:15:00,1694079900,66226.4,66294.6,66219.1,66251.9,0
2023-09-08 09:15:00,1694144700,66381.4,66518.8,66319,66470.3,0
2023-09-08 10:15:00,1694148300,66471.3,66476.8,66299.3,66361.9,0
2023-09-08 11:15:00,1694151900,66356,66612.2,66336.4,66594.4,0
2023-09-08 12:15:00,1694155500,66598.4,66653.2,66526.7,66564.8,0
2023-09-08 13:15:00,1694159100,66558.5,66654.3,66507.4,66636.7,0
2023-09-08 14:15:00,1694162700,66641,66766.9,66531.9,66580.4,0
2023-09-08 15:15:00,1694166300,66589.6,66653.1,66554.6,66591.5,0
2023-09-11 09:15:00,1694403900,66807.7,66963.9,66735.8,66919.5,0
2023-09-11 10:15:00,1694407500,66931.5,66978.3,66868.4,66918.4,0
2023-09-11 11:15:00,1694411100,66913.2,66989.3,66913.1,66945.2,0
2023-09-11 12:15:00,1694414700,66944.4,67022.4,66940.5,66967.4,0
2023-09-11 13:15:00,1694418300,66973.5,66986.8,66910.5,66951.2,0
2023-09-11 14:15:00,1694421900,66949.9,67146.5,66942.7,67124.5,0
2023-09-11 15:15:00,1694425500,67128.6,67172.1,67127.9,67143.7,0
2023-09-12 09:15:00,1694490300,67506.9,67539.1,66948.2,67129.7,0
2023-09-12 10:15:00,1694493900,67124.2,67220.8,66977.1,67203.1,0
2023-09-12 11:15:00,1694497500,67203.7,67352.8,67163.7,67255.5,0
2023-09-12 12:15:00,1694501100,67261.8,67263.1,67042.5,67162,0
2023-09-12 13:15:00,1694504700,67159.5,67279.5,67151.2,67260.5,0
2023-09-12 14:15:00,1694508300,67267.8,67298.6,67177.7,67190.1,0
2023-09-12 15:15:00,1694511900,67200.4,67260.8,67192.3,67208.2,0
2023-09-13 09:15:00,1694576700,67188.6,67297,67053.4,67177.2,0
2023-09-13 10:15:00,1694580300,67176.3,67274.2,67101.5,67259,0
2023-09-13 11:15:00,1694583900,67258.8,67402.7,67227.1,67380.2,0
2023-09-13 12:15:00,1694587500,67384,67544.5,67368.6,67523.2,0
2023-09-13 13:15:00,1694591100,67523.7,67537.6,67432.7,67509.2,0
2023-09-13 14:15:00,1694594700,67512,67565.4,67461.6,67483.5,0
2023-09-13 15:15:00,1694598300,67475.9,67482.8,67406.8,67438.3,0
2023-09-14 09:15:00,1694663100,67627,67771,67526.5,67570.2,0
2023-09-14 10:15:00,1694666700,67569.4,67599.2,67407.5,67488.3,0
2023-09-14 11:15:00,1694670300,67486.5,67531.9,67424.2,67511.3,0
2023-09-14 12:15:00,1694673900,67520.7,67539.5,67370.6,67490.8,0
2023-09-14 13:15:00,1694677500,67490.2,67547.1,67336.5,67413.4,0
2023-09-14 14:15:00,1694681100,67408.6,67558.1,67393,67540.1,0
2023-09-14 15:15:00,1694684700,67537.5,67578.1,67522.4,67539.8,0
2023-09-15 09:15:00,1694749500,67659.9,67774.5,67614.4,67710.5,0
2023-09-15 10:15:00,1694753100,67711.7,67802.2,67647.9,67786.6,0
2023-09-15 11:15:00,1694756700,67787.2,67843.3,67749.5,67808.1,0
2023-09-15 12:15:00,1694760300,67808.6,67812.6,67638.2,67739.7,0
2023-09-15 13:15:00,1694763900,67739.6,67817,67684.1,67785.7,0
2023-09-15 14:15:00,1694767500,67787.2,67927.2,67773.3,67805.2,0
2023-09-15 15:15:00,1694771100,67798.1,67805.8,67713.9,67733.7,0
2023-09-18 09:15:00,1695008700,67665.6,67773.2,67552,67734.7,0
2023-09-18 10:15:00,1695012300,67739,67774,67677.8,67729.8,0
2023-09-18 11:15:00,1695015900,67732.1,67803.1,67716.6,67724.3,0
2023-09-18 12:15:00,1695019500,67724.9,67750.9,67682,67715.6,0
2023-09-18 13:15:00,1695023100,67717.1,67736.6,67631.8,67674.3,0
2023-09-18 14:15:00,1695026700,67673.7,67699.9,67581.8,67587.4,0
2023-09-18 15:15:00,1695030300,67580.5,67613.3,67532.8,67574,0
2023-09-20 09:15:00,1695181500,67080.2,67294.2,66985.4,67027.1,0
2023-09-20 10:15:00,1695185100,67028.3,67045.4,66936.9,66981.5,0
2023-09-20 11:15:00,1695188700,66984.8,67011.3,66888,66975.8,0
2023-09-20 12:15:00,1695192300,66973.6,66975.7,66898.8,66909.6,0
2023-09-20 13:15:00,1695195900,66909.8,66915.5,66728.1,66830.8,0
2023-09-20 14:15:00,1695199500,66832,66867.2,66753.2,66804.8,0
2023-09-20 15:15:00,1695203100,66815,66849.6,66795.6,66836.3,0
2023-09-21 09:15:00,1695267900,66517.4,66564.1,66222.4,66257.4,0
2023-09-21 10:15:00,1695271500,66249.8,66373.8,66242.1,66359.4,0
2023-09-21 11:15:00,1695275100,66364.2,66372.4,66153.5,66163.7,0
2023-09-21 12:15:00,1695278700,66159.8,66246.9,66144.2,66239.9,0
2023-09-21 13:15:00,1695282300,66241.8,66281.7,66177.6,66193.2,0
2023-09-21 14:15:00,1695285900,66195.5,66238.1,66131.8,66238.1,0
2023-09-21 15:15:00,1695289500,66240.6,66272.9,66231.3,66263.4,0
2023-09-22 09:15:00,1695354300,66215,66418,66016.3,66093.6,0
2023-09-22 10:15:00,1695357900,66086.7,66355.9,66049.5,66316.8,0
2023-09-22 11:15:00,1695361500,66320.4,66417.5,66235,66397.9,0
2023-09-22 12:15:00,1695365100,66393.1,66445.5,66299.8,66337.7,0
2023-09-22 13:15:00,1695368700,66342.7,66361,66065.5,66131.4,0
2023-09-22 14:15:00,1695372300,66131.1,66181.6,65952.8,65998.7,0
2023-09-22 15:15:00,1695375900,65985.1,66084.7,65967,66052.6,0
2023-09-25 09:15:00,1695613500,66083,66118.6,65850,65853.3,0
2023-09-25 10:15:00,1695617100,65855.6,65918.4,65810.1,65811,0
2023-09-25 11:15:00,1695620700,65812.1,65948.9,65764,65944,0
2023-09-25 12:15:00,1695624300,65947,66225.6,65934.6,66161.6,0
2023-09-25 13:15:00,1695627900,66160.4,66213.6,65894.8,65896.5,0
2023-09-25 14:15:00,1695631500,65900,66128.8,65863.7,66049.4,0
2023-09-25 15:15:00,1695635100,66041,66048.2,65980.7,66023.3,0
2023-09-26 09:15:00,1695699900,66071.6,66078.3,65909.4,66041.4,0
2023-09-26 10:15:00,1695703500,66037.8,66051.8,65947.8,66021.4,0
2023-09-26 11:15:00,1695707100,66023.5,66045.5,65944.4,66005.4,0
2023-09-26 12:15:00,1695710700,66005.9,66022.4,65865.6,65924.1,0
2023-09-26 13:15:00,1695714300,65934.3,66014.8,65912.9,65978.9,0
2023-09-26 14:15:00,1695717900,65972.6,66004,65929.7,65975.8,0
2023-09-26 15:15:00,1695721500,65963.4,65987.8,65951.8,65979.7,0
2023-09-27 09:15:00,1695786300,65925.6,65925.6,65561.7,65573.6,0
2023-09-27 10:15:00,1695789900,65575.1,65804,65550,65800,0
2023-09-27 11:15:00,1695793500,65794.8,65911.4,65758.4,65879.1,0
2023-09-27 12:15:00,1695797100,65878.6,66010,65858.2,65998.3,0
2023-09-27 13:15:00,1695800700,66003.4,66119.6,65978.8,66048.1,0
2023-09-27 14:15:00,1695804300,66052.3,66172.3,65981.1,66105.5,0
2023-09-27 15:15:00,1695807900,66099.9,66167.7,66087.8,66155.9,0
2023-09-28 09:15:00,1695872700,66406,66406,65981.8,66174.8,0
2023-09-28 10:15:00,1695876300,66166.9,66238.4,65932.3,65940,0
2023-09-28 11:15:00,1695879900,65937.4,65962,65796.3,65826.8,0
2023-09-28 12:15:00,1695883500,65828.9,65855.2,65692.8,65711.1,0
2023-09-28 13:15:00,1695887100,65717.2,65717.4,65554,65603.2,0
2023-09-28 14:15:00,1695890700,65598.4,65691.6,65423.4,65438.6,0
2023-09-28 15:15:00,1695894300,65440.2,65613,65440.2,65611.1,0
2023-09-29 09:15:00,1695959100,65743.9,65761.4,65570.4,65721.5,0
2023-09-29 10:15:00,1695962700,65727.7,65753.6,65633.5,65737.3,0
2023-09-29 11:15:00,1695966300,65738.9,65974.1,65719.6,65946.6,0
2023-09-29 12:15:00,1695969900,65949.1,65991.7,65854,65924.9,0
2023-09-29 13:15:00,1695973500,65927.7,66102,65912.5,66055.2,0
2023-09-29 14:15:00,1695977100,66060,66151.6,65780.4,65784.1,0
2023-09-29 15:15:00,1695980700,65779.7,65831.1,65746.1,65811.2,0
2023-10-03 09:15:00,1696304700,65813.4,65813.5,65344.6,65378,0
2023-10-03 10:15:00,1696308300,65385.7,65509.4,65383.1,65441.7,0
2023-10-03 11:15:00,1696311900,65445.4,65545.3,65439.5,65502.5,0
2023-10-03 12:15:00,1696315500,65501.6,65602.7,65493,65602.5,0
2023-10-03 13:15:00,1696319100,65603.3,65649.1,65488.7,65499,0
2023-10-03 14:15:00,1696322700,65499.3,65568.3,65442.7,65524.9,0
2023-10-03 15:15:00,1696326300,65526.4,65538.9,65472.2,65507.4,0
2023-10-04 09:15:00,1696391100,65330.6,65332.5,64979,65054.4,0
2023-10-04 10:15:00,1696394700,65051.8,65174.6,65027.1,65126.4,0
2023-10-04 11:15:00,1696398300,65126.1,65134.7,64930.6,64982.9,0
2023-10-04 12:15:00,1696401900,64986.3,65004.8,64878.8,64945,0
2023-10-04 13:15:00,1696405500,64944.2,65053.9,64897.9,65042,0
2023-10-04 14:15:00,1696409100,65035.5,65267.1,65021.8,65247.1,0
2023-10-04 15:15:00,1696412700,65255.8,65282.8,65192.9,65248.4,0
2023-10-05 09:15:00,1696477500,65598.3,65614.5,65494.9,65554.6,0
2023-10-05 10:15:00,1696481100,65547,65741.4,65443.3,65724.9,0
2023-10-05 11:15:00,1696484700,65727.6,65753.2,65657.9,65667.3,0
2023-10-05 12:15:00,1696488300,65665.8,65672.4,65562.4,65579.7,0
2023-10-05 13:15:00,1696491900,65582.5,65696.4,65573.7,65667.1,0
2023-10-05 14:15:00,1696495500,65663.1,65720.7,65599.3,65632.7,0
2023-10-05 15:15:00,1696499100,65625.2,65662,65592.8,65633,0
2023-10-06 09:15:00,1696563900,65867.5,65889,65762.3,65811.9,0
2023-10-06 10:15:00,1696567500,65810,66030.7,65777.4,65958.9,0
2023-10-06 11:15:00,1696571100,65960.1,65963.4,65813.1,65893.2,0
2023-10-06 12:15:00,1696574700,65889,65976.6,65857.2,65971.4,0
2023-10-06 13:15:00,1696578300,65973.4,66047,65950.4,66030.7,0
2023-10-06 14:15:00,1696581900,66031.7,66095.8,65968.2,66038.3,0
2023-10-06 15:15:00,1696585500,66030.8,66046.2,65935.5,65991.2,0
2023-10-09 09:15:00,1696823100,65560.1,65790,65434.6,65742.4,0
2023-10-09 10:15:00,1696826700,65738,65787.1,65637.4,65671.9,0
2023-10-09 11:15:00,1696830300,65674.3,65709.1,65651.4,65662.8,0
2023-10-09 12:15:00,1696833900,65656.3,65671.1,65504.6,65526,0
2023-10-09 13:15:00,1696837500,65526.4,65612.1,65511.5,65533.9,0
2023-10-09 14:15:00,1696841100,65533,65626.5,65484.1,65536.3,0
2023-10-09 15:15:00,1696844700,65537.7,65541.6,65467.3,65479.4,0
2023-10-10 09:15:00,1696909500,65662.3,65878.5,65662.3,65874.7,0
2023-10-10 10:15:00,1696913100,65875,65907,65841.7,65883.5,0
2023-10-10 11:15:00,1696916700,65886.2,66002.5,65840.3,66000.1,0
2023-10-10 12:15:00,1696920300,65994.4,66087.9,65956.7,66070.5,0
2023-10-10 13:15:00,1696923900,66071.1,66149.3,66055.8,66108.2,0
2023-10-10 14:15:00,1696927500,66106.4,66180.2,66063.1,66088.2,0
2023-10-10 15:15:00,1696931100,66088.2,66111.7,66059.3,66099.2,0
2023-10-11 09:15:00,1696995900,66376.4,66572,66299.8,66478.3,0
2023-10-11 10:15:00,1696999500,66479.9,66592.2,66461.8,66485.8,0
2023-10-11 11:15:00,1697003100,66485.1,66533.7,66460.2,66483.2,0
2023-10-11 12:15:00,1697006700,66487.1,66494.7,66377.3,66489.6,0
2023-10-11 13:15:00,1697010300,66487.6,66492.2,66403.4,66454.9,0
2023-10-11 14:15:00,1697013900,66456.1,66540.8,66431.2,66487,0
2023-10-11 15:15:00,1697017500,66492.6,66509.1,66451.8,66455.6,0
2023-10-12 09:15:00,1697082300,66564.6,66577.6,66354.9,66412.7,0
2023-10-12 10:15:00,1697085900,66415.7,66512.7,66342.5,66506.1,0
2023-10-12 11:15:00,1697089500,66507.8,66533.6,66433.6,66489.3,0
2023-10-12 12:15:00,1697093100,66489.5,66507.3,66413.1,66421.1,0
2023-10-12 13:15:00,1697096700,66424.6,66479.4,66413.6,66431.9,0
2023-10-12 14:15:00,1697100300,66431.3,66465.4,66366.9,66451.1,0
2023-10-12 15:15:00,1697103900,66443.6,66451.5,66350.5,66375.3,0
2023-10-13 09:15:00,1697168700,66034.2,66176.1,65895.4,66042.9,0
2023-10-13 10:15:00,1697172300,66055.6,66099.6,65965,66006,0
2023-10-13 11:15:00,1697175900,66003,66083.6,65959.4,66038.8,0
2023-10-13 12:15:00,1697179500,66038.3,66276,66032.9,66266.9,0
2023-10-13 13:15:00,1697183100,66260.5,66379.1,66200,66374.3,0
2023-10-13 14:15:00,1697186700,66372.9,66478.9,66236.2,66292.6,0
2023-10-13 15:15:00,1697190300,66286.1,66307.4,66199.4,66211.8,0
2023-10-16 09:15:00,1697427900,66238.1,66263.6,66039.4,66245.8,0
2023-10-16 10:15:00,1697431500,66245.4,66313.8,66157.5,66222.8,0
2023-10-16 11:15:00,1697435100,66222,66342.8,66184.9,66282.9,0
2023-10-16 12:15:00,1697438700,66283.5,66328.1,66237.8,66242.6,0
2023-10-16 13:15:00,1697442300,66239.6,66305.1,66211.4,66255,0
2023-10-16 14:15:00,1697445900,66253.7,66292.8,66171.9,66171.9,0
2023-10-16 15:15:00,1697449500,66179.5,66181.2,66126.7,66164.7,0
2023-10-17 09:15:00,1697514300,66558.1,66559.8,66446.3,66468.3,0
2023-10-17 10:15:00,1697517900,66460.8,66527.9,66426.1,66497.5,0
2023-10-17 11:15:00,1697521500,66504.2,66515.2,66451.5,66483.1,0
2023-10-17 12:15:00,1697525100,66486.3,66550,66465.5,66529.8,0
2023-10-17 13:15:00,1697528700,66529.5,66556.8,66309.2,66320.1,0
2023-10-17 14:15:00,1697532300,66318.8,66464.5,66315.2,66422.8,0
2023-10-17 15:15:00,1697535900,66422,66468.6,66401.9,66437.4,0
2023-10-18 09:15:00,1697600700,66473.7,66475.3,66266.7,66450.7,0
2023-10-18 10:15:00,1697604300,66448.6,66454.8,66041.8,66072,0
2023-10-18 11:15:00,1697607900,66067.4,66147,65954.1,66004.8,0
2023-10-18 12:15:00,1697611500,66004.6,66025,65909.7,66023.6,0
2023-10-18 13:15:00,1697615100,66019.1,66074.2,65964.9,66046.6,0
2023-10-18 14:15:00,1697618700,66047.5,66050.8,65853.7,65897.9,0
2023-10-18 15:15:00,1697622300,65891,65895.5,65842.1,65878.2,0
2023-10-19 09:15:00,1697687100,65484.6,65592.5,65343.5,65545.1,0
2023-10-19 10:15:00,1697690700,65547.9,65595.2,65480.8,65537.6,0
2023-10-19 11:15:00,1697694300,65538,65826.2,65530.1,65821.4,0
2023-10-19 12:15:00,1697697900,65812.9,65826.1,65724.7,65744.9,0
2023-10-19 13:15:00,1697701500,65744.2,65869.6,65663.3,65796.8,0
2023-10-19 14:15:00,1697705100,65795.5,65798.6,65644.4,65651.4,0
2023-10-19 15:15:00,1697708700,65648.3,65678.9,65563.5,65600.5,0
2023-10-20 09:15:00,1697773500,65437.1,65555.1,65308.6,65494.2,0
2023-10-20 10:15:00,1697777100,65490.8,65518.4,65397.8,65465.2,0
2023-10-20 11:15:00,1697780700,65459.5,65499.2,65332.7,65408.4,0
2023-10-20 12:15:00,1697784300,65406.6,65442,65329.6,65387.3,0
2023-10-20 13:15:00,1697787900,65389.1,65510.7,65360.9,65411.8,0
2023-10-20 14:15:00,1697791500,65410.3,65469.3,65338.1,65427.2,0
2023-10-20 15:15:00,1697795100,65401.3,65444.7,65327.6,65413,0
2023-10-23 09:15:00,1698032700,65419,65453.9,65232.3,65245.6,0
2023-10-23 10:15:00,1698036300,65242.2,65263.1,65162.9,65244.3,0
2023-10-23 11:15:00,1698039900,65247.1,65262,65143.5,65202.2,0
2023-10-23 12:15:00,1698043500,65205.5,65225.5,65098.9,65117.4,0
2023-10-23 13:15:00,1698047100,65108.8,65152.2,65022.5,65108.3,0
2023-10-23 14:15:00,1698050700,65109.4,65115.1,64540,64556.9,0
2023-10-23 15:15:00,1698054300,64565.5,64607.2,64502.7,64561.8,0
2023-10-25 09:15:00,1698205500,64619.3,64787.1,64502.6,64692,0
2023-10-25 10:15:00,1698209100,64697,64704.2,64503.6,64562.9,0
2023-10-25 11:15:00,1698212700,64563.8,64580.6,64342,64411.3,0
2023-10-25 12:15:00,1698216300,64411.3,64425.2,63912.2,63947.3,0
2023-10-25 13:15:00,1698219900,63933.9,64217.7,63913.7,64217.7,0
2023-10-25 14:15:00,1698223500,64218.4,64228.5,64025.5,64086.6,0
2023-10-25 15:15:00,1698227100,64088.4,64112.4,63983.9,64042.3,0
2023-10-26 09:15:00,1698291900,63774.2,63774.2,63376.6,63389.7,0
2023-10-26 10:15:00,1698295500,63393.5,63411.1,63186.2,63195.6,0
2023-10-26 11:15:00,1698299100,63199.6,63314.3,63119.2,63186.3,0
2023-10-26 12:15:00,1698302700,63185.7,63330.3,63183.1,63298.2,0
2023-10-26 13:15:00,1698306300,63303.1,63323.3,63141.3,63229.7,0
2023-10-26 14:15:00,1698309900,63233.6,63304,63114.1,63167.9,0
2023-10-26 15:15:00,1698313500,63170.6,63196.8,63093,63142.2,0
2023-10-27 09:15:00,1698378300,63559.3,63757.1,63393.4,63605.8,0
2023-10-27 10:15:00,1698381900,63603.7,63744.9,63547.6,63677.6,0
2023-10-27 11:15:00,1698385500,63679.3,63839.3,63670.8,63787.8,0
2023-10-27 12:15:00,1698389100,63791.2,63799.6,63660.6,63720.6,0
2023-10-27 13:15:00,1698392700,63722.1,63901.2,63713.1,63835.8,0
2023-10-27 14:15:00,1698396300,63833.2,63913.1,63733,63772.1,0
2023-10-27 15:15:00,1698399900,63766.1,63841.7,63721.9,63835.3,0
2023-10-30 09:15:00,1698637500,63885.6,63885.6,63431.4,63668.3,0
2023-10-30 10:15:00,1698641100,63665.3,63963.1,63632.7,63898,0
2023-10-30 11:15:00,1698644700,63904.2,64081,63876.8,64017.8,0
2023-10-30 12:15:00,1698648300,64014.1,64084.7,63945.1,64078.7,0
2023-10-30 13:15:00,1698651900,64076,64124.1,63994.2,64057.4,0
2023-10-30 14:15:00,1698655500,64056.8,64160.8,63981.3,64118.7,0
2023-10-30 15:15:00,1698659100,64112.2,64183.9,64099.2,64179.4,0
2023-10-31 09:15:00,1698723900,64449.6,64452.3,63953.9,63973.4,0
2023-10-31 10:15:00,1698727500,63973.9,64015.8,63843.2,63957.2,0
2023-10-31 11:15:00,1698731100,63959.5,64019.2,63849.3,63889.7,0
2023-10-31 12:15:00,1698734700,63892.4,64012.2,63867.8,63989,0
2023-10-31 13:15:00,1698738300,63987.6,64066.2,63930.5,63994.9,0
2023-10-31 14:15:00,1698741900,63991.3,64124.7,63812.5,63926.2,0
2023-10-31 15:15:00,1698745500,63918.1,63920.1,63846.3,63893.3,0
2023-11-01 09:15:00,1698810300,63829.9,63896.1,63647.8,63730.4,0
2023-11-01 10:15:00,1698813900,63733.1,63790.3,63684.9,63752.1,0
2023-11-01 11:15:00,1698817500,63737.6,63780.9,63686.3,63770.4,0
2023-11-01 12:15:00,1698821100,63771.1,63821.5,63591.4,63623.3,0
2023-11-01 13:15:00,1698824700,63615,63729.5,63566.4,63664.2,0
2023-11-01 14:15:00,1698828300,63662.3,63711.7,63594.4,63600,0
2023-11-01 15:15:00,1698831900,63599.9,63627.9,63550.5,63610.2,0
2023-11-02 09:15:00,1698896700,64033.4,64202.6,63992.9,64057.4,0
2023-11-02 10:15:00,1698900300,64052.9,64081.6,63984.1,64053.2,0
2023-11-02 11:15:00,1698903900,64053.2,64055.2,63815.4,63880.8,0
2023-11-02 12:15:00,1698907500,63879.4,63994.6,63860.6,63983.6,0
2023-11-02 13:15:00,1698911100,63990.9,64054.6,63926.5,64037.9,0
2023-11-02 14:15:00,1698914700,64034.1,64107.1,63981.1,64041.6,0
2023-11-02 15:15:00,1698918300,64034.2,64144.7,64032.5,64132.8,0
2023-11-03 09:15:00,1698983100,64444.9,64521.2,64384.4,64491.8,0
2023-11-03 10:15:00,1698986700,64495.3,64535.2,64419.2,64498.4,0
2023-11-03 11:15:00,1698990300,64501.1,64521.7,64350.7,64417.9,0
2023-11-03 12:15:00,1698993900,64415.4,64486.5,64371.5,64448.9,0
2023-11-03 13:15:00,1698997500,64453.8,64531.8,64413.4,64452.1,0
2023-11-03 14:15:00,1699001100,64456.6,64531.1,64275.4,64373,0
2023-11-03 15:15:00,1699004700,64373,64380.1,64337.7,64350.4,0
2023-11-06 09:15:00,1699242300,64835.2,64835.2,64624.8,64765.8,0
2023-11-06 10:15:00,1699245900,64763.2,64815.7,64617.5,64680.9,0
2023-11-06 11:15:00,1699249500,64685.9,64753.4,64667.4,64740.8,0
2023-11-06 12:15:00,1699253100,64737.9,64786.2,64708.4,64781.5,0
2023-11-06 13:15:00,1699256700,64780.1,64818.1,64755.3,64817,0
2023-11-06 14:15:00,1699260300,64819.8,64971.1,64810.2,64964.3,0
2023-11-06 15:15:00,1699263900,64962.8,64992.5,64918.7,64951.2,0
2023-11-07 09:15:00,1699328700,65021.3,65021.3,64701.6,64765.4,0
2023-11-07 10:15:00,1699332300,64762.4,64860.3,64745.9,64844.5,0
2023-11-07 11:15:00,1699335900,64846.6,64864.6,64638.1,64703,0
2023-11-07 12:15:00,1699339500,64703,64778.3,64690.3,64761,0
2023-11-07 13:15:00,1699343100,64760.1,64923.4,64719.9,64898.9,0
2023-11-07 14:15:00,1699346700,64899.2,64930,64829.3,64892.4,0
2023-11-07 15:15:00,1699350300,64902,64981,64891.6,64956.5,0
2023-11-08 09:15:00,1699415100,65101.9,65070,64896.8,64958.6,0
2023-11-08 10:15:00,1699418700,64956.4,65007.8,64852,64882.6,0
2023-11-08 11:15:00,1699422300,64880.3,64991.4,64858.5,64977.1,0
2023-11-08 12:15:00,1699425900,64978,65003.8,64921.4,64999.1,0
2023-11-08 13:15:00,1699429500,64999.5,65067.3,64983.7,64983.7,0
2023-11-08 14:15:00,1699433100,64981.2,65025.3,64886.5,65018.2,0
2023-11-08 15:15:00,1699436700,65018.8,65022.7,64934.8,64963.6,0
2023-11-09 09:15:00,1699501500,65029.7,65034.5,64873.5,65018.2,0
2023-11-09 10:15:00,1699505100,65019.2,65029.3,64907.6,64954.7,0
2023-11-09 11:15:00,1699508700,64953.5,65046.4,64933.6,64973.2,0
2023-11-09 12:15:00,1699512300,64977.4,65018.9,64905.3,64934.4,0
2023-11-09 13:15:00,1699515900,64934.8,64963.6,64852.1,64895.2,0
2023-11-09 14:15:00,1699519500,64897.6,64908,64772,64821.6,0
2023-11-09 15:15:00,1699523100,64822.7,64855.5,64797,64828.8,0
2023-11-10 09:15:00,1699587900,64688.7,64716.6,64586.4,64661.8,0
2023-11-10 10:15:00,1699591500,64662,64779,64662,64691,0
2023-11-10 11:15:00,1699595100,64691.2,64787.4,64681,64772.9,0
2023-11-10 12:15:00,1699598700,64774,64876.4,64745.2,64776.4,0
2023-11-10 13:15:00,1699602300,64778.7,64882.2,64753.7,64807.5,0
2023-11-10 14:15:00,1699605900,64808.2,64947.5,64709.4,64947.5,0
2023-11-10 15:15:00,1699609500,64946.8,65013.9,64906.1,64985.3,0
2023-11-12 18:15:00,1699793100,65360.9,65360.9,65231.8,65256.7,0
2023-11-13 09:15:00,1699847100,65158.3,65174.1,64941.6,65055.2,0
2023-11-13 10:15:00,1699850700,65054.2,65068.2,64854.1,64865.6,0
2023-11-13 11:15:00,1699854300,64866.8,64973.6,64857.5,64932.3,0
2023-11-13 12:15:00,1699857900,64935.9,64961.7,64911.2,64924.4,0
2023-11-13 13:15:00,1699861500,64924.7,64992.9,64914.4,64984.7,0
2023-11-13 14:15:00,1699865100,64984.1,65003.7,64910.6,64922.2,0
2023-11-13 15:15:00,1699868700,64922.2,64946.6,64888.4,64914.7,0
2023-11-15 09:15:00,1700019900,65461.5,65579,65373.5,65537.1,0
2023-11-15 10:15:00,1700023500,65533.7,65559.2,65473.5,65522.7,0
2023-11-15 11:15:00,1700027100,65521.6,65530.3,65472.9,65516,0
2023-11-15 12:15:00,1700030700,65516.4,65596,65509.3,65591,0
2023-11-15 13:15:00,1700034300,65591.2,65660.4,65576.1,65606.2,0
2023-11-15 14:15:00,1700037900,65608,65683.7,65577.7,65680.2,0
2023-11-15 15:15:00,1700041500,65677.1,65746.6,65665.3,65695.5,0
2023-11-16 09:15:00,1700106300,65665.9,65824.9,65510.5,65818.5,0
2023-11-16 10:15:00,1700109900,65817.5,66098.6,65797.7,66093,0
2023-11-16 11:15:00,1700113500,66094,66149.4,66061.7,66117.8,0
2023-11-16 12:15:00,1700117100,66117.5,66161.1,66079.9,66151.7,0
2023-11-16 13:15:00,1700120700,66151.8,66185.8,66100.5,66181.2,0
2023-11-16 14:15:00,1700124300,66182.2,66357.1,65845.8,65887.7,0
2023-11-16 15:15:00,1700127900,65883.5,66003.9,65854.4,65975,0
2023-11-17 09:15:00,1700192700,65788.8,66037.3,65639.7,65943.1,0
2023-11-17 10:15:00,1700196300,65930.3,66025.7,65836.1,65916.7,0
2023-11-17 11:15:00,1700199900,65913.4,65955.2,65830.7,65894.4,0
2023-11-17 12:15:00,1700203500,65893.9,65983.5,65812.2,65911.4,0
2023-11-17 13:15:00,1700207100,65911.2,65937,65752.6,65885.8,0
2023-11-17 14:15:00,1700210700,65885.3,65927.1,65762.1,65825.4,0
2023-11-17 15:15:00,1700214300,65823.6,65844.9,65719.6,65737.1,0
2023-11-20 09:15:00,1700451900,65787.5,65823.4,65645.7,65685.8,0
2023-11-20 10:15:00,1700455500,65685.6,65844,65572.7,65572.7,0
2023-11-20 11:15:00,1700459100,65572.5,65665.8,65547.9,65650.6,0
2023-11-20 12:15:00,1700462700,65650.8,65695.8,65607.6,65684.1,0
2023-11-20 13:15:00,1700466300,65682.2,65708.2,65622.3,65663.1,0
2023-11-20 14:15:00,1700469900,65663.8,65738.4,65629.1,65646.7,0
2023-11-20 15:15:00,1700473500,65645.7,65683.6,65634,65654.9,0
2023-11-21 09:15:00,1700538300,65860.5,65958.9,65850.3,65875.4,0
2023-11-21 10:15:00,1700541900,65874.9,65929.2,65864.6,65916,0
2023-11-21 11:15:00,1700545500,65916.7,65981.1,65905.3,65981.1,0
2023-11-21 12:15:00,1700549100,65980.7,66082.4,65882.3,65902.1,0
2023-11-21 13:15:00,1700552700,65902.3,66032.3,65891.3,65969.9,0
2023-11-21 14:15:00,1700556300,65970.2,65980.5,65918.4,65940.7,0
2023-11-21 15:15:00,1700559900,65939.5,65957,65902.7,65922.2,0
2023-11-22 09:15:00,1700624700,65839.6,66054.4,65835.5,66037.5,0
2023-11-22 10:15:00,1700628300,66037,66056.8,65946.6,65972.9,0
2023-11-22 11:15:00,1700631900,65972.3,66000.1,65821.4,65821.4,0
2023-11-22 12:15:00,1700635500,65819.2,65857,65665,65797.2,0
2023-11-22 13:15:00,1700639100,65797.6,65839.6,65758.9,65768.8,0
2023-11-22 14:15:00,1700642700,65767.4,66062.3,65761.2,66020.3,0
2023-11-22 15:15:00,1700646300,66023.8,66056.4,66002.9,66017.9,0
2023-11-23 09:15:00,1700711100,66084.4,66235.2,66067.4,66109.7,0
2023-11-23 10:15:00,1700714700,66109.2,66129.4,65990.1,66033.1,0
2023-11-23 11:15:00,1700718300,66033.8,66077.4,66001.8,66020.7,0
2023-11-23 12:15:00,1700721900,66023.4,66109.3,65991,66060.6,0
2023-11-23 13:15:00,1700725500,66059.3,66099.3,66030.6,66047.5,0
2023-11-23 14:15:00,1700729100,66048.6,66061.3,65980.9,66011.4,0
2023-11-23 15:15:00,1700732700,66009.9,66070.4,65999.5,66039,0
2023-11-24 09:15:00,1700797500,66000.3,66099.8,65962,66019.6,0
2023-11-24 10:15:00,1700801100,66020,66059.1,65970.8,66021.4,0
2023-11-24 11:15:00,1700804700,66022.8,66072.3,65937.7,66037.1,0
2023-11-24 12:15:00,1700808300,66039.3,66042.9,65894,65904.3,0
2023-11-24 13:15:00,1700811900,65904,66031,65894.9,65985.1,0
2023-11-24 14:15:00,1700815500,65985.5,66052.3,65922,65963.4,0
2023-11-24 15:15:00,1700819100,65962.8,66005.3,65931.1,65939.9,0
2023-11-28 09:15:00,1701143100,66063.7,66098.8,65936.7,65954.8,0
2023-11-28 10:15:00,1701146700,65953.6,65997.9,65911.3,65956.6,0
2023-11-28 11:15:00,1701150300,65952.6,66000.1,65911,65980.7,0
2023-11-28 12:15:00,1701153900,65981.1,65994.1,65938.8,65948.8,0
2023-11-28 13:15:00,1701157500,65950.4,65964,65906.6,65921.2,0
2023-11-28 14:15:00,1701161100,65921.7,66190.8,65921.7,66185.1,0
2023-11-28 15:15:00,1701164700,66180.2,66255.3,66153.6,66232.8,0
2023-11-29 09:15:00,1701229500,66381.3,66588.2,66374.5,66585,0
2023-11-29 10:15:00,1701233100,66584.4,66596.9,66526.1,66573.9,0
2023-11-29 11:15:00,1701236700,66573,66665.2,66550.1,66663.2,0
2023-11-29 12:15:00,1701240300,66662.1,66715.2,66638.4,66701.8,0
2023-11-29 13:15:00,1701243900,66699.3,66830.3,66688.7,66778.5,0
2023-11-29 14:15:00,1701247500,66783.5,66941.9,66768.8,66940.1,0
2023-11-29 15:15:00,1701251100,66941.3,66944.8,66876.9,66876.9,0
2023-11-30 09:15:00,1701315900,66963.2,67020.1,66611.2,66694.3,0
2023-11-30 10:15:00,1701319500,66695.5,66860.5,66685.4,66728.1,0
2023-11-30 11:15:00,1701323100,66730.9,66769.7,66701.1,66709.9,0
2023-11-30 12:15:00,1701326700,66710.1,66770.9,66667.3,66756.1,0
2023-11-30 13:15:00,1701330300,66756.8,66915.1,66730.6,66736.4,0
2023-11-30 14:15:00,1701333900,66736.8,66999.1,66735.9,66981.3,0
2023-11-30 15:15:00,1701337500,66981.4,67067.4,66948.9,66969.5,0
2023-12-01 09:15:00,1701402300,67181.1,67438.8,67149.1,67434.1,0
2023-12-01 10:15:00,1701405900,67431.3,67485.1,67400.6,67464.7,0
2023-12-01 11:15:00,1701409500,67464,67556.8,67429.6,67475.3,0
2023-12-01 12:15:00,1701413100,67474.3,67549.8,67445.9,67489,0
2023-12-01 13:15:00,1701416700,67488.8,67552.4,67423.6,67474.4,0
2023-12-01 14:15:00,1701420300,67474.4,67557.5,67352.6,67461,0
2023-12-01 15:15:00,1701423900,67464.9,67520.2,67438.1,67439.6,0
2023-12-04 09:15:00,1701661500,68435.3,68587.8,68276.8,68381.9,0
2023-12-04 10:15:00,1701665100,68383.4,68457.6,68297.1,68457.6,0
2023-12-04 11:15:00,1701668700,68454.3,68503.8,68400.3,68490.1,0
2023-12-04 12:15:00,1701672300,68489.9,68528.6,68445.7,68515.7,0
2023-12-04 13:15:00,1701675900,68514.9,68709.4,68508.2,68696.2,0
2023-12-04 14:15:00,1701679500,68700.9,68917.1,68665.1,68834.4,0
2023-12-04 15:15:00,1701683100,68831.9,68903.5,68827.7,68856.5,0
2023-12-05 09:15:00,1701747900,69168.5,69307,68957.1,69244.9,0
2023-12-05 10:15:00,1701751500,69248.9,69380.4,69203,69244,0
2023-12-05 11:15:00,1701755100,69246.5,69252.1,68986,69135,0
2023-12-05 12:15:00,1701758700,69133.7,69239,69101.9,69201.6,0
2023-12-05 13:15:00,1701762300,69199.7,69269,69124.5,69188.7,0
2023-12-05 14:15:00,1701765900,69188.5,69329,69146,69303.5,0
2023-12-05 15:15:00,1701769500,69304.1,69327.8,69264,69288.7,0
2023-12-06 09:15:00,1701834300,69534.9,69673.6,69395,69451.9,0
2023-12-06 10:15:00,1701837900,69451.6,69628.2,69430.6,69597.6,0
2023-12-06 11:15:00,1701841500,69594.9,69639.8,69554.1,69616.2,0
2023-12-06 12:15:00,1701845100,69614.4,69625.3,69458.1,69470.2,0
2023-12-06 13:15:00,1701848700,69469.3,69641,69409.7,69615.5,0
2023-12-06 14:15:00,1701852300,69614.4,69744.6,69605.7,69674.3,0
2023-12-06 15:15:00,1701855900,69675.3,69685.1,69606.7,69649.3,0
2023-12-07 09:15:00,1701920700,69694.1,69695.3,69320.5,69400,0
2023-12-07 10:15:00,1701924300,69400.4,69621.8,69373.2,69594.8,0
2023-12-07 11:15:00,1701927900,69595.4,69603.5,69500.8,69562.7,0
2023-12-07 12:15:00,1701931500,69562.3,69584.8,69509.3,69577.9,0
2023-12-07 13:15:00,1701935100,69579.1,69593.3,69504.3,69528.5,0
2023-12-07 14:15:00,1701938700,69526.4,69571.7,69437.1,69508.9,0
2023-12-07 15:15:00,1701942300,69514.4,69574.1,69501.1,69533.6,0
2023-12-08 09:15:00,1702007100,69666.4,69887,69606.7,69828.8,0
2023-12-08 10:15:00,1702010700,69829.4,69877.7,69685,69759.5,0
2023-12-08 11:15:00,1702014300,69757.2,69838.9,69748.9,69790.6,0
2023-12-08 12:15:00,1702017900,69792.6,69840,69605.1,69705.6,0
2023-12-08 13:15:00,1702021500,69706.6,69748.2,69506.2,69682.5,0
2023-12-08 14:15:00,1702025100,69676.4,69893.6,69598.2,69890.3,0
2023-12-08 15:15:00,1702028700,69870.9,69888,69803.2,69843,0
2023-12-11 09:15:00,1702266300,69925.6,70048.8,69797.1,69988.8,0
2023-12-11 10:15:00,1702269900,69988.2,70057.1,69794.8,69964.6,0
2023-12-11 11:15:00,1702273500,69960.9,69974.8,69837.5,69884,0
2023-12-11 12:15:00,1702277100,69881.1,69893.3,69782.5,69872.9,0
2023-12-11 13:15:00,1702280700,69873.6,69943.9,69849.1,69914.9,0
2023-12-11 14:15:00,1702284300,69915.8,69979.4,69884.1,69927.5,0
2023-12-11 15:15:00,1702287900,69928.1,69955.2,69866.2,69917.2,0
2023-12-12 09:15:00,1702352700,70020.7,70033.6,69889.2,69914.1,0
2023-12-12 10:15:00,1702356300,69914,69971.8,69815,69947.9,0
2023-12-12 11:15:00,1702359900,69948.2,69957.6,69871.4,69939.2,0
2023-12-12 12:15:00,1702363500,69940.2,69950,69746.5,69761.6,0
2023-12-12 13:15:00,1702367100,69760.2,69794.3,69656,69657,0
2023-12-12 14:15:00,1702370700,69660.1,69690.1,69444.2,69557.4,0
2023-12-12 15:15:00,1702374300,69554,69589.6,69526.7,69537.2,0
2023-12-13 09:15:00,1702439100,69648.6,69655.8,69270,69353.1,0
2023-12-13 10:15:00,1702442700,69353.3,69365.6,69207.9,69307.4,0
2023-12-13 11:15:00,1702446300,69307.1,69325.1,69130.1,69158.5,0
2023-12-13 12:15:00,1702449900,69159.1,69308.5,69100.6,69266.1,0
2023-12-13 13:15:00,1702453500,69265.3,69491.2,69260.9,69448.1,0
2023-12-13 14:15:00,1702457100,69448.4,69628.1,69342.1,69578.4,0
2023-12-13 15:15:00,1702460700,69579.3,69657.4,69562.4,69595.7,0
2023-12-14 09:15:00,1702525500,70146.1,70538,70110.8,70447.8,0
2023-12-14 10:15:00,1702529100,70445.1,70468.3,70362.8,70447.7,0
2023-12-14 11:15:00,1702532700,70444.3,70499,70402.3,70420.5,0
2023-12-14 12:15:00,1702536300,70420.3,70505.9,70388.5,70479,0
2023-12-14 13:15:00,1702539900,70484,70602.7,70466.7,70528.7,0
2023-12-14 14:15:00,1702543500,70528.7,70568.9,70437.3,70460.4,0
2023-12-14 15:15:00,1702547100,70461,70583.9,70457.5,70529.1,0
2023-12-15 09:15:00,1702611900,70804.1,70976.5,70657.4,70973.7,0
2023-12-15 10:15:00,1702615500,70969.1,71080.6,70873.6,70948.8,0
2023-12-15 11:15:00,1702619100,70948.7,71033.6,70926.6,70954.2,0
2023-12-15 12:15:00,1702622700,70953.5,71049.3,70924.6,70970.6,0
2023-12-15 13:15:00,1702626300,70969.2,71170.5,70954.1,71031.8,0
2023-12-15 14:15:00,1702629900,71032,71465.4,70996.1,71464.3,0
2023-12-15 15:15:00,1702633500,71465.7,71605.4,71457.6,71473.7,0
2023-12-18 09:15:00,1702871100,71437.4,71531.9,71142.3,71469.2,0
2023-12-18 10:15:00,1702874700,71469.1,71550.3,71399.7,71484.8,0
2023-12-18 11:15:00,1702878300,71485.1,71550.1,71414.2,71462.5,0
2023-12-18 12:15:00,1702881900,71464.7,71478.8,71306.6,71328.7,0
2023-12-18 13:15:00,1702885500,71330.1,71412.9,71324.9,71383.3,0
2023-12-18 14:15:00,1702889100,71383.7,71449.6,71298.7,71321.2,0
2023-12-18 15:15:00,1702892700,71321,71344,71269.7,71291,0
2023-12-19 09:15:00,1702957500,71479.3,71569.2,71072.5,71125.1,0
2023-12-19 10:15:00,1702961100,71121.1,71296.6,71120.4,71280.5,0
2023-12-19 11:15:00,1702964700,71282.4,71476.8,71226.1,71405,0
2023-12-19 12:15:00,1702968300,71410.6,71533,71394.4,71501.4,0
2023-12-19 13:15:00,1702971900,71502,71572.5,71446.9,71552.6,0
2023-12-19 14:15:00,1702975500,71552.6,71623.3,71363.1,71443.7,0
2023-12-19 15:15:00,1702979100,71442,71478.3,71389.2,71399,0
2023-12-20 09:15:00,1703043900,71647.7,71911.7,71647.7,71772.4,0
2023-12-20 10:15:00,1703047500,71772.6,71837.9,71727.3,71779.9,0
2023-12-20 11:15:00,1703051100,71779.7,71785.7,71521.6,71635.1,0
2023-12-20 12:15:00,1703054700,71636.3,71676.5,71483.4,71500.2,0
2023-12-20 13:15:00,1703058300,71500.6,71502.9,70825.1,70912.2,0
2023-12-20 14:15:00,1703061900,70914.8,71044.1,70490.1,70494.5,0
2023-12-20 15:15:00,1703065500,70495.2,70512.1,70305.5,70359.6,0
2023-12-21 09:15:00,1703130300,69920.9,70442.1,69920.4,70392.2,0
2023-12-21 10:15:00,1703133900,70392.6,70614,70215.9,70524.8,0
2023-12-21 11:15:00,1703137500,70525,70643.3,70416.6,70581.7,0
2023-12-21 12:15:00,1703141100,70581,70860.4,70558.5,70825.8,0
2023-12-21 13:15:00,1703144700,70822.8,70884.2,70612.8,70734.9,0
2023-12-21 14:15:00,1703148300,70734.4,70920.9,70717.2,70886.2,0
2023-12-21 15:15:00,1703151900,70884.1,70958.2,70851.6,70951.1,0
2023-12-22 09:15:00,1703216700,71045.6,71153.7,70759.5,71143,0
2023-12-22 10:15:00,1703220300,71143.8,71259.5,71044.5,71179,0
2023-12-22 11:15:00,1703223900,71179.4,71239.5,71138.6,71157.3,0
2023-12-22 12:15:00,1703227500,71165.9,71193.9,70933.3,71063.2,0
2023-12-22 13:15:00,1703231100,71063.7,71161.7,70715.3,70984.5,0
2023-12-22 14:15:00,1703234700,70984.6,71225.7,70943.8,71116.1,0
2023-12-22 15:15:00,1703238300,71114.2,71163.8,71027.5,71045.6,0
2023-12-26 09:15:00,1703562300,71097.8,71288.8,71012.1,71246.2,0
2023-12-26 10:15:00,1703565900,71239.5,71469.5,71239.4,71399.9,0
2023-12-26 11:15:00,1703569500,71399.5,71441.6,71343.9,71415.1,0
2023-12-26 12:15:00,1703573100,71414.2,71466.4,71256.7,71342.6,0
2023-12-26 13:15:00,1703576700,71341.4,71386.5,71289.5,71311.2,0
2023-12-26 14:15:00,1703580300,71310.4,71424.2,71264.2,71319.8,0
2023-12-26 15:15:00,1703583900,71321.3,71396.4,71315.9,71386.6,0
2023-12-27 09:15:00,1703648700,71492,71757.8,71473.6,71725,0
2023-12-27 10:15:00,1703652300,71732.8,71813.1,71711.1,71788,0
2023-12-27 11:15:00,1703655900,71782.4,71871.6,71763.5,71806.6,0
2023-12-27 12:15:00,1703659500,71805.9,71809.5,71603.6,71634.3,0
2023-12-27 13:15:00,1703663100,71634.8,71723.5,71553.8,71711.4,0
2023-12-27 14:15:00,1703666700,71712,72107.3,71679.8,72079.6,0
2023-12-27 15:15:00,1703670300,72079.7,72119.9,72011.3,72011.3,0
2023-12-28 09:15:00,1703735100,72262.7,72406.7,72139.8,72198.8,0
2023-12-28 10:15:00,1703738700,72200.2,72340.8,72145.8,72309.7,0
2023-12-28 11:15:00,1703742300,72309.8,72343.1,72260.7,72284,0
2023-12-28 12:15:00,1703745900,72279.9,72435.6,72279.2,72401.3,0
2023-12-28 13:15:00,1703749500,72403.3,72418.3,72301.8,72330.8,0
2023-12-28 14:15:00,1703753100,72330.2,72423.5,72269.5,72402.8,0
2023-12-28 15:15:00,1703756700,72403.9,72484.2,72357.1,72376.8,0
2023-12-29 09:15:00,1703821500,72351.6,72417,72109,72114,0
2023-12-29 10:15:00,1703825100,72115.9,72240.1,72092.5,72205.7,0
2023-12-29 11:15:00,1703828700,72200.4,72326,72192.3,72277.3,0
2023-12-29 12:15:00,1703832300,72274.7,72330.6,72186.2,72253,0
2023-12-29 13:15:00,1703835900,72255.1,72313.5,72124.6,72126.7,0
2023-12-29 14:15:00,1703839500,72126,72350,72082.6,72159.1,0
2023-12-29 15:15:00,1703843100,72163.6,72270.3,72152.1,72206.4,0
2024-01-01 09:15:00,1704080700,72218.4,72222.7,72033,72115.6,0
2024-01-01 10:15:00,1704084300,72115.5,72223.8,72059.6,72220.1,0
2024-01-01 11:15:00,1704087900,72220.7,72244.2,72131.5,72212.4,0
2024-01-01 12:15:00,1704091500,72213.9,72252.1,72116.2,72200.8,0
2024-01-01 13:15:00,1704095100,72201.1,72402.3,72201.1,72397.3,0
2024-01-01 14:15:00,1704098700,72392.6,72561.9,72167.9,72197.1,0
2024-01-01 15:15:00,1704102300,72197.9,72232.5,72031.2,72078.5,0
2024-01-02 09:15:00,1704167100,72332.9,72332.9,71839.4,71944.1,0
2024-01-02 10:15:00,1704170700,71942,71965.3,71613.7,71698.1,0
2024-01-02 11:15:00,1704174300,71697.8,71769.2,71642.2,71729.6,0
2024-01-02 12:15:00,1704177900,71731.5,71857.8,71701.8,71734,0
2024-01-02 13:15:00,1704181500,71734.3,71898.1,71723.5,71883,0
2024-01-02 14:15:00,1704185100,71882.5,71986.2,71787.2,71896.1,0
2024-01-02 15:15:00,1704188700,71888.3,71930.2,71861.7,71874.6,0
2024-01-03 09:15:00,1704253500,71832.6,71862,71494.1,71560.7,0
2024-01-03 10:15:00,1704257100,71561,71586.5,71442.2,71568.4,0
2024-01-03 11:15:00,1704260700,71562.1,71648.8,71513.4,71554.8,0
2024-01-03 12:15:00,1704264300,71551.6,71578.4,71396.4,71569.6,0
2024-01-03 13:15:00,1704267900,71574.5,71610.5,71523.4,71551.7,0
2024-01-03 14:15:00,1704271500,71550.2,71556.1,71324.4,71364.2,0
2024-01-03 15:15:00,1704275100,71363.1,71395.5,71304,71385.7,0
2024-01-04 09:15:00,1704339900,71678.9,71772.9,71546.6,71765.1,0
2024-01-04 10:15:00,1704343500,71768.8,71848.9,71742.1,71838.3,0
2024-01-04 11:15:00,1704347100,71837.4,71862.4,71790.7,71804.7,0
2024-01-04 12:15:00,1704350700,71804.5,71914.1,71801.5,71903.9,0
2024-01-04 13:15:00,1704354300,71904.2,71908,71800.8,71834.8,0
2024-01-04 14:15:00,1704357900,71835,71877.6,71787.3,71832.8,0
2024-01-04 15:15:00,1704361500,71846,71954.8,71832.5,71908.8,0
2024-01-05 09:15:00,1704426300,72016.7,72156.5,71997,72065.9,0
2024-01-05 10:15:00,1704429900,72066.1,72112.5,71892.9,71955.7,0
2024-01-05 11:15:00,1704433500,71959.8,71978.1,71858.2,71925.7,0
2024-01-05 12:15:00,1704437100,71926.7,71984.9,71843,71947.7,0
2024-01-05 13:15:00,1704440700,71947.4,71964.7,71799.9,71818.6,0
2024-01-05 14:15:00,1704444300,71817.7,72106.5,71779.8,72069.2,0
2024-01-05 15:15:00,1704447900,72067,72067.7,71905.3,72013.3,0
2024-01-08 09:15:00,1704685500,72113.2,72181.8,71813.3,71991.3,0
2024-01-08 10:15:00,1704689100,71991.6,72099.7,71681.5,71740.3,0
2024-01-08 11:15:00,1704692700,71738,71815.8,71521.2,71618.7,0
2024-01-08 12:15:00,1704696300,71619.7,71702,71556.2,71571.1,0
2024-01-08 13:15:00,1704699900,71572.6,71657.7,71504.3,71612.5,0
2024-01-08 14:15:00,1704703500,71612.2,71632.5,71306.5,71357.7,0
2024-01-08 15:15:00,1704707100,71362.4,71394.1,71301,71363.4,0
2024-01-09 09:15:00,1704771900,71770.9,71871.8,71622.1,71811.8,0
2024-01-09 10:15:00,1704775500,71813.5,72007.8,71792.4,71952.3,0
2024-01-09 11:15:00,1704779100,71951.2,72004.4,71885.8,71946.8,0
2024-01-09 12:15:00,1704782700,71944.1,72035.5,71937.7,71988.9,0
2024-01-09 13:15:00,1704786300,71990.2,72011.2,71772.5,71797.6,0
2024-01-09 14:15:00,1704789900,71797.2,71810.9,71364.3,71401.7,0
2024-01-09 15:15:00,1704793500,71395,71455.2,71307.3,71399.9,0
2024-01-10 09:15:00,1704858300,71383.2,71454.7,71111,71390.5,0
2024-01-10 10:15:00,1704861900,71390.1,71498.8,71299.1,71401.4,0
2024-01-10 11:15:00,1704865500,71404.5,71474.3,71301.7,71352,0
2024-01-10 12:15:00,1704869100,71352.1,71384.9,71166.4,71304.4,0
2024-01-10 13:15:00,1704872700,71303.7,71407.4,71213,71381.9,0
2024-01-10 14:15:00,1704876300,71387.6,71733.8,71317.7,71630.8,0
2024-01-10 15:15:00,1704879900,71630.8,71700.5,71630.7,71668,0
2024-01-11 09:15:00,1704944700,71907.8,71999.5,71776.5,71823,0
2024-01-11 10:15:00,1704948300,71821.8,71860.8,71689.2,71765.3,0
2024-01-11 11:15:00,1704951900,71763,71815.8,71737.1,71753.5,0
2024-01-11 12:15:00,1704955500,71748.2,71826.6,71729.7,71797.6,0
2024-01-11 13:15:00,1704959100,71800.3,71830.8,71552.5,71578,0
2024-01-11 14:15:00,1704962700,71584.5,71783.9,71543.2,71727.4,0
2024-01-11 15:15:00,1704966300,71724.7,71807.8,71699.6,71800.1,0
2024-01-12 09:15:00,1705031100,72148.1,72335.4,71982.3,72284,0
2024-01-12 10:15:00,1705034700,72286,72434.6,72261,72358.4,0
2024-01-12 11:15:00,1705038300,72352.6,72464,72297.6,72379.9,0
2024-01-12 12:15:00,1705041900,72383,72525.6,72353.9,72404.5,0
2024-01-12 13:15:00,1705045500,72404.2,72619.8,72404.2,72547.3,0
2024-01-12 14:15:00,1705049100,72540.4,72721,72417.4,72514.2,0
2024-01-12 15:15:00,1705052700,72509.7,72666.2,72504.9,72657.5,0
2024-01-15 09:15:00,1705290300,73049.9,73288.8,72909,73063.8,0
2024-01-15 10:15:00,1705293900,73067,73158.4,73045.4,73146.9,0
2024-01-15 11:15:00,1705297500,73145.8,73209.9,73079.8,73150.5,0
2024-01-15 12:15:00,1705301100,73151.4,73226.9,73130.1,73192.4,0
2024-01-15 13:15:00,1705304700,73192.8,73267.9,73073.2,73230.2,0
2024-01-15 14:15:00,1705308300,73227,73347.7,73164,73290.2,0
2024-01-15 15:15:00,1705311900,73298.2,73402.2,73284.2,73366.8,0
2024-01-16 09:15:00,1705376700,73332,73370.9,73101,73351.5,0
2024-01-16 10:15:00,1705380300,73350.6,73427.6,73281.1,73403.1,0
2024-01-16 11:15:00,1705383900,73409.5,73416.5,73225.2,73278.5,0
2024-01-16 12:15:00,1705387500,73278.9,73331.1,73084.7,73105.6,0
2024-01-16 13:15:00,1705391100,73106.4,73205,72960.3,73185.5,0
2024-01-16 14:15:00,1705394700,73185.1,73208,73051.2,73140.2,0
2024-01-16 15:15:00,1705398300,73141,73161.2,73074.8,73120,0
2024-01-17 09:15:00,1705463100,71998.9,72484.8,71757.5,72282.2,0
2024-01-17 10:15:00,1705466700,72283.5,72285.4,72034,72078.4,0
2024-01-17 11:15:00,1705470300,72074.5,72114.2,71719.8,71862.1,0
2024-01-17 12:15:00,1705473900,71868,71922.1,71684.6,71702.8,0
2024-01-17 13:15:00,1705477500,71701.3,71849.1,71641.9,71788.8,0
2024-01-17 14:15:00,1705481100,71790.5,71800.5,71429.3,71584.7,0
2024-01-17 15:15:00,1705484700,71579.2,71592.9,71455.8,71499.9,0
2024-01-18 09:15:00,1705549500,71018.9,71190.9,70665.5,71004.6,0
2024-01-18 10:15:00,1705553100,71004,71292.4,70893.7,71283.1,0
2024-01-18 11:15:00,1705556700,71283.6,71416.1,71139.5,71406.8,0
2024-01-18 12:15:00,1705560300,71410.5,71451.3,71091.7,71152,0
2024-01-18 13:15:00,1705563900,71151.1,71203.1,71052.6,71149.2,0
2024-01-18 14:15:00,1705567500,71149.1,71254.3,71012.4,71183.9,0
2024-01-18 15:15:00,1705571100,71183.5,71259.3,71149.4,71235.9,0
2024-01-19 09:15:00,1705635900,71786.7,71876.8,71649.9,71784.5,0
2024-01-19 10:15:00,1705639500,71783.8,71895.6,71576.9,71604.6,0
2024-01-19 11:15:00,1705643100,71607.5,71718.9,71542.7,71646.4,0
2024-01-19 12:15:00,1705646700,71640.1,71736.7,71553.5,71735.5,0
2024-01-19 13:15:00,1705650300,71740.3,71762.6,71565.8,71598.2,0
2024-01-19 14:15:00,1705653900,71600.4,71778.9,71575.1,71677.1,0
2024-01-19 15:15:00,1705657500,71680,71763,71670.2,71722.5,0
2024-01-20 09:15:00,1705722300,72008.3,72026.3,71610.2,71724.9,0
2024-01-20 10:15:00,1705725900,71725.4,71910.4,71719.7,71797.2,0
2024-01-20 11:15:00,1705729500,71796.9,71814.4,71664.8,71723.4,0
2024-01-20 12:15:00,1705733100,71720.3,71769.4,71499.3,71753.7,0
2024-01-20 13:15:00,1705736700,71753.1,71802.5,71602.5,71622,0
2024-01-20 14:15:00,1705740300,71624.8,71642.6,71312.7,71461.9,0
2024-01-20 15:15:00,1705743900,71466.5,71510.9,71431.6,71507.2,0
2024-01-23 09:15:00,1705981500,71868.2,72039.2,71635.3,71735,0
2024-01-23 10:15:00,1705985100,71739.4,71806.2,71264.6,71382,0
2024-01-23 11:15:00,1705988700,71383.4,71406.8,70785.8,70836.6,0
2024-01-23 12:15:00,1705992300,70834.6,70969.6,70690.4,70748.3,0
2024-01-23 13:15:00,1705995900,70746.3,70805,70591.9,70617.2,0
2024-01-23 14:15:00,1705999500,70618.5,70624.6,70234.5,70384.7,0
2024-01-23 15:15:00,1706003100,70378.3,70505.1,70361.1,70395.4,0
2024-01-24 09:15:00,1706067900,70165.5,70875.7,70001.6,70632.4,0
2024-01-24 10:15:00,1706071500,70636.9,70906.5,70636.9,70786.9,0
2024-01-24 11:15:00,1706075100,70784.6,70838.6,70318.1,70379.6,0
2024-01-24 12:15:00,1706078700,70382.3,70655.1,70241.5,70539.8,0
2024-01-24 13:15:00,1706082300,70541.8,70703.6,70485.6,70656.9,0
2024-01-24 14:15:00,1706085900,70657.5,71064.8,70572.4,71064.4,0
2024-01-24 15:15:00,1706089500,71063.7,71149.6,71050.1,71067.9,0
2024-01-25 09:15:00,1706154300,71022.1,71049.5,70622.7,70741,0
2024-01-25 10:15:00,1706157900,70735.4,70745.6,70324.1,70390.1,0
2024-01-25 11:15:00,1706161500,70390.4,70742.9,70374.7,70511.7,0
2024-01-25 12:15:00,1706165100,70511.8,70537.4,70319,70445.2,0
2024-01-25 13:15:00,1706168700,70445.4,70537.3,70361.4,70447.9,0
2024-01-25 14:15:00,1706172300,70445.9,70710.5,70325.9,70645.8,0
2024-01-25 15:15:00,1706175900,70649.3,70849.5,70637.4,70751.2,0
2024-01-29 09:15:00,1706499900,70968.1,71453.8,70880.5,71397.9,0
2024-01-29 10:15:00,1706503500,71397.2,71589.6,71388.3,71557.7,0
2024-01-29 11:15:00,1706507100,71556.3,71694.7,71414,71683.6,0
2024-01-29 12:15:00,1706510700,71683.1,71865.9,71660.6,71834.7,0
2024-01-29 13:15:00,1706514300,71835,71965.3,71703.2,71886,0
2024-01-29 14:15:00,1706517900,71885.5,71978.4,71770,71930.5,0
2024-01-29 15:15:00,1706521500,71928.5,72010.2,71899.1,71911.9,0
2024-01-30 09:15:00,1706586300,72000.2,72142.2,71748.7,71937.4,0
2024-01-30 10:15:00,1706589900,71930.5,71953.2,71572.8,71635.4,0
2024-01-30 11:15:00,1706593500,71631.8,71806.3,71586,71732.6,0
2024-01-30 12:15:00,1706597100,71728.8,71736.6,71573.5,71605.7,0
2024-01-30 13:15:00,1706600700,71600,71681.8,71488,71593.5,0
2024-01-30 14:15:00,1706604300,71592.7,71607.7,71075.7,71170.1,0
2024-01-30 15:15:00,1706607900,71172.2,71200.9,71123.2,71183.1,0
2024-01-31 09:15:00,1706672700,71073,71426.7,70846,71414.9,0
2024-01-31 10:15:00,1706676300,71414.7,71680.7,71357.6,71632,0
2024-01-31 11:15:00,1706679900,71627,71851.4,71593.5,71781.1,0
2024-01-31 12:15:00,1706683500,71780.2,71810.9,71557.4,71691.5,0
2024-01-31 13:15:00,1706687100,71690.6,71744,71563.2,71653.7,0
2024-01-31 14:15:00,1706690700,71648.1,71797.8,71550.7,71765.7,0
2024-01-31 15:15:00,1706694300,71765.6,71785.5,71659.1,71683.1,0
2024-02-01 09:15:00,1706759100,71998.8,72034,71618.4,71996.7,0
2024-02-01 10:15:00,1706762700,71994.5,72151,71899.8,72014.8,0
2024-02-01 11:15:00,1706766300,72016.8,72018.4,71584.9,71825.1,0
2024-02-01 12:15:00,1706769900,71823.2,71894.8,71688.7,71758.9,0
2024-02-01 13:15:00,1706773500,71754.3,71786.2,71586.6,71731.6,0
2024-02-01 14:15:00,1706777100,71733,71777.9,71601,71618.8,0
2024-02-01 15:15:00,1706780700,71614.5,71682.4,71574.9,71636.7,0
2024-02-02 09:15:00,1706845500,71977.6,72543.3,71977.6,72418.5,0
2024-02-02 10:15:00,1706849100,72419.8,72683,72343.4,72616.5,0
2024-02-02 11:15:00,1706852700,72613.1,73089.4,72613.1,72831.5,0
2024-02-02 12:15:00,1706856300,72831.1,72850.4,72070.1,72080.4,0
2024-02-02 13:15:00,1706859900,72078.8,72236.4,71948.8,72192.3,0
2024-02-02 14:15:00,1706863500,72192.8,72240.6,71983.3,72074.2,0
2024-02-02 15:15:00,1706867100,72073,72101,71996.8,72077,0
2024-02-05 09:15:00,1707104700,72269.1,72385.9,71972.8,72248.3,0
2024-02-05 10:15:00,1707108300,72246.2,72290.1,71997.1,72188.3,0
2024-02-05 11:15:00,1707111900,72189.5,72267.9,72132,72205.4,0
2024-02-05 12:15:00,1707115500,72211.4,72327.4,72128.7,72264.4,0
2024-02-05 13:15:00,1707119100,72268.5,72319.1,72049.6,72169.7,0
2024-02-05 14:15:00,1707122700,72172.5,72183.7,71602.1,71742.9,0
2024-02-05 15:15:00,1707126300,71746.2,71753.9,71678.2,71708.8,0
2024-02-06 09:15:00,1707191100,71970.8,72090.3,71625.2,72013.7,0
2024-02-06 10:15:00,1707194700,72011.9,72044.5,71735.2,71955.8,0
2024-02-06 11:15:00,1707198300,71956,72128.2,71926.4,72125.2,0
2024-02-06 12:15:00,1707201900,72126.5,72188.9,72049.3,72146.6,0
2024-02-06 13:15:00,1707205500,72146.8,72216.8,72059,72142.9,0
2024-02-06 14:15:00,1707209100,72142.4,72261.4,72081.1,72148.7,0
2024-02-06 15:15:00,1707212700,72149.1,72254.7,72129.6,72221.8,0
2024-02-07 09:15:00,1707277500,72548.5,72559.2,72277,72414.7,0
2024-02-07 10:15:00,1707281100,72416.4,72460.1,72155.9,72250.6,0
2024-02-07 11:15:00,1707284700,72251.2,72263.1,71938.2,72002.3,0
2024-02-07 12:15:00,1707288300,72004,72131.1,71984.8,72062.6,0
2024-02-07 13:15:00,1707291900,72059.1,72289.3,72005.5,72255.9,0
2024-02-07 14:15:00,1707295500,72257.2,72321.7,72079.6,72160,0
2024-02-07 15:15:00,1707299100,72157.8,72236.3,72110.5,72210.2,0
2024-02-08 09:15:00,1707363900,72473.4,72473.4,72099.5,72154.9,0
2024-02-08 10:15:00,1707367500,72154.1,72251.9,71405.4,71489.3,0
2024-02-08 11:15:00,1707371100,71484.8,71709.5,71456.4,71686.2,0
2024-02-08 12:15:00,1707374700,71687.1,71711,71561.9,71683.3,0
2024-02-08 13:15:00,1707378300,71685.2,71710.6,71414.6,71418.9,0
2024-02-08 14:15:00,1707381900,71417.3,71480.7,71230.6,71412.4,0
2024-02-08 15:15:00,1707385500,71414.2,71568.2,71384,71568.2,0
2024-02-09 09:15:00,1707450300,71410.3,71641,71200.3,71585.7,0
2024-02-09 10:15:00,1707453900,71584.7,71584.7,71236.6,71396.6,0
2024-02-09 11:15:00,1707457500,71395.9,71563.9,71275.9,71495.3,0
2024-02-09 12:15:00,1707461100,71498.7,71616.5,71400.8,71535.3,0
2024-02-09 13:15:00,1707464700,71535.1,71567.6,71400.5,71535.8,0
2024-02-09 14:15:00,1707468300,71536.5,71676.5,71501.2,71596.6,0
2024-02-09 15:15:00,1707471900,71596.2,71628.1,71552.6,71619.1,0
2024-02-12 09:15:00,1707709500,71722.3,71756.6,71273.5,71322,0
2024-02-12 10:15:00,1707713100,71331.4,71422,71139.1,71414.2,0
2024-02-12 11:15:00,1707716700,71414,71468.1,71076.7,71154,0
2024-02-12 12:15:00,1707720300,71154.2,71274.3,70922.6,71041.1,0
2024-02-12 13:15:00,1707723900,71040.9,71292.2,70969.7,71284.3,0
2024-02-12 14:15:00,1707727500,71282,71307.1,70982.7,71022,0
2024-02-12 15:15:00,1707731100,71018.4,71138.9,70979.8,71072.9,0
2024-02-13 09:15:00,1707795900,71292.1,71503.9,70924.3,71495,0
2024-02-13 10:15:00,1707799500,71488.7,71631.8,71407.5,71627.2,0
2024-02-13 11:15:00,1707803100,71628.3,71634.7,71262.1,71264.6,0
2024-02-13 12:15:00,1707806700,71264.4,71496.7,71193.9,71406.6,0
2024-02-13 13:15:00,1707810300,71403.9,71662.7,71389,71527.8,0
2024-02-13 14:15:00,1707813900,71527.8,71619.9,71467.2,71593.8,0
2024-02-13 15:15:00,1707817500,71592.7,71610,71452.4,71502.6,0
2024-02-14 09:15:00,1707882300,71035.2,71100.8,70809.8,71094.9,0
2024-02-14 10:15:00,1707885900,71095,71211,71004.1,71085.3,0
2024-02-14 11:15:00,1707889500,71088.3,71144.2,70971.5,71113.6,0
2024-02-14 12:15:00,1707893100,71112.6,71400.9,71109.6,71339.9,0
2024-02-14 13:15:00,1707896700,71339,71439.3,71167.9,71434.9,0
2024-02-14 14:15:00,1707900300,71433.7,71938.6,71428.3,71742.2,0
2024-02-14 15:15:00,1707903900,71737.2,71873.4,71693.3,71833.7,0
2024-02-15 09:15:00,1707968700,72061.5,72090.5,71644.4,71928.3,0
2024-02-15 10:15:00,1707972300,71935.8,71973.5,71755.5,71870.6,0
2024-02-15 11:15:00,1707975900,71870.4,71907.3,71790.7,71844.9,0
2024-02-15 12:15:00,1707979500,71843.2,71890.7,71732.8,71844.4,0
2024-02-15 13:15:00,1707983100,71844.6,72165,71779.1,72050.8,0
2024-02-15 14:15:00,1707986700,72047.8,72075.6,71919.9,72030.4,0
2024-02-15 15:15:00,1707990300,72027.5,72130,72016.2,72091.5,0
2024-02-16 09:15:00,1708055100,72406,72419,72218.1,72415.7,0
2024-02-16 10:15:00,1708058700,72408.3,72469.5,72347.1,72425.6,0
2024-02-16 11:15:00,1708062300,72421.9,72443.8,72289.5,72422.1,0
2024-02-16 12:15:00,1708065900,72420.2,72484.1,72354.3,72449.8,0
2024-02-16 13:15:00,1708069500,72443.4,72516.4,72341.4,72427.6,0
2024-02-16 14:15:00,1708073100,72428.3,72545.3,72344.7,72412.8,0
2024-02-16 15:15:00,1708076700,72410.2,72443.4,72343.1,72415.6,0
2024-02-19 09:15:00,1708314300,72629.39,72675.46,72308.68,72443.93,0
2024-02-19 10:15:00,1708317900,72442.36,72653.76,72429.99,72647.05,0
2024-02-19 11:15:00,1708321500,72646.59,72765.87,72604.51,72734.72,0
2024-02-19 12:15:00,1708325100,72740.44,72804.22,72698.27,72801.28,0
2024-02-19 13:15:00,1708328700,72801.93,72827.33,72694.94,72771.83,0
2024-02-19 14:15:00,1708332300,72780.93,72881.93,72639.06,72706.66,0
2024-02-19 15:15:00,1708335900,72708.48,72767.22,72688.16,72702.05,0
2024-02-20 09:15:00,1708400700,72706.25,72743.39,72510.24,72701.44,0
2024-02-20 10:15:00,1708404300,72706.65,72857.22,72672.77,72757.73,0
2024-02-20 11:15:00,1708407900,72758.01,72996.61,72756.93,72948.93,0
2024-02-20 12:15:00,1708411500,72950.34,72969.17,72876.25,72887.02,0
2024-02-20 13:15:00,1708415100,72882.03,72978.37,72684.95,72784.6,0
2024-02-20 14:15:00,1708418700,72785.01,73093.49,72785.01,73089.38,0
2024-02-20 15:15:00,1708422300,73086.62,73130.69,73060.26,73094.67,0
2024-02-21 09:15:00,1708487100,73219.11,73267.8,73027.59,73101.91,0
2024-02-21 10:15:00,1708490700,73103.56,73155.62,72930.84,73091.73,0
2024-02-21 11:15:00,1708494300,73093.81,73135.98,72997.32,73098.48,0
2024-02-21 12:15:00,1708497900,73098.99,73193.04,73080.79,73139.31,0
2024-02-21 13:15:00,1708501500,73139.09,73143.08,72759.5,72793.88,0
2024-02-21 14:15:00,1708505100,72791.6,72876.99,72450.56,72759.91,0
2024-02-21 15:15:00,1708508700,72760.65,72778.52,72497.96,72563.88,0
2024-02-22 09:15:00,1708573500,72698.93,72724.53,72156.93,72243.65,0
2024-02-22 10:15:00,1708577100,72243.04,72290.1,72081.36,72241.65,0
2024-02-22 11:15:00,1708580700,72241.82,72386.4,72160.76,72323.12,0
2024-02-22 12:15:00,1708584300,72323.82,72367.25,72263.21,72320.31,0
2024-02-22 13:15:00,1708587900,72324.26,72810.94,72306.03,72649.73,0
2024-02-22 14:15:00,1708591500,72651.21,73223,72599.3,73134.84,0
2024-02-22 15:15:00,1708595100,73121.59,73256.39,73102.66,73140.05,0
2024-02-23 09:15:00,1708659900,73412.97,73413.93,73155.98,73330.11,0
2024-02-23 10:15:00,1708663500,73331.36,73381.57,73145.28,73230.27,0
2024-02-23 11:15:00,1708667100,73230.39,73301.52,73150.84,73215.7,0
2024-02-23 12:15:00,1708670700,73214.67,73324.71,73200.63,73265.71,0
2024-02-23 13:15:00,1708674300,73265.86,73315.48,73073.86,73119.44,0
2024-02-23 14:15:00,1708677900,73119.55,73246.65,73094.75,73132.27,0
2024-02-23 15:15:00,1708681500,73125.69,73192.9,73022,73059.74,0
2024-02-26 09:15:00,1708919100,72998.2,73092.26,72803.52,72901.08,0
2024-02-26 10:15:00,1708922700,72907.11,72907.94,72741.53,72814.85,0
2024-02-26 11:15:00,1708926300,72816.13,72853.22,72700.5,72736.65,0
2024-02-26 12:15:00,1708929900,72739.38,72919.86,72666.82,72884.72,0
2024-02-26 13:15:00,1708933500,72883.93,72976.11,72842.84,72904.12,0
2024-02-26 14:15:00,1708937100,72903.36,72969.66,72757.63,72798.31,0
2024-02-26 15:15:00,1708940700,72802.24,72821.34,72756.09,72790.91,0
2024-02-27 09:15:00,1709005500,72718.82,72889.95,72660.13,72751.43,0
2024-02-27 10:15:00,1709009100,72752.05,72923.48,72739.98,72893.8,0
2024-02-27 11:15:00,1709012700,72893.57,72969.75,72775.73,72822.51,0
2024-02-27 12:15:00,1709016300,72822.37,73136.04,72799.32,73133.78,0
2024-02-27 13:15:00,1709019900,73132.72,73159.65,72906.8,73015.89,0
2024-02-27 14:15:00,1709023500,73016.03,73161.3,72951.15,73117.04,0
2024-02-27 15:15:00,1709027100,73116.54,73118.69,73031.56,73060.9,0
2024-02-28 09:15:00,1709091900,73161.48,73223.11,73011.67,73183.26,0
2024-02-28 10:15:00,1709095500,73184.66,73207.83,72534.5,72677.64,0
2024-02-28 11:15:00,1709099100,72673.52,72756.56,72487.5,72620.64,0
2024-02-28 12:15:00,1709102700,72620.73,72663.59,72299.72,72317.79,0
2024-02-28 13:15:00,1709106300,72315.01,72655.28,72315.01,72645.74,0
2024-02-28 14:15:00,1709109900,72643.38,72647.86,72310.04,72322.36,0
2024-02-28 15:15:00,1709113500,72324.62,72338.98,72222.29,72259.72,0
2024-02-29 09:15:00,1709178300,72278.59,72613.32,72105.64,72130.58,0
2024-02-29 10:15:00,1709181900,72130.92,72434.31,72099.32,72431.41,0
2024-02-29 11:15:00,1709185500,72440.35,72530.24,72310.9,72376.53,0
2024-02-29 12:15:00,1709189100,72377.23,72460.49,72200.8,72457.58,0
2024-02-29 13:15:00,1709192700,72454.36,72511.3,72329.3,72408.78,0
2024-02-29 14:15:00,1709196300,72409.11,72545.83,72225.26,72517.2,0
2024-02-29 15:15:00,1709199900,72518.58,72730,72513.24,72639.34,0
2024-03-01 09:15:00,1709264700,72646.65,73215.49,72591.14,73204.15,0
2024-03-01 10:15:00,1709268300,73202.92,73309.9,73112.8,73220.6,0
2024-03-01 11:15:00,1709271900,73224.28,73574.02,73222.83,73507.33,0
2024-03-01 12:15:00,1709275500,73512.74,73639.34,73473.6,73498.13,0
2024-03-01 13:15:00,1709279100,73493.85,73704.34,73465.85,73701.46,0
2024-03-01 14:15:00,1709282700,73702.97,73819.21,73603.58,73705.37,0
2024-03-01 15:15:00,1709286300,73705.47,73770.7,73634.21,73665.98,0
2024-03-02 09:15:00,1709351100,73848.19,73982.12,73778.14,73854.19,0
2024-03-02 11:15:00,1709358300,73864.45,73994.7,73786.54,73806.34,0
2024-03-02 12:15:00,1709361900,73809.82,73837.9,73791.61,73804.2,0
2024-03-04 09:15:00,1709523900,73903.09,73983.88,73747.01,73865.65,0
2024-03-04 10:15:00,1709527500,73863.65,73990.13,73759.69,73864.43,0
2024-03-04 11:15:00,1709531100,73869.13,73935.98,73813.31,73856.36,0
2024-03-04 12:15:00,1709534700,73852.71,73942.89,73767.16,73846.08,0
2024-03-04 13:15:00,1709538300,73845.27,73972.54,73805.13,73956.54,0
2024-03-04 14:15:00,1709541900,73959.57,73974.41,73856.41,73899.52,0
2024-03-04 15:15:00,1709545500,73904.02,73913.96,73803.59,73855.82,0
2024-03-05 09:15:00,1709610300,73767.42,73788.84,73567.61,73587.67,0
2024-03-05 10:15:00,1709613900,73591.29,73591.29,73422.41,73464.37,0
2024-03-05 11:15:00,1709617500,73464.85,73689.16,73412.25,73665.22,0
2024-03-05 12:15:00,1709621100,73663.53,73915.54,73571.96,73819.71,0
2024-03-05 13:15:00,1709624700,73820.05,73870.08,73631.68,73683.98,0
2024-03-05 14:15:00,1709628300,73685.54,73778.32,73642.64,73691.02,0
2024-03-05 15:15:00,1709631900,73690.56,73711.72,73631.4,73668.56,0
2024-03-06 09:15:00,1709696700,73587.7,73765.95,73448.09,73657.49,0
2024-03-06 10:15:00,1709700300,73650.01,73763.11,73449.78,73484.03,0
2024-03-06 11:15:00,1709703900,73486.99,73579.76,73321.48,73423.86,0
2024-03-06 12:15:00,1709707500,73427.36,73570.04,73378.06,73550.39,0
2024-03-06 13:15:00,1709711100,73549.18,73917.79,73467.69,73899.2,0
2024-03-06 14:15:00,1709714700,73899.69,74118.3,73856.84,74093.42,0
2024-03-06 15:15:00,1709718300,74097.59,74151.27,74055.77,74093.69,0
2024-03-07 09:15:00,1709783100,74242.74,74245.17,73972.42,74115.73,0
2024-03-07 10:15:00,1709786700,74115.75,74221.99,73921.48,74156.7,0
2024-03-07 11:15:00,1709790300,74156.94,74192.05,74079.01,74121.09,0
2024-03-07 12:15:00,1709793900,74120.67,74173.05,74084.6,74165.04,0
2024-03-07 13:15:00,1709797500,74162.53,74241.26,74084.05,74085.14,0
2024-03-07 14:15:00,1709801100,74086.57,74220.24,74025.91,74138.81,0
2024-03-07 15:15:00,1709804700,74134,74150.99,73994.5,74092.86,0
2024-03-11 09:15:00,1710128700,74175.93,74187.35,73854.89,73875.73,0
2024-03-11 10:15:00,1710132300,73872.27,73960.73,73800.79,73833.44,0
2024-03-11 11:15:00,1710135900,73834.6,73889.45,73664.41,73687.78,0
2024-03-11 12:15:00,1710139500,73685.85,73833,73668.33,73743.79,0
2024-03-11 13:15:00,1710143100,73744.54,73838.78,73683.57,73683.97,0
2024-03-11 14:15:00,1710146700,73683.26,73774.27,73450.64,73499.32,0
2024-03-11 15:15:00,1710150300,73498.31,73519.05,73433.91,73485.74,0
2024-03-12 09:15:00,1710215100,73516.42,73998.65,73461.89,73952.81,0
2024-03-12 10:15:00,1710218700,73956.2,74004.16,73342.12,73710.24,0
2024-03-12 11:15:00,1710222300,73713.12,73831.93,73599.54,73740.23,0
2024-03-12 12:15:00,1710225900,73740.5,73833.15,73675.35,73827.81,0
2024-03-12 13:15:00,1710229500,73827.35,73891.25,73765.12,73767.95,0
2024-03-12 14:15:00,1710233100,73768.25,73806.46,73592,73657.3,0
2024-03-12 15:15:00,1710236700,73663.25,73716.82,73642.28,73642.28,0
2024-03-13 09:15:00,1710301500,73993.4,74052.75,73573.44,73789.57,0
2024-03-13 10:15:00,1710305100,73785.01,73819.05,73458.52,73497.66,0
2024-03-13 11:15:00,1710308700,73498.71,73541,73027.58,73027.66,0
2024-03-13 12:15:00,1710312300,73030.8,73129.04,72912.29,73086.6,0
2024-03-13 13:15:00,1710315900,73084.66,73123.83,72767.19,72787.01,0
2024-03-13 14:15:00,1710319500,72777.85,72929.18,72515.71,72685.98,0
2024-03-13 15:15:00,1710323100,72690.85,72836.33,72675.74,72737.34,0
2024-03-14 09:15:00,1710387900,72570.1,72864.52,72497.19,72762.45,0
2024-03-14 10:15:00,1710391500,72763.7,72994.49,72748.49,72965.73,0
2024-03-14 11:15:00,1710395100,72969.33,73290.5,72919.8,73263.81,0
2024-03-14 12:15:00,1710398700,73266,73364.3,73120.98,73199.65,0
2024-03-14 13:15:00,1710402300,73196.32,73224.97,72924.52,72981.65,0
2024-03-14 14:15:00,1710405900,72979.71,73138.09,72963.03,73076.02,0
2024-03-14 15:15:00,1710409500,73074.13,73149.38,73044.18,73085.37,0
2024-03-15 09:15:00,1710474300,72886.77,72998.07,72612.64,72717.02,0
2024-03-15 10:15:00,1710477900,72718.47,72744.13,72488.78,72547.8,0
2024-03-15 11:15:00,1710481500,72550.69,72648.03,72484.82,72536.34,0
2024-03-15 12:15:00,1710485100,72535.97,72660.87,72513.14,72657.57,0
2024-03-15 13:15:00,1710488700,72659.24,72776.94,72563.12,72670.9,0
2024-03-15 14:15:00,1710492300,72668.74,72773.44,72545.6,72601.84,0
2024-03-15 15:15:00,1710495900,72595.07,72712.98,72509.31,72570.43,0
2024-03-18 09:15:00,1710733500,72587.3,72769.79,72402.85,72540.62,0
2024-03-18 10:15:00,1710737100,72535.68,72729.13,72429.59,72432.01,0
2024-03-18 11:15:00,1710740700,72428.79,72756.62,72314.16,72695.05,0
2024-03-18 12:15:00,1710744300,72694.02,72889.09,72689.88,72830.91,0
2024-03-18 13:15:00,1710747900,72829.36,72857.02,72746.68,72790.81,0
2024-03-18 14:15:00,1710751500,72790.7,72985.89,72698.84,72758.38,0
2024-03-18 15:15:00,1710755100,72759.09,72817.84,72696.51,72738.58,0
2024-03-19 09:15:00,1710819900,72462.94,72490.09,72135.13,72225.93,0
2024-03-19 10:15:00,1710823500,72225.97,72266.34,72068.37,72160.18,0
2024-03-19 11:15:00,1710827100,72164.12,72233.63,72007.35,72053.26,0
2024-03-19 12:15:00,1710830700,72054.5,72167.43,72039.72,72134.45,0
2024-03-19 13:15:00,1710834300,72134.88,72185.21,71989.05,72001.83,0
2024-03-19 14:15:00,1710837900,72001.34,72129.99,71933.35,71995.78,0
2024-03-19 15:15:00,1710841500,71996.9,72044.74,71981.13,72010.26,0
2024-03-20 09:15:00,1710906300,72036.86,72268.6,71842.24,71867.84,0
2024-03-20 10:15:00,1710909900,71867.44,71959.74,71674.42,71921.76,0
2024-03-20 11:15:00,1710913500,71922.39,72180.1,71832.9,72084.26,0
2024-03-20 12:15:00,1710917100,72087.37,72359.34,72087.27,72347.17,0
2024-03-20 13:15:00,1710920700,72339.25,72402.67,72107.43,72149.13,0
2024-03-20 14:15:00,1710924300,72148.5,72218.14,72013.26,72106.46,0
2024-03-20 15:15:00,1710927900,72107.25,72175.06,72080.92,72152.85,0
2024-03-21 09:15:00,1710992700,72507.36,72882.46,72507.36,72845.62,0
2024-03-21 10:15:00,1710996300,72846.06,72871.57,72761.15,72845.17,0
2024-03-21 11:15:00,1710999900,72846.05,72855.68,72441.13,72447.38,0
2024-03-21 12:15:00,1711003500,72442.11,72672.45,72416.03,72624.16,0
2024-03-21 13:15:00,1711007100,72624.08,72711.24,72570.23,72592.71,0
2024-03-21 14:15:00,1711010700,72597.03,72716.56,72520.82,72678.26,0
2024-03-21 15:15:00,1711014300,72678.65,72717.5,72635.38,72692.83,0
2024-03-22 09:15:00,1711079100,72231.66,72722.03,72172.09,72687.63,0
2024-03-22 10:15:00,1711082700,72687.19,72842.91,72654.17,72734.23,0
2024-03-22 11:15:00,1711086300,72733.51,72879.02,72714.37,72777.92,0
2024-03-22 12:15:00,1711089900,72778.33,72914.33,72738.59,72863.15,0
2024-03-22 13:15:00,1711093500,72862.68,72888.69,72753.8,72839.86,0
2024-03-22 14:15:00,1711097100,72836.75,73115.62,72692.54,72805.57,0
2024-03-22 15:15:00,1711100700,72804.51,72806.88,72713.74,72779.22,0
2024-03-26 09:15:00,1711424700,72396.97,72705.29,72363.03,72536.46,0
2024-03-26 10:15:00,1711428300,72535.6,72666.55,72498.29,72555.79,0
2024-03-26 11:15:00,1711431900,72556.71,72648.97,72522.19,72530.43,0
2024-03-26 12:15:00,1711435500,72531.16,72681.87,72527.54,72641.36,0
2024-03-26 13:15:00,1711439100,72641.01,72659.02,72526.59,72568.55,0
2024-03-26 14:15:00,1711442700,72569.73,72589.38,72399.92,72447.78,0
2024-03-26 15:15:00,1711446300,72446.56,72507.62,72420.83,72474.13,0
2024-03-27 09:15:00,1711511100,72692.16,73009.35,72600.73,72965.24,0
2024-03-27 10:15:00,1711514700,72962.59,73029.32,72900.17,72981.88,0
2024-03-27 11:15:00,1711518300,72980.93,73064.82,72956.69,73021.35,0
2024-03-27 12:15:00,1711521900,73021.44,73056.98,72976.06,73016.84,0
2024-03-27 13:15:00,1711525500,73016.62,73138.73,73015.91,73118.2,0
2024-03-27 14:15:00,1711529100,73117.57,73135.08,72868.32,72964.77,0
2024-03-27 15:15:00,1711532700,72958.86,73089.76,72939.52,73032.95,0
2024-03-28 09:15:00,1711597500,73149.34,73634.98,73120.33,73594.94,0
2024-03-28 10:15:00,1711601100,73597.02,73820.09,73522.82,73804.44,0
2024-03-28 11:15:00,1711604700,73803.89,73826.8,73632.82,73678.36,0
2024-03-28 12:15:00,1711608300,73674.74,73984.61,73649.96,73894.17,0
2024-03-28 13:15:00,1711611900,73890.56,74070.81,73858.26,74059.89,0
2024-03-28 14:15:00,1711615500,74059.41,74190.31,73383.75,73414.51,0
2024-03-28 15:15:00,1711619100,73415.29,73636.77,73383.79,73633.17,0
2024-04-01 09:15:00,1711943100,73968.62,74254.62,73943.15,74151.05,0
2024-04-01 10:15:00,1711946700,74149.82,74184.52,73988.99,74068.85,0
2024-04-01 11:15:00,1711950300,74064.87,74116.59,74016.12,74031.33,0
2024-04-01 12:15:00,1711953900,74027.35,74093.04,73917.01,73962.3,0
2024-04-01 13:15:00,1711957500,73968.46,74060.18,73961.86,74003.65,0
2024-04-01 14:15:00,1711961100,74001.63,74036.87,73909.39,74026.6,0
2024-04-01 15:15:00,1711964700,74028.62,74075.38,73979.47,74057.97,0
2024-04-02 09:15:00,1712029500,74022.3,74099.78,73792.53,73909.64,0
2024-04-02 10:15:00,1712033100,73910.28,73950.07,73746.22,73882.39,0
2024-04-02 11:15:00,1712036700,73877.76,73917.59,73810.1,73840.05,0
2024-04-02 12:15:00,1712040300,73841.54,73877.07,73781.13,73803.56,0
2024-04-02 13:15:00,1712043900,73806.89,73833.81,73743.77,73791.54,0
2024-04-02 14:15:00,1712047500,73793.63,73939.4,73781.86,73911.84,0
2024-04-02 15:15:00,1712051100,73914.18,73984.59,73898.76,73940.27,0
2024-04-03 09:15:00,1712115900,73757.23,73905.95,73540.27,73878.97,0
2024-04-03 10:15:00,1712119500,73878.34,73946.05,73814.25,73922.59,0
2024-04-03 11:15:00,1712123100,73920.68,74016.16,73906.1,74016.16,0
2024-04-03 12:15:00,1712126700,74015.12,74151.21,73993.88,74044.33,0
2024-04-03 13:15:00,1712130300,74039.25,74119.34,73956.47,74084.47,0
2024-04-03 14:15:00,1712133900,74085.18,74093.78,73851.03,73876.19,0
2024-04-03 15:15:00,1712137500,73869.32,73919.96,73843.23,73898.41,0
2024-04-04 09:15:00,1712202300,74413.82,74501.73,73730.74,73735.97,0
2024-04-04 10:15:00,1712205900,73737.18,73953.37,73485.12,73868.14,0
2024-04-04 11:15:00,1712209500,73870.87,73896.56,73669.13,73796.18,0
2024-04-04 12:15:00,1712213100,73796.65,74126.85,73790.75,74119.94,0
2024-04-04 13:15:00,1712216700,74119.88,74425.6,74097.94,74273.3,0
2024-04-04 14:15:00,1712220300,74272.92,74404.46,74141.4,74220.2,0
2024-04-04 15:15:00,1712223900,74216,74357.23,74209.14,74320.84,0
2024-04-05 09:15:00,1712288700,74287.02,74287.02,73946.92,74086.77,0
2024-04-05 10:15:00,1712292300,74080.94,74250.15,74027.88,74233.45,0
2024-04-05 11:15:00,1712295900,74233.53,74255.15,74098.77,74200.64,0
2024-04-05 12:15:00,1712299500,74198.24,74273.57,74108.84,74156.02,0
2024-04-05 13:15:00,1712303100,74154.2,74303.49,74136.58,74219.83,0
2024-04-05 14:15:00,1712306700,74221.33,74298.46,74138.16,74281.99,0
2024-04-05 15:15:00,1712310300,74282.34,74361.11,74220.27,74307.79,0
2024-04-08 09:15:00,1712547900,74555.44,74673.84,74410.07,74656.36,0
2024-04-08 10:15:00,1712551500,74656.81,74669.69,74569.72,74620.2,0
2024-04-08 11:15:00,1712555100,74619.28,74725.52,74608.37,74723.08,0
2024-04-08 12:15:00,1712558700,74723.39,74867.48,74717.53,74866.36,0
2024-04-08 13:15:00,1712562300,74866.48,74869.3,74658.95,74738.04,0
2024-04-08 14:15:00,1712565900,74738.73,74818.11,74712.9,74775.91,0
2024-04-08 15:15:00,1712569500,74776.73,74787.94,74716.63,74722.02,0
2024-04-09 09:15:00,1712634300,75124.28,75124.28,74792.77,75034,0
2024-04-09 10:15:00,1712637900,75035.88,75123.3,74997.36,75005.64,0
2024-04-09 11:15:00,1712641500,75010.57,75086.43,74928.22,74956.12,0
2024-04-09 12:15:00,1712645100,74958.29,74976.67,74782.69,74834.35,0
2024-04-09 13:15:00,1712648700,74833.52,74838.66,74603.37,74611.96,0
2024-04-09 14:15:00,1712652300,74611.4,74781.36,74603.58,74669.7,0
2024-04-09 15:15:00,1712655900,74669.15,74722.07,74658.31,74666.22,0
2024-04-10 09:15:00,1712720700,74953.96,74983.34,74810.85,74918.22,0
2024-04-10 10:15:00,1712724300,74911.5,74945.37,74860.17,74904.69,0
2024-04-10 11:15:00,1712727900,74906.43,74919.29,74807.55,74900.56,0
2024-04-10 12:15:00,1712731500,74900.81,74944.14,74840.05,74930.54,0
2024-04-10 13:15:00,1712735100,74925.56,75019.74,74908.32,74945.38,0
2024-04-10 14:15:00,1712738700,74944.96,75105.14,74934.59,75028.04,0
2024-04-10 15:15:00,1712742300,75030.81,75045.71,74978.04,74998.11,0
2024-04-12 09:15:00,1712893500,74889.64,74951.88,74539.09,74603.15,0
2024-04-12 10:15:00,1712897100,74601.16,74703.9,74572.47,74682.69,0
2024-04-12 11:15:00,1712900700,74686.07,74849.05,74680.23,74817.99,0
2024-04-12 12:15:00,1712904300,74816.82,74820.06,74300.47,74385.44,0
2024-04-12 13:15:00,1712907900,74382.15,74501.54,74312.6,74326.57,0
2024-04-12 14:15:00,1712911500,74325.36,74401.05,74213.76,74234.33,0
2024-04-12 15:15:00,1712915100,74234.9,74266.88,74189.31,74228.43,0
2024-04-15 09:15:00,1713152700,73315.16,73758.14,73315.16,73699.14,0
2024-04-15 10:15:00,1713156300,73696.91,73905.8,73654.02,73704.13,0
2024-04-15 11:15:00,1713159900,73702.61,73820.34,73679.22,73816.35,0
2024-04-15 12:15:00,1713163500,73817.45,73833.85,73572.58,73625.52,0
2024-04-15 13:15:00,1713167100,73625.63,73671.55,73566.11,73612.25,0
2024-04-15 14:15:00,1713170700,73613.23,73629.08,73356.25,73388.38,0
2024-04-15 15:15:00,1713174300,73382.19,73463.98,73343.84,73383.11,0
2024-04-16 09:15:00,1713239100,72892.14,73135.43,72814.15,73070.35,0
2024-04-16 10:15:00,1713242700,73068.74,73112.44,72948.95,73060.39,0
2024-04-16 11:15:00,1713246300,73060.81,73089.01,72898.55,72982.66,0
2024-04-16 12:15:00,1713249900,72981.17,72993.64,72762.32,72766.09,0
2024-04-16 13:15:00,1713253500,72752.86,72927,72685.03,72908.06,0
2024-04-16 14:15:00,1713257100,72905.56,73008.73,72801,73003.31,0
2024-04-16 15:15:00,1713260700,72998.55,73031.98,72945.55,73010,0
2024-04-18 09:15:00,1713411900,73183.1,73295.8,72938.09,72963.53,0
2024-04-18 10:15:00,1713415500,72966.69,73354.84,72888.94,73321.49,0
2024-04-18 11:15:00,1713419100,73322.84,73403.08,73271.46,73366.73,0
2024-04-18 12:15:00,1713422700,73367.88,73473.05,73324.75,73355.02,0
2024-04-18 13:15:00,1713426300,73354.69,73384.3,72679.88,72881.2,0
2024-04-18 14:15:00,1713429900,72874.81,72972.4,72365.67,72388.74,0
2024-04-18 15:15:00,1713433500,72382,72628.21,72375.42,72621.93,0
2024-04-19 09:15:00,1713498300,71999.65,72216.97,71816.46,72146.7,0
2024-04-19 10:15:00,1713501900,72146.93,72181.27,72043.12,72128.86,0
2024-04-19 11:15:00,1713505500,72128.98,72331.35,72114.47,72289.2,0
2024-04-19 12:15:00,1713509100,72289.07,72722.14,72281.56,72700.34,0
2024-04-19 13:15:00,1713512700,72701.23,73162.74,72590.42,73049.96,0
2024-04-19 14:15:00,1713516300,73048.64,73210.17,72873.54,73131.68,0
2024-04-19 15:15:00,1713519900,73124.48,73146.2,73018.74,73095.54,0
2024-04-22 09:15:00,1713757500,73666.51,73728.18,73227.32,73366.85,0
2024-04-22 10:15:00,1713761100,73367.79,73508.09,73284.14,73466.44,0
2024-04-22 11:15:00,1713764700,73464.98,73545.78,73431.71,73452.86,0
2024-04-22 12:15:00,1713768300,73459.3,73503.56,73369.31,73420.33,0
2024-04-22 13:15:00,1713771900,73421.77,73513.98,73375.09,73480.13,0
2024-04-22 14:15:00,1713775500,73479.55,73684.97,73421.38,73677.87,0
2024-04-22 15:15:00,1713779100,73673.66,73767.8,73636.15,73748.89,0
2024-04-23 09:15:00,1713843900,74048.94,74059.89,73763.91,73934.64,0
2024-04-23 10:15:00,1713847500,73934.1,73950.71,73736.24,73817.17,0
2024-04-23 11:15:00,1713851100,73822.55,73932.64,73790.66,73926.77,0
2024-04-23 12:15:00,1713854700,73927.77,73932.54,73761.03,73792.54,0
2024-04-23 13:15:00,1713858300,73791.49,73859.21,73707.34,73830.32,0
2024-04-23 14:15:00,1713861900,73827.87,73890.11,73722.83,73792.17,0
2024-04-23 15:15:00,1713865500,73791.54,73794.55,73688.31,73744.76,0
2024-04-24 09:15:00,1713930300,73957.57,74030.75,73861.91,73994.79,0
2024-04-24 10:15:00,1713933900,73993.35,74121.61,73984.8,74060.98,0
2024-04-24 11:15:00,1713937500,74061.43,74090.84,73973.36,74052.94,0
2024-04-24 12:15:00,1713941100,74053.06,74061.14,73963.14,74006.78,0
2024-04-24 13:15:00,1713944700,74009.99,74047.46,73969.09,74001.76,0
2024-04-24 14:15:00,1713948300,74000.28,74016.34,73788.61,73843.09,0
2024-04-24 15:15:00,1713951900,73844.24,73900.34,73833.24,73864.77,0
2024-04-25 09:15:00,1714016700,73572.34,74062.09,73556.15,74057.91,0
2024-04-25 10:15:00,1714020300,74059.63,74126.79,73670.42,74019.75,0
2024-04-25 11:15:00,1714023900,74012.18,74012.18,73818.72,73850.32,0
2024-04-25 12:15:00,1714027500,73850.48,74063.73,73788.42,74040.94,0
2024-04-25 13:15:00,1714031100,74039,74480.97,73957.76,74420.34,0
2024-04-25 14:15:00,1714034700,74421.46,74571.25,74352.26,74360.11,0
2024-04-25 15:15:00,1714038300,74361.19,74370.88,74284.1,74333,0
2024-04-26 09:15:00,1714103100,74509.31,74515.91,74142.83,74197.34,0
2024-04-26 10:15:00,1714106700,74196.02,74265.99,74102.55,74130.92,0
2024-04-26 11:15:00,1714110300,74129.92,74232.71,74116.22,74148.39,0
2024-04-26 12:15:00,1714113900,74146.94,74172.62,74063.61,74127.98,0
2024-04-26 13:15:00,1714117500,74123.65,74124.23,73766.57,73914.67,0
2024-04-26 14:15:00,1714121100,73916.8,73935.05,73616.65,73728.69,0
2024-04-26 15:15:00,1714124700,73731.52,73923.48,73728.73,73896.06,0
2024-04-29 09:15:00,1714362300,73982.75,74204.3,73922.34,74103.8,0
2024-04-29 10:15:00,1714365900,74104.47,74314.54,74095.94,74289.91,0
2024-04-29 11:15:00,1714369500,74292.46,74415.29,74256.39,74368.16,0
2024-04-29 12:15:00,1714373100,74367.3,74450.41,74348.97,74423.95,0
2024-04-29 13:15:00,1714376700,74423.24,74619.53,74400.94,74582.26,0
2024-04-29 14:15:00,1714380300,74581.79,74721.15,74546.94,74716.84,0
2024-04-29 15:15:00,1714383900,74716.49,74716.49,74612.36,74639.05,0
2024-04-30 09:15:00,1714448700,74800.89,75009.57,74710.36,74919.54,0
2024-04-30 10:15:00,1714452300,74930.5,75068.76,74884.59,74958.53,0
2024-04-30 11:15:00,1714455900,74957.29,75007.67,74908.17,74986.08,0
2024-04-30 12:15:00,1714459500,74987.31,75010.62,74860.74,74865.38,0
2024-04-30 13:15:00,1714463100,74872.95,75096.94,74855.3,75065.26,0
2024-04-30 14:15:00,1714466700,75069.52,75111.39,74471.96,74478.93,0
2024-04-30 15:15:00,1714470300,74477.98,74491.13,74346.4,74439.21,0
2024-05-02 09:15:00,1714621500,74391.73,74746.13,74360.69,74698.61,0
2024-05-02 10:15:00,1714625100,74700.06,74774.85,74637.06,74681.79,0
2024-05-02 11:15:00,1714628700,74675.67,74812.43,74562.37,74769.33,0
2024-05-02 12:15:00,1714632300,74769.42,74784.12,74670.09,74729.3,0
2024-05-02 13:15:00,1714635900,74731.2,74803.55,74681.27,74709.49,0
2024-05-02 14:15:00,1714639500,74704.78,74736.01,74561.88,74584.29,0
2024-05-02 15:15:00,1714643100,74580.33,74667.95,74562.14,74651.81,0
2024-05-03 09:15:00,1714707900,75017.82,75095.18,74607.87,74633.08,0
2024-05-03 10:15:00,1714711500,74632.36,74667.64,74250.1,74330.02,0
2024-05-03 11:15:00,1714715100,74328.82,74341.67,73831.42,73935.18,0
2024-05-03 12:15:00,1714718700,73936.35,74162.51,73637.38,73683.81,0
2024-05-03 13:15:00,1714722300,73684.5,73775.56,73467.73,73664.62,0
2024-05-03 14:15:00,1714725900,73663.68,73956.78,73569.62,73948.16,0
2024-05-03 15:15:00,1714729500,73948.9,74006.25,73814.59,73845.76,0
2024-05-06 09:15:00,1714967100,74196.68,74359.69,73973.79,74079.75,0
2024-05-06 10:15:00,1714970700,74090.57,74210.77,74020.21,74069.86,0
2024-05-06 11:15:00,1714974300,74068.72,74153.13,73976.01,74150.68,0
2024-05-06 12:15:00,1714977900,74148.17,74153.83,73885.43,73885.43,0
2024-05-06 13:15:00,1714981500,73886.9,73989.04,73818.16,73872.99,0
2024-05-06 14:15:00,1714985100,73873.4,74041.07,73786.29,73892.6,0
2024-05-06 15:15:00,1714988700,73891.88,73960.97,73853.74,73947.03,0
2024-05-07 09:15:00,1715053500,73973.3,74026.8,73631.59,73704.08,0
2024-05-07 10:15:00,1715057100,73700.56,73710.47,73416.22,73457.85,0
2024-05-07 11:15:00,1715060700,73459.23,73461.69,73259.26,73420.07,0
2024-05-07 12:15:00,1715064300,73418.22,73487.88,73291.28,73324.85,0
2024-05-07 13:15:00,1715067900,73326.77,73596.19,73310.74,73559.36,0
2024-05-07 14:15:00,1715071500,73554.92,73570.09,73360.13,73531.33,0
2024-05-07 15:15:00,1715075100,73531.58,73548.82,73479.69,73525.15,0
2024-05-08 09:15:00,1715139900,73225,73418.14,73148.76,73362.97,0
2024-05-08 10:15:00,1715143500,73363.47,73364.86,73073.92,73255.13,0
2024-05-08 11:15:00,1715147100,73255.54,73593.07,73246.72,73582.68,0
2024-05-08 12:15:00,1715150700,73581.4,73647.89,73486.81,73590.19,0
2024-05-08 13:15:00,1715154300,73591.41,73684.93,73355.83,73388.62,0
2024-05-08 14:15:00,1715157900,73392.76,73513.64,73301.37,73480.69,0
2024-05-08 15:15:00,1715161500,73489.12,73536.12,73443.43,73503.25,0
2024-05-09 09:15:00,1715226300,73499.49,73499.49,73075.68,73081.75,0
2024-05-09 10:15:00,1715229900,73091.35,73133.7,72886.96,72941.47,0
2024-05-09 11:15:00,1715233500,72941.94,73070.12,72902.08,73043.12,0
2024-05-09 12:15:00,1715237100,73041.99,73100.48,72624.14,72718.68,0
2024-05-09 13:15:00,1715240700,72717.85,72788.9,72603.09,72724.12,0
2024-05-09 14:15:00,1715244300,72726.04,72777.44,72365.68,72373.6,0
2024-05-09 15:15:00,1715247900,72373.01,72445.51,72334.18,72440.24,0
2024-05-10 09:15:00,1715312700,72475.45,72946.54,72366.29,72898.37,0
2024-05-10 10:15:00,1715316300,72888.12,72940.81,72505.27,72664.54,0
2024-05-10 11:15:00,1715319900,72665.28,72764.47,72499.64,72567.23,0
2024-05-10 12:15:00,1715323500,72568.44,72590.42,72405.14,72443.43,0
2024-05-10 13:15:00,1715327100,72444.66,72652.14,72426.22,72533.52,0
2024-05-10 14:15:00,1715330700,72534.23,72738.39,72470.14,72662.88,0
2024-05-10 15:15:00,1715334300,72662.45,72715.44,72618.04,72652.62,0
2024-05-13 09:15:00,1715571900,72476.65,72603.18,71882.9,72046.44,0
2024-05-13 10:15:00,1715575500,72044.24,72190.2,71866.01,72158.29,0
2024-05-13 11:15:00,1715579100,72157.87,72409.17,72152.29,72385.17,0
2024-05-13 12:15:00,1715582700,72386.9,72574.09,72332.52,72535.03,0
2024-05-13 13:15:00,1715586300,72535.93,72803.66,72205.04,72775.8,0
2024-05-13 14:15:00,1715589900,72775.4,72863.56,72655.22,72756.52,0
2024-05-13 15:15:00,1715593500,72756.09,72852.74,72727.89,72804.35,0
2024-05-14 09:15:00,1715658300,72696.72,73002.05,72683.99,72752.25,0
2024-05-14 10:15:00,1715661900,72754.36,73007.97,72745.56,73007.16,0
2024-05-14 11:15:00,1715665500,73008.59,73059.39,72929.03,73013.96,0
2024-05-14 12:15:00,1715669100,73015.88,73165.14,72946.47,73101.36,0
2024-05-14 13:15:00,1715672700,73100.21,73286.26,73050.8,73220.36,0
2024-05-14 14:15:00,1715676300,73223.9,73270.06,73026.99,73112.36,0
2024-05-14 15:15:00,1715679900,73111.96,73136.28,73072.99,73116.97,0
2024-05-15 09:15:00,1715744700,73200.23,73301.47,72888.38,72948.24,0
2024-05-15 10:15:00,1715748300,72940.71,73129.27,72822.66,73062.34,0
2024-05-15 11:15:00,1715751900,73063.72,73088.65,72870.76,72991.78,0
2024-05-15 12:15:00,1715755500,72990.04,73026.36,72920.79,72947.32,0
2024-05-15 13:15:00,1715759100,72946.96,73043.71,72871.54,73012.1,0
2024-05-15 14:15:00,1715762700,73006.71,73074.65,72920.14,73002.72,0
2024-05-15 15:15:00,1715766300,73000.72,73044.3,72946.88,73038.83,0
2024-05-16 09:15:00,1715831100,73338.24,73396.75,73092.26,73179.93,0
2024-05-16 10:15:00,1715834700,73182.12,73193.5,72767.26,72844.67,0
2024-05-16 11:15:00,1715838300,72847.4,73301.46,72721.16,73290.54,0
2024-05-16 12:15:00,1715841900,73304.45,73353.88,72690.71,72758.97,0
2024-05-16 13:15:00,1715845500,72761.1,72812.89,72529.97,72586.43,0
2024-05-16 14:15:00,1715849100,72587.16,73671.1,72578.36,73645.77,0
2024-05-16 15:15:00,1715852700,73648.34,73749.47,73615.76,73638.13,0
2024-05-17 09:15:00,1715917500,73711.31,73760.49,73459.8,73649.6,0
2024-05-17 10:15:00,1715921100,73648.19,73950.94,73620.1,73939.12,0
2024-05-17 11:15:00,1715924700,73938.81,74004.69,73838.93,73884.68,0
2024-05-17 12:15:00,1715928300,73884.36,73991.95,73839.61,73948.41,0
2024-05-17 13:15:00,1715931900,73948.06,74070.84,73850.26,73966.64,0
2024-05-17 14:15:00,1715935500,73965.95,74013.38,73823.3,73940.7,0
2024-05-17 15:15:00,1715939100,73939.04,73988.98,73878.54,73910.51,0
2024-05-18 09:15:00,1716003900,73921.46,74075.04,73920.63,73967.77,0
2024-05-18 11:15:00,1716011100,74161.96,74161.96,73955.5,74025.58,0
2024-05-18 12:15:00,1716014700,74026.37,74053.8,73995.78,74042.21,0
2024-05-21 09:15:00,1716263100,73842.96,73987.47,73781.24,73806.71,0
2024-05-21 10:15:00,1716266700,73810.09,73936.54,73762.37,73923.53,0
2024-05-21 11:15:00,1716270300,73928.44,74065.66,73898.42,74045.41,0
2024-05-21 12:15:00,1716273900,74047.08,74189.19,73966.19,74130.16,0
2024-05-21 13:15:00,1716277500,74129.45,74149.47,74003.89,74012.21,0
2024-05-21 14:15:00,1716281100,74013.61,74057.24,73899.84,73958.26,0
2024-05-21 15:15:00,1716284700,73957.57,73974.86,73875.97,73896.31,0
2024-05-22 09:15:00,1716349500,74165.52,74165.52,73860.33,74089.63,0
2024-05-22 10:15:00,1716353100,74089.42,74138.29,73995.02,74062.33,0
2024-05-22 11:15:00,1716356700,74052.8,74112.51,73987.36,74095.8,0
2024-05-22 12:15:00,1716360300,74096.3,74171.81,74045.18,74079.52,0
2024-05-22 13:15:00,1716363900,74079.85,74239.02,74079.85,74139.23,0
2024-05-22 14:15:00,1716367500,74141.99,74261.92,73981.92,74206.12,0
2024-05-22 15:15:00,1716371100,74204.59,74307.79,74196.79,74250.78,0
2024-05-23 09:15:00,1716435900,74253.53,74533,74158.35,74486.36,0
2024-05-23 10:15:00,1716439500,74488.49,74649.33,74416.82,74579.06,0
2024-05-23 11:15:00,1716443100,74578.99,74796.41,74569.77,74746.58,0
2024-05-23 12:15:00,1716446700,74746.6,75050.05,74737.79,74964.67,0
2024-05-23 13:15:00,1716450300,74967.26,75255.23,74882.66,75251.9,0
2024-05-23 14:15:00,1716453900,75249.21,75466.76,75170.66,75446.66,0
2024-05-23 15:15:00,1716457500,75445.4,75499.91,75345.08,75345.42,0
2024-05-24 09:15:00,1716522300,75335.45,75582.28,75244.22,75274.92,0
2024-05-24 10:15:00,1716525900,75267.62,75471.96,75265.04,75385.26,0
2024-05-24 11:15:00,1716529500,75385.52,75466.9,75368.85,75414.3,0
2024-05-24 12:15:00,1716533100,75420.7,75559.9,75382.85,75493.9,0
2024-05-24 13:15:00,1716536700,75489.8,75599.4,75430.68,75548.57,0
2024-05-24 14:15:00,1716540300,75548.9,75636.5,75309.12,75424.43,0
2024-05-24 15:15:00,1716543900,75427.29,75463.39,75344.66,75366.22,0
2024-05-27 09:15:00,1716781500,75655.46,75679.67,75404.82,75466.29,0
2024-05-27 10:15:00,1716785100,75463.72,75649.11,75441.54,75586.79,0
2024-05-27 11:15:00,1716788700,75590.8,75876.96,75582.07,75855.94,0
2024-05-27 12:15:00,1716792300,75857.66,76009.68,75840.47,75892.91,0
2024-05-27 13:15:00,1716795900,75893.1,75937.54,75784.71,75856.16,0
2024-05-27 14:15:00,1716799500,75857.27,75868.6,75175.27,75418.49,0
2024-05-27 15:15:00,1716803100,75419.18,75461.42,75340.78,75364.6,0
2024-05-28 09:15:00,1716867900,75585.4,75585.4,75347.05,75434.8,0
2024-05-28 10:15:00,1716871500,75435.51,75574.21,75428.96,75466.98,0
2024-05-28 11:15:00,1716875100,75466.94,75493.68,75359.58,75378.18,0
2024-05-28 12:15:00,1716878700,75377.43,75463.22,75247.43,75397.96,0
2024-05-28 13:15:00,1716882300,75396.45,75491.37,75293.65,75341.35,0
2024-05-28 14:15:00,1716885900,75338.57,75372.68,75187.91,75207.6,0
2024-05-28 15:15:00,1716889500,75208.05,75213.35,75083.22,75128.49,0
2024-05-29 09:15:00,1716954300,74826.94,74986.22,74727.99,74735.62,0
2024-05-29 10:15:00,1716957900,74735.39,74766.54,74590.41,74604.92,0
2024-05-29 11:15:00,1716961500,74605.07,74678.51,74539.56,74656.46,0
2024-05-29 12:15:00,1716965100,74656.13,74810.92,74586.34,74679.3,0
2024-05-29 13:15:00,1716968700,74673.9,74765.49,74577.25,74646.2,0
2024-05-29 14:15:00,1716972300,74645.89,74675.8,74454.55,74529.44,0
2024-05-29 15:15:00,1716975900,74531.93,74548.25,74472.29,74501.84,0
2024-05-30 09:15:00,1717040700,74365.88,74493.55,74030.53,74044.98,0
2024-05-30 10:15:00,1717044300,74046.33,74231.19,74033.63,74078.25,0
2024-05-30 11:15:00,1717047900,74077.97,74162.2,74004.31,74108.2,0
2024-05-30 12:15:00,1717051500,74108.18,74202.11,74050.32,74146.11,0
2024-05-30 13:15:00,1717055100,74145.76,74148.5,73931.74,73962.17,0
2024-05-30 14:15:00,1717058700,73963.54,74015.16,73668.73,73835.59,0
2024-05-30 15:15:00,1717062300,73835.46,74111.5,73832.46,74099.39,0
2024-05-31 09:15:00,1717127100,74208.53,74478.89,74079.6,74101.79,0
2024-05-31 10:15:00,1717130700,74095.71,74265.34,73955.69,74051.83,0
2024-05-31 11:15:00,1717134300,74057.79,74153.59,73968.35,74014.41,0
2024-05-31 12:15:00,1717137900,74013.07,74122.14,73967.01,74040.3,0
2024-05-31 13:15:00,1717141500,74040.38,74354.6,74004.16,74245.52,0
2024-05-31 14:15:00,1717145100,74238.53,74244.28,73765.15,73971.34,0
2024-05-31 15:15:00,1717148700,73972.07,74151.23,73946.63,74018.06,0
2024-06-03 09:15:00,1717386300,76583.29,76738.89,75678.43,76101.77,0
2024-06-03 10:15:00,1717389900,76099.78,76145.7,75929.26,76094.06,0
2024-06-03 11:15:00,1717393500,76088,76333.73,76073.59,76250.5,0
2024-06-03 12:15:00,1717397100,76254.57,76310.03,76178.65,76269.95,0
2024-06-03 13:15:00,1717400700,76271.37,76403.43,76071.24,76329.58,0
2024-06-03 14:15:00,1717404300,76331.06,76452.62,76226.01,76442.36,0
2024-06-03 15:15:00,1717407900,76441.86,76623.68,76441.86,76599.09,0
2024-06-04 09:15:00,1717472700,76285.78,76300.46,73659.29,75027.26,0
2024-06-04 10:15:00,1717476300,75031.52,75037.21,72337.34,72708.46,0
2024-06-04 11:15:00,1717479900,72726.32,73438.07,70807.76,71240.51,0
2024-06-04 12:15:00,1717483500,71248.69,72521.47,70234.43,72287.2,0
2024-06-04 13:15:00,1717487100,72286.55,73260.49,72097,72638.84,0
2024-06-04 14:15:00,1717490700,72622.89,72703.45,71536.39,72264.33,0
2024-06-04 15:15:00,1717494300,72257.01,72573.79,72013.37,72573.79,0
2024-06-05 09:15:00,1717559100,73027.88,73027.88,71879.44,72643.71,0
2024-06-05 10:15:00,1717562700,72643.32,73546.6,72233.57,73546.6,0
2024-06-05 11:15:00,1717566300,73547.58,73851.09,73138.3,73420.54,0
2024-06-05 12:15:00,1717569900,73420.74,73746.51,73201.21,73609.68,0
2024-06-05 13:15:00,1717573500,73604.91,74204.67,73536.92,73919.95,0
2024-06-05 14:15:00,1717577100,73921.88,74534.82,73796.4,74431.16,0
2024-06-05 15:15:00,1717580700,74431.96,74448.59,74174.28,74231.28,0
2024-06-06 09:15:00,1717645500,75078.7,75078.7,74526.06,74903.26,0
2024-06-06 10:15:00,1717649100,74904.03,75297.73,74898.02,75267.7,0
2024-06-06 11:15:00,1717652700,75267.53,75276.61,74582.11,74684.59,0
2024-06-06 12:15:00,1717656300,74687.59,74964.42,74474.94,74635.12,0
2024-06-06 13:15:00,1717659900,74636.84,75120.88,74631.21,74910.36,0
2024-06-06 14:15:00,1717663500,74910.52,75075.19,74545.79,75068.79,0
2024-06-06 15:15:00,1717667100,75071.13,75196.77,74995.4,75167.25,0
2024-06-07 09:15:00,1717731900,75031.79,75698.71,74941.88,75592.68,0
2024-06-07 10:15:00,1717735500,75592.5,75981.94,75373.24,75946.87,0
2024-06-07 11:15:00,1717739100,75949.81,76536.29,75813.02,76392.29,0
2024-06-07 12:15:00,1717742700,76389.7,76591.02,76202.42,76474.36,0
2024-06-07 13:15:00,1717746300,76466.84,76630.4,76222.55,76556.78,0
2024-06-07 14:15:00,1717749900,76551.55,76795.31,76444.48,76718.05,0
2024-06-07 15:15:00,1717753500,76715.14,76733.5,76596.81,76600.83,0
2024-06-10 09:15:00,1717991100,76935.41,77079.04,76442.51,76696.58,0
2024-06-10 10:15:00,1717994700,76695.11,76850.91,76659.49,76761.34,0
2024-06-10 11:15:00,1717998300,76764.54,76884.26,76637.55,76643.23,0
2024-06-10 12:15:00,1718001900,76642.18,76795.4,76642.18,76735.44,0
2024-06-10 13:15:00,1718005500,76739.06,76899.68,76707.68,76844.05,0
2024-06-10 14:15:00,1718009100,76843.84,76848.28,76423.91,76508.45,0
2024-06-10 15:15:00,1718012700,76506.4,76524.14,76379.73,76421.25,0
2024-06-11 09:15:00,1718077500,76680.9,76696.95,76296.44,76650.99,0
2024-06-11 10:15:00,1718081100,76651.22,76766.59,76594.13,76697.05,0
2024-06-11 11:15:00,1718084700,76692.23,76715.82,76608.99,76689.2,0
2024-06-11 12:15:00,1718088300,76687.6,76753.82,76606.72,76677.52,0
2024-06-11 13:15:00,1718091900,76679.4,76860.53,76623.06,76661.38,0
2024-06-11 14:15:00,1718095500,76661.04,76724.24,76449.75,76462.8,0
2024-06-11 15:15:00,1718099100,76465.62,76476.14,76358.28,76427.43,0
2024-06-12 09:15:00,1718163900,76679.11,76967.73,76553.53,76933.6,0
2024-06-12 10:15:00,1718167500,76927.22,77050.53,76856.32,76935.09,0
2024-06-12 11:15:00,1718171100,76933.43,76993.08,76774.91,76900.69,0
2024-06-12 12:15:00,1718174700,76899.86,76948.97,76823.51,76918.85,0
2024-06-12 13:15:00,1718178300,76918.91,76932.3,76667.28,76708.13,0
2024-06-12 14:15:00,1718181900,76708.7,76847.35,76578.08,76620.41,0
2024-06-12 15:15:00,1718185500,76614.38,76628.64,76533.78,76559.38,0
2024-06-13 09:15:00,1718250300,77102.05,77145.46,76777.77,76901.48,0
2024-06-13 10:15:00,1718253900,76900.25,76915.87,76768.87,76769.38,0
2024-06-13 11:15:00,1718257500,76768.26,76910.79,76719.7,76831.66,0
2024-06-13 12:15:00,1718261100,76834.69,76933.25,76824.83,76894.36,0
2024-06-13 13:15:00,1718264700,76894.75,76925.83,76805.28,76843.45,0
2024-06-13 14:15:00,1718268300,76842.17,76870.08,76766.69,76803.67,0
2024-06-13 15:15:00,1718271900,76804.23,76853.75,76789.53,76823.75,0
2024-06-14 09:15:00,1718336700,76912.38,77001.7,76549.05,76897.18,0
2024-06-14 10:15:00,1718340300,76898.1,76981.6,76859.4,76925.72,0
2024-06-14 11:15:00,1718343900,76925.35,76936.45,76849.3,76900.38,0
2024-06-14 12:15:00,1718347500,76899.55,76981.42,76873.2,76965.33,0
2024-06-14 13:15:00,1718351100,76964.97,76984.66,76837.23,76917.24,0
2024-06-14 14:15:00,1718354700,76913.55,77081.3,76882.14,77013.86,0
2024-06-14 15:15:00,1718358300,77013.31,77013.31,76896.07,76956.07,0
2024-06-18 09:15:00,1718682300,77235.31,77366.77,77071.44,77256.28,0
2024-06-18 10:15:00,1718685900,77250.26,77299.66,77148.92,77260.97,0
2024-06-18 11:15:00,1718689500,77260.89,77320.97,77224.71,77233.53,0
2024-06-18 12:15:00,1718693100,77232.28,77261.26,77166.49,77217.53,0
2024-06-18 13:15:00,1718696700,77217.88,77293.13,77184.02,77261.83,0
2024-06-18 14:15:00,1718700300,77262.23,77293.48,77192.11,77285.85,0
2024-06-18 15:15:00,1718703900,77291.9,77344.11,77287.22,77322.07,0
2024-06-19 09:15:00,1718768700,77543.22,77581.46,77313.93,77317.9,0
2024-06-19 10:15:00,1718772300,77322.34,77340.87,76954.87,77266.52,0
2024-06-19 11:15:00,1718775900,77265.74,77444.05,77179.68,77444.05,0
2024-06-19 12:15:00,1718779500,77449.99,77499.11,77329.68,77408.13,0
2024-06-19 13:15:00,1718783100,77408.5,77521.42,77281.33,77476.54,0
2024-06-19 14:15:00,1718786700,77475.28,77851.63,77235.78,77319.32,0
2024-06-19 15:15:00,1718790300,77314.85,77383.85,77294.69,77343.22,0
2024-06-20 09:15:00,1718855100,77554.83,77588.31,77100.36,77214.78,0
2024-06-20 10:15:00,1718858700,77213.49,77463.6,77167.47,77370.23,0
2024-06-20 11:15:00,1718862300,77370.26,77489.34,77351.32,77441.75,0
2024-06-20 12:15:00,1718865900,77434.9,77489.34,77363.78,77414.55,0
2024-06-20 13:15:00,1718869500,77417.15,77643.09,77365.03,77462.6,0
2024-06-20 14:15:00,1718873100,77463.4,77575.17,77382.27,77473.28,0
2024-06-20 15:15:00,1718876700,77473.04,77542.86,77453.62,77508.82,0
2024-06-21 09:15:00,1718941500,77729.48,77808.45,77395.82,77451,0
2024-06-21 10:15:00,1718945100,77451.35,77540.23,77131.82,77242.64,0
2024-06-21 11:15:00,1718948700,77243.9,77367.99,77160.41,77295.44,0
2024-06-21 12:15:00,1718952300,77295.85,77341.26,76908.59,76995.39,0
2024-06-21 13:15:00,1718955900,76996.33,77511.99,76969.64,77418.07,0
2024-06-21 14:15:00,1718959500,77417.09,77487.43,76802,77141.17,0
2024-06-21 15:15:00,1718963100,77143.4,77219.98,77048.55,77070.32,0
2024-06-24 09:15:00,1719200700,76885.65,77071.39,76745.94,77047.62,0
2024-06-24 10:15:00,1719204300,77044.54,77318.21,76996.14,77228.57,0
2024-06-24 11:15:00,1719207900,77228.05,77389.38,77201.33,77339.25,0
2024-06-24 12:15:00,1719211500,77337.91,77423.02,77276.29,77390.37,0
2024-06-24 13:15:00,1719215100,77392.48,77415.57,77254.28,77289.95,0
2024-06-24 14:15:00,1719218700,77284.89,77404.71,77185.37,77390.47,0
2024-06-24 15:15:00,1719222300,77386.23,77411.37,77324.93,77369.31,0
2024-06-25 09:15:00,1719287100,77529.19,77636.19,77459.6,77552.69,0
2024-06-25 10:15:00,1719290700,77554.94,77624.9,77528.58,77541.97,0
2024-06-25 11:15:00,1719294300,77542.05,77614.93,77480.01,77582.21,0
2024-06-25 12:15:00,1719297900,77583.27,77937.82,77559.75,77908.79,0
2024-06-25 13:15:00,1719301500,77910.33,78016.04,77864.02,77967.31,0
2024-06-25 14:15:00,1719305100,77972.79,78092.01,77883.01,78082.56,0
2024-06-25 15:15:00,1719308700,78082.66,78164.71,78030.29,78064.48,0
2024-06-26 09:15:00,1719373500,78094.02,78188.16,77945.94,77983.18,0
2024-06-26 10:15:00,1719377100,77980.15,78338.79,77980.15,78289.92,0
2024-06-26 11:15:00,1719380700,78286.54,78556.33,78286.54,78487.11,0
2024-06-26 12:15:00,1719384300,78484.68,78588.76,78417.05,78505.08,0
2024-06-26 13:15:00,1719387900,78506.46,78675.3,78498.35,78669.24,0
2024-06-26 14:15:00,1719391500,78669.05,78759.4,78592.32,78701.85,0
2024-06-26 15:15:00,1719395100,78696.63,78744.18,78575.1,78575.1,0
2024-06-27 09:15:00,1719459900,78758.67,79013.76,78467.34,78954.87,0
2024-06-27 10:15:00,1719463500,78947.73,79033.91,78557.96,78874.32,0
2024-06-27 11:15:00,1719467100,78872.87,79144.69,78801.24,79144.69,0
2024-06-27 12:15:00,1719470700,79145.55,79240.08,78923.19,78996.88,0
2024-06-27 13:15:00,1719474300,78996.89,79107.5,78890.02,78979.61,0
2024-06-27 14:15:00,1719477900,78981.88,79254.63,78848.58,79245.79,0
2024-06-27 15:15:00,1719481500,79250.54,79396.03,79224.81,79250.58,0
2024-06-28 09:15:00,1719546300,79457.58,79671.58,79308.78,79535.81,0
2024-06-28 10:15:00,1719549900,79533.39,79581.34,79420.11,79547.72,0
2024-06-28 11:15:00,1719553500,79548.56,79565.97,79397.91,79437.23,0
2024-06-28 12:15:00,1719557100,79436.81,79447.68,79079.59,79253.63,0
2024-06-28 13:15:00,1719560700,79254.6,79513.3,79160.13,79405.89,0
2024-06-28 14:15:00,1719564300,79409.81,79498.37,78923.94,78976.69,0
2024-06-28 15:15:00,1719567900,78972.36,79022.72,78905.89,79022.72,0
2024-07-01 09:15:00,1719805500,79043.35,79297,78971.79,79148.2,0
2024-07-01 10:15:00,1719809100,79154.98,79282.42,79152.02,79230.17,0
2024-07-01 11:15:00,1719812700,79223.77,79407.7,79199.37,79360.12,0
2024-07-01 12:15:00,1719816300,79361.49,79437.2,79333.35,79400.05,0
2024-07-01 13:15:00,1719819900,79400.03,79517.06,79369.74,79474.96,0
2024-07-01 14:15:00,1719823500,79474.75,79561,79403.91,79506.55,0
2024-07-01 15:15:00,1719827100,79514.68,79537.03,79386.74,79420.35,0
2024-07-02 09:15:00,1719891900,79840.37,79855.87,79236.74,79438.71,0
2024-07-02 10:15:00,1719895500,79439.27,79604.46,79408.12,79600.66,0
2024-07-02 11:15:00,1719899100,79599.7,79633.91,79404.05,79479.02,0
2024-07-02 12:15:00,1719902700,79480.23,79554.99,79231.11,79388.64,0
2024-07-02 13:15:00,1719906300,79392.95,79495.91,79353.94,79388.7,0
2024-07-02 14:15:00,1719909900,79388.24,79525.72,79385.89,79456.54,0
2024-07-02 15:15:00,1719913500,79459.78,79473.16,79380.5,79394.63,0
2024-07-03 09:15:00,1719978300,80013.77,80074.3,79754.95,79932.35,0
2024-07-03 10:15:00,1719981900,79940.24,80011.68,79893.31,79924.27,0
2024-07-03 11:15:00,1719985500,79923.94,79945.07,79816.44,79845.46,0
2024-07-03 12:15:00,1719989100,79845.38,79986.06,79845.38,79931.37,0
2024-07-03 13:15:00,1719992700,79933.45,80003.17,79891.63,79913.8,0
2024-07-03 14:15:00,1719996300,79912.51,80026.21,79834.65,80022.92,0
2024-07-03 15:15:00,1719999900,80022.38,80063.73,79962.77,79997.03,0
2024-07-04 09:15:00,1720064700,80321.79,80392.64,80113.81,80310.4,0
2024-07-04 10:15:00,1720068300,80310.57,80345.04,80052.34,80155.22,0
2024-07-04 11:15:00,1720071900,80154.96,80213.95,80119.15,80155.78,0
2024-07-04 12:15:00,1720075500,80156.39,80245.53,80132.55,80188.61,0
2024-07-04 13:15:00,1720079100,80192.16,80215.48,80081.68,80188.89,0
2024-07-04 14:15:00,1720082700,80185.64,80206.29,79986.41,80047.42,0
2024-07-04 15:15:00,1720086300,80028.1,80072.27,80010.3,80052.02,0
2024-07-05 09:15:00,1720151100,79778.98,79876.25,79478.96,79680.74,0
2024-07-05 10:15:00,1720154700,79679.63,79800.23,79634.85,79714.82,0
2024-07-05 11:15:00,1720158300,79715.73,79872.41,79665.81,79810.39,0
2024-07-05 12:15:00,1720161900,79812.11,79873.77,79709.71,79744.48,0
2024-07-05 13:15:00,1720165500,79743.09,79798.55,79663.67,79718.27,0
2024-07-05 14:15:00,1720169100,79719.09,80096.88,79537.53,80042.51,0
2024-07-05 15:15:00,1720172700,80032.67,80149.87,79955.98,79977.2,0
2024-07-08 09:15:00,1720410300,79915,80022.38,79767.97,79911.05,0
2024-07-08 10:15:00,1720413900,79904.64,79989.87,79739.71,79825.21,0
2024-07-08 11:15:00,1720417500,79822.51,79928.37,79731.83,79762.33,0
2024-07-08 12:15:00,1720421100,79762.59,79949.58,79747.78,79936.01,0
2024-07-08 13:15:00,1720424700,79937.04,79993.32,79853.16,79893.58,0
2024-07-08 14:15:00,1720428300,79893.14,80049.95,79875.21,79961.37,0
2024-07-08 15:15:00,1720431900,79974.41,80067.46,79923.78,80027.02,0
2024-07-09 09:15:00,1720496700,80107.21,80213.38,79998.56,80142.44,0
2024-07-09 10:15:00,1720500300,80142.68,80242.83,80077.6,80233.37,0
2024-07-09 11:15:00,1720503900,80236.9,80288.92,80199.43,80236.02,0
2024-07-09 12:15:00,1720507500,80241.91,80366.42,80210.79,80339.95,0
2024-07-09 13:15:00,1720511100,80339.54,80387.15,80304,80369.78,0
2024-07-09 14:15:00,1720514700,80367.11,80397.17,80297.25,80352.73,0
2024-07-09 15:15:00,1720518300,80350.09,80385.29,80251.27,80264.39,0
2024-07-10 09:15:00,1720583100,80481.36,80481.36,79952.95,79993.86,0
2024-07-10 10:15:00,1720586700,79993.1,80044.7,79435.76,79610.26,0
2024-07-10 11:15:00,1720590300,79608.99,79820.07,79562.34,79746.3,0
2024-07-10 12:15:00,1720593900,79747.15,79846.08,79715.05,79784.61,0
2024-07-10 13:15:00,1720597500,79785.42,79816.29,79580,79659.82,0
2024-07-10 14:15:00,1720601100,79657.48,79977.71,79622.08,79950.74,0
2024-07-10 15:15:00,1720604700,79952.67,79973.6,79887.04,79909.22,0
2024-07-11 09:15:00,1720669500,80170.09,80170.09,79752.08,79782.01,0
2024-07-11 10:15:00,1720673100,79782.78,79782.78,79579.11,79641.74,0
2024-07-11 11:15:00,1720676700,79642.16,79725.5,79464.38,79666.21,0
2024-07-11 12:15:00,1720680300,79669.73,79832.28,79660.85,79818.63,0
2024-07-11 13:15:00,1720683900,79819.26,79934.74,79733.72,79829.86,0
2024-07-11 14:15:00,1720687500,79829.05,79934.98,79783.15,79914.56,0
2024-07-11 15:15:00,1720691100,79917,80012.95,79883,79914.26,0
2024-07-12 09:15:00,1720755900,80093.62,80294.69,79843.39,79968.75,0
2024-07-12 10:15:00,1720759500,79967.7,80893.51,79941.43,80625.41,0
2024-07-12 11:15:00,1720763100,80624.11,80624.11,80380.01,80557.12,0
2024-07-12 12:15:00,1720766700,80557.9,80624.15,80433.55,80583.53,0
2024-07-12 13:15:00,1720770300,80584.32,80775.12,80559.07,80763,0
2024-07-12 14:15:00,1720773900,80761.27,80794.51,80436.07,80449.3,0
2024-07-12 15:15:00,1720777500,80451.94,80577.66,80425.13,80551.03,0
2024-07-15 09:15:00,1721015100,80686.54,80809.8,80556.97,80652,0
2024-07-15 10:15:00,1721018700,80649.01,80813.69,80578.12,80720.65,0
2024-07-15 11:15:00,1721022300,80719.94,80805.97,80580.74,80743.52,0
2024-07-15 12:15:00,1721025900,80744.3,80789.83,80651.04,80787.4,0
2024-07-15 13:15:00,1721029500,80790.08,80862.54,80701.77,80712.02,0
2024-07-15 14:15:00,1721033100,80712.15,80783.78,80627.23,80650.76,0
2024-07-15 15:15:00,1721036700,80649.87,80689.72,80617.61,80666.03,0
2024-07-16 09:15:00,1721101500,80731.49,80853.76,80708.78,80800.28,0
2024-07-16 10:15:00,1721105100,80800.78,80895.63,80789.03,80863.09,0
2024-07-16 11:15:00,1721108700,80861.41,80898.3,80779.54,80817.43,0
2024-07-16 12:15:00,1721112300,80821.2,80873.31,80749.77,80843.31,0
2024-07-16 13:15:00,1721115900,80843.03,80854.53,80667.68,80729.09,0
2024-07-16 14:15:00,1721119500,80729.38,80830.93,80598.06,80704.62,0
2024-07-16 15:15:00,1721123100,80699.46,80743.87,80658.7,80708.86,0
2024-07-18 09:15:00,1721274300,80514.25,80910.45,80390.37,80859.86,0
2024-07-18 10:15:00,1721277900,80865.97,80877.89,80508.27,80518.25,0
2024-07-18 11:15:00,1721281500,80518.9,80759.33,80426.11,80747.1,0
2024-07-18 12:15:00,1721285100,80747.66,81105.06,80733.47,81101.65,0
2024-07-18 13:15:00,1721288700,81105.09,81475.91,81052.22,81452.05,0
2024-07-18 14:15:00,1721292300,81454.38,81522.55,81298.78,81351.95,0
2024-07-18 15:15:00,1721295900,81353.59,81386.4,81285.14,81300.59,0
2024-07-19 09:15:00,1721360700,81585.06,81587.76,81088.66,81094.77,0
2024-07-19 10:15:00,1721364300,81094.6,81210.22,80978.33,81022.41,0
2024-07-19 11:15:00,1721367900,81023.68,81073.97,80926.5,81018.93,0
2024-07-19 12:15:00,1721371500,81016.56,81041.45,80816.46,80851.67,0
2024-07-19 13:15:00,1721375100,80851.05,80965.65,80687.48,80721.64,0
2024-07-19 14:15:00,1721378700,80720.52,80810.63,80545.74,80610.04,0
2024-07-19 15:15:00,1721382300,80611.95,80639.02,80499.1,80587.16,0
2024-07-22 09:15:00,1721619900,80408.9,80695.62,80100.65,80683.58,0
2024-07-22 10:15:00,1721623500,80681.47,80800.92,80578.24,80580.54,0
2024-07-22 11:15:00,1721627100,80580.67,80648.95,80504.68,80563.73,0
2024-07-22 12:15:00,1721630700,80564.04,80576.74,80377.1,80447.16,0
2024-07-22 13:15:00,1721634300,80447.19,80608.44,80443.24,80481.78,0
2024-07-22 14:15:00,1721637900,80481.11,80562.07,80419.93,80537.98,0
2024-07-22 15:15:00,1721641500,80539.44,80551.08,80489.17,80518.74,0
2024-07-23 09:15:00,1721706300,80724.3,80766.41,80362.79,80370.13,0
2024-07-23 10:15:00,1721709900,80365.15,80701.87,80289.27,80664.81,0
2024-07-23 11:15:00,1721713500,80663.89,80685.13,80135.02,80396.31,0
2024-07-23 12:15:00,1721717100,80393.8,80413.09,79224.32,79768.68,0
2024-07-23 13:15:00,1721720700,79769.75,80535.63,79762.1,80372.95,0
2024-07-23 14:15:00,1721724300,80372.59,80659.76,80263.69,80367.42,0
2024-07-23 15:15:00,1721727900,80366.8,80450.74,80327.91,80439.49,0
2024-07-24 09:15:00,1721792700,80343.38,80519.58,80087.29,80284.27,0
2024-07-24 10:15:00,1721796300,80278.73,80419.69,80113.47,80201.97,0
2024-07-24 11:15:00,1721799900,80201.2,80243.49,79975.63,80003.81,0
2024-07-24 12:15:00,1721803500,80000.26,80002.7,79750.51,79949.23,0
2024-07-24 13:15:00,1721807100,79949.58,80031.48,79805.31,79830.76,0
2024-07-24 14:15:00,1721810700,79829.21,80272.91,79828.75,80141.86,0
2024-07-24 15:15:00,1721814300,80141.9,80265.5,80109.53,80184.03,0
2024-07-25 09:15:00,1721879100,79542.11,79770.32,79477.83,79721.35,0
2024-07-25 10:15:00,1721882700,79719.2,79798.44,79627.92,79772.24,0
2024-07-25 11:15:00,1721886300,79772.81,79936.3,79698.22,79929.68,0
2024-07-25 12:15:00,1721889900,79930.31,80051.98,79896.72,79991.66,0
2024-07-25 13:15:00,1721893500,79991.35,80135.52,79932.81,80125.91,0
2024-07-25 14:15:00,1721897100,80125.05,80143.1,79998.78,80023.87,0
2024-07-25 15:15:00,1721900700,80024.25,80094.46,79985.53,80083.9,0
2024-07-26 09:15:00,1721965500,80158.5,80594.76,80013.6,80534.87,0
2024-07-26 10:15:00,1721969100,80532.25,80744.77,80516.02,80700.9,0
2024-07-26 11:15:00,1721972700,80703.74,80735.69,80630.59,80688.05,0
2024-07-26 12:15:00,1721976300,80684.23,81196.67,80670.22,81183.46,0
2024-07-26 13:15:00,1721979900,81183.15,81288.89,81083.85,81200.37,0
2024-07-26 14:15:00,1721983500,81202.33,81421.04,81054.75,81376.2,0
2024-07-26 15:15:00,1721987100,81374.63,81427.18,81310.41,81387.51,0
2024-07-29 09:15:00,1722224700,81679.65,81749.34,81517.31,81519.93,0
2024-07-29 10:15:00,1722228300,81522.31,81749.93,81479.14,81724.5,0
2024-07-29 11:15:00,1722231900,81725.73,81908.43,81463.65,81574.17,0
2024-07-29 12:15:00,1722235500,81573.29,81597.18,81162.9,81341.93,0
2024-07-29 13:15:00,1722239100,81337.5,81492.24,81210.04,81211.02,0
2024-07-29 14:15:00,1722242700,81211.3,81417.05,81135.91,81274.15,0
2024-07-29 15:15:00,1722246300,81272.25,81372.35,81238.89,81363.11,0
2024-07-30 09:15:00,1722311100,81349.28,81520.94,81230.44,81399.76,0
2024-07-30 10:15:00,1722314700,81401.3,81678.41,81381.31,81640.4,0
2024-07-30 11:15:00,1722318300,81639.27,81728.07,81608.76,81663.76,0
2024-07-30 12:15:00,1722321900,81666.13,81798.19,81640.74,81699.22,0
2024-07-30 13:15:00,1722325500,81684.18,81704.69,81502.52,81660.12,0
2024-07-30 14:15:00,1722329100,81660.7,81815.27,81380.24,81418.18,0
2024-07-30 15:15:00,1722332700,81418.16,81464.66,81353.78,81413.45,0
2024-07-31 09:15:00,1722397500,81655.9,81720.91,81434.32,81702.05,0
2024-07-31 10:15:00,1722401100,81704.48,81758.02,81591.35,81659.15,0
2024-07-31 11:15:00,1722404700,81651.49,81692.75,81557.97,81672.18,0
2024-07-31 12:15:00,1722408300,81671.33,81725.4,81579.91,81673.83,0
2024-07-31 13:15:00,1722411900,81670.91,81735.52,81620.85,81637.28,0
2024-07-31 14:15:00,1722415500,81634.84,81777.86,81624.65,81702.91,0
2024-07-31 15:15:00,1722419100,81712.59,81828.04,81692.76,81803.08,0
2024-08-01 09:15:00,1722483900,81949.68,82129.49,81877.16,81935.08,0
2024-08-01 10:15:00,1722487500,81934.39,81984.73,81838.49,81934.49,0
2024-08-01 11:15:00,1722491100,81935.31,81935.31,81769.38,81784.18,0
2024-08-01 12:15:00,1722494700,81784.72,81864.65,81726.4,81852.41,0
2024-08-01 13:15:00,1722498300,81848.94,81873.83,81749.57,81784.99,0
2024-08-01 14:15:00,1722501900,81785.93,81883.71,81700.21,81876.27,0
2024-08-01 15:15:00,1722505500,81875.49,81921.13,81825.49,81874.59,0
2024-08-02 09:15:00,1722570300,81158.99,81345.6,80995.7,81126.74,0
2024-08-02 10:15:00,1722573900,81132.53,81255.08,81038.71,81190.5,0
2024-08-02 11:15:00,1722577500,81189.49,81289.32,81133.4,81162.04,0
2024-08-02 12:15:00,1722581100,81162.11,81178.22,81061.1,81108.22,0
2024-08-02 13:15:00,1722584700,81106.77,81246.53,81067.43,81131.64,0
2024-08-02 14:15:00,1722588300,81134.48,81177.64,80868.91,81034.01,0
2024-08-02 15:15:00,1722591900,81045.29,81064.31,80903.53,80924.89,0
2024-08-05 09:15:00,1722829500,78588.19,79780.61,78580.46,79544.6,0
2024-08-05 10:15:00,1722833100,79551.26,79570.16,78657.4,78676.77,0
2024-08-05 11:15:00,1722836700,78677.93,78722.53,78295.86,78688.48,0
2024-08-05 12:15:00,1722840300,78692.47,78760.87,78333.95,78656.34,0
2024-08-05 13:15:00,1722843900,78659.7,78986.65,78590.1,78852.95,0
2024-08-05 14:15:00,1722847500,78851.22,78947.34,78635.07,78744.1,0
2024-08-05 15:15:00,1722851100,78745.7,78808.44,78709.36,78775.7,0
2024-08-06 09:15:00,1722915900,78981.97,79852.08,78981.97,79493.75,0
2024-08-06 10:15:00,1722919500,79493.38,79572.79,79008,79320.13,0
2024-08-06 11:15:00,1722923100,79325.53,79435.18,79252.99,79344.72,0
2024-08-06 12:15:00,1722926700,79345.29,79355.27,79093.92,79099.51,0
2024-08-06 13:15:00,1722930300,79098.82,79159.65,78625.73,78680.75,0
2024-08-06 14:15:00,1722933900,78680.5,78830.41,78496.57,78553.58,0
2024-08-06 15:15:00,1722937500,78551.87,78766.74,78524.93,78745.98,0
2024-08-07 09:15:00,1723002300,79565.4,79639.2,79106.28,79181.93,0
2024-08-07 10:15:00,1723005900,79181.92,79599.82,79129.24,79287.65,0
2024-08-07 11:15:00,1723009500,79288.12,79297.6,79183,79199.84,0
2024-08-07 12:15:00,1723013100,79199.58,79385.96,79161.19,79231.31,0
2024-08-07 13:15:00,1723016700,79232.69,79279.83,79106.2,79279.83,0
2024-08-07 14:15:00,1723020300,79281.35,79511.85,79275.58,79480.36,0
2024-08-07 15:15:00,1723023900,79484.96,79512.97,79437.74,79486.75,0
2024-08-08 09:15:00,1723088700,79420.49,79422.15,78897.92,79003.53,0
2024-08-08 10:15:00,1723092300,79005.14,79304.51,78946.33,79114.69,0
2024-08-08 11:15:00,1723095900,79114.65,79509.36,79089.73,79509.36,0
2024-08-08 12:15:00,1723099500,79523.13,79626.92,78933.2,79026.57,0
2024-08-08 13:15:00,1723103100,79027.71,79089.5,78819.52,79020.44,0
2024-08-08 14:15:00,1723106700,79022.56,79149.46,78912.17,78915.64,0
2024-08-08 15:15:00,1723110300,78914.83,78928.84,78798.94,78871.99,0
2024-08-09 09:15:00,1723175100,79984.24,79984.24,79549.09,79718.08,0
2024-08-09 10:15:00,1723178700,79716.96,79769.77,79556.76,79674.52,0
2024-08-09 11:15:00,1723182300,79673.49,79767.48,79657.81,79667.28,0
2024-08-09 12:15:00,1723185900,79665.04,79724.46,79625.56,79678.93,0
2024-08-09 13:15:00,1723189500,79680.62,79769.51,79663.06,79751.9,0
2024-08-09 14:15:00,1723193100,79751.73,79790.29,79640.49,79746.73,0
2024-08-09 15:15:00,1723196700,79740.28,79743.97,79667.59,79676.41,0
2024-08-12 09:15:00,1723434300,79330.12,79597.07,79226.13,79363.11,0
2024-08-12 10:15:00,1723437900,79361.44,79997.67,79359.26,79994.96,0
2024-08-12 11:15:00,1723441500,79995.32,80106.18,79825.94,79830.44,0
2024-08-12 12:15:00,1723445100,79831.42,79986.57,79797.9,79882.97,0
2024-08-12 13:15:00,1723448700,79882.25,79998.43,79839.93,79964.09,0
2024-08-12 14:15:00,1723452300,79964.07,79981.49,79498.88,79659.53,0
2024-08-12 15:15:00,1723455900,79658.64,79709.23,79626.53,79648.43,0
2024-08-13 09:15:00,1723520700,79552.51,79692.55,79466.79,79572.29,0
2024-08-13 10:15:00,1723524300,79577.12,79602.05,79417.71,79518.64,0
2024-08-13 11:15:00,1723527900,79519.33,79578.67,79390.53,79472.75,0
2024-08-13 12:15:00,1723531500,79476.04,79482.55,79199.59,79277.9,0
2024-08-13 13:15:00,1723535100,79277.26,79342.56,78912.86,79018.56,0
2024-08-13 14:15:00,1723538700,79015.58,79098.9,78911.77,78919.19,0
2024-08-13 15:15:00,1723542300,78920.65,78985.26,78889.38,78940.54,0
2024-08-14 09:15:00,1723607100,79065.22,79122.42,78895.72,79029.43,0
2024-08-14 10:15:00,1723610700,79031.63,79102.93,78953.02,79008.8,0
2024-08-14 11:15:00,1723614300,79013.25,79156.31,79000.18,79150.77,0
2024-08-14 12:15:00,1723617900,79151.71,79228.94,79085.62,79183.88,0
2024-08-14 13:15:00,1723621500,79184.03,79197.89,79092.79,79159.71,0
2024-08-14 14:15:00,1723625100,79159.11,79186.32,79036.87,79092.57,0
2024-08-14 15:15:00,1723628700,79088.34,79152.72,79072.53,79117.09,0
2024-08-16 09:15:00,1723779900,79754.85,79988.22,79509.59,79591.35,0
2024-08-16 10:15:00,1723783500,79594.46,79625.54,79306.69,79416.28,0
2024-08-16 11:15:00,1723787100,79414.89,80127,79396.01,80051.09,0
2024-08-16 12:15:00,1723790700,80051.73,80162.96,79938.05,80098.22,0
2024-08-16 13:15:00,1723794300,80097.75,80319.79,80016.67,80297.23,0
2024-08-16 14:15:00,1723797900,80298.7,80518.21,80193.15,80472.18,0
2024-08-16 15:15:00,1723801500,80470.71,80493.06,80396.61,80416.57,0
2024-08-19 09:15:00,1724039100,80680.25,80724.4,80447.45,80489.32,0
2024-08-19 10:15:00,1724042700,80491.08,80516.41,80332.65,80385.39,0
2024-08-19 11:15:00,1724046300,80384.19,80554.02,80380.31,80450.09,0
2024-08-19 12:15:00,1724049900,80448.66,80513.42,80384.14,80510.4,0
2024-08-19 13:15:00,1724053500,80509.55,80555.89,80348.49,80438.25,0
2024-08-19 14:15:00,1724057100,80438.21,80494.72,80383.45,80419.14,0
2024-08-19 15:15:00,1724060700,80418.46,80491.12,80409.99,80444.26,0
2024-08-20 09:15:00,1724125500,80722.54,80918.77,80517.95,80915.37,0
2024-08-20 10:15:00,1724129100,80920.17,80938.28,80737.89,80858.56,0
2024-08-20 11:15:00,1724132700,80858.78,80893.87,80792.4,80872.36,0
2024-08-20 12:15:00,1724136300,80875.24,80942.96,80835.79,80909.84,0
2024-08-20 13:15:00,1724139900,80909.72,80911.82,80832.99,80865.32,0
2024-08-20 14:15:00,1724143500,80865.49,80904.32,80767.49,80791.44,0
2024-08-20 15:15:00,1724147100,80782.93,80814.34,80688.88,80711.56,0
2024-08-21 09:15:00,1724211900,80667.25,80814.75,80627.03,80745.91,0
2024-08-21 10:15:00,1724215500,80744.63,80897.09,80626.38,80671.94,0
2024-08-21 11:15:00,1724219100,80667.9,80841.31,80667.9,80784.19,0
2024-08-21 12:15:00,1724222700,80781.73,80816.98,80736.12,80756.73,0
2024-08-21 13:15:00,1724226300,80758.24,80817.76,80654.77,80802.14,0
2024-08-21 14:15:00,1724229900,80804.09,80911.15,80750.35,80889.92,0
2024-08-21 15:15:00,1724233500,80890.94,80952.83,80870.62,80906.19,0
2024-08-22 09:15:00,1724298300,81207.24,81236.45,80954.02,81029.26,0
2024-08-22 10:15:00,1724301900,81026.02,81106.66,81002.98,81077.51,0
2024-08-22 11:15:00,1724305500,81081.82,81171.42,81064.66,81099.82,0
2024-08-22 12:15:00,1724309100,81099.46,81136.75,81014.55,81050.24,0
2024-08-22 13:15:00,1724312700,81049.88,81131.97,81021.69,81099.51,0
2024-08-22 14:15:00,1724316300,81095.15,81099.46,81002.38,81043.09,0
2024-08-22 15:15:00,1724319900,81044.81,81094.11,81014.5,81017.42,0
2024-08-23 09:15:00,1724384700,81165.65,81231.49,80883.26,80988.64,0
2024-08-23 10:15:00,1724388300,80988.36,81156.16,80956.8,81097.94,0
2024-08-23 11:15:00,1724391900,81100.9,81165.32,81051.65,81108.35,0
2024-08-23 12:15:00,1724395500,81107.57,81140.33,81088.48,81123.9,0
2024-08-23 13:15:00,1724399100,81123.94,81151.01,81023.08,81089.36,0
2024-08-23 14:15:00,1724402700,81097.63,81183.87,80944.88,81069.07,0
2024-08-23 15:15:00,1724406300,81073.84,81178.51,81066.74,81130.65,0
2024-08-26 09:15:00,1724643900,81388.26,81723.82,81278.44,81719.48,0
2024-08-26 10:15:00,1724647500,81719.41,81820.23,81583.62,81628.81,0
2024-08-26 11:15:00,1724651100,81629.97,81738.46,81620.03,81678.17,0
2024-08-26 12:15:00,1724654700,81677.81,81824.27,81667.4,81780.96,0
2024-08-26 13:15:00,1724658300,81781.47,81784.73,81689.68,81710.67,0
2024-08-26 14:15:00,1724661900,81710.99,81784.47,81658.95,81698.26,0
2024-08-26 15:15:00,1724665500,81696.18,81727.18,81669.39,81705.16,0
2024-08-27 09:15:00,1724730300,81815.23,81838.45,81600.51,81743.74,0
2024-08-27 10:15:00,1724733900,81743,81824.85,81628.2,81807.52,0
2024-08-27 11:15:00,1724737500,81806.44,81919.11,81772.32,81824.73,0
2024-08-27 12:15:00,1724741100,81822.79,81859.32,81784.05,81855.33,0
2024-08-27 13:15:00,1724744700,81856.94,81896.96,81807.02,81844.25,0
2024-08-27 14:15:00,1724748300,81844.74,81852.43,81666.43,81743.33,0
2024-08-27 15:15:00,1724751900,81744.96,81759.36,81604.79,81664.74,0
2024-08-28 09:15:00,1724816700,81779.84,81840.57,81578.32,81699.54,0
2024-08-28 10:15:00,1724820300,81700.91,81782.14,81635.44,81780.83,0
2024-08-28 11:15:00,1724823900,81780.96,82004.35,81780.03,81917.13,0
2024-08-28 12:15:00,1724827500,81916.49,81985.69,81898.62,81960.49,0
2024-08-28 13:15:00,1724831100,81961.54,82029.35,81938.12,82016.64,0
2024-08-28 14:15:00,1724834700,82013.38,82039.26,81772.99,81785.78,0
2024-08-28 15:15:00,1724838300,81788.54,81791.87,81733.27,81777.73,0
2024-08-29 09:15:00,1724903100,81822.56,82040.31,81682.78,81984.37,0
2024-08-29 10:15:00,1724906700,81985.14,82058.16,81936.86,82007.25,0
2024-08-29 11:15:00,1724910300,82006.84,82032.66,81907.58,81974.81,0
2024-08-29 12:15:00,1724913900,81975.11,82220.68,81953.72,82157.92,0
2024-08-29 13:15:00,1724917500,82156.24,82206.93,81695.58,81944.55,0
2024-08-29 14:15:00,1724921100,81943.79,82285.83,81697.06,82064.01,0
2024-08-29 15:15:00,1724924700,82073.22,82186.64,82039.88,82186.64,0
2024-08-30 09:15:00,1724989500,82637.03,82637.03,82276.45,82329.55,0
2024-08-30 10:15:00,1724993100,82329.11,82452.67,82285.04,82437.04,0
2024-08-30 11:15:00,1724996700,82435.18,82449.97,82351.89,82414.92,0
2024-08-30 12:15:00,1725000300,82415.87,82460.18,82369.66,82407.26,0
2024-08-30 13:15:00,1725003900,82406.43,82454,82370.18,82432.37,0
2024-08-30 14:15:00,1725007500,82434.03,82502.89,82256.02,82416.73,0
2024-08-30 15:15:00,1725011100,82417.95,82479.65,82342.97,82389.07,0
2024-09-02 09:15:00,1725248700,82725.28,82725.28,82499.73,82590.62,0
2024-09-02 10:15:00,1725252300,82590.13,82661.66,82570.73,82646.67,0
2024-09-02 11:15:00,1725255900,82646.32,82684.96,82554.73,82630.88,0
2024-09-02 12:15:00,1725259500,82628.4,82639.74,82440.93,82489.81,0
2024-09-02 13:15:00,1725263100,82488.78,82585.43,82450.15,82561.35,0
2024-09-02 14:15:00,1725266700,82560.8,82596.89,82493.54,82565.8,0
2024-09-02 15:15:00,1725270300,82564.62,82611.89,82485.01,82529.71,0
2024-09-03 09:15:00,1725335100,82652.69,82675.06,82417.09,82506.18,0
2024-09-03 10:15:00,1725338700,82509,82532.23,82426.22,82438.82,0
2024-09-03 11:15:00,1725342300,82426.48,82502.95,82400.76,82485.95,0
2024-09-03 12:15:00,1725345900,82485.41,82573.33,82459.15,82572.06,0
2024-09-03 13:15:00,1725349500,82571.47,82614.65,82470.09,82529.19,0
2024-09-03 14:15:00,1725353100,82528.19,82630.36,82490.25,82562.89,0
2024-09-03 15:15:00,1725356700,82564.14,82587.81,82503.28,82510.05,0
2024-09-04 09:15:00,1725421500,81845.5,82196.34,81833.69,82185.17,0
2024-09-04 10:15:00,1725425100,82180.75,82199.94,82016.8,82125.11,0
2024-09-04 11:15:00,1725428700,82125.2,82183.81,82096.64,82161.64,0
2024-09-04 12:15:00,1725432300,82158.15,82210.93,82122.58,82210.48,0
2024-09-04 13:15:00,1725435900,82210.57,82330.84,82204.94,82236.62,0
2024-09-04 14:15:00,1725439500,82232.09,82386.68,82183.62,82381.88,0
2024-09-04 15:15:00,1725443100,82384.79,82408.54,82350.23,82396.89,0
2024-09-05 09:15:00,1725507900,82469.79,82617.49,82312.09,82358.57,0
2024-09-05 10:15:00,1725511500,82358.16,82378.15,82190.72,82303.62,0
2024-09-05 11:15:00,1725515100,82301.73,82324.14,82239.79,82301.19,0
2024-09-05 12:15:00,1725518700,82301.22,82312.6,82240.93,82251.71,0
2024-09-05 13:15:00,1725522300,82252.1,82275.81,82218.54,82251.51,0
2024-09-05 14:15:00,1725525900,82252.68,82259.76,82130.44,82224.68,0
2024-09-05 15:15:00,1725529500,82225.44,82261.05,82156.65,82158.53,0
2024-09-06 09:15:00,1725594300,82171.08,82254.79,81304.46,81434.06,0
2024-09-06 10:15:00,1725597900,81432.97,81568.98,81248.14,81262.45,0
2024-09-06 11:15:00,1725601500,81260.07,81472.49,81254.88,81454.1,0
2024-09-06 12:15:00,1725605100,81455.29,81519.41,81153.54,81219.17,0
2024-09-06 13:15:00,1725608700,81219.86,81315.29,81145.28,81218.64,0
2024-09-06 14:15:00,1725612300,81216.21,81233.72,80981.93,81223.14,0
2024-09-06 15:15:00,1725615900,81221.33,81299.77,81184.1,81271.41,0
2024-09-09 09:15:00,1725853500,80973.75,81245.57,80895.05,81129.98,0
2024-09-09 10:15:00,1725857100,81129.88,81448.79,81119.75,81362.54,0
2024-09-09 11:15:00,1725860700,81364.56,81384.84,81222.69,81236.1,0
2024-09-09 12:15:00,1725864300,81236.48,81354.66,81177.67,81350.23,0
2024-09-09 13:15:00,1725867900,81346.67,81547.07,81316.35,81425.69,0
2024-09-09 14:15:00,1725871500,81429.91,81578.84,81323.98,81555.67,0
2024-09-09 15:15:00,1725875100,81559.45,81653.36,81507.02,81542.21,0
2024-09-10 09:15:00,1725939900,81768.72,81801.22,81445.3,81508.6,0
2024-09-10 10:15:00,1725943500,81506.62,81722.28,81484.66,81721.98,0
2024-09-10 11:15:00,1725947100,81719.77,81927.81,81707.81,81881.32,0
2024-09-10 12:15:00,1725950700,81881.44,82125.88,81850.55,82095.72,0
2024-09-10 13:15:00,1725954300,82094.06,82196.55,82062.47,82146.04,0
2024-09-10 14:15:00,1725957900,82145.69,82171.19,81838.11,81927.96,0
2024-09-10 15:15:00,1725961500,81926.7,81977.03,81910.57,81939.82,0
2024-09-11 09:15:00,1726026300,81928.12,82009.78,81741.65,81964.73,0
2024-09-11 10:15:00,1726029900,81964.85,82083.39,81897.07,82076.43,0
2024-09-11 11:15:00,1726033500,82080.6,82129.57,81906.28,82083.44,0
2024-09-11 12:15:00,1726037100,82083.99,82134.95,81931.72,81977.49,0
2024-09-11 13:15:00,1726040700,81976.1,81997.75,81586.42,81594.01,0
2024-09-11 14:15:00,1726044300,81589.27,81667.58,81423.14,81461.63,0
2024-09-11 15:15:00,1726047900,81461.7,81617.75,81460.43,81586.36,0
2024-09-12 09:15:00,1726112700,81930.18,81986.86,81688.78,81790.54,0
2024-09-12 10:15:00,1726116300,81794.83,81804.06,81665.59,81742.73,0
2024-09-12 11:15:00,1726119900,81742.14,81821.25,81534.29,81736.46,0
2024-09-12 12:15:00,1726123500,81735.55,81742.99,81603.06,81683.35,0
2024-09-12 13:15:00,1726127100,81683.44,82440.21,81638.16,82373.86,0
2024-09-12 14:15:00,1726130700,82373.19,83116.19,82371.39,83072.13,0
2024-09-12 15:15:00,1726134300,83070.61,83072.42,82715.33,82749.68,0
2024-09-13 09:15:00,1726199100,83091.55,83092.93,82653.22,82775.52,0
2024-09-13 10:15:00,1726202700,82773.08,82986.87,82760.16,82951.83,0
2024-09-13 11:15:00,1726206300,82950.97,82980.76,82867.88,82978.34,0
2024-09-13 12:15:00,1726209900,82977.53,83012.65,82944.02,82991.87,0
2024-09-13 13:15:00,1726213500,82990.09,83039.68,82852.25,82995.81,0
2024-09-13 14:15:00,1726217100,82993.2,83012.36,82777.4,82882.77,0
2024-09-13 15:15:00,1726220700,82883.67,82947.99,82820.4,82826.88,0
2024-09-16 09:15:00,1726458300,82985.33,83184.34,82904.76,83052.2,0
2024-09-16 10:15:00,1726461900,83061.49,83099.87,82905.62,82970.81,0
2024-09-16 11:15:00,1726465500,82971.45,83009.28,82854.08,82882.83,0
2024-09-16 12:15:00,1726469100,82883.92,82968.72,82832.82,82942.56,0
2024-09-16 13:15:00,1726472700,82941.94,83108.2,82939.75,83056.04,0
2024-09-16 14:15:00,1726476300,83056.76,83072.1,82971.86,82984.23,0
2024-09-16 15:15:00,1726479900,82985.92,83004.79,82947.48,82967.71,0
2024-09-17 09:15:00,1726544700,83084.63,83128.78,82866.68,82943.64,0
2024-09-17 10:15:00,1726548300,82944.03,83064.75,82921.48,83037.49,0
2024-09-17 11:15:00,1726551900,83035.88,83126.31,83026,83066.09,0
2024-09-17 12:15:00,1726555500,83065.19,83144.98,83027.7,83103.67,0
2024-09-17 13:15:00,1726559100,83105.16,83152.41,83065.83,83104.63,0
2024-09-17 14:15:00,1726562700,83101.73,83143.45,83050.19,83081.86,0
2024-09-17 15:15:00,1726566300,83079.72,83093.23,83026.59,83043.13,0
2024-09-18 09:15:00,1726631100,83037.13,83155.69,82949.42,83077.38,0
2024-09-18 10:15:00,1726634700,83073.84,83310.32,83073.84,83259.94,0
2024-09-18 11:15:00,1726638300,83257.81,83280.85,83213.55,83244.67,0
2024-09-18 12:15:00,1726641900,83241.98,83326.38,82996.48,83005.26,0
2024-09-18 13:15:00,1726645500,83003.09,83017.7,82700.63,82893.57,0
2024-09-18 14:15:00,1726649100,82891.97,83070.29,82852.28,82983.07,0
2024-09-18 15:15:00,1726652700,82983.57,83014.67,82850.3,82870.13,0
2024-09-19 09:15:00,1726717500,83359.17,83773.61,83332.09,83465.57,0
2024-09-19 10:15:00,1726721100,83462.9,83517.88,83360.84,83423.95,0
2024-09-19 11:15:00,1726724700,83423.24,83452.48,83097.22,83262.64,0
2024-09-19 12:15:00,1726728300,83259.59,83337.81,83131.57,83132.79,0
2024-09-19 13:15:00,1726731900,83130.85,83210.82,83071.66,83161.58,0
2024-09-19 14:15:00,1726735500,83159.28,83213.75,83098.69,83204.17,0
2024-09-19 15:15:00,1726739100,83200.29,83291.74,83147.93,83264.56,0
2024-09-20 09:15:00,1726803900,83603.04,83805.26,83187.64,83623.96,0
2024-09-20 10:15:00,1726807500,83624.52,84213.21,83578.43,84166.27,0
2024-09-20 11:15:00,1726811100,84168.07,84248.69,84035.71,84168.81,0
2024-09-20 12:15:00,1726814700,84168.5,84508.36,84092.59,84423.77,0
2024-09-20 13:15:00,1726818300,84425.25,84515.1,83299.93,83973.25,0
2024-09-20 14:15:00,1726821900,83979.71,84588.27,83655.7,84494.98,0
2024-09-20 15:15:00,1726825500,84505.03,84694.46,84480.76,84565.04,0
2024-09-23 09:15:00,1727063100,84651.15,84881.73,84642.87,84802.77,0
2024-09-23 10:15:00,1727066700,84798.71,84810.29,84659.27,84731.96,0
2024-09-23 11:15:00,1727070300,84739.31,84753.55,84607.38,84676.66,0
2024-09-23 12:15:00,1727073900,84676.46,84775.75,84635.26,84742.25,0
2024-09-23 13:15:00,1727077500,84741.66,84832.36,84716.07,84796.63,0
2024-09-23 14:15:00,1727081100,84796.24,84980.53,84795.14,84902.73,0
2024-09-23 15:15:00,1727084700,84906.06,84937.19,84843.3,84861.55,0
2024-09-24 09:15:00,1727149500,84860.73,85052.42,84716.07,84971.01,0
2024-09-24 10:15:00,1727153100,84967,85058.55,84893.24,84943.33,0
2024-09-24 11:15:00,1727156700,84943.69,84945.69,84815.86,84868.64,0
2024-09-24 12:15:00,1727160300,84869.46,85022.53,84865.27,85004.88,0
2024-09-24 13:15:00,1727163900,85006,85077.24,84967.69,85062.58,0
2024-09-24 14:15:00,1727167500,85064.92,85163.23,84836.1,84914.98,0
2024-09-24 15:15:00,1727171100,84916.01,84958.6,84892.53,84937.46,0
2024-09-25 09:15:00,1727235900,84836.45,84996.85,84743.04,84870.71,0
2024-09-25 10:15:00,1727239500,84869.02,84934.81,84837.91,84890.05,0
2024-09-25 11:15:00,1727243100,84890.37,84944.87,84766.72,84790.46,0
2024-09-25 12:15:00,1727246700,84789.32,84829.49,84766.96,84780.28,0
2024-09-25 13:15:00,1727250300,84782.04,85019.47,84779.63,84995.45,0
2024-09-25 14:15:00,1727253900,84995.03,85236.84,84909.95,85193.03,0
2024-09-25 15:15:00,1727257500,85198.95,85247.42,85167.42,85181.68,0
2024-09-26 09:15:00,1727322300,85167.56,85433.31,85106.74,85400.77,0
2024-09-26 10:15:00,1727325900,85401.27,85462.62,85351.07,85419.93,0
2024-09-26 11:15:00,1727329500,85420.25,85482.01,85347.7,85474.9,0
2024-09-26 12:15:00,1727333100,85474.33,85524.76,85383.99,85452.09,0
2024-09-26 13:15:00,1727336700,85452.04,85525.31,85277.89,85431.59,0
2024-09-26 14:15:00,1727340300,85430.96,85930.43,85426.8,85770.52,0
2024-09-26 15:15:00,1727343900,85774.54,85823.82,85676.19,85735.18,0
2024-09-27 09:15:00,1727408700,85893.84,85966.03,85787.61,85939.67,0
2024-09-27 10:15:00,1727412300,85936.77,85978.25,85742.48,85819.22,0
2024-09-27 11:15:00,1727415900,85817.07,85829.78,85698.5,85782.63,0
2024-09-27 12:15:00,1727419500,85781.59,85822.28,85589.45,85608.89,0
2024-09-27 13:15:00,1727423100,85603.69,85740.1,85542.1,85584.69,0
2024-09-27 14:15:00,1727426700,85585.05,85690.05,85485.89,85617.36,0
2024-09-27 15:15:00,1727430300,85615.92,85634.47,85474.58,85602.9,0
2024-09-30 09:15:00,1727667900,85208.76,85359.65,84817.76,84876.91,0
2024-09-30 10:15:00,1727671500,84881.49,84925.9,84704.31,84721.19,0
2024-09-30 11:15:00,1727675100,84722.27,84751.47,84530.32,84595.59,0
2024-09-30 12:15:00,1727678700,84594.77,84647.44,84469.59,84510.14,0
2024-09-30 13:15:00,1727682300,84510.39,84513.64,84365.1,84378.01,0
2024-09-30 14:15:00,1727685900,84374.1,84455.75,84263.07,84321.89,0
2024-09-30 15:15:00,1727689500,84323.82,84371.7,84257.14,84362.52,0
2024-10-01 09:15:00,1727754300,84257.17,84648.4,84250.62,84405.11,0
2024-10-01 10:15:00,1727757900,84405.16,84405.16,84098.94,84115.86,0
2024-10-01 11:15:00,1727761500,84117.45,84421.12,84107.21,84368.87,0
2024-10-01 12:15:00,1727765100,84369.88,84422.26,84157.51,84276.45,0
2024-10-01 13:15:00,1727768700,84275.62,84366.8,84220.19,84277.25,0
2024-10-01 14:15:00,1727772300,84277.63,84340.58,84141.12,84258.1,0
2024-10-01 15:15:00,1727775900,84254.1,84350.37,84227.38,84330.27,0
2024-10-03 09:15:00,1727927100,83002.09,83752.81,83002.09,83393.14,0
2024-10-03 10:15:00,1727930700,83391.32,83450.14,83255.4,83273.98,0
2024-10-03 11:15:00,1727934300,83272.32,83276.99,82870.43,82946.41,0
2024-10-03 12:15:00,1727937900,82944.46,83016.15,82795.88,82806.84,0
2024-10-03 13:15:00,1727941500,82807.81,82811.97,82434.02,82554.39,0
2024-10-03 14:15:00,1727945100,82548.98,82567.32,82437.86,82522.64,0
2024-10-03 15:15:00,1727948700,82525.93,82586.11,82470.71,82549.34,0
2024-10-04 09:15:00,1728013500,82244.25,82649.16,82051.86,82377.1,0
2024-10-04 10:15:00,1728017100,82381.8,82935.99,82272.47,82843.78,0
2024-10-04 11:15:00,1728020700,82844.15,83340.86,82656.55,83340.86,0
2024-10-04 12:15:00,1728024300,83338.82,83368.32,81904.17,82013.08,0
2024-10-04 13:15:00,1728027900,82013.53,82052.9,81756.85,81825.68,0
2024-10-04 14:15:00,1728031500,81828.54,81905.25,81532.68,81745.78,0
2024-10-04 15:15:00,1728035100,81747.95,81832.69,81735.85,81790.27,0
2024-10-07 09:15:00,1728272700,81926.99,82137.77,81790.06,81912.85,0
2024-10-07 10:15:00,1728276300,81910.98,81973.91,81139.62,81376.62,0
2024-10-07 11:15:00,1728279900,81377.98,81767.32,81375.76,81514.78,0
2024-10-07 12:15:00,1728283500,81511.29,81622.74,81017.15,81084.38,0
2024-10-07 13:15:00,1728287100,81084.82,81229.71,80726.06,80967.28,0
2024-10-07 14:15:00,1728290700,80962.88,81542.92,80837.05,80985.35,0
2024-10-07 15:15:00,1728294300,80989.37,81175.68,80984.72,81137.6,0
2024-10-08 09:15:00,1728359100,80826.56,81415.08,80813.07,81181.69,0
2024-10-08 10:15:00,1728362700,81177.83,81537.24,81122.45,81467.02,0
2024-10-08 11:15:00,1728366300,81466.43,81617.06,81330.02,81423.13,0
2024-10-08 12:15:00,1728369900,81422.92,81598.66,81286.05,81569.04,0
2024-10-08 13:15:00,1728373500,81569.63,81754.41,81464.15,81731.87,0
2024-10-08 14:15:00,1728377100,81732.35,81763.28,81368.01,81615.57,0
2024-10-08 15:15:00,1728380700,81616.23,81743.35,81614.2,81723.3,0
2024-10-09 09:15:00,1728445500,81954.58,82191.78,81692.46,82145.56,0
2024-10-09 10:15:00,1728449100,82142.9,82270.51,81901.73,82235.52,0
2024-10-09 11:15:00,1728452700,82239.84,82319.21,81874.18,81915.82,0
2024-10-09 12:15:00,1728456300,81921.1,82051.59,81869.75,81871.55,0
2024-10-09 13:15:00,1728459900,81874.83,81977.09,81730.24,81880.63,0
2024-10-09 14:15:00,1728463500,81879.85,81879.85,81342.89,81418.56,0
2024-10-09 15:15:00,1728467100,81415.13,81597.01,81407.47,81558.41,0
2024-10-10 09:15:00,1728531900,81832.66,81990.09,81542.65,81957.04,0
2024-10-10 10:15:00,1728535500,81952.91,82002.84,81645.65,81647.76,0
2024-10-10 11:15:00,1728539100,81646.58,81769.45,81580.63,81722.66,0
2024-10-10 12:15:00,1728542700,81718.29,81766.39,81616.75,81713.86,0
2024-10-10 13:15:00,1728546300,81712.17,81779.42,81635.91,81705.32,0
2024-10-10 14:15:00,1728549900,81708.5,81744.23,81578.84,81613.7,0
2024-10-10 15:15:00,1728553500,81616.7,81666.12,81538.94,81624.37,0
2024-10-11 09:15:00,1728618300,81478.49,81671.38,81398.38,81648.7,0
2024-10-11 10:15:00,1728621900,81652.08,81654.29,81352.27,81415.74,0
2024-10-11 11:15:00,1728625500,81416.1,81442.22,81334.51,81386.56,0
2024-10-11 12:15:00,1728629100,81385.57,81444.13,81352.89,81417.55,0
2024-10-11 13:15:00,1728632700,81417.67,81476.6,81338.64,81362.98,0
2024-10-11 14:15:00,1728636300,81361.87,81450.53,81304.15,81380.25,0
2024-10-11 15:15:00,1728639900,81383.39,81448.13,81357.77,81425.58,0
2024-10-14 09:15:00,1728877500,81576.93,81930.66,81541.2,81820.01,0
2024-10-14 10:15:00,1728881100,81819.17,81893.36,81773.38,81888.08,0
2024-10-14 11:15:00,1728884700,81890.52,82072.17,81883.72,82043.57,0
2024-10-14 12:15:00,1728888300,82043.76,82064.27,81905.75,81926.85,0
2024-10-14 13:15:00,1728891900,81926.43,82023.58,81902.26,81994.34,0
2024-10-14 14:15:00,1728895500,81994.33,82026.75,81909.73,81934.72,0
2024-10-14 15:15:00,1728899100,81939.06,82039.97,81933.92,82031.49,0
2024-10-15 09:15:00,1728963900,82101.86,82300.44,81708.32,81773.91,0
2024-10-15 10:15:00,1728967500,81766.87,81908.25,81636.67,81823.02,0
2024-10-15 11:15:00,1728971100,81827.59,81883.73,81699.82,81842.64,0
2024-10-15 12:15:00,1728974700,81837.75,81845.54,81635.57,81705.79,0
2024-10-15 13:15:00,1728978300,81703.95,81838.02,81686.58,81761.34,0
2024-10-15 14:15:00,1728981900,81761.19,81853.3,81700.88,81799.7,0
2024-10-15 15:15:00,1728985500,81797.74,81891.32,81780.96,81837.76,0
2024-10-16 09:15:00,1729050300,81646.6,81932.15,81579.37,81815.64,0
2024-10-16 10:15:00,1729053900,81813.42,81864.36,81678.9,81695.37,0
2024-10-16 11:15:00,1729057500,81696.93,81698.25,81358.26,81470.35,0
2024-10-16 12:15:00,1729061100,81469.78,81575.57,81414.06,81570.38,0
2024-10-16 13:15:00,1729064700,81567.86,81692.75,81504.24,81671.58,0
2024-10-16 14:15:00,1729068300,81669.36,81798.05,81496.59,81496.59,0
2024-10-16 15:15:00,1729071900,81500.84,81506.03,81450.21,81466.27,0
2024-10-17 09:15:00,1729136700,81758.07,81781.4,81119.14,81222.13,0
2024-10-17 10:15:00,1729140300,81222.93,81264.15,81074.73,81084.62,0
2024-10-17 11:15:00,1729143900,81083.63,81126.78,80998.12,81046.54,0
2024-10-17 12:15:00,1729147500,81045.61,81087.49,80959.6,81055.74,0
2024-10-17 13:15:00,1729151100,81057.02,81067.08,80939.75,80970.97,0
2024-10-17 14:15:00,1729154700,80971.63,81032.59,80905.64,81016.1,0
2024-10-17 15:15:00,1729158300,81014.9,81057.16,80953.68,81007.78,0
2024-10-18 09:15:00,1729223100,80740.88,80803.05,80412.37,80677.23,0
2024-10-18 10:15:00,1729226700,80675.79,80951.55,80631.56,80863.55,0
2024-10-18 11:15:00,1729230300,80862.15,81119.88,80785.83,81041.76,0
2024-10-18 12:15:00,1729233900,81041.36,81319.17,81026.93,81175.57,0
2024-10-18 13:15:00,1729237500,81179.08,81391.15,81173.78,81335.06,0
2024-10-18 14:15:00,1729241100,81334.35,81378.47,81165.43,81209.77,0
2024-10-18 15:15:00,1729244700,81209.97,81348.23,81200.99,81315.35,0
2024-10-21 09:15:00,1729482300,81770.02,81770.02,80811.23,81177.58,0
2024-10-21 10:15:00,1729485900,81183.12,81315.12,81128.81,81198.1,0
2024-10-21 11:15:00,1729489500,81198.29,81217.4,80946.5,80956.52,0
2024-10-21 12:15:00,1729493100,80956.32,81070.43,80926.94,81052.37,0
2024-10-21 13:15:00,1729496700,81053.25,81454.54,81047.54,81299.77,0
2024-10-21 14:15:00,1729500300,81305.66,81439.36,81096.57,81211.6,0
2024-10-21 15:15:00,1729503900,81210.7,81216.07,81006.25,81006.25,0
2024-10-22 09:15:00,1729568700,81155.08,81504.24,81067.89,81118.61,0
2024-10-22 10:15:00,1729572300,81115.94,81155.26,80727.85,81027.18,0
2024-10-22 11:15:00,1729575900,81027.16,81028.69,80699.97,80793.95,0
2024-10-22 12:15:00,1729579500,80792.66,80929.01,80603.64,80697.6,0
2024-10-22 13:15:00,1729583100,80698.01,80737.02,80531.66,80731.62,0
2024-10-22 14:15:00,1729586700,80733.7,80736.33,80151.27,80170.23,0
2024-10-22 15:15:00,1729590300,80170.61,80283.7,80149.53,80278.58,0
2024-10-23 09:15:00,1729655100,79921.13,80441.06,79891.68,80360.76,0
2024-10-23 10:15:00,1729658700,80360.25,80616.02,80169.04,80472.93,0
2024-10-23 11:15:00,1729662300,80472.84,80646.31,80415.06,80452.14,0
2024-10-23 12:15:00,1729665900,80452.73,80561.73,80333.24,80463.9,0
2024-10-23 13:15:00,1729669500,80464.64,80504.05,80236.42,80244.21,0
2024-10-23 14:15:00,1729673100,80250.53,80251.4,80062.89,80075.02,0
2024-10-23 15:15:00,1729676700,80075.13,80115.41,80035.69,80113.38,0
2024-10-24 09:15:00,1729741500,80098.3,80259.82,79813.02,80155.42,0
2024-10-24 10:15:00,1729745100,80155.29,80172.54,79988.49,79997.94,0
2024-10-24 11:15:00,1729748700,79996.86,80105.86,79983.05,80048.89,0
2024-10-24 12:15:00,1729752300,80048.8,80104.71,80042.84,80051.16,0
2024-10-24 13:15:00,1729755900,80049.9,80085.94,79995.97,80017.46,0
2024-10-24 14:15:00,1729759500,80017.53,80136.11,79967.24,80056.04,0
2024-10-24 15:15:00,1729763100,80054.98,80115.54,80043.22,80095.66,0
2024-10-25 09:15:00,1729827900,80187.34,80253.19,79646.04,79672.81,0
2024-10-25 10:15:00,1729831500,79672.86,79735.46,79356.47,79467.79,0
2024-10-25 11:15:00,1729835100,79471.14,79618.69,79359.56,79377.32,0
2024-10-25 12:15:00,1729838700,79378.27,79378.65,79201.42,79322.83,0
2024-10-25 13:15:00,1729842300,79326.19,79336.09,79222.98,79233.36,0
2024-10-25 14:15:00,1729845900,79228.37,79465.69,79137.98,79437.28,0
2024-10-25 15:15:00,1729849500,79443.24,79617.23,79438.72,79580.5,0
2024-10-28 09:15:00,1730087100,79653.67,79958.67,79418.82,79908.84,0
2024-10-28 10:15:00,1730090700,79905.28,80351.49,79902.65,80221.26,0
2024-10-28 11:15:00,1730094300,80219.71,80504.38,80173.04,80497.45,0
2024-10-28 12:15:00,1730097900,80497.13,80539.81,80225.07,80301.56,0
2024-10-28 13:15:00,1730101500,80304.91,80422.28,80116.49,80178.48,0
2024-10-28 14:15:00,1730105100,80180.52,80266.6,79897.05,80033.23,0
2024-10-28 15:15:00,1730108700,80034.29,80106.12,79976.57,80077.42,0
2024-10-29 09:15:00,1730173500,80037.2,80104.59,79467.37,79688.52,0
2024-10-29 10:15:00,1730177100,79689.63,79738.04,79421.35,79601.92,0
2024-10-29 11:15:00,1730180700,79593.7,79897.64,79534.85,79897.64,0
2024-10-29 12:15:00,1730184300,79896.18,80059.55,79840.1,79997.53,0
2024-10-29 13:15:00,1730187900,79998.25,80292.99,79811.4,80290.6,0
2024-10-29 14:15:00,1730191500,80293.3,80450.48,80181.84,80412.94,0
2024-10-29 15:15:00,1730195100,80410.89,80422.43,80332.6,80380.46,0
2024-10-30 09:15:00,1730259900,80237.85,80284.81,79981.96,80147.96,0
2024-10-30 10:15:00,1730263500,80148.21,80270.94,80026.04,80222.15,0
2024-10-30 11:15:00,1730267100,80226.08,80324.15,80150.62,80218.98,0
2024-10-30 12:15:00,1730270700,80219.72,80435.61,80174.69,80196.31,0
2024-10-30 13:15:00,1730274300,80196.8,80206.97,79861.22,79870.64,0
2024-10-30 14:15:00,1730277900,79867.82,80017.9,79821.99,79930.88,0
2024-10-30 15:15:00,1730281500,79936.22,79999.65,79893.75,79966.05,0
2024-10-31 09:15:00,1730346300,80044.95,80044.95,79583.69,79700.9,0
2024-10-31 10:15:00,1730349900,79680.29,79701.01,79538.02,79585.94,0
2024-10-31 11:15:00,1730353500,79582.71,79592.25,79505.45,79521.17,0
2024-10-31 12:15:00,1730357100,79520.66,79523.65,79370.71,79454.06,0
2024-10-31 13:15:00,1730360700,79454.83,79522.43,79334.88,79353.61,0
2024-10-31 14:15:00,1730364300,79352.64,79473.01,79287.93,79409.27,0
2024-10-31 15:15:00,1730367900,79408.87,79542.95,79324.59,79530.49,0
2024-11-01 17:15:00,1730461500,80023.75,80023.75,79687.13,79878.95,0
2024-11-01 18:15:00,1730465100,79879.88,79886.44,79655.55,79692.62,0
2024-11-04 09:15:00,1730691900,79713.14,79713.14,78619.53,78675.62,0
2024-11-04 10:15:00,1730695500,78685.87,78768.48,78255.52,78318.29,0
2024-11-04 11:15:00,1730699100,78319.22,78663.33,78232.6,78587.51,0
2024-11-04 12:15:00,1730702700,78582.01,78644.48,78382.98,78521.99,0
2024-11-04 13:15:00,1730706300,78524.82,78616.42,78382.57,78598.99,0
2024-11-04 14:15:00,1730709900,78599.14,78833.79,78537.77,78789.75,0
2024-11-04 15:15:00,1730713500,78794.28,78842.16,78721.66,78760.28,0
2024-11-05 09:15:00,1730778300,78542.16,78833.88,78455.66,78689.76,0
2024-11-05 10:15:00,1730781900,78688.01,78906.41,78586.39,78724.54,0
2024-11-05 11:15:00,1730785500,78723.15,78751.45,78296.7,78366.97,0
2024-11-05 12:15:00,1730789100,78369.26,78623,78303.5,78501.53,0
2024-11-05 13:15:00,1730792700,78504.8,79338.24,78446.21,79325.93,0
2024-11-05 14:15:00,1730796300,79326.43,79518.22,79296.84,79456.6,0
2024-11-05 15:15:00,1730799900,79456.32,79523.13,79400.9,79443.31,0
2024-11-06 09:15:00,1730864700,79771.82,80115.34,79459.12,80001.97,0
2024-11-06 10:15:00,1730868300,80003.75,80040.4,79715.99,79960.74,0
2024-11-06 11:15:00,1730871900,79961.27,80224.13,79924,80176.38,0
2024-11-06 12:15:00,1730875500,80174.28,80315.71,80115.58,80281.76,0
2024-11-06 13:15:00,1730879100,80281.04,80426.54,80217.11,80397.2,0
2024-11-06 14:15:00,1730882700,80398.16,80569.73,80261.91,80328.21,0
2024-11-06 15:15:00,1730886300,80331.83,80442.33,80323.95,80409.53,0
2024-11-07 09:15:00,1730951100,80563.42,80563.42,79487.69,79522.26,0
2024-11-07 10:15:00,1730954700,79522.99,79693.47,79419.34,79606.71,0
2024-11-07 11:15:00,1730958300,79603.39,79605.18,79430.38,79524.57,0
2024-11-07 12:15:00,1730961900,79523.82,79677.56,79495.01,79632.02,0
2024-11-07 13:15:00,1730965500,79634.15,79638.92,79483.42,79611.93,0
2024-11-07 14:15:00,1730969100,79608.79,79615.64,79495.47,79549.07,0
2024-11-07 15:15:00,1730972700,79549.88,79573.53,79506.44,79528.27,0
2024-11-08 09:15:00,1731037500,79611.9,79807.26,79117.37,79585.56,0
2024-11-08 10:15:00,1731041100,79582.03,79637.56,79427.73,79509.7,0
2024-11-08 11:15:00,1731044700,79506.9,79519.06,79327.85,79356.39,0
2024-11-08 12:15:00,1731048300,79353.15,79522.55,79329.97,79504.13,0
2024-11-08 13:15:00,1731051900,79503.25,79546.15,79393.4,79405.98,0
2024-11-08 14:15:00,1731055500,79408.95,79533.36,79348.26,79523.53,0
2024-11-08 15:15:00,1731059100,79520.49,79529.12,79318.05,79331.71,0
2024-11-11 09:15:00,1731296700,79298.46,79592.18,79001.34,79401.01,0
2024-11-11 10:15:00,1731300300,79400.13,80029.23,79355.91,80016.89,0
2024-11-11 11:15:00,1731303900,80022.2,80102.14,79782.39,79844.24,0
2024-11-11 12:15:00,1731307500,79843.59,79869.15,79678.84,79758.88,0
2024-11-11 13:15:00,1731311100,79755.07,79774.54,79391.72,79399,0
2024-11-11 14:15:00,1731314700,79394.2,79699.16,79296.39,79589.57,0
2024-11-11 15:15:00,1731318300,79590.27,79593.29,79424.89,79434.15,0
2024-11-12 09:15:00,1731383100,79644.95,79820.98,79439.47,79585.46,0
2024-11-12 10:15:00,1731386700,79587.86,79712.93,79373.95,79510.56,0
2024-11-12 11:15:00,1731390300,79509.03,79554.68,79384.89,79398.75,0
2024-11-12 12:15:00,1731393900,79396.51,79452.61,78972.41,79033.71,0
2024-11-12 13:15:00,1731397500,79033.5,79033.5,78767.49,78867.47,0
2024-11-12 14:15:00,1731401100,78868.06,79001.87,78642.36,78656.3,0
2024-11-12 15:15:00,1731404700,78653.98,78711.76,78562.81,78562.81,0
2024-11-13 09:15:00,1731469500,78495.53,78690.02,78163.54,78177.89,0
2024-11-13 10:15:00,1731473100,78174.43,78435.5,78131.36,78212.16,0
2024-11-13 11:15:00,1731476700,78210.74,78248.49,78115.79,78136.89,0
2024-11-13 12:15:00,1731480300,78137.51,78229.66,77959.76,78072.87,0
2024-11-13 13:15:00,1731483900,78073.14,78219.59,77966.14,78001.41,0
2024-11-13 14:15:00,1731487500,78001.04,78016.97,77533.3,77641.89,0
2024-11-13 15:15:00,1731491100,77651.83,77895.2,77646.46,77801.36,0
2024-11-14 09:15:00,1731555900,77636.94,78055.52,77518.5,77864.77,0
2024-11-14 10:15:00,1731559500,77864.17,77870.62,77424.81,77432.45,0
2024-11-14 11:15:00,1731563100,77431.86,77666.82,77431.02,77656.35,0
2024-11-14 12:15:00,1731566700,77655.92,77655.92,77493.66,77614.25,0
2024-11-14 13:15:00,1731570300,77613.53,77679.29,77525.88,77632.12,0
2024-11-14 14:15:00,1731573900,77632.5,77648.06,77473.96,77576.53,0
2024-11-14 15:15:00,1731577500,77578.86,77688.15,77561.64,77686.69,0
2024-11-18 09:15:00,1731901500,77863.54,77886.97,77015.71,77315.66,0
2024-11-18 10:15:00,1731905100,77307.98,77307.98,76965.06,77060.59,0
2024-11-18 11:15:00,1731908700,77060.81,77397.58,77055.81,77379.68,0
2024-11-18 12:15:00,1731912300,77385.14,77659.86,77350.85,77411.31,0
2024-11-18 13:15:00,1731915900,77412.58,77456.85,77279.8,77421.65,0
2024-11-18 14:15:00,1731919500,77425.73,77425.73,77194.23,77346.93,0
2024-11-18 15:15:00,1731923100,77350.08,77416.85,77306.66,77374.31,0
2024-11-19 09:15:00,1731987900,77548,78177.53,77525.05,78113.38,0
2024-11-19 10:15:00,1731991500,78114.19,78309.57,78088.17,78294.51,0
2024-11-19 11:15:00,1731995100,78296.21,78451.65,78264.03,78344.28,0
2024-11-19 12:15:00,1731998700,78344.91,78394.08,78266.1,78378.11,0
2024-11-19 13:15:00,1732002300,78378.2,78408.71,78179.83,78195.44,0
2024-11-19 14:15:00,1732005900,78194.62,78264.65,77486.72,77502.44,0
2024-11-19 15:15:00,1732009500,77501.71,77587.64,77411.31,77420.82,0
2024-11-21 09:15:00,1732160700,77711.11,77711.11,76802.73,76992.86,0
2024-11-21 10:15:00,1732164300,76993.69,77109.7,76956.29,77060.41,0
2024-11-21 11:15:00,1732167900,77060.61,77184.19,77046.44,77136.18,0
2024-11-21 12:15:00,1732171500,77137.2,77171.46,77006.57,77094.95,0
2024-11-21 13:15:00,1732175100,77095.86,77170.45,77077.03,77106.64,0
2024-11-21 14:15:00,1732178700,77107.96,77209.13,77060.78,77171.39,0
2024-11-21 15:15:00,1732182300,77169.08,77214.49,77133.78,77133.78,0
2024-11-22 09:15:00,1732247100,77349.74,77994.6,77226.69,77908.62,0
2024-11-22 10:15:00,1732250700,77910.8,77951.81,77469.29,77730.08,0
2024-11-22 11:15:00,1732254300,77729.42,78131.62,77593.46,78040.26,0
2024-11-22 12:15:00,1732257900,78040.93,78362.93,77972.19,78286.25,0
2024-11-22 13:15:00,1732261500,78285.84,78884.04,78176.96,78800.8,0
2024-11-22 14:15:00,1732265100,78800.59,79218.19,78663.13,79147.31,0
2024-11-22 15:15:00,1732268700,79151.04,79151.04,78907.67,78957.43,0
2024-11-25 09:15:00,1732506300,80193.47,80452.94,80056.35,80198.3,0
2024-11-25 10:15:00,1732509900,80197.28,80473.08,80192.47,80423.85,0
2024-11-25 11:15:00,1732513500,80423.62,80467.44,80183.89,80326.09,0
2024-11-25 12:15:00,1732517100,80326.61,80349.04,79765.99,79907.23,0
2024-11-25 13:15:00,1732520700,79906.79,80053.24,79841.25,79975.88,0
2024-11-25 14:15:00,1732524300,79976.47,80199.56,79904.52,80083.3,0
2024-11-25 15:15:00,1732527900,80084.95,80215.98,80074.43,80171.54,0
2024-11-26 09:15:00,1732592700,80415.47,80482.36,80059.74,80152.93,0
2024-11-26 10:15:00,1732596300,80151.65,80151.87,79899.89,80042.68,0
2024-11-26 11:15:00,1732599900,80041.94,80135.6,79943.93,79973.67,0
2024-11-26 12:15:00,1732603500,79973.76,79988.35,79822.47,79900.73,0
2024-11-26 13:15:00,1732607100,79900.48,80026.9,79798.67,79962.5,0
2024-11-26 14:15:00,1732610700,79964.59,80157.59,79947.08,80050.98,0
2024-11-26 15:15:00,1732614300,80053.75,80059.03,79988.81,80005.93,0
2024-11-27 09:15:00,1732679100,80121.03,80170.16,79844.49,80036.08,0
2024-11-27 10:15:00,1732682700,80036.3,80067.96,79924.14,80024.27,0
2024-11-27 11:15:00,1732686300,80022.13,80083.72,79898.12,80029.05,0
2024-11-27 12:15:00,1732689900,80027.56,80413.41,80027.04,80400.04,0
2024-11-27 13:15:00,1732693500,80399.63,80511.15,80282.19,80283.64,0
2024-11-27 14:15:00,1732697100,80284.86,80342.28,80194.17,80239.9,0
2024-11-27 15:15:00,1732700700,80240.46,80268.17,80212,80244.75,0
2024-11-28 09:15:00,1732765500,80281.64,80447.4,80144.85,80391.71,0
2024-11-28 10:15:00,1732769100,80391.45,80394.36,79477.52,79569.38,0
2024-11-28 11:15:00,1732772700,79569.47,79671.9,79420.47,79527.02,0
2024-11-28 12:15:00,1732776300,79526.5,79584.03,79203.5,79236.12,0
2024-11-28 13:15:00,1732779900,79237.84,79560.67,78918.92,79185.52,0
2024-11-28 14:15:00,1732783500,79186.4,79329.53,78942.64,79045.15,0
2024-11-28 15:15:00,1732787100,79043.44,79181.88,79021.28,79165.22,0
2024-11-29 09:15:00,1732851900,79032.99,79534.36,79026.18,79225.53,0
2024-11-29 10:15:00,1732855500,79222.16,79839.33,79195.33,79766.1,0
2024-11-29 11:15:00,1732859100,79764.03,79848.76,79619.13,79764.39,0
2024-11-29 12:15:00,1732862700,79764.75,79788.75,79664.77,79755.34,0
2024-11-29 13:15:00,1732866300,79756.67,79843.31,79700.17,79705.33,0
2024-11-29 14:15:00,1732869900,79704.57,79923.9,79668.31,79769.43,0
2024-11-29 15:15:00,1732873500,79766.63,79821.68,79698.42,79747.12,0
2024-12-02 09:15:00,1733111100,79743.87,79848.16,79308.95,79674.05,0
2024-12-02 10:15:00,1733114700,79672.86,79881.51,79610.02,79731.86,0
2024-12-02 11:15:00,1733118300,79733,79867.07,79716.88,79770.69,0
2024-12-02 12:15:00,1733121900,79774.38,79942.16,79765.05,79861.28,0
2024-12-02 13:15:00,1733125500,79859.83,80206.61,79797.99,80151.18,0
2024-12-02 14:15:00,1733129100,80151.87,80337.82,80151.32,80249.16,0
2024-12-02 15:15:00,1733132700,80248.01,80262.68,80195.12,80253.78,0
2024-12-03 09:15:00,1733197500,80529.2,80549.06,80244.78,80458.52,0
2024-12-03 10:15:00,1733201100,80456.35,80778.34,80456.33,80752.8,0
2024-12-03 11:15:00,1733204700,80749.26,80853.57,80706.39,80758.35,0
2024-12-03 12:15:00,1733208300,80758.21,80821.48,80644.59,80722.58,0
2024-12-03 13:15:00,1733211900,80725.68,80921.47,80693.02,80890.61,0
2024-12-03 14:15:00,1733215500,80891.21,80949.1,80817.03,80875.41,0
2024-12-03 15:15:00,1733219100,80873.79,80896.32,80788.43,80839.51,0
2024-12-04 09:15:00,1733283900,81036.22,81245.39,80808.01,81164.04,0
2024-12-04 10:15:00,1733287500,81163.68,81214.58,81072.72,81137.8,0
2024-12-04 11:15:00,1733291100,81144.86,81225.81,80630.53,80881.73,0
2024-12-04 12:15:00,1733294700,80885.2,81031.02,80837.7,80984.92,0
2024-12-04 13:15:00,1733298300,80988.49,81191.03,80926.28,81160.76,0
2024-12-04 14:15:00,1733301900,81160.84,81177.52,80814.89,80954.57,0
2024-12-04 15:15:00,1733305500,80959.17,81004.34,80913.86,80937.79,0
2024-12-05 09:15:00,1733370300,81182.74,81198.87,80774.41,80777.59,0
2024-12-05 10:15:00,1733373900,80785.66,80918.04,80467.37,80693.36,0
2024-12-05 11:15:00,1733377500,80692.31,81488.22,80596.78,81433.99,0
2024-12-05 12:15:00,1733381100,81436.02,81621.58,81365.43,81551.04,0
2024-12-05 13:15:00,1733384700,81561.62,81982.24,81392.72,81918.32,0
2024-12-05 14:15:00,1733388300,81917.24,82317.74,81147.64,81944,0
2024-12-05 15:15:00,1733391900,81944.48,81975.94,81757.76,81765.72,0
2024-12-06 09:15:00,1733456700,81887.54,81925.91,81529.33,81599.23,0
2024-12-06 10:15:00,1733460300,81598.72,81923.52,81506.19,81794.77,0
2024-12-06 11:15:00,1733463900,81795.09,81840.2,81669.84,81799.33,0
2024-12-06 12:15:00,1733467500,81804.84,81857.09,81735.95,81797.65,0
2024-12-06 13:15:00,1733471100,81796.05,81806.9,81660.36,81734.77,0
2024-12-06 14:15:00,1733474700,81739.82,81788.46,81628.12,81725.14,0
2024-12-06 15:15:00,1733478300,81725.3,81750.97,81631.24,81674.43,0
2024-12-09 09:15:00,1733715900,81602.58,81781.72,81435.5,81437.94,0
2024-12-09 10:15:00,1733719500,81438.55,81617.88,81411.55,81609.58,0
2024-12-09 11:15:00,1733723100,81609.45,81783.28,81588.34,81667.6,0
2024-12-09 12:15:00,1733726700,81668.4,81710.35,81533.21,81627.23,0
2024-12-09 13:15:00,1733730300,81627.53,81672.58,81486.66,81521.1,0
2024-12-09 14:15:00,1733733900,81522.66,81600.61,81452.86,81480.56,0
2024-12-09 15:15:00,1733737500,81476.17,81568.63,81467.68,81531.87,0
2024-12-10 09:15:00,1733802300,81575.96,81726.34,81416.56,81643.65,0
2024-12-10 10:15:00,1733805900,81643.56,81682.13,81515.69,81632.54,0
2024-12-10 11:15:00,1733809500,81632.15,81658.42,81537.18,81544.13,0
2024-12-10 12:15:00,1733813100,81543.38,81543.98,81257.57,81310.01,0
2024-12-10 13:15:00,1733816700,81310.06,81370.06,81182.69,81281.3,0
2024-12-10 14:15:00,1733820300,81284.05,81552.54,81225.74,81517.24,0
2024-12-10 15:15:00,1733823900,81514.09,81576.4,81495.54,81546.71,0
2024-12-11 09:15:00,1733888700,81568.39,81595.99,81383.42,81536.34,0
2024-12-11 10:15:00,1733892300,81534.16,81689.9,81439.83,81636.71,0
2024-12-11 11:15:00,1733895900,81635.87,81742.37,81593.13,81639.76,0
2024-12-11 12:15:00,1733899500,81640.81,81668.07,81503.31,81611.46,0
2024-12-11 13:15:00,1733903100,81611.22,81646.7,81561.01,81615.17,0
2024-12-11 14:15:00,1733906700,81613.9,81613.9,81447.24,81564.79,0
2024-12-11 15:15:00,1733910300,81563.87,81571.08,81492.77,81496.7,0
2024-12-12 09:15:00,1733975100,81476.76,81680.97,81444.92,81525.95,0
2024-12-12 10:15:00,1733978700,81526.1,81545.33,81423.92,81474.81,0
2024-12-12 11:15:00,1733982300,81474.23,81491.45,81299.22,81323.97,0
2024-12-12 12:15:00,1733985900,81323.92,81381.73,81292.56,81343.46,0
2024-12-12 13:15:00,1733989500,81345.68,81360.77,81257.46,81320.52,0
2024-12-12 14:15:00,1733993100,81320.31,81359.4,81211.64,81273.77,0
2024-12-12 15:15:00,1733996700,81281.3,81332.22,81217.4,81263.84,0
2024-12-13 09:15:00,1734061500,81212.45,81224.08,80623.01,80659.23,0
2024-12-13 10:15:00,1734065100,80659.75,80659.75,80082.82,80411.35,0
2024-12-13 11:15:00,1734068700,80413.96,81492.28,80369.48,81395.1,0
2024-12-13 12:15:00,1734072300,81396.04,81803.22,81155.71,81631.39,0
2024-12-13 13:15:00,1734075900,81631.62,82039.82,81422.98,81931,0
2024-12-13 14:15:00,1734079500,81931.98,82192.61,81879,82121.25,0
2024-12-13 15:15:00,1734083100,82124.51,82213.92,82075.04,82171.15,0
2024-12-16 09:15:00,1734320700,82000.31,82116.44,81814.04,81968.5,0
2024-12-16 10:15:00,1734324300,81965.66,81974.52,81648.61,81664.7,0
2024-12-16 11:15:00,1734327900,81663.64,81778.67,81576.01,81578.27,0
2024-12-16 12:15:00,1734331500,81573.76,81764.44,81551.28,81737.99,0
2024-12-16 13:15:00,1734335100,81734.02,81823.48,81661.82,81740.49,0
2024-12-16 14:15:00,1734338700,81740.41,81849.52,81693.89,81732.76,0
2024-12-16 15:15:00,1734342300,81735.19,81762.46,81672.63,81697.29,0
2024-12-17 09:15:00,1734407100,81511.81,81613.64,81208.61,81267.02,0
2024-12-17 10:15:00,1734410700,81274.54,81276.06,80818.03,81097.72,0
2024-12-17 11:15:00,1734414300,81100.39,81147.14,80732.93,80789.59,0
2024-12-17 12:15:00,1734417900,80787.08,81046.31,80718.66,80772.03,0
2024-12-17 13:15:00,1734421500,80770.63,80856.12,80639.97,80695.11,0
2024-12-17 14:15:00,1734425100,80695.19,80784.67,80612.2,80708.51,0
2024-12-17 15:15:00,1734428700,80706.9,80742.51,80631.26,80656.35,0
2024-12-18 09:15:00,1734493500,80666.26,80868.02,80313.02,80339.48,0
2024-12-18 10:15:00,1734497100,80339.12,80572.17,80223.05,80268.54,0
2024-12-18 11:15:00,1734500700,80263.42,80401.69,80217.13,80266.67,0
2024-12-18 12:15:00,1734504300,80266.38,80339.94,80050.07,80251.86,0
2024-12-18 13:15:00,1734507900,80253.09,80296.64,80104.33,80169.55,0
2024-12-18 14:15:00,1734511500,80174.82,80220.74,80083.79,80159.21,0
2024-12-18 15:15:00,1734515100,80158.8,80253.17,80156.28,80231.83,0
2024-12-19 09:15:00,1734579900,79029.03,79516.17,79020.08,79271.77,0
2024-12-19 10:15:00,1734583500,79269.88,79364.1,79198.28,79221.78,0
2024-12-19 11:15:00,1734587100,79222.31,79423.62,79222.31,79376.92,0
2024-12-19 12:15:00,1734590700,79375.32,79380.61,79236.02,79299.95,0
2024-12-19 13:15:00,1734594300,79299.37,79299.4,79185.66,79267.03,0
2024-12-19 14:15:00,1734597900,79268.47,79273.84,79183.26,79207.99,0
2024-12-19 15:15:00,1734601500,79211.33,79277.14,79170.43,79243.14,0
2024-12-20 09:15:00,1734666300,79335.48,79587.15,78673.68,78836.55,0
2024-12-20 10:15:00,1734669900,78833.46,79303.95,78794.1,79199.19,0
2024-12-20 11:15:00,1734673500,79195.13,79199.45,78938.25,78938.25,0
2024-12-20 12:15:00,1734677100,78938.45,78938.45,78398.84,78427.45,0
2024-12-20 13:15:00,1734680700,78427.36,78546.89,78317.29,78345.78,0
2024-12-20 14:15:00,1734684300,78345.11,78439.11,77874.59,77882.23,0
2024-12-20 15:15:00,1734687900,77880.28,78211.49,77880.28,78211.49,0
2024-12-23 09:15:00,1734925500,78488.64,78744.95,78438.67,78645.3,0
2024-12-23 10:15:00,1734929100,78645.47,78865.37,78534.38,78826.31,0
2024-12-23 11:15:00,1734932700,78824.9,78918.12,78518.04,78588.99,0
2024-12-23 12:15:00,1734936300,78585.02,78616.49,78284.55,78307.66,0
2024-12-23 13:15:00,1734939900,78301.95,78387.32,78189.19,78352.8,0
2024-12-23 14:15:00,1734943500,78352.64,78590.12,78333.38,78555.33,0
2024-12-23 15:15:00,1734947100,78555.21,78597.94,78502.92,78540.23,0
2024-12-24 09:15:00,1735011900,78707.37,78757.98,78397.79,78702.52,0
2024-12-24 10:15:00,1735015500,78702.2,78877.36,78693.95,78779.43,0
2024-12-24 11:15:00,1735019100,78775.53,78844.01,78657.08,78669.35,0
2024-12-24 12:15:00,1735022700,78669.24,78745.65,78590.24,78649.38,0
2024-12-24 13:15:00,1735026300,78644.82,78671.77,78477.41,78569.58,0
2024-12-24 14:15:00,1735029900,78567.25,78572.15,78423,78442.62,0
2024-12-24 15:15:00,1735033500,78445.44,78545.29,78433.98,78453.02,0
2024-12-26 09:15:00,1735184700,78557.28,78898.37,78463.33,78481.08,0
2024-12-26 10:15:00,1735188300,78483.44,78557.99,78325.37,78523.28,0
2024-12-26 11:15:00,1735191900,78523.79,78578.35,78436.28,78442.07,0
2024-12-26 12:15:00,1735195500,78437.93,78506.02,78432.61,78475.79,0
2024-12-26 13:15:00,1735199100,78474.82,78549.36,78173.38,78465.75,0
2024-12-26 14:15:00,1735202700,78465.46,78514.24,78421.02,78496.48,0
2024-12-26 15:15:00,1735206300,78492.16,78545.86,78440.18,78522.79,0
2024-12-27 09:15:00,1735271100,78607.62,79038.27,78598.55,79014.14,0
2024-12-27 10:15:00,1735274700,79019.21,79043.15,78883.81,78964.05,0
2024-12-27 11:15:00,1735278300,78964.9,78967.36,78760.72,78766.53,0
2024-12-27 12:15:00,1735281900,78766.57,78868.39,78727.58,78834.27,0
2024-12-27 13:15:00,1735285500,78835.03,78868.79,78744.09,78782.89,0
2024-12-27 14:15:00,1735289100,78782.94,78801.14,78643.71,78678.3,0
2024-12-27 15:15:00,1735292700,78679.88,78794.77,78667.11,78730.32,0
2024-12-30 09:15:00,1735530300,78637.58,78703.27,78395.5,78637.16,0
2024-12-30 10:15:00,1735533900,78636.7,78835.3,78569.42,78661.46,0
2024-12-30 11:15:00,1735537500,78660.07,79092.7,78648.43,78997.65,0
2024-12-30 12:15:00,1735541100,78998.42,79005.37,78533.04,78603.42,0
2024-12-30 13:15:00,1735544700,78603.51,78650.43,78142.67,78153.69,0
2024-12-30 14:15:00,1735548300,78154.51,78410.53,78077.13,78151.65,0
2024-12-30 15:15:00,1735551900,78154.07,78375.86,78151.63,78216.96,0
2024-12-31 09:15:00,1735616700,77982.57,77997.49,77560.79,77580.03,0
2024-12-31 10:15:00,1735620300,77580.5,78062.69,77580.5,78059.06,0
2024-12-31 11:15:00,1735623900,78058.75,78086.39,77922.96,77988.34,0
2024-12-31 12:15:00,1735627500,77987.79,78089.58,77950.93,77988.69,0
2024-12-31 13:15:00,1735631100,77992.16,78305.34,77959.97,78273.46,0
2024-12-31 14:15:00,1735634700,78272.3,78273.08,78079.32,78139.87,0
2024-12-31 15:15:00,1735638300,78141.5,78226.47,78103.37,78226.47,0
2025-01-01 09:15:00,1735703100,78265.07,78272.98,77898.3,78128.71,0
2025-01-01 10:15:00,1735706700,78125.59,78565.08,78094.52,78542.75,0
2025-01-01 11:15:00,1735710300,78541.28,78637.71,78312.78,78426.72,0
2025-01-01 12:15:00,1735713900,78426.91,78620.82,78416.99,78442.74,0
2025-01-01 13:15:00,1735717500,78443.31,78756.49,78437.85,78649.8,0
2025-01-01 14:15:00,1735721100,78650.28,78660.16,78440.8,78495.45,0
2025-01-01 15:15:00,1735724700,78496.27,78596.8,78475.2,78581.23,0
2025-01-02 09:15:00,1735789500,78657.52,78936.65,78542.37,78823.17,0
2025-01-02 10:15:00,1735793100,78826,79213.1,78804.49,79182.28,0
2025-01-02 11:15:00,1735796700,79182.39,79263.26,79083.87,79157.12,0
2025-01-02 12:15:00,1735800300,79159.75,79655.54,79117,79623.83,0
2025-01-02 13:15:00,1735803900,79624.37,79832.1,79618.56,79788.63,0
2025-01-02 14:15:00,1735807500,79788.23,80032.87,79782.35,79917,0
2025-01-02 15:15:00,1735811100,79915.61,79961.11,79874.54,79905.08,0
2025-01-03 09:15:00,1735875900,80072.99,80072.99,79366.88,79401.41,0
2025-01-03 10:15:00,1735879500,79404.04,79516.04,79274.77,79478.97,0
2025-01-03 11:15:00,1735883100,79478.16,79757.42,79449.74,79631.58,0
2025-01-03 12:15:00,1735886700,79629.58,79629.58,79404.14,79562.53,0
2025-01-03 13:15:00,1735890300,79556.02,79593.94,79280.99,79307.45,0
2025-01-03 14:15:00,1735893900,79306.97,79377.54,79147.32,79243.79,0
2025-01-03 15:15:00,1735897500,79236.49,79282.91,79109.73,79167.83,0
2025-01-06 09:15:00,1736135100,79281.65,79532.67,79004.93,79367.59,0
2025-01-06 10:15:00,1736138700,79375.45,79458.2,78382.4,78440.18,0
2025-01-06 11:15:00,1736142300,78439.17,78595.17,77959.95,78327.42,0
2025-01-06 12:15:00,1736145900,78323.29,78487.88,78159.04,78283.27,0
2025-01-06 13:15:00,1736149500,78282.77,78283.06,77920.91,78000.85,0
2025-01-06 14:15:00,1736153100,78002.82,78111.77,77781.62,77871.23,0
2025-01-06 15:15:00,1736156700,77863.9,78060.63,77860.75,78014.27,0
2025-01-07 09:15:00,1736221500,78019.8,78452.74,77925.09,78259.12,0
2025-01-07 10:15:00,1736225100,78269.94,78344.75,78164.42,78226.7,0
2025-01-07 11:15:00,1736228700,78228.26,78344.45,78180.6,78196.14,0
2025-01-07 12:15:00,1736232300,78200.42,78269.21,78161.77,78231.08,0
2025-01-07 13:15:00,1736235900,78231.47,78339.44,78061.62,78170.99,0
2025-01-07 14:15:00,1736239500,78168.66,78275.82,78070.19,78174.82,0
2025-01-07 15:15:00,1736243100,78170.95,78196.21,78119.44,78130.11,0
2025-01-08 09:15:00,1736307900,78319.45,78319.45,77898.16,78052.43,0
2025-01-08 10:15:00,1736311500,78057.7,78102.55,77631.33,77729.33,0
2025-01-08 11:15:00,1736315100,77733.27,77837.9,77571.08,77572.68,0
2025-01-08 12:15:00,1736318700,77573.14,77675.09,77486.79,77607.91,0
2025-01-08 13:15:00,1736322300,77607.13,78180.97,77581.03,78158.27,0
2025-01-08 14:15:00,1736325900,78160.17,78267.6,78012.89,78208.16,0
2025-01-08 15:15:00,1736329500,78208.42,78214.21,78140.25,78141.06,0
2025-01-09 09:15:00,1736394300,78206.21,78206.21,77846.43,77982.55,0
2025-01-09 10:15:00,1736397900,77981.57,78035.77,77668.72,77740.4,0
2025-01-09 11:15:00,1736401500,77741.86,77778.32,77663.33,77743.25,0
2025-01-09 12:15:00,1736405100,77741.81,77929.04,77624.95,77654.92,0
2025-01-09 13:15:00,1736408700,77657.83,77676.46,77576.77,77652.24,0
2025-01-09 14:15:00,1736412300,77650.55,77664.88,77542.92,77618.15,0
2025-01-09 15:15:00,1736415900,77615.18,77709.47,77577.33,77681.27,0
2025-01-10 09:15:00,1736480700,77682.59,77890.97,77099.55,77237.26,0
2025-01-10 10:15:00,1736484300,77236.29,77770.66,77234.6,77770.66,0
2025-01-10 11:15:00,1736487900,77770.28,77919.7,77540.83,77683.7,0
2025-01-10 12:15:00,1736491500,77683.25,77816,77606.75,77665.14,0
2025-01-10 13:15:00,1736495100,77664.85,77714.49,77443.3,77444.03,0
2025-01-10 14:15:00,1736498700,77441.67,77452.8,77273.44,77330.5,0
2025-01-10 15:15:00,1736502300,77322.12,77450.59,77320.85,77422.4,0
2025-01-13 09:15:00,1736739900,76629.9,76898.69,76535.24,76893.23,0
2025-01-13 10:15:00,1736743500,76914.72,77128.35,76878.08,76959.27,0
2025-01-13 11:15:00,1736747100,76962.94,77025.15,76729.76,76762,0
2025-01-13 12:15:00,1736750700,76763.12,76798.33,76594.49,76613.71,0
2025-01-13 13:15:00,1736754300,76614.28,76656.2,76408.48,76455.7,0
2025-01-13 14:15:00,1736757900,76466.97,76517.3,76249.72,76365.15,0
2025-01-13 15:15:00,1736761500,76364.98,76393.95,76318.17,76347.26,0
2025-01-14 09:15:00,1736826300,76335.75,76779.49,76335.75,76574.39,0
2025-01-14 10:15:00,1736829900,76574.64,76835.4,76517.57,76824.95,0
2025-01-14 11:15:00,1736833500,76827.29,76835.61,76568.82,76602.27,0
2025-01-14 12:15:00,1736837100,76604.01,76648.76,76480.58,76530.13,0
2025-01-14 13:15:00,1736840700,76531.72,76614.97,76486.66,76595.91,0
2025-01-14 14:15:00,1736844300,76596.87,76632.64,76448.65,76514.13,0
2025-01-14 15:15:00,1736847900,76514.09,76689.28,76492.77,76670.02,0
2025-01-15 09:15:00,1736912700,76900.14,76901.16,76555.94,76742.39,0
2025-01-15 10:15:00,1736916300,76745.57,76991.05,76744.02,76847.01,0
2025-01-15 11:15:00,1736919900,76846.66,76875.04,76689.26,76729.57,0
2025-01-15 12:15:00,1736923500,76729.71,76869.88,76669.74,76732.85,0
2025-01-15 13:15:00,1736927100,76731.44,76731.44,76479.7,76604.79,0
2025-01-15 14:15:00,1736930700,76604.59,76759.32,76547.22,76729.84,0
2025-01-15 15:15:00,1736934300,76730.02,76778.56,76659.84,76774.13,0
2025-01-16 09:15:00,1736999100,77319.5,77319.5,76932.02,76988.02,0
2025-01-16 10:15:00,1737002700,76987.12,77037.99,76895.51,76942.66,0
2025-01-16 11:15:00,1737006300,76940.59,77022.63,76908.97,76982.56,0
2025-01-16 12:15:00,1737009900,76980.98,77095.77,76957.15,77068.89,0
2025-01-16 13:15:00,1737013500,77069.43,77088.58,77035.45,77070.96,0
2025-01-16 14:15:00,1737017100,77072.46,77072.46,76920.28,76998.93,0
2025-01-16 15:15:00,1737020700,76998.88,77159.27,76985.65,77151.11,0
2025-01-17 09:15:00,1737085500,77069.19,77069.19,76511.81,76597.69,0
2025-01-17 10:15:00,1737089100,76597.87,76793.34,76263.29,76374.38,0
2025-01-17 11:15:00,1737092700,76377,76649.88,76363.36,76643.67,0
2025-01-17 12:15:00,1737096300,76644.84,76812.99,76600.42,76619.41,0
2025-01-17 13:15:00,1737099900,76615.46,76644.09,76498.73,76617.76,0
2025-01-17 14:15:00,1737103500,76614.44,76760.12,76589.55,76616.11,0
2025-01-17 15:15:00,1737107100,76615.29,76658.07,76597.16,76628.38,0
2025-01-20 09:15:00,1737344700,76978.53,77017.54,76584.84,76768.39,0
2025-01-20 10:15:00,1737348300,76767.66,76936.93,76763.92,76905.44,0
2025-01-20 11:15:00,1737351900,76908.94,77266.29,76907.78,77182.26,0
2025-01-20 12:15:00,1737355500,77181.96,77269.52,77110.02,77227.51,0
2025-01-20 13:15:00,1737359100,77227.4,77318.94,77115.96,77184.17,0
2025-01-20 14:15:00,1737362700,77185.14,77220.86,77110.35,77138.69,0
2025-01-20 15:15:00,1737366300,77136.79,77137.77,76970.95,77021.25,0
2025-01-21 09:15:00,1737431100,77261.72,77297.72,76648.07,76688.5,0
2025-01-21 10:15:00,1737434700,76689.38,76694.91,76224.79,76330.63,0
2025-01-21 11:15:00,1737438300,76331.22,77337.36,76288.68,76778.36,0
2025-01-21 12:15:00,1737441900,76764.56,76809.31,76137.83,76661.79,0
2025-01-21 13:15:00,1737445500,76662.12,76814.98,76217.28,76481.11,0
2025-01-21 14:15:00,1737449100,76478.34,76489.92,75641.87,75869.88,0
2025-01-21 15:15:00,1737452700,75869.85,76018.85,75868.22,76001.46,0
2025-01-22 09:15:00,1737517500,76114.42,76247.55,76001.95,76180.6,0
2025-01-22 10:15:00,1737521100,76182.96,76280.85,76056.54,76065.16,0
2025-01-22 11:15:00,1737524700,76064.14,76141.46,75915.32,75986.24,0
2025-01-22 12:15:00,1737528300,75987.51,76042.51,75851.49,75993.57,0
2025-01-22 13:15:00,1737531900,75996.16,76150.59,75816.5,76099.29,0
2025-01-22 14:15:00,1737535500,76109.99,76458.61,76067.89,76442.18,0
2025-01-22 15:15:00,1737539100,76444.1,76461.47,76380.41,76449.53,0
2025-01-23 09:15:00,1737603900,76414.52,76650.29,76202.12,76607.26,0
2025-01-23 10:15:00,1737607500,76604.86,76673.23,76530.24,76591.85,0
2025-01-23 11:15:00,1737611100,76590.75,76647.69,76529.97,76617.36,0
2025-01-23 12:15:00,1737614700,76614.89,76743.54,76579.76,76653.06,0
2025-01-23 13:15:00,1737618300,76653.32,76681.19,76568.99,76623.65,0
2025-01-23 14:15:00,1737621900,76626.98,76631.38,76502.33,76510.45,0
2025-01-23 15:15:00,1737625500,76508,76561.77,76473.91,76561.69,0
2025-01-24 09:15:00,1737690300,76455.35,76802.73,76321.82,76382.99,0
2025-01-24 10:15:00,1737693900,76381.47,76823.37,76225.26,76796.15,0
2025-01-24 11:15:00,1737697500,76797.4,76985.95,76708.66,76834.04,0
2025-01-24 12:15:00,1737701100,76832,76909.76,76434.23,76589.01,0
2025-01-24 13:15:00,1737704700,76594.14,76594.14,76355.91,76355.91,0
2025-01-24 14:15:00,1737708300,76359.27,76427.65,76091.75,76159.17,0
2025-01-24 15:15:00,1737711900,76159.25,76239.36,76159.25,76216.65,0
2025-01-27 09:15:00,1737949500,75700.43,75925.72,75545.93,75824.02,0
2025-01-27 10:15:00,1737953100,75818.07,75818.07,75348.06,75485.85,0
2025-01-27 11:15:00,1737956700,75484.41,75701.3,75464.93,75505.3,0
2025-01-27 12:15:00,1737960300,75505.88,75709.73,75405.84,75528.18,0
2025-01-27 13:15:00,1737963900,75523.62,75547.19,75335.17,75377.35,0
2025-01-27 14:15:00,1737967500,75377.04,75440.89,75267.59,75391.01,0
2025-01-27 15:15:00,1737971100,75391.36,75398.09,75325.09,75352.03,0
2025-01-28 09:15:00,1738035900,75659,75850.87,75622.88,75718.35,0
2025-01-28 10:15:00,1738039500,75719.53,76075.07,75652,75976.94,0
2025-01-28 11:15:00,1738043100,75975.95,76193.59,75923.76,76175.17,0
2025-01-28 12:15:00,1738046700,76173.27,76287.55,76092.73,76284.7,0
2025-01-28 13:15:00,1738050300,76283.89,76306.66,76165.56,76209.71,0
2025-01-28 14:15:00,1738053900,76210.29,76512.96,75765.23,75959.33,0
2025-01-28 15:15:00,1738057500,75957.36,76008.16,75897.67,75969.75,0
2025-01-29 09:15:00,1738122300,76138.24,76324.61,75983.53,76241.76,0
2025-01-29 10:15:00,1738125900,76241.33,76420.97,76187.98,76265.29,0
2025-01-29 11:15:00,1738129500,76270.88,76424.56,75975.8,76398.07,0
2025-01-29 12:15:00,1738133100,76397.82,76549.63,76295.09,76369.17,0
2025-01-29 13:15:00,1738136700,76368.37,76585.14,76368.37,76574.86,0
2025-01-29 14:15:00,1738140300,76574.96,76589.93,76400.69,76542,0
2025-01-29 15:15:00,1738143900,76538.83,76599.73,76512.84,76557.89,0
2025-01-30 09:15:00,1738208700,76598.84,76874.4,76426.83,76782.61,0
2025-01-30 10:15:00,1738212300,76782.58,76898.63,76635.64,76836.75,0
2025-01-30 11:15:00,1738215900,76838.51,76863.5,76648.12,76753.26,0
2025-01-30 12:15:00,1738219500,76752.7,76847.77,76677.67,76789.75,0
2025-01-30 13:15:00,1738223100,76789.27,76794.99,76430.66,76507.84,0
2025-01-30 14:15:00,1738226700,76506.55,76778.12,76401.13,76755.9,0
2025-01-30 15:15:00,1738230300,76757.97,76962.88,76738.65,76887.85,0
2025-01-31 09:15:00,1738295100,76888.89,77195.53,76833.87,77005.37,0
2025-01-31 10:15:00,1738298700,77006.06,77284.17,76962.6,77209.83,0
2025-01-31 11:15:00,1738302300,77210.44,77294.01,77110.69,77268.25,0
2025-01-31 12:15:00,1738305900,77267.38,77475.18,77202.61,77460.53,0
2025-01-31 13:15:00,1738309500,77460.28,77549.92,77246.49,77294.89,0
2025-01-31 14:15:00,1738313100,77299.34,77517.4,77233.3,77504.32,0
2025-01-31 15:15:00,1738316700,77502.88,77605.96,77437.83,77565.79,0
2025-02-01 09:15:00,1738381500,77637.01,77832.05,77434.85,77674.54,0
2025-02-01 10:15:00,1738385100,77675.74,77792.05,77588.52,77744.72,0
2025-02-01 11:15:00,1738388700,77746.28,77899.05,77006.47,77271.03,0
2025-02-01 12:15:00,1738392300,77279.72,77630.49,77015.39,77206.65,0
2025-02-01 13:15:00,1738395900,77208.78,77650.07,77095.37,77606.36,0
2025-02-01 14:15:00,1738399500,77605.64,77715.14,77440.13,77506.29,0
2025-02-01 15:15:00,1738403100,77506.17,77605.62,77448.39,77584.54,0
2025-02-03 09:15:00,1738554300,77063.94,77128.57,76756.09,76877.34,0
2025-02-03 10:15:00,1738557900,76873.21,77090.18,76801.75,77075.96,0
2025-02-03 11:15:00,1738561500,77076.05,77138.19,76873.8,77036.31,0
2025-02-03 12:15:00,1738565100,77035.73,77247.47,76918.69,77246.49,0
2025-02-03 13:15:00,1738568700,77244.82,77260.37,77058.53,77180.1,0
2025-02-03 14:15:00,1738572300,77178.83,77235.52,77088.76,77196.51,0
2025-02-03 15:15:00,1738575900,77200.62,77207.81,77146.66,77186.29,0
2025-02-04 09:15:00,1738640700,77687.6,77951.81,77516.99,77717.13,0
2025-02-04 10:15:00,1738644300,77716.88,77793.99,77402.37,77670.19,0
2025-02-04 11:15:00,1738647900,77670.54,78048.66,77654.09,77874.87,0
2025-02-04 12:15:00,1738651500,77873.96,78149.97,77870.51,78149.33,0
2025-02-04 13:15:00,1738655100,78149.49,78424.26,78102.72,78213.81,0
2025-02-04 14:15:00,1738658700,78198.01,78658.59,78168.71,78564.28,0
2025-02-04 15:15:00,1738662300,78563.2,78573.79,78376.92,78398.67,0
2025-02-05 09:15:00,1738727100,78704.6,78735.41,78423.38,78474.04,0
2025-02-05 10:15:00,1738730700,78476.71,78567.71,78375.89,78383.5,0
2025-02-05 11:15:00,1738734300,78390.54,78475.7,78328.04,78386.24,0
2025-02-05 12:15:00,1738737900,78386.76,78477.33,78333.53,78474.62,0
2025-02-05 13:15:00,1738741500,78477.11,78518.14,78389.95,78419,0
2025-02-05 14:15:00,1738745100,78419.02,78461.17,78226.26,78284.11,0
2025-02-05 15:15:00,1738748700,78279.03,78291.43,78216.25,78264.59,0
2025-02-06 09:15:00,1738813500,78513.36,78551.66,78064.46,78078.06,0
2025-02-06 10:15:00,1738817100,78078.71,78144.39,77968.43,78006.04,0
2025-02-06 11:15:00,1738820700,78006.31,78042.09,77926.58,78032.81,0
2025-02-06 12:15:00,1738824300,78035.75,78061.34,77876.92,77898.57,0
2025-02-06 13:15:00,1738827900,77900.56,77966.46,77845.67,77899.93,0
2025-02-06 14:15:00,1738831500,77896.92,78068.01,77843.99,78020.65,0
2025-02-06 15:15:00,1738835100,78020.69,78149.6,78004.91,78133.8,0
2025-02-07 09:15:00,1738899900,78119.6,78356.98,77948.31,78109.74,0
2025-02-07 10:15:00,1738903500,78110.46,78143.08,77730.37,78072.45,0
2025-02-07 11:15:00,1738907100,78069.04,78304.65,77910.72,77915.33,0
2025-02-07 12:15:00,1738910700,77909.46,78021.73,77791.82,77818.52,0
2025-02-07 13:15:00,1738914300,77818.59,77936.94,77494.7,77529.12,0
2025-02-07 14:15:00,1738917900,77528.93,77903.72,77475.74,77896.11,0
2025-02-07 15:15:00,1738921500,77895.72,77951.11,77832.83,77846.55,0
2025-02-10 09:15:00,1739159100,77789.3,77849.58,77215.57,77248.35,0
2025-02-10 10:15:00,1739162700,77244.43,77365.91,77189.04,77341.89,0
2025-02-10 11:15:00,1739166300,77343.24,77368.21,77156.3,77174.59,0
2025-02-10 12:15:00,1739169900,77174.19,77244.69,77158.06,77192.61,0
2025-02-10 13:15:00,1739173500,77193.48,77282.28,77106.89,77147.72,0
2025-02-10 14:15:00,1739177100,77148.2,77398.46,77118.49,77334.6,0
2025-02-10 15:15:00,1739180700,77335.6,77339.35,77275.87,77302.21,0
2025-02-11 09:15:00,1739245500,77384.98,77387.28,76958.4,76972.73,0
2025-02-11 10:15:00,1739249100,76970.5,77037.44,76908.81,77001.24,0
2025-02-11 11:15:00,1739252700,77001.73,77070.81,76907.65,76921.81,0
2025-02-11 12:15:00,1739256300,76922.12,76935.05,76177.21,76189.54,0
2025-02-11 13:15:00,1739259900,76188.34,76400.9,76030.59,76250.96,0
2025-02-11 14:15:00,1739263500,76251.63,76475.32,76103.53,76302.33,0
2025-02-11 15:15:00,1739267100,76302.17,76330.62,76275.54,76295.35,0
2025-02-12 09:15:00,1739331900,76188.24,76409.27,75430.7,75493.03,0
2025-02-12 10:15:00,1739335500,75495.44,75842.87,75388.39,75770.89,0
2025-02-12 11:15:00,1739339100,75768.59,76260.6,75662.14,76126.27,0
2025-02-12 12:15:00,1739342700,76126.66,76369.91,75982.62,76342.45,0
2025-02-12 13:15:00,1739346300,76341.82,76459.72,75926,76051.8,0
2025-02-12 14:15:00,1739349900,76042.77,76230.19,75900.34,76196.6,0
2025-02-12 15:15:00,1739353500,76195.13,76244.52,76168.21,76238.33,0
2025-02-13 09:15:00,1739418300,76201.1,76626.82,76013.43,76571.44,0
2025-02-13 10:15:00,1739421900,76571.64,76687.64,76462.35,76583.48,0
2025-02-13 11:15:00,1739425500,76587.66,76764.53,76580.23,76649.01,0
2025-02-13 12:15:00,1739429100,76650.15,76681.37,76516.78,76518.06,0
2025-02-13 13:15:00,1739432700,76513.65,76586.74,76143.21,76218.22,0
2025-02-13 14:15:00,1739436300,76218.64,76263.41,76044.26,76144.64,0
2025-02-13 15:15:00,1739439900,76143.4,76179.53,76075.1,76092.39,0
2025-02-14 09:15:00,1739504700,76388.99,76483.06,76110.87,76261.93,0
2025-02-14 10:15:00,1739508300,76265.1,76383.91,75588.86,75774.4,0
2025-02-14 11:15:00,1739511900,75770.8,75874.85,75530.59,75604.75,0
2025-02-14 12:15:00,1739515500,75606.39,75714.64,75439.64,75546.39,0
2025-02-14 13:15:00,1739519100,75545.77,75671.16,75470.79,75543.99,0
2025-02-14 14:15:00,1739522700,75545.17,76059.85,75545.17,75971.37,0
2025-02-14 15:15:00,1739526300,75970.38,75974.79,75804.2,75863.04,0
2025-02-17 09:15:00,1739763900,75641.41,75730.01,75294.76,75409.04,0
2025-02-17 10:15:00,1739767500,75408.16,75895.26,75364.69,75531.76,0
2025-02-17 11:15:00,1739771100,75530.42,75795.12,75518.23,75592.72,0
2025-02-17 12:15:00,1739774700,75595.44,75819.44,75512.58,75650.61,0
2025-02-17 13:15:00,1739778300,75650.2,76023.73,75621.44,75773.78,0
2025-02-17 14:15:00,1739781900,75775.2,76019.49,75764.85,76014.87,0
2025-02-17 15:15:00,1739785500,76013.58,76041.96,75979.45,76007.68,0
2025-02-18 09:15:00,1739850300,76073.71,76091.69,75778.95,75846.42,0
2025-02-18 10:15:00,1739853900,75844.86,75880.06,75531.01,75564.5,0
2025-02-18 11:15:00,1739857500,75564.57,75836.27,75544.81,75732.54,0
2025-02-18 12:15:00,1739861100,75732.19,75894.91,75685.71,75788.09,0
2025-02-18 13:15:00,1739864700,75788.66,75981.67,75788.46,75921.68,0
2025-02-18 14:15:00,1739868300,75925,76076.11,75900.12,76007.93,0
2025-02-18 15:15:00,1739871900,76010.86,76013.12,75882.82,75901.34,0
2025-02-19 09:15:00,1739936700,75787.27,76146.64,75581.38,76112.24,0
2025-02-19 10:15:00,1739940300,76119.84,76338.58,75950.32,76103,0
2025-02-19 11:15:00,1739943900,76103.62,76232.15,76033.6,76205.58,0
2025-02-19 12:15:00,1739947500,76199.27,76265.35,75917.27,75997.39,0
2025-02-19 13:15:00,1739951100,75996.88,76044.95,75927.18,75999.47,0
2025-02-19 14:15:00,1739954700,76000.36,76004.92,75716.09,75967.47,0
2025-02-19 15:15:00,1739958300,75967.14,75968.83,75863.29,75874.53,0
2025-02-20 09:15:00,1740023100,75672.84,75741.17,75463.01,75645.59,0
2025-02-20 10:15:00,1740026700,75651.26,75785.27,75644.63,75780.08,0
2025-02-20 11:15:00,1740030300,75774.41,75794.15,75680.77,75715.91,0
2025-02-20 12:15:00,1740033900,75711.42,75763.64,75650.79,75671.37,0
2025-02-20 13:15:00,1740037500,75671.57,75769.95,75657.26,75681.06,0
2025-02-20 14:15:00,1740041100,75681.03,75770.11,75681.03,75742.28,0
2025-02-20 15:15:00,1740044700,75744.47,75772.85,75715.82,75715.82,0
2025-02-21 09:15:00,1740109500,75612.61,75748.72,75271.05,75274.87,0
2025-02-21 10:15:00,1740113100,75272.15,75368.83,75175.97,75260.38,0
2025-02-21 11:15:00,1740116700,75260.42,75404.82,75198.6,75296.99,0
2025-02-21 12:15:00,1740120300,75295.83,75422.73,75223.37,75281.01,0
2025-02-21 13:15:00,1740123900,75280.66,75296.93,75112.41,75283.75,0
2025-02-21 14:15:00,1740127500,75284.6,75392.13,75199.41,75379.28,0
2025-02-21 15:15:00,1740131100,75379.01,75387.49,75237.4,75248.29,0
2025-02-24 09:15:00,1740368700,74893.45,74907.04,74541.63,74582.74,0
2025-02-24 10:15:00,1740372300,74581.75,74603.83,74493.97,74559.91,0
2025-02-24 11:15:00,1740375900,74559.17,74698.62,74508.97,74518.84,0
2025-02-24 12:15:00,1740379500,74518.89,74602.18,74496.07,74549.03,0
2025-02-24 13:15:00,1740383100,74549.22,74570.99,74387.44,74445.72,0
2025-02-24 14:15:00,1740386700,74445.63,74596.14,74411.46,74468.96,0
2025-02-24 15:15:00,1740390300,74469.88,74498.08,74426.22,74456.83,0
2025-02-25 09:15:00,1740455100,74440.3,74785.08,74400.37,74723.47,0
2025-02-25 10:15:00,1740458700,74724.36,74735.45,74591.76,74624.33,0
2025-02-25 11:15:00,1740462300,74624.73,74683.96,74563.42,74670.3,0
2025-02-25 12:15:00,1740465900,74670.97,74723.76,74617.86,74714.14,0
2025-02-25 13:15:00,1740469500,74714.02,74735.77,74656.13,74686.17,0
2025-02-25 14:15:00,1740473100,74686.54,74703.57,74563.79,74582.99,0
2025-02-25 15:15:00,1740476700,74584.67,74610.89,74474.34,74506.01,0
2025-02-27 09:15:00,1740627900,74706.6,74834.09,74557.8,74609.27,0
2025-02-27 10:15:00,1740631500,74618.18,74676.86,74556.41,74627.51,0
2025-02-27 11:15:00,1740635100,74628.63,74655.02,74572.2,74607.49,0
2025-02-27 12:15:00,1740638700,74606.41,74636.98,74570.05,74598.02,0
2025-02-27 13:15:00,1740642300,74597.37,74674.12,74589.14,74663.59,0
2025-02-27 14:15:00,1740645900,74664.22,74688.54,74597.02,74602.79,0
2025-02-27 15:15:00,1740649500,74610.61,74636.73,74520.78,74564.78,0
2025-02-28 09:15:00,1740714300,74201.77,74282.43,73579.44,73705.67,0
2025-02-28 10:15:00,1740717900,73709.79,73799.14,73609.45,73644.42,0
2025-02-28 11:15:00,1740721500,73643.37,73734.35,73538.95,73565.66,0
2025-02-28 12:15:00,1740725100,73565.5,73664.68,73159.6,73233.43,0
2025-02-28 13:15:00,1740728700,73234.15,73324.37,73177.31,73259.9,0
2025-02-28 14:15:00,1740732300,73257.17,73425.48,73211.46,73250.74,0
2025-02-28 15:15:00,1740735900,73249.83,73255.84,73141.27,73193.89,0
2025-03-03 09:15:00,1740973500,73427.65,73649.72,72797.04,72834,0
2025-03-03 10:15:00,1740977100,72832.54,73055.64,72784.54,72866.49,0
2025-03-03 11:15:00,1740980700,72858.23,72969.82,72784.8,72969.7,0
2025-03-03 12:15:00,1740984300,72969.74,73224.51,72918.29,73216.64,0
2025-03-03 13:15:00,1740987900,73217.34,73284.87,72939.38,73098.18,0
2025-03-03 14:15:00,1740991500,73096.6,73195.5,73026.73,73100.74,0
2025-03-03 15:15:00,1740995100,73102.74,73188.65,73060.09,73177,0
2025-03-04 09:15:00,1741059900,72817.34,73008.41,72633.54,72875.11,0
2025-03-04 10:15:00,1741063500,72875.44,73029.84,72838.38,72974.2,0
2025-03-04 11:15:00,1741067100,72973.83,72989.15,72871.64,72917.95,0
2025-03-04 12:15:00,1741070700,72918.4,72957.84,72844.96,72913.84,0
2025-03-04 13:15:00,1741074300,72914.64,73027.98,72863.2,72979.36,0
2025-03-04 14:15:00,1741077900,72978.27,73033.18,72946.81,72993.49,0
2025-03-04 15:15:00,1741081500,72993.45,73021.2,72910.19,72992.68,0
2025-03-05 09:15:00,1741146300,73005.37,73575.83,72894.05,73456.87,0
2025-03-05 10:15:00,1741149900,73460.56,73609.26,73365.18,73579.64,0
2025-03-05 11:15:00,1741153500,73580.9,73848.49,73563.78,73802.86,0
2025-03-05 12:15:00,1741157100,73810.18,73933.8,73746.83,73787.63,0
2025-03-05 13:15:00,1741160700,73785.69,73824.46,73629.06,73694.47,0
2025-03-05 14:15:00,1741164300,73695.77,73770.44,73580.74,73718.17,0
2025-03-05 15:15:00,1741167900,73716.93,73781.5,73681.07,73771.38,0
2025-03-06 09:15:00,1741232700,74308.3,74308.59,73415.68,73702.91,0
2025-03-06 10:15:00,1741236300,73703.75,74052.54,73680.22,74023.55,0
2025-03-06 11:15:00,1741239900,74020.38,74026.39,73663.71,73924.46,0
2025-03-06 12:15:00,1741243500,73924.41,74139.54,73919.34,74083.69,0
2025-03-06 13:15:00,1741247100,74083.42,74259.89,74042.09,74236.23,0
2025-03-06 14:15:00,1741250700,74236.16,74390.8,74165.77,74375.14,0
2025-03-06 15:15:00,1741254300,74376.13,74390.4,74288.06,74322.33,0
2025-03-07 09:15:00,1741319100,74347.14,74483.53,74038.03,74482.7,0
2025-03-07 10:15:00,1741322700,74485.89,74562.37,74374.06,74540.48,0
2025-03-07 11:15:00,1741326300,74537.67,74586.43,74224.62,74250.76,0
2025-03-07 12:15:00,1741329900,74251.14,74431.48,74198.55,74304.39,0
2025-03-07 13:15:00,1741333500,74304.84,74413.92,74245.73,74351.47,0
2025-03-07 14:15:00,1741337100,74351.39,74516.11,74345.2,74360.89,0
2025-03-07 15:15:00,1741340700,74361,74368.78,74261.51,74308.99,0
2025-03-10 09:15:00,1741578300,74474.98,74741.25,74156,74602.64,0
2025-03-10 10:15:00,1741581900,74602.41,74683.79,74531.05,74571.04,0
2025-03-10 11:15:00,1741585500,74569.38,74646.07,74470.8,74482.87,0
2025-03-10 12:15:00,1741589100,74482.74,74590.53,74430.53,74553.04,0
2025-03-10 13:15:00,1741592700,74552.76,74560.36,74339.86,74409.11,0
2025-03-10 14:15:00,1741596300,74413.54,74413.54,74031.93,74188.26,0
2025-03-10 15:15:00,1741599900,74187.82,74193.93,74022.24,74046.99,0
2025-03-11 09:15:00,1741664700,73743.88,73924.57,73663.6,73924.57,0
2025-03-11 10:15:00,1741668300,73923.4,74095.46,73823.28,73990.8,0
2025-03-11 11:15:00,1741671900,73992.5,73998.81,73887.18,73926.05,0
2025-03-11 12:15:00,1741675500,73928.35,74044.43,73903.28,73997.97,0
2025-03-11 13:15:00,1741679100,73997.38,74173.01,73982.44,74140.88,0
2025-03-11 14:15:00,1741682700,74138.94,74178.4,74026.8,74118.17,0
2025-03-11 15:15:00,1741686300,74121.26,74195.17,74095.26,74160.96,0
2025-03-12 09:15:00,1741751100,74270.81,74392.15,73883.69,73885.72,0
2025-03-12 10:15:00,1741754700,73885.36,74012.63,73814.25,73883.36,0
2025-03-12 11:15:00,1741758300,73882.41,73890.25,73598.16,73707.56,0
2025-03-12 12:15:00,1741761900,73705.25,73829.16,73618.65,73823.37,0
2025-03-12 13:15:00,1741765500,73823.43,73952.95,73792.37,73944.92,0
2025-03-12 14:15:00,1741769100,73942.25,74128.77,73937.3,74048.29,0
2025-03-12 15:15:00,1741772700,74048.93,74075.94,73985.38,74049.65,0
2025-03-13 09:15:00,1741837500,74392.54,74401.11,74046.43,74291.17,0
2025-03-13 10:15:00,1741841100,74290.72,74349.41,74099.42,74254.35,0
2025-03-13 11:15:00,1741844700,74254.29,74254.68,73898.1,73997.25,0
2025-03-13 12:15:00,1741848300,73997.23,74063.58,73944.93,73962.19,0
2025-03-13 13:15:00,1741851900,73961.99,74032.63,73930.76,73952.95,0
2025-03-13 14:15:00,1741855500,73953.83,73958.29,73770.59,73854.2,0
2025-03-13 15:15:00,1741859100,73853.86,73883.96,73776.29,73776.29,0
2025-03-17 09:15:00,1742183100,73830.03,74376.35,73796.06,74229.06,0
2025-03-17 10:15:00,1742186700,74229.51,74229.51,74039.16,74115.38,0
2025-03-17 11:15:00,1742190300,74114.48,74251.8,74077.91,74194.83,0
2025-03-17 12:15:00,1742193900,74194.22,74194.24,73975.16,74052.08,0
2025-03-17 13:15:00,1742197500,74052.13,74233.96,74048.11,74218.03,0
2025-03-17 14:15:00,1742201100,74218.34,74237.35,74089.02,74158.52,0
2025-03-17 15:15:00,1742204700,74161.34,74200.34,74143,74185.28,0
2025-03-18 09:15:00,1742269500,74608.66,74997.09,74480.15,74972.4,0
2025-03-18 10:15:00,1742273100,74975.29,75071.38,74926.23,75028.02,0
2025-03-18 11:15:00,1742276700,75028.73,75094.3,74968.02,75061.31,0
2025-03-18 12:15:00,1742280300,75060.11,75062,74796.66,75002.29,0
2025-03-18 13:15:00,1742283900,75003.17,75134.68,75002.59,75061.01,0
2025-03-18 14:15:00,1742287500,75060.76,75331.51,75026.81,75316.59,0
2025-03-18 15:15:00,1742291100,75314.14,75385.76,75287.26,75352.62,0
2025-03-19 09:15:00,1742355900,75473.17,75473.69,75201.48,75368.38,0
2025-03-19 10:15:00,1742359500,75368.13,75514.13,75366.12,75475.73,0
2025-03-19 11:15:00,1742363100,75482.52,75486.12,75377.6,75416.57,0
2025-03-19 12:15:00,1742366700,75415.64,75568.38,75397.32,75462.03,0
2025-03-19 13:15:00,1742370300,75458.57,75529.24,75433.57,75460.67,0
2025-03-19 14:15:00,1742373900,75460.93,75557.82,75440.6,75455.22,0
2025-03-19 15:15:00,1742377500,75453.45,75484.43,75399.14,75452.24,0
2025-03-20 09:15:00,1742442300,75917.11,76013.82,75684.58,75728.65,0
2025-03-20 10:15:00,1742445900,75725.26,75957.61,75710.66,75949.16,0
2025-03-20 11:15:00,1742449500,75950.15,75965.09,75879.57,75964.45,0
2025-03-20 12:15:00,1742453100,75965.33,76190.4,75950.88,76184.55,0
2025-03-20 13:15:00,1742456700,76185.36,76416.38,76156.91,76348.74,0
2025-03-20 14:15:00,1742460300,76342.98,76456.25,76309.88,76359.72,0
2025-03-20 15:15:00,1742463900,76357.96,76370.45,76275.28,76296.18,0
2025-03-21 09:15:00,1742528700,76155,76616.38,76095.26,76547.38,0
2025-03-21 10:15:00,1742532300,76549.76,76893.83,76512.94,76831.54,0
2025-03-21 11:15:00,1742535900,76824.5,76963.3,76800.48,76919.92,0
2025-03-21 12:15:00,1742539500,76921.25,77041.94,76900.19,76955.53,0
2025-03-21 13:15:00,1742543100,76954.27,76991.55,76627.72,76798.45,0
2025-03-21 14:15:00,1742546700,76798.81,76950.05,76794.96,76911.66,0
2025-03-21 15:15:00,1742550300,76910.92,76994.91,76878.28,76954.68,0
2025-03-24 09:15:00,1742787900,77456.27,77585.67,77179.35,77556.45,0
2025-03-24 10:15:00,1742791500,77553.56,77874.28,77521.05,77805.43,0
2025-03-24 11:15:00,1742795100,77804.19,77897.11,77680.34,77858.92,0
2025-03-24 12:15:00,1742798700,77858.62,77943.77,77808.7,77935.98,0
2025-03-24 13:15:00,1742802300,77937.01,78045.68,77841.38,78036.35,0
2025-03-24 14:15:00,1742805900,78037.91,78107.23,77876.26,77960.61,0
2025-03-24 15:15:00,1742809500,77965.13,78057.71,77964.89,78034.2,0
2025-03-25 09:15:00,1742874300,78296.28,78741.69,78085.53,78429.79,0
2025-03-25 10:15:00,1742877900,78420.63,78589.28,78005.71,78147.2,0
2025-03-25 11:15:00,1742881500,78145.61,78235.43,77912.18,78087.52,0
2025-03-25 12:15:00,1742885100,78085.09,78114.41,77971.19,77990.46,0
2025-03-25 13:15:00,1742888700,77987.85,78196.31,77880.84,78192.93,0
2025-03-25 14:15:00,1742892300,78193.33,78216.13,77938.98,77968.05,0
2025-03-25 15:15:00,1742895900,77968.42,77997.45,77745.63,77777.63,0
2025-03-26 09:15:00,1742960700,78021.45,78167.87,77784.23,77985.51,0
2025-03-26 10:15:00,1742964300,77991.19,78105.68,77786.5,77874.8,0
2025-03-26 11:15:00,1742967900,77871.73,77938.06,77619.13,77695.04,0
2025-03-26 12:15:00,1742971500,77697.22,77822.16,77536.51,77577.04,0
2025-03-26 13:15:00,1742975100,77574.58,77577.21,77345.43,77503.74,0
2025-03-26 14:15:00,1742978700,77503.76,77537.39,77194.22,77366.46,0
2025-03-26 15:15:00,1742982300,77368.41,77380.24,77228.28,77258.06,0
2025-03-27 09:15:00,1743047100,77087.39,77747.46,77082.51,77680.73,0
2025-03-27 10:15:00,1743050700,77680.34,77745.97,77557.68,77690.9,0
2025-03-27 11:15:00,1743054300,77695.39,77724.37,77589.98,77642.46,0
2025-03-27 12:15:00,1743057900,77643.36,77666.21,77567.78,77625.67,0
2025-03-27 13:15:00,1743061500,77624.01,77709.27,77601.35,77659.84,0
2025-03-27 14:15:00,1743065100,77660.9,77709.52,77591.78,77614.57,0
2025-03-27 15:15:00,1743068700,77614.11,77696.16,77564.08,77581.59,0
2025-03-28 09:15:00,1743133500,77690.69,77750.45,77309.79,77358.66,0
2025-03-28 10:15:00,1743137100,77358.06,77766.7,77342.22,77554.69,0
2025-03-28 11:15:00,1743140700,77554.36,77624.29,77481.87,77591.04,0
2025-03-28 12:15:00,1743144300,77589.51,77600.16,77202.05,77291.96,0
2025-03-28 13:15:00,1743147900,77293.44,77428.03,77185.62,77359,0
2025-03-28 14:15:00,1743151500,77360.2,77707.49,77351.66,77511.1,0
2025-03-28 15:15:00,1743155100,77509.1,77523.4,77319.53,77344.47,0
2025-04-01 09:15:00,1743479100,76882.58,77487.05,76775.79,77057.72,0
2025-04-01 10:15:00,1743482700,77060.71,77147.94,76218.75,76288.05,0
2025-04-01 11:15:00,1743486300,76285.33,76378.32,76081.8,76169.31,0
2025-04-01 12:15:00,1743489900,76174.1,76312.65,76065.55,76127.73,0
2025-04-01 13:15:00,1743493500,76128.98,76130.8,75912.18,76026.31,0
2025-04-01 14:15:00,1743497100,76027.26,76080.29,75961.91,76062.47,0
2025-04-01 15:15:00,1743500700,76068.24,76126.53,76000.21,76107.66,0
2025-04-02 09:15:00,1743565500,76146.28,76498.82,76064.94,76371.58,0
2025-04-02 10:15:00,1743569100,76373.71,76567.02,76332.52,76508.34,0
2025-04-02 11:15:00,1743572700,76508.56,76520.59,76379.75,76469.89,0
2025-04-02 12:15:00,1743576300,76469.6,76525.94,76337.65,76471.88,0
2025-04-02 13:15:00,1743579900,76471.9,76534.74,76383.61,76439.58,0
2025-04-02 14:15:00,1743583500,76439.61,76680.35,76432.29,76635.3,0
2025-04-02 15:15:00,1743587100,76634.26,76664.21,76585.59,76622.48,0
2025-04-03 09:15:00,1743651900,75811.86,76423.82,75807.55,76418.51,0
2025-04-03 10:15:00,1743655500,76418.13,76493.74,76330.55,76401.47,0
2025-04-03 11:15:00,1743659100,76395.82,76437.52,76305.67,76370.41,0
2025-04-03 12:15:00,1743662700,76369.2,76385.58,76281.85,76313.65,0
2025-04-03 13:15:00,1743666300,76312.29,76376.01,76290.36,76293.93,0
2025-04-03 14:15:00,1743669900,76297.69,76343.71,76257.59,76319.2,0
2025-04-03 15:15:00,1743673500,76317.97,76340.03,76268.11,76272.54,0
2025-04-04 09:15:00,1743738300,76160.09,76258.12,75488.98,75496.56,0
2025-04-04 10:15:00,1743741900,75505.67,75743.52,75435.75,75691.2,0
2025-04-04 11:15:00,1743745500,75689.04,75724.89,75484.92,75538.4,0
2025-04-04 12:15:00,1743749100,75539.76,75621.06,75470.79,75481.97,0
2025-04-04 13:15:00,1743752700,75481.81,75578.19,75286.29,75397.09,0
2025-04-04 14:15:00,1743756300,75395.11,75430.84,75240.55,75407.79,0
2025-04-04 15:15:00,1743759900,75403.91,75420.57,75341.96,75405.27,0
2025-04-07 09:15:00,1743997500,71449.94,73149.12,71425.01,72313.81,0
2025-04-07 10:15:00,1744001100,72315,72825.31,72284.03,72484.78,0
2025-04-07 11:15:00,1744004700,72483.31,72759.8,72212.8,72219.7,0
2025-04-07 12:15:00,1744008300,72220.35,72385.75,71950.77,72138.93,0
2025-04-07 13:15:00,1744011900,72133.11,72679.53,71980.41,72562.99,0
2025-04-07 14:15:00,1744015500,72563.43,73284.24,72505.37,73180.05,0
2025-04-07 15:15:00,1744019100,73187.51,73403.99,73022.39,73325.05,0
2025-04-08 09:15:00,1744083900,74013.73,74421.65,73797.13,73830.46,0
2025-04-08 10:15:00,1744087500,73829.27,74138.3,73424.92,74002.74,0
2025-04-08 11:15:00,1744091100,73998.75,74382.64,73558.75,74382.64,0
2025-04-08 12:15:00,1744094700,74387.05,74806.59,74246.56,74777.25,0
2025-04-08 13:15:00,1744098300,74777.54,74859.39,74028.97,74496.65,0
2025-04-08 14:15:00,1744101900,74495.35,74690.64,74190.97,74206.99,0
2025-04-08 15:15:00,1744105500,74210.64,74294.9,74170.86,74273.58,0
2025-04-09 09:15:00,1744170300,74103.83,74103.83,73673.06,73792.31,0
2025-04-09 10:15:00,1744173900,73791.41,73962.58,73728.29,73763.95,0
2025-04-09 11:15:00,1744177500,73762.75,73922.34,73756.39,73901,0
2025-04-09 12:15:00,1744181100,73902.96,73957.04,73844.11,73925.27,0
2025-04-09 13:15:00,1744184700,73927.73,73928.97,73810.34,73844.74,0
2025-04-09 14:15:00,1744188300,73843.83,73880.09,73808.36,73861.27,0
2025-04-09 15:15:00,1744191900,73859.36,73915.12,73825.44,73898.12,0
2025-04-11 09:15:00,1744343100,74835.49,75319.35,74762.84,75180.26,0
2025-04-11 10:15:00,1744346700,75180.89,75227.09,74878.55,75185.64,0
2025-04-11 11:15:00,1744350300,75191.47,75413.38,75143.81,75408.34,0
2025-04-11 12:15:00,1744353900,75410.64,75467.33,75292.05,75395.31,0
2025-04-11 13:15:00,1744357500,75390.41,75399.83,74954.84,74989.06,0
2025-04-11 14:15:00,1744361100,74988.61,75196.56,74924.7,75143.64,0
2025-04-11 15:15:00,1744364700,75157.31,75233.89,75082.75,75227.74,0
2025-04-15 09:15:00,1744688700,76852.06,76907.63,76435.07,76756.21,0
2025-04-15 10:15:00,1744692300,76752.43,76781.17,76674.81,76692.12,0
2025-04-15 11:15:00,1744695900,76693.09,76808.02,76683.55,76797.33,0
2025-04-15 12:15:00,1744699500,76797.74,76857.05,76785.6,76817.47,0
2025-04-15 13:15:00,1744703100,76816.68,76822.83,76723.74,76750.54,0
2025-04-15 14:15:00,1744706700,76752.34,76770.49,76679.61,76713.82,0
2025-04-15 15:15:00,1744710300,76711.7,76837.52,76691.12,76781.88,0
2025-04-16 09:15:00,1744775100,76996.78,77000.63,76569.59,76801.61,0
2025-04-16 10:15:00,1744778700,76801.16,76805.5,76543.77,76672.38,0
2025-04-16 11:15:00,1744782300,76674.09,76773.19,76665.23,76761.17,0
2025-04-16 12:15:00,1744785900,76761.89,76818.43,76718.51,76790.1,0
2025-04-16 13:15:00,1744789500,76792.96,77028.6,76578.15,77025.39,0
2025-04-16 14:15:00,1744793100,77026.07,77059.28,76930.43,77015.5,0
2025-04-16 15:15:00,1744796700,77015.18,77110.23,76990.97,77022.45,0
2025-04-17 09:15:00,1744861500,76968.02,77099.1,76665.77,76862.24,0
2025-04-17 10:15:00,1744865100,76862.75,77132.84,76837.71,77094.94,0
2025-04-17 11:15:00,1744868700,77095.12,77784.86,77089.26,77774.29,0
2025-04-17 12:15:00,1744872300,77769.42,78323.58,77736.36,78323.58,0
2025-04-17 13:15:00,1744875900,78331.42,78616.04,78252.51,78511.56,0
2025-04-17 14:15:00,1744879500,78512,78616.77,78348.63,78535.84,0
2025-04-17 15:15:00,1744883100,78538.58,78595.66,78484.12,78497.04,0
2025-04-21 09:15:00,1745207100,78903.09,79260.64,78776.06,79161.36,0
2025-04-21 10:15:00,1745210700,79160.52,79377.03,79049.11,79369.89,0
2025-04-21 11:15:00,1745214300,79367.67,79490.38,79326.12,79483.77,0
2025-04-21 12:15:00,1745217900,79478.48,79635.05,79465.65,79578.9,0
2025-04-21 13:15:00,1745221500,79582.2,79589.77,79358.91,79470.49,0
2025-04-21 14:15:00,1745225100,79470.69,79509.84,79354.73,79371.79,0
2025-04-21 15:15:00,1745228700,79373.06,79441.07,79364.62,79366.01,0
2025-04-22 09:15:00,1745293500,79728.39,79728.39,79253.44,79672.16,0
2025-04-22 10:15:00,1745297100,79676.62,79824.3,79657.72,79772.98,0
2025-04-22 11:15:00,1745300700,79775.17,79786.25,79569.1,79676.55,0
2025-04-22 12:15:00,1745304300,79675.6,79677.72,79565.8,79624.37,0
2025-04-22 13:15:00,1745307900,79617.96,79679.75,79577.68,79603.16,0
2025-04-22 14:15:00,1745311500,79599.89,79638.65,79504.21,79578.91,0
2025-04-22 15:15:00,1745315100,79577.34,79620.56,79468.84,79468.84,0
2025-04-23 09:15:00,1745379900,80142.09,80254.55,79718.3,79718.9,0
2025-04-23 10:15:00,1745383500,79717.42,79884.03,79506.9,79708.13,0
2025-04-23 11:15:00,1745387100,79708.26,79906.31,79685.58,79805.95,0
2025-04-23 12:15:00,1745390700,79803.52,79931.73,79737.01,79841.55,0
2025-04-23 13:15:00,1745394300,79844.47,80051.93,79805.43,80048.21,0
2025-04-23 14:15:00,1745397900,80044.29,80163.57,79977.69,80156.02,0
2025-04-23 15:15:00,1745401500,80151.45,80151.45,79996.56,79996.56,0
2025-04-24 09:15:00,1745466300,80058.43,80173.92,79829.11,80017.6,0
2025-04-24 10:15:00,1745469900,80016.4,80050.37,79888.83,79945.57,0
2025-04-24 11:15:00,1745473500,79944.17,79953.27,79835.51,79840.29,0
2025-04-24 12:15:00,1745477100,79845.33,79887.86,79793.21,79858.68,0
2025-04-24 13:15:00,1745480700,79858.72,79875.12,79793.77,79830.81,0
2025-04-24 14:15:00,1745484300,79832.95,79876.03,79724.55,79811.99,0
2025-04-24 15:15:00,1745487900,79807.38,79834.9,79773.23,79801.99,0
2025-04-25 09:15:00,1745552700,79830.15,80130.66,78905.49,79168.74,0
2025-04-25 10:15:00,1745556300,79166.14,79190.86,78793.41,78886.36,0
2025-04-25 11:15:00,1745559900,78886.65,78910.75,78605.81,78870.89,0
2025-04-25 12:15:00,1745563500,78868.51,79265.07,78822,79204.94,0
2025-04-25 13:15:00,1745567100,79205.89,79570.6,79168.11,79310.89,0
2025-04-25 14:15:00,1745570700,79313.95,79513.54,79210.19,79265.62,0
2025-04-25 15:15:00,1745574300,79265.53,79266,79067.18,79093.17,0
2025-04-28 09:15:00,1745811900,79343.63,80062.25,79341.35,80051.16,0
2025-04-28 10:15:00,1745815500,80054.25,80088.89,79885.85,79917.7,0
2025-04-28 11:15:00,1745819100,79920.97,80116.98,79856.06,80103.95,0
2025-04-28 12:15:00,1745822700,80103.06,80310.62,80099.41,80273.76,0
2025-04-28 13:15:00,1745826300,80272.9,80321.88,80210.43,80300.07,0
2025-04-28 14:15:00,1745829900,80304.23,80313.16,80022.54,80215.3,0
2025-04-28 15:15:00,1745833500,80212.05,80265.87,80144.3,80150.41,0
2025-04-29 09:15:00,1745898300,80396.92,80661.31,80122.02,80309.83,0
2025-04-29 10:15:00,1745901900,80308.14,80399.57,80192.63,80349.39,0
2025-04-29 11:15:00,1745905500,80349.36,80368.42,80201.45,80242.33,0
2025-04-29 12:15:00,1745909100,80243.78,80432.6,80204.48,80393.08,0
2025-04-29 13:15:00,1745912700,80392.52,80448.32,80335.53,80410.14,0
2025-04-29 14:15:00,1745916300,80412.9,80416.64,80287.07,80301.36,0
2025-04-29 15:15:00,1745919900,80295.98,80323.63,80215.54,80241.71,0
2025-04-30 09:15:00,1745984700,80370.8,80478.73,80055.87,80354.1,0
2025-04-30 10:15:00,1745988300,80353.19,80374.61,80127.05,80254.6,0
2025-04-30 11:15:00,1745991900,80254.69,80391.2,80211.98,80322.03,0
2025-04-30 12:15:00,1745995500,80324.52,80400.96,80284.59,80312.35,0
2025-04-30 13:15:00,1745999100,80313.86,80384.4,80287,80354.85,0
2025-04-30 14:15:00,1746002700,80354.51,80525.61,80304.74,80351.47,0
2025-04-30 15:15:00,1746006300,80357,80370.8,79879.15,80016.19,0
2025-05-02 09:15:00,1746157500,80300.19,81177.93,80235.36,81157.71,0
2025-05-02 10:15:00,1746161100,81163.64,81173.84,80631.33,80685.25,0
2025-05-02 11:15:00,1746164700,80687.9,80767.04,80380.42,80405.84,0
2025-05-02 12:15:00,1746168300,80405.98,80409.98,80168.59,80353.68,0
2025-05-02 13:15:00,1746171900,80356.75,80701.09,80356.75,80574.54,0
2025-05-02 14:15:00,1746175500,80572.98,80658.31,80331.72,80582.25,0
2025-05-02 15:15:00,1746179100,80579.11,80579.12,80373.08,80379.79,0
2025-05-05 09:15:00,1746416700,80661.62,81009.64,80657.71,80886.6,0
2025-05-05 10:15:00,1746420300,80886.65,81049.03,80818.91,80896.37,0
2025-05-05 11:15:00,1746423900,80896.92,80921.3,80665.27,80744.17,0
2025-05-05 12:15:00,1746427500,80744.14,80849.04,80690.09,80749.25,0
2025-05-05 13:15:00,1746431100,80748.09,80891.05,80719.12,80839.68,0
2025-05-05 14:15:00,1746434700,80837.79,80912.76,80757.16,80772.59,0
2025-05-05 15:15:00,1746438300,80771.6,80860.36,80762,80816.8,0
2025-05-06 09:15:00,1746503100,80907.24,80981.58,80549.66,80565.98,0
2025-05-06 10:15:00,1746506700,80563.87,80619.23,80518.57,80580.25,0
2025-05-06 11:15:00,1746510300,80580.97,80637.84,80510.15,80592.42,0
2025-05-06 12:15:00,1746513900,80594.06,80626,80547.83,80577.17,0
2025-05-06 13:15:00,1746517500,80577.3,80685.06,80565.47,80631.06,0
2025-05-06 14:15:00,1746521100,80631.17,80715.95,80576.36,80666.14,0
2025-05-06 15:15:00,1746524700,80665.6,80688.67,80481.03,80487.55,0
2025-05-07 09:15:00,1746589500,79948.8,80844.63,79937.48,80410.34,0
2025-05-07 10:15:00,1746593100,80410.01,80610.14,80357.81,80589.96,0
2025-05-07 11:15:00,1746596700,80588.79,80785.49,80529.75,80599.9,0
2025-05-07 12:15:00,1746600300,80598.74,80665.08,80531.47,80553.36,0
2025-05-07 13:15:00,1746603900,80554.36,80759.76,80504.33,80710.89,0
2025-05-07 14:15:00,1746607500,80711.77,80775.61,80598.74,80725.25,0
2025-05-07 15:15:00,1746611100,80726.76,80788.74,80710.65,80749.68,0
2025-05-08 09:15:00,1746675900,80912.34,80927.99,80657.3,80724.95,0
2025-05-08 10:15:00,1746679500,80725.04,80811.58,80685.2,80777.01,0
2025-05-08 11:15:00,1746683100,80776.92,80828.79,80769.04,80802.84,0
2025-05-08 12:15:00,1746686700,80802.03,80824.93,80737.71,80748.87,0
2025-05-08 13:15:00,1746690300,80749.16,80749.16,80541.91,80544.79,0
2025-05-08 14:15:00,1746693900,80545.37,80680.84,80292.38,80511.74,0
2025-05-08 15:15:00,1746697500,80513.7,80523.28,79987.61,80003.84,0
2025-05-09 09:15:00,1746762300,78968.34,80032.93,78968.34,79658.57,0
2025-05-09 10:15:00,1746765900,79660.92,79772.34,79409.32,79533.57,0
2025-05-09 11:15:00,1746769500,79533.43,79867.81,79495.18,79597.1,0
2025-05-09 12:15:00,1746773100,79596.4,79613.9,79432.58,79476.96,0
2025-05-09 13:15:00,1746776700,79472.29,79517.84,79334.44,79432.19,0
2025-05-09 14:15:00,1746780300,79433.75,79523.2,79299.82,79419.46,0
2025-05-09 15:15:00,1746783900,79417.99,79574.15,79394.36,79559.37,0
2025-05-12 09:15:00,1747021500,80803.8,81830.65,80651.07,81648.08,0
2025-05-12 10:15:00,1747025100,81654.21,81763.71,81580.34,81694.26,0
2025-05-12 11:15:00,1747028700,81690.57,81823.56,81663.45,81739.41,0
2025-05-12 12:15:00,1747032300,81740.07,82022.13,81642.82,81973.72,0
2025-05-12 13:15:00,1747035900,81973.57,82216.68,81962.34,82216.68,0
2025-05-12 14:15:00,1747039500,82216.71,82419.17,82173.73,82348.86,0
2025-05-12 15:15:00,1747043100,82349.63,82495.97,82330.12,82404.81,0
2025-05-13 09:15:00,1747107900,82249.6,82572.81,81468.82,81803.88,0
2025-05-13 10:15:00,1747111500,81802.79,82101.5,81336.04,81692.31,0
2025-05-13 11:15:00,1747115100,81692.81,81987.2,81521.97,81719.43,0
2025-05-13 12:15:00,1747118700,81717.97,81753.45,81170.99,81268.84,0
2025-05-13 13:15:00,1747122300,81268.81,81300.38,81138.78,81172.44,0
2025-05-13 14:15:00,1747125900,81172.92,81324.57,81086.26,81096.47,0
2025-05-13 15:15:00,1747129500,81093.48,81196.77,81043.69,81193.04,0
2025-05-14 09:15:00,1747194300,81278.49,81664.2,81184.89,81639.91,0
2025-05-14 10:15:00,1747197900,81641.61,81691.87,81418.46,81465.56,0
2025-05-14 11:15:00,1747201500,81463.96,81526.93,81248.24,81379.94,0
2025-05-14 12:15:00,1747205100,81378.72,81378.72,80910.03,81226.38,0
2025-05-14 13:15:00,1747208700,81225.35,81298.93,81080.56,81155.05,0
2025-05-14 14:15:00,1747212300,81155.7,81374.06,81033.9,81337.54,0
2025-05-14 15:15:00,1747215900,81337.77,81440.57,81279.65,81414.41,0
2025-05-15 09:15:00,1747280700,81354.43,81439.04,80762.16,80943.6,0
2025-05-15 10:15:00,1747284300,80940.32,81705.54,80859.71,81112.87,0
2025-05-15 11:15:00,1747287900,81107.92,81370.01,81059.69,81226.24,0
2025-05-15 12:15:00,1747291500,81225.64,81983.25,81131.83,81977.51,0
2025-05-15 13:15:00,1747295100,81977.11,82709.21,81874.22,82689.65,0
2025-05-15 14:15:00,1747298700,82691.91,82718.14,82486.53,82525.42,0
2025-05-15 15:15:00,1747302300,82522.04,82549.35,82436.52,82463.15,0
2025-05-16 09:15:00,1747367100,82392.63,82514.81,82201.49,82293.74,0
2025-05-16 10:15:00,1747370700,82294.93,82415.21,82148.22,82199.88,0
2025-05-16 11:15:00,1747374300,82200.83,82286.36,82146.95,82208.97,0
2025-05-16 12:15:00,1747377900,82206.66,82331.4,82189.95,82298.04,0
2025-05-16 13:15:00,1747381500,82295.55,82390,82267.45,82337.48,0
2025-05-16 14:15:00,1747385100,82339.64,82399.43,82270.57,82353.63,0
2025-05-16 15:15:00,1747388700,82353.96,82359.5,82263.65,82299.5,0
2025-05-19 09:15:00,1747626300,82354.92,82380.08,82116,82344.41,0
2025-05-19 10:15:00,1747629900,82346.78,82424.1,82217.1,82312.52,0
2025-05-19 11:15:00,1747633500,82314.05,82379.52,82150.33,82215,0
2025-05-19 12:15:00,1747637100,82196.74,82298.89,82157.61,82174.68,0
2025-05-19 13:15:00,1747640700,82172.13,82242.39,81964.57,82018.63,0
2025-05-19 14:15:00,1747644300,82019.37,82100.72,81970.84,82070.69,0
2025-05-19 15:15:00,1747647900,82070.77,82095.71,82019.43,82041.61,0
2025-05-20 09:15:00,1747712700,82116.17,82250.42,81804.36,81879.4,0
2025-05-20 10:15:00,1747716300,81878.39,82089.41,81819.15,81921.86,0
2025-05-20 11:15:00,1747719900,81921.68,81921.68,81701.41,81725.17,0
2025-05-20 12:15:00,1747723500,81725.94,81804.83,81456.14,81491.89,0
2025-05-20 13:15:00,1747727100,81492.61,81499.74,81314.19,81380.64,0
2025-05-20 14:15:00,1747730700,81381.9,81403.6,81153.7,81241.9,0
2025-05-20 15:15:00,1747734300,81247.21,81302.35,81171.97,81272.85,0
2025-05-21 09:15:00,1747799100,81327.61,81786.25,81255.73,81767.73,0
2025-05-21 10:15:00,1747802700,81769.93,82021.64,81769.38,81878.35,0
2025-05-21 11:15:00,1747806300,81870.87,81913.35,81350.53,81361.76,0
2025-05-21 12:15:00,1747809900,81361.05,81604.55,81237.06,81573.17,0
2025-05-21 13:15:00,1747813500,81574.04,81685.9,81392.66,81540.61,0
2025-05-21 14:15:00,1747817100,81542.48,81660.26,81510.45,81593.55,0
2025-05-21 15:15:00,1747820700,81593.75,81620.4,81532.82,81556.56,0
2025-05-22 09:15:00,1747885500,81323.05,81323.24,80727.11,80929.01,0
2025-05-22 10:15:00,1747889100,80928.94,80987.27,80818.8,80886.93,0
2025-05-22 11:15:00,1747892700,80887.16,80903.47,80710.22,80767.07,0
2025-05-22 12:15:00,1747896300,80766.1,80784.47,80591.68,80679.41,0
2025-05-22 13:15:00,1747899900,80681.13,80747.56,80629.37,80683.17,0
2025-05-22 14:15:00,1747903500,80683.67,81031.75,80489.92,80927.43,0
2025-05-22 15:15:00,1747907100,80927.19,81047.48,80890.97,81009.61,0
2025-05-23 09:15:00,1747971900,80897,81625.65,80897,81592.82,0
2025-05-23 10:15:00,1747975500,81591.46,81905.17,81375.52,81843.95,0
2025-05-23 11:15:00,1747979100,81843.55,81895.74,81574.38,81636.66,0
2025-05-23 12:15:00,1747982700,81636.9,81860,81628.51,81775.15,0
2025-05-23 13:15:00,1747986300,81774.23,81852.8,81659.48,81756.54,0
2025-05-23 14:15:00,1747989900,81758.88,81805.23,81609.59,81726.19,0
2025-05-23 15:15:00,1747993500,81728.51,81753.98,81686.45,81695.9,0
2025-05-26 09:15:00,1748231100,81928.95,82492.24,81867.23,82374.56,0
2025-05-26 10:15:00,1748234700,82375.33,82396.52,81941.99,82139.35,0
2025-05-26 11:15:00,1748238300,82139.08,82308.95,82078.34,82172.92,0
2025-05-26 12:15:00,1748241900,82175.13,82247.33,82015.44,82116.42,0
2025-05-26 13:15:00,1748245500,82115.45,82215.95,82051.86,82197.91,0
2025-05-26 14:15:00,1748249100,82200.31,82233.08,82056.5,82209.4,0
2025-05-26 15:15:00,1748252700,82209.14,82209.14,82139.94,82184.54,0
2025-05-27 09:15:00,1748317500,82038.2,82091.54,81261.96,81409.08,0
2025-05-27 10:15:00,1748321100,81407.54,82068.89,81311.74,81758.5,0
2025-05-27 11:15:00,1748324700,81764.78,82410.52,81764.78,82023.66,0
2025-05-27 12:15:00,1748328300,82024.19,82026.95,81426.8,81506.16,0
2025-05-27 13:15:00,1748331900,81513.75,81711.67,81255.73,81311.17,0
2025-05-27 14:15:00,1748335500,81311.31,81614.92,81121.7,81579.65,0
2025-05-27 15:15:00,1748339100,81580.1,81600.93,81497.31,81583.72,0
2025-05-28 09:15:00,1748403900,81457.61,81613.36,81259.1,81312.41,0
2025-05-28 10:15:00,1748407500,81313.3,81460.31,81244.02,81346.89,0
2025-05-28 11:15:00,1748411100,81347.29,81413.71,81295.49,81343.47,0
2025-05-28 12:15:00,1748414700,81343.24,81545.74,81339.98,81445.33,0
2025-05-28 13:15:00,1748418300,81445.71,81474.64,81361.95,81444.74,0
2025-05-28 14:15:00,1748421900,81446.29,81475.17,81305.81,81317.55,0
2025-05-28 15:15:00,1748425500,81315.81,81350.22,81285.7,81347.89,0
2025-05-29 09:15:00,1748490300,81591.03,81816.89,81436.89,81489.07,0
2025-05-29 10:15:00,1748493900,81485.62,81501.81,81236.49,81267.87,0
2025-05-29 11:15:00,1748497500,81262.53,81315.01,81212.79,81268.98,0
2025-05-29 12:15:00,1748501100,81265.77,81356.3,81106.98,81305.07,0
2025-05-29 13:15:00,1748504700,81305.8,81368.98,81221.25,81243.32,0
2025-05-29 14:15:00,1748508300,81240.7,81677.09,81225.4,81663.3,0
2025-05-29 15:15:00,1748511900,81663.75,81800.51,81636.7,81795.35,0
2025-05-30 09:15:00,1748576700,81465.69,81698.21,81414.02,81523.14,0
2025-05-30 10:15:00,1748580300,81524.18,81524.18,81286.45,81384.31,0
2025-05-30 11:15:00,1748583900,81383.84,81488.12,81306.78,81342.18,0
2025-05-30 12:15:00,1748587500,81342.13,81446.38,81299.12,81416.89,0
2025-05-30 13:15:00,1748591100,81417.55,81567.83,81386.17,81412.8,0
2025-05-30 14:15:00,1748594700,81412.62,81524.06,81357.98,81442.39,0
2025-05-30 15:15:00,1748598300,81440.24,81479.36,81374.97,81405.85,0
2025-06-02 09:15:00,1748835900,81214.42,81285.85,80654.26,80840.89,0
2025-06-02 10:15:00,1748839500,80837.99,81055.94,80755.36,81001.79,0
2025-06-02 11:15:00,1748843100,81003.73,81169.77,80970.09,81154.11,0
2025-06-02 12:15:00,1748846700,81155.75,81403.88,81155.63,81267.16,0
2025-06-02 13:15:00,1748850300,81268.34,81387.34,81197.35,81253.43,0
2025-06-02 14:15:00,1748853900,81256.8,81474.26,81100.6,81386.43,0
2025-06-02 15:15:00,1748857500,81384.41,81384.41,81184.68,81272.11,0
2025-06-03 09:15:00,1748922300,81492.5,81774.23,80948.2,81174.23,0
2025-06-03 10:15:00,1748925900,81173.98,81563.15,80893.8,80913.75,0
2025-06-03 11:15:00,1748929500,80910.64,81172.84,80843.92,80979.06,0
2025-06-03 12:15:00,1748933100,80979.75,81109.16,80575.09,80748.54,0
2025-06-03 13:15:00,1748936700,80755.02,80879.21,80641.58,80872.76,0
2025-06-03 14:15:00,1748940300,80873.24,80961.54,80673.68,80710.32,0
2025-06-03 15:15:00,1748943900,80707.53,80786.56,80661.51,80703.29,0
2025-06-04 09:15:00,1749008700,80777.65,80967.68,80705.18,80850.34,0
2025-06-04 10:15:00,1749012300,80849.14,80953.09,80826.51,80876.5,0
2025-06-04 11:15:00,1749015900,80878.03,80967.59,80845.12,80960.39,0
2025-06-04 12:15:00,1749019500,80960.75,81022.98,80890.65,80951.6,0
2025-06-04 13:15:00,1749023100,80953.05,81045.05,80922.21,80994.48,0
2025-06-04 14:15:00,1749026700,80991.57,81087.29,80972.37,81000.2,0
2025-06-04 15:15:00,1749030300,81000.39,81011.44,80944.55,80967.31,0
2025-06-05 09:15:00,1749095100,81196.08,81461.99,80983.73,81353.9,0
2025-06-05 10:15:00,1749098700,81356.74,81378.82,81230.38,81282.52,0
2025-06-05 11:15:00,1749102300,81284.2,81831.35,81281.27,81809.98,0
2025-06-05 12:15:00,1749105900,81820,81911.13,81483.97,81498.64,0
2025-06-05 13:15:00,1749109500,81498.71,81531.49,81246.7,81315.17,0
2025-06-05 14:15:00,1749113100,81314.25,81514.6,81260.28,81415.14,0
2025-06-05 15:15:00,1749116700,81416.16,81510.62,81407.86,81442.19,0
2025-06-06 09:15:00,1749181500,81434.24,81607.34,81140.11,81379.94,0
2025-06-06 10:15:00,1749185100,81384.98,82170.82,81348.64,82158.63,0
2025-06-06 11:15:00,1749188700,82155.84,82299.89,82078.08,82169.27,0
2025-06-06 12:15:00,1749192300,82169.93,82224.32,82087.62,82096.69,0
2025-06-06 13:15:00,1749195900,82097.08,82193.91,82066.05,82165.9,0
2025-06-06 14:15:00,1749199500,82161.33,82262.61,82118.83,82179.99,0
2025-06-06 15:15:00,1749203100,82179.67,82227.42,82152.66,82176.23,0
2025-06-09 09:15:00,1749440700,82574.55,82669,82434.77,82566.66,0
2025-06-09 10:15:00,1749444300,82565.68,82614.47,82529.1,82545.22,0
2025-06-09 11:15:00,1749447900,82541.1,82565.98,82471.11,82515.65,0
2025-06-09 12:15:00,1749451500,82519.62,82566.54,82459.02,82486.19,0
2025-06-09 13:15:00,1749455100,82481.83,82543.3,82407.97,82416.33,0
2025-06-09 14:15:00,1749458700,82412.09,82460.52,82369.24,82451.16,0
2025-06-09 15:15:00,1749462300,82448.6,82481.33,82413.85,82463.36,0
2025-06-10 09:15:00,1749527100,82643.73,82680.79,82240.4,82543.87,0
2025-06-10 10:15:00,1749530700,82542.89,82576.34,82362.78,82467.17,0
2025-06-10 11:15:00,1749534300,82468.04,82530.25,82428.97,82474.38,0
2025-06-10 12:15:00,1749537900,82474.03,82534.67,82439.31,82450.55,0
2025-06-10 13:15:00,1749541500,82451.11,82518.08,82404.41,82470.04,0
2025-06-10 14:15:00,1749545100,82470.91,82497.54,82315.25,82392.55,0
2025-06-10 15:15:00,1749548700,82384.39,82422.04,82325.12,82343.37,0
2025-06-11 09:15:00,1749613500,82473.02,82563.25,82308.91,82525.37,0
2025-06-11 10:15:00,1749617100,82525.31,82669.63,82463.02,82636.26,0
2025-06-11 11:15:00,1749620700,82636.88,82743.37,82629.48,82712.71,0
2025-06-11 12:15:00,1749624300,82710.01,82783.51,82632.88,82719.51,0
2025-06-11 13:15:00,1749627900,82720.11,82731.18,82417.69,82471.32,0
2025-06-11 14:15:00,1749631500,82471.77,82567.52,82467.23,82529.47,0
2025-06-11 15:15:00,1749635100,82532.87,82539.62,82450.56,82450.56,0
2025-06-12 09:15:00,1749699900,82571.67,82661.04,82254.56,82351.27,0
2025-06-12 10:15:00,1749703500,82347.55,82398.88,82170.97,82197.32,0
2025-06-12 11:15:00,1749707100,82196.13,82325.12,82107.36,82183.3,0
2025-06-12 12:15:00,1749710700,82184.25,82295.19,82120.28,82190.97,0
2025-06-12 13:15:00,1749714300,82190.78,82202.12,81523.16,81573.98,0
2025-06-12 14:15:00,1749717900,81576.96,81827.48,81574.98,81722.19,0
2025-06-12 15:15:00,1749721500,81721.38,81721.38,81609.98,81646.79,0
2025-06-13 09:15:00,1749786300,80427.81,80914.02,80354.59,80858.71,0
2025-06-13 10:15:00,1749789900,80861.23,81037.1,80811.02,80929.3,0
2025-06-13 11:15:00,1749793500,80929.31,81070.07,80876.88,81035.26,0
2025-06-13 12:15:00,1749797100,81035.67,81149.67,81003.57,81038.74,0
2025-06-13 13:15:00,1749800700,81039.4,81238.68,81025.66,81113.51,0
2025-06-13 14:15:00,1749804300,81113.18,81147,80898.26,81135.33,0
2025-06-13 15:15:00,1749807900,81135.43,81192.13,81070.18,81162.47,0
2025-06-16 09:15:00,1750045500,81034.45,81409.06,81012.31,81263.02,0
2025-06-16 10:15:00,1750049100,81263.09,81781.89,81255.09,81697.66,0
2025-06-16 11:15:00,1750052700,81697.6,81763.05,81598.08,81718.07,0
2025-06-16 12:15:00,1750056300,81717.47,81832.66,81615.12,81770.51,0
2025-06-16 13:15:00,1750059900,81772.9,81865.82,81727.96,81855.94,0
2025-06-16 14:15:00,1750063500,81855.56,81859.28,81712.49,81815.18,0
2025-06-16 15:15:00,1750067100,81815.87,81839.31,81756.69,81774.26,0
2025-06-17 09:15:00,1750131900,81869.47,81890.15,81471.89,81507.77,0
2025-06-17 10:15:00,1750135500,81508.21,81673.2,81492.31,81569.33,0
2025-06-17 11:15:00,1750139100,81569.7,81655.98,81519.61,81524.24,0
2025-06-17 12:15:00,1750142700,81526.25,81583.64,81427.01,81505.06,0
2025-06-17 13:15:00,1750146300,81502.74,81595.62,81466.98,81563.77,0
2025-06-17 14:15:00,1750149900,81564.85,81653.26,81499.71,81607.05,0
2025-06-17 15:15:00,1750153500,81607.25,81663.48,81501.93,81534.81,0
2025-06-18 09:15:00,1750218300,81314.62,81858.97,81304.1,81736.86,0
2025-06-18 10:15:00,1750221900,81735.02,81773.48,81454.23,81473.97,0
2025-06-18 11:15:00,1750225500,81474.15,81486.8,81270.8,81426.32,0
2025-06-18 12:15:00,1750229100,81426.22,81433.47,81267.96,81387.93,0
2025-06-18 13:15:00,1750232700,81388.78,81429.5,81270.3,81317.32,0
2025-06-18 14:15:00,1750236300,81318.2,81483.67,81237.01,81441.89,0
2025-06-18 15:15:00,1750239900,81441.16,81486.77,81412.68,81429.58,0
2025-06-19 09:15:00,1750304700,81403.94,81583.94,81191.04,81500.32,0
2025-06-19 10:15:00,1750308300,81499.99,81535.17,81388.19,81439.22,0
2025-06-19 11:15:00,1750311900,81438.92,81459.55,81354.32,81410.33,0
2025-06-19 12:15:00,1750315500,81411.37,81463.85,81358.46,81424.43,0
2025-06-19 13:15:00,1750319100,81425.32,81557.8,81377.47,81529.28,0
2025-06-19 14:15:00,1750322700,81528.99,81557.32,81358.9,81368.19,0
2025-06-19 15:15:00,1750326300,81367.6,81429.5,81240.12,81240.12,0
2025-06-20 09:15:00,1750391100,81354.85,81777.19,81323.2,81775.57,0
2025-06-20 10:15:00,1750394700,81772.65,82186.37,81772.65,82072.33,0
2025-06-20 11:15:00,1750398300,82074.54,82171.22,82027.93,82138.85,0
2025-06-20 12:15:00,1750401900,82140.25,82204.42,81948.02,82181.28,0
2025-06-20 13:15:00,1750405500,82184.96,82297.36,82172.1,82210.02,0
2025-06-20 14:15:00,1750409100,82209.7,82481.54,82131.21,82417.29,0
2025-06-20 15:15:00,1750412700,82428.64,82494.49,82299.72,82323.37,0
2025-06-23 09:15:00,1750650300,81704.07,81984.44,81476.76,81598.48,0
2025-06-23 10:15:00,1750653900,81599.22,81817.7,81573.63,81777.51,0
2025-06-23 11:15:00,1750657500,81775.94,81895.69,81753.42,81788.92,0
2025-06-23 12:15:00,1750661100,81789.54,81864.65,81769.47,81834.61,0
2025-06-23 13:15:00,1750664700,81836.12,82169.67,81835.42,82035.67,0
2025-06-23 14:15:00,1750668300,82035.82,82050.7,81900.72,81914.15,0
2025-06-23 15:15:00,1750671900,81913.39,81941,81824.92,81860.73,0
2025-06-24 09:15:00,1750736700,82534.61,82835.39,82360.04,82773.17,0
2025-06-24 10:15:00,1750740300,82773.36,82894.83,82536.72,82859.49,0
2025-06-24 11:15:00,1750743900,82860.81,83015.99,82804.52,83010.41,0
2025-06-24 12:15:00,1750747500,83012.9,83018.16,82393.21,82566.91,0
2025-06-24 13:15:00,1750751100,82567.43,82602.32,81900.12,82038.22,0
2025-06-24 14:15:00,1750754700,82040.56,82174.65,81969.45,82060.39,0
2025-06-24 15:15:00,1750758300,82062.05,82201.47,82015.46,82160.94,0
2025-06-25 09:15:00,1750823100,82448.8,82614.01,82339.57,82510.65,0
2025-06-25 10:15:00,1750826700,82511.41,82656.78,82507.18,82596.39,0
2025-06-25 11:15:00,1750830300,82597.64,82675.91,82573.21,82591.36,0
2025-06-25 12:15:00,1750833900,82592.41,82741.08,82553.26,82721.58,0
2025-06-25 13:15:00,1750837500,82722.19,82815.91,82680.76,82755.49,0
2025-06-25 14:15:00,1750841100,82755.95,82808.91,82686.68,82762.63,0
2025-06-25 15:15:00,1750844700,82763.52,82765,82712,82734.7,0
2025-06-26 09:15:00,1750909500,82882.92,83380.98,82816.26,83215.61,0
2025-06-26 10:15:00,1750913100,83216.3,83246.88,82952.59,83061.32,0
2025-06-26 11:15:00,1750916700,83065.87,83339.98,83012.34,83294.89,0
2025-06-26 12:15:00,1750920300,83296.92,83356.04,83152.49,83255.45,0
2025-06-26 13:15:00,1750923900,83254.81,83689.91,83254.23,83673.21,0
2025-06-26 14:15:00,1750927500,83673.86,83805.19,83518.65,83718.64,0
2025-06-26 15:15:00,1750931100,83719.09,83812.09,83682.11,83708.93,0
2025-06-27 09:15:00,1750995900,83774.45,83985.09,83645.41,83821.6,0
2025-06-27 10:15:00,1750999500,83817.65,83945.43,83744.29,83927.09,0
2025-06-27 11:15:00,1751003100,83927.11,83951.52,83869.25,83914.56,0
2025-06-27 12:15:00,1751006700,83915.46,84047.67,83913.82,83966.79,0
2025-06-27 13:15:00,1751010300,83966.14,84028.34,83934.93,84001.81,0
2025-06-27 14:15:00,1751013900,84002.93,84089.35,83925.6,84026.78,0
2025-06-27 15:15:00,1751017500,84023.48,84082.35,83994.81,84032.02,0
2025-06-30 09:15:00,1751255100,84027.33,84099.53,83734.82,83861.8,0
2025-06-30 10:15:00,1751258700,83860.45,83904.46,83694.44,83732.28,0
2025-06-30 11:15:00,1751262300,83742.56,83894.95,83698.62,83890.83,0
2025-06-30 12:15:00,1751265900,83892.01,83919.4,83594.04,83607.45,0
2025-06-30 13:15:00,1751269500,83608.99,83636.07,83482.13,83538.33,0
2025-06-30 14:15:00,1751273100,83536.33,83651.28,83486.27,83634.81,0
2025-06-30 15:15:00,1751276700,83635.99,83642.62,83573.22,83597.98,0
2025-07-01 09:15:00,1751341500,83685.66,83874.29,83597.51,83671.9,4411581
2025-07-01 10:15:00,1751345100,83670.24,83754.64,83644.04,83670.09,1263187
2025-07-01 11:15:00,1751348700,83669.71,83705.14,83572.51,83636.07,1769422
2025-07-01 12:15:00,1751352300,83637.51,83724.31,83634.47,83654.45,1206759
2025-07-01 13:15:00,1751355900,83656.14,83735.63,83603.61,83732.84,1419900
2025-07-01 14:15:00,1751359500,83733.13,83754.92,83617.25,83674.21,7049883
2025-07-01 15:15:00,1751363100,83673.03,83764.41,83618.33,83640.88,2997686
2025-07-02 09:15:00,1751427900,83790.72,83935.01,83649.74,83695.06,2696344
2025-07-02 10:15:00,1751431500,83697.26,83697.45,83471.57,83504.13,975846
2025-07-02 11:15:00,1751435100,83502.64,83570.06,83472.42,83542.86,2008899
2025-07-02 12:15:00,1751438700,83543.26,83552.05,83420.77,83420.77,1941464
2025-07-02 13:15:00,1751442300,83420.59,83430.55,83186.3,83288.46,1146284
2025-07-02 14:15:00,1751445900,83288.16,83484.67,83150.77,83447.58,1321325
2025-07-02 15:15:00,1751449500,83445.56,83445.59,83365.48,83390.26,618509
2025-07-03 09:15:00,1751514300,83540.74,83778.41,83348.49,83713.47,3265341
2025-07-03 10:15:00,1751517900,83718.46,83803,83669,83758.56,1048907
2025-07-03 11:15:00,1751521500,83765.14,83836.99,83552.09,83589.6,1568530
2025-07-03 12:15:00,1751525100,83591.57,83680.53,83544.14,83603.03,1175374
2025-07-03 13:15:00,1751528700,83602.57,83850.09,83523.94,83550.11,945241
2025-07-03 14:15:00,1751532300,83550.27,83552.96,83186.74,83227.72,1325333
2025-07-03 15:15:00,1751535900,83227.91,83296.01,83194.85,83257.05,463054
2025-07-04 09:15:00,1751600700,83306.81,83441.95,83102.55,83254.76,2334758
2025-07-04 10:15:00,1751604300,83255.99,83320.49,83205.22,83298.63,1273169
2025-07-04 11:15:00,1751607900,83297.2,83318.99,83015.83,83069.09,1877224
2025-07-04 12:15:00,1751611500,83068.05,83147.37,83057.9,83137.8,752175
2025-07-04 13:15:00,1751615100,83137.02,83210.85,83102.37,83195.11,1045664
2025-07-04 14:15:00,1751618700,83195,83453.93,83155.6,83444.43,1366168
2025-07-04 15:15:00,1751622300,83444.65,83477.86,83399.24,83467.81,460495
2025-07-07 09:15:00,1751859900,83398.08,83516.82,83262.23,83330.08,1726109
2025-07-07 10:15:00,1751863500,83330.89,83480.93,83308.72,83420.5,717695
2025-07-07 11:15:00,1751867100,83420.81,83433.92,83316.24,83334.41,955605
2025-07-07 12:15:00,1751870700,83334.35,83414.96,83301.46,83388.27,1024604
2025-07-07 13:15:00,1751874300,83390.32,83466.73,83367.44,83418.31,567193
2025-07-07 14:15:00,1751877900,83417.92,83478.92,83314.44,83428.75,1032185
2025-07-07 15:15:00,1751881500,83428.44,83476.92,83407.19,83407.19,348773
2025-07-08 09:15:00,1751946300,83387.03,83561.8,83320.95,83426.49,2602199
2025-07-08 10:15:00,1751949900,83426.02,83481.43,83374.78,83406.78,949532
2025-07-08 11:15:00,1751953500,83406.93,83494.17,83388.61,83460.3,1041931
2025-07-08 12:15:00,1751957100,83460.19,83564.03,83435.5,83507.83,862914
2025-07-08 13:15:00,1751960700,83509.37,83541.56,83450.36,83503.31,866960
2025-07-08 14:15:00,1751964300,83505.88,83776.81,83435.23,83748.2,6326786
2025-07-08 15:15:00,1751967900,83748,83812.31,83660.24,83708.94,4068746
2025-07-09 09:15:00,1752032700,83625.89,83741.78,83519.41,83736.07,1441390
2025-07-09 10:15:00,1752036300,83731.55,83752.83,83666.7,83727.98,817512
2025-07-09 11:15:00,1752039900,83728.17,83769.84,83645.76,83750.23,2311133
2025-07-09 12:15:00,1752043500,83750.27,83781.36,83639.15,83714.4,1117296
2025-07-09 13:15:00,1752047100,83714.52,83764.63,83684.13,83737.9,1023179
2025-07-09 14:15:00,1752050700,83737.95,83741.17,83382.28,83560.7,1295691
2025-07-09 15:15:00,1752054300,83553.99,83569.74,83504.47,83516.96,462258
2025-07-10 09:15:00,1752119100,83658.2,83742.28,83330.28,83350.74,1566108
2025-07-10 10:15:00,1752122700,83354.83,83412.01,83227.75,83295.42,1086536
2025-07-10 11:15:00,1752126300,83295.33,83306.25,83151.65,83183.92,724494
2025-07-10 12:15:00,1752129900,83182.43,83349.88,83174.14,83250.83,1758065
2025-07-10 13:15:00,1752133500,83250.39,83388.05,83172.43,83295.1,1085586
2025-07-10 14:15:00,1752137100,83294.74,83350.57,83140.71,83182.01,1066068
2025-07-10 15:15:00,1752140700,83180.57,83236.37,83134.97,83152.18,456578
2025-07-11 09:15:00,1752205500,82820.76,83040.74,82791.83,82825.28,1790593
2025-07-11 10:15:00,1752209100,82827.43,82828.82,82487.42,82592.22,1880198
2025-07-11 11:15:00,1752212700,82591.91,82591.91,82451.5,82532.78,1617904
2025-07-11 12:15:00,1752216300,82532.53,82624.7,82464.51,82513.2,989893
2025-07-11 13:15:00,1752219900,82516.5,82612.34,82485.54,82558.69,3322457
2025-07-11 14:15:00,1752223500,82555.32,82576.93,82498.12,82502.22,723796
2025-07-11 15:15:00,1752227100,82505.56,82527.9,82442.25,82457.61,446927
2025-07-14 09:15:00,1752464700,82537.87,82537.87,82109.44,82361.4,3178459
2025-07-14 10:15:00,1752468300,82362.28,82383.04,82161.46,82179.65,1119935
2025-07-14 11:15:00,1752471900,82178.66,82194.76,82059.01,82138.86,1427375
2025-07-14 12:15:00,1752475500,82138.51,82173.59,82010.38,82069.54,1189574
2025-07-14 13:15:00,1752479100,82067.26,82167.6,82034.4,82116.45,555416
2025-07-14 14:15:00,1752482700,82117.05,82314.82,82091.96,82252.31,2365108
2025-07-14 15:15:00,1752486300,82252.08,82288.74,82227.88,82251.49,420936
2025-07-15 09:15:00,1752551100,82233.16,82462.38,82221.74,82392.13,2078209
2025-07-15 10:15:00,1752554700,82388.55,82743.62,82312.64,82684.54,1231225
2025-07-15 11:15:00,1752558300,82684.25,82704.19,82598.79,82635.49,1417627
2025-07-15 12:15:00,1752561900,82635.45,82675.74,82543.17,82608.92,1124796
2025-07-15 13:15:00,1752565500,82608.16,82621.26,82493.06,82550.39,1044157
2025-07-15 14:15:00,1752569100,82550.77,82602.19,82447.11,82589.73,2658518
2025-07-15 15:15:00,1752572700,82590.91,82666.93,82560.02,82616.43,1527018
2025-07-16 09:15:00,1752637500,82534.66,82634.96,82371.52,82424.32,1612862
2025-07-16 10:15:00,1752641100,82424.04,82461.25,82342.94,82411.31,1229066
2025-07-16 11:15:00,1752644700,82408.95,82613.9,82351.34,82547.54,1266986
2025-07-16 12:15:00,1752648300,82547.69,82704.98,82518.27,82652.99,1109060
2025-07-16 13:15:00,1752651900,82653.32,82765.87,82565.07,82740.28,924734
2025-07-16 14:15:00,1752655500,82740.98,82784.75,82635.81,82643.25,1457041
2025-07-16 15:15:00,1752659100,82641.44,82671.05,82588.96,82623.88,476472
2025-07-17 09:15:00,1752723900,82753.53,82757.09,82455.49,82455.49,4385907
2025-07-17 10:15:00,1752727500,82455.19,82560.5,82403.29,82519.49,1207796
2025-07-17 11:15:00,1752731100,82519.86,82589.71,82481.09,82527.82,1007333
2025-07-17 12:15:00,1752734700,82527.74,82572.57,82431.58,82441.36,996724
2025-07-17 13:15:00,1752738300,82439.84,82497.07,82367.77,82392,913538
2025-07-17 14:15:00,1752741900,82393.02,82414.68,82219.27,82281.67,890542
2025-07-17 15:15:00,1752745500,82281.18,82306.07,82245.24,82271.45,401863
2025-07-18 09:15:00,1752810300,82193.62,82334.75,81885.15,81925.59,2412810
2025-07-18 10:15:00,1752813900,81923.11,81923.11,81628.26,81728.46,1287114
2025-07-18 11:15:00,1752817500,81733.21,81796.49,81622.18,81649.21,1562651
2025-07-18 12:15:00,1752821100,81648.68,81804.27,81608.13,81707.54,993252
2025-07-18 13:15:00,1752824700,81704.76,81798.09,81654.32,81753.99,604625
2025-07-18 14:15:00,1752828300,81750.49,81873.13,81708.71,81753.22,1142044
2025-07-18 15:15:00,1752831900,81756.32,81797.18,81735.52,81740.09,650431
2025-07-21 09:15:00,1753069500,81918.53,82153.61,81518.66,82102.9,4500058
2025-07-21 10:15:00,1753073100,82100.24,82161.55,82030.96,82127.51,1604139
2025-07-21 11:15:00,1753076700,82125.64,82150.89,81927.17,82058.77,2006953
2025-07-21 12:15:00,1753080300,82059.33,82103,81961.72,82069.39,1094614
2025-07-21 13:15:00,1753083900,82069.04,82083.95,81882.12,81985.97,1068406
2025-07-21 14:15:00,1753087500,81986.27,82199.38,81921,82191.11,3725769
2025-07-21 15:15:00,1753091100,82193.6,82274.03,82181.9,82245.56,2282410
2025-07-22 09:15:00,1753155900,82527.43,82538.17,82245.64,82329.61,6701855
2025-07-22 10:15:00,1753159500,82329.62,82385.18,82151.1,82208.85,2886107
2025-07-22 11:15:00,1753163100,82207.61,82266.83,82110.63,82227.92,2505505
2025-07-22 12:15:00,1753166700,82227.62,82379.41,82213.99,82291.98,2650277
2025-07-22 13:15:00,1753170300,82290.05,82336.35,82207.81,82270.29,2655740
2025-07-22 14:15:00,1753173900,82269.75,82287.67,82137.34,82181,6057741
2025-07-22 15:15:00,1753177500,82182.71,82229.86,82160.9,82180.05,2222981
2025-07-23 09:15:00,1753242300,82451.87,82475.45,82279.73,82351.22,3773613
2025-07-23 10:15:00,1753245900,82350.6,82467.54,82311.71,82416.31,1335635
2025-07-23 11:15:00,1753249500,82417.36,82538.53,82363.62,82508.41,1366718
2025-07-23 12:15:00,1753253100,82507.82,82632.99,82503.95,82539.92,1020657
2025-07-23 13:15:00,1753256700,82534.51,82689.47,82492.71,82689.47,861712
2025-07-23 14:15:00,1753260300,82690.96,82786.43,82657.83,82771.5,1186591
2025-07-23 15:15:00,1753263900,82770.05,82776.6,82671.81,82680.58,618553
2025-07-24 09:15:00,1753328700,82779.95,82784.24,82456.37,82471.96,2984823
2025-07-24 10:15:00,1753332300,82473.38,82575.48,82458.87,82464.64,2335630
2025-07-24 11:15:00,1753335900,82460.6,82460.6,82047.22,82140.73,1813586
2025-07-24 12:15:00,1753339500,82143.01,82255.81,82078.99,82179.82,2040720
2025-07-24 13:15:00,1753343100,82180.12,82303.9,82122.91,82273.14,1114226
2025-07-24 14:15:00,1753346700,82271.36,82304.96,82168.05,82213.56,3234374
2025-07-24 15:15:00,1753350300,82213.71,82220.57,82129.77,82147.36,644908
2025-07-25 09:15:00,1753415100,82002.54,82004.04,81722.59,81772.7,3744774
2025-07-25 10:15:00,1753418700,81769.87,81769.87,81539.97,81613.9,1510350
2025-07-25 11:15:00,1753422300,81614.1,81764.81,81505.11,81543.66,1239910
2025-07-25 12:15:00,1753425900,81548.56,81641.33,81440.56,81558.79,1785072
2025-07-25 13:15:00,1753429500,81559.37,81608.3,81405.83,81482.34,613434
2025-07-25 14:15:00,1753433100,81483.27,81534.22,81397.69,81480.94,1246131
2025-07-25 15:15:00,1753436700,81483.42,81491.19,81421.88,81451.94,514377
2025-07-28 09:15:00,1753674300,81299.97,81478.05,81093.51,81422.01,2872321
2025-07-28 10:15:00,1753677900,81421.58,81557.41,81210.26,81317.44,1285442
2025-07-28 11:15:00,1753681500,81316.71,81378.95,81230.37,81245.53,949270
2025-07-28 12:15:00,1753685100,81244.15,81277.56,80970.31,80986.79,1174184
2025-07-28 13:15:00,1753688700,80987.47,81002.72,80776.44,80885.37,2117462
2025-07-28 14:15:00,1753692300,80886.17,81001.5,80869.41,80887.31,1872335
2025-07-28 15:15:00,1753695900,80885.25,80931.03,80856.1,80868.66,840005
2025-07-29 09:15:00,1753760700,80620.25,80990.72,80575.45,80809.92,3645438
2025-07-29 10:15:00,1753764300,80806.39,80833.31,80628.85,80760.27,2096149
2025-07-29 11:15:00,1753767900,80761.85,80931.11,80760.6,80884.2,1013583
2025-07-29 12:15:00,1753771500,80884.05,81036.29,80861.53,81026.97,1229738
2025-07-29 13:15:00,1753775100,81027.13,81279.59,81008.45,81258.62,1849858
2025-07-29 14:15:00,1753778700,81257.8,81350.61,81155.01,81296.22,2172788
2025-07-29 15:15:00,1753782300,81296.89,81429.88,81290.23,81303,2041568
2025-07-30 09:15:00,1753847100,81594.52,81618.96,81307.27,81405.87,2410038
2025-07-30 10:15:00,1753850700,81405.49,81451.18,81187.06,81414.82,1123251
2025-07-30 11:15:00,1753854300,81417.26,81605.09,81412.39,81451.39,933905
2025-07-30 12:15:00,1753857900,81451.5,81549.09,81419.15,81455.71,584004
2025-07-30 13:15:00,1753861500,81461.27,81558.93,81409.12,81511.43,544330
2025-07-30 14:15:00,1753865100,81511.16,81608.88,81470.23,81499.42,1110187
2025-07-30 15:15:00,1753868700,81499.64,81505.08,81439.41,81464.4,551534
2025-07-31 09:15:00,1753933500,80695.5,81050.83,80695.15,80877.71,3069538
2025-07-31 10:15:00,1753937100,80885.03,81200.56,80857.01,81105.31,1425556
2025-07-31 11:15:00,1753940700,81110.56,81345.69,81095.33,81337.09,1097362
2025-07-31 12:15:00,1753944300,81335.15,81698.8,81335.15,81625.13,1123836
2025-07-31 13:15:00,1753947900,81626.13,81803.27,81606.63,81686.3,1153905
2025-07-31 14:15:00,1753951500,81692.08,81696.42,81146.91,81165.47,1283462
2025-07-31 15:15:00,1753955100,81161.23,81200.27,81115.31,81198.28,636164
2025-08-01 09:15:00,1754019900,81074.41,81183.52,80892.69,81174.37,2851462
2025-08-01 10:15:00,1754023500,81174.25,81317.51,81037.24,81051.76,1345549
2025-08-01 11:15:00,1754027100,81052.16,81076.82,80841.28,80897.71,4798195
2025-08-01 12:15:00,1754030700,80895.5,81018.97,80774.54,80889.16,1494028
2025-08-01 13:15:00,1754034300,80890.64,81007.97,80767.67,80858.58,2487185
2025-08-01 14:15:00,1754037900,80857.78,80884.35,80495.57,80531.25,1407950
2025-08-01 15:15:00,1754041500,80532.29,80650.56,80528.07,80584.32,755365
2025-08-04 09:15:00,1754279100,80765.83,80902.93,80500.51,80724.53,1924246
2025-08-04 10:15:00,1754282700,80724.16,80872.13,80659.41,80863.55,636088
2025-08-04 11:15:00,1754286300,80863.85,80927.5,80776.48,80908.15,1200211
2025-08-04 12:15:00,1754289900,80910.12,81044.98,80870.23,80959.17,1864192
2025-08-04 13:15:00,1754293500,80965.29,81093.19,80810.25,81029.25,644006
2025-08-04 14:15:00,1754297100,81035.2,81066.69,80928.37,81021.48,3330644
2025-08-04 15:15:00,1754300700,81020.44,81067.09,81004.45,81042.94,431374
2025-08-05 09:15:00,1754365500,80946.43,81010.49,80558.94,80667.48,2002042
2025-08-05 10:15:00,1754369100,80662.19,80750.7,80587.88,80683.09,1366519
2025-08-05 11:15:00,1754372700,80681.68,80818.49,80643.2,80796.81,1141720
2025-08-05 12:15:00,1754376300,80796.41,80824.91,80651.94,80675.22,1489594
2025-08-05 13:15:00,1754379900,80672.49,80692.08,80554.4,80615.16,1408736
2025-08-05 14:15:00,1754383500,80618.61,80803.43,80565.24,80792.87,3635320
2025-08-05 15:15:00,1754387100,80793.31,80803.82,80714.41,80739.04,1083964
2025-08-06 09:15:00,1754451900,80694.98,80834.43,80544.95,80625.57,1435216
2025-08-06 10:15:00,1754455500,80626.45,80757.5,80448.82,80502.84,1053402
2025-08-06 11:15:00,1754459100,80508.34,80643.3,80472.13,80592.31,527919
2025-08-06 12:15:00,1754462700,80590.42,80721.51,80575.54,80672.92,994007
2025-08-06 13:15:00,1754466300,80672.17,80726.15,80569.11,80574.14,552949
2025-08-06 14:15:00,1754469900,80574.59,80635.84,80458.16,80556.41,597509
2025-08-06 15:15:00,1754473500,80556.49,80605.56,80517.7,80553.92,294386
2025-08-07 09:15:00,1754538300,80262.98,80421.84,80204.54,80236.41,28117082
2025-08-07 10:15:00,1754541900,80240.36,80258.51,79979.05,80056.69,2033245
2025-08-07 11:15:00,1754545500,80057.26,80162.14,80041.47,80138.86,1533133
2025-08-07 12:15:00,1754549100,80137.96,80182.34,80004.92,80022.03,2088099
2025-08-07 13:15:00,1754552700,80024.04,80107.23,79811.29,80075.54,1118921
2025-08-07 14:15:00,1754556300,80078.94,80633.99,80078.94,80603.45,1326396
2025-08-07 15:15:00,1754559900,80602.33,80737.55,80590.6,80708.17,540396
2025-08-08 09:15:00,1754624700,80478.01,80550.4,80102.99,80143.91,14163920
2025-08-08 10:15:00,1754628300,80139.4,80234.58,80011.31,80095.31,2421749
2025-08-08 11:15:00,1754631900,80096.52,80134.17,79989.5,80057.81,1842489
2025-08-08 12:15:00,1754635500,80057.9,80240.21,80022.15,80089.21,1284120
2025-08-08 13:15:00,1754639100,80087.94,80174.08,79970.6,80027.69,1143698
2025-08-08 14:15:00,1754642700,80026.5,80092.77,79775.84,79811.73,1748225
2025-08-08 15:15:00,1754646300,79814.52,79883.88,79792.56,79837.24,759786
2025-08-11 09:15:00,1754883900,79885.36,80059.46,79772.46,80015.93,1787241
2025-08-11 10:15:00,1754887500,80016.65,80192.17,80015.08,80109.33,1419478
2025-08-11 11:15:00,1754891100,80110.04,80223.82,79988.7,80108.58,1597869
2025-08-11 12:15:00,1754894700,80108.76,80294.4,80062.89,80209.85,1317296
2025-08-11 13:15:00,1754898300,80206.49,80415.99,80191.15,80403.89,856375
2025-08-11 14:15:00,1754901900,80413.04,80636.05,80377.04,80588.66,1324603
2025-08-11 15:15:00,1754905500,80586.14,80592.83,80461.54,80514.19,545412
2025-08-12 09:15:00,1754970300,80508.51,80997.67,80398.23,80856.38,2736881
2025-08-12 10:15:00,1754973900,80856.46,80918.92,80422.5,80462.37,1292744
2025-08-12 11:15:00,1754977500,80461.46,80608.93,80402.05,80488.94,1100341
2025-08-12 12:15:00,1754981100,80490.09,80765.58,80481.49,80623.61,2382005
2025-08-12 13:15:00,1754984700,80623.88,80632.25,80393.61,80425.67,837493
2025-08-12 14:15:00,1754988300,80424.13,80464.09,80164.36,80242.44,1615956
2025-08-12 15:15:00,1754991900,80245.99,80288.12,80211.84,80268.14,587139
2025-08-13 09:15:00,1755056700,80492.17,80563.38,80330.33,80445.08,1953565
2025-08-13 10:15:00,1755060300,80438.84,80506.7,80345.86,80436.91,2567022
2025-08-13 11:15:00,1755063900,80438.15,80478.59,80319,80421.68,2553090
2025-08-13 12:15:00,1755067500,80420.15,80601.21,80384.54,80545.09,1900801
2025-08-13 13:15:00,1755071100,80548.87,80680.96,80470.14,80677.23,1306443
2025-08-13 14:15:00,1755074700,80676.94,80683.74,80512.63,80528.56,2163463
2025-08-13 15:15:00,1755078300,80530.16,80590.01,80510.9,80579.98,865773
2025-08-14 09:15:00,1755143100,80625.28,80741.34,80489.86,80615.21,1501374
2025-08-14 10:15:00,1755146700,80614.58,80751.18,80600.5,80676.71,980527
2025-08-14 11:15:00,1755150300,80679.58,80709.59,80521.48,80613.56,1322678
2025-08-14 12:15:00,1755153900,80616.13,80717.82,80596.37,80676.02,1385888
2025-08-14 13:15:00,1755157500,80674.97,80719.44,80589.56,80625.04,708152
2025-08-14 14:15:00,1755161100,80624.18,80688.8,80505.23,80597.25,1050381
2025-08-14 15:15:00,1755164700,80595.27,80618.4,80533.61,80547.36,425664
2025-08-18 09:15:00,1755488700,81315.79,81765.77,81315.79,81627.12,13317309
2025-08-18 10:15:00,1755492300,81627.82,81671.98,81513.84,81544.32,1145121
2025-08-18 11:15:00,1755495900,81546.49,81602.53,81262.88,81264.06,1607151
2025-08-18 12:15:00,1755499500,81264.03,81531.46,81202.42,81507.47,807703
2025-08-18 13:15:00,1755503100,81508.85,81532.59,81344.21,81456.18,536380
2025-08-18 14:15:00,1755506700,81455.35,81491.32,81247.38,81252.58,1302188
2025-08-18 15:15:00,1755510300,81255.89,81335.21,81246.89,81298.52,766215
2025-08-19 09:15:00,1755575100,81319.11,81512.36,81315.44,81449.05,2028918
2025-08-19 10:15:00,1755578700,81451.52,81520.45,81386.09,81490.99,1603470
2025-08-19 11:15:00,1755582300,81491.59,81637.17,81474.88,81625.43,1386930
2025-08-19 12:15:00,1755585900,81626.27,81755.88,81620.84,81656.82,1548106
2025-08-19 13:15:00,1755589500,81657.64,81714.01,81451.36,81504.6,1038611
2025-08-19 14:15:00,1755593100,81504.95,81684.47,81468.22,81613.38,2812219
2025-08-19 15:15:00,1755596700,81613.24,81706.98,81607.84,81706.93,1404616
2025-08-20 09:15:00,1755661500,81671.47,81713.4,81494.5,81702.54,2630394
2025-08-20 10:15:00,1755665100,81701.42,81814.6,81676.08,81807.88,1383861
2025-08-20 11:15:00,1755668700,81812.42,81862.82,81743.87,81837.64,1742168
2025-08-20 12:15:00,1755672300,81841.27,81911.22,81822.34,81876.63,1521585
2025-08-20 13:15:00,1755675900,81877.3,81980.63,81807.31,81937.27,590328
2025-08-20 14:15:00,1755679500,81937.62,81985.62,81854.7,81865.23,1208547
2025-08-20 15:15:00,1755683100,81865.78,81871.74,81827.1,81838.41,583611
2025-08-21 09:15:00,1755747900,82220.46,82231.17,81921.22,82130.14,2755860
2025-08-21 10:15:00,1755751500,82128.33,82225.57,82113.18,82138.68,733058
2025-08-21 11:15:00,1755755100,82138.84,82174.66,82062.43,82094.63,946772
2025-08-21 12:15:00,1755758700,82094.53,82170.76,82046.4,82139.56,841491
2025-08-21 13:15:00,1755762300,82141.17,82160.16,82007.83,82136.31,2530943
2025-08-21 14:15:00,1755765900,82134.74,82228.12,81972.29,81974.16,1758624
2025-08-21 15:15:00,1755769500,81980.95,82012.18,81926.91,81981.29,737804
2025-08-22 09:15:00,1755834300,81951.48,81993.61,81551.86,81620.58,1492195
2025-08-22 10:15:00,1755837900,81620.74,81627.52,81401.02,81441.42,1060744
2025-08-22 11:15:00,1755841500,81441.95,81598.39,81393.18,81488.05,813201
2025-08-22 12:15:00,1755845100,81487.82,81513.69,81446.84,81473.51,1744598
2025-08-22 13:15:00,1755848700,81473.28,81587.51,81461.5,81481.54,461280
2025-08-22 14:15:00,1755852300,81479.96,81479.96,81294.36,81326.09,909033
2025-08-22 15:15:00,1755855900,81322.4,81331.58,81291.77,81329.54,445029
2025-08-25 09:15:00,1756093500,81501.06,81639.11,81387.2,81401.46,3018631
2025-08-25 10:15:00,1756097100,81400.67,81612.7,81364.86,81578.03,1895980
2025-08-25 11:15:00,1756100700,81577.66,81667.13,81543.82,81646.85,1210015
2025-08-25 12:15:00,1756104300,81648.55,81756.2,81636.28,81752.24,1141641
2025-08-25 13:15:00,1756107900,81750.81,81799.06,81688.1,81717.68,932888
2025-08-25 14:15:00,1756111500,81717.9,81785,81551.57,81607.71,1313743
2025-08-25 15:15:00,1756115100,81601.16,81685.08,81591.78,81667.03,555434
2025-08-26 09:15:00,1756179900,81377.39,81450.28,80947.26,81051.43,1603345
2025-08-26 10:15:00,1756183500,81054.93,81122.02,80940.67,81081.78,1494304
2025-08-26 11:15:00,1756187100,81083.2,81198.44,81052.98,81073.65,955334
2025-08-26 12:15:00,1756190700,81073.17,81136.49,80984.51,81094.3,3262173
2025-08-26 13:15:00,1756194300,81094.81,81141.14,80954.97,80985.74,2111838
2025-08-26 14:15:00,1756197900,80985.63,81066.86,80685.98,80760.07,8105042
2025-08-26 15:15:00,1756201500,80755.84,80831.02,80704.52,80820.08,2908303
2025-08-28 09:15:00,1756352700,80754.66,80775.71,80093.52,80318.89,1681583
2025-08-28 10:15:00,1756356300,80318.44,80644.52,80233.59,80565.34,778374
2025-08-28 11:15:00,1756359900,80566.64,80607.37,80401.69,80461.03,1116323
2025-08-28 12:15:00,1756363500,80464.29,80465.29,80190.6,80240.01,947496
2025-08-28 13:15:00,1756367100,80235.01,80328.18,80152.54,80286.8,818903
2025-08-28 14:15:00,1756370700,80285.64,80350.08,80013.02,80084.35,1817685
2025-08-28 15:15:00,1756374300,80078.95,80214.95,80037.22,80204.43,619983
2025-08-29 09:15:00,1756439100,80010.83,80277.68,79944.67,80010.2,1924888
2025-08-29 10:15:00,1756442700,80012.11,80288.44,79999.4,80254.55,1609925
2025-08-29 11:15:00,1756446300,80256.14,80310.74,80186.11,80239.83,963090
2025-08-29 12:15:00,1756449900,80239.63,80250.99,80060.65,80066.35,4483120
2025-08-29 13:15:00,1756453500,80067.94,80149.34,80013.25,80113.19,1402246
2025-08-29 14:15:00,1756457100,80113.88,80248.93,79741.76,79754.39,1451273
2025-08-29 15:15:00,1756460700,79748.8,79872.45,79746.38,79872.45,580839
2025-09-01 09:15:00,1756698300,79828.99,80233.22,79818.38,80108.89,1343610
2025-09-01 10:15:00,1756701900,80113.6,80189.25,80039.89,80171,1674553
2025-09-01 11:15:00,1756705500,80171.36,80183.51,80060.45,80147.47,794717
2025-09-01 12:15:00,1756709100,80146.94,80303.85,80135.31,80299.27,659583
2025-09-01 13:15:00,1756712700,80297.26,80364.58,80264.15,80362.78,495008
2025-09-01 14:15:00,1756716300,80363.18,80406.84,80292.22,80368.48,615487
2025-09-01 15:15:00,1756719900,80366.54,80388.11,80346.89,80376.71,357567
2025-09-02 09:15:00,1756784700,80520.09,80748.94,80414.97,80685.66,1963276
2025-09-02 10:15:00,1756788300,80686.92,80757.83,80629.85,80700.85,854368
2025-09-02 11:15:00,1756791900,80696.82,80710.61,80638.15,80662.43,811061
2025-09-02 12:15:00,1756795500,80661.19,80761.14,80612.27,80656.61,1422778
2025-09-02 13:15:00,1756799100,80657.27,80666.92,80052.54,80131.17,1154103
2025-09-02 14:15:00,1756802700,80129.5,80292.61,80008.5,80197.63,1513388
2025-09-02 15:15:00,1756806300,80189.65,80209,80127.36,80166.47,430289
2025-09-03 09:15:00,1756871100,80295.99,80317.62,80004.6,80231.98,1992125
2025-09-03 10:15:00,1756874700,80231.87,80236.64,80048.06,80135.66,3111665
2025-09-03 11:15:00,1756878300,80136.21,80291.46,80038.12,80276.7,3384989
2025-09-03 12:15:00,1756881900,80277.65,80344.98,80146.31,80190.12,4566088
2025-09-03 13:15:00,1756885500,80186.33,80430.76,80173.13,80384.36,1516991
2025-09-03 14:15:00,1756889100,80384.75,80671.28,80380.2,80627.54,1710827
2025-09-03 15:15:00,1756892700,80617.84,80628.83,80540.02,80546.89,740672
2025-09-04 09:15:00,1756957500,81456.67,81456.67,80973.7,80974.29,3927810
2025-09-04 10:15:00,1756961100,80969.98,81119.73,80879.31,80944.4,1175410
2025-09-04 11:15:00,1756964700,80944.39,81021.21,80850.25,80906.22,1438400
2025-09-04 12:15:00,1756968300,80906.98,81044.28,80790.36,80983.82,4801641
2025-09-04 13:15:00,1756971900,80985.15,81007.03,80795.21,80824.15,881756
2025-09-04 14:15:00,1756975500,80820.68,80852.36,80624.19,80675.63,3236115
2025-09-04 15:15:00,1756979100,80680.21,80782.85,80608.94,80744.26,1453867
2025-09-05 09:15:00,1757043900,81012.42,81036.56,80485.1,80496.48,1846647
2025-09-05 10:15:00,1757047500,80496.36,80667.18,80338.92,80528.4,1956710
2025-09-05 11:15:00,1757051100,80527.8,80584.39,80424.31,80424.31,1241511
2025-09-05 12:15:00,1757054700,80423.54,80478.61,80321.19,80468.36,855734
2025-09-05 13:15:00,1757058300,80469.06,80858.96,80459.53,80735.61,997889
2025-09-05 14:15:00,1757061900,80737.59,80799.5,80657.19,80710.28,714716
2025-09-05 15:15:00,1757065500,80704.69,80752.53,80685.72,80745.22,542200
2025-09-08 09:15:00,1757303100,80904.4,81048.67,80786.71,80863.31,3198409
2025-09-08 10:15:00,1757306700,80862.5,80918.27,80765.53,80893.4,1209478
2025-09-08 11:15:00,1757310300,80894.31,80997.4,80869.27,80982.39,787330
2025-09-08 12:15:00,1757313900,80979.23,81125.39,80932.31,81105.56,1015532
2025-09-08 13:15:00,1757317500,81105.86,81127.93,80977.14,81060.31,784444
2025-09-08 14:15:00,1757321100,81060.65,81171.38,80733.07,80796.31,1041972
2025-09-08 15:15:00,1757324700,80796.04,80865.56,80767.06,80841.43,619443
2025-09-09 09:15:00,1757389500,81129.69,81162.07,80970.87,80971.84,1584062
2025-09-09 10:15:00,1757393100,80972,81028.17,80928.26,81011.2,900426
2025-09-09 11:15:00,1757396700,81012.87,81045.71,80927.97,81023.13,880316
2025-09-09 12:15:00,1757400300,81020.26,81108.32,81004.3,81070.52,951957
2025-09-09 13:15:00,1757403900,81069.67,81152.28,81055.87,81152.21,662980
2025-09-09 14:15:00,1757407500,81151.19,81181.37,80985.99,81100.56,785455
2025-09-09 15:15:00,1757411100,81100.19,81144.46,81070.67,81107.04,494909
2025-09-10 09:15:00,1757475900,81504.36,81593.37,81360.01,81519.51,3139303
2025-09-10 10:15:00,1757479500,81519.36,81643.88,81485.48,81571.53,1889084
2025-09-10 11:15:00,1757483100,81576.49,81580.57,81411.21,81475.97,1915728
2025-09-10 12:15:00,1757486700,81475.87,81513.76,81384.5,81406.89,1281829
2025-09-10 13:15:00,1757490300,81406.57,81466.28,81325.63,81418.86,1268212
2025-09-10 14:15:00,1757493900,81418.6,81442.71,81235.42,81436.65,1481229
2025-09-10 15:15:00,1757497500,81437.2,81479.74,81421.16,81430.38,508296
2025-09-11 09:15:00,1757562300,81217.3,81583.88,81216.91,81385.73,2329297
2025-09-11 10:15:00,1757565900,81386.03,81497.27,81384.56,81470.42,1211376
2025-09-11 11:15:00,1757569500,81469.7,81489.82,81367.83,81485.68,1949075
2025-09-11 12:15:00,1757573100,81483.11,81594.38,81454.19,81566.15,1896174
2025-09-11 13:15:00,1757576700,81565.98,81642.22,81508.86,81568.77,994253
2025-09-11 14:15:00,1757580300,81568.65,81618.54,81469.72,81550.9,3762537
2025-09-11 15:15:00,1757583900,81551.45,81605.73,81494.98,81532.17,1348641
2025-09-12 09:15:00,1757648700,81758.95,81836.66,81641.38,81771.24,1835313
2025-09-12 10:15:00,1757652300,81771.88,81876.81,81735.85,81861.91,2388868
2025-09-12 11:15:00,1757655900,81862.86,81992.85,81846.18,81934.81,1867283
2025-09-12 12:15:00,1757659500,81935.03,81960.17,81882.87,81929.76,1343917
2025-09-12 13:15:00,1757663100,81930.15,81952.7,81869.16,81916.19,1268791
2025-09-12 14:15:00,1757666700,81918.87,81929,81865.19,81920.36,1637677
2025-09-12 15:15:00,1757670300,81918.23,81929.14,81882.8,81898.09,667328
2025-09-15 09:15:00,1757907900,81925.51,81998.51,81821.85,81862.29,1566040
2025-09-15 10:15:00,1757911500,81861.59,81904.81,81779.82,81814.97,3816483
2025-09-15 11:15:00,1757915100,81815.74,81958.46,81783.1,81910.17,882837
2025-09-15 12:15:00,1757918700,81909.2,81944.73,81857.25,81900.68,995102
2025-09-15 13:15:00,1757922300,81900.09,81933.99,81744.7,81805.17,1902723
2025-09-15 14:15:00,1757925900,81805.77,81932.41,81775.47,81782.26,952586
2025-09-15 15:15:00,1757929500,81784.72,81814.76,81757.57,81814.76,334666
2025-09-16 09:15:00,1757994300,81852.11,82168.32,81779.94,82111.6,1315418
2025-09-16 10:15:00,1757997900,82105.8,82160.42,82069.87,82111,1228256
2025-09-16 11:15:00,1758001500,82111.68,82164.56,82098.57,82138.73,1371230
2025-09-16 12:15:00,1758005100,82137.74,82246.35,82131.01,82188.26,1089500
2025-09-16 13:15:00,1758008700,82186.99,82196.96,82088.76,82174.63,829687
2025-09-16 14:15:00,1758012300,82170.37,82421.78,82156.52,82407.13,1911921
2025-09-16 15:15:00,1758015900,82382.72,82443.48,82346.94,82422.56,425971
2025-09-17 09:15:00,1758080700,82506.4,82720.76,82490.47,82609.27,2704823
2025-09-17 10:15:00,1758084300,82606.29,82700.35,82576.31,82691.8,2220225
2025-09-17 11:15:00,1758087900,82692.98,82708.3,82638.74,82679.11,2548539
2025-09-17 12:15:00,1758091500,82678.77,82741.93,82637.55,82704.06,2425930
2025-09-17 13:15:00,1758095100,82706.35,82741.95,82577.36,82604.81,2001332
2025-09-17 14:15:00,1758098700,82608.94,82737.91,82542.09,82697.33,2009650
2025-09-17 15:15:00,1758102300,82698.49,82721.28,82668.61,82711.86,656887
2025-09-18 09:15:00,1758167100,83108.92,83141.21,82920.76,82985.02,3666862
2025-09-18 10:15:00,1758170700,82983.87,83088.82,82964.96,83026.44,1640193
2025-09-18 11:15:00,1758174300,83021.63,83081.35,82972.67,82984.67,1828129
2025-09-18 12:15:00,1758177900,82983.58,83043.91,82769.35,82832.2,2271093
2025-09-18 13:15:00,1758181500,82831.51,82918.69,82736.09,82808.83,1358215
2025-09-18 14:15:00,1758185100,82809.11,83078.92,82704.92,82995.99,3124335
2025-09-18 15:15:00,1758188700,82996.27,83059.22,82987.63,83012.68,664210
2025-09-19 09:15:00,1758253500,82946.04,82978.63,82575.41,82646.87,1444661
2025-09-19 10:15:00,1758257100,82652.05,82727.58,82557.37,82586.28,1048772
2025-09-19 11:15:00,1758260700,82585.69,82657.35,82485.92,82567.23,2370192
2025-09-19 12:15:00,1758264300,82568.64,82646.64,82500.95,82641.06,1490817
2025-09-19 13:15:00,1758267900,82641.2,82735.48,82630.97,82720,783622
2025-09-19 14:15:00,1758271500,82720.36,82744.01,82555.86,82592.52,1953732
2025-09-19 15:15:00,1758275100,82596.61,82704.95,82588.96,82704.24,505686
2025-09-22 09:15:00,1758512700,82151.07,82583.16,82151.07,82504.2,2092272
2025-09-22 10:15:00,1758516300,82503.32,82549.22,82434.72,82447.34,941780
2025-09-22 11:15:00,1758519900,82448.03,82473.29,82371.07,82421.42,1164394
2025-09-22 12:15:00,1758523500,82419.98,82517.74,82402.51,82476.48,1338835
2025-09-22 13:15:00,1758527100,82477.27,82486.7,82302.7,82372.63,1676526
2025-09-22 14:15:00,1758530700,82371.15,82402.84,81997.29,82134.93,1702884
2025-09-22 15:15:00,1758534300,82133.57,82209.45,82130.34,82188.55,578046
2025-09-23 09:15:00,1758599100,82147.37,82307.5,81881.34,82009.27,1496600
2025-09-23 10:15:00,1758602700,82010.67,82025.53,81821.02,81829,1466013
2025-09-23 11:15:00,1758606300,81829.19,81971.28,81776.53,81971.28,1459690
2025-09-23 12:15:00,1758609900,81972.07,82245.06,81947.63,82155.45,1249724
2025-09-23 13:15:00,1758613500,82154.94,82370.38,82136.38,82192.54,1232478
2025-09-23 14:15:00,1758617100,82188.25,82301.51,82042.12,82124.31,1246124
2025-09-23 15:15:00,1758620700,82116.55,82151.97,82072.37,82151.51,490234
2025-09-24 09:15:00,1758685500,81917.65,82045.47,81701.52,81831.97,1940782
2025-09-24 10:15:00,1758689100,81832.17,81901.82,81607.84,81698.16,1818756
2025-09-24 11:15:00,1758692700,81696.64,81825.15,81664.68,81825.15,1346640
2025-09-24 12:15:00,1758696300,81824.71,81948.1,81778.83,81947.01,1160100
2025-09-24 13:15:00,1758699900,81948.53,81976.88,81813.74,81826.38,915899
2025-09-24 14:15:00,1758703500,81825.91,81870.49,81632.46,81735.92,6929436
2025-09-24 15:15:00,1758707100,81737.49,81759.89,81707.27,81739.93,500002
2025-09-25 09:15:00,1758771900,81574.31,81840.73,81492.37,81616.65,1933186
2025-09-25 10:15:00,1758775500,81614.41,81672.48,81517.04,81581.16,1308063
2025-09-25 11:15:00,1758779100,81582.03,81658.56,81407.38,81489.19,1601248
2025-09-25 12:15:00,1758782700,81488.42,81598.18,81392.95,81542.46,2455150
2025-09-25 13:15:00,1758786300,81541.87,81554.43,81358.37,81435.95,1167826
2025-09-25 14:15:00,1758789900,81417.39,81479.83,81092.89,81133.8,3371896
2025-09-25 15:15:00,1758793500,81137.39,81225.33,81116.6,81194.99,1872026
2025-09-26 09:15:00,1758858300,80956.01,81033.09,80708.34,80783.58,3653420
2025-09-26 10:15:00,1758861900,80780.62,80891.91,80748.9,80775.97,1166732
2025-09-26 11:15:00,1758865500,80774.48,80811.14,80695.09,80769.62,1552441
2025-09-26 12:15:00,1758869100,80771.44,80874.46,80742.12,80763.01,982877
2025-09-26 13:15:00,1758872700,80760.25,80764.57,80360.04,80439.52,1305162
2025-09-26 14:15:00,1758876300,80439.91,80472.61,80332.41,80389.88,1088302
2025-09-26 15:15:00,1758879900,80390.92,80502.75,80376.83,80493.62,420829
2025-09-29 09:15:00,1759117500,80588.77,80768.22,80448.6,80751.51,1556114
2025-09-29 10:15:00,1759121100,80750.45,80851.38,80639.28,80688.68,728246
2025-09-29 11:15:00,1759124700,80688.54,80691.39,80339.23,80362.25,953892
2025-09-29 12:15:00,1759128300,80365.11,80510.04,80248.84,80510.04,519365
2025-09-29 13:15:00,1759131900,80509.96,80669.67,80412.04,80622.47,599729
2025-09-29 14:15:00,1759135500,80622.9,80693.74,80301.87,80400.54,2540108
2025-09-29 15:15:00,1759139100,80402.39,80554.58,80316.14,80543.96,728134
2025-09-30 09:15:00,1759203900,80541.77,80677.82,80328.08,80328.08,1371852
2025-09-30 10:15:00,1759207500,80329.02,80466.58,80201.15,80451.45,661830
2025-09-30 11:15:00,1759211100,80451.1,80484.59,80299.84,80364.23,1038798
2025-09-30 12:15:00,1759214700,80364.78,80495.52,80358.51,80443.88,1415270
2025-09-30 13:15:00,1759218300,80447.09,80499.66,80242.21,80318.76,544836
2025-09-30 14:15:00,1759221900,80319.06,80402.4,80214.8,80278.9,992674
2025-09-30 15:15:00,1759225500,80279.22,80375.41,80241.26,80350.31,392613
2025-10-01 09:15:00,1759290300,80173.24,80525.46,80159.9,80434.63,2696746
2025-10-01 10:15:00,1759293900,80428.44,80623,80384.47,80613.61,1768044
2025-10-01 11:15:00,1759297500,80614.03,80954.15,80614.03,80912.37,3302327
2025-10-01 12:15:00,1759301100,80911.38,80931.51,80720.86,80793.95,2204643
2025-10-01 13:15:00,1759304700,80797.38,80897.85,80743.13,80859.11,1815010
2025-10-01 14:15:00,1759308300,80858.77,81068.43,80801.66,80919.81,6410540
2025-10-01 15:15:00,1759311900,80912.09,81038,80903.07,81034.47,3440193
2025-10-03 09:15:00,1759463100,80684.14,81018.61,80649.57,80908.16,4421104
2025-10-03 10:15:00,1759466700,80907.38,80988.52,80806.19,80948.12,1616030
2025-10-03 11:15:00,1759470300,80948.79,81056.57,80936.93,81026.82,1248558
2025-10-03 12:15:00,1759473900,81026.76,81045.23,80874.96,81036.82,2083217
2025-10-03 13:15:00,1759477500,81032.75,81046.23,80940.15,80940.15,1197123
2025-10-03 14:15:00,1759481100,80940.12,81251.99,80919.88,81201.19,1116105
2025-10-03 15:15:00,1759484700,81199.59,81232.36,81161.51,81196.9,622523
2025-10-06 09:15:00,1759722300,81274.79,81471.59,81155.88,81464.98,1896918
2025-10-06 10:15:00,1759725900,81467.79,81606.24,81432.94,81606.24,1103176
2025-10-06 11:15:00,1759729500,81605.46,81637.53,81509.31,81597.55,891330
2025-10-06 12:15:00,1759733100,81598.76,81770.96,81558.81,81761.51,1568679
2025-10-06 13:15:00,1759736700,81761.76,81846.42,81653.78,81761.67,913394
2025-10-06 14:15:00,1759740300,81758.81,81844.29,81668.44,81782,1031684
2025-10-06 15:15:00,1759743900,81782.47,81818.3,81761.47,81784.48,919334
2025-10-07 09:15:00,1759808700,81883.95,82211.77,81787.48,82145.64,2094614
2025-10-07 10:15:00,1759812300,82152.4,82176.65,82036.69,82062.67,1265487
2025-10-07 11:15:00,1759815900,82063.32,82160.23,81897.01,82091.8,1142442
2025-10-07 12:15:00,1759819500,82090.95,82208.25,82043.33,82190.47,1997565
2025-10-07 13:15:00,1759823100,82189.44,82298.45,82124.84,82298.45,615612
2025-10-07 14:15:00,1759826700,82297.71,82309.56,81851.13,81855.14,2096920
2025-10-07 15:15:00,1759830300,81861.45,81975.67,81861.45,81951.98,1177483
2025-10-08 09:15:00,1759895100,81899.51,82257.74,81849.98,82106.8,1888297
2025-10-08 10:15:00,1759898700,82106.89,82106.89,81746.17,81751.22,1583299
2025-10-08 11:15:00,1759902300,81746.9,81846.84,81681.52,81778.48,2576944
2025-10-08 12:15:00,1759905900,81781.72,81964.76,81646.08,81942.91,1424304
2025-10-08 13:15:00,1759909500,81940.32,82060.31,81809.43,81849.58,2672302
2025-10-08 14:15:00,1759913100,81850.94,81909,81730.75,81744.95,3994986
2025-10-08 15:15:00,1759916700,81738.61,81783.22,81718.02,81774.23,395641
2025-10-09 09:15:00,1759981500,81900,82009.32,81667.68,81698,5707029
2025-10-09 10:15:00,1759985100,81696.62,82085.88,81679.58,82070.71,2468380
2025-10-09 11:15:00,1759988700,82069.12,82160.85,81972.95,82015.53,3214276
2025-10-09 12:15:00,1759992300,82016.67,82080.93,81951.96,81988.1,1806871
2025-10-09 13:15:00,1759995900,81989.38,82155.95,81974.46,82042.26,1561986
2025-10-09 14:15:00,1759999500,82039.82,82239.97,81948.02,82136.34,4898368
2025-10-09 15:15:00,1760003100,82135.89,82247.73,82097.21,82118.6,2689873
2025-10-10 09:15:00,1760067900,82075.45,82551.66,82072.93,82453.08,2932258
2025-10-10 10:15:00,1760071500,82451.16,82589.92,82437.47,82584.9,3703700
2025-10-10 11:15:00,1760075100,82586.53,82616.19,82453.62,82483.69,1666226
2025-10-10 12:15:00,1760078700,82487.82,82627.58,82451.46,82565.46,2546275
2025-10-10 13:15:00,1760082300,82565.36,82654.11,82494.96,82584.07,830489
2025-10-10 14:15:00,1760085900,82585.16,82607.34,82439.49,82493.33,642296
2025-10-10 15:15:00,1760089500,82488.71,82560.98,82465.77,82470.9,513766
2025-10-13 09:15:00,1760327100,82049.16,82329.5,82043.14,82191.2,2598565
2025-10-13 10:15:00,1760330700,82186.59,82302.43,82126.38,82205.25,1044592
2025-10-13 11:15:00,1760334300,82207,82236.08,82106.14,82197.2,1260417
2025-10-13 12:15:00,1760337900,82198,82262.86,82136.78,82257.54,1168204
2025-10-13 13:15:00,1760341500,82256.04,82312.11,82144.92,82261.67,768554
2025-10-13 14:15:00,1760345100,82264.4,82438.5,82217.94,82289.61,1512114
2025-10-13 15:15:00,1760348700,82289.15,82385.69,82281.39,82343.59,547661
2025-10-14 09:15:00,1760413500,82404.54,82573.37,82107.58,82182.49,2836044
2025-10-14 10:15:00,1760417100,82179.76,82350.14,82081.86,82159.17,2959076
2025-10-14 11:15:00,1760420700,82160.12,82160.12,81905.42,81956.53,1982131
2025-10-14 12:15:00,1760424300,81958.88,82001.64,81781.62,81830.33,1309888
2025-10-14 13:15:00,1760427900,81830.34,82030.25,81826.4,81959.98,1110458
2025-10-14 14:15:00,1760431500,81960.24,82208.75,81900.99,82041.6,1391879
2025-10-14 15:15:00,1760435100,82041.71,82084.63,81926.65,81958.63,620164
2025-10-15 09:15:00,1760499900,82197.25,82412.47,82084.37,82334.85,2340108
2025-10-15 10:15:00,1760503500,82337.52,82596.9,82324.59,82462.39,1888381
2025-10-15 11:15:00,1760507100,82462.08,82577.95,82456.01,82478.58,1062418
2025-10-15 12:15:00,1760510700,82477.77,82649.93,82417.99,82594.26,1229740
2025-10-15 13:15:00,1760514300,82589.14,82727.02,82558.48,82606.29,1192202
2025-10-15 14:15:00,1760517900,82606.31,82630.48,82469.42,82614.27,1208115
2025-10-15 15:15:00,1760521500,82607.87,82657.15,82565.37,82625.05,1257448
2025-10-16 09:15:00,1760586300,82794.79,83061.94,82791.35,82976.04,6888340
2025-10-16 10:15:00,1760589900,82977.65,83127.64,82934.81,83061.77,1526361
2025-10-16 11:15:00,1760593500,83063.71,83106.86,82991.02,83100.54,2938458
2025-10-16 12:15:00,1760597100,83100.81,83261.4,83093.34,83249.31,2831664
2025-10-16 13:15:00,1760600700,83249.16,83441.2,83186.72,83371.82,1496249
2025-10-16 14:15:00,1760604300,83373.74,83615.48,83362.58,83373.17,8325435
2025-10-16 15:15:00,1760607900,83369.28,83479,83368.78,83385.4,3036930
2025-10-17 09:15:00,1760672700,83331.78,83813.59,83206.08,83799.34,3962079
2025-10-17 10:15:00,1760676300,83798.36,84097.58,83769.63,84078.26,2770721
2025-10-17 11:15:00,1760679900,84069.96,84162.71,83934.41,84106.05,1958184
2025-10-17 12:15:00,1760683500,84105.31,84172.24,83754.23,83793.4,1477221
2025-10-17 13:15:00,1760687100,83793.58,83971.97,83621.58,83851.63,1468669
2025-10-17 14:15:00,1760690700,83850.99,84095.03,83797.45,83937.66,1488968
2025-10-17 15:15:00,1760694300,83942.08,83977.51,83893.63,83944.29,584646
2025-10-20 09:15:00,1760931900,84269.3,84656.56,84239.7,84460.2,2646584
2025-10-20 10:15:00,1760935500,84462.01,84556.5,84340.86,84473.49,1978679
2025-10-20 11:15:00,1760939100,84482.54,84504.66,84333.72,84414.68,2090364
2025-10-20 12:15:00,1760942700,84413.28,84575.24,84343.6,84554.77,1201183
2025-10-20 13:15:00,1760946300,84550.23,84558.5,84348.85,84410.76,721111
2025-10-20 14:15:00,1760949900,84404.87,84487.15,84196.79,84362.16,987085
2025-10-20 15:15:00,1760953500,84348.09,84420.26,84348.09,84377.72,515693
2025-10-21 13:15:00,1761032700,84484.67,84665.44,84428.65,84543.12,1825869
2025-10-21 14:15:00,1761036300,84542.31,84574.81,84286.4,84308.03,1006967
2025-10-23 09:15:00,1761191100,85154.15,85272.4,84867.97,85267.21,4538918
2025-10-23 10:15:00,1761194700,85268.14,85268.14,85035.48,85080.47,3277231
2025-10-23 11:15:00,1761198300,85081.34,85199.67,85044.73,85178.06,3880119
2025-10-23 12:15:00,1761201900,85175.96,85290.06,85036.99,85104.58,2174277
2025-10-23 13:15:00,1761205500,85104.6,85195.98,84738.97,84767.56,1846379
2025-10-23 14:15:00,1761209100,84767.27,84900.25,84445.25,84474.87,7113930
2025-10-23 15:15:00,1761212700,84469.34,84614.1,84464.46,84476.58,2114523
2025-10-24 09:15:00,1761277500,84667.23,84707.44,84392.15,84491.61,1777370
2025-10-24 10:15:00,1761281100,84489.84,84494.24,84244.82,84342.02,1729491
2025-10-24 11:15:00,1761284700,84341.74,84440.17,84201.96,84432.51,5349561
2025-10-24 12:15:00,1761288300,84432.11,84492.24,84254.41,84330.56,982369
2025-10-24 13:15:00,1761291900,84328.54,84347.13,83957.15,84106.79,1804525
2025-10-24 14:15:00,1761295500,84106.74,84276.05,84028.45,84243.78,875932
2025-10-24 15:15:00,1761299100,84242.89,84276.92,84205.01,84236.11,368134
2025-10-27 09:15:00,1761536700,84297.39,84809.56,84294.2,84774.16,2640264
2025-10-27 10:15:00,1761540300,84775.57,84849.75,84735.47,84834.55,2139793
2025-10-27 11:15:00,1761543900,84834.69,84932.08,84719.11,84886.34,1331424
2025-10-27 12:15:00,1761547500,84885.53,84915.6,84739.67,84776.65,2481003
2025-10-27 13:15:00,1761551100,84778.28,84778.28,84604.85,84667.18,981112
2025-10-27 14:15:00,1761554700,84658.5,84849.76,84635.33,84764.03,1418400
2025-10-27 15:15:00,1761558300,84764.38,84829.48,84743.24,84808.94,489193
2025-10-28 09:15:00,1761623100,84625.71,84986.94,84472.81,84562.95,3621644
2025-10-28 10:15:00,1761626700,84561.23,84567.63,84297.91,84353.13,1339967
2025-10-28 11:15:00,1761630300,84352.82,84485.03,84227.66,84319.56,2146556
2025-10-28 12:15:00,1761633900,84324.04,84651.54,84273.48,84597.91,2324830
2025-10-28 13:15:00,1761637500,84593.34,84694.27,84325.33,84415.34,1157789
2025-10-28 14:15:00,1761641100,84416.44,84663.92,84219.39,84655.06,1588201
2025-10-28 15:15:00,1761644700,84650.83,84732.04,84650.21,84711.98,685806
2025-10-29 09:15:00,1761709500,84663.68,84916.1,84638.68,84779.62,3418848
2025-10-29 10:15:00,1761713100,84778.74,85002,84740.24,84853.27,3412292
2025-10-29 11:15:00,1761716700,84852.74,84996.79,84802.97,84976.33,1841266
2025-10-29 12:15:00,1761720300,84974.31,85047.98,84927.56,85037.31,1317368
2025-10-29 13:15:00,1761723900,85035.82,85105.83,84943.74,84978.89,939246
2025-10-29 14:15:00,1761727500,84978.4,85077.31,84873.63,84959.85,1150688
2025-10-29 15:15:00,1761731100,84963.47,85051.93,84957.61,85036.51,754943
2025-10-30 09:15:00,1761795900,84750.9,84906.95,84467.03,84723.5,2525982
2025-10-30 10:15:00,1761799500,84723.19,84728.55,84523,84667.04,1223771
2025-10-30 11:15:00,1761803100,84669.95,84749.39,84492.57,84552.01,1989773
2025-10-30 12:15:00,1761806700,84551.09,84592.18,84477,84566.93,1232133
2025-10-30 13:15:00,1761810300,84567.16,84617.22,84384.39,84470.76,765537
2025-10-30 14:15:00,1761813900,84470.21,84535.71,84312.65,84371.56,3502087
2025-10-30 15:15:00,1761817500,84372.86,84474.59,84362.59,84468.4,2259953
2025-10-31 09:15:00,1761882300,84379.79,84712.79,84258.91,84440.29,1889106
2025-10-31 10:15:00,1761885900,84433.69,84433.69,84044.99,84080.48,1895343
2025-10-31 11:15:00,1761889500,84081.65,84292.41,84060.65,84171.19,1520742
2025-10-31 12:15:00,1761893100,84173.33,84234.1,84110.26,84189.45,1376308
2025-10-31 13:15:00,1761896700,84189.52,84216.14,84022.11,84102.25,1738871
2025-10-31 14:15:00,1761900300,84101.55,84137.93,83905.66,83917.74,1079304
2025-10-31 15:15:00,1761903900,83917.37,83973.42,83906.9,83955.14,430593
2025-11-03 09:15:00,1762141500,83835.1,84006.47,83609.54,83828.57,2251689
2025-11-03 10:15:00,1762145100,83826.6,84052.26,83772.22,83986.84,1736434
2025-11-03 11:15:00,1762148700,83987.96,84018.15,83804.63,83804.67,1495174
2025-11-03 12:15:00,1762152300,83804.37,83965.37,83772.5,83938.69,1198851
2025-11-03 13:15:00,1762155900,83937.35,84038.06,83876.72,84023.03,1238229
2025-11-03 14:15:00,1762159500,84020.98,84127,83885.92,83993.13,1229236
2025-11-03 15:15:00,1762163100,83994.52,84036.74,83973.37,84007.07,593553
2025-11-04 09:15:00,1762227900,84000.64,84068.01,83752.1,83799.58,1834245
2025-11-04 10:15:00,1762231500,83789.08,83898.29,83711.59,83765.74,998505
2025-11-04 11:15:00,1762235100,83765.39,83783.55,83653.66,83742.9,1383699
2025-11-04 12:15:00,1762238700,83744.13,83781.51,83658.38,83682.53,1054388
2025-11-04 13:15:00,1762242300,83682.01,83748.13,83513.49,83529.47,1481875
2025-11-04 14:15:00,1762245900,83529.66,83599.67,83445.95,83491.67,1715115
2025-11-04 15:15:00,1762249500,83489.78,83496.5,83412.77,83451.75,665237
2025-11-06 09:15:00,1762400700,83516.69,83846.35,83382.69,83422.35,2683816
2025-11-06 10:15:00,1762404300,83420.08,83534.45,83357.93,83466.93,948099
2025-11-06 11:15:00,1762407900,83464.65,83526.68,83374.02,83448.17,1408526
2025-11-06 12:15:00,1762411500,83445.64,83660.03,83380.82,83554.06,1545305
2025-11-06 13:15:00,1762415100,83551.38,83616.65,83330.85,83450.25,1094135
2025-11-06 14:15:00,1762418700,83451.93,83479.01,83237.65,83313.86,4962137
2025-11-06 15:15:00,1762422300,83322.34,83374.84,83239.21,83368.55,4553583
2025-11-07 09:15:00,1762487100,83150.15,83150.15,82670.95,82762.75,8387494
2025-11-07 10:15:00,1762490700,82763.56,82965.18,82728.26,82958.94,1564306
2025-11-07 11:15:00,1762494300,82959.42,83161.29,82948.46,83099.58,1521108
2025-11-07 12:15:00,1762497900,83096.73,83239.1,83082.32,83184.11,1329815
2025-11-07 13:15:00,1762501500,83182.94,83390.11,83069.7,83155.19,1615735
2025-11-07 14:15:00,1762505100,83154.52,83373.11,83144.33,83175.49,784330
2025-11-07 15:15:00,1762508700,83183.92,83279.21,83183.92,83253.92,491343
2025-11-10 09:15:00,1762746300,83198.2,83552.87,83197.67,83496.74,1701731
2025-11-10 10:15:00,1762749900,83498.64,83675.53,83496.45,83658.86,1196561
2025-11-10 11:15:00,1762753500,83660.55,83737.16,83619.91,83652.83,1244365
2025-11-10 12:15:00,1762757100,83651.53,83754.49,83605.7,83683.08,1183909
2025-11-10 13:15:00,1762760700,83676.83,83716.43,83517.13,83639.64,1066982
2025-11-10 14:15:00,1762764300,83644,83737.04,83484.71,83484.71,1604366
2025-11-10 15:15:00,1762767900,83483.58,83540.4,83480.38,83515.12,382100
2025-11-11 09:15:00,1762832700,83671.52,83726.51,83247.41,83302.57,6122569
2025-11-11 10:15:00,1762836300,83302.13,83319.64,83124.03,83219.25,1038667
2025-11-11 11:15:00,1762839900,83218.9,83434.58,83175.44,83381.72,2456750
2025-11-11 12:15:00,1762843500,83380.77,83549.03,83374.25,83543.2,3384068
2025-11-11 13:15:00,1762847100,83542.43,83803.12,83542.43,83693.18,1344847
2025-11-11 14:15:00,1762850700,83691.49,83884.27,83688.26,83860.44,941086
2025-11-11 15:15:00,1762854300,83856.64,83936.47,83833.61,83899.78,376045
2025-11-12 09:15:00,1762919100,84238.86,84462.17,84166.75,84363.72,2300882
2025-11-12 10:15:00,1762922700,84367.08,84510.9,84307.33,84510.9,1184907
2025-11-12 11:15:00,1762926300,84500.06,84576.55,84485.15,84504.19,1146469
2025-11-12 12:15:00,1762929900,84504.82,84644.96,84493.97,84634.16,1124486
2025-11-12 13:15:00,1762933500,84625.85,84652.01,84474.05,84517.16,965530
2025-11-12 14:15:00,1762937100,84517.97,84570.57,84451.67,84504,1377624
2025-11-12 15:15:00,1762940700,84503.55,84503.55,84395.67,84432.3,591430
2025-11-13 09:15:00,1763005500,84525.89,84569.12,84253.05,84551.8,4636665
2025-11-13 10:15:00,1763009100,84552.45,84802.52,84536.2,84759.49,2378217
2025-11-13 11:15:00,1763012700,84760.05,84826.01,84727.82,84791.67,1390363
2025-11-13 12:15:00,1763016300,84794.21,84838.81,84674.44,84803.22,3016397
2025-11-13 13:15:00,1763019900,84801.49,84919.43,84461.39,84533.19,5487000
2025-11-13 14:15:00,1763023500,84533.06,84685.38,84409.9,84491.02,5288180
2025-11-13 15:15:00,1763027100,84491.69,84588.13,84441.18,84477.02,2375730
2025-11-14 09:15:00,1763091900,84060.14,84464.94,84042.75,84158,2197110
2025-11-14 10:15:00,1763095500,84157.04,84416.3,84060.45,84387.62,1156163
2025-11-14 11:15:00,1763099100,84388.38,84406.4,84164.56,84297.97,736063
2025-11-14 12:15:00,1763102700,84297.91,84344.77,84162.01,84218.36,700985
2025-11-14 13:15:00,1763106300,84217.67,84271.69,84029.32,84122.45,618112
2025-11-14 14:15:00,1763109900,84122.33,84695.93,84073.33,84684.06,1169443
2025-11-14 15:15:00,1763113500,84677.97,84697.87,84603.2,84653.99,640500
2025-11-17 09:15:00,1763351100,84700.5,84844.69,84581.08,84730.72,3216761
2025-11-17 10:15:00,1763354700,84730.6,84812.27,84656.48,84738.23,1026465
2025-11-17 11:15:00,1763358300,84738.96,84821.64,84639.67,84806.31,928706
2025-11-17 12:15:00,1763361900,84806.13,84889.66,84788.46,84846.98,1617912
2025-11-17 13:15:00,1763365500,84847.07,84976.96,84785.67,84939.4,918061
2025-11-17 14:15:00,1763369100,84939.56,84967.76,84822.66,84959.24,1318256
2025-11-17 15:15:00,1763372700,84957.69,84988.09,84918.43,84920.41,518451
2025-11-18 09:15:00,1763437500,85042.37,85042.41,84564.01,84613.79,4767789
2025-11-18 10:15:00,1763441100,84616.63,84758.3,84558.36,84748.61,730722
2025-11-18 11:15:00,1763444700,84747.02,84895.95,84702.29,84838.23,816268
2025-11-18 12:15:00,1763448300,84839.11,84851.77,84728.74,84823.65,1061319
2025-11-18 13:15:00,1763451900,84822.25,84957.66,84817.48,84927.53,648246
2025-11-18 14:15:00,1763455500,84926.64,84941.14,84660.32,84664.18,893172
2025-11-18 15:15:00,1763459100,84656.75,84682.85,84587.24,84625.99,448181
2025-11-19 09:15:00,1763523900,84643.78,84859.93,84525.98,84847.78,1738995
2025-11-19 10:15:00,1763527500,84850.25,84960.37,84765.08,84765.08,898888
2025-11-19 11:15:00,1763531100,84767.96,84991.42,84739.79,84966.38,2781514
2025-11-19 12:15:00,1763534700,84967.2,85096.46,84962.99,85073.14,821792
2025-11-19 13:15:00,1763538300,85073.05,85103.8,84941.33,85094.21,956336
2025-11-19 14:15:00,1763541900,85092.14,85236.77,85092.14,85190.32,844326
2025-11-19 15:15:00,1763545500,85198.26,85211.61,85132.09,85160.45,417187
2025-11-20 09:15:00,1763610300,85470.92,85470.96,85201.22,85333.98,4624960
2025-11-20 10:15:00,1763613900,85335.46,85483.1,85309.53,85423.51,3704247
2025-11-20 11:15:00,1763617500,85428.38,85498.77,85393.74,85468.59,1410740
2025-11-20 12:15:00,1763621100,85469.05,85602.04,85434.78,85558.74,3180714
2025-11-20 13:15:00,1763624700,85563.85,85768.52,85563.59,85739.07,1578051
2025-11-20 14:15:00,1763628300,85738.8,85801.7,85527.03,85696.17,5203386
2025-11-20 15:15:00,1763631900,85694.52,85694.52,85574.14,85638.5,3754684
2025-11-21 09:15:00,1763696700,85347.4,85609.4,85289.28,85297.51,1433037
2025-11-21 10:15:00,1763700300,85300.37,85371.34,85195.07,85369.29,1107332
2025-11-21 11:15:00,1763703900,85369,85416.94,85237.57,85413.29,3661623
2025-11-21 12:15:00,1763707500,85417.22,85581.97,85411.07,85446.26,1991501
2025-11-21 13:15:00,1763711100,85446.61,85490.37,85319.21,85488.98,602725
2025-11-21 14:15:00,1763714700,85489.8,85527.8,85219.06,85246.92,1741689
2025-11-21 15:15:00,1763718300,85245.97,85268.08,85187.84,85215.74,2433711
2025-11-24 09:15:00,1763955900,85320.04,85450.36,85209.91,85400.07,2012557
2025-11-24 10:15:00,1763959500,85399.72,85473.47,85312.79,85329.53,943799
2025-11-24 11:15:00,1763963100,85329.43,85437.19,85223.93,85248.52,1530803
2025-11-24 12:15:00,1763966700,85243.46,85336.74,85193.27,85309.06,963761
2025-11-24 13:15:00,1763970300,85303.9,85354.07,85150.84,85220.76,1065587
2025-11-24 14:15:00,1763973900,85221.07,85236.52,84850.25,84879.97,1625680
2025-11-24 15:15:00,1763977500,84872.61,84901.47,84710.11,84782.27,1022575
2025-11-25 09:15:00,1764042300,85008.93,85110.24,84775.76,85101.03,1033434
2025-11-25 10:15:00,1764045900,85098.82,85104.78,84765.1,84822.76,859709
2025-11-25 11:15:00,1764049500,84822.75,84989.65,84810.27,84937.32,975765
2025-11-25 12:15:00,1764053100,84938.48,85042.89,84840.4,84986.73,561653
2025-11-25 13:15:00,1764056700,84983.57,85104.1,84949.37,85081.76,1048910
2025-11-25 14:15:00,1764060300,85081.44,85100.95,84552.4,84618.65,1122852
2025-11-25 15:15:00,1764063900,84618.81,84618.81,84536.73,84542.46,401481
2025-11-26 09:15:00,1764128700,84503.44,85266.3,84478.13,85239.23,3946831
2025-11-26 10:15:00,1764132300,85239.54,85376.98,85126.19,85295.54,3448199
2025-11-26 11:15:00,1764135900,85297.67,85468.11,85293.51,85444.64,1979647
2025-11-26 12:15:00,1764139500,85442.64,85582.4,85408.23,85545.66,1217429
2025-11-26 13:15:00,1764143100,85547.04,85630.32,85441.15,85567.2,1400979
2025-11-26 14:15:00,1764146700,85566.37,85644.19,85452.61,85623.28,1165527
2025-11-26 15:15:00,1764150300,85618.9,85634.55,85582.34,85597.84,376162
2025-11-27 09:15:00,1764215100,85745.05,86026.18,85646.22,85915.12,2007527
2025-11-27 10:15:00,1764218700,85920.19,86055.86,85871,85990.76,1833832
2025-11-27 11:15:00,1764222300,85997.34,86032.91,85778.58,85818.15,1547276
2025-11-27 12:15:00,1764225900,85818.04,85894.83,85579.25,85590.25,1800371
2025-11-27 13:15:00,1764229500,85591.2,85679.01,85473.85,85631.59,1228583
2025-11-27 14:15:00,1764233100,85629.04,85775.97,85576.65,85726.75,5079351
2025-11-27 15:15:00,1764236700,85726.51,85821.81,85677.13,85774.82,1991804
2025-11-28 09:15:00,1764301500,85791.55,85926.67,85577.82,85835.87,1088370
2025-11-28 10:15:00,1764305100,85834.05,85969.89,85752.04,85925.67,742848
2025-11-28 11:15:00,1764308700,85928.1,85946.84,85804.37,85827.24,816931
2025-11-28 12:15:00,1764312300,85829.26,85842.15,85724.44,85759.66,1216526
2025-11-28 13:15:00,1764315900,85760.07,85830.98,85704.85,85715.53,794616
2025-11-28 14:15:00,1764319500,85717.82,85786.59,85688.55,85694.98,987899
2025-11-28 15:15:00,1764323100,85695.75,85749.09,85683.87,85700.29,439448
2025-12-01 09:15:00,1764560700,86065.92,86159.02,85931.35,86005.71,1680182
2025-12-01 10:15:00,1764564300,86007.76,86020.9,85785.21,85859.36,781755
2025-12-01 11:15:00,1764567900,85860.56,85934.63,85614.96,85637.63,2238184
2025-12-01 12:15:00,1764571500,85639.57,85677.54,85550.74,85667.66,908066
2025-12-01 13:15:00,1764575100,85670.44,85800.4,85599.02,85758.64,1032906
2025-12-01 14:15:00,1764578700,85756.09,85765.96,85489.65,85640.58,1101830
2025-12-01 15:15:00,1764582300,85642.41,85673.11,85603.85,85636.29,366915
2025-12-02 09:15:00,1764647100,85325.51,85553.51,85250.7,85265.13,1457109
2025-12-02 10:15:00,1764650700,85264.82,85387.58,85215.12,85317.79,745775
2025-12-02 11:15:00,1764654300,85312.53,85337.73,85194.59,85233.58,646216
2025-12-02 12:15:00,1764657900,85232.86,85338.26,85169.2,85179.4,946383
2025-12-02 13:15:00,1764661500,85178.58,85234.97,85140.74,85182.92,448250
2025-12-02 14:15:00,1764665100,85188.02,85202.23,85053,85149.86,898893
2025-12-02 15:15:00,1764668700,85146.99,85243.85,85127.06,85233.52,451944
2025-12-03 09:15:00,1764733500,85150.64,85269.68,84763.64,84858.36,7927322
2025-12-03 10:15:00,1764737100,84860.54,84924.84,84769.07,84860.34,1700452
2025-12-03 11:15:00,1764740700,84858.27,84984.26,84773.2,84964.51,1517784
2025-12-03 12:15:00,1764744300,84964.13,85003.82,84832.69,84896.8,2100748
2025-12-03 13:15:00,1764747900,84896.31,84963.24,84801.99,84953.24,1538235
2025-12-03 14:15:00,1764751500,84958.98,85174.34,84893.94,85129.5,1039930
2025-12-03 15:15:00,1764755100,85121.29,85136.62,85073.14,85118.63,900814
2025-12-04 09:15:00,1764819900,84987.56,85325.3,84949.98,85319.78,1786123
2025-12-04 10:15:00,1764823500,85321.33,85487.21,85274.26,85408.06,861455
2025-12-04 11:15:00,1764827100,85408.68,85423.18,85182.13,85221.66,2102315
2025-12-04 12:15:00,1764830700,85226.01,85265.93,85087.81,85125.18,2027409
2025-12-04 13:15:00,1764834300,85123,85216.08,85017.6,85157.22,2989416
2025-12-04 14:15:00,1764837900,85154.64,85375.18,85104.66,85265.83,4275026
2025-12-04 15:15:00,1764841500,85254.14,85289.77,85118.28,85131.41,2999088
2025-12-05 09:15:00,1764906300,85125.48,85496.19,85078.12,85407.25,1605215
2025-12-05 10:15:00,1764909900,85406.44,85621.54,85181.74,85611.13,1200137
2025-12-05 11:15:00,1764913500,85611.49,85659.41,85541.24,85553.37,1572067
2025-12-05 12:15:00,1764917100,85554.41,85796.72,85548.63,85695.69,887289
2025-12-05 13:15:00,1764920700,85695.05,85747.68,85579.99,85638.81,571989
2025-12-05 14:15:00,1764924300,85641.81,85742.14,85504.72,85723.36,1020602
2025-12-05 15:15:00,1764927900,85722.39,85761.47,85684.94,85698.74,417255
2025-12-08 09:15:00,1765165500,85624.84,85722.97,85360.03,85472.48,1844162
2025-12-08 10:15:00,1765169100,85473.24,85507.05,85331.22,85389.23,710228
2025-12-08 11:15:00,1765172700,85390.87,85426.42,85320.9,85321.1,731002
2025-12-08 12:15:00,1765176300,85321.12,85369.59,85229.76,85331.56,2009143
2025-12-08 13:15:00,1765179900,85331.3,85336.83,84906.9,84944.62,2009899
2025-12-08 14:15:00,1765183500,84946.71,85201.52,84875.59,85148.25,1878238
2025-12-08 15:15:00,1765187100,85146.88,85161.08,84978.73,84990.2,485927
2025-12-09 09:15:00,1765251900,84742.87,84889.67,84382.96,84560.62,2078936
2025-12-09 10:15:00,1765255500,84561.8,84792.15,84526.9,84782.82,1194397
2025-12-09 11:15:00,1765259100,84783.79,84877.02,84630.91,84873.82,1288143
2025-12-09 12:15:00,1765262700,84872.01,84947.89,84745.37,84809.85,832625
2025-12-09 13:15:00,1765266300,84810.59,84898.72,84793.16,84854.79,609043
2025-12-09 14:15:00,1765269900,84854.37,84855.69,84588.6,84662.86,813783
2025-12-09 15:15:00,1765273500,84665.64,84708.85,84651.19,84686.94,350169
2025-12-10 09:15:00,1765338300,84607.49,84959.08,84607.49,84916.72,1114365
2025-12-10 10:15:00,1765341900,84916.14,85020.34,84604.62,84765.01,1066150
2025-12-10 11:15:00,1765345500,84772.55,84794.86,84572.85,84619.43,972838
2025-12-10 12:15:00,1765349100,84619.14,84644.73,84408.51,84497.14,1446955
2025-12-10 13:15:00,1765352700,84498.78,84684.25,84362.77,84398.78,2086236
2025-12-10 14:15:00,1765356300,84396.55,84494.05,84313.62,84399.16,1165051
2025-12-10 15:15:00,1765359900,84399.45,84413.1,84346.46,84376.7,378602
2025-12-11 09:15:00,1765424700,84456.75,84540.57,84150.19,84500.21,2235561
2025-12-11 10:15:00,1765428300,84507.69,84628.16,84351.66,84449.85,2013422
2025-12-11 11:15:00,1765431900,84454.82,84812.13,84432.39,84765.93,1916410
2025-12-11 12:15:00,1765435500,84765.96,84898.19,84618.73,84690.44,1033747
2025-12-11 13:15:00,1765439100,84685.67,84827.02,84650.76,84697.07,898082
2025-12-11 14:15:00,1765442700,84706.75,84906.93,84647.54,84806.34,4741476
2025-12-11 15:15:00,1765446300,84807.52,84859.09,84775.85,84791.9,2019406
2025-12-12 09:15:00,1765511100,85051.03,85282.76,85031.71,85116.65,1364715
2025-12-12 10:15:00,1765514700,85112.9,85177.52,84956.74,85117.31,1347200
2025-12-12 11:15:00,1765518300,85116.16,85280.63,85110.99,85193.68,1132855
2025-12-12 12:15:00,1765521900,85195.06,85271.07,85169.43,85240.47,986986
2025-12-12 13:15:00,1765525500,85240.78,85310.83,85182.75,85268.94,1207341
2025-12-12 14:15:00,1765529100,85269.11,85320.82,85187.21,85310.34,1199238
2025-12-12 15:15:00,1765532700,85307.89,85313.92,85256.61,85264.17,367069
2025-12-15 09:15:00,1765770300,84891.75,85156.83,84840.32,85033.03,1155619
2025-12-15 10:15:00,1765773900,85032.67,85131.9,84969.8,85073.32,1305710
2025-12-15 11:15:00,1765777500,85073.48,85239.09,85005.95,85205.34,3827170
2025-12-15 12:15:00,1765781100,85205.33,85274.67,85156.64,85272.99,2049668
2025-12-15 13:15:00,1765784700,85270.94,85275.64,85108.53,85148.41,641637
2025-12-15 14:15:00,1765788300,85152.54,85278.63,85144.63,85221.03,611076
2025-12-15 15:15:00,1765791900,85224.21,85235.79,85177.66,85193.08,477150
2025-12-16 09:15:00,1765856700,85025.61,85059.96,84716.7,84750.37,3020237
2025-12-16 10:15:00,1765860300,84752.51,84851.02,84734.12,84754.14,1097822
2025-12-16 11:15:00,1765863900,84756.39,84808.65,84683.91,84745.07,2127307
2025-12-16 12:15:00,1765867500,84747.07,84845.31,84719.48,84764.72,1217565
2025-12-16 13:15:00,1765871100,84766.24,84904.24,84737.56,84767.57,700038
2025-12-16 14:15:00,1765874700,84763.7,84802.83,84654.25,84685.32,823193
2025-12-16 15:15:00,1765878300,84685.76,84689.55,84620.61,84647.03,303930
2025-12-17 09:15:00,1765943100,84856.26,84889.45,84569.95,84614.18,2991104
2025-12-17 10:15:00,1765946700,84615.06,84650.08,84491.42,84616.09,1525882
2025-12-17 11:15:00,1765950300,84617.61,84650.53,84437.91,84460.19,1914209
2025-12-17 12:15:00,1765953900,84460.89,84534.97,84415.98,84469.53,962089
2025-12-17 13:15:00,1765957500,84469.71,84578.97,84436.79,84496.96,542529
2025-12-17 14:15:00,1765961100,84496.05,84593.44,84421.73,84538.63,2771292
2025-12-17 15:15:00,1765964700,84537.35,84600.11,84514.9,84582.28,336843
2025-12-18 09:15:00,1766029500,84518.33,84570.6,84238.43,84456.88,1926555
2025-12-18 10:15:00,1766033100,84457.26,84675.38,84422.54,84542.92,1529694
2025-12-18 11:15:00,1766036700,84542.74,84719.03,84510.31,84713.2,2426987
2025-12-18 12:15:00,1766040300,84714.24,84780.19,84639.93,84695.44,830932
2025-12-18 13:15:00,1766043900,84699.33,84704.86,84443.83,84469.89,2769623
2025-12-18 14:15:00,1766047500,84470.84,84551.84,84359.79,84518.68,4112434
2025-12-18 15:15:00,1766051100,84525.31,84525.31,84442.65,84476.96,793875
2025-12-19 09:15:00,1766115900,84756.79,85014.83,84734.96,84899.98,1896205
2025-12-19 10:15:00,1766119500,84902.26,85067.5,84890.03,84967.34,1261847
2025-12-19 11:15:00,1766123100,84969.4,84983.26,84792.42,84916.46,1143722
2025-12-19 12:15:00,1766126700,84916.99,84934.9,84797.3,84807.2,1892069
2025-12-19 13:15:00,1766130300,84810.14,84991.95,84806.84,84950.25,584943
2025-12-19 14:15:00,1766133900,84946.12,85030.31,84858.55,84939.06,1263227
2025-12-19 15:15:00,1766137500,84930.77,84944.76,84879.69,84912.93,431897
2025-12-22 09:15:00,1766375100,85145.9,85461.19,85145.86,85405.06,1426687
2025-12-22 10:15:00,1766378700,85401.4,85459.14,85362.26,85379.22,974490
2025-12-22 11:15:00,1766382300,85380.38,85448.46,85351.1,85400.6,980307
2025-12-22 12:15:00,1766385900,85399.61,85472.08,85335.81,85448.5,811941
2025-12-22 13:15:00,1766389500,85449.23,85499.56,85416.94,85461.3,587680
2025-12-22 14:15:00,1766393100,85461.33,85601.33,85418.65,85581.6,828921
2025-12-22 15:15:00,1766396700,85583.57,85593.72,85532.73,85544.81,515264
2025-12-23 09:15:00,1766461500,85690.1,85704.93,85342.99,85574.26,1171818
2025-12-23 10:15:00,1766465100,85575.69,85584.81,85465.28,85579.97,661429
2025-12-23 11:15:00,1766468700,85574.73,85587.87,85460.63,85553.27,1952736
2025-12-23 12:15:00,1766472300,85551.02,85598.44,85486.15,85570.58,744957
2025-12-23 13:15:00,1766475900,85569.72,85621.05,85543.51,85607.6,545841
2025-12-23 14:15:00,1766479500,85609.23,85704.12,85486.47,85542.45,707206
2025-12-23 15:15:00,1766483100,85541.16,85548.73,85473.63,85499.6,318446
2025-12-24 09:15:00,1766547900,85533.11,85685.65,85386.54,85678.72,1334065
2025-12-24 10:15:00,1766551500,85678.9,85738.18,85564.98,85613.6,888270
2025-12-24 11:15:00,1766555100,85616.36,85641.79,85483.69,85544.47,1463871
2025-12-24 12:15:00,1766558700,85545.11,85591.81,85491.57,85516.02,1130509
2025-12-24 13:15:00,1766562300,85515.36,85523.4,85395.06,85451.34,836302
2025-12-24 14:15:00,1766565900,85453.08,85487.86,85342.19,85464.88,2234008
2025-12-24 15:15:00,1766569500,85459.74,85472.47,85353.94,85387.68,933141
2025-12-26 09:15:00,1766720700,85225.28,85378.51,85166.06,85239.79,1148041
2025-12-26 10:15:00,1766724300,85240.19,85247.84,85152.14,85171.07,881618
2025-12-26 11:15:00,1766727900,85171.02,85173.16,85067.65,85086.22,687644
2025-12-26 12:15:00,1766731500,85086.72,85118.42,85000.22,85034.42,770216
2025-12-26 13:15:00,1766735100,85034.72,85072.89,85006.24,85034.86,475472
2025-12-26 14:15:00,1766738700,85036.07,85075.23,84937.82,85073.9,599387
2025-12-26 15:15:00,1766742300,85066.75,85084.38,85016.64,85081.12,270472
2025-12-29 09:15:00,1766979900,85004.75,85250,84975.04,84994.41,2036691
2025-12-29 10:15:00,1766983500,84991.94,85003.76,84802.98,84814.37,1946439
2025-12-29 11:15:00,1766987100,84814.4,84837.95,84754.88,84803.49,709307
2025-12-29 12:15:00,1766990700,84803.63,84814.27,84725.61,84738.69,925637
2025-12-29 13:15:00,1766994300,84739.75,84759.45,84650.12,84713.55,594728
2025-12-29 14:15:00,1766997900,84713.26,84800.5,84637.86,84702.36,46410362
2025-12-29 15:15:00,1767001500,84695.34,84753.08,84669.47,84707.68,366060
2025-12-30 09:15:00,1767066300,84600.99,84709.35,84470.94,84684.33,1244064
2025-12-30 10:15:00,1767069900,84684.78,84802.64,84595.76,84624.25,690998
2025-12-30 11:15:00,1767073500,84624.66,84638.64,84506.86,84518.19,1095108
2025-12-30 12:15:00,1767077100,84521.57,84610.37,84501.55,84544.05,1084987
2025-12-30 13:15:00,1767080700,84543.71,84749.56,84531.42,84679.48,805214
2025-12-30 14:15:00,1767084300,84680.3,84737.94,84583.83,84665.3,1604733
2025-12-30 15:15:00,1767087900,84667.69,84804.82,84646.39,84803.17,510065
2025-12-31 09:15:00,1767152700,84793.58,84929.46,84705.57,84811.95,2526889
2025-12-31 10:15:00,1767156300,84811.44,84974.16,84794.34,84965.3,2366704
2025-12-31 11:15:00,1767159900,84963.28,85087.67,84909.92,85085.62,1843401
2025-12-31 12:15:00,1767163500,85085.44,85320.05,85066.55,85312.23,8344961
2025-12-31 13:15:00,1767167100,85313.9,85401.1,85255.95,85348,2140536
2025-12-31 14:15:00,1767170700,85348.86,85437.17,85154.17,85193.11,1118115
2025-12-31 15:15:00,1767174300,85196.86,85256.38,85176.49,85208.64,303663
2026-01-01 09:15:00,1767239100,85255.55,85451.7,85253.06,85301.35,3981220
2026-01-01 10:15:00,1767242700,85302.63,85412.65,85171.01,85365.08,2571874
2026-01-01 11:15:00,1767246300,85362.98,85364.68,85161.56,85181.88,3076719
2026-01-01 12:15:00,1767249900,85183.86,85292.29,85118.82,85269.4,3649682
2026-01-01 13:15:00,1767253500,85275.47,85345.39,85177.15,85307.66,1780996
2026-01-01 14:15:00,1767257100,85308.05,85340.17,85153.44,85180.66,4282659
2026-01-01 15:15:00,1767260700,85170.04,85206.44,85101.52,85172.11,1708714
2026-01-02 09:15:00,1767325500,85259.36,85605.55,85068.88,85543.14,6973178
2026-01-02 10:15:00,1767329100,85543.91,85582.86,85481.16,85505.15,6985640
2026-01-02 11:15:00,1767332700,85504.51,85658.35,85503.98,85631.73,4073686
2026-01-02 12:15:00,1767336300,85630.97,85706.49,85596.1,85657.53,2447411
2026-01-02 13:15:00,1767339900,85657.35,85692.72,85632.24,85661.31,1156410
2026-01-02 14:15:00,1767343500,85661.21,85776.8,85546.8,85748.22,1663000
2026-01-02 15:15:00,1767347100,85741.54,85810.29,85732.45,85810.29,758508
2026-01-05 09:15:00,1767584700,85640.05,85800.87,85516.75,85773.44,4993181
2026-01-05 10:15:00,1767588300,85771.44,85883.5,85752.97,85816.86,1846295
2026-01-05 11:15:00,1767591900,85817.21,85831.84,85652.63,85728.65,1538647
2026-01-05 12:15:00,1767595500,85731.13,85770.31,85637.15,85644.22,1128606
2026-01-05 13:15:00,1767599100,85638.15,85664.76,85324.66,85371.01,1242644
2026-01-05 14:15:00,1767602700,85369.07,85562.47,85315.33,85440.23,1275213
2026-01-05 15:15:00,1767606300,85441.02,85445.93,85381.89,85434.63,605181
2026-01-06 09:15:00,1767671100,85331.14,85397.78,85007.67,85301.77,3047762
2026-01-06 10:15:00,1767674700,85300.98,85332.98,85119.1,85128.32,3141698
2026-01-06 11:15:00,1767678300,85135.49,85152.42,84958.27,85046.72,10732366
2026-01-06 12:15:00,1767681900,85047.18,85109.09,84982.86,85050.92,1650126
2026-01-06 13:15:00,1767685500,85055.48,85062.17,84900.1,84923.32,2058212
2026-01-06 14:15:00,1767689100,84922.04,85093.69,84905.98,85060.05,2247603
2026-01-06 15:15:00,1767692700,85055.35,85091.25,85025.57,85027.58,653747
2026-01-07 09:15:00,1767757500,84620.4,85039.48,84617.49,84985.77,4145932
2026-01-07 10:15:00,1767761100,84991.82,85075.99,84864.98,84979.88,2123380
2026-01-07 11:15:00,1767764700,84979.39,85022.94,84826.79,84840.65,928807
2026-01-07 12:15:00,1767768300,84840.67,84857.55,84728.6,84820.64,5385145
2026-01-07 13:15:00,1767771900,84820.99,84844.05,84707.99,84826.79,4923572
2026-01-07 14:15:00,1767775500,84825.38,84986.25,84741.53,84973.51,5960380
2026-01-07 15:15:00,1767779100,84974.68,84984.94,84931.49,84968.05,479139
2026-01-08 09:15:00,1767843900,84778.02,84965.27,84678.85,84774.62,12507477
2026-01-08 10:15:00,1767847500,84774.1,84774.1,84593.91,84597.98,4194085
2026-01-08 11:15:00,1767851100,84598.64,84637.39,84230.95,84370.52,1996070
2026-01-08 12:15:00,1767854700,84373.21,84417.36,84250.38,84329.09,1482175
2026-01-08 13:15:00,1767858300,84329.49,84406.4,84207.45,84369.81,1398497
2026-01-08 14:15:00,1767861900,84369.93,84428.73,84110.1,84187.72,3720352
2026-01-08 15:15:00,1767865500,84187.29,84210.29,84114.14,84162.02,2082996
2026-01-09 09:15:00,1767930300,84022.09,84406.22,84019.5,84121.44,3599485
2026-01-09 10:15:00,1767933900,84122.44,84235.16,83916.7,83916.7,2244627
2026-01-09 11:15:00,1767937500,83916.03,83987.71,83707.98,83721.24,1733850
2026-01-09 12:15:00,1767941100,83720.94,83771.14,83506.79,83575.26,1391130
2026-01-09 13:15:00,1767944700,83577.22,83703.99,83500.32,83507.06,1337908
2026-01-09 14:15:00,1767948300,83506.38,83638.12,83402.28,83610.94,1469306
2026-01-09 15:15:00,1767951900,83608.32,83639.53,83553.81,83638.66,727975
2026-01-12 09:15:00,1768189500,83435.31,83617.53,83043.45,83124.35,2879215
2026-01-12 10:15:00,1768193100,83116.03,83236.2,83038.09,83045.17,1318196
2026-01-12 11:15:00,1768196700,83047.07,83176.04,82861.07,83176.04,1488050
2026-01-12 12:15:00,1768200300,83175.37,83711.93,83156.99,83644.31,1059003
2026-01-12 13:15:00,1768203900,83641.86,83763.26,83543.39,83681.71,1032814
2026-01-12 14:15:00,1768207500,83680.18,83945.73,83610.03,83836.34,1171182
2026-01-12 15:15:00,1768211100,83838.19,83962.31,83838.19,83961.3,393526
2026-01-13 09:15:00,1768275900,84079.32,84258.03,83578.56,83726.66,3873699
2026-01-13 10:15:00,1768279500,83725.36,83996.99,83664.92,83865.3,1662522
2026-01-13 11:15:00,1768283100,83864.31,83980.8,83613.17,83613.17,1516582
2026-01-13 12:15:00,1768286700,83614.04,83659.06,83324.84,83413.51,1864251
2026-01-13 13:15:00,1768290300,83411.42,83490.63,83288.19,83346.03,1855679
2026-01-13 14:15:00,1768293900,83340.45,83725.77,83262.79,83674.6,2936722
2026-01-13 15:15:00,1768297500,83674.42,83710.68,83589.1,83608.88,644972
2026-01-14 09:15:00,1768362300,83358.54,83715.93,83288.13,83473.97,1929366
2026-01-14 10:15:00,1768365900,83470.69,83604.19,83358.45,83576.01,1849916
2026-01-14 11:15:00,1768369500,83559.47,83809.98,83533.3,83653.9,2788389
2026-01-14 12:15:00,1768373100,83657.55,83778.65,83603.01,83640.65,1140278
2026-01-14 13:15:00,1768376700,83640.08,83685.6,83254.9,83385.11,1932316
2026-01-14 14:15:00,1768380300,83385.71,83553.24,83185.2,83337.99,3086808
2026-01-14 15:15:00,1768383900,83345.78,83429.24,83294.76,83366.82,1322023
2026-01-16 09:15:00,1768535100,83670.79,83871.67,83510.34,83863.5,3871741
2026-01-16 10:15:00,1768538700,83859.81,84134.97,83859.17,83933.57,4277636
2026-01-16 11:15:00,1768542300,83932.22,83989.07,83803.54,83986.29,3564511
2026-01-16 12:15:00,1768545900,83986.64,83994.09,83590.25,83626.78,7243955
2026-01-16 13:15:00,1768549500,83626.81,83641.12,83456.5,83572.79,1245985
2026-01-16 14:15:00,1768553100,83572.42,83675.72,83513.55,83531.55,1840246
2026-01-16 15:15:00,1768556700,83527.62,83641.02,83526.61,83595.6,626041
2026-01-19 09:15:00,1768794300,83494.49,83539.93,82941.01,83011.8,6298482
2026-01-19 10:15:00,1768797900,83013.61,83126.72,82898.31,83049.63,2106120
2026-01-19 11:15:00,1768801500,83050.07,83105.64,82966.35,83034,1501055
2026-01-19 12:15:00,1768805100,83031.62,83170.65,82990.97,83066.26,1002529
2026-01-19 13:15:00,1768808700,83066.77,83396.7,83035.1,83274.11,1392180
2026-01-19 14:15:00,1768812300,83274.2,83408.4,83257.65,83288.82,1383366
2026-01-19 15:15:00,1768815900,83295.09,83306.97,83132.17,83140.15,406651
2026-01-20 09:15:00,1768880700,83207.38,83254.28,82812.32,82929.68,2154052
2026-01-20 10:15:00,1768884300,82925.58,83035.91,82851.59,82864.13,4231130
2026-01-20 11:15:00,1768887900,82859.82,83021.6,82817.61,82849.51,908224
2026-01-20 12:15:00,1768891500,82848.13,82870.43,82744.87,82765.37,1828849
2026-01-20 13:15:00,1768895100,82765.96,82822,82563.9,82599.47,1071113
2026-01-20 14:15:00,1768898700,82596.89,82693.72,82159.06,82160.99,1803508
2026-01-20 15:15:00,1768902300,82156.75,82232.82,82010.58,82153.74,966500
2026-01-21 09:15:00,1768967100,81794.65,82282.25,81793.23,81889.31,3390108
2026-01-21 10:15:00,1768970700,81891.11,81891.11,81124.45,81559.01,2172239
2026-01-21 11:15:00,1768974300,81557.12,81810.22,81469.31,81807.36,1503671
2026-01-21 12:15:00,1768977900,81811,82407.05,81772.7,82176.09,2329529
2026-01-21 13:15:00,1768981500,82181.22,82212.53,81880.54,81894.92,1473448
2026-01-21 14:15:00,1768985100,81894.32,82067.4,81827.58,81909.46,1581228
2026-01-21 15:15:00,1768988700,81909.75,81978.49,81863.18,81919.06,653064
2026-01-22 09:15:00,1769053500,82459.66,82783.18,82383.77,82574.07,5366756
2026-01-22 10:15:00,1769057100,82572.08,82614.64,81981.79,82025.1,8303927
2026-01-22 11:15:00,1769060700,82024.15,82257.25,81915.85,82123.28,4514458
2026-01-22 12:15:00,1769064300,82130.45,82260.12,81958.11,81958.11,2222822
2026-01-22 13:15:00,1769067900,81957.41,82143.68,81876.61,81941.9,1942065
2026-01-22 14:15:00,1769071500,81940.88,82397.06,81874.39,82280.44,2751204
2026-01-22 15:15:00,1769075100,82281.1,82438.22,82278.16,82369.5,1311932
2026-01-23 09:15:00,1769139900,82335.94,82516.27,82175.36,82246.11,5048500
2026-01-23 10:15:00,1769143500,82244.8,82343.82,82131.49,82274.98,2391089
2026-01-23 11:15:00,1769147100,82275.46,82281.97,81947.52,81947.85,3941119
2026-01-23 12:15:00,1769150700,81950.55,82128.17,81920.7,81987.33,1987263
2026-01-23 13:15:00,1769154300,81986.64,81986.64,81510.58,81563.49,2031702
2026-01-23 14:15:00,1769157900,81566.67,81710.87,81475.73,81539.07,3639697
2026-01-23 15:15:00,1769161500,81539.8,81592.16,81471.82,81575.99,580721
2026-01-27 09:15:00,1769485500,81436.79,81844.75,81088.59,81719.04,5527250
2026-01-27 10:15:00,1769489100,81720.28,81899.83,81236.65,81385.69,2553429
2026-01-27 11:15:00,1769492700,81385.71,81812.67,81369.21,81683.66,2372237
2026-01-27 12:15:00,1769496300,81683.62,81733.99,81465.72,81580.37,2485842
2026-01-27 13:15:00,1769499900,81580.13,81704.61,81310.85,81429.7,9740459
2026-01-27 14:15:00,1769503500,81433.46,81842.37,81355.48,81815.59,3037629
2026-01-27 15:15:00,1769507100,81816.36,82084.92,81809.36,82052.32,915528
2026-01-28 09:15:00,1769571900,81892.36,82503.97,81887.93,82130.43,10213143
2026-01-28 10:15:00,1769575500,82131.44,82370.07,82070.04,82341.5,5042360
2026-01-28 11:15:00,1769579100,82339.6,82422.8,82218.62,82291.76,6278600
2026-01-28 12:15:00,1769582700,82293.05,82299.96,82054.57,82137.34,1832089
2026-01-28 13:15:00,1769586300,82138.29,82175.38,81814.75,81898.33,2711848
2026-01-28 14:15:00,1769589900,81895.1,82361.14,81859.14,82286.48,5906612
2026-01-28 15:15:00,1769593500,82291.74,82395.76,82291.74,82339.07,1103166
2026-01-29 09:15:00,1769658300,82368.96,82386.79,81707.94,81890.74,4988798
2026-01-29 10:15:00,1769661900,81891,82067.04,81751.42,82031.98,2164905
2026-01-29 11:15:00,1769665500,82030.54,82180.27,81978.45,82141.85,2964593
2026-01-29 12:15:00,1769669100,82142.58,82444.85,82079.74,82391.48,2105282
2026-01-29 13:15:00,1769672700,82391.21,82628.52,82282.4,82557.43,2210942
2026-01-29 14:15:00,1769676300,82555.51,82689.96,82487.48,82525.36,4502975
2026-01-29 15:15:00,1769679900,82521.42,82631.54,82480.63,82532.41,4492289
2026-01-30 09:15:00,1769744700,81947.31,82272.68,81941.03,82267.52,3892265
2026-01-30 10:15:00,1769748300,82266.73,82282.39,82038.47,82057.75,2583493
2026-01-30 11:15:00,1769751900,82057.44,82182.14,81997.99,82173.27,2255432
2026-01-30 12:15:00,1769755500,82176.89,82241.78,82017.9,82059.91,1343656
2026-01-30 13:15:00,1769759100,82060.12,82430.82,81969.29,82373.06,1257017
2026-01-30 14:15:00,1769762700,82371.85,82402.74,82167.73,82267.5,1663816
2026-01-30 15:15:00,1769766300,82265.25,82352.31,82241.47,82261.15,834023
2026-02-01 09:15:00,1769917500,82388.97,82499.5,82119.31,82410.22,3322517
2026-02-01 10:15:00,1769921100,82411.34,82726.65,82384.06,82629.89,1724665
2026-02-01 11:15:00,1769924700,82634.38,82634.38,82006.22,82084.91,3588070
2026-02-01 12:15:00,1769928300,82087.53,82132.62,79899.42,81724.97,6282183
2026-02-01 13:15:00,1769931900,81724.46,81844.35,81269.43,81363.4,2075766
2026-02-01 14:15:00,1769935500,81373.12,81620.12,80845.64,80856.98,2014389
2026-02-01 15:15:00,1769939100,80854.19,80854.19,80416.08,80484.41,1405528
2026-02-02 09:15:00,1770003900,80555.68,81211.31,80480.61,80854.09,3527542
2026-02-02 10:15:00,1770007500,80847.5,80987.45,80471.03,80551.29,1801401
2026-02-02 11:15:00,1770011100,80551.15,81133.65,80387.25,81133.65,1799113
2026-02-02 12:15:00,1770014700,81128.87,81315.64,80990.28,81228.37,1328334
2026-02-02 13:15:00,1770018300,81227.84,81347.59,80954.71,81207.45,1538553
2026-02-02 14:15:00,1770021900,81207.25,81694.9,81144.34,81664.74,1537878
2026-02-02 15:15:00,1770025500,81660.06,81732.25,81552.02,81631.02,636464
2026-02-03 09:15:00,1770090300,85323.2,85871.73,83501.22,83575.78,10112741
2026-02-03 10:15:00,1770093900,83577.65,84085.83,83577.65,83980.37,2202457
2026-02-03 11:15:00,1770097500,83981.59,84199.46,83930.78,84117.84,1594506
2026-02-03 12:15:00,1770101100,84121.25,84121.25,83893.8,83930.93,1431642
2026-02-03 13:15:00,1770104700,83930.15,84008.49,83766.01,83878.92,1738870
2026-02-03 14:15:00,1770108300,83882,83950.25,83645.97,83731.58,1732577
2026-02-03 15:15:00,1770111900,83733.78,83824.84,83663.56,83703.39,866293
2026-02-04 09:15:00,1770176700,83252.06,83885.87,83119.95,83817.64,4370458
2026-02-04 10:15:00,1770180300,83818.67,83828.94,83555.81,83661.98,2329980
2026-02-04 11:15:00,1770183900,83660.3,83690.87,83509.07,83688.08,2201223
2026-02-04 12:15:00,1770187500,83687.24,83763.03,83552.18,83673.2,5446804
2026-02-04 13:15:00,1770191100,83671.16,83864.01,83650.89,83853.42,2036252
2026-02-04 14:15:00,1770194700,83853.22,83947.53,83808.02,83834.71,2413955
2026-02-04 15:15:00,1770198300,83833.7,83882.29,83692.9,83713.53,956219
2026-02-05 09:15:00,1770263100,83757.54,83784.17,83313.46,83522.06,3079213
2026-02-05 10:15:00,1770266700,83514.55,83601.78,83309.17,83499.01,4469732
2026-02-05 11:15:00,1770270300,83498.64,83538.44,83320.85,83348.62,2968246
2026-02-05 12:15:00,1770273900,83352,83403.41,83270.68,83342.64,2683229
2026-02-05 13:15:00,1770277500,83365.46,83418.56,83151.62,83219.72,2543575
2026-02-05 14:15:00,1770281100,83218.85,83428.23,83196.32,83340.22,6509175
2026-02-05 15:15:00,1770284700,83343.74,83346.99,83225.28,83311.38,2712051
2026-02-06 09:15:00,1770349500,83249.32,83331.35,82945.56,82987.28,2208746
2026-02-06 10:15:00,1770353100,82986.58,83185.43,82925.35,83185.43,2156955
2026-02-06 11:15:00,1770356700,83189.33,83457.76,83160.13,83310.22,3980909
2026-02-06 12:15:00,1770360300,83311.67,83314.35,83054.22,83165.57,2808824
2026-02-06 13:15:00,1770363900,83165.28,83404.65,83140.31,83337.14,1435162
2026-02-06 14:15:00,1770367500,83336.23,83612.12,83297.53,83594.93,2597017
2026-02-06 15:15:00,1770371100,83590.37,83609.24,83481.54,83531.1,820896
2026-02-09 09:15:00,1770608700,84177.51,84314.68,83860.42,83908.34,4496239
2026-02-09 10:15:00,1770612300,83908.31,84103.57,83888.2,84072.04,2055949
2026-02-09 11:15:00,1770615900,84074.95,84092.04,83966.59,84041.36,3374445
2026-02-09 12:15:00,1770619500,84042.06,84071.84,83928.67,84018.44,1446555
2026-02-09 13:15:00,1770623100,84015.46,84051.18,83975.57,83997.25,972992
2026-02-09 14:15:00,1770626700,83999.06,84083.21,83978.01,84066.76,1640834
2026-02-09 15:15:00,1770630300,84062.75,84079.97,84016.11,84043.49,515579
2026-02-10 09:15:00,1770695100,84210,84400.13,84063.47,84320.36,16293950
2026-02-10 10:15:00,1770698700,84320.3,84447.37,84318.9,84389.64,9939713
2026-02-10 11:15:00,1770702300,84385.09,84405.25,84336.82,84381.55,6874989
2026-02-10 12:15:00,1770705900,84382.07,84482.95,84336.59,84435.59,5723615
2026-02-10 13:15:00,1770709500,84437.08,84456.58,84157.12,84224.51,2055597
2026-02-10 14:15:00,1770713100,84225.9,84392.12,84196.5,84277.72,3833566
2026-02-10 15:15:00,1770716700,84274.6,84290.06,84184.37,84225.38,687622
2026-02-11 09:15:00,1770781500,84339.15,84487.34,84146.37,84184.91,12238697
2026-02-11 10:15:00,1770785100,84187.08,84382.56,84181.72,84294.78,2920772
2026-02-11 11:15:00,1770788700,84295.61,84363.17,84192.95,84276.55,1500505
2026-02-11 12:15:00,1770792300,84274.74,84275.29,84081.25,84159.57,1962175
2026-02-11 13:15:00,1770795900,84160.47,84301.37,84147.34,84252.6,1632871
2026-02-11 14:15:00,1770799500,84253.04,84295.22,84165.77,84249.6,2967169
2026-02-11 15:15:00,1770803100,84253.6,84256.57,84187.91,84197.97,570726
2026-02-12 09:15:00,1770867900,83968.43,84061.62,83795.65,83976.24,8142609
2026-02-12 10:15:00,1770871500,83970.94,83991.76,83840.77,83866.29,5559515
2026-02-12 11:15:00,1770875100,83862.28,83863.01,83690.95,83786.27,5764128
2026-02-12 12:15:00,1770878700,83787.26,83863.45,83760.94,83803.12,1457411
2026-02-12 13:15:00,1770882300,83801.22,83931.35,83682.22,83739.74,1992468
2026-02-12 14:15:00,1770885900,83732.66,83802.77,83516.67,83674.4,7541877
2026-02-12 15:15:00,1770889500,83671.26,83720.72,83599.59,83620.64,6295427
2026-02-13 09:15:00,1770954300,82902.73,83079.7,82791.52,82835.03,6980242
2026-02-13 10:15:00,1770957900,82832.35,82981.99,82771.75,82880.17,10907352
2026-02-13 11:15:00,1770961500,82886.48,82953.18,82796.72,82935.49,1725839
2026-02-13 12:15:00,1770965100,82933.98,83038.75,82796.9,82944.87,2102107
2026-02-13 13:15:00,1770968700,82945.04,82983.32,82698.48,82800.86,5383926
2026-02-13 14:15:00,1770972300,82804.73,82817.31,82614.5,82620.38,2135571
2026-02-13 15:15:00,1770975900,82619.92,82664.87,82534.55,82591.27,906218
2026-02-16 09:15:00,1771213500,82480.4,82884.78,82276.95,82852.65,5179695
2026-02-16 10:15:00,1771217100,82854.05,82905.13,82718.63,82790.91,8652285
2026-02-16 11:15:00,1771220700,82791.53,82859.6,82698.69,82842.74,4607110
2026-02-16 12:15:00,1771224300,82840.89,82982.71,82790.05,82920.15,10116310
2026-02-16 13:15:00,1771227900,82920.07,82989.36,82836.34,82934.6,1680858
2026-02-16 14:15:00,1771231500,82933.55,83333.49,82931.18,83303.9,2077535
2026-02-16 15:15:00,1771235100,83308,83321.32,83251.14,83294.49,1428797
2026-02-17 09:15:00,1771299900,83197.67,83361.28,82987.43,83348.52,3429750
2026-02-17 10:15:00,1771303500,83350.21,83523.22,83255.02,83342.78,2679088
2026-02-17 11:15:00,1771307100,83342.63,83587.66,83329.68,83493.74,1447136
2026-02-17 12:15:00,1771310700,83495.79,83588.89,83440.88,83498.03,1322247
2026-02-17 13:15:00,1771314300,83499.38,83598,83293.61,83303.32,997709
2026-02-17 14:15:00,1771317900,83304.09,83519.39,83284.26,83446.54,1534720
2026-02-17 15:15:00,1771321500,83446.45,83481.77,83422.2,83434.1,499893
2026-02-18 09:15:00,1771386300,83553.59,83603.56,83182.56,83235.96,6317888
2026-02-18 10:15:00,1771389900,83236.32,83395.8,83163.62,83330.62,2809326
2026-02-18 11:15:00,1771393500,83332.97,83434.08,83277.87,83390.32,2212665
2026-02-18 12:15:00,1771397100,83393.28,83495.14,83368.78,83442.6,1722485
2026-02-18 13:15:00,1771400700,83447.57,83542.23,83326.35,83521.95,1102897
2026-02-18 14:15:00,1771404300,83522.05,83768.55,83509.97,83739,1547420
2026-02-18 15:15:00,1771407900,83739.86,83770.05,83671.55,83691.01,748555
2026-02-19 09:15:00,1771472700,83969.82,83979.36,83512.48,83544.84,2253118
2026-02-19 10:15:00,1771476300,83550.8,83561.82,83365.49,83373.93,1424248
2026-02-19 11:15:00,1771479900,83373.67,83387.12,82996.68,82998.79,772579
2026-02-19 12:15:00,1771483500,82998.66,83115.59,82864.29,83037.57,978158
2026-02-19 13:15:00,1771487100,83036.05,83087.79,82777.74,82852.14,1414487
2026-02-19 14:15:00,1771490700,82849.31,82983.58,82419.78,82455.04,3289080
2026-02-19 15:15:00,1771494300,82459.77,82464.02,82264.2,82348.18,808874
2026-02-20 09:15:00,1771559100,82272.49,82670.21,82206.21,82544.51,2350083
2026-02-20 10:15:00,1771562700,82545.29,82946,82545.29,82790.78,1709061
2026-02-20 11:15:00,1771566300,82791.09,82974.39,82790.98,82926.8,2949390
2026-02-20 12:15:00,1771569900,82921.91,83132.08,82718.01,82766.23,1710744
2026-02-20 13:15:00,1771573500,82765.74,82956,82691.02,82906.72,5297747
2026-02-20 14:15:00,1771577100,82911.49,83086.96,82781.66,82795.57,3094226
2026-02-20 15:15:00,1771580700,82797.05,82848.12,82705.02,82794.82,1318259
2026-02-23 09:15:00,1771818300,82906.83,83486.15,82906.83,83278.43,7295947
2026-02-23 10:15:00,1771821900,83283.1,83344.5,83075.98,83239.93,2075006
2026-02-23 11:15:00,1771825500,83240.98,83245.15,83062.82,83152.44,1573538
2026-02-23 12:15:00,1771829100,83157.83,83239.32,83054.97,83087.73,2071228
2026-02-23 13:15:00,1771832700,83087.08,83211.21,82979.28,83041.83,2515582
2026-02-23 14:15:00,1771836300,83043.48,83347.7,83017.73,83279.78,2426632
2026-02-23 15:15:00,1771839900,83274.5,83330.52,83236.46,83290.81,564105
2026-02-24 09:15:00,1771904700,83052.54,83079.51,82478.13,82478.13,4057336
2026-02-24 10:15:00,1771908300,82479.8,82584.39,82410.99,82556.23,2834964
2026-02-24 11:15:00,1771911900,82555.96,82611.97,82349.4,82413.58,2577739
2026-02-24 12:15:00,1771915500,82415.17,82415.17,82134.16,82251.16,3297027
2026-02-24 13:15:00,1771919100,82249.46,82320.36,81934.73,82283.85,3065065
2026-02-24 14:15:00,1771922700,82285.21,82333.79,82045.99,82210.09,3391110
2026-02-24 15:15:00,1771926300,82208.02,82342.42,82184.64,82323.31,888417
2026-02-25 09:15:00,1771991100,82530.12,82908.12,82488.26,82896.86,4187735
2026-02-25 10:15:00,1771994700,82896.75,82957.91,82739.39,82759.25,4488764
2026-02-25 11:15:00,1771998300,82757.16,82798.26,82645.81,82688.6,1951524
2026-02-25 12:15:00,1772001900,82686.83,82737.1,82167.76,82245.49,3075987
2026-02-25 13:15:00,1772005500,82247.39,82320.21,82132.63,82221.96,1893377
2026-02-25 14:15:00,1772009100,82225.27,82376.97,82144.86,82266.89,1939843
2026-02-25 15:15:00,1772012700,82260.42,82304.89,82239.07,82274.98,1601805
2026-02-26 09:15:00,1772077500,82418.78,82579.16,82244.99,82523.98,106838959
2026-02-26 10:15:00,1772081100,82525.96,82532.23,82296.8,82411.18,3297290
2026-02-26 11:15:00,1772084700,82410.03,82549.98,82130.33,82174.36,4229503
2026-02-26 12:15:00,1772088300,82177.02,82234.83,81983.96,82074.93,1636712
2026-02-26 13:15:00,1772091900,82076.36,82175.29,81970.47,82140.74,1556587
2026-02-26 14:15:00,1772095500,82142.05,82412.44,82067.85,82205.37,3288403
2026-02-26 15:15:00,1772099100,82206.74,82287.01,82198.07,82230.55,1551072
2026-02-27 09:15:00,1772163900,82220.48,82246.17,81727,81760.74,4900933
2026-02-27 10:15:00,1772167500,81761.51,81852.1,81673.38,81790.1,2226457
2026-02-27 11:15:00,1772171100,81796.96,81820.11,81620.67,81663.56,1707847
2026-02-27 12:15:00,1772174700,81662.71,81735.43,81589.21,81639.16,1949946
2026-02-27 13:15:00,1772178300,81639.75,81841.19,81602.53,81744.43,1586743
2026-02-27 14:15:00,1772181900,81744.89,81760.07,81159.15,81247.4,2075049
2026-02-27 15:15:00,1772185500,81238.41,81334.27,81231.8,81316.53,1282039
2026-03-02 09:15:00,1772423100,78543.73,80632.55,78543.73,80302.08,8319151
2026-03-02 10:15:00,1772426700,80298.59,80330.62,80099.49,80190.19,5112713
2026-03-02 11:15:00,1772430300,80187.82,80199.15,79882.03,79889.35,2837937
2026-03-02 12:15:00,1772433900,79886.19,79901.12,79659.36,79707.11,2873430
2026-03-02 13:15:00,1772437500,79707.88,80012.37,79421.05,79976.28,4463203
2026-03-02 14:15:00,1772441100,79980.39,80344.62,79771.02,80344.53,5787191
2026-03-02 15:15:00,1772444700,80345.64,80371.46,80141.24,80195.59,778118
2026-03-04 09:15:00,1772595900,78528.82,78928.92,78443.2,78810.33,7472158
2026-03-04 10:15:00,1772599500,78808.85,79016.3,78709.9,78901.9,3334987
2026-03-04 11:15:00,1772603100,78906.51,78950.11,78670.46,78781.92,2795810
2026-03-04 12:15:00,1772606700,78783.75,79034.26,78718.16,79033.28,1466963
2026-03-04 13:15:00,1772610300,79031.51,79358.54,78875.78,79352.63,2164334
2026-03-04 14:15:00,1772613900,79358.07,79527.41,79028.24,79075.92,3679759
2026-03-04 15:15:00,1772617500,79077.16,79150.58,79023.12,79120.74,733495
2026-03-05 09:15:00,1772682300,79530.48,79666.46,79227.16,79425.56,3134251
2026-03-05 10:15:00,1772685900,79423.81,79680.66,79217.14,79604.93,3861561
2026-03-05 11:15:00,1772689500,79606.12,79664.18,79304.51,79494.37,2769537
2026-03-05 12:15:00,1772693100,79496.13,79658.04,79422.32,79554.47,2584149
2026-03-05 13:15:00,1772696700,79554.92,79647.63,79254.74,79271.4,2161930
2026-03-05 14:15:00,1772700300,79271.26,80303.83,79201.69,79821.26,6018756
2026-03-05 15:15:00,1772703900,79828.84,79988.93,79773,79927.11,1638348
2026-03-06 09:15:00,1772768700,79658.99,79753.03,79443.47,79623.62,3335900
2026-03-06 10:15:00,1772772300,79623.37,79691.71,79394.82,79522.32,2272483
2026-03-06 11:15:00,1772775900,79517.81,79605.95,79432.48,79457.2,1495819
2026-03-06 12:15:00,1772779500,79452.98,79492.5,79345.67,79395.98,1300829
2026-03-06 13:15:00,1772783100,79394.84,79474.69,79208.31,79353.91,1321675
2026-03-06 14:15:00,1772786700,79354.14,79455.19,78864.67,78897.89,7300474
2026-03-06 15:15:00,1772790300,78893.18,79012.72,78812.18,78988.3,987776
2026-03-09 09:15:00,1773027900,77056.75,77333.85,76424.55,76825.92,7557898
2026-03-09 10:15:00,1773031500,76819.7,77178.55,76651.28,76935.63,2434831
2026-03-09 11:15:00,1773035100,76934.7,77277.81,76832.73,77002.89,1395992
2026-03-09 12:15:00,1773038700,77003.02,77202.39,76923.71,77059.93,1455819
2026-03-09 13:15:00,1773042300,77061.24,77245.54,76993.88,77098.9,1235566
2026-03-09 14:15:00,1773045900,77099.98,77711.35,77042.96,77656.67,1928852
2026-03-09 15:15:00,1773049500,77646.39,77686.54,77478.1,77509.95,498584
2026-03-10 09:15:00,1773114300,78375.73,78526.25,77745.47,77942.71,3356347
2026-03-10 10:15:00,1773117900,77942.41,78196.79,77938.19,78154.82,1832879
2026-03-10 11:15:00,1773121500,78159.02,78247.31,77984.08,77984.08,1227724
2026-03-10 12:15:00,1773125100,77983.99,78141.94,77852.12,78054.62,5295492
2026-03-10 13:15:00,1773128700,78046.67,78323.08,77972.7,78300.8,1533975
2026-03-10 14:15:00,1773132300,78300.85,78339.77,78037.33,78198.64,3830761
2026-03-10 15:15:00,1773135900,78199.76,78333.71,78182.1,78293.1,4861728
2026-03-11 09:15:00,1773200700,78238.91,78324.37,77679.65,77721.14,5001292
2026-03-11 10:15:00,1773204300,77718.31,77764.72,77444.89,77522.53,1785811
2026-03-11 11:15:00,1773207900,77524.99,77529.1,77160.83,77300.44,2430295
2026-03-11 12:15:00,1773211500,77301.72,77351.79,77041.47,77064.06,2364438
2026-03-11 13:15:00,1773215100,77063.42,77312.35,77008.53,77105.62,2154434
2026-03-11 14:15:00,1773218700,77102.28,77202.67,76810.14,76842.14,1767418
2026-03-11 15:15:00,1773222300,76859.64,76917.05,76759.26,76797.55,768984
2026-03-12 09:15:00,1773287100,76369.65,76369.65,75871.18,76068.05,8137978
2026-03-12 10:15:00,1773290700,76068.42,76576.49,76001.76,76454.13,2212854
2026-03-12 11:15:00,1773294300,76451.54,76497.21,76205.48,76461.49,1996217
2026-03-12 12:15:00,1773297900,76467.07,76510.05,76158.96,76322.86,1655169
2026-03-12 13:15:00,1773301500,76322.1,76681.71,76246,76402.21,2171404
2026-03-12 14:15:00,1773305100,76402.93,76479.42,75937.02,76007.32,4674429
2026-03-12 15:15:00,1773308700,76006.26,76100.82,75963.41,76076.41,1708063
2026-03-13 09:15:00,1773373500,75444.22,75576.2,75083.85,75142.62,4274139
2026-03-13 10:15:00,1773377100,75134.94,75283.25,75070.66,75107.38,3249200
2026-03-13 11:15:00,1773380700,75105.65,75384.78,75070.44,75151.91,2829938
2026-03-13 12:15:00,1773384300,75150.14,75159.07,74667.49,74669.02,2251486
2026-03-13 13:15:00,1773387900,74664.79,74734.06,74454.6,74724.32,2512456
2026-03-13 14:15:00,1773391500,74732.73,74914.55,74490.64,74591.6,2292994
2026-03-13 15:15:00,1773395100,74587.99,74657.67,74513.93,74646.63,826485
2026-03-16 09:15:00,1773632700,74415.79,74983.29,74384.61,74540,4536297
2026-03-16 10:15:00,1773636300,74544.99,74547.15,73949.76,74375.54,3016910
2026-03-16 11:15:00,1773639900,74373.38,74762.1,74371.29,74603.26,1577767
2026-03-16 12:15:00,1773643500,74605.65,74725.9,74411.07,74517.69,1911486
2026-03-16 13:15:00,1773647100,74520.2,74712.1,74425.83,74642.67,1224871
2026-03-16 14:15:00,1773650700,74644.2,75805.27,74575.7,75606.73,3681354
2026-03-16 15:15:00,1773654300,75601.39,75610.8,75278.69,75306.97,577155
2026-03-17 09:15:00,1773719100,75826.68,75871.9,75324.73,75852.55,4977632
2026-03-17 10:15:00,1773722700,75856.41,76014.31,75591.5,75677.09,2204822
2026-03-17 11:15:00,1773726300,75678.03,75682.57,75329.25,75583.71,1103599
2026-03-17 12:15:00,1773729900,75581.69,75907.81,75417.89,75907.54,1286894
2026-03-17 13:15:00,1773733500,75907.82,76137.15,75822.05,76124.22,2265027
2026-03-17 14:15:00,1773737100,76124.14,76304.26,75892.24,76163.58,21753083
2026-03-17 15:15:00,1773740700,76164.41,76164.41,75935.37,76006.31,1519551
2026-03-18 09:15:00,1773805500,76367.55,76609.46,76187.92,76318.35,6563325
2026-03-18 10:15:00,1773809100,76323.96,76775.49,76321.98,76768.4,1920962
2026-03-18 11:15:00,1773812700,76768.21,76929.3,76707.85,76748.1,2832371
2026-03-18 12:15:00,1773816300,76750.67,76827.38,76663.99,76826.98,3292262
2026-03-18 13:15:00,1773819900,76826.34,76988.23,76768.71,76859.49,2349549
2026-03-18 14:15:00,1773823500,76860.04,77000.22,76667.69,76724.06,1531760
2026-03-18 15:15:00,1773827100,76725.86,76749.54,76541.44,76678.3,777024
2026-03-19 09:15:00,1773891900,74750.92,75354.18,74685.52,74920.33,9742934
2026-03-19 10:15:00,1773895500,74915.94,75190.32,74791.22,74853.06,3285558
2026-03-19 11:15:00,1773899100,74863.35,75080.27,74818.02,75053.35,4867816
2026-03-19 12:15:00,1773902700,75057.46,75129.03,74853.55,74871.1,2307922
2026-03-19 13:15:00,1773906300,74865.65,74936.48,74510.27,74594.21,1672110
2026-03-19 14:15:00,1773909900,74596.91,74683.64,73950.95,74126.67,6707717
2026-03-19 15:15:00,1773913500,74116,74504.27,74096.53,74504.27,2241666
2026-03-20 09:15:00,1773978300,74559.38,75204.64,74535.26,74999.37,5654159
2026-03-20 10:15:00,1773981900,75000.34,75213.28,74868.39,75106.29,2658066
2026-03-20 11:15:00,1773985500,75114.39,75286.39,74826.83,74896.22,2564884
2026-03-20 12:15:00,1773989100,74896.06,74971.48,74548.8,74894.07,2153587
2026-03-20 13:15:00,1773992700,74895.67,75043.65,74764.49,74801.87,1163160
2026-03-20 14:15:00,1773996300,74803.02,74824.09,74385.04,74511.33,3371537
2026-03-20 15:15:00,1773999900,74508.92,74629.68,74421.26,74595.78,1329995
2026-03-23 09:15:00,1774237500,73732.58,73732.58,72825.4,72838.31,5464180
2026-03-23 10:15:00,1774241100,72835.31,72889.04,72628.35,72791.62,2182143
2026-03-23 11:15:00,1774244700,72796.42,72840.85,72639.88,72739.39,1811512
2026-03-23 12:15:00,1774248300,72737.69,72809.26,72558.44,72605.29,2134737
2026-03-23 13:15:00,1774251900,72617.83,73200.02,72609.51,73074.16,3058225
2026-03-23 14:15:00,1774255500,73075.51,73177.74,72640.95,72690.12,3083057
2026-03-23 15:15:00,1774259100,72686.86,72687.39,72583.09,72619.69,1390163
2026-03-24 09:15:00,1774323900,74212.47,74212.47,73262.39,73349.42,7225775
2026-03-24 10:15:00,1774327500,73348.38,73552.59,73084.46,73285.71,2218413
2026-03-24 11:15:00,1774331100,73304.51,73706.94,73280.13,73488.04,1794663
2026-03-24 12:15:00,1774334700,73488.33,74363.67,73472.1,74245.9,3466483
2026-03-24 13:15:00,1774338300,74249.38,74489.39,74135.24,74290.52,2469968
2026-03-24 14:15:00,1774341900,74285.62,74418.54,73946.76,74020.85,2476017
2026-03-24 15:15:00,1774345500,74016.11,74225.54,73948.87,74225.54,825021
2026-03-25 09:15:00,1774410300,74652.01,75321.22,74550.47,75274.75,6590275
2026-03-25 10:15:00,1774413900,75277.69,75728.17,75212.8,75728.12,4302064
2026-03-25 11:15:00,1774417500,75729.6,75766.15,75433.52,75758.95,3594338
2026-03-25 12:15:00,1774421100,75755.41,75849.76,75507.57,75588.51,3133661
2026-03-25 13:15:00,1774424700,75585.84,75809.28,75502.88,75537.52,2976630
2026-03-25 14:15:00,1774428300,75538.52,75590.1,75189.04,75260.28,6685769
2026-03-25 15:15:00,1774431900,75262.26,75309.1,75153.67,75285.16,3419627
2026-03-27 09:15:00,1774583100,74883.79,74904.91,74189.04,74203.31,6195704
2026-03-27 10:15:00,1774586700,74203.55,74383.62,74097.3,74209.52,2357063
2026-03-27 11:15:00,1774590300,74211.98,74211.98,73960.45,74016.61,2392601
2026-03-27 12:15:00,1774593900,74016.12,74118.72,73916.72,74013.87,1675171
2026-03-27 13:15:00,1774597500,74014.19,74160.96,73792.52,73889.32,4144835
2026-03-27 14:15:00,1774601100,73887.97,73900.04,73555.16,73573.63,4818167
2026-03-27 15:15:00,1774604700,73575.68,73676.74,73534.41,73664.15,1307930
2026-03-30 09:15:00,1774842300,72565.22,73165.32,72391.98,72775.44,6033942
2026-03-30 10:15:00,1774845900,72774.18,72799.46,72350.18,72433.13,3377984
2026-03-30 11:15:00,1774849500,72435.94,72751.77,72326.54,72687.2,4259956
2026-03-30 12:15:00,1774853100,72683.09,72755.5,72427.85,72487.7,2162390
2026-03-30 13:15:00,1774856700,72488.61,72531.25,72218.31,72226.54,2977831
2026-03-30 14:15:00,1774860300,72224.79,72252.41,71774.13,71932.55,5832031
2026-03-30 15:15:00,1774863900,71931.65,72164.82,71903.98,72100.15,1734082
2026-04-01 09:15:00,1775015100,73762.43,73964.58,73546.51,73733.03,6550569
2026-04-01 10:15:00,1775018700,73729.85,73770.23,73325.83,73404.05,2194729
2026-04-01 11:15:00,1775022300,73406.61,73761.65,73339.66,73740.21,2218403
2026-04-01 12:15:00,1775025900,73738.61,73823.86,73608.19,73823.86,1710685
2026-04-01 13:15:00,1775029500,73827.63,73878.69,73056.77,73388.59,3834331
2026-04-01 14:15:00,1775033100,73389.89,73417.1,72971.68,73096.76,2852338
2026-04-01 15:15:00,1775036700,73095.41,73251.23,73088.06,73245.56,907477
2026-04-02 09:15:00,1775101500,72262.05,72262.05,71545.81,71713.16,10739783
2026-04-02 10:15:00,1775105100,71714.34,71771.1,71553.3,71683.7,4429592
2026-04-02 11:15:00,1775108700,71680.96,71891.48,71590.84,71812.86,3059890
2026-04-02 12:15:00,1775112300,71809.34,72228.35,71689.87,72112.34,3625870
2026-04-02 13:15:00,1775115900,72111.13,72984.33,72091.48,72964.58,2441584
2026-04-02 14:15:00,1775119500,72966.35,73493.94,72806.81,73473.59,5190384
2026-04-02 15:15:00,1775123100,73471.93,73568.54,73157.31,73315.38,3330991
2026-04-06 09:15:00,1775447100,73477.53,73588.75,72790.49,73069.04,4519891
2026-04-06 10:15:00,1775450700,73072.88,73141.88,72728.66,72781.71,2245515
2026-04-06 11:15:00,1775454300,72782.04,73264.89,72776.06,73114.44,1360603
2026-04-06 12:15:00,1775457900,73114.61,73766.22,73050.14,73743.01,2013260
2026-04-06 13:15:00,1775461500,73748.96,73931.81,73707.03,73931.81,1356032
2026-04-06 14:15:00,1775465100,73927.74,74207.46,73834.27,74173.72,1751640
2026-04-06 15:15:00,1775468700,74179.02,74184.19,74068.95,74080.73,602726
2026-04-07 09:15:00,1775533500,73734.36,73958.04,73282.41,73941.34,3522174
2026-04-07 10:15:00,1775537100,73941.48,74073.71,73643.45,73759.59,1636217
2026-04-07 11:15:00,1775540700,73757.89,74186.43,73728.07,74019.5,1386469
2026-04-07 12:15:00,1775544300,74016.64,74049.64,73892.78,73998.09,1391495
2026-04-07 13:15:00,1775547900,74000.31,74405.23,73990.36,74235.73,2423716
2026-04-07 14:15:00,1775551500,74233.04,74643.95,74153.77,74564.28,2229752
2026-04-07 15:15:00,1775555100,74567.65,74686.32,74543.77,74623.35,718522
2026-04-08 09:15:00,1775619900,77290.63,77456.11,77042.15,77206.83,9947648
2026-04-08 10:15:00,1775623500,77202.64,77574.58,77165.87,77531.44,4201268
2026-04-08 11:15:00,1775627100,77530.46,77605.4,77288.41,77454.49,3800852
2026-04-08 12:15:00,1775630700,77454.14,77506.03,77234.91,77461.88,1897166
2026-04-08 13:15:00,1775634300,77462.05,77624.69,77375.36,77386.08,1752709
2026-04-08 14:15:00,1775637900,77386.81,77627.15,77383.88,77555.07,3862078
2026-04-08 15:15:00,1775641500,77550.7,77635.54,77523.59,77600.43,1890820
2026-04-09 09:15:00,1775706300,77319.33,77429.33,76624.35,76918.25,5489016
2026-04-09 10:15:00,1775709900,76918.19,77023.6,76765.32,76953.4,5485169
2026-04-09 11:15:00,1775713500,76954.74,77121.47,76818.87,77020.79,2610413
2026-04-09 12:15:00,1775717100,77019.64,77037.91,76724.31,76794.58,1867794
2026-04-09 13:15:00,1775720700,76798.96,76798.96,76557.85,76580.09,2385808
2026-04-09 14:15:00,1775724300,76575.19,76781.63,76347.9,76722.58,14072343
2026-04-09 15:15:00,1775727900,76719.56,76725.45,76590.97,76615.68,3435207
2026-04-10 09:15:00,1775792700,77121.01,77367.3,76851.16,77361.28,7172511
2026-04-10 10:15:00,1775796300,77366.68,77501.4,77286.26,77420.02,1788126
2026-04-10 11:15:00,1775799900,77418.39,77428.55,77210.6,77385.49,1607160
2026-04-10 12:15:00,1775803500,77386.88,77457.89,77331.02,77393.46,1352068
2026-04-10 13:15:00,1775807100,77394.25,77547.89,77378.54,77446.67,1583190
2026-04-10 14:15:00,1775810700,77447.78,77622.5,77192.75,77564.15,1808574
2026-04-10 15:15:00,1775814300,77560.18,77579.98,77515.29,77537.29,809104
2026-04-13 09:15:00,1776051900,75937.16,76339.3,75868.32,76249.95,5878292
2026-04-13 10:15:00,1776055500,76247.47,76559.82,76181.81,76489.41,6168938
2026-04-13 11:15:00,1776059100,76487.14,76731.57,76444.77,76721.65,2383727
2026-04-13 12:15:00,1776062700,76722.07,76839.53,76601.53,76740.08,1270662
2026-04-13 13:15:00,1776066300,76737.01,77063.41,76710.63,76902.6,1157004
2026-04-13 14:15:00,1776069900,76902.55,77045.51,76797.87,76859.36,1545625
2026-04-13 15:15:00,1776073500,76860.17,76866.1,76757.6,76796.94,671807
2026-04-15 09:15:00,1776224700,77981.1,78270.42,77849.52,78163.97,4542937
2026-04-15 10:15:00,1776228300,78164.14,78257.6,77923.56,77946.19,1496710
2026-04-15 11:15:00,1776231900,77945.66,78115.33,77903.57,78102.77,1757453
2026-04-15 12:15:00,1776235500,78102.88,78139.02,77987.04,78067.01,1579156
2026-04-15 13:15:00,1776239100,78065.43,78155.83,77954.23,78075.99,2945794
2026-04-15 14:15:00,1776242700,78080.42,78229.76,78031.05,78105.8,2763901
2026-04-15 15:15:00,1776246300,78102.45,78116.89,78030.89,78052.34,539975
2026-04-16 09:15:00,1776311100,78677.56,78730.32,78222.38,78367.16,7519987
2026-04-16 10:15:00,1776314700,78368.57,78497.6,78307.48,78409.69,2893120
2026-04-16 11:15:00,1776318300,78408.93,78460.68,77815.12,77942.11,4283303
2026-04-16 12:15:00,1776321900,77937.35,77959.65,77681.84,77739.77,4111829
2026-04-16 13:15:00,1776325500,77734.63,77985.6,77674.93,77900.58,2714219
2026-04-16 14:15:00,1776329100,77898.34,78171.31,77847.49,77939.41,9526249
2026-04-16 15:15:00,1776332700,77916.44,78021.74,77893.1,77951.47,2697331
2026-04-17 09:15:00,1776397500,77976.13,78292.11,77726.23,78269.62,4497531
2026-04-17 10:15:00,1776401100,78263.28,78358.14,78140.41,78242.46,2311727
2026-04-17 11:15:00,1776404700,78242.54,78415.82,78180.07,78291.52,1906826
2026-04-17 12:15:00,1776408300,78291.29,78317.52,78192.3,78272.81,1140203
2026-04-17 13:15:00,1776411900,78272.7,78369.33,78206.52,78340.53,1009041
2026-04-17 14:15:00,1776415500,78340.98,78506.16,78316.1,78497.83,2417434
2026-04-17 15:15:00,1776419100,78493.65,78553.45,78473.62,78522.33,878018
2026-04-20 09:15:00,1776656700,78632.9,78733.25,78203.3,78626.92,5283932
2026-04-20 10:15:00,1776660300,78628.65,78873.48,78612.11,78731.29,2069392
2026-04-20 11:15:00,1776663900,78724.55,78942.45,78718.07,78774.21,1663018
2026-04-20 12:15:00,1776667500,78775.53,78931.09,78640.05,78689.16,1038068
2026-04-20 13:15:00,1776671100,78692.92,78723.63,78506.96,78631.12,1134544
2026-04-20 14:15:00,1776674700,78635.41,78769.68,78562.87,78582.14,977158
2026-04-20 15:15:00,1776678300,78585.82,78597.1,78374.4,78435.12,702596
2026-04-21 09:15:00,1776743100,78617.16,79096.14,78522.96,79064.06,2866448
2026-04-21 10:15:00,1776746700,79063,79260.06,78981.05,79228.4,1183265
2026-04-21 11:15:00,1776750300,79229.42,79282.65,79088.72,79262.08,877655
2026-04-21 12:15:00,1776753900,79261.48,79293.38,79139.31,79196.33,1032063
2026-04-21 13:15:00,1776757500,79199.39,79298.35,79131.71,79173.76,961088
2026-04-21 14:15:00,1776761100,79172.09,79367.08,79128.03,79263.58,2029616
2026-04-21 15:15:00,1776764700,79271.1,79362.96,79236.61,79278.77,1844020
2026-04-22 09:15:00,1776829500,79019.34,79031.03,78457.16,78517.86,3846484
2026-04-22 10:15:00,1776833100,78517.57,78757.42,78442.3,78690.75,1945894
2026-04-22 11:15:00,1776836700,78690.72,78759.43,78553.22,78635.33,3350115
2026-04-22 12:15:00,1776840300,78634.6,78703.05,78542.57,78678.64,1198806
2026-04-22 13:15:00,1776843900,78682.18,78760.4,78533.33,78621.65,2549205
2026-04-22 14:15:00,1776847500,78621.35,78678.73,78498.53,78524.34,3019873
2026-04-22 15:15:00,1776851100,78526.58,78557.57,78445.61,78500.25,758841
2026-04-23 09:15:00,1776915900,77983.66,78178.54,77693.06,78055.96,6674649
2026-04-23 10:15:00,1776919500,78056.25,78107.16,77741.23,77773.97,2830580
2026-04-23 11:15:00,1776923100,77774.96,77872.86,77722.5,77857.69,1887144
2026-04-23 12:15:00,1776926700,77859.89,77883.57,77650,77828.81,1289730
2026-04-23 13:15:00,1776930300,77826.69,78022.26,77754.93,77772.69,2231562
2026-04-23 14:15:00,1776933900,77769.04,77826.85,77602.94,77636.4,7198383
2026-04-23 15:15:00,1776937500,77631.68,77691.4,77574.18,77611.25,2562717
2026-04-24 09:15:00,1777002300,77483.8,77710.82,76829.1,77000.84,3549086
2026-04-24 10:15:00,1777005900,77000.5,77000.5,76734.13,76767.34,2056653
2026-04-24 11:15:00,1777009500,76764.66,76852.42,76680.75,76782.15,1769677
2026-04-24 12:15:00,1777013100,76786.78,76796.4,76514.44,76536.14,1531905
2026-04-24 13:15:00,1777016700,76534.67,76604.63,76403.87,76475.17,2353834
2026-04-24 14:15:00,1777020300,76474.38,76759.82,76465.9,76637.03,1848504
2026-04-24 15:15:00,1777023900,76636.5,76734.94,76636.5,76680.63,924933
2026-04-27 09:15:00,1777261500,76856.05,77341.53,76754.2,77232.68,3741018
2026-04-27 10:15:00,1777265100,77231.25,77340.81,77031.34,77157.85,1740125
2026-04-27 11:15:00,1777268700,77155.72,77234.82,76911.17,77126.24,1498692
2026-04-27 12:15:00,1777272300,77124.36,77316.97,77097.35,77316.22,6291172
2026-04-27 13:15:00,1777275900,77315.77,77420.04,77300.43,77402.71,2809262
2026-04-27 14:15:00,1777279500,77403.57,77409.78,77246.93,77308.75,2248014
2026-04-27 15:15:00,1777283100,77299.06,77363.76,77247.86,77360.32,662101
2026-04-28 09:15:00,1777347900,77094.79,77460.18,76973.54,77384.67,4035839
2026-04-28 10:15:00,1777351500,77383.2,77493.53,77308.54,77378.2,1749271
2026-04-28 11:15:00,1777355100,77377.73,77378.34,77000.28,77054.86,1541515
2026-04-28 12:15:00,1777358700,77055.46,77093.83,76876.86,76979.07,1663794
2026-04-28 13:15:00,1777362300,76975.37,77063.24,76793.24,76862.33,1318614
2026-04-28 14:15:00,1777365900,76866.05,77037.82,76781.83,76800.24,3128196
2026-04-28 15:15:00,1777369500,76802.29,76986.94,76741.06,76964.64,3325536
2026-04-29 09:15:00,1777434300,77245.83,77674.39,77136.2,77670.17,7502820
2026-04-29 10:15:00,1777437900,77671.52,77879.68,77669.17,77841.62,2592339
2026-04-29 11:15:00,1777441500,77840.73,77911.91,77748.7,77848.84,1576550
2026-04-29 12:15:00,1777445100,77844.79,77982.51,77831.86,77941.77,1405672
2026-04-29 13:15:00,1777448700,77937.82,77961.35,77548.74,77607.27,2098741
2026-04-29 14:15:00,1777452300,77605.63,77674.31,77468.42,77470.39,1683601
2026-04-29 15:15:00,1777455900,77473.47,77524.97,77402.81,77493.76,857951
2026-04-30 09:15:00,1777520700,77014.21,77014.21,76403.46,76437.59,4896410
2026-04-30 10:15:00,1777524300,76436.38,76487.46,76258.86,76277.69,2583587
2026-04-30 11:15:00,1777527900,76278.88,76606.42,76265.81,76606.42,3624579
2026-04-30 12:15:00,1777531500,76611.57,76840.44,76530.12,76832.5,2160990
2026-04-30 13:15:00,1777535100,76832.23,77214.55,76762.56,77034.11,3899101
2026-04-30 14:15:00,1777538700,77033.82,77254.33,76805.26,76904.07,6984203
2026-04-30 15:15:00,1777542300,76909.46,77140.06,76878.64,77135.28,3354437
2026-05-04 09:15:00,1777866300,77257.27,77910.75,77229.89,77502.68,5396174
2026-05-04 10:15:00,1777869900,77501.64,77703.99,77402.2,77664.39,9954895
2026-05-04 11:15:00,1777873500,77661.85,77738.26,77312.35,77312.35,2663926
2026-05-04 12:15:00,1777877100,77309.73,77418.6,77192.68,77279,1530857
2026-05-04 13:15:00,1777880700,77276.86,77283.79,76939.54,77249.17,1311812
2026-05-04 14:15:00,1777884300,77249.13,77374.13,77126.97,77308.17,1366216
2026-05-04 15:15:00,1777887900,77294.25,77345.81,77266.3,77304.89,849249
2026-05-05 09:15:00,1777952700,77103.72,77140.97,76745.16,76843.98,2588448
2026-05-05 10:15:00,1777956300,76848.12,76883.94,76628.79,76685.97,1457972
2026-05-05 11:15:00,1777959900,76681.1,76769.44,76515.03,76707.24,1178386
2026-05-05 12:15:00,1777963500,76703.64,77151.33,76675.02,77118.32,2092036
2026-05-05 13:15:00,1777967100,77117.21,77150.76,76915.18,76959.4,2016465
2026-05-05 14:15:00,1777970700,76962.25,77098.69,76903.67,77027.57,4412761
2026-05-05 15:15:00,1777974300,77036.06,77105.48,77028.64,77085.95,640347
2026-05-06 09:15:00,1778039100,77424.36,77675.01,77153.94,77297.67,3176194
2026-05-06 10:15:00,1778042700,77298.17,77354.6,77088.26,77148.3,1261408
2026-05-06 11:15:00,1778046300,77147.37,77222.56,77055.35,77077.75,1100395
2026-05-06 12:15:00,1778049900,77077.27,77080.3,76773.25,76917.63,1378066
2026-05-06 13:15:00,1778053500,76917.42,77221.68,76903.38,77210.48,2563270
2026-05-06 14:15:00,1778057100,77215.96,78022.78,77215.96,77926.92,4228230
2026-05-06 15:15:00,1778060700,77919.43,78016.05,77906.39,77974.74,1209616
2026-05-07 09:15:00,1778125500,78339.24,78339.24,77798.28,77889.85,5310163
2026-05-07 10:15:00,1778129100,77890.2,78037.38,77798.8,77846.34,1984675
2026-05-07 11:15:00,1778132700,77851.16,78013.59,77713.21,77931.91,2242894
2026-05-07 12:15:00,1778136300,77942.78,78384.7,77862.71,78072.1,3213357
2026-05-07 13:15:00,1778139900,78069.36,78115.27,77880.92,77979.22,2702593
2026-05-07 14:15:00,1778143500,77980.44,78079.81,77731.68,77762.1,4670120
2026-05-07 15:15:00,1778147100,77761.72,77915.83,77760.1,77886.09,1203637
2026-05-08 09:15:00,1778211900,77631.94,77647.44,77248.69,77446.03,3764053
2026-05-08 10:15:00,1778215500,77445.84,77559.23,77365.69,77501.16,1210053
2026-05-08 11:15:00,1778219100,77500.38,77536.38,77308.57,77341.91,975417
2026-05-08 12:15:00,1778222700,77341.92,77389.68,77243.04,77304.78,1739608
2026-05-08 13:15:00,1778226300,77304.71,77405.61,77146.43,77207.01,1429887
2026-05-08 14:15:00,1778229900,77205.71,77520.69,77193.35,77336.11,2617316
2026-05-08 15:15:00,1778233500,77338.99,77384.8,77280.22,77345.81,1387805
2026-05-11 09:15:00,1778471100,76638.09,76678.52,76236.7,76316.39,7238462
2026-05-11 10:15:00,1778474700,76318.53,76416,76165.57,76399.45,5603498
2026-05-11 11:15:00,1778478300,76400.51,76526.84,76364.63,76434.21,2936945
2026-05-11 12:15:00,1778481900,76433.85,76489.14,76327.62,76469.56,3049570
2026-05-11 13:15:00,1778485500,76475.53,76632.25,76436.61,76462.58,2149748
2026-05-11 14:15:00,1778489100,76469.17,76489.3,75957.4,75972.12,2079826
2026-05-11 15:15:00,1778492700,75974.81,76036.61,75969.01,76033.38,714214
2026-05-12 09:15:00,1778557500,75688.39,75741.96,75258.72,75391.97,5866526
2026-05-12 10:15:00,1778561100,75390.89,75470.46,75121.66,75163.15,1911852
2026-05-12 11:15:00,1778564700,75163.22,75259.19,75071.53,75089.71,1376474
2026-05-12 12:15:00,1778568300,75089.32,75153.23,74943.42,75041.57,1358925
2026-05-12 13:15:00,1778571900,75041.32,75136.62,74756.5,74790.37,1329225
2026-05-12 14:15:00,1778575500,74791.4,74898.14,74449.5,74467.17,2030869
2026-05-12 15:15:00,1778579100,74471.92,74739.34,74471.92,74725.29,818566
2026-05-13 09:15:00,1778643900,74439.34,74981.34,74134.48,74583.78,5456836
2026-05-13 10:15:00,1778647500,74580.46,74775.49,74426.78,74551.48,3059575
2026-05-13 11:15:00,1778651100,74550.35,74953.21,74525.95,74948.67,2732042
2026-05-13 12:15:00,1778654700,74947.88,75191.57,74669.76,75013.06,2053777
2026-05-13 13:15:00,1778658300,75013.64,75023.58,74828.3,74941.39,1091608
2026-05-13 14:15:00,1778661900,74947.69,74963.08,74563.85,74643.23,2736367
2026-05-13 15:15:00,1778665500,74642.73,74680.07,74531.54,74668.74,952900
2026-05-14 09:15:00,1778730300,74947.12,75079.8,74651.87,74781.07,5317339
2026-05-14 10:15:00,1778733900,74786.16,74928.76,74526.77,74629.67,9656369
2026-05-14 11:15:00,1778737500,74630.18,75492.45,74629.99,75369.91,3824826
2026-05-14 12:15:00,1778741100,75368.35,75600.51,75348.41,75505.3,2438737
2026-05-14 13:15:00,1778744700,75503.39,75681.88,75472.04,75579.34,4324596
2026-05-14 14:15:00,1778748300,75582.04,75669.1,75323.66,75401.54,8457252
2026-05-14 15:15:00,1778751900,75401.4,75497.63,75306.95,75478.15,1699599
2026-05-15 09:15:00,1778816700,75497.1,75870.36,75251.15,75737.68,6241897
2026-05-15 10:15:00,1778820300,75739.29,75841.05,75511.39,75554.68,1766521
2026-05-15 11:15:00,1778823900,75554.82,75645.34,75356.35,75579.34,1115583
2026-05-15 12:15:00,1778827500,75579.7,75739.39,75474.25,75683.79,1457441
2026-05-15 13:15:00,1778831100,75683.84,75719.47,75417.98,75503.23,1547979
2026-05-15 14:15:00,1778834700,75503.74,75514.23,75139.41,75229.57,2346218
2026-05-15 15:15:00,1778838300,75227.01,75305.31,75147.62,75292.93,663840
2026-05-18 09:15:00,1779075900,74807.97,74807.97,74180.26,74335.29,4965159
2026-05-18 10:15:00,1779079500,74335.91,74722.68,74302.62,74691.57,1587976
2026-05-18 11:15:00,1779083100,74689.57,75023.82,74678.06,74890.26,2423641
2026-05-18 12:15:00,1779086700,74889.17,75347.19,74877.46,75209.84,3073811
2026-05-18 13:15:00,1779090300,75211.28,75340.31,75167.05,75231.49,1026661
2026-05-18 14:15:00,1779093900,75230.88,75466.6,75093.08,75270.8,2095378
2026-05-18 15:15:00,1779097500,75269.2,75345.59,75216.63,75332.01,745834
2026-05-19 09:15:00,1779162300,75441.27,75741.84,75371.07,75684.53,3644075
2026-05-19 10:15:00,1779165900,75684.5,75746.27,75556.35,75558.18,2365866
2026-05-19 11:15:00,1779169500,75556.32,75705.16,75485.13,75629.82,2051018
2026-05-19 12:15:00,1779173100,75629.1,75666.49,75510.74,75528.88,922071
2026-05-19 13:15:00,1779176700,75530.3,75623.93,75409.87,75544.97,1073882
2026-05-19 14:15:00,1779180300,75542.93,75599.55,75168.28,75227.93,2210164
2026-05-19 15:15:00,1779183900,75223.49,75238.06,75115.99,75188.41,827590
2026-05-20 09:15:00,1779248700,74806.49,74942.34,74529.41,74797.99,3705553
2026-05-20 10:15:00,1779252300,74799.39,75049.81,74713.73,74986.73,1513367
2026-05-20 11:15:00,1779255900,74985.98,75244.64,74973.74,75042.18,1376549
2026-05-20 12:15:00,1779259500,75041.57,75167.59,75034.77,75122.36,1061655
2026-05-20 13:15:00,1779263100,75119.92,75319.62,74991.41,75293.88,1252966
2026-05-20 14:15:00,1779266700,75292.84,75406.18,75245.64,75324.68,1972444
2026-05-20 15:15:00,1779270300,75323.88,75352.76,75275.95,75336.35,485270
2026-05-21 09:15:00,1779335100,75732.42,75945.79,75475.92,75566.46,4390466
2026-05-21 10:15:00,1779338700,75567.67,75653.08,75340.09,75341.29,2224431
2026-05-21 11:15:00,1779342300,75341.68,75498.68,75166.61,75360.74,2192289
2026-05-21 12:15:00,1779345900,75361.23,75399.25,74996.78,75129.7,3692425
2026-05-21 13:15:00,1779349500,75128.49,75293.33,75057.66,75150.57,1548157
2026-05-21 14:15:00,1779353100,75149.58,75351.13,75094.3,75110.38,5166641
2026-05-21 15:15:00,1779356700,75123.96,75175.81,75087.11,75154.32,1355784
2026-05-22 09:15:00,1779421500,75260.39,75723.31,75230.75,75691.5,2418660
2026-05-22 10:15:00,1779425100,75689.72,75701.15,75575.71,75589.63,2067435
2026-05-22 11:15:00,1779428700,75588.56,75772.14,75527.05,75683.5,1134808
2026-05-22 12:15:00,1779432300,75682.5,75810.97,75556.64,75757.49,911457
2026-05-22 13:15:00,1779435900,75752.34,75766.8,75522.84,75615.64,890955
2026-05-22 14:15:00,1779439500,75606.58,75618.54,75361.93,75408.62,1325334
2026-05-22 15:15:00,1779443100,75406.23,75528.39,75406.23,75509.78,479443
2026-05-25 09:15:00,1779680700,76135.82,76334.77,76097.02,76220.66,4432954
2026-05-25 10:15:00,1779684300,76222.49,76386.71,76222.49,76358.64,1291239
2026-05-25 11:15:00,1779687900,76359.82,76372.69,76278.55,76286.96,1630388
2026-05-25 12:15:00,1779691500,76286.36,76339.82,76180.23,76316.38,1577796
2026-05-25 13:15:00,1779695100,76316.08,76367.16,76247.9,76250.8,758776
2026-05-25 14:15:00,1779698700,76253.99,76503.53,76235.52,76494.37,1188776
2026-05-25 15:15:00,1779702300,76498.36,76559.07,76454.07,76547.21,594636
2026-05-26 09:15:00,1779767100,76224.14,76616.02,76224.14,76547.55,2830942
2026-05-26 10:15:00,1779770700,76542.83,76627.04,76491.06,76536.13,1347256
2026-05-26 11:15:00,1779774300,76533.06,76537.28,76353.49,76362.81,1221547
2026-05-26 12:15:00,1779777900,76360.13,76409.04,76184.65,76222.15,1358795
2026-05-26 13:15:00,1779781500,76222.82,76287.25,75990.22,76029.54,1397612
2026-05-26 14:15:00,1779785100,76027.41,76074.28,75909.68,75991.95,2466304
2026-05-26 15:15:00,1779788700,75987.02,76075.99,75985.98,76075.99,794045
2026-05-27 09:15:00,1779853500,75939.86,76137.53,75797.01,76066.14,6222281
2026-05-27 10:15:00,1779857100,76070.85,76190.96,75966.39,76142.46,3237961
2026-05-27 11:15:00,1779860700,76147.35,76224.68,75975.94,76008.02,3692175
2026-05-27 12:15:00,1779864300,76013.58,76081.07,75908.82,75920.34,2829402
2026-05-27 13:15:00,1779867900,75915.4,76001.94,75849.69,75882.35,1631842
2026-05-27 14:15:00,1779871500,75878.48,75991.44,75748.21,75869.3,6551343
2026-05-27 15:15:00,1779875100,75867.45,75957.02,75867.42,75913.09,1207310
2026-05-29 09:15:00,1780026300,75988.51,76220.02,75817.5,76085.73,5786313
2026-05-29 10:15:00,1780029900,76087.87,76098,75875.55,75947.31,1503964
2026-05-29 11:15:00,1780033500,75948.58,75998.38,75731.55,75755.58,1568387
2026-05-29 12:15:00,1780037100,75754.71,75819.67,75541.11,75544.44,1712726
2026-05-29 13:15:00,1780040700,75541.81,75590.18,75384.06,75439.21,1060487
2026-05-29 14:15:00,1780044300,75434.32,75619.63,74667.13,74741.17,3210843
2026-05-29 15:15:00,1780047900,74742.15,75002.41,74589.11,74985.66,3767820
2026-06-01 09:15:00,1780285500,75203.02,75367.93,74798.99,74836.74,3874029
2026-06-01 10:15:00,1780289100,74829.24,75008.96,74715.52,74992.93,1758968
2026-06-01 11:15:00,1780292700,74995.27,75022.94,74606.77,74736.86,1356855
2026-06-01 12:15:00,1780296300,74737.56,74753.78,74494.56,74519.75,1988043
2026-06-01 13:15:00,1780299900,74521.29,74635.56,74367.8,74376.19,1651106
2026-06-01 14:15:00,1780303500,74375.59,74416.62,74203.68,74287.66,2051855
2026-06-01 15:15:00,1780307100,74287.26,74326.59,74216.35,74297.9,755103
2026-06-02 09:15:00,1780371900,73945.2,74120.26,73815.12,73974.51,6119078
2026-06-02 10:15:00,1780375500,73974.55,74290.48,73932.05,74096.06,4846972
2026-06-02 11:15:00,1780379100,74094.19,74269.85,74012.76,74028.3,2814919
2026-06-02 12:15:00,1780382700,74029.12,74694.09,73983.35,74618.25,1624386
2026-06-02 13:15:00,1780386300,74618.02,74831.66,74574.46,74819.38,1197004
2026-06-02 14:15:00,1780389900,74819.95,74862.19,74457.15,74658.99,1962968
2026-06-02 15:15:00,1780393500,74656.76,74762.81,74646.26,74743.93,561297
2026-06-03 09:15:00,1780458300,74507.73,74507.73,73719.36,73776.41,3269325
2026-06-03 10:15:00,1780461900,73777.24,73924.73,73659.13,73672.55,1849688
2026-06-03 11:15:00,1780465500,73678.18,73798.55,73492.6,73579.64,1744464
2026-06-03 12:15:00,1780469100,73580.28,74132.11,73567.06,73979,2007388
2026-06-03 13:15:00,1780472700,74008.88,74412.27,74008.88,74278.05,2981297
2026-06-03 14:15:00,1780476300,74276.85,74515.65,74229.57,74312.61,2314941
2026-06-03 15:15:00,1780479900,74313.19,74363.38,74287.24,74319.7,627444
2026-06-04 09:15:00,1780544700,73935.83,74478.16,73807.3,74405.37,5398038
2026-06-04 10:15:00,1780548300,74407.94,74480.75,74235.57,74324.58,3932356
2026-06-04 11:15:00,1780551900,74329.39,74544.24,74196.74,74466.07,2816097
2026-06-04 12:15:00,1780555500,74465.06,74493.48,74107.76,74109.26,1760268
2026-06-04 13:15:00,1780559100,74105.44,74413.94,74037.37,74317.9,2066657
2026-06-04 14:15:00,1780562700,74322.51,74520.12,74262.32,74371.93,2513911
2026-06-04 15:15:00,1780566300,74374.75,74474.9,74348.18,74474.9,664502
2026-06-05 09:15:00,1780631100,74629.94,74717.57,74433.69,74577.77,4134038
2026-06-05 10:15:00,1780634700,74577.14,74660.09,74117.85,74486.09,2350590
2026-06-05 11:15:00,1780638300,74487.52,74514.31,74340.88,74473.72,1311437
2026-06-05 12:15:00,1780641900,74469.31,74537.47,74172.85,74184.92,1515914
2026-06-05 13:15:00,1780645500,74178.28,74240.81,73988.75,74096.6,4143740
2026-06-05 14:15:00,1780649100,74093.26,74392.15,74036.69,74243.1,3329355
2026-06-05 15:15:00,1780652700,74243.6,74301.66,74212.52,74282.34,1197205
2026-06-08 09:15:00,1780890300,73421.61,73722.75,73318.94,73639.02,3648892
2026-06-08 10:15:00,1780893900,73639.58,73787.83,73597.99,73703.48,1395865
2026-06-08 11:15:00,1780897500,73705.47,73794.58,73633.49,73763.43,1747367
2026-06-08 12:15:00,1780901100,73763.63,73934.35,73751.05,73770.24,2247128
2026-06-08 13:15:00,1780904700,73770.39,73795.83,73570.41,73607.85,4009873
2026-06-08 14:15:00,1780908300,73605.4,73728.59,73462.91,73558.93,3480461
2026-06-08 15:15:00,1780911900,73557.53,73557.53,73430.85,73466.85,974246
2026-06-09 09:15:00,1780976700,74035.41,74035.41,73627.48,73639.36,3427208
2026-06-09 10:15:00,1780980300,73643.79,73669.61,73510.5,73548.47,1307928
2026-06-09 11:15:00,1780983900,73545.55,73739.11,73426.18,73698.76,1800061
2026-06-09 12:15:00,1780987500,73704.35,73821.24,73677.76,73785.63,2286507
2026-06-09 13:15:00,1780991100,73776.68,73831.87,73672.48,73772.8,1238000
2026-06-09 14:15:00,1780994700,73774.65,74032.01,73704.89,73925.07,1560891
2026-06-09 15:15:00,1780998300,73921.39,73986.53,73871.72,73980.88,448397
2026-06-10 09:15:00,1781063100,73988.27,74458.45,73897.83,74242.89,3492479
2026-06-10 10:15:00,1781066700,74239.84,74452.07,74200.01,74418.89,1862766
2026-06-10 11:15:00,1781070300,74419.65,74534.56,74372.29,74478.02,2224176
2026-06-10 12:15:00,1781073900,74474.45,74613.01,74291.2,74544.53,2525586
2026-06-10 13:15:00,1781077500,74545.06,74560.91,74295.67,74306.93,3772136
2026-06-10 14:15:00,1781081100,74307.53,74383.31,73943.14,73945.18,1968051
2026-06-10 15:15:00,1781084700,73943.72,73997.32,73897.57,73986.55,766059
2026-06-11 09:15:00,1781149500,73615.99,73856.16,73518.75,73766.53,5646931
2026-06-11 10:15:00,1781153100,73766.4,73982.86,73761.96,73885.22,1145273
2026-06-11 11:15:00,1781156700,73886.16,74280.73,73884.83,74270.32,1944909
2026-06-11 12:15:00,1781160300,74271.23,74394.34,74170.78,74173.52,4059497
2026-06-11 13:15:00,1781163900,74176.74,74200.24,73999.35,74042.31,2829362
2026-06-11 14:15:00,1781167500,74044.38,74144.17,73732.96,73842.21,7443690
2026-06-11 15:15:00,1781171100,73847.62,73931.98,73823.15,73909.98,4326568
2026-06-12 09:15:00,1781235900,74709.27,74859.16,74486.9,74531.59,3226589
2026-06-12 10:15:00,1781239500,74533.41,74649.4,74453.39,74645.48,2342191
2026-06-12 11:15:00,1781243100,74647.03,74698.95,74556.57,74575.51,3593918
2026-06-12 12:15:00,1781246700,74575.89,74638.47,74464.2,74528.6,862916
2026-06-12 13:15:00,1781250300,74528.04,75174.58,74486.43,75163.17,2947519
2026-06-12 14:15:00,1781253900,75163.82,75608.02,75163.82,75533.91,2262534
2026-06-12 15:15:00,1781257500,75532.98,75579.61,75501.76,75532.94,778499
2026-06-15 09:15:00,1781495100,76725.27,76821.07,76524.17,76615.21,6162307
2026-06-15 10:15:00,1781498700,76615.4,76817.17,76581.95,76677.08,2786713
2026-06-15 11:15:00,1781502300,76674.52,76714.2,76523.83,76532.9,1322486
2026-06-15 12:15:00,1781505900,76536.55,76547.48,76405.69,76484.26,2188494
2026-06-15 13:15:00,1781509500,76485.47,76490.34,76317.03,76390.06,2787749
2026-06-15 14:15:00,1781513100,76388.48,76567.9,76140.44,76233.36,2363467
2026-06-15 15:15:00,1781516700,76229.54,76315.22,76214.97,76242.71,560604
2026-06-16 09:15:00,1781581500,76526.77,76676.3,76443.34,76502.75,3605742
2026-06-16 10:15:00,1781585100,76502.23,76724.62,76495.15,76617.94,2393469
2026-06-16 11:15:00,1781588700,76618.73,76663.6,76541.74,76599.99,1125822
2026-06-16 12:15:00,1781592300,76602.39,76681.98,76531.51,76677.28,1864950
2026-06-16 13:15:00,1781595900,76680.02,76830.9,76639.67,76818.82,1412564
2026-06-16 14:15:00,1781599500,76819.79,76846.74,76733.98,76800.52,1366071
2026-06-16 15:15:00,1781603100,76803.33,76834.15,76780.56,76826.78,812714
2026-06-17 09:15:00,1781667900,77080.09,77093.17,76768.49,77021.96,5338765
2026-06-17 10:15:00,1781671500,77021.48,77176.51,77011.79,77112.76,2218450
2026-06-17 11:15:00,1781675100,77111.6,77218.99,77035.08,77040.25,1109568
2026-06-17 12:15:00,1781678700,77041.77,77057.14,76915.35,76919.55,1351091
2026-06-17 13:15:00,1781682300,76918.26,77073.35,76900.54,77048.72,4068302
2026-06-17 14:15:00,1781685900,77049.25,77206.86,76952.26,77156.63,3032923
2026-06-17 15:15:00,1781689500,77153.19,77187.84,77109.91,77143.39,652472
2026-06-18 09:15:00,1781754300,77131.66,77320.32,77044.39,77260.12,2858984
2026-06-18 10:15:00,1781757900,77259.28,77275.69,77029.1,77053.39,1805431
2026-06-18 11:15:00,1781761500,77048.14,77201.22,76953,77160.98,2053057
2026-06-18 12:15:00,1781765100,77161.35,77337.78,77127.71,77306.09,2341707
2026-06-18 13:15:00,1781768700,77306.37,77326.03,77204.36,77217.65,1612187
2026-06-18 14:15:00,1781772300,77217.51,77492.33,77129.58,77456.21,6365279
2026-06-18 15:15:00,1781775900,77449.88,77471.27,77409.31,77446.28,798552
2026-06-19 09:15:00,1781840700,76852.86,76858.8,76578.08,76811.31,5530309
2026-06-19 10:15:00,1781844300,76810.62,76814.9,76557.31,76637.62,1677068
2026-06-19 11:15:00,1781847900,76641.04,76658.81,76571.11,76634.34,2451440
2026-06-19 12:15:00,1781851500,76635.03,76696.36,76499.22,76553.92,1143005
2026-06-19 13:15:00,1781855100,76552.07,76747.07,76503.92,76742.99,1247075
2026-06-19 14:15:00,1781858700,76745.32,76901.65,76469.72,76837.29,3699037
2026-06-19 15:15:00,1781862300,76837.15,76893.8,76793.13,76871.95,2088233
2026-06-22 09:15:00,1782099900,77160.67,77265.28,77008.02,77237.57,4746141
2026-06-22 10:15:00,1782103500,77237.61,77325.56,77205.51,77283.32,1549647
2026-06-22 11:15:00,1782107100,77284.25,77313.03,77151.84,77153.9,1611412
2026-06-22 12:15:00,1782110700,77153.61,77197.19,77105.43,77127.08,712798
2026-06-22 13:15:00,1782114300,77133.44,77232.26,77113.23,77171.24,1049200
2026-06-22 14:15:00,1782117900,77168.96,77251.55,77078.87,77102.83,3104273
2026-06-22 15:15:00,1782121500,77103.59,77118.25,77021.24,77042.87,469699
2026-06-23 09:15:00,1782186300,77086.05,77192.63,76878.66,77159.82,2280974
2026-06-23 10:15:00,1782189900,77158.08,77185.87,77052.55,77140.22,2705563
2026-06-23 11:15:00,1782193500,77139.59,77194.83,76615.99,76649.92,2432955
2026-06-23 12:15:00,1782197100,76649.31,76680.06,76501.52,76571.66,1019914
2026-06-23 13:15:00,1782200700,76569.58,76589.22,76371.7,76534.58,1068528
2026-06-23 14:15:00,1782204300,76533.42,76575.44,76187.83,76229.14,1799213
2026-06-23 15:15:00,1782207900,76226.86,76230.12,76082.51,76111.93,816763
2026-06-24 09:15:00,1782272700,76229.76,76623.43,76121.59,76611.85,6483991
2026-06-24 10:15:00,1782276300,76615.82,76882.37,76602.34,76872.42,2732720
2026-06-24 11:15:00,1782279900,76873.25,76976.37,76776.62,76855.22,2561754
2026-06-24 12:15:00,1782283500,76855.76,77023.6,76787.88,77008.76,2904923
2026-06-24 13:15:00,1782287100,77007.35,77190.37,76976.14,77101.77,1466837
2026-06-24 14:15:00,1782290700,77102.46,77145.69,76917.49,76937.51,2879431
2026-06-24 15:15:00,1782294300,76934.28,77018.27,76925.6,76976.82,687038
2026-06-25 09:15:00,1782359100,77391.07,77556.11,77280.49,77554.89,17160107
2026-06-25 10:15:00,1782362700,77554.58,77591.65,77453.93,77557.26,4426366
2026-06-25 11:15:00,1782366300,77560.35,77803.18,77498.33,77729.1,4436850
2026-06-25 12:15:00,1782369900,77727.82,77780.41,77476.35,77516.34,1321514
2026-06-25 13:15:00,1782373500,77514.99,77626.41,77331.3,77361.11,3204964
2026-06-25 14:15:00,1782377100,77358.56,77366.67,76993.16,77090.1,14517657
2026-06-25 15:15:00,1782380700,77090.92,77162.76,77025.83,77084.94,2397444
2026-06-29 09:15:00,1782704700,77055.21,77228.23,76853.93,77035.43,6142468
2026-06-29 10:15:00,1782708300,77033.22,77252.78,76996.7,77111.05,1405570
2026-06-29 11:15:00,1782711900,77110.26,77148.58,76838.04,76850.21,2802612
2026-06-29 12:15:00,1782715500,76849.85,76856.12,76623.38,76755.49,2744107
2026-06-29 13:15:00,1782719100,76756.13,76801.66,76621.75,76737.11,1056926
2026-06-29 14:15:00,1782722700,76737.62,76834.48,76636.07,76705.5,2705530
2026-06-29 15:15:00,1782726300,76706.48,76843.42,76677.18,76789.56,1944248
2026-06-30 09:15:00,1782791100,77005.51,77037.36,76455.49,76607.16,6459708
2026-06-30 10:15:00,1782794700,76606.14,76744.78,76519.24,76720.23,2053011
2026-06-30 11:15:00,1782798300,76726.59,76910.28,76647.32,76655.25,1703487
2026-06-30 12:15:00,1782801900,76654.57,76770.91,76601.01,76665.72,2720212
2026-06-30 13:15:00,1782805500,76671.39,76719.4,76472.75,76486.69,4267979
2026-06-30 14:15:00,1782809100,76487.88,76768.82,76329.39,76447.83,4613671
2026-06-30 15:15:00,1782812700,76447.69,76643.45,76446.31,76639.4,1427822
2026-07-01 09:15:00,1782877500,76545.21,76885.19,76538.37,76871.07,4537058
2026-07-01 10:15:00,1782881100,76872.38,76982.65,76745.8,76979.3,2146555
2026-07-01 11:15:00,1782884700,76979.42,77110.08,76871.68,77035.56,2420728
2026-07-01 12:15:00,1782888300,77034.91,77094.33,76941.98,77055.67,4047036
2026-07-01 13:15:00,1782891900,77056.85,77071.07,76928.91,77050.26,1911649
2026-07-01 14:15:00,1782895500,77050.29,77061.98,76881.08,76910.87,2362460
2026-07-01 15:15:00,1782899100,76908.54,76936.93,76835.68,76873.55,1322738
2026-07-02 09:15:00,1782963900,77083.14,77449.25,77063.95,77155.58,5800985
2026-07-02 10:15:00,1782967500,77156.26,77304.9,77131.07,77236.95,1676245
2026-07-02 11:15:00,1782971100,77237.13,77293.98,77122.46,77274.36,1701317
2026-07-02 12:15:00,1782974700,77270.25,77394.94,77255.75,77359.97,1482463
2026-07-02 13:15:00,1782978300,77362.7,77432.43,77305.14,77348.78,1410768
2026-07-02 14:15:00,1782981900,77349.14,77578.93,77296.97,77476.15,8523577
2026-07-02 15:15:00,1782985500,77478.53,77514.83,77419.72,77449.86,1932292
2026-07-03 09:15:00,1783050300,78152.34,78157.52,77854.83,77971.06,5476565
2026-07-03 10:15:00,1783053900,77972.22,78064.15,77922.85,77960.79,4961841
2026-07-03 11:15:00,1783057500,77962,78114.63,77945.37,78100.44,2185003
2026-07-03 12:15:00,1783061100,78098.39,78104.21,77905.4,77951.49,1915956
2026-07-03 13:15:00,1783064700,77952.94,77957.23,77780.04,77849.46,3502769
2026-07-03 14:15:00,1783068300,77847.69,77847.69,77710.01,77770.31,1904745
2026-07-03 15:15:00,1783071900,77769.57,77789.92,77731.54,77788.74,899722
2026-07-06 09:15:00,1783309500,77940.9,78194.36,77879.7,78077.41,3794673
2026-07-06 10:15:00,1783313100,78077.49,78289.25,78077.49,78245.3,7552792
2026-07-06 11:15:00,1783316700,78246.68,78328.35,78191.85,78323.97,1675208
2026-07-06 12:15:00,1783320300,78317.03,78388.24,78291.34,78372.37,3651100
2026-07-06 13:15:00,1783323900,78373,78398.06,78206.68,78214.61,4723197
2026-07-06 14:15:00,1783327500,78216.17,78349.54,78145.43,78308.98,1493355
2026-07-06 15:15:00,1783331100,78305.41,78314.83,78238.45,78255.38,613989
2026-07-07 09:15:00,1783395900,78461.16,78518.85,78248.31,78488.37,4929780
2026-07-07 10:15:00,1783399500,78492.21,78589.29,78431.64,78582.04,3553826
2026-07-07 11:15:00,1783403100,78583.98,78664.92,78529.22,78564.69,2736924
2026-07-07 12:15:00,1783406700,78565.29,78585.4,78282.6,78317.77,2168364
2026-07-07 13:15:00,1783410300,78315.95,78424.18,78250.28,78408.38,1033808
2026-07-07 14:15:00,1783413900,78408.53,78433.72,78169.94,78196.24,1577027
2026-07-07 15:15:00,1783417500,78192.11,78211.77,78031.04,78079.08,655900
2026-07-08 09:15:00,1783482300,77816.45,77850.46,77555.52,77667.46,3179882
2026-07-08 10:15:00,1783485900,77668.24,77851.18,77605.58,77822.42,1991903
2026-07-08 11:15:00,1783489500,77822.72,77837.05,77591.99,77593.24,1428637
2026-07-08 12:15:00,1783493100,77589.82,77640.21,77483.81,77587,745679
2026-07-08 13:15:00,1783496700,77590.02,77632.27,76472.78,76528.56,2322064
2026-07-08 14:15:00,1783500300,76525.68,76716.32,76259.03,76497.84,3239747
2026-07-08 15:15:00,1783503900,76494.58,76602.64,76483.24,76514.28,815877
2026-07-09 09:15:00,1783568700,76576.14,77139.07,76576.14,77033.64,7271604
2026-07-09 10:15:00,1783572300,77032.46,77326.65,76857.82,76979.1,2965693
2026-07-09 11:15:00,1783575900,76982.77,77198.64,76948.82,77076.85,2511292
2026-07-09 12:15:00,1783579500,77079.16,77099.41,76892.11,77010.95,1362344
2026-07-09 13:15:00,1783583100,77013.12,77133.77,76931.42,77023.31,5324589
2026-07-09 14:15:00,1783586700,77023.6,77160.97,76595.87,76663.5,11274094
2026-07-09 15:15:00,1783590300,76665.07,76828.14,76665.07,76827.2,2762231
2026-07-10 09:15:00,1783655100,77395.63,77558.04,77320.56,77519.88,1856405
