datetime_ist,epoch,open,high,low,close,volume
2017-07-03 09:15:00,1499053500,1063.05,1065,1059,1060.95,169856
2017-07-03 10:15:00,1499057100,1060.95,1062,1059.35,1060.5,271646
2017-07-03 11:15:00,1499060700,1060.5,1060.5,1055,1060.15,86274
2017-07-03 12:15:00,1499064300,1060,1060.5,1058.05,1059.8,159203
2017-07-03 13:15:00,1499067900,1059.7,1060,1055.5,1056.45,67773
2017-07-03 14:15:00,1499071500,1056.25,1058.5,1054.1,1055.1,109667
2017-07-03 15:15:00,1499075100,1055.2,1055.4,1052,1053,135882
2017-07-04 09:15:00,1499139900,1059.8,1061,1054.45,1055.95,108541
2017-07-04 10:15:00,1499143500,1055.95,1056,1045.25,1048.25,154982
2017-07-04 11:15:00,1499147100,1048.65,1054,1048.5,1052.15,84218
2017-07-04 12:15:00,1499150700,1052.15,1052.5,1049,1050.8,164853
2017-07-04 13:15:00,1499154300,1050.8,1054.8,1050.5,1052.6,250617
2017-07-04 14:15:00,1499157900,1052.6,1052.9,1045,1045,140896
2017-07-04 15:15:00,1499161500,1045,1045,1040,1042,145950
2017-07-05 09:15:00,1499226300,1041.75,1051,1039,1041,475405
2017-07-05 10:15:00,1499229900,1041.05,1042.4,1036.7,1039.15,274971
2017-07-05 11:15:00,1499233500,1039.35,1053.85,1038.1,1052.4,698282
2017-07-05 12:15:00,1499237100,1052.15,1085.05,1049.45,1079.7,1228713
2017-07-05 13:15:00,1499240700,1079.8,1096,1078.35,1082.15,1154507
2017-07-05 14:15:00,1499244300,1082.4,1089.2,1080.6,1085.2,769925
2017-07-05 15:15:00,1499247900,1085.4,1086.3,1081.2,1084.2,543097
2017-07-06 09:15:00,1499312700,1094.25,1108.7,1086.05,1099,836070
2017-07-06 10:15:00,1499316300,1099,1099.6,1089.4,1095.65,310835
2017-07-06 11:15:00,1499319900,1095.5,1095.85,1091.5,1092,133842
2017-07-06 12:15:00,1499323500,1092,1093,1089,1089.8,259640
2017-07-06 13:15:00,1499327100,1090,1093.5,1088.5,1089.75,144558
2017-07-06 14:15:00,1499330700,1089.65,1092,1080,1080.3,392142
2017-07-06 15:15:00,1499334300,1080.55,1082.5,1077.5,1081.9,253380
2017-07-07 09:15:00,1499399100,1083.1,1128.35,1083.1,1126.85,1702346
2017-07-07 10:15:00,1499402700,1126.8,1132.75,1123.4,1130.45,783820
2017-07-07 11:15:00,1499406300,1130.45,1132.45,1126.5,1129.9,321655
2017-07-07 12:15:00,1499409900,1129.9,1137,1128,1129.95,529147
2017-07-07 13:15:00,1499413500,1129.95,1131.4,1124,1127.3,374479
2017-07-07 14:15:00,1499417100,1127.5,1128.9,1112.05,1117.5,873142
2017-07-07 15:15:00,1499420700,1117.35,1122.25,1115.35,1120,397448
2017-07-10 10:15:00,1499661900,1130,1134.4,1130,1134.4,8589935459
2017-07-10 11:15:00,1499665500,1136,1148,1130,1140.05,4294972162
2017-07-10 12:15:00,1499669100,1130,1170,1130,1148,4295060316
2017-07-10 13:15:00,1499672700,1148,1156,1120,1152,4295118119
2017-07-10 14:15:00,1499676300,1152,1153,1145.65,1150.7,204291
2017-07-10 15:15:00,1499679900,1150.7,1151.65,1147,1150,55630
2017-07-11 09:15:00,1499744700,1158.85,1166.75,1151,1151,520394
2017-07-11 10:15:00,1499748300,1151,1156.45,1149.05,1151,186335
2017-07-11 11:15:00,1499751900,1151,1153,1149.85,1150.05,290560
2017-07-11 12:15:00,1499755500,1150,1158.9,1149.65,1152.3,235888
2017-07-11 13:15:00,1499759100,1152.3,1155.65,1149.2,1150.7,139389
2017-07-11 14:15:00,1499762700,1151.25,1151.9,1138,1139.25,366539
2017-07-11 15:15:00,1499766300,1139.4,1140.4,1136.6,1140,172361
2017-07-12 09:15:00,1499831100,1146,1152.35,1136.75,1140.1,321027
2017-07-12 10:15:00,1499834700,1140.5,1143.95,1140,1141.05,92190
2017-07-12 11:15:00,1499838300,1141.05,1143.7,1140.35,1142.5,66003
2017-07-12 12:15:00,1499841900,1142.5,1143.5,1142,1142.25,42794
2017-07-12 13:15:00,1499845500,1142.25,1143,1138.5,1139,68158
2017-07-12 14:15:00,1499849100,1139,1142,1138.8,1141,95758
2017-07-12 15:15:00,1499852700,1141,1142.45,1139.7,1142,81150
2017-07-13 09:15:00,1499917500,1144.2,1152,1142.5,1149.15,163515
2017-07-13 10:15:00,1499921100,1149.15,1149.55,1142.5,1143.05,84761
2017-07-13 11:15:00,1499924700,1143.05,1145,1140,1141.55,72748
2017-07-13 12:15:00,1499928300,1141.5,1145.5,1138.5,1142,108466
2017-07-13 13:15:00,1499931900,1142,1145,1141.2,1142.55,61979
2017-07-13 14:15:00,1499935500,1143.15,1143.95,1140,1141.4,500779
2017-07-13 15:15:00,1499939100,1141.75,1143.5,1139,1139,251850
2017-07-14 09:15:00,1500003900,1144,1156,1136.55,1146.4,291666
2017-07-14 10:15:00,1500007500,1146.35,1149.2,1140,1145.2,118240
2017-07-14 11:15:00,1500011100,1145,1148,1141.95,1142,56898
2017-07-14 12:15:00,1500014700,1142,1143.9,1140.5,1142.9,47021
2017-07-14 13:15:00,1500018300,1142.9,1143.6,1137,1137,79827
2017-07-14 14:15:00,1500021900,1137,1140,1136,1138.05,143970
2017-07-14 15:15:00,1500025500,1138.05,1142,1137.95,1140,117587
2017-07-17 09:15:00,1500263100,1144.5,1149.25,1140.5,1141.7,111287
2017-07-17 10:15:00,1500266700,1141.65,1145,1137.85,1143.35,53283
2017-07-17 11:15:00,1500270300,1143.35,1144.4,1137,1138,35089
2017-07-17 12:15:00,1500273900,1138,1144.5,1138,1142.7,56582
2017-07-17 13:15:00,1500277500,1142.7,1145,1141.6,1144.7,76844
2017-07-17 14:15:00,1500281100,1144.7,1145,1139.55,1144.95,86941
2017-07-17 15:15:00,1500284700,1144.9,1150.4,1144.75,1148.35,96793
2017-07-18 09:15:00,1500349500,1148,1164.6,1147.35,1156.35,247309
2017-07-18 10:15:00,1500353100,1156.95,1160,1155,1158.7,115480
2017-07-18 11:15:00,1500356700,1158.5,1159.5,1156.05,1158.95,84186
2017-07-18 12:15:00,1500360300,1159,1159.5,1155,1157.2,297352
2017-07-18 13:15:00,1500363900,1157.2,1162,1155.45,1155.7,132422
2017-07-18 14:15:00,1500367500,1155.5,1157.6,1152,1156.05,132948
2017-07-18 15:15:00,1500371100,1156.1,1160,1154.65,1159.4,62834
2017-07-19 09:15:00,1500435900,1165,1176.75,1165,1169.55,222785
2017-07-19 10:15:00,1500439500,1170,1173.4,1164.2,1170.3,122979
2017-07-19 11:15:00,1500443100,1170.3,1173.5,1168.2,1171.95,56023
2017-07-19 12:15:00,1500446700,1171.95,1172.5,1169.85,1171.35,44005
2017-07-19 13:15:00,1500450300,1171.35,1173.9,1168.5,1170.5,78876
2017-07-19 14:15:00,1500453900,1170.5,1173,1170,1171.9,164237
2017-07-19 15:15:00,1500457500,1171.9,1173.9,1170.55,1172.8,103634
2017-07-20 09:15:00,1500522300,1172,1172,1162.55,1165.1,79241
2017-07-20 10:15:00,1500525900,1165.1,1175.95,1163.6,1174,46493
2017-07-20 11:15:00,1500529500,1174.5,1175,1169.9,1170.55,43706
2017-07-20 12:15:00,1500533100,1170.55,1170.75,1166,1167.7,100740
2017-07-20 13:15:00,1500536700,1167.7,1171,1163,1166,33032
2017-07-20 14:15:00,1500540300,1166,1169.85,1162.6,1166.55,58214
2017-07-20 15:15:00,1500543900,1166.6,1170.8,1165.1,1168.2,44084
2017-07-21 09:15:00,1500608700,1155,1156.75,1132.6,1142.35,297555
2017-07-21 10:15:00,1500612300,1141.95,1142.95,1135,1140.05,162997
2017-07-21 11:15:00,1500615900,1140.05,1140.5,1137.1,1138.25,217342
2017-07-21 12:15:00,1500619500,1138.3,1139.3,1134.3,1135.2,111912
2017-07-21 13:15:00,1500623100,1135,1143.25,1134.7,1139.6,202597
2017-07-21 14:15:00,1500626700,1139.5,1146.25,1139.45,1146,264955
2017-07-21 15:15:00,1500630300,1146,1146.95,1139.35,1142.45,179123
2017-07-24 09:15:00,1500867900,1167.5,1174.8,1145.1,1147.45,574208
2017-07-24 10:15:00,1500871500,1147.45,1153.7,1143.55,1153,171814
2017-07-24 11:15:00,1500875100,1153,1153,1147.8,1150,59873
2017-07-24 12:15:00,1500878700,1150.2,1151.6,1145.9,1149.15,103404
2017-07-24 13:15:00,1500882300,1149.15,1149.65,1143.8,1145.65,103484
2017-07-24 14:15:00,1500885900,1145.65,1152.85,1141,1143.8,338767
2017-07-24 15:15:00,1500889500,1143.9,1144.15,1138.05,1140,188703
2017-07-25 09:15:00,1500954300,1141.1,1141.65,1130.4,1133.95,183453
2017-07-25 10:15:00,1500957900,1133.95,1136,1133,1134.35,111183
2017-07-25 11:15:00,1500961500,1134.35,1135,1125.55,1126.4,394061
2017-07-25 12:15:00,1500965100,1126.4,1128.55,1114.2,1118.7,255954
2017-07-25 13:15:00,1500968700,1118.7,1122.7,1115.05,1121.25,285285
2017-07-25 14:15:00,1500972300,1121.25,1124.6,1119.2,1120.05,308511
2017-07-25 15:15:00,1500975900,1120.1,1123.5,1118.1,1121.45,214508
2017-07-26 09:15:00,1501040700,1124,1128.65,1121,1121.1,180179
2017-07-26 10:15:00,1501044300,1121,1125.3,1116,1123,147863
2017-07-26 11:15:00,1501047900,1123,1124.95,1121.1,1123,118890
2017-07-26 12:15:00,1501051500,1123.6,1125,1121.55,1123.35,105666
2017-07-26 13:15:00,1501055100,1123.35,1127,1121.3,1125.5,225169
2017-07-26 14:15:00,1501058700,1125.5,1126,1121.45,1123.05,239176
2017-07-26 15:15:00,1501062300,1122.75,1127,1122.25,1125,95529
2017-07-27 09:15:00,1501127100,1132.2,1132.2,1122.35,1126.25,105605
2017-07-27 10:15:00,1501130700,1126.25,1129.5,1125,1128.15,74241
2017-07-27 11:15:00,1501134300,1128.15,1129,1118.9,1123.1,91462
2017-07-27 12:15:00,1501137900,1123.1,1124.5,1119,1121.5,69813
2017-07-27 13:15:00,1501141500,1121.4,1123.95,1119.3,1122.95,124299
2017-07-27 14:15:00,1501145100,1123,1123.9,1105.6,1108.7,677915
2017-07-27 15:15:00,1501148700,1107.85,1115,1105.15,1113,478504
2017-07-28 09:15:00,1501213500,1110.35,1110.95,1074.45,1084.45,516055
2017-07-28 10:15:00,1501217100,1084.45,1085,1057.75,1066.5,597118
2017-07-28 11:15:00,1501220700,1066.55,1071.95,1064,1067.85,221737
2017-07-28 12:15:00,1501224300,1067.85,1070,1062.2,1064.2,215174
2017-07-28 13:15:00,1501227900,1064.25,1068,1062,1064.6,202890
2017-07-28 14:15:00,1501231500,1064.85,1065,1055.4,1063.15,350647
2017-07-28 15:15:00,1501235100,1063.1,1066.5,1062.95,1066.5,215679
2017-07-31 09:15:00,1501472700,1087.8,1087.8,1042.7,1047.55,1082177
2017-07-31 10:15:00,1501476300,1047.6,1051.95,1045.15,1045.9,580399
2017-07-31 11:15:00,1501479900,1045.9,1048.3,1039,1040,587206
2017-07-31 12:15:00,1501483500,1039.6,1045.5,1038.6,1040,416389
2017-07-31 13:15:00,1501487100,1040,1052.85,1037.1,1039.9,784850
2017-07-31 14:15:00,1501490700,1040,1040.15,1030.2,1033.95,842244
2017-07-31 15:15:00,1501494300,1033.95,1033.95,1030,1031,387251
2017-08-01 09:15:00,1501559100,1038,1038.7,1018.8,1036.5,1046007
2017-08-01 10:15:00,1501562700,1036.45,1037.8,1026,1029,387796
2017-08-01 11:15:00,1501566300,1029,1031.45,1028.1,1030.2,250956
2017-08-01 12:15:00,1501569900,1030.2,1030.35,1021,1021.2,189982
2017-08-01 13:15:00,1501573500,1021.05,1024,1021.05,1023.5,145972
2017-08-01 14:15:00,1501577100,1023.5,1024.45,1016.65,1018,394950
2017-08-01 15:15:00,1501580700,1017.95,1019.5,1016.3,1019,238971
2017-08-02 09:15:00,1501645500,1028,1035.9,1022.05,1032.9,858104
2017-08-02 10:15:00,1501649100,1032.9,1033.95,1030,1032.6,187166
2017-08-02 11:15:00,1501652700,1032.7,1050,1032.05,1041,1123767
2017-08-02 12:15:00,1501656300,1041,1046.85,1039,1043.05,345457
2017-08-02 13:15:00,1501659900,1043.05,1055,1030.15,1035.55,2597515
2017-08-02 14:15:00,1501663500,1035.55,1036.45,1021,1033.85,1853730
2017-08-02 15:15:00,1501667100,1034.2,1042,1032.35,1033.05,651780
2017-08-03 09:15:00,1501731900,1031.1,1057.75,1025.5,1050.3,1119001
2017-08-03 10:15:00,1501735500,1050.3,1060,1047.25,1057.7,551879
2017-08-03 11:15:00,1501739100,1057.7,1058,1046.65,1049.45,460837
2017-08-03 12:15:00,1501742700,1049.5,1049.5,1016.75,1020.45,1282794
2017-08-03 13:15:00,1501746300,1020.85,1023,995.35,1003.15,2570155
2017-08-03 14:15:00,1501749900,1003.15,1008,990.7,995.95,1245983
2017-08-03 15:15:00,1501753500,995.85,995.95,985.6,987.6,613763
2017-08-04 09:15:00,1501818300,989.45,989.45,963.25,975.05,1972630
2017-08-04 10:15:00,1501821900,975.05,979,974,975.55,217058
2017-08-04 11:15:00,1501825500,975.55,979,973.45,976.85,254686
2017-08-04 12:15:00,1501829100,976.6,996.35,976.2,988.15,705707
2017-08-04 13:15:00,1501832700,989.4,995.7,987.85,993.15,349591
2017-08-04 14:15:00,1501836300,993.2,994.55,986,994,473857
2017-08-04 15:15:00,1501839900,994,994.95,989.15,990.05,207932
2017-08-07 09:15:00,1502077500,993.75,1003.35,991.55,998,350096
2017-08-07 10:15:00,1502081100,998,1003.35,993.05,994.75,153805
2017-08-07 11:15:00,1502084700,994.7,997.4,991.75,994.9,141331
2017-08-07 12:15:00,1502088300,994.9,995.5,982.6,984.7,240444
2017-08-07 13:15:00,1502091900,984.7,991.5,984.7,989.9,166359
2017-08-07 14:15:00,1502095500,989.9,994.9,985,985,227550
2017-08-07 15:15:00,1502099100,984.95,985.55,980.6,982.15,134494
2017-08-08 09:15:00,1502163900,988.95,992.45,975.4,978.55,290516
2017-08-08 10:15:00,1502167500,978.6,982.1,974.05,981.85,128106
2017-08-08 11:15:00,1502171100,981.85,984.65,977,977.8,95213
2017-08-08 12:15:00,1502174700,977.8,979.1,975,975.9,81881
2017-08-08 13:15:00,1502178300,976.15,977.4,972.95,976.7,118350
2017-08-08 14:15:00,1502181900,976.4,977,974,974.4,141344
2017-08-08 15:15:00,1502185500,974.4,977,970.6,974,239929
2017-08-09 09:15:00,1502250300,975,977.8,961.15,964.9,327850
2017-08-09 10:15:00,1502253900,965.3,966.4,959.05,964.25,171200
2017-08-09 11:15:00,1502257500,964.45,965,960.2,964.5,113649
2017-08-09 12:15:00,1502261100,964.95,967.45,964,965.05,99938
2017-08-09 13:15:00,1502264700,965.05,965.9,960.5,962.3,156319
2017-08-09 14:15:00,1502268300,962.3,963.5,951.5,953.3,344960
2017-08-09 15:15:00,1502271900,953.3,953.6,950,951,130343
2017-08-10 09:15:00,1502336700,950.8,971.15,949.15,966.5,509565
2017-08-10 10:15:00,1502340300,966.45,968.95,960,966.95,198055
2017-08-10 11:15:00,1502343900,966.95,967.3,953.6,956,193632
2017-08-10 12:15:00,1502347500,955.65,960.15,951,957.25,185987
2017-08-10 13:15:00,1502351100,956.9,958.9,949.4,951.5,208064
2017-08-10 14:15:00,1502354700,952.25,952.5,918.85,934.75,695245
2017-08-10 15:15:00,1502358300,934.75,946.4,933.75,944.05,150783
2017-08-11 09:15:00,1502423100,928.4,942.95,921,942.7,499141
2017-08-11 10:15:00,1502426700,942.65,950,933.2,941,358979
2017-08-11 11:15:00,1502430300,941,954.85,939.05,943.8,229578
2017-08-11 12:15:00,1502433900,943.5,944.35,934,941.4,133768
2017-08-11 13:15:00,1502437500,941.1,945,935.05,938.2,108267
2017-08-11 14:15:00,1502441100,938.2,944.8,932,940.6,184563
2017-08-11 15:15:00,1502444700,940.55,943,938.5,940,100290
2017-08-14 09:15:00,1502682300,946.15,955.4,943.5,948.3,311551
2017-08-14 10:15:00,1502685900,948.3,952.7,945,951.3,103653
2017-08-14 11:15:00,1502689500,951.3,953.5,948,949.55,92429
2017-08-14 12:15:00,1502693100,949.55,950.15,945.05,948.05,115389
2017-08-14 13:15:00,1502696700,948.05,958.7,947.05,957.2,184928
2017-08-14 14:15:00,1502700300,957.15,969.75,956.5,968,459525
2017-08-14 15:15:00,1502703900,968.25,968.75,961,962,111445
2017-08-16 09:15:00,1502855100,973.1,973.1,952.05,961.15,472286
2017-08-16 10:15:00,1502858700,961.15,963.05,955,961.05,136446
2017-08-16 11:15:00,1502862300,961.05,961.15,950.6,958.7,140302
2017-08-16 12:15:00,1502865900,958.7,964.15,958.15,959.95,118377
2017-08-16 13:15:00,1502869500,960,962.95,959,960.5,400167
2017-08-16 14:15:00,1502873100,960.5,963.5,959,959.8,575066
2017-08-16 15:15:00,1502876700,959.8,963,958.05,962.05,127496
2017-08-17 09:15:00,1502941500,964.75,968.4,958.2,963.2,263014
2017-08-17 10:15:00,1502945100,963.2,964.5,956.05,959.2,136747
2017-08-17 11:15:00,1502948700,959.2,963,959.2,961.85,83092
2017-08-17 12:15:00,1502952300,961.85,962,957.35,959,196207
2017-08-17 13:15:00,1502955900,959,959.7,954,956.25,157773
2017-08-17 14:15:00,1502959500,956.05,957.8,953.05,953.4,144434
2017-08-17 15:15:00,1502963100,953.4,955,951,952.95,145310
2017-08-18 09:15:00,1503027900,950.45,950.7,938.75,944.4,405883
2017-08-18 10:15:00,1503031500,944.4,944.9,934.5,938.3,299744
2017-08-18 11:15:00,1503035100,938.3,938.85,935.75,937.25,356769
2017-08-18 12:15:00,1503038700,937.5,940.9,936.25,939.5,186710
2017-08-18 13:15:00,1503042300,939.5,941.95,939,940.95,167695
2017-08-18 14:15:00,1503045900,940.95,941.5,937.05,939.5,301719
2017-08-18 15:15:00,1503049500,939.5,939.85,936.65,937.85,112353
2017-08-21 09:15:00,1503287100,943,944,932.3,932.95,215506
2017-08-21 10:15:00,1503290700,932.95,933,926,932.35,145131
2017-08-21 11:15:00,1503294300,932.35,933.3,928.1,930.05,97255
2017-08-21 12:15:00,1503297900,930.05,931.95,927,927.15,249184
2017-08-21 13:15:00,1503301500,927.15,928.95,921,923.5,145558
2017-08-21 14:15:00,1503305100,923.6,927.25,922,922.9,190844
2017-08-21 15:15:00,1503308700,922.9,924.35,920,920.25,105221
2017-08-22 09:15:00,1503373500,946,949.95,935.05,937.25,882391
2017-08-22 10:15:00,1503377100,937.05,942.4,936.55,942.25,196487
2017-08-22 11:15:00,1503380700,942.3,942.35,938.15,939.6,232310
2017-08-22 12:15:00,1503384300,939.65,941.9,939.65,940.15,137295
2017-08-22 13:15:00,1503387900,940.15,946.9,938.2,939.6,384264
2017-08-22 14:15:00,1503391500,939.6,947,939.05,944.95,319395
2017-08-22 15:15:00,1503395100,944.6,945.8,942.1,942.6,160666
2017-08-23 09:15:00,1503459900,948.5,958.45,941.2,948.95,471672
2017-08-23 10:15:00,1503463500,949.45,955.2,945.55,952.45,152283
2017-08-23 11:15:00,1503467100,952.7,956.6,952,954,301153
2017-08-23 12:15:00,1503470700,954,955.45,951.95,953.8,122994
2017-08-23 13:15:00,1503474300,953.8,954.65,950,951.3,143904
2017-08-23 14:15:00,1503477900,951.3,956.45,950.1,954.1,116715
2017-08-23 15:15:00,1503481500,956.9,959.7,952.5,955.8,139999
2017-08-24 09:15:00,1503546300,958,974.85,955,973.6,357793
2017-08-24 10:15:00,1503549900,973.6,981.3,970.25,981.25,273591
2017-08-24 11:15:00,1503553500,981.3,997.3,978.8,989.8,742739
2017-08-24 12:15:00,1503557100,989.55,995.2,989,991.8,188217
2017-08-24 13:15:00,1503560700,991.8,998.8,988,998,264039
2017-08-24 14:15:00,1503564300,998,999.55,990,991.45,452916
2017-08-24 15:15:00,1503567900,991.45,995,990.6,994,170150
2017-08-28 09:15:00,1503891900,999,1007.8,991.45,995.8,575208
2017-08-28 10:15:00,1503895500,996,997,992.5,995.55,178854
2017-08-28 11:15:00,1503899100,995.55,996.5,993.5,995.05,94871
2017-08-28 12:15:00,1503902700,995.05,995.95,986.05,988,222087
2017-08-28 13:15:00,1503906300,988,992.95,986,990.2,221838
2017-08-28 14:15:00,1503909900,990.2,995,988,993.1,244265
2017-08-28 15:15:00,1503913500,993.1,993.3,986,987,117780
2017-08-29 09:15:00,1503978300,987.7,998.95,984.25,988.7,265366
2017-08-29 10:15:00,1503981900,988.7,995,987.25,992.1,128802
2017-08-29 11:15:00,1503985500,992.1,993.95,990.8,991.7,41108
2017-08-29 12:15:00,1503989100,991.7,992.55,988.5,990.35,109434
2017-08-29 13:15:00,1503992700,990.35,992,988,990.35,183712
2017-08-29 14:15:00,1503996300,990.35,992,988,988.5,180548
2017-08-29 15:15:00,1503999900,988.5,990,985,985.05,112844
2017-08-30 09:15:00,1504064700,994,998,992,994.15,159083
2017-08-30 10:15:00,1504068300,994.15,994.95,990,992.85,83250
2017-08-30 11:15:00,1504071900,992.85,994.5,992.05,993,51937
2017-08-30 12:15:00,1504075500,993,993.2,990.1,990.8,67502
2017-08-30 13:15:00,1504079100,990.8,992.8,988.25,992.65,115442
2017-08-30 14:15:00,1504082700,992.65,992.95,987,989.3,156033
2017-08-30 15:15:00,1504086300,989.3,989.5,986,986.05,65554
2017-08-31 09:15:00,1504151100,980,989.25,980,983.8,200663
2017-08-31 10:15:00,1504154700,983.8,985.5,982.95,984.25,99549
2017-08-31 11:15:00,1504158300,984.25,988.15,981.55,988.15,148348
2017-08-31 12:15:00,1504161900,988.15,995.6,985.2,989.8,325503
2017-08-31 13:15:00,1504165500,989.75,992.75,988.55,991.25,138067
2017-08-31 14:15:00,1504169100,991.25,992.15,977.1,978.8,576203
2017-08-31 15:15:00,1504172700,979.9,981.5,974.65,978.75,435555
2017-09-01 09:15:00,1504237500,985,1009,982.05,999.75,763683
2017-09-01 10:15:00,1504241100,999.8,1003.2,997,997.9,209163
2017-09-01 11:15:00,1504244700,997.9,999,993.55,998,96944
2017-09-01 12:15:00,1504248300,998,998,992.7,993.2,155408
2017-09-01 13:15:00,1504251900,993,998.65,992.3,997.4,87131
2017-09-01 14:15:00,1504255500,997.4,998,993.05,995.25,147495
2017-09-01 15:15:00,1504259100,995.15,996.5,994.1,996,96053
2017-09-04 09:15:00,1504496700,996.3,998.4,992.5,996.25,139982
2017-09-04 10:15:00,1504500300,996.3,1003.75,993.05,1003.6,87854
2017-09-04 11:15:00,1504503900,1003.75,1006.35,991.1,992.5,281573
2017-09-04 12:15:00,1504507500,992,997.05,986,994.3,131054
2017-09-04 13:15:00,1504511100,993.75,994.4,989.3,993,41659
2017-09-04 14:15:00,1504514700,993,1000,992,996.6,113605
2017-09-04 15:15:00,1504518300,997,999,994.8,995,109070
2017-09-05 09:15:00,1504583100,1004.65,1004.65,987.5,990.65,219970
2017-09-05 10:15:00,1504586700,990.65,994.35,988.1,991,107074
2017-09-05 11:15:00,1504590300,991,991.45,988.05,988.55,85392
2017-09-05 12:15:00,1504593900,988.55,990,986.05,989.1,49864
2017-09-05 13:15:00,1504597500,989.1,992.2,987,991.5,64584
2017-09-05 14:15:00,1504601100,991.5,994.5,990.45,993.8,127671
2017-09-05 15:15:00,1504604700,993.8,993.8,990,990.75,56447
2017-09-06 09:15:00,1504669500,987.45,991.35,976.3,976.9,210363
2017-09-06 10:15:00,1504673100,977,977,970.1,970.6,226947
2017-09-06 11:15:00,1504676700,970.6,972.8,967,969.9,293935
2017-09-06 12:15:00,1504680300,969.9,973.6,969,973.25,117576
2017-09-06 13:15:00,1504683900,973.25,975,972,975,100836
2017-09-06 14:15:00,1504687500,974.7,976.9,970.2,971,279325
2017-09-06 15:15:00,1504691100,971,972.25,969.4,970,108315
2017-09-07 09:15:00,1504755900,975.9,978.8,970.6,973.15,157359
2017-09-07 10:15:00,1504759500,973.15,977.95,972.5,977,101079
2017-09-07 11:15:00,1504763100,977,977.6,973.9,976,124632
2017-09-07 12:15:00,1504766700,976,981.7,976,980.05,164345
2017-09-07 13:15:00,1504770300,980.05,981.15,978.1,980.35,69201
2017-09-07 14:15:00,1504773900,980.35,980.8,977.25,977.85,240084
2017-09-07 15:15:00,1504777500,977.85,978.8,976.05,977,79317
2017-09-08 09:15:00,1504842300,978.55,986.45,974.2,975.7,117121
2017-09-08 10:15:00,1504845900,975.7,977.4,960.2,967.9,188300
2017-09-08 11:15:00,1504849500,967.9,970.2,966.8,967.45,59753
2017-09-08 12:15:00,1504853100,967.45,970,967.4,968.7,53618
2017-09-08 13:15:00,1504856700,968.8,973.95,968.3,970.25,52573
2017-09-08 14:15:00,1504860300,970.25,971,968,969.05,126709
2017-09-08 15:15:00,1504863900,969.05,971.55,968.1,971.2,115154
2017-09-11 09:15:00,1505101500,975.5,977.95,968.15,970.7,88907
2017-09-11 10:15:00,1505105100,970.25,973.9,969,973.75,30978
2017-09-11 11:15:00,1505108700,973.75,974.8,971.65,973.15,31476
2017-09-11 12:15:00,1505112300,973.1,974.5,972.2,974,103923
2017-09-11 13:15:00,1505115900,974,982.9,971.45,978.3,270329
2017-09-11 14:15:00,1505119500,978.4,978.7,975,977.55,191685
2017-09-11 15:15:00,1505123100,978,980,975.05,980,79893
2017-09-12 09:15:00,1505187900,979.55,983.3,976.25,979.25,206427
2017-09-12 10:15:00,1505191500,979.25,985,977.8,981.15,208539
2017-09-12 11:15:00,1505195100,981.2,988,980.5,984.3,161862
2017-09-12 12:15:00,1505198700,984.3,986,982,982.85,262680
2017-09-12 13:15:00,1505202300,982.95,984.9,982,982.8,40502
2017-09-12 14:15:00,1505205900,982.8,985.15,981.5,981.8,106026
2017-09-12 15:15:00,1505209500,982.15,982.15,980,980,87130
2017-09-13 09:15:00,1505274300,985.2,992.45,974,984.25,389013
2017-09-13 10:15:00,1505277900,983.85,994,983,992.55,264251
2017-09-13 11:15:00,1505281500,992.5,993.5,988.8,992.75,192909
2017-09-13 12:15:00,1505285100,992.95,1009,992.5,1005.2,785263
2017-09-13 13:15:00,1505288700,1005.2,1007,998.1,1000.5,217581
2017-09-13 14:15:00,1505292300,1000.5,1000.9,988,989.7,371978
2017-09-13 15:15:00,1505295900,989.6,996,988.6,995.55,163931
2017-09-14 09:15:00,1505360700,1000.8,1017.7,995.55,1012.1,1008578
2017-09-14 10:15:00,1505364300,1012.1,1015,1004.15,1004.35,294295
2017-09-14 11:15:00,1505367900,1004.5,1008,1000.75,1003.05,224779
2017-09-14 12:15:00,1505371500,1003.05,1004,997.1,1000,195280
2017-09-14 13:15:00,1505375100,1000,1003.2,997.05,1001,193929
2017-09-14 14:15:00,1505378700,1001,1006.6,1000,1004.5,300464
2017-09-14 15:15:00,1505382300,1004.5,1005.9,1001,1005,164489
2017-09-15 09:15:00,1505447100,990.9,1003,990.1,995.55,302785
2017-09-15 10:15:00,1505450700,995.6,999.65,994.2,995.9,119491
2017-09-15 11:15:00,1505454300,995.6,999.3,994.15,998.6,101823
2017-09-15 12:15:00,1505457900,998.6,1006.45,997.85,1004.4,166596
2017-09-15 13:15:00,1505461500,1004.05,1010,1003.35,1006.75,294119
2017-09-15 14:15:00,1505465100,1006.75,1014.9,1005.2,1008.1,839694
2017-09-15 15:15:00,1505468700,1008.15,1013.9,1004,1006.05,421235
2017-09-18 09:15:00,1505706300,1015,1015.9,1004.05,1005.55,231921
2017-09-18 10:15:00,1505709900,1005.55,1007.9,1000.1,1007.05,139542
2017-09-18 11:15:00,1505713500,1007.05,1009.25,1006.45,1008,176574
2017-09-18 12:15:00,1505717100,1008,1008.9,1003.1,1004.6,86847
2017-09-18 13:15:00,1505720700,1004.6,1010,1003.8,1008,251676
2017-09-18 14:15:00,1505724300,1008,1013.95,1008,1009.6,268669
2017-09-18 15:15:00,1505727900,1009.55,1012,1009.5,1009.95,164934
2017-09-19 09:15:00,1505792700,1008,1021.7,1005.3,1013.3,527947
2017-09-19 10:15:00,1505796300,1013.3,1014.1,1007.8,1010.15,191323
2017-09-19 11:15:00,1505799900,1010.15,1013.3,1009.05,1013,306984
2017-09-19 12:15:00,1505803500,1012.95,1013.45,1010.25,1011.6,64267
2017-09-19 13:15:00,1505807100,1011.6,1013.5,1011,1012.05,61546
2017-09-19 14:15:00,1505810700,1012.25,1012.25,1001.6,1003.95,293415
2017-09-19 15:15:00,1505814300,1003.45,1007.95,1002.8,1007.45,146591
2017-09-20 09:15:00,1505879100,1009.85,1009.85,997.35,998.2,196485
2017-09-20 10:15:00,1505882700,998.2,1003,997,1001.6,130724
2017-09-20 11:15:00,1505886300,1001.6,1002.25,998,999.05,209804
2017-09-20 12:15:00,1505889900,999.05,1003,999,1001.1,100538
2017-09-20 13:15:00,1505893500,1001.1,1003,999.5,1001.5,603381
2017-09-20 14:15:00,1505897100,1001.5,1003.7,999.7,1002.6,412135
2017-09-20 15:15:00,1505900700,1002.4,1003.1,1000.55,1003.05,245534
2017-09-21 09:15:00,1505965500,1006.65,1029.75,1006.2,1026.1,1324056
2017-09-21 10:15:00,1505969100,1026.15,1037.75,1021,1037.7,934835
2017-09-21 11:15:00,1505972700,1037.95,1039.8,1032.5,1039.45,499422
2017-09-21 12:15:00,1505976300,1039,1039.9,1030.6,1033.25,315135
2017-09-21 13:15:00,1505979900,1033.25,1038.75,1033,1034,258885
2017-09-21 14:15:00,1505983500,1034,1035.4,1028,1031,523762
2017-09-21 15:15:00,1505987100,1031,1031,1028.15,1029.5,214643
2017-09-22 09:15:00,1506051900,1030.85,1044.55,1021.6,1024.65,649515
2017-09-22 10:15:00,1506055500,1024.55,1029.85,1021.6,1026.6,147234
2017-09-22 11:15:00,1506059100,1026.55,1033,1026.55,1028.3,118968
2017-09-22 12:15:00,1506062700,1028.3,1032,1027.4,1029.85,102353
2017-09-22 13:15:00,1506066300,1029.85,1031,1025.65,1027.5,342529
2017-09-22 14:15:00,1506069900,1027.5,1029.65,1010.55,1011.75,629618
2017-09-22 15:15:00,1506073500,1011.7,1011.95,1006.2,1011.05,133191
2017-09-25 09:15:00,1506311100,1014.5,1016.45,983.15,988.65,448203
2017-09-25 10:15:00,1506314700,988.65,992.8,982.2,987.25,518184
2017-09-25 11:15:00,1506318300,987.2,989.95,985.2,988.5,86320
2017-09-25 12:15:00,1506321900,988.6,992,988.6,990.55,152932
2017-09-25 13:15:00,1506325500,990.6,998.9,990.05,995.95,294688
2017-09-25 14:15:00,1506329100,996,998,990,990.8,191119
2017-09-25 15:15:00,1506332700,990.8,995.6,990,995,130276
2017-09-26 09:15:00,1506397500,995,1005,993,995.7,303086
2017-09-26 10:15:00,1506401100,995.4,1001.2,993.75,999,188657
2017-09-26 11:15:00,1506404700,999,1004,997.75,1002.3,155067
2017-09-26 12:15:00,1506408300,1002.3,1006.8,1001,1006.5,272122
2017-09-26 13:15:00,1506411900,1006.5,1012,1005.4,1010,448052
2017-09-26 14:15:00,1506415500,1010.45,1011.2,1005,1007.4,416818
2017-09-26 15:15:00,1506419100,1007,1008,1002,1008,182503
2017-09-27 09:15:00,1506483900,1011.15,1011.8,995.5,998,309391
2017-09-27 10:15:00,1506487500,998,1000.5,996.5,1000,127452
2017-09-27 11:15:00,1506491100,1000,1003.75,999.4,1002.15,403190
2017-09-27 12:15:00,1506494700,1002,1003.5,1001.2,1001.75,375255
2017-09-27 13:15:00,1506498300,1001.75,1005.55,997.95,1003.9,273980
2017-09-27 14:15:00,1506501900,1003.95,1004.15,998.75,1000,490677
2017-09-27 15:15:00,1506505500,1000.05,1001.95,998,999.55,105088
2017-09-28 09:15:00,1506570300,1003.65,1008.9,996.05,1005.65,439164
2017-09-28 10:15:00,1506573900,1005.65,1008.15,997.55,999.3,137640
2017-09-28 11:15:00,1506577500,999.3,1002,998.85,1001.1,130198
2017-09-28 12:15:00,1506581100,1001,1003,999,1000.6,141496
2017-09-28 13:15:00,1506584700,1000.6,1005.65,1000,1005,96106
2017-09-28 14:15:00,1506588300,1004.8,1005.9,1002,1004.1,846899
2017-09-28 15:15:00,1506591900,1004,1008.1,1001.1,1007,655837
2017-09-29 09:15:00,1506656700,1013.7,1017.8,1006.95,1011,277205
2017-09-29 10:15:00,1506660300,1010.65,1013.5,1008.5,1009.75,77119
2017-09-29 11:15:00,1506663900,1009.25,1013.65,1008.8,1011.55,126743
2017-09-29 12:15:00,1506667500,1011.55,1015,1011,1014.5,99345
2017-09-29 13:15:00,1506671100,1014.5,1016.8,1013.1,1014,225345
2017-09-29 14:15:00,1506674700,1014,1015.7,1008.85,1015.7,303146
2017-09-29 15:15:00,1506678300,1015.65,1016.45,1012.5,1013,87137
2017-10-03 09:15:00,1507002300,1021.05,1024.8,1016.4,1018,278642
2017-10-03 10:15:00,1507005900,1018,1021.55,1017.5,1020.9,59582
2017-10-03 11:15:00,1507009500,1020.9,1022,1019,1019,319111
2017-10-03 12:15:00,1507013100,1019,1023.3,1019,1021.75,239361
2017-10-03 13:15:00,1507016700,1021.3,1021.95,1014.7,1019.95,184076
2017-10-03 14:15:00,1507020300,1019.95,1022.3,1018.9,1022,303355
2017-10-03 15:15:00,1507023900,1022.4,1022.45,1018,1021.35,112244
2017-10-04 09:15:00,1507088700,1024.05,1037.15,1021.8,1033.8,240649
2017-10-04 10:15:00,1507092300,1033.8,1034.95,1027.55,1031.75,78113
2017-10-04 11:15:00,1507095900,1031.75,1033,1027.25,1029.75,81837
2017-10-04 12:15:00,1507099500,1029.75,1031.7,1028.7,1028.85,168064
2017-10-04 13:15:00,1507103100,1028.85,1030.7,1023.55,1024.8,136686
2017-10-04 14:15:00,1507106700,1024.8,1030,1019.55,1024.85,171558
2017-10-04 15:15:00,1507110300,1024.9,1031,1024.2,1030.5,133088
2017-10-05 09:15:00,1507175100,1031,1038.25,1025.5,1035.15,106260
2017-10-05 10:15:00,1507178700,1035.15,1035.5,1030.05,1032.3,60934
2017-10-05 11:15:00,1507182300,1032.35,1033.85,1030.4,1032,35901
2017-10-05 12:15:00,1507185900,1032,1032.5,1027,1028.9,36409
2017-10-05 13:15:00,1507189500,1028.9,1032.5,1023.3,1030.9,79374
2017-10-05 14:15:00,1507193100,1030.9,1032,1029.05,1029.3,102903
2017-10-05 15:15:00,1507196700,1029.3,1031.95,1027.5,1030.1,68373
2017-10-06 09:15:00,1507261500,1032.1,1035.95,1028.05,1030.95,85407
2017-10-06 10:15:00,1507265100,1030.95,1033,1025.2,1028.25,78865
2017-10-06 11:15:00,1507268700,1028.25,1031,1028,1030,58650
2017-10-06 12:15:00,1507272300,1030,1033,1029.5,1030,106763
2017-10-06 13:15:00,1507275900,1030,1031.7,1027,1027.8,107079
2017-10-06 14:15:00,1507279500,1028.3,1042.9,1027.5,1042,569988
2017-10-06 15:15:00,1507283100,1041.95,1044.7,1040.75,1042,98298
2017-10-09 09:15:00,1507520700,1044.4,1045.4,1036.15,1037,114978
2017-10-09 10:15:00,1507524300,1037.3,1041.7,1036.5,1036.55,42218
2017-10-09 11:15:00,1507527900,1036.55,1039.6,1033.8,1036.75,41104
2017-10-09 12:15:00,1507531500,1036.75,1038.85,1033.8,1038,32980
2017-10-09 13:15:00,1507535100,1038,1041.9,1038,1040,43964
2017-10-09 14:15:00,1507538700,1040.4,1041.55,1039,1040.35,58782
2017-10-09 15:15:00,1507542300,1040.65,1040.75,1038.25,1040,50934
2017-10-10 09:15:00,1507607100,1054,1070.65,1053.15,1064.5,992220
2017-10-10 10:15:00,1507610700,1064.35,1066,1061.25,1063.75,195670
2017-10-10 11:15:00,1507614300,1063.75,1065.5,1062,1064.05,133040
2017-10-10 12:15:00,1507617900,1064.45,1065.45,1062.4,1062.95,267047
2017-10-10 13:15:00,1507621500,1062.8,1064.35,1043.7,1054.3,326012
2017-10-10 14:15:00,1507625100,1054.3,1066,1052,1061.85,348727
2017-10-10 15:15:00,1507628700,1061.95,1064.5,1060.25,1062.6,137065
2017-10-11 09:15:00,1507693500,1067,1069.45,1052.05,1058.3,239995
2017-10-11 10:15:00,1507697100,1058.3,1063.6,1054,1055.4,210177
2017-10-11 11:15:00,1507700700,1055.4,1056.3,1049.1,1051.9,115977
2017-10-11 12:15:00,1507704300,1051.9,1053,1047.45,1049.55,119619
2017-10-11 13:15:00,1507707900,1049.5,1052,1045,1048.45,436841
2017-10-11 14:15:00,1507711500,1048.65,1049.5,1038.75,1046.45,192076
2017-10-11 15:15:00,1507715100,1046.45,1047.65,1043.4,1044.25,117016
2017-10-12 09:15:00,1507779900,1057,1064,1052.9,1059.7,276614
2017-10-12 10:15:00,1507783500,1059.7,1060,1055,1057.95,106510
2017-10-12 11:15:00,1507787100,1057.95,1059.7,1056.6,1058.25,54311
2017-10-12 12:15:00,1507790700,1058.25,1060,1056.8,1059.3,74761
2017-10-12 13:15:00,1507794300,1059.3,1063.5,1058,1061.4,107473
2017-10-12 14:15:00,1507797900,1061,1063,1060.1,1061.7,131509
2017-10-12 15:15:00,1507801500,1061.7,1062,1059.4,1060.95,97539
2017-10-13 09:15:00,1507866300,1055.45,1063.95,1055,1060,138589
2017-10-13 10:15:00,1507869900,1060,1067.65,1059,1065.5,116570
2017-10-13 11:15:00,1507873500,1065.5,1065.65,1062.05,1062.65,68462
2017-10-13 12:15:00,1507877100,1062.65,1065.75,1062.35,1063.55,50401
2017-10-13 13:15:00,1507880700,1063.55,1068.45,1063.05,1065.1,94007
2017-10-13 14:15:00,1507884300,1065.1,1065.5,1060.05,1061.85,109338
2017-10-13 15:15:00,1507887900,1062,1062.75,1060,1061.55,46473
2017-10-16 09:15:00,1508125500,1065,1071,1064.6,1070.45,94174
2017-10-16 10:15:00,1508129100,1070.45,1072,1064.45,1069.15,98756
2017-10-16 11:15:00,1508132700,1069.15,1072,1067.55,1070.15,35909
2017-10-16 12:15:00,1508136300,1070.15,1075,1069,1071,227325
2017-10-16 13:15:00,1508139900,1071,1072.25,1069.25,1071,55988
2017-10-16 14:15:00,1508143500,1071,1074.45,1070,1070.1,108454
2017-10-16 15:15:00,1508147100,1070.25,1070.25,1067.5,1068.1,64725
2017-10-17 09:15:00,1508211900,1065,1069.55,1062.1,1065.7,160558
2017-10-17 10:15:00,1508215500,1065.7,1068.9,1062.35,1067.35,110680
2017-10-17 11:15:00,1508219100,1067.05,1068.05,1065,1065.85,43443
2017-10-17 12:15:00,1508222700,1065.85,1065.85,1064.9,1065.15,57169
2017-10-17 13:15:00,1508226300,1065.15,1066.95,1065,1066.95,87870
2017-10-17 14:15:00,1508229900,1066.95,1067.6,1065,1065.9,98549
2017-10-17 15:15:00,1508233500,1065.7,1066.8,1065,1066,42756
2017-10-18 08:15:00,1508294700,1066,1068.7,1066,1068.7,586
2017-10-18 09:15:00,1508298300,1068.4,1068.4,1055,1058,95899
2017-10-18 10:15:00,1508301900,1058,1058.75,1057,1058.45,40597
2017-10-18 11:15:00,1508305500,1058.45,1059,1057.3,1058.35,31554
2017-10-18 12:15:00,1508309100,1058.35,1058.35,1053.1,1053.8,88961
2017-10-18 13:15:00,1508312700,1053.8,1055,1050,1050.35,78352
2017-10-18 14:15:00,1508316300,1050.35,1051.35,1046.55,1049.15,188949
2017-10-18 15:15:00,1508319900,1049.15,1053.9,1049.15,1049.2,11088323329
2017-10-23 08:15:00,1508726700,1048.6,1058,1048.6,1058,1525
2017-10-23 09:15:00,1508730300,1057.2,1058.2,1045.7,1046,85626
2017-10-23 10:15:00,1508733900,1046,1046,1040.3,1045,93578
2017-10-23 11:15:00,1508737500,1045,1045.4,1031,1031,101181
2017-10-23 12:15:00,1508741100,1030.95,1032.95,1028,1032.8,71046
2017-10-23 13:15:00,1508744700,1032.8,1037.65,1032.65,1037,68964
2017-10-23 14:15:00,1508748300,1037,1040,1035.35,1039.2,74428
2017-10-23 15:15:00,1508751900,1039.3,1039.95,1035.8,1038.45,7500242153
2017-10-24 09:15:00,1508816700,1036.85,1043.7,1032.2,1035.65,102859
2017-10-24 10:15:00,1508820300,1035.65,1036.7,1031.15,1032.6,28524
2017-10-24 11:15:00,1508823900,1032.6,1035,1031,1033.65,31156
2017-10-24 12:15:00,1508827500,1033.65,1035.45,1031,1035.2,36919
2017-10-24 13:15:00,1508831100,1035.2,1036.65,1032.3,1032.55,32348
2017-10-24 14:15:00,1508834700,1032.55,1036,1023.5,1026.45,78759
2017-10-24 15:15:00,1508838300,1026.2,1027.6,1024.55,1026.1,58949
2017-10-25 09:15:00,1508903100,1036.85,1036.85,1017.2,1017.7,304146
2017-10-25 10:15:00,1508906700,1017.7,1018,1014.2,1016.8,147224
2017-10-25 11:15:00,1508910300,1016.8,1017.15,1009.5,1010,92745
2017-10-25 12:15:00,1508913900,1010,1010,1004.2,1005.2,166186
2017-10-25 13:15:00,1508917500,1005.2,1005.3,999.1,1000,162795
2017-10-25 14:15:00,1508921100,999.5,1005.8,999.1,1004.85,147581
2017-10-25 15:15:00,1508924700,1004.9,1005,1001.25,1003,63019
2017-10-26 09:15:00,1508989500,1010,1010,990.35,1000.5,281491
2017-10-26 10:15:00,1508993100,1000.5,1003.2,995.75,999.05,123396
2017-10-26 11:15:00,1508996700,998.95,1000.55,995,997.15,115163
2017-10-26 12:15:00,1509000300,997,999.95,996.7,997.6,85742
2017-10-26 13:15:00,1509003900,997.6,1002.5,995.2,1000.65,191020
2017-10-26 14:15:00,1509007500,1000.65,1004,991.25,992,788619
2017-10-26 15:15:00,1509011100,991.3,993.9,990.65,992.5,721349
2017-10-27 09:15:00,1509075900,1002,1005.8,999,1001.65,172510
2017-10-27 10:15:00,1509079500,1001.65,1008.2,1001.4,1004.55,110830
2017-10-27 11:15:00,1509083100,1004.55,1021.45,1003.25,1014.95,375310
2017-10-27 12:15:00,1509086700,1014.95,1017.25,1006.1,1009.2,144589
2017-10-27 13:15:00,1509090300,1009.2,1010.5,1003,1009.3,153513
2017-10-27 14:15:00,1509093900,1009.3,1010.65,1000,1000.2,131729
2017-10-27 15:15:00,1509097500,1000.2,1002,1000,1001.5,69791
2017-10-30 09:15:00,1509335100,1005.55,1006,992.95,1001,310282
2017-10-30 10:15:00,1509338700,1001,1004,998,1000,113577
2017-10-30 11:15:00,1509342300,1000,1009.95,1000,1006,140563
2017-10-30 12:15:00,1509345900,1006,1007.65,998.5,1001.65,147490
2017-10-30 13:15:00,1509349500,1001.65,1004.5,1000.1,1002.85,75224
2017-10-30 14:15:00,1509353100,1002.85,1090,993.75,1024.7,6899078
2017-10-30 15:15:00,1509356700,1025.3,1026,1018.15,1025,501432
2017-10-31 09:15:00,1509421500,1024,1035,1010.55,1029.15,830064
2017-10-31 10:15:00,1509425100,1029.15,1037.65,1020.25,1026.85,339344
2017-10-31 11:15:00,1509428700,1026.9,1036.6,1024.75,1032.9,240981
2017-10-31 12:15:00,1509432300,1032.85,1034.75,1029,1030.6,118150
2017-10-31 13:15:00,1509435900,1030.9,1031,1023.1,1025.4,143915
2017-10-31 14:15:00,1509439500,1025.4,1030.05,1025,1029.05,232198
2017-10-31 15:15:00,1509443100,1029.2,1029.8,1025.1,1025.95,122119
2017-11-01 09:15:00,1509507900,1028.05,1039,1028.05,1034.2,192944
2017-11-01 10:15:00,1509511500,1034.2,1034.85,1032,1032.8,65716
2017-11-01 11:15:00,1509515100,1032.8,1035.45,1032.1,1032.15,54851
2017-11-01 12:15:00,1509518700,1032.65,1032.65,1030.35,1031.5,38922
2017-11-01 13:15:00,1509522300,1031.5,1031.7,1025.25,1029.75,81916
2017-11-01 14:15:00,1509525900,1029.85,1030,1026.7,1027.7,58264
2017-11-01 15:15:00,1509529500,1027.7,1030.9,1026.65,1030.9,96921
2017-11-02 09:15:00,1509594300,1031.7,1059.9,1033,1054.5,620177
2017-11-02 10:15:00,1509597900,1054.1,1063,1053.8,1056,320275
2017-11-02 11:15:00,1509601500,1056,1059.45,1047.3,1049.4,178468
2017-11-02 12:15:00,1509605100,1050,1056.1,1049.35,1055.5,108493
2017-11-02 13:15:00,1509608700,1055.5,1058.8,1055,1058.05,103658
2017-11-02 14:15:00,1509612300,1058.45,1064.7,1056.6,1061.4,230970
2017-11-02 15:15:00,1509615900,1061.4,1063.75,1060.05,1061.05,144875
2017-11-03 09:15:00,1509680700,1065,1069.6,1044,1051,283606
2017-11-03 10:15:00,1509684300,1051,1052.6,1041.15,1044.7,126199
2017-11-03 11:15:00,1509687900,1044.7,1049,1044,1048,81000
2017-11-03 12:15:00,1509691500,1048,1049,1045.1,1045.85,41529
2017-11-03 13:15:00,1509695100,1045.85,1047,1043.8,1043.8,76521
2017-11-03 14:15:00,1509698700,1044,1050,1043.45,1048.2,103044
2017-11-03 15:15:00,1509702300,1048.2,1048.9,1045,1046.55,65109
2017-11-06 09:15:00,1509939900,1044.5,1055.45,1036.45,1042.9,154540
2017-11-06 10:15:00,1509943500,1042.15,1047.65,1040.15,1040.9,52317
2017-11-06 11:15:00,1509947100,1040.9,1044.15,1039.05,1041,30524
2017-11-06 12:15:00,1509950700,1041,1044.95,1040.75,1042.95,30139
2017-11-06 13:15:00,1509954300,1042.95,1043,1040,1040.95,28656
2017-11-06 14:15:00,1509957900,1040.85,1041,1034.5,1034.85,94614
2017-11-06 15:15:00,1509961500,1034.85,1035.75,1031.25,1032.4,78796
2017-11-07 09:15:00,1510026300,1037,1041.5,1028.1,1031.6,185594
2017-11-07 10:15:00,1510029900,1031.6,1036,1022.6,1034.75,116941
2017-11-07 11:15:00,1510033500,1034.55,1035.2,1032,1034.1,42789
2017-11-07 12:15:00,1510037100,1033.1,1034,890.55,893.5,5143467
2017-11-07 13:15:00,1510040700,893,900,852,856.4,13344316
2017-11-07 14:15:00,1510044300,856.3,864,845.85,858.65,5064963
2017-11-07 15:15:00,1510047900,858.5,861.9,858,860,1116477
2017-11-08 09:15:00,1510112700,862.5,878.35,863.85,869.9,3251832
2017-11-08 10:15:00,1510116300,869.7,881.35,862.25,872.5,2152366
2017-11-08 11:15:00,1510119900,872.3,874.5,870,870.45,568303
2017-11-08 12:15:00,1510123500,870.3,870.35,853.25,863.8,1519202
2017-11-08 13:15:00,1510127100,863,863,837,840,2338775
2017-11-08 14:15:00,1510130700,840,847.75,838,842.5,1744721
2017-11-08 15:15:00,1510134300,842.5,843,838.1,840,899849
2017-11-09 09:15:00,1510199100,851,854,839.55,842.2,1014201
2017-11-09 10:15:00,1510202700,842.4,843.25,830.05,834.05,791028
2017-11-09 11:15:00,1510206300,834.5,837,830.45,830.75,464923
2017-11-09 12:15:00,1510209900,830.75,841.45,830,838.1,719957
2017-11-09 13:15:00,1510213500,838,838.5,829.05,829.9,720741
2017-11-09 14:15:00,1510217100,829.4,835.05,827.8,830.85,777019
2017-11-09 15:15:00,1510220700,831,831.5,829,830,496143
2017-11-10 09:15:00,1510285500,835,845.45,831,840.25,1164486
2017-11-10 10:15:00,1510289100,840.25,842,835.3,838.25,351243
2017-11-10 11:15:00,1510292700,838.45,838.65,832.85,835.1,232317
2017-11-10 12:15:00,1510296300,834.95,837.35,833.05,835.4,171203
2017-11-10 13:15:00,1510299900,835.4,836.7,834,836,159328
2017-11-10 14:15:00,1510303500,836.1,836.1,831.2,834.5,424940
2017-11-10 15:15:00,1510307100,834.95,834.95,831.55,832.5,243107
2017-11-13 09:15:00,1510544700,840.2,840.4,827.25,827.95,426083
2017-11-13 10:15:00,1510548300,827.95,830.7,825,828.65,305793
2017-11-13 11:15:00,1510551900,828.65,838.5,828,835.25,443702
2017-11-13 12:15:00,1510555500,835.25,836.5,831.05,832.85,241885
2017-11-13 13:15:00,1510559100,832.85,833.45,828.35,830.5,164658
2017-11-13 14:15:00,1510562700,830.5,831.2,828,828.15,241002
2017-11-13 15:15:00,1510566300,828.15,828.15,825.35,826,214710
2017-11-14 09:15:00,1510631100,829.9,836.6,829,833.65,416196
2017-11-14 10:15:00,1510634700,833.65,842.95,833.3,840.8,523673
2017-11-14 11:15:00,1510638300,840.8,845,838.2,840.35,363416
2017-11-14 12:15:00,1510641900,840.35,842.5,839.3,841.55,181209
2017-11-14 13:15:00,1510645500,841.55,842,839.9,841.2,959713
2017-11-14 14:15:00,1510649100,841.35,841.5,833.65,834.45,387926
2017-11-14 15:15:00,1510652700,834.45,836.15,833,835,119434
2017-11-15 09:15:00,1510717500,825,831.6,818.65,830,715696
2017-11-15 10:15:00,1510721100,830,834.35,828,831.8,194772
2017-11-15 11:15:00,1510724700,831.8,833,828.25,829.05,94348
2017-11-15 12:15:00,1510728300,829.05,829.7,827.1,829.3,98673
2017-11-15 13:15:00,1510731900,829.3,829.5,824.5,824.5,142493
2017-11-15 14:15:00,1510735500,824.4,825,820.15,824.65,339807
2017-11-15 15:15:00,1510739100,824.75,826.85,821.5,822.5,165874
2017-11-16 09:15:00,1510803900,825.7,829.35,822.05,824.9,282448
2017-11-16 10:15:00,1510807500,824.9,825,820.05,822.25,231871
2017-11-16 11:15:00,1510811100,822.1,825,821.05,824.5,490721
2017-11-16 12:15:00,1510814700,824.55,827,823.3,826.3,154317
2017-11-16 13:15:00,1510818300,826.3,826.3,823.35,824.6,169100
2017-11-16 14:15:00,1510821900,824.6,834.55,824.05,829.7,518974
2017-11-16 15:15:00,1510825500,829.7,830.05,827.15,829.05,157088
2017-11-17 09:15:00,1510890300,834,835.7,831.1,831.5,292069
2017-11-17 10:15:00,1510893900,831.5,832,828.15,829.35,292752
2017-11-17 11:15:00,1510897500,829.35,834.5,827.1,833.7,209625
2017-11-17 12:15:00,1510901100,833.7,839.9,832.2,833.1,331004
2017-11-17 13:15:00,1510904700,833.1,834,830,832.35,140330
2017-11-17 14:15:00,1510908300,832.1,833.2,830.1,830.1,171656
2017-11-17 15:15:00,1510911900,830.25,830.9,827.1,828.2,141943
2017-11-20 09:15:00,1511149500,830,832,823.15,826.55,631040
2017-11-20 10:15:00,1511153100,826.55,829,825.1,828.05,258323
2017-11-20 11:15:00,1511156700,828.05,828.65,827.1,827.35,169988
2017-11-20 12:15:00,1511160300,827.35,828.9,825.1,825.8,172259
2017-11-20 13:15:00,1511163900,825.8,827.1,825,826.8,224232
2017-11-20 14:15:00,1511167500,826.8,828,825,826,329332
2017-11-20 15:15:00,1511171100,826,827,824.5,826,215516
2017-11-21 09:15:00,1511235900,830,834.95,829.1,834.5,250669
2017-11-21 10:15:00,1511239500,833.85,842,833.3,841.85,376015
2017-11-21 11:15:00,1511243100,841.85,847.2,841.85,843.65,570902
2017-11-21 12:15:00,1511246700,843.65,849.5,843.3,844.1,360186
2017-11-21 13:15:00,1511250300,844.1,845.8,840.1,841.65,270016
2017-11-21 14:15:00,1511253900,841.65,841.65,835,837.85,364224
2017-11-21 15:15:00,1511257500,837.5,838.7,836.05,837.5,145043
2017-11-22 09:15:00,1511322300,838.6,841.6,832,833.35,587014
2017-11-22 10:15:00,1511325900,833.35,835,831,833,119098
2017-11-22 11:15:00,1511329500,833,835.45,833,835,103197
2017-11-22 12:15:00,1511333100,835.1,837,833,834,147033
2017-11-22 13:15:00,1511336700,834,834.95,831.05,832.1,145525
2017-11-22 14:15:00,1511340300,832.1,832.25,826.75,827.65,298600
2017-11-22 15:15:00,1511343900,827.65,828.5,825.3,828.3,172586
2017-11-23 09:15:00,1511408700,832,835.85,830.4,832.8,535527
2017-11-23 10:15:00,1511412300,832.8,834.35,831.35,832.95,125481
2017-11-23 11:15:00,1511415900,832.95,833.5,832,832.2,95130
2017-11-23 12:15:00,1511419500,832.2,832.95,830,830.05,222463
2017-11-23 13:15:00,1511423100,830,832.55,830,831.4,214396
2017-11-23 14:15:00,1511426700,831.4,832.1,825.35,826.7,368030
2017-11-23 15:15:00,1511430300,826.55,829.75,826.3,828.85,115442
2017-11-24 09:15:00,1511495100,830,834.2,829,834.2,265101
2017-11-24 10:15:00,1511498700,834.05,835.5,830.1,831.6,259690
2017-11-24 11:15:00,1511502300,831.6,831.75,830.25,831.7,90969
2017-11-24 12:15:00,1511505900,831.7,831.75,828.1,829.35,119085
2017-11-24 13:15:00,1511509500,829.4,832.4,829.05,831,173572
2017-11-24 14:15:00,1511513100,831,831.2,828.55,830.1,184781
2017-11-24 15:15:00,1511516700,830.1,830.2,828,829.4,158641
2017-11-27 09:15:00,1511754300,829,834.85,828,832.5,207139
2017-11-27 10:15:00,1511757900,832.5,833.5,831,832.05,74775
2017-11-27 11:15:00,1511761500,832.05,832.5,831,832.5,36978
2017-11-27 12:15:00,1511765100,832.5,832.95,831.55,832.55,65308
2017-11-27 13:15:00,1511768700,832.7,833,831.25,832,95380
2017-11-27 14:15:00,1511772300,832,833.1,831.2,831.9,478358
2017-11-27 15:15:00,1511775900,831.9,832,830.3,830.95,87841
2017-11-28 09:15:00,1511840700,831.45,835.75,831,834.5,196097
2017-11-28 10:15:00,1511844300,834.55,839.9,834,837.45,307135
2017-11-28 11:15:00,1511847900,837.1,837.4,835.05,835.85,97836
2017-11-28 12:15:00,1511851500,835.85,836.75,835,835.35,77068
2017-11-28 13:15:00,1511855100,835.35,836,832.1,832.55,117480
2017-11-28 14:15:00,1511858700,832.5,834.7,831.35,832.05,168764
2017-11-28 15:15:00,1511862300,832.05,833,831.2,831.9,73122
2017-11-29 09:15:00,1511927100,833.1,837,832.5,835,161207
2017-11-29 10:15:00,1511930700,835,839.4,835,836.7,156380
2017-11-29 11:15:00,1511934300,836.7,838.35,835.1,836.3,68917
2017-11-29 12:15:00,1511937900,836.3,837.3,835.25,836.25,50310
2017-11-29 13:15:00,1511941500,836.25,837,835.1,835.65,94775
2017-11-29 14:15:00,1511945100,835.8,836.1,833.85,834.85,173170
2017-11-29 15:15:00,1511948700,835,835,833,834.05,80200
2017-11-30 09:15:00,1512013500,832.8,833.9,825.4,825.7,430423
2017-11-30 10:15:00,1512017100,825.7,828.7,825.5,828.05,323481
2017-11-30 11:15:00,1512020700,828.05,828.35,826.05,826.5,133057
2017-11-30 12:15:00,1512024300,826.5,827.55,826.1,826.55,144719
2017-11-30 13:15:00,1512027900,826.55,827.5,826.15,827,188717
2017-11-30 14:15:00,1512031500,826.7,827.4,816.05,818,1354402
2017-11-30 15:15:00,1512035100,818.05,818.15,815.05,816,1051223
2017-12-01 09:15:00,1512099900,822.1,823.25,818.2,819.65,396261
2017-12-01 10:15:00,1512103500,819.4,819.95,816.1,816.25,169660
2017-12-01 11:15:00,1512107100,816.25,816.95,811.1,813.15,293219
2017-12-01 12:15:00,1512110700,813,814.4,812.3,813.75,197739
2017-12-01 13:15:00,1512114300,813.75,817.95,813.7,816,183929
2017-12-01 14:15:00,1512117900,816,816.3,812.95,814.15,291749
2017-12-01 15:15:00,1512121500,814.3,815.9,813.4,814.25,206754
2017-12-04 09:15:00,1512359100,819.7,819.75,809.2,812.35,259358
2017-12-04 10:15:00,1512362700,812.1,815.75,811.7,814.6,127639
2017-12-04 11:15:00,1512366300,814.5,816.5,814.3,815.8,110399
2017-12-04 12:15:00,1512369900,815.8,817.6,815.25,816.6,122366
2017-12-04 13:15:00,1512373500,816.6,817,814.1,815.75,121620
2017-12-04 14:15:00,1512377100,815.65,816.75,814,814.55,194085
2017-12-04 15:15:00,1512380700,814.55,815.25,813.2,814.2,97756
2017-12-05 09:15:00,1512445500,812.8,819,807,810,235782
2017-12-05 10:15:00,1512449100,810,812,809,809,91597
2017-12-05 11:15:00,1512452700,809,811.2,808.2,810,65195
2017-12-05 12:15:00,1512456300,810,810.7,808.1,808.6,46457
2017-12-05 13:15:00,1512459900,808.6,810,808.5,809.4,72730
2017-12-05 14:15:00,1512463500,809.4,810.55,808.3,809.05,359594
2017-12-05 15:15:00,1512467100,809.15,809.5,808,808.65,159509
2017-12-06 09:15:00,1512531900,808.8,813.4,806.45,810.9,229522
2017-12-06 10:15:00,1512535500,810.35,812.4,810.1,810.85,58831
2017-12-06 11:15:00,1512539100,810.75,812,810,810.6,66627
2017-12-06 12:15:00,1512542700,810.6,811.3,810,811.2,56599
2017-12-06 13:15:00,1512546300,811.2,811.75,810.05,811.35,47889
2017-12-06 14:15:00,1512549900,811.45,811.75,809.05,809.5,230868
2017-12-06 15:15:00,1512553500,809.5,809.85,808,809.5,136499
2017-12-07 09:15:00,1512618300,811,815.8,810.4,814.25,176222
2017-12-07 10:15:00,1512621900,814.25,824,814.1,822,464222
2017-12-07 11:15:00,1512625500,821.8,822,815.55,815.55,177878
2017-12-07 12:15:00,1512629100,815.4,819,815,817.4,111556
2017-12-07 13:15:00,1512632700,817.4,819.7,816.05,819.2,171112
2017-12-07 14:15:00,1512636300,819.6,822.4,818,818.15,256062
2017-12-07 15:15:00,1512639900,818.2,819.9,817,819.8,177905
2017-12-08 09:15:00,1512704700,814.5,825,811.2,823.5,493902
2017-12-08 10:15:00,1512708300,823.5,824.7,821.85,822.75,91311
2017-12-08 11:15:00,1512711900,822.75,823.25,819.3,821,126867
2017-12-08 12:15:00,1512715500,821,829,820.7,825.8,391846
2017-12-08 13:15:00,1512719100,825.8,825.95,821,822.5,217827
2017-12-08 14:15:00,1512722700,822.5,823.3,820.6,822.9,183867
2017-12-08 15:15:00,1512726300,822.6,825.1,820.25,823.7,243767
2017-12-11 09:15:00,1512963900,828,839,825.05,839,434288
2017-12-11 10:15:00,1512967500,838.9,839,832.1,835.4,218967
2017-12-11 11:15:00,1512971100,835.75,839,834.1,838.8,144558
2017-12-11 12:15:00,1512974700,839,840,836.5,838.1,183352
2017-12-11 13:15:00,1512978300,838.1,842,837,839.35,212312
2017-12-11 14:15:00,1512981900,839.35,841.95,838.3,838.3,249802
2017-12-11 15:15:00,1512985500,838.15,840.65,838,840.65,187287
2017-12-12 09:15:00,1513050300,841.6,849.5,841.6,847.5,652384
2017-12-12 10:15:00,1513053900,847.8,847.95,844,844.9,228322
2017-12-12 11:15:00,1513057500,844.95,850.5,843.2,849.5,354975
2017-12-12 12:15:00,1513061100,849.45,850,847.55,849.9,207074
2017-12-12 13:15:00,1513064700,849.9,851,848,849.95,278648
2017-12-12 14:15:00,1513068300,849.95,853,843.65,846.9,598510
2017-12-12 15:15:00,1513071900,846.9,848,845.2,847.5,163992
2017-12-13 09:15:00,1513136700,848.75,856,841.4,843.95,629757
2017-12-13 10:15:00,1513140300,843.5,851,843,850.7,286694
2017-12-13 11:15:00,1513143900,850.95,853.5,849,851.05,233988
2017-12-13 12:15:00,1513147500,851.05,853,850.6,852.65,223817
2017-12-13 13:15:00,1513151100,853,853,845.7,847.9,270297
2017-12-13 14:15:00,1513154700,847.5,847.65,841.05,845.05,316537
2017-12-13 15:15:00,1513158300,845.25,847.4,845.25,845.6,96649
2017-12-14 09:15:00,1513223100,845.65,853.8,843.65,852.9,258411
2017-12-14 10:15:00,1513226700,852.9,853.1,845.1,845.15,134337
2017-12-14 11:15:00,1513230300,845.15,849.55,845.1,848.45,120317
2017-12-14 12:15:00,1513233900,848.45,849.5,846.5,848.7,116805
2017-12-14 13:15:00,1513237500,848.7,855.65,848.5,852.1,556373
2017-12-14 14:15:00,1513241100,852.15,853,847.45,852.5,167778
2017-12-14 15:15:00,1513244700,852.6,854.45,852.5,852.5,251382
2017-12-15 09:15:00,1513309500,858.5,861.8,855.45,859.75,401083
2017-12-15 10:15:00,1513313100,859.75,864.5,858,861.95,394782
2017-12-15 11:15:00,1513316700,861.95,864,861.6,862.7,271119
2017-12-15 12:15:00,1513320300,862.45,864.7,862.05,864.4,123984
2017-12-15 13:15:00,1513323900,864.4,868.95,863.55,865.7,345575
2017-12-15 14:15:00,1513327500,865.7,866.2,858,859.7,891692
2017-12-15 15:15:00,1513331100,859.85,862,858.55,861,683074
2017-12-18 09:15:00,1513568700,865,865,844,864.6,484102
2017-12-18 10:15:00,1513572300,864.6,871.9,863.55,869.7,253988
2017-12-18 11:15:00,1513575900,869.95,873,868.1,872.65,167932
2017-12-18 12:15:00,1513579500,872.65,874.8,870.25,870.55,150326
2017-12-18 13:15:00,1513583100,870.55,875,869,870.65,168562
2017-12-18 14:15:00,1513586700,870.65,870.65,866,867,186397
2017-12-18 15:15:00,1513590300,867,869.5,865.3,868.95,124311
2017-12-19 09:15:00,1513655100,869.7,871.95,862,863.25,220851
2017-12-19 10:15:00,1513658700,863.25,863.95,860.5,861.3,122825
2017-12-19 11:15:00,1513662300,861.3,864.9,860.1,861.8,111886
2017-12-19 12:15:00,1513665900,861.8,862.9,860.6,862.4,91840
2017-12-19 13:15:00,1513669500,862.4,867,862.25,864,152998
2017-12-19 14:15:00,1513673100,864,870,863.65,868.25,203889
2017-12-19 15:15:00,1513676700,868.25,868.4,865.2,866.95,77423
2017-12-20 09:15:00,1513741500,867,883,863.1,881,563261
2017-12-20 10:15:00,1513745100,881,885,878,882.6,384011
2017-12-20 11:15:00,1513748700,882.4,888.7,880.55,884.6,429337
2017-12-20 12:15:00,1513752300,884.4,885.3,881.5,883.4,202437
2017-12-20 13:15:00,1513755900,883.4,883.4,878.5,880,183801
2017-12-20 14:15:00,1513759500,879.9,880.95,874.5,874.5,226841
2017-12-20 15:15:00,1513763100,874.8,875.5,871.75,875.2,226440
2017-12-21 09:15:00,1513827900,878.45,885.5,876.05,883,297518
2017-12-21 10:15:00,1513831500,883,883.5,879.1,881.05,93898
2017-12-21 11:15:00,1513835100,881.05,881.7,877.95,879.55,108494
2017-12-21 12:15:00,1513838700,879.55,881.1,878.4,880.05,80938
2017-12-21 13:15:00,1513842300,880.1,882.4,878.15,880.5,149904
2017-12-21 14:15:00,1513845900,880.5,880.9,878.05,878.6,190261
2017-12-21 15:15:00,1513849500,878.65,880,877.3,880,116833
2017-12-22 09:15:00,1513914300,880,883,868.15,870.15,333983
2017-12-22 10:15:00,1513917900,870.15,871.9,869,870.5,175218
2017-12-22 11:15:00,1513921500,870.8,872.5,870,872.4,159753
2017-12-22 12:15:00,1513925100,872.45,872.5,870,871.1,136047
2017-12-22 13:15:00,1513928700,871.1,871.95,870.05,871,157979
2017-12-22 14:15:00,1513932300,871.05,871.75,869,869.55,177893
2017-12-22 15:15:00,1513935900,869.9,877.2,868.75,871,393114
2017-12-26 09:15:00,1514259900,872,873.45,864.35,866.75,263744
2017-12-26 10:15:00,1514263500,866.75,868.95,866.4,868.25,88162
2017-12-26 11:15:00,1514267100,868.65,873,868.3,872.05,207395
2017-12-26 12:15:00,1514270700,872.05,873,868.6,868.85,182801
2017-12-26 13:15:00,1514274300,868.9,872.8,868.75,871.7,111178
2017-12-26 14:15:00,1514277900,871.4,876.2,870.6,871.3,377308
2017-12-26 15:15:00,1514281500,871.65,872.7,870.05,871.2,150734
2017-12-27 09:15:00,1514346300,872.95,876.4,870,875.3,816235
2017-12-27 10:15:00,1514349900,875.3,885.1,874.65,881.25,1218164
2017-12-27 11:15:00,1514353500,881.25,883.8,877.55,881.15,372489
2017-12-27 12:15:00,1514357100,881.15,881.7,876.6,878.55,472821
2017-12-27 13:15:00,1514360700,878.55,879.05,876.75,878.5,204975
2017-12-27 14:15:00,1514364300,878.5,878.95,872,877.5,405204
2017-12-27 15:15:00,1514367900,877.5,877.95,872.55,876,218866
2017-12-28 09:15:00,1514432700,877.9,882.95,875.3,878.4,261902
2017-12-28 10:15:00,1514436300,878.2,884.8,877.6,883.4,346172
2017-12-28 11:15:00,1514439900,883.4,887,883.05,884.35,277737
2017-12-28 12:15:00,1514443500,884.35,887.8,884.35,886.8,213081
2017-12-28 13:15:00,1514447100,886.8,889,884.8,888.5,208344
2017-12-28 14:15:00,1514450700,888.4,889,877,881.85,641242
2017-12-28 15:15:00,1514454300,881.8,887.7,879.3,884.65,427676
2017-12-29 09:15:00,1514519100,895,899.75,886.1,891.4,1168410
2017-12-29 10:15:00,1514522700,891.4,893,889.05,890.4,258391
2017-12-29 11:15:00,1514526300,890.4,891.9,888.5,891.15,135045
2017-12-29 12:15:00,1514529900,891.1,891.25,887.3,888.25,164139
2017-12-29 13:15:00,1514533500,888.25,889.45,883.95,886.3,216342
2017-12-29 14:15:00,1514537100,886.3,886.85,881.55,885.5,345877
2017-12-29 15:15:00,1514540700,885.45,888.2,883.6,887.05,298871
2018-01-01 09:15:00,1514778300,889.5,891.05,882,888.65,290568
2018-01-01 10:15:00,1514781900,888.65,891.4,887,889.95,130783
2018-01-01 11:15:00,1514785500,889.95,890.95,889.3,890.2,77894
2018-01-01 12:15:00,1514789100,890.2,890.95,888.25,888.7,89151
2018-01-01 13:15:00,1514792700,888.7,890.5,887,889.6,85549
2018-01-01 14:15:00,1514796300,889.7,890,880.2,883.95,239698
2018-01-01 15:15:00,1514799900,884.2,886,882.4,885.5,113687
2018-01-02 09:15:00,1514864700,887.9,887.9,871.5,874.1,389871
2018-01-02 10:15:00,1514868300,874.05,880.7,874,878.1,175559
2018-01-02 11:15:00,1514871900,878.1,880.2,876.35,878.3,226660
2018-01-02 12:15:00,1514875500,878.3,880.45,876.55,878.7,57721
2018-01-02 13:15:00,1514879100,878.35,880.4,875.1,875.75,98599
2018-01-02 14:15:00,1514882700,875.75,877.15,873.2,876.5,110734
2018-01-02 15:15:00,1514886300,876.2,876.85,874.3,875,137806
2018-01-03 09:15:00,1514951100,878.7,882,872.85,881.2,403279
2018-01-03 10:15:00,1514954700,881.2,881.2,879.05,879.6,71505
2018-01-03 11:15:00,1514958300,879.55,884.8,879.2,883,640824
2018-01-03 12:15:00,1514961900,883,883.3,878.25,881.45,2123624
2018-01-03 13:15:00,1514965500,881.4,881.75,878.5,880.8,146794
2018-01-03 14:15:00,1514969100,880.8,880.95,878,878.9,279112
2018-01-03 15:15:00,1514972700,879,879.85,878,879,291682
2018-01-04 09:15:00,1515037500,880.25,880.85,874,876.05,770381
2018-01-04 10:15:00,1515041100,876.05,876.5,870.1,873.1,493843
2018-01-04 11:15:00,1515044700,873.1,875,872.3,874.7,57999
2018-01-04 12:15:00,1515048300,874.7,877.85,874,877.55,120840
2018-01-04 13:15:00,1515051900,877.55,882.7,875.65,877.8,200263
2018-01-04 14:15:00,1515055500,877.8,881,876.85,877.5,180865
2018-01-04 15:15:00,1515059100,877.6,879,876,878.7,93180
2018-01-05 09:15:00,1515123900,880,881.4,876,879.3,210237
2018-01-05 10:15:00,1515127500,879.3,881,878.05,880.55,101169
2018-01-05 11:15:00,1515131100,880.55,886,879.1,882.25,284930
2018-01-05 12:15:00,1515134700,882.25,892.85,880.95,887.95,601447
2018-01-05 13:15:00,1515138300,887.95,898.45,887.75,894.6,491797
2018-01-05 14:15:00,1515141900,894.1,904.3,894,899.5,821115
2018-01-05 15:15:00,1515145500,899.5,902,898.7,900.8,176536
2018-01-08 09:15:00,1515383100,906.4,927,905.45,926,1713809
2018-01-08 10:15:00,1515386700,925.95,926,920,922.15,567160
2018-01-08 11:15:00,1515390300,922.15,922.8,914.35,918.85,379328
2018-01-08 12:15:00,1515393900,918.85,920.6,917.7,919.5,206947
2018-01-08 13:15:00,1515397500,919.5,923.5,917.05,922.4,255706
2018-01-08 14:15:00,1515401100,922.65,924.8,922.25,924,458121
2018-01-08 15:15:00,1515404700,924,924,920.15,922.5,209111
2018-01-09 09:15:00,1515469500,924.45,932.5,915.15,931.1,543897
2018-01-09 10:15:00,1515473100,931,931.7,925.1,927.5,235642
2018-01-09 11:15:00,1515476700,927.5,930.3,924,924.8,228569
2018-01-09 12:15:00,1515480300,924.8,926.45,921.75,922.4,147995
2018-01-09 13:15:00,1515483900,922.4,924.9,919.4,923.45,208803
2018-01-09 14:15:00,1515487500,923.4,924.6,920,923.8,194742
2018-01-09 15:15:00,1515491100,923.8,923.9,920.5,922,166344
2018-01-10 09:15:00,1515555900,923.25,929.3,919.75,923.65,204002
2018-01-10 10:15:00,1515559500,923.6,924.95,916,920.9,269216
2018-01-10 11:15:00,1515563100,920.9,920.9,915.25,918,138953
2018-01-10 12:15:00,1515566700,918,922,916.7,919.6,102040
2018-01-10 13:15:00,1515570300,920,933,918.5,930.15,522394
2018-01-10 14:15:00,1515573900,930.3,930.3,923.65,926.3,230276
2018-01-10 15:15:00,1515577500,926.3,928.3,924.8,927,112952
2018-01-11 09:15:00,1515642300,929.65,932.2,925.65,931.85,230859
2018-01-11 10:15:00,1515645900,932,932,927.9,929.15,115761
2018-01-11 11:15:00,1515649500,929.15,934.95,929,932.8,169678
2018-01-11 12:15:00,1515653100,932.8,933,930,930.9,74206
2018-01-11 13:15:00,1515656700,930.9,931.5,927.1,930.65,76089
2018-01-11 14:15:00,1515660300,930.65,931.9,927.05,929.5,156253
2018-01-11 15:15:00,1515663900,929.55,930.3,927.55,928.7,85848
2018-01-12 09:15:00,1515728700,931,937,925.25,926.2,360150
2018-01-12 10:15:00,1515732300,926.05,928.5,921.3,924.05,170203
2018-01-12 11:15:00,1515735900,924.05,924.7,920.65,921,170271
2018-01-12 12:15:00,1515739500,921,921.55,908.25,916,291031
2018-01-12 13:15:00,1515743100,916,920.4,915.5,918.8,94256
2018-01-12 14:15:00,1515746700,918.8,921.8,918,920.95,111215
2018-01-12 15:15:00,1515750300,920.95,921,915.55,916.4,92395
2018-01-15 09:15:00,1515987900,919.9,924.7,918.3,920.15,132217
2018-01-15 10:15:00,1515991500,920.1,923.5,919.5,922.4,83328
2018-01-15 11:15:00,1515995100,922.4,922.4,916.15,917.5,95646
2018-01-15 12:15:00,1515998700,917.5,920.6,915.35,918.4,51798
2018-01-15 13:15:00,1516002300,918.4,921.15,916.25,917.05,81638
2018-01-15 14:15:00,1516005900,917.4,919.65,916,918.65,106645
2018-01-15 15:15:00,1516009500,918.65,918.7,914,914.95,60424
2018-01-16 09:15:00,1516074300,920,924,916,919.55,232486
2018-01-16 10:15:00,1516077900,919.95,920,909.1,913.3,175329
2018-01-16 11:15:00,1516081500,913.3,919.75,911.95,917.55,106074
2018-01-16 12:15:00,1516085100,917.55,918.7,912,912.55,70110
2018-01-16 13:15:00,1516088700,912.55,913.45,905.1,908,141462
2018-01-16 14:15:00,1516092300,908.1,911,906,907.05,115278
2018-01-16 15:15:00,1516095900,907.2,908.95,905,908,118289
2018-01-17 09:15:00,1516160700,908,909.7,894.5,904.3,327288
2018-01-17 10:15:00,1516164300,904.3,913.5,904.25,911,191645
2018-01-17 11:15:00,1516167900,911.1,913.9,909.1,912,191389
2018-01-17 12:15:00,1516171500,912,916,911.75,915.95,238875
2018-01-17 13:15:00,1516175100,916,920.35,915.1,918.35,215566
2018-01-17 14:15:00,1516178700,918.35,920.3,916.25,919.3,177745
2018-01-17 15:15:00,1516182300,919.3,920.5,918,918.05,134829
2018-01-18 09:15:00,1516247100,923.85,926.7,918.15,922.6,418572
2018-01-18 10:15:00,1516250700,922.6,924.95,922.4,924.4,230973
2018-01-18 11:15:00,1516254300,924,924.4,919.2,922.2,287773
2018-01-18 12:15:00,1516257900,922.2,923.5,920,922.6,382060
2018-01-18 13:15:00,1516261500,922.6,923.5,921.05,922.45,262302
2018-01-18 14:15:00,1516265100,922.45,923,918,921.55,605469
2018-01-18 15:15:00,1516268700,921.55,922.05,920.1,921,129374
2018-01-19 09:15:00,1516333500,925,925.25,912.9,916.25,260540
2018-01-19 10:15:00,1516337100,916.25,920,906.45,919,314120
2018-01-19 11:15:00,1516340700,919,920,917,917.5,126752
2018-01-19 12:15:00,1516344300,917.5,922.7,916.7,919.75,226062
2018-01-19 13:15:00,1516347900,919.75,926,918.85,921.6,158923
2018-01-19 14:15:00,1516351500,921.9,924.9,921.5,923.55,163790
2018-01-19 15:15:00,1516355100,923.75,925.8,922.25,923,89358
2018-01-22 09:15:00,1516592700,925,928.5,918.55,926.7,154141
2018-01-22 10:15:00,1516596300,926.7,933,925.35,932,238825
2018-01-22 11:15:00,1516599900,932,932.7,928.7,931.65,115675
2018-01-22 12:15:00,1516603500,931.7,931.95,925.45,926.1,99353
2018-01-22 13:15:00,1516607100,926.7,930.9,925.5,928.3,127154
2018-01-22 14:15:00,1516610700,928.35,931.5,927.35,929.9,294811
2018-01-22 15:15:00,1516614300,929.9,931,928.25,930,100233
2018-01-23 09:15:00,1516679100,930.1,934.8,926.15,934.1,321650
2018-01-23 10:15:00,1516682700,934.1,941.4,933.6,939.75,341032
2018-01-23 11:15:00,1516686300,939.75,941,935.2,936.9,112836
2018-01-23 12:15:00,1516689900,936.5,937,931,934.55,206091
2018-01-23 13:15:00,1516693500,934.55,935.9,932.5,934.3,243615
2018-01-23 14:15:00,1516697100,934.6,939.3,934.05,937,209408
2018-01-23 15:15:00,1516700700,937,939,935.15,937,70615
2018-01-24 09:15:00,1516765500,937,943,934.05,942.75,294422
2018-01-24 10:15:00,1516769100,942.85,949.9,939.9,946.6,370719
2018-01-24 11:15:00,1516772700,946.55,960,944.95,956,500222
2018-01-24 12:15:00,1516776300,956,959,951.1,957,199165
2018-01-24 13:15:00,1516779900,957,958,953.2,955.6,142710
2018-01-24 14:15:00,1516783500,955.6,960,953.05,958.4,277809
2018-01-24 15:15:00,1516787100,958.4,962,957.5,961,184938
2018-01-25 09:15:00,1516851900,966,970,959.85,962.65,394664
2018-01-25 10:15:00,1516855500,962.5,966.9,961.05,962.1,247183
2018-01-25 11:15:00,1516859100,962.45,962.5,956.1,959.3,385861
2018-01-25 12:15:00,1516862700,958.65,960,948.4,948.6,327795
2018-01-25 13:15:00,1516866300,948.4,951.7,945.15,950.5,231569
2018-01-25 14:15:00,1516869900,950.5,951.45,946,950.1,566519
2018-01-25 15:15:00,1516873500,950,951,948.7,950.1,453756
2018-01-29 09:15:00,1517197500,949.65,954,933.15,935.25,270452
2018-01-29 10:15:00,1517201100,935.25,938.8,930,934,196468
2018-01-29 11:15:00,1517204700,934,935.05,923.5,929.5,226169
2018-01-29 12:15:00,1517208300,929.5,929.7,924.15,925,88570
2018-01-29 13:15:00,1517211900,925,925,915,916,288113
2018-01-29 14:15:00,1517215500,915.9,918.75,913,913.25,246051
2018-01-29 15:15:00,1517219100,913.95,914.8,908.05,909.7,202579
2018-01-30 09:15:00,1517283900,911.4,911.45,897.65,899.25,303928
2018-01-30 10:15:00,1517287500,899.25,905.4,898.1,904.35,123643
2018-01-30 11:15:00,1517291100,904.35,913.55,904.15,907.2,174807
2018-01-30 12:15:00,1517294700,907.2,910.4,904.3,909,70747
2018-01-30 13:15:00,1517298300,909,911,907.2,908.5,64893
2018-01-30 14:15:00,1517301900,908.5,909,901.25,902.15,124276
2018-01-30 15:15:00,1517305500,902.75,904,901.15,903,75697
2018-01-31 09:15:00,1517370300,900,901.7,891.1,895.9,259051
2018-01-31 10:15:00,1517373900,895.9,895.9,881.85,886,390683
2018-01-31 11:15:00,1517377500,886,886.35,880.3,881.25,153248
2018-01-31 12:15:00,1517381100,881.25,884,876.9,880.85,266895
2018-01-31 13:15:00,1517384700,880.9,882,878.1,881.35,106281
2018-01-31 14:15:00,1517388300,881.35,885.65,880,884.85,250085
2018-01-31 15:15:00,1517391900,884.7,884.7,881.5,882.8,160719
2018-02-01 09:15:00,1517456700,883.95,885.75,869.05,873.2,364425
2018-02-01 10:15:00,1517460300,873.2,875.65,871.7,874.55,133050
2018-02-01 11:15:00,1517463900,874.55,875.5,870.8,871.05,137724
2018-02-01 12:15:00,1517467500,871.05,872.2,852.5,863.4,610124
2018-02-01 13:15:00,1517471100,863.4,865,860.2,863.7,234322
2018-02-01 14:15:00,1517474700,863.45,864.45,858,861.35,212483
2018-02-01 15:15:00,1517478300,861.35,862.8,859,860.8,139460
2018-02-02 09:15:00,1517543100,860.8,878.5,854.55,863.6,866225
2018-02-02 10:15:00,1517546700,863.6,866,853.1,858.9,463773
2018-02-02 11:15:00,1517550300,859.5,863.2,855.6,857.25,300177
2018-02-02 12:15:00,1517553900,857.25,862,855.05,858.5,206206
2018-02-02 13:15:00,1517557500,858.5,859,850.1,853.2,243673
2018-02-02 14:15:00,1517561100,852.6,855,847.2,847.9,311396
2018-02-02 15:15:00,1517564700,847.9,848.6,845,846,131199
2018-02-05 09:15:00,1517802300,843,845.95,834.1,844.1,339008
2018-02-05 10:15:00,1517805900,844.35,845,839.1,844.65,111881
2018-02-05 11:15:00,1517809500,844.65,852.4,844.65,849.2,183486
2018-02-05 12:15:00,1517813100,849.2,855.7,848.3,853.2,162534
2018-02-05 13:15:00,1517816700,853.4,853.4,845,848.55,168734
2018-02-05 14:15:00,1517820300,848.55,857.5,845.3,848.5,319325
2018-02-05 15:15:00,1517823900,848.55,851.5,847.85,851,117319
2018-02-06 09:15:00,1517888700,824,834.85,807.05,821,493096
2018-02-06 10:15:00,1517892300,821,825.85,818.95,823.4,212678
2018-02-06 11:15:00,1517895900,824,826.7,822.15,825.95,133715
2018-02-06 12:15:00,1517899500,825.95,826.6,823,823.1,146791
2018-02-06 13:15:00,1517903100,823.1,831.8,822.7,828.8,220065
2018-02-06 14:15:00,1517906700,828.85,833.3,796.9,799.6,2561853
2018-02-06 15:15:00,1517910300,799.6,803.8,790,790.85,898542
2018-02-07 09:15:00,1517975100,796,796,782.9,792,1534722
2018-02-07 10:15:00,1517978700,792,799.05,791.35,797.45,727166
2018-02-07 11:15:00,1517982300,797.05,813,797.05,804.8,1081694
2018-02-07 12:15:00,1517985900,804.8,810.35,803,807,524781
2018-02-07 13:15:00,1517989500,807,807.2,801.2,802.55,301920
2018-02-07 14:15:00,1517993100,802.5,808.05,802,807,531113
2018-02-07 15:15:00,1517996700,807,807.85,804.1,804.4,317128
2018-02-08 09:15:00,1518061500,809.9,810.8,800,807.6,481610
2018-02-08 10:15:00,1518065100,807.6,816,807.15,811.35,432245
2018-02-08 11:15:00,1518068700,811,813.65,811,811.6,49629
2018-02-08 12:15:00,1518072300,810,811.6,809.4,811.15,302681
2018-02-08 13:15:00,1518075900,811.15,813.3,808.15,809.8,167694
2018-02-08 14:15:00,1518079500,809.65,814.6,806.15,812.55,462312
2018-02-08 15:15:00,1518083100,812.6,814.7,811.1,814,157338
2018-02-09 09:15:00,1518147900,804,825.7,799.5,823.15,753925
2018-02-09 10:15:00,1518151500,823.25,829.2,820.5,820.65,520800
2018-02-09 11:15:00,1518155100,820.65,822.45,813.25,816.85,326135
2018-02-09 12:15:00,1518158700,816.85,822,816.1,820.45,247787
2018-02-09 13:15:00,1518162300,820.9,821.9,819.55,820.85,220599
2018-02-09 14:15:00,1518165900,821.15,823.7,818,822.1,480509
2018-02-09 15:15:00,1518169500,822.7,823,821,821.5,212353
2018-02-12 09:15:00,1518407100,828.8,834.5,825.5,834,342758
2018-02-12 10:15:00,1518410700,834,839.4,833.3,838.4,267829
2018-02-12 11:15:00,1518414300,838.4,841,837,839.6,168066
2018-02-12 12:15:00,1518417900,839.6,840,835.05,838.85,145418
2018-02-12 13:15:00,1518421500,838.85,845.95,837.35,844.65,343833
2018-02-12 14:15:00,1518425100,844.7,847,838.5,838.85,363478
2018-02-12 15:15:00,1518428700,838.75,841.95,838.05,841,147041
2018-02-14 09:15:00,1518579900,847.65,845.4,831.05,836.3,341567
2018-02-14 10:15:00,1518583500,836.3,839.5,831.3,832.4,158109
2018-02-14 11:15:00,1518587100,832.15,832.5,828.95,829.1,123032
2018-02-14 12:15:00,1518590700,829.1,833.2,828,831.4,143891
2018-02-14 13:15:00,1518594300,831.4,832.5,829.4,830.35,109067
2018-02-14 14:15:00,1518597900,830.3,832.2,828,828.1,157175
2018-02-14 15:15:00,1518601500,828,829,825,826,98096
2018-02-15 09:15:00,1518666300,830,832.3,819.75,826,264453
2018-02-15 10:15:00,1518669900,826,826.55,822.05,822.4,89912
2018-02-15 11:15:00,1518673500,822.4,822.8,819,820.1,116804
2018-02-15 12:15:00,1518677100,820.1,827.7,820,822.25,138052
2018-02-15 13:15:00,1518680700,822.25,823.8,820,822.55,86381
2018-02-15 14:15:00,1518684300,822.95,823.6,819.5,821.4,107206
2018-02-15 15:15:00,1518687900,821.5,824.2,821.45,823.5,67623
2018-02-16 09:15:00,1518752700,823.5,829.8,821.9,826.15,124805
2018-02-16 10:15:00,1518756300,826.15,828.75,824.6,828.45,63613
2018-02-16 11:15:00,1518759900,828.45,828.45,822.05,824.75,75100
2018-02-16 12:15:00,1518763500,824.75,829.35,824,827.05,115508
2018-02-16 13:15:00,1518767100,827.05,829.2,823.15,826.9,83475
2018-02-16 14:15:00,1518770700,826.9,827.8,823.25,824.7,82532
2018-02-16 15:15:00,1518774300,824.65,827,822.5,825.8,43853
2018-02-19 09:15:00,1519011900,825.9,835,823,827.25,316357
2018-02-19 10:15:00,1519015500,827.4,829.1,820.15,820.5,151516
2018-02-19 11:15:00,1519019100,820.5,822.75,814.4,816,189612
2018-02-19 12:15:00,1519022700,816.4,818.65,813,814.5,118968
2018-02-19 13:15:00,1519026300,814.6,816,807,812.3,124100
2018-02-19 14:15:00,1519029900,812.8,819.5,809.55,813.9,199743
2018-02-19 15:15:00,1519033500,813.9,815.35,812.1,813.3,104708
2018-02-20 09:15:00,1519098300,812,820.9,810.25,820,151753
2018-02-20 10:15:00,1519101900,820,820.45,813,813.15,74610
2018-02-20 11:15:00,1519105500,813.65,817.95,813,816.1,43124
2018-02-20 12:15:00,1519109100,816.1,820.65,815.3,818.2,62981
2018-02-20 13:15:00,1519112700,817.9,822.25,816.05,821.3,64693
2018-02-20 14:15:00,1519116300,821.3,821.6,814.65,816,258052
2018-02-20 15:15:00,1519119900,815.9,816.5,815,815.85,80072
2018-02-21 09:15:00,1519184700,816.8,827,816.1,819,289403
2018-02-21 10:15:00,1519188300,819,820.9,812.55,815.3,173883
2018-02-21 11:15:00,1519191900,815.25,817,813,815.05,65492
2018-02-21 12:15:00,1519195500,815.05,817.65,813.75,815.7,50168
2018-02-21 13:15:00,1519199100,815.7,817.8,813.6,815.65,261687
2018-02-21 14:15:00,1519202700,815.65,817,811.55,814.95,213364
2018-02-21 15:15:00,1519206300,814.9,816.65,811.6,813.95,124647
2018-02-22 09:15:00,1519271100,813,815.45,810,812.4,197478
2018-02-22 10:15:00,1519274700,812.4,815,811.1,814.25,84354
2018-02-22 11:15:00,1519278300,814.25,815.1,812,813.05,187481
2018-02-22 12:15:00,1519281900,813.05,814.45,808.5,810.45,173285
2018-02-22 13:15:00,1519285500,810.45,813.05,807.1,808.4,267472
2018-02-22 14:15:00,1519289100,808.4,808.7,796.9,798,479068
2018-02-22 15:15:00,1519292700,798,801.6,797.45,801.1,269189
2018-02-23 09:15:00,1519357500,803.1,814.8,803.9,809.8,537458
2018-02-23 10:15:00,1519361100,809.8,813.45,803.6,808.8,262710
2018-02-23 11:15:00,1519364700,808.05,812.45,806.45,810.85,233238
2018-02-23 12:15:00,1519368300,810.9,811.15,808.15,810,116033
2018-02-23 13:15:00,1519371900,810,810.4,807.1,807.9,135234
2018-02-23 14:15:00,1519375500,807.9,811.65,806,806.6,300117
2018-02-23 15:15:00,1519379100,806.6,809.9,806.2,809.35,168069
2018-02-26 09:15:00,1519616700,813,819.35,810.45,817,358609
2018-02-26 10:15:00,1519620300,817,817.4,812.7,814.25,127333
2018-02-26 11:15:00,1519623900,814.15,815.75,813.15,815.6,49783
2018-02-26 12:15:00,1519627500,815.6,817.85,813.95,816.5,67633
2018-02-26 13:15:00,1519631100,816.5,822.5,816.5,819,166253
2018-02-26 14:15:00,1519634700,818.95,824.45,818.05,821.75,185180
2018-02-26 15:15:00,1519638300,821.75,822.5,820,822,78596
2018-02-27 09:15:00,1519703100,824.7,825.95,819.15,823.1,231322
2018-02-27 10:15:00,1519706700,823,830.85,821.9,829.35,206249
2018-02-27 11:15:00,1519710300,829.8,831.45,827.4,828,136657
2018-02-27 12:15:00,1519713900,828,829,825.15,826.75,86145
2018-02-27 13:15:00,1519717500,826.5,828.9,825,826.1,109560
2018-02-27 14:15:00,1519721100,826.1,827.9,825,826.9,112107
2018-02-27 15:15:00,1519724700,826.8,826.85,825,826,92225
2018-02-28 09:15:00,1519789500,823.9,828.9,817.95,824.95,186321
2018-02-28 10:15:00,1519793100,825.05,826,823.25,824.95,63919
2018-02-28 11:15:00,1519796700,824.95,825.2,821.2,821.65,54927
2018-02-28 12:15:00,1519800300,821.65,821.8,818,819.75,97894
2018-02-28 13:15:00,1519803900,819.8,820.4,815.1,818.65,85400
2018-02-28 14:15:00,1519807500,819.05,821,817.35,818.85,219755
2018-02-28 15:15:00,1519811100,818.85,822.9,818.75,822,172384
2018-03-01 09:15:00,1519875900,820,824.1,813.4,816,254796
2018-03-01 10:15:00,1519879500,816,816.25,807.25,809.7,233319
2018-03-01 11:15:00,1519883100,809.7,811.7,805.55,807.85,136661
2018-03-01 12:15:00,1519886700,807.85,809.85,806.35,807.8,115824
2018-03-01 13:15:00,1519890300,807.8,809.75,805.2,806.35,176369
2018-03-01 14:15:00,1519893900,806.15,806.9,803.1,804,239830
2018-03-01 15:15:00,1519897500,804.25,804.7,802.35,804,153440
2018-03-05 09:15:00,1520221500,804,806,792.05,793.5,460429
2018-03-05 10:15:00,1520225100,793.5,794.1,789.05,791.95,314570
2018-03-05 11:15:00,1520228700,791.95,793.4,789.5,793.3,175110
2018-03-05 12:15:00,1520232300,793.3,793.7,789,789.55,249052
2018-03-05 13:15:00,1520235900,789.8,792,789,790.95,245766
2018-03-05 14:15:00,1520239500,790.95,791.5,789.6,790.2,355697
2018-03-05 15:15:00,1520243100,790.4,790.95,789.15,790,136905
2018-03-06 09:15:00,1520307900,792,795,783.05,784.7,600243
2018-03-06 10:15:00,1520311500,784.95,785.6,777.7,779.3,618753
2018-03-06 11:15:00,1520315100,779.35,780,777.35,778.45,316186
2018-03-06 12:15:00,1520318700,778.4,781.3,778.05,778.95,233136
2018-03-06 13:15:00,1520322300,778.95,782.35,778.5,779.45,151214
2018-03-06 14:15:00,1520325900,779.45,780.8,773.2,773.55,404838
2018-03-06 15:15:00,1520329500,773.2,773.25,768.6,771,195999
2018-03-07 09:15:00,1520394300,772,773,760.15,768.2,410845
2018-03-07 10:15:00,1520397900,768.2,769.5,764,764.9,145362
2018-03-07 11:15:00,1520401500,764.9,764.9,759.05,759.95,199441
2018-03-07 12:15:00,1520405100,759.95,762.6,756.05,760.2,149409
2018-03-07 13:15:00,1520408700,760.2,763.4,758.4,760.5,103799
2018-03-07 14:15:00,1520412300,760.45,762.4,758,762.3,169215
2018-03-07 15:15:00,1520415900,762.3,763.2,761,762.7,105211
2018-03-08 09:15:00,1520480700,765,767.95,751,751,478191
2018-03-08 10:15:00,1520484300,751.1,765.5,750.15,763.55,288444
2018-03-08 11:15:00,1520487900,763.55,765.95,762,764.4,134983
2018-03-08 12:15:00,1520491500,764.15,768.75,763.05,763.6,111788
2018-03-08 13:15:00,1520495100,763.6,766.85,763.2,765.5,69696
2018-03-08 14:15:00,1520498700,765.8,774.4,765.5,768.9,203923
2018-03-08 15:15:00,1520502300,768.5,771,768.15,770.1,55294
2018-03-09 09:15:00,1520567100,775,781,770.05,778.2,293167
2018-03-09 10:15:00,1520570700,778.85,780,776.1,777.7,67967
2018-03-09 11:15:00,1520574300,777.6,777.7,773.8,775.65,70812
2018-03-09 12:15:00,1520577900,775.65,777.05,773.1,775,45799
2018-03-09 13:15:00,1520581500,775.2,775.65,771,772.65,67210
2018-03-09 14:15:00,1520585100,772.65,773.55,762.6,762.95,195784
2018-03-09 15:15:00,1520588700,762.95,765.1,762.95,764.05,70642
2018-03-12 09:15:00,1520826300,768,773.7,766.5,770.45,445413
2018-03-12 10:15:00,1520829900,770.1,771.35,764,766.85,88926
2018-03-12 11:15:00,1520833500,766.85,766.85,761.95,764.05,179893
2018-03-12 12:15:00,1520837100,764.05,768,762.55,767.25,83787
2018-03-12 13:15:00,1520840700,767.25,770.95,766.7,768.95,83767
2018-03-12 14:15:00,1520844300,768.95,770.95,768.1,768.95,169419
2018-03-12 15:15:00,1520847900,768.95,771.5,768.65,771.5,118301
2018-03-13 09:15:00,1520912700,770,777.7,768.6,776,172638
2018-03-13 10:15:00,1520916300,776.4,784.9,775.1,784.5,191346
2018-03-13 11:15:00,1520919900,784.55,784.55,781.5,784.4,117928
2018-03-13 12:15:00,1520923500,784.45,784.75,781,782.2,97107
2018-03-13 13:15:00,1520927100,782.2,783.6,775.3,777,132723
2018-03-13 14:15:00,1520930700,777,781.9,777,780.1,128004
2018-03-13 15:15:00,1520934300,780.45,781.4,779.6,780.9,39290
2018-03-14 09:15:00,1520999100,779.9,786.8,779.2,783.2,172928
2018-03-14 10:15:00,1521002700,783.2,784.4,780.55,782.95,76143
2018-03-14 11:15:00,1521006300,782.95,783.7,779,781.7,107477
2018-03-14 12:15:00,1521009900,781.7,782.5,780.05,782,53283
2018-03-14 13:15:00,1521013500,782,782.9,778.5,780,70800
2018-03-14 14:15:00,1521017100,780,782.7,778.8,780.85,134625
2018-03-14 15:15:00,1521020700,780.8,782.2,780.3,781.5,78981
2018-03-15 09:15:00,1521085500,781,792,781,788,302993
2018-03-15 10:15:00,1521089100,788,789.8,785.55,787.65,82868
2018-03-15 11:15:00,1521092700,787.65,789.45,786.65,789.05,47750
2018-03-15 12:15:00,1521096300,789.05,790.45,785.35,787.2,74436
2018-03-15 13:15:00,1521099900,787.2,787.5,778.15,779.1,137537
2018-03-15 14:15:00,1521103500,779.1,783.1,775.75,777,115298
2018-03-15 15:15:00,1521107100,777,777.75,773.8,775,70021
2018-03-16 09:15:00,1521171900,776.5,783.9,775.3,776.45,211238
2018-03-16 10:15:00,1521175500,776.2,776.2,771.15,771.95,112506
2018-03-16 11:15:00,1521179100,771.95,773.5,770.1,771,77222
2018-03-16 12:15:00,1521182700,771,771.5,768.65,769.25,86545
2018-03-16 13:15:00,1521186300,769.25,770.2,765.05,765.6,121678
2018-03-16 14:15:00,1521189900,766.05,768.5,760,761.75,460630
2018-03-16 15:15:00,1521193500,761.75,763.75,760.5,761.9,343544
2018-03-19 09:15:00,1521431100,766.4,766.4,759.3,764.05,190879
2018-03-19 10:15:00,1521434700,764.05,772.6,761,770.65,219803
2018-03-19 11:15:00,1521438300,770.65,771.95,766.5,770.8,225495
2018-03-19 12:15:00,1521441900,771.25,771.9,765.75,767.25,156662
2018-03-19 13:15:00,1521445500,767.25,769.9,763.95,766.55,122742
2018-03-19 14:15:00,1521449100,766.55,769,765,767,173367
2018-03-19 15:15:00,1521452700,767,767.95,763.35,765.3,100224
2018-03-20 09:15:00,1521517500,761.4,769,757.25,768,278660
2018-03-20 10:15:00,1521521100,768,771.5,765.45,769.55,141342
2018-03-20 11:15:00,1521524700,769.6,773.45,769.1,772.65,108831
2018-03-20 12:15:00,1521528300,772.8,773,768.9,771.6,83312
2018-03-20 13:15:00,1521531900,771.6,773.9,769.8,773.05,105008
2018-03-20 14:15:00,1521535500,773.05,773.5,768,772.05,176411
2018-03-20 15:15:00,1521539100,772.2,774,771,772.25,78462
2018-03-21 09:15:00,1521603900,771.8,780,771.65,778.9,203618
2018-03-21 10:15:00,1521607500,778.65,779.7,777.3,778.85,101566
2018-03-21 11:15:00,1521611100,778.85,779.3,772.4,774.5,97333
2018-03-21 12:15:00,1521614700,774.5,775,770,772.9,83562
2018-03-21 13:15:00,1521618300,773,774,770.2,771.45,82219
2018-03-21 14:15:00,1521621900,771.45,772.35,766.65,768.8,131709
2018-03-21 15:15:00,1521625500,768.85,771,765,768.85,55966
2018-03-22 09:15:00,1521690300,770,775,770,770.95,187627
2018-03-22 10:15:00,1521693900,770.95,772.4,765,769.7,105892
2018-03-22 11:15:00,1521697500,769.7,769.85,764,764.95,84801
2018-03-22 12:15:00,1521701100,764.95,766.95,762.65,762.65,55893
2018-03-22 13:15:00,1521704700,762.8,763.55,760,762.2,104803
2018-03-22 14:15:00,1521708300,762.2,762.95,757,758.7,124417
2018-03-22 15:15:00,1521711900,758.7,759.9,757,757,63524
2018-03-23 09:15:00,1521776700,752.95,752.95,741.3,745.5,295570
2018-03-23 10:15:00,1521780300,745.5,745.85,739.7,739.9,222081
2018-03-23 11:15:00,1521783900,740.1,741,734.45,735.45,203628
2018-03-23 12:15:00,1521787500,735.5,739,735.45,737,124503
2018-03-23 13:15:00,1521791100,737.9,740.3,736.1,738.2,177017
2018-03-23 14:15:00,1521794700,738.1,738.5,732.15,736.7,386508
2018-03-23 15:15:00,1521798300,737,737.8,731.45,734,283711
2018-03-26 09:15:00,1522035900,735,739.85,730.15,730.4,210718
2018-03-26 10:15:00,1522039500,730.4,732.1,727.1,730.9,193779
2018-03-26 11:15:00,1522043100,730.95,736.95,730.85,736.4,164452
2018-03-26 12:15:00,1522046700,736.4,741.45,735.55,737.1,191476
2018-03-26 13:15:00,1522050300,737.1,744,736.2,738.8,156301
2018-03-26 14:15:00,1522053900,738.8,740.7,737.75,740.1,258374
2018-03-26 15:15:00,1522057500,740.1,742.35,740,740.1,93770
2018-03-27 09:15:00,1522122300,742.8,749.95,742.8,745,212619
2018-03-27 10:15:00,1522125900,745,749,744.65,747.55,89413
2018-03-27 11:15:00,1522129500,747.4,752.6,745.55,750.9,120863
2018-03-27 12:15:00,1522133100,750.9,752.8,749,750.65,113130
2018-03-27 13:15:00,1522136700,750.65,751.8,748.55,749.6,85488
2018-03-27 14:15:00,1522140300,749.9,750,745.8,749.15,230343
2018-03-27 15:15:00,1522143900,749.2,750.5,748.2,750,89966
2018-03-28 09:15:00,1522208700,750,755.7,746.65,750,398214
2018-03-28 10:15:00,1522212300,750,753.5,749.8,750.8,158463
2018-03-28 11:15:00,1522215900,750.8,751.75,747,748.55,149381
2018-03-28 12:15:00,1522219500,748.45,749,743.5,745.1,155079
2018-03-28 13:15:00,1522223100,745.25,746.9,741.4,742.9,244723
2018-03-28 14:15:00,1522226700,742.9,744.9,733.05,734.2,749195
2018-03-28 15:15:00,1522230300,734.8,736.4,732.85,735.9,360752
2018-04-02 09:15:00,1522640700,743.35,748.6,740,748.5,269741
2018-04-02 10:15:00,1522644300,748.5,754.5,748,752.5,230290
2018-04-02 11:15:00,1522647900,752.5,765.65,752.5,763.55,352839
2018-04-02 12:15:00,1522651500,764,774.55,761.95,774.35,512757
2018-04-02 13:15:00,1522655100,774.35,776.55,771.75,775.25,283112
2018-04-02 14:15:00,1522658700,775.25,778,771,777.5,300783
2018-04-02 15:15:00,1522662300,777.5,779.9,775.35,779,171877
2018-04-03 09:15:00,1522727100,772.15,796,766.35,792,882876
2018-04-03 10:15:00,1522730700,792,799,786,789.1,522192
2018-04-03 11:15:00,1522734300,789.1,792.9,786.55,788.2,140069
2018-04-03 12:15:00,1522737900,788.2,796.2,787.8,792.5,306182
2018-04-03 13:15:00,1522741500,792.5,792.75,788,789.35,149602
2018-04-03 14:15:00,1522745100,789.4,791,788.15,789.85,156336
2018-04-03 15:15:00,1522748700,789.95,790.05,786,787.8,196033
2018-04-04 09:15:00,1522813500,792,796.3,789.05,792.7,405103
2018-04-04 10:15:00,1522817100,792.7,793.3,787,787.2,213754
2018-04-04 11:15:00,1522820700,787.3,791.3,785,787.95,168549
2018-04-04 12:15:00,1522824300,787.95,788.35,780.3,783.3,184157
2018-04-04 13:15:00,1522827900,783.3,784,771.1,776.75,248288
2018-04-04 14:15:00,1522831500,776.5,780.8,773.35,775.15,165703
2018-04-04 15:15:00,1522835100,775.35,777.45,773,777,87935
2018-04-05 09:15:00,1522899900,783,789.05,779.55,786.95,199152
2018-04-05 10:15:00,1522903500,786.95,788,783.4,786.65,108824
2018-04-05 11:15:00,1522907100,786.65,788,784.7,788,32024
2018-04-05 12:15:00,1522910700,788,790,785.15,785.5,62138
2018-04-05 13:15:00,1522914300,785.5,786.35,783.5,785.95,63058
2018-04-05 14:15:00,1522917900,785.95,787.4,784.3,787.4,129375
2018-04-05 15:15:00,1522921500,787.4,788,786.2,787.4,64590
2018-04-06 09:15:00,1522986300,788,810,785.3,809.85,672299
2018-04-06 10:15:00,1522989900,809.8,842.8,803.9,817.45,2908260
2018-04-06 11:15:00,1522993500,817.45,822,814.5,820,512417
2018-04-06 12:15:00,1522997100,820,820.95,812.1,817.5,373961
2018-04-06 13:15:00,1523000700,817.5,818.9,814,815.4,228475
2018-04-06 14:15:00,1523004300,815.4,816.5,808.45,809.4,583662
2018-04-06 15:15:00,1523007900,809.25,810.65,806.1,808.95,334572
2018-04-09 09:15:00,1523245500,809.8,818.2,803,810.8,540271
2018-04-09 10:15:00,1523249100,810.8,811.85,803.25,805.15,199098
2018-04-09 11:15:00,1523252700,805.15,807.1,803.8,806.75,89532
2018-04-09 12:15:00,1523256300,806.5,806.9,800.05,802.15,194073
2018-04-09 13:15:00,1523259900,802.55,803.35,794.15,796,291904
2018-04-09 14:15:00,1523263500,796,797.5,792.8,793.5,329432
2018-04-09 15:15:00,1523267100,793.35,795.45,791,794.5,249120
2018-04-10 09:15:00,1523331900,799,805,793.55,797.3,346846
2018-04-10 10:15:00,1523335500,797.1,797.2,790,793.95,171932
2018-04-10 11:15:00,1523339100,793.9,793.9,787,788.35,143752
2018-04-10 12:15:00,1523342700,787.75,789.45,785.65,787.75,112304
2018-04-10 13:15:00,1523346300,787.3,790.95,787,790.4,82992
2018-04-10 14:15:00,1523349900,790.35,790.5,787.15,789.8,149839
2018-04-10 15:15:00,1523353500,789.4,791.75,789.4,790.6,123298
2018-04-11 09:15:00,1523418300,792,798.9,786.45,788.4,445928
2018-04-11 10:15:00,1523421900,788.2,789.7,781.1,789.45,235142
2018-04-11 11:15:00,1523425500,789.45,790,786.1,788.2,110602
2018-04-11 12:15:00,1523429100,788.3,789.7,787.25,788,74339
2018-04-11 13:15:00,1523432700,788,791.2,787,787.9,106605
2018-04-11 14:15:00,1523436300,787.9,790.7,787,790.7,142346
2018-04-11 15:15:00,1523439900,790.65,790.75,787.95,787.95,91763
2018-04-12 09:15:00,1523504700,785.35,788.75,778.05,780.5,227231
2018-04-12 10:15:00,1523508300,780.75,780.8,774,775.5,251787
2018-04-12 11:15:00,1523511900,775.5,777.7,775,776.1,104048
2018-04-12 12:15:00,1523515500,776.1,778.35,775.9,776.65,78610
2018-04-12 13:15:00,1523519100,776.65,777.5,775.2,775.75,67873
2018-04-12 14:15:00,1523522700,775.75,776,772,774,200487
2018-04-12 15:15:00,1523526300,774.15,775,772,773,199877
2018-04-13 09:15:00,1523591100,774,782,773.95,780,337071
2018-04-13 10:15:00,1523594700,780,782.75,775.4,780,193552
2018-04-13 11:15:00,1523598300,780,781.35,779,781.05,89446
2018-04-13 12:15:00,1523601900,781.05,781.05,776.1,777.4,102559
2018-04-13 13:15:00,1523605500,777.4,779.7,775.05,777.35,118794
2018-04-13 14:15:00,1523609100,777.45,780.55,774.45,779.2,148294
2018-04-13 15:15:00,1523612700,779.2,780.9,779.1,780,79331
2018-04-16 09:15:00,1523850300,771,795.9,770.8,794.6,658082
2018-04-16 10:15:00,1523853900,794.9,797.5,790.65,794.3,363743
2018-04-16 11:15:00,1523857500,794.3,796,791.9,793.65,136358
2018-04-16 12:15:00,1523861100,793.65,794.85,792.25,792.7,73645
2018-04-16 13:15:00,1523864700,792.9,793.9,790.55,791,123613
2018-04-16 14:15:00,1523868300,791.05,794.9,789,793.9,210311
2018-04-16 15:15:00,1523871900,793.9,796,793,794,133203
2018-04-17 09:15:00,1523936700,795.1,807.45,795.1,802.45,670551
2018-04-17 10:15:00,1523940300,802.75,802.9,798.4,799.8,285541
2018-04-17 11:15:00,1523943900,799.9,801.9,799.6,801.3,125647
2018-04-17 12:15:00,1523947500,801.3,806.4,800.45,804.9,310639
2018-04-17 13:15:00,1523951100,804.9,809,804.05,805.75,388294
2018-04-17 14:15:00,1523954700,805.75,807.85,804.25,805.4,282266
2018-04-17 15:15:00,1523958300,805.45,805.6,804,804.8,139406
2018-04-18 09:15:00,1524023100,810,813.05,799.6,803.25,496376
2018-04-18 10:15:00,1524026700,803.25,803.5,801.05,803.05,95690
2018-04-18 11:15:00,1524030300,803.05,803.75,800.2,800.4,75075
2018-04-18 12:15:00,1524033900,800.4,801.6,798,800.9,112139
2018-04-18 13:15:00,1524037500,801,801,793.4,795.25,133885
2018-04-18 14:15:00,1524041100,795.25,797.35,790,790.3,231067
2018-04-18 15:15:00,1524044700,790.65,791.4,787.5,790.95,122906
2018-04-19 09:15:00,1524109500,792.15,795,783,785,253671
2018-04-19 10:15:00,1524113100,785,787.6,783.85,785.5,93997
2018-04-19 11:15:00,1524116700,785.5,791,784.7,789.35,121184
2018-04-19 12:15:00,1524120300,789.05,790.5,786.35,786.9,47081
2018-04-19 13:15:00,1524123900,786.9,789.2,786.55,788.4,53705
2018-04-19 14:15:00,1524127500,788.2,790.2,788.1,789.95,160752
2018-04-19 15:15:00,1524131100,790,793.5,789.15,791.95,160724
2018-04-20 09:15:00,1524195900,790,796.5,785.1,787.35,294197
2018-04-20 10:15:00,1524199500,787.2,795.75,786.35,794.3,226258
2018-04-20 11:15:00,1524203100,794.4,798.95,792.75,797.65,207153
2018-04-20 12:15:00,1524206700,797.65,801.2,795.5,797.4,215250
2018-04-20 13:15:00,1524210300,797.4,798.75,795,797.95,113826
2018-04-20 14:15:00,1524213900,797.95,800,796.9,798.9,206150
2018-04-20 15:15:00,1524217500,798.8,801.6,797.9,799.95,149324
2018-04-23 09:15:00,1524455100,799,811.5,797.4,808,437231
2018-04-23 10:15:00,1524458700,807.95,809.4,805,805.45,109433
2018-04-23 11:15:00,1524462300,805.45,809,804,808.15,96055
2018-04-23 12:15:00,1524465900,808.15,812,806.5,809.55,642027
2018-04-23 13:15:00,1524469500,809.5,814.7,808.45,814,330911
2018-04-23 14:15:00,1524473100,814.2,817.9,810,813.85,443678
2018-04-23 15:15:00,1524476700,813.85,813.85,809.3,812.9,105672
2018-04-24 09:15:00,1524541500,815.85,832.95,814,829.95,990167
2018-04-24 10:15:00,1524545100,829.7,832,825.95,829.95,331611
2018-04-24 11:15:00,1524548700,830,830.5,824.65,825.6,231074
2018-04-24 12:15:00,1524552300,825.4,826,819.45,823.15,267609
2018-04-24 13:15:00,1524555900,823.35,824.6,821,821.85,68098
2018-04-24 14:15:00,1524559500,822,822.5,818.2,820.05,170118
2018-04-24 15:15:00,1524563100,820.1,820.7,818.4,819.4,103660
2018-04-25 09:15:00,1524627900,814.2,825,811.5,822.25,267563
2018-04-25 10:15:00,1524631500,822.25,824,816.95,818,120921
2018-04-25 11:15:00,1524635100,818,819.05,816.05,818.5,43037
2018-04-25 12:15:00,1524638700,818.5,823.65,817.25,817.35,80403
2018-04-25 13:15:00,1524642300,817.9,820.45,814.1,814.3,74324
2018-04-25 14:15:00,1524645900,814.5,817.5,812,813.6,101445
2018-04-25 15:15:00,1524649500,813.6,815.7,812,813.05,50029
2018-04-26 09:15:00,1524714300,813,819.95,811,814,243404
2018-04-26 10:15:00,1524717900,814,814.35,803.55,805.95,349841
2018-04-26 11:15:00,1524721500,805.5,807.8,801.4,802.55,192610
2018-04-26 12:15:00,1524725100,802.55,804.6,801.5,802.3,91120
2018-04-26 13:15:00,1524728700,802.3,802.55,797,799.45,308078
2018-04-26 14:15:00,1524732300,799.4,800.1,789.7,792,902397
2018-04-26 15:15:00,1524735900,791.75,793.8,791.25,793,409272
2018-04-27 09:15:00,1524800700,794,799.9,787.1,795.9,360668
2018-04-27 10:15:00,1524804300,795.8,798.8,795.15,796.95,156340
2018-04-27 11:15:00,1524807900,796.95,805.8,796.5,801.9,321933
2018-04-27 12:15:00,1524811500,802,804.2,799.75,803.25,104071
2018-04-27 13:15:00,1524815100,803.25,804.1,800,801,127324
2018-04-27 14:15:00,1524818700,801.2,802.1,797.8,801.95,202119
2018-04-27 15:15:00,1524822300,802.1,803.2,801,801.1,82759
2018-04-30 09:15:00,1525059900,805,819.9,803,818,421074
2018-04-30 10:15:00,1525063500,817.8,818,809.7,813.05,162083
2018-04-30 11:15:00,1525067100,813.05,815,811.3,811.85,48639
2018-04-30 12:15:00,1525070700,811.85,813.7,810,810.9,53812
2018-04-30 13:15:00,1525074300,810.9,813.15,810,812.5,50597
2018-04-30 14:15:00,1525077900,812.5,815,810,811.8,145597
2018-04-30 15:15:00,1525081500,811.8,811.85,810,810.1,107997
2018-05-02 09:15:00,1525232700,814,819.45,807.05,809.8,192720
2018-05-02 10:15:00,1525236300,809.8,811.85,808.05,809.05,44000
2018-05-02 11:15:00,1525239900,809.45,810.85,805.5,809.95,119635
2018-05-02 12:15:00,1525243500,809.95,810.15,805.25,806.25,48195
2018-05-02 13:15:00,1525247100,806.7,806.8,798.35,799.2,112282
2018-05-02 14:15:00,1525250700,799.9,801.55,796,799.65,105854
2018-05-02 15:15:00,1525254300,799.75,802.5,799.35,800.5,60658
2018-05-03 09:15:00,1525319100,800,800,790.55,795.8,154633
2018-05-03 10:15:00,1525322700,795.8,796,787.55,787.8,95183
2018-05-03 11:15:00,1525326300,787.5,789.85,785.25,789.5,57707
2018-05-03 12:15:00,1525329900,789.5,795.75,788.3,793.15,85750
2018-05-03 13:15:00,1525333500,793.15,796.95,793,796.5,54130
2018-05-03 14:15:00,1525337100,796.5,801.45,792,798,129958
2018-05-03 15:15:00,1525340700,797.55,799.5,795.95,796.65,62915
2018-05-04 09:15:00,1525405500,799,805.25,792.1,795.15,210266
2018-05-04 10:15:00,1525409100,795.15,798.35,793.05,796.65,120575
2018-05-04 11:15:00,1525412700,796.65,798.05,790.5,792.65,72433
2018-05-04 12:15:00,1525416300,792.5,793,788.6,790.2,91443
2018-05-04 13:15:00,1525419900,790.2,794,790.15,792.35,58567
2018-05-04 14:15:00,1525423500,792.35,795.5,791.25,795.25,156443
2018-05-04 15:15:00,1525427100,795.5,797.45,794.15,797,156836
2018-05-07 09:15:00,1525664700,785,787,763,771.45,895310
2018-05-07 10:15:00,1525668300,771.45,772.8,770,772,156049
2018-05-07 11:15:00,1525671900,772,774,771,771.85,111676
2018-05-07 12:15:00,1525675500,771.85,775.9,771.6,772.15,187035
2018-05-07 13:15:00,1525679100,772.15,775.5,771.9,775.5,125656
2018-05-07 14:15:00,1525682700,775.5,775.7,770.1,774.1,304714
2018-05-07 15:15:00,1525686300,774.1,774.95,773.2,774.6,156800
2018-05-08 09:15:00,1525751100,782.8,786.8,774.05,775,525414
2018-05-08 10:15:00,1525754700,775,783,774.65,780.3,206625
2018-05-08 11:15:00,1525758300,780.3,780.3,777.3,777.95,103119
2018-05-08 12:15:00,1525761900,777.95,778,772.5,775.65,170200
2018-05-08 13:15:00,1525765500,775.65,778,773.7,776.15,81969
2018-05-08 14:15:00,1525769100,776.15,776.9,774.1,775,137859
2018-05-08 15:15:00,1525772700,775,775.5,773.15,774,131167
2018-05-09 09:15:00,1525837500,775,779.5,771.5,775.55,188626
2018-05-09 10:15:00,1525841100,775.55,776.3,772.3,775.7,126335
2018-05-09 11:15:00,1525844700,775.7,776.9,773.4,775,78062
2018-05-09 12:15:00,1525848300,774.7,775.7,773.75,775,33351
2018-05-09 13:15:00,1525851900,775.1,776.2,774,774.25,58308
2018-05-09 14:15:00,1525855500,774.25,774.5,759.1,762.25,445276
2018-05-09 15:15:00,1525859100,762.25,764,761.5,763.9,124746
2018-05-10 09:15:00,1525923900,765.6,773.5,765.5,770.5,304008
2018-05-10 10:15:00,1525927500,770.5,770.95,767.55,770.5,171821
2018-05-10 11:15:00,1525931100,770.5,770.95,769.05,769.7,87829
2018-05-10 12:15:00,1525934700,769.7,770.8,764.2,765.5,201101
2018-05-10 13:15:00,1525938300,765.55,769.8,763.2,763.9,117146
2018-05-10 14:15:00,1525941900,763.9,764.9,755.45,756.2,325800
2018-05-10 15:15:00,1525945500,756.2,756.2,751.15,754.95,174709
2018-05-11 09:15:00,1526010300,761.5,761.5,746,751.5,272556
2018-05-11 10:15:00,1526013900,751.5,752.3,745,746.55,132055
2018-05-11 11:15:00,1526017500,746.55,751.45,745.85,751.15,113912
2018-05-11 12:15:00,1526021100,751.15,752.5,747.45,751.05,124115
2018-05-11 13:15:00,1526024700,751.05,752,743.55,745.8,180207
2018-05-11 14:15:00,1526028300,745.8,753.45,745.6,752.9,244276
2018-05-11 15:15:00,1526031900,752.75,754,750,752.4,117036
2018-05-14 09:15:00,1526269500,752.5,777,752.5,768.5,662924
2018-05-14 10:15:00,1526273100,768.05,771.5,762,767,254795
2018-05-14 11:15:00,1526276700,767,767.4,760.7,762.45,142079
2018-05-14 12:15:00,1526280300,762.7,764.4,755.5,758.15,174537
2018-05-14 13:15:00,1526283900,758,758.55,750,754.9,219011
2018-05-14 14:15:00,1526287500,754.9,758.45,754.1,755.75,148357
2018-05-14 15:15:00,1526291100,755.75,755.95,751.55,753,106316
2018-05-15 09:15:00,1526355900,755,762.4,753.55,759.45,309388
2018-05-15 10:15:00,1526359500,759.45,760,748.35,750.8,367453
2018-05-15 11:15:00,1526363100,751.45,753,746.45,751.05,219387
2018-05-15 12:15:00,1526366700,751.05,751.4,748.5,749,118419
2018-05-15 13:15:00,1526370300,749,749.95,733.45,734.25,786860
2018-05-15 14:15:00,1526373900,734.25,773,723.65,753.75,3229754
2018-05-15 15:15:00,1526377500,753.8,766.7,753.3,763.9,782815
2018-05-16 09:15:00,1526442300,751.5,768.9,750.1,763.85,1152422
2018-05-16 10:15:00,1526445900,763.8,765,755.15,762.95,509656
2018-05-16 11:15:00,1526449500,762.95,764.9,761.5,763.95,187535
2018-05-16 12:15:00,1526453100,763.95,772,759,759.75,685526
2018-05-16 13:15:00,1526456700,759.75,765,759.65,761.6,168662
2018-05-16 14:15:00,1526460300,761.6,767.2,760.1,766.2,249331
2018-05-16 15:15:00,1526463900,766.4,768.25,764.65,767.75,168877
2018-05-17 09:15:00,1526528700,767.75,767.75,754.5,758.65,362633
2018-05-17 10:15:00,1526532300,758.7,765,758.6,761.7,211731
2018-05-17 11:15:00,1526535900,761.7,762.75,758.05,760.95,73368
2018-05-17 12:15:00,1526539500,760.95,764.4,757.35,763.05,85260
2018-05-17 13:15:00,1526543100,763.4,771.8,762.5,767.5,247307
2018-05-17 14:15:00,1526546700,767.5,768,761.1,762.45,303133
2018-05-17 15:15:00,1526550300,762.2,763.85,760.1,763,118015
2018-05-18 09:15:00,1526615100,764,768.05,757.55,758.3,212511
2018-05-18 10:15:00,1526618700,758.3,759.7,752.95,755,180162
2018-05-18 11:15:00,1526622300,755,755.4,750.9,752.3,101526
2018-05-18 12:15:00,1526625900,752,754.8,745.8,748.35,160933
2018-05-18 13:15:00,1526629500,748.35,748.85,741.8,744.95,139731
2018-05-18 14:15:00,1526633100,744.95,747.7,742.5,744.35,270399
2018-05-18 15:15:00,1526636700,744.35,745.6,742.2,743.4,118089
2018-05-21 09:15:00,1526874300,744.4,745.3,737,740.15,243708
2018-05-21 10:15:00,1526877900,740.15,743,738,738,115622
2018-05-21 11:15:00,1526881500,738,738.45,735,735.95,125751
2018-05-21 12:15:00,1526885100,735.95,738.45,735.45,735.65,96678
2018-05-21 13:15:00,1526888700,735.9,737.5,735,736.75,81060
2018-05-21 14:15:00,1526892300,736.75,740,735.3,736.5,175975
2018-05-21 15:15:00,1526895900,736.5,737.35,735,735.9,143012
2018-05-22 09:15:00,1526960700,735,735.9,725.2,731.25,269111
2018-05-22 10:15:00,1526964300,731.25,740.75,729.45,731.6,226814
2018-05-22 11:15:00,1526967900,731.7,734.65,730.9,733.5,63745
2018-05-22 12:15:00,1526971500,733.5,735.5,732,733.25,69448
2018-05-22 13:15:00,1526975100,733.25,735.4,731.6,734.2,66533
2018-05-22 14:15:00,1526978700,734.2,740.75,730.25,738.8,214379
2018-05-22 15:15:00,1526982300,739.15,745.45,738.25,742.1,166796
2018-05-23 09:15:00,1527047100,745.2,749.9,740.1,743.35,223993
2018-05-23 10:15:00,1527050700,743.35,745.5,738.1,742.4,104566
2018-05-23 11:15:00,1527054300,742.35,743.4,738.75,742.15,57006
2018-05-23 12:15:00,1527057900,742.15,745.5,740.55,741.55,89638
2018-05-23 13:15:00,1527061500,741.45,742.9,733.55,735.8,97337
2018-05-23 14:15:00,1527065100,735.8,737.9,733.65,734.65,95070
2018-05-23 15:15:00,1527068700,734.55,736.85,733.1,734.2,73517
2018-05-24 09:15:00,1527133500,738,738.6,729.9,735.85,202530
2018-05-24 10:15:00,1527137100,735.85,743.8,735.05,741.55,130836
2018-05-24 11:15:00,1527140700,741.55,745.65,740.35,744.05,145600
2018-05-24 12:15:00,1527144300,744.05,747,740.25,744.2,212386
2018-05-24 13:15:00,1527147900,744.2,747,742.05,742.05,137919
2018-05-24 14:15:00,1527151500,742.45,745,740.55,742.6,118876
2018-05-24 15:15:00,1527155100,742.6,743.9,741.05,743.9,63560
2018-05-25 09:15:00,1527219900,743.05,743.15,733.1,738.95,183695
2018-05-25 10:15:00,1527223500,738.95,739.65,735.15,736.25,106167
2018-05-25 11:15:00,1527227100,736.25,741,735.1,738.7,121241
2018-05-25 12:15:00,1527230700,738.8,741.85,736,740.05,177058
2018-05-25 13:15:00,1527234300,740.3,745.55,739.5,740.05,540135
2018-05-25 14:15:00,1527237900,740,747.35,740,745.05,213430
2018-05-25 15:15:00,1527241500,745.2,746.5,744.55,745,86488
2018-05-28 09:15:00,1527479100,747.5,769.5,747.5,769.25,572010
2018-05-28 10:15:00,1527482700,769,771.4,767.5,768.5,342284
2018-05-28 11:15:00,1527486300,768.5,778,768.1,777.45,392339
2018-05-28 12:15:00,1527489900,777.45,780,775.3,779.55,317704
2018-05-28 13:15:00,1527493500,779.85,785.4,779.45,782.45,368249
2018-05-28 14:15:00,1527497100,782.4,783,774.7,782,379936
2018-05-28 15:15:00,1527500700,781.95,785.95,781.75,782.05,156559
2018-05-29 09:15:00,1527565500,782.5,794.5,768.95,791.9,785777
2018-05-29 10:15:00,1527569100,791.9,798.9,791,792.45,555727
2018-05-29 11:15:00,1527572700,792.4,793.45,786.4,786.65,297372
2018-05-29 12:15:00,1527576300,786.7,792.55,784.55,788.3,214024
2018-05-29 13:15:00,1527579900,788.3,788.6,778.3,779.75,247185
2018-05-29 14:15:00,1527583500,779.75,786.95,779,780.9,368243
2018-05-29 15:15:00,1527587100,781.25,781.85,777.1,780,131743
2018-05-30 09:15:00,1527651900,770,790.4,770,785.7,432961
2018-05-30 10:15:00,1527655500,785.7,785.75,780.3,780.5,159778
2018-05-30 11:15:00,1527659100,780.5,781.55,776.75,776.8,135407
2018-05-30 12:15:00,1527662700,776.8,783.95,776,782.05,103398
2018-05-30 13:15:00,1527666300,782.1,782.8,776,776.65,124595
2018-05-30 14:15:00,1527669900,776.65,778.65,775.5,777,148030
2018-05-30 15:15:00,1527673500,777,783,776.9,779.2,127272
2018-05-31 09:15:00,1527738300,784.95,784.95,773.65,775.75,229677
2018-05-31 10:15:00,1527741900,775.75,782.45,774.4,777.65,215054
2018-05-31 11:15:00,1527745500,777.25,779.3,775,776.9,104946
2018-05-31 12:15:00,1527749100,776.9,777.75,771.95,773.6,117028
2018-05-31 13:15:00,1527752700,773.6,775.5,768.3,770.35,303970
2018-05-31 14:15:00,1527756300,770.35,774.6,768.75,768.75,533517
2018-05-31 15:15:00,1527759900,768.75,777,765.65,775,489053
2018-06-01 09:15:00,1527824700,770.75,781.9,770.75,775.95,261686
2018-06-01 10:15:00,1527828300,775.95,776.6,768.05,772.45,407312
2018-06-01 11:15:00,1527831900,772.3,773.3,762.6,763.8,210991
2018-06-01 12:15:00,1527835500,764.3,768.85,763,764.65,112212
2018-06-01 13:15:00,1527839100,764.65,765.95,763,763.15,66073
2018-06-01 14:15:00,1527842700,763.15,765.5,761.6,764.25,132581
2018-06-01 15:15:00,1527846300,764.35,767.45,762.6,764.45,105591
2018-06-04 09:15:00,1528083900,766.7,768.9,753.4,761.8,486524
2018-06-04 10:15:00,1528087500,761.75,776.95,760.4,773.8,288558
2018-06-04 11:15:00,1528091100,773.8,778.45,772.15,776.95,212367
2018-06-04 12:15:00,1528094700,776.95,780,773.4,773.85,203805
2018-06-04 13:15:00,1528098300,773.85,778,771.1,773.9,208825
2018-06-04 14:15:00,1528101900,773.9,775.9,768.5,775.5,295171
2018-06-04 15:15:00,1528105500,775.5,776,772,774.95,105087
2018-06-05 09:15:00,1528170300,775.45,778.4,766.6,774,246590
2018-06-05 10:15:00,1528173900,774,774,763.45,765.8,195634
2018-06-05 11:15:00,1528177500,765.8,772.25,765.7,771.2,102044
2018-06-05 12:15:00,1528181100,771.2,771.2,761.2,765.15,124371
2018-06-05 13:15:00,1528184700,764.85,765.8,757.85,759.7,135108
2018-06-05 14:15:00,1528188300,759.7,762,745.1,760.5,443831
2018-06-05 15:15:00,1528191900,760.45,763,759.25,763,113402
2018-06-06 09:15:00,1528256700,760,774,756.25,773.3,309099
2018-06-06 10:15:00,1528260300,773.3,775,767.5,769,202344
2018-06-06 11:15:00,1528263900,769,775,768.15,773.25,103505
2018-06-06 12:15:00,1528267500,773.25,775,770.3,772.9,100965
2018-06-06 13:15:00,1528271100,772.95,774,770.5,771.9,70598
2018-06-06 14:15:00,1528274700,771.9,776.85,768,770,273191
2018-06-06 15:15:00,1528278300,770,770,768.6,769.95,71238
2018-06-07 09:15:00,1528343100,771.6,776,771,772.6,159147
2018-06-07 10:15:00,1528346700,772.6,774.7,767.4,768,205754
2018-06-07 11:15:00,1528350300,768,768,761.6,765.35,189593
2018-06-07 12:15:00,1528353900,765.4,767.85,763,767.5,138407
2018-06-07 13:15:00,1528357500,767.5,769.95,765.6,769.1,89537
2018-06-07 14:15:00,1528361100,769.1,771.3,766.25,767.8,115069
2018-06-07 15:15:00,1528364700,767.8,767.95,765.65,766.6,57466
2018-06-08 09:15:00,1528429500,764.8,786,763.05,783.65,498627
2018-06-08 10:15:00,1528433100,783.65,789.8,780.65,786.35,368433
2018-06-08 11:15:00,1528436700,786.35,790,785.2,789.35,274763
2018-06-08 12:15:00,1528440300,789.35,799.4,788.75,797.75,722911
2018-06-08 13:15:00,1528443900,797.95,808.65,797,806.05,975481
2018-06-08 14:15:00,1528447500,806.55,824,806,809.25,1822635
2018-06-08 15:15:00,1528451100,809.45,811.85,807.35,808.4,238542
2018-06-11 09:15:00,1528688700,811,829.45,808.3,829,1232987
2018-06-11 10:15:00,1528692300,829.45,829.9,821.3,826.5,499526
2018-06-11 11:15:00,1528695900,826.5,828.4,813.95,814.7,542420
2018-06-11 12:15:00,1528699500,814.35,815.5,804.3,813.55,480625
2018-06-11 13:15:00,1528703100,813.65,816.05,812,813.85,155120
2018-06-11 14:15:00,1528706700,814,814.9,808.15,809,335904
2018-06-11 15:15:00,1528710300,808.8,811.25,807.15,809,196136
2018-06-12 09:15:00,1528775100,815,833,811,831.75,1833136
2018-06-12 10:15:00,1528778700,831.7,835.4,831,833.9,761524
2018-06-12 11:15:00,1528782300,833.65,845,833.05,845,1600666
2018-06-12 12:15:00,1528785900,844.95,857.4,843.5,850.45,2027660
2018-06-12 13:15:00,1528789500,850.45,858,850.45,852.2,851542
2018-06-12 14:15:00,1528793100,852.15,853,846,852.15,1046125
2018-06-12 15:15:00,1528796700,852.1,861.9,850.3,860.95,862918
2018-06-13 09:15:00,1528861500,865,881.05,862,879.65,2862191
2018-06-13 10:15:00,1528865100,879.65,882,874,875.6,979427
2018-06-13 11:15:00,1528868700,875.8,879.45,868.9,874.55,1109481
2018-06-13 12:15:00,1528872300,874.5,878,873,875.3,326445
2018-06-13 13:15:00,1528875900,875.3,876.95,871.8,873.95,282245
2018-06-13 14:15:00,1528879500,873.95,876.8,871.5,873.25,587367
2018-06-13 15:15:00,1528883100,873.4,874,868.1,873.3,413381
2018-06-14 09:15:00,1528947900,877.95,884.7,865.2,866.1,1406218
2018-06-14 10:15:00,1528951500,866.35,877.5,863.2,875.95,707119
2018-06-14 11:15:00,1528955100,875.9,883.3,875,878.9,866618
2018-06-14 12:15:00,1528958700,879,887.4,877.5,886.35,712548
2018-06-14 13:15:00,1528962300,886.15,891.85,883.55,889.5,651387
2018-06-14 14:15:00,1528965900,889.5,899.8,888.7,898.65,1589725
2018-06-14 15:15:00,1528969500,898.65,904.5,898.55,903,664970
2018-06-15 09:15:00,1529034300,910,917,905,915.8,2425004
2018-06-15 10:15:00,1529037900,915.35,923,914.05,921.15,1462079
2018-06-15 11:15:00,1529041500,921.15,924.5,919.05,920.2,998084
2018-06-15 12:15:00,1529045100,920.2,920.2,911.55,914.5,968060
2018-06-15 13:15:00,1529048700,914.5,918,901.25,914.6,952716
2018-06-15 14:15:00,1529052300,914.5,918,909.25,913.3,837796
2018-06-15 15:15:00,1529055900,913.4,915,908,908.75,504129
2018-06-18 09:15:00,1529293500,910.8,917,901.05,907.5,971175
2018-06-18 10:15:00,1529297100,907.45,909.15,898.25,901.05,469367
2018-06-18 11:15:00,1529300700,901.1,901.2,887.2,895,793003
2018-06-18 12:15:00,1529304300,895,898,892.05,892.15,200227
2018-06-18 13:15:00,1529307900,892.15,901.45,891,899.1,373001
2018-06-18 14:15:00,1529311500,899.1,904.6,896.3,904.6,378879
2018-06-18 15:15:00,1529315100,904.65,907,902.1,905.65,315433
2018-06-19 09:15:00,1529379900,902,921,899.1,917.2,1545114
2018-06-19 10:15:00,1529383500,917.2,918.55,908,909.2,627828
2018-06-19 11:15:00,1529387100,909.2,910.75,903.4,903.5,379936
2018-06-19 12:15:00,1529390700,903.85,905.7,895.8,901.6,673280
2018-06-19 13:15:00,1529394300,901.25,906.25,900,902,384188
2018-06-19 14:15:00,1529397900,902.25,902.25,894.05,897,651455
2018-06-19 15:15:00,1529401500,897,903,895.55,901.1,457074
2018-06-20 09:15:00,1529466300,905.95,912.95,896,899,1021550
2018-06-20 10:15:00,1529469900,899,903.5,898,900.2,293587
2018-06-20 11:15:00,1529473500,900.2,901.95,896.2,897.7,254809
2018-06-20 12:15:00,1529477100,897.8,901.5,897,900.1,207648
2018-06-20 13:15:00,1529480700,900.1,900.85,897,897.9,120967
2018-06-20 14:15:00,1529484300,897.8,902.9,897.15,899.95,432662
2018-06-20 15:15:00,1529487900,900,900.5,896.45,897.6,289040
2018-06-21 09:15:00,1529552700,907.6,907.6,891.2,893.1,652066
2018-06-21 10:15:00,1529556300,893.1,896.2,891,893.65,160971
2018-06-21 11:15:00,1529559900,893.65,897,892.5,893.95,150695
2018-06-21 12:15:00,1529563500,894,901.25,893.4,901.2,228542
2018-06-21 13:15:00,1529567100,900.95,901.05,895.45,899.75,279587
2018-06-21 14:15:00,1529570700,899.75,904.45,895,900,535659
2018-06-21 15:15:00,1529574300,900,901.1,897.45,900,182730
2018-06-22 09:15:00,1529639100,898,899,881.65,888.25,899542
2018-06-22 10:15:00,1529642700,888.25,896.5,886.15,895,427504
2018-06-22 11:15:00,1529646300,895,901.9,892.85,899.6,383744
2018-06-22 12:15:00,1529649900,899.55,907.95,896.35,905.9,530652
2018-06-22 13:15:00,1529653500,905.95,909.3,904.5,905.6,404798
2018-06-22 14:15:00,1529657100,905.5,906,898.5,902.8,733264
2018-06-22 15:15:00,1529660700,902.2,906,901.1,904,279139
2018-06-25 09:15:00,1529898300,904.6,920,904.15,914.3,1131977
2018-06-25 10:15:00,1529901900,914.3,916.9,911.95,914.05,408824
2018-06-25 11:15:00,1529905500,914.05,917.9,913.5,916.5,295209
2018-06-25 12:15:00,1529909100,916.8,917,914.35,916.55,252176
2018-06-25 13:15:00,1529912700,916.55,917,913.2,913.75,361852
2018-06-25 14:15:00,1529916300,913.75,914.4,907.25,911.95,753855
2018-06-25 15:15:00,1529919900,912.1,917,912.1,915,335361
2018-06-26 09:15:00,1529984700,916.9,921.6,908,909.9,783648
2018-06-26 10:15:00,1529988300,909.9,911.9,907.2,910.75,319897
2018-06-26 11:15:00,1529991900,910.75,910.95,908.3,909.6,189144
2018-06-26 12:15:00,1529995500,909.8,910.5,908,909.65,157819
2018-06-26 13:15:00,1529999100,909.65,910,904.4,907.05,241531
2018-06-26 14:15:00,1530002700,907.05,907.9,901.65,902.9,388061
2018-06-26 15:15:00,1530006300,902.85,903,899.55,900,225880
2018-06-27 09:15:00,1530071100,902.6,907.4,889,891.2,524086
2018-06-27 10:15:00,1530074700,891.15,894.8,887,892.65,498784
2018-06-27 11:15:00,1530078300,892.7,892.9,885.5,887.05,310166
2018-06-27 12:15:00,1530081900,887,888.65,882.55,883.1,263888
2018-06-27 13:15:00,1530085500,883.1,883.75,877.6,879.7,326943
2018-06-27 14:15:00,1530089100,879.7,899.5,878.3,892.7,706005
2018-06-27 15:15:00,1530092700,892.4,893,888.1,891,169888
2018-06-28 09:15:00,1530157500,893.6,907,881.4,901,861023
2018-06-28 10:15:00,1530161100,901.1,903.6,897.2,900.35,308023
2018-06-28 11:15:00,1530164700,900.35,905.5,899,901.75,249117
2018-06-28 12:15:00,1530168300,901.8,909.8,900.35,907.55,332428
2018-06-28 13:15:00,1530171900,907.45,907.55,901.05,901.55,236242
2018-06-28 14:15:00,1530175500,901.75,903.05,896,896.9,1194880
2018-06-28 15:15:00,1530179100,896.9,900,895.45,897.8,975710
2018-06-29 09:15:00,1530243900,903.8,912.5,901.25,912.5,527858
2018-06-29 10:15:00,1530247500,912.4,913.8,905.55,911,457964
2018-06-29 11:15:00,1530251100,911,911.75,906,906.85,182704
2018-06-29 12:15:00,1530254700,906.85,908.3,893.6,898.5,510661
2018-06-29 13:15:00,1530258300,898.5,903.9,897.25,901.05,204654
2018-06-29 14:15:00,1530261900,901.05,905,900,903.5,318560
2018-06-29 15:15:00,1530265500,903.85,906,902.45,906,209891
2018-07-02 09:15:00,1530503100,904.5,906,894,898.05,304606
2018-07-02 10:15:00,1530506700,898.05,899.85,894.7,896,97808
2018-07-02 11:15:00,1530510300,896,896.3,886,886.65,342834
2018-07-02 12:15:00,1530513900,886,889.25,884,887.15,151138
2018-07-02 13:15:00,1530517500,887.15,894.7,885.6,892.9,175667
2018-07-02 14:15:00,1530521100,892.9,894.7,885.2,890.4,286918
2018-07-02 15:15:00,1530524700,890.75,891,886.95,887,121428
2018-07-03 09:15:00,1530589500,890,898,881,891.95,497159
2018-07-03 10:15:00,1530593100,892,898.5,889.3,895.45,313976
2018-07-03 11:15:00,1530596700,895.45,906,893.3,903.95,464162
2018-07-03 12:15:00,1530600300,903.8,907,900.95,903.5,249113
2018-07-03 13:15:00,1530603900,903.8,904.8,894.3,903.65,326677
2018-07-03 14:15:00,1530607500,903.7,906,901.2,902,273710
2018-07-03 15:15:00,1530611100,901.95,906.9,901.2,906,177266
2018-07-04 09:15:00,1530675900,907.95,929.95,907.65,929.7,2165664
2018-07-04 10:15:00,1530679500,929.7,931.5,924.5,927.3,966209
2018-07-04 11:15:00,1530683100,927.5,932,925.5,930.25,524903
2018-07-04 12:15:00,1530686700,930.25,931.3,924.8,924.8,518286
2018-07-04 13:15:00,1530690300,925,929.95,924.55,928.8,298109
2018-07-04 14:15:00,1530693900,928.8,934,928,934,663647
2018-07-04 15:15:00,1530697500,934,939,933.95,938,528300
2018-07-05 09:15:00,1530762300,940,946.2,933,943.25,1167070
2018-07-05 10:15:00,1530765900,943.25,944.6,935,938.6,459963
2018-07-05 11:15:00,1530769500,938.95,941.5,935,935,198792
2018-07-05 12:15:00,1530773100,935,937.65,931.35,933.55,297565
2018-07-05 13:15:00,1530776700,933.55,934.1,925.75,930.35,319078
2018-07-05 14:15:00,1530780300,930.35,932.45,922.05,924.9,404893
2018-07-05 15:15:00,1530783900,924.95,924.95,920,921.3,192708
2018-07-06 09:15:00,1530848700,921.8,939.45,916.55,937.1,1027233
2018-07-06 10:15:00,1530852300,936.6,938,930.8,932.9,363113
2018-07-06 11:15:00,1530855900,932.9,933.1,924,926,444799
2018-07-06 12:15:00,1530859500,926.1,927.3,920.65,923.95,245004
2018-07-06 13:15:00,1530863100,923.95,927.25,922.5,924.9,169621
2018-07-06 14:15:00,1530866700,924.9,927,914,914.1,360161
2018-07-06 15:15:00,1530870300,914.45,916.9,910.95,914.55,170218
2018-07-09 09:15:00,1531107900,922.45,929.9,918.35,922.1,548817
2018-07-09 10:15:00,1531111500,922.05,922.05,916.35,920.45,221905
2018-07-09 11:15:00,1531115100,920.45,925.35,919,922.5,241380
2018-07-09 12:15:00,1531118700,922.5,923.2,918.65,919.8,92024
2018-07-09 13:15:00,1531122300,919.8,921.65,919,920.6,94760
2018-07-09 14:15:00,1531125900,920.6,922.55,908.55,911.4,519631
2018-07-09 15:15:00,1531129500,911.65,914.5,910.5,912.9,166109
2018-07-10 09:15:00,1531194300,919.9,921,904.6,909.3,763259
2018-07-10 10:15:00,1531197900,909.3,909.7,902.5,903.6,218386
2018-07-10 11:15:00,1531201500,903.5,909,903.15,906.95,168561
2018-07-10 12:15:00,1531205100,906.95,907.5,903,905.55,103922
2018-07-10 13:15:00,1531208700,905.55,907.5,905,905.55,87483
2018-07-10 14:15:00,1531212300,905.6,906.5,901.2,904.85,293144
2018-07-10 15:15:00,1531215900,904.65,905,900,902.9,202222
2018-07-11 09:15:00,1531280700,903,906.4,895.5,902.45,533360
2018-07-11 10:15:00,1531284300,902.6,914.4,902.2,908.25,776252
2018-07-11 11:15:00,1531287900,908.15,911.9,901.5,908.45,472871
2018-07-11 12:15:00,1531291500,908.45,908.9,902.05,905.5,175616
2018-07-11 13:15:00,1531295100,905.6,907,902,904.35,141486
2018-07-11 14:15:00,1531298700,904.35,908,900.6,900.85,281090
2018-07-11 15:15:00,1531302300,901,901.6,896.6,897.05,209530
2018-07-12 09:15:00,1531367100,903.9,906.4,896.7,901.35,482884
2018-07-12 10:15:00,1531370700,901.5,905.8,899.05,902,240672
2018-07-12 11:15:00,1531374300,902,902.5,898.55,898.65,174839
2018-07-12 12:15:00,1531377900,898.65,902.7,897.85,899.55,176658
2018-07-12 13:15:00,1531381500,899.55,900.1,881.7,887,362831
2018-07-12 14:15:00,1531385100,886.65,891.5,882,885.9,229031
2018-07-12 15:15:00,1531388700,885.9,886,883.5,885,147415
2018-07-13 09:15:00,1531453500,887,892.65,871.5,874,569334
2018-07-13 10:15:00,1531457100,874,881.25,864.3,865.35,384668
2018-07-13 11:15:00,1531460700,865.65,872.5,865.1,870.5,239613
2018-07-13 12:15:00,1531464300,870.05,874.05,868.5,872.6,111908
2018-07-13 13:15:00,1531467900,872.6,873.8,866,867.3,132491
2018-07-13 14:15:00,1531471500,867.3,868.5,864.25,866.45,248332
2018-07-13 15:15:00,1531475100,866.45,867.2,862.8,865,193943
2018-07-16 09:15:00,1531712700,867,867,841.1,845,652324
2018-07-16 10:15:00,1531716300,845,845,838.3,843.75,222173
2018-07-16 11:15:00,1531719900,843.5,849,841,841.65,426381
2018-07-16 12:15:00,1531723500,841.45,843,833.65,834.5,350810
2018-07-16 13:15:00,1531727100,834.9,836.95,827,832.25,461398
2018-07-16 14:15:00,1531730700,832.25,832.35,817.6,819,528817
2018-07-16 15:15:00,1531734300,819,819.2,814.3,816,283921
2018-07-17 09:15:00,1531799100,821,829,810.35,825.05,757637
2018-07-17 10:15:00,1531802700,825,831,816.15,829,539251
2018-07-17 11:15:00,1531806300,829.15,831.5,823.65,828.3,345211
2018-07-17 12:15:00,1531809900,828.3,828.4,823.05,826,148673
2018-07-17 13:15:00,1531813500,825.65,828.3,825.15,825.85,121598
2018-07-17 14:15:00,1531817100,825.85,828.4,824.5,826.95,278551
2018-07-17 15:15:00,1531820700,826.75,830,825.6,828,190510
2018-07-18 09:15:00,1531885500,820,827,800,806.05,1486825
2018-07-18 10:15:00,1531889100,806.05,811,805.25,809.15,1758867
2018-07-18 11:15:00,1531892700,809.15,810.15,807.6,809.35,636216
2018-07-18 12:15:00,1531896300,809.35,810.05,807.95,809.25,461990
2018-07-18 13:15:00,1531899900,809.25,809.7,806.5,808.7,459732
2018-07-18 14:15:00,1531903500,808.7,817.95,807.05,811.8,745570
2018-07-18 15:15:00,1531907100,811.8,812.35,809.1,810.75,167373
2018-07-19 09:15:00,1531971900,813.75,814.7,803,809.65,575455
2018-07-19 10:15:00,1531975500,809.9,810.25,807,807.95,740402
2018-07-19 11:15:00,1531979100,807.8,810.15,800.75,805.6,377408
2018-07-19 12:15:00,1531982700,805.6,807.7,803,805.5,116251
2018-07-19 13:15:00,1531986300,805.5,807,801.5,804,127476
2018-07-19 14:15:00,1531989900,804.05,805.8,787.15,795.6,469954
2018-07-19 15:15:00,1531993500,795.5,800.7,795,799,206451
2018-07-20 09:15:00,1532058300,798.95,802.4,792.5,796.45,613630
2018-07-20 10:15:00,1532061900,796.45,802.25,795,800.15,358090
2018-07-20 11:15:00,1532065500,800.15,802.3,799.5,800.95,399079
2018-07-20 12:15:00,1532069100,800.9,801.05,797.55,799.05,379216
2018-07-20 13:15:00,1532072700,799.05,801.8,798.65,801.25,601280
2018-07-20 14:15:00,1532076300,801.25,801.5,799,801.4,579103
2018-07-20 15:15:00,1532079900,801.25,802.15,799.5,800.55,299263
2018-07-23 09:15:00,1532317500,803,803.5,793.5,797,285997
2018-07-23 10:15:00,1532321100,797,802.8,794,799.7,372460
2018-07-23 11:15:00,1532324700,799.55,802.5,798.4,800.9,410711
2018-07-23 12:15:00,1532328300,800.9,806,800.15,801.1,655043
2018-07-23 13:15:00,1532331900,801.1,802,797.3,801.05,96988
2018-07-23 14:15:00,1532335500,801.1,803.85,800,800.9,273102
2018-07-23 15:15:00,1532339100,800.9,801,798,799,184704
2018-07-24 09:15:00,1532403900,802,819.9,799,819.7,675364
2018-07-24 10:15:00,1532407500,819.7,826,814.55,822.5,493109
2018-07-24 11:15:00,1532411100,822.55,823.6,817.2,819.35,283222
2018-07-24 12:15:00,1532414700,819.35,819.6,813.7,816,259993
2018-07-24 13:15:00,1532418300,816,818.6,815.05,817.25,97540
2018-07-24 14:15:00,1532421900,817.25,822,817.2,821.7,270274
2018-07-24 15:15:00,1532425500,821.8,823.7,819,820,119543
2018-07-25 09:15:00,1532490300,822.9,823.05,809.15,812.3,461751
2018-07-25 10:15:00,1532493900,812.3,812.5,805.25,806.85,190071
2018-07-25 11:15:00,1532497500,807,808,805.5,807,182420
2018-07-25 12:15:00,1532501100,807,810.95,806.6,808.5,219533
2018-07-25 13:15:00,1532504700,808.5,810,802.8,804.5,211850
2018-07-25 14:15:00,1532508300,804.5,806.25,797.5,799.4,320272
2018-07-25 15:15:00,1532511900,799.4,799.4,790,797,224284
2018-07-26 09:15:00,1532576700,797.05,808.4,793,804,557079
2018-07-26 10:15:00,1532580300,804,814.4,802.65,812.5,484840
2018-07-26 11:15:00,1532583900,812.5,815.25,810.3,813.95,397599
2018-07-26 12:15:00,1532587500,813.6,815.8,812.25,814.55,294527
2018-07-26 13:15:00,1532591100,814.6,815,810,811.3,247276
2018-07-26 14:15:00,1532594700,811.3,815,808.2,811.9,1102673
2018-07-26 15:15:00,1532598300,811.9,815.8,811.2,814.3,793217
2018-07-27 09:15:00,1532663100,818,825.7,811.05,816.35,497941
2018-07-27 10:15:00,1532666700,816.35,817.65,810.5,815.05,282456
2018-07-27 11:15:00,1532670300,815.05,821,814.8,819.85,196549
2018-07-27 12:15:00,1532673900,819.85,822.85,817.5,820.4,187496
2018-07-27 13:15:00,1532677500,820.4,821,816.85,817.85,126826
2018-07-27 14:15:00,1532681100,817.85,818.9,812.2,815,251273
2018-07-27 15:15:00,1532684700,815,817.3,814.15,817.2,128575
2018-07-30 09:15:00,1532922300,815.4,820.8,810,813.2,399673
2018-07-30 10:15:00,1532925900,813,832.5,812.65,831.5,725797
2018-07-30 11:15:00,1532929500,831.1,836,825.35,828.15,778746
2018-07-30 12:15:00,1532933100,828.15,833.25,827.55,827.85,229584
2018-07-30 13:15:00,1532936700,827.65,829.8,819.15,820.35,287749
2018-07-30 14:15:00,1532940300,820.35,823.85,819,820.15,194114
2018-07-30 15:15:00,1532943900,820.2,822,818.5,820.65,137003
2018-07-31 09:15:00,1533008700,825,830,815,822.5,662035
2018-07-31 10:15:00,1533012300,822.35,827.75,819.05,826.5,416427
2018-07-31 11:15:00,1533015900,826.5,826.7,821.05,823.95,187002
2018-07-31 12:15:00,1533019500,823.85,826,821.25,821.85,157312
2018-07-31 13:15:00,1533023100,821.85,824.4,819,821.6,169946
2018-07-31 14:15:00,1533026700,822.15,825.15,821.25,822.8,351033
2018-07-31 15:15:00,1533030300,822.95,827.15,821.6,822.8,272110
2018-08-01 09:15:00,1533095100,825.05,844.5,824.95,842.3,1304528
2018-08-01 10:15:00,1533098700,842.3,843.55,838,839.2,295894
2018-08-01 11:15:00,1533102300,839.2,842.5,836,842.1,222644
2018-08-01 12:15:00,1533105900,842.1,843.2,839.6,841.85,170637
2018-08-01 13:15:00,1533109500,841.85,845.95,840.5,843,358290
2018-08-01 14:15:00,1533113100,843,847.7,842,845.3,503239
2018-08-01 15:15:00,1533116700,845.35,845.75,842.55,844,324489
2018-08-02 09:15:00,1533181500,845.4,859.8,844.25,857.35,1379531
2018-08-02 10:15:00,1533185100,857.35,861.8,855.8,861,499402
2018-08-02 11:15:00,1533188700,861,863.8,859,862.65,450273
2018-08-02 12:15:00,1533192300,862.65,864.75,861.05,864.2,323411
2018-08-02 13:15:00,1533195900,864.1,867,861.5,864.95,407645
2018-08-02 14:15:00,1533199500,864.95,866.5,862.6,865,531568
2018-08-02 15:15:00,1533203100,865,867,864,866,355799
2018-08-03 09:15:00,1533267900,870,885.4,863.4,885.25,1550060
2018-08-03 10:15:00,1533271500,885.1,885.3,879.5,883.5,479677
2018-08-03 11:15:00,1533275100,883.5,884.4,881,883.2,177627
2018-08-03 12:15:00,1533278700,883.15,888,881.6,886,545078
2018-08-03 13:15:00,1533282300,886,895.8,884.1,895,643514
2018-08-03 14:15:00,1533285900,895.15,895.5,883.75,886.35,554822
2018-08-03 15:15:00,1533289500,886,887.2,883.45,885.55,179975
2018-08-06 09:15:00,1533527100,896.6,897.35,864.5,873.5,970451
2018-08-06 10:15:00,1533530700,873.5,881.35,871.55,877,298475
2018-08-06 11:15:00,1533534300,877,879.55,874.05,877.8,168192
2018-08-06 12:15:00,1533537900,877.8,880,876.95,879.85,117274
2018-08-06 13:15:00,1533541500,880,885.8,875.45,875.75,426862
2018-08-06 14:15:00,1533545100,875.95,880.75,871.75,872.8,378602
2018-08-06 15:15:00,1533548700,872.9,876,871.25,876,164475
2018-08-07 09:15:00,1533613500,877.4,877.5,856.6,858.75,630233
2018-08-07 10:15:00,1533617100,859,870,859,864,531732
2018-08-07 11:15:00,1533620700,864,868.9,863.55,866.25,161779
2018-08-07 12:15:00,1533624300,866.25,890,866,884,502226
2018-08-07 13:15:00,1533627900,884,884.45,870.25,872.95,406766
2018-08-07 14:15:00,1533631500,872.95,873.05,864.05,867.25,330765
2018-08-07 15:15:00,1533635100,867,867.9,865.3,867.9,135736
2018-08-08 09:15:00,1533699900,868.1,874.45,863,864.5,608176
2018-08-08 10:15:00,1533703500,864.35,877,861.05,873.45,623215
2018-08-08 11:15:00,1533707100,873,875.8,868,872,493977
2018-08-08 12:15:00,1533710700,872,881.5,872,878.05,725449
2018-08-08 13:15:00,1533714300,878,884.8,843.9,849.8,4354894
2018-08-08 14:15:00,1533717900,849.85,850,818.55,824.9,5888087
2018-08-08 15:15:00,1533721500,824.9,825.65,819.65,822.15,575606
2018-08-09 09:15:00,1533786300,812.1,844,804.45,839.1,4369808
2018-08-09 10:15:00,1533789900,839.5,842,833,835.35,1162711
2018-08-09 11:15:00,1533793500,835.8,839.4,821.5,824.5,1174253
2018-08-09 12:15:00,1533797100,824.45,828.6,812.05,822.5,1349796
2018-08-09 13:15:00,1533800700,822.2,823,815,817.8,589001
2018-08-09 14:15:00,1533804300,817.6,824.95,817,820.5,766799
2018-08-09 15:15:00,1533807900,820.45,828,820.05,825,456317
2018-08-10 09:15:00,1533872700,825.3,827.9,812.25,815.1,983100
2018-08-10 10:15:00,1533876300,815.1,817.55,811,812.8,426650
2018-08-10 11:15:00,1533879900,812.8,814.3,806,808,493178
2018-08-10 12:15:00,1533883500,808,814.3,806,811.65,776701
2018-08-10 13:15:00,1533887100,811.65,812.5,807.1,809.6,367534
2018-08-10 14:15:00,1533890700,809.4,811,807.3,809.9,631400
2018-08-10 15:15:00,1533894300,809.95,810.85,806,808.5,331945
2018-08-13 09:15:00,1534131900,804.5,819,801,815.4,638509
2018-08-13 10:15:00,1534135500,815,815.8,810.3,811.25,177921
2018-08-13 11:15:00,1534139100,811.25,812.35,807.55,811.35,171079
2018-08-13 12:15:00,1534142700,811.35,816.5,809.1,813.9,209803
2018-08-13 13:15:00,1534146300,813.9,816,813.4,815.1,182221
2018-08-13 14:15:00,1534149900,815.1,815.4,810,812,340467
2018-08-13 15:15:00,1534153500,811.95,813.6,810,813,261042
2018-08-14 09:15:00,1534218300,815,817,809.05,811.7,435871
2018-08-14 10:15:00,1534221900,811.7,812.5,807.55,810,312354
2018-08-14 11:15:00,1534225500,810,810.95,809.2,810,170888
2018-08-14 12:15:00,1534229100,810,817.95,809.2,817.35,315112
2018-08-14 13:15:00,1534232700,817.5,826.9,817.3,824.75,647764
2018-08-14 14:15:00,1534236300,824.7,838,824.6,835.95,972960
2018-08-14 15:15:00,1534239900,835.65,840,834.2,839,384480
2018-08-16 09:15:00,1534391100,833.9,837,826,833.9,517941
2018-08-16 10:15:00,1534394700,833.85,843.7,833.1,840.9,480440
2018-08-16 11:15:00,1534398300,840.8,843.2,839.1,841,170910
2018-08-16 12:15:00,1534401900,841,845.85,839.2,842,267755
2018-08-16 13:15:00,1534405500,842,847.65,841.65,846.1,261867
2018-08-16 14:15:00,1534409100,846.1,851.7,841,848.85,561077
2018-08-16 15:15:00,1534412700,848.85,850.75,848,849.2,170984
2018-08-17 09:15:00,1534477500,853.7,872,850.5,868.5,1235394
2018-08-17 10:15:00,1534481100,868.5,876,867.5,875.8,677121
2018-08-17 11:15:00,1534484700,875.65,877.65,872.15,875.45,438974
2018-08-17 12:15:00,1534488300,875.45,879.5,875.25,877.75,392555
2018-08-17 13:15:00,1534491900,877.65,882,875.75,881,545095
2018-08-17 14:15:00,1534495500,881,881.5,878.05,880.9,494859
2018-08-17 15:15:00,1534499100,880.6,884.75,879.5,879.95,522398
2018-08-20 09:15:00,1534736700,882,892,873.3,873.9,760402
2018-08-20 10:15:00,1534740300,873.2,879,870.2,878.05,394833
2018-08-20 11:15:00,1534743900,878.05,878.55,872.5,872.85,205811
2018-08-20 12:15:00,1534747500,872.8,875.95,871.2,872.75,139032
2018-08-20 13:15:00,1534751100,872.75,872.75,867,869.85,282605
2018-08-20 14:15:00,1534754700,869.9,870,867.45,869.35,259398
2018-08-20 15:15:00,1534758300,869.65,871.35,867.5,870.45,240328
2018-08-21 09:15:00,1534823100,872,876.8,865,871.3,496577
2018-08-21 10:15:00,1534826700,871.3,881,871.1,871.3,521241
2018-08-21 11:15:00,1534830300,871.3,871.4,866.6,870.25,229080
2018-08-21 12:15:00,1534833900,870,871.45,868.15,870.8,393370
2018-08-21 13:15:00,1534837500,870.8,882,870.5,876.65,626046
2018-08-21 14:15:00,1534841100,876.65,891.9,876.65,890,948997
2018-08-21 15:15:00,1534844700,890,890.4,887.2,889.15,210077
2018-08-23 09:15:00,1534995900,902,917.8,895,909.7,2334237
2018-08-23 10:15:00,1534999500,909.6,910,905,905.4,459447
2018-08-23 11:15:00,1535003100,905.4,907.85,890,904.45,856064
2018-08-23 12:15:00,1535006700,904.45,909.5,903.5,906,466053
2018-08-23 13:15:00,1535010300,906,908,903.5,906.9,190223
2018-08-23 14:15:00,1535013900,906.85,906.95,902.3,902.8,373332
2018-08-23 15:15:00,1535017500,902.8,906,901.45,903,316468
2018-08-24 09:15:00,1535082300,904.8,904.8,892,898.75,683744
2018-08-24 10:15:00,1535085900,898.8,901.8,896.05,899.5,250212
2018-08-24 11:15:00,1535089500,899.4,899.4,895.2,895.95,105615
2018-08-24 12:15:00,1535093100,895.95,896.85,885.5,892.85,418399
2018-08-24 13:15:00,1535096700,892.85,914.7,892.3,911.2,1058288
2018-08-24 14:15:00,1535100300,911.75,912.65,898.4,908.75,748784
2018-08-24 15:15:00,1535103900,908.75,909.05,906.25,907.4,181373
2018-08-27 09:15:00,1535341500,914.8,919,906,909.15,533348
2018-08-27 10:15:00,1535345100,909.15,914,907.3,910.55,276322
2018-08-27 11:15:00,1535348700,910.1,913.75,908.05,910.55,226926
2018-08-27 12:15:00,1535352300,910.55,910.9,908,908.55,140241
2018-08-27 13:15:00,1535355900,908.6,910,906.1,908.2,155478
2018-08-27 14:15:00,1535359500,908.15,912,906.6,910.05,368269
2018-08-27 15:15:00,1535363100,910.4,913,909.5,913,198370
2018-08-28 09:15:00,1535427900,913,918.7,908.8,913.35,540792
2018-08-28 10:15:00,1535431500,913.35,914,910.3,911.25,92725
2018-08-28 11:15:00,1535435100,911.25,913.65,909.1,913.15,147598
2018-08-28 12:15:00,1535438700,913.15,916.95,909,911.4,343565
2018-08-28 13:15:00,1535442300,911.4,911.5,904.15,907.35,243845
2018-08-28 14:15:00,1535445900,907.35,907.75,900.55,901.75,237575
2018-08-28 15:15:00,1535449500,901.75,904,898,903.05,165566
2018-08-29 09:15:00,1535514300,897,905.45,883.3,899.15,1267518
2018-08-29 10:15:00,1535517900,899.1,901.7,895.4,896.4,346913
2018-08-29 11:15:00,1535521500,896.4,898,893.3,895.45,244525
2018-08-29 12:15:00,1535525100,895.5,898,893.6,896.5,143789
2018-08-29 13:15:00,1535528700,896.25,896.3,890,893.2,216020
2018-08-29 14:15:00,1535532300,893.1,893.75,888,888.2,248158
2018-08-29 15:15:00,1535535900,888.2,888.8,883,883.2,209492
2018-08-30 09:15:00,1535600700,885,894.55,880,883.85,569085
2018-08-30 10:15:00,1535604300,883.85,888.35,882.6,887.7,171404
2018-08-30 11:15:00,1535607900,887.7,893.8,885.05,891.9,306227
2018-08-30 12:15:00,1535611500,892.1,900,891.3,891.55,405831
2018-08-30 13:15:00,1535615100,891.55,894.65,887.5,892.1,217508
2018-08-30 14:15:00,1535618700,892.1,896.75,890,891.95,464956
2018-08-30 15:15:00,1535622300,891.8,897,891.5,895.75,277777
2018-08-31 09:15:00,1535687100,896.8,910.5,895.75,908.5,720455
2018-08-31 10:15:00,1535690700,908.5,911.8,906,910.2,386186
2018-08-31 11:15:00,1535694300,910,925.5,909.3,924.5,1242319
2018-08-31 12:15:00,1535697900,924.05,930.8,922.5,928.85,1322097
2018-08-31 13:15:00,1535701500,928.85,939.8,928.1,935.55,1506134
2018-08-31 14:15:00,1535705100,935.5,938.8,929.5,931.25,1181533
2018-08-31 15:15:00,1535708700,931.55,933.55,929.5,931.5,524966
2018-09-03 09:15:00,1535946300,936.5,957.9,935,950.85,2046521
2018-09-03 10:15:00,1535949900,951,955.6,950,954.95,509715
2018-09-03 11:15:00,1535953500,954.65,955.9,948,949,469180
2018-09-03 12:15:00,1535957100,949,952.4,944.15,952.35,423102
2018-09-03 13:15:00,1535960700,951.7,952.35,946.05,946.7,298139
2018-09-03 14:15:00,1535964300,946.7,949.3,931.55,935.4,915956
2018-09-03 15:15:00,1535967900,935.35,939.25,934.8,936,238904
2018-09-04 09:15:00,1536032700,941,944.6,924.45,926.7,1024203
2018-09-04 10:15:00,1536036300,926.7,929.2,916,920.45,796391
2018-09-04 11:15:00,1536039900,920.45,925.95,919.6,923.35,251997
2018-09-04 12:15:00,1536043500,923.4,925.5,920.15,921.9,161817
2018-09-04 13:15:00,1536047100,921.9,926.4,918.2,920.2,366504
2018-09-04 14:15:00,1536050700,920.45,922,908,916.45,529092
2018-09-04 15:15:00,1536054300,915.9,918,912.5,917.6,161963
2018-09-05 09:15:00,1536119100,915.4,926.5,911.2,917.35,1132019
2018-09-05 10:15:00,1536122700,917.35,920,913.5,916,364055
2018-09-05 11:15:00,1536126300,916,916.15,902,904.65,429249
2018-09-05 12:15:00,1536129900,904.65,908.45,895.2,903.5,309865
2018-09-05 13:15:00,1536133500,904.2,906.4,898.2,900,236191
2018-09-05 14:15:00,1536137100,899.85,907.3,899.45,901.05,556409
2018-09-05 15:15:00,1536140700,901.3,904.8,900.1,904.7,266913
2018-09-06 09:15:00,1536205500,909.6,920.55,907,915.15,986614
2018-09-06 10:15:00,1536209100,915.35,922.5,913.2,920.5,493090
2018-09-06 11:15:00,1536212700,920.5,920.5,910.3,910.8,388315
2018-09-06 12:15:00,1536216300,910.8,914.9,903.25,910,332123
2018-09-06 13:15:00,1536219900,910.3,917.75,908,915.45,364607
2018-09-06 14:15:00,1536223500,915.45,919.65,911.05,917.3,568336
2018-09-06 15:15:00,1536227100,917.3,920,915.6,919,186540
2018-09-07 09:15:00,1536291900,920,930.5,906.8,924.2,1265192
2018-09-07 10:15:00,1536295500,924.2,929.4,922.8,927.4,1029377
2018-09-07 11:15:00,1536299100,927.35,949.9,926,948.1,1848751
2018-09-07 12:15:00,1536302700,948.2,951.8,942.55,951.25,944333
2018-09-07 13:15:00,1536306300,951.25,959.8,945.25,957.75,1046385
2018-09-07 14:15:00,1536309900,957.3,962.7,955,959,1599599
2018-09-07 15:15:00,1536313500,958.95,962.5,956.95,960.9,654739
2018-09-10 09:15:00,1536551100,965,986.1,962.1,972.45,2774419
2018-09-10 10:15:00,1536554700,972.4,979.45,970.1,970.1,643014
2018-09-10 11:15:00,1536558300,970.4,977,969,970.7,548275
2018-09-10 12:15:00,1536561900,970.75,970.75,956.85,963.85,972737
2018-09-10 13:15:00,1536565500,963.9,963.9,947.65,950,1155784
2018-09-10 14:15:00,1536569100,950.5,953,940.2,943.2,877402
2018-09-10 15:15:00,1536572700,943.5,947,940.35,946,352006
2018-09-11 09:15:00,1536637500,953.65,957.7,943.25,948.5,861749
2018-09-11 10:15:00,1536641100,948.5,954,940.4,948.9,564375
2018-09-11 11:15:00,1536644700,948.6,950,944.35,946.8,220584
2018-09-11 12:15:00,1536648300,946.6,959.5,946.05,957.55,352358
2018-09-11 13:15:00,1536651900,957.7,959.35,943.15,943.7,623555
2018-09-11 14:15:00,1536655500,943.65,945.95,933.25,940.45,1068172
2018-09-11 15:15:00,1536659100,940.35,941.25,936.6,940.3,346084
2018-09-12 09:15:00,1536723900,939,942.95,922,935.2,992629
2018-09-12 10:15:00,1536727500,935.25,948.7,935.25,943,891280
2018-09-12 11:15:00,1536731100,942.9,945.15,939.35,942.1,315978
2018-09-12 12:15:00,1536734700,942.1,949.5,939,946.7,364571
2018-09-12 13:15:00,1536738300,946.5,957,946.05,955,623175
2018-09-12 14:15:00,1536741900,955.35,960,952.75,958.2,575695
2018-09-12 15:15:00,1536745500,958.5,963.15,957.65,961.45,375712
2018-09-14 09:15:00,1536896700,973.9,978.75,962.05,973.2,1332812
2018-09-14 10:15:00,1536900300,973.2,981.5,971.65,974.5,900888
2018-09-14 11:15:00,1536903900,974.5,975.45,966.25,971.7,516568
2018-09-14 12:15:00,1536907500,971.7,975,970,971.3,259678
2018-09-14 13:15:00,1536911100,971.35,973,966,968.8,344617
2018-09-14 14:15:00,1536914700,969,973.7,967,969.1,445194
2018-09-14 15:15:00,1536918300,968.9,969.3,963.95,964,236409
2018-09-17 09:15:00,1537155900,958.45,978,954,977.35,772466
2018-09-17 10:15:00,1537159500,977.4,977.9,963.5,968.1,431190
2018-09-17 11:15:00,1537163100,968.25,970.45,964.1,966,216097
2018-09-17 12:15:00,1537166700,966,966,954.2,958.45,423630
2018-09-17 13:15:00,1537170300,958.4,958.4,952.4,956.1,203991
2018-09-17 14:15:00,1537173900,956.1,958,945.55,949.45,364886
2018-09-17 15:15:00,1537177500,949.8,952.35,947.05,950.5,162035
2018-09-18 09:15:00,1537242300,953.5,963.15,951.2,958.5,534842
2018-09-18 10:15:00,1537245900,958.5,960.1,941.2,945.3,369572
2018-09-18 11:15:00,1537249500,945.4,950.45,944,945.55,191506
2018-09-18 12:15:00,1537253100,945.55,948,940.3,943.35,243134
2018-09-18 13:15:00,1537256700,943.1,946,941.5,944.2,157814
2018-09-18 14:15:00,1537260300,944.2,944.9,927.05,929.05,504860
2018-09-18 15:15:00,1537263900,929.05,931.55,926.4,931.55,379943
2018-09-19 09:15:00,1537328700,937.95,939.6,922.5,925.1,952555
2018-09-19 10:15:00,1537332300,925.4,928.5,909.05,913.3,542628
2018-09-19 11:15:00,1537335900,913.3,919.5,911.1,916.6,331829
2018-09-19 12:15:00,1537339500,916.6,917.55,911.55,912.8,324998
2018-09-19 13:15:00,1537343100,912.65,921.75,909.7,910.8,417704
2018-09-19 14:15:00,1537346700,910.65,911.9,901.6,909.95,775993
2018-09-19 15:15:00,1537350300,909.95,913.6,908.3,911.7,270277
2018-09-21 09:15:00,1537501500,919.8,931.5,914.8,924.8,781290
2018-09-21 10:15:00,1537505100,924.15,925.5,914.1,918,419039
2018-09-21 11:15:00,1537508700,918,918,906.1,912.4,355072
2018-09-21 12:15:00,1537512300,912.4,915.6,853.6,889.55,887692
2018-09-21 13:15:00,1537515900,890.55,907,886.2,896.6,687227
2018-09-21 14:15:00,1537519500,896.15,902.5,884.2,888.7,956307
2018-09-21 15:15:00,1537523100,889.3,896,887.4,895.35,397013
2018-09-24 09:15:00,1537760700,896,903,876.45,879,560568
2018-09-24 10:15:00,1537764300,879,893.75,879,890.85,250161
2018-09-24 11:15:00,1537767900,890.7,890.7,875.3,875.5,253486
2018-09-24 12:15:00,1537771500,875.5,883.2,870,874.5,365325
2018-09-24 13:15:00,1537775100,874.6,874.65,851.6,856.85,671210
2018-09-24 14:15:00,1537778700,856.85,868.7,855.5,860.7,428617
2018-09-24 15:15:00,1537782300,860.7,862,856.9,860.3,149127
2018-09-25 09:15:00,1537847100,860.7,880,857.5,879.6,735470
2018-09-25 10:15:00,1537850700,880,883.2,874.9,879,309027
2018-09-25 11:15:00,1537854300,879.65,882,866.5,869.3,320650
2018-09-25 12:15:00,1537857900,869.3,876.7,868.6,872.9,186187
2018-09-25 13:15:00,1537861500,872.9,876.65,862,876.65,385910
2018-09-25 14:15:00,1537865100,876.9,884,869.2,883.95,370887
2018-09-25 15:15:00,1537868700,883.4,887.75,882.35,886.7,178293
2018-09-26 09:15:00,1537933500,891,910,890,902.5,1138821
2018-09-26 10:15:00,1537937100,902.85,902.85,892,894.75,456458
2018-09-26 11:15:00,1537940700,894.75,896.2,885.9,890.5,365543
2018-09-26 12:15:00,1537944300,890.5,898.1,889.35,893.3,238870
2018-09-26 13:15:00,1537947900,893.3,896,890,895.4,158481
2018-09-26 14:15:00,1537951500,895.4,896.95,890,893.65,275602
2018-09-26 15:15:00,1537955100,893.65,894,889.1,891.45,127147
2018-09-27 09:15:00,1538019900,892,894.7,882,884.25,387738
2018-09-27 10:15:00,1538023500,884.25,885,875.75,877.3,324199
2018-09-27 11:15:00,1538027100,877.3,880.6,873,880,258375
2018-09-27 12:15:00,1538030700,880,884.55,879.55,881.5,221460
2018-09-27 13:15:00,1538034300,881.5,891.5,877.65,887.15,444057
2018-09-27 14:15:00,1538037900,887.4,901,884.35,897.6,2229586
2018-09-27 15:15:00,1538041500,897.65,904,892.85,897.75,2299790
2018-09-28 09:15:00,1538106300,898.35,909.7,882,905.5,974825
2018-09-28 10:15:00,1538109900,906.1,914.6,906,912,573630
2018-09-28 11:15:00,1538113500,912.25,918,911,911.8,475306
2018-09-28 12:15:00,1538117100,911.8,912.3,902,902.65,574657
2018-09-28 13:15:00,1538120700,902.65,902.95,886.85,893.3,759710
2018-09-28 14:15:00,1538124300,893.35,904.85,890,903.35,724040
2018-09-28 15:15:00,1538127900,903.4,906.75,900.15,904,349895
2018-10-01 09:15:00,1538365500,905.55,905.55,887,888.55,436274
2018-10-01 10:15:00,1538369100,888.9,893,880.6,882.9,407366
2018-10-01 11:15:00,1538372700,882.9,887.35,880,883.85,220713
2018-10-01 12:15:00,1538376300,883.85,891.55,879.5,887.95,260679
2018-10-01 13:15:00,1538379900,887.95,899,887.95,897.35,272463
2018-10-01 14:15:00,1538383500,897.35,902.85,895,895.95,334372
2018-10-01 15:15:00,1538387100,895.6,897,892.7,897,197083
2018-10-03 09:15:00,1538538300,897,907,892.55,903.6,490227
2018-10-03 10:15:00,1538541900,903.6,904,894,901.25,271212
2018-10-03 11:15:00,1538545500,900.65,905.5,893.6,905,271085
2018-10-03 12:15:00,1538549100,905,906,899.05,902.3,266214
2018-10-03 13:15:00,1538552700,902.3,913.9,902.3,910.25,369521
2018-10-03 14:15:00,1538556300,909.8,910.8,895.35,899.7,330434
2018-10-03 15:15:00,1538559900,899.7,899.7,895,896,86022
2018-10-04 09:15:00,1538624700,890,894.9,878.5,881.5,450215
2018-10-04 10:15:00,1538628300,881.5,884.8,876.6,880,248409
2018-10-04 11:15:00,1538631900,880,881.6,863.9,865,484345
2018-10-04 12:15:00,1538635500,865,869.35,855.05,855.95,370421
2018-10-04 13:15:00,1538639100,855.95,856.2,842.1,850.2,602659
2018-10-04 14:15:00,1538642700,850.2,859.35,847.75,856.4,389161
2018-10-04 15:15:00,1538646300,856.65,857.05,848,853,211673
2018-10-05 09:15:00,1538711100,851,866.55,843.1,857.95,600073
2018-10-05 10:15:00,1538714700,857.95,859.2,844.2,850.2,386758
2018-10-05 11:15:00,1538718300,850.2,854.25,845,846,187712
2018-10-05 12:15:00,1538721900,846,847.5,837.3,840,301323
2018-10-05 13:15:00,1538725500,840.9,855.4,837.45,850.7,368293
2018-10-05 14:15:00,1538729100,850.7,854.3,837,839.15,357878
2018-10-05 15:15:00,1538732700,839.15,840,830,834,149066
2018-10-08 09:15:00,1538970300,835,840.5,818.05,831.55,524733
2018-10-08 10:15:00,1538973900,832,847,826,846.65,316192
2018-10-08 11:15:00,1538977500,846.65,848.2,840,843.4,193715
2018-10-08 12:15:00,1538981100,843.4,844.95,836.95,839,170558
2018-10-08 13:15:00,1538984700,839,851.55,835.15,839.6,360825
2018-10-08 14:15:00,1538988300,839.55,850.7,834.1,850.25,361358
2018-10-08 15:15:00,1538991900,850,855,847,848.15,121039
2018-10-09 09:15:00,1539056700,859,862,851.1,859.15,551141
2018-10-09 10:15:00,1539060300,859.15,860,848.5,850.5,310035
2018-10-09 11:15:00,1539063900,850.35,855,846,849.75,254969
2018-10-09 12:15:00,1539067500,849.5,858.5,849.05,856.6,275080
2018-10-09 13:15:00,1539071100,856.6,878.9,856.2,876.2,581050
2018-10-09 14:15:00,1539074700,876.2,882.5,867,868.4,574049
2018-10-09 15:15:00,1539078300,868.4,870.65,864.05,867,129359
2018-10-10 09:15:00,1539143100,874.95,882,872.15,876.1,409957
2018-10-10 10:15:00,1539146700,876.1,885,873,874,307580
2018-10-10 11:15:00,1539150300,874,877.3,869.25,874.1,255380
2018-10-10 12:15:00,1539153900,874.1,877,855.75,858,389158
2018-10-10 13:15:00,1539157500,858,864.8,857,862.85,219063
2018-10-10 14:15:00,1539161100,862.85,868.45,855.3,857.2,408693
2018-10-10 15:15:00,1539164700,857.2,862,855,861,160914
2018-10-11 09:15:00,1539229500,840,852.45,831.6,845.85,358365
2018-10-11 10:15:00,1539233100,845.85,854.45,844.15,849.1,220935
2018-10-11 11:15:00,1539236700,849.1,854.8,847.65,848.55,194091
2018-10-11 12:15:00,1539240300,848.95,855.95,842.05,854.15,271792
2018-10-11 13:15:00,1539243900,854.15,862.4,847.15,848.3,259568
2018-10-11 14:15:00,1539247500,848.3,851.35,833.85,835.95,329810
2018-10-11 15:15:00,1539251100,835.9,837.95,832.5,833,99131
2018-10-12 09:15:00,1539315900,841,851.65,840,844.9,402015
2018-10-12 10:15:00,1539319500,844.9,847.4,836.05,845.75,392589
2018-10-12 11:15:00,1539323100,845.55,850,845.25,847,174442
2018-10-12 12:15:00,1539326700,847,850,843.7,848,115507
2018-10-12 13:15:00,1539330300,848,848.85,845.05,847.1,75353
2018-10-12 14:15:00,1539333900,847.1,853,845.1,846.2,278001
2018-10-12 15:15:00,1539337500,847,847.65,844.6,846,116348
2018-10-15 09:15:00,1539575100,849,875,849,864,590406
2018-10-15 10:15:00,1539578700,864,879.9,863.1,873.95,579512
2018-10-15 11:15:00,1539582300,874,878,869.85,872.6,260516
2018-10-15 12:15:00,1539585900,872.6,877.5,869.85,875.65,254482
2018-10-15 13:15:00,1539589500,875.65,877.55,874,875,366190
2018-10-15 14:15:00,1539593100,875,888.7,872.75,887.65,656336
2018-10-15 15:15:00,1539596700,887.65,892.45,886.35,888.75,287683
2018-10-16 09:15:00,1539661500,889,911.05,889,900.05,1080747
2018-10-16 10:15:00,1539665100,900.4,903,893.5,895.4,425135
2018-10-16 11:15:00,1539668700,895.4,898.5,894,897.5,154085
2018-10-16 12:15:00,1539672300,897.5,902.85,895.25,896.45,229325
2018-10-16 13:15:00,1539675900,896.45,900.95,896,899.25,157432
2018-10-16 14:15:00,1539679500,898.8,900,893.8,897.25,349773
2018-10-16 15:15:00,1539683100,897.25,898,892.1,893.5,176935
2018-10-17 09:15:00,1539747900,900,905.6,885,891.65,405544
2018-10-17 10:15:00,1539751500,891.7,900.85,891.5,893.9,265016
2018-10-17 11:15:00,1539755100,893.9,900,893,896,126653
2018-10-17 12:15:00,1539758700,896,909.35,894.5,902.75,280706
2018-10-17 13:15:00,1539762300,902.75,906,895.4,898,191113
2018-10-17 14:15:00,1539765900,898,898.5,892.45,898,226283
2018-10-17 15:15:00,1539769500,898,899.95,894,895,112997
2018-10-19 09:15:00,1539920700,888,905.8,885.05,895.35,368835
2018-10-19 10:15:00,1539924300,895.35,896,884.25,892,211246
2018-10-19 11:15:00,1539927900,892,900,891.55,897.65,203600
2018-10-19 12:15:00,1539931500,897.65,897.65,887.6,892,154687
2018-10-19 13:15:00,1539935100,892,892.45,887.15,890.3,131691
2018-10-19 14:15:00,1539938700,890.3,890.45,859.2,880,1339130
2018-10-19 15:15:00,1539942300,880,881,877.85,879,163696
2018-10-22 09:15:00,1540179900,885,893.45,883.05,887.5,327479
2018-10-22 10:15:00,1540183500,887.65,888.9,881.65,886.8,184692
2018-10-22 11:15:00,1540187100,886.8,892.65,884.15,888.1,300731
2018-10-22 12:15:00,1540190700,888.15,890,887,887.15,73018
2018-10-22 13:15:00,1540194300,887.1,887.7,876.2,883.2,260038
2018-10-22 14:15:00,1540197900,883.2,890.95,879.65,883.35,282844
2018-10-22 15:15:00,1540201500,883.65,884.6,881,883.35,97442
2018-10-23 09:15:00,1540266300,880.95,880.95,864.45,870.45,243146
2018-10-23 10:15:00,1540269900,870.4,876.7,868.1,869.85,166392
2018-10-23 11:15:00,1540273500,869.85,876,868.75,872.95,128728
2018-10-23 12:15:00,1540277100,873,873,862.1,865.65,190477
2018-10-23 13:15:00,1540280700,865.65,866.2,852.35,857,387309
2018-10-23 14:15:00,1540284300,857,858,848.35,850.35,381875
2018-10-23 15:15:00,1540287900,850.25,855,848.05,853,155870
2018-10-24 09:15:00,1540352700,855.1,863.95,843.6,846.25,367823
2018-10-24 10:15:00,1540356300,846.35,847.95,842,843.3,215166
2018-10-24 11:15:00,1540359900,843.3,859.95,842.9,856,228124
2018-10-24 12:15:00,1540363500,855.95,856,849.55,852.8,129829
2018-10-24 13:15:00,1540367100,852.8,856.9,846.85,848.65,140130
2018-10-24 14:15:00,1540370700,848.65,862.9,846,862.1,255878
2018-10-24 15:15:00,1540374300,862.15,865.95,861.1,864,110543
2018-10-25 09:15:00,1540439100,853.55,871.7,850,865.35,388034
2018-10-25 10:15:00,1540442700,865.35,865.9,850.2,854.95,314615
2018-10-25 11:15:00,1540446300,854.95,863.35,853.45,862.15,150212
2018-10-25 12:15:00,1540449900,862.15,869.9,862,867.4,259092
2018-10-25 13:15:00,1540453500,867.5,874.7,865.9,868.95,281998
2018-10-25 14:15:00,1540457100,869.05,871.45,847.05,850.45,566201
2018-10-25 15:15:00,1540460700,850.5,850.95,847.1,850,337768
2018-10-26 09:15:00,1540525500,850.1,860,838.6,850.95,414222
2018-10-26 10:15:00,1540529100,851.1,857.55,849.55,853.55,175081
2018-10-26 11:15:00,1540532700,853.9,856.2,849.55,856,124715
2018-10-26 12:15:00,1540536300,856,862.5,854.4,858,273223
2018-10-26 13:15:00,1540539900,858,861.9,854.25,856.75,137265
2018-10-26 14:15:00,1540543500,856.75,862,853.9,857.05,247334
2018-10-26 15:15:00,1540547100,857.2,857.85,849.5,851.9,145151
2018-10-29 09:15:00,1540784700,853,891,853,883,598054
2018-10-29 10:15:00,1540788300,882.25,892,874,888.95,594377
2018-10-29 11:15:00,1540791900,888.95,891.7,886,888.6,110617
2018-10-29 12:15:00,1540795500,888,894.85,886,886.7,181129
2018-10-29 13:15:00,1540799100,886.7,891.4,886,889.35,112258
2018-10-29 14:15:00,1540802700,889.4,890,884.05,887.05,217034
2018-10-29 15:15:00,1540806300,887.05,890.5,884.5,885,186954
2018-10-30 09:15:00,1540871100,889,889.35,877.6,885.2,334219
2018-10-30 10:15:00,1540874700,885.4,886,876.55,879,149355
2018-10-30 11:15:00,1540878300,879.4,880.9,875,875.35,112818
2018-10-30 12:15:00,1540881900,875.35,879.5,871.8,878.45,120936
2018-10-30 13:15:00,1540885500,878.45,881.95,876.2,876.65,116800
2018-10-30 14:15:00,1540889100,876.65,880.95,872.3,874.35,245631
2018-10-30 15:15:00,1540892700,874.6,880,874.05,879.6,102611
2018-10-31 09:15:00,1540957500,879.6,881,867.55,877.75,541018
2018-10-31 10:15:00,1540961100,877.75,888.2,874.15,886.1,437292
2018-10-31 11:15:00,1540964700,886.2,887.9,880.1,884.5,306191
2018-10-31 12:15:00,1540968300,884.45,884.85,878,879.75,149161
2018-10-31 13:15:00,1540971900,879.75,886.3,879,883.3,221110
2018-10-31 14:15:00,1540975500,883.3,914.9,870.75,884.7,2599760
2018-10-31 15:15:00,1540979100,884.5,886.75,877.3,880,662326
2018-11-01 09:15:00,1541043900,875,880.25,862.2,866.2,894327
2018-11-01 10:15:00,1541047500,866.2,874,863.45,864.65,285103
2018-11-01 11:15:00,1541051100,864.65,867.1,850.2,853.2,519807
2018-11-01 12:15:00,1541054700,853.2,856.45,848.1,853.7,257454
2018-11-01 13:15:00,1541058300,853.7,855.9,851.05,853.15,166612
2018-11-01 14:15:00,1541061900,853.15,855,850.75,852.3,243606
2018-11-01 15:15:00,1541065500,852.7,853.5,850.1,850.85,241896
2018-11-02 09:15:00,1541130300,858,864,853.3,855,388226
2018-11-02 10:15:00,1541133900,855,858,852.1,854.9,186581
2018-11-02 11:15:00,1541137500,854.9,859.95,852.75,856.35,147148
2018-11-02 12:15:00,1541141100,856.35,857.2,853.55,855.25,87071
2018-11-02 13:15:00,1541144700,855.25,855.95,846.75,848.85,158182
2018-11-02 14:15:00,1541148300,849,853,845.1,850.65,278735
2018-11-02 15:15:00,1541151900,850.65,850.65,847,847.5,114584
2018-11-05 09:15:00,1541389500,849.7,860.65,843,854.4,419696
2018-11-05 10:15:00,1541393100,854.4,854.4,846,847.4,181957
2018-11-05 11:15:00,1541396700,847.4,855,846.85,855,123502
2018-11-05 12:15:00,1541400300,854.9,855,847.8,851.45,90687
2018-11-05 13:15:00,1541403900,851.45,851.65,846.1,849.1,105644
2018-11-05 14:15:00,1541407500,849.1,855.5,846,853.9,216575
2018-11-05 15:15:00,1541411100,853.9,854.9,852.65,853.75,86675
2018-11-06 09:15:00,1541475900,839.95,854,839,850.1,459458
2018-11-06 10:15:00,1541479500,850.1,851.6,846.5,850.55,106395
2018-11-06 11:15:00,1541483100,850.35,851.35,848.3,850.35,58580
2018-11-06 12:15:00,1541486700,850.35,856.4,850.1,854.25,239159
2018-11-06 13:15:00,1541490300,854.45,855.2,847.55,849.45,208437
2018-11-06 14:15:00,1541493900,849.45,853.35,846.65,852.3,162574
2018-11-06 15:15:00,1541497500,852.1,852.35,848,849.65,134707
2018-11-07 17:15:00,1541591100,855,855,850.25,852.45,65943
2018-11-07 18:15:00,1541594700,852.05,852.6,851,852.4,30764
2018-11-09 09:15:00,1541735100,850,861,848.5,855,341409
2018-11-09 10:15:00,1541738700,855,859.9,853.4,856.65,259123
2018-11-09 11:15:00,1541742300,856.65,857.15,853.4,854.25,112579
2018-11-09 12:15:00,1541745900,854.25,855,850.9,853.25,82508
2018-11-09 13:15:00,1541749500,853.25,855.6,852.4,854.9,125628
2018-11-09 14:15:00,1541753100,854.9,855.95,854,855,397840
2018-11-09 15:15:00,1541756700,855,855.45,853.1,854,123681
2018-11-12 09:15:00,1541994300,858,876.8,853.1,868.25,1109590
2018-11-12 10:15:00,1541997900,868.1,871.5,865.65,871.2,154692
2018-11-12 11:15:00,1542001500,871.2,872,866.5,867,101868
2018-11-12 12:15:00,1542005100,867.4,870.2,864.25,866.15,101024
2018-11-12 13:15:00,1542008700,866.15,867.4,859.5,863.35,192700
2018-11-12 14:15:00,1542012300,863.1,866.7,858.6,860,189955
2018-11-12 15:15:00,1542015900,860.3,860.6,857,859.25,100822
2018-11-13 09:15:00,1542080700,859.75,865.6,853.25,855.55,268034
2018-11-13 10:15:00,1542084300,855.55,857.05,847,850.8,240688
2018-11-13 11:15:00,1542087900,850.8,853,849,851.3,97775
2018-11-13 12:15:00,1542091500,851.3,852.9,849,852,104362
2018-11-13 13:15:00,1542095100,852,855,850.4,852.15,96986
2018-11-13 14:15:00,1542098700,852.15,856.55,851.35,853.35,117353
2018-11-13 15:15:00,1542102300,853.35,855,853,853.5,76017
2018-11-14 09:15:00,1542167100,858,860.3,840.4,843.9,395306
2018-11-14 10:15:00,1542170700,843.9,848.8,842.5,843.2,147112
2018-11-14 11:15:00,1542174300,843.1,844.8,841.2,842.55,115697
2018-11-14 12:15:00,1542177900,842.55,842.8,831.1,835.3,390607
2018-11-14 13:15:00,1542181500,835.15,838.55,833.1,834.3,143112
2018-11-14 14:15:00,1542185100,834.3,842,833.1,841.5,181324
2018-11-14 15:15:00,1542188700,840.95,841.5,839.45,840.2,92025
2018-11-15 09:15:00,1542253500,841,852.3,840.2,846.5,256829
2018-11-15 10:15:00,1542257100,846.5,851.55,842.55,851.05,116937
2018-11-15 11:15:00,1542260700,851.85,853.5,846.65,850.15,91460
2018-11-15 12:15:00,1542264300,850.05,850.95,847.2,850,42302
2018-11-15 13:15:00,1542267900,850,854.9,849.05,853.55,140229
2018-11-15 14:15:00,1542271500,853.55,854.4,849.25,853.25,109579
2018-11-15 15:15:00,1542275100,853.25,855,852,852.5,71514
2018-11-16 09:15:00,1542339900,857.9,869.9,855.45,866,423545
2018-11-16 10:15:00,1542343500,866,868.5,856.05,861.7,225138
2018-11-16 11:15:00,1542347100,861.7,863.65,858.2,859.85,84622
2018-11-16 12:15:00,1542350700,859.85,865.6,858.5,861.65,97250
2018-11-16 13:15:00,1542354300,861.65,864,858.3,861.55,58999
2018-11-16 14:15:00,1542357900,861.6,867.6,861.15,864.15,181129
2018-11-16 15:15:00,1542361500,864.15,865,861.05,862,83794
2018-11-19 09:15:00,1542599100,868,875,863.5,868.7,316705
2018-11-19 10:15:00,1542602700,868.7,870.45,862.25,864,122309
2018-11-19 11:15:00,1542606300,863.7,865.8,858,858.65,165789
2018-11-19 12:15:00,1542609900,858.65,860,855.4,857.55,92791
2018-11-19 13:15:00,1542613500,857.55,858,851.7,855,201437
2018-11-19 14:15:00,1542617100,855,856.7,853,856.6,203074
2018-11-19 15:15:00,1542620700,856.35,856.8,853.2,856.1,184584
2018-11-20 09:15:00,1542685500,854.55,858.6,849.95,854.9,154184
2018-11-20 10:15:00,1542689100,854.9,856.65,854.15,855,111470
2018-11-20 11:15:00,1542692700,855,861.45,851.4,852.6,115152
2018-11-20 12:15:00,1542696300,852.5,853.45,848.65,850.5,147487
2018-11-20 13:15:00,1542699900,850.5,851.9,843,846.05,121002
2018-11-20 14:15:00,1542703500,846.05,849.35,845,848.55,159929
2018-11-20 15:15:00,1542707100,848.65,850,848,848.6,65455
2018-11-21 09:15:00,1542771900,852.5,857.55,848.25,849.9,289069
2018-11-21 10:15:00,1542775500,849.9,850.2,845.5,848.5,176745
2018-11-21 11:15:00,1542779100,848.5,850.5,848,849.95,152786
2018-11-21 12:15:00,1542782700,849.95,851.6,849.05,849.9,173401
2018-11-21 13:15:00,1542786300,849.9,853.4,848.25,853.35,138061
2018-11-21 14:15:00,1542789900,852.75,854.5,848.5,849.95,217941
2018-11-21 15:15:00,1542793500,849.85,852.5,848.1,851.05,78733
2018-11-22 09:15:00,1542858300,852,855.6,846.5,846.9,154520
2018-11-22 10:15:00,1542861900,846.9,849.5,844.5,848,129901
2018-11-22 11:15:00,1542865500,848,853,847.5,851.5,166130
2018-11-22 12:15:00,1542869100,851.7,854.9,850.05,851.35,76253
2018-11-22 13:15:00,1542872700,851.35,854.3,848,854.3,164452
2018-11-22 14:15:00,1542876300,854.3,855.9,848,850.7,210218
2018-11-22 15:15:00,1542879900,850.7,851.55,849,850.25,59974
2018-11-26 09:15:00,1543203900,851,854.8,846,849.05,229349
2018-11-26 10:15:00,1543207500,849.05,850.7,844.8,848.7,282255
2018-11-26 11:15:00,1543211100,848.7,850.5,846.05,849.8,316633
2018-11-26 12:15:00,1543214700,849.8,850.3,836.6,838.6,224107
2018-11-26 13:15:00,1543218300,838.6,841.45,833.65,840.45,171367
2018-11-26 14:15:00,1543221900,840.5,845.6,839.8,845,176786
2018-11-26 15:15:00,1543225500,845,847,844.3,845,120590
2018-11-27 09:15:00,1543290300,849,853.95,842,845.05,501666
2018-11-27 10:15:00,1543293900,845.05,851.95,842.85,851.3,268508
2018-11-27 11:15:00,1543297500,851.45,855.85,848.9,854,306831
2018-11-27 12:15:00,1543301100,854,857.7,850.85,854.5,295715
2018-11-27 13:15:00,1543304700,854.25,855.2,850.65,852.6,148074
2018-11-27 14:15:00,1543308300,852.6,854.2,849.95,852.4,268301
2018-11-27 15:15:00,1543311900,852.5,852.9,846.7,849.75,167040
2018-11-28 09:15:00,1543376700,832,859.65,830,855.3,1685325
2018-11-28 10:15:00,1543380300,855.25,856,852,854.95,304912
2018-11-28 11:15:00,1543383900,854.95,855.8,851.45,854.05,271447
2018-11-28 12:15:00,1543387500,854.05,863.6,853.1,862.4,548965
2018-11-28 13:15:00,1543391100,863,870,860.5,865.65,811105
2018-11-28 14:15:00,1543394700,865.65,868,862.6,867.5,523009
2018-11-28 15:15:00,1543398300,867.55,869,864.1,866.8,313712
2018-11-29 09:15:00,1543463100,867,884.9,861.6,882.6,786971
2018-11-29 10:15:00,1543466700,882.55,894,882.35,884.8,772396
2018-11-29 11:15:00,1543470300,884.8,885,878.2,881.55,371547
2018-11-29 12:15:00,1543473900,881.85,883.5,880,881.75,586444
2018-11-29 13:15:00,1543477500,881.75,882,877.15,877.75,835220
2018-11-29 14:15:00,1543481100,877.75,879.05,867.95,869.55,1091538
2018-11-29 15:15:00,1543484700,869.6,869.6,861.3,864.3,354753
2018-11-30 09:15:00,1543549500,870,884.7,866,880.25,546505
2018-11-30 10:15:00,1543553100,880.25,881.5,877.15,879.7,173589
2018-11-30 11:15:00,1543556700,879.65,883.5,877.7,883.45,144971
2018-11-30 12:15:00,1543560300,883.4,883.9,876.5,879,188433
2018-11-30 13:15:00,1543563900,879.05,880,873.3,877.75,235089
2018-11-30 14:15:00,1543567500,877.75,891.6,876.2,888.4,869138
2018-11-30 15:15:00,1543571100,888.85,888.85,880.35,881.3,260987
2018-12-03 09:15:00,1543808700,886.55,890.95,870.25,885.15,434144
2018-12-03 10:15:00,1543812300,885.6,895.55,884.9,890.3,538859
2018-12-03 11:15:00,1543815900,890.35,892,886.3,890,224573
2018-12-03 12:15:00,1543819500,889.9,897,888.1,892.65,402454
2018-12-03 13:15:00,1543823100,892.15,898.9,889.05,897.65,248914
2018-12-03 14:15:00,1543826700,897.65,903,892.55,902,317249
2018-12-03 15:15:00,1543830300,902.05,905,898.3,904.3,211692
2018-12-04 09:15:00,1543895100,901,906,894.15,896.2,447322
2018-12-04 10:15:00,1543898700,896.2,900,892.95,896.45,158920
2018-12-04 11:15:00,1543902300,896.45,896.55,885.6,889.4,205125
2018-12-04 12:15:00,1543905900,889.4,889.5,883,883.65,99547
2018-12-04 13:15:00,1543909500,883.65,884,880.05,880.9,172739
2018-12-04 14:15:00,1543913100,880.9,889,878.3,887.75,256055
2018-12-04 15:15:00,1543916700,887.95,889.9,886.8,888,109961
2018-12-05 09:15:00,1543981500,888,889.8,870,873,601679
2018-12-05 10:15:00,1543985100,873,875,866.25,868.8,291149
2018-12-05 11:15:00,1543988700,868.8,870,852.8,857,474304
2018-12-05 12:15:00,1543992300,857.05,873,848,870,1075492
2018-12-05 13:15:00,1543995900,870,870.4,863.6,864,249138
2018-12-05 14:15:00,1543999500,864,865.65,855.5,859,400712
2018-12-05 15:15:00,1544003100,859,862,857.2,858.7,162917
2018-12-06 09:15:00,1544067900,852,869,852,858.9,574130
2018-12-06 10:15:00,1544071500,858.95,863.15,854.2,854.6,195450
2018-12-06 11:15:00,1544075100,854.6,857.45,848.5,849.75,243619
2018-12-06 12:15:00,1544078700,849.95,856.8,849.1,852.4,149087
2018-12-06 13:15:00,1544082300,852.4,853.8,849.5,851,140262
2018-12-06 14:15:00,1544085900,851.4,851.5,845.8,846.45,310839
2018-12-06 15:15:00,1544089500,846.4,849.65,845.4,847.05,106529
2018-12-07 09:15:00,1544154300,853,859,847,848.7,339377
2018-12-07 10:15:00,1544157900,848.75,848.75,840.1,840.1,457997
2018-12-07 11:15:00,1544161500,840.1,841.3,835.05,836.9,194073
2018-12-07 12:15:00,1544165100,836.9,841.1,836,836.35,246631
2018-12-07 13:15:00,1544168700,836.3,838.85,832.2,837.95,183691
2018-12-07 14:15:00,1544172300,838,840.8,834.15,839.5,541610
2018-12-07 15:15:00,1544175900,840.15,845.4,835.95,838.75,371617
2018-12-10 09:15:00,1544413500,834,840,810.1,817.25,631935
2018-12-10 10:15:00,1544417100,817.3,830.35,816.1,829.2,301193
2018-12-10 11:15:00,1544420700,829,829.8,824.75,827.85,156494
2018-12-10 12:15:00,1544424300,827.9,828.2,825,826.25,68881
2018-12-10 13:15:00,1544427900,826.25,840,820.45,823,1012121
2018-12-10 14:15:00,1544431500,822.6,824,811.8,814.45,432246
2018-12-10 15:15:00,1544435100,814.15,814.9,808.9,809.65,135178
2018-12-11 09:15:00,1544499900,803,817.75,802.3,813.4,539483
2018-12-11 10:15:00,1544503500,813.4,827.5,813.4,826.1,303323
2018-12-11 11:15:00,1544507100,826.15,835,825,827,341428
2018-12-11 12:15:00,1544510700,827,834,825.1,832.45,130638
2018-12-11 13:15:00,1544514300,832.45,839.7,831.5,834.95,238743
2018-12-11 14:15:00,1544517900,835,842,832,833.7,321594
2018-12-11 15:15:00,1544521500,833.7,837.95,833.25,836,128497
2018-12-12 09:15:00,1544586300,837,847.7,819.55,824.3,743438
2018-12-12 10:15:00,1544589900,824.9,826,817.6,819.4,375010
2018-12-12 11:15:00,1544593500,819.15,825.2,819.1,820.25,196658
2018-12-12 12:15:00,1544597100,820.25,821.65,813,817.25,423646
2018-12-12 13:15:00,1544600700,817.25,823,816.8,820.8,192729
2018-12-12 14:15:00,1544604300,820.8,822.4,820.35,821.45,213686
2018-12-12 15:15:00,1544607900,821.45,824.5,820.5,824.05,196160
2018-12-13 09:15:00,1544672700,815,836.6,806.2,832.65,2177810
2018-12-13 10:15:00,1544676300,833,839.9,830.25,834.15,654641
2018-12-13 11:15:00,1544679900,834.15,837.8,830.1,836.75,265686
2018-12-13 12:15:00,1544683500,836.8,843.85,835.1,840,479155
2018-12-13 13:15:00,1544687100,840,842.55,835.15,835.7,255217
2018-12-13 14:15:00,1544690700,836,846.85,832.2,846.5,606452
2018-12-13 15:15:00,1544694300,846.4,855,846.4,852.5,408038
2018-12-14 09:15:00,1544759100,850.9,857,838.1,839.8,1059280
2018-12-14 10:15:00,1544762700,839.6,843.9,836.5,838.85,315880
2018-12-14 11:15:00,1544766300,838.95,844.35,838.3,841.95,171620
2018-12-14 12:15:00,1544769900,841.95,842,837.2,838.65,188082
2018-12-14 13:15:00,1544773500,838.65,838.8,830.5,833.85,396746
2018-12-14 14:15:00,1544777100,833.8,844,831.4,843.5,306445
2018-12-14 15:15:00,1544780700,843.5,847.6,842.1,843.85,263282
2018-12-17 09:15:00,1545018300,848,855.5,844.1,853.85,272791
2018-12-17 10:15:00,1545021900,854,855.5,848.45,852.45,166340
2018-12-17 11:15:00,1545025500,852.45,853,847.05,848.65,84510
2018-12-17 12:15:00,1545029100,849,850,846.1,847.6,66888
2018-12-17 13:15:00,1545032700,847.5,850,840.5,847.9,198471
2018-12-17 14:15:00,1545036300,847.8,851.7,846,848.4,319876
2018-12-17 15:15:00,1545039900,848.05,848.9,843.9,846.25,103457
2018-12-18 09:15:00,1545104700,846.35,848.5,838.85,844.6,242163
2018-12-18 10:15:00,1545108300,844.5,845.85,841.3,843.35,82524
2018-12-18 11:15:00,1545111900,843.35,844.55,841,842,53529
2018-12-18 12:15:00,1545115500,842,843.45,840.35,842.5,78449
2018-12-18 13:15:00,1545119100,842.5,844.2,836.8,839.5,109945
2018-12-18 14:15:00,1545122700,839.4,845.5,838,845.5,228567
2018-12-18 15:15:00,1545126300,845.45,848,844.25,845.7,96675
2018-12-19 09:15:00,1545191100,848,850.65,843.4,845.3,181424
2018-12-19 10:15:00,1545194700,845.3,848.5,842,842.15,141963
2018-12-19 11:15:00,1545198300,842.3,844.6,841,842,123268
2018-12-19 12:15:00,1545201900,842,842,839.25,842,100081
2018-12-19 13:15:00,1545205500,842,842.25,838.1,840.8,94315
2018-12-19 14:15:00,1545209100,840.8,841.85,838.1,840.95,212470
2018-12-19 15:15:00,1545212700,840.45,846,840.2,845,183604
2018-12-20 09:15:00,1545277500,840,859.7,839.5,856.5,684927
2018-12-20 10:15:00,1545281100,856.15,856.5,847,849.3,237433
2018-12-20 11:15:00,1545284700,849.3,852.1,848.05,849.9,108260
2018-12-20 12:15:00,1545288300,849.9,850.15,848.15,848.9,69233
2018-12-20 13:15:00,1545291900,848.9,853.8,847,851.95,109043
2018-12-20 14:15:00,1545295500,851.95,856.9,851.1,855.05,218954
2018-12-20 15:15:00,1545299100,855.5,856,853.45,853.8,92486
2018-12-21 09:15:00,1545363900,855.15,868.7,853.05,861.3,531211
2018-12-21 10:15:00,1545367500,861.3,861.3,855,858.35,261983
2018-12-21 11:15:00,1545371100,858.35,863.7,854,856.45,266539
2018-12-21 12:15:00,1545374700,856.45,863.05,856.2,860.85,131442
2018-12-21 13:15:00,1545378300,860.85,862.25,854.8,855.25,181118
2018-12-21 14:15:00,1545381900,855.35,860.45,855,857.5,267552
2018-12-21 15:15:00,1545385500,857.5,861.5,857,860.15,159167
2018-12-24 09:15:00,1545623100,874,876.85,849.1,852.75,1548403
2018-12-24 10:15:00,1545626700,852.7,856.2,838.6,842.1,637180
2018-12-24 11:15:00,1545630300,842.3,844.1,832.2,835.65,443860
2018-12-24 12:15:00,1545633900,835.65,841,835,836.45,242115
2018-12-24 13:15:00,1545637500,836.05,842.55,835,839.4,181278
2018-12-24 14:15:00,1545641100,839.4,840.45,835,838.05,268532
2018-12-24 15:15:00,1545644700,838,839.95,835.55,835.55,219958
2018-12-26 09:15:00,1545795900,828,833.9,817.05,820.85,480920
2018-12-26 10:15:00,1545799500,820.85,831.5,819.25,829.5,242372
2018-12-26 11:15:00,1545803100,829.5,833.8,827.2,831.3,143100
2018-12-26 12:15:00,1545806700,831.3,833.6,828,830.5,108171
2018-12-26 13:15:00,1545810300,830.5,840.4,829.5,835.65,257486
2018-12-26 14:15:00,1545813900,835.65,838,832.1,834.5,125093
2018-12-26 15:15:00,1545817500,834.7,835.45,831.55,832.6,82711
2018-12-27 09:15:00,1545882300,837,841.9,832,833.25,240000
2018-12-27 10:15:00,1545885900,833.3,839.8,833,836.7,125991
2018-12-27 11:15:00,1545889500,836.7,836.85,833.1,834.3,119858
2018-12-27 12:15:00,1545893100,834.3,835,830.1,833.5,121339
2018-12-27 13:15:00,1545896700,833.15,837,833.05,836.5,149922
2018-12-27 14:15:00,1545900300,836.5,841,831.8,840.4,361041
2018-12-27 15:15:00,1545903900,840.35,841.7,838.15,839.05,98971
2018-12-28 09:15:00,1545968700,841,849.95,840,848.5,354865
2018-12-28 10:15:00,1545972300,848.5,852,847.05,850.15,189828
2018-12-28 11:15:00,1545975900,850.3,850.5,845.65,847.9,113685
2018-12-28 12:15:00,1545979500,847.9,848.1,843.35,845,114318
2018-12-28 13:15:00,1545983100,844.9,845,840.1,841.95,107289
2018-12-28 14:15:00,1545986700,842,844.9,841,842,119046
2018-12-28 15:15:00,1545990300,842.3,842.45,836.8,837.65,133967
2018-12-31 09:15:00,1546227900,846,846,836.65,840.4,266090
2018-12-31 10:15:00,1546231500,840.4,850.8,839.9,848.1,278116
2018-12-31 11:15:00,1546235100,848.1,848.5,844.9,846.7,98729
2018-12-31 12:15:00,1546238700,846.7,846.7,842.4,845.4,144709
2018-12-31 13:15:00,1546242300,845.4,849.4,845.25,847.7,91471
2018-12-31 14:15:00,1546245900,847.7,848.5,843.4,844.7,164249
2018-12-31 15:15:00,1546249500,844.5,846.65,843.15,844.7,104994
2019-01-01 09:15:00,1546314300,848.7,852.7,846,847.35,336430
2019-01-01 10:15:00,1546317900,847.35,849.8,846.4,848.4,80395
2019-01-01 11:15:00,1546321500,848.4,848.4,840.25,842.45,221963
2019-01-01 12:15:00,1546325100,842.45,843.5,841.35,841.8,77982
2019-01-01 13:15:00,1546328700,841.8,842.8,839,841.75,115817
2019-01-01 14:15:00,1546332300,841.25,843,840.3,841,162309
2019-01-01 15:15:00,1546335900,840.9,842.55,839.75,842,127642
2019-01-02 09:15:00,1546400700,842,847,838.4,844.5,239442
2019-01-02 10:15:00,1546404300,844.5,846,840.4,840.5,62167
2019-01-02 11:15:00,1546407900,840.5,841.85,832,835.1,235261
2019-01-02 12:15:00,1546411500,835.4,836.5,832,833.5,101585
2019-01-02 13:15:00,1546415100,833.65,834.55,826.05,829.4,186726
2019-01-02 14:15:00,1546418700,829.25,833.8,828.6,833.1,193728
2019-01-02 15:15:00,1546422300,833.1,834.75,830.95,832,96224
2019-01-03 09:15:00,1546487100,836,840.75,831,838.15,238493
2019-01-03 10:15:00,1546490700,838.15,838.85,831.5,832.45,107792
2019-01-03 11:15:00,1546494300,832.45,832.9,826.95,827.55,210090
2019-01-03 12:15:00,1546497900,827.55,827.8,824,825.25,107943
2019-01-03 13:15:00,1546501500,825.25,826.1,822.05,823.3,91539
2019-01-03 14:15:00,1546505100,823.3,824.55,819.8,819.8,123036
2019-01-03 15:15:00,1546508700,819.65,823,818.3,821.1,107744
2019-01-04 09:15:00,1546573500,824,828.95,820.3,824.7,241968
2019-01-04 10:15:00,1546577100,824.9,827.5,820.5,825,139797
2019-01-04 11:15:00,1546580700,825,830.5,825,829.95,273555
2019-01-04 12:15:00,1546584300,829.95,832,827.5,828.85,158837
2019-01-04 13:15:00,1546587900,828.85,830.4,823.6,824,105079
2019-01-04 14:15:00,1546591500,824,831,823,830.5,201891
2019-01-04 15:15:00,1546595100,830,830.45,826.9,828.5,157933
2019-01-07 09:15:00,1546832700,834.05,835,826.4,827.1,226728
2019-01-07 10:15:00,1546836300,827.1,829.9,827.05,827.6,68990
2019-01-07 11:15:00,1546839900,827.6,827.95,823.15,825,123765
2019-01-07 12:15:00,1546843500,825,829,821.85,824.3,151178
2019-01-07 13:15:00,1546847100,824.3,825,821.9,824.3,90908
2019-01-07 14:15:00,1546850700,824.3,825,820.15,821.25,162404
2019-01-07 15:15:00,1546854300,821.25,821.25,818.5,820.4,123635
2019-01-08 09:15:00,1546919100,823.8,829.5,821.15,826.75,296667
2019-01-08 10:15:00,1546922700,826.75,827.9,824.05,826.9,138465
2019-01-08 11:15:00,1546926300,826.95,829.9,824.7,829,149640
2019-01-08 12:15:00,1546929900,828.95,830.7,827.5,827.95,99729
2019-01-08 13:15:00,1546933500,827.85,833,826.3,831.85,160043
2019-01-08 14:15:00,1546937100,831.85,843,830.55,842.9,409342
2019-01-08 15:15:00,1546940700,842.9,843.75,839.35,840.3,150182
2019-01-09 09:15:00,1547005500,844,844.9,836.3,836.8,201178
2019-01-09 10:15:00,1547009100,836.8,836.95,831.55,834.95,135378
2019-01-09 11:15:00,1547012700,834.95,836.2,831.6,832.85,72607
2019-01-09 12:15:00,1547016300,832.85,836.7,830.05,836.15,120619
2019-01-09 13:15:00,1547019900,836.15,838,831,835,155620
2019-01-09 14:15:00,1547023500,834.95,840,833.5,840,159519
2019-01-09 15:15:00,1547027100,840,840,835.05,836.6,82638
2019-01-10 09:15:00,1547091900,836.6,842.9,834.95,840.15,145347
2019-01-10 10:15:00,1547095500,840.15,841,837.75,838.5,60034
2019-01-10 11:15:00,1547099100,838,838.45,834.5,835.55,72928
2019-01-10 12:15:00,1547102700,835.55,838.35,835.1,838,78934
2019-01-10 13:15:00,1547106300,838.2,838.45,835.5,837.3,41346
2019-01-10 14:15:00,1547109900,837.3,839.4,833.5,837.95,161700
2019-01-10 15:15:00,1547113500,837.95,838.5,835.3,835.3,176522
2019-01-11 09:15:00,1547178300,838.5,839.95,833.15,837.35,205569
2019-01-11 10:15:00,1547181900,837.35,838.7,831.5,833.3,70140
2019-01-11 11:15:00,1547185500,833.3,833.75,828.1,831,107228
2019-01-11 12:15:00,1547189100,831,833.9,830,832.95,49698
2019-01-11 13:15:00,1547192700,832.95,832.95,830.2,832.2,51552
2019-01-11 14:15:00,1547196300,832.5,842,832.5,839.9,250321
2019-01-11 15:15:00,1547199900,839.85,840.25,836.05,837,89717
2019-01-14 09:15:00,1547437500,837.8,840.95,832.1,835,253872
2019-01-14 10:15:00,1547441100,835,839.95,834.25,837.25,142996
2019-01-14 11:15:00,1547444700,837.25,837.4,833.15,834.7,60536
2019-01-14 12:15:00,1547448300,834.7,835,830.7,832.9,56013
2019-01-14 13:15:00,1547451900,832.9,833.9,828.5,833.2,145374
2019-01-14 14:15:00,1547455500,833.25,836.45,832.55,834.9,142001
2019-01-14 15:15:00,1547459100,834.95,835.95,833.6,833.6,121151
2019-01-15 09:15:00,1547523900,836.5,840.45,833.05,837,102394
2019-01-15 10:15:00,1547527500,837,843.9,836.5,840.45,170396
2019-01-15 11:15:00,1547531100,840.5,843.5,838.7,843.2,104641
2019-01-15 12:15:00,1547534700,843.25,849.2,842.5,849,182377
2019-01-15 13:15:00,1547538300,848.5,851,847.35,850,180253
2019-01-15 14:15:00,1547541900,850,853,847.55,850.5,245874
2019-01-15 15:15:00,1547545500,850.55,851.2,849,850.5,85555
2019-01-16 09:15:00,1547610300,850.4,861,845.1,858.65,507692
2019-01-16 10:15:00,1547613900,858.65,860.95,855.05,857.8,189114
2019-01-16 11:15:00,1547617500,857.65,860,855.7,859.9,135951
2019-01-16 12:15:00,1547621100,859.9,862.9,857.45,857.9,186448
2019-01-16 13:15:00,1547624700,857.9,862.2,856,861.7,226359
2019-01-16 14:15:00,1547628300,861.7,865.5,860.1,862.5,312625
2019-01-16 15:15:00,1547631900,862.5,864,860,860.6,122829
2019-01-17 09:15:00,1547696700,863.65,869.2,863.65,865.3,467562
2019-01-17 10:15:00,1547700300,865.3,867.75,862.75,866.4,184250
2019-01-17 11:15:00,1547703900,866.1,867,863.75,865.2,98672
2019-01-17 12:15:00,1547707500,865.2,869.75,864.7,866.2,303523
2019-01-17 13:15:00,1547711100,866.2,867.05,860.1,866.5,266195
2019-01-17 14:15:00,1547714700,866.5,875,865.25,868.9,534852
2019-01-17 15:15:00,1547718300,869,869.25,864.55,865.05,139652
2019-01-18 09:15:00,1547783100,861.1,865,851.85,856.3,578401
2019-01-18 10:15:00,1547786700,856.3,867.35,855.75,865.1,289970
2019-01-18 11:15:00,1547790300,865.1,866.85,862.05,864.4,165125
2019-01-18 12:15:00,1547793900,864.4,866.7,859.65,862.4,206277
2019-01-18 13:15:00,1547797500,862.4,863.6,858,861.75,152692
2019-01-18 14:15:00,1547801100,861.95,864,858.5,863.25,243525
2019-01-18 15:15:00,1547804700,863.1,864.45,858,860,188430
2019-01-21 09:15:00,1548042300,857,873.9,857,868.1,294655
2019-01-21 10:15:00,1548045900,868.1,879.7,867.6,873.05,335533
2019-01-21 11:15:00,1548049500,873.05,877.9,872.05,872.05,133929
2019-01-21 12:15:00,1548053100,872.05,873,863.2,864.5,210646
2019-01-21 13:15:00,1548056700,864.25,868.5,862.35,867.2,195247
2019-01-21 14:15:00,1548060300,867.2,868.8,862.05,863,242713
2019-01-21 15:15:00,1548063900,863.25,871.45,861.45,870.9,297185
2019-01-22 09:15:00,1548128700,866,872.4,854.1,858.9,401600
2019-01-22 10:15:00,1548132300,858.9,860.5,852,854.15,163394
2019-01-22 11:15:00,1548135900,854.6,855,851,853.45,95003
2019-01-22 12:15:00,1548139500,853.45,857.85,853,856.95,148811
2019-01-22 13:15:00,1548143100,856.95,866.85,856.05,863.4,173155
2019-01-22 14:15:00,1548146700,863.4,866.5,857,865.3,189419
2019-01-22 15:15:00,1548150300,865.2,866.6,863.05,865,86588
2019-01-23 09:15:00,1548215100,866,869,861.15,863.65,172898
2019-01-23 10:15:00,1548218700,863.65,873.6,863.25,870.25,176568
2019-01-23 11:15:00,1548222300,870.25,872.7,867.55,871.8,54517
2019-01-23 12:15:00,1548225900,872.2,872.2,862.7,863.8,126327
2019-01-23 13:15:00,1548229500,863.8,865.1,863.1,864.5,91337
2019-01-23 14:15:00,1548233100,864.5,866,859.25,865,142742
2019-01-23 15:15:00,1548236700,865,865.85,862.2,865,72554
2019-01-24 09:15:00,1548301500,866,870.4,863.2,868.35,135647
2019-01-24 10:15:00,1548305100,868.35,868.7,864.4,864.95,57690
2019-01-24 11:15:00,1548308700,864.95,866.5,862,865.3,104338
2019-01-24 12:15:00,1548312300,865.3,867.2,858.2,862.45,143148
2019-01-24 13:15:00,1548315900,862.45,865.4,861.1,864.6,67292
2019-01-24 14:15:00,1548319500,864.6,869.6,861.55,869.25,123164
2019-01-24 15:15:00,1548323100,869.25,870.95,867.55,870.95,69615
2019-01-25 09:15:00,1548387900,870,874.3,860.35,861.1,252128
2019-01-25 10:15:00,1548391500,861.1,861.25,855.1,858.55,176506
2019-01-25 11:15:00,1548395100,858.55,861.75,857.5,859.7,108710
2019-01-25 12:15:00,1548398700,859.7,873,858.6,873,304518
2019-01-25 13:15:00,1548402300,873,879.4,865.1,866.85,257136
2019-01-25 14:15:00,1548405900,866.85,870.35,861.05,865.4,191076
2019-01-25 15:15:00,1548409500,865.35,867.8,862.85,865,54833
2019-01-28 09:15:00,1548647100,849.15,867.75,844.3,863.55,822864
2019-01-28 10:15:00,1548650700,863.55,869.7,861,863.8,264962
2019-01-28 11:15:00,1548654300,863.85,868.4,863,866.6,216336
2019-01-28 12:15:00,1548657900,866.6,870.65,865,865.6,166091
2019-01-28 13:15:00,1548661500,865.7,867.85,863.45,864.25,312611
2019-01-28 14:15:00,1548665100,864.2,867.65,862.5,864.6,336928
2019-01-28 15:15:00,1548668700,864.45,867.75,861,865,295882
2019-01-29 09:15:00,1548733500,863.7,870.5,855.5,869.35,331380
2019-01-29 10:15:00,1548737100,869.35,869.85,865.1,867.95,95644
2019-01-29 11:15:00,1548740700,867.95,875,865.5,873.1,581423
2019-01-29 12:15:00,1548744300,873.1,873.5,864.5,867.9,128082
2019-01-29 13:15:00,1548747900,867.9,867.95,855,856.1,147355
2019-01-29 14:15:00,1548751500,856.1,861.25,855,859.5,115754
2019-01-29 15:15:00,1548755100,859.05,863.5,858.75,862.4,69152
2019-01-30 09:15:00,1548819900,861,872.5,861,869.25,271252
2019-01-30 10:15:00,1548823500,869.25,869.5,866.05,866.6,84027
2019-01-30 11:15:00,1548827100,866.6,869.35,866.05,867.75,110793
2019-01-30 12:15:00,1548830700,867.75,868.75,866.3,868.05,65870
2019-01-30 13:15:00,1548834300,868.05,868.8,865.9,866.55,89057
2019-01-30 14:15:00,1548837900,866.55,868.7,863,868.2,211010
2019-01-30 15:15:00,1548841500,867.8,869.25,865.35,867.7,98782
2019-01-31 09:15:00,1548906300,868.15,875.8,866,873.95,242682
2019-01-31 10:15:00,1548909900,873.95,876.8,870.2,874.9,179577
2019-01-31 11:15:00,1548913500,874.9,881.05,873.5,880,204610
2019-01-31 12:15:00,1548917100,880.1,881,876,877.3,201998
2019-01-31 13:15:00,1548920700,877.3,885.8,877,882.5,265943
2019-01-31 14:15:00,1548924300,882.1,885.95,873.55,874.45,690030
2019-01-31 15:15:00,1548927900,874.45,876.5,873.05,875.2,561471
2019-02-01 09:15:00,1548992700,879.7,880,870.5,876.1,154012
2019-02-01 10:15:00,1548996300,876.1,885,875,884.4,214027
2019-02-01 11:15:00,1548999900,884.3,888,877.2,878.25,207730
2019-02-01 12:15:00,1549003500,878.25,884.9,875,883.6,116135
2019-02-01 13:15:00,1549007100,884.1,884.45,870.3,873.45,106882
2019-02-01 14:15:00,1549010700,873.45,884.8,870.65,883.5,156023
2019-02-01 15:15:00,1549014300,883.5,885,880.15,881,77350
2019-02-04 09:15:00,1549251900,882.95,885.55,874.1,883.35,183007
2019-02-04 10:15:00,1549255500,883.35,888.65,877.5,878.5,180418
2019-02-04 11:15:00,1549259100,878.55,879.45,864.45,865.35,261101
2019-02-04 12:15:00,1549262700,865.35,867.5,850.7,856.65,369768
2019-02-04 13:15:00,1549266300,856.65,857,849,853.8,105587
2019-02-04 14:15:00,1549269900,853.8,859.8,852.25,857.25,156049
2019-02-04 15:15:00,1549273500,857.25,857.5,848.85,849.5,95283
2019-02-05 09:15:00,1549338300,855.5,855.5,842.1,843,245245
2019-02-05 10:15:00,1549341900,843,844.95,837.05,842.2,198034
2019-02-05 11:15:00,1549345500,842.2,842.5,834.2,836.85,184362
2019-02-05 12:15:00,1549349100,836.95,840.4,830.35,837,209947
2019-02-05 13:15:00,1549352700,837.35,842.95,835.65,839.65,249714
2019-02-05 14:15:00,1549356300,839.3,844.3,837.25,838.8,174032
2019-02-05 15:15:00,1549359900,838.8,838.8,832.8,835.75,83435
2019-02-06 09:15:00,1549424700,838,842.5,828,830.5,331206
2019-02-06 10:15:00,1549428300,830.5,837.5,826.45,836.45,193216
2019-02-06 11:15:00,1549431900,835.8,842.7,833.75,836.35,265209
2019-02-06 12:15:00,1549435500,836.1,836.8,826.65,828.2,242869
2019-02-06 13:15:00,1549439100,828.2,830,823.5,826,232635
2019-02-06 14:15:00,1549442700,825.9,851.5,805,844.3,4738852
2019-02-06 15:15:00,1549446300,844.45,850,844.05,847.5,424373
2019-02-07 09:15:00,1549511100,832,844.55,810.4,822.5,1828825
2019-02-07 10:15:00,1549514700,822.5,825,817.3,820.65,400929
2019-02-07 11:15:00,1549518300,820.65,824.25,818.9,820.8,257265
2019-02-07 12:15:00,1549521900,820.8,823.5,815.35,821.1,325217
2019-02-07 13:15:00,1549525500,821.1,821.8,816,818.85,249761
2019-02-07 14:15:00,1549529100,818.9,823.3,818.65,821.15,330976
2019-02-07 15:15:00,1549532700,821.15,826.3,821,822.85,220404
2019-02-08 09:15:00,1549597500,822,822,805.1,810.65,520894
2019-02-08 10:15:00,1549601100,810.65,813.5,807.1,809.7,183290
2019-02-08 11:15:00,1549604700,809.7,812.85,809,812,114054
2019-02-08 12:15:00,1549608300,811.8,824.8,811.5,823.2,307214
2019-02-08 13:15:00,1549611900,823.2,833.5,821,830,417767
2019-02-08 14:15:00,1549615500,830,834.7,825.7,827,330615
2019-02-08 15:15:00,1549619100,827.05,836.3,826.35,834.75,176847
2019-02-11 09:15:00,1549856700,821.5,829.75,814.5,817,540051
2019-02-11 10:15:00,1549860300,817.1,818.7,808,810.4,306765
2019-02-11 11:15:00,1549863900,810.4,816.9,810,816.6,167843
2019-02-11 12:15:00,1549867500,816.6,822.4,815.55,821.6,200243
2019-02-11 13:15:00,1549871100,821.6,824.5,819.05,823.25,154320
2019-02-11 14:15:00,1549874700,823.25,823.8,816.35,822,198600
2019-02-11 15:15:00,1549878300,821.95,822.95,819.1,820,120934
2019-02-12 09:15:00,1549943100,822.55,824.75,810.35,812.35,464921
2019-02-12 10:15:00,1549946700,812.7,818.7,812.35,815.45,165780
2019-02-12 11:15:00,1549950300,815.45,817.35,814,814.9,78091
2019-02-12 12:15:00,1549953900,814.9,821.7,814.5,821.15,327597
2019-02-12 13:15:00,1549957500,820.75,821.15,816.3,817.75,112774
2019-02-12 14:15:00,1549961100,817.75,821,806.25,810.1,368786
2019-02-12 15:15:00,1549964700,809.95,813.5,809.65,812.8,192538
2019-02-13 09:15:00,1550029500,816,820,803,804.5,417508
2019-02-13 10:15:00,1550033100,804.5,804.65,796.85,798.75,464512
2019-02-13 11:15:00,1550036700,798.75,799,783,784,677470
2019-02-13 12:15:00,1550040300,784.45,789.95,782.55,787.8,350902
2019-02-13 13:15:00,1550043900,787.8,789.95,785.25,789.45,221496
2019-02-13 14:15:00,1550047500,789.45,796,788.2,789.65,558383
2019-02-13 15:15:00,1550051100,789.65,794.2,788,790.85,214869
2019-02-14 09:15:00,1550115900,793.05,801.9,790.5,794.6,425031
2019-02-14 10:15:00,1550119500,794.6,804.85,793.6,801.15,283803
2019-02-14 11:15:00,1550123100,801.15,803.95,800.1,802.1,114140
2019-02-14 12:15:00,1550126700,802.1,807.4,801.25,805.3,279160
2019-02-14 13:15:00,1550130300,805.3,809.65,804.4,808.45,238186
2019-02-14 14:15:00,1550133900,808.45,811.95,806.55,808.85,331214
2019-02-14 15:15:00,1550137500,809,812,808.1,808.65,176997
2019-02-15 09:15:00,1550202300,809,809.95,777,780.3,501170
2019-02-15 10:15:00,1550205900,780.5,790.05,778.95,784.5,423073
2019-02-15 11:15:00,1550209500,784.5,789.1,778.6,780.6,258484
2019-02-15 12:15:00,1550213100,780.6,780.7,767.1,770.5,693613
2019-02-15 13:15:00,1550216700,770.6,777.5,769.25,777,332365
2019-02-15 14:15:00,1550220300,777,781,769,774.85,483511
2019-02-15 15:15:00,1550223900,774.6,777.7,773.05,774,246024
2019-02-18 09:15:00,1550461500,778.1,785,760.5,764.75,627994
2019-02-18 10:15:00,1550465100,764.8,767.9,761.9,763.35,206583
2019-02-18 11:15:00,1550468700,763.4,773,763.15,770.5,351583
2019-02-18 12:15:00,1550472300,770.8,777,769.6,774.3,399377
2019-02-18 13:15:00,1550475900,774.3,775.6,770.45,773.1,172977
2019-02-18 14:15:00,1550479500,773.1,773.8,767,770,378424
2019-02-18 15:15:00,1550483100,770,773.8,769.1,773,195244
2019-02-19 09:15:00,1550547900,776,776,761.3,764.65,386547
2019-02-19 10:15:00,1550551500,764.6,766.9,763.45,763.55,126682
2019-02-19 11:15:00,1550555100,763.55,767.75,761.1,765.5,160901
2019-02-19 12:15:00,1550558700,765.65,769.8,765.5,767.95,229782
2019-02-19 13:15:00,1550562300,767.95,772.4,766.2,766.7,204497
2019-02-19 14:15:00,1550565900,766.7,766.75,762.45,763.85,170748
2019-02-19 15:15:00,1550569500,763.3,764.5,762,762.2,102573
2019-02-20 09:15:00,1550634300,766,767.2,762,765.45,240449
2019-02-20 10:15:00,1550637900,765.45,766.25,763.5,765,80864
2019-02-20 11:15:00,1550641500,765,768.45,764.15,764.5,255665
2019-02-20 12:15:00,1550645100,764.75,766.15,764.2,765.65,56721
2019-02-20 13:15:00,1550648700,765.65,766.1,764.05,764.25,112767
2019-02-20 14:15:00,1550652300,764.25,765,752.6,764.05,589462
2019-02-20 15:15:00,1550655900,764.05,765.15,761.65,762.9,116117
2019-02-21 09:15:00,1550720700,760.55,763.7,755.65,757.4,290420
2019-02-21 10:15:00,1550724300,757.4,760.4,755,756.6,235034
2019-02-21 11:15:00,1550727900,756.25,760.4,755.1,758.55,203748
2019-02-21 12:15:00,1550731500,758.7,761.5,756.3,760.85,164019
2019-02-21 13:15:00,1550735100,760.85,768.1,758.95,766.55,270102
2019-02-21 14:15:00,1550738700,766.55,770.6,765.5,770.45,286553
2019-02-21 15:15:00,1550742300,770.45,772,769.25,770.2,101873
2019-02-22 09:15:00,1550807100,771.95,776.9,767.05,770,347367
2019-02-22 10:15:00,1550810700,770,775.5,770,772,126390
2019-02-22 11:15:00,1550814300,772,773.5,770.2,771.1,85613
2019-02-22 12:15:00,1550817900,771.1,772.8,768.65,769.7,77982
2019-02-22 13:15:00,1550821500,769.7,773.75,769.7,772.35,86839
2019-02-22 14:15:00,1550825100,772.35,782.65,771.3,777.95,623274
2019-02-22 15:15:00,1550828700,777.95,778,774.5,774.5,155711
2019-02-25 09:15:00,1551066300,778,781.05,771.65,773.25,205091
2019-02-25 10:15:00,1551069900,773.2,777.8,770.5,775.7,114510
2019-02-25 11:15:00,1551073500,775.7,784.8,775,783.5,161029
2019-02-25 12:15:00,1551077100,783.9,783.95,778.05,779.7,126742
2019-02-25 13:15:00,1551080700,779.7,781.6,778.75,780.45,55591
2019-02-25 14:15:00,1551084300,780.45,780.55,775.95,778.5,233756
2019-02-25 15:15:00,1551087900,778.5,778.7,775.1,776,171103
2019-02-26 09:15:00,1551152700,777,777.45,764.1,768.85,370235
2019-02-26 10:15:00,1551156300,768.7,772.85,767.15,770.1,138087
2019-02-26 11:15:00,1551159900,770.1,772.75,769.35,770.05,77290
2019-02-26 12:15:00,1551163500,770.25,774.5,768.7,771,106758
2019-02-26 13:15:00,1551167100,771,775.5,769.05,775.2,117075
2019-02-26 14:15:00,1551170700,775.45,781,774,776.55,399529
2019-02-26 15:15:00,1551174300,776.55,777.6,774,774.2,93451
2019-02-27 09:15:00,1551239100,778,787,777,784.2,315877
2019-02-27 10:15:00,1551242700,784.2,785.55,777.5,777.55,219515
2019-02-27 11:15:00,1551246300,777.55,778,765.65,768.55,364755
2019-02-27 12:15:00,1551249900,768.5,772,767.5,768.55,147712
2019-02-27 13:15:00,1551253500,768.55,771.8,766,770.35,103088
2019-02-27 14:15:00,1551257100,770.35,771,766.8,768,131097
2019-02-27 15:15:00,1551260700,767.95,768.55,765,765,88798
2019-02-28 09:15:00,1551325500,765.05,773.5,765,770,265298
2019-02-28 10:15:00,1551329100,770,771.3,766.8,768,150005
2019-02-28 11:15:00,1551332700,768,770,767,767,95026
2019-02-28 12:15:00,1551336300,767,767.85,761.5,762.65,257819
2019-02-28 13:15:00,1551339900,762.65,767.25,762.65,766.6,195844
2019-02-28 14:15:00,1551343500,766.6,766.65,761.05,762.2,760633
2019-02-28 15:15:00,1551347100,762.2,768,762.2,766,694874
2019-03-01 09:15:00,1551411900,771.2,775.2,768.45,770.95,407826
2019-03-01 10:15:00,1551415500,770.95,776,770,772.3,257469
2019-03-01 11:15:00,1551419100,772.3,777.1,770.5,775.5,259026
2019-03-01 12:15:00,1551422700,775.5,777,773.65,774.4,412367
2019-03-01 13:15:00,1551426300,774.4,776.85,772.45,775.5,156634
2019-03-01 14:15:00,1551429900,775.5,786.9,774.8,784.95,560495
2019-03-01 15:15:00,1551433500,784.95,790.55,783,790.55,295342
2019-03-05 09:15:00,1551757500,791.55,791.6,778.1,782.45,354170
2019-03-05 10:15:00,1551761100,782.45,783.9,780.3,781,116132
2019-03-05 11:15:00,1551764700,781,783.9,779.45,783.85,111695
2019-03-05 12:15:00,1551768300,783.9,786.9,783.3,784.5,154228
2019-03-05 13:15:00,1551771900,784.5,789.25,781.25,787.95,194975
2019-03-05 14:15:00,1551775500,787.65,789.05,782.55,783.7,207063
2019-03-05 15:15:00,1551779100,783.7,786,782.8,785.2,81481
2019-03-06 09:15:00,1551843900,786,793.2,784.05,785.65,324381
2019-03-06 10:15:00,1551847500,785.65,789.7,781.5,787.3,175458
2019-03-06 11:15:00,1551851100,787.45,789,785.2,787.25,67965
2019-03-06 12:15:00,1551854700,787.25,788.7,783.1,784,96012
2019-03-06 13:15:00,1551858300,783.5,784.5,781.05,783.4,194787
2019-03-06 14:15:00,1551861900,783.5,794.6,783.5,788.2,455425
2019-03-06 15:15:00,1551865500,788.2,788.6,786.45,786.9,81222
2019-03-07 09:15:00,1551930300,788,803.2,785.3,801.2,585301
2019-03-07 10:15:00,1551933900,801.2,803.5,793,794.65,311691
2019-03-07 11:15:00,1551937500,794.6,800,793.85,797.75,166408
2019-03-07 12:15:00,1551941100,797.75,798.55,792.55,794.95,171700
2019-03-07 13:15:00,1551944700,795.05,799.95,794.4,799.35,170045
2019-03-07 14:15:00,1551948300,799.4,800,788.25,791,331064
2019-03-07 15:15:00,1551951900,791.3,792,788.2,792,116148
2019-03-08 09:15:00,1552016700,797.9,799.8,789.2,793.8,699461
2019-03-08 10:15:00,1552020300,793.9,796.5,791.3,792.75,150806
2019-03-08 11:15:00,1552023900,792.75,795,791.3,793.5,126671
2019-03-08 12:15:00,1552027500,793.5,795.5,790,793.05,258839
2019-03-08 13:15:00,1552031100,793.05,793.85,790.3,791.45,82414
2019-03-08 14:15:00,1552034700,791.35,791.7,777,778.5,464716
2019-03-08 15:15:00,1552038300,778.6,779.9,775.35,776,188069
2019-03-11 09:15:00,1552275900,780.8,785.75,779.25,785.3,321659
2019-03-11 10:15:00,1552279500,785.3,791.9,784.2,790.3,296538
2019-03-11 11:15:00,1552283100,790.25,797,790,792.8,287498
2019-03-11 12:15:00,1552286700,792.8,792.9,789.8,792.35,107950
2019-03-11 13:15:00,1552290300,792.35,794.95,790.05,791.3,91808
2019-03-11 14:15:00,1552293900,791.3,795.75,791.05,795.6,178172
2019-03-11 15:15:00,1552297500,795.6,797,794.5,794.85,128864
2019-03-12 09:15:00,1552362300,794.55,803,794.55,801.6,367411
2019-03-12 10:15:00,1552365900,801.6,810.8,800.15,808.75,615504
2019-03-12 11:15:00,1552369500,808.75,809.8,800.25,801.3,403506
2019-03-12 12:15:00,1552373100,801.3,805.9,801.25,804.05,138199
2019-03-12 13:15:00,1552376700,804.05,805.8,801.5,805.05,143955
2019-03-12 14:15:00,1552380300,805.05,805.45,799,799.7,201017
2019-03-12 15:15:00,1552383900,799.45,803.25,797.35,800.7,159150
2019-03-13 09:15:00,1552448700,802,802.5,792.4,794.35,317650
2019-03-13 10:15:00,1552452300,794.3,800.45,791.65,800,149039
2019-03-13 11:15:00,1552455900,799.75,804.6,799,802.6,202137
2019-03-13 12:15:00,1552459500,802.5,805.45,801,803.35,155119
2019-03-13 13:15:00,1552463100,803.25,803.6,791.95,794.15,264270
2019-03-13 14:15:00,1552466700,794.6,795.75,757,760,1857073
2019-03-13 15:15:00,1552470300,759.95,765.9,759.6,764.95,403008
2019-03-14 09:15:00,1552535100,757.6,782,755.5,763.95,1915101
2019-03-14 10:15:00,1552538700,763.9,770.15,762.5,767.7,472001
2019-03-14 11:15:00,1552542300,768,769.9,766.3,767.3,235952
2019-03-14 12:15:00,1552545900,767.3,769.2,762,765,272387
2019-03-14 13:15:00,1552549500,764.7,766.5,763.6,765,164005
2019-03-14 14:15:00,1552553100,765,769.6,761.9,763.2,551487
2019-03-14 15:15:00,1552556700,763.2,766.4,762.5,765.95,285295
2019-03-15 09:15:00,1552621500,767,773.75,767,770,399821
2019-03-15 10:15:00,1552625100,770,772,769,771.7,841558
2019-03-15 11:15:00,1552628700,771.55,776.95,770.65,773.5,438595
2019-03-15 12:15:00,1552632300,773.5,774.7,771.75,773.5,128152
2019-03-15 13:15:00,1552635900,773.5,783,773.5,778.25,611760
2019-03-15 14:15:00,1552639500,778.2,789.6,775.9,785.2,966411
2019-03-15 15:15:00,1552643100,785.25,788.15,784.6,786,263321
2019-03-18 09:15:00,1552880700,762.2,762.85,740,754.2,2667434
2019-03-18 10:15:00,1552884300,754.2,757.65,752.35,754.15,555870
2019-03-18 11:15:00,1552887900,754,755.8,751.25,753,245514
2019-03-18 12:15:00,1552891500,752.8,754.9,751.5,752.55,210694
2019-03-18 13:15:00,1552895100,752.55,752.85,748.8,751.05,404921
2019-03-18 14:15:00,1552898700,751.2,756.5,749.95,755.75,561425
2019-03-18 15:15:00,1552902300,755.7,756,752.75,753.9,282133
2019-03-19 09:15:00,1552967100,753.9,765.8,753,761,728515
2019-03-19 10:15:00,1552970700,761,763,759.25,761.25,262833
2019-03-19 11:15:00,1552974300,761.25,762,760.15,761.55,116803
2019-03-19 12:15:00,1552977900,761.55,761.55,758.4,760.1,175219
2019-03-19 13:15:00,1552981500,759.9,761,758.6,759.65,116610
2019-03-19 14:15:00,1552985100,759.35,760,753.1,755.3,308556
2019-03-19 15:15:00,1552988700,755.65,755.95,751.5,755.7,199464
2019-03-20 09:15:00,1553053500,758,759.9,751.7,753.8,302137
2019-03-20 10:15:00,1553057100,753.7,754.9,747.05,750.2,234625
2019-03-20 11:15:00,1553060700,750.2,751.75,749.75,750.5,95759
2019-03-20 12:15:00,1553064300,750.5,751.45,748,751,182606
2019-03-20 13:15:00,1553067900,751,753.8,749.55,753.5,98229
2019-03-20 14:15:00,1553071500,753.8,753.8,751.55,753.5,169465
2019-03-20 15:15:00,1553075100,753.55,755.35,752.45,755,119367
2019-03-22 09:15:00,1553226300,755,758,750.5,751.95,317455
2019-03-22 10:15:00,1553229900,751.95,753.55,747.55,748.85,214996
2019-03-22 11:15:00,1553233500,748.9,750.3,745.6,748.3,177555
2019-03-22 12:15:00,1553237100,748.3,749,746.05,747.45,147548
2019-03-22 13:15:00,1553240700,747.35,748.9,745.1,746.2,135120
2019-03-22 14:15:00,1553244300,746.2,746.85,740.25,742.3,280092
2019-03-22 15:15:00,1553247900,742.3,743.95,741,743.8,140777
2019-03-25 09:15:00,1553485500,743.8,745.95,730.1,739.05,468136
2019-03-25 10:15:00,1553489100,739.05,739.9,735.2,736.6,178489
2019-03-25 11:15:00,1553492700,736.6,739,728.7,731.7,524065
2019-03-25 12:15:00,1553496300,731.7,734.15,730.05,731.2,142203
2019-03-25 13:15:00,1553499900,731.45,732.9,727.5,729.15,189897
2019-03-25 14:15:00,1553503500,729.5,730.45,727.7,729.5,816139
2019-03-25 15:15:00,1553507100,729.5,731,727,731,202760
2019-03-26 09:15:00,1553571900,733,735.8,731.15,733.1,253265
2019-03-26 10:15:00,1553575500,733.1,735,732.5,733.85,228884
2019-03-26 11:15:00,1553579100,733.85,738.65,732.75,735.75,217022
2019-03-26 12:15:00,1553582700,735.75,736.5,732.75,735.95,211618
2019-03-26 13:15:00,1553586300,736,736.9,734.1,735,83759
2019-03-26 14:15:00,1553589900,735.55,736.3,734,735,268298
2019-03-26 15:15:00,1553593500,735,735.5,734.05,734.65,181188
2019-03-27 09:15:00,1553658300,735.5,740.85,735.5,736.7,382365
2019-03-27 10:15:00,1553661900,736.7,739.95,730.2,732.55,385116
2019-03-27 11:15:00,1553665500,732.6,736,730.5,731.9,229401
2019-03-27 12:15:00,1553669100,731.9,732.65,728.55,729.65,192074
2019-03-27 13:15:00,1553672700,729.65,731.75,725.3,726.9,238863
2019-03-27 14:15:00,1553676300,726.9,728,723,723.95,294393
2019-03-27 15:15:00,1553679900,723.8,724.35,722.3,723.5,157319
2019-03-28 09:15:00,1553744700,728.8,733,719.8,721.85,482169
2019-03-28 10:15:00,1553748300,721.85,728.5,721.85,725.9,475940
2019-03-28 11:15:00,1553751900,725.9,727.5,724.3,726.25,161540
2019-03-28 12:15:00,1553755500,726.25,729.2,725.8,726.65,193187
2019-03-28 13:15:00,1553759100,726.65,727.5,724.5,725.65,179636
2019-03-28 14:15:00,1553762700,725.65,726.45,722.25,724.5,811882
2019-03-28 15:15:00,1553766300,724.55,728.8,724.35,728,612156
2019-03-29 09:15:00,1553831100,731,745.45,730,742.25,863792
2019-03-29 10:15:00,1553834700,742.25,743.1,735.2,737.05,398127
2019-03-29 11:15:00,1553838300,737.05,738.1,735.5,736.55,214428
2019-03-29 12:15:00,1553841900,736.6,744.3,736,744.2,375662
2019-03-29 13:15:00,1553845500,744.2,745,739.55,740.85,233358
2019-03-29 14:15:00,1553849100,740.85,743,739.5,739.95,292864
2019-03-29 15:15:00,1553852700,740,740,738,738.95,178033
2019-04-01 09:15:00,1554090300,740,760,740,756,907945
2019-04-01 10:15:00,1554093900,756,759.75,754.65,757.3,355311
2019-04-01 11:15:00,1554097500,757.3,764.9,757.3,760,493293
2019-04-01 12:15:00,1554101100,760,767.55,758.9,765,327107
2019-04-01 13:15:00,1554104700,765,768,764.8,766.25,217024
2019-04-01 14:15:00,1554108300,766.25,771,763.15,765.8,687931
2019-04-01 15:15:00,1554111900,765.8,768,764,766.3,246807
2019-04-02 09:15:00,1554176700,767,770.95,759.05,763.75,369107
2019-04-02 10:15:00,1554180300,763.75,783.65,763.5,776.9,940248
2019-04-02 11:15:00,1554183900,776.9,782,776.25,776.95,337260
2019-04-02 12:15:00,1554187500,776.6,779.25,775,776.9,215412
2019-04-02 13:15:00,1554191100,776.9,779.5,774,778.85,204864
2019-04-02 14:15:00,1554194700,778.9,779.95,775.2,778.75,345467
2019-04-02 15:15:00,1554198300,779.15,779.5,775.55,776.5,252992
2019-04-03 09:15:00,1554263100,776.5,785.8,774.35,781.75,563590
2019-04-03 10:15:00,1554266700,781.75,789.8,780,780.05,587212
2019-04-03 11:15:00,1554270300,780,782.5,777.6,780.3,254235
2019-04-03 12:15:00,1554273900,780.3,783.7,775.75,779.85,288516
2019-04-03 13:15:00,1554277500,779.85,780.5,769.85,774.75,290548
2019-04-03 14:15:00,1554281100,774.75,778,770.15,773.1,434812
2019-04-03 15:15:00,1554284700,773.1,773.8,771,772,165887
2019-04-04 09:15:00,1554349500,775.9,779.5,771,773.4,214662
2019-04-04 10:15:00,1554353100,773.45,778,773.1,776.8,91833
2019-04-04 11:15:00,1554356700,776.95,781.8,775,777.9,132117
2019-04-04 12:15:00,1554360300,777.9,782.05,777.55,781.2,119493
2019-04-04 13:15:00,1554363900,781.2,785.25,779.75,782.15,216725
2019-04-04 14:15:00,1554367500,782.25,792.5,779.25,789.95,368344
2019-04-04 15:15:00,1554371100,789.95,791,788,790,123434
2019-04-05 09:15:00,1554435900,793.75,798.15,786,787.15,519802
2019-04-05 10:15:00,1554439500,787.15,791.7,785.65,787.75,131656
2019-04-05 11:15:00,1554443100,787.45,789.8,787.15,789.35,68322
2019-04-05 12:15:00,1554446700,789.2,790,782.05,785.55,184998
2019-04-05 13:15:00,1554450300,785.4,787.8,783.4,784,79972
2019-04-05 14:15:00,1554453900,783.85,790,783.4,788.15,216388
2019-04-05 15:15:00,1554457500,787.95,790.55,785,788,149030
2019-04-08 09:15:00,1554695100,788,802,787.65,798.3,487103
2019-04-08 10:15:00,1554698700,798.75,800,790,790.95,359527
2019-04-08 11:15:00,1554702300,790.95,791.7,785.35,785.9,211905
2019-04-08 12:15:00,1554705900,785.9,794.5,785.9,793.75,192006
2019-04-08 13:15:00,1554709500,793.75,794,790.9,792,168353
2019-04-08 14:15:00,1554713100,792.45,795.45,789.1,792.2,319224
2019-04-08 15:15:00,1554716700,791.95,794.75,790.55,792.15,145316
2019-04-09 09:15:00,1554781500,795,805.5,790.2,804.05,673907
2019-04-09 10:15:00,1554785100,804.05,806.7,798.25,801.9,354799
2019-04-09 11:15:00,1554788700,801.9,805.5,801.45,803.3,138983
2019-04-09 12:15:00,1554792300,803.3,804.9,802.95,803.3,100082
2019-04-09 13:15:00,1554795900,803.3,804.75,800.25,804.75,224494
2019-04-09 14:15:00,1554799500,804.75,811.9,802.85,810.3,504478
2019-04-09 15:15:00,1554803100,810.25,813.4,810,810.15,251113
2019-04-10 09:15:00,1554867900,810.5,810.7,799.1,800.5,407933
2019-04-10 10:15:00,1554871500,800.5,804.4,799.05,804.4,182168
2019-04-10 11:15:00,1554875100,804.4,810.4,802.5,809,190158
2019-04-10 12:15:00,1554878700,809,817.5,808,815.75,490915
2019-04-10 13:15:00,1554882300,815.75,815.75,808.6,809.2,321078
2019-04-10 14:15:00,1554885900,809.2,811,803.15,804.9,252272
2019-04-10 15:15:00,1554889500,804.9,805.7,803.25,805.2,105577
2019-04-11 09:15:00,1554954300,805,812.7,805,808.2,199262
2019-04-11 10:15:00,1554957900,808.2,809.3,803.25,804,123587
2019-04-11 11:15:00,1554961500,804,808.45,803.6,806.7,62515
2019-04-11 12:15:00,1554965100,806.7,810.4,804.65,806.15,130932
2019-04-11 13:15:00,1554968700,806.15,807.75,802.5,806.75,115544
2019-04-11 14:15:00,1554972300,806.7,809.6,805.25,808.95,144549
2019-04-11 15:15:00,1554975900,808.95,811.6,808,811.1,100824
2019-04-12 09:15:00,1555040700,811.95,832,811,827.9,1552270
2019-04-12 10:15:00,1555044300,827.5,831,825,826.35,569324
2019-04-12 11:15:00,1555047900,826.35,831.65,825.75,830.4,433730
2019-04-12 12:15:00,1555051500,830.4,834.7,830.05,831.8,456849
2019-04-12 13:15:00,1555055100,831.8,833.4,829.25,831.2,305226
2019-04-12 14:15:00,1555058700,831.15,832.25,828.2,831.7,505258
2019-04-12 15:15:00,1555062300,831.7,836,831.5,834,526877
2019-04-15 09:15:00,1555299900,830,834.2,825.3,830,231834
2019-04-15 10:15:00,1555303500,830,831.8,825.5,827.5,135974
2019-04-15 11:15:00,1555307100,827.6,829.6,825.5,828.3,99327
2019-04-15 12:15:00,1555310700,828.3,829.7,826.9,829.7,73116
2019-04-15 13:15:00,1555314300,829.7,830.85,828.15,829.75,58666
2019-04-15 14:15:00,1555317900,829.75,830.75,826.5,829.8,102776
2019-04-15 15:15:00,1555321500,829.8,834,829.75,832.05,74924
2019-04-16 09:15:00,1555386300,834.1,838.15,826.7,827.55,249232
2019-04-16 10:15:00,1555389900,827.5,833.4,826.4,831.9,95321
2019-04-16 11:15:00,1555393500,831.6,843.15,829.5,841,272868
2019-04-16 12:15:00,1555397100,841,844.5,837,839.5,259739
2019-04-16 13:15:00,1555400700,839.5,840.9,835.5,838.5,127010
2019-04-16 14:15:00,1555404300,838.5,839.6,829.7,834.8,229772
2019-04-16 15:15:00,1555407900,834.4,834.5,829.1,831.35,104337
2019-04-18 09:15:00,1555559100,833,834.4,823.2,824.25,267266
2019-04-18 10:15:00,1555562700,824.25,826,820.95,824.55,99760
2019-04-18 11:15:00,1555566300,824.6,829.65,824.55,824.8,65709
2019-04-18 12:15:00,1555569900,824.8,828.9,823.5,825.45,68226
2019-04-18 13:15:00,1555573500,825.45,837.6,824.6,835.75,169803
2019-04-18 14:15:00,1555577100,835.75,837.5,833.7,835.3,332287
2019-04-18 15:15:00,1555580700,835.45,835.8,833.2,835.8,117392
2019-04-22 09:15:00,1555904700,831.6,837.9,826.85,828.95,218626
2019-04-22 10:15:00,1555908300,828.95,836,828.75,833,212994
2019-04-22 11:15:00,1555911900,833,835,830.65,831.15,106591
2019-04-22 12:15:00,1555915500,831.1,835.6,830.35,834.2,104097
2019-04-22 13:15:00,1555919100,834.2,837,833.2,835,178862
2019-04-22 14:15:00,1555922700,835,836.85,830.7,831,194000
2019-04-22 15:15:00,1555926300,831,832.9,828,828,72729
2019-04-23 09:15:00,1555991100,836,868.95,836,864.5,1666431
2019-04-23 10:15:00,1555994700,864.5,864.55,847.55,853.9,846203
2019-04-23 11:15:00,1555998300,853.9,856.5,852.1,855.85,275183
2019-04-23 12:15:00,1556001900,855.85,861.9,854.85,860.55,239640
2019-04-23 13:15:00,1556005500,860.55,864,858.65,863.55,290376
2019-04-23 14:15:00,1556009100,863.55,869.95,863.35,869.6,764572
2019-04-23 15:15:00,1556012700,869.6,871,862.3,863.5,383636
2019-04-24 09:15:00,1556077500,838.5,857.75,835,856.25,1181204
2019-04-24 10:15:00,1556081100,856.25,858.9,852.05,853,339230
2019-04-24 11:15:00,1556084700,853,857.9,852.5,856.6,184715
2019-04-24 12:15:00,1556088300,856.6,856.95,853.35,854.95,125663
2019-04-24 13:15:00,1556091900,854.95,859.8,853.5,858.65,262701
2019-04-24 14:15:00,1556095500,858.55,867.6,857.75,865,646577
2019-04-24 15:15:00,1556099100,865,866.8,861.3,863.5,220287
2019-04-25 09:15:00,1556163900,860,871,856.85,870.6,407028
2019-04-25 10:15:00,1556167500,870.6,874,865.25,867.7,291192
2019-04-25 11:15:00,1556171100,867.7,868.2,862.05,864.5,213534
2019-04-25 12:15:00,1556174700,864.5,867,864.1,866,285670
2019-04-25 13:15:00,1556178300,866,867,859.1,861.9,320117
2019-04-25 14:15:00,1556181900,861.9,872,853.1,869.9,428038
2019-04-25 15:15:00,1556185500,869.9,874.9,869.65,873.1,141289
2019-04-26 09:15:00,1556250300,869.2,881.35,861.25,879.45,716913
2019-04-26 10:15:00,1556253900,879.45,879.85,872.1,872.25,290182
2019-04-26 11:15:00,1556257500,872.25,876,870.45,871.1,140380
2019-04-26 12:15:00,1556261100,871,871.9,867,867.05,166520
2019-04-26 13:15:00,1556264700,867.05,871.2,866,869.1,112878
2019-04-26 14:15:00,1556268300,869.1,871.55,864.45,868.7,203198
2019-04-26 15:15:00,1556271900,868.7,869.95,865.6,866.3,126272
2019-04-30 09:15:00,1556595900,868.35,875.15,863.45,863.8,260178
2019-04-30 10:15:00,1556599500,863.8,867.95,863,864.55,109464
2019-04-30 11:15:00,1556603100,864.55,866.95,863.55,865.7,71695
2019-04-30 12:15:00,1556606700,865.55,872.6,864.55,870.5,111114
2019-04-30 13:15:00,1556610300,870.5,871.45,866.15,869.9,103910
2019-04-30 14:15:00,1556613900,869.9,873.55,868,872.8,152932
2019-04-30 15:15:00,1556617500,872.85,873.75,870.15,872,75082
2019-05-02 09:15:00,1556768700,870,880.9,867,876.65,250387
2019-05-02 10:15:00,1556772300,876.65,884,876.05,880.5,195224
2019-05-02 11:15:00,1556775900,880.5,881.8,876.25,877.35,87127
2019-05-02 12:15:00,1556779500,877.35,880.6,876.6,877.45,84452
2019-05-02 13:15:00,1556783100,877.15,880.5,876.65,879.05,106119
2019-05-02 14:15:00,1556786700,879.05,879.85,876.65,877.5,130726
2019-05-02 15:15:00,1556790300,877.5,878.5,873.55,877,80861
2019-05-03 09:15:00,1556855100,880,880.8,867.3,872.65,219491
2019-05-03 10:15:00,1556858700,872.85,873.75,868,869.2,101410
2019-05-03 11:15:00,1556862300,869.2,869.2,865.05,866.8,123904
2019-05-03 12:15:00,1556865900,867.15,867.85,864.8,865.75,66464
2019-05-03 13:15:00,1556869500,865.85,870.45,865.35,868.25,110065
2019-05-03 14:15:00,1556873100,868,874,868,871,167666
2019-05-03 15:15:00,1556876700,871.05,871.45,865.9,866.35,58470
2019-05-06 09:15:00,1557114300,852.05,864.7,852.05,859.75,201401
2019-05-06 10:15:00,1557117900,859.75,859.8,857,859.15,68615
2019-05-06 11:15:00,1557121500,859.15,861.9,858,859.65,83151
2019-05-06 12:15:00,1557125100,859.65,860.4,853.8,855.9,114236
2019-05-06 13:15:00,1557128700,855.9,861.5,854.5,860.55,104833
2019-05-06 14:15:00,1557132300,860.55,870.45,858.4,869,212272
2019-05-06 15:15:00,1557135900,869,869.35,863.6,865.4,64404
2019-05-07 09:15:00,1557200700,869,870.8,861.65,865.4,134418
2019-05-07 10:15:00,1557204300,865.4,866,861.2,863,74169
2019-05-07 11:15:00,1557207900,863,869,861.25,867.35,98185
2019-05-07 12:15:00,1557211500,867.35,868,864.55,865.2,51503
2019-05-07 13:15:00,1557215100,865,865.55,856.4,857.8,184648
2019-05-07 14:15:00,1557218700,857.85,858.85,851.55,855.25,181262
2019-05-07 15:15:00,1557222300,855.9,856.7,853.9,856.05,69639
2019-05-08 09:15:00,1557287100,850,856,847.45,851.15,214009
2019-05-08 10:15:00,1557290700,851.15,853.55,847.1,850.7,97685
2019-05-08 11:15:00,1557294300,850.7,858.8,844,854.25,172816
2019-05-08 12:15:00,1557297900,854.25,857.9,852.1,852.8,77653
2019-05-08 13:15:00,1557301500,852.8,853.2,849.5,851.35,73735
2019-05-08 14:15:00,1557305100,851.35,854.5,850,852.4,174958
2019-05-08 15:15:00,1557308700,852.4,853.2,847.75,848.55,115179
2019-05-09 09:15:00,1557373500,847,848.6,835,846.5,303545
2019-05-09 10:15:00,1557377100,846.5,854.5,843.4,851.5,177726
2019-05-09 11:15:00,1557380700,851.75,861.75,851.05,854.25,224739
2019-05-09 12:15:00,1557384300,854.5,859.5,852.55,856.5,178728
2019-05-09 13:15:00,1557387900,856.5,859.95,855,858,128937
2019-05-09 14:15:00,1557391500,858,866.95,858,864.55,248214
2019-05-09 15:15:00,1557395100,864.55,868,863.75,866.05,87216
2019-05-10 09:15:00,1557459900,867,867,851.4,853.1,276012
2019-05-10 10:15:00,1557463500,853.1,860.75,849.3,856.1,250465
2019-05-10 11:15:00,1557467100,855.8,856,849,849.9,137197
2019-05-10 12:15:00,1557470700,849.9,851.65,846,847.8,138930
2019-05-10 13:15:00,1557474300,847.8,848.85,840.05,844.6,241223
2019-05-10 14:15:00,1557477900,844.6,845.3,835,837.7,320753
2019-05-10 15:15:00,1557481500,837.7,838.4,831.45,833,224975
2019-05-13 09:15:00,1557719100,833,835,815.2,820.5,498720
2019-05-13 10:15:00,1557722700,820.5,822,816.5,819.45,116926
2019-05-13 11:15:00,1557726300,819.45,820.45,813.2,815.85,131721
2019-05-13 12:15:00,1557729900,815.85,819,815.6,817,76967
2019-05-13 13:15:00,1557733500,817,819.6,815.1,818,86326
2019-05-13 14:15:00,1557737100,818,818.8,783.1,796.35,547921
2019-05-13 15:15:00,1557740700,796.35,809.4,795.15,803.35,134530
2019-05-14 09:15:00,1557805500,796.5,805.9,794.5,798.35,391900
2019-05-14 10:15:00,1557809100,798.35,809,796.1,802.1,300721
2019-05-14 11:15:00,1557812700,802.1,806.7,800.4,805.3,134017
2019-05-14 12:15:00,1557816300,805.3,813.45,804.6,812.65,171871
2019-05-14 13:15:00,1557819900,812.9,815.5,809.05,814.6,195128
2019-05-14 14:15:00,1557823500,814.15,817.75,806.85,811.9,279522
2019-05-14 15:15:00,1557827100,811.95,813.5,806.35,807.5,95793
2019-05-15 09:15:00,1557891900,810,819.45,807.5,811.6,480234
2019-05-15 10:15:00,1557895500,811.6,812.1,804,806,241849
2019-05-15 11:15:00,1557899100,806,812.5,800.55,806.35,315621
2019-05-15 12:15:00,1557902700,806.6,809.35,802,805.05,273070
2019-05-15 13:15:00,1557906300,805.2,816.75,802.5,811.1,339648
2019-05-15 14:15:00,1557909900,811.1,813,768.2,774.15,1931187
2019-05-15 15:15:00,1557913500,775.05,787.25,772.3,779.8,587314
2019-05-16 09:15:00,1557978300,766.05,768,736.4,747.8,3081145
2019-05-16 10:15:00,1557981900,747.9,771.9,738.8,756.05,2540882
2019-05-16 11:15:00,1557985500,756.35,779.7,756,771,1731607
2019-05-16 12:15:00,1557989100,771,778.25,763.2,766.9,769213
2019-05-16 13:15:00,1557992700,766.9,776.7,766.55,773.2,462180
2019-05-16 14:15:00,1557996300,773.2,786.4,771.5,784.85,959517
2019-05-16 15:15:00,1557999900,784.85,788.75,769.7,774,524588
2019-05-17 09:15:00,1558064700,771,773,758,762.75,745598
2019-05-17 10:15:00,1558068300,763,768.1,759.75,767.25,258904
2019-05-17 11:15:00,1558071900,767.2,768.4,756,757.3,364839
2019-05-17 12:15:00,1558075500,757.3,758,750.7,751.85,372881
2019-05-17 13:15:00,1558079100,751.85,757.45,746.3,757.15,451048
2019-05-17 14:15:00,1558082700,757,759.85,751,753.3,467974
2019-05-17 15:15:00,1558086300,753.45,753.7,748.5,753.5,268945
2019-05-20 09:15:00,1558323900,770,770.8,746.05,755.6,557905
2019-05-20 10:15:00,1558327500,755.6,758.75,753.35,754.85,180695
2019-05-20 11:15:00,1558331100,754.85,757.7,748.3,756.4,262518
2019-05-20 12:15:00,1558334700,756.4,757,749.15,750.1,203337
2019-05-20 13:15:00,1558338300,750.1,761.95,749.5,761.7,335962
2019-05-20 14:15:00,1558341900,761.9,762.9,755,760.25,264555
2019-05-20 15:15:00,1558345500,760.2,761,752,757,119731
2019-05-21 09:15:00,1558410300,756,776.5,752.75,771.7,672240
2019-05-21 10:15:00,1558413900,771.7,772.25,759.15,760.75,346836
2019-05-21 11:15:00,1558417500,760.75,760.8,753.25,756,235932
2019-05-21 12:15:00,1558421100,756,756,747.3,748.6,222712
2019-05-21 13:15:00,1558424700,748.6,753.8,746.9,750,161198
2019-05-21 14:15:00,1558428300,749.95,751.9,745.55,746.9,204756
2019-05-21 15:15:00,1558431900,747,748.9,745,746.45,131572
2019-05-22 09:15:00,1558496700,748,752.85,741.65,746.65,324836
2019-05-22 10:15:00,1558500300,746.65,758.75,746.65,755,359792
2019-05-22 11:15:00,1558503900,755,758,754.55,755.45,120154
2019-05-22 12:15:00,1558507500,755.45,760.95,755,758.7,175047
2019-05-22 13:15:00,1558511100,759,760.5,756.05,758.75,152836
2019-05-22 14:15:00,1558514700,758.75,759.25,754.7,757,294728
2019-05-22 15:15:00,1558518300,757.05,760.5,757,760,129412
2019-05-23 09:15:00,1558583100,763.55,768,756.35,760.25,323627
2019-05-23 10:15:00,1558586700,760.25,765,760.1,761,145446
2019-05-23 11:15:00,1558590300,761,764.2,757.25,758.3,210594
2019-05-23 12:15:00,1558593900,758.45,763.35,753.8,761.7,203256
2019-05-23 13:15:00,1558597500,761.7,762.65,754.65,758,176507
2019-05-23 14:15:00,1558601100,757.8,760,748.7,749.8,202761
2019-05-23 15:15:00,1558604700,749.8,751,747,748,69637
2019-05-24 09:15:00,1558669500,747,760.9,747,756.5,153281
2019-05-24 10:15:00,1558673100,756.5,760.35,756.1,759,78097
2019-05-24 11:15:00,1558676700,758.3,763.1,758.3,761.5,118417
2019-05-24 12:15:00,1558680300,761.5,764.45,760.05,762.8,92924
2019-05-24 13:15:00,1558683900,762.8,764,759.55,762.75,87394
2019-05-24 14:15:00,1558687500,763,766.15,761.65,762.25,173006
2019-05-24 15:15:00,1558691100,762.35,763.7,761.7,762,58112
2019-05-27 09:15:00,1558928700,742.55,755.9,720,742.3,1638029
2019-05-27 10:15:00,1558932300,742.25,750.55,739.3,750.05,494187
2019-05-27 11:15:00,1558935900,750,750.9,740.55,745.9,346287
2019-05-27 12:15:00,1558939500,745.65,746,738.6,741.5,233136
2019-05-27 13:15:00,1558943100,741.45,743.6,739.2,743.25,192205
2019-05-27 14:15:00,1558946700,743.25,745.75,741.5,742.6,236973
2019-05-27 15:15:00,1558950300,742.9,746,741,745.1,158072
2019-05-28 09:15:00,1559015100,749,754.65,742.6,744.7,376897
2019-05-28 10:15:00,1559018700,744.8,748.35,742.7,745.75,154583
2019-05-28 11:15:00,1559022300,745.75,749,744.3,745.1,116128
2019-05-28 12:15:00,1559025900,745.1,747.9,743.5,744.8,113122
2019-05-28 13:15:00,1559029500,744.8,745,743,744.4,80173
2019-05-28 14:15:00,1559033100,744.4,745,742.15,743.9,497731
2019-05-28 15:15:00,1559036700,743.9,744.25,742.05,744,317968
2019-05-29 09:15:00,1559101500,741,748.95,740.1,746.7,312826
2019-05-29 10:15:00,1559105100,746.8,747.5,742.85,745,153571
2019-05-29 11:15:00,1559108700,745.2,746.3,743,744.5,83772
2019-05-29 12:15:00,1559112300,744.5,746.5,743.7,744.5,838517
2019-05-29 13:15:00,1559115900,744.5,744.9,732.7,735.25,408007
2019-05-29 14:15:00,1559119500,735.25,738.25,731.8,732.55,409674
2019-05-29 15:15:00,1559123100,732.95,734.3,730,732,248098
2019-05-30 09:15:00,1559187900,735,740.65,734,737.1,307570
2019-05-30 10:15:00,1559191500,737.1,739,735.4,738.1,150071
2019-05-30 11:15:00,1559195100,738.3,740,736.2,738.15,131339
2019-05-30 12:15:00,1559198700,738.15,739,736.5,737.2,79381
2019-05-30 13:15:00,1559202300,737.2,742.4,736.5,739.5,186454
2019-05-30 14:15:00,1559205900,739.5,744.9,739.2,743.85,380819
2019-05-30 15:15:00,1559209500,743.7,745.8,743.7,745,240223
2019-05-31 09:15:00,1559274300,746.5,749,743,746.05,354874
2019-05-31 10:15:00,1559277900,746,746.65,741.65,743.4,112160
2019-05-31 11:15:00,1559281500,743.4,745.2,737.55,740.75,141411
2019-05-31 12:15:00,1559285100,740.75,743.9,739.8,743.7,71111
2019-05-31 13:15:00,1559288700,743.7,744.9,739,743.75,141787
2019-05-31 14:15:00,1559292300,743.75,746,741.5,746,231459
2019-05-31 15:15:00,1559295900,746,747.15,744.7,744.8,144022
2019-06-03 09:15:00,1559533500,748.4,748.4,741.2,745.45,165794
2019-06-03 10:15:00,1559537100,745.45,747.3,743,744.95,92816
2019-06-03 11:15:00,1559540700,744.95,749.65,744.25,748.4,160106
2019-06-03 12:15:00,1559544300,748.4,748.4,743.5,744.05,133324
2019-06-03 13:15:00,1559547900,744.05,746.65,742.95,745.8,87279
2019-06-03 14:15:00,1559551500,745.8,747.2,743.6,744.55,249609
2019-06-03 15:15:00,1559555100,744.55,745.95,744,745,98141
2019-06-04 09:15:00,1559619900,746.7,755,741.3,744.9,276014
2019-06-04 10:15:00,1559623500,744.9,745,738.9,740.55,125468
2019-06-04 11:15:00,1559627100,740.55,741.65,739.5,740.3,73966
2019-06-04 12:15:00,1559630700,740.3,741.6,738.3,740.5,76968
2019-06-04 13:15:00,1559634300,740.5,742,738.6,740.3,71131
2019-06-04 14:15:00,1559637900,740.3,741,738.75,739.65,96780
2019-06-04 15:15:00,1559641500,739.6,742.25,739.6,740.75,91071
2019-06-06 09:15:00,1559792700,747.85,751,740.15,741.9,332586
2019-06-06 10:15:00,1559796300,741.9,742.1,738,740,128741
2019-06-06 11:15:00,1559799900,740,740.3,735.1,735.45,139923
2019-06-06 12:15:00,1559803500,735.45,737.9,734.2,737.4,91869
2019-06-06 13:15:00,1559807100,737.2,739,735.05,735.2,80556
2019-06-06 14:15:00,1559810700,735.2,737.45,730.7,731.15,199531
2019-06-06 15:15:00,1559814300,731.5,734.45,730,732,121035
2019-06-07 09:15:00,1559879100,728,731.85,713.05,725.95,497214
2019-06-07 10:15:00,1559882700,725.95,734.7,725,732.5,201664
2019-06-07 11:15:00,1559886300,732.7,737,729,735.8,172115
2019-06-07 12:15:00,1559889900,735.8,736.9,733,735.35,81956
2019-06-07 13:15:00,1559893500,735,735.9,729.7,730,134674
2019-06-07 14:15:00,1559897100,730.35,736.45,729.4,730.15,184151
2019-06-07 15:15:00,1559900700,730.1,730.9,726,726.7,105203
2019-06-10 09:15:00,1560138300,730.1,734.5,724.55,726.05,244270
2019-06-10 10:15:00,1560141900,726,726.6,721.8,722.9,178506
2019-06-10 11:15:00,1560145500,722.8,725.65,722.3,724.55,111343
2019-06-10 12:15:00,1560149100,724.55,725.25,723,724.05,98334
2019-06-10 13:15:00,1560152700,724.05,726,722.6,725,148312
2019-06-10 14:15:00,1560156300,725,728.45,724.75,728.1,158834
2019-06-10 15:15:00,1560159900,728.1,728.4,725,725.05,82446
2019-06-11 09:15:00,1560224700,729.9,730.9,722,725.65,300830
2019-06-11 10:15:00,1560228300,725.5,730.5,725,727.3,125924
2019-06-11 11:15:00,1560231900,727.3,730,726.3,729.5,80853
2019-06-11 12:15:00,1560235500,729.35,730.45,727.55,728.65,128459
2019-06-11 13:15:00,1560239100,728.65,730.3,728.25,729,91652
2019-06-11 14:15:00,1560242700,729.05,729.9,727.1,727.35,123859
2019-06-11 15:15:00,1560246300,727.75,730,727.25,729,69499
2019-06-12 09:15:00,1560311100,728,730,724.35,727.15,199030
2019-06-12 10:15:00,1560314700,727.4,727.9,723.5,724.6,142789
2019-06-12 11:15:00,1560318300,724.6,726.5,724.5,725.3,46282
2019-06-12 12:15:00,1560321900,725.3,728.45,722.15,723.85,176405
2019-06-12 13:15:00,1560325500,723.85,725.5,722.8,725,94779
2019-06-12 14:15:00,1560329100,725,726.9,722.65,726.65,161681
2019-06-12 15:15:00,1560332700,726.65,727.5,725.05,726.3,93000
2019-06-13 09:15:00,1560397500,725,729.5,714.2,718.95,273774
2019-06-13 10:15:00,1560401100,718.95,719.5,711.8,714.65,158569
2019-06-13 11:15:00,1560404700,714.65,714.8,705.05,710,295313
2019-06-13 12:15:00,1560408300,710.35,714.9,710.2,713.8,115198
2019-06-13 13:15:00,1560411900,713.8,716.8,712,716.5,119934
2019-06-13 14:15:00,1560415500,716.5,722.15,715.1,721,413177
2019-06-13 15:15:00,1560419100,721,721.9,717.45,719.9,107463
2019-06-14 09:15:00,1560483900,723,723,714.1,718.1,358751
2019-06-14 10:15:00,1560487500,718.1,720,710.3,711.5,199026
2019-06-14 11:15:00,1560491100,711.1,718,710,716.55,146433
2019-06-14 12:15:00,1560494700,716.55,718,715.05,716.95,68360
2019-06-14 13:15:00,1560498300,716.95,724,716,722.65,130658
2019-06-14 14:15:00,1560501900,722.35,725.9,719.8,722,325283
2019-06-14 15:15:00,1560505500,722,723.9,721.6,723.25,134447
2019-06-17 09:15:00,1560743100,720,720,707.45,715,412198
2019-06-17 10:15:00,1560746700,715,719,713.1,715.2,193549
2019-06-17 11:15:00,1560750300,715.15,718.3,711.2,711.65,123075
2019-06-17 12:15:00,1560753900,712,714.55,708.5,709.65,195177
2019-06-17 13:15:00,1560757500,709.65,710.85,706.25,710.25,176438
2019-06-17 14:15:00,1560761100,710.25,712,706,707.3,212842
2019-06-17 15:15:00,1560764700,706.95,707.5,705,705.05,113729
2019-06-18 09:15:00,1560829500,708.7,710.9,705.1,707.7,296870
2019-06-18 10:15:00,1560833100,707.8,710.45,707,708.85,100406
2019-06-18 11:15:00,1560836700,708.7,714,708.2,712.55,142473
2019-06-18 12:15:00,1560840300,712.55,713,710.4,712.25,67871
2019-06-18 13:15:00,1560843900,712.25,713.4,710.2,712.45,72718
2019-06-18 14:15:00,1560847500,712.45,713.5,707.45,709.2,236096
2019-06-18 15:15:00,1560851100,709.2,709.3,705.95,705.95,60039
2019-06-19 09:15:00,1560915900,710.9,712,701.95,708,312557
2019-06-19 10:15:00,1560919500,708,708.55,705.5,705.6,92758
2019-06-19 11:15:00,1560923100,705.6,707,703.75,705.5,151705
2019-06-19 12:15:00,1560926700,705.5,706.6,703.9,705.8,62256
2019-06-19 13:15:00,1560930300,705.8,706.5,703.55,704.15,116964
2019-06-19 14:15:00,1560933900,704.35,704.75,697.2,703.15,570831
2019-06-19 15:15:00,1560937500,703,705.5,702.75,703.4,86243
2019-06-20 09:15:00,1561002300,705,709.95,702.9,709.3,211938
2019-06-20 10:15:00,1561005900,709,712.9,706.35,712.25,144656
2019-06-20 11:15:00,1561009500,712.25,713.75,709.65,711.15,104280
2019-06-20 12:15:00,1561013100,711.15,715.45,710.6,711,265752
2019-06-20 13:15:00,1561016700,711,713,710.55,711.65,64516
2019-06-20 14:15:00,1561020300,711.45,715.5,710.2,713.7,172082
2019-06-20 15:15:00,1561023900,713.7,715,713.35,714.25,81354
2019-06-21 09:15:00,1561088700,715,726.5,712.05,723,595454
2019-06-21 10:15:00,1561092300,723,724.25,713.4,713.9,307620
2019-06-21 11:15:00,1561095900,713.9,714.5,711.25,712.35,154683
2019-06-21 12:15:00,1561099500,712.35,712.35,708.4,710.45,142505
2019-06-21 13:15:00,1561103100,710.4,711.95,707.8,710.6,116785
2019-06-21 14:15:00,1561106700,710.6,714,708.65,713.85,311271
2019-06-21 15:15:00,1561110300,713.85,714.4,711.4,712.8,216150
2019-06-24 09:15:00,1561347900,731,736.9,725,727.85,846923
2019-06-24 10:15:00,1561351500,727.85,732.5,726.45,731.4,179916
2019-06-24 11:15:00,1561355100,731.1,738,731.1,734.4,368399
2019-06-24 12:15:00,1561358700,734.4,742.5,734.05,740.75,471056
2019-06-24 13:15:00,1561362300,741.4,741.45,737.4,738.65,142035
2019-06-24 14:15:00,1561365900,738.65,739.3,731,732.75,393807
2019-06-24 15:15:00,1561369500,732.75,733.95,731.85,732.05,170437
2019-06-25 09:15:00,1561434300,731,744,730.55,740.9,488504
2019-06-25 10:15:00,1561437900,740.9,745.85,739.6,741.35,283853
2019-06-25 11:15:00,1561441500,741.35,742.75,739.4,740.65,145795
2019-06-25 12:15:00,1561445100,740.7,744.7,738.7,743.05,326040
2019-06-25 13:15:00,1561448700,743.05,750.4,743,748.95,364007
2019-06-25 14:15:00,1561452300,748.95,755,746,754.15,471917
2019-06-25 15:15:00,1561455900,754,758,752.85,753.6,309033
2019-06-26 09:15:00,1561520700,754,760.5,750.95,760.2,385445
2019-06-26 10:15:00,1561524300,760.15,768,760,765.65,469051
2019-06-26 11:15:00,1561527900,765.65,768.7,764.55,768,144550
2019-06-26 12:15:00,1561531500,768,768.2,762,762.8,179458
2019-06-26 13:15:00,1561535100,762.8,770,762.35,769.45,313760
2019-06-26 14:15:00,1561538700,769.55,773.55,766.1,768.25,452416
2019-06-26 15:15:00,1561542300,768.35,770.8,765,766.7,113352
2019-06-27 09:15:00,1561607100,767.25,768.45,754.15,767,432036
2019-06-27 10:15:00,1561610700,767,772.7,765,769.9,306329
2019-06-27 11:15:00,1561614300,769.9,774.75,768,768.1,226075
2019-06-27 12:15:00,1561617900,768,770.75,764.55,765.55,157502
2019-06-27 13:15:00,1561621500,765.55,767.35,758.55,761.25,199846
2019-06-27 14:15:00,1561625100,761.25,772.3,756.7,765.75,631984
2019-06-27 15:15:00,1561628700,765.6,767.75,764,765,388146
2019-06-28 09:15:00,1561693500,770,790,768.35,771.4,1552808
2019-06-28 10:15:00,1561697100,771.45,774,764.5,766.6,406974
2019-06-28 11:15:00,1561700700,766.85,769.5,765,765.5,221370
2019-06-28 12:15:00,1561704300,765.5,769.45,762.65,767.75,244484
2019-06-28 13:15:00,1561707900,767.75,768.6,760.25,760.95,325248
2019-06-28 14:15:00,1561711500,760.75,761.15,753.95,756.65,543129
2019-06-28 15:15:00,1561715100,756.55,756.8,751.05,753,348542
2019-07-01 09:15:00,1561952700,758,767.9,758,766.35,329775
2019-07-01 10:15:00,1561956300,766.35,768.9,764.5,767.05,197344
2019-07-01 11:15:00,1561959900,767.05,767.75,762.05,763,107444
2019-07-01 12:15:00,1561963500,762.9,771,762.5,769.8,152518
2019-07-01 13:15:00,1561967100,769.8,770.95,767.15,769.4,108445
2019-07-01 14:15:00,1561970700,769.4,773.85,767.5,773.25,216988
2019-07-01 15:15:00,1561974300,773.25,774,769.55,771.85,119925
2019-07-02 09:15:00,1562039100,773,776,761.5,763.1,220240
2019-07-02 10:15:00,1562042700,763.1,767.75,761.3,763.8,136228
2019-07-02 11:15:00,1562046300,763.8,766,762,763.5,99781
2019-07-02 12:15:00,1562049900,763.5,764.7,761.7,763.85,66572
2019-07-02 13:15:00,1562053500,764.15,765.4,759.45,760,114998
2019-07-02 14:15:00,1562057100,760,762,754.65,761.5,250270
2019-07-02 15:15:00,1562060700,761.55,762.65,758.1,758.85,92336
2019-07-03 09:15:00,1562125500,764,764.75,751.3,752,249725
2019-07-03 10:15:00,1562129100,752,754.45,746.95,749.9,205430
2019-07-03 11:15:00,1562132700,749.9,755.2,749.5,751.3,154551
2019-07-03 12:15:00,1562136300,751.3,752.9,749.9,751,61095
2019-07-03 13:15:00,1562139900,751,752,748.7,749.65,267136
2019-07-03 14:15:00,1562143500,749.95,754.6,748.9,752.75,263754
2019-07-03 15:15:00,1562147100,752.75,753.9,751.25,751.75,110692
2019-07-04 09:15:00,1562211900,754.7,759.75,748.15,751.65,254998
2019-07-04 10:15:00,1562215500,751.65,755.8,750.75,753.6,83687
2019-07-04 11:15:00,1562219100,753.6,756.6,752,755.55,95370
2019-07-04 12:15:00,1562222700,755.55,755.55,749,750.7,121101
2019-07-04 13:15:00,1562226300,750.7,755.5,749.55,754.4,869863
2019-07-04 14:15:00,1562229900,754.4,756,753.55,755,113870
2019-07-04 15:15:00,1562233500,755,755,752.55,754.35,54984
2019-07-05 09:15:00,1562298300,754.5,762.5,754.2,756.5,144130
2019-07-05 10:15:00,1562301900,756.5,757,750.55,751.6,78055
2019-07-05 11:15:00,1562305500,751.15,752,744.45,745.95,128993
2019-07-05 12:15:00,1562309100,745.95,750.25,742.1,742.6,103881
2019-07-05 13:15:00,1562312700,742.2,744.6,739.45,741.2,79333
2019-07-05 14:15:00,1562316300,741.3,742.95,734.05,734.85,148030
2019-07-05 15:15:00,1562319900,735.2,736.15,733.3,735.2,80462
2019-07-08 09:15:00,1562557500,725,739.8,725,733.15,236535
2019-07-08 10:15:00,1562561100,733.4,739,730.8,732.4,127502
2019-07-08 11:15:00,1562564700,732.4,735.5,729.5,734.8,105874
2019-07-08 12:15:00,1562568300,735,740.65,734.75,736,146404
2019-07-08 13:15:00,1562571900,736,739,735,738.45,88930
2019-07-08 14:15:00,1562575500,738.45,739.25,732.55,733.7,175765
2019-07-08 15:15:00,1562579100,734.3,735.45,731.15,733.75,82540
2019-07-09 09:15:00,1562643900,732.9,746.55,730.3,745.35,234230
2019-07-09 10:15:00,1562647500,745.1,747,739.1,743.85,135040
2019-07-09 11:15:00,1562651100,743.65,750.75,743.3,748,207874
2019-07-09 12:15:00,1562654700,748,749.9,746.6,747.1,74461
2019-07-09 13:15:00,1562658300,747.1,748.95,744.1,748.4,92895
2019-07-09 14:15:00,1562661900,748.4,753.95,748.1,750.95,170983
2019-07-09 15:15:00,1562665500,750.95,751.7,749.15,751.05,69335
2019-07-10 09:15:00,1562730300,755.25,757.95,748,754.9,289978
2019-07-10 10:15:00,1562733900,754.9,759.6,754.15,758.4,253300
2019-07-10 11:15:00,1562737500,758.4,760.95,756.25,758.05,317534
2019-07-10 12:15:00,1562741100,758.05,759.25,752.1,755.15,242399
2019-07-10 13:15:00,1562744700,755.15,758.6,754.2,757,148012
2019-07-10 14:15:00,1562748300,757,759.95,755.6,759.9,236147
2019-07-10 15:15:00,1562751900,759.9,762,759.45,761.9,106460
2019-07-11 09:15:00,1562816700,765,769.3,760.6,761.85,387663
2019-07-11 10:15:00,1562820300,761.85,762.6,752.4,753.95,235466
2019-07-11 11:15:00,1562823900,753.95,756.95,751.15,755.7,279144
2019-07-11 12:15:00,1562827500,755.7,756.25,747.4,751.4,189236
2019-07-11 13:15:00,1562831100,751.45,752.9,749.2,750.65,78497
2019-07-11 14:15:00,1562834700,750.65,754.75,750,754.7,190729
2019-07-11 15:15:00,1562838300,754.75,755.55,751.4,753.3,228014
2019-07-12 09:15:00,1562903100,757,764.7,753,758.9,402316
2019-07-12 10:15:00,1562906700,758.9,758.9,752,757.55,230486
2019-07-12 11:15:00,1562910300,757.55,763.5,757.3,760.3,133879
2019-07-12 12:15:00,1562913900,760.3,762.45,759.8,761.35,59339
2019-07-12 13:15:00,1562917500,761.35,762.1,760,760.4,55166
2019-07-12 14:15:00,1562921100,760.65,764.5,760.15,762.45,202223
2019-07-12 15:15:00,1562924700,762.65,763.2,760.65,761.55,82248
2019-07-15 09:15:00,1563162300,765,767.95,754.2,755.8,213110
2019-07-15 10:15:00,1563165900,755.8,759.55,750.5,752.6,152846
2019-07-15 11:15:00,1563169500,752.6,758.45,751.05,757.05,109833
2019-07-15 12:15:00,1563173100,757.05,765.75,755.8,763.55,115190
2019-07-15 13:15:00,1563176700,763.55,763.75,759.7,760,52878
2019-07-15 14:15:00,1563180300,760,766.5,760,766.1,130510
2019-07-15 15:15:00,1563183900,766.1,767.15,762.45,763.95,86964
2019-07-16 09:15:00,1563248700,763.95,768.2,760.6,765.95,145140
2019-07-16 10:15:00,1563252300,765.95,772.9,765.4,771,241918
2019-07-16 11:15:00,1563255900,771.05,771.55,768.2,770.3,49535
2019-07-16 12:15:00,1563259500,770.3,771.5,766.45,768.7,58019
2019-07-16 13:15:00,1563263100,768.7,774.2,767.6,773.25,111888
2019-07-16 14:15:00,1563266700,773.4,780.5,772.3,780.05,375583
2019-07-16 15:15:00,1563270300,780.05,782,779,779,147927
2019-07-17 09:15:00,1563335100,779.95,782.65,771.3,773.45,271442
2019-07-17 10:15:00,1563338700,773.45,776.8,773,774.25,98992
2019-07-17 11:15:00,1563342300,774.25,777.6,771.2,771.65,86650
2019-07-17 12:15:00,1563345900,772,773.35,768.75,769,105221
2019-07-17 13:15:00,1563349500,768.75,773,768.65,772.6,67372
2019-07-17 14:15:00,1563353100,772.35,773.35,771.55,772.2,83629
2019-07-17 15:15:00,1563356700,772.05,773.2,768,769,70017
2019-07-18 09:15:00,1563421500,772.4,775,761,763.35,151893
2019-07-18 10:15:00,1563425100,763.35,765.3,757.7,759.75,106215
2019-07-18 11:15:00,1563428700,760,761.7,756.45,758.85,79227
2019-07-18 12:15:00,1563432300,758.85,760.75,757.5,759.15,45721
2019-07-18 13:15:00,1563435900,759.15,762.6,759.1,759.7,42863
2019-07-18 14:15:00,1563439500,759.7,764.8,756.1,757.2,101124
2019-07-18 15:15:00,1563443100,757.15,758,752.7,755.75,160358
2019-07-19 09:15:00,1563507900,758,763,743.35,744.5,257813
2019-07-19 10:15:00,1563511500,744,746.55,742.15,743.9,111626
2019-07-19 11:15:00,1563515100,743.9,749.9,743,747.15,84096
2019-07-19 12:15:00,1563518700,747.15,749.2,743,743.55,67108
2019-07-19 13:15:00,1563522300,743.55,748.45,743,745.35,80702
2019-07-19 14:15:00,1563525900,745.35,749,745.2,748.85,109018
2019-07-19 15:15:00,1563529500,748.85,749,745.85,747,85947
2019-07-22 09:15:00,1563767100,743.55,760,741.3,758.95,225734
2019-07-22 10:15:00,1563770700,758.95,765.6,758,763.35,189075
2019-07-22 11:15:00,1563774300,763.35,764.3,758.1,759.3,94119
2019-07-22 12:15:00,1563777900,759.3,762.9,758.1,758.9,61130
2019-07-22 13:15:00,1563781500,758.9,762.45,758.8,761.5,47728
2019-07-22 14:15:00,1563785100,761.5,761.6,754.45,757.15,120553
2019-07-22 15:15:00,1563788700,757.15,758,755,757,42361
2019-07-23 09:15:00,1563853500,760,762.8,752.35,753.1,196426
2019-07-23 10:15:00,1563857100,753.1,763,751.2,761,198710
2019-07-23 11:15:00,1563860700,761,764,759.15,762.95,122322
2019-07-23 12:15:00,1563864300,762.95,765.9,757.7,761.6,361055
2019-07-23 13:15:00,1563867900,761.6,764.8,756,757.6,231808
2019-07-23 14:15:00,1563871500,757.15,758.1,752.6,756.95,108578
2019-07-23 15:15:00,1563875100,756.95,758,754.35,756,66573
2019-07-24 09:15:00,1563939900,756.45,757.8,741.25,741.9,160446
2019-07-24 10:15:00,1563943500,741.9,744.95,736.2,737.8,178398
2019-07-24 11:15:00,1563947100,737.8,740.5,735.1,739.75,106806
2019-07-24 12:15:00,1563950700,739.75,740.4,737.55,738.75,53814
2019-07-24 13:15:00,1563954300,738.75,740.65,738.5,739.8,114670
2019-07-24 14:15:00,1563957900,739.65,740.55,739,739.75,221526
2019-07-24 15:15:00,1563961500,739.7,740.2,733.55,738.15,133249
2019-07-25 09:15:00,1564026300,741.8,761.9,736.55,759.5,368180
2019-07-25 10:15:00,1564029900,759.5,769,759.45,766.05,335005
2019-07-25 11:15:00,1564033500,766.5,770.3,765,765.5,250976
2019-07-25 12:15:00,1564037100,765.6,769,765.5,768.8,198805
2019-07-25 13:15:00,1564040700,768.8,776,768,773.5,413755
2019-07-25 14:15:00,1564044300,773.85,777.55,770,772.85,548632
2019-07-25 15:15:00,1564047900,772.6,777.7,767.4,768,460907
2019-07-26 09:15:00,1564112700,770,772.35,761,764.45,323549
2019-07-26 10:15:00,1564116300,764.45,780,764,777,268252
2019-07-26 11:15:00,1564119900,776.95,778.8,775.15,776.15,124372
2019-07-26 12:15:00,1564123500,776.15,777.65,770.4,777.5,111962
2019-07-26 13:15:00,1564127100,777.5,777.8,771.75,773.3,68628
2019-07-26 14:15:00,1564130700,773.5,778.8,772.85,778.8,120176
2019-07-26 15:15:00,1564134300,778.5,779,775,775.9,79972
2019-07-29 09:15:00,1564371900,772,775.55,762,763.85,271940
2019-07-29 10:15:00,1564375500,763.85,767.8,761.05,763.2,115203
2019-07-29 11:15:00,1564379100,763.4,763.4,753,755.75,148619
2019-07-29 12:15:00,1564382700,755.75,762.85,754.8,759.4,121605
2019-07-29 13:15:00,1564386300,759.4,763.25,759.4,761.75,95777
2019-07-29 14:15:00,1564389900,762,762.55,757.85,761.7,167098
2019-07-29 15:15:00,1564393500,761.45,765.2,761.45,763.9,111503
2019-07-30 09:15:00,1564458300,763.1,795,760,793.05,1015306
2019-07-30 10:15:00,1564461900,793.05,794,786.1,789.35,394489
2019-07-30 11:15:00,1564465500,789.3,794,787.25,793.95,265845
2019-07-30 12:15:00,1564469100,793.95,795,777.9,779.15,527322
2019-07-30 13:15:00,1564472700,779.3,785.55,777.3,777.6,254305
2019-07-30 14:15:00,1564476300,777.85,777.9,748.05,750.6,623855
2019-07-30 15:15:00,1564479900,750.7,761,750.1,758.9,180733
2019-07-31 09:15:00,1564544700,753.9,766.8,751,756.25,298095
2019-07-31 10:15:00,1564548300,756.35,759.35,753.05,756.4,154147
2019-07-31 11:15:00,1564551900,756.4,760.05,756.2,758.9,138985
2019-07-31 12:15:00,1564555500,758.9,760.8,758.8,760,136871
2019-07-31 13:15:00,1564559100,759.75,765.95,757.55,765,228468
2019-07-31 14:15:00,1564562700,765,772.45,762.15,764.75,281086
2019-07-31 15:15:00,1564566300,764.75,770,763.2,766.05,76595
2019-08-01 09:15:00,1564631100,764,773,758,759,233984
2019-08-01 10:15:00,1564634700,759,759,750.6,752,123589
2019-08-01 11:15:00,1564638300,752,754.6,746.65,747.5,128908
2019-08-01 12:15:00,1564641900,747.75,754.8,747.2,749.2,82753
2019-08-01 13:15:00,1564645500,749.25,752.95,747.1,750.55,203978
2019-08-01 14:15:00,1564649100,750.55,760,750,759.45,150039
2019-08-01 15:15:00,1564652700,759.5,763.75,755.5,757,92841
2019-08-02 09:15:00,1564717500,756.55,764.75,749.1,755.75,236473
2019-08-02 10:15:00,1564721100,755.75,760.55,753.85,756.3,138092
2019-08-02 11:15:00,1564724700,756.3,770.2,756.05,769.1,251987
2019-08-02 12:15:00,1564728300,769.1,769.5,764.25,767.55,120379
2019-08-02 13:15:00,1564731900,767.55,775.7,767.05,775,161868
2019-08-02 14:15:00,1564735500,775,775,763.15,766.9,152049
2019-08-02 15:15:00,1564739100,766.75,773,764,768.25,99627
2019-08-05 09:15:00,1564976700,760.4,771.15,755.1,758.65,308202
2019-08-05 10:15:00,1564980300,758.2,761.4,742.65,746.1,253749
2019-08-05 11:15:00,1564983900,746.1,757,741.1,756,213947
2019-08-05 12:15:00,1564987500,756,763.4,754.25,757.8,138091
2019-08-05 13:15:00,1564991100,757.8,760.6,752.2,756,131541
2019-08-05 14:15:00,1564994700,756,758,755.75,757.2,108334
2019-08-05 15:15:00,1564998300,757.3,757.8,754.5,756.2,82970
2019-08-06 09:15:00,1565063100,756,771,755,766.6,227873
2019-08-06 10:15:00,1565066700,766.6,768,754.5,763,164276
2019-08-06 11:15:00,1565070300,762.75,765.45,751.5,755.65,192755
2019-08-06 12:15:00,1565073900,755.2,756.55,752,752.9,79997
2019-08-06 13:15:00,1565077500,752.9,752.9,742.5,751.8,299368
2019-08-06 14:15:00,1565081100,752,752.8,748.3,751.6,197530
2019-08-06 15:15:00,1565084700,751.55,752.3,747.95,750,96182
2019-08-07 09:15:00,1565149500,750.6,762,748.05,758.05,429939
2019-08-07 10:15:00,1565153100,758.05,758.95,755.2,756.5,70737
2019-08-07 11:15:00,1565156700,756.25,760.6,753,760.3,209604
2019-08-07 12:15:00,1565160300,760.4,764.5,759.1,761.75,100016
2019-08-07 13:15:00,1565163900,761.75,775,757.5,769.25,936980
2019-08-07 14:15:00,1565167500,769.25,786.4,765.2,783.6,1078064
2019-08-07 15:15:00,1565171100,783.5,784.85,775,776.9,193354
2019-08-08 09:15:00,1565235900,785.8,791.4,760.9,764.55,1073144
2019-08-08 10:15:00,1565239500,764.55,767.95,762.05,763.5,253190
2019-08-08 11:15:00,1565243100,763.5,765.95,758,760.4,240923
2019-08-08 12:15:00,1565246700,760.4,760.75,754,758.15,239137
2019-08-08 13:15:00,1565250300,758.15,767.1,750.4,755.5,536034
2019-08-08 14:15:00,1565253900,755.5,768.5,753.7,760,737821
2019-08-08 15:15:00,1565257500,760,763.75,759.5,761,158257
2019-08-09 09:15:00,1565322300,769.6,771.9,755.05,758.05,432531
2019-08-09 10:15:00,1565325900,758.05,763,755.15,762,179105
2019-08-09 11:15:00,1565329500,762,766.5,758.55,764.4,182656
2019-08-09 12:15:00,1565333100,764.4,765.45,760.25,765.4,206478
2019-08-09 13:15:00,1565336700,765.2,768,757.1,761.35,322784
2019-08-09 14:15:00,1565340300,761.35,762.25,757.6,758.75,187390
2019-08-09 15:15:00,1565343900,759,759.65,757.05,758.5,104368
2019-08-13 09:15:00,1565667900,758,758,746.1,753,420263
2019-08-13 10:15:00,1565671500,753,762,751.35,754.95,202424
2019-08-13 11:15:00,1565675100,754.95,757.25,752.1,753.05,115843
2019-08-13 12:15:00,1565678700,753.05,754.45,748.1,751.05,174215
2019-08-13 13:15:00,1565682300,751.05,753.5,749.15,750.9,69859
2019-08-13 14:15:00,1565685900,750.9,751.65,747.25,749.65,137137
2019-08-13 15:15:00,1565689500,749.6,749.9,746,747.5,68220
2019-08-14 09:15:00,1565754300,747,749.8,724,726.2,637837
2019-08-14 10:15:00,1565757900,726.7,731.85,724.65,727.6,222573
2019-08-14 11:15:00,1565761500,727.6,731.05,722.05,724.55,165375
2019-08-14 12:15:00,1565765100,724.25,728.9,723.05,726.45,124743
2019-08-14 13:15:00,1565768700,726.45,733.95,726,731.55,192334
2019-08-14 14:15:00,1565772300,731.5,734.4,727.95,733.25,224335
2019-08-14 15:15:00,1565775900,733,737.55,733,734,177854
2019-08-16 09:15:00,1565927100,734,734.6,724.25,725.4,304581
2019-08-16 10:15:00,1565930700,725.4,727.9,724.65,725.6,73713
2019-08-16 11:15:00,1565934300,725.6,727.55,722.25,725.8,133009
2019-08-16 12:15:00,1565937900,726,727.2,723.65,726.9,55480
2019-08-16 13:15:00,1565941500,726.9,727.75,723.2,725,71889
2019-08-16 14:15:00,1565945100,725,729.5,723.25,729.5,292670
2019-08-16 15:15:00,1565948700,729.5,732.5,725.6,727.5,143334
2019-08-19 09:15:00,1566186300,729.3,747.85,727.5,745.8,388456
2019-08-19 10:15:00,1566189900,745.4,746.95,742.2,745.15,116597
2019-08-19 11:15:00,1566193500,745.15,749.4,745,745.85,152675
2019-08-19 12:15:00,1566197100,745.85,746,738.8,739.9,133197
2019-08-19 13:15:00,1566200700,739.9,740.8,732.3,735.05,133978
2019-08-19 14:15:00,1566204300,735.05,737,730.55,732.55,139372
2019-08-19 15:15:00,1566207900,732.55,733.75,730.05,732.95,87849
2019-08-20 09:15:00,1566272700,736.55,742.25,729.25,730.9,261230
2019-08-20 10:15:00,1566276300,730.65,734.85,728.25,734.75,138983
2019-08-20 11:15:00,1566279900,734.75,738.95,732.65,734.1,126223
2019-08-20 12:15:00,1566283500,734.1,738.1,730.3,737.55,135372
2019-08-20 13:15:00,1566287100,737.55,740,736.1,739.25,81613
2019-08-20 14:15:00,1566290700,739.5,739.7,733.8,737.25,113517
2019-08-20 15:15:00,1566294300,737.2,737.2,734.1,736.2,66770
2019-08-21 09:15:00,1566359100,739,740.75,737,737.9,171977
2019-08-21 10:15:00,1566362700,737.9,741.5,735.2,736.3,104137
2019-08-21 11:15:00,1566366300,736.3,737.2,732.75,734.75,108755
2019-08-21 12:15:00,1566369900,734.45,735.7,733.5,735.25,32608
2019-08-21 13:15:00,1566373500,735.25,735.75,730.85,732.35,72042
2019-08-21 14:15:00,1566377100,732.35,736.45,731.25,735.7,329350
2019-08-21 15:15:00,1566380700,735.7,737.6,732.85,735,116166
2019-08-22 09:15:00,1566445500,735.3,738.4,732.2,735.35,117549
2019-08-22 10:15:00,1566449100,735.35,741.7,733.9,740.45,127941
2019-08-22 11:15:00,1566452700,740.45,744.95,740.2,743.75,246246
2019-08-22 12:15:00,1566456300,743.75,746,742,744.45,127852
2019-08-22 13:15:00,1566459900,744.45,745.9,739.95,740.35,125060
2019-08-22 14:15:00,1566463500,740.1,740.75,736.3,738.9,191953
2019-08-22 15:15:00,1566467100,738.45,738.95,730.55,736,92563
2019-08-23 09:15:00,1566531900,736,737.3,711.55,729.6,543231
2019-08-23 10:15:00,1566535500,729.7,736.6,725.3,729.1,142996
2019-08-23 11:15:00,1566539100,728.75,732.55,728.75,730.2,43207
2019-08-23 12:15:00,1566542700,730.2,739.65,730.2,738.8,91591
2019-08-23 13:15:00,1566546300,738.8,743.55,737.8,739.7,127455
2019-08-23 14:15:00,1566549900,739.7,745,737.85,738.4,164458
2019-08-23 15:15:00,1566553500,738.4,740.6,736,738.25,84717
2019-08-26 09:15:00,1566791100,745,749,735,740.7,313225
2019-08-26 10:15:00,1566794700,740.75,757.4,740.35,753.7,373246
2019-08-26 11:15:00,1566798300,753.7,757,749.1,749.15,173366
2019-08-26 12:15:00,1566801900,750,752,747.25,748.3,133875
2019-08-26 13:15:00,1566805500,748.3,749.55,746.9,748.45,167735
2019-08-26 14:15:00,1566809100,748,751,746.05,746.15,219458
2019-08-26 15:15:00,1566812700,746.15,757.8,744.5,754.5,118459
2019-08-27 09:15:00,1566877500,750.95,755.9,744.15,745.3,222678
2019-08-27 10:15:00,1566881100,744.85,746,737.55,743,155914
2019-08-27 11:15:00,1566884700,743,748.3,740.6,744.6,104665
2019-08-27 12:15:00,1566888300,744.6,746.6,743.4,745.3,49363
2019-08-27 13:15:00,1566891900,745.3,746.1,742.6,742.8,40201
2019-08-27 14:15:00,1566895500,742.8,743.95,737.05,737.05,246487
2019-08-27 15:15:00,1566899100,737.05,742.05,735.85,740.5,220188
2019-08-28 09:15:00,1566963900,742,751.3,741,743.45,188329
2019-08-28 10:15:00,1566967500,743.9,747.2,741.7,742.25,77252
2019-08-28 11:15:00,1566971100,742.25,742.6,733.25,734.85,168475
2019-08-28 12:15:00,1566974700,734.85,735,733,733.2,59559
2019-08-28 13:15:00,1566978300,733.2,735.75,732,732.9,87338
2019-08-28 14:15:00,1566981900,732.9,733.8,725.25,732.5,181002
2019-08-28 15:15:00,1566985500,732.5,733.3,730.85,732,61313
2019-08-29 09:15:00,1567050300,739,740.45,729.1,734.05,204034
2019-08-29 10:15:00,1567053900,733.85,736.45,729.95,733.7,81804
2019-08-29 11:15:00,1567057500,733.7,734.35,728.55,730.35,109027
2019-08-29 12:15:00,1567061100,730.35,733.75,729.05,731.75,81527
2019-08-29 13:15:00,1567064700,731.75,735.7,730,733.45,89128
2019-08-29 14:15:00,1567068300,733.45,736,732.4,734.85,141765
2019-08-29 15:15:00,1567071900,734.85,736.95,734.25,734.65,67925
2019-08-30 09:15:00,1567136700,735.9,736.65,722.1,723.4,313789
2019-08-30 10:15:00,1567140300,723.65,729.55,720.05,727.6,287639
2019-08-30 11:15:00,1567143900,727.6,729,724.2,728.45,77547
2019-08-30 12:15:00,1567147500,728.45,732.45,726.85,727,186723
2019-08-30 13:15:00,1567151100,727.05,733,727.05,729.95,195055
2019-08-30 14:15:00,1567154700,729.95,744.4,729.55,743.1,313106
2019-08-30 15:15:00,1567158300,743.1,744.55,740.95,743,135412
2019-09-03 09:15:00,1567482300,735,746,730.25,745.3,233101
2019-09-03 10:15:00,1567485900,745.3,745.95,742.1,743.55,94277
2019-09-03 11:15:00,1567489500,743.55,744.45,739.1,739.25,63201
2019-09-03 12:15:00,1567493100,739.25,740,734.8,735.15,110077
2019-09-03 13:15:00,1567496700,734.7,737.5,734.1,736.25,109502
2019-09-03 14:15:00,1567500300,736.25,741,734.8,735.55,195125
2019-09-03 15:15:00,1567503900,735.55,736.4,733,733.4,87556
2019-09-04 09:15:00,1567568700,738,741.5,731.9,740.25,185011
2019-09-04 10:15:00,1567572300,740.25,740.9,728.3,730,131640
2019-09-04 11:15:00,1567575900,730,734.9,728.8,730.9,102414
2019-09-04 12:15:00,1567579500,731.75,738.9,730.2,735.4,190809
2019-09-04 13:15:00,1567583100,735.4,739.75,734.35,738.6,118752
2019-09-04 14:15:00,1567586700,738.6,744.8,737.7,743,272378
2019-09-04 15:15:00,1567590300,743,743.5,740.25,742,103211
2019-09-05 09:15:00,1567655100,745.85,761.15,741,753.2,677490
2019-09-05 10:15:00,1567658700,753.2,762.1,752.95,760.6,524996
2019-09-05 11:15:00,1567662300,760.6,765.5,757.4,765,297918
2019-09-05 12:15:00,1567665900,765,768.9,763.6,766.6,354808
2019-09-05 13:15:00,1567669500,766.6,769.9,765.5,767.4,260328
2019-09-05 14:15:00,1567673100,767.4,768.5,763.7,764.95,359558
2019-09-05 15:15:00,1567676700,764.95,767.2,764.1,766.1,161818
2019-09-06 09:15:00,1567741500,769.2,769.95,757,759.1,296584
2019-09-06 10:15:00,1567745100,759.1,766.35,759,765.05,148303
2019-09-06 11:15:00,1567748700,765.05,769.7,763.55,767.55,106486
2019-09-06 12:15:00,1567752300,767.7,773.65,766.6,771.45,182197
2019-09-06 13:15:00,1567755900,771.4,774.65,770.25,771.55,264291
2019-09-06 14:15:00,1567759500,771.85,774,771.1,773.65,228199
2019-09-06 15:15:00,1567763100,773.65,774,771.55,772.1,122898
2019-09-09 09:15:00,1568000700,772,778.65,769.15,775.6,219847
2019-09-09 10:15:00,1568004300,775.6,776,769.5,769.7,111948
2019-09-09 11:15:00,1568007900,769.7,769.9,765,767.8,137972
2019-09-09 12:15:00,1568011500,767.5,770.65,766.1,770,77018
2019-09-09 13:15:00,1568015100,769.85,771.4,767,768.3,79907
2019-09-09 14:15:00,1568018700,768.3,769.75,765.85,766.45,151517
2019-09-09 15:15:00,1568022300,766.45,767.6,764.5,765.5,151279
2019-09-11 09:15:00,1568173500,767,769,761.35,761.7,263805
2019-09-11 10:15:00,1568177100,761.65,765.85,760.5,761.65,126380
2019-09-11 11:15:00,1568180700,761.65,763.2,760.5,761.05,70535
2019-09-11 12:15:00,1568184300,761.05,761.8,758,758.6,149440
2019-09-11 13:15:00,1568187900,758.6,759,756,758.6,143095
2019-09-11 14:15:00,1568191500,758.6,761.4,756.5,759.3,233396
2019-09-11 15:15:00,1568195100,759.45,760.3,758,758.05,114918
2019-09-12 09:15:00,1568259900,762.8,767.9,755.05,763.85,200077
2019-09-12 10:15:00,1568263500,764,765,757.1,757.5,139978
2019-09-12 11:15:00,1568267100,757.5,759.9,754.75,757.95,109142
2019-09-12 12:15:00,1568270700,757.95,762.5,757.5,761.9,161214
2019-09-12 13:15:00,1568274300,761.9,763.3,756.5,761.55,126192
2019-09-12 14:15:00,1568277900,761.55,762.75,758.6,759.85,78847
2019-09-12 15:15:00,1568281500,759.8,760.4,756.8,760,63198
2019-09-13 09:15:00,1568346300,762.4,763.7,753.6,754.9,117954
2019-09-13 10:15:00,1568349900,754.9,757.25,753.95,755.4,37761
2019-09-13 11:15:00,1568353500,755.4,760,754,759.5,53856
2019-09-13 12:15:00,1568357100,759.5,763.1,757.35,762.25,69778
2019-09-13 13:15:00,1568360700,762.25,764.35,759.9,762.85,52675
2019-09-13 14:15:00,1568364300,762.85,764.95,760.3,764,116364
2019-09-13 15:15:00,1568367900,763.9,766,761.9,764.5,70151
2019-09-16 09:15:00,1568605500,764.1,780,760.7,776.7,540606
2019-09-16 10:15:00,1568609100,776.7,776.7,770.6,771.1,449788
2019-09-16 11:15:00,1568612700,771.1,772.2,766.45,767.2,148294
2019-09-16 12:15:00,1568616300,767.4,769.95,765.65,768.7,74518
2019-09-16 13:15:00,1568619900,768.7,770.7,767.5,768.4,51755
2019-09-16 14:15:00,1568623500,768.55,771.8,768,769.25,142598
2019-09-16 15:15:00,1568627100,769.3,769.7,766.35,767.5,113946
2019-09-17 09:15:00,1568691900,770,773,764.45,765.35,131775
2019-09-17 10:15:00,1568695500,765.35,766,761.4,762.4,81619
2019-09-17 11:15:00,1568699100,762.4,762.65,758.2,760.35,319441
2019-09-17 12:15:00,1568702700,760.35,761.9,757.6,759.7,96580
2019-09-17 13:15:00,1568706300,759.6,762.4,755.35,762,172933
2019-09-17 14:15:00,1568709900,762,764.9,754.6,758.25,296037
2019-09-17 15:15:00,1568713500,758.7,760.25,755.7,757.45,76249
2019-09-18 09:15:00,1568778300,761,762,754.5,756.65,143123
2019-09-18 10:15:00,1568781900,756.65,759.05,753,754,80058
2019-09-18 11:15:00,1568785500,754,758,753.75,757.05,43917
2019-09-18 12:15:00,1568789100,757.05,760.5,756.6,759.7,56995
2019-09-18 13:15:00,1568792700,759.7,760.05,757.4,759.2,19374
2019-09-18 14:15:00,1568796300,759.2,760.05,757.2,758.65,73745
2019-09-18 15:15:00,1568799900,758.65,761,757.75,761,51278
2019-09-19 09:15:00,1568864700,760.25,762.75,733.75,739.4,429564
2019-09-19 10:15:00,1568868300,739.8,753.95,737.6,750.2,574371
2019-09-19 11:15:00,1568871900,750.3,752.5,740.15,740.15,495615
2019-09-19 12:15:00,1568875500,740.15,740.9,736.6,738.45,228942
2019-09-19 13:15:00,1568879100,738.45,743.6,738.05,741.35,139851
2019-09-19 14:15:00,1568882700,741.35,744,738.1,740.9,240930
2019-09-19 15:15:00,1568886300,740.9,742.95,740.45,742,135615
2019-09-20 09:15:00,1568951100,747.7,747.7,736.15,737,150829
2019-09-20 10:15:00,1568954700,737.05,749.3,734.15,748.35,383753
2019-09-20 11:15:00,1568958300,749.5,755.95,742.6,752.15,520320
2019-09-20 12:15:00,1568961900,752.05,756.4,748.65,750.35,271198
2019-09-20 13:15:00,1568965500,750.35,755.55,749.2,750.05,218982
2019-09-20 14:15:00,1568969100,750,758,744.4,758,850261
2019-09-20 15:15:00,1568972700,758,758.85,755,757,292997
2019-09-23 09:15:00,1569210300,762,765.3,732,733.5,707510
2019-09-23 10:15:00,1569213900,733.5,736.3,727.75,732.05,355599
2019-09-23 11:15:00,1569217500,731.7,734.45,729.3,729.75,189356
2019-09-23 12:15:00,1569221100,729.75,731.8,727,727.2,438529
2019-09-23 13:15:00,1569224700,727.2,730.55,723.4,727.95,315584
2019-09-23 14:15:00,1569228300,727.55,735,727,732,348455
2019-09-23 15:15:00,1569231900,730,733.45,727,731,101542
2019-09-24 09:15:00,1569296700,735,744.95,731.05,743.65,360215
2019-09-24 10:15:00,1569300300,743.65,745,738.3,740.45,197967
2019-09-24 11:15:00,1569303900,740.45,746.4,739.6,741.65,175910
2019-09-24 12:15:00,1569307500,741.65,743.25,738.3,738.35,88440
2019-09-24 13:15:00,1569311100,738.45,742.65,738,741.5,92125
2019-09-24 14:15:00,1569314700,741.5,742.85,737.05,739,188846
2019-09-24 15:15:00,1569318300,739,740.45,737.05,738.05,99483
2019-09-25 09:15:00,1569383100,738.9,740,730.3,730.6,180182
2019-09-25 10:15:00,1569386700,730.6,735.25,730,733.4,85629
2019-09-25 11:15:00,1569390300,733.4,733.85,729,729.5,61917
2019-09-25 12:15:00,1569393900,729.05,733.35,728.1,730.2,56240
2019-09-25 13:15:00,1569397500,730.2,730.3,727.4,728.55,61926
2019-09-25 14:15:00,1569401100,728.55,733.95,727.3,730.55,108555
2019-09-25 15:15:00,1569404700,730.55,731.8,728.5,729.1,53651
2019-09-26 09:15:00,1569469500,733,735.9,728.5,732.9,135106
2019-09-26 10:15:00,1569473100,732.9,733.25,728.3,729,78920
2019-09-26 11:15:00,1569476700,729,730.75,726,727.3,180864
2019-09-26 12:15:00,1569480300,727.3,728,725.45,727.25,77654
2019-09-26 13:15:00,1569483900,727.25,729.5,726,727.2,107603
2019-09-26 14:15:00,1569487500,727.2,728.95,725.9,728.3,178656
2019-09-26 15:15:00,1569491100,728.3,731,727.2,728.95,199510
2019-09-27 09:15:00,1569555900,726.1,734.2,726.1,732.4,193667
2019-09-27 10:15:00,1569559500,732.4,732.95,723.05,724.5,130620
2019-09-27 11:15:00,1569563100,724.5,727,719.4,721.4,211369
2019-09-27 12:15:00,1569566700,721.4,724.8,721.1,723.3,67588
2019-09-27 13:15:00,1569570300,723.3,724.05,717.3,719.6,254595
2019-09-27 14:15:00,1569573900,719.6,721.45,715,715.35,196613
2019-09-27 15:15:00,1569577500,715.3,719.9,714.65,717.9,228061
2019-09-30 09:15:00,1569815100,720,720,702.05,703.5,559594
2019-09-30 10:15:00,1569818700,703.4,712.6,703.4,709.55,202284
2019-09-30 11:15:00,1569822300,709.5,711.8,706.35,708.3,109707
2019-09-30 12:15:00,1569825900,708.3,711.2,708,710.4,87470
2019-09-30 13:15:00,1569829500,710.2,711.1,706,706.9,80958
2019-09-30 14:15:00,1569833100,706.95,715.95,706,715.75,288330
2019-09-30 15:15:00,1569836700,715.8,717.45,715.25,715.7,158876
2019-10-01 09:15:00,1569901500,716,726.25,712.3,715.1,309590
2019-10-01 10:15:00,1569905100,715.2,720,715.05,715.5,127379
2019-10-01 11:15:00,1569908700,715.4,716,711.4,712,109260
2019-10-01 12:15:00,1569912300,712,712.4,708.6,709.65,111305
2019-10-01 13:15:00,1569915900,709.65,710.1,703.7,704.5,182794
2019-10-01 14:15:00,1569919500,704.55,708.6,702.1,702.55,198714
2019-10-01 15:15:00,1569923100,702.55,704.1,700.5,702.5,121552
2019-10-03 09:15:00,1570074300,693,697.9,676.85,693.6,852507
2019-10-03 10:15:00,1570077900,693.6,695.6,680,692.65,539446
2019-10-03 11:15:00,1570081500,692.65,697.1,688.75,696.9,199968
2019-10-03 12:15:00,1570085100,696.9,697.95,692.5,695.5,168968
2019-10-03 13:15:00,1570088700,695.5,707,694,701.55,288206
2019-10-03 14:15:00,1570092300,701.55,704.2,699.9,701.8,329230
2019-10-03 15:15:00,1570095900,701.45,702.55,698.7,700.8,125620
2019-10-04 09:15:00,1570160700,702,708.5,697.85,698.95,269153
2019-10-04 10:15:00,1570164300,698.95,699.45,695.3,697.95,124960
2019-10-04 11:15:00,1570167900,697.95,699,693.45,695.35,134929
2019-10-04 12:15:00,1570171500,695.25,699.85,694.65,696.55,126902
2019-10-04 13:15:00,1570175100,696.15,697,692.2,693.5,136795
2019-10-04 14:15:00,1570178700,693.4,695,685,686.7,221393
2019-10-04 15:15:00,1570182300,686.7,687,684.1,685.2,91390
2019-10-07 09:15:00,1570419900,689.05,690.85,676.4,678.6,490454
2019-10-07 10:15:00,1570423500,678.6,680,671.25,672,282318
2019-10-07 11:15:00,1570427100,672.25,677.85,670.55,674.85,155951
2019-10-07 12:15:00,1570430700,675,679.45,671.95,673.45,186372
2019-10-07 13:15:00,1570434300,673.45,677.6,670.95,673.9,284391
2019-10-07 14:15:00,1570437900,673.5,674.5,646.3,665.5,1176241
2019-10-07 15:15:00,1570441500,665.35,669.05,663.05,663.65,175466
2019-10-09 09:15:00,1570592700,664.9,671.5,660,666.5,398917
2019-10-09 10:15:00,1570596300,667,670,662,668.5,118538
2019-10-09 11:15:00,1570599900,668.75,680,668.75,675.4,253240
2019-10-09 12:15:00,1570603500,675.4,678.8,672.25,676.6,132089
2019-10-09 13:15:00,1570607100,676.6,678.7,675.05,675.15,179271
2019-10-09 14:15:00,1570610700,675.15,685,675.15,681.4,315506
2019-10-09 15:15:00,1570614300,681.4,684.95,680.85,684,102427
2019-10-10 09:15:00,1570679100,680,691.85,676.85,687.6,321256
2019-10-10 10:15:00,1570682700,687.6,694.75,686.55,690.45,208095
2019-10-10 11:15:00,1570686300,690.45,693.25,687.65,690.85,137131
2019-10-10 12:15:00,1570689900,690.85,693.6,689,692.65,134534
2019-10-10 13:15:00,1570693500,692.5,698.8,690.05,693.5,241921
2019-10-10 14:15:00,1570697100,693.2,697.5,691.45,693.35,220739
2019-10-10 15:15:00,1570700700,693.35,693.35,689.15,690.55,243273
2019-10-11 09:15:00,1570765500,692.65,694.4,683,690,308616
2019-10-11 10:15:00,1570769100,690,697.2,689.25,694.65,245418
2019-10-11 11:15:00,1570772700,694.65,698.75,691.8,695,163347
2019-10-11 12:15:00,1570776300,695,696.25,692.3,695.05,78727
2019-10-11 13:15:00,1570779900,695.05,697.95,694.55,696.9,51210
2019-10-11 14:15:00,1570783500,696.9,704,695.25,701.6,217337
2019-10-11 15:15:00,1570787100,702,703.95,700.4,702.5,65744
2019-10-14 09:15:00,1571024700,704,716.9,697.3,699.25,357543
2019-10-14 10:15:00,1571028300,699.25,704.35,699.1,702.9,81468
2019-10-14 11:15:00,1571031900,702.9,709,702.4,708.1,86361
2019-10-14 12:15:00,1571035500,708.1,713.05,707,711.65,100825
2019-10-14 13:15:00,1571039100,711.65,714.05,708.6,709.8,80456
2019-10-14 14:15:00,1571042700,709.8,720.4,708.1,713.45,510517
2019-10-14 15:15:00,1571046300,713.5,717,712.65,715.3,84653
2019-10-15 09:15:00,1571111100,718,724.75,711.5,722.55,335388
2019-10-15 10:15:00,1571114700,722.55,726.9,718,718,529907
2019-10-15 11:15:00,1571118300,718,719.95,715.15,715.95,142702
2019-10-15 12:15:00,1571121900,715.95,720.6,715.45,718.9,118733
2019-10-15 13:15:00,1571125500,718.9,720.85,717.85,719.65,89777
2019-10-15 14:15:00,1571129100,719.65,721.95,718.55,721.25,154159
2019-10-15 15:15:00,1571132700,721.25,722.6,720.5,720.55,67786
2019-10-16 09:15:00,1571197500,723,728.65,716.8,727.75,240527
2019-10-16 10:15:00,1571201100,727.75,731.3,726.75,730.3,303406
2019-10-16 11:15:00,1571204700,730.3,731.95,728.6,729.35,96408
2019-10-16 12:15:00,1571208300,729.5,730.45,728.35,729,148159
2019-10-16 13:15:00,1571211900,729,730.7,728.35,730,67349
2019-10-16 14:15:00,1571215500,730,733.65,728.25,732.9,154124
2019-10-16 15:15:00,1571219100,732.9,735,729.7,734.5,130112
2019-10-17 09:15:00,1571283900,731.5,732,725.4,726.85,94113
2019-10-17 10:15:00,1571287500,726.85,727.15,722.7,723.35,123492
2019-10-17 11:15:00,1571291100,723.35,724.5,720.1,721.15,104506
2019-10-17 12:15:00,1571294700,721.15,723.7,721.15,721.65,78591
2019-10-17 13:15:00,1571298300,721.65,722.1,719,720.7,89501
2019-10-17 14:15:00,1571301900,720.8,727.75,719.5,727.75,172510
2019-10-17 15:15:00,1571305500,727.75,729.35,724.3,727,81237
2019-10-18 09:15:00,1571370300,726.5,731.6,722.85,729,151880
2019-10-18 10:15:00,1571373900,729,731.7,726.25,731.1,223560
2019-10-18 11:15:00,1571377500,731.1,735.8,730.55,730.7,282340
2019-10-18 12:15:00,1571381100,730.7,733.8,728.1,732.25,53552
2019-10-18 13:15:00,1571384700,732.25,735,732.15,733.85,71048
2019-10-18 14:15:00,1571388300,733.8,746.15,732.65,739.85,754601
2019-10-18 15:15:00,1571391900,739.85,743.25,738.3,739.8,276561
2019-10-22 09:15:00,1571715900,738.9,745.2,733.95,741.5,219579
2019-10-22 10:15:00,1571719500,741.5,744,740.2,741.15,80470
2019-10-22 11:15:00,1571723100,741.15,744.75,740.6,744.2,79923
2019-10-22 12:15:00,1571726700,744.2,747.8,742.8,746.5,87146
2019-10-22 13:15:00,1571730300,746.5,748.35,743,745.35,89136
2019-10-22 14:15:00,1571733900,745.35,747.4,743.75,745.45,86008
2019-10-22 15:15:00,1571737500,745.45,747.7,744.05,744.8,69568
2019-10-23 09:15:00,1571802300,749.5,749.5,737,741.7,273597
2019-10-23 10:15:00,1571805900,741.7,743.45,738.6,739.8,85744
2019-10-23 11:15:00,1571809500,740.05,743.4,739.15,740.8,570105
2019-10-23 12:15:00,1571813100,740.8,741,733,734.75,116143
2019-10-23 13:15:00,1571816700,734.75,736.6,733.6,734,62907
2019-10-23 14:15:00,1571820300,733.9,738.5,730.7,737.4,148509
2019-10-23 15:15:00,1571823900,737.95,738.3,734.2,735.45,104846
2019-10-24 09:15:00,1571888700,736.5,741.7,733.5,739,138547
2019-10-24 10:15:00,1571892300,739,741,728,728.6,293916
2019-10-24 11:15:00,1571895900,728.95,731.05,727,730.55,64771
2019-10-24 12:15:00,1571899500,730.5,732.35,725.25,725.5,102372
2019-10-24 13:15:00,1571903100,725.5,727.7,723.65,725.75,130502
2019-10-24 14:15:00,1571906700,725.75,731,724.9,729.75,190486
2019-10-24 15:15:00,1571910300,729.7,732.8,729.05,730.3,82553
2019-10-25 09:15:00,1571975100,730.3,733.65,725.2,727,88653
2019-10-25 10:15:00,1571978700,727,728.6,725,727.55,56374
2019-10-25 11:15:00,1571982300,728.2,729.9,726.05,727.35,56581
2019-10-25 12:15:00,1571985900,727.35,729,725.7,726.55,539120
2019-10-25 13:15:00,1571989500,726.55,730.7,726,730.3,58239
2019-10-25 14:15:00,1571993100,730.3,737.15,728.45,733.3,126440
2019-10-25 15:15:00,1571996700,733.3,734.65,731.55,731.55,44782
2019-10-27 18:15:00,1572180300,735,739.3,728.85,735,82152
2019-10-29 09:15:00,1572320700,733.5,736.9,731.2,735.2,116397
2019-10-29 10:15:00,1572324300,735.2,738.5,728,728.8,161572
2019-10-29 11:15:00,1572327900,729.1,736.3,728.5,730.25,142992
2019-10-29 12:15:00,1572331500,730.25,731.85,728.2,729.5,86095
2019-10-29 13:15:00,1572335100,729.5,731.9,729,731.45,572850
2019-10-29 14:15:00,1572338700,731.45,740.9,731.45,735.25,488166
2019-10-29 15:15:00,1572342300,735.25,735.45,731.35,732.5,139030
2019-10-30 09:15:00,1572407100,740.9,740.9,732.75,737,112686
2019-10-30 10:15:00,1572410700,737,738.5,733.6,735.5,67585
2019-10-30 11:15:00,1572414300,735.5,736.45,733.5,734.6,45854
2019-10-30 12:15:00,1572417900,734.65,737.6,733.6,734,48858
2019-10-30 13:15:00,1572421500,734,735,730.5,731,91546
2019-10-30 14:15:00,1572425100,731,731.3,726,729.45,203917
2019-10-30 15:15:00,1572428700,729.6,732,729,730.05,75572
2019-10-31 09:15:00,1572493500,729.9,738.9,728,737.65,160534
2019-10-31 10:15:00,1572497100,737.8,738.6,735.35,737.05,51517
2019-10-31 11:15:00,1572500700,737.05,737.3,733.3,734.4,65700
2019-10-31 12:15:00,1572504300,734.4,736.5,732.2,733,67771
2019-10-31 13:15:00,1572507900,733,741.8,732.7,741.5,150197
2019-10-31 14:15:00,1572511500,741.5,748.2,741.05,745.6,418217
2019-10-31 15:15:00,1572515100,745.6,747.25,742.7,745,153882
2019-11-01 09:15:00,1572579900,754,773,751.75,759.65,808847
2019-11-01 10:15:00,1572583500,759.1,763,755.55,761,274990
2019-11-01 11:15:00,1572587100,761,769.55,760.75,768,338719
2019-11-01 12:15:00,1572590700,768.25,775,767,769.8,383170
2019-11-01 13:15:00,1572594300,769.8,770,763.9,765.75,216132
2019-11-01 14:15:00,1572597900,765.1,770.4,765.1,767.05,200411
2019-11-01 15:15:00,1572601500,767,767.75,763.1,765,146471
2019-11-04 09:15:00,1572839100,768.2,769.6,761.1,765.05,200318
2019-11-04 10:15:00,1572842700,765.05,767.2,762.2,767.15,89953
2019-11-04 11:15:00,1572846300,767.2,767.95,756.05,757.4,159506
2019-11-04 12:15:00,1572849900,757.15,759.7,756,757.1,71956
2019-11-04 13:15:00,1572853500,757.15,762,757.1,759.95,56034
2019-11-04 14:15:00,1572857100,759.95,763.5,758.5,759.15,91819
2019-11-04 15:15:00,1572860700,759.15,760.85,758.05,759.1,67821
2019-11-05 09:15:00,1572925500,762.5,762.5,756,758,173120
2019-11-05 10:15:00,1572929100,758,764.9,757.35,758.65,136416
2019-11-05 11:15:00,1572932700,758.55,759.15,752.45,754.55,130861
2019-11-05 12:15:00,1572936300,754.55,756,750.1,750.55,100738
2019-11-05 13:15:00,1572939900,750.55,754.8,748.35,753.55,87733
2019-11-05 14:15:00,1572943500,753.5,755.9,751.4,753.5,123638
2019-11-05 15:15:00,1572947100,753.5,756.95,753,755.75,98915
2019-11-06 09:15:00,1573011900,757.75,764.5,753.05,755.6,429780
2019-11-06 10:15:00,1573015500,755.6,757.6,750.1,754.45,156007
2019-11-06 11:15:00,1573019100,754.45,755.85,750.2,753.7,116098
2019-11-06 12:15:00,1573022700,753.7,757.9,753.5,756.9,113004
2019-11-06 13:15:00,1573026300,756.9,758.05,754,756.85,123574
2019-11-06 14:15:00,1573029900,756.85,787.6,740.2,774.25,3202629
2019-11-06 15:15:00,1573033500,775,776.4,757.6,758.55,702612
2019-11-07 09:15:00,1573098300,745,754.15,738.1,742.8,1572803
2019-11-07 10:15:00,1573101900,742.8,745.65,739.05,739.95,1048866
2019-11-07 11:15:00,1573105500,739.95,739.95,735.45,738.7,452884
2019-11-07 12:15:00,1573109100,738.8,743.2,736.8,741,391741
2019-11-07 13:15:00,1573112700,741,741.8,736.75,739.2,294160
2019-11-07 14:15:00,1573116300,739.2,740.5,736.4,736.95,1774130
2019-11-07 15:15:00,1573119900,736.95,740.35,735.25,738.1,683401
2019-11-08 09:15:00,1573184700,741,743,734,735.8,357080
2019-11-08 10:15:00,1573188300,735.8,737.8,732,732.15,157464
2019-11-08 11:15:00,1573191900,732.15,733.9,730,731,126609
2019-11-08 12:15:00,1573195500,731,731.5,728.1,729.5,141815
2019-11-08 13:15:00,1573199100,729.5,729.95,726.35,726.8,174673
2019-11-08 14:15:00,1573202700,726.8,730,715.25,716.05,416941
2019-11-08 15:15:00,1573206300,716.3,719.05,716.15,718.5,148035
2019-11-11 09:15:00,1573443900,723,732.65,721.05,730.9,501289
2019-11-11 10:15:00,1573447500,730.9,734.75,730.5,732.5,192929
2019-11-11 11:15:00,1573451100,732.5,739.7,732.15,739,271805
2019-11-11 12:15:00,1573454700,739,739.85,734,735.3,171522
2019-11-11 13:15:00,1573458300,735.3,736.55,733.3,733.85,74197
2019-11-11 14:15:00,1573461900,733.85,736.6,733.25,736,164548
2019-11-11 15:15:00,1573465500,735.8,738,734.65,736.95,124661
2019-11-13 09:15:00,1573616700,754,758.8,738.35,738.95,1332063
2019-11-13 10:15:00,1573620300,738.95,739.45,731.2,732.1,447385
2019-11-13 11:15:00,1573623900,732.1,733.85,728.3,732,334700
2019-11-13 12:15:00,1573627500,732,732.5,729,730.5,139669
2019-11-13 13:15:00,1573631100,730.5,732.5,728,730.45,182203
2019-11-13 14:15:00,1573634700,730.45,732.5,729.05,730.1,330629
2019-11-13 15:15:00,1573638300,730.2,731.55,727,729.05,269580
2019-11-14 09:15:00,1573703100,732.9,732.9,720.9,725.15,214721
2019-11-14 10:15:00,1573706700,725.15,730.8,725.1,728.15,116979
2019-11-14 11:15:00,1573710300,728.15,734,728,731.75,121752
2019-11-14 12:15:00,1573713900,731.75,738.6,730.4,738.5,142178
2019-11-14 13:15:00,1573717500,738.9,739.8,735,735.7,138749
2019-11-14 14:15:00,1573721100,735.7,738.9,733.3,738.5,121062
2019-11-14 15:15:00,1573724700,738.5,739.6,737.3,738,77136
2019-11-15 09:15:00,1573789500,739.85,742.8,734,736.15,193441
2019-11-15 10:15:00,1573793100,736.15,738.75,731.55,736.25,183862
2019-11-15 11:15:00,1573796700,736.15,742.5,736,742.3,127179
2019-11-15 12:15:00,1573800300,742.3,747.8,741.05,746.7,282323
2019-11-15 13:15:00,1573803900,746.7,747.45,744.3,744.7,100508
2019-11-15 14:15:00,1573807500,744.7,746.9,740.55,741.95,149422
2019-11-15 15:15:00,1573811100,741.95,743.35,741.25,742.7,70006
2019-11-18 09:15:00,1574048700,742.3,756,742.25,756,308229
2019-11-18 10:15:00,1574052300,756.1,759.2,750.2,752.3,404724
2019-11-18 11:15:00,1574055900,752.3,752.85,745.5,748,173285
2019-11-18 12:15:00,1574059500,748,753.75,746.5,750,128319
2019-11-18 13:15:00,1574063100,749.75,751.95,749.25,751.1,69029
2019-11-18 14:15:00,1574066700,751.1,752.6,746.35,746.65,149745
2019-11-18 15:15:00,1574070300,746.8,747.15,745,745.55,123150
2019-11-19 09:15:00,1574135100,746.8,754.85,746.8,747.6,198873
2019-11-19 10:15:00,1574138700,747.5,748,740.7,742.15,129867
2019-11-19 11:15:00,1574142300,742.15,745.6,741,745.1,70188
2019-11-19 12:15:00,1574145900,745.1,748.35,744.7,748.35,171333
2019-11-19 13:15:00,1574149500,747.85,750.95,747.7,750.25,105378
2019-11-19 14:15:00,1574153100,750.25,751.9,746.15,747.45,143342
2019-11-19 15:15:00,1574156700,747.45,748.65,746.5,748,69573
2019-11-20 09:15:00,1574221500,752.2,756.2,750,752.6,203575
2019-11-20 10:15:00,1574225100,752.6,754,749.1,753.45,488255
2019-11-20 11:15:00,1574228700,753.45,763.25,753.1,763,427540
2019-11-20 12:15:00,1574232300,763.25,772.9,762.35,767.75,667990
2019-11-20 13:15:00,1574235900,768,772.65,765.05,771.05,309569
2019-11-20 14:15:00,1574239500,771.05,781,768.55,778.35,565318
2019-11-20 15:15:00,1574243100,778.55,780,776.15,777.45,218158
2019-11-21 09:15:00,1574307900,783.95,787.95,771.4,781.5,824862
2019-11-21 10:15:00,1574311500,781.5,785,775.3,781.2,323403
2019-11-21 11:15:00,1574315100,781.2,784,779.05,780.05,127825
2019-11-21 12:15:00,1574318700,780.3,783,778.65,781.05,85593
2019-11-21 13:15:00,1574322300,781,781,774,774.65,121044
2019-11-21 14:15:00,1574325900,774.65,777.5,768.7,771.6,259424
2019-11-21 15:15:00,1574329500,771.7,772,770,770.1,103550
2019-11-22 09:15:00,1574394300,775.2,781.95,770.2,771.9,525558
2019-11-22 10:15:00,1574397900,771.9,776.8,767.2,773.4,192742
2019-11-22 11:15:00,1574401500,773.4,773.9,768.05,771,88740
2019-11-22 12:15:00,1574405100,771,776.15,770.05,772.8,139053
2019-11-22 13:15:00,1574408700,772.8,774.75,770.05,772.65,111657
2019-11-22 14:15:00,1574412300,772.65,774.5,771.25,772.4,163629
2019-11-22 15:15:00,1574415900,772.4,773,771,771.9,101283
2019-11-25 09:15:00,1574653500,774.8,779.45,772,776.55,188400
2019-11-25 10:15:00,1574657100,776.55,778,773.25,774.8,82900
2019-11-25 11:15:00,1574660700,774.7,778,774.1,776.9,81380
2019-11-25 12:15:00,1574664300,776.9,784.4,775.8,782.2,203540
2019-11-25 13:15:00,1574667900,782.15,783.65,777.65,781.05,114767
2019-11-25 14:15:00,1574671500,781.3,783.45,779.6,782.05,123918
2019-11-25 15:15:00,1574675100,782.35,782.7,779.9,781,79063
2019-11-26 09:15:00,1574739900,785.6,809,785.6,805.7,2382484
2019-11-26 10:15:00,1574743500,805.35,805.5,796.3,801.4,898104
2019-11-26 11:15:00,1574747100,801.4,805,800.3,802.65,428597
2019-11-26 12:15:00,1574750700,802.65,806,802.5,803.85,368330
2019-11-26 13:15:00,1574754300,804,804,791,792.95,683735
2019-11-26 14:15:00,1574757900,792.95,795.85,782.3,787.6,1185194
2019-11-26 15:15:00,1574761500,787.2,789.5,784.55,789,482011
2019-11-27 09:15:00,1574826300,789,797.7,782.15,794.75,603768
2019-11-27 10:15:00,1574829900,794.75,796.45,792,792.3,151796
2019-11-27 11:15:00,1574833500,792.3,792.3,787.15,788.7,118228
2019-11-27 12:15:00,1574837100,788.7,793,787.75,792,120510
2019-11-27 13:15:00,1574840700,792,792.95,789.45,791.8,90096
2019-11-27 14:15:00,1574844300,791.9,795.65,791.5,792.35,230904
2019-11-27 15:15:00,1574847900,792.35,793.05,792,792.5,119694
2019-11-28 09:15:00,1574912700,788,798.65,788,795.15,244570
2019-11-28 10:15:00,1574916300,795.15,796,788,790.9,135415
2019-11-28 11:15:00,1574919900,790.8,793.95,789.5,792.05,84611
2019-11-28 12:15:00,1574923500,792.05,792.5,790.2,791.1,69559
2019-11-28 13:15:00,1574927100,791.1,798,791.1,797.7,237538
2019-11-28 14:15:00,1574930700,797.95,806,797.95,804.2,666078
2019-11-28 15:15:00,1574934300,804.4,805,803.05,804,151014
2019-11-29 09:15:00,1574999100,803.5,815,803.15,803.6,1063918
2019-11-29 10:15:00,1575002700,803.7,807,801.65,806.35,339784
2019-11-29 11:15:00,1575006300,806.35,808.2,804.3,805.35,473123
2019-11-29 12:15:00,1575009900,805.35,813.5,801,810.15,601864
2019-11-29 13:15:00,1575013500,810.15,812,804.1,804.1,310697
2019-11-29 14:15:00,1575017100,804.05,804.55,796.3,799.75,386494
2019-11-29 15:15:00,1575020700,799.7,802.4,798.15,800,143497
2019-12-02 09:15:00,1575258300,802.65,803.45,795,799.5,378865
2019-12-02 10:15:00,1575261900,799.5,799.5,790,793.1,200189
2019-12-02 11:15:00,1575265500,793.1,799.7,792.9,799.5,131321
2019-12-02 12:15:00,1575269100,799.5,800.4,796.8,797.4,202710
2019-12-02 13:15:00,1575272700,797.4,798.7,795.1,795.5,125235
2019-12-02 14:15:00,1575276300,795.85,797.75,793.85,795.9,184024
2019-12-02 15:15:00,1575279900,795.95,797.4,793.05,793.8,163307
2019-12-03 09:15:00,1575344700,796.05,798.65,791.7,794.5,171249
2019-12-03 10:15:00,1575348300,794.5,794.95,790.05,790.75,74723
2019-12-03 11:15:00,1575351900,790.75,793.85,788.3,791.55,54563
2019-12-03 12:15:00,1575355500,791.55,793,790.15,791.2,28441
2019-12-03 13:15:00,1575359100,791.2,791.7,785.2,787.95,112881
2019-12-03 14:15:00,1575362700,787.95,789.8,783.6,785.25,114673
2019-12-03 15:15:00,1575366300,785.25,787.9,785,785.5,71044
2019-12-04 09:15:00,1575431100,782,788.9,775,778.65,609113
2019-12-04 10:15:00,1575434700,778.65,782.7,777.4,778.6,162515
2019-12-04 11:15:00,1575438300,778.6,784.75,778.2,783.15,162958
2019-12-04 12:15:00,1575441900,783.15,786.7,781.6,784.55,162782
2019-12-04 13:15:00,1575445500,784.55,790,784.1,787.3,150273
2019-12-04 14:15:00,1575449100,787.3,793,787.25,792.1,184721
2019-12-04 15:15:00,1575452700,792.2,793.15,790.85,791,120262
2019-12-05 09:15:00,1575517500,790,791.65,781.1,784.7,284679
2019-12-05 10:15:00,1575521100,784.7,787.15,781.5,784.35,99036
2019-12-05 11:15:00,1575524700,784.35,784.75,780.05,780.65,81198
2019-12-05 12:15:00,1575528300,780.65,783.95,780.3,782.5,69602
2019-12-05 13:15:00,1575531900,782.8,783.8,780.5,782,37950
2019-12-05 14:15:00,1575535500,782,782.8,778.05,780.6,137194
2019-12-05 15:15:00,1575539100,780.6,780.65,778.55,779,119807
2019-12-06 09:15:00,1575603900,782.5,785.6,777.35,777.55,197695
2019-12-06 10:15:00,1575607500,777.55,777.95,772.35,772.5,195150
2019-12-06 11:15:00,1575611100,772.7,772.9,770,770,149705
2019-12-06 12:15:00,1575614700,770,772.3,770,770.15,82635
2019-12-06 13:15:00,1575618300,770.65,771.3,766,766.55,158503
2019-12-06 14:15:00,1575621900,766.7,768.1,760.75,761.45,245819
2019-12-06 15:15:00,1575625500,761.45,761.85,760.95,760,104817
2019-12-09 09:15:00,1575863100,762.4,764.95,754.15,757.7,278412
2019-12-09 10:15:00,1575866700,757.2,761.5,754.5,759.5,198603
2019-12-09 11:15:00,1575870300,759.5,763,757.5,760.8,129337
2019-12-09 12:15:00,1575873900,760.8,762.35,758.15,760.55,86270
2019-12-09 13:15:00,1575877500,760.55,764.4,756.55,756.65,134529
2019-12-09 14:15:00,1575881100,756.65,759.45,753,753.5,141608
2019-12-09 15:15:00,1575884700,753.45,758,753.4,758,115508
2019-12-10 09:15:00,1575949500,758.15,759.4,751.6,754.45,309872
2019-12-10 10:15:00,1575953100,754.45,756.4,750.6,751.55,139953
2019-12-10 11:15:00,1575956700,751.75,754.95,749,749.25,88877
2019-12-10 12:15:00,1575960300,749.25,751.85,747.3,748.55,168327
2019-12-10 13:15:00,1575963900,748.55,755.95,748.55,753.5,152821
2019-12-10 14:15:00,1575967500,753.5,755.95,750.1,751.35,246307
2019-12-10 15:15:00,1575971100,751.35,752.25,750,750.45,72401
2019-12-11 09:15:00,1576035900,750.45,754.5,749.45,751.85,154441
2019-12-11 10:15:00,1576039500,751.85,755,751.8,753.4,77595
2019-12-11 11:15:00,1576043100,753.4,753.5,747,748.1,62257
2019-12-11 12:15:00,1576046700,748.1,749.45,743,744.15,159012
2019-12-11 13:15:00,1576050300,744.25,744.7,737.6,739.9,179412
2019-12-11 14:15:00,1576053900,739.9,746,737.25,743.6,278668
2019-12-11 15:15:00,1576057500,743.55,745.6,742.2,744.9,116991
2019-12-12 09:15:00,1576122300,748.5,751,741.25,747.65,282657
2019-12-12 10:15:00,1576125900,747.65,749.9,742.4,743.95,117320
2019-12-12 11:15:00,1576129500,743.95,745.55,743.25,744.4,45363
2019-12-12 12:15:00,1576133100,744.4,747.4,742.95,745.8,52584
2019-12-12 13:15:00,1576136700,745.8,748.4,744.9,747.1,35164
2019-12-12 14:15:00,1576140300,747.7,751.95,746.1,747,125325
2019-12-12 15:15:00,1576143900,747,750.7,746.05,750,120236
2019-12-13 09:15:00,1576208700,753.55,754.4,749.5,753,142720
2019-12-13 10:15:00,1576212300,753,758.5,750,752.1,125877
2019-12-13 11:15:00,1576215900,752.1,752.65,748.15,752,87776
2019-12-13 12:15:00,1576219500,752,753.7,750.1,751.4,48764
2019-12-13 13:15:00,1576223100,751.4,753.9,751,752,41258
2019-12-13 14:15:00,1576226700,752,757.5,751.1,757.15,136112
2019-12-13 15:15:00,1576230300,757.15,757.15,754.95,754.95,79155
2019-12-16 09:15:00,1576467900,753.5,761.85,750.55,760,279538
2019-12-16 10:15:00,1576471500,759.7,760.25,751.2,754.4,166903
2019-12-16 11:15:00,1576475100,754.4,756,752.3,753.05,56971
2019-12-16 12:15:00,1576478700,752.95,752.95,750.7,752.5,40586
2019-12-16 13:15:00,1576482300,752.5,753.75,750.9,752.2,31063
2019-12-16 14:15:00,1576485900,752.2,752.7,745.8,748.1,202838
2019-12-16 15:15:00,1576489500,748.2,749,746.6,749,128951
2019-12-17 09:15:00,1576554300,749.6,751.5,745.75,747.25,223405
2019-12-17 10:15:00,1576557900,747,753.75,746.45,750.05,329637
2019-12-17 11:15:00,1576561500,750.05,754.65,749.15,753.95,168087
2019-12-17 12:15:00,1576565100,753.95,754.3,752,753.35,133851
2019-12-17 13:15:00,1576568700,753.35,753.8,749,751.3,137185
2019-12-17 14:15:00,1576572300,751.8,754.8,747.5,753.8,176269
2019-12-17 15:15:00,1576575900,753.85,756.55,753.65,755.05,160090
2019-12-18 09:15:00,1576640700,755.5,763.8,753.8,761.5,291471
2019-12-18 10:15:00,1576644300,761.5,764.8,759.2,763,224368
2019-12-18 11:15:00,1576647900,763.2,763.95,761.35,762.75,88961
2019-12-18 12:15:00,1576651500,762.75,763,760.5,762.3,87900
2019-12-18 13:15:00,1576655100,762.3,763.8,761.15,763.75,86762
2019-12-18 14:15:00,1576658700,763.75,767.9,762.85,765,359884
2019-12-18 15:15:00,1576662300,765,767.5,765,767,106977
2019-12-19 09:15:00,1576727100,767,774.55,762.05,773.35,520050
2019-12-19 10:15:00,1576730700,773.35,774.6,772,773.6,167326
2019-12-19 11:15:00,1576734300,773.6,774.95,772.15,773,103036
2019-12-19 12:15:00,1576737900,773,773.3,765.7,768.1,221474
2019-12-19 13:15:00,1576741500,768.1,772.2,767.3,772.1,91882
2019-12-19 14:15:00,1576745100,772.1,772.1,768.1,771,163702
2019-12-19 15:15:00,1576748700,771,773.9,768.6,773,179736
2019-12-20 09:15:00,1576813500,775,778,768.6,773,297985
2019-12-20 10:15:00,1576817100,773,773.5,770.6,772.3,54048
2019-12-20 11:15:00,1576820700,772.3,776.8,772,776,153567
2019-12-20 12:15:00,1576824300,776.35,776.65,774,774.7,59345
2019-12-20 13:15:00,1576827900,774.7,776.95,772.45,776.45,115320
2019-12-20 14:15:00,1576831500,776.45,776.5,770.45,771.45,253769
2019-12-20 15:15:00,1576835100,771.25,772.85,767.1,768.95,206877
2019-12-23 09:15:00,1577072700,768.95,777.3,768.2,771.55,143870
2019-12-23 10:15:00,1577076300,771.55,773.9,767.35,768.45,79973
2019-12-23 11:15:00,1577079900,768.45,768.9,766,767.9,58312
2019-12-23 12:15:00,1577083500,767.9,767.9,765,765.3,82910
2019-12-23 13:15:00,1577087100,765.3,765.6,763,764.9,57459
2019-12-23 14:15:00,1577090700,764.9,769.35,756.7,769.35,264546
2019-12-23 15:15:00,1577094300,769.35,770,767.3,770,112024
2019-12-24 09:15:00,1577159100,770,770.9,764.65,765.15,124552
2019-12-24 10:15:00,1577162700,765.15,768,763.45,765.5,55929
2019-12-24 11:15:00,1577166300,765.5,767.85,764.4,767.5,37414
2019-12-24 12:15:00,1577169900,767.5,769.8,766,767.6,49431
2019-12-24 13:15:00,1577173500,767.6,768.65,766,766.9,26627
2019-12-24 14:15:00,1577177100,766.9,767.5,764.2,766.65,56147
2019-12-24 15:15:00,1577180700,766.6,767,762.65,765.1,75249
2019-12-26 09:15:00,1577331900,767,771,762.15,762.3,179284
2019-12-26 10:15:00,1577335500,762.5,765.7,762.3,764.45,38766
2019-12-26 11:15:00,1577339100,764.45,765.85,763.85,765.35,33389
2019-12-26 12:15:00,1577342700,765.35,766.9,765,765.45,37295
2019-12-26 13:15:00,1577346300,765.45,766.15,760.8,761.4,52873
2019-12-26 14:15:00,1577349900,761.5,763.05,756.65,758.1,113043
2019-12-26 15:15:00,1577353500,758.25,759.5,755.05,756,93742
2019-12-27 09:15:00,1577418300,759.7,765.75,758.7,765.6,113373
2019-12-27 10:15:00,1577421900,765.5,766.85,763.4,765.5,49822
2019-12-27 11:15:00,1577425500,765.5,766.9,764.7,766.35,36308
2019-12-27 12:15:00,1577429100,766.35,766.8,763.1,764.25,32322
2019-12-27 13:15:00,1577432700,764.25,766.15,764.05,765.75,47870
2019-12-27 14:15:00,1577436300,765.75,772.3,765.75,772.25,182021
2019-12-27 15:15:00,1577439900,772.25,772.95,768.6,770.5,81574
2019-12-30 09:15:00,1577677500,770,774.75,767,768.6,145044
2019-12-30 10:15:00,1577681100,768.6,770.6,766.1,767.6,72386
2019-12-30 11:15:00,1577684700,767.6,769.4,766.1,768.25,84144
2019-12-30 12:15:00,1577688300,767.95,768.2,766,767.3,53062
2019-12-30 13:15:00,1577691900,767.3,767.8,766.3,767,53003
2019-12-30 14:15:00,1577695500,767,771,766.5,770.45,154599
2019-12-30 15:15:00,1577699100,770.4,770.5,766.6,767.6,87959
2019-12-31 09:15:00,1577763900,766.5,772.8,766.3,772.4,149135
2019-12-31 10:15:00,1577767500,772.4,773.9,772.25,773.7,101850
2019-12-31 11:15:00,1577771100,773.7,773.75,772.5,772.85,48524
2019-12-31 12:15:00,1577774700,772.85,773.35,772.2,773.15,106880
2019-12-31 13:15:00,1577778300,773.15,773.9,771.65,773,134818
2019-12-31 14:15:00,1577781900,773.05,773.1,760.35,762,203309
2019-12-31 15:15:00,1577785500,762,766.5,762,764.9,97910
2020-01-01 09:15:00,1577850300,765.3,770.55,765.3,766.3,101467
2020-01-01 10:15:00,1577853900,766.25,768.4,765.8,766.95,35760
2020-01-01 11:15:00,1577857500,766.95,769,766.5,768.85,46092
2020-01-01 12:15:00,1577861100,768.85,769.8,767.6,769.05,43218
2020-01-01 13:15:00,1577864700,769.05,773.25,768.5,771.8,109952
2020-01-01 14:15:00,1577868300,771.5,772.8,770.45,771.5,77964
2020-01-01 15:15:00,1577871900,771.5,771.9,769.4,771.8,50806
2020-01-02 09:15:00,1577936700,773,775.5,766,767,231713
2020-01-02 10:15:00,1577940300,767,769.55,764.2,767.6,76508
2020-01-02 11:15:00,1577943900,767.6,774.45,767.6,772.45,92675
2020-01-02 12:15:00,1577947500,772.45,780.35,772.1,773.6,230320
2020-01-02 13:15:00,1577951100,773.6,775,772,772.7,53257
2020-01-02 14:15:00,1577954700,772.8,776.8,772,776.2,123786
2020-01-02 15:15:00,1577958300,776,776.95,775.35,776,58593
2020-01-03 09:15:00,1578023100,775.9,776.9,770,776.2,195645
2020-01-03 10:15:00,1578026700,776.2,781.8,776.15,780.5,205770
2020-01-03 11:15:00,1578030300,780.5,785,780.5,783.55,209147
2020-01-03 12:15:00,1578033900,783.55,786.5,781.4,784.7,130406
2020-01-03 13:15:00,1578037500,784.7,785.15,777.25,778.3,123451
2020-01-03 14:15:00,1578041100,778.3,779.4,773,777.65,168546
2020-01-03 15:15:00,1578044700,777.4,777.7,775,775.25,76258
2020-01-06 09:15:00,1578282300,771,774.45,765,770.4,136218
2020-01-06 10:15:00,1578285900,770.4,771.5,767.6,768.8,46121
2020-01-06 11:15:00,1578289500,768.8,770.5,766,766.85,49126
2020-01-06 12:15:00,1578293100,766.85,771.3,766.5,770.05,47955
2020-01-06 13:15:00,1578296700,770.05,770.45,765.4,766.7,39381
2020-01-06 14:15:00,1578300300,766.7,766.95,756,762.65,158553
2020-01-06 15:15:00,1578303900,762.6,763.9,760.9,762.25,44742
2020-01-07 09:15:00,1578368700,764,772.6,764,768.05,137569
2020-01-07 10:15:00,1578372300,768.05,768.45,758.3,758.3,151030
2020-01-07 11:15:00,1578375900,758.25,759.9,753.65,757.4,155329
2020-01-07 12:15:00,1578379500,757.2,761,755.95,757.8,94949
2020-01-07 13:15:00,1578383100,757.8,757.8,752.55,757.3,73492
2020-01-07 14:15:00,1578386700,757.3,758.95,756.1,757.6,118388
2020-01-07 15:15:00,1578390300,757.6,759.75,756.25,759.5,92241
2020-01-08 09:15:00,1578455100,752,758.55,751.7,753.45,145574
2020-01-08 10:15:00,1578458700,753.45,754.6,753,753.4,63807
2020-01-08 11:15:00,1578462300,753.4,755.4,750.25,750.75,61962
2020-01-08 12:15:00,1578465900,750.75,754.2,750.1,751.55,58681
2020-01-08 13:15:00,1578469500,751.55,760.65,751.55,759.45,126582
2020-01-08 14:15:00,1578473100,759.45,760,756,756,142598
2020-01-08 15:15:00,1578476700,756,757,754,757,42468
2020-01-09 09:15:00,1578541500,762,767.3,758,764.25,140033
2020-01-09 10:15:00,1578545100,764.25,766.8,763.4,763.55,36980
2020-01-09 11:15:00,1578548700,763.55,764.3,761.5,763.7,25797
2020-01-09 12:15:00,1578552300,763.7,765.65,763,764.5,25327
2020-01-09 13:15:00,1578555900,764.5,764.5,758.7,759.85,381550
2020-01-09 14:15:00,1578559500,759.85,760,758.05,759,99926
2020-01-09 15:15:00,1578563100,759,759.25,757.1,758,68250
2020-01-10 09:15:00,1578627900,763.15,778.5,763.15,776.05,646288
2020-01-10 10:15:00,1578631500,776.05,776.35,767.45,768.05,275158
2020-01-10 11:15:00,1578635100,768.05,770.5,765.2,766.45,102516
2020-01-10 12:15:00,1578638700,766.45,772.2,765.5,766.05,143441
2020-01-10 13:15:00,1578642300,766.1,767.3,763.05,764.8,105748
2020-01-10 14:15:00,1578645900,764.8,765.85,759,761,204786
2020-01-10 15:15:00,1578649500,760.85,761.25,757.5,760,341093
2020-01-13 09:15:00,1578887100,756.5,763,741.3,749.8,639641
2020-01-13 10:15:00,1578890700,749.8,753.6,743.2,743.9,345856
2020-01-13 11:15:00,1578894300,743.9,745.8,740.5,741.8,383699
2020-01-13 12:15:00,1578897900,741.8,744.3,741.3,742.55,225769
2020-01-13 13:15:00,1578901500,742.55,745,742.25,744,157321
2020-01-13 14:15:00,1578905100,744,750.35,742.4,750,410500
2020-01-13 15:15:00,1578908700,749.6,750.3,748.05,749,163524
2020-01-14 09:15:00,1578973500,752.7,755.65,751.5,755,308886
2020-01-14 10:15:00,1578977100,755,758.9,753.8,756.25,299022
2020-01-14 11:15:00,1578980700,756.45,758.5,753.65,755.2,153326
2020-01-14 12:15:00,1578984300,755.2,755.95,753.75,755.5,84461
2020-01-14 13:15:00,1578987900,755.5,755.5,752.1,752.85,84955
2020-01-14 14:15:00,1578991500,752.85,754.45,752,753.2,122925
2020-01-14 15:15:00,1578995100,753.3,754.25,750.45,751.45,158943
2020-01-15 09:15:00,1579059900,752,756,748.5,756,197498
2020-01-15 10:15:00,1579063500,756,756,749.5,755,230389
2020-01-15 11:15:00,1579067100,755,755.5,752,752.75,69072
2020-01-15 12:15:00,1579070700,752.75,756.8,752.3,755.35,120030
2020-01-15 13:15:00,1579074300,755.35,756,750.3,751,130603
2020-01-15 14:15:00,1579077900,751.7,751.9,746.7,751.15,371094
2020-01-15 15:15:00,1579081500,751,754,751,754,101731
2020-01-16 09:15:00,1579146300,751.5,760.65,751.5,759.8,411028
2020-01-16 10:15:00,1579149900,759.8,760,755,755.5,134930
2020-01-16 11:15:00,1579153500,755.5,755.85,753,755.45,153595
2020-01-16 12:15:00,1579157100,755.45,757.4,754.3,755.2,101705
2020-01-16 13:15:00,1579160700,755.2,756.8,754.15,755.8,173172
2020-01-16 14:15:00,1579164300,755.8,756.4,752.65,754.55,231030
2020-01-16 15:15:00,1579167900,754.55,754.7,753,754.7,78798
2020-01-17 09:15:00,1579232700,753,760.6,751.45,758.5,183209
2020-01-17 10:15:00,1579236300,758.5,758.9,755.1,755.45,118253
2020-01-17 11:15:00,1579239900,755.45,757.5,752.4,756.85,89046
2020-01-17 12:15:00,1579243500,756.85,759.9,755.1,759.5,255248
2020-01-17 13:15:00,1579247100,759.5,766.45,758.5,765.45,251787
2020-01-17 14:15:00,1579250700,765.45,770,764.3,766.5,330367
2020-01-17 15:15:00,1579254300,766.9,767.9,765.3,766.35,107873
2020-01-20 09:15:00,1579491900,760,760.25,741.3,744.7,974794
2020-01-20 10:15:00,1579495500,744.4,745,737.2,739.9,499931
2020-01-20 11:15:00,1579499100,739.6,739.9,735.15,736.05,361756
2020-01-20 12:15:00,1579502700,736.1,736.25,732,732.25,364342
2020-01-20 13:15:00,1579506300,732.45,736.2,732.15,734,261029
2020-01-20 14:15:00,1579509900,734,735,731.45,733,444480
2020-01-20 15:15:00,1579513500,733.3,733.95,730.1,733.35,306697
2020-01-21 09:15:00,1579578300,733,740,727.25,737.25,555660
2020-01-21 10:15:00,1579581900,737.25,738.5,731.35,737.9,218101
2020-01-21 11:15:00,1579585500,738.25,742.95,737.05,741.2,295431
2020-01-21 12:15:00,1579589100,741.2,742.8,739.3,740.45,170341
2020-01-21 13:15:00,1579592700,740.45,742,739.5,741.05,62841
2020-01-21 14:15:00,1579596300,741.05,744.25,738.2,741.25,209781
2020-01-21 15:15:00,1579599900,741.3,741.95,739.1,739.8,107696
2020-01-22 09:15:00,1579664700,743.25,746.95,734.65,735.6,296550
2020-01-22 10:15:00,1579668300,735.6,738.65,735,737.5,116297
2020-01-22 11:15:00,1579671900,737.5,738.7,735.5,737.2,84124
2020-01-22 12:15:00,1579675500,737.2,742.3,736.05,741.4,125857
2020-01-22 13:15:00,1579679100,741.25,741.5,736.55,737.4,76082
2020-01-22 14:15:00,1579682700,737.5,740,736.2,738.75,105581
2020-01-22 15:15:00,1579686300,738.7,739.9,737.05,739,99322
2020-01-23 09:15:00,1579751100,738.4,743.85,738.15,740,152111
2020-01-23 10:15:00,1579754700,740,740,736.2,737.3,82195
2020-01-23 11:15:00,1579758300,737.3,738.45,736,737,57977
2020-01-23 12:15:00,1579761900,737,743.95,737,740.1,119010
2020-01-23 13:15:00,1579765500,740.1,740.65,736.55,737,84204
2020-01-23 14:15:00,1579769100,736.85,739,736.05,738.8,161052
2020-01-23 15:15:00,1579772700,738.8,739.25,737,737.9,61181
2020-01-24 09:15:00,1579837500,737.3,741.6,735.7,740.05,151243
2020-01-24 10:15:00,1579841100,740.05,743.55,740,742.8,89986
2020-01-24 11:15:00,1579844700,742.8,743.3,740.75,742.55,29370
2020-01-24 12:15:00,1579848300,742.55,744.5,741.85,743.45,56820
2020-01-24 13:15:00,1579851900,743.45,744,742,742.6,27989
2020-01-24 14:15:00,1579855500,742.6,743.5,738.7,740.1,94297
2020-01-24 15:15:00,1579859100,740.1,741,738.5,739,56797
2020-01-27 09:15:00,1580096700,738,742.7,734.1,741.3,124537
2020-01-27 10:15:00,1580100300,741.3,743.1,740.45,742.35,46446
2020-01-27 11:15:00,1580103900,742,744.15,740.05,742.3,63140
2020-01-27 12:15:00,1580107500,742.5,752,742.3,750.5,292847
2020-01-27 13:15:00,1580111100,750.35,758.5,749.05,757.35,518998
2020-01-27 14:15:00,1580114700,757.35,759.9,750.25,752.5,323469
2020-01-27 15:15:00,1580118300,752.15,752.6,750.15,751.1,122795
2020-01-28 09:15:00,1580183100,755,756.7,747.45,753.85,415173
2020-01-28 10:15:00,1580186700,753.85,756.3,750.75,752.75,218323
2020-01-28 11:15:00,1580190300,752.75,755.45,752.25,755.25,115462
2020-01-28 12:15:00,1580193900,755.25,755.4,750.55,754,177872
2020-01-28 13:15:00,1580197500,754,754.6,748.5,748.8,201596
2020-01-28 14:15:00,1580201100,748.8,750,745.8,748,123825
2020-01-28 15:15:00,1580204700,748.2,748.5,745.1,745.45,69374
2020-01-29 09:15:00,1580269500,750,752.75,745.6,749.95,154695
2020-01-29 10:15:00,1580273100,750.05,752,748.35,749.35,82044
2020-01-29 11:15:00,1580276700,749.35,750,747.4,748.5,131122
2020-01-29 12:15:00,1580280300,748.5,748.9,745,748.45,82766
2020-01-29 13:15:00,1580283900,748.75,748.85,745.5,746.85,88053
2020-01-29 14:15:00,1580287500,746.85,747.05,743.95,745,228762
2020-01-29 15:15:00,1580291100,745,745.35,743.55,744.3,99509
2020-01-30 09:15:00,1580355900,745.9,745.9,735,735.15,164185
2020-01-30 10:15:00,1580359500,735.15,737.25,733.05,734.6,87287
2020-01-30 11:15:00,1580363100,734.6,740.5,733.3,738,181575
2020-01-30 12:15:00,1580366700,738,738.1,728.1,730.3,181259
2020-01-30 13:15:00,1580370300,730.3,731.9,729,730.05,254877
2020-01-30 14:15:00,1580373900,730.05,731.4,728.2,729.4,181107
2020-01-30 15:15:00,1580377500,729.85,730,725.55,728.2,102496
2020-01-31 09:15:00,1580442300,734,734.7,724.1,728.25,409263
2020-01-31 10:15:00,1580445900,728.25,730,720.35,721.4,148140
2020-01-31 11:15:00,1580449500,721.4,725.4,718.4,725.15,119640
2020-01-31 12:15:00,1580453100,725.15,727.2,722.5,724.45,75151
2020-01-31 13:15:00,1580456700,724.45,725.95,723.4,724.45,52540
2020-01-31 14:15:00,1580460300,724.35,725.65,716.7,716.8,166176
2020-01-31 15:15:00,1580463900,716.8,720.9,716,718.3,146389
2020-02-01 09:15:00,1580528700,718.25,724.15,710,722.35,84000
2020-02-01 10:15:00,1580532300,722.35,724.5,719.95,721.2,40341
2020-02-01 11:15:00,1580535900,721.2,721.5,712.05,712.2,99149
2020-02-01 12:15:00,1580539500,712.1,718.2,710.15,715.75,88625
2020-02-01 13:15:00,1580543100,715.75,720.65,701.25,712.5,174099
2020-02-01 14:15:00,1580546700,712.5,715.9,707.15,708.05,132983
2020-02-01 15:15:00,1580550300,708.05,711,703.25,707,97290
2020-02-03 09:15:00,1580701500,708.35,721.8,708.35,719.4,333900
2020-02-03 10:15:00,1580705100,719.4,723.25,718.95,719.25,116630
2020-02-03 11:15:00,1580708700,719.25,719.55,711.25,712.2,121128
2020-02-03 12:15:00,1580712300,712.2,714.2,705,706,108002
2020-02-03 13:15:00,1580715900,706.35,708.25,698.8,705.9,193067
2020-02-03 14:15:00,1580719500,706,711,705,709,171081
2020-02-03 15:15:00,1580723100,709,710,707.05,708.85,62648
2020-02-04 09:15:00,1580787900,717.65,722.4,711,722,191515
2020-02-04 10:15:00,1580791500,722,723,717.2,721.2,113156
2020-02-04 11:15:00,1580795100,721.2,726.7,719.6,726.55,192074
2020-02-04 12:15:00,1580798700,726.55,728.85,723.85,724.9,138554
2020-02-04 13:15:00,1580802300,724.9,726.8,722.35,723.55,85036
2020-02-04 14:15:00,1580805900,723.7,725.35,719.6,722,337794
2020-02-04 15:15:00,1580809500,722.2,723.9,719.7,720.8,71287
2020-02-05 09:15:00,1580874300,721.1,726.75,716.5,723.4,316004
2020-02-05 10:15:00,1580877900,723.4,726.85,721.05,723.1,174561
2020-02-05 11:15:00,1580881500,723.1,725.5,719,723.55,234278
2020-02-05 12:15:00,1580885100,723.7,724.7,720.55,721.75,101516
2020-02-05 13:15:00,1580888700,721.75,723.75,720.8,723.6,126252
2020-02-05 14:15:00,1580892300,723.6,723.75,720.85,722.9,145826
2020-02-05 15:15:00,1580895900,722.9,724,721.3,723.7,91086
2020-02-06 09:15:00,1580960700,731.5,737,723,734.4,856456
2020-02-06 10:15:00,1580964300,734.75,738.75,727,728.95,574401
2020-02-06 11:15:00,1580967900,728.95,734.8,728.9,732.85,224770
2020-02-06 12:15:00,1580971500,732.95,733.5,728.6,729.5,389796
2020-02-06 13:15:00,1580975100,729.5,732.3,728.5,730,228729
2020-02-06 14:15:00,1580978700,730,734.6,706,710.3,2254498
2020-02-06 15:15:00,1580982300,710.4,737,709.5,728,1156113
2020-02-07 09:15:00,1581047100,708,714.25,695,700.35,3585329
2020-02-07 10:15:00,1581050700,700.35,704.4,697.55,701.3,1335194
2020-02-07 11:15:00,1581054300,701.3,705.05,699.5,701,615248
2020-02-07 12:15:00,1581057900,700.65,703,700.65,702.15,287994
2020-02-07 13:15:00,1581061500,702.15,702.8,699.05,701.6,342611
2020-02-07 14:15:00,1581065100,701.6,709.65,700.55,707.3,783249
2020-02-07 15:15:00,1581068700,706.95,710,705,705.8,405571
2020-02-10 09:15:00,1581306300,705.95,710,699,700.5,523100
2020-02-10 10:15:00,1581309900,700.5,700.9,696.3,698.7,330424
2020-02-10 11:15:00,1581313500,698.5,702.45,698.3,701.9,359836
2020-02-10 12:15:00,1581317100,701.9,702,699.5,700,90806
2020-02-10 13:15:00,1581320700,700.25,701.5,700,700.85,58564
2020-02-10 14:15:00,1581324300,701.15,703,700.5,701.35,319012
2020-02-10 15:15:00,1581327900,701.35,702.55,700.5,701,159205
2020-02-11 09:15:00,1581392700,713.8,713.8,698.55,700.15,326234
2020-02-11 10:15:00,1581396300,700.05,709.75,699.15,705,300129
2020-02-11 11:15:00,1581399900,705,707.2,701.15,703,118761
2020-02-11 12:15:00,1581403500,703,704.7,702.35,703,415545
2020-02-11 13:15:00,1581407100,703,706.1,702.8,703.1,142539
2020-02-11 14:15:00,1581410700,703.1,706.25,702.65,705.25,449659
2020-02-11 15:15:00,1581414300,705.2,705.55,704,704.25,108756
2020-02-12 09:15:00,1581479100,708,712,705.05,709,233513
2020-02-12 10:15:00,1581482700,709,709,701.6,703,231796
2020-02-12 11:15:00,1581486300,702.85,703.95,700.05,700.2,153717
2020-02-12 12:15:00,1581489900,700.2,701.7,699.5,700,179378
2020-02-12 13:15:00,1581493500,700,704.75,698.5,702.75,334342
2020-02-12 14:15:00,1581497100,702.75,705.8,702.5,703.2,1023923
2020-02-12 15:15:00,1581500700,703.25,704.15,702,703.5,108723
2020-02-13 09:15:00,1581565500,706.4,706.4,699.55,700.25,554286
2020-02-13 10:15:00,1581569100,700.25,701.65,699.6,701.3,87298
2020-02-13 11:15:00,1581572700,701.3,703.3,700.1,703.15,88645
2020-02-13 12:15:00,1581576300,703.15,703.15,701.15,702.75,54032
2020-02-13 13:15:00,1581579900,702.75,708.6,701,703.45,1282002
2020-02-13 14:15:00,1581583500,703.45,705.8,702.35,703.25,184560
2020-02-13 15:15:00,1581587100,703.25,704.35,702.8,703,105543
2020-02-14 09:15:00,1581651900,704.5,716.9,704.5,714.6,479768
2020-02-14 10:15:00,1581655500,714.6,718.5,711.1,717.25,346099
2020-02-14 11:15:00,1581659100,717.25,720,716.5,718.85,226221
2020-02-14 12:15:00,1581662700,718.85,721.45,716.75,720.1,151616
2020-02-14 13:15:00,1581666300,720.2,720.2,717.8,719,113250
2020-02-14 14:15:00,1581669900,719,720,714,717.3,334346
2020-02-14 15:15:00,1581673500,717.35,720.5,716.95,719.5,194082
2020-02-17 09:15:00,1581911100,718.5,725,712.15,721,456101
2020-02-17 10:15:00,1581914700,721,723.9,720,722.25,144125
2020-02-17 11:15:00,1581918300,722.25,731.25,722.15,728.5,312637
2020-02-17 12:15:00,1581921900,728.5,728.95,724.25,724.8,119026
2020-02-17 13:15:00,1581925500,724.75,725.5,717.55,717.95,131886
2020-02-17 14:15:00,1581929100,717.95,718.8,711.65,713.1,146941
2020-02-17 15:15:00,1581932700,713,713.85,710.6,711.2,90663
2020-02-18 09:15:00,1581997500,710.8,710.95,700,701,206754
2020-02-18 10:15:00,1582001100,701,701.8,694,697.15,358605
2020-02-18 11:15:00,1582004700,697,702,695,700.3,166676
2020-02-18 12:15:00,1582008300,700.3,703.6,699.15,700.25,112758
2020-02-18 13:15:00,1582011900,700.25,701.85,698.8,700.6,100591
2020-02-18 14:15:00,1582015500,700.6,707.7,700.05,706.8,160398
2020-02-18 15:15:00,1582019100,706.45,708.9,703,703.3,118672
2020-02-19 09:15:00,1582083900,705,714.6,704.4,709.7,240112
2020-02-19 10:15:00,1582087500,709.7,710,705,706.1,85351
2020-02-19 11:15:00,1582091100,706.05,713.6,706.05,712.45,152061
2020-02-19 12:15:00,1582094700,712.45,716.5,711.6,715.5,102819
2020-02-19 13:15:00,1582098300,715.1,715.6,706.15,709.7,127149
2020-02-19 14:15:00,1582101900,709.7,710.45,707.45,709.05,106112
2020-02-19 15:15:00,1582105500,709.25,709.5,708.3,708.9,80528
2020-02-20 09:15:00,1582170300,706.15,708.1,700.5,703.6,404768
2020-02-20 10:15:00,1582173900,703.6,706,702,702.1,283448
2020-02-20 11:15:00,1582177500,702,705.5,702,703.65,162274
2020-02-20 12:15:00,1582181100,703.65,705.75,702.9,703.1,183864
2020-02-20 13:15:00,1582184700,703.35,703.5,699.05,701.6,202562
2020-02-20 14:15:00,1582188300,701.65,703,698.5,699.95,490116
2020-02-20 15:15:00,1582191900,699.9,700.75,698,698.8,155911
2020-02-24 09:15:00,1582515900,695,697,685.05,688.2,426462
2020-02-24 10:15:00,1582519500,688.5,689.9,683.5,685.25,221019
2020-02-24 11:15:00,1582523100,685.25,686.15,682.3,685.15,202093
2020-02-24 12:15:00,1582526700,685.3,686.4,681.6,683.4,208257
2020-02-24 13:15:00,1582530300,683.4,683.5,680.4,682.25,180291
2020-02-24 14:15:00,1582533900,682.2,684.45,672.55,673.5,350092
2020-02-24 15:15:00,1582537500,674,674,669,672.75,182163
2020-02-25 09:15:00,1582602300,680,680,670.75,675,602318
2020-02-25 10:15:00,1582605900,675,677.5,673.9,676.45,868800
2020-02-25 11:15:00,1582609500,676.45,676.85,675,675.3,121452
2020-02-25 12:15:00,1582613100,675.3,676.5,674.65,675.15,224744
2020-02-25 13:15:00,1582616700,675.45,676.5,674.5,675.6,548645
2020-02-25 14:15:00,1582620300,675,675.65,667.4,668.65,382602
2020-02-25 15:15:00,1582623900,668.65,672.1,667.9,671,89540
2020-02-26 09:15:00,1582688700,668.1,676,665.35,672.65,378534
2020-02-26 10:15:00,1582692300,672.5,674,669.1,670.25,200443
2020-02-26 11:15:00,1582695900,670.25,671.75,669.85,671.1,94523
2020-02-26 12:15:00,1582699500,671.1,671.5,669,669.75,250512
2020-02-26 13:15:00,1582703100,669.75,670.85,666.55,667.7,391271
2020-02-26 14:15:00,1582706700,667.7,670.4,664.55,669.95,564193
2020-02-26 15:15:00,1582710300,669.95,672,667.3,669.75,242291
2020-02-27 09:15:00,1582775100,669.1,671.3,657.25,659.25,210111
2020-02-27 10:15:00,1582778700,659.4,660.25,654.6,657.5,195009
2020-02-27 11:15:00,1582782300,657.5,662.25,656.5,661.95,211204
2020-02-27 12:15:00,1582785900,661.95,664.5,661.55,663.1,141745
2020-02-27 13:15:00,1582789500,663.1,664.8,662,662.5,170835
2020-02-27 14:15:00,1582793100,662.3,663.8,661.5,663,270306
2020-02-27 15:15:00,1582796700,663.5,666,662.5,664,101958
2020-02-28 09:15:00,1582861500,656.15,656.15,635.2,641.3,606698
2020-02-28 10:15:00,1582865100,642,646.05,640.9,643.3,305898
2020-02-28 11:15:00,1582868700,643.3,645.8,643,643.95,132956
2020-02-28 12:15:00,1582872300,643.95,659.4,643.55,655.2,303338
2020-02-28 13:15:00,1582875900,655.2,658.9,646.85,647.3,323350
2020-02-28 14:15:00,1582879500,646.85,651.5,637.65,637.85,504169
2020-02-28 15:15:00,1582883100,637.55,640.95,637.5,640.45,231964
2020-03-02 09:15:00,1583120700,645,652.3,641,647.25,291998
2020-03-02 10:15:00,1583124300,647.25,650.9,647.15,649.2,164836
2020-03-02 11:15:00,1583127900,649.2,650.25,648.7,649.55,72056
2020-03-02 12:15:00,1583131500,649.55,651.5,647.45,648.05,418513
2020-03-02 13:15:00,1583135100,648.05,651,647.35,647.75,826714
2020-03-02 14:15:00,1583138700,647.75,650,629.7,630.1,317684
2020-03-02 15:15:00,1583142300,629.9,629.9,620.5,628.25,316232
2020-03-03 09:15:00,1583207100,637,648.9,635.3,639.6,388873
2020-03-03 10:15:00,1583210700,639.6,652.75,639.15,648.9,352417
2020-03-03 11:15:00,1583214300,648.7,654,648.5,650,256641
2020-03-03 12:15:00,1583217900,650,660.55,644.95,653.9,490596
2020-03-03 13:15:00,1583221500,653.95,654.65,649.25,650.15,230982
2020-03-03 14:15:00,1583225100,650.15,652.6,647.5,650.8,251859
2020-03-03 15:15:00,1583228700,650.7,651.55,648.5,650.35,164192
2020-03-04 09:15:00,1583293500,653.2,664,643.3,662.4,492415
2020-03-04 10:15:00,1583297100,662.35,663.1,655.75,661,363033
2020-03-04 11:15:00,1583300700,661,667.25,660.3,665.45,320753
2020-03-04 12:15:00,1583304300,665.45,666.8,658,662.95,289904
2020-03-04 13:15:00,1583307900,662.95,664.6,657.05,660.25,537308
2020-03-04 14:15:00,1583311500,660.7,665.85,659.1,663.7,563146
2020-03-04 15:15:00,1583315100,663.65,664.8,663.05,664,155724
2020-03-05 09:15:00,1583379900,668,678,668,674.5,497258
2020-03-05 10:15:00,1583383500,674.85,679.95,666,679.6,343257
2020-03-05 11:15:00,1583387100,679.5,684.9,676.7,683.75,343739
2020-03-05 12:15:00,1583390700,683.75,686.65,681.65,682.75,259025
2020-03-05 13:15:00,1583394300,682.75,683.5,678.2,679.7,262997
2020-03-05 14:15:00,1583397900,679.55,680.95,673.75,676.4,263927
2020-03-05 15:15:00,1583401500,676.4,679.4,674.8,677.95,119028
2020-03-06 09:15:00,1583466300,665,673.8,657.2,671.25,2403083
2020-03-06 10:15:00,1583469900,671.3,671.3,660.1,660.95,228564
2020-03-06 11:15:00,1583473500,660.6,666.4,659.1,665.6,201935
2020-03-06 12:15:00,1583477100,665.6,670.15,665,670,158472
2020-03-06 13:15:00,1583480700,670,671.3,660,662.05,149500
2020-03-06 14:15:00,1583484300,662.05,670,661.6,664.8,218071
2020-03-06 15:15:00,1583487900,664.8,665.3,660.5,663.3,106950
2020-03-09 09:15:00,1583725500,645,659,643.5,651.6,259900
2020-03-09 10:15:00,1583729100,651.6,659.65,648.1,658,174435
2020-03-09 11:15:00,1583732700,658,664.55,653.25,653.25,238436
2020-03-09 12:15:00,1583736300,653.25,655.7,647.3,649.5,230188
2020-03-09 13:15:00,1583739900,649.5,653.95,645.9,652.15,184336
2020-03-09 14:15:00,1583743500,652.15,655.55,650.5,651.6,221741
2020-03-09 15:15:00,1583747100,651.6,651.6,650.2,651,152336
2020-03-11 09:15:00,1583898300,652.1,659.6,645,650.6,439287
2020-03-11 10:15:00,1583901900,650.5,655.8,645.85,653.2,254122
2020-03-11 11:15:00,1583905500,653.2,657.7,650.7,652.3,574817
2020-03-11 12:15:00,1583909100,652.3,654.35,648.9,650,156742
2020-03-11 13:15:00,1583912700,650,653.35,640.75,642.25,198143
2020-03-11 14:15:00,1583916300,642.25,644.5,635.45,640.2,260860
2020-03-11 15:15:00,1583919900,640.1,643.9,638.1,640.2,103152
2020-03-12 09:15:00,1583984700,629,629,608.25,615.35,2707943
2020-03-12 10:15:00,1583988300,615.35,616.4,592.5,599.1,690473
2020-03-12 11:15:00,1583991900,599.1,604.8,594,596,230314
2020-03-12 12:15:00,1583995500,595.7,604.8,595.35,603.9,202706
2020-03-12 13:15:00,1583999100,604.1,607.6,595.2,596,197487
2020-03-12 14:15:00,1584002700,596,598.55,583.65,593.15,481609
2020-03-12 15:15:00,1584006300,592.45,597.25,591.15,597,480482
2020-03-13 09:15:00,1584071100,550,554.8,523.35,529.25,151105
2020-03-13 10:15:00,1584074700,505,615.95,504.75,591.6,576919
2020-03-13 11:15:00,1584078300,591.4,604.85,574.2,602,258883
2020-03-13 12:15:00,1584081900,601.25,614.5,590.85,604,263703
2020-03-13 13:15:00,1584085500,604,614,597.15,608.55,184351
2020-03-13 14:15:00,1584089100,607.8,612,602.1,604.8,265148
2020-03-13 15:15:00,1584092700,604.8,614,603.05,612.95,107312
2020-03-16 09:15:00,1584330300,595.85,607.25,576,606.15,294926
2020-03-16 10:15:00,1584333900,606.05,632.85,605,622.4,592448
2020-03-16 11:15:00,1584337500,622.8,625.05,608.1,611.25,180594
2020-03-16 12:15:00,1584341100,611.25,624.75,611.25,620.5,251180
2020-03-16 13:15:00,1584344700,620.5,621.95,609.55,610.95,263824
2020-03-16 14:15:00,1584348300,610.95,613.25,595.3,599.6,631252
2020-03-16 15:15:00,1584351900,599.6,600.5,596.85,600,263571
2020-03-17 09:15:00,1584416700,605.25,625.1,596.35,622.35,427895
2020-03-17 10:15:00,1584420300,622.35,627,616.5,618.5,203055
2020-03-17 11:15:00,1584423900,618.5,625.6,612,621.3,216770
2020-03-17 12:15:00,1584427500,621.3,636.55,615.3,636.25,273727
2020-03-17 13:15:00,1584431100,635.8,646.25,635.45,639.5,327263
2020-03-17 14:15:00,1584434700,639.5,640.55,611,613.95,455348
2020-03-17 15:15:00,1584438300,613.85,622,612,619.15,163180
2020-03-18 09:15:00,1584503100,626,637.35,618,628.3,457275
2020-03-18 10:15:00,1584506700,628.4,635,614.7,615.4,461124
2020-03-18 11:15:00,1584510300,615.4,624.5,608.65,609.65,401843
2020-03-18 12:15:00,1584513900,609.65,618.5,606.1,614.3,269422
2020-03-18 13:15:00,1584517500,614.35,620.45,610.95,612,183009
2020-03-18 14:15:00,1584521100,612.3,621.85,605.7,611,411395
2020-03-18 15:15:00,1584524700,610.85,622.8,610.75,622,166074
2020-03-19 09:15:00,1584589500,594.5,604.55,578.05,587.95,471192
2020-03-19 10:15:00,1584593100,587.9,617,582.8,616.3,382619
2020-03-19 11:15:00,1584596700,616.85,621.4,602.35,619.2,331825
2020-03-19 12:15:00,1584600300,619.55,633.5,617,627.05,444179
2020-03-19 13:15:00,1584603900,627.2,645.6,620.85,639.85,376647
2020-03-19 14:15:00,1584607500,639.8,654,635,635.05,523483
2020-03-19 15:15:00,1584611100,635.05,638,630.25,637.5,150230
2020-03-20 09:15:00,1584675900,640.7,665.1,638,640.35,843009
2020-03-20 10:15:00,1584679500,640.8,645,631.25,639.9,318136
2020-03-20 11:15:00,1584683100,639.9,658,639.9,656.85,384620
2020-03-20 12:15:00,1584686700,656.85,663,648,649.65,282447
2020-03-20 13:15:00,1584690300,649.65,655.5,632.4,641.65,286059
2020-03-20 14:15:00,1584693900,641.5,646.1,635,640,393754
2020-03-20 15:15:00,1584697500,640,646.65,637,644.7,199837
2020-03-23 09:15:00,1584935100,610,631.95,600.05,605.5,335324
2020-03-23 10:15:00,1584938700,605.5,616.9,605,606.4,139459
2020-03-23 11:15:00,1584942300,606.4,614.8,604.8,611.45,281923
2020-03-23 12:15:00,1584945900,611.45,623.5,610,611.2,217309
2020-03-23 13:15:00,1584949500,610.65,611.4,600.8,602.9,207712
2020-03-23 14:15:00,1584953100,602.85,613.5,586.1,590.15,354345
2020-03-23 15:15:00,1584956700,590.4,610,589.95,602,140323
2020-03-24 09:15:00,1585021500,586.25,622.45,586.2,595.1,236352
2020-03-24 10:15:00,1585025100,595.05,606.8,591.05,605.55,187561
2020-03-24 11:15:00,1585028700,605.2,628,605.2,615.95,296833
2020-03-24 12:15:00,1585032300,615.7,618.5,607.85,610.1,172124
2020-03-24 13:15:00,1585035900,610.1,611.65,601.6,603.6,196164
2020-03-24 14:15:00,1585039500,603.6,609.45,590,590.3,328951
2020-03-24 15:15:00,1585043100,590.2,591.95,585.55,589.5,125920
2020-03-25 09:15:00,1585107900,581,599.25,570.95,581.05,624622
2020-03-25 10:15:00,1585111500,581.05,583.55,575.35,580.3,432862
2020-03-25 11:15:00,1585115100,580.3,584.95,578.5,580.25,339418
2020-03-25 12:15:00,1585118700,580.1,585,578,583.05,478592
2020-03-25 13:15:00,1585122300,583.15,584.3,558.1,560.8,427659
2020-03-25 14:15:00,1585125900,560.55,571.9,559.2,565.45,514298
2020-03-25 15:15:00,1585129500,565.3,567.05,561.9,562.25,197711
2020-03-26 09:15:00,1585194300,566.5,569.1,542.4,564,797698
2020-03-26 10:15:00,1585197900,564,568.8,556.65,559.25,542677
2020-03-26 11:15:00,1585201500,559.25,561.45,546.55,554.8,652033
2020-03-26 12:15:00,1585205100,554.8,559.15,552.45,558.8,473219
2020-03-26 13:15:00,1585208700,558.75,561.5,553.5,557.6,508303
2020-03-26 14:15:00,1585212300,557.6,564.75,556.4,558.7,710965
2020-03-26 15:15:00,1585215900,559.05,560.65,554.5,555,222886
2020-03-27 09:15:00,1585280700,565.05,591.6,565,569.3,2689927
2020-03-27 10:15:00,1585284300,569.55,572.3,551.5,554.7,511127
2020-03-27 11:15:00,1585287900,554.7,561.25,549,551.35,391303
2020-03-27 12:15:00,1585291500,551.25,558.8,549.6,553.25,275780
2020-03-27 13:15:00,1585295100,553.25,556.3,547.05,554.05,312861
2020-03-27 14:15:00,1585298700,554.05,555.55,542.35,548.2,474341
2020-03-27 15:15:00,1585302300,548.2,555.6,545.8,553,243576
2020-03-30 09:15:00,1585539900,551.5,567,535.25,558.35,834453
2020-03-30 10:15:00,1585543500,558.35,573.5,555.55,561.85,520724
2020-03-30 11:15:00,1585547100,561.85,564.75,559.85,564.65,294413
2020-03-30 12:15:00,1585550700,564.55,567.85,561.8,562.65,272699
2020-03-30 13:15:00,1585554300,562.65,566.4,561.85,564.9,248348
2020-03-30 14:15:00,1585557900,564.85,568.8,558.9,561.9,415788
2020-03-30 15:15:00,1585561500,562.1,565,557.25,562.7,190773
2020-03-31 09:15:00,1585626300,573,585,568.25,578.45,836884
2020-03-31 10:15:00,1585629900,578.45,590,577.25,585.1,605717
2020-03-31 11:15:00,1585633500,585.1,590,581.5,582.1,359836
2020-03-31 12:15:00,1585637100,582,585,580.3,582.65,309641
2020-03-31 13:15:00,1585640700,582.65,584.95,582,582.05,216100
2020-03-31 14:15:00,1585644300,582.05,591,575,590.9,578168
2020-03-31 15:15:00,1585647900,590.9,594.4,587,589.85,244852
2020-04-01 09:15:00,1585712700,589.85,590.8,576.5,581.9,368708
2020-04-01 10:15:00,1585716300,581.9,589.05,580,582.25,207481
2020-04-01 11:15:00,1585719900,582,584.55,578.95,580.45,126213
2020-04-01 12:15:00,1585723500,580.45,588,578.65,582.8,172074
2020-04-01 13:15:00,1585727100,582.8,582.9,575.45,578.5,142510
2020-04-01 14:15:00,1585730700,578.5,581,575.65,579.05,191836
2020-04-01 15:15:00,1585734300,579.05,580.9,577.45,580.6,89929
2020-04-03 09:15:00,1585885500,582.45,604.25,578,601.5,821898
2020-04-03 10:15:00,1585889100,601.5,629.05,596.65,628.7,1045098
2020-04-03 11:15:00,1585892700,629,665.9,626.5,646.95,1600476
2020-04-03 12:15:00,1585896300,646.55,647.95,637.3,643.4,714322
2020-04-03 13:15:00,1585899900,643.4,647,637,640.1,706590
2020-04-03 14:15:00,1585903500,640.05,656.75,638.45,654.5,1068394
2020-04-03 15:15:00,1585907100,654.8,663,654.8,658.65,535362
2020-04-07 09:15:00,1586231100,690,704.75,670.25,694.05,1935436
2020-04-07 10:15:00,1586234700,693.55,710,693.15,708.9,872812
2020-04-07 11:15:00,1586238300,708.9,738.65,707.85,714.5,1694294
2020-04-07 12:15:00,1586241900,714.5,722,711.4,714.25,490671
2020-04-07 13:15:00,1586245500,714.7,716.85,687.2,688.3,1185817
2020-04-07 14:15:00,1586249100,688,702,685.75,700.4,1571570
2020-04-07 15:15:00,1586252700,700,702.8,695.5,699,413844
2020-04-08 09:15:00,1586317500,701,734.45,700.55,717.75,2665920
2020-04-08 10:15:00,1586321100,717.75,723,702,712.25,1362730
2020-04-08 11:15:00,1586324700,712.2,715.1,702.6,708.75,765918
2020-04-08 12:15:00,1586328300,708.8,713,706,712,468903
2020-04-08 13:15:00,1586331900,711.75,717,698.55,704.7,766385
2020-04-08 14:15:00,1586335500,704.85,708.4,700.55,704.95,593866
2020-04-08 15:15:00,1586339100,705,713.55,701,710.6,302497
2020-04-09 09:15:00,1586403900,733.4,782,733.4,750.3,4638669
2020-04-09 10:15:00,1586407500,750.45,776.1,736.45,773.95,2402412
2020-04-09 11:15:00,1586411100,774,793.75,772.05,777.85,2622461
2020-04-09 12:15:00,1586414700,777.5,785,773,775.95,854167
2020-04-09 13:15:00,1586418300,775.9,795,773.5,786.25,1469679
2020-04-09 14:15:00,1586421900,786.25,792,775,790.8,1180549
2020-04-09 15:15:00,1586425500,790.6,798,788.3,789,559990
2020-04-13 09:15:00,1586749500,804,837.7,799,832.6,3168052
2020-04-13 10:15:00,1586753100,832.8,848.8,828.35,831.6,2716317
2020-04-13 11:15:00,1586756700,831.25,836.55,827.45,834,936892
2020-04-13 12:15:00,1586760300,834.1,834.1,818,822,803339
2020-04-13 13:15:00,1586763900,822.4,827.25,813.2,818.2,866459
2020-04-13 14:15:00,1586767500,818.45,831.2,816.8,825.4,1207770
2020-04-13 15:15:00,1586771100,825.35,826.85,823.8,825,364883
2020-04-15 09:15:00,1586922300,847.95,854,835.95,840,2006553
2020-04-15 10:15:00,1586925900,839.6,844.75,836,839.55,778200
2020-04-15 11:15:00,1586929500,840,844,837,843,462204
2020-04-15 12:15:00,1586933100,843,849.95,838.85,839.15,943015
2020-04-15 13:15:00,1586936700,839.1,839.95,810,813.65,915415
2020-04-15 14:15:00,1586940300,814.15,825.5,791.35,811.55,1641125
2020-04-15 15:15:00,1586943900,810.9,818,809.8,817.65,253671
2020-04-16 09:15:00,1587008700,805,823.9,787.05,812.85,1404622
2020-04-16 10:15:00,1587012300,813,819.65,813,818,342940
2020-04-16 11:15:00,1587015900,818.1,822.5,816,820.1,372993
2020-04-16 12:15:00,1587019500,820.1,828,818.05,823,490983
2020-04-16 13:15:00,1587023100,823,825,821.4,823.75,297713
2020-04-16 14:15:00,1587026700,823.75,832.5,822.1,826.15,712216
2020-04-16 15:15:00,1587030300,826.2,829.7,824,829,341027
2020-04-17 09:15:00,1587095100,841,845,821,829.05,967549
2020-04-17 10:15:00,1587098700,829.25,831,817.7,823.5,795411
2020-04-17 11:15:00,1587102300,823.5,826.6,819,822.2,342789
2020-04-17 12:15:00,1587105900,822.2,826.75,819,822.5,403945
2020-04-17 13:15:00,1587109500,822.5,829,822.05,823.25,329567
2020-04-17 14:15:00,1587113100,823.2,827.7,821,824,330763
2020-04-17 15:15:00,1587116700,823.9,824.4,817.6,819,156938
2020-04-20 09:15:00,1587354300,822,822,795.35,810.25,741223
2020-04-20 10:15:00,1587357900,811,815,808.2,810.2,313363
2020-04-20 11:15:00,1587361500,810.2,813,807.05,810.65,318589
2020-04-20 12:15:00,1587365100,810.65,812.9,809.1,811,155808
2020-04-20 13:15:00,1587368700,811,814.85,808,812.65,297724
2020-04-20 14:15:00,1587372300,812.65,813,808.6,809.95,315781
2020-04-20 15:15:00,1587375900,809.8,812.95,808.1,811,151923
2020-04-21 09:15:00,1587440700,795.5,830,792,817.75,1510743
2020-04-21 10:15:00,1587444300,817.1,845.5,816.75,840,1690387
2020-04-21 11:15:00,1587447900,839.6,839.6,828.15,832.45,835793
2020-04-21 12:15:00,1587451500,832.45,833,820,826.25,465832
2020-04-21 13:15:00,1587455100,826.4,830.95,822.25,826.3,364266
2020-04-21 14:15:00,1587458700,826.3,827.95,810.95,814.1,748573
2020-04-21 15:15:00,1587462300,814.1,815.4,807.05,810,219470
2020-04-22 09:15:00,1587527100,805,829.6,805,826.45,1090819
2020-04-22 10:15:00,1587530700,826.4,826.65,813,816.75,718049
2020-04-22 11:15:00,1587534300,816.75,818,808.05,809.25,366052
2020-04-22 12:15:00,1587537900,809.25,810.5,802.9,808.65,421913
2020-04-22 13:15:00,1587541500,808.65,811.45,804.5,810.25,310709
2020-04-22 14:15:00,1587545100,810.25,815.65,805.3,806.95,507248
2020-04-22 15:15:00,1587548700,807.15,808.35,803,807,215641
2020-04-23 09:15:00,1587613500,811,837.3,811,832.5,1423005
2020-04-23 10:15:00,1587617100,832.5,835.95,828,831,582148
2020-04-23 11:15:00,1587620700,831.25,831.85,826,826.15,298963
2020-04-23 12:15:00,1587624300,826.15,829,822.25,825,343079
2020-04-23 13:15:00,1587627900,825,825.8,818.65,824.4,381059
2020-04-23 14:15:00,1587631500,824.4,826,820.05,820.65,243858
2020-04-23 15:15:00,1587635100,820.65,826.2,820.25,824,139102
2020-04-24 09:15:00,1587699900,824.7,869,820.7,857,4160970
2020-04-24 10:15:00,1587703500,857,878,855.95,877,2764029
2020-04-24 11:15:00,1587707100,876.65,876.65,863.3,869.75,1429384
2020-04-24 12:15:00,1587710700,869.7,880,868,879.5,1315014
2020-04-24 13:15:00,1587714300,879.3,891,877,878.6,2845386
2020-04-24 14:15:00,1587717900,878.25,884.9,872,876.35,1647787
2020-04-24 15:15:00,1587721500,876.3,881.45,873,881.45,556033
2020-04-27 09:15:00,1587959100,899.95,906,884.05,892.9,2624207
2020-04-27 10:15:00,1587962700,892.9,894.95,885.95,887.85,742744
2020-04-27 11:15:00,1587966300,887.85,889.75,875.7,886.2,1003732
2020-04-27 12:15:00,1587969900,886.2,891,885,888.4,429626
2020-04-27 13:15:00,1587973500,888.4,895,885.1,892.25,468495
2020-04-27 14:15:00,1587977100,892.3,899.95,889.3,895.85,846372
2020-04-27 15:15:00,1587980700,895.7,900,895,896.5,332355
2020-04-28 09:15:00,1588045500,900,901,867,873.25,1468710
2020-04-28 10:15:00,1588049100,873,876.85,870.75,872.6,409522
2020-04-28 11:15:00,1588052700,872.65,875,865.7,867.75,332480
2020-04-28 12:15:00,1588056300,868.4,871.8,866.2,867.75,279792
2020-04-28 13:15:00,1588059900,868.25,869.95,857.15,858.9,538547
2020-04-28 14:15:00,1588063500,858.85,860.5,848.25,854.4,845953
2020-04-28 15:15:00,1588067100,854.4,857.9,851,857.4,245934
2020-04-29 09:15:00,1588131900,860,869.9,848.75,859.95,1068090
2020-04-29 10:15:00,1588135500,859.95,872.7,858.5,869.35,668386
2020-04-29 11:15:00,1588139100,869.65,871,860,864,310800
2020-04-29 12:15:00,1588142700,864,866.95,861.05,863.75,201511
2020-04-29 13:15:00,1588146300,863.55,866.6,852.2,856,504455
2020-04-29 14:15:00,1588149900,856,861.9,853.15,854,351246
2020-04-29 15:15:00,1588153500,854.05,855.75,852.1,853.5,179771
2020-04-30 09:15:00,1588218300,874.9,878.2,853.1,858.3,1328728
2020-04-30 10:15:00,1588221900,858.5,862.8,855,856.05,468091
2020-04-30 11:15:00,1588225500,856.3,856.3,835,839.95,1497398
2020-04-30 12:15:00,1588229100,839.95,844.05,811.55,823,1546619
2020-04-30 13:15:00,1588232700,822.95,829.8,816.5,826,1035614
2020-04-30 14:15:00,1588236300,826,844.4,824.3,835.45,1501997
2020-04-30 15:15:00,1588239900,835.45,838.6,833,835,261804
2020-05-04 09:15:00,1588563900,826,861.9,815,853.8,2025840
2020-05-04 10:15:00,1588567500,853.95,858.4,850.2,857.05,549164
2020-05-04 11:15:00,1588571100,856.65,863,852.2,861.9,508234
2020-05-04 12:15:00,1588574700,861.6,865.8,856.15,861.5,805997
2020-05-04 13:15:00,1588578300,862,862,845.55,849,683638
2020-05-04 14:15:00,1588581900,849,849.5,837.4,839.3,724850
2020-05-04 15:15:00,1588585500,839.2,843,836.15,841.6,184099
2020-05-05 09:15:00,1588650300,867.95,867.95,842.85,849.5,1260703
2020-05-05 10:15:00,1588653900,849.2,850.5,841.65,842.95,390198
2020-05-05 11:15:00,1588657500,842.95,848.15,838.4,840,373435
2020-05-05 12:15:00,1588661100,840,843.45,837.05,839.5,292330
2020-05-05 13:15:00,1588664700,839.35,842.55,836.2,839.35,245921
2020-05-05 14:15:00,1588668300,839.45,840,821,827.1,705443
2020-05-05 15:15:00,1588671900,828.25,829.1,824.05,826,215380
2020-05-06 09:15:00,1588736700,834.95,840.65,817.05,825.3,783948
2020-05-06 10:15:00,1588740300,825.3,831.6,819.1,819.4,357593
2020-05-06 11:15:00,1588743900,819.15,826.45,817.6,823.4,241357
2020-05-06 12:15:00,1588747500,823.4,824.8,820.15,822,143372
2020-05-06 13:15:00,1588751100,821.5,830.65,820.1,828.1,289056
2020-05-06 14:15:00,1588754700,828.1,830,822.5,827.3,297492
2020-05-06 15:15:00,1588758300,827.2,829.5,826,828.6,129899
2020-05-07 09:15:00,1588823100,820,836.6,820,823.2,519803
2020-05-07 10:15:00,1588826700,823.55,825.9,818,822.8,398866
2020-05-07 11:15:00,1588830300,822.8,825.4,821,824.3,151500
2020-05-07 12:15:00,1588833900,824.3,829.5,823,826,202443
2020-05-07 13:15:00,1588837500,826,827.65,820,820,250538
2020-05-07 14:15:00,1588841100,820,820.1,808.75,815.1,557660
2020-05-07 15:15:00,1588844700,815.15,816,812,815.8,149328
2020-05-08 09:15:00,1588909500,820,832.15,817.3,823.75,624397
2020-05-08 10:15:00,1588913100,823.75,828.5,823,824.3,211648
2020-05-08 11:15:00,1588916700,824.3,832,823.35,828.75,317953
2020-05-08 12:15:00,1588920300,828.6,829,824,826.35,153936
2020-05-08 13:15:00,1588923900,826.4,836.6,824.5,831,384454
2020-05-08 14:15:00,1588927500,831.3,839.65,826.65,834.55,788746
2020-05-08 15:15:00,1588931100,835,838.9,834.4,835,152146
2020-05-11 09:15:00,1589168700,843.95,852,832.05,850.35,1541598
2020-05-11 10:15:00,1589172300,850.1,854.85,848,852.35,673280
2020-05-11 11:15:00,1589175900,852.35,852.6,847.5,850.5,229607
2020-05-11 12:15:00,1589179500,850.5,851,844,844.15,259078
2020-05-11 13:15:00,1589183100,844.15,852,843,850,297969
2020-05-11 14:15:00,1589186700,850,857.7,845,850,794648
2020-05-11 15:15:00,1589190300,850,853,849,852.8,149375
2020-05-12 09:15:00,1589255100,850,860.6,847,851.2,770654
2020-05-12 10:15:00,1589258700,851.2,856,848.5,851.8,269998
2020-05-12 11:15:00,1589262300,851.8,852,845,848.9,214694
2020-05-12 12:15:00,1589265900,849,854.95,846.95,851.5,185793
2020-05-12 13:15:00,1589269500,851.5,857.8,850.35,853,184386
2020-05-12 14:15:00,1589273100,853,854.15,849,851.55,267212
2020-05-12 15:15:00,1589276700,851.6,852.8,850,851.9,107816
2020-05-13 09:15:00,1589341500,861,863,844.8,852.45,501422
2020-05-13 10:15:00,1589345100,852.45,852.5,847.3,848.3,155843
2020-05-13 11:15:00,1589348700,847.8,848.55,836.35,845.1,476910
2020-05-13 12:15:00,1589352300,845.1,851.85,842.5,843.85,413448
2020-05-13 13:15:00,1589355900,843.85,847.65,839.2,839.6,181544
2020-05-13 14:15:00,1589359500,839.6,842.4,835.2,841.2,375107
2020-05-13 15:15:00,1589363100,841.5,842,838.15,840,148530
2020-05-14 09:15:00,1589427900,840,854,828.7,852.55,1090717
2020-05-14 10:15:00,1589431500,852.6,855.5,848.65,853.45,446616
2020-05-14 11:15:00,1589435100,853,856.35,850.2,855.1,228777
2020-05-14 12:15:00,1589438700,855.1,862,855.1,859.75,575852
2020-05-14 13:15:00,1589442300,859.7,862,855.1,855.5,401939
2020-05-14 14:15:00,1589445900,856.1,863.95,852.45,860.8,500358
2020-05-14 15:15:00,1589449500,861.1,866.4,861,863.35,228865
2020-05-15 09:15:00,1589514300,863.05,863.05,840.5,847,543370
2020-05-15 10:15:00,1589517900,847,847,836.1,837.7,272452
2020-05-15 11:15:00,1589521500,837.5,843.95,836.2,841.8,224950
2020-05-15 12:15:00,1589525100,841.8,852,841.8,851,396590
2020-05-15 13:15:00,1589528700,851,853.35,847.3,850.85,169336
2020-05-15 14:15:00,1589532300,850.85,850.9,842.5,843.8,232041
2020-05-15 15:15:00,1589535900,843.7,844,838,839.8,144973
2020-05-18 09:15:00,1589773500,838,853,837.35,849.7,534271
2020-05-18 10:15:00,1589777100,849.7,854.9,841,843.3,394226
2020-05-18 11:15:00,1589780700,843.3,850.45,838.1,847.45,331835
2020-05-18 12:15:00,1589784300,847.45,854.5,847.3,851.65,308788
2020-05-18 13:15:00,1589787900,851.6,855.9,850.65,854.1,275513
2020-05-18 14:15:00,1589791500,854.05,859,851.2,858.3,542267
2020-05-18 15:15:00,1589795100,858.35,862.95,854,855,273854
2020-05-19 09:15:00,1589859900,863.5,870,844.1,865.45,1337242
2020-05-19 10:15:00,1589863500,865.2,867.25,854.5,855.5,412808
2020-05-19 11:15:00,1589867100,855.5,856.95,846.65,849.8,416808
2020-05-19 12:15:00,1589870700,849.8,854.45,846.25,849.6,269744
2020-05-19 13:15:00,1589874300,849.6,850,833.35,835.05,401284
2020-05-19 14:15:00,1589877900,835.05,838.85,834.45,838.4,351068
2020-05-19 15:15:00,1589881500,838.3,848.1,837.75,846,224838
2020-05-20 09:15:00,1589946300,844.6,866.65,841,866,888563
2020-05-20 10:15:00,1589949900,866,866,855.55,855.9,518614
2020-05-20 11:15:00,1589953500,855.9,865.95,855.35,863.2,396713
2020-05-20 12:15:00,1589957100,863.2,869,862.25,866.25,338627
2020-05-20 13:15:00,1589960700,866.25,874.55,861.1,869.5,688031
2020-05-20 14:15:00,1589964300,870.45,876.9,869.1,872.8,754352
2020-05-20 15:15:00,1589967900,873.4,878,867.9,868,361329
2020-05-21 09:15:00,1590032700,870,878.95,863.15,870.75,625792
2020-05-21 10:15:00,1590036300,870.8,884.45,870.8,882.7,365868
2020-05-21 11:15:00,1590039900,883.35,886,878,880.95,460098
2020-05-21 12:15:00,1590043500,880.7,881.65,874.05,879.45,328247
2020-05-21 13:15:00,1590047100,879.9,880.9,876.15,880.6,168476
2020-05-21 14:15:00,1590050700,880.6,889.35,875.2,888.4,511777
2020-05-21 15:15:00,1590054300,888.2,889.95,883,884.4,203913
2020-05-22 09:15:00,1590119100,881,889.45,876,880.1,498233
2020-05-22 10:15:00,1590122700,880.1,885.15,875.35,881.6,228215
2020-05-22 11:15:00,1590126300,881.95,884.9,880.1,882.7,111279
2020-05-22 12:15:00,1590129900,882.7,891.4,882.2,886.55,374561
2020-05-22 13:15:00,1590133500,886.55,898,885.8,896.9,508113
2020-05-22 14:15:00,1590137100,896.9,897.9,891.2,892.75,480397
2020-05-22 15:15:00,1590140700,892.4,893.85,890.25,892.75,171132
2020-05-26 09:15:00,1590464700,893,907.9,893,900.85,1178449
2020-05-26 10:15:00,1590468300,900.65,908.8,900,907,570087
2020-05-26 11:15:00,1590471900,907,907.95,903.9,907.1,388750
2020-05-26 12:15:00,1590475500,907.1,919.2,906.5,915.4,1147972
2020-05-26 13:15:00,1590479100,915,915.5,895.5,897.8,1056311
2020-05-26 14:15:00,1590482700,897.8,911.2,895,908.35,808372
2020-05-26 15:15:00,1590486300,908.2,908.4,898.05,903.15,285894
2020-05-27 09:15:00,1590551100,906,909.95,888.3,895,596557
2020-05-27 10:15:00,1590554700,895,899.95,894.3,898.15,303396
2020-05-27 11:15:00,1590558300,898.15,903,893.5,898.4,310633
2020-05-27 12:15:00,1590561900,898.4,899.5,892,897.4,236440
2020-05-27 13:15:00,1590565500,897.4,902.4,894,897.35,271738
2020-05-27 14:15:00,1590569100,897.35,908.5,895,895.25,566062
2020-05-27 15:15:00,1590572700,895,896.3,888,889.6,207674
2020-05-28 09:15:00,1590637500,887.5,888,874,887.5,922762
2020-05-28 10:15:00,1590641100,887.4,887.5,875.3,878.1,435471
2020-05-28 11:15:00,1590644700,878.1,881.55,876,879.1,229045
2020-05-28 12:15:00,1590648300,879.15,879.15,871.55,874.3,374291
2020-05-28 13:15:00,1590651900,874.3,877,868.25,871.5,487090
2020-05-28 14:15:00,1590655500,871.6,880.5,870.5,879.25,525966
2020-05-28 15:15:00,1590659100,879.65,890.8,879.45,886.6,250642
2020-05-29 09:15:00,1590723900,870,874,840.5,861.5,3866233
2020-05-29 10:15:00,1590727500,861.95,872,853.8,869,1475532
2020-05-29 11:15:00,1590731100,868.8,870.7,863.55,867.6,561942
2020-05-29 12:15:00,1590734700,867.5,881.8,867.5,870.2,1458159
2020-05-29 13:15:00,1590738300,870.2,873.35,867.05,870.35,383598
2020-05-29 14:15:00,1590741900,870.05,878,863.85,872.5,1249395
2020-05-29 15:15:00,1590745500,872.5,872.5,863.5,866,476763
2020-06-01 09:15:00,1590983100,875,876,850.15,859.1,1922421
2020-06-01 10:15:00,1590986700,859.15,864.5,851.55,855,832542
2020-06-01 11:15:00,1590990300,855,856.5,851.3,853.8,552778
2020-06-01 12:15:00,1590993900,853.95,859.5,852.5,857.65,494186
2020-06-01 13:15:00,1590997500,857.6,858.95,850.35,851.4,407840
2020-06-01 14:15:00,1591001100,851.55,854.85,848,849.4,631347
2020-06-01 15:15:00,1591004700,849.3,851,846.1,850,370850
2020-06-02 09:15:00,1591069500,853.9,872,851.55,862.8,1495238
2020-06-02 10:15:00,1591073100,862.75,870.5,862.1,862.55,526832
2020-06-02 11:15:00,1591076700,862.5,869,862.45,868.35,530627
2020-06-02 12:15:00,1591080300,868.35,869.2,862.2,863.55,325456
2020-06-02 13:15:00,1591083900,863.05,870.15,858.9,869.1,604339
2020-06-02 14:15:00,1591087500,869.3,873.95,866.85,871.4,999344
2020-06-02 15:15:00,1591091100,871.4,872.9,870.85,871.8,256814
2020-06-03 09:15:00,1591155900,880,883.55,872.1,880.55,1298352
2020-06-03 10:15:00,1591159500,880.35,885.85,878.45,881.6,877527
2020-06-03 11:15:00,1591163100,881.6,884,876.6,877.7,371238
2020-06-03 12:15:00,1591166700,877.5,879.55,875.75,878.45,233069
2020-06-03 13:15:00,1591170300,878.5,880,876.3,877.7,211106
2020-06-03 14:15:00,1591173900,877.7,878.9,866.5,868.95,574482
2020-06-03 15:15:00,1591177500,868.95,869.5,861.15,867,299349
2020-06-04 09:15:00,1591242300,870,888.45,868.85,887.9,1058436
2020-06-04 10:15:00,1591245900,887.95,890,882.05,888.1,725980
2020-06-04 11:15:00,1591249500,888.15,892.5,884.95,887.8,512189
2020-06-04 12:15:00,1591253100,887.8,897.9,884.5,897.9,763030
2020-06-04 13:15:00,1591256700,897.9,902.8,894.85,901.4,1081346
2020-06-04 14:15:00,1591260300,901.5,907.8,898.2,907.5,1567505
2020-06-04 15:15:00,1591263900,907.4,913,905.65,910.15,532568
2020-06-05 09:15:00,1591328700,919.9,923.9,908,911.5,1655806
2020-06-05 10:15:00,1591332300,911.1,917.8,910.2,915.25,419050
2020-06-05 11:15:00,1591335900,915.65,919.15,912.3,913.6,302229
2020-06-05 12:15:00,1591339500,913.6,916.45,910,914.35,285667
2020-06-05 13:15:00,1591343100,914.35,917,911.95,912.85,202635
2020-06-05 14:15:00,1591346700,912.85,913,898.1,899.7,620058
2020-06-05 15:15:00,1591350300,899.7,907.8,899.35,903,206676
2020-06-08 09:15:00,1591587900,905,908.95,880.75,890.8,799556
2020-06-08 10:15:00,1591591500,891,911.9,891,908.2,791591
2020-06-08 11:15:00,1591595100,908,909.2,899.2,901.6,283726
2020-06-08 12:15:00,1591598700,901.6,903.2,893.15,894.3,230341
2020-06-08 13:15:00,1591602300,894.2,903.6,892.5,898.65,291031
2020-06-08 14:15:00,1591605900,898.25,902.95,893.1,901.7,333729
2020-06-08 15:15:00,1591609500,901.05,903.15,894.45,896.9,150437
2020-06-09 09:15:00,1591674300,899.9,928.75,895.5,922.15,1575895
2020-06-09 10:15:00,1591677900,921.65,925.75,918.1,920.9,613736
2020-06-09 11:15:00,1591681500,920.7,925.75,920,922,346882
2020-06-09 12:15:00,1591685100,922,930.8,920.1,921.95,1025223
2020-06-09 13:15:00,1591688700,921.95,926.5,918.65,919.3,426869
2020-06-09 14:15:00,1591692300,919.3,922.85,913.65,919.5,578957
2020-06-09 15:15:00,1591695900,919.7,921.25,915.25,916.1,169151
2020-06-10 09:15:00,1591760700,924.4,936.95,922.6,934.95,1185621
2020-06-10 10:15:00,1591764300,935,935.5,928.45,931.75,332770
2020-06-10 11:15:00,1591767900,931.75,932,928.45,929.75,303776
2020-06-10 12:15:00,1591771500,929.75,929.85,920.5,927.6,401839
2020-06-10 13:15:00,1591775100,927.6,929.4,923.3,927,272799
2020-06-10 14:15:00,1591778700,927,929.4,918,929.4,451611
2020-06-10 15:15:00,1591782300,929.4,931,928.3,929.6,127674
2020-06-11 09:15:00,1591847100,924,924.95,914,922.4,486285
2020-06-11 10:15:00,1591850700,922.4,931.8,918.9,923.55,415470
2020-06-11 11:15:00,1591854300,923.55,926.95,920.5,924,186779
2020-06-11 12:15:00,1591857900,924,924.2,916.05,920.55,365436
2020-06-11 13:15:00,1591861500,920.55,924.95,920.05,921.55,138916
2020-06-11 14:15:00,1591865100,921.55,922.9,912.05,916.5,251773
2020-06-11 15:15:00,1591868700,916.1,921.5,914.55,919.1,99203
2020-06-12 09:15:00,1591933500,904.3,920.5,901.05,912.6,770699
2020-06-12 10:15:00,1591937100,912.6,917.9,908.7,909.85,255841
2020-06-12 11:15:00,1591940700,909.35,912.15,906.4,908.5,231259
2020-06-12 12:15:00,1591944300,908.5,911.3,908,910,140994
2020-06-12 13:15:00,1591947900,909.6,915,908.5,910.3,191685
2020-06-12 14:15:00,1591951500,910.3,915,909.1,913.7,383260
2020-06-12 15:15:00,1591955100,913.75,914.6,910.3,911,131589
2020-06-15 09:15:00,1592192700,917,953.7,914,951.85,1993559
2020-06-15 10:15:00,1592196300,951.5,952.65,938.5,939.9,1102989
2020-06-15 11:15:00,1592199900,939.9,947.15,934.3,941.25,750479
2020-06-15 12:15:00,1592203500,941.05,948.75,940.5,944.35,403533
2020-06-15 13:15:00,1592207100,943.85,951.95,943.8,951.55,478896
2020-06-15 14:15:00,1592210700,951.05,956,941.05,942.6,1150892
2020-06-15 15:15:00,1592214300,942.6,946.95,942,943.6,277641
2020-06-16 09:15:00,1592279100,943.6,948.1,934.05,940.45,788710
2020-06-16 10:15:00,1592282700,940.5,943.75,937,937.3,263430
2020-06-16 11:15:00,1592286300,937.3,940.35,935.45,936.45,223125
2020-06-16 12:15:00,1592289900,936.45,939,930.85,930.9,370130
2020-06-16 13:15:00,1592293500,930.9,931.35,918.05,925.85,454746
2020-06-16 14:15:00,1592297100,925.85,928.8,923.05,926.5,224742
2020-06-16 15:15:00,1592300700,926.9,927.85,923.45,925,133176
2020-06-17 09:15:00,1592365500,929.2,938.95,928,931.75,548500
2020-06-17 10:15:00,1592369100,931.9,932.45,922.35,925.4,227678
2020-06-17 11:15:00,1592372700,925.4,929,923.1,927.3,169439
2020-06-17 12:15:00,1592376300,927.3,927.35,918.6,921.1,212773
2020-06-17 13:15:00,1592379900,921.1,929.9,917.2,925.1,352256
2020-06-17 14:15:00,1592383500,925,928.8,924,927.6,256273
2020-06-17 15:15:00,1592387100,927.55,933.55,927.55,931.85,133711
2020-06-18 09:15:00,1592451900,931.9,937,923.55,925.8,425591
2020-06-18 10:15:00,1592455500,925.8,926.4,919.05,921.1,222998
2020-06-18 11:15:00,1592459100,921.1,923.45,920,921.25,122674
2020-06-18 12:15:00,1592462700,921.25,924.45,921.1,923,255945
2020-06-18 13:15:00,1592466300,923,924.35,921.3,923.1,124348
2020-06-18 14:15:00,1592469900,923.1,924,917.2,921.1,330152
2020-06-18 15:15:00,1592473500,921,921,915.1,919.4,263727
2020-06-19 09:15:00,1592538300,919.55,926.9,919.55,923.75,449256
2020-06-19 10:15:00,1592541900,923.75,924.9,914.1,915.6,401059
2020-06-19 11:15:00,1592545500,915.5,923.35,915,923.05,226186
2020-06-19 12:15:00,1592549100,923.4,923.95,918,919.9,109731
2020-06-19 13:15:00,1592552700,919.9,923.3,916.8,916.8,145317
2020-06-19 14:15:00,1592556300,916.8,917.15,912.3,914.3,648218
2020-06-19 15:15:00,1592559900,914.3,916.3,912.55,914.55,314979
2020-06-22 09:15:00,1592797500,922.45,929.3,916.25,921.25,438899
2020-06-22 10:15:00,1592801100,921.5,926.3,919.35,925.7,189538
2020-06-22 11:15:00,1592804700,925.7,950,924.15,944.3,1039178
2020-06-22 12:15:00,1592808300,944.35,944.75,938.2,940,324770
2020-06-22 13:15:00,1592811900,939.7,943.3,936.5,940.75,168801
2020-06-22 14:15:00,1592815500,940.95,942.55,932.5,934.7,280979
2020-06-22 15:15:00,1592819100,934.7,937,934.05,937,99321
2020-06-23 09:15:00,1592883900,935.25,943.55,932.35,940.05,362924
2020-06-23 10:15:00,1592887500,940.5,941.45,929,931.75,245370
2020-06-23 11:15:00,1592891100,931.75,934.45,925.35,926.6,290883
2020-06-23 12:15:00,1592894700,926.6,930.35,926.1,930.3,152729
2020-06-23 13:15:00,1592898300,929.85,930.3,924.05,929.05,208640
2020-06-23 14:15:00,1592901900,929.05,938.85,929,938.85,434826
2020-06-23 15:15:00,1592905500,938.8,940.2,936.4,937.5,173820
2020-06-24 09:15:00,1592970300,940,944.7,937.25,940.25,324612
2020-06-24 10:15:00,1592973900,940.25,942.55,929.2,933.55,278856
2020-06-24 11:15:00,1592977500,933.55,936.75,929.5,933.45,127795
2020-06-24 12:15:00,1592981100,933.45,937,930.5,932.15,117994
2020-06-24 13:15:00,1592984700,932.35,934.2,924.8,925.55,224116
2020-06-24 14:15:00,1592988300,925.35,931.55,916.3,923.35,361650
2020-06-24 15:15:00,1592991900,923.7,927,917.45,925,207010
2020-06-25 09:15:00,1593056700,924.85,934.7,921.4,930.75,328842
2020-06-25 10:15:00,1593060300,930.75,941.9,926.6,940.35,413015
2020-06-25 11:15:00,1593063900,940.35,943.95,938.1,938.1,395644
2020-06-25 12:15:00,1593067500,938.1,943.5,933.5,941.75,342255
2020-06-25 13:15:00,1593071100,941.75,946.3,938.65,942.9,364243
2020-06-25 14:15:00,1593074700,942.65,943.15,935,936.15,313740
2020-06-25 15:15:00,1593078300,936.55,937.05,931.7,934.2,235712
2020-06-26 09:15:00,1593143100,936,943.7,931,940.8,345255
2020-06-26 10:15:00,1593146700,940.75,940.85,934.1,934.7,103840
2020-06-26 11:15:00,1593150300,934.7,942.75,932,937.5,155976
2020-06-26 12:15:00,1593153900,937.5,938.05,927.05,929.1,184467
2020-06-26 13:15:00,1593157500,929.1,930.55,922.55,926.25,188047
2020-06-26 14:15:00,1593161100,926.25,927.9,922,925.4,131988
2020-06-26 15:15:00,1593164700,925.4,929.65,925.05,926,115006
2020-06-29 09:15:00,1593402300,926.75,935.95,919,921.05,464705
2020-06-29 10:15:00,1593405900,921.05,925.7,920.05,921.35,150315
2020-06-29 11:15:00,1593409500,921.35,925.5,920.9,922.25,128069
2020-06-29 12:15:00,1593413100,922.1,925,919.45,923.75,132736
2020-06-29 13:15:00,1593416700,923.9,925,922.05,922.25,68867
2020-06-29 14:15:00,1593420300,922.15,924.5,921.45,923.5,211080
2020-06-29 15:15:00,1593423900,923.45,928.5,923.25,925.9,98896
2020-06-30 09:15:00,1593488700,935,935,915,915.2,391915
2020-06-30 10:15:00,1593492300,915.2,916.5,910.5,911.2,289502
2020-06-30 11:15:00,1593495900,911,912.8,907.3,910.4,219215
2020-06-30 12:15:00,1593499500,910.4,912.35,909.25,911,175384
2020-06-30 13:15:00,1593503100,911,912.05,908.5,911.7,131158
2020-06-30 14:15:00,1593506700,911.7,914,908.45,911.1,472023
2020-06-30 15:15:00,1593510300,911.2,912.5,909,910,210517
2020-07-01 09:15:00,1593575100,910.05,910.95,891.55,896.3,890802
2020-07-01 10:15:00,1593578700,896.4,902.1,893.5,901.05,353427
2020-07-01 11:15:00,1593582300,901,902.15,895.5,897.75,195665
2020-07-01 12:15:00,1593585900,897.75,901.1,897.3,898.8,149691
2020-07-01 13:15:00,1593589500,898.8,908.9,898,906.4,246572
2020-07-01 14:15:00,1593593100,906.4,906.5,898,904.3,226473
2020-07-01 15:15:00,1593596700,904.25,906,903.95,905,121517
2020-07-02 09:15:00,1593661500,905.5,909.9,894.6,905.7,388384
2020-07-02 10:15:00,1593665100,905.7,908,895.05,896.9,248363
2020-07-02 11:15:00,1593668700,896.9,907.8,896.6,905.9,329198
2020-07-02 12:15:00,1593672300,905.9,907.3,905,905.2,75829
2020-07-02 13:15:00,1593675900,905.25,913.25,899,900.55,495781
2020-07-02 14:15:00,1593679500,900.55,902.25,892.55,895,471725
2020-07-02 15:15:00,1593683100,894.8,898,893.6,896.5,134762
2020-07-03 09:15:00,1593747900,898.8,904.2,890,897.9,995668
2020-07-03 10:15:00,1593751500,897.9,899,894.35,897.05,263847
2020-07-03 11:15:00,1593755100,897.05,898.4,894.3,897.15,163329
2020-07-03 12:15:00,1593758700,897.15,899.3,895,899,149803
2020-07-03 13:15:00,1593762300,899,899.85,898.05,899.1,130901
2020-07-03 14:15:00,1593765900,899.1,901,896.2,901,237043
2020-07-03 15:15:00,1593769500,901,901.7,897.8,899.05,162208
2020-07-06 09:15:00,1594007100,896,899.45,884.4,886.95,561653
2020-07-06 10:15:00,1594010700,886.7,889.8,884.5,888,295636
2020-07-06 11:15:00,1594014300,888,889.7,886.1,887.65,275338
2020-07-06 12:15:00,1594017900,887.65,888.45,886.35,886.6,202557
2020-07-06 13:15:00,1594021500,886.6,888,883,883.5,232845
2020-07-06 14:15:00,1594025100,883.5,884.9,874.4,875.05,901016
2020-07-06 15:15:00,1594028700,875.05,876.35,873,874.9,279230
2020-07-07 09:15:00,1594093500,875.55,884.4,875,882,693097
2020-07-07 10:15:00,1594097100,882,882.5,870.1,872.5,567148
2020-07-07 11:15:00,1594100700,872.5,874.35,870.1,872.35,226094
2020-07-07 12:15:00,1594104300,872.35,876.7,871.95,874.5,249460
2020-07-07 13:15:00,1594107900,874.5,875.05,872,874.1,214377
2020-07-07 14:15:00,1594111500,874.15,875.55,870.7,871.7,318012
2020-07-07 15:15:00,1594115100,871.7,871.95,867.2,868,153269
2020-07-08 09:15:00,1594179900,874,889.65,864.55,883.35,900781
2020-07-08 10:15:00,1594183500,882.8,887,873.8,876.4,518983
2020-07-08 11:15:00,1594187100,876.4,880.6,872.05,874.4,458516
2020-07-08 12:15:00,1594190700,874.4,876.1,869.2,870,370641
2020-07-08 13:15:00,1594194300,870,873.3,868.35,869.55,413256
2020-07-08 14:15:00,1594197900,869.55,870.7,863.4,865.35,648880
2020-07-08 15:15:00,1594201500,865.3,865.3,862,862.8,204499
2020-07-09 09:15:00,1594266300,871.4,882,867,874.45,741863
2020-07-09 10:15:00,1594269900,874.45,875.2,871.55,874,153252
2020-07-09 11:15:00,1594273500,874,874.2,868.1,870.45,238794
2020-07-09 12:15:00,1594277100,870.45,873.3,869,870.1,159777
2020-07-09 13:15:00,1594280700,870.1,870.65,862.5,866.35,318584
2020-07-09 14:15:00,1594284300,866.35,871.25,864.8,867,303593
2020-07-09 15:15:00,1594287900,867,867.55,865.4,866.05,188326
2020-07-10 09:15:00,1594352700,870,874.9,864.55,872.2,598511
2020-07-10 10:15:00,1594356300,872.25,873.85,868.25,870.45,423432
2020-07-10 11:15:00,1594359900,870.5,871.5,862.6,865.35,229556
2020-07-10 12:15:00,1594363500,865.35,866.75,863.05,864,108621
2020-07-10 13:15:00,1594367100,864,866.25,862.2,863.5,107279
2020-07-10 14:15:00,1594370700,863.5,864.5,858.15,862.7,236431
2020-07-10 15:15:00,1594374300,862.7,863,858,859.5,120735
2020-07-13 09:15:00,1594611900,868.85,868.85,858.35,864.75,376733
2020-07-13 10:15:00,1594615500,864.75,865.8,861.2,861.75,180173
2020-07-13 11:15:00,1594619100,861.8,877,861.3,873.5,428823
2020-07-13 12:15:00,1594622700,873.5,875,868.6,874.5,368143
2020-07-13 13:15:00,1594626300,874.5,875,869,870.4,198023
2020-07-13 14:15:00,1594629900,870.5,872.1,869,869,204441
2020-07-13 15:15:00,1594633500,869,871.95,868.1,871.95,152316
2020-07-14 09:15:00,1594698300,871,880.9,868.55,880.55,613543
2020-07-14 10:15:00,1594701900,880.55,883.3,873,874.55,591286
2020-07-14 11:15:00,1594705500,874.8,876,871,875.15,301162
2020-07-14 12:15:00,1594709100,875.15,878.9,874.55,876.85,270585
2020-07-14 13:15:00,1594712700,877,878.1,875.05,876.5,227942
2020-07-14 14:15:00,1594716300,876.5,877,870,873.75,404968
2020-07-14 15:15:00,1594719900,873.8,874.4,871,871.9,131240
2020-07-15 09:15:00,1594784700,875.1,878.9,869.5,874.6,492343
2020-07-15 10:15:00,1594788300,874.6,874.65,871,871.1,94491
2020-07-15 11:15:00,1594791900,871.1,874.75,870.45,872.85,149763
2020-07-15 12:15:00,1594795500,872.85,873,867,868.1,155256
2020-07-15 13:15:00,1594799100,867.4,868.15,861,861.15,272747
2020-07-15 14:15:00,1594802700,861.15,862,855.2,856,324249
2020-07-15 15:15:00,1594806300,856,859.95,855.1,859.55,134314
2020-07-16 09:15:00,1594871100,861.8,866.55,856.05,863.6,256520
2020-07-16 10:15:00,1594874700,863.6,868.55,863,868.15,182943
2020-07-16 11:15:00,1594878300,867.95,872.5,866.85,867.65,291963
2020-07-16 12:15:00,1594881900,868.25,877.45,867.65,876.7,262949
2020-07-16 13:15:00,1594885500,876.7,881,874.1,876.4,343746
2020-07-16 14:15:00,1594889100,876.35,880.9,875.85,880.15,349286
2020-07-16 15:15:00,1594892700,880.15,881,878.2,880.5,174358
2020-07-17 09:15:00,1594957500,884.85,889.85,871.6,872.3,907596
2020-07-17 10:15:00,1594961100,872.35,878.45,870,878.45,407442
2020-07-17 11:15:00,1594964700,878.45,885.75,878.15,884.35,376522
2020-07-17 12:15:00,1594968300,884.55,896.9,884.4,893.5,664086
2020-07-17 13:15:00,1594971900,893.5,901,890,898.6,406486
2020-07-17 14:15:00,1594975500,898.6,903.75,893.95,894.65,624714
2020-07-17 15:15:00,1594979100,894.65,899.5,894.6,896.55,175708
2020-07-20 09:15:00,1595216700,897.4,900.7,881,884.85,435131
2020-07-20 10:15:00,1595220300,884.95,886.45,881,882.5,142550
2020-07-20 11:15:00,1595223900,882.5,882.6,873,873.7,383328
2020-07-20 12:15:00,1595227500,873.15,875.75,868,870.85,371625
2020-07-20 13:15:00,1595231100,870.9,873.25,869.6,870.85,208789
2020-07-20 14:15:00,1595234700,870.85,870.95,862.9,864,607648
2020-07-20 15:15:00,1595238300,864,867,862.25,867,240157
2020-07-21 09:15:00,1595303100,872,872.45,859,860.7,682173
2020-07-21 10:15:00,1595306700,860.7,861,846,850.9,635518
2020-07-21 11:15:00,1595310300,850.9,856.95,850.5,855,230307
2020-07-21 12:15:00,1595313900,855,856.5,853.05,854,126578
2020-07-21 13:15:00,1595317500,854,854.15,850.1,851.65,154501
2020-07-21 14:15:00,1595321100,851.65,852.6,848.75,852.45,253560
2020-07-21 15:15:00,1595324700,852.3,852.65,850.45,852,125311
2020-07-22 09:15:00,1595389500,852.05,869.8,852.05,858.5,821518
2020-07-22 10:15:00,1595393100,858.5,862.5,855.45,857,213092
2020-07-22 11:15:00,1595396700,856.9,858,853.4,856.3,190497
2020-07-22 12:15:00,1595400300,856.3,857.1,852.3,853,113748
2020-07-22 13:15:00,1595403900,853,853.25,846,851.15,274275
2020-07-22 14:15:00,1595407500,851.15,851.2,846.1,850,200892
2020-07-22 15:15:00,1595411100,850.05,853.95,848.5,853,167936
2020-07-23 09:15:00,1595475900,852.15,862.95,851.3,857.2,652469
2020-07-23 10:15:00,1595479500,857.2,862,856.35,857.5,192879
2020-07-23 11:15:00,1595483100,857.5,860.95,855.2,856.75,114797
2020-07-23 12:15:00,1595486700,857,858.95,854.55,858.9,98638
2020-07-23 13:15:00,1595490300,858.9,860.5,855.5,860.45,115978
2020-07-23 14:15:00,1595493900,860.45,864.9,858,863.85,296539
2020-07-23 15:15:00,1595497500,863.5,864.5,861,861.95,117897
2020-07-24 09:15:00,1595562300,867,873.4,858.1,860.6,866087
2020-07-24 10:15:00,1595565900,860.6,861.1,851.1,853.8,336989
2020-07-24 11:15:00,1595569500,853.8,856.3,850.1,853,197766
2020-07-24 12:15:00,1595573100,853,854,848.2,850.05,138728
2020-07-24 13:15:00,1595576700,850.05,855.65,850,855.4,211190
2020-07-24 14:15:00,1595580300,855.3,856,851.8,854.35,230213
2020-07-24 15:15:00,1595583900,854.95,855.9,851.25,851.25,168042
2020-07-27 09:15:00,1595821500,851,853.45,831,835.9,908727
2020-07-27 10:15:00,1595825100,835.9,843.4,828.4,838.05,340959
2020-07-27 11:15:00,1595828700,838.05,845.45,837.9,841,191559
2020-07-27 12:15:00,1595832300,841,843.6,838.9,842.95,102726
2020-07-27 13:15:00,1595835900,842.95,848.5,840.85,846,126244
2020-07-27 14:15:00,1595839500,846,848.45,844.1,844.75,134656
2020-07-27 15:15:00,1595843100,844.75,846.75,842.35,843,97999
2020-07-28 09:15:00,1595907900,848,854.45,842,851.45,422469
2020-07-28 10:15:00,1595911500,851.7,853.2,845.75,846.1,193647
2020-07-28 11:15:00,1595915100,846.1,851.5,846.1,850.2,88873
2020-07-28 12:15:00,1595918700,850.2,852.2,846.6,848,102183
2020-07-28 13:15:00,1595922300,848.05,851,847.15,849.1,68352
2020-07-28 14:15:00,1595925900,849.1,849.6,841,841,124263
2020-07-28 15:15:00,1595929500,841,841.25,839,840,231278
2020-07-29 09:15:00,1595994300,845,851.45,843.15,848,653352
2020-07-29 10:15:00,1595997900,848,852,847.05,851.15,184157
2020-07-29 11:15:00,1596001500,851.15,857,850.6,855.15,244019
2020-07-29 12:15:00,1596005100,855.15,855.4,849,851.65,184842
2020-07-29 13:15:00,1596008700,851.65,858,850,855.55,184614
2020-07-29 14:15:00,1596012300,855.55,862.75,855,858.1,481535
2020-07-29 15:15:00,1596015900,858.1,860.9,857.85,860.05,103845
2020-07-30 09:15:00,1596080700,864.3,877,863.05,875.75,1006072
2020-07-30 10:15:00,1596084300,875.75,881.9,875.75,880.85,579792
2020-07-30 11:15:00,1596087900,880.85,885.85,879.8,885.1,500142
2020-07-30 12:15:00,1596091500,884.9,892,884,888.8,813177
2020-07-30 13:15:00,1596095100,888.8,891,883.1,886.15,413613
2020-07-30 14:15:00,1596098700,886.15,894.45,881.2,890.4,629582
2020-07-30 15:15:00,1596102300,890.2,890.5,886,888.4,170149
2020-07-31 09:15:00,1596167100,894.75,902,878.7,897.6,1167795
2020-07-31 10:15:00,1596170700,897.8,911.95,895,907.6,949822
2020-07-31 11:15:00,1596174300,907.6,912.95,903.05,911.05,592821
2020-07-31 12:15:00,1596177900,911.3,919.95,909.15,916.5,716019
2020-07-31 13:15:00,1596181500,916.25,921.7,914.15,921.65,448231
2020-07-31 14:15:00,1596185100,920.8,930.75,913.45,927.25,1056061
2020-07-31 15:15:00,1596188700,927.5,931,922,923.6,301430
2020-08-03 09:15:00,1596426300,915,931.05,913.05,922.3,1028728
2020-08-03 10:15:00,1596429900,922.3,942.5,921.3,939,927512
2020-08-03 11:15:00,1596433500,939,946.5,938.05,940.05,539276
2020-08-03 12:15:00,1596437100,940.05,940.95,932.1,933,467255
2020-08-03 13:15:00,1596440700,933,935,929,933.3,270921
2020-08-03 14:15:00,1596444300,932.9,937.05,924,924.35,521891
2020-08-03 15:15:00,1596447900,924.7,926.95,920.45,924.95,187510
2020-08-04 09:15:00,1596512700,932.95,937.9,912,914.8,604623
2020-08-04 10:15:00,1596516300,914.8,926.7,913.2,923,327257
2020-08-04 11:15:00,1596519900,923.4,929.95,922.15,929.9,176398
2020-08-04 12:15:00,1596523500,929.95,933.4,927.5,930.8,274766
2020-08-04 13:15:00,1596527100,930.8,942.6,929.05,936.55,482624
2020-08-04 14:15:00,1596530700,936.55,947.5,934.65,940.3,790778
2020-08-04 15:15:00,1596534300,940.1,942,938.75,940,213561
2020-08-05 09:15:00,1596599100,941,954.6,932.4,939.25,1020248
2020-08-05 10:15:00,1596602700,939.25,949.3,937,946.15,591533
2020-08-05 11:15:00,1596606300,946.35,947.5,937.1,941.55,468418
2020-08-05 12:15:00,1596609900,941.55,943,931.1,931.4,419727
2020-08-05 13:15:00,1596613500,931.6,933.8,924,925.95,506285
2020-08-05 14:15:00,1596617100,926.05,932.2,924.85,929.8,497103
2020-08-05 15:15:00,1596620700,929.85,930.5,925.35,928,167380
2020-08-06 09:15:00,1596685500,932.8,940.95,925.5,939.5,906790
2020-08-06 10:15:00,1596689100,939.8,943.8,936.15,941.4,548561
2020-08-06 11:15:00,1596692700,941.5,942,936.1,940.4,419496
2020-08-06 12:15:00,1596696300,940.4,945.8,939.9,944.1,291657
2020-08-06 13:15:00,1596699900,944.1,945,937.5,942.65,366637
2020-08-06 14:15:00,1596703500,942.65,942.95,933.2,937,595860
2020-08-06 15:15:00,1596707100,937.4,937.6,934.1,935.5,171285
2020-08-07 09:15:00,1596771900,906.65,918.4,877.8,882.05,5634565
2020-08-07 10:15:00,1596775500,882.4,888,880,882.15,1174391
2020-08-07 11:15:00,1596779100,882.2,883.9,874.1,880.7,1379216
2020-08-07 12:15:00,1596782700,880.6,884.75,878,881.3,625473
2020-08-07 13:15:00,1596786300,881.25,889.5,878.7,888,1137333
2020-08-07 14:15:00,1596789900,888,888.25,875,880.5,1425191
2020-08-07 15:15:00,1596793500,880.45,882.3,877.7,881.7,761877
2020-08-10 09:15:00,1597031100,886.9,911.05,886.05,910.85,2193952
2020-08-10 10:15:00,1597034700,911,933.85,906.65,925.2,2392418
2020-08-10 11:15:00,1597038300,924.55,946,924.55,942,1352991
2020-08-10 12:15:00,1597041900,942,949.5,940.35,946.7,1080455
2020-08-10 13:15:00,1597045500,946.45,963,943.05,956,1991512
2020-08-10 14:15:00,1597049100,955.8,999.4,951.25,952,5088062
2020-08-10 15:15:00,1597052700,951.6,956.9,951.5,953.4,593682
2020-08-11 09:15:00,1597117500,964.7,969.55,952,957.2,1964252
2020-08-11 10:15:00,1597121100,957.2,959,946.1,949.6,1081500
2020-08-11 11:15:00,1597124700,949.8,953.15,946.45,948.5,510644
2020-08-11 12:15:00,1597128300,948.5,954.55,947,954.4,419733
2020-08-11 13:15:00,1597131900,954.4,960.6,945,950.2,906883
2020-08-11 14:15:00,1597135500,950.2,958.85,949.75,955.25,732043
2020-08-11 15:15:00,1597139100,955.25,962.15,955.15,958.95,407661
2020-08-12 09:15:00,1597203900,952.95,952.95,925,933.5,1120434
2020-08-12 10:15:00,1597207500,933.5,943.45,933.5,940.55,385363
2020-08-12 11:15:00,1597211100,940.55,941,932.25,934,245402
2020-08-12 12:15:00,1597214700,934,938.95,930.25,938.15,333356
2020-08-12 13:15:00,1597218300,938.15,942.45,937,940.65,176722
2020-08-12 14:15:00,1597221900,940.65,942,938,940.55,299429
2020-08-12 15:15:00,1597225500,940.55,942,939,939.3,161957
2020-08-13 09:15:00,1597290300,940.2,944.6,926.9,931.7,620583
2020-08-13 10:15:00,1597293900,931.75,946,929.6,937.7,629810
2020-08-13 11:15:00,1597297500,937.7,937.85,931.05,936.15,315232
2020-08-13 12:15:00,1597301100,936.15,937.4,930.15,932.6,263343
2020-08-13 13:15:00,1597304700,932.6,935.95,932,934.65,172197
2020-08-13 14:15:00,1597308300,934.65,935.4,928.2,931.5,274248
2020-08-13 15:15:00,1597311900,931.5,932,927.5,929.9,156915
2020-08-14 09:15:00,1597376700,932.2,996.8,932.2,992.9,4632338
2020-08-14 10:15:00,1597380300,992.8,1021.95,991.35,1012.8,7987950
2020-08-14 11:15:00,1597383900,1012.9,1017,1006.35,1007,2095973
2020-08-14 12:15:00,1597387500,1007.15,1013.6,996.6,1003.75,2592304
2020-08-14 13:15:00,1597391100,1003.8,1003.8,985.4,990.15,2795849
2020-08-14 14:15:00,1597394700,990.15,1023.55,984.45,1017.1,5567978
2020-08-14 15:15:00,1597398300,1017.1,1022,1012.7,1014,1154007
2020-08-17 09:15:00,1597635900,1028.4,1035,994.5,999.8,3520126
2020-08-17 10:15:00,1597639500,999.3,1004.5,994.7,1003.25,1089552
2020-08-17 11:15:00,1597643100,1003.5,1011.95,999.55,1002.15,992996
2020-08-17 12:15:00,1597646700,1002.1,1006.7,1000.3,1000.3,364985
2020-08-17 13:15:00,1597650300,1000.4,1005.8,1000,1002.15,357264
2020-08-17 14:15:00,1597653900,1002.15,1009.9,1000,1002.6,866363
2020-08-17 15:15:00,1597657500,1003,1007.7,1002.25,1003.3,401437
2020-08-18 09:15:00,1597722300,998,1022.9,991.05,1002,2189049
2020-08-18 10:15:00,1597725900,1002,1005,997.2,998.05,710997
2020-08-18 11:15:00,1597729500,998.05,998.05,989.3,991.05,744555
2020-08-18 12:15:00,1597733100,991.15,992.5,983.4,985.1,692721
2020-08-18 13:15:00,1597736700,984.85,986.3,982.8,984.7,492974
2020-08-18 14:15:00,1597740300,984.7,990.6,980,982.7,899672
2020-08-18 15:15:00,1597743900,982.1,983.05,978.3,980.5,511836
2020-08-19 09:15:00,1597808700,985,1008.8,985,1000.6,2410779
2020-08-19 10:15:00,1597812300,1000.6,1000.6,987.15,987.65,951832
2020-08-19 11:15:00,1597815900,987.65,996.45,985.85,990.1,740139
2020-08-19 12:15:00,1597819500,989.75,992,986.55,989.4,450970
2020-08-19 13:15:00,1597823100,989.8,990,988,988.4,265318
2020-08-19 14:15:00,1597826700,988.4,988.7,975.2,980.15,890310
2020-08-19 15:15:00,1597830300,980.1,986.1,980.1,985,414185
2020-08-20 09:15:00,1597895100,984,999.9,981.5,983,2370353
2020-08-20 10:15:00,1597898700,983,991,983,983.4,567834
2020-08-20 11:15:00,1597902300,983.6,987,982.2,983.3,347285
2020-08-20 12:15:00,1597905900,983.3,985.55,978.3,983.95,463277
2020-08-20 13:15:00,1597909500,983.95,985.9,979.5,982.1,263042
2020-08-20 14:15:00,1597913100,982.1,983.5,979.1,981.7,453266
2020-08-20 15:15:00,1597916700,982.2,985.2,980.2,983.4,418850
2020-08-21 09:15:00,1597981500,998.7,1004,985.55,993.8,1982498
2020-08-21 10:15:00,1597985100,993.95,996,990,990.5,501141
2020-08-21 11:15:00,1597988700,990.55,992.95,988.3,990,264735
2020-08-21 12:15:00,1597992300,990,990,983.9,986.75,307962
2020-08-21 13:15:00,1597995900,986.75,988.5,984.85,986.9,234094
2020-08-21 14:15:00,1597999500,986.9,987.1,978,979.55,565839
2020-08-21 15:15:00,1598003100,980,984.05,979.5,983.25,285889
2020-08-24 09:15:00,1598240700,987,992.5,960.5,964.3,1620369
2020-08-24 10:15:00,1598244300,964.3,967.4,960.5,962.5,524715
2020-08-24 11:15:00,1598247900,962.5,964.5,961.1,963.05,292251
2020-08-24 12:15:00,1598251500,963.05,966.9,961.7,964,321330
2020-08-24 13:15:00,1598255100,963.8,974,963.8,965.6,635580
2020-08-24 14:15:00,1598258700,965.55,972,964.1,971.6,673178
2020-08-24 15:15:00,1598262300,971.6,972.85,969.5,969.8,296840
2020-08-25 09:15:00,1598327100,1000,1017.15,974,979.8,3758591
2020-08-25 10:15:00,1598330700,979.8,985,971.3,973.25,1120365
2020-08-25 11:15:00,1598334300,973.2,980.7,973.2,978.5,456276
2020-08-25 12:15:00,1598337900,978.5,981.85,976.5,977.6,376578
2020-08-25 13:15:00,1598341500,977.5,979,975.4,977.85,316917
2020-08-25 14:15:00,1598345100,977.85,978.7,970.1,970.7,743467
2020-08-25 15:15:00,1598348700,971.25,974.15,968.7,973.55,441422
2020-08-26 09:15:00,1598413500,979.1,980,964,966.75,1200385
2020-08-26 10:15:00,1598417100,966.5,973.85,966.3,967.9,383034
2020-08-26 11:15:00,1598420700,967.9,969.85,967.5,969.4,167683
2020-08-26 12:15:00,1598424300,969.4,971,967.5,969.35,176818
2020-08-26 13:15:00,1598427900,969.35,972.75,968.2,971.1,200348
2020-08-26 14:15:00,1598431500,971.1,986.2,970.5,978.25,1431080
2020-08-26 15:15:00,1598435100,978.3,981.2,975.3,977.05,287745
2020-08-27 09:15:00,1598499900,978.75,991.95,975.25,987.25,1349592
2020-08-27 10:15:00,1598503500,987.35,994.5,987.25,989.1,700451
2020-08-27 11:15:00,1598507100,989.1,990.45,983.5,986.85,519723
2020-08-27 12:15:00,1598510700,986.85,986.85,980.15,981.5,356933
2020-08-27 13:15:00,1598514300,981.95,986.7,981,985.35,291751
2020-08-27 14:15:00,1598517900,985.6,985.75,982,983.4,437794
2020-08-27 15:15:00,1598521500,983.55,984.7,981.5,984.1,238523
2020-08-28 09:15:00,1598586300,984.5,991.75,982.25,985.95,810249
2020-08-28 10:15:00,1598589900,985.95,987.85,976.55,978.5,438992
2020-08-28 11:15:00,1598593500,978.3,983.5,977.4,979.15,159768
2020-08-28 12:15:00,1598597100,979.45,980.35,975,978.75,267969
2020-08-28 13:15:00,1598600700,978.7,978.75,972,978.4,318083
2020-08-28 14:15:00,1598604300,978.5,980,973,975.6,358255
2020-08-28 15:15:00,1598607900,975.6,980.4,974.45,976.3,174023
2020-08-31 09:15:00,1598845500,982,990,970.7,985.2,824251
2020-08-31 10:15:00,1598849100,985.2,985.2,971.35,973.1,412217
2020-08-31 11:15:00,1598852700,972.8,975.4,941,949.55,790522
2020-08-31 12:15:00,1598856300,949.5,956.2,945.45,947.05,481859
2020-08-31 13:15:00,1598859900,947.25,947.25,923.55,936.15,977642
2020-08-31 14:15:00,1598863500,936,936.25,921.7,927.5,954310
2020-08-31 15:15:00,1598867100,927.6,929.45,923.7,926.4,619070
2020-09-01 09:15:00,1598931900,932.2,952.05,927.15,933.35,1212494
2020-09-01 10:15:00,1598935500,933.35,934,918.1,925.8,709007
2020-09-01 11:15:00,1598939100,925.75,926.9,919.5,922.15,335243
2020-09-01 12:15:00,1598942700,922.15,935,921.45,934.5,314753
2020-09-01 13:15:00,1598946300,934.5,944.55,932.15,943.05,405661
2020-09-01 14:15:00,1598949900,943.05,953.45,937.2,950.7,723630
2020-09-01 15:15:00,1598953500,950.8,954.9,949.05,951.7,277453
2020-09-02 09:15:00,1599018300,950.35,964.8,940.35,957,972898
2020-09-02 10:15:00,1599021900,956.6,958,946.45,950.9,506018
2020-09-02 11:15:00,1599025500,950.9,956.2,948.5,950.3,903857
2020-09-02 12:15:00,1599029100,950.3,950.85,941.55,950.6,344252
2020-09-02 13:15:00,1599032700,950.6,957.95,947.1,955.75,414119
2020-09-02 14:15:00,1599036300,955.75,960.75,953.2,960,372791
2020-09-02 15:15:00,1599039900,959.4,970,959.4,966,240749
2020-09-03 09:15:00,1599104700,969.85,972.5,956,959,694215
2020-09-03 10:15:00,1599108300,958.6,968.55,954,964.1,370292
2020-09-03 11:15:00,1599111900,964.1,969.35,961.05,961.7,284631
2020-09-03 12:15:00,1599115500,961.7,967.95,960,964.4,169161
2020-09-03 13:15:00,1599119100,964.4,967.95,962,964.5,126968
2020-09-03 14:15:00,1599122700,964.5,966.4,958,961.8,424557
2020-09-03 15:15:00,1599126300,961.8,964,959.6,964,146494
2020-09-04 09:15:00,1599191100,957,966.6,942.65,964.7,960042
2020-09-04 10:15:00,1599194700,965,965,957.3,961.55,508119
2020-09-04 11:15:00,1599198300,961.55,962.9,956.6,957.7,143498
2020-09-04 12:15:00,1599201900,957.7,962.25,957.15,960.4,132041
2020-09-04 13:15:00,1599205500,960.75,961.2,950.1,953.45,242434
2020-09-04 14:15:00,1599209100,953.45,954.3,935.55,948.5,797035
2020-09-04 15:15:00,1599212700,948.5,949.1,942.1,945.8,181300
2020-09-07 09:15:00,1599450300,949,953.3,928.8,931.65,631868
2020-09-07 10:15:00,1599453900,931.5,932.5,927,929.15,295678
2020-09-07 11:15:00,1599457500,929.2,931.5,925,928.45,228773
2020-09-07 12:15:00,1599461100,928.45,930.45,925.3,927.95,146912
2020-09-07 13:15:00,1599464700,927.95,930.95,927,927.3,130125
2020-09-07 14:15:00,1599468300,927.3,927.9,921.75,927,500354
2020-09-07 15:15:00,1599471900,926.65,927.3,922.15,924.85,284519
2020-09-08 09:15:00,1599536700,930.3,937.75,922.85,931.85,650767
2020-09-08 10:15:00,1599540300,931.85,931.85,924.8,925.3,188987
2020-09-08 11:15:00,1599543900,925.3,927.7,923.05,925.1,155755
2020-09-08 12:15:00,1599547500,925.1,927.9,923.6,927,133550
2020-09-08 13:15:00,1599551100,927,933.95,927,931.5,268925
2020-09-08 14:15:00,1599554700,931.4,931.55,916,920.85,407296
2020-09-08 15:15:00,1599558300,920.85,922.5,911.8,913,114323
2020-09-09 09:15:00,1599623100,918.95,926.95,915.25,923.6,814285
2020-09-09 10:15:00,1599626700,923.5,924,918.5,923.45,232085
2020-09-09 11:15:00,1599630300,923.7,931.9,921.5,926.95,515831
2020-09-09 12:15:00,1599633900,926.95,941.5,926.65,937.55,869498
2020-09-09 13:15:00,1599637500,937.55,940.7,931.5,936.1,554254
2020-09-09 14:15:00,1599641100,936.1,942.15,933.25,940,492922
2020-09-09 15:15:00,1599644700,939.9,947.4,939.9,942,235001
2020-09-10 09:15:00,1599709500,942.5,952.2,935.55,948.45,1054136
2020-09-10 10:15:00,1599713100,948.9,951,942.6,950.55,375056
2020-09-10 11:15:00,1599716700,950.6,959.8,949.45,953,478084
2020-09-10 12:15:00,1599720300,953.3,956,950.85,953,321124
2020-09-10 13:15:00,1599723900,953,955.9,949.25,954.8,560043
2020-09-10 14:15:00,1599727500,954.8,966,954.65,960.9,695759
2020-09-10 15:15:00,1599731100,960.9,964.9,956.7,957.3,206965
2020-09-11 09:15:00,1599795900,959.95,967.7,952.4,961,552800
2020-09-11 10:15:00,1599799500,961,966.4,958,963.75,244124
2020-09-11 11:15:00,1599803100,963.75,973,963.6,967.5,426854
2020-09-11 12:15:00,1599806700,967.5,971.9,965.15,965.35,196135
2020-09-11 13:15:00,1599810300,965.35,967.2,962,966,205341
2020-09-11 14:15:00,1599813900,966,969.7,960,969.7,332776
2020-09-11 15:15:00,1599817500,969.55,970,960,964.45,194862
2020-09-14 09:15:00,1600055100,972.95,972.95,958,961.45,498745
2020-09-14 10:15:00,1600058700,961.45,968.2,961.1,965.4,207590
2020-09-14 11:15:00,1600062300,965.4,967.9,964.5,966.1,83087
2020-09-14 12:15:00,1600065900,966.1,971,964.45,968.05,184707
2020-09-14 13:15:00,1600069500,968.4,971,964.35,966.1,214222
2020-09-14 14:15:00,1600073100,966.1,970,964.3,967.5,376264
2020-09-14 15:15:00,1600076700,967.7,969.5,965,969.3,268749
2020-09-15 09:15:00,1600141500,972.85,998,967,991.4,1661779
2020-09-15 10:15:00,1600145100,991.4,1005,991.2,1000.3,1593492
2020-09-15 11:15:00,1600148700,1000,1003.7,993.6,995.7,613975
2020-09-15 12:15:00,1600152300,995.7,1002.8,995.1,1000.65,428239
2020-09-15 13:15:00,1600155900,1000.65,1005,996.2,999,578030
2020-09-15 14:15:00,1600159500,999,1003.45,996,1000.3,680426
2020-09-15 15:15:00,1600163100,1000.1,1005,998.15,1004,466193
2020-09-16 09:15:00,1600227900,1005.9,1010.8,995.85,1005.45,1220669
2020-09-16 10:15:00,1600231500,1005.45,1008,1003,1003.9,352242
2020-09-16 11:15:00,1600235100,1003.9,1018,1003.5,1016.85,796835
2020-09-16 12:15:00,1600238700,1017,1024.7,1013,1016.6,984885
2020-09-16 13:15:00,1600242300,1016.1,1025,1016,1020.95,595530
2020-09-16 14:15:00,1600245900,1020.95,1029.7,1018,1027.25,916770
2020-09-16 15:15:00,1600249500,1027.25,1033,1021,1022,465175
2020-09-17 09:15:00,1600314300,1018.85,1031.8,1010.1,1023.95,775965
2020-09-17 10:15:00,1600317900,1024,1032.95,1018.7,1029,394039
2020-09-17 11:15:00,1600321500,1029.05,1029.4,1016.15,1017.2,413990
2020-09-17 12:15:00,1600325100,1017.2,1026.5,1017.2,1024.55,223826
2020-09-17 13:15:00,1600328700,1024.55,1032.45,1022.3,1026.45,456174
2020-09-17 14:15:00,1600332300,1026.05,1042.5,1021.95,1041.85,508087
2020-09-17 15:15:00,1600335900,1041.85,1045.9,1038.25,1040,292263
2020-09-18 09:15:00,1600400700,1075,1107.25,1070.4,1104.55,5007659
2020-09-18 10:15:00,1600404300,1104.6,1112,1095.85,1107.05,2716564
2020-09-18 11:15:00,1600407900,1107.05,1115,1105,1107.6,1710837
2020-09-18 12:15:00,1600411500,1107.6,1111,1101.8,1109.95,755468
2020-09-18 13:15:00,1600415100,1109.95,1122.3,1107.2,1118.35,1314453
2020-09-18 14:15:00,1600418700,1118.5,1118.9,1081.45,1087.8,3201367
2020-09-18 15:15:00,1600422300,1087.75,1089.45,1081.25,1085,533903
2020-09-21 09:15:00,1600659900,1085.85,1097.85,1066.25,1073.3,1327073
2020-09-21 10:15:00,1600663500,1073.25,1073.25,1058.05,1061.5,633812
2020-09-21 11:15:00,1600667100,1061.45,1074.5,1059,1066.85,393349
2020-09-21 12:15:00,1600670700,1066.85,1071.95,1060.8,1062,224943
2020-09-21 13:15:00,1600674300,1062.6,1062.9,1040,1043.5,492778
2020-09-21 14:15:00,1600677900,1044,1047.7,1030.3,1043.3,741125
2020-09-21 15:15:00,1600681500,1044,1045.8,1038.4,1040.55,298285
2020-09-22 09:15:00,1600746300,1040.55,1052.4,1017.8,1046.95,1702723
2020-09-22 10:15:00,1600749900,1047,1049,1026.5,1036.8,974898
2020-09-22 11:15:00,1600753500,1036.8,1047,1031.7,1041,437544
2020-09-22 12:15:00,1600757100,1041,1047.1,1035,1042.2,321433
2020-09-22 13:15:00,1600760700,1042.2,1053.55,1025.1,1025.55,786126
2020-09-22 14:15:00,1600764300,1025.25,1045.8,1019.3,1042.2,809432
2020-09-22 15:15:00,1600767900,1042.55,1044.75,1038.15,1039.95,183984
2020-09-23 09:15:00,1600832700,1053.7,1053.7,1029.15,1032.15,713913
2020-09-23 10:15:00,1600836300,1032.15,1036,1026.05,1031.45,311032
2020-09-23 11:15:00,1600839900,1031.45,1031.85,1021.1,1022.4,298173
2020-09-23 12:15:00,1600843500,1022.4,1027.2,1009.2,1015.25,533550
2020-09-23 13:15:00,1600847100,1015.3,1018.3,1002,1006,400592
2020-09-23 14:15:00,1600850700,1006,1022.65,1006,1018.95,644612
2020-09-23 15:15:00,1600854300,1018.95,1019.85,1011.05,1013.45,302810
2020-09-24 09:15:00,1600919100,1009,1019,995.6,1011.8,856718
2020-09-24 10:15:00,1600922700,1011.2,1011.75,1000.5,1004.95,303763
2020-09-24 11:15:00,1600926300,1004.95,1009.75,997,998.65,266732
2020-09-24 12:15:00,1600929900,998.65,1001.4,996.45,1000.5,248380
2020-09-24 13:15:00,1600933500,1000.5,1005.3,984,987.3,572401
2020-09-24 14:15:00,1600937100,987.3,989.95,976.3,977.7,440114
2020-09-24 15:15:00,1600940700,977.55,981.25,971.25,979,208661
2020-09-25 09:15:00,1601005500,987,994.3,981,982.75,618280
2020-09-25 10:15:00,1601009100,982.8,996,978,994.4,332312
2020-09-25 11:15:00,1601012700,994.85,1014.35,992.6,1013.65,870872
2020-09-25 12:15:00,1601016300,1013.65,1022.85,1006.25,1008.5,854421
2020-09-25 13:15:00,1601019900,1008.5,1014,1003.3,1009.65,388169
2020-09-25 14:15:00,1601023500,1009.65,1014.5,994,999.1,532674
2020-09-25 15:15:00,1601027100,998,998.65,993.1,996.3,203387
2020-09-28 09:15:00,1601264700,1008.6,1009.6,995,997.6,589555
2020-09-28 10:15:00,1601268300,997,999.45,981,986.25,561400
2020-09-28 11:15:00,1601271900,986.5,992.5,982.2,987.6,437544
2020-09-28 12:15:00,1601275500,987.6,998,985.5,992.2,584748
2020-09-28 13:15:00,1601279100,992.2,1009.9,988.05,1008.9,675984
2020-09-28 14:15:00,1601282700,1009.1,1014.9,1000.5,1010,1034909
2020-09-28 15:15:00,1601286300,1010,1010.75,1002.45,1004.75,203241
2020-09-29 09:15:00,1601351100,1014,1014,998.9,1003,760193
2020-09-29 10:15:00,1601354700,1003,1003,995.2,997,447041
2020-09-29 11:15:00,1601358300,997,1000.95,994.4,998.2,200552
2020-09-29 12:15:00,1601361900,998.2,1006.35,995.7,997.5,286181
2020-09-29 13:15:00,1601365500,997.5,1003.8,995.05,1002.35,241886
2020-09-29 14:15:00,1601369100,1002.35,1006.55,997.05,998.9,493051
2020-09-29 15:15:00,1601372700,998.9,999.95,994,994.05,210979
2020-09-30 09:15:00,1601437500,1000,1025,992.25,1010,2075814
2020-09-30 10:15:00,1601441100,1010.4,1020.7,1010,1014.5,696417
2020-09-30 11:15:00,1601444700,1014.4,1015,1001.7,1007.2,808371
2020-09-30 12:15:00,1601448300,1007.2,1009.5,1002.3,1004.05,282546
2020-09-30 13:15:00,1601451900,1004.05,1010.5,1004,1006.15,356233
2020-09-30 14:15:00,1601455500,1006.15,1011.8,1003.6,1007.1,629073
2020-09-30 15:15:00,1601459100,1007.1,1009.85,1005.3,1006.15,377221
2020-10-01 09:15:00,1601523900,1031,1031,1008,1013.6,1452667
2020-10-01 10:15:00,1601527500,1013.55,1019.5,1007,1018.4,716320
2020-10-01 11:15:00,1601531100,1018.05,1023.4,1016.2,1021.9,550088
2020-10-01 12:15:00,1601534700,1021.95,1032,1020,1024.7,807404
2020-10-01 13:15:00,1601538300,1024.7,1026.1,1018,1019.5,402669
2020-10-01 14:15:00,1601541900,1019.95,1028.45,1019.05,1027.35,581067
2020-10-01 15:15:00,1601545500,1027.35,1032,1026,1028.15,368726
2020-10-05 09:15:00,1601869500,1028.35,1031.95,1012.65,1020.4,492276
2020-10-05 10:15:00,1601873100,1020.4,1030,1018.85,1026.95,380050
2020-10-05 11:15:00,1601876700,1027,1033.25,1024,1028.55,390937
2020-10-05 12:15:00,1601880300,1028.55,1029.9,1024,1024.6,193566
2020-10-05 13:15:00,1601883900,1024.6,1032,1024.6,1031.45,279875
2020-10-05 14:15:00,1601887500,1031.45,1048,1029.85,1037.2,1007771
2020-10-05 15:15:00,1601891100,1037.2,1043.05,1037.2,1042.95,180147
2020-10-06 09:15:00,1601955900,1045.6,1053.85,1037.5,1041.2,751471
2020-10-06 10:15:00,1601959500,1041.2,1043.85,1036.1,1037.25,243374
2020-10-06 11:15:00,1601963100,1037.9,1043.55,1036.8,1042,221742
2020-10-06 12:15:00,1601966700,1042,1048.05,1038.6,1038.8,328527
2020-10-06 13:15:00,1601970300,1038.8,1040.1,1025.6,1026.6,419054
2020-10-06 14:15:00,1601973900,1026.6,1029,1021.7,1027.4,471931
2020-10-06 15:15:00,1601977500,1027.25,1028.95,1024.4,1026.9,191063
2020-10-07 09:15:00,1602042300,1031.6,1038.95,1025,1030.4,631195
2020-10-07 10:15:00,1602045900,1030.2,1033.75,1024,1026.35,211803
2020-10-07 11:15:00,1602049500,1026.35,1026.4,1018.4,1020.05,243809
2020-10-07 12:15:00,1602053100,1020.4,1025.85,1020,1020.95,118866
2020-10-07 13:15:00,1602056700,1020.95,1027.85,1020.95,1027,158253
2020-10-07 14:15:00,1602060300,1027,1032.5,1023,1027.6,368399
2020-10-07 15:15:00,1602063900,1027.6,1029,1024.3,1029,96633
2020-10-08 09:15:00,1602128700,1030.9,1040.95,1013.3,1038.9,944314
2020-10-08 10:15:00,1602132300,1038.5,1038.95,1022.2,1024.1,372010
2020-10-08 11:15:00,1602135900,1024.1,1031,1023.4,1026.2,197579
2020-10-08 12:15:00,1602139500,1026.2,1035.95,1025,1034,226040
2020-10-08 13:15:00,1602143100,1034,1037.8,1028.9,1030.25,345550
2020-10-08 14:15:00,1602146700,1030.25,1046.8,1029.9,1045.1,585103
2020-10-08 15:15:00,1602150300,1045.05,1050,1041.25,1048,186650
2020-10-09 09:15:00,1602215100,1048.65,1055.85,1038.75,1042.8,901856
2020-10-09 10:15:00,1602218700,1042.8,1043.45,1030.2,1034.3,339692
2020-10-09 11:15:00,1602222300,1034.3,1041.9,1032,1038.95,269156
2020-10-09 12:15:00,1602225900,1038.95,1039,1034.5,1037,181467
2020-10-09 13:15:00,1602229500,1037,1038.3,1033.05,1034.95,172084
2020-10-09 14:15:00,1602233100,1034.95,1037.9,1027,1029.4,373362
2020-10-09 15:15:00,1602236700,1029.25,1031.65,1025,1028,198944
2020-10-12 09:15:00,1602474300,1030,1040.35,1025,1031.4,743805
2020-10-12 10:15:00,1602477900,1031.15,1038.75,1028.25,1035.8,302888
2020-10-12 11:15:00,1602481500,1035.8,1042.55,1032.8,1038,267711
2020-10-12 12:15:00,1602485100,1038,1040.8,1036.55,1039.05,145030
2020-10-12 13:15:00,1602488700,1039,1040.5,1033.5,1039.65,255762
2020-10-12 14:15:00,1602492300,1039.55,1048,1036.1,1045,381420
2020-10-12 15:15:00,1602495900,1045.3,1049,1043.15,1043.4,177643
2020-10-13 09:15:00,1602560700,1050,1074.9,1047.55,1073.4,2353912
2020-10-13 10:15:00,1602564300,1073.75,1087.8,1072.3,1083.2,2097234
2020-10-13 11:15:00,1602567900,1083.2,1087,1081.1,1085.25,599364
2020-10-13 12:15:00,1602571500,1085,1085,1065,1070.9,1732961
2020-10-13 13:15:00,1602575100,1070.9,1086,1068.85,1080,1092840
2020-10-13 14:15:00,1602578700,1080.1,1081.5,1052.05,1053.55,1183747
2020-10-13 15:15:00,1602582300,1054,1054.5,1045.3,1050.9,348637
2020-10-14 09:15:00,1602647100,1061,1061.45,1029.3,1039.4,1106003
2020-10-14 10:15:00,1602650700,1039.4,1044.05,1036,1042.1,394155
2020-10-14 11:15:00,1602654300,1042.65,1044,1035.85,1038,182141
2020-10-14 12:15:00,1602657900,1038,1038,1023.45,1025.8,493827
2020-10-14 13:15:00,1602661500,1025.8,1032.3,1022.55,1032.3,351335
2020-10-14 14:15:00,1602665100,1032.3,1038.85,1027.2,1037.85,620379
2020-10-14 15:15:00,1602668700,1037.6,1039.4,1034.65,1036.35,334332
2020-10-15 09:15:00,1602733500,1036.2,1042,1026.65,1028,717579
2020-10-15 10:15:00,1602737100,1027.9,1039.9,1026.2,1036.2,400451
2020-10-15 11:15:00,1602740700,1036.2,1039,1028.1,1030,188456
2020-10-15 12:15:00,1602744300,1030,1030.75,1022.25,1023.85,256157
2020-10-15 13:15:00,1602747900,1023.85,1025.9,1003.35,1008.4,370944
2020-10-15 14:15:00,1602751500,1009,1019.1,1001.35,1002.3,666233
2020-10-15 15:15:00,1602755100,1002.25,1007.6,996.15,1002,251854
2020-10-16 09:15:00,1602819900,1003.55,1022.7,998,1022.2,1193647
2020-10-16 10:15:00,1602823500,1022.1,1032,1020,1029,945106
2020-10-16 11:15:00,1602827100,1028.95,1032,1025.35,1031.8,393769
2020-10-16 12:15:00,1602830700,1031.8,1040,1031.2,1033.85,593832
2020-10-16 13:15:00,1602834300,1033.55,1042,1030.4,1039.5,469049
2020-10-16 14:15:00,1602837900,1039.9,1042.9,1035.55,1041.9,454224
2020-10-16 15:15:00,1602841500,1041.3,1045.9,1034.5,1036.45,380569
2020-10-19 09:15:00,1603079100,1044.9,1046,1029.05,1029.65,574602
2020-10-19 10:15:00,1603082700,1029.8,1033,1023.1,1025.2,368147
2020-10-19 11:15:00,1603086300,1025.2,1035.95,1023,1032.65,394121
2020-10-19 12:15:00,1603089900,1033.25,1033.5,1023.1,1025.45,311423
2020-10-19 13:15:00,1603093500,1025.45,1025.55,1016,1017,366038
2020-10-19 14:15:00,1603097100,1017,1020.7,1010.8,1016.65,468107
2020-10-19 15:15:00,1603100700,1017.1,1017.4,1010,1014.45,226094
2020-10-20 09:15:00,1603165500,1015,1025.8,1003.2,1022.6,926973
2020-10-20 10:15:00,1603169100,1022.9,1029.75,1017.55,1017.6,461563
2020-10-20 11:15:00,1603172700,1017.55,1021.25,1011.1,1015.9,330632
2020-10-20 12:15:00,1603176300,1015.9,1017.7,1011.5,1012.3,148804
2020-10-20 13:15:00,1603179900,1012.3,1014.95,1008.85,1009.5,175184
2020-10-20 14:15:00,1603183500,1009.5,1015.9,1007.8,1009.4,437289
2020-10-20 15:15:00,1603187100,1009.5,1010.75,1006.5,1009,183469
2020-10-21 09:15:00,1603251900,1012,1014.65,1006.1,1009.65,659148
2020-10-21 10:15:00,1603255500,1009.65,1010.35,1002,1004,363744
2020-10-21 11:15:00,1603259100,1003.65,1009.45,1003,1005.15,278375
2020-10-21 12:15:00,1603262700,1004.65,1014.9,1004,1013.85,417014
2020-10-21 13:15:00,1603266300,1013.85,1013.85,995.5,995.5,519263
2020-10-21 14:15:00,1603269900,995,1004.9,988,1001.7,695749
2020-10-21 15:15:00,1603273500,1001.9,1003.15,1000.85,1001.3,197559
2020-10-22 09:15:00,1603338300,1007.6,1007.6,990.1,994,672374
2020-10-22 10:15:00,1603341900,994,994.5,977.6,982.4,573062
2020-10-22 11:15:00,1603345500,982.15,999.3,979.3,996.4,572059
2020-10-22 12:15:00,1603349100,996.4,997.35,990,990.15,238099
2020-10-22 13:15:00,1603352700,990.15,994.25,985.65,986.8,253882
2020-10-22 14:15:00,1603356300,986.8,995.5,984.5,995.45,357735
2020-10-22 15:15:00,1603359900,995.45,996.9,991.2,991.2,221827
2020-10-23 09:15:00,1603424700,994,1010,994,1004.5,784037
2020-10-23 10:15:00,1603428300,1004.5,1005.5,996.55,1000.85,384623
2020-10-23 11:15:00,1603431900,1000.9,1005,998.85,1004.7,238792
2020-10-23 12:15:00,1603435500,1004.7,1009,997.05,1000.8,469335
2020-10-23 13:15:00,1603439100,1000.55,1005.8,999,999.35,235929
2020-10-23 14:15:00,1603442700,999.35,1001.35,988.5,992.25,493932
2020-10-23 15:15:00,1603446300,992.7,993,986.4,988.75,190513
2020-10-26 09:15:00,1603683900,992.95,997.65,989,991.5,566998
2020-10-26 10:15:00,1603687500,991.5,992.7,983.1,983.55,396474
2020-10-26 11:15:00,1603691100,983.75,986.4,979.1,982.2,313557
2020-10-26 12:15:00,1603694700,982.2,983.9,972.8,975,229914
2020-10-26 13:15:00,1603698300,975,975,960,960.9,493620
2020-10-26 14:15:00,1603701900,960.9,967.8,957.45,964.75,630758
2020-10-26 15:15:00,1603705500,964.75,965,961,961.95,224485
2020-10-27 09:15:00,1603770300,964,969.9,955.2,962.05,504870
2020-10-27 10:15:00,1603773900,962.25,972,958.1,971.2,386362
2020-10-27 11:15:00,1603777500,971.2,975,965.05,967.75,217893
2020-10-27 12:15:00,1603781100,967.75,975.9,966,966.1,300184
2020-10-27 13:15:00,1603784700,966.1,967.2,958.55,959.95,528530
2020-10-27 14:15:00,1603788300,959.95,963.3,956.35,958.5,444866
2020-10-27 15:15:00,1603791900,958.55,959.9,950.05,952.9,282012
2020-10-28 09:15:00,1603856700,958,972.6,955.5,961,753332
2020-10-28 10:15:00,1603860300,961,964,952.5,953,436798
2020-10-28 11:15:00,1603863900,953.45,959.9,953,958.05,171138
2020-10-28 12:15:00,1603867500,958.05,962,951,951.85,282196
2020-10-28 13:15:00,1603871100,951.85,955.9,940.1,944.6,348118
2020-10-28 14:15:00,1603874700,944.6,948.25,941.65,942.2,441502
2020-10-28 15:15:00,1603878300,942.25,943.5,935.15,936.55,308619
2020-10-29 09:15:00,1603943100,937.5,946.55,928,941.15,753296
2020-10-29 10:15:00,1603946700,941.15,944.8,933.5,934.65,321557
2020-10-29 11:15:00,1603950300,934.65,939.5,931.5,933,282803
2020-10-29 12:15:00,1603953900,933,933.75,928,928.2,235145
2020-10-29 13:15:00,1603957500,928.2,932.3,921.4,925,342886
2020-10-29 14:15:00,1603961100,925.2,927.75,921,926.5,365792
2020-10-29 15:15:00,1603964700,926.75,927.5,922,923.95,198338
2020-10-30 09:15:00,1604029500,925,929,915.4,918.5,870425
2020-10-30 10:15:00,1604033100,918.5,926.4,918,918.4,582643
2020-10-30 11:15:00,1604036700,918.5,921.7,914.45,914.85,420953
2020-10-30 12:15:00,1604040300,914.85,915.2,910.05,913.2,351360
2020-10-30 13:15:00,1604043900,913.7,917.9,911.3,915.9,338256
2020-10-30 14:15:00,1604047500,915.9,916.45,907.15,911.1,645826
2020-10-30 15:15:00,1604051100,911.25,911.45,905.4,908,316911
2020-11-02 09:15:00,1604288700,912,917.9,900.05,900.1,883093
2020-11-02 10:15:00,1604292300,900.1,907.5,900.1,904.15,335089
2020-11-02 11:15:00,1604295900,904.1,916.95,904.1,908.3,559821
2020-11-02 12:15:00,1604299500,908.3,916.6,905.4,912.85,500010
2020-11-02 13:15:00,1604303100,912.85,915,910.4,913.5,271904
2020-11-02 14:15:00,1604306700,913.5,915,910.05,913.5,446829
2020-11-02 15:15:00,1604310300,913.2,914,909.45,909.55,208489
2020-11-03 09:15:00,1604375100,917,941.9,916,933.95,1599010
2020-11-03 10:15:00,1604378700,933.6,934.45,927.25,931.7,588451
2020-11-03 11:15:00,1604382300,931.7,936.4,929.2,934.05,294706
2020-11-03 12:15:00,1604385900,934.25,936,925.8,926.5,370352
2020-11-03 13:15:00,1604389500,926.5,932,924.1,930.5,327296
2020-11-03 14:15:00,1604393100,930.5,941.95,927.5,938.95,650144
2020-11-03 15:15:00,1604396700,938.9,940,935.45,936.95,237362
2020-11-04 09:15:00,1604461500,945,954.5,941.1,952.25,1607367
2020-11-04 10:15:00,1604465100,952.25,962.7,948,957.45,952264
2020-11-04 11:15:00,1604468700,957.45,960.7,953,954.25,422188
2020-11-04 12:15:00,1604472300,954,957,941.05,944.6,547696
2020-11-04 13:15:00,1604475900,944.6,954.1,941,949.95,497732
2020-11-04 14:15:00,1604479500,949.95,951,941.95,943.65,484495
2020-11-04 15:15:00,1604483100,943.05,947,939.8,944.05,309815
2020-11-05 09:15:00,1604547900,939,953.8,921.8,927.5,2390899
2020-11-05 10:15:00,1604551500,927.25,933.9,927.1,929.75,442460
2020-11-05 11:15:00,1604555100,929.7,930,923,924.5,525971
2020-11-05 12:15:00,1604558700,924.15,931.3,923,925.9,599387
2020-11-05 13:15:00,1604562300,925.9,935.55,924.25,931.95,736559
2020-11-05 14:15:00,1604565900,931.95,937.85,931.15,935,787332
2020-11-05 15:15:00,1604569500,935.05,938,934.1,935.95,361014
2020-11-06 09:15:00,1604634300,940,944.45,932,935.45,873584
2020-11-06 10:15:00,1604637900,935.45,936.8,927.05,929.9,531348
2020-11-06 11:15:00,1604641500,929.9,931,925.7,926.8,371101
2020-11-06 12:15:00,1604645100,926.8,927.6,918.5,921.05,618432
2020-11-06 13:15:00,1604648700,921,924.2,919.3,921.7,386135
2020-11-06 14:15:00,1604652300,921.55,921.8,914.15,918,705859
2020-11-06 15:15:00,1604655900,918,919.15,913.15,914.9,347438
2020-11-09 09:15:00,1604893500,924.8,924.85,905.7,918.35,1673233
2020-11-09 10:15:00,1604897100,918.35,926.95,917.5,921.55,735724
2020-11-09 11:15:00,1604900700,921.5,922.7,913.35,913.55,393962
2020-11-09 12:15:00,1604904300,913.55,920,912.7,917.6,298335
2020-11-09 13:15:00,1604907900,917.6,920.95,913.2,914.4,435670
2020-11-09 14:15:00,1604911500,914.4,919.6,913.4,917,522004
2020-11-09 15:15:00,1604915100,917.5,919.5,916.8,918.4,203335
2020-11-10 09:15:00,1604979900,920,920,904,907,1001081
2020-11-10 10:15:00,1604983500,907,907.95,876.75,890,1440084
2020-11-10 11:15:00,1604987100,889.7,890.15,866.9,869,1249633
2020-11-10 12:15:00,1604990700,869.05,872.5,865,868.35,869531
2020-11-10 13:15:00,1604994300,868.35,868.35,855.35,857.25,1112061
2020-11-10 14:15:00,1604997900,857.55,865.1,856.45,858.2,987686
2020-11-10 15:15:00,1605001500,858.05,862.85,856.7,862.4,445904
2020-11-11 09:15:00,1605066300,870,893.8,865,888.9,1989919
2020-11-11 10:15:00,1605069900,889.1,892.15,877.3,879.5,905175
2020-11-11 11:15:00,1605073500,879.5,894.05,873.85,891.3,1526685
2020-11-11 12:15:00,1605077100,891.3,907.5,889.35,904,1247874
2020-11-11 13:15:00,1605080700,904,906,898.3,905.05,572741
2020-11-11 14:15:00,1605084300,904.9,913.4,903.5,912.1,943135
2020-11-11 15:15:00,1605087900,912.9,913.2,904,907,352676
2020-11-12 09:15:00,1605152700,908,937.2,899.05,932.9,2274837
2020-11-12 10:15:00,1605156300,932.9,934.2,920.45,922.75,949636
2020-11-12 11:15:00,1605159900,922.75,923.7,913.35,916,1004417
2020-11-12 12:15:00,1605163500,916,918.8,910.55,910.7,796607
2020-11-12 13:15:00,1605167100,910.7,912.6,902,902.5,816685
2020-11-12 14:15:00,1605170700,902.5,907.1,888.55,893.1,1394370
2020-11-12 15:15:00,1605174300,893.5,897.45,892.95,897.4,396878
2020-11-13 09:15:00,1605239100,900,907.15,890.65,900.25,1660180
2020-11-13 10:15:00,1605242700,900.25,901.25,894.75,899.4,518428
2020-11-13 11:15:00,1605246300,899.4,903.8,898,899.15,328521
2020-11-13 12:15:00,1605249900,899.2,901.8,896.45,901.3,243511
2020-11-13 13:15:00,1605253500,900.65,905,895,899.7,507545
2020-11-13 14:15:00,1605257100,899.7,902.5,898.7,900.95,360230
2020-11-13 15:15:00,1605260700,900.55,904.95,900.45,902,198861
2020-11-14 18:15:00,1605357900,905,911.4,902.55,905.4,426725
2020-11-17 09:15:00,1605584700,915.25,915.3,890.1,900.4,853042
2020-11-17 10:15:00,1605588300,900.4,902.75,892,893.55,460504
2020-11-17 11:15:00,1605591900,893.55,894.4,888,889.9,454452
2020-11-17 12:15:00,1605595500,889.9,890.65,888,889,253195
2020-11-17 13:15:00,1605599100,889.05,890,886.7,889.05,224301
2020-11-17 14:15:00,1605602700,889.05,890.9,886.3,887,373256
2020-11-17 15:15:00,1605606300,887,888,885.5,886.8,270053
2020-11-18 09:15:00,1605671100,885,886.15,875,881.5,1199760
2020-11-18 10:15:00,1605674700,881.9,882.05,877.05,877.75,268242
2020-11-18 11:15:00,1605678300,877.75,879.95,875.7,878.4,194561
2020-11-18 12:15:00,1605681900,878.45,878.5,872,874.9,336610
2020-11-18 13:15:00,1605685500,874.9,879.7,873.1,878.9,194998
2020-11-18 14:15:00,1605689100,878.9,885.95,877.85,885.25,512999
2020-11-18 15:15:00,1605692700,885.1,886.5,881.35,882.95,334679
2020-11-19 09:15:00,1605757500,876.1,891.45,876.1,885,740227
2020-11-19 10:15:00,1605761100,885.45,887.7,882,887.4,193130
2020-11-19 11:15:00,1605764700,887.2,888.5,884.05,886.5,191247
2020-11-19 12:15:00,1605768300,886.5,888.65,883.7,884.85,185202
2020-11-19 13:15:00,1605771900,885.2,886.5,882.1,884.2,167786
2020-11-19 14:15:00,1605775500,884.2,885,877.05,884.55,393367
2020-11-19 15:15:00,1605779100,884.05,887.2,882.15,883,296957
2020-11-20 09:15:00,1605843900,887,891.8,882.1,885.5,553327
2020-11-20 10:15:00,1605847500,885.8,886.65,879.45,880.9,247608
2020-11-20 11:15:00,1605851100,880.9,882.9,873.55,877.3,340106
2020-11-20 12:15:00,1605854700,877.3,878.8,873.55,875.1,157863
2020-11-20 13:15:00,1605858300,875.1,878.9,874.55,878.15,127809
2020-11-20 14:15:00,1605861900,878.1,880.9,877.2,878.8,274122
2020-11-20 15:15:00,1605865500,878.8,879.5,876.55,878.4,176980
2020-11-23 09:15:00,1606103100,886,888,877.5,885.55,504011
2020-11-23 10:15:00,1606106700,885.9,898.85,884.95,895,1145614
2020-11-23 11:15:00,1606110300,895,900.85,893.05,894.5,500569
2020-11-23 12:15:00,1606113900,894.75,894.9,887.35,889.7,384204
2020-11-23 13:15:00,1606117500,890.05,891.9,886.25,888.2,251653
2020-11-23 14:15:00,1606121100,888.2,888.7,883,883.5,545199
2020-11-23 15:15:00,1606124700,883.5,884.6,881.55,884.6,266502
2020-11-24 09:15:00,1606189500,887.75,894.4,885,886.25,642336
2020-11-24 10:15:00,1606193100,886.25,886.9,880.05,883.5,345769
2020-11-24 11:15:00,1606196700,883.5,886.3,879,885.6,294778
2020-11-24 12:15:00,1606200300,885.6,893.95,885.4,891.1,509610
2020-11-24 13:15:00,1606203900,891.1,898.5,890.25,895.15,580963
2020-11-24 14:15:00,1606207500,895.15,897.95,891.1,893.2,469224
2020-11-24 15:15:00,1606211100,893.2,899,893,898.1,218016
2020-11-25 09:15:00,1606275900,903,907.3,897.3,902.25,1640829
2020-11-25 10:15:00,1606279500,902.4,902.4,890.3,892.5,924548
2020-11-25 11:15:00,1606283100,892.5,896,890.2,895.1,337146
2020-11-25 12:15:00,1606286700,895.4,903.5,893.15,902.45,511824
2020-11-25 13:15:00,1606290300,902.45,902.5,888.3,892,565241
2020-11-25 14:15:00,1606293900,892,895.85,889.3,894.4,553590
2020-11-25 15:15:00,1606297500,894.4,895.8,893,894.8,314071
2020-11-26 09:15:00,1606362300,897,906.95,895.65,899.3,1003461
2020-11-26 10:15:00,1606365900,899.3,904.45,898.35,900.75,301458
2020-11-26 11:15:00,1606369500,900.75,903.75,897.2,898.6,198659
2020-11-26 12:15:00,1606373100,898.6,900.65,897.5,898.25,188051
2020-11-26 13:15:00,1606376700,898.25,899.45,893.3,897.25,220802
2020-11-26 14:15:00,1606380300,897.25,901.6,895.5,899.75,235537
2020-11-26 15:15:00,1606383900,899.75,901.2,897.45,899.6,177899
2020-11-27 09:15:00,1606448700,903,914.3,898.4,909,1473300
2020-11-27 10:15:00,1606452300,909.05,910.85,906.35,907.2,410729
2020-11-27 11:15:00,1606455900,907.6,910,907.1,909.1,241863
2020-11-27 12:15:00,1606459500,909.1,912.9,900.5,901.9,667265
2020-11-27 13:15:00,1606463100,901.9,904.4,900,902.1,286200
2020-11-27 14:15:00,1606466700,902.1,903.1,890.1,890.7,1199745
2020-11-27 15:15:00,1606470300,890.8,892.9,889.5,891.85,841484
2020-12-01 09:15:00,1606794300,894,904,892.15,901.35,605113
2020-12-01 10:15:00,1606797900,901.2,905.8,900,903.9,307178
2020-12-01 11:15:00,1606801500,904,912.5,903.9,910.95,557093
2020-12-01 12:15:00,1606805100,910.5,914.35,907,910.3,579949
2020-12-01 13:15:00,1606808700,910.5,913.9,909.05,909.9,273708
2020-12-01 14:15:00,1606812300,909.9,913,908,909,373437
2020-12-01 15:15:00,1606815900,908.8,912.7,908.8,912,218303
2020-12-02 09:15:00,1606880700,912,920.9,909.45,918.55,1255979
2020-12-02 10:15:00,1606884300,918.55,920.15,913.85,915,342752
2020-12-02 11:15:00,1606887900,915,915.7,911.1,911.8,225831
2020-12-02 12:15:00,1606891500,911.6,914.6,905.35,905.75,292704
2020-12-02 13:15:00,1606895100,906.3,909.2,902.6,906.05,245251
2020-12-02 14:15:00,1606898700,906.05,915.5,905.55,915,463256
2020-12-02 15:15:00,1606902300,915.1,915.5,912.35,914,223734
2020-12-03 09:15:00,1606967100,921.9,922.3,912.05,914.85,589762
2020-12-03 10:15:00,1606970700,914.85,916,910.95,911.3,220720
2020-12-03 11:15:00,1606974300,911.4,917.9,910,916.4,249199
2020-12-03 12:15:00,1606977900,916.4,917.5,913.6,915,179866
2020-12-03 13:15:00,1606981500,915,916.3,913.35,914.75,107625
2020-12-03 14:15:00,1606985100,914.95,916.95,912.35,916.4,235042
2020-12-03 15:15:00,1606988700,915.95,916.4,913.5,914.8,104763
2020-12-04 09:15:00,1607053500,918,923.5,915.45,917.9,695059
2020-12-04 10:15:00,1607057100,917.5,922.9,914.1,920.85,583636
2020-12-04 11:15:00,1607060700,920.9,926.2,918.65,925,725266
2020-12-04 12:15:00,1607064300,925,927.45,920,926.4,511225
2020-12-04 13:15:00,1607067900,926.5,935,923.05,932.25,854445
2020-12-04 14:15:00,1607071500,932.2,936,930.3,932.25,538982
2020-12-04 15:15:00,1607075100,932.55,936.55,931.7,935.6,254426
2020-12-07 09:15:00,1607312700,939,946.8,933,945.35,1111264
2020-12-07 10:15:00,1607316300,945.35,957,943,956.3,1116541
2020-12-07 11:15:00,1607319900,956.3,960.65,953.3,958.9,761987
2020-12-07 12:15:00,1607323500,958.45,959,951.25,954,523403
2020-12-07 13:15:00,1607327100,954,961.45,951.25,959.95,602823
2020-12-07 14:15:00,1607330700,959.95,969.3,959,967.5,1105523
2020-12-07 15:15:00,1607334300,967.5,968.45,965.2,966.1,401221
2020-12-08 09:15:00,1607399100,971,975.45,948.55,952.45,1336741
2020-12-08 10:15:00,1607402700,952.45,956.45,940.2,944.9,943968
2020-12-08 11:15:00,1607406300,944.9,948.3,940,947.7,597876
2020-12-08 12:15:00,1607409900,947.9,949.7,943,948.1,355468
2020-12-08 13:15:00,1607413500,948.1,950.5,946,947.4,298338
2020-12-08 14:15:00,1607417100,947.4,950.75,946.05,947.25,558662
2020-12-08 15:15:00,1607420700,948,949.9,946.9,947.1,313895
2020-12-09 09:15:00,1607485500,954,960.75,947.85,953.8,979673
2020-12-09 10:15:00,1607489100,954,954.75,948.6,951.25,307347
2020-12-09 11:15:00,1607492700,950.75,953.95,949,950,170923
2020-12-09 12:15:00,1607496300,950,953.2,949.3,951.45,126023
2020-12-09 13:15:00,1607499900,951.45,953,949.4,950.9,129929
2020-12-09 14:15:00,1607503500,950.9,952.8,944.1,951,491675
2020-12-09 15:15:00,1607507100,951,952,948,951,237993
2020-12-10 09:15:00,1607571900,954,959.05,935.55,938.85,821888
2020-12-10 10:15:00,1607575500,938.85,946.8,938.5,944.85,225823
2020-12-10 11:15:00,1607579100,945,945.05,940.1,941.5,119337
2020-12-10 12:15:00,1607582700,941.5,947,941.1,945.75,136198
2020-12-10 13:15:00,1607586300,945.75,946.45,940,940,169020
2020-12-10 14:15:00,1607589900,940,945.5,939,941.65,303062
2020-12-10 15:15:00,1607593500,942,944,941.65,943.7,153634
2020-12-11 09:15:00,1607658300,945,950,939.1,945.35,504639
2020-12-11 10:15:00,1607661900,945.35,945.85,940.2,941.4,215612
2020-12-11 11:15:00,1607665500,941.4,943,938.1,940.3,168173
2020-12-11 12:15:00,1607669100,940.5,941.25,939.3,939.8,100209
2020-12-11 13:15:00,1607672700,939.8,940.3,933.35,933.85,196397
2020-12-11 14:15:00,1607676300,933.7,941.3,928.55,940.1,403352
2020-12-11 15:15:00,1607679900,940.1,941.05,938,940,184904
2020-12-14 09:15:00,1607917500,945,949.7,938,943.8,413383
2020-12-14 10:15:00,1607921100,943.8,946,939.25,943,159401
2020-12-14 11:15:00,1607924700,943,943.95,939.55,940.4,119596
2020-12-14 12:15:00,1607928300,940.4,945.65,940.25,941.85,178616
2020-12-14 13:15:00,1607931900,941.85,942.6,937.1,939.45,182138
2020-12-14 14:15:00,1607935500,939.45,943.2,939.1,942,233122
2020-12-14 15:15:00,1607939100,942,943,939.25,943,145224
2020-12-15 09:15:00,1608003900,949.5,966,942.95,955,3120752
2020-12-15 10:15:00,1608007500,955,956.85,947.25,948.3,923591
2020-12-15 11:15:00,1608011100,948.4,951.6,946.7,949.75,380151
2020-12-15 12:15:00,1608014700,949.75,953,947.5,951.5,275831
2020-12-15 13:15:00,1608018300,951.5,953,943.7,945.8,331405
2020-12-15 14:15:00,1608021900,945.7,947.9,943,944.25,571982
2020-12-15 15:15:00,1608025500,944.3,945.55,941.25,945,412324
2020-12-16 09:15:00,1608090300,953.25,953.55,942.3,942.7,469112
2020-12-16 10:15:00,1608093900,942.85,953.3,942.5,951.7,387242
2020-12-16 11:15:00,1608097500,952.1,961.5,949.3,959.5,626425
2020-12-16 12:15:00,1608101100,959.5,959.8,954,957.1,328014
2020-12-16 13:15:00,1608104700,957.1,963.9,956,959.4,503684
2020-12-16 14:15:00,1608108300,959.35,960.3,955.8,959.95,413870
2020-12-16 15:15:00,1608111900,960,962.95,959,962,286567
2020-12-17 09:15:00,1608176700,966,973.4,960.5,966.95,1136615
2020-12-17 10:15:00,1608180300,966.65,973,963.35,969,525673
2020-12-17 11:15:00,1608183900,969,982.7,969,982.15,1368517
2020-12-17 12:15:00,1608187500,982.1,984.5,978.35,981.8,771547
2020-12-17 13:15:00,1608191100,981.9,982.85,978.95,979.8,377491
2020-12-17 14:15:00,1608194700,979.7,980.5,969.25,970.25,856556
2020-12-17 15:15:00,1608198300,970.25,971,968.1,970.8,223872
2020-12-18 09:15:00,1608263100,972.95,976.45,955.55,963.9,639666
2020-12-18 10:15:00,1608266700,963.6,973.45,963.6,973.3,308723
2020-12-18 11:15:00,1608270300,972.9,977,971.4,974.45,259363
2020-12-18 12:15:00,1608273900,974.4,976.6,971,972.35,165872
2020-12-18 13:15:00,1608277500,972.25,974.85,970.6,974.8,221656
2020-12-18 14:15:00,1608281100,974.8,975,969.1,972,379024
2020-12-18 15:15:00,1608284700,972,974.2,971.95,973.45,214519
2020-12-21 09:15:00,1608522300,983,990.8,975,989.2,1875318
2020-12-21 10:15:00,1608525900,989.2,989.5,982.05,985.3,562623
2020-12-21 11:15:00,1608529500,985.3,989.8,984.4,988.3,368574
2020-12-21 12:15:00,1608533100,988.3,991.8,980,983.35,616907
2020-12-21 13:15:00,1608536700,983.35,984,959,965.5,822548
2020-12-21 14:15:00,1608540300,965.5,966.4,875,934,2777237
2020-12-21 15:15:00,1608543900,933.85,941.1,925.55,933,817156
2020-12-22 09:15:00,1608608700,945,962.05,913.9,939.6,2319828
2020-12-22 10:15:00,1608612300,939.95,946,934.5,938.85,700691
2020-12-22 11:15:00,1608615900,939.15,939.15,927.5,934.9,446307
2020-12-22 12:15:00,1608619500,934.9,944.5,933.4,943.95,327876
2020-12-22 13:15:00,1608623100,943.5,952.45,939.1,950.75,402273
2020-12-22 14:15:00,1608626700,950.35,955,943.35,954.85,405969
2020-12-22 15:15:00,1608630300,954.95,960.75,951.5,955,189196
2020-12-23 09:15:00,1608695100,957.4,967.65,948,963.2,738435
2020-12-23 10:15:00,1608698700,963.25,969.7,959.45,960.65,301857
2020-12-23 11:15:00,1608702300,960.6,964,955.6,960.4,257199
2020-12-23 12:15:00,1608705900,960.4,963.6,958,958.55,119421
2020-12-23 13:15:00,1608709500,958.2,959.8,954.1,956.15,211578
2020-12-23 14:15:00,1608713100,956.15,965.6,956,963.8,309538
2020-12-23 15:15:00,1608716700,963.7,964.35,961.25,963,111754
2020-12-24 09:15:00,1608781500,969,972.75,961.85,970.6,468574
2020-12-24 10:15:00,1608785100,970.45,974.65,967.85,969.5,382967
2020-12-24 11:15:00,1608788700,969.85,971.55,968.6,970,228184
2020-12-24 12:15:00,1608792300,970,981.5,969.5,975.3,488177
2020-12-24 13:15:00,1608795900,975.3,980.4,973.15,977.15,254302
2020-12-24 14:15:00,1608799500,977.15,977.45,972.05,975.9,254591
2020-12-24 15:15:00,1608803100,975.8,979.9,974.8,978,148758
2020-12-28 09:15:00,1609127100,990,990,977.5,980.05,742735
2020-12-28 10:15:00,1609130700,980.25,980.3,975.2,977.35,333505
2020-12-28 11:15:00,1609134300,977.35,979.9,976,976.95,143658
2020-12-28 12:15:00,1609137900,976.95,980.6,976,980.05,177852
2020-12-28 13:15:00,1609141500,980.05,985.9,980.05,984.5,403931
2020-12-28 14:15:00,1609145100,984.5,986.95,980.5,984.45,418006
2020-12-28 15:15:00,1609148700,984.6,985.3,979.2,981.9,275308
2020-12-29 09:15:00,1609213500,984,992.8,979.3,985.95,548842
2020-12-29 10:15:00,1609217100,985.95,986,970.5,977.6,451037
2020-12-29 11:15:00,1609220700,978,979.2,974.1,978.45,145301
2020-12-29 12:15:00,1609224300,978.45,978.5,973.45,977.5,153421
2020-12-29 13:15:00,1609227900,977.5,978.95,973,978.85,248443
2020-12-29 14:15:00,1609231500,978.85,981.6,976.2,977,336721
2020-12-29 15:15:00,1609235100,977,978.2,972,975.45,234511
2020-12-30 09:15:00,1609299900,982,982,964.5,969.1,450312
2020-12-30 10:15:00,1609303500,969.1,972.2,965.5,971.45,191637
2020-12-30 11:15:00,1609307100,971.45,978.6,971.1,978.45,286441
2020-12-30 12:15:00,1609310700,978.45,978.95,972.2,978,268405
2020-12-30 13:15:00,1609314300,978.15,979.4,973.65,974.4,201017
2020-12-30 14:15:00,1609317900,974.4,978.55,974.05,976.9,281393
2020-12-30 15:15:00,1609321500,976.9,979,975.1,976,229016
2020-12-31 09:15:00,1609386300,976.2,994.7,973.5,990.5,1246824
2020-12-31 10:15:00,1609389900,990.5,991,981.65,985.4,663933
2020-12-31 11:15:00,1609393500,985.95,986,981.75,982.7,278369
2020-12-31 12:15:00,1609397100,982.6,985.7,979,982.8,299025
2020-12-31 13:15:00,1609400700,982.8,983,979.25,980.1,167722
2020-12-31 14:15:00,1609404300,980.55,980.55,975.4,976.8,510787
2020-12-31 15:15:00,1609407900,976.8,979.2,974,977.9,292744
2021-01-01 09:15:00,1609472700,977.95,983.8,975.1,979.6,290258
2021-01-01 10:15:00,1609476300,979.15,996.75,979,996.45,916151
2021-01-01 11:15:00,1609479900,996.2,1009.95,996.05,1005.65,1544125
2021-01-01 12:15:00,1609483500,1005.7,1006.85,997,997.2,436943
2021-01-01 13:15:00,1609487100,997.25,1006,997.2,1004.95,395525
2021-01-01 14:15:00,1609490700,1005,1008.5,1000.5,1002.6,763654
2021-01-01 15:15:00,1609494300,1001.95,1003,995.1,1002.15,350453
2021-01-04 09:15:00,1609731900,1009.8,1009.85,1000.65,1005.4,536979
2021-01-04 10:15:00,1609735500,1005.25,1023.7,1005.15,1014.3,1210249
2021-01-04 11:15:00,1609739100,1014,1026.9,1012.45,1026.35,697292
2021-01-04 12:15:00,1609742700,1026.2,1028,1021,1023.05,431718
2021-01-04 13:15:00,1609746300,1023,1028.8,1022.7,1026.75,337032
2021-01-04 14:15:00,1609749900,1026.75,1027.6,1023,1025.25,338523
2021-01-04 15:15:00,1609753500,1025.75,1030.35,1024.65,1025.35,307514
2021-01-05 09:15:00,1609818300,1024.95,1041.95,1016.05,1036,1172062
2021-01-05 10:15:00,1609821900,1036.55,1041.3,1031.15,1039,435696
2021-01-05 11:15:00,1609825500,1039,1047.5,1038.05,1042.5,567400
2021-01-05 12:15:00,1609829100,1042.5,1044.85,1039,1039.45,286709
2021-01-05 13:15:00,1609832700,1039.45,1041.5,1035.5,1040.15,263226
2021-01-05 14:15:00,1609836300,1040.15,1043,1036.8,1039.15,534929
2021-01-05 15:15:00,1609839900,1039.15,1042.8,1038.15,1041.3,259069
2021-01-06 09:15:00,1609904700,1039.95,1039.95,1001.4,1012.35,1633347
2021-01-06 10:15:00,1609908300,1012.6,1019.8,1007.35,1019.15,678020
2021-01-06 11:15:00,1609911900,1019.5,1020,1010.1,1012,513595
2021-01-06 12:15:00,1609915500,1011.65,1019,1010.1,1013,293285
2021-01-06 13:15:00,1609919100,1012.95,1014,991,995.85,975779
2021-01-06 14:15:00,1609922700,996,1002.6,995,1001.55,980258
2021-01-06 15:15:00,1609926300,1001.9,1006.05,998.05,1000,473579
2021-01-07 09:15:00,1609991100,1015,1017.9,999.4,1003.95,1201869
2021-01-07 10:15:00,1609994700,1003.95,1005.6,993.15,1005,722209
2021-01-07 11:15:00,1609998300,1005.4,1014.5,1005,1010.65,681968
2021-01-07 12:15:00,1610001900,1010.65,1019.7,1006.2,1019.55,585130
2021-01-07 13:15:00,1610005500,1019.5,1029.7,1018,1027.75,874376
2021-01-07 14:15:00,1610009100,1028,1029.35,1020.35,1020.6,534546
2021-01-07 15:15:00,1610012700,1020.6,1025,1020.55,1022.85,224355
2021-01-08 09:15:00,1610077500,1023.5,1046.9,1022.6,1034.65,1269378
2021-01-08 10:15:00,1610081100,1034.65,1041.85,1034,1041.05,374100
2021-01-08 11:15:00,1610084700,1041.05,1043.5,1033.2,1036,483060
2021-01-08 12:15:00,1610088300,1036,1036,1026.7,1031.5,354491
2021-01-08 13:15:00,1610091900,1031.5,1040.5,1030.3,1039.9,446062
2021-01-08 14:15:00,1610095500,1039.9,1047.35,1038.6,1039,650060
2021-01-08 15:15:00,1610099100,1039,1040.7,1033.75,1036.55,343227
2021-01-11 09:15:00,1610336700,1040,1067.8,1040,1062.35,1214631
2021-01-11 10:15:00,1610340300,1062.3,1073.65,1059.6,1071.55,1221980
2021-01-11 11:15:00,1610343900,1071.35,1072.4,1065,1067.75,459138
2021-01-11 12:15:00,1610347500,1067.75,1070.55,1067.2,1069.95,216266
2021-01-11 13:15:00,1610351100,1069.95,1071.5,1065.6,1068.25,259542
2021-01-11 14:15:00,1610354700,1068.4,1081.55,1068.4,1077.05,863814
2021-01-11 15:15:00,1610358300,1077.25,1077.85,1073.7,1077,265574
2021-01-12 09:15:00,1610423100,1078.9,1084,1068.65,1070,609974
2021-01-12 10:15:00,1610426700,1070,1076,1065,1067.7,386644
2021-01-12 11:15:00,1610430300,1067.7,1068.95,1063.45,1064.25,253385
2021-01-12 12:15:00,1610433900,1064.5,1066.1,1057.35,1060.75,243585
2021-01-12 13:15:00,1610437500,1060.75,1067.8,1060.3,1060.55,261264
2021-01-12 14:15:00,1610441100,1061.05,1064.5,1058.5,1061.45,378693
2021-01-12 15:15:00,1610444700,1061.35,1062,1055.2,1059,159861
2021-01-13 09:15:00,1610509500,1060.3,1089,1060.3,1078.5,889880
2021-01-13 10:15:00,1610513100,1078.45,1080,1074.1,1075.6,323996
2021-01-13 11:15:00,1610516700,1075.35,1076,1069,1074.15,237373
2021-01-13 12:15:00,1610520300,1074.15,1076,1066.5,1067.05,186481
2021-01-13 13:15:00,1610523900,1067.05,1068.25,1046.65,1055.95,500259
2021-01-13 14:15:00,1610527500,1056,1069,1053.55,1068.9,472912
2021-01-13 15:15:00,1610531100,1068.95,1069.6,1064.9,1065.9,192847
2021-01-14 09:15:00,1610595900,1069,1075,1062.65,1069.5,593908
2021-01-14 10:15:00,1610599500,1069.5,1087,1068,1082.6,551960
2021-01-14 11:15:00,1610603100,1082.6,1086,1080.2,1081.4,360096
2021-01-14 12:15:00,1610606700,1081.4,1097.5,1081,1088.8,790407
2021-01-14 13:15:00,1610610300,1089,1092,1085,1091,476816
2021-01-14 14:15:00,1610613900,1090.6,1113.3,1090.6,1106.55,1650463
2021-01-14 15:15:00,1610617500,1106.55,1107,1100.5,1103,291711
2021-01-15 09:15:00,1610682300,1112.85,1112.85,1085,1098.2,1024771
2021-01-15 10:15:00,1610685900,1098.3,1098.5,1090.15,1092.25,213010
2021-01-15 11:15:00,1610689500,1092.25,1096.75,1088,1094.55,247469
2021-01-15 12:15:00,1610693100,1094.55,1099.8,1094,1095.5,318329
2021-01-15 13:15:00,1610696700,1095.5,1099.45,1080.2,1085.05,380909
2021-01-15 14:15:00,1610700300,1085.05,1095.5,1077.05,1093.5,449304
2021-01-15 15:15:00,1610703900,1093.1,1094.75,1089.5,1091.05,130031
2021-01-18 09:15:00,1610941500,1090,1090,1030,1054.95,1182178
2021-01-18 10:15:00,1610945100,1054.95,1075,1048.3,1073.3,448493
2021-01-18 11:15:00,1610948700,1073.5,1080,1068,1077.45,251449
2021-01-18 12:15:00,1610952300,1078.15,1082.75,1069.05,1081.7,276990
2021-01-18 13:15:00,1610955900,1081.7,1087.5,1074.55,1075,554886
2021-01-18 14:15:00,1610959500,1075,1076.2,1065.1,1065.4,458426
2021-01-18 15:15:00,1610963100,1063.7,1066.85,1056.6,1057.95,193551
2021-01-19 09:15:00,1611027900,1070,1092,1070,1082.25,978753
2021-01-19 10:15:00,1611031500,1082.25,1084.65,1073.1,1078.7,290964
2021-01-19 11:15:00,1611035100,1078.2,1085.7,1078.1,1081.5,201792
2021-01-19 12:15:00,1611038700,1081.5,1088,1080.55,1086.35,106270
2021-01-19 13:15:00,1611042300,1086.35,1087.2,1081.5,1085.2,129168
2021-01-19 14:15:00,1611045900,1085.5,1088.8,1079.05,1083.95,362229
2021-01-19 15:15:00,1611049500,1083.95,1098.9,1083.85,1090.9,308617
2021-01-20 09:15:00,1611114300,1093.95,1102.05,1087.8,1090.35,684853
2021-01-20 10:15:00,1611117900,1090.35,1093.3,1088.55,1090.55,173771
2021-01-20 11:15:00,1611121500,1090.55,1092.8,1085.3,1090.35,292065
2021-01-20 12:15:00,1611125100,1090.35,1091.4,1082.85,1084.1,267968
2021-01-20 13:15:00,1611128700,1084.1,1090.85,1084.1,1087.1,191883
2021-01-20 14:15:00,1611132300,1087.2,1091.9,1086.3,1088.55,300012
2021-01-20 15:15:00,1611135900,1088.7,1090,1084.25,1084.3,169072
2021-01-21 09:15:00,1611200700,1099.4,1099.4,1071.2,1071.45,642238
2021-01-21 10:15:00,1611204300,1071.45,1075.45,1066.45,1074.8,272480
2021-01-21 11:15:00,1611207900,1074.8,1079.3,1072.3,1073,333038
2021-01-21 12:15:00,1611211500,1073,1082,1072.55,1079.55,197900
2021-01-21 13:15:00,1611215100,1079.55,1086.3,1075.25,1075.5,182944
2021-01-21 14:15:00,1611218700,1075.6,1077.85,1065.4,1067.85,761573
2021-01-21 15:15:00,1611222300,1066.85,1074,1066.3,1071,113894
2021-01-22 09:15:00,1611287100,1071,1076.25,1056.65,1076.25,459187
2021-01-22 10:15:00,1611290700,1076.25,1082.7,1063.1,1068.75,364679
2021-01-22 11:15:00,1611294300,1068.75,1080.95,1066,1079.7,241615
2021-01-22 12:15:00,1611297900,1080.85,1084,1063.5,1064.2,355644
2021-01-22 13:15:00,1611301500,1064.1,1074,1062,1071.2,293912
2021-01-22 14:15:00,1611305100,1071.2,1089,1070.1,1075.15,645471
2021-01-22 15:15:00,1611308700,1074.4,1086,1074.35,1081.85,174465
2021-01-25 09:15:00,1611546300,1092,1092.8,1049.25,1083.4,649301
2021-01-25 10:15:00,1611549900,1083.9,1094.95,1078.35,1094,378491
2021-01-25 11:15:00,1611553500,1093.8,1103.7,1084,1100.4,524296
2021-01-25 12:15:00,1611557100,1100.4,1103.25,1089.6,1098.6,758845
2021-01-25 13:15:00,1611560700,1099.15,1101.95,1093,1100,484441
2021-01-25 14:15:00,1611564300,1099.6,1101.85,1078,1082.15,554171
2021-01-25 15:15:00,1611567900,1082.25,1086,1081.6,1085.05,183902
2021-01-27 09:15:00,1611719100,1089,1092,1061.3,1081.35,613459
2021-01-27 10:15:00,1611722700,1081.9,1081.9,1066.2,1079.95,258775
2021-01-27 11:15:00,1611726300,1079.4,1083.9,1072.9,1080.25,309194
2021-01-27 12:15:00,1611729900,1080,1088.7,1079.55,1080,346427
2021-01-27 13:15:00,1611733500,1080,1085.85,1072.45,1072.85,297358
2021-01-27 14:15:00,1611737100,1072.85,1076.5,1065.4,1073.4,607708
2021-01-27 15:15:00,1611740700,1073.45,1079,1073.4,1074.95,180149
2021-01-28 09:15:00,1611805500,1061.95,1072,1055.5,1062.35,430091
2021-01-28 10:15:00,1611809100,1062.35,1077.45,1061.8,1072,312887
2021-01-28 11:15:00,1611812700,1072,1077.35,1064.25,1075.5,281075
2021-01-28 12:15:00,1611816300,1075.5,1076.8,1063.25,1065,249730
2021-01-28 13:15:00,1611819900,1064,1070.65,1056.65,1060.2,244029
2021-01-28 14:15:00,1611823500,1060.2,1061.1,1037.5,1047.95,532326
2021-01-28 15:15:00,1611827100,1047.5,1052.7,1045.6,1049.4,212026
2021-01-29 09:15:00,1611891900,1059,1059,995.1,1016.4,2371401
2021-01-29 10:15:00,1611895500,1016.1,1023.8,1013.9,1018.95,845438
2021-01-29 11:15:00,1611899100,1018.55,1022.8,1016,1019.95,384041
2021-01-29 12:15:00,1611902700,1019.7,1028.7,1018,1020.25,433867
2021-01-29 13:15:00,1611906300,1020.25,1028,1014.9,1021.85,652809
2021-01-29 14:15:00,1611909900,1021.25,1027.9,1004.3,1006,1029297
2021-01-29 15:15:00,1611913500,1006,1008.95,1000,1007.65,387334
2021-02-01 09:15:00,1612151100,1007.7,1010,992.15,1003.4,795449
2021-02-01 10:15:00,1612154700,1002.9,1004.9,983.35,990.7,479402
2021-02-01 11:15:00,1612158300,991,994.8,983.05,989.6,403241
2021-02-01 12:15:00,1612161900,988.9,992,978,981.9,489427
2021-02-01 13:15:00,1612165500,982.8,999.45,982,985.85,460700
2021-02-01 14:15:00,1612169100,985.85,991.9,983.7,987.9,341513
2021-02-01 15:15:00,1612172700,987.5,991,986.3,990.5,173172
2021-02-02 09:15:00,1612237500,1000,1021.95,995.55,1020,1496953
2021-02-02 10:15:00,1612241100,1020,1023,1005.1,1016,456050
2021-02-02 11:15:00,1612244700,1016,1017.7,1006,1006.35,252670
2021-02-02 12:15:00,1612248300,1006,1032.9,1005.5,1028.65,490415
2021-02-02 13:15:00,1612251900,1028.95,1033.3,1023.4,1029.2,233282
2021-02-02 14:15:00,1612255500,1029.5,1036.45,1025.3,1030.95,357565
2021-02-02 15:15:00,1612259100,1030.95,1034.75,1030.8,1031.95,172954
2021-02-03 09:15:00,1612323900,1037.7,1053,1026.6,1042,914681
2021-02-03 10:15:00,1612327500,1042.4,1053,1041.3,1048,378941
2021-02-03 11:15:00,1612331100,1048,1064.4,1048,1060,599366
2021-02-03 12:15:00,1612334700,1060.2,1068.3,1056.1,1064.65,541686
2021-02-03 13:15:00,1612338300,1064.95,1065,1051.65,1056.25,567929
2021-02-03 14:15:00,1612341900,1056.25,1059.65,1037.5,1038.5,553654
2021-02-03 15:15:00,1612345500,1038.5,1038.5,1030,1035.75,222819
2021-02-04 09:15:00,1612410300,1040.5,1057.7,1032,1055.9,609478
2021-02-04 10:15:00,1612413900,1055.9,1061.7,1053.8,1056.3,286946
2021-02-04 11:15:00,1612417500,1056.3,1059,1048,1049.45,353552
2021-02-04 12:15:00,1612421100,1049.45,1055,1048.15,1051.75,147326
2021-02-04 13:15:00,1612424700,1051.75,1056.1,1049.15,1055.65,168737
2021-02-04 14:15:00,1612428300,1055.65,1056,1047.05,1050.7,245711
2021-02-04 15:15:00,1612431900,1050.75,1056,1050.4,1053,120137
2021-02-05 09:15:00,1612496700,1059.4,1059.4,1044.85,1046.7,579043
2021-02-05 10:15:00,1612500300,1046.5,1060.5,1042.85,1053.05,461480
2021-02-05 11:15:00,1612503900,1052.75,1058.25,1051.7,1057.95,190978
2021-02-05 12:15:00,1612507500,1058,1063.65,1050.25,1052.25,437731
2021-02-05 13:15:00,1612511100,1052.45,1057.85,1045.1,1056.2,264581
2021-02-05 14:15:00,1612514700,1056.2,1081.9,1054,1070,1122131
2021-02-05 15:15:00,1612518300,1069.5,1073.9,1066.3,1072,169243
2021-02-08 09:15:00,1612755900,1079.9,1087,1061.5,1072.35,761594
2021-02-08 10:15:00,1612759500,1072.35,1080.5,1070.35,1078.3,287821
2021-02-08 11:15:00,1612763100,1078.3,1082,1075,1077.25,199441
2021-02-08 12:15:00,1612766700,1077.25,1080.55,1072.25,1078.8,148010
2021-02-08 13:15:00,1612770300,1078.8,1079,1074.1,1075.95,59359
2021-02-08 14:15:00,1612773900,1075.4,1077.15,1073.05,1073.05,435430
2021-02-08 15:15:00,1612777500,1073.1,1073.2,1065.1,1069,143133
2021-02-09 09:15:00,1612842300,1072.6,1080,1067.35,1076.4,441947
2021-02-09 10:15:00,1612845900,1076.35,1078,1073,1074.15,118351
2021-02-09 11:15:00,1612849500,1074.15,1077.8,1071.5,1074.35,162683
2021-02-09 12:15:00,1612853100,1074.35,1075.45,1070.05,1072.3,118753
2021-02-09 13:15:00,1612856700,1072.3,1072.3,1067.65,1069.5,113703
2021-02-09 14:15:00,1612860300,1069.5,1071.4,1053,1057.35,327565
2021-02-09 15:15:00,1612863900,1057.5,1060.45,1056.05,1058.4,107839
2021-02-10 09:15:00,1612928700,1058.3,1070.8,1058.3,1062.1,296967
2021-02-10 10:15:00,1612932300,1062.1,1062.1,1048.7,1059.6,236002
2021-02-10 11:15:00,1612935900,1059.6,1064,1057,1062,133895
2021-02-10 12:15:00,1612939500,1062,1067.4,1060,1060.45,116725
2021-02-10 13:15:00,1612943100,1060.2,1062.4,1054.5,1061.05,118124
2021-02-10 14:15:00,1612946700,1061.05,1069.1,1060.2,1068.3,226179
2021-02-10 15:15:00,1612950300,1068.3,1073.7,1068,1070.1,152215
2021-02-11 09:15:00,1613015100,1063.6,1070,1055,1055.5,386425
2021-02-11 10:15:00,1613018700,1055.5,1057.3,1053,1054.05,165932
2021-02-11 11:15:00,1613022300,1054.05,1062.9,1054,1062.8,211187
2021-02-11 12:15:00,1613025900,1062.5,1063.7,1059.2,1061,187701
2021-02-11 13:15:00,1613029500,1061,1066.15,1058.5,1065.95,149953
2021-02-11 14:15:00,1613033100,1065.95,1065.95,1059.75,1061.65,218415
2021-02-11 15:15:00,1613036700,1061.65,1061.65,1055.15,1056,113263
2021-02-12 09:15:00,1613101500,1068,1068,1055.1,1056.7,216187
2021-02-12 10:15:00,1613105100,1056.7,1061,1056,1058.25,95501
2021-02-12 11:15:00,1613108700,1058.3,1059.1,1054.3,1054.75,129902
2021-02-12 12:15:00,1613112300,1055.1,1057.9,1053,1055.15,137724
2021-02-12 13:15:00,1613115900,1055.15,1056.9,1048,1050.5,153278
2021-02-12 14:15:00,1613119500,1050.5,1055,1048.45,1054,138304
2021-02-12 15:15:00,1613123100,1054,1054.5,1051.05,1051.5,83808
2021-02-15 09:15:00,1613360700,1055,1070,1051.4,1069.95,636827
2021-02-15 10:15:00,1613364300,1069.9,1073.9,1066,1070.8,398918
2021-02-15 11:15:00,1613367900,1070.8,1072.95,1062.4,1064.7,328551
2021-02-15 12:15:00,1613371500,1064.7,1065.25,1058.1,1061.95,211323
2021-02-15 13:15:00,1613375100,1062,1063.7,1059.1,1061.05,151660
2021-02-15 14:15:00,1613378700,1061,1062.45,1057,1058.2,228181
2021-02-15 15:15:00,1613382300,1057.85,1059.5,1055.1,1058,161309
2021-02-16 09:15:00,1613447100,1064.95,1064.95,1050,1057.35,535693
2021-02-16 10:15:00,1613450700,1057.35,1073.2,1057.15,1069,430720
2021-02-16 11:15:00,1613454300,1069,1070,1063.05,1068.25,216034
2021-02-16 12:15:00,1613457900,1068.25,1077.85,1065.05,1066.3,453196
2021-02-16 13:15:00,1613461500,1066.2,1073.55,1063.4,1065.75,255880
2021-02-16 14:15:00,1613465100,1065.5,1101,1062.2,1097.55,1291334
2021-02-16 15:15:00,1613468700,1097.4,1101.45,1095.65,1099.9,631636
2021-02-17 09:15:00,1613533500,1100,1109,1075.1,1078.35,1567416
2021-02-17 10:15:00,1613537100,1078.35,1082.5,1073.3,1075,428697
2021-02-17 11:15:00,1613540700,1076,1079.5,1073.05,1077.35,302812
2021-02-17 12:15:00,1613544300,1077.35,1077.5,1066.3,1068.8,412469
2021-02-17 13:15:00,1613547900,1068.6,1069.9,1060.1,1065.65,383165
2021-02-17 14:15:00,1613551500,1065.65,1071.4,1062,1064.5,494911
2021-02-17 15:15:00,1613555100,1064.8,1065.6,1060,1061.55,338455
2021-02-18 09:15:00,1613619900,1072,1072.5,1055,1063.15,618087
2021-02-18 10:15:00,1613623500,1063.2,1065.6,1060.2,1063.5,286142
2021-02-18 11:15:00,1613627100,1063.5,1063.8,1050,1051.4,764041
2021-02-18 12:15:00,1613630700,1050.95,1055.4,1048.4,1054.35,188189
2021-02-18 13:15:00,1613634300,1054.2,1055,1050.1,1052.5,187397
2021-02-18 14:15:00,1613637900,1053.1,1058.75,1048.4,1049,467051
2021-02-18 15:15:00,1613641500,1049.05,1049.9,1046.2,1047.5,259609
2021-02-19 09:15:00,1613706300,1045,1056.15,1033.25,1049,789295
2021-02-19 10:15:00,1613709900,1048.4,1054,1043,1043.05,411745
2021-02-19 11:15:00,1613713500,1043.05,1054.4,1042.4,1046.9,194297
2021-02-19 12:15:00,1613717100,1046.9,1052,1044.8,1048,238925
2021-02-19 13:15:00,1613720700,1048,1049.45,1022,1022.5,538852
2021-02-19 14:15:00,1613724300,1022.5,1031.65,1016,1025.5,491096
2021-02-19 15:15:00,1613727900,1025.3,1025.55,1017,1021,140632
2021-02-22 09:15:00,1613965500,1027,1027,1006.1,1011,878522
2021-02-22 10:15:00,1613969100,1011,1025.75,1010,1023.35,463144
2021-02-22 11:15:00,1613972700,1023.25,1029.5,1019,1021,394137
2021-02-22 12:15:00,1613976300,1020.5,1024.9,1016.4,1020,400277
2021-02-22 13:15:00,1613979900,1020,1022.05,1009.2,1010.5,442871
2021-02-22 14:15:00,1613983500,1010.45,1011.8,995.6,995.65,589041
2021-02-22 15:15:00,1613987100,995.5,997,985.05,987.9,283119
2021-02-23 09:15:00,1614051900,997.75,1001.5,985.65,997.8,555453
2021-02-23 10:15:00,1614055500,997.85,1014.8,994,1012.15,844948
2021-02-23 11:15:00,1614059100,1012.15,1013.75,1002.35,1006.8,226015
2021-02-23 12:15:00,1614062700,1006.8,1009.95,1003.55,1005.5,143111
2021-02-23 13:15:00,1614066300,1005.5,1009.75,1000.05,1009.05,226805
2021-02-23 14:15:00,1614069900,1009.1,1014.35,1005.5,1011.5,243888
2021-02-23 15:15:00,1614073500,1011.5,1014.9,1007,1008.95,104370
2021-02-24 09:15:00,1614138300,1016,1019.55,1002.5,1005.75,349835
2021-02-24 10:15:00,1614141900,1005.8,1011.9,1002.7,1008.2,182172
2021-02-24 11:15:00,1614145500,1008.05,1008.5,1000.5,1002.55,118927
2021-02-24 15:15:00,1614159900,990.1,1004,990.1,1003.65,115973
2021-02-24 16:15:00,1614163500,1002.9,1014.8,1001.05,1011,180783
2021-02-25 09:15:00,1614224700,1021.95,1035,1015,1030.1,1103893
2021-02-25 10:15:00,1614228300,1030.1,1040.5,1029.15,1037.4,505593
2021-02-25 11:15:00,1614231900,1037.4,1038.5,1029,1030.6,588201
2021-02-25 12:15:00,1614235500,1030.6,1034.9,1028.5,1031.6,215096
2021-02-25 13:15:00,1614239100,1031.95,1032.5,1028,1029.05,235544
2021-02-25 14:15:00,1614242700,1029.45,1030.45,1019.05,1024.5,453450
2021-02-25 15:15:00,1614246300,1024.5,1030.75,1021.35,1030.7,201381
2021-02-26 09:15:00,1614311100,1011.05,1053,1008.8,1052.45,1245933
2021-02-26 10:15:00,1614314700,1052.7,1059.95,1041.15,1047.35,989438
2021-02-26 11:15:00,1614318300,1047.35,1047.35,1035.1,1036.8,784223
2021-02-26 12:15:00,1614321900,1036.75,1040.4,1032.15,1035.2,682401
2021-02-26 13:15:00,1614325500,1035.35,1046.65,1035.35,1045.5,587103
2021-02-26 14:15:00,1614329100,1044.7,1044.95,1017.5,1022.55,965472
2021-02-26 15:15:00,1614332700,1022.55,1022.95,1003.25,1013.95,363715
2021-03-01 09:15:00,1614570300,1023.45,1031.65,1013.8,1025,404152
2021-03-01 10:15:00,1614573900,1025,1033,1024,1030.95,207314
2021-03-01 11:15:00,1614577500,1030.95,1034.9,1025.8,1030,320693
2021-03-01 12:15:00,1614581100,1030,1030.6,1018,1018.3,341098
2021-03-01 13:15:00,1614584700,1018.3,1019.9,1011,1018.7,220045
2021-03-01 14:15:00,1614588300,1018.7,1025,1013,1023.65,228762
2021-03-01 15:15:00,1614591900,1023,1026.85,1021.95,1024,100273
2021-03-02 09:15:00,1614656700,1026.8,1043.45,1026.8,1041.8,470196
2021-03-02 10:15:00,1614660300,1041.85,1041.9,1033.05,1039.7,207875
2021-03-02 11:15:00,1614663900,1040.05,1047.9,1034.3,1044.5,372141
2021-03-02 12:15:00,1614667500,1044.9,1055.35,1043.3,1055,326716
2021-03-02 13:15:00,1614671100,1055.2,1057.6,1048.2,1051,279616
2021-03-02 14:15:00,1614674700,1051,1055.5,1050,1054.25,227399
2021-03-02 15:15:00,1614678300,1054.25,1057,1051.95,1053.2,186421
2021-03-03 09:15:00,1614743100,1062,1062.2,1046.1,1054.4,461707
2021-03-03 10:15:00,1614746700,1054.4,1057.75,1052,1055.6,220065
2021-03-03 11:15:00,1614750300,1055.6,1059,1054.6,1055.5,167903
2021-03-03 12:15:00,1614753900,1055.5,1057,1052,1055.7,119251
2021-03-03 13:15:00,1614757500,1055.95,1057.6,1054.6,1055,128238
2021-03-03 14:15:00,1614761100,1055,1064.7,1054.7,1061,486107
2021-03-03 15:15:00,1614764700,1060.4,1062.7,1056.05,1056.2,157397
2021-03-04 09:15:00,1614829500,1051,1067.8,1049,1055.75,573824
2021-03-04 10:15:00,1614833100,1055.2,1064.95,1053.3,1062,166309
2021-03-04 11:15:00,1614836700,1062,1065.85,1060,1063.65,153909
2021-03-04 12:15:00,1614840300,1063.65,1066.9,1062.05,1063.65,133617
2021-03-04 13:15:00,1614843900,1063.65,1064.35,1055.15,1059.55,135044
2021-03-04 14:15:00,1614847500,1059.55,1061.95,1041.1,1047,285572
2021-03-04 15:15:00,1614851100,1047.5,1051.9,1045.8,1051.9,163605
2021-03-05 09:15:00,1614915900,1048,1048.4,1035.2,1041.5,279387
2021-03-05 10:15:00,1614919500,1041.5,1046.65,1039.5,1043.7,328595
2021-03-05 11:15:00,1614923100,1043.7,1047.8,1042.2,1046,126321
2021-03-05 12:15:00,1614926700,1046,1053.45,1046,1050,201168
2021-03-05 13:15:00,1614930300,1050,1051.5,1035,1035.4,333200
2021-03-05 14:15:00,1614933900,1035.4,1038.9,1029.95,1034.55,290509
2021-03-05 15:15:00,1614937500,1034.8,1038,1032,1034.85,155592
2021-03-08 09:15:00,1615175100,1035.95,1049,1032.9,1045.2,230104
2021-03-08 10:15:00,1615178700,1045.2,1060,1044.4,1059.5,351545
2021-03-08 11:15:00,1615182300,1059.25,1064.25,1054.55,1062.5,230711
2021-03-08 12:15:00,1615185900,1062.5,1063.5,1050.1,1057.1,210376
2021-03-08 13:15:00,1615189500,1057.1,1057.2,1050,1050.5,84160
2021-03-08 14:15:00,1615193100,1050.5,1054.2,1046.8,1050.1,199072
2021-03-08 15:15:00,1615196700,1049.9,1054,1049.3,1050.15,101871
2021-03-09 09:15:00,1615261500,1054.45,1058.95,1046.4,1049.3,188467
2021-03-09 10:15:00,1615265100,1049.3,1049.3,1040,1042.95,170229
2021-03-09 11:15:00,1615268700,1042.95,1047.9,1041.25,1047,105026
2021-03-09 12:15:00,1615272300,1047,1048.2,1043.4,1046.2,162464
2021-03-09 13:15:00,1615275900,1046.2,1047.4,1013.5,1022.65,629431
2021-03-09 14:15:00,1615279500,1022.65,1034.45,1021.4,1032.7,252046
2021-03-09 15:15:00,1615283100,1032.7,1034.9,1030.1,1033,146658
2021-03-10 09:15:00,1615347900,1041,1049.9,1035.1,1044.35,342574
2021-03-10 10:15:00,1615351500,1044.35,1044.75,1039.6,1043,87229
2021-03-10 11:15:00,1615355100,1043,1052.8,1042.5,1050,299695
2021-03-10 12:15:00,1615358700,1050,1054.4,1049.8,1051.7,165192
2021-03-10 13:15:00,1615362300,1051.7,1061.4,1050.45,1061.05,265737
2021-03-10 14:15:00,1615365900,1061.05,1061.5,1052.8,1057,284426
2021-03-10 15:15:00,1615369500,1057.6,1060.5,1055,1058,151555
2021-03-12 09:15:00,1615520700,1064,1064,1051,1054.25,429352
2021-03-12 10:15:00,1615524300,1054,1056.55,1051,1056.55,143686
2021-03-12 11:15:00,1615527900,1056,1060.7,1048.25,1054.55,455902
2021-03-12 12:15:00,1615531500,1054.2,1054.55,1045.35,1050.5,196781
2021-03-12 13:15:00,1615535100,1050.5,1054.5,1045.8,1045.85,225490
2021-03-12 14:15:00,1615538700,1045,1051.6,1042.9,1049.85,200384
2021-03-12 15:15:00,1615542300,1049.1,1051.9,1046.05,1048,104792
2021-03-15 09:15:00,1615779900,1043.5,1048.8,1026,1036.95,441052
2021-03-15 10:15:00,1615783500,1036.5,1043.7,1033.85,1034.95,102787
2021-03-15 11:15:00,1615787100,1034.3,1048.35,1032.7,1044.45,162482
2021-03-15 12:15:00,1615790700,1045,1045.15,1036.1,1042.35,120572
2021-03-15 13:15:00,1615794300,1042.35,1049.9,1036.9,1047.4,111859
2021-03-15 14:15:00,1615797900,1047.4,1063.95,1047.2,1063.55,227136
2021-03-15 15:15:00,1615801500,1063.55,1067.65,1060.1,1062.8,306964
2021-03-16 09:15:00,1615866300,1065.05,1066.95,1050,1051.5,277964
2021-03-16 10:15:00,1615869900,1051.95,1056.1,1048.05,1048.05,131554
2021-03-16 11:15:00,1615873500,1048.05,1049.8,1041.8,1047.8,184189
2021-03-16 12:15:00,1615877100,1047.8,1057,1046.7,1052.6,205099
2021-03-16 13:15:00,1615880700,1052.6,1059.7,1052.05,1057.2,171459
2021-03-16 14:15:00,1615884300,1057.2,1060.5,1053.15,1054.75,344978
2021-03-16 15:15:00,1615887900,1054.75,1055.15,1048.15,1051.6,141407
2021-03-17 09:15:00,1615952700,1050.7,1052.95,1035.4,1037,285571
2021-03-17 10:15:00,1615956300,1037.15,1040.75,1035.45,1037.7,125354
2021-03-17 11:15:00,1615959900,1037.7,1040.55,1028.7,1031.2,176382
2021-03-17 12:15:00,1615963500,1031,1034.95,1029.15,1033.75,262340
2021-03-17 13:15:00,1615967100,1033.75,1036.5,1018.25,1023,280592
2021-03-17 14:15:00,1615970700,1023,1030,1019.3,1020.75,277927
2021-03-17 15:15:00,1615974300,1020.75,1022,1015,1017.9,150499
2021-03-18 09:15:00,1616039100,1026,1027.65,1005,1006.6,377943
2021-03-18 10:15:00,1616042700,1006.6,1012.2,1002.55,1008,183201
2021-03-18 11:15:00,1616046300,1008,1017.2,1008,1016,169708
2021-03-18 12:15:00,1616049900,1016.45,1017,1009.15,1012,197255
2021-03-18 13:15:00,1616053500,1012,1012.4,995,995.3,307944
2021-03-18 14:15:00,1616057100,994,1004.1,988,1002.05,351780
2021-03-18 15:15:00,1616060700,1001.95,1003.5,997.35,1002,127434
2021-03-19 09:15:00,1616125500,993.85,1001.2,978.3,997.6,441147
2021-03-19 10:15:00,1616129100,997.6,1009.6,992,1006,278997
2021-03-19 11:15:00,1616132700,1006,1011,997.9,1008.25,223771
2021-03-19 12:15:00,1616136300,1008.25,1016.8,1006,1013,158395
2021-03-19 13:15:00,1616139900,1013,1015.3,1010,1013.85,80518
2021-03-19 14:15:00,1616143500,1013.55,1017.25,1001,1002.3,302537
2021-03-19 15:15:00,1616147100,1002.3,1006,1000.5,1003,237033
2021-03-22 09:15:00,1616384700,1005.1,1019.6,1000.3,1010,503411
2021-03-22 10:15:00,1616388300,1010,1011,1000,1002.8,210341
2021-03-22 11:15:00,1616391900,1002.8,1009,1002.65,1008.45,138363
2021-03-22 12:15:00,1616395500,1008,1015,1001.8,1006.7,283786
2021-03-22 13:15:00,1616399100,1006.7,1012,1005,1011.7,195219
2021-03-22 14:15:00,1616402700,1011.7,1017,1005.95,1015.75,239611
2021-03-22 15:15:00,1616406300,1015.8,1017.9,1015.3,1017,164535
2021-03-23 09:15:00,1616471100,1015,1019.05,1004,1005.2,280288
2021-03-23 10:15:00,1616474700,1005.75,1008.85,1003.05,1006,190560
2021-03-23 11:15:00,1616478300,1006,1006.9,1002,1006.05,202810
2021-03-23 12:15:00,1616481900,1006.05,1008,1003.5,1007.1,140853
2021-03-23 13:15:00,1616485500,1007.75,1017.95,1006.75,1017.25,262496
2021-03-23 14:15:00,1616489100,1017.25,1018,1013,1014.55,226459
2021-03-23 15:15:00,1616492700,1014.55,1015.9,1010,1010,133748
2021-03-24 09:15:00,1616557500,1008.85,1024.9,1004.75,1017.45,406573
2021-03-24 10:15:00,1616561100,1017.45,1022.95,1012.35,1018,268256
2021-03-24 11:15:00,1616564700,1018,1024.45,1017,1020.9,149334
2021-03-24 12:15:00,1616568300,1020.9,1023.5,1018,1021.15,121800
2021-03-24 13:15:00,1616571900,1021.25,1027.45,1019.8,1023.5,149401
2021-03-24 14:15:00,1616575500,1023.5,1024,1007.15,1011.35,330915
2021-03-24 15:15:00,1616579100,1011.35,1015.8,1008.45,1011.5,84544
2021-03-25 09:15:00,1616643900,1011.4,1020.95,993.6,998,327739
2021-03-25 10:15:00,1616647500,998,999.25,990,990.85,207484
2021-03-25 11:15:00,1616651100,990.95,991.55,983.65,987.5,254609
2021-03-25 12:15:00,1616654700,987.5,994.4,986.5,993.85,108895
2021-03-25 13:15:00,1616658300,993.85,1000,992.6,995.3,118957
2021-03-25 14:15:00,1616661900,995.3,998.25,990,991.75,288670
2021-03-25 15:15:00,1616665500,992.05,993.1,985,993,143256
2021-03-26 09:15:00,1616730300,1004,1004,976.7,980,773330
2021-03-26 10:15:00,1616733900,979.95,987.25,979.4,984.8,893333
2021-03-26 11:15:00,1616737500,984.8,986,979,980.55,593182
2021-03-26 12:15:00,1616741100,980.15,983,975.05,981.1,356058
2021-03-26 13:15:00,1616744700,981.1,983.25,978.8,979.2,758377
2021-03-26 14:15:00,1616748300,979.5,980.8,975,980.2,740684
2021-03-26 15:15:00,1616751900,980.2,983,979.25,980,183276
2021-03-30 09:15:00,1617075900,989.9,998.2,985,993,462773
2021-03-30 10:15:00,1617079500,993.25,999.8,989.15,999.35,262045
2021-03-30 11:15:00,1617083100,999.35,1003.6,996.45,998.85,311103
2021-03-30 12:15:00,1617086700,998.85,1005,998,1000.95,287789
2021-03-30 13:15:00,1617090300,1000.75,1004,999.5,1003.95,110430
2021-03-30 14:15:00,1617093900,1003.8,1009.85,1001.65,1005.7,285451
2021-03-30 15:15:00,1617097500,1005.65,1006.7,1000.95,1003.05,146699
2021-03-31 09:15:00,1617162300,1014.9,1014.9,1004.75,1011,259417
2021-03-31 10:15:00,1617165900,1011,1016.8,1010,1015,149239
2021-03-31 11:15:00,1617169500,1015,1018.7,1014.6,1016,146050
2021-03-31 12:15:00,1617173100,1016,1022.6,1014.55,1021.25,255824
2021-03-31 13:15:00,1617176700,1021.8,1024.2,1019.2,1023.25,151512
2021-03-31 14:15:00,1617180300,1023.25,1024,1016.1,1020.3,258573
2021-03-31 15:15:00,1617183900,1020.3,1023.6,1017,1020,107093
2021-04-01 09:15:00,1617248700,1033,1034.95,1023.9,1024.25,228390
2021-04-01 10:15:00,1617252300,1024.25,1026,1019.1,1025.35,178964
2021-04-01 11:15:00,1617255900,1025.35,1031,1024.7,1030.05,94983
2021-04-01 12:15:00,1617259500,1030.7,1033.9,1029.7,1032.8,118641
2021-04-01 13:15:00,1617263100,1032.8,1034.9,1031.15,1033.7,110225
2021-04-01 14:15:00,1617266700,1033.7,1034.65,1023.15,1027.15,292808
2021-04-01 15:15:00,1617270300,1027.15,1030.15,1024,1024,60809
2021-04-05 09:15:00,1617594300,1027,1031.4,1012.65,1014,252026
2021-04-05 10:15:00,1617597900,1014,1018.6,1007.25,1014.1,152634
2021-04-05 11:15:00,1617601500,1014.1,1017,1009.05,1016.9,52010
2021-04-05 12:15:00,1617605100,1016.9,1022,1015.35,1020.55,59832
2021-04-05 13:15:00,1617608700,1020.75,1026.5,1020,1026.5,63156
2021-04-05 14:15:00,1617612300,1026.5,1030.9,1025.9,1028,122893
2021-04-05 15:15:00,1617615900,1028,1031,1027.5,1029,51079
2021-04-06 09:15:00,1617680700,1029.25,1047.15,1029.25,1042.1,480272
2021-04-06 10:15:00,1617684300,1042.1,1042.3,1034.05,1037,148860
2021-04-06 11:15:00,1617687900,1037,1039.9,1034.1,1039.45,148222
2021-04-06 12:15:00,1617691500,1039.45,1041.35,1033.65,1039,139207
2021-04-06 13:15:00,1617695100,1039.3,1043,1038,1041.95,149803
2021-04-06 14:15:00,1617698700,1041.95,1044,1031.35,1040.85,380304
2021-04-06 15:15:00,1617702300,1040.65,1046.55,1040,1043,240475
2021-04-07 09:15:00,1617767100,1045,1051.05,1034,1039.5,458220
2021-04-07 10:15:00,1617770700,1039.15,1048,1038.85,1040.05,343658
2021-04-07 11:15:00,1617774300,1040.05,1049.6,1040,1043.8,274371
2021-04-07 12:15:00,1617777900,1043.8,1046,1041.25,1045.3,182769
2021-04-07 13:15:00,1617781500,1045.25,1046,1041,1042,211569
2021-04-07 14:15:00,1617785100,1042,1043.85,1032.3,1034.25,313275
2021-04-07 15:15:00,1617788700,1034.25,1034.65,1032,1034,104476
2021-04-08 09:15:00,1617853500,1034.2,1043.8,1034,1041.7,167905
2021-04-08 10:15:00,1617857100,1042.35,1047.6,1042,1045.65,135870
2021-04-08 11:15:00,1617860700,1045.6,1051,1045.55,1050,162015
2021-04-08 12:15:00,1617864300,1050,1056.95,1050,1053.15,243648
2021-04-08 13:15:00,1617867900,1053.15,1055.5,1050,1055.05,121653
2021-04-08 14:15:00,1617871500,1055.05,1055.3,1045.25,1048.7,282408
2021-04-08 15:15:00,1617875100,1048.5,1050.95,1047.3,1049,102965
2021-04-09 09:15:00,1617939900,1049,1063.8,1045.75,1057.95,506337
2021-04-09 10:15:00,1617943500,1057.95,1068.9,1054.1,1067.2,394494
2021-04-09 11:15:00,1617947100,1067.15,1081.75,1063.2,1076.25,846447
2021-04-09 12:15:00,1617950700,1076.25,1084.95,1076,1083,488692
2021-04-09 13:15:00,1617954300,1083,1083.95,1074.2,1077.25,315391
2021-04-09 14:15:00,1617957900,1077.25,1087,1072.15,1079.95,624236
2021-04-09 15:15:00,1617961500,1079.5,1081.25,1078.25,1080,173124
2021-04-12 09:15:00,1618199100,1078,1099.95,1056,1089.95,1337071
2021-04-12 10:15:00,1618202700,1089.95,1094.35,1076.15,1083,658992
2021-04-12 11:15:00,1618206300,1083.35,1084.25,1061.3,1073,552925
2021-04-12 12:15:00,1618209900,1073.75,1076.15,1058.5,1060.6,353514
2021-04-12 13:15:00,1618213500,1060.6,1067.45,1055.25,1056.1,244855
2021-04-12 14:15:00,1618217100,1056.1,1060,1036,1044,536715
2021-04-12 15:15:00,1618220700,1044,1049.85,1043.9,1048,184209
2021-04-13 09:15:00,1618285500,1050,1058.7,1035,1039.25,404362
2021-04-13 10:15:00,1618289100,1039.25,1042.5,1033.75,1036.3,151616
2021-04-13 11:15:00,1618292700,1036.3,1036.35,1022.1,1030.6,257399
2021-04-13 12:15:00,1618296300,1030.6,1047.75,1029,1035.35,239559
2021-04-13 13:15:00,1618299900,1035.35,1049,1035.35,1045,162540
2021-04-13 14:15:00,1618303500,1045,1045.45,1030.1,1036.45,220298
2021-04-13 15:15:00,1618307100,1036.85,1041.9,1036.1,1041.9,90767
2021-04-15 09:15:00,1618458300,1020.25,1049,1020.05,1045.35,299006
2021-04-15 10:15:00,1618461900,1045.35,1045.35,1029.75,1038.15,278860
2021-04-15 11:15:00,1618465500,1037.8,1043.45,1031.25,1040.85,187678
2021-04-15 12:15:00,1618469100,1041.45,1056.75,1039.75,1047.75,377426
2021-04-15 13:15:00,1618472700,1047.75,1052.6,1046.55,1048.1,216574
2021-04-15 14:15:00,1618476300,1048.2,1051.8,1040.95,1050,260629
2021-04-15 15:15:00,1618479900,1050.25,1051.6,1048.8,1049.95,155380
2021-04-16 09:15:00,1618544700,1054,1056.45,1043.5,1049.1,337575
2021-04-16 10:15:00,1618548300,1049.7,1053.45,1046.5,1050.05,156980
2021-04-16 11:15:00,1618551900,1050.05,1058,1050,1053.95,246040
2021-04-16 12:15:00,1618555500,1053.95,1067.8,1052.05,1063.55,448479
2021-04-16 13:15:00,1618559100,1063.55,1068.7,1062,1066.35,185853
2021-04-16 14:15:00,1618562700,1066,1069.15,1054.25,1055.25,272677
2021-04-16 15:15:00,1618566300,1055.25,1056.25,1052.05,1052.7,95456
2021-04-19 09:15:00,1618803900,1045,1058.45,1028.7,1051.5,598029
2021-04-19 10:15:00,1618807500,1051.5,1052,1043.05,1045.8,166868
2021-04-19 11:15:00,1618811100,1045.8,1047,1038.75,1046.5,133283
2021-04-19 12:15:00,1618814700,1046.2,1054.65,1046,1048.25,330687
2021-04-19 13:15:00,1618818300,1048.25,1054.3,1048.15,1050.3,169709
2021-04-19 14:15:00,1618821900,1050.3,1063,1047.2,1061.6,353727
2021-04-19 15:15:00,1618825500,1061.6,1072.75,1061.6,1072,486517
2021-04-20 09:15:00,1618890300,1076,1079.9,1065.05,1067.5,562529
2021-04-20 10:15:00,1618893900,1068,1081.5,1063.15,1078.15,424656
2021-04-20 11:15:00,1618897500,1078.15,1084.7,1074.7,1083.5,362913
2021-04-20 12:15:00,1618901100,1083.6,1084,1070.35,1083,399716
2021-04-20 13:15:00,1618904700,1083,1098.95,1081.55,1098.3,764815
2021-04-20 14:15:00,1618908300,1098.4,1099,1073.55,1094.15,1004928
2021-04-20 15:15:00,1618911900,1094.15,1094.8,1085.5,1090.85,289078
2021-04-22 09:15:00,1619063100,1100,1106.9,1091,1104.15,1460525
2021-04-22 10:15:00,1619066700,1104.4,1104.4,1073,1083.15,1288555
2021-04-22 11:15:00,1619070300,1083.2,1086,1070.5,1076.2,630979
2021-04-22 12:15:00,1619073900,1076.25,1078,1072.05,1074.05,255318
2021-04-22 13:15:00,1619077500,1074.05,1076.75,1068.75,1074.75,314914
2021-04-22 14:15:00,1619081100,1074.25,1074.45,1057,1062.1,846805
2021-04-22 15:15:00,1619084700,1062,1062.85,1057.15,1059,316208
2021-04-23 09:15:00,1619149500,1046,1059.6,1036.6,1057.3,933226
2021-04-23 10:15:00,1619153100,1057.3,1057.45,1039.5,1045.95,484641
2021-04-23 11:15:00,1619156700,1046,1064.9,1046,1063.4,651754
2021-04-23 12:15:00,1619160300,1064,1069.45,1060.3,1069.15,494473
2021-04-23 13:15:00,1619163900,1069.15,1071.15,1063.25,1068.1,337085
2021-04-23 14:15:00,1619167500,1068.5,1083.6,1058.1,1079.85,999650
2021-04-23 15:15:00,1619171100,1079.15,1082.2,1065.35,1070.1,742748
2021-04-26 09:15:00,1619408700,1074.95,1075,1056.65,1069.25,382280
2021-04-26 10:15:00,1619412300,1069.25,1080.9,1066.6,1072.2,332038
2021-04-26 11:15:00,1619415900,1072.2,1079.95,1070,1071.5,274536
2021-04-26 12:15:00,1619419500,1071.5,1076,1068.3,1070.95,311040
2021-04-26 13:15:00,1619423100,1070.95,1071,1060.45,1061.05,249222
2021-04-26 14:15:00,1619426700,1061.05,1066.9,1057.8,1062.4,290860
2021-04-26 15:15:00,1619430300,1062.45,1069,1060.25,1067,180022
2021-04-27 09:15:00,1619495100,1068,1072.95,1063.5,1069.1,208055
2021-04-27 10:15:00,1619498700,1069.1,1072,1063,1064.6,137136
2021-04-27 11:15:00,1619502300,1064.1,1068.5,1061.05,1066.15,148817
2021-04-27 12:15:00,1619505900,1066.15,1067.25,1051.1,1054.4,241450
2021-04-27 13:15:00,1619509500,1054.6,1064.8,1052,1063,334744
2021-04-27 14:15:00,1619513100,1063,1069.9,1063,1066.15,199089
2021-04-27 15:15:00,1619516700,1066.25,1067.85,1065.25,1066.15,78338
2021-04-28 09:15:00,1619581500,1070,1074.55,1065,1066.95,202649
2021-04-28 10:15:00,1619585100,1066.95,1072.35,1064,1067.4,164863
2021-04-28 11:15:00,1619588700,1067.4,1069,1053.4,1059,452415
2021-04-28 12:15:00,1619592300,1059,1063,1058,1061.55,128688
2021-04-28 13:15:00,1619595900,1061.55,1063,1057.65,1060.7,103737
2021-04-28 14:15:00,1619599500,1060.7,1062.85,1054,1056.6,308607
2021-04-28 15:15:00,1619603100,1056.6,1057.2,1051.1,1054,120571
2021-04-29 09:15:00,1619667900,1060,1064.05,1049.2,1058.05,341269
2021-04-29 10:15:00,1619671500,1058.3,1062.75,1052.05,1061,235771
2021-04-29 11:15:00,1619675100,1061,1064.9,1060,1062.95,170706
2021-04-29 12:15:00,1619678700,1063,1063,1055.65,1059.9,162907
2021-04-29 13:15:00,1619682300,1059.95,1061.8,1057,1059.2,182751
2021-04-29 14:15:00,1619685900,1059.2,1059.9,1052.65,1055.4,281235
2021-04-29 15:15:00,1619689500,1055.95,1056.8,1053,1053.5,90595
2021-04-30 09:15:00,1619754300,1045,1065.3,1045,1057.2,316375
2021-04-30 10:15:00,1619757900,1057.35,1064.5,1056,1058.65,103969
2021-04-30 11:15:00,1619761500,1058.65,1071.85,1058.2,1070.5,263501
2021-04-30 12:15:00,1619765100,1070.5,1078.65,1067,1075.7,264691
2021-04-30 13:15:00,1619768700,1075.7,1082.9,1071.1,1075,401093
2021-04-30 14:15:00,1619772300,1075,1079.45,1066.8,1070.65,322555
2021-04-30 15:15:00,1619775900,1070.8,1070.9,1067,1068.2,147207
2021-05-03 09:15:00,1620013500,1068,1082.9,1062,1067.9,364638
2021-05-03 10:15:00,1620017100,1067.3,1071,1060.35,1063.8,164529
2021-05-03 11:15:00,1620020700,1063.8,1074,1063,1070.6,146438
2021-05-03 12:15:00,1620024300,1070.6,1079,1070.25,1074,145769
2021-05-03 13:15:00,1620027900,1074,1075.75,1070,1072,163454
2021-05-03 14:15:00,1620031500,1072,1075.4,1069.4,1074.1,359873
2021-05-03 15:15:00,1620035100,1074.15,1075,1070.7,1073.5,125474
2021-05-04 09:15:00,1620099900,1077.85,1077.85,1067.6,1076.25,200214
2021-05-04 10:15:00,1620103500,1076.2,1077,1069.15,1071.35,221710
2021-05-04 11:15:00,1620107100,1071.35,1074.25,1069.8,1070.5,94837
2021-05-04 12:15:00,1620110700,1070.5,1071.5,1056.45,1059.4,403264
2021-05-04 13:15:00,1620114300,1059.4,1067,1057.4,1066.2,176554
2021-05-04 14:15:00,1620117900,1066.2,1067.9,1049.5,1057.05,386981
2021-05-04 15:15:00,1620121500,1057,1063.65,1055.4,1060,154514
2021-05-05 09:15:00,1620186300,1078.1,1111.9,1068.95,1109.5,2036390
2021-05-05 10:15:00,1620189900,1109.4,1148.1,1109.4,1146.75,5043444
2021-05-05 11:15:00,1620193500,1146.7,1163.7,1138.25,1151.85,4074666
2021-05-05 12:15:00,1620197100,1151.25,1188,1149.25,1187.3,3814074
2021-05-05 13:15:00,1620200700,1187.9,1197,1170,1171.55,5051701
2021-05-05 14:15:00,1620204300,1171.55,1204.7,1170.65,1200,4945389
2021-05-05 15:15:00,1620207900,1199.8,1209,1198.2,1203,1492821
2021-05-06 09:15:00,1620272700,1209.9,1219.2,1183,1190.7,4475598
2021-05-06 10:15:00,1620276300,1191,1199.2,1172.45,1175.75,1587623
2021-05-06 11:15:00,1620279900,1175.9,1184,1170.5,1173.75,666206
2021-05-06 12:15:00,1620283500,1173.7,1188,1173,1180,582151
2021-05-06 13:15:00,1620287100,1180,1187.5,1176.05,1183.5,369813
2021-05-06 14:15:00,1620290700,1184.25,1198.7,1181,1196.6,791450
2021-05-06 15:15:00,1620294300,1196.95,1207.7,1193,1193.1,568704
2021-05-07 09:15:00,1620359100,1194.9,1241,1190.9,1237.95,2403144
2021-05-07 10:15:00,1620362700,1237.6,1239,1206.2,1207.8,1481029
2021-05-07 11:15:00,1620366300,1207.2,1217.55,1207.05,1214.25,643343
2021-05-07 12:15:00,1620369900,1214.15,1219.9,1192.4,1197.35,865041
2021-05-07 13:15:00,1620373500,1197.35,1204.75,1190,1199.5,467172
2021-05-07 14:15:00,1620377100,1199.55,1201,1194.6,1198,443114
2021-05-07 15:15:00,1620380700,1198.4,1198.4,1192.75,1197,321966
2021-05-10 09:15:00,1620618300,1229,1237.7,1205.5,1232.55,1757760
2021-05-10 10:15:00,1620621900,1232.9,1235,1214,1219.95,569551
2021-05-10 11:15:00,1620625500,1219.95,1241.55,1218,1238.2,879665
2021-05-10 12:15:00,1620629100,1238.6,1239.9,1228.3,1228.6,512653
2021-05-10 13:15:00,1620632700,1228.6,1234.6,1228.6,1233,261781
2021-05-10 14:15:00,1620636300,1233.2,1238.45,1219.4,1220.05,636574
2021-05-10 15:15:00,1620639900,1220.05,1225.3,1218.8,1222,246867
2021-05-11 09:15:00,1620704700,1219.9,1246.8,1212.55,1232.2,1067544
2021-05-11 10:15:00,1620708300,1232.2,1234,1217.5,1220.25,432245
2021-05-11 11:15:00,1620711900,1220,1224,1211,1215.4,492324
2021-05-11 12:15:00,1620715500,1214.9,1218.55,1204,1209.1,406414
2021-05-11 13:15:00,1620719100,1209.1,1213,1196.3,1200,591119
2021-05-11 14:15:00,1620722700,1199.35,1201.95,1193,1198,537329
2021-05-11 15:15:00,1620726300,1198,1200,1194.1,1200,281443
2021-05-12 09:15:00,1620791100,1211.95,1226.6,1193.4,1214.6,1540480
2021-05-12 10:15:00,1620794700,1214.6,1220.9,1205,1206.3,427579
2021-05-12 11:15:00,1620798300,1206.3,1217.4,1202,1214.5,487354
2021-05-12 12:15:00,1620801900,1214.3,1216.5,1208,1214.45,264893
2021-05-12 13:15:00,1620805500,1214.45,1219.5,1212.25,1217.85,229558
2021-05-12 14:15:00,1620809100,1217.85,1218.9,1202,1216.7,446876
2021-05-12 15:15:00,1620812700,1216.6,1217.55,1205.65,1210,205536
2021-05-14 09:15:00,1620963900,1210,1233.8,1182.45,1193.8,2113272
2021-05-14 10:15:00,1620967500,1194.4,1199.5,1166,1170,1241908
2021-05-14 11:15:00,1620971100,1170,1186.85,1167.3,1181.9,730556
2021-05-14 12:15:00,1620974700,1181.9,1184.4,1173.2,1180.05,292028
2021-05-14 13:15:00,1620978300,1180.05,1182,1176,1176.75,217553
2021-05-14 14:15:00,1620981900,1176.9,1184.6,1176,1178.65,492152
2021-05-14 15:15:00,1620985500,1178.9,1180.5,1174.6,1176.45,294547
2021-05-17 09:15:00,1621223100,1194,1194,1170,1180.85,906849
2021-05-17 10:15:00,1621226700,1180.1,1184.5,1173.1,1176.85,217693
2021-05-17 11:15:00,1621230300,1176.85,1186.9,1175.45,1185.85,264170
2021-05-17 12:15:00,1621233900,1186.45,1187.65,1174,1174,407523
2021-05-17 13:15:00,1621237500,1174,1185,1174,1183.1,350479
2021-05-17 14:15:00,1621241100,1183.55,1193.8,1183.55,1188,356310
2021-05-17 15:15:00,1621244700,1187.7,1191.35,1187.05,1188.05,101187
2021-05-18 09:15:00,1621309500,1196,1201,1185,1187,527271
2021-05-18 10:15:00,1621313100,1187,1194,1182.05,1187.15,325794
2021-05-18 11:15:00,1621316700,1187.05,1191.1,1184,1185.05,247657
2021-05-18 12:15:00,1621320300,1185.05,1188.8,1185,1188.2,164518
2021-05-18 13:15:00,1621323900,1188.25,1190.35,1183.2,1184.8,176647
2021-05-18 14:15:00,1621327500,1184.8,1189,1183,1188.2,305001
2021-05-18 15:15:00,1621331100,1188.2,1188.2,1184.8,1187,139297
2021-05-19 09:15:00,1621395900,1189.9,1219.35,1185.5,1214.3,771247
2021-05-19 10:15:00,1621399500,1214,1216.1,1202,1203.9,492964
2021-05-19 11:15:00,1621403100,1203.85,1209.6,1196.4,1202,469074
2021-05-19 12:15:00,1621406700,1202,1206.9,1200.75,1206.2,258282
2021-05-19 13:15:00,1621410300,1206,1207.75,1197.5,1200,432436
2021-05-19 14:15:00,1621413900,1200,1208.5,1198.75,1207.9,352231
2021-05-19 15:15:00,1621417500,1207.35,1208,1204.35,1207.35,165768
2021-05-20 09:15:00,1621482300,1217.7,1220,1203.7,1215.5,546234
2021-05-20 10:15:00,1621485900,1215.5,1218.9,1208.75,1214.8,202457
2021-05-20 11:15:00,1621489500,1215.25,1218,1210.3,1213,319323
2021-05-20 12:15:00,1621493100,1213,1213.05,1206.55,1208,203346
2021-05-20 13:15:00,1621496700,1208,1210,1201.8,1203.55,132338
2021-05-20 14:15:00,1621500300,1203.55,1204.8,1197.45,1203.65,288653
2021-05-20 15:15:00,1621503900,1204.5,1210,1202.95,1209,141733
2021-05-21 09:15:00,1621568700,1210.6,1217.9,1205.5,1214.45,333539
2021-05-21 10:15:00,1621572300,1214.45,1216.9,1211.2,1211.85,155184
2021-05-21 11:15:00,1621575900,1211.85,1213,1206.3,1210,182370
2021-05-21 12:15:00,1621579500,1210,1213,1208,1212,126867
2021-05-21 13:15:00,1621583100,1212,1216,1211.4,1215.1,127519
2021-05-21 14:15:00,1621586700,1215.1,1216.9,1211,1214.25,223148
2021-05-21 15:15:00,1621590300,1214.55,1217,1212.6,1215,97823
2021-05-24 09:15:00,1621827900,1214.6,1237.6,1214.55,1228.8,1060494
2021-05-24 10:15:00,1621831500,1228.35,1228.55,1203.65,1205.6,596916
2021-05-24 11:15:00,1621835100,1205.6,1208.6,1200.05,1204.8,324777
2021-05-24 12:15:00,1621838700,1204.25,1206,1197,1200.05,248122
2021-05-24 13:15:00,1621842300,1200,1202.3,1198.2,1200,198804
2021-05-24 14:15:00,1621845900,1200.15,1201.55,1195.6,1198.4,373320
2021-05-24 15:15:00,1621849500,1197.85,1206.5,1196.6,1203.05,248347
2021-05-25 09:15:00,1621914300,1209.7,1209.8,1195.25,1196.9,341872
2021-05-25 10:15:00,1621917900,1196.9,1198.95,1191.1,1198.45,248515
2021-05-25 11:15:00,1621921500,1198.9,1202.95,1196,1202,228403
2021-05-25 12:15:00,1621925100,1202,1207.55,1201,1207.15,160720
2021-05-25 13:15:00,1621928700,1207.15,1208.5,1203.25,1206.5,195000
2021-05-25 14:15:00,1621932300,1206.5,1217.9,1206,1211.3,411240
2021-05-25 15:15:00,1621935900,1211.3,1212.95,1209.2,1210,126488
2021-05-26 09:15:00,1622000700,1218.6,1219.35,1208,1210.75,351740
2021-05-26 10:15:00,1622004300,1210.85,1212,1203.65,1206.95,170467
2021-05-26 11:15:00,1622007900,1206.95,1207.2,1201.3,1203.3,133130
2021-05-26 12:15:00,1622011500,1203.3,1205.1,1197.55,1198.3,147015
2021-05-26 13:15:00,1622015100,1198.3,1201.25,1198,1200.5,71297
2021-05-26 14:15:00,1622018700,1200.5,1201.95,1195.55,1196,158570
2021-05-26 15:15:00,1622022300,1196.2,1197.35,1193.3,1195.95,151910
2021-05-27 09:15:00,1622087100,1203.9,1204,1188,1190.35,251665
2021-05-27 10:15:00,1622090700,1190.35,1203.55,1189.55,1193.55,264462
2021-05-27 11:15:00,1622094300,1193.55,1196.5,1191.6,1195.1,173220
2021-05-27 12:15:00,1622097900,1195.1,1203.4,1193.2,1201,306694
2021-05-27 13:15:00,1622101500,1201,1205,1199.5,1200.5,261405
2021-05-27 14:15:00,1622105100,1201,1206.95,1198.05,1201.85,892231
2021-05-27 15:15:00,1622108700,1201.85,1206.1,1197,1202.6,575124
2021-05-28 09:15:00,1622173500,1203.35,1208,1190.55,1195.7,248904
2021-05-28 10:15:00,1622177100,1195.95,1200.8,1193.05,1193.05,106286
2021-05-28 11:15:00,1622180700,1193.05,1203.95,1193,1203,189377
2021-05-28 12:15:00,1622184300,1203,1204.7,1197.45,1202.55,156920
2021-05-28 13:15:00,1622187900,1202.55,1204.5,1200,1202.1,106392
2021-05-28 14:15:00,1622191500,1202.1,1211.7,1201.6,1208.75,218359
2021-05-28 15:15:00,1622195100,1208.45,1211.25,1205,1206.5,100097
2021-05-31 09:15:00,1622432700,1208,1224.9,1194.55,1216.05,749577
2021-05-31 10:15:00,1622436300,1216.05,1219,1210.4,1213.1,185747
2021-05-31 11:15:00,1622439900,1213,1216.95,1211.1,1215.05,148218
2021-05-31 12:15:00,1622443500,1215.05,1216.55,1210.05,1210.2,162712
2021-05-31 13:15:00,1622447100,1210.2,1211.9,1203.8,1206.5,191903
2021-05-31 14:15:00,1622450700,1206.5,1221.6,1206,1220.75,315276
2021-05-31 15:15:00,1622454300,1220.7,1224,1216.8,1218.4,227915
2021-06-01 09:15:00,1622519100,1221,1224.9,1210,1210.1,300963
2021-06-01 10:15:00,1622522700,1210.1,1211.25,1202.55,1203.2,159546
2021-06-01 11:15:00,1622526300,1202.9,1207.85,1200,1207.1,170631
2021-06-01 12:15:00,1622529900,1207.45,1208.75,1205,1207.7,72636
2021-06-01 13:15:00,1622533500,1207.65,1210.4,1206.2,1207.05,69467
2021-06-01 14:15:00,1622537100,1207.05,1213.6,1206.05,1210.85,196241
2021-06-01 15:15:00,1622540700,1210.5,1211.25,1206.85,1207.95,87092
2021-06-02 09:15:00,1622605500,1211.8,1247.7,1211,1245,1895801
2021-06-02 10:15:00,1622609100,1245.35,1258.75,1234.7,1256.45,1446644
2021-06-02 11:15:00,1622612700,1256.9,1266.3,1251,1251.9,1362027
2021-06-02 12:15:00,1622616300,1251.9,1255.75,1248,1252.1,505581
2021-06-02 13:15:00,1622619900,1252.1,1267.65,1249,1258,858960
2021-06-02 14:15:00,1622623500,1257.65,1257.65,1246.05,1248.95,770539
2021-06-02 15:15:00,1622627100,1248.95,1249.8,1240.3,1241.3,317806
2021-06-03 09:15:00,1622691900,1254.85,1254.85,1235,1237,507353
2021-06-03 10:15:00,1622695500,1237,1253,1236,1245,290025
2021-06-03 11:15:00,1622699100,1245,1245,1235.25,1235.85,213921
2021-06-03 12:15:00,1622702700,1235.85,1238.95,1228.1,1230.55,220428
2021-06-03 13:15:00,1622706300,1230.55,1232.3,1226.5,1231.1,163170
2021-06-03 14:15:00,1622709900,1231.1,1233.3,1227.05,1232.35,202017
2021-06-03 15:15:00,1622713500,1232.5,1234,1230.85,1232.5,120321
2021-06-04 09:15:00,1622778300,1243.5,1244,1223,1236.2,633785
2021-06-04 10:15:00,1622781900,1236,1241.7,1232.05,1238.9,225926
2021-06-04 11:15:00,1622785500,1238.9,1239.6,1236.1,1237.4,94884
2021-06-04 12:15:00,1622789100,1237.4,1239.8,1236.25,1238.75,102178
2021-06-04 13:15:00,1622792700,1238.75,1239.85,1233.5,1233.6,123344
2021-06-04 14:15:00,1622796300,1233.7,1237,1230.1,1232.75,203731
2021-06-04 15:15:00,1622799900,1232.75,1233,1230,1231.8,112024
2021-06-07 09:15:00,1623037500,1231.95,1237.7,1223.15,1227,239419
2021-06-07 10:15:00,1623041100,1227,1231.85,1224.8,1226.8,111884
2021-06-07 11:15:00,1623044700,1227,1230.9,1226.5,1229.85,66287
2021-06-07 12:15:00,1623048300,1229.55,1230.65,1227,1227.4,65926
2021-06-07 13:15:00,1623051900,1227.4,1237.45,1227.4,1232,277902
2021-06-07 14:15:00,1623055500,1232,1237.45,1228.25,1234,214598
2021-06-07 15:15:00,1623059100,1234.5,1235.75,1232.35,1234.9,60894
2021-06-08 09:15:00,1623123900,1234.9,1242.7,1221.05,1221.75,286858
2021-06-08 10:15:00,1623127500,1222.45,1233.25,1218.4,1233.25,191156
2021-06-08 11:15:00,1623131100,1233.25,1235,1226.45,1228,88245
2021-06-08 12:15:00,1623134700,1228,1234.55,1227.55,1231.05,153200
2021-06-08 13:15:00,1623138300,1231.05,1235.3,1230.4,1235.15,67226
2021-06-08 14:15:00,1623141900,1235.15,1239.3,1235,1235.45,163214
2021-06-08 15:15:00,1623145500,1235.6,1238,1235.1,1238,82468
2021-06-09 09:15:00,1623210300,1237,1258.8,1237,1250,818470
2021-06-09 10:15:00,1623213900,1250,1253.2,1244.05,1244.65,196855
2021-06-09 11:15:00,1623217500,1244.7,1249,1243.2,1244.45,239725
2021-06-09 12:15:00,1623221100,1244.45,1248.9,1223,1223.6,310202
2021-06-09 13:15:00,1623224700,1223.65,1237,1222.95,1229.25,240298
2021-06-09 14:15:00,1623228300,1229.2,1234,1214.3,1220.6,282858
2021-06-09 15:15:00,1623231900,1220.6,1223.3,1219.15,1220.7,125734
2021-06-10 09:15:00,1623296700,1221,1238.5,1221,1234.15,184439
2021-06-10 10:15:00,1623300300,1234.15,1236.65,1228,1232.3,52554
2021-06-10 11:15:00,1623303900,1232.5,1241,1232.15,1238.45,223043
2021-06-10 12:15:00,1623307500,1238.45,1243,1237.2,1241.9,171692
2021-06-10 13:15:00,1623311100,1241.9,1242.45,1231,1231.9,229638
2021-06-10 14:15:00,1623314700,1231.9,1233.2,1228.6,1228.75,116079
2021-06-10 15:15:00,1623318300,1228.9,1230,1225.45,1225.45,69743
2021-06-11 09:15:00,1623383100,1230,1236.9,1225,1229.35,174479
2021-06-11 10:15:00,1623386700,1229.35,1231,1227,1228.45,41280
2021-06-11 11:15:00,1623390300,1228.3,1228.6,1225.2,1227.15,60169
2021-06-11 12:15:00,1623393900,1227.15,1239.05,1227,1238.9,162893
2021-06-11 13:15:00,1623397500,1238.2,1239.9,1225.6,1236.45,413527
2021-06-11 14:15:00,1623401100,1236.35,1238,1227.1,1231.9,172174
2021-06-11 15:15:00,1623404700,1231.9,1233.9,1225,1228.85,134100
2021-06-14 09:15:00,1623642300,1190,1202.2,1173.1,1189,1375784
2021-06-14 10:15:00,1623645900,1189,1194,1184.4,1191.8,239323
2021-06-14 11:15:00,1623649500,1191.8,1201.8,1191.8,1197,254938
2021-06-14 12:15:00,1623653100,1197,1205.5,1194.35,1196,299297
2021-06-14 13:15:00,1623656700,1196,1201.45,1195.55,1199.45,337893
2021-06-14 14:15:00,1623660300,1199.45,1199.45,1189.9,1192.6,272230
2021-06-14 15:15:00,1623663900,1192.6,1195,1191.2,1194.9,107421
2021-06-15 09:15:00,1623728700,1192.65,1199.85,1188,1190.25,275413
2021-06-15 10:15:00,1623732300,1190.25,1197,1189.4,1193.5,288181
2021-06-15 11:15:00,1623735900,1193,1194.4,1190.55,1191.2,56206
2021-06-15 12:15:00,1623739500,1191.2,1192.75,1188.4,1191.1,179394
2021-06-15 13:15:00,1623743100,1191.1,1191.55,1188.5,1189.8,93887
2021-06-15 14:15:00,1623746700,1189.6,1190.95,1183.1,1186.45,207468
2021-06-15 15:15:00,1623750300,1186.2,1188.75,1185,1186.5,117145
2021-06-16 09:15:00,1623815100,1190,1193.2,1182.1,1186.55,272961
2021-06-16 10:15:00,1623818700,1187.2,1187.2,1177.5,1180.45,148662
2021-06-16 11:15:00,1623822300,1180.95,1182.5,1180,1180.95,95121
2021-06-16 12:15:00,1623825900,1180.95,1185.5,1180.95,1184.05,96902
2021-06-16 13:15:00,1623829500,1184.05,1187.7,1184,1187,98427
2021-06-16 14:15:00,1623833100,1186.7,1187.1,1177,1177.15,114227
2021-06-16 15:15:00,1623836700,1177.5,1177.95,1173.3,1174.1,110270
2021-06-17 09:15:00,1623901500,1171,1181.55,1166.3,1175.15,211744
2021-06-17 10:15:00,1623905100,1175.15,1179.4,1171.55,1178.5,122859
2021-06-17 11:15:00,1623908700,1178.95,1179.65,1168.5,1169.6,340878
2021-06-17 12:15:00,1623912300,1169.6,1173.85,1165,1170.2,177276
2021-06-17 13:15:00,1623915900,1170.3,1171.05,1163.15,1163.25,86269
2021-06-17 14:15:00,1623919500,1163,1165.6,1153,1162.8,262749
2021-06-17 15:15:00,1623923100,1162.8,1165,1161,1164,83197
2021-06-18 09:15:00,1623987900,1165,1172.9,1153,1156.75,371118
2021-06-18 10:15:00,1623991500,1156.1,1157.4,1141.1,1151.6,269149
2021-06-18 11:15:00,1623995100,1151.6,1158,1149.25,1157.25,169736
2021-06-18 12:15:00,1623998700,1157.25,1165,1157.25,1164.25,144441
2021-06-18 13:15:00,1624002300,1164.25,1165.25,1155.35,1157.8,124366
2021-06-18 14:15:00,1624005900,1157.8,1161.3,1152,1154.55,185163
2021-06-18 15:15:00,1624009500,1154.55,1157.8,1153.55,1157.8,113850
2021-06-21 09:15:00,1624247100,1150,1153.75,1137.6,1150.35,177933
2021-06-21 10:15:00,1624250700,1150.25,1153.3,1149.05,1150.25,114415
2021-06-21 11:15:00,1624254300,1150.2,1158,1150,1155,161012
2021-06-21 12:15:00,1624257900,1155,1157.7,1154,1155.2,109620
2021-06-21 13:15:00,1624261500,1155.2,1157.5,1150,1157.3,93417
2021-06-21 14:15:00,1624265100,1157.3,1157.3,1150,1155,167529
2021-06-21 15:15:00,1624268700,1155,1163.55,1154.8,1157.65,128032
2021-06-22 09:15:00,1624333500,1162.1,1165.9,1155.05,1156.45,185623
2021-06-22 10:15:00,1624337100,1156.45,1164,1155,1159.15,114116
2021-06-22 11:15:00,1624340700,1159.15,1163.5,1156.3,1160.85,105243
2021-06-22 12:15:00,1624344300,1161.2,1161.2,1158,1160.1,74178
2021-06-22 13:15:00,1624347900,1160.1,1160.85,1152.85,1156.95,108459
2021-06-22 14:15:00,1624351500,1157.4,1162,1157.4,1160,202493
2021-06-22 15:15:00,1624355100,1160,1160.3,1154.25,1157,97862
2021-06-23 09:15:00,1624419900,1161,1173.8,1156.6,1166.75,388336
2021-06-23 10:15:00,1624423500,1166.75,1166.8,1161,1166.3,159152
2021-06-23 11:15:00,1624427100,1166.3,1166.9,1162.55,1165.5,65101
2021-06-23 12:15:00,1624430700,1165.5,1166.5,1158.5,1165.35,169647
2021-06-23 13:15:00,1624434300,1165.35,1166.2,1160.5,1162.65,228561
2021-06-23 14:15:00,1624437900,1162.65,1163.75,1153.9,1155.25,133392
2021-06-23 15:15:00,1624441500,1155.15,1155.15,1151.5,1153,99060
2021-06-24 09:15:00,1624506300,1154.45,1158.6,1146.5,1147,200802
2021-06-24 10:15:00,1624509900,1147,1148.5,1139.5,1141.2,146053
2021-06-24 11:15:00,1624513500,1141.2,1143.25,1138.25,1141.95,182935
2021-06-24 12:15:00,1624517100,1141.95,1143.9,1138.4,1139.55,112743
2021-06-24 13:15:00,1624520700,1139.55,1142,1138.45,1139.2,98939
2021-06-24 14:15:00,1624524300,1139.95,1140.8,1131.35,1139.25,273135
2021-06-24 15:15:00,1624527900,1139.95,1141.95,1138.1,1140.25,141578
2021-06-25 09:15:00,1624592700,1148.4,1151.75,1134,1146.4,195626
2021-06-25 10:15:00,1624596300,1146.3,1160.65,1143.7,1160.1,169120
2021-06-25 11:15:00,1624599900,1160.05,1160.45,1149.05,1152.8,146885
2021-06-25 12:15:00,1624603500,1152.8,1155.3,1148,1148.65,65363
2021-06-25 13:15:00,1624607100,1148.65,1152.15,1147.1,1149,65876
2021-06-25 14:15:00,1624610700,1149,1155,1147.65,1153.05,149998
2021-06-25 15:15:00,1624614300,1153.05,1154,1148.35,1149.95,59097
2021-06-28 09:15:00,1624851900,1158.1,1166.4,1155.15,1158.2,248105
2021-06-28 10:15:00,1624855500,1158.2,1164,1157,1161.75,108939
2021-06-28 11:15:00,1624859100,1161.75,1168,1159,1166,270132
2021-06-28 12:15:00,1624862700,1166,1167.85,1158,1162.5,165579
2021-06-28 13:15:00,1624866300,1162.5,1169.35,1161.3,1165,273161
2021-06-28 14:15:00,1624869900,1165,1167.4,1160.4,1165,155056
2021-06-28 15:15:00,1624873500,1165,1165.75,1161,1164,77630
2021-06-29 09:15:00,1624938300,1156.05,1173,1156.05,1168.95,213631
2021-06-29 10:15:00,1624941900,1168.95,1171.9,1164.25,1168,104292
2021-06-29 11:15:00,1624945500,1167.6,1171.15,1160.2,1162.75,111312
2021-06-29 12:15:00,1624949100,1162.75,1164.4,1160.9,1161.6,30298
2021-06-29 13:15:00,1624952700,1161.55,1164.4,1157.65,1160.7,67849
2021-06-29 14:15:00,1624956300,1160.7,1162.7,1155.35,1161.15,202476
2021-06-29 15:15:00,1624959900,1160.55,1174.25,1160,1167,97987
2021-06-30 09:15:00,1625024700,1159.9,1165,1145.6,1159.6,343786
2021-06-30 10:15:00,1625028300,1160,1162,1152,1153.5,75116
2021-06-30 11:15:00,1625031900,1153.5,1155,1152,1154.3,49517
2021-06-30 12:15:00,1625035500,1154.3,1157.45,1153,1154.1,53712
2021-06-30 13:15:00,1625039100,1154.1,1155.4,1149.8,1150.5,83659
2021-06-30 14:15:00,1625042700,1150.35,1151.1,1146.3,1148.2,213795
2021-06-30 15:15:00,1625046300,1148.2,1150.5,1146.6,1147.4,192115
2021-07-01 09:15:00,1625111100,1148,1153.95,1144.4,1148.1,163724
2021-07-01 10:15:00,1625114700,1148.1,1151.4,1144.05,1145,131633
2021-07-01 11:15:00,1625118300,1145,1146,1140.15,1143.55,74249
2021-07-01 12:15:00,1625121900,1143.85,1145,1142.55,1143,37867
2021-07-01 13:15:00,1625125500,1143,1145.4,1139.5,1144,75167
2021-07-01 14:15:00,1625129100,1144,1149.45,1141.45,1143.75,233397
2021-07-01 15:15:00,1625132700,1144.25,1149,1143.15,1145.7,103491
2021-07-02 09:15:00,1625197500,1151.95,1167,1151.1,1162,433242
2021-07-02 10:15:00,1625201100,1161,1163.2,1152.2,1152.2,216309
2021-07-02 11:15:00,1625204700,1152.2,1154.95,1150.1,1152.95,71622
2021-07-02 12:15:00,1625208300,1152.95,1156,1149.05,1155.45,161397
2021-07-02 13:15:00,1625211900,1155.45,1156.35,1151,1153.2,89855
2021-07-02 14:15:00,1625215500,1153.2,1161.85,1153,1161,160130
2021-07-02 15:15:00,1625219100,1160.6,1161.8,1160.1,1161,89277
2021-07-05 09:15:00,1625456700,1163.95,1166,1156.95,1158,141774
2021-07-05 10:15:00,1625460300,1158,1159.4,1152.6,1157.6,195388
2021-07-05 11:15:00,1625463900,1157,1157.5,1154.1,1156.95,77350
2021-07-05 12:15:00,1625467500,1156.95,1158.65,1152.5,1155.45,120105
2021-07-05 13:15:00,1625471100,1155,1155.25,1152,1154.45,42467
2021-07-05 14:15:00,1625474700,1154.45,1159.8,1154,1157.65,118888
2021-07-05 15:15:00,1625478300,1157.6,1158.95,1150,1153,46412
2021-07-06 09:15:00,1625543100,1155,1155.85,1144,1148.1,183060
2021-07-06 10:15:00,1625546700,1148.5,1149.95,1146.2,1148.45,73867
2021-07-06 11:15:00,1625550300,1148.45,1148.75,1144.25,1147.15,98210
2021-07-06 12:15:00,1625553900,1147.15,1148,1144.05,1144.05,114204
2021-07-06 13:15:00,1625557500,1144.05,1146.4,1142.35,1143,90507
2021-07-06 14:15:00,1625561100,1143,1146.6,1139,1140.75,165607
2021-07-06 15:15:00,1625564700,1140.75,1142.85,1138,1140.7,99991
2021-07-07 09:15:00,1625629500,1139.7,1144,1133,1141.6,365424
2021-07-07 10:15:00,1625633100,1141.6,1143.05,1135.7,1136,193247
2021-07-07 11:15:00,1625636700,1136,1140.2,1135.45,1139.9,134042
2021-07-07 12:15:00,1625640300,1139.9,1142,1137.6,1140,86703
2021-07-07 13:15:00,1625643900,1140.05,1146.4,1140,1146,113982
2021-07-07 14:15:00,1625647500,1145.8,1147.65,1144.5,1147,123758
2021-07-07 15:15:00,1625651100,1147,1153.95,1146.8,1148.55,74606
2021-07-08 09:15:00,1625715900,1150,1157.4,1141,1154.85,164287
2021-07-08 10:15:00,1625719500,1154.85,1155.15,1148.85,1150.55,54490
2021-07-08 11:15:00,1625723100,1150.15,1152.15,1145.5,1148,88950
2021-07-08 12:15:00,1625726700,1148,1151.05,1141.55,1144.8,89618
2021-07-08 13:15:00,1625730300,1144.8,1145.9,1140.15,1143.75,110018
2021-07-08 14:15:00,1625733900,1143.75,1145.7,1137,1142,161960
2021-07-08 15:15:00,1625737500,1141.95,1142,1136,1139.95,102087
2021-07-09 09:15:00,1625802300,1140.1,1145.35,1137.8,1142.5,213243
2021-07-09 10:15:00,1625805900,1142.65,1147.75,1142,1142.05,64413
2021-07-09 11:15:00,1625809500,1142.05,1146.2,1139.15,1145,78158
2021-07-09 12:15:00,1625813100,1145,1147.25,1142.3,1145.05,24846
2021-07-09 13:15:00,1625816700,1145.05,1149.75,1145,1148,66118
2021-07-09 14:15:00,1625820300,1148,1150.5,1146.35,1148,125542
2021-07-09 15:15:00,1625823900,1148,1149,1145.8,1147.95,46399
2021-07-12 09:15:00,1626061500,1148,1155.9,1147.8,1150.3,86403
2021-07-12 10:15:00,1626065100,1150.3,1154.4,1150.3,1152.05,38066
2021-07-12 11:15:00,1626068700,1152,1152.6,1146.55,1149.7,52619
2021-07-12 12:15:00,1626072300,1149.7,1150.8,1147.9,1148.1,37067
2021-07-12 13:15:00,1626075900,1148.4,1153,1146,1152.1,95223
2021-07-12 14:15:00,1626079500,1152.45,1152.95,1147.15,1150.85,114794
2021-07-12 15:15:00,1626083100,1150.85,1151.95,1148.95,1151.7,36545
2021-07-13 09:15:00,1626147900,1156,1167.6,1150.9,1163.5,292115
2021-07-13 10:15:00,1626151500,1163.5,1166.9,1163,1165.2,131648
2021-07-13 11:15:00,1626155100,1165.2,1170,1164.3,1165.2,261474
2021-07-13 12:15:00,1626158700,1165.2,1166,1162,1163.8,129034
2021-07-13 13:15:00,1626162300,1163.45,1165.85,1160,1164,182237
2021-07-13 14:15:00,1626165900,1164,1166.2,1163.05,1165.85,188218
2021-07-13 15:15:00,1626169500,1165.2,1166,1160.1,1162.7,83812
2021-07-14 09:15:00,1626234300,1167.5,1167.5,1159.2,1160.1,100844
2021-07-14 10:15:00,1626237900,1160.1,1168.6,1158.2,1168,98003
2021-07-14 11:15:00,1626241500,1168,1172.5,1167,1171.35,108892
2021-07-14 12:15:00,1626245100,1171.35,1171.9,1170,1171,58664
2021-07-14 13:15:00,1626248700,1171,1171,1166,1167.2,149151
2021-07-14 14:15:00,1626252300,1167.2,1174.9,1167.2,1171.55,136466
2021-07-14 15:15:00,1626255900,1172,1172.5,1170.05,1172.5,68703
2021-07-15 09:15:00,1626320700,1176,1177.9,1170.1,1172.8,174942
2021-07-15 10:15:00,1626324300,1172.8,1173.2,1166.2,1169.2,142493
2021-07-15 11:15:00,1626327900,1169,1171.2,1165.1,1166.35,117565
2021-07-15 12:15:00,1626331500,1166.35,1168,1162.25,1164.8,73595
2021-07-15 13:15:00,1626335100,1164.8,1165.9,1162.05,1164.3,112623
2021-07-15 14:15:00,1626338700,1164.3,1166.15,1159.6,1160.95,161346
2021-07-15 15:15:00,1626342300,1160.95,1166.9,1160.8,1165.5,68137
2021-07-16 09:15:00,1626407100,1161.8,1175,1161.35,1170.05,199295
2021-07-16 10:15:00,1626410700,1170.05,1173.6,1168.15,1173,52815
2021-07-16 11:15:00,1626414300,1173,1174.5,1170.5,1173,69780
2021-07-16 12:15:00,1626417900,1173,1180.2,1173,1180,203234
2021-07-16 13:15:00,1626421500,1180,1181.95,1178,1180.7,152290
2021-07-16 14:15:00,1626425100,1180.7,1181.2,1180,1180,150665
2021-07-16 15:15:00,1626428700,1180.05,1180.5,1175,1178,161074
2021-07-19 09:15:00,1626666300,1176.9,1181,1170,1180.25,146165
2021-07-19 10:15:00,1626669900,1180.25,1184.7,1177.7,1180,104407
2021-07-19 11:15:00,1626673500,1180.05,1182.35,1178.45,1181.85,35321
2021-07-19 12:15:00,1626677100,1181.85,1182.55,1175.1,1178.85,76148
2021-07-19 13:15:00,1626680700,1178.85,1183.6,1178.15,1180.75,51758
2021-07-19 14:15:00,1626684300,1180.75,1182.9,1175.65,1182.4,105426
2021-07-19 15:15:00,1626687900,1182.4,1191.55,1182,1190.95,283714
2021-07-20 09:15:00,1626752700,1191,1191.55,1177.25,1185.4,180477
2021-07-20 10:15:00,1626756300,1186.5,1186.5,1167.4,1173.6,203924
2021-07-20 11:15:00,1626759900,1173.65,1180.8,1172.45,1176.4,124851
2021-07-20 12:15:00,1626763500,1176.4,1184,1176.3,1182.4,81954
2021-07-20 13:15:00,1626767100,1182.4,1184.15,1176.5,1182.25,67750
2021-07-20 14:15:00,1626770700,1182.75,1184,1171.65,1171.65,224608
2021-07-20 15:15:00,1626774300,1172,1173.55,1166.5,1170.9,54436
2021-07-22 09:15:00,1626925500,1177,1179,1171,1176.6,134520
2021-07-22 10:15:00,1626929100,1176.6,1181,1173.25,1174.3,123488
2021-07-22 11:15:00,1626932700,1174.3,1175.95,1173.7,1175.5,80341
2021-07-22 12:15:00,1626936300,1175.15,1175.6,1171.1,1171.2,62847
2021-07-22 13:15:00,1626939900,1171.15,1176.95,1171.15,1175.5,191430
2021-07-22 14:15:00,1626943500,1175.5,1182,1172.65,1177.95,178337
2021-07-22 15:15:00,1626947100,1177.95,1184.5,1177.95,1181,102632
2021-07-23 09:15:00,1627011900,1179.45,1185.3,1178.65,1180.95,99326
2021-07-23 10:15:00,1627015500,1180.8,1181.5,1176.05,1179.6,89040
2021-07-23 11:15:00,1627019100,1179.6,1185.7,1179.5,1180,143602
2021-07-23 12:15:00,1627022700,1180.05,1183.9,1179.2,1182.35,91998
2021-07-23 13:15:00,1627026300,1182.35,1186,1179,1182,205104
2021-07-23 14:15:00,1627029900,1182,1182.5,1178.8,1181.3,152009
2021-07-23 15:15:00,1627033500,1181.3,1182.85,1180,1181.9,46338
2021-07-26 09:15:00,1627271100,1178,1191.5,1178,1182.1,190400
2021-07-26 10:15:00,1627274700,1182.1,1182.9,1177,1179.2,68668
2021-07-26 11:15:00,1627278300,1179.2,1180.9,1172.4,1174.95,141430
2021-07-26 12:15:00,1627281900,1174.95,1179.75,1174,1175.35,165299
2021-07-26 13:15:00,1627285500,1175.35,1176.7,1172.4,1174.55,67231
2021-07-26 14:15:00,1627289100,1174.55,1175.6,1168.4,1171.7,59575
2021-07-26 15:15:00,1627292700,1171.15,1174.55,1169.05,1170.8,63319
2021-07-27 09:15:00,1627357500,1169.5,1172.95,1161.1,1162.9,216081
2021-07-27 10:15:00,1627361100,1163.5,1163.5,1149,1149.85,176479
2021-07-27 11:15:00,1627364700,1150.15,1151.25,1136.5,1139.1,205961
2021-07-27 12:15:00,1627368300,1138.5,1144.5,1115,1120.8,464558
2021-07-27 13:15:00,1627371900,1120.8,1127.45,1100.2,1100.35,526552
2021-07-27 14:15:00,1627375500,1099.4,1114,1095.2,1109.4,849342
2021-07-27 15:15:00,1627379100,1109.25,1117.45,1108.15,1115,247375
2021-07-28 09:15:00,1627443900,1111.6,1117.95,1102,1111.6,286637
2021-07-28 10:15:00,1627447500,1111.6,1112.4,1088.4,1097.3,275923
2021-07-28 11:15:00,1627451100,1097.3,1109,1096.2,1107.3,203672
2021-07-28 12:15:00,1627454700,1107.3,1110,1103.85,1108,264875
2021-07-28 13:15:00,1627458300,1108,1109.4,1100,1102.8,151232
2021-07-28 14:15:00,1627461900,1102.8,1105.85,1097.65,1103.3,111880
2021-07-28 15:15:00,1627465500,1102.85,1104.9,1100,1104,58758
2021-07-29 09:15:00,1627530300,1103.5,1110,1093.2,1094.75,203173
2021-07-29 10:15:00,1627533900,1094.75,1097,1079,1081.2,248220
2021-07-29 11:15:00,1627537500,1081.2,1087.8,1077.55,1086.5,161785
2021-07-29 12:15:00,1627541100,1086.5,1095.85,1084,1093.1,287733
2021-07-29 13:15:00,1627544700,1093.1,1094.5,1088,1088.5,131446
2021-07-29 14:15:00,1627548300,1088.15,1090,1081,1085.75,248482
2021-07-29 15:15:00,1627551900,1085.75,1086.75,1083.35,1084,112755
2021-07-30 09:15:00,1627616700,1090,1092.3,1080.9,1090,148275
2021-07-30 10:15:00,1627620300,1090,1099.65,1088.05,1097.75,162009
2021-07-30 11:15:00,1627623900,1097.4,1097.8,1092.2,1094.1,80557
2021-07-30 12:15:00,1627627500,1094.1,1106.35,1091.25,1101.9,269927
2021-07-30 13:15:00,1627631100,1101.95,1117.4,1100.3,1114.7,241407
2021-07-30 14:15:00,1627634700,1114.7,1127.6,1103,1103.5,424397
2021-07-30 15:15:00,1627638300,1104.45,1111.25,1103.6,1110,127667
2021-08-02 09:15:00,1627875900,1114.8,1125.85,1111,1120.6,446016
2021-08-02 10:15:00,1627879500,1120.6,1121.7,1117,1119,109226
2021-08-02 11:15:00,1627883100,1119.4,1126,1118.55,1123.05,99888
2021-08-02 12:15:00,1627886700,1123.05,1124,1119.15,1121.5,79674
2021-08-02 13:15:00,1627890300,1121.5,1123,1118.6,1119.95,57182
2021-08-02 14:15:00,1627893900,1119.95,1124.35,1116,1123.6,195097
2021-08-02 15:15:00,1627897500,1123.4,1127,1122.5,1126,145127
2021-08-03 09:15:00,1627962300,1132,1149.5,1126.15,1140.05,631820
2021-08-03 10:15:00,1627965900,1140.05,1142.8,1137.2,1142.75,108903
2021-08-03 11:15:00,1627969500,1142.75,1148.8,1140.5,1148.8,184492
2021-08-03 12:15:00,1627973100,1148.5,1148.8,1140.3,1141.4,138474
2021-08-03 13:15:00,1627976700,1141.4,1145,1137.95,1138.95,111172
2021-08-03 14:15:00,1627980300,1138.95,1145.2,1136.9,1143.95,188005
2021-08-03 15:15:00,1627983900,1144,1145.65,1140,1142,163827
2021-08-04 09:15:00,1628048700,1154.95,1158.85,1140.65,1150,406027
2021-08-04 10:15:00,1628052300,1150,1151,1145.8,1150.3,112565
2021-08-04 11:15:00,1628055900,1150,1152,1148.8,1151.4,171158
2021-08-04 12:15:00,1628059500,1151.4,1154.9,1149.2,1150.25,129554
2021-08-04 13:15:00,1628063100,1150.25,1154.8,1149.95,1150,78761
2021-08-04 14:15:00,1628066700,1150,1153.85,1149.8,1151.1,164372
2021-08-04 15:15:00,1628070300,1151.1,1153.75,1151,1153,82366
2021-08-05 09:15:00,1628135100,1152.2,1159.3,1140,1141.2,435366
2021-08-05 10:15:00,1628138700,1141,1150.4,1137.85,1148.55,86359
2021-08-05 11:15:00,1628142300,1148.55,1155,1143.7,1154.7,72791
2021-08-05 12:15:00,1628145900,1154.75,1155.65,1148,1150.5,34594
2021-08-05 13:15:00,1628149500,1150.5,1151.35,1145.75,1149.9,28867
2021-08-05 14:15:00,1628153100,1150.55,1151.2,1141.05,1146,70028
2021-08-05 15:15:00,1628156700,1146,1149.4,1143.9,1146,47339
2021-08-06 09:15:00,1628221500,1147.05,1155.6,1142.55,1150.45,155443
2021-08-06 10:15:00,1628225100,1150.45,1152.1,1149.5,1150.45,71236
2021-08-06 11:15:00,1628228700,1150.2,1153,1149.3,1151.75,53228
2021-08-06 12:15:00,1628232300,1151.75,1153.8,1150,1152,21692
2021-08-06 13:15:00,1628235900,1151.75,1152.4,1150,1150.05,26640
2021-08-06 14:15:00,1628239500,1150.05,1152.35,1150,1150.55,44489
2021-08-06 15:15:00,1628243100,1151.1,1152,1150,1152,43650
2021-08-09 09:15:00,1628480700,1154.45,1156.4,1135.55,1140.6,181111
2021-08-09 10:15:00,1628484300,1141.35,1148.3,1141,1145.85,137068
2021-08-09 11:15:00,1628487900,1145.85,1147.65,1132.4,1139.2,232766
2021-08-09 12:15:00,1628491500,1139.2,1142.45,1136.45,1137,74072
2021-08-09 13:15:00,1628495100,1137,1137,1118,1128.65,193703
2021-08-09 14:15:00,1628498700,1128.65,1134.9,1128.2,1133.75,141001
2021-08-09 15:15:00,1628502300,1133.65,1136.7,1130.45,1132,112703
2021-08-10 09:15:00,1628567100,1138.95,1151.5,1133.45,1137.15,329388
2021-08-10 10:15:00,1628570700,1136.45,1137.15,1126.55,1126.8,199841
2021-08-10 11:15:00,1628574300,1127,1139.55,1127,1139.25,271953
2021-08-10 12:15:00,1628577900,1139,1141.8,1132.9,1133.4,107052
2021-08-10 13:15:00,1628581500,1133.4,1135.5,1116.5,1117.5,247992
2021-08-10 14:15:00,1628585100,1117.4,1126.6,1117.4,1118.9,224801
2021-08-10 15:15:00,1628588700,1119.45,1120.7,1110.05,1114,100441
2021-08-11 09:15:00,1628653500,1079.95,1091,1042.3,1050.9,3039458
2021-08-11 10:15:00,1628657100,1050.25,1054.35,1048.45,1050.35,620046
2021-08-11 11:15:00,1628660700,1050.35,1050.95,1035.4,1038.65,881095
2021-08-11 12:15:00,1628664300,1038.75,1060.85,1038.4,1050,833041
2021-08-11 13:15:00,1628667900,1050.35,1054,1049.8,1050,229617
2021-08-11 14:15:00,1628671500,1050.45,1055.8,1049.3,1049.3,451023
2021-08-11 15:15:00,1628675100,1050.1,1051.8,1049,1051,247295
2021-08-12 09:15:00,1628739900,1030,1033,986.65,990.85,3380402
2021-08-12 10:15:00,1628743500,990.5,994.5,987.8,989.5,1544538
2021-08-12 11:15:00,1628747100,989.5,992.9,984,984.85,771678
2021-08-12 12:15:00,1628750700,984.55,987.8,982.4,984.6,792305
2021-08-12 13:15:00,1628754300,984.6,985.5,977.55,978.2,936458
2021-08-12 14:15:00,1628757900,978,982,973.1,974.45,1553671
2021-08-12 15:15:00,1628761500,974.95,979.05,973.95,978.5,763592
2021-08-13 09:15:00,1628826300,988,989.95,953.8,971.25,2480795
2021-08-13 10:15:00,1628829900,971.85,986.65,968.1,985.4,929347
2021-08-13 11:15:00,1628833500,985.05,985.4,976.4,979.6,459483
2021-08-13 12:15:00,1628837100,979.2,980,969.35,970.5,371096
2021-08-13 13:15:00,1628840700,970.2,978.65,967.05,978.65,396680
2021-08-13 14:15:00,1628844300,978.65,979.15,975.35,977.55,453919
2021-08-13 15:15:00,1628847900,977.1,977.9,974.35,975,255765
2021-08-16 09:15:00,1629085500,976.85,984.9,968,970.85,550260
2021-08-16 10:15:00,1629089100,971.4,971.8,958.5,961.25,548063
2021-08-16 11:15:00,1629092700,961.1,968,958.75,965.5,322034
2021-08-16 12:15:00,1629096300,965.4,966.65,961,963.9,174282
2021-08-16 13:15:00,1629099900,963.9,968,963.6,966.8,187922
2021-08-16 14:15:00,1629103500,966.8,970.8,964.65,969.45,340104
2021-08-16 15:15:00,1629107100,969.15,969.55,963.7,966.95,159432
2021-08-17 09:15:00,1629171900,975,984.3,972.45,975.4,1128768
2021-08-17 10:15:00,1629175500,975.9,977.4,974.5,975,266608
2021-08-17 11:15:00,1629179100,975,978.75,971.3,974.8,594240
2021-08-17 12:15:00,1629182700,974.8,977,969.7,972.6,392883
2021-08-17 13:15:00,1629186300,973,974.8,971.5,972.9,189492
2021-08-17 14:15:00,1629189900,973.05,975.15,971,975,375871
2021-08-17 15:15:00,1629193500,975,975.75,972,974.9,175420
2021-08-18 09:15:00,1629258300,979.55,980,965,974.95,524417
2021-08-18 10:15:00,1629261900,974.95,978.9,974.2,976.65,204151
2021-08-18 11:15:00,1629265500,976.65,979.85,975.15,976.65,194556
2021-08-18 12:15:00,1629269100,976.65,978,974.6,975.05,239615
2021-08-18 13:15:00,1629272700,975.05,979.75,974.75,977.65,153575
2021-08-18 14:15:00,1629276300,977.65,979,971.5,972.1,410059
2021-08-18 15:15:00,1629279900,972.05,973.95,970,970.5,120794
2021-08-20 09:15:00,1629431100,963.95,967.75,951.4,953.5,736246
2021-08-20 10:15:00,1629434700,953.9,954.1,938.05,944.7,544882
2021-08-20 11:15:00,1629438300,944.5,950,938.6,939,439576
2021-08-20 12:15:00,1629441900,939.05,940,933.85,937.5,435552
2021-08-20 13:15:00,1629445500,937.25,939.9,928,931.2,479127
2021-08-20 14:15:00,1629449100,931.2,935.45,926,926,466878
2021-08-20 15:15:00,1629452700,926.25,927.05,921,923.7,235677
2021-08-23 09:15:00,1629690300,936,940.6,930,935.6,522279
2021-08-23 10:15:00,1629693900,935.3,937.9,914.95,928.5,422511
2021-08-23 11:15:00,1629697500,928.5,933.5,926,930.3,248583
2021-08-23 12:15:00,1629701100,930.3,931.7,924.45,925.65,243969
2021-08-23 13:15:00,1629704700,925.65,926.3,920,921,233885
2021-08-23 14:15:00,1629708300,921.1,923.9,915.4,923.55,422859
2021-08-23 15:15:00,1629711900,923.55,929.15,922.2,929,605414
2021-08-24 09:15:00,1629776700,932,932.5,915.75,924.15,688026
2021-08-24 10:15:00,1629780300,924.15,926.8,920,923,474578
2021-08-24 11:15:00,1629783900,923.05,939.6,923,931.55,605937
2021-08-24 12:15:00,1629787500,931.55,938.55,931.5,938.3,298967
2021-08-24 13:15:00,1629791100,938.9,943.2,935.1,940,490888
2021-08-24 14:15:00,1629794700,939.75,940.65,937,939.4,373431
2021-08-24 15:15:00,1629798300,939.4,941,936.25,939.65,174763
2021-08-25 09:15:00,1629863100,943.8,943.8,933.2,937.9,392105
2021-08-25 10:15:00,1629866700,938,941.85,937.2,939.85,151637
2021-08-25 11:15:00,1629870300,939.85,943,937.65,942.4,152128
2021-08-25 12:15:00,1629873900,942.35,945,940.75,942.45,240332
2021-08-25 13:15:00,1629877500,942.85,946,941.45,941.5,179916
2021-08-25 14:15:00,1629881100,941.3,942.65,938.15,940,268753
2021-08-25 15:15:00,1629884700,940,943.5,939,942,115359
2021-08-26 09:15:00,1629949500,944.75,944.75,935.55,939.75,319923
2021-08-26 10:15:00,1629953100,939.75,940.2,934.05,937.5,197518
2021-08-26 11:15:00,1629956700,937.5,940.35,936,939.95,168314
2021-08-26 12:15:00,1629960300,939.95,940.8,938.5,940.45,134654
2021-08-26 13:15:00,1629963900,940.45,940.95,935.5,938.85,146022
2021-08-26 14:15:00,1629967500,938.85,940.15,935,936.55,254793
2021-08-26 15:15:00,1629971100,936.55,939.3,935.15,937,132707
2021-08-27 09:15:00,1630035900,937.45,943.95,932.6,942.6,293263
2021-08-27 10:15:00,1630039500,942.6,945.8,939.15,941.8,172149
2021-08-27 11:15:00,1630043100,941.8,947.5,941.4,941.7,260855
2021-08-27 12:15:00,1630046700,941.45,944.75,936.7,943.45,696292
2021-08-27 13:15:00,1630050300,943.4,945.8,939.15,940,348071
2021-08-27 14:15:00,1630053900,940,942.7,939.35,940.35,131935
2021-08-27 15:15:00,1630057500,940.35,940.9,938.05,938.55,96636
2021-08-30 09:15:00,1630295100,942,949.75,942,949.5,207861
2021-08-30 10:15:00,1630298700,949.5,952,948,951,145069
2021-08-30 11:15:00,1630302300,951,956,950,954.1,127302
2021-08-30 12:15:00,1630305900,954.15,954.5,951.6,953.85,87180
2021-08-30 13:15:00,1630309500,953.85,953.85,951,951,82385
2021-08-30 14:15:00,1630313100,951,954,948.05,951.8,154386
2021-08-30 15:15:00,1630316700,951.6,954,951.3,953.5,79106
2021-08-31 09:15:00,1630381500,954.4,958.5,947.35,948.7,210965
2021-08-31 10:15:00,1630385100,948.7,956.5,948.15,956,114980
2021-08-31 11:15:00,1630388700,955.65,957.85,955.1,956,98864
2021-08-31 12:15:00,1630392300,956,956.95,955.4,956,80504
2021-08-31 13:15:00,1630395900,956,958.8,950.65,956,268289
2021-08-31 14:15:00,1630399500,956,959.9,955.3,958.2,318791
2021-08-31 15:15:00,1630403100,957.95,958.7,956,957,191174
2021-09-01 09:15:00,1630467900,961,965.45,954,954.2,283693
2021-09-01 10:15:00,1630471500,954.2,956.95,950,955.35,141677
2021-09-01 11:15:00,1630475100,955.35,958.85,953.45,957.55,89873
2021-09-01 12:15:00,1630478700,957.55,960,955,955.4,57505
2021-09-01 13:15:00,1630482300,955.4,960.4,953,960,133194
2021-09-01 14:15:00,1630485900,959.8,963.3,959,962,222675
2021-09-01 15:15:00,1630489500,962,963.3,959.8,963.15,139717
2021-09-02 09:15:00,1630554300,963.9,973.9,963.3,971.3,350191
2021-09-02 10:15:00,1630557900,971.3,972.4,968.05,969.5,262535
2021-09-02 11:15:00,1630561500,969.8,972.2,968.25,969.5,126841
2021-09-02 12:15:00,1630565100,969.9,970.3,965.1,968.8,115536
2021-09-02 13:15:00,1630568700,968.8,969.5,966.5,968.05,77726
2021-09-02 14:15:00,1630572300,968.05,969.45,965,968.45,300467
2021-09-02 15:15:00,1630575900,968,968.7,964.95,967.8,139677
2021-09-03 09:15:00,1630640700,972.9,972.9,964,967.7,123842
2021-09-03 10:15:00,1630644300,967.7,968.95,966,967,60458
2021-09-03 11:15:00,1630647900,967.1,968.6,966.5,967.5,46273
2021-09-03 12:15:00,1630651500,967.5,970.9,966.45,967.15,55857
2021-09-03 13:15:00,1630655100,967.15,969,965.6,967.1,70246
2021-09-03 14:15:00,1630658700,967.1,970,967,969.85,89117
2021-09-03 15:15:00,1630662300,969.9,970.6,967.4,969.5,49762
2021-09-06 09:15:00,1630899900,975,977.15,967.85,973.35,359546
2021-09-06 10:15:00,1630903500,973.8,979.5,970.7,977.2,232749
2021-09-06 11:15:00,1630907100,977.1,984.2,974.05,982.95,185265
2021-09-06 12:15:00,1630910700,982.45,994.8,982.45,987,454428
2021-09-06 13:15:00,1630914300,987.05,989.7,983,988.55,162893
2021-09-06 14:15:00,1630917900,988.55,988.9,981.5,981.8,267206
2021-09-06 15:15:00,1630921500,982,984,980,981.1,161567
2021-09-07 09:15:00,1630986300,986,989,978.1,981.3,163774
2021-09-07 10:15:00,1630989900,981.3,985.5,979.05,982.7,49596
2021-09-07 11:15:00,1630993500,982.7,986.45,980.7,985,61010
2021-09-07 12:15:00,1630997100,985.45,991.5,985,988.95,121067
2021-09-07 13:15:00,1631000700,988.8,990,985.5,986.6,64478
2021-09-07 14:15:00,1631004300,986.6,990.8,985.6,989.65,156874
2021-09-07 15:15:00,1631007900,989.7,990.6,986.75,987.1,61302
2021-09-08 09:15:00,1631072700,990,990.05,979.05,982.6,159074
2021-09-08 10:15:00,1631076300,982.6,986.95,981.6,982.9,470557
2021-09-08 11:15:00,1631079900,982.9,986.55,981.75,982.2,265825
2021-09-08 12:15:00,1631083500,982.2,984.35,973.25,974,205363
2021-09-08 13:15:00,1631087100,974,979.1,973.8,977.6,132628
2021-09-08 14:15:00,1631090700,977.6,982,975,981.9,165010
2021-09-08 15:15:00,1631094300,981.9,984,980,980.05,215783
2021-09-09 09:15:00,1631159100,980,984,975.55,982.95,153759
2021-09-09 10:15:00,1631162700,982.55,983.5,980.05,982.85,133987
2021-09-09 11:15:00,1631166300,982.85,982.85,978.3,979.25,196156
2021-09-09 12:15:00,1631169900,979.25,979.25,974.1,976.2,152139
2021-09-09 13:15:00,1631173500,976.2,978.75,975.6,978,119063
2021-09-09 14:15:00,1631177100,978,983,978,982,167675
2021-09-09 15:15:00,1631180700,982.15,982.5,980.7,982.15,115210
2021-09-13 09:15:00,1631504700,981.5,985.75,976.05,984.9,197590
2021-09-13 10:15:00,1631508300,984.9,986,983.55,985.25,109776
2021-09-13 11:15:00,1631511900,985,985.3,982.85,983.7,45360
2021-09-13 12:15:00,1631515500,983.7,984.95,983.5,984.35,27406
2021-09-13 13:15:00,1631519100,984.6,985,983.3,984.7,55437
2021-09-13 14:15:00,1631522700,984.7,986.9,983.25,984.45,137624
2021-09-13 15:15:00,1631526300,984.4,984.5,983.35,984.35,119106
2021-09-14 09:15:00,1631591100,984.5,990.1,984.15,985,146996
2021-09-14 10:15:00,1631594700,985,985,980,982.35,122912
2021-09-14 11:15:00,1631598300,982.35,983.35,981,982,82203
2021-09-14 12:15:00,1631601900,982,982,979.05,980.4,64034
2021-09-14 13:15:00,1631605500,980.4,982,979.6,981,67443
2021-09-14 14:15:00,1631609100,981,984.5,980.4,982.5,111827
2021-09-14 15:15:00,1631612700,982.7,982.8,980.5,981.45,63287
2021-09-15 09:15:00,1631677500,987.55,987.55,983,983.3,90820
2021-09-15 10:15:00,1631681100,984,988.6,983.65,987.85,83661
2021-09-15 11:15:00,1631684700,987.85,991,984.5,988.1,173902
2021-09-15 12:15:00,1631688300,988,988.6,984.5,985.5,138892
2021-09-15 13:15:00,1631691900,985.5,989.2,983.6,988.6,206468
2021-09-15 14:15:00,1631695500,988.6,995,986.15,990.1,422528
2021-09-15 15:15:00,1631699100,990.1,991.3,986.95,987.2,72016
2021-09-16 09:15:00,1631763900,980,985,973.6,976.15,1006486
2021-09-16 10:15:00,1631767500,976.6,980.05,975,978.1,223228
2021-09-16 11:15:00,1631771100,978.2,982,977.35,981.3,138263
2021-09-16 12:15:00,1631774700,981.3,985,980.05,980.1,245139
2021-09-16 13:15:00,1631778300,980.1,984.5,979.75,982,195601
2021-09-16 14:15:00,1631781900,982,982.1,970.3,971.45,580540
2021-09-16 15:15:00,1631785500,970.4,972,957.45,960,541849
2021-09-17 09:15:00,1631850300,968,968,943.85,953.7,740483
2021-09-17 10:15:00,1631853900,954.05,960.05,953.15,956,250368
2021-09-17 11:15:00,1631857500,955.65,955.65,945.2,947.65,415011
2021-09-17 12:15:00,1631861100,947.65,952,945.25,950.95,211233
2021-09-17 13:15:00,1631864700,950.85,953,946.9,949.05,149980
2021-09-17 14:15:00,1631868300,949.5,952.45,945.1,952.2,475702
2021-09-17 15:15:00,1631871900,952.4,953,947,949,233119
2021-09-20 09:15:00,1632109500,921,940.05,912,938.05,1337019
2021-09-20 10:15:00,1632113100,938.4,941.9,934.7,940.05,455127
2021-09-20 11:15:00,1632116700,940.05,941.4,934.8,937,462020
2021-09-20 12:15:00,1632120300,936.85,939.45,936.5,938.05,234019
2021-09-20 13:15:00,1632123900,938.05,939.8,936.5,938.55,206255
2021-09-20 14:15:00,1632127500,938.5,940.05,931.05,934.1,487209
2021-09-20 15:15:00,1632131100,934.05,935.4,930,931,285199
2021-09-21 09:15:00,1632195900,930,936.95,917.75,918.2,510024
2021-09-21 10:15:00,1632199500,918.2,924.2,914.3,918.5,298657
2021-09-21 11:15:00,1632203100,918.55,924,918,920,157157
2021-09-21 12:15:00,1632206700,920,925.3,919.9,923.05,210213
2021-09-21 13:15:00,1632210300,924,930,923.1,928.6,240145
2021-09-21 14:15:00,1632213900,928.55,931.7,927.85,930.1,218479
2021-09-21 15:15:00,1632217500,930.1,931.95,930,930,70838
2021-09-22 09:15:00,1632282300,930.1,937.8,929.7,931.35,212519
2021-09-22 10:15:00,1632285900,931,935.5,931,935.5,130398
2021-09-22 11:15:00,1632289500,935.5,942.8,933.6,940.5,277013
2021-09-22 12:15:00,1632293100,940.4,940.7,936.5,938.65,164726
2021-09-22 13:15:00,1632296700,938.65,940.6,936.45,939.6,138659
2021-09-22 14:15:00,1632300300,939.6,944,938.25,940.1,506212
2021-09-22 15:15:00,1632303900,940,941.15,939.7,941,146034
2021-09-23 09:15:00,1632368700,948,948,936.5,937,208834
2021-09-23 10:15:00,1632372300,936.95,939.8,930,930.9,214255
2021-09-23 11:15:00,1632375900,930.85,938,930.75,934.85,180421
2021-09-23 12:15:00,1632379500,934.6,941.9,933.6,941,179972
2021-09-23 13:15:00,1632383100,941,943.5,938,942,97683
2021-09-23 14:15:00,1632386700,941.75,943.2,939.4,940.85,119574
2021-09-23 15:15:00,1632390300,941,941.4,938.2,938.3,51977
2021-09-24 09:15:00,1632455100,943,947,936.8,936.9,155062
2021-09-24 10:15:00,1632458700,936.9,939.2,934,934.7,96807
2021-09-24 11:15:00,1632462300,934.6,935,930.6,931.75,164644
2021-09-24 12:15:00,1632465900,931.65,931.75,925.1,925.3,251961
2021-09-24 13:15:00,1632469500,925.3,927,922.8,925.6,121922
2021-09-24 14:15:00,1632473100,925.6,928.75,925.2,926.05,200521
2021-09-24 15:15:00,1632476700,926.05,927.25,925,926.35,92826
2021-09-27 09:15:00,1632714300,927.65,931.55,916.55,917.5,349325
2021-09-27 10:15:00,1632717900,917.55,920.8,915.05,920.1,219283
2021-09-27 11:15:00,1632721500,920.45,926,920.05,924.25,239541
2021-09-27 12:15:00,1632725100,924.25,931,923.6,929,183678
2021-09-27 13:15:00,1632728700,929,930.8,927.4,929.9,91047
2021-09-27 14:15:00,1632732300,929.9,940.8,929,936.95,435110
2021-09-27 15:15:00,1632735900,936.95,937.9,933.6,934,176704
2021-09-28 09:15:00,1632800700,940,940.5,931.4,935.1,319857
2021-09-28 10:15:00,1632804300,935.1,938,930.25,931.95,230247
2021-09-28 11:15:00,1632807900,931.95,936,931.95,933.4,177774
2021-09-28 12:15:00,1632811500,933.4,934.4,928,933.2,258869
2021-09-28 13:15:00,1632815100,933.3,953.65,932.65,947,551095
2021-09-28 14:15:00,1632818700,947.25,952,942.5,948.3,442782
2021-09-28 15:15:00,1632822300,948.5,952.6,947,952.6,254121
2021-09-29 09:15:00,1632887100,955,964.05,946.65,953.3,1685467
2021-09-29 10:15:00,1632890700,953.35,953.35,948,951.4,226340
2021-09-29 11:15:00,1632894300,951.4,958,949.1,955.3,321444
2021-09-29 12:15:00,1632897900,955.3,960,954.9,957.85,431453
2021-09-29 13:15:00,1632901500,957.4,958,951.5,952.8,192513
2021-09-29 14:15:00,1632905100,952.8,953.9,948.4,948.45,290020
2021-09-29 15:15:00,1632908700,948.45,948.45,945,946.05,228534
2021-09-30 09:15:00,1632973500,950.9,953.3,946.2,950.9,253401
2021-09-30 10:15:00,1632977100,950.55,960.9,950,957.45,347417
2021-09-30 11:15:00,1632980700,957.45,959,955.3,957.5,129143
2021-09-30 12:15:00,1632984300,957.6,959.8,953.15,953.8,155582
2021-09-30 13:15:00,1632987900,953.8,955,951.55,952.5,85314
2021-09-30 14:15:00,1632991500,952.5,955.35,947.65,951.8,262895
2021-09-30 15:15:00,1632995100,951.8,951.85,947.65,948.9,159304
2021-10-01 09:15:00,1633059900,946,958,943,951.55,221574
2021-10-01 10:15:00,1633063500,951.55,954.95,948.2,953.6,86259
2021-10-01 11:15:00,1633067100,953.6,955.7,950,955.4,116059
2021-10-01 12:15:00,1633070700,955.4,961.65,952.5,961.4,146279
2021-10-01 13:15:00,1633074300,960.95,967.7,957.05,965.3,360658
2021-10-01 14:15:00,1633077900,966,966.65,962.3,965.45,184606
2021-10-01 15:15:00,1633081500,965.2,968,964.8,966.95,148808
2021-10-04 09:15:00,1633319100,969.9,978.8,968.3,972,456910
2021-10-04 10:15:00,1633322700,971.65,974.8,970,970.6,133030
2021-10-04 11:15:00,1633326300,971.05,972.9,963.1,965.45,172631
2021-10-04 12:15:00,1633329900,965.9,966,958.65,959.65,409552
2021-10-04 13:15:00,1633333500,960,966.85,959.55,964.7,198982
2021-10-04 14:15:00,1633337100,964.5,965,960.35,962.1,100197
2021-10-04 15:15:00,1633340700,962.35,963,960,961.8,122785
2021-10-05 09:15:00,1633405500,963.9,967,955,959.75,173161
2021-10-05 10:15:00,1633409100,959.4,960,955.35,957.4,73324
2021-10-05 11:15:00,1633412700,957.5,965.25,957.2,964.5,152977
2021-10-05 12:15:00,1633416300,965,965.25,958.05,958.95,143408
2021-10-05 13:15:00,1633419900,958.95,964.9,958.5,960.5,69332
2021-10-05 14:15:00,1633423500,960.5,964.95,959.6,964,73715
2021-10-05 15:15:00,1633427100,963.6,964.75,963,963.7,35370
2021-10-06 09:15:00,1633491900,965.5,967.05,958.3,958.55,141422
2021-10-06 10:15:00,1633495500,959,959.8,953.3,956.2,103926
2021-10-06 11:15:00,1633499100,956.2,958,954,957,107034
2021-10-06 12:15:00,1633502700,957,957.45,950.6,951.4,134700
2021-10-06 13:15:00,1633506300,951.4,953.55,948.4,952.4,168188
2021-10-06 14:15:00,1633509900,952.4,952.5,941.2,946.95,261296
2021-10-06 15:15:00,1633513500,946.95,949.8,945.3,949.8,194628
2021-10-07 09:15:00,1633578300,960,961.95,951,954.55,203335
2021-10-07 10:15:00,1633581900,954.55,956.75,953.1,955.35,40785
2021-10-07 11:15:00,1633585500,955.35,958,954.5,957,59385
2021-10-07 12:15:00,1633589100,957,959.8,957,959,53967
2021-10-07 13:15:00,1633592700,959.2,960,956.5,956.9,114758
2021-10-07 14:15:00,1633596300,956.5,961.45,955.1,956.8,129966
2021-10-07 15:15:00,1633599900,956.65,957.65,954.15,954.15,86927
2021-10-08 09:15:00,1633664700,960,965.75,954.4,963.5,186408
2021-10-08 10:15:00,1633668300,963.5,965.05,957,957,161428
2021-10-08 11:15:00,1633671900,957,957.15,950,955.95,126980
2021-10-08 12:15:00,1633675500,955.7,955.75,947.05,948.2,111254
2021-10-08 13:15:00,1633679100,948.05,951.5,947.5,949.2,70871
2021-10-08 14:15:00,1633682700,949.2,949.9,945.55,947.5,153132
2021-10-08 15:15:00,1633686300,947.5,948,946,947,91469
2021-10-11 09:15:00,1633923900,952,953.5,945.3,952.6,145762
2021-10-11 10:15:00,1633927500,952.9,956,950.3,955.35,58093
2021-10-11 11:15:00,1633931100,955.35,958,954.65,957.35,76273
2021-10-11 12:15:00,1633934700,957.6,957.65,954.5,955,68016
2021-10-11 13:15:00,1633938300,955.2,956.05,951.5,951.8,69346
2021-10-11 14:15:00,1633941900,951.8,956.9,951.8,955.2,76966
2021-10-11 15:15:00,1633945500,955.2,962,955.1,961,130089
2021-10-12 09:15:00,1634010300,961,976,960,970.5,472396
2021-10-12 10:15:00,1634013900,970.95,971,958.2,961.85,177984
2021-10-12 11:15:00,1634017500,961.85,968,959.3,967.6,125513
2021-10-12 12:15:00,1634021100,967.6,968.15,962.3,962.6,92913
2021-10-12 13:15:00,1634024700,962.6,969.5,960.2,966.5,87038
2021-10-12 14:15:00,1634028300,966.5,967,961.8,966.25,89881
2021-10-12 15:15:00,1634031900,966.25,967.55,965.15,967,56175
2021-10-13 09:15:00,1634096700,967.1,973.3,966.1,968.4,148643
2021-10-13 10:15:00,1634100300,968.5,971.65,964.95,970.85,99635
2021-10-13 11:15:00,1634103900,970.85,976.2,969,975,203867
2021-10-13 12:15:00,1634107500,975.2,979.9,967,974.65,391335
2021-10-13 13:15:00,1634111100,974.65,975,967.75,968.7,108942
2021-10-13 14:15:00,1634114700,968.7,971.25,959.65,963,214964
2021-10-13 15:15:00,1634118300,963,963.95,961.55,962,85005
2021-10-14 09:15:00,1634183100,963.3,968.15,960.1,963.1,173808
2021-10-14 10:15:00,1634186700,963.4,963.5,955.55,959.05,126231
2021-10-14 11:15:00,1634190300,959.05,959.7,955,959.15,86062
2021-10-14 12:15:00,1634193900,958.8,961.3,954,954.45,86740
2021-10-14 13:15:00,1634197500,954.45,956.25,950,950.75,171694
2021-10-14 14:15:00,1634201100,950.6,950.95,946,946.75,186419
2021-10-14 15:15:00,1634204700,946.65,947.4,945,945.95,103417
2021-10-18 09:15:00,1634528700,939,943.7,928.3,939.6,553014
2021-10-18 10:15:00,1634532300,939.6,942.75,935.2,935.9,191210
2021-10-18 11:15:00,1634535900,936,940.4,935.2,936.9,181354
2021-10-18 12:15:00,1634539500,936.9,946,936.5,945.5,206086
2021-10-18 13:15:00,1634543100,945.5,946.45,940,941.45,116176
2021-10-18 14:15:00,1634546700,941.45,941.7,936,936.1,146768
2021-10-18 15:15:00,1634550300,936,938.5,934.9,938.5,91165
2021-10-19 09:15:00,1634615100,941.8,945.5,933.3,939.45,632541
2021-10-19 10:15:00,1634618700,939.45,941.9,938.25,940,117017
2021-10-19 11:15:00,1634622300,940,941.9,939,939.45,176721
2021-10-19 12:15:00,1634625900,939.45,941.15,938,939.65,136131
2021-10-19 13:15:00,1634629500,939.5,940.5,937,940.3,212008
2021-10-19 14:15:00,1634633100,940,941,936.3,939,298569
2021-10-19 15:15:00,1634636700,939,939.85,935,935.8,126499
2021-10-20 09:15:00,1634701500,938.4,939.2,923.6,932,396780
2021-10-20 10:15:00,1634705100,932,932.45,926.7,928.15,116896
2021-10-20 11:15:00,1634708700,928.6,934.9,918.4,921.3,295463
2021-10-20 12:15:00,1634712300,921.3,926.2,919.8,924.7,113035
2021-10-20 13:15:00,1634715900,925,927.75,923.6,926.1,85448
2021-10-20 14:15:00,1634719500,926.75,932.8,922.95,929.3,211241
2021-10-20 15:15:00,1634723100,929.45,930.5,926,930.5,85687
2021-10-21 09:15:00,1634787900,937.9,937.9,928.6,931.4,144317
2021-10-21 10:15:00,1634791500,931.35,931.5,916.65,918.5,165957
2021-10-21 11:15:00,1634795100,918.5,921.65,915,916.45,106431
2021-10-21 12:15:00,1634798700,916.45,917.5,908.55,912.05,220777
2021-10-21 13:15:00,1634802300,912.05,913.3,908.05,912.05,312206
2021-10-21 14:15:00,1634805900,912.1,925,911.5,924,282508
2021-10-21 15:15:00,1634809500,924.3,925.9,922.5,924,101405
2021-10-22 09:15:00,1634874300,924.3,939.85,921.35,936.6,296714
2021-10-22 10:15:00,1634877900,936.6,939,931.7,932.8,201975
2021-10-22 11:15:00,1634881500,932.8,934.45,921.35,921.35,337084
2021-10-22 12:15:00,1634885100,921.35,926.85,916,917.4,147182
2021-10-22 13:15:00,1634888700,917.35,924.6,914,922.95,140995
2021-10-22 14:15:00,1634892300,923,924.6,916,919.8,222496
2021-10-22 15:15:00,1634895900,919.8,920.45,915.7,919,142892
2021-10-25 09:15:00,1635133500,920.55,925.6,900.05,909.65,424640
2021-10-25 10:15:00,1635137100,909.65,922.95,909.45,922,94386
2021-10-25 11:15:00,1635140700,921.85,923.4,917.55,919.5,345125
2021-10-25 12:15:00,1635144300,919.5,920,918,919.5,220794
2021-10-25 13:15:00,1635147900,919.5,930.8,919,922.9,461767
2021-10-25 14:15:00,1635151500,923.25,929,922.5,927,209091
2021-10-25 15:15:00,1635155100,927,934,926.85,933,129910
2021-10-26 09:15:00,1635219900,930.1,939.85,929.6,937.95,279032
2021-10-26 10:15:00,1635223500,937.95,939,929.6,932.65,103139
2021-10-26 11:15:00,1635227100,932.95,935,925.05,930.3,107917
2021-10-26 12:15:00,1635230700,930.05,932.4,928.15,929.35,103492
2021-10-26 13:15:00,1635234300,929.35,933.75,927.35,929.35,172819
2021-10-26 14:15:00,1635237900,929.35,930.45,924,930.35,179204
2021-10-26 15:15:00,1635241500,930.3,932.15,927.8,928.4,106462
2021-10-27 09:15:00,1635306300,934.7,945.35,930.6,939,309937
2021-10-27 10:15:00,1635309900,939,942,937.15,937.2,114439
2021-10-27 11:15:00,1635313500,937.2,940.1,933,939.65,139419
2021-10-27 12:15:00,1635317100,939.65,943,938.8,939.85,68055
2021-10-27 13:15:00,1635320700,939.85,942.3,938.95,941,45238
2021-10-27 14:15:00,1635324300,941,941.65,935.25,936.55,97891
2021-10-27 15:15:00,1635327900,936.65,938.5,932.7,934.9,57979
2021-10-28 09:15:00,1635392700,902.55,929.95,902.55,917.95,907103
2021-10-28 10:15:00,1635396300,917.95,926,916,925.35,280971
2021-10-28 11:15:00,1635399900,925.6,926.5,916,916.2,268470
2021-10-28 12:15:00,1635403500,916.2,916.75,906.55,906.65,354776
2021-10-28 13:15:00,1635407100,906.8,908.35,884.9,884.9,668930
2021-10-28 14:15:00,1635410700,884.85,889.25,880,881,721869
2021-10-28 15:15:00,1635414300,880.6,881.5,878,879,277842
2021-10-29 09:15:00,1635479100,896,947.95,881.25,930.4,3079112
2021-10-29 10:15:00,1635482700,930.4,946,926.15,939.8,768486
2021-10-29 11:15:00,1635486300,940.2,947,936.95,944.95,655788
2021-10-29 12:15:00,1635489900,944.95,946.55,936.3,943.9,466064
2021-10-29 13:15:00,1635493500,943.55,955,935.85,939.05,1072874
2021-10-29 14:15:00,1635497100,938.7,942,919.45,921.05,823011
2021-10-29 15:15:00,1635500700,921.45,927,920.25,927,244625
2021-11-01 09:15:00,1635738300,926,937,920.6,928.4,283027
2021-11-01 10:15:00,1635741900,928.4,941,927.25,939.65,224759
2021-11-01 11:15:00,1635745500,939.2,943.5,936.05,941.55,119234
2021-11-01 12:15:00,1635749100,941.55,946.65,940,943.75,120543
2021-11-01 13:15:00,1635752700,943.75,945,941.25,943.75,63043
2021-11-01 14:15:00,1635756300,943.7,947,941.35,944.45,113683
2021-11-01 15:15:00,1635759900,944.45,947.85,942.55,945.95,89695
2021-11-02 09:15:00,1635824700,947.65,949,938.6,939.9,181050
2021-11-02 10:15:00,1635828300,939.9,945.75,939.3,943.7,60580
2021-11-02 11:15:00,1635831900,943.7,944,936.15,936.4,56905
2021-11-02 12:15:00,1635835500,936.65,938.7,928.7,930.9,91330
2021-11-02 13:15:00,1635839100,930.9,937.9,930.15,933.8,83825
2021-11-02 14:15:00,1635842700,933.8,935.75,929,930.4,115153
2021-11-02 15:15:00,1635846300,930.4,931.95,930.05,930.95,85850
2021-11-03 09:15:00,1635911100,935.8,939.6,928,936.15,99825
2021-11-03 10:15:00,1635914700,936.15,936.9,933.55,934.85,28453
2021-11-03 11:15:00,1635918300,934.85,935,930.4,934.95,57621
2021-11-03 12:15:00,1635921900,934.95,936,930,930.65,116701
2021-11-03 13:15:00,1635925500,930.65,935.25,929.4,934.2,219204
2021-11-03 14:15:00,1635929100,934.2,938,922.6,936.75,225402
2021-11-03 15:15:00,1635932700,936.75,937.5,931.85,932.5,133335
2021-11-04 18:15:00,1636029900,940,941,932,934,62764
2021-11-08 09:15:00,1636343100,935,935.95,912,918,205029
2021-11-08 10:15:00,1636346700,918,924.7,916.15,922.5,92816
2021-11-08 11:15:00,1636350300,922.5,925.75,921.2,925,52784
2021-11-08 12:15:00,1636353900,925,926,920.3,925.25,61332
2021-11-08 13:15:00,1636357500,925.4,932.2,924.3,928.15,78069
2021-11-08 14:15:00,1636361100,928.15,931,928.15,929.85,61619
2021-11-08 15:15:00,1636364700,930,930,928,930,48543
2021-11-09 09:15:00,1636429500,932.7,942.55,931.2,935,150704
2021-11-09 10:15:00,1636433100,935,935,926.5,930,100116
2021-11-09 11:15:00,1636436700,930,936.25,930,936.25,105383
2021-11-09 12:15:00,1636440300,936.25,936.7,931.55,935.4,120771
2021-11-09 13:15:00,1636443900,935.4,940,934,939.5,85439
2021-11-09 14:15:00,1636447500,939.5,939.75,935.15,937.65,69438
2021-11-09 15:15:00,1636451100,937.65,938.8,936.1,938,40776
2021-11-10 09:15:00,1636515900,937.9,949.6,934.95,942.9,384165
2021-11-10 10:15:00,1636519500,942.95,947,940.5,942.5,76610
2021-11-10 11:15:00,1636523100,942.5,943,935.45,937,77754
2021-11-10 12:15:00,1636526700,937,941.4,937,941.05,59434
2021-11-10 13:15:00,1636530300,941.05,943.75,940.8,942.75,112677
2021-11-10 14:15:00,1636533900,942.75,944.75,940.2,940.65,94675
2021-11-10 15:15:00,1636537500,940.65,943.05,940.25,943.05,58104
2021-11-11 09:15:00,1636602300,942.05,943.9,930.8,932.8,89801
2021-11-11 10:15:00,1636605900,932.8,933.45,927,928.65,52811
2021-11-11 11:15:00,1636609500,928.7,933.15,927.25,931.3,38120
2021-11-11 12:15:00,1636613100,931.3,937,931,936.55,43049
2021-11-11 13:15:00,1636616700,936.55,936.55,933.6,934,31957
2021-11-11 14:15:00,1636620300,934.45,938.05,933.6,936.75,93473
2021-11-11 15:15:00,1636623900,936.6,938.9,933.5,935,86529
2021-11-12 09:15:00,1636688700,941,943.55,929.85,941.25,194172
2021-11-12 10:15:00,1636692300,941.25,943,939.65,940,59849
2021-11-12 11:15:00,1636695900,940,943.75,939.55,942.2,55946
2021-11-12 12:15:00,1636699500,942.2,943.5,941.1,942.2,48433
2021-11-12 13:15:00,1636703100,942.25,946,942.25,945.5,80111
2021-11-12 14:15:00,1636706700,945.5,948.6,945,948,187049
2021-11-12 15:15:00,1636710300,948.05,950,946.55,949,103727
2021-11-15 09:15:00,1636947900,943.15,957.75,943.15,954.75,232644
2021-11-15 10:15:00,1636951500,955,959.9,954.8,956,157866
2021-11-15 11:15:00,1636955100,956,956.95,946,950.35,104154
2021-11-15 12:15:00,1636958700,950.8,954.65,946.5,947.65,87165
2021-11-15 13:15:00,1636962300,947.65,950,945,948.4,74011
2021-11-15 14:15:00,1636965900,948.4,951,943.5,943.5,225749
2021-11-15 15:15:00,1636969500,943.7,945.4,943,944.9,126884
2021-11-16 09:15:00,1637034300,950.7,950.7,933.3,936.55,243098
2021-11-16 10:15:00,1637037900,936.55,938.95,928.8,931.75,153104
2021-11-16 11:15:00,1637041500,932,936.65,931.75,935.9,77496
2021-11-16 12:15:00,1637045100,935.9,936.6,933.9,935.2,57366
2021-11-16 13:15:00,1637048700,935.2,935.75,932.05,933,41935
2021-11-16 14:15:00,1637052300,932.8,934.45,930.15,932.5,114978
2021-11-16 15:15:00,1637055900,932.5,932.8,928.8,930.3,97215
2021-11-17 09:15:00,1637120700,931.5,931.5,913,919.65,307300
2021-11-17 10:15:00,1637124300,919.2,920.75,914,917.55,105332
2021-11-17 11:15:00,1637127900,917.55,918.25,910.1,912.9,110768
2021-11-17 12:15:00,1637131500,912.9,916.25,912.1,913.9,119360
2021-11-17 13:15:00,1637135100,913.9,915.6,912.5,914,56581
2021-11-17 14:15:00,1637138700,914,915.25,910.1,910.1,122885
2021-11-17 15:15:00,1637142300,910.1,910.6,908.25,908.95,86658
2021-11-18 09:15:00,1637207100,907,907,894.85,895.25,361277
2021-11-18 10:15:00,1637210700,895.25,896.35,891,893.15,136280
2021-11-18 11:15:00,1637214300,893.15,900.5,892,899,113731
2021-11-18 12:15:00,1637217900,899.25,902,898.7,900.65,141542
2021-11-18 13:15:00,1637221500,900.65,904,899.55,903.35,76617
2021-11-18 14:15:00,1637225100,903.35,903.5,899.15,900.1,142639
2021-11-18 15:15:00,1637228700,900.15,900.15,895,898,78896
2021-11-22 09:15:00,1637552700,902.45,902.45,883.2,883.5,222516
2021-11-22 10:15:00,1637556300,883.5,885.15,878.05,881.05,127966
2021-11-22 11:15:00,1637559900,881.1,881.1,873.8,877.75,183781
2021-11-22 12:15:00,1637563500,877.25,879.35,872.05,875.35,147834
2021-11-22 13:15:00,1637567100,875.35,877.45,874.5,875,89399
2021-11-22 14:15:00,1637570700,875.05,876.5,870.2,870.25,222378
2021-11-22 15:15:00,1637574300,871.15,876.5,868.45,871.7,157925
2021-11-23 09:15:00,1637639100,869,877.2,863.15,872.2,259482
2021-11-23 10:15:00,1637642700,872.2,881.55,872,879.2,108405
2021-11-23 11:15:00,1637646300,879.2,885.45,878.15,882,89431
2021-11-23 12:15:00,1637649900,881.7,885.7,880.95,885.1,81697
2021-11-23 13:15:00,1637653500,885.5,886,882.55,884.95,85964
2021-11-23 14:15:00,1637657100,884.9,887.95,882,882.6,113334
2021-11-23 15:15:00,1637660700,882.85,888.6,881,888,65367
2021-11-24 09:15:00,1637725500,889.8,895.5,885.25,889.5,247830
2021-11-24 10:15:00,1637729100,889.5,897.5,889.4,895.85,184849
2021-11-24 11:15:00,1637732700,895.85,901,895.1,897.65,88954
2021-11-24 12:15:00,1637736300,897.65,899.25,897,897.4,31764
2021-11-24 13:15:00,1637739900,897.45,899.95,895.35,895.4,39527
2021-11-24 14:15:00,1637743500,895.85,896.15,893,893,173597
2021-11-24 15:15:00,1637747100,893.1,896,892,894,72972
2021-11-25 09:15:00,1637811900,896.8,901.75,887.2,890.15,168708
2021-11-25 10:15:00,1637815500,890.15,897.9,888.25,895.4,99185
2021-11-25 11:15:00,1637819100,895.4,900,895.35,899.15,62491
2021-11-25 12:15:00,1637822700,899.15,899.15,893.8,895.75,59985
2021-11-25 13:15:00,1637826300,895.75,898.95,894.5,898,70811
2021-11-25 14:15:00,1637829900,898.6,902,896.4,896.45,120015
2021-11-25 15:15:00,1637833500,896.8,902,896.05,900,114770
2021-11-26 09:15:00,1637898300,894,923.9,891.65,918.2,778495
2021-11-26 10:15:00,1637901900,918.2,918.4,902.3,909.5,359879
2021-11-26 11:15:00,1637905500,910,919.7,908.75,918.25,271728
2021-11-26 12:15:00,1637909100,918.5,931,918.2,924.4,427704
2021-11-26 13:15:00,1637912700,924.4,925,915.3,921,184298
2021-11-26 14:15:00,1637916300,921,923.45,912.2,914,147673
2021-11-26 15:15:00,1637919900,913.55,917.3,913.55,916,64441
2021-11-29 09:15:00,1638157500,930.1,930.55,907,910.2,599532
2021-11-29 10:15:00,1638161100,910.2,915.65,904.3,914.1,223810
2021-11-29 11:15:00,1638164700,914,914.05,905.4,910.2,142512
2021-11-29 12:15:00,1638168300,910.2,911.05,901.5,905,109802
2021-11-29 13:15:00,1638171900,905,905.5,900.35,901.05,63823
2021-11-29 14:15:00,1638175500,901.05,902.15,891.5,894.6,200674
2021-11-29 15:15:00,1638179100,894.55,894.95,886,890,126406
2021-11-30 09:15:00,1638243900,893.9,893.9,883,890.55,328316
2021-11-30 10:15:00,1638247500,890.55,898.75,888.2,894.55,317867
2021-11-30 11:15:00,1638251100,894,898.25,888.25,893.7,286216
2021-11-30 12:15:00,1638254700,893.7,898.6,891.55,893.2,128295
2021-11-30 13:15:00,1638258300,893.2,897.3,892.3,895.8,85173
2021-11-30 14:15:00,1638261900,895.8,898,884.2,884.2,387734
2021-11-30 15:15:00,1638265500,883.9,883.95,877.15,883,350920
2021-12-01 09:15:00,1638330300,889.9,895,878,880.6,320156
2021-12-01 10:15:00,1638333900,880.05,881.05,871.25,875,188187
2021-12-01 11:15:00,1638337500,875.4,881.8,874,880,105269
2021-12-01 12:15:00,1638341100,880,880.2,874.1,874.6,84757
2021-12-01 13:15:00,1638344700,874.6,875.75,872,872.55,57537
2021-12-01 14:15:00,1638348300,872.95,873.5,864.05,871.5,241858
2021-12-01 15:15:00,1638351900,872,875,870.75,874,73467
2021-12-02 09:15:00,1638416700,878,883.6,871.4,878,157701
2021-12-02 10:15:00,1638420300,877.65,879.5,874.75,879,143555
2021-12-02 11:15:00,1638423900,879,880.7,872.3,872.85,157079
2021-12-02 12:15:00,1638427500,872.85,873.55,867.7,870.1,150498
2021-12-02 13:15:00,1638431100,870.4,875,868.45,875,208221
2021-12-02 14:15:00,1638434700,874.5,877.5,872,875.65,130551
2021-12-02 15:15:00,1638438300,876,876.45,874.4,875,67129
2021-12-03 09:15:00,1638503100,877.8,882,872.4,873.15,195073
2021-12-03 10:15:00,1638506700,873.45,875.5,872.5,873.9,95204
2021-12-03 11:15:00,1638510300,873.95,879.35,873.15,877.7,160487
2021-12-03 12:15:00,1638513900,877.7,879.8,875.4,879.6,56337
2021-12-03 13:15:00,1638517500,879.6,884,877,878.95,155207
2021-12-03 14:15:00,1638521100,878.95,878.95,871.05,872.4,103136
2021-12-03 15:15:00,1638524700,872.45,876,872,874.6,69954
2021-12-06 09:15:00,1638762300,879.95,882.85,869,871.15,266071
2021-12-06 10:15:00,1638765900,871.15,875.2,869.5,873.1,93033
2021-12-06 11:15:00,1638769500,873.1,874.5,870.5,871.7,36221
2021-12-06 12:15:00,1638773100,871.7,872.5,867.05,871,53826
2021-12-06 13:15:00,1638776700,870.85,870.85,866,869,106591
2021-12-06 14:15:00,1638780300,869,869.5,856.1,857.3,150662
2021-12-06 15:15:00,1638783900,857.25,860,856.05,860,79306
2021-12-07 09:15:00,1638848700,863.8,865,853.5,864.4,226444
2021-12-07 10:15:00,1638852300,864.5,868.5,862.35,866.2,72347
2021-12-07 11:15:00,1638855900,866.2,868,863.1,867.4,42794
2021-12-07 12:15:00,1638859500,867.4,875.9,865,870.9,94738
2021-12-07 13:15:00,1638863100,870.95,872.45,869,869.8,247016
2021-12-07 14:15:00,1638866700,869.8,871,864.5,866.4,83545
2021-12-07 15:15:00,1638870300,866.35,867.75,865.55,867,49008
2021-12-08 09:15:00,1638935100,871.8,875.85,869.45,875,99948
2021-12-08 10:15:00,1638938700,875,881.8,875,878.6,64616
2021-12-08 11:15:00,1638942300,878.8,885,875.6,881.85,82044
2021-12-08 12:15:00,1638945900,881.85,885.3,878.05,883.3,487709
2021-12-08 13:15:00,1638949500,883.05,885,880.35,882.85,271821
2021-12-08 14:15:00,1638953100,883.25,889.8,881.35,889,681374
2021-12-08 15:15:00,1638956700,889,891.85,888.1,891.65,98620
2021-12-09 09:15:00,1639021500,897.45,897.45,886.85,887.8,221436
2021-12-09 10:15:00,1639025100,887.2,890,882.95,884.5,241612
2021-12-09 11:15:00,1639028700,884.2,887.9,883.9,887.9,31002
2021-12-09 12:15:00,1639032300,887.9,888.8,886.75,886.75,25459
2021-12-09 13:15:00,1639035900,886.75,891.95,886.4,888.6,108264
2021-12-09 14:15:00,1639039500,888.6,889.9,885.4,887.75,152724
2021-12-09 15:15:00,1639043100,888,889.3,887.15,889,114651
2021-12-10 09:15:00,1639107900,885,894.45,885,888.5,102813
2021-12-10 10:15:00,1639111500,888.5,890.55,883.15,885,115732
2021-12-10 11:15:00,1639115100,885,888.7,883.5,883.95,50848
2021-12-10 12:15:00,1639118700,884,888.85,883.1,884,140204
2021-12-10 13:15:00,1639122300,884,886.05,883.15,884.3,115711
2021-12-10 14:15:00,1639125900,883.85,885,880.6,884.3,85316
2021-12-10 15:15:00,1639129500,884.4,884.9,882,883.4,44572
2021-12-13 09:15:00,1639367100,895.5,896.35,885.55,890.6,592851
2021-12-13 10:15:00,1639370700,890.6,893,889.2,891.3,47917
2021-12-13 11:15:00,1639374300,891.3,891.5,887.1,889.2,293164
2021-12-13 12:15:00,1639377900,889.2,889.65,877.7,879.75,97280
2021-12-13 13:15:00,1639381500,879.4,882.5,878.25,880.75,82626
2021-12-13 14:15:00,1639385100,880.75,886.25,880,884.4,192944
2021-12-13 15:15:00,1639388700,884.45,885.5,881,881.85,63782
2021-12-14 09:15:00,1639453500,885.75,972.4,882.6,944.7,4225296
2021-12-14 10:15:00,1639457100,944.65,952.75,933,947.95,2569100
2021-12-14 11:15:00,1639460700,948,949.9,928,929.05,1039406
2021-12-14 12:15:00,1639464300,929.05,934.3,924.15,930.8,828553
2021-12-14 13:15:00,1639467900,931,936.25,927.75,930.15,447116
2021-12-14 14:15:00,1639471500,930.15,945,930.1,943.6,940080
2021-12-14 15:15:00,1639475100,943.7,947,941.25,946,383896
2021-12-15 09:15:00,1639539900,944.8,944.8,923,927.2,658025
2021-12-15 10:15:00,1639543500,927.2,927.7,924.2,926.5,129106
2021-12-15 11:15:00,1639547100,926.5,930.65,926,926.95,116663
2021-12-15 12:15:00,1639550700,926.95,927.1,915.55,920,282583
2021-12-15 13:15:00,1639554300,920,924.5,919,921.6,118812
2021-12-15 14:15:00,1639557900,921.6,925.9,916.8,918.85,219273
2021-12-15 15:15:00,1639561500,918.85,920.8,917,917.95,99167
2021-12-16 09:15:00,1639626300,924,924.9,908.7,915.25,232642
2021-12-16 10:15:00,1639629900,915.25,915.65,908.8,912.6,69392
2021-12-16 11:15:00,1639633500,912.6,913.2,901.3,902.9,103736
2021-12-16 12:15:00,1639637100,902.9,904,897.5,900,113699
2021-12-16 13:15:00,1639640700,900,902.85,899,900.9,56850
2021-12-16 14:15:00,1639644300,900.85,904.35,900.2,903,103252
2021-12-16 15:15:00,1639647900,902.65,904.75,902.65,904.25,122368
2021-12-17 09:15:00,1639712700,904.5,907.2,884.4,887.95,225732
2021-12-17 10:15:00,1639716300,887.8,895.15,886,890.3,164235
2021-12-17 11:15:00,1639719900,890.3,893.25,890,890.65,53123
2021-12-17 12:15:00,1639723500,890.65,894.95,889.5,892.6,70670
2021-12-17 13:15:00,1639727100,892.6,900.65,892.15,894.5,223968
2021-12-17 14:15:00,1639730700,894.5,894.5,873.1,874.8,418585
2021-12-17 15:15:00,1639734300,875.15,876.95,870.25,873,121978
2021-12-20 09:15:00,1639971900,872,878.4,856.35,867.15,271617
2021-12-20 10:15:00,1639975500,867,872.85,862.55,866.9,126291
2021-12-20 11:15:00,1639979100,866.9,867.55,858.05,859.4,99986
2021-12-20 12:15:00,1639982700,859.4,860.55,853.55,855.85,84248
2021-12-20 13:15:00,1639986300,855.85,867.2,855.6,865.4,95303
2021-12-20 14:15:00,1639989900,865.45,876.95,865.1,875.4,202737
2021-12-20 15:15:00,1639993500,875.4,876.5,873,874.25,73244
2021-12-21 09:15:00,1640058300,880,885.5,873.9,880.15,202092
2021-12-21 10:15:00,1640061900,880.15,883.95,880,881.5,56482
2021-12-21 11:15:00,1640065500,881.5,883.5,880.7,881.9,75835
2021-12-21 12:15:00,1640069100,881.9,882,878.8,880.25,42459
2021-12-21 13:15:00,1640072700,880.25,885.4,878.1,879.55,146711
2021-12-21 14:15:00,1640076300,879.55,879.75,873.6,877.8,90797
2021-12-21 15:15:00,1640079900,877.8,877.8,873.05,875,75052
2021-12-22 09:15:00,1640144700,877,885.9,875.55,881.4,128653
2021-12-22 10:15:00,1640148300,881.4,884.7,879.7,882.35,83137
2021-12-22 11:15:00,1640151900,882.35,890.5,881.75,885.3,430412
2021-12-22 12:15:00,1640155500,885.3,893.9,884.3,889.5,143662
2021-12-22 13:15:00,1640159100,889.5,895.25,888.25,894.25,122729
2021-12-22 14:15:00,1640162700,894.25,899.7,893.55,898.65,171555
2021-12-22 15:15:00,1640166300,898.65,908.2,897.4,904,194775
2021-12-23 09:15:00,1640231100,908,909.4,901.25,902.6,173007
2021-12-23 10:15:00,1640234700,902.15,910,898.75,907.2,149221
2021-12-23 11:15:00,1640238300,907.2,911.8,904.7,906,214844
2021-12-23 12:15:00,1640241900,906,910.05,905.65,909.6,101686
2021-12-23 13:15:00,1640245500,909.9,914.1,907.15,907.55,185709
2021-12-23 14:15:00,1640249100,907.55,913.5,907,912.65,137541
2021-12-23 15:15:00,1640252700,912.7,913.7,910.65,911.55,74992
2021-12-24 09:15:00,1640317500,913.95,925.7,903.45,909.65,615153
2021-12-24 10:15:00,1640321100,909.65,909.75,901.05,903.5,202669
2021-12-24 11:15:00,1640324700,903.75,904.8,899.2,902.5,117209
2021-12-24 12:15:00,1640328300,902.5,904.45,898.25,899.45,71508
2021-12-24 13:15:00,1640331900,899.45,901.6,897.1,901.4,79449
2021-12-24 14:15:00,1640335500,901.4,905.35,896.3,899,186973
2021-12-24 15:15:00,1640339100,899,899.65,895.6,897,79469
2021-12-27 09:15:00,1640576700,903.8,916,900,909.55,683730
2021-12-27 10:15:00,1640580300,909.55,913.2,907.95,910.65,165828
2021-12-27 11:15:00,1640583900,910.65,918,910,917.75,181292
2021-12-27 12:15:00,1640587500,917.75,918,914.2,916.7,140533
2021-12-27 13:15:00,1640591100,916.2,917,912,912,105787
2021-12-27 14:15:00,1640594700,912,916.9,910.55,916.55,178304
2021-12-27 15:15:00,1640598300,916.55,918,916,917.85,117396
2021-12-28 09:15:00,1640663100,918,924,915,919.5,144884
2021-12-28 10:15:00,1640666700,919.55,921.95,917,918.05,126322
2021-12-28 11:15:00,1640670300,918.45,921.35,917.75,919.8,58874
2021-12-28 12:15:00,1640673900,919.8,920.5,918.3,919.05,53973
2021-12-28 13:15:00,1640677500,919.2,919.8,917.2,919.8,54070
2021-12-28 14:15:00,1640681100,919.8,920.35,915.8,917.95,87168
2021-12-28 15:15:00,1640684700,917.95,917.95,913.75,915.95,68440
2021-12-29 09:15:00,1640749500,918,927.6,918,925.45,265783
2021-12-29 10:15:00,1640753100,925.75,931,923.85,929.3,363970
2021-12-29 11:15:00,1640756700,929.3,930.35,925.05,926.3,118187
2021-12-29 12:15:00,1640760300,926.8,929.8,926.1,928.4,70024
2021-12-29 13:15:00,1640763900,927.95,933,927.4,932.95,116457
2021-12-29 14:15:00,1640767500,933,934.9,929.35,930.1,169885
2021-12-29 15:15:00,1640771100,930.1,931.05,926.8,928,100677
2021-12-30 09:15:00,1640835900,925,934.25,925,933.8,176792
2021-12-30 10:15:00,1640839500,933.7,935.85,931.5,934.4,138636
2021-12-30 11:15:00,1640843100,934.4,936,930.2,936,108469
2021-12-30 12:15:00,1640846700,936,938.65,934.3,938.4,132537
2021-12-30 13:15:00,1640850300,938.4,941.25,937.5,938.65,170580
2021-12-30 14:15:00,1640853900,939.2,939.35,934.55,937.45,215674
2021-12-30 15:15:00,1640857500,937.55,940.55,936.8,940.15,109860
2021-12-31 09:15:00,1640922300,941,943.95,936.1,942.15,188371
2021-12-31 10:15:00,1640925900,942,947.15,940,947,200690
2021-12-31 11:15:00,1640929500,947,952.55,947,950.1,455612
2021-12-31 12:15:00,1640933100,950.1,956.8,948,956.2,208615
2021-12-31 13:15:00,1640936700,955.9,956.5,950.05,952.2,126824
2021-12-31 14:15:00,1640940300,952.2,954.45,950,950.05,147625
2021-12-31 15:15:00,1640943900,950,952.2,948.25,950,104629
2022-01-03 09:15:00,1641181500,951,957,944.2,949.95,159489
2022-01-03 10:15:00,1641185100,949.95,951.5,947,948.4,64128
2022-01-03 11:15:00,1641188700,948.4,950.75,946.2,948,204042
2022-01-03 12:15:00,1641192300,948,950,944,945.9,75418
2022-01-03 13:15:00,1641195900,945.4,946.45,943.5,945.15,71695
2022-01-03 14:15:00,1641199500,945.15,947.05,944.2,945.4,142311
2022-01-03 15:15:00,1641203100,945.2,946.2,942.1,944.2,54377
2022-01-04 09:15:00,1641267900,945.3,951.15,938,939.1,105901
2022-01-04 10:15:00,1641271500,939.55,942.7,937.5,938.4,31778
2022-01-04 11:15:00,1641275100,938.4,939.75,932.35,933.05,53153
2022-01-04 12:15:00,1641278700,933.05,935.7,932.4,932.95,32025
2022-01-04 13:15:00,1641282300,932.95,935.5,931.5,934.25,30062
2022-01-04 14:15:00,1641285900,934.4,934.65,930,932.75,90533
2022-01-04 15:15:00,1641289500,932.4,933.1,930.4,931,36347
2022-01-05 09:15:00,1641354300,934,939.6,924,932.45,165463
2022-01-05 10:15:00,1641357900,932.45,938.5,932,935,76108
2022-01-05 11:15:00,1641361500,935,935,929.2,930.6,33945
2022-01-05 12:15:00,1641365100,930.6,931.2,927.05,927.9,30625
2022-01-05 13:15:00,1641368700,927.9,929.4,925.2,927,46909
2022-01-05 14:15:00,1641372300,927,933.5,925.3,933.5,57212
2022-01-05 15:15:00,1641375900,933.45,933.85,931.1,932.35,42447
2022-01-06 09:15:00,1641440700,932,938.5,927.6,937.8,168517
2022-01-06 10:15:00,1641444300,937.8,941.05,934,935.65,110113
2022-01-06 11:15:00,1641447900,935.65,935.7,928.1,929,73598
2022-01-06 12:15:00,1641451500,929,929.15,926.45,927.4,56808
2022-01-06 13:15:00,1641455100,927.4,928.6,924.6,925,67407
2022-01-06 14:15:00,1641458700,925,926,921.25,922,109509
2022-01-06 15:15:00,1641462300,921.95,924,921.9,923.15,49841
2022-01-07 09:15:00,1641527100,930,931.15,918,920.3,210182
2022-01-07 10:15:00,1641530700,920.3,921.3,916.35,918,72024
2022-01-07 11:15:00,1641534300,917.95,919.05,916.85,918.9,64572
2022-01-07 12:15:00,1641537900,918.9,920.1,914,917.1,46037
2022-01-07 13:15:00,1641541500,917.1,918.45,915.7,916.7,31961
2022-01-07 14:15:00,1641545100,916.7,918.45,914,915,165583
2022-01-07 15:15:00,1641548700,915.35,918,915.05,916,74794
2022-01-10 09:15:00,1641786300,917,928,916.05,926.05,168291
2022-01-10 10:15:00,1641789900,926.05,926.9,924.05,926,79699
2022-01-10 11:15:00,1641793500,926.05,941,925.6,938.5,318243
2022-01-10 12:15:00,1641797100,938.25,941.75,938.25,939.4,100725
2022-01-10 13:15:00,1641800700,939.1,940,936.3,939,66785
2022-01-10 14:15:00,1641804300,939,940.6,935.75,937.85,135709
2022-01-10 15:15:00,1641807900,938.45,940.3,937.5,939,112047
2022-01-11 09:15:00,1641872700,941.9,948,934.55,946.75,350357
2022-01-11 10:15:00,1641876300,946.75,952,946,950.15,177602
2022-01-11 11:15:00,1641879900,950.15,951.9,948.15,949.45,103219
2022-01-11 12:15:00,1641883500,949.45,949.45,945.15,946.05,119450
2022-01-11 13:15:00,1641887100,946.05,946.6,941.65,942.55,111549
2022-01-11 14:15:00,1641890700,942.55,947.65,940.1,946.9,193557
2022-01-11 15:15:00,1641894300,946.85,947.4,942.1,944.95,104467
2022-01-12 09:15:00,1641959100,948.35,950.5,941.15,942.7,170793
2022-01-12 10:15:00,1641962700,942.7,944.55,940,940.75,84062
2022-01-12 11:15:00,1641966300,940.75,944,937.1,943.45,99618
2022-01-12 12:15:00,1641969900,943.45,948.85,941.8,947.6,128256
2022-01-12 13:15:00,1641973500,947.5,949.4,945.15,946.35,128268
2022-01-12 14:15:00,1641977100,946.35,954.45,945.3,953.95,197412
2022-01-12 15:15:00,1641980700,953.95,954,950.25,953.4,92461
2022-01-13 09:15:00,1642045500,954,967.6,952.6,962,636274
2022-01-13 10:15:00,1642049100,962.45,971.45,960.6,968.5,384973
2022-01-13 11:15:00,1642052700,968.5,971,967,967.15,189401
2022-01-13 12:15:00,1642056300,967,967.5,954.8,957.4,215719
2022-01-13 13:15:00,1642059900,957.4,962.9,957,959.9,108644
2022-01-13 14:15:00,1642063500,959.9,961.1,958.15,959.85,115357
2022-01-13 15:15:00,1642067100,959.95,960,956.85,957.3,116903
2022-01-14 09:15:00,1642131900,958.95,962.85,948.55,958.45,166994
2022-01-14 10:15:00,1642135500,958.45,958.9,953.2,957.6,55348
2022-01-14 11:15:00,1642139100,957.65,958,950,954.8,81656
2022-01-14 12:15:00,1642142700,954.8,955.05,952.3,955,43164
2022-01-14 13:15:00,1642146300,955,955.6,950.1,953.55,56693
2022-01-14 14:15:00,1642149900,953.55,955,951.5,952.6,74845
2022-01-14 15:15:00,1642153500,952.6,952.75,950,950.05,55182
2022-01-17 09:15:00,1642391100,951.8,953.7,936.55,938.5,176872
2022-01-17 10:15:00,1642394700,938.5,939.5,935.25,939,59047
2022-01-17 11:15:00,1642398300,939,946,937,942.35,93027
2022-01-17 12:15:00,1642401900,942.35,947.65,940,941.25,215401
2022-01-17 13:15:00,1642405500,941.15,941.15,938,940,27920
2022-01-17 14:15:00,1642409100,939.7,943.45,938.2,942.8,80575
2022-01-17 15:15:00,1642412700,942.75,943.5,940.45,942.1,56090
2022-01-18 09:15:00,1642477500,942,950,937,941.4,402600
2022-01-18 10:15:00,1642481100,940,951.05,937,946.35,287572
2022-01-18 11:15:00,1642484700,946.35,956,946.35,955,197539
2022-01-18 12:15:00,1642488300,954.75,962,954.75,958.3,229593
2022-01-18 13:15:00,1642491900,958.3,958.6,952.05,954,78469
2022-01-18 14:15:00,1642495500,954,954.9,937.9,942.45,228516
2022-01-18 15:15:00,1642499100,942.05,947.95,941.85,944.1,195398
2022-01-19 09:15:00,1642563900,945,948.5,933.1,947.7,252875
2022-01-19 10:15:00,1642567500,947.85,951.5,942.35,942.75,93378
2022-01-19 11:15:00,1642571100,942.75,947.85,941.4,945.5,61907
2022-01-19 12:15:00,1642574700,945.5,947,943.5,946.8,76603
2022-01-19 13:15:00,1642578300,946.8,969.35,945.95,964.5,446064
2022-01-19 14:15:00,1642581900,964.5,968.4,957,958,257314
2022-01-19 15:15:00,1642585500,958,960.25,957.45,959.75,81887
2022-01-20 09:15:00,1642650300,958.8,959.8,944.8,945.5,127201
2022-01-20 10:15:00,1642653900,945,946,937.35,939.95,118649
2022-01-20 11:15:00,1642657500,939.95,945.45,938,940,251451
2022-01-20 12:15:00,1642661100,940,942.4,935,935.35,78660
2022-01-20 13:15:00,1642664700,935.35,941.9,934.05,941.6,126126
2022-01-20 14:15:00,1642668300,941.3,941.7,935.8,940,195158
2022-01-20 15:15:00,1642671900,940.25,940.7,938.5,939,67396
2022-01-21 09:15:00,1642736700,937.45,937.95,920.55,929,215038
2022-01-21 10:15:00,1642740300,928.85,929.1,916.35,920.75,143949
2022-01-21 11:15:00,1642743900,920.8,922.2,912.8,914.15,107112
2022-01-21 12:15:00,1642747500,914.15,923,913.45,922.5,95828
2022-01-21 13:15:00,1642751100,922.5,922.5,905.5,905.95,160498
2022-01-21 14:15:00,1642754700,905.45,907.2,897.6,903,347007
2022-01-21 15:15:00,1642758300,902.85,908,901,908,128190
2022-01-24 09:15:00,1642995900,898.5,920.4,898.5,919,455450
2022-01-24 10:15:00,1642999500,919,928.4,916,927,304651
2022-01-24 11:15:00,1643003100,927,933.5,920.05,921.4,494052
2022-01-24 12:15:00,1643006700,921.5,930.4,916.1,928.95,343318
2022-01-24 13:15:00,1643010300,929.1,929.75,911.8,912.45,305142
2022-01-24 14:15:00,1643013900,912.45,924.5,912.15,923.35,307256
2022-01-24 15:15:00,1643017500,923.8,924.5,917.1,919,93038
2022-01-25 09:15:00,1643082300,911.55,930.6,911.55,924.65,281491
2022-01-25 10:15:00,1643085900,924.1,924.1,908,913,191583
2022-01-25 11:15:00,1643089500,913,924.1,911,920.95,199308
2022-01-25 12:15:00,1643093100,921,924.95,913.7,915.2,197488
2022-01-25 13:15:00,1643096700,915.65,919.65,910.2,912.05,166730
2022-01-25 14:15:00,1643100300,912.05,919.65,910,915,362575
2022-01-25 15:15:00,1643103900,914.55,916.85,911.6,915.65,80727
2022-01-27 09:15:00,1643255100,913.55,913.55,884.5,889.1,454736
2022-01-27 10:15:00,1643258700,889.1,890.45,885.3,888.25,176862
2022-01-27 11:15:00,1643262300,888.25,891.2,884,884.8,196482
2022-01-27 12:15:00,1643265900,884.8,886.15,881.95,885.4,169277
2022-01-27 13:15:00,1643269500,885.4,888.95,883.9,888,249479
2022-01-27 14:15:00,1643273100,888,891.6,887.7,888.05,301501
2022-01-27 15:15:00,1643276700,888.1,889,885,886.5,125017
2022-01-28 09:15:00,1643341500,893.4,922,889.2,902.8,221557
2022-01-28 10:15:00,1643345100,903.2,907,899.45,901.85,154105
2022-01-28 11:15:00,1643348700,901.85,910.8,901.75,905.75,216972
2022-01-28 12:15:00,1643352300,905.75,915,904.5,910.05,174756
2022-01-28 13:15:00,1643355900,910.05,910.1,899.35,900,126264
2022-01-28 14:15:00,1643359500,900,904.6,897.8,899.8,141049
2022-01-28 15:15:00,1643363100,899.55,901.4,897.5,900.5,87782
2022-01-31 09:15:00,1643600700,900.25,908.95,890,904.25,215079
2022-01-31 10:15:00,1643604300,904.25,914.85,901.65,913.05,175953
2022-01-31 11:15:00,1643607900,913.05,913.05,902.5,903.75,182645
2022-01-31 12:15:00,1643611500,903.2,905.2,900.85,903.65,107935
2022-01-31 13:15:00,1643615100,903.65,906.55,902.15,904.1,139714
2022-01-31 14:15:00,1643618700,904.1,909,902.5,906.55,200967
2022-01-31 15:15:00,1643622300,906.65,910.1,905.3,909.45,154282
2022-02-01 09:15:00,1643687100,922,923.3,906.2,915.9,393726
2022-02-01 10:15:00,1643690700,915.9,919.45,913.4,914.35,145360
2022-02-01 11:15:00,1643694300,914.35,920,910,910.25,142979
2022-02-01 12:15:00,1643697900,910.15,913.1,902.5,903.3,147379
2022-02-01 13:15:00,1643701500,903.3,911.85,900.55,903.2,151542
2022-02-01 14:15:00,1643705100,902.75,905.35,901.1,903.3,172288
2022-02-01 15:15:00,1643708700,903.45,910,903.05,903.6,65121
2022-02-02 09:15:00,1643773500,913.7,918.75,905,910,362300
2022-02-02 10:15:00,1643777100,909.6,910.1,904.5,906.5,150908
2022-02-02 11:15:00,1643780700,906.5,911.45,906.25,910,104497
2022-02-02 12:15:00,1643784300,910,911.55,909.5,910.9,89618
2022-02-02 13:15:00,1643787900,910.9,913.8,909.75,912.15,104700
2022-02-02 14:15:00,1643791500,912,914.9,911.55,914.4,114380
2022-02-02 15:15:00,1643795100,914.05,914.7,912.3,914.45,83882
2022-02-03 09:15:00,1643859900,906,913.15,903.2,905.8,254489
2022-02-03 10:15:00,1643863500,905.5,905.95,899.05,900.3,278999
2022-02-03 11:15:00,1643867100,900.7,902.95,898.9,901.65,238858
2022-02-03 12:15:00,1643870700,901.65,904,899,902,103822
2022-02-03 13:15:00,1643874300,902.1,903.15,900.25,902,90334
2022-02-03 14:15:00,1643877900,902,903.7,898.9,899.55,218326
2022-02-03 15:15:00,1643881500,899.85,901.75,896,896.55,229701
2022-02-04 09:15:00,1643946300,887,899.95,863.7,880,3329871
2022-02-04 10:15:00,1643949900,879.55,882.1,874.05,878.15,570510
2022-02-04 11:15:00,1643953500,877.7,880.5,872.35,872.75,399556
2022-02-04 12:15:00,1643957100,873,874.25,859.4,867.05,1526289
2022-02-04 13:15:00,1643960700,867,869.5,863.55,864.8,433899
2022-02-04 14:15:00,1643964300,864.1,870.5,862,870,646905
2022-02-04 15:15:00,1643967900,870,875.5,869.5,875.15,671275
2022-02-07 09:15:00,1644205500,859,862.9,820.3,823.3,1760247
2022-02-07 10:15:00,1644209100,823.3,825.9,816.15,817.8,706334
2022-02-07 11:15:00,1644212700,817.8,818.85,806.6,807.65,782555
2022-02-07 12:15:00,1644216300,807.25,814.95,806,814.5,507174
2022-02-07 13:15:00,1644219900,814.5,815.5,806.1,807.75,505187
2022-02-07 14:15:00,1644223500,807.3,809.55,803.05,805.2,632938
2022-02-07 15:15:00,1644227100,805.05,805.9,801.55,803.75,397737
2022-02-08 09:15:00,1644291900,804.75,810.85,795.2,797.25,1022383
2022-02-08 10:15:00,1644295500,797.6,800,786.55,787,617286
2022-02-08 11:15:00,1644299100,787,794.9,784.45,788.4,776184
2022-02-08 12:15:00,1644302700,788.4,793.35,786.05,787.5,411417
2022-02-08 13:15:00,1644306300,787.55,790.75,786.1,787.75,230881
2022-02-08 14:15:00,1644309900,787.75,789.1,786.05,787.85,353241
2022-02-08 15:15:00,1644313500,787.85,789,786,786.95,205849
2022-02-09 09:15:00,1644378300,796,796.3,786.15,789.6,607544
2022-02-09 10:15:00,1644381900,789.5,798.45,788.85,793.75,490767
2022-02-09 11:15:00,1644385500,793.4,795.6,789.55,790.45,329177
2022-02-09 12:15:00,1644389100,790.45,795.6,790.4,793,237021
2022-02-09 13:15:00,1644392700,793,799.95,793,798.15,240434
2022-02-09 14:15:00,1644396300,797.55,801.7,797.1,801.2,278499
2022-02-09 15:15:00,1644399900,801,804.9,800,804.4,187003
2022-02-10 09:15:00,1644464700,808.45,808.45,801.05,806.65,393199
2022-02-10 10:15:00,1644468300,806.95,812,804.25,804.8,353051
2022-02-10 11:15:00,1644471900,804.8,805.1,802,802,258785
2022-02-10 12:15:00,1644475500,802,803.65,800,801.6,104044
2022-02-10 13:15:00,1644479100,801.6,805.4,800.95,804.95,128869
2022-02-10 14:15:00,1644482700,804.95,808.95,802.95,805.4,256131
2022-02-10 15:15:00,1644486300,805.45,806.8,805,806.7,83060
2022-02-11 09:15:00,1644551100,805.45,805.45,793.9,798.5,359645
2022-02-11 10:15:00,1644554700,798,799,795,795.25,175850
2022-02-11 11:15:00,1644558300,795,796.2,791.5,795.05,152924
2022-02-11 12:15:00,1644561900,795.45,797.95,794.5,795.55,129760
2022-02-11 13:15:00,1644565500,795.15,797.5,794.15,796.1,125066
2022-02-11 14:15:00,1644569100,796.1,800.55,795.1,798.8,254777
2022-02-11 15:15:00,1644572700,798.8,798.95,795.05,795.05,77896
2022-02-14 09:15:00,1644810300,790,791.7,778.2,780.4,639244
2022-02-14 10:15:00,1644813900,780.9,780.9,775.4,777,731066
2022-02-14 11:15:00,1644817500,777,777.55,772,772.05,306084
2022-02-14 12:15:00,1644821100,772,775,767,770.25,370347
2022-02-14 13:15:00,1644824700,770.25,771.2,767.25,768.05,257211
2022-02-14 14:15:00,1644828300,767.65,769.8,760.2,760.7,375519
2022-02-14 15:15:00,1644831900,760.5,762.65,758,760.3,166616
2022-02-15 09:15:00,1644896700,765.45,767.7,748,748.55,556368
2022-02-15 10:15:00,1644900300,748.55,752.15,748,750,315069
2022-02-15 11:15:00,1644903900,749.75,758.1,749.5,755.35,779298
2022-02-15 12:15:00,1644907500,755,760.6,755,759,225993
2022-02-15 13:15:00,1644911100,759,764.95,756,761.85,223276
2022-02-15 14:15:00,1644914700,761.85,764,758.1,763.6,233650
2022-02-15 15:15:00,1644918300,763.6,767.8,762.9,766.05,139160
2022-02-16 09:15:00,1644983100,775.45,775.45,766.6,770.35,244927
2022-02-16 10:15:00,1644986700,770.05,777.9,768.4,770,212768
2022-02-16 11:15:00,1644990300,770.1,775.45,770.05,773.45,115673
2022-02-16 12:15:00,1644993900,773.45,781.35,773.45,779.25,206379
2022-02-16 13:15:00,1644997500,779.25,781.65,777.45,778.15,131152
2022-02-16 14:15:00,1645001100,778.55,782.2,776.35,777.6,213294
2022-02-16 15:15:00,1645004700,777.7,778.45,776.6,777.3,73905
2022-02-17 09:15:00,1645069500,785.3,785.3,768.1,769.35,264711
2022-02-17 10:15:00,1645073100,769.35,771.5,768,770.8,194444
2022-02-17 11:15:00,1645076700,770.8,773.5,768.4,772.05,202518
2022-02-17 12:15:00,1645080300,772.05,773.4,771,771.5,112843
2022-02-17 13:15:00,1645083900,771.5,772.2,767.05,769.05,102384
2022-02-17 14:15:00,1645087500,769,771.95,767.55,771,240745
2022-02-17 15:15:00,1645091100,771.2,773.65,770.1,771.4,410147
2022-02-18 09:15:00,1645155900,773.85,778.8,769.1,770.8,468079
2022-02-18 10:15:00,1645159500,770.8,771,768,770.05,155058
2022-02-18 11:15:00,1645163100,769.8,771.6,768.05,770.8,125496
2022-02-18 12:15:00,1645166700,770.75,773.45,770,771,141980
2022-02-18 13:15:00,1645170300,771.25,771.25,769.55,770,164086
2022-02-18 14:15:00,1645173900,770,771.25,768.05,768.55,273027
2022-02-18 15:15:00,1645177500,768.55,768.55,764.8,765.05,100092
2022-02-21 09:15:00,1645415100,761.8,766.4,752.85,755,245171
2022-02-21 10:15:00,1645418700,755.65,761.7,754,761,129893
2022-02-21 11:15:00,1645422300,761,764.25,760.25,761.8,106792
2022-02-21 12:15:00,1645425900,761.8,763.5,760.7,762.2,92219
2022-02-21 13:15:00,1645429500,762.2,763,760.35,761.05,105041
2022-02-21 14:15:00,1645433100,761.1,763.7,760.2,760.3,192567
2022-02-21 15:15:00,1645436700,760.3,761.5,758.2,761.25,153548
2022-02-22 09:15:00,1645501500,750,754.85,743.95,746.65,297794
2022-02-22 10:15:00,1645505100,746.65,750.55,745.1,749,140537
2022-02-22 11:15:00,1645508700,749.1,751.05,748,748,92825
2022-02-22 12:15:00,1645512300,748,749.2,739.3,740,135673
2022-02-22 13:15:00,1645515900,740,747.65,736.3,747.15,160829
2022-02-22 14:15:00,1645519500,747.15,753.9,747.15,753.2,228028
2022-02-22 15:15:00,1645523100,753.2,753.25,751.3,752.55,86601
2022-02-23 09:15:00,1645587900,754.7,759.15,754.7,756.8,154340
2022-02-23 10:15:00,1645591500,756.8,760.5,755.85,758.75,113218
2022-02-23 11:15:00,1645595100,758.15,763,756.6,757.1,180164
2022-02-23 12:15:00,1645598700,757.1,759.9,755.6,758.7,108634
2022-02-23 13:15:00,1645602300,758.7,762.6,756,757.65,229778
2022-02-23 14:15:00,1645605900,757.65,759.7,755.15,755.95,139617
2022-02-23 15:15:00,1645609500,755.95,757,753.35,755.5,68894
2022-02-24 09:15:00,1645674300,740,742,729.5,735.25,281397
2022-02-24 10:15:00,1645677900,735.25,736.8,727.55,728.85,171887
2022-02-24 11:15:00,1645681500,728.75,730.5,720.3,721.3,209715
2022-02-24 12:15:00,1645685100,721.15,721.9,714.3,718.7,240087
2022-02-24 13:15:00,1645688700,719,725.45,717.55,723.25,375035
2022-02-24 14:15:00,1645692300,723.4,725.25,711.3,712.8,423605
2022-02-24 15:15:00,1645695900,712.8,714.55,711,712.9,272769
2022-02-25 09:15:00,1645760700,713.75,740.35,713.75,738.9,398366
2022-02-25 10:15:00,1645764300,739.2,742.5,735.75,736.3,181488
2022-02-25 11:15:00,1645767900,736.3,739.75,735.75,736.45,101193
2022-02-25 12:15:00,1645771500,736.45,739.7,732.25,739,163102
2022-02-25 13:15:00,1645775100,739.4,743.3,731.05,737.6,263271
2022-02-25 14:15:00,1645778700,737.6,744,737.2,741.8,143317
2022-02-25 15:15:00,1645782300,741.75,743.6,741.5,741.55,72936
2022-02-28 09:15:00,1646019900,737,740.75,728.9,734.5,254359
2022-02-28 10:15:00,1646023500,734.35,740,732.35,739,128161
2022-02-28 11:15:00,1646027100,739.3,740.95,737.7,738.95,98330
2022-02-28 12:15:00,1646030700,739,740.5,737,739,84184
2022-02-28 13:15:00,1646034300,739.2,741.35,735.2,737.5,324870
2022-02-28 14:15:00,1646037900,737.5,748.65,735.9,744.95,202184
2022-02-28 15:15:00,1646041500,744.9,747,743.05,743.5,151809
2022-03-02 09:15:00,1646192700,741,749.35,735.75,736.7,234441
2022-03-02 10:15:00,1646196300,736.7,738.35,733.55,737.2,119738
2022-03-02 11:15:00,1646199900,737.2,738.55,725,727,288206
2022-03-02 12:15:00,1646203500,726.8,728.9,724,727.95,172711
2022-03-02 13:15:00,1646207100,728,728.4,725,725.05,129829
2022-03-02 14:15:00,1646210700,725,728.8,723,727.4,157470
2022-03-02 15:15:00,1646214300,727.15,730,727.15,728.6,81095
2022-03-03 09:15:00,1646279100,739.15,739.15,728,729.4,177030
2022-03-03 10:15:00,1646282700,729.35,732.45,725.85,727.7,113613
2022-03-03 11:15:00,1646286300,727.7,728.75,723,723.65,88324
2022-03-03 12:15:00,1646289900,723.55,723.65,718.5,721.3,106882
2022-03-03 13:15:00,1646293500,721.45,723.85,718.6,719.1,94050
2022-03-03 14:15:00,1646297100,719.1,724.45,717.05,719.9,213556
2022-03-03 15:15:00,1646300700,719.85,720.75,718.6,719.65,69920
2022-03-04 09:15:00,1646365500,715,719,705,709.45,348717
2022-03-04 10:15:00,1646369100,709.4,714.45,708.05,709.75,199344
2022-03-04 11:15:00,1646372700,710.2,714.05,708.25,711.55,280370
2022-03-04 12:15:00,1646376300,711.25,714.85,709.7,713.75,174512
2022-03-04 13:15:00,1646379900,713.75,716.5,709.8,710.05,153305
2022-03-04 14:15:00,1646383500,710.05,710.45,703.65,704.35,228666
2022-03-04 15:15:00,1646387100,704.35,704.75,702.8,704.45,85399
2022-03-07 09:15:00,1646624700,697,697,681.05,682.3,318806
2022-03-07 10:15:00,1646628300,682.3,695.15,678.8,694.95,225754
2022-03-07 11:15:00,1646631900,694.7,700,692.9,693.45,163150
2022-03-07 12:15:00,1646635500,692.95,701.4,691.3,694.6,169859
2022-03-07 13:15:00,1646639100,694.5,697.95,690.6,691,146302
2022-03-07 14:15:00,1646642700,691,703.55,688.35,700.7,223351
2022-03-07 15:15:00,1646646300,700.7,702.85,699.5,700.65,97286
2022-03-08 09:15:00,1646711100,700.8,708.35,700,706.1,270012
2022-03-08 10:15:00,1646714700,706.1,711.5,704.35,709.5,445988
2022-03-08 11:15:00,1646718300,709.5,709.5,694.5,696,191267
2022-03-08 12:15:00,1646721900,696,698.6,692.5,697.65,133791
2022-03-08 13:15:00,1646725500,697.75,704.2,695.1,703.85,131456
2022-03-08 14:15:00,1646729100,703.4,709.5,702,709.05,186751
2022-03-08 15:15:00,1646732700,709.05,710.5,707,707.15,88718
2022-03-09 09:15:00,1646797500,718.9,729.9,712.8,729.3,426309
2022-03-09 10:15:00,1646801100,729.25,733.6,727.55,729.8,319894
2022-03-09 11:15:00,1646804700,729.8,732,728.05,731.1,214360
2022-03-09 12:15:00,1646808300,731.35,733.75,729.5,733,225204
2022-03-09 13:15:00,1646811900,733,739.5,731.9,738.7,257541
2022-03-09 14:15:00,1646815500,738.7,741.2,736.25,740.1,387331
2022-03-09 15:15:00,1646819100,740.1,740.7,735.15,738.6,137388
2022-03-10 09:15:00,1646883900,744,752.6,739.9,744.65,275658
2022-03-10 10:15:00,1646887500,744.3,746.1,742,745.8,69044
2022-03-10 11:15:00,1646891100,745.8,746.85,739.3,742.4,219046
2022-03-10 12:15:00,1646894700,742.4,742.85,737.05,741.85,63802
2022-03-10 13:15:00,1646898300,741.85,745.6,737.05,739.45,78417
2022-03-10 14:15:00,1646901900,739.45,741.75,737.15,739.45,162563
2022-03-10 15:15:00,1646905500,739.65,740,737,739.8,56524
2022-03-11 09:15:00,1646970300,738,747.8,737.55,744.85,260342
2022-03-11 10:15:00,1646973900,744.5,745.9,740.6,743.7,175368
2022-03-11 11:15:00,1646977500,744,749.9,742.5,749.65,240456
2022-03-11 12:15:00,1646981100,749.8,754.5,748.5,752.3,238378
2022-03-11 13:15:00,1646984700,752,753.5,749.05,750.55,130954
2022-03-11 14:15:00,1646988300,750.6,751.7,747.2,748.25,232007
2022-03-11 15:15:00,1646991900,748.35,748.95,744.1,746,93742
2022-03-14 09:15:00,1647229500,755,761.9,743.3,746.15,417800
2022-03-14 10:15:00,1647233100,746.05,746.65,737.05,737.95,126231
2022-03-14 11:15:00,1647236700,738,742.85,737,742.45,299044
2022-03-14 12:15:00,1647240300,742.45,746.85,741,746.15,72413
2022-03-14 13:15:00,1647243900,746.15,746.85,744,745.8,70946
2022-03-14 14:15:00,1647247500,745.85,746.15,743.75,745.25,186554
2022-03-14 15:15:00,1647251100,745.1,746.35,744.2,745,134069
2022-03-15 09:15:00,1647315900,747.05,757.9,747,752.3,315801
2022-03-15 10:15:00,1647319500,752.3,753.65,746.2,748,232395
2022-03-15 11:15:00,1647323100,748,749.85,746,747.5,76954
2022-03-15 12:15:00,1647326700,747.5,747.5,740.45,741.3,190938
2022-03-15 13:15:00,1647330300,741.3,741.8,734.05,737.35,174207
2022-03-15 14:15:00,1647333900,737.75,739.8,733.2,738.85,106925
2022-03-15 15:15:00,1647337500,738.9,739.2,735.6,736.45,70110
2022-03-16 09:15:00,1647402300,743.5,749,740.6,743.25,164950
2022-03-16 10:15:00,1647405900,743.25,746.85,740,743.7,183688
2022-03-16 11:15:00,1647409500,743.7,744.4,741.6,743.5,58360
2022-03-16 12:15:00,1647413100,743.4,747.4,742.3,745.4,97354
2022-03-16 13:15:00,1647416700,745.4,747.1,742.85,743.75,49949
2022-03-16 14:15:00,1647420300,743.75,750,741.15,749.85,246086
2022-03-16 15:15:00,1647423900,749.85,751,748.95,750,130673
2022-03-17 09:15:00,1647488700,751,771.1,751,768.05,427173
2022-03-17 10:15:00,1647492300,768,768,761.85,764.65,219143
2022-03-17 11:15:00,1647495900,764.65,766.95,762.6,763.95,144979
2022-03-17 12:15:00,1647499500,763.95,767,763.95,766.45,72941
2022-03-17 13:15:00,1647503100,766,766.35,762.95,762.95,142155
2022-03-17 14:15:00,1647506700,763,767.25,762,765.2,277094
2022-03-17 15:15:00,1647510300,765.4,766.3,762.35,765,199117
2022-03-21 09:15:00,1647834300,766.85,776.95,765.35,774,309847
2022-03-21 10:15:00,1647837900,774.6,776.5,769.2,772.65,144598
2022-03-21 11:15:00,1647841500,772.95,773.3,767.55,768,87633
2022-03-21 12:15:00,1647845100,767.9,769.35,763,763.4,74140
2022-03-21 13:15:00,1647848700,763.25,764.25,758.1,758.5,168097
2022-03-21 14:15:00,1647852300,758.6,759.1,754.25,755,191935
2022-03-21 15:15:00,1647855900,755,755.5,752.7,755.1,95085
2022-03-22 09:15:00,1647920700,758.15,760.6,750.85,757.65,208452
2022-03-22 10:15:00,1647924300,757.65,762.5,750.65,762.1,187222
2022-03-22 11:15:00,1647927900,761.8,763.85,752.25,754.5,186500
2022-03-22 12:15:00,1647931500,754.4,761.65,753.5,761.05,142292
2022-03-22 13:15:00,1647935100,761.3,765.6,760.65,763.35,144384
2022-03-22 14:15:00,1647938700,763.2,764.2,755.2,756.25,300929
2022-03-22 15:15:00,1647942300,756.25,758.05,753.15,753.15,91467
2022-03-23 09:15:00,1648007100,760.4,770,756.4,765.25,331738
2022-03-23 10:15:00,1648010700,765.2,765.8,758.05,758.2,205922
2022-03-23 11:15:00,1648014300,757.6,760.2,754.1,756,197921
2022-03-23 12:15:00,1648017900,756,756.5,753.4,754.6,101181
2022-03-23 13:15:00,1648021500,754.6,756.4,749.1,749.2,152445
2022-03-23 14:15:00,1648025100,749.25,749.25,743.55,746.7,230532
2022-03-23 15:15:00,1648028700,746.65,746.9,744,744.5,83256
2022-03-24 09:15:00,1648093500,745,757.8,742.2,755.2,234638
2022-03-24 10:15:00,1648097100,755.2,762.8,752.2,762.65,138579
2022-03-24 11:15:00,1648100700,762.65,775,762.15,773.25,599101
2022-03-24 12:15:00,1648104300,773.25,775.6,769,771.05,414274
2022-03-24 13:15:00,1648107900,771,777.75,769.1,775.2,397581
2022-03-24 14:15:00,1648111500,775.2,775.6,771.1,774.7,207339
2022-03-24 15:15:00,1648115100,774.6,777,771.5,772.2,167114
2022-03-25 09:15:00,1648179900,778.7,779.05,763,763.8,269871
2022-03-25 10:15:00,1648183500,763.6,764.8,759.2,760.75,127586
2022-03-25 11:15:00,1648187100,760.55,762,755.55,756,114178
2022-03-25 12:15:00,1648190700,755.55,759.15,755.55,756.1,74083
2022-03-25 13:15:00,1648194300,756.1,757.8,748.65,751.2,156954
2022-03-25 14:15:00,1648197900,751.3,758,751.3,755.55,193612
2022-03-25 15:15:00,1648201500,755.55,758,755,757,87702
2022-03-28 09:15:00,1648439100,754,766,752.55,759.55,230167
2022-03-28 10:15:00,1648442700,759.5,762.8,756,757.2,78159
2022-03-28 11:15:00,1648446300,757.15,758,752,753.3,54226
2022-03-28 12:15:00,1648449900,753.3,756.95,751.25,756.75,77794
2022-03-28 13:15:00,1648453500,756.75,756.95,747.5,749.1,151320
2022-03-28 14:15:00,1648457100,749.45,754.1,747.65,753.15,158409
2022-03-28 15:15:00,1648460700,753.2,753.75,750.75,753,102958
2022-03-29 09:15:00,1648525500,754,767,753.3,761.7,838412
2022-03-29 10:15:00,1648529100,761.5,764.5,758.35,759.95,137358
2022-03-29 11:15:00,1648532700,759.95,760.7,751.65,753.55,515379
2022-03-29 12:15:00,1648536300,753.55,756.75,752.6,754.45,106199
2022-03-29 13:15:00,1648539900,754.45,761.1,753.3,760.6,113031
2022-03-29 14:15:00,1648543500,760.55,762.85,759.15,761.5,161954
2022-03-29 15:15:00,1648547100,761.5,765,759.35,761.15,159544
2022-03-30 09:15:00,1648611900,763.65,767,752.1,752.4,1181616
2022-03-30 10:15:00,1648615500,752.4,753.3,746.9,751,394769
2022-03-30 11:15:00,1648619100,751,752.6,748.3,748.5,86317
2022-03-30 12:15:00,1648622700,748.5,750,748.2,749.9,58706
2022-03-30 13:15:00,1648626300,749.9,752.55,748.6,751.6,115526
2022-03-30 14:15:00,1648629900,751.6,751.95,747.4,748.15,216546
2022-03-30 15:15:00,1648633500,748.25,750,745.4,748,189973
2022-03-31 09:15:00,1648698300,753.1,753.15,744,747,211792
2022-03-31 10:15:00,1648701900,747,749.4,743.55,748.15,154539
2022-03-31 11:15:00,1648705500,748.2,750,747.9,749.65,104062
2022-03-31 12:15:00,1648709100,749.2,749.4,744.5,745.25,74559
2022-03-31 13:15:00,1648712700,745.25,745.25,741,741.6,116764
2022-03-31 14:15:00,1648716300,741.6,744.9,738.85,744.3,263505
2022-03-31 15:15:00,1648719900,744.2,750.5,743.95,750.45,485744
2022-04-01 09:15:00,1648784700,744.95,754,735.8,752.75,424329
2022-04-01 10:15:00,1648788300,752.75,759.7,751,758.75,158824
2022-04-01 11:15:00,1648791900,758.45,758.55,755,756.95,91075
2022-04-01 12:15:00,1648795500,756.95,758.85,755.05,758.4,45605
2022-04-01 13:15:00,1648799100,758.4,762.9,758.15,760.9,118929
2022-04-01 14:15:00,1648802700,760.9,765.8,760.5,765.65,155046
2022-04-01 15:15:00,1648806300,765.5,766.9,763.15,763.45,99149
2022-04-04 09:15:00,1649043900,769,773.5,762.25,770.4,2034094
2022-04-04 10:15:00,1649047500,770,782.4,768.45,780.6,237286
2022-04-04 11:15:00,1649051100,780.6,785.6,779,779,179562
2022-04-04 12:15:00,1649054700,779.1,781.7,775.6,779.4,138930
2022-04-04 13:15:00,1649058300,779.4,787.7,779.4,787.25,138106
2022-04-04 14:15:00,1649061900,787.1,792.15,786.7,790.4,353057
2022-04-04 15:15:00,1649065500,790.85,791.3,788,790,135155
2022-04-05 09:15:00,1649130300,794.5,795.5,787,792,336565
2022-04-05 10:15:00,1649133900,792,795,788.1,788.5,126742
2022-04-05 11:15:00,1649137500,788.5,790.4,787.7,787.7,77004
2022-04-05 12:15:00,1649141100,787.85,789.35,781.3,785.65,290723
2022-04-05 13:15:00,1649144700,786.2,787.5,782,783.25,130824
2022-04-05 14:15:00,1649148300,783.25,784,775,776.1,157195
2022-04-05 15:15:00,1649151900,776.15,776.95,770.6,773.95,97337
2022-04-06 09:15:00,1649216700,774.45,785.6,771.2,784.35,222891
2022-04-06 10:15:00,1649220300,785.1,786,779.35,781,134463
2022-04-06 11:15:00,1649223900,781.1,781.8,778,779.1,96029
2022-04-06 12:15:00,1649227500,779,780.15,774.85,776.8,131932
2022-04-06 13:15:00,1649231100,776.8,777.5,772.3,775.5,101266
2022-04-06 14:15:00,1649234700,775.5,777.95,771.5,772.15,154285
2022-04-06 15:15:00,1649238300,772.15,773.5,771,772.1,76091
2022-04-07 09:15:00,1649303100,775,786.9,768,782.5,319895
2022-04-07 10:15:00,1649306700,782.5,784.9,781,783,94317
2022-04-07 11:15:00,1649310300,783.2,783.3,778.9,780.25,69116
2022-04-07 12:15:00,1649313900,779.9,781.65,779,779.75,49421
2022-04-07 13:15:00,1649317500,780.25,781.3,776.1,779.15,174663
2022-04-07 14:15:00,1649321100,779.15,787,778.8,784.35,392377
2022-04-07 15:15:00,1649324700,784.5,785.9,783.7,785.25,198625
2022-04-08 09:15:00,1649389500,791.8,791.8,778.25,781.1,214076
2022-04-08 10:15:00,1649393100,781.1,784,778.25,781.6,85230
2022-04-08 11:15:00,1649396700,781.7,786.6,780,784.1,79070
2022-04-08 12:15:00,1649400300,783.95,787.45,782.95,783.35,65672
2022-04-08 13:15:00,1649403900,783.35,787.6,781.55,785.3,64593
2022-04-08 14:15:00,1649407500,784.8,787.5,781.5,782.2,155138
2022-04-08 15:15:00,1649411100,782.15,784,781.05,782.9,124462
2022-04-11 09:15:00,1649648700,784,790.2,782.05,786.2,97312
2022-04-11 10:15:00,1649652300,786.5,787.25,781,782.85,51294
2022-04-11 11:15:00,1649655900,782.85,784.15,780,781.5,165346
2022-04-11 12:15:00,1649659500,781.5,783.95,780.75,783.15,32206
2022-04-11 13:15:00,1649663100,783.15,788,782.65,786.05,66089
2022-04-11 14:15:00,1649666700,786.05,787.5,784.4,785.45,69630
2022-04-11 15:15:00,1649670300,785.45,786.65,785.15,786,42823
2022-04-12 09:15:00,1649735100,785.5,789.4,770.75,772.4,222059
2022-04-12 10:15:00,1649738700,772.85,776.95,769.05,776.05,99632
2022-04-12 11:15:00,1649742300,776.05,778.9,775.5,777.75,49745
2022-04-12 12:15:00,1649745900,777.75,780.45,767.35,767.95,132325
2022-04-12 13:15:00,1649749500,767.75,774.1,765.6,773.9,75167
2022-04-12 14:15:00,1649753100,773.35,775.8,773,773.8,73481
2022-04-12 15:15:00,1649756700,773.9,774.5,770.45,774,47308
2022-04-13 09:15:00,1649821500,777,779.65,769.6,772.95,145593
2022-04-13 10:15:00,1649825100,772.95,773.65,767.65,772.75,157006
2022-04-13 11:15:00,1649828700,773,777.45,771.65,774,105757
2022-04-13 12:15:00,1649832300,774.05,775.45,766,771.3,105212
2022-04-13 13:15:00,1649835900,771.3,774.9,770.05,773.1,204329
2022-04-13 14:15:00,1649839500,773.1,776.45,771.05,771.15,67118
2022-04-13 15:15:00,1649843100,771.6,774.45,771.1,774.3,185114
2022-04-18 09:15:00,1650253500,774.95,780.75,771,776.3,182301
2022-04-18 10:15:00,1650257100,776.35,777.15,767.9,768.5,135990
2022-04-18 11:15:00,1650260700,768.5,773.9,767.05,773.45,72731
2022-04-18 12:15:00,1650264300,773.45,774,764.6,766.15,74289
2022-04-18 13:15:00,1650267900,766.5,770.6,766.35,769.25,52638
2022-04-18 14:15:00,1650271500,769.25,774.15,768.35,769.95,92348
2022-04-18 15:15:00,1650275100,769.75,771.25,768.35,771,63063
2022-04-19 09:15:00,1650339900,775,783.3,773,775.9,161450
2022-04-19 10:15:00,1650343500,776.25,777,772.7,774.15,62944
2022-04-19 11:15:00,1650347100,774.15,775.4,771.05,772.7,76862
2022-04-19 12:15:00,1650350700,772.1,775.6,768.2,773.2,617243
2022-04-19 13:15:00,1650354300,773.2,776.1,773.15,774.9,64317
2022-04-19 14:15:00,1650357900,774.9,777.55,770.3,771.05,305328
2022-04-19 15:15:00,1650361500,771,771.3,761,766.25,338274
2022-04-20 09:15:00,1650426300,770,797.5,770,793.4,553221
2022-04-20 10:15:00,1650429900,793.4,797,784.35,787.45,397370
2022-04-20 11:15:00,1650433500,787.45,790.65,784.6,787.55,114282
2022-04-20 12:15:00,1650437100,788,788.75,779,779.05,135289
2022-04-20 13:15:00,1650440700,779,779.55,773.85,777.85,162226
2022-04-20 14:15:00,1650444300,777.75,780,775.45,777.55,144295
2022-04-20 15:15:00,1650447900,777.05,777.65,775.55,777.25,106423
2022-04-21 09:15:00,1650512700,786,786,769,781,229365
2022-04-21 10:15:00,1650516300,781,781.35,778.35,780.9,71901
2022-04-21 11:15:00,1650519900,781,784.6,780.6,783.7,101159
2022-04-21 12:15:00,1650523500,783.45,784.85,781.8,783.5,104950
2022-04-21 13:15:00,1650527100,783.5,784.85,782,782.3,97902
2022-04-21 14:15:00,1650530700,782.75,783.6,781.55,782.05,154001
2022-04-21 15:15:00,1650534300,782,785,781.9,784,175741
2022-04-22 09:15:00,1650599100,776,783.95,769.05,775.35,208402
2022-04-22 10:15:00,1650602700,775.35,775.95,772,775.55,48451
2022-04-22 11:15:00,1650606300,775.6,777,774.1,775,32175
2022-04-22 12:15:00,1650609900,775,776.05,771.2,771.2,47380
2022-04-22 13:15:00,1650613500,771.2,771.2,748.65,751.6,471892
2022-04-22 14:15:00,1650617100,751.6,756.65,750.3,753.3,259824
2022-04-22 15:15:00,1650620700,753.3,755,752,752.55,91419
2022-04-25 09:15:00,1650858300,748,752.45,736.15,741.4,217255
2022-04-25 10:15:00,1650861900,741.4,742.8,728.3,730.35,180907
2022-04-25 11:15:00,1650865500,730.35,730.45,724.15,724.5,103785
2022-04-25 12:15:00,1650869100,724.5,726.45,723,725.1,92725
2022-04-25 13:15:00,1650872700,725.1,733.95,724.05,729.2,163001
2022-04-25 14:15:00,1650876300,729.5,730.15,724.25,725.1,115914
2022-04-25 15:15:00,1650879900,725.95,726.1,724.05,725.5,72142
2022-04-26 09:15:00,1650944700,734,749.45,733,746.25,232723
2022-04-26 10:15:00,1650948300,746.25,759.6,745.6,757.35,360676
2022-04-26 11:15:00,1650951900,757.35,758.9,749.55,753.6,288148
2022-04-26 12:15:00,1650955500,753.8,755.5,750,751,101419
2022-04-26 13:15:00,1650959100,751.4,755,751,753.5,103112
2022-04-26 14:15:00,1650962700,753.5,759.95,751.5,759.5,168432
2022-04-26 15:15:00,1650966300,759.35,760.5,757.9,758.75,124865
2022-04-27 09:15:00,1651031100,755.9,756.5,742.3,749.3,218649
2022-04-27 10:15:00,1651034700,748.95,748.95,742.65,744.5,64633
2022-04-27 11:15:00,1651038300,744.5,746.55,743.55,745,31418
2022-04-27 12:15:00,1651041900,745,746.45,741,743,57256
2022-04-27 13:15:00,1651045500,742.75,746.95,742.25,745,44022
2022-04-27 14:15:00,1651049100,745,745.55,740.5,741.8,71073
2022-04-27 15:15:00,1651052700,741.95,745,741.8,744,67742
2022-04-28 09:15:00,1651117500,748.6,754.5,744.75,745.25,170075
2022-04-28 10:15:00,1651121100,745.25,746.15,740.5,740.85,82621
2022-04-28 11:15:00,1651124700,740.7,745.2,739.05,743.85,72408
2022-04-28 12:15:00,1651128300,743.85,748.3,743.15,746.9,67105
2022-04-28 13:15:00,1651131900,746.55,748.4,745.3,746.6,92094
2022-04-28 14:15:00,1651135500,746.55,750.5,743.5,748.15,193846
2022-04-28 15:15:00,1651139100,747.75,749.85,742.7,746,77089
2022-04-29 09:15:00,1651203900,750,767.85,750,756.55,294872
2022-04-29 10:15:00,1651207500,756.55,765,755.35,764.75,96660
2022-04-29 11:15:00,1651211100,764.75,767.8,756.3,757.3,157955
2022-04-29 12:15:00,1651214700,757.3,758.1,751.25,752.95,77115
2022-04-29 13:15:00,1651218300,752.95,754.1,750,752.8,60052
2022-04-29 14:15:00,1651221900,752.8,753.25,742.65,743.8,147612
2022-04-29 15:15:00,1651225500,743.85,748,742.45,747,85181
2022-05-02 09:15:00,1651463100,740,760,733.7,741,207981
2022-05-02 10:15:00,1651466700,741,748.25,739.6,742.8,89972
2022-05-02 11:15:00,1651470300,742.8,743.2,737.45,741.4,44668
2022-05-02 12:15:00,1651473900,741.4,744.7,738.8,741.7,31330
2022-05-02 13:15:00,1651477500,741.7,741.95,737.2,738.8,29402
2022-05-02 14:15:00,1651481100,738.8,742.5,737.45,741.7,37696
2022-05-02 15:15:00,1651484700,741.65,743,740,741.65,32556
2022-05-04 09:15:00,1651635900,743.35,752.45,735.1,738.6,209095
2022-05-04 10:15:00,1651639500,738.6,738.65,729.15,730.9,99311
2022-05-04 11:15:00,1651643100,730.5,735,729.85,732.65,42586
2022-05-04 12:15:00,1651646700,732.65,734.25,730.3,732.85,45008
2022-05-04 13:15:00,1651650300,732.85,739.4,730.3,733.35,78963
2022-05-04 14:15:00,1651653900,733.35,734.65,722.1,727.7,172142
2022-05-04 15:15:00,1651657500,727.85,728.95,724.9,727.9,67308
2022-05-05 09:15:00,1651722300,731.5,735.5,724.3,734,115808
2022-05-05 10:15:00,1651725900,734,737.95,729.4,736.75,89234
2022-05-05 11:15:00,1651729500,736.75,742.65,735.05,740.1,73986
2022-05-05 12:15:00,1651733100,740.1,744.4,737.5,738.05,57837
2022-05-05 13:15:00,1651736700,738.05,742.3,728.75,730,78269
2022-05-05 14:15:00,1651740300,730,731,725,728.2,66281
2022-05-05 15:15:00,1651743900,728.25,729.6,723.5,725.85,45503
2022-05-06 09:15:00,1651808700,720.5,724.7,712.1,723.3,205789
2022-05-06 10:15:00,1651812300,723.3,724.95,718.35,720.55,75026
2022-05-06 11:15:00,1651815900,720.55,722.45,715.25,720.45,60008
2022-05-06 12:15:00,1651819500,720.45,720.9,713.85,715.45,59304
2022-05-06 13:15:00,1651823100,715.45,724,715,724,65132
2022-05-06 14:15:00,1651826700,723.9,729,721.4,723.75,147605
2022-05-06 15:15:00,1651830300,723.8,726.4,721.95,724.85,84736
2022-05-09 09:15:00,1652067900,723.85,726.05,714.1,720,182970
2022-05-09 10:15:00,1652071500,720,729.6,718.1,727.85,112882
2022-05-09 11:15:00,1652075100,727.35,732.7,724.6,730,82672
2022-05-09 12:15:00,1652078700,730,737.25,727.8,734.35,69919
2022-05-09 13:15:00,1652082300,734,737.95,729,729.05,103486
2022-05-09 14:15:00,1652085900,729.05,738.2,727,732,101227
2022-05-09 15:15:00,1652089500,732,734.25,731.7,732.6,49520
2022-05-10 09:15:00,1652154300,732.85,743.45,729.3,732.5,162464
2022-05-10 10:15:00,1652157900,732.65,735.8,730.5,733.5,62724
2022-05-10 11:15:00,1652161500,734.2,734.7,727.75,732.35,123211
2022-05-10 12:15:00,1652165100,732.35,733.4,724.5,724.5,65062
2022-05-10 13:15:00,1652168700,724.5,725.4,718.75,722.8,76136
2022-05-10 14:15:00,1652172300,722.7,723.95,713.1,714.35,137366
2022-05-10 15:15:00,1652175900,714.35,715.9,711.8,714.95,128437
2022-05-11 09:15:00,1652240700,719,723.05,711.85,717.5,212983
2022-05-11 10:15:00,1652244300,717.7,722,717.2,718.2,85526
2022-05-11 11:15:00,1652247900,718.2,724.65,717.95,720.9,94753
2022-05-11 12:15:00,1652251500,721.05,723.4,703.05,703.95,1005525
2022-05-11 13:15:00,1652255100,704.3,718.45,701.05,715.75,165877
2022-05-11 14:15:00,1652258700,715.75,718.95,712.45,716.5,196414
2022-05-11 15:15:00,1652262300,716.85,718.5,715.85,717.85,54039
2022-05-12 09:15:00,1652327100,714,714.9,682.55,700,461763
2022-05-12 10:15:00,1652330700,700,708.95,695.8,696.25,134896
2022-05-12 11:15:00,1652334300,696.25,700.3,693.8,694.45,156129
2022-05-12 12:15:00,1652337900,694.45,696.5,690.5,694.65,71311
2022-05-12 13:15:00,1652341500,694.65,698.9,693.75,695.7,144379
2022-05-12 14:15:00,1652345100,696.25,700.05,692,695.05,281481
2022-05-12 15:15:00,1652348700,695.05,696.3,693.3,695,88079
2022-05-13 09:15:00,1652413500,700,708.2,691.55,697.2,264379
2022-05-13 10:15:00,1652417100,697.2,702.6,696.45,701.05,83020
2022-05-13 11:15:00,1652420700,701.05,707.7,700.1,705.45,86763
2022-05-13 12:15:00,1652424300,705.5,707.8,703.05,705.7,61346
2022-05-13 13:15:00,1652427900,705.7,706.6,700.3,701.05,70048
2022-05-13 14:15:00,1652431500,701.05,702.65,693.05,693.65,244734
2022-05-13 15:15:00,1652435100,693.5,695,691,693,83144
2022-05-16 09:15:00,1652672700,698,700.35,685,690.9,161660
2022-05-16 10:15:00,1652676300,690.9,695.9,680.05,682.75,158536
2022-05-16 11:15:00,1652679900,682.75,684.9,672.5,681.65,353988
2022-05-16 12:15:00,1652683500,681.65,685.6,679.5,681.75,113838
2022-05-16 13:15:00,1652687100,681.75,686.55,680.75,685.35,153544
2022-05-16 14:15:00,1652690700,685.35,687.2,681.5,684.3,158593
2022-05-16 15:15:00,1652694300,684.7,688,684.05,687.3,73789
2022-05-17 09:15:00,1652759100,690,690,675.05,675.65,197175
2022-05-17 10:15:00,1652762700,675.9,686.45,675.9,685.75,161201
2022-05-17 11:15:00,1652766300,685.55,686.45,676.5,676.55,218724
2022-05-17 12:15:00,1652769900,676.55,684,676.5,682.85,102568
2022-05-17 13:15:00,1652773500,683.25,689,681.75,688.9,125883
2022-05-17 14:15:00,1652777100,688.9,692.3,685.8,690.55,139316
2022-05-17 15:15:00,1652780700,690.4,693,684.05,688.5,81723
2022-05-18 09:15:00,1652845500,691,702.65,688,691.35,432359
2022-05-18 10:15:00,1652849100,691.45,693.9,686.35,688.55,164584
2022-05-18 11:15:00,1652852700,688.55,691,685.8,687.55,130338
2022-05-18 12:15:00,1652856300,687.95,691.5,682.8,688.3,212703
2022-05-18 13:15:00,1652859900,688.3,692.55,687,691.8,161102
2022-05-18 14:15:00,1652863500,691.8,693.25,683.15,684.15,225972
2022-05-18 15:15:00,1652867100,684.2,684.5,680.7,681.5,102114
2022-05-19 09:15:00,1652931900,635.25,654.75,620,624.55,2940700
2022-05-19 10:15:00,1652935500,624.75,641.25,624.25,640.35,1519323
2022-05-19 11:15:00,1652939100,640.6,645.25,635.8,642,728087
2022-05-19 12:15:00,1652942700,642.3,643.25,629,634.7,1086202
2022-05-19 13:15:00,1652946300,634.7,638.5,632.4,632.5,473404
2022-05-19 14:15:00,1652949900,632.5,635.85,632.05,635.15,600029
2022-05-19 15:15:00,1652953500,635,636.05,634,636,372762
2022-05-20 09:15:00,1653018300,636,643.2,626,637,841783
2022-05-20 10:15:00,1653021900,637,641.95,635,639.25,236931
2022-05-20 11:15:00,1653025500,639.25,642,637.45,637.85,321379
2022-05-20 12:15:00,1653029100,638.2,639.9,634.05,636.35,292596
2022-05-20 13:15:00,1653032700,636.35,646,636.35,645.2,439194
2022-05-20 14:15:00,1653036300,645.2,645.2,639,639.2,322104
2022-05-20 15:15:00,1653039900,639,639.65,636.5,637.6,169523
2022-05-23 09:15:00,1653277500,641.8,645.85,637.95,645.85,327424
2022-05-23 10:15:00,1653281100,645.85,650.45,642.85,643.9,251579
2022-05-23 11:15:00,1653284700,644.5,646.1,639.45,640.65,192819
2022-05-23 12:15:00,1653288300,640.65,643.8,639.35,639.5,161919
2022-05-23 13:15:00,1653291900,639.5,640.95,630.5,631.6,281666
2022-05-23 14:15:00,1653295500,631.6,634.25,617.1,618.05,440340
2022-05-23 15:15:00,1653299100,618.05,619.3,616.2,617.8,199682
2022-05-24 09:15:00,1653363900,618.2,626.05,609,613.3,553462
2022-05-24 10:15:00,1653367500,613.35,618,611.1,617.2,229487
2022-05-24 11:15:00,1653371100,617.2,617.25,610.1,610.55,168731
2022-05-24 12:15:00,1653374700,610.7,612.2,606.45,607.2,286373
2022-05-24 13:15:00,1653378300,607.2,609,602,602,365926
2022-05-24 14:15:00,1653381900,602,604.2,596.55,600.8,458007
2022-05-24 15:15:00,1653385500,601.05,602.55,600.1,602,200509
2022-05-25 09:15:00,1653450300,602.5,609.2,598.95,602,267579
2022-05-25 10:15:00,1653453900,602,605.65,600,601.15,133719
2022-05-25 11:15:00,1653457500,601.1,601.5,588.2,590.15,234017
2022-05-25 12:15:00,1653461100,590.15,591.65,586.6,587.65,140581
2022-05-25 13:15:00,1653464700,588,591.65,583,591.6,197825
2022-05-25 14:15:00,1653468300,591.95,595.8,589.65,589.95,249548
2022-05-25 15:15:00,1653471900,590.15,591.2,589.7,591,89660
2022-05-26 09:15:00,1653536700,591.2,595.25,587,589.35,169765
2022-05-26 10:15:00,1653540300,589.05,590.8,584.25,589.1,113862
2022-05-26 11:15:00,1653543900,588.9,595.8,588.9,594.75,104346
2022-05-26 12:15:00,1653547500,594.75,598.3,591.35,593.7,170860
2022-05-26 13:15:00,1653551100,593.85,601,593.75,594,231360
2022-05-26 14:15:00,1653554700,594.05,600.9,594,599.65,135751
2022-05-26 15:15:00,1653558300,599.9,604,599.85,600,55417
2022-05-27 09:15:00,1653623100,605,607.25,598.85,605.2,233377
2022-05-27 10:15:00,1653626700,605.2,605.8,596.05,601.2,184058
2022-05-27 11:15:00,1653630300,601.2,601.5,597.6,598.5,94782
2022-05-27 12:15:00,1653633900,598.5,602.75,597.6,602.25,71168
2022-05-27 13:15:00,1653637500,602.25,605.8,601.45,602.3,119677
2022-05-27 14:15:00,1653641100,602.1,608,600.3,605.2,139708
2022-05-27 15:15:00,1653644700,605.2,606,604.2,604.25,76153
2022-05-30 09:15:00,1653882300,610.35,617.1,609.05,616.8,260320
2022-05-30 10:15:00,1653885900,616.8,616.9,610,612.65,157490
2022-05-30 11:15:00,1653889500,612.65,616.5,612.2,614.7,107936
2022-05-30 12:15:00,1653893100,614.7,616.35,612.15,613.65,71880
2022-05-30 13:15:00,1653896700,613.65,615.2,612.5,612.7,133180
2022-05-30 14:15:00,1653900300,612.7,613.75,612.1,612.55,148829
2022-05-30 15:15:00,1653903900,612.6,613.5,612,613,80465
2022-05-31 09:15:00,1653968700,610,616.55,603.75,615.5,270830
2022-05-31 10:15:00,1653972300,615.5,616.1,610.05,611.5,229910
2022-05-31 11:15:00,1653975900,611.5,612.3,606.6,609.6,257752
2022-05-31 12:15:00,1653979500,609.5,614,609.15,612.5,114614
2022-05-31 13:15:00,1653983100,612.5,617.7,611.8,615.65,143943
2022-05-31 14:15:00,1653986700,615.65,620,615.15,618.9,1146170
2022-05-31 15:15:00,1653990300,618.9,625,618.85,623,904543
2022-06-01 09:15:00,1654055100,621.55,624.05,616.35,620.15,297623
2022-06-01 10:15:00,1654058700,620.15,620.6,613.1,613.9,156261
2022-06-01 11:15:00,1654062300,613.9,615.55,608.35,610,629162
2022-06-01 12:15:00,1654065900,610,610.6,607.15,607.4,96590
2022-06-01 13:15:00,1654069500,607.4,611.45,607.2,609.25,118559
2022-06-01 14:15:00,1654073100,609.25,609.7,604.25,608.35,262438
2022-06-01 15:15:00,1654076700,608.4,609.25,606.9,606.9,122742
2022-06-02 09:15:00,1654141500,606.05,610.35,602,605.7,255693
2022-06-02 10:15:00,1654145100,606.05,608,603.25,604.2,88104
2022-06-02 11:15:00,1654148700,604.2,607,602.7,606.3,62942
2022-06-02 12:15:00,1654152300,606.3,609,604.5,607.75,114408
2022-06-02 13:15:00,1654155900,607.75,609.8,606.6,608.5,124220
2022-06-02 14:15:00,1654159500,608.5,613.55,608.05,613,184454
2022-06-02 15:15:00,1654163100,613,614.5,612.15,612.4,63030
2022-06-03 09:15:00,1654227900,612.65,621.9,612.65,616.1,400743
2022-06-03 10:15:00,1654231500,616.1,616.1,606.2,609.65,224316
2022-06-03 11:15:00,1654235100,609.65,613,609,611.85,141183
2022-06-03 12:15:00,1654238700,612.05,613.25,609.25,612.35,152742
2022-06-03 13:15:00,1654242300,612.35,615.7,608.5,613.7,191014
2022-06-03 14:15:00,1654245900,613.7,616,609,609.05,269303
2022-06-03 15:15:00,1654249500,609.1,613.65,609.05,613.3,114319
2022-06-06 09:15:00,1654487100,611.15,613.4,602.65,608.05,344030
2022-06-06 10:15:00,1654490700,608.05,612.35,603,603.4,234555
2022-06-06 11:15:00,1654494300,603.1,605.85,599,605.2,256928
2022-06-06 12:15:00,1654497900,605.25,608.9,603.25,608,184786
2022-06-06 13:15:00,1654501500,608,610,606.65,607.8,218746
2022-06-06 14:15:00,1654505100,607.8,608.2,604.65,605.65,217341
2022-06-06 15:15:00,1654508700,605.4,606.5,604.5,606.5,91092
2022-06-07 09:15:00,1654573500,604.8,604.8,598.05,601.15,205237
2022-06-07 10:15:00,1654577100,601.15,603.75,600.1,602.6,85349
2022-06-07 11:15:00,1654580700,602.6,610.75,602.15,609,154472
2022-06-07 12:15:00,1654584300,609,610.95,606.3,607.9,78163
2022-06-07 13:15:00,1654587900,607.9,609.5,604.5,605.25,96296
2022-06-07 14:15:00,1654591500,605.25,610.3,605,609.1,166044
2022-06-07 15:15:00,1654595100,609.1,611,609.05,611,76936
2022-06-08 09:15:00,1654659900,606.15,609.6,603,607.1,262890
2022-06-08 10:15:00,1654663500,607.5,613,606.1,609.95,121909
2022-06-08 11:15:00,1654667100,609.9,612.2,609,610.45,69198
2022-06-08 12:15:00,1654670700,610.7,614.9,610.1,611.2,108247
2022-06-08 13:15:00,1654674300,611,614.5,610.5,611.25,105582
2022-06-08 14:15:00,1654677900,611.25,613.7,609.75,613.1,142986
2022-06-08 15:15:00,1654681500,613.1,614.2,612.5,612.5,92793
2022-06-09 09:15:00,1654746300,612.7,627.95,609,618,479200
2022-06-09 10:15:00,1654749900,618,620.8,616.25,617.05,93682
2022-06-09 11:15:00,1654753500,617.4,618.75,615.5,618.5,43596
2022-06-09 12:15:00,1654757100,618.5,619.25,615.4,616.95,52281
2022-06-09 13:15:00,1654760700,616.95,618.4,615.75,618,38448
2022-06-09 14:15:00,1654764300,618,619.8,617.65,618.35,129876
2022-06-09 15:15:00,1654767900,618.1,619.25,616.25,617,116889
2022-06-10 09:15:00,1654832700,613.7,619.3,612,618.5,103086
2022-06-10 10:15:00,1654836300,618.5,622,617.6,619.8,68597
2022-06-10 11:15:00,1654839900,620.75,623.4,618.2,623,78713
2022-06-10 12:15:00,1654843500,623,623,620.05,620.55,59433
2022-06-10 13:15:00,1654847100,620.55,621,616.1,617.25,74174
2022-06-10 14:15:00,1654850700,617.25,620.65,617.1,619.05,63638
2022-06-10 15:15:00,1654854300,619.3,619.65,615,615,40659
2022-06-13 09:15:00,1655091900,612,615,607.3,611,126014
2022-06-13 10:15:00,1655095500,610.7,612,607,610.95,98228
2022-06-13 11:15:00,1655099100,610.95,612.75,610.5,610.8,41434
2022-06-13 12:15:00,1655102700,610.8,611.8,607,607.8,77976
2022-06-13 13:15:00,1655106300,607.75,609.3,604,607.35,183615
2022-06-13 14:15:00,1655109900,607.35,617.45,606.6,612.95,215916
2022-06-13 15:15:00,1655113500,613,613.55,610.55,611.3,49725
2022-06-14 09:15:00,1655178300,607.5,616,607.5,611.55,201998
2022-06-14 10:15:00,1655181900,611.55,620,611.55,617.2,142024
2022-06-14 11:15:00,1655185500,617.2,619.8,613.55,614.35,93519
2022-06-14 12:15:00,1655189100,614.35,615.5,610.9,612.2,59339
2022-06-14 13:15:00,1655192700,612.4,613.65,607.5,607.5,117868
2022-06-14 14:15:00,1655196300,607.5,610.25,606.5,609.85,137632
2022-06-14 15:15:00,1655199900,609.85,614.95,609.55,614.95,47570
2022-06-15 09:15:00,1655264700,614.35,614.95,608,613.55,172016
2022-06-15 10:15:00,1655268300,613.55,614.55,610.1,613.75,62627
2022-06-15 11:15:00,1655271900,613.75,614.6,613.2,613.3,39781
2022-06-15 12:15:00,1655275500,613.25,616.5,613.2,616,74734
2022-06-15 13:15:00,1655279100,616,616,613,613.2,27464
2022-06-15 14:15:00,1655282700,613.2,615.95,610.9,613.65,101283
2022-06-15 15:15:00,1655286300,613.65,614.45,613.5,613.85,45068
2022-06-16 09:15:00,1655351100,615.5,618.3,613.25,615.9,171007
2022-06-16 10:15:00,1655354700,615.9,616.1,610.85,614.5,237653
2022-06-16 11:15:00,1655358300,614.5,615.5,608,609.95,278862
2022-06-16 12:15:00,1655361900,609.95,610.95,607.5,608.7,173422
2022-06-16 13:15:00,1655365500,608.7,609.65,604.1,605.85,182749
2022-06-16 14:15:00,1655369100,605.85,605.85,600.25,603.1,180648
2022-06-16 15:15:00,1655372700,603.1,604.25,602.9,603.45,78397
2022-06-17 09:15:00,1655437500,600,605.25,592.9,595.1,223309
2022-06-17 10:15:00,1655441100,595,601.5,593.55,597.3,118236
2022-06-17 11:15:00,1655444700,597.3,600.65,595.1,598.75,41435
2022-06-17 12:15:00,1655448300,599,605.55,597.5,600.05,84380
2022-06-17 13:15:00,1655451900,600.05,604.2,597.6,599.45,147768
2022-06-17 14:15:00,1655455500,598.85,604.9,595.2,595.7,171759
2022-06-17 15:15:00,1655459100,596.05,600.4,595,599.25,120604
2022-06-20 09:15:00,1655696700,598.05,602.35,596.5,598.35,134694
2022-06-20 10:15:00,1655700300,598.35,600.05,595.5,597.4,91720
2022-06-20 11:15:00,1655703900,596.95,599.5,595,597.9,53490
2022-06-20 12:15:00,1655707500,597.9,602.5,597.9,601.6,78386
2022-06-20 13:15:00,1655711100,601.6,603.9,599.5,602.35,103129
2022-06-20 14:15:00,1655714700,602.35,607.75,600.05,607.75,121679
2022-06-20 15:15:00,1655718300,607.2,609.95,607,607.4,37113
2022-06-21 09:15:00,1655783100,610,634.9,608.95,632.3,786118
2022-06-21 10:15:00,1655786700,631.8,634.4,628.05,633.05,251817
2022-06-21 11:15:00,1655790300,633.05,633.35,626.5,626.8,173879
2022-06-21 12:15:00,1655793900,626.35,629,625.3,627,111554
2022-06-21 13:15:00,1655797500,627,630.15,626,629.65,99096
2022-06-21 14:15:00,1655801100,629.7,632.2,628,629.4,175203
2022-06-21 15:15:00,1655804700,630.45,632.05,628.8,630.7,137111
2022-06-22 09:15:00,1655869500,629.85,636,617.85,619.05,463621
2022-06-22 10:15:00,1655873100,619.05,625.35,615.25,618.95,178359
2022-06-22 11:15:00,1655876700,618.95,618.95,611.7,613.6,108320
2022-06-22 12:15:00,1655880300,613.6,614.95,609.25,612.9,99458
2022-06-22 13:15:00,1655883900,612.9,619.45,611.3,618.05,116120
2022-06-22 14:15:00,1655887500,618,618.7,610.2,613.2,194178
2022-06-22 15:15:00,1655891100,613.4,615.7,612.35,613.95,119657
2022-06-23 09:15:00,1655955900,615.45,621.55,613.7,621.55,110898
2022-06-23 10:15:00,1655959500,621.55,623.7,620.55,622.25,44533
2022-06-23 11:15:00,1655963100,622.25,624.6,618.7,621.2,57173
2022-06-23 12:15:00,1655966700,621.2,622.15,617.95,619,41661
2022-06-23 13:15:00,1655970300,619,626.55,618.7,624.7,76292
2022-06-23 14:15:00,1655973900,625.35,631.8,625.35,628.7,176740
2022-06-23 15:15:00,1655977500,628.7,629.95,627,627.85,46852
2022-06-24 09:15:00,1656042300,633.8,637.15,627,627.7,169812
2022-06-24 10:15:00,1656045900,627.8,629.1,624.05,624.5,87634
2022-06-24 11:15:00,1656049500,624.5,626.35,621.25,623.9,150134
2022-06-24 12:15:00,1656053100,623.2,634.15,623.2,631.45,394458
2022-06-24 13:15:00,1656056700,631.45,635.6,629,629.85,144980
2022-06-24 14:15:00,1656060300,629.85,631.65,626.45,629.15,119614
2022-06-24 15:15:00,1656063900,629.5,630.45,627.5,628,65072
2022-06-27 09:15:00,1656301500,630.35,638.8,630.35,633.6,158244
2022-06-27 10:15:00,1656305100,633.75,634.4,629.4,631.3,60459
2022-06-27 11:15:00,1656308700,631.3,634.9,630.05,633.8,41118
2022-06-27 12:15:00,1656312300,633.8,640.9,633.25,640.45,185276
2022-06-27 13:15:00,1656315900,640.3,640.65,631.5,631.5,126770
2022-06-27 14:15:00,1656319500,631.5,632.5,628.5,630,145814
2022-06-27 15:15:00,1656323100,630,630.75,629.6,630.5,100327
2022-06-28 09:15:00,1656387900,625,632.2,621.5,626.05,174919
2022-06-28 10:15:00,1656391500,626.05,630.05,625,629.55,53783
2022-06-28 11:15:00,1656395100,629.55,634.5,629.55,632.1,74241
2022-06-28 12:15:00,1656398700,632.1,633.55,627.7,628.1,53876
2022-06-28 13:15:00,1656402300,628.35,633,628.2,632.8,48507
2022-06-28 14:15:00,1656405900,632.8,635.35,632.5,633.1,59078
2022-06-28 15:15:00,1656409500,633.1,633.85,632.05,633,36309
2022-06-29 09:15:00,1656474300,628.95,632.6,626.5,630.5,100031
2022-06-29 10:15:00,1656477900,630.5,631.1,622.1,624.05,119196
2022-06-29 11:15:00,1656481500,624.05,625.55,620.65,623.9,71510
2022-06-29 12:15:00,1656485100,623.5,624.1,619.3,622.65,51218
2022-06-29 13:15:00,1656488700,622.65,624.8,622.15,624.35,47103
2022-06-29 14:15:00,1656492300,624.35,624.65,620.15,620.65,124665
2022-06-29 15:15:00,1656495900,620.6,621.35,618,619.7,70673
2022-06-30 09:15:00,1656560700,615,619.7,610.05,613,253740
2022-06-30 10:15:00,1656564300,612.8,613.35,608.5,610,170100
2022-06-30 11:15:00,1656567900,610.2,612.45,608,608.2,141531
2022-06-30 12:15:00,1656571500,608.2,611,607.5,610.7,128735
2022-06-30 13:15:00,1656575100,610.7,611.2,609.25,609.85,101038
2022-06-30 14:15:00,1656578700,609.85,613.95,609.25,610.95,214489
2022-06-30 15:15:00,1656582300,610.9,613.85,609,609,178162
2022-07-01 09:15:00,1656647100,613.1,618.95,608.7,610.6,342814
2022-07-01 10:15:00,1656650700,610.45,617,609.05,616.15,148968
2022-07-01 11:15:00,1656654300,616.15,621,616.15,620.35,101981
2022-07-01 12:15:00,1656657900,620.35,623,619.15,622.4,76081
2022-07-01 13:15:00,1656661500,622.4,624.4,621.4,623.35,57416
2022-07-01 14:15:00,1656665100,622.95,629,622.9,628.65,123962
2022-07-01 15:15:00,1656668700,628.75,630.55,627.3,627.3,52898
2022-07-04 09:15:00,1656906300,626.9,634.15,623.15,623.5,77447
2022-07-04 10:15:00,1656909900,623.6,625.3,622,624.95,46296
2022-07-04 11:15:00,1656913500,624.95,625.65,621.2,625,38496
2022-07-04 12:15:00,1656917100,625,631,624.55,629.3,56001
2022-07-04 13:15:00,1656920700,629,630,625.25,625.85,58891
2022-07-04 14:15:00,1656924300,625.85,629.95,625,628,54050
2022-07-04 15:15:00,1656927900,627.95,630.3,626.8,630.3,55044
2022-07-05 09:15:00,1656992700,633,635,629.1,633.55,128373
2022-07-05 10:15:00,1656996300,633.55,637.05,632.55,633.05,106911
2022-07-05 11:15:00,1656999900,633.05,636.85,632.55,636.25,59498
2022-07-05 12:15:00,1657003500,636.4,637.2,631.45,634.05,113571
2022-07-05 13:15:00,1657007100,634.45,635.4,626.35,626.95,107373
2022-07-05 14:15:00,1657010700,626.95,631.1,625.6,627.65,137518
2022-07-05 15:15:00,1657014300,627.75,630.9,627.45,630.9,53245
2022-07-06 09:15:00,1657079100,626,632,621.1,628.4,159913
2022-07-06 10:15:00,1657082700,628.4,630.25,625.9,627.65,41239
2022-07-06 11:15:00,1657086300,627.65,631.05,627.45,630.3,64338
2022-07-06 12:15:00,1657089900,630.3,634,629.65,632.3,61310
2022-07-06 13:15:00,1657093500,632.3,633.05,628.4,629,45002
2022-07-06 14:15:00,1657097100,629,631.25,628.35,628.65,83351
2022-07-06 15:15:00,1657100700,628.65,632.15,628,628,71975
2022-07-07 09:15:00,1657165500,645,651,622.35,632,956551
2022-07-07 10:15:00,1657169100,632,632.8,625.85,629.9,177941
2022-07-07 11:15:00,1657172700,629.9,630,627.45,628.7,75388
2022-07-07 12:15:00,1657176300,629,632.45,628.25,631.35,93233
2022-07-07 13:15:00,1657179900,631.35,634.45,630.8,631.65,151893
2022-07-07 14:15:00,1657183500,631.65,636.3,630.15,632.65,161396
2022-07-07 15:15:00,1657187100,632.65,633.8,632.05,633,70247
2022-07-08 09:15:00,1657251900,640,641.25,633,638.6,204260
2022-07-08 10:15:00,1657255500,638.75,640.55,637.1,637.1,73116
2022-07-08 11:15:00,1657259100,637.1,638.5,635.3,636.35,58744
2022-07-08 12:15:00,1657262700,636.35,638,633.4,633.75,50931
2022-07-08 13:15:00,1657266300,633.75,636.35,631.85,634.5,87722
2022-07-08 14:15:00,1657269900,634.5,635.55,630.05,634.65,127676
2022-07-08 15:15:00,1657273500,634.65,636,633.5,633.7,75657
2022-07-11 09:15:00,1657511100,631.6,639.9,631.6,639.9,136124
2022-07-11 10:15:00,1657514700,639.9,644.6,638.3,642,130420
2022-07-11 11:15:00,1657518300,642,642.8,637.85,639.1,65618
2022-07-11 12:15:00,1657521900,639.1,639.65,637.5,638.9,24859
2022-07-11 13:15:00,1657525500,638.9,642.4,638.6,640.8,34372
2022-07-11 14:15:00,1657529100,641,643.95,641,642.75,92091
2022-07-11 15:15:00,1657532700,642.75,643.1,641.1,643,65977
2022-07-12 09:15:00,1657597500,643.3,644,634.5,639,119925
2022-07-12 10:15:00,1657601100,638.85,639,635,635.3,41903
2022-07-12 11:15:00,1657604700,635.3,637.5,633,635.35,74745
2022-07-12 12:15:00,1657608300,635.35,635.35,632.5,632.9,59314
2022-07-12 13:15:00,1657611900,632.9,633.95,631.65,633.3,32759
2022-07-12 14:15:00,1657615500,633.5,635.4,633,633.65,65168
2022-07-12 15:15:00,1657619100,633.55,635.5,631,634.7,44304
2022-07-13 09:15:00,1657683900,639.45,639.9,632.85,638.1,139077
2022-07-13 10:15:00,1657687500,638.1,639.15,634.65,639.15,49961
2022-07-13 11:15:00,1657691100,639.15,642,638.2,641.7,59706
2022-07-13 12:15:00,1657694700,641.95,649.2,641.5,649.1,256216
2022-07-13 13:15:00,1657698300,649.15,651,646.05,648,213376
2022-07-13 14:15:00,1657701900,648,649.4,645.2,647.4,110164
2022-07-13 15:15:00,1657705500,647.4,648.75,646,648,77593
2022-07-14 09:15:00,1657770300,649.85,652.8,642,651.4,387586
2022-07-14 10:15:00,1657773900,651.75,653.85,645,645.4,251077
2022-07-14 11:15:00,1657777500,645.4,645.8,638.65,640.45,177274
2022-07-14 12:15:00,1657781100,640.45,644.5,640,643.4,87754
2022-07-14 13:15:00,1657784700,643.4,644.15,637.05,637.55,94552
2022-07-14 14:15:00,1657788300,637.55,644.25,637.15,644.15,134022
2022-07-14 15:15:00,1657791900,644,644.75,641.05,644,65261
2022-07-15 09:15:00,1657856700,643.25,646.2,639.3,644.85,125226
2022-07-15 10:15:00,1657860300,644.85,645.65,639.8,641.75,126296
2022-07-15 11:15:00,1657863900,641.75,644.7,639.9,642.35,71177
2022-07-15 12:15:00,1657867500,642.35,642.75,637.4,638.9,69975
2022-07-15 13:15:00,1657871100,638.9,639.85,636.1,638.55,57806
2022-07-15 14:15:00,1657874700,638.55,642,637.4,641.7,81212
2022-07-15 15:15:00,1657878300,641.7,642.2,638.9,639.45,34334
2022-07-18 09:15:00,1658115900,642.1,648.75,641.5,643.35,140523
2022-07-18 10:15:00,1658119500,642.9,645.7,640.8,643.55,82372
2022-07-18 11:15:00,1658123100,644,645.3,641.55,643.5,61745
2022-07-18 12:15:00,1658126700,643.5,643.5,639.2,639.95,86509
2022-07-18 13:15:00,1658130300,639.2,643.45,638.5,642.9,98550
2022-07-18 14:15:00,1658133900,642.95,646.05,641,645.3,172167
2022-07-18 15:15:00,1658137500,645.45,646.15,643.7,645,66027
2022-07-19 09:15:00,1658202300,645,650,641.2,647.35,241445
2022-07-19 10:15:00,1658205900,647.35,647.4,642.15,643.9,98957
2022-07-19 11:15:00,1658209500,643.6,644.6,640.85,643.65,109039
2022-07-19 12:15:00,1658213100,643.65,644.95,642,644.25,68572
2022-07-19 13:15:00,1658216700,644.25,645.9,642.15,645.25,74024
2022-07-19 14:15:00,1658220300,645.25,646.35,643.2,645.35,124312
2022-07-19 15:15:00,1658223900,645.35,645.5,640.55,642,69068
2022-07-20 09:15:00,1658288700,647,647.5,643.7,645.45,82565
2022-07-20 10:15:00,1658292300,645.45,652.35,645.35,651.15,157422
2022-07-20 11:15:00,1658295900,651.15,652.7,649.3,651.75,47870
2022-07-20 12:15:00,1658299500,651.9,653.15,650,650.35,59778
2022-07-20 13:15:00,1658303100,650.35,653.7,648.55,651.95,90208
2022-07-20 14:15:00,1658306700,651.95,656,650.65,655.55,88260
2022-07-20 15:15:00,1658310300,655.6,661.85,655.05,657.8,132715
2022-07-21 09:15:00,1658375100,660,662.25,653.5,660.75,212611
2022-07-21 10:15:00,1658378700,660.55,665.3,660.25,664,137196
2022-07-21 11:15:00,1658382300,663.9,664.15,660.9,661.75,64091
2022-07-21 12:15:00,1658385900,661.75,662,654.2,656,123390
2022-07-21 13:15:00,1658389500,656,657.25,648,652.7,160401
2022-07-21 14:15:00,1658393100,652.7,652.75,647.05,650.3,205855
2022-07-21 15:15:00,1658396700,650.1,651.6,650,651,106495
2022-07-22 09:15:00,1658461500,653,654,643.5,643.5,185202
2022-07-22 10:15:00,1658465100,643.7,645.45,641.25,642.7,94148
2022-07-22 11:15:00,1658468700,642.6,645.15,641,641.7,73728
2022-07-22 12:15:00,1658472300,641.2,641.8,637,637.75,144762
2022-07-22 13:15:00,1658475900,637.75,641.5,636,640.35,119900
2022-07-22 14:15:00,1658479500,640.35,641.45,639,640.25,164080
2022-07-22 15:15:00,1658483100,640.25,640.25,637,637.95,84819
2022-07-25 09:15:00,1658720700,643.35,643.35,628.1,629.2,296863
2022-07-25 10:15:00,1658724300,629.2,630.5,626,627.95,130935
2022-07-25 11:15:00,1658727900,628,633.95,627.7,631.4,93178
2022-07-25 12:15:00,1658731500,631.4,633,630.8,631.95,49531
2022-07-25 13:15:00,1658735100,631.95,633.25,630.2,632.1,58193
2022-07-25 14:15:00,1658738700,632.1,636.15,631.65,633.45,120534
2022-07-25 15:15:00,1658742300,633.7,633.9,629.5,631,65114
2022-07-26 09:15:00,1658807100,635.7,636,626.7,629.25,173526
2022-07-26 10:15:00,1658810700,629.25,632.8,628.85,629,50247
2022-07-26 11:15:00,1658814300,629,629.8,625.35,629.1,80574
2022-07-26 12:15:00,1658817900,629.1,631.5,628,629.7,72184
2022-07-26 13:15:00,1658821500,629.7,630.3,626.65,629.7,60440
2022-07-26 14:15:00,1658825100,629.7,630.85,626.85,628,141424
2022-07-26 15:15:00,1658828700,628.05,628.55,625,626.5,114332
2022-07-27 09:15:00,1658893500,625,632,623.1,631.1,137312
2022-07-27 10:15:00,1658897100,631.1,632.5,629.05,632.45,55262
2022-07-27 11:15:00,1658900700,632.45,635.85,631.05,635.3,79929
2022-07-27 12:15:00,1658904300,635.3,636.25,632.45,634.95,53095
2022-07-27 13:15:00,1658907900,634.95,639.85,634.7,638.35,101501
2022-07-27 14:15:00,1658911500,638.35,641.15,638.35,640.6,87135
2022-07-27 15:15:00,1658915100,640.6,641.75,639.3,641,70052
2022-07-28 09:15:00,1658979900,645,645,637.7,642.05,107897
2022-07-28 10:15:00,1658983500,642.05,644.75,641.6,644.4,44166
2022-07-28 11:15:00,1658987100,644.4,644.4,641.05,641.2,35622
2022-07-28 12:15:00,1658990700,641.2,642.45,641,641.85,36669
2022-07-28 13:15:00,1658994300,641.85,644.4,641.1,643.05,65463
2022-07-28 14:15:00,1658997900,643.45,643.7,637.25,640.45,83899
2022-07-28 15:15:00,1659001500,640.4,643,639.25,642.55,111020
2022-07-29 09:15:00,1659066300,642.1,644.85,631,640.6,390508
2022-07-29 10:15:00,1659069900,640.6,641.5,638.1,640.1,181305
2022-07-29 11:15:00,1659073500,640.1,641.35,635.5,636.45,66645
2022-07-29 12:15:00,1659077100,636.8,642.15,636.35,639.45,86466
2022-07-29 13:15:00,1659080700,639.45,648.65,637.65,645.25,205695
2022-07-29 14:15:00,1659084300,645.2,647.45,642.45,643.75,190178
2022-07-29 15:15:00,1659087900,643.75,644.7,642,642,108550
2022-08-01 09:15:00,1659325500,649.1,652.45,643.75,645,273790
2022-08-01 10:15:00,1659329100,645,645.55,637.75,639.55,180848
2022-08-01 11:15:00,1659332700,639.55,642,635.05,641,336675
2022-08-01 12:15:00,1659336300,641,641.5,637.75,640.5,99348
2022-08-01 13:15:00,1659339900,640.3,640.7,639.15,640.35,42398
2022-08-01 14:15:00,1659343500,640.3,642.6,640,641.05,101424
2022-08-01 15:15:00,1659347100,641.35,642,640.35,641,85504
2022-08-02 09:15:00,1659411900,639.6,640.95,629.3,630.95,422343
2022-08-02 10:15:00,1659415500,630.6,633.8,630.6,632.35,141364
2022-08-02 11:15:00,1659419100,632.35,633.7,631.4,633.6,76902
2022-08-02 12:15:00,1659422700,633.6,635.6,633,634.8,107686
2022-08-02 13:15:00,1659426300,634.8,636,634.3,634.8,82404
2022-08-02 14:15:00,1659429900,634.8,639,634,638.4,167266
2022-08-02 15:15:00,1659433500,638.35,640.6,634.15,636.45,141168
2022-08-03 09:15:00,1659498300,639,644,633.05,634.3,382168
2022-08-03 10:15:00,1659501900,634.35,635.55,632,633.3,102447
2022-08-03 11:15:00,1659505500,633.3,633.95,627.55,629.05,144513
2022-08-03 12:15:00,1659509100,629.4,631.25,628,629.95,91338
2022-08-03 13:15:00,1659512700,629.95,629.95,624.65,628.3,161454
2022-08-03 14:15:00,1659516300,628.3,630.5,625.75,628,173276
2022-08-03 15:15:00,1659519900,628.25,628.5,625.5,628,128398
2022-08-04 09:15:00,1659584700,612,632.65,603,632,3150019
2022-08-04 10:15:00,1659588300,632,642,631.45,633.45,1572481
2022-08-04 11:15:00,1659591900,633.1,634.55,625.9,628,841327
2022-08-04 12:15:00,1659595500,628,661.95,626.55,653,3640126
2022-08-04 13:15:00,1659599100,652.8,662.8,649.15,657,1759519
2022-08-04 14:15:00,1659602700,656.95,661.75,652.6,659.5,1374554
2022-08-04 15:15:00,1659606300,659.55,664.25,658.5,660,781079
2022-08-05 09:15:00,1659671100,658.9,666.8,653.95,658.75,1099562
2022-08-05 10:15:00,1659674700,658.7,670,658.35,667.55,646368
2022-08-05 11:15:00,1659678300,667,667,661.1,663.35,252766
2022-08-05 12:15:00,1659681900,663,666.4,661.1,662.95,237363
2022-08-05 13:15:00,1659685500,662.95,667.85,662.2,665.1,225591
2022-08-05 14:15:00,1659689100,665.1,669.35,662.55,667.7,303947
2022-08-05 15:15:00,1659692700,668,669.6,667,669.3,208771
2022-08-08 09:15:00,1659930300,670,673.05,659.05,661.2,356546
2022-08-08 10:15:00,1659933900,661.2,661.95,658.1,660.2,171898
2022-08-08 11:15:00,1659937500,660.2,667.85,660,664.45,272069
2022-08-08 12:15:00,1659941100,664.25,666.95,663.4,665.25,143065
2022-08-08 13:15:00,1659944700,665.8,668,665,667.05,154290
2022-08-08 14:15:00,1659948300,667,669,664.8,666.1,167987
2022-08-08 15:15:00,1659951900,666.25,667.6,666.1,667.15,109946
2022-08-10 09:15:00,1660103100,666.6,670.45,661.4,662,224761
2022-08-10 10:15:00,1660106700,662,668,660.1,667.95,151888
2022-08-10 11:15:00,1660110300,667.8,670.4,667.1,670,175139
2022-08-10 12:15:00,1660113900,670,671.3,668.8,670.05,71552
2022-08-10 13:15:00,1660117500,670,672.8,668.35,671.45,77881
2022-08-10 14:15:00,1660121100,671.45,671.85,668.7,669.9,115538
2022-08-10 15:15:00,1660124700,669.95,670.55,669.05,669.5,72882
2022-08-11 09:15:00,1660189500,673,680,672.2,678.2,211304
2022-08-11 10:15:00,1660193100,678.2,682.6,677,682.55,135598
2022-08-11 11:15:00,1660196700,682.3,683.25,679,682.5,109130
2022-08-11 12:15:00,1660200300,682.5,687,682.4,684.65,146861
2022-08-11 13:15:00,1660203900,684.65,686.85,682.8,684.8,97476
2022-08-11 14:15:00,1660207500,685.1,689.9,684.75,689.25,205691
2022-08-11 15:15:00,1660211100,689.25,694,688.2,694,181938
2022-08-12 09:15:00,1660275900,693.45,694,681,684.75,270698
2022-08-12 10:15:00,1660279500,684.95,689.55,683,683.25,114412
2022-08-12 11:15:00,1660283100,683.25,687.95,682,687.25,89579
2022-08-12 12:15:00,1660286700,687.25,689.05,684,685.45,50849
2022-08-12 13:15:00,1660290300,685.45,686.15,683.5,684.4,37355
2022-08-12 14:15:00,1660293900,684.4,685.3,681.95,682.9,117406
2022-08-12 15:15:00,1660297500,682.65,683.55,681,682.8,68174
2022-08-16 09:15:00,1660621500,687.95,689.9,675,676.85,237031
2022-08-16 10:15:00,1660625100,676.5,679.7,675.2,679.4,121742
2022-08-16 11:15:00,1660628700,679.4,682,678.35,679.55,196050
2022-08-16 12:15:00,1660632300,679.55,683.5,678.4,683,75439
2022-08-16 13:15:00,1660635900,683.2,684.3,682.05,683.25,45484
2022-08-16 14:15:00,1660639500,683.25,684.95,682.35,682.7,100599
2022-08-16 15:15:00,1660643100,682.7,684.9,682.45,682.6,66529
2022-08-17 09:15:00,1660707900,685,687.5,679.35,684.1,135207
2022-08-17 10:15:00,1660711500,684.1,688.95,683.8,687.05,109726
2022-08-17 11:15:00,1660715100,686.8,689.75,686.25,688.3,84164
2022-08-17 12:15:00,1660718700,688.3,689.1,687,688,55941
2022-08-17 13:15:00,1660722300,688,692.5,686.45,690.65,287137
2022-08-17 14:15:00,1660725900,690.65,690.65,687.1,688.1,276054
2022-08-17 15:15:00,1660729500,688.05,689,687.5,689,73442
2022-08-18 09:15:00,1660794300,687.95,690,678.35,688.65,233460
2022-08-18 10:15:00,1660797900,688.65,689.5,685.85,686.6,66703
2022-08-18 11:15:00,1660801500,686.6,687.75,685,686.1,81412
2022-08-18 12:15:00,1660805100,685.7,692,685,690.6,204952
2022-08-18 13:15:00,1660808700,690.6,690.6,687.5,688.35,100233
2022-08-18 14:15:00,1660812300,688.35,689.15,687,688.95,103577
2022-08-18 15:15:00,1660815900,689,689.1,688.15,689,97974
2022-08-19 09:15:00,1660880700,685,696.45,685,688,334117
2022-08-19 10:15:00,1660884300,688,693,687.65,688.55,153145
2022-08-19 11:15:00,1660887900,688.55,689.65,685.7,686.05,99269
2022-08-19 12:15:00,1660891500,686.05,689.3,685.65,686.75,103983
2022-08-19 13:15:00,1660895100,687.6,687.95,685.7,687.35,127732
2022-08-19 14:15:00,1660898700,687.4,689.95,686.55,688.95,148882
2022-08-19 15:15:00,1660902300,688.9,690,688,688,109889
2022-08-22 09:15:00,1661139900,684,689.2,679.5,681.05,191822
2022-08-22 10:15:00,1661143500,681.05,681.85,676,677.35,82867
2022-08-22 11:15:00,1661147100,677,686.4,676.65,685.95,146941
2022-08-22 12:15:00,1661150700,685.95,687.35,684.15,685.1,119536
2022-08-22 13:15:00,1661154300,685.1,685.9,678.55,680.9,106542
2022-08-22 14:15:00,1661157900,680.9,683.85,679.55,681.7,175679
2022-08-22 15:15:00,1661161500,682.1,686.85,681.05,686.25,149692
2022-08-23 09:15:00,1661226300,675,693,675,690.55,263760
2022-08-23 10:15:00,1661229900,690.55,694,689.1,691,179761
2022-08-23 11:15:00,1661233500,691.2,696.7,690.7,694.6,246721
2022-08-23 12:15:00,1661237100,694.6,698.5,693,695.5,175441
2022-08-23 13:15:00,1661240700,695.5,699.5,694.25,698.7,114344
2022-08-23 14:15:00,1661244300,698.65,699,692.7,694.7,221390
2022-08-23 15:15:00,1661247900,694.65,699,694,697,170241
2022-08-24 09:15:00,1661312700,698,703.8,687.25,689.5,456278
2022-08-24 10:15:00,1661316300,689.5,691.35,688.4,689.2,100672
2022-08-24 11:15:00,1661319900,689.2,689.75,682,682.3,199317
2022-08-24 12:15:00,1661323500,682.3,683.25,675.15,677,240573
2022-08-24 13:15:00,1661327100,677,678.95,676,676.7,142368
2022-08-24 14:15:00,1661330700,676.75,679.6,676.65,678.3,188343
2022-08-24 15:15:00,1661334300,678.3,678.9,675.1,675.25,141276
2022-08-25 09:15:00,1661399100,681,681,669.25,669.65,507010
2022-08-25 10:15:00,1661402700,670,671.3,663,670.35,590929
2022-08-25 11:15:00,1661406300,670.15,672.7,667.1,671.35,194217
2022-08-25 12:15:00,1661409900,671.35,672.75,669.1,671.15,127132
2022-08-25 13:15:00,1661413500,671.3,671.7,668.1,669,92101
2022-08-25 14:15:00,1661417100,669,669.35,665.1,665.1,425577
2022-08-25 15:15:00,1661420700,665.2,665.45,661.95,663.75,430027
2022-08-26 09:15:00,1661485500,672,672,660.25,662.5,419769
2022-08-26 10:15:00,1661489100,662.5,662.5,656.3,658.5,287251
2022-08-26 11:15:00,1661492700,658.6,659.5,655.5,658.15,207953
2022-08-26 12:15:00,1661496300,658.15,659.4,654.3,655.2,174200
2022-08-26 13:15:00,1661499900,655.2,656.45,652.1,655.5,194860
2022-08-26 14:15:00,1661503500,655.5,656,652.95,653.5,201890
2022-08-26 15:15:00,1661507100,653.5,653.75,650.85,651.6,162781
2022-08-29 09:15:00,1661744700,640,649.65,634.65,647.15,369050
2022-08-29 10:15:00,1661748300,647.15,652.5,647.05,649.9,113893
2022-08-29 11:15:00,1661751900,649.9,659.85,649.7,656.7,335700
2022-08-29 12:15:00,1661755500,656.7,659.95,655,659.1,174692
2022-08-29 13:15:00,1661759100,659.1,661.65,658.8,659.4,136206
2022-08-29 14:15:00,1661762700,659.4,663,659.4,660.7,192452
2022-08-29 15:15:00,1661766300,660.7,664.4,660.3,662.8,106736
2022-08-30 09:15:00,1661831100,664.9,668.4,661.7,666.8,226177
2022-08-30 10:15:00,1661834700,666.8,671.95,665.5,671.45,139724
2022-08-30 11:15:00,1661838300,671.15,671.5,668.45,669.9,93256
2022-08-30 12:15:00,1661841900,669.9,669.9,665.05,667.35,128704
2022-08-30 13:15:00,1661845500,667.35,670.95,666.3,670.45,149984
2022-08-30 14:15:00,1661849100,670.85,671.55,668.45,668.8,307925
2022-08-30 15:15:00,1661852700,668.25,669.75,666.2,668,233139
2022-09-01 09:15:00,1662003900,666,667.3,660,666.3,192894
2022-09-01 10:15:00,1662007500,666.35,669,665.1,665.35,74903
2022-09-01 11:15:00,1662011100,665.35,666.4,660.5,662.75,84455
2022-09-01 12:15:00,1662014700,662.8,664.75,661,661.7,63768
2022-09-01 13:15:00,1662018300,661.7,662.4,659.5,660.1,63706
2022-09-01 14:15:00,1662021900,660.1,662.3,659.1,660.9,72350
2022-09-01 15:15:00,1662025500,660.95,661.45,658.5,660.85,54582
2022-09-02 09:15:00,1662090300,661.65,665.3,659.4,660.25,95584
2022-09-02 10:15:00,1662093900,661,663.55,659.5,659.9,51281
2022-09-02 11:15:00,1662097500,659.9,660.4,657.05,657.85,95147
2022-09-02 12:15:00,1662101100,657.85,658.4,655.45,656.3,63371
2022-09-02 13:15:00,1662104700,656.3,657.85,655,657.7,58858
2022-09-02 14:15:00,1662108300,657.7,658,652.05,652.7,92859
2022-09-02 15:15:00,1662111900,652.6,655.4,652.6,653.75,73428
2022-09-05 09:15:00,1662349500,653.7,656.35,651,655.05,90849
2022-09-05 10:15:00,1662353100,655.05,657.55,653.35,654.6,47550
2022-09-05 11:15:00,1662356700,654.6,654.6,652.7,654.3,27683
2022-09-05 12:15:00,1662360300,654.4,656.2,653.05,653.6,24982
2022-09-05 13:15:00,1662363900,653.6,654.7,652.25,653.4,34525
2022-09-05 14:15:00,1662367500,653.4,654,651.5,653.35,60790
2022-09-05 15:15:00,1662371100,653.35,654,652,654,54680
2022-09-06 09:15:00,1662435900,653.5,659,652.85,654,108487
2022-09-06 10:15:00,1662439500,654,654.25,650.25,651.95,74517
2022-09-06 11:15:00,1662443100,651.9,651.95,648.6,650.65,63530
2022-09-06 12:15:00,1662446700,650.65,651.9,650.1,651.3,39486
2022-09-06 13:15:00,1662450300,651.3,651.95,650.25,651.55,29681
2022-09-06 14:15:00,1662453900,651.5,653.75,650.55,652.25,52473
2022-09-06 15:15:00,1662457500,652.25,653.4,652,652.3,24465
2022-09-07 09:15:00,1662522300,652.55,656.5,647.15,653.55,80290
2022-09-07 10:15:00,1662525900,653.55,662.2,653.2,656.65,296347
2022-09-07 11:15:00,1662529500,656.65,658.35,655.25,656.75,31136
2022-09-07 12:15:00,1662533100,656.75,660.35,656.75,659.35,38170
2022-09-07 13:15:00,1662536700,658.95,664,658.55,662.25,62091
2022-09-07 14:15:00,1662540300,662.25,667,661.55,665.5,114289
2022-09-07 15:15:00,1662543900,665.5,667.8,665.5,667,69936
2022-09-08 09:15:00,1662608700,673,673,666.45,668,169879
2022-09-08 10:15:00,1662612300,668.15,669,666.5,666.65,57312
2022-09-08 11:15:00,1662615900,666.65,669,666.65,667.95,31179
2022-09-08 12:15:00,1662619500,667.95,668.55,664.05,664.55,59360
2022-09-08 13:15:00,1662623100,664.5,667.3,664.15,665.45,35536
2022-09-08 14:15:00,1662626700,665.45,668.4,665.45,666.4,71168
2022-09-08 15:15:00,1662630300,666.4,667.25,665,665.95,48792
2022-09-09 09:15:00,1662695100,669,671.95,666.8,671,91474
2022-09-09 10:15:00,1662698700,671,671.75,669.35,669.65,85583
2022-09-09 11:15:00,1662702300,669.8,670.2,667.1,669,55412
2022-09-09 12:15:00,1662705900,669,673.7,668.8,671.95,92667
2022-09-09 13:15:00,1662709500,672,672.4,669.4,671.55,82145
2022-09-09 14:15:00,1662713100,671.5,672.65,668.5,668.5,121911
2022-09-09 15:15:00,1662716700,668.55,669,666,666,55251
2022-09-12 09:15:00,1662954300,668.55,674.8,667.65,672.25,88811
2022-09-12 10:15:00,1662957900,672.25,672.7,669.45,669.7,43584
2022-09-12 11:15:00,1662961500,669.7,670.95,668.2,670,25935
2022-09-12 12:15:00,1662965100,670,672.45,669,671.45,35425
2022-09-12 13:15:00,1662968700,671.25,672.5,670.15,672,24731
2022-09-12 14:15:00,1662972300,672,674,671,671.55,57262
2022-09-12 15:15:00,1662975900,671.7,671.95,670,671.9,39499
2022-09-13 09:15:00,1663040700,674,675.05,668.5,672.7,131693
2022-09-13 10:15:00,1663044300,672.7,673.65,671.15,671.9,55671
2022-09-13 11:15:00,1663047900,671.9,674.4,671.15,672.55,49289
2022-09-13 12:15:00,1663051500,672.55,674.95,671.5,673.2,82301
2022-09-13 13:15:00,1663055100,673.2,674,671.65,673.25,62002
2022-09-13 14:15:00,1663058700,673.25,674.6,671.8,674.1,82662
2022-09-13 15:15:00,1663062300,674.05,674.85,673.05,673.85,64383
2022-09-14 09:15:00,1663127100,666,671.45,663.6,668.05,107695
2022-09-14 10:15:00,1663130700,667.8,669.15,666.4,668.35,31657
2022-09-14 11:15:00,1663134300,668.35,671.5,668.05,670.9,32915
2022-09-14 12:15:00,1663137900,670.9,671.5,667.4,668.4,32972
2022-09-14 13:15:00,1663141500,668.4,670,668,669.85,31458
2022-09-14 14:15:00,1663145100,670,670,665.9,665.9,93876
2022-09-14 15:15:00,1663148700,666,667.15,665.65,667.15,85262
2022-09-15 09:15:00,1663213500,669.75,670.8,659.3,659.6,110522
2022-09-15 10:15:00,1663217100,659.85,661.4,657.3,660,82222
2022-09-15 11:15:00,1663220700,660,662.8,658.8,659.95,66568
2022-09-15 12:15:00,1663224300,659.95,662.65,659.15,661.85,68810
2022-09-15 13:15:00,1663227900,662.1,663.6,661.65,662.8,51278
2022-09-15 14:15:00,1663231500,662.8,665.9,661.1,662.35,106805
2022-09-15 15:15:00,1663235100,662.65,662.95,660,662,53848
2022-09-16 09:15:00,1663299900,662.9,663.75,648.5,649.55,342113
2022-09-16 10:15:00,1663303500,648.95,649.2,644.1,646.7,370603
2022-09-16 11:15:00,1663307100,646.65,647.85,644.85,646.35,140237
2022-09-16 12:15:00,1663310700,646.35,647,641.1,641.4,145533
2022-09-16 13:15:00,1663314300,641.4,641.5,630.1,635.4,274218
2022-09-16 14:15:00,1663317900,635.15,639,631.75,632.6,415554
2022-09-16 15:15:00,1663321500,632.6,633.55,630,631,316986
2022-09-19 09:15:00,1663559100,633,634.75,623,632.6,303021
2022-09-19 10:15:00,1663562700,632.6,633.65,629.5,630.55,62238
2022-09-19 11:15:00,1663566300,630.55,633.5,628.6,632.8,58034
2022-09-19 12:15:00,1663569900,632.8,634.95,630.6,632.85,91704
2022-09-19 13:15:00,1663573500,632.85,638.85,631.35,638,160914
2022-09-19 14:15:00,1663577100,638.5,644.7,636.35,643.95,393568
2022-09-19 15:15:00,1663580700,643.95,645.8,643.7,645.5,83453
2022-09-20 09:15:00,1663645500,644.5,654,642.25,653.3,143948
2022-09-20 10:15:00,1663649100,653.3,665.6,652.4,665.3,362101
2022-09-20 11:15:00,1663652700,665.6,671.9,663.6,667.6,496116
2022-09-20 12:15:00,1663656300,667.6,670.85,666.2,670.45,208122
2022-09-20 13:15:00,1663659900,670.45,671,667.5,669,216408
2022-09-20 14:15:00,1663663500,669,671.6,667.55,670.9,279285
2022-09-20 15:15:00,1663667100,670.9,673.95,670,670,186949
2022-09-21 09:15:00,1663731900,670,681.9,666.6,673.2,522683
2022-09-21 10:15:00,1663735500,673.2,673.35,669.05,670.05,118025
2022-09-21 11:15:00,1663739100,670.2,671.15,662.55,664.15,149778
2022-09-21 12:15:00,1663742700,664.15,664.55,660.25,664.55,108625
2022-09-21 13:15:00,1663746300,664.55,670.5,664.35,666,169950
2022-09-21 14:15:00,1663749900,666,666.7,660.5,660.7,132848
2022-09-21 15:15:00,1663753500,660.7,662.6,660,660.4,64451
2022-09-22 09:15:00,1663818300,655.8,663.15,655.05,658.9,136877
2022-09-22 10:15:00,1663821900,658.9,659.5,654.75,656.9,111077
2022-09-22 11:15:00,1663825500,656.9,657.6,654,654.2,109088
2022-09-22 12:15:00,1663829100,654.2,662,654.05,662,105108
2022-09-22 13:15:00,1663832700,662,664.7,661.5,663.85,116277
2022-09-22 14:15:00,1663836300,663.6,665.5,661.4,663.2,82193
2022-09-22 15:15:00,1663839900,663.35,664.95,662.05,663.8,40299
2022-09-23 09:15:00,1663904700,666.3,668,656.6,657.5,139441
2022-09-23 10:15:00,1663908300,657.85,661.1,655.6,657.2,46050
2022-09-23 11:15:00,1663911900,657.2,659.55,655.95,657.7,30081
2022-09-23 12:15:00,1663915500,657.7,657.7,653.25,653.3,79730
2022-09-23 13:15:00,1663919100,653.3,657.1,650.45,653.05,72221
2022-09-23 14:15:00,1663922700,653.05,653.05,647.3,648,109460
2022-09-23 15:15:00,1663926300,647.55,649.8,647,647,54691
2022-09-26 09:15:00,1664163900,643.5,647.05,637.5,640.8,184604
2022-09-26 10:15:00,1664167500,640.8,644.05,637.7,643.8,79244
2022-09-26 11:15:00,1664171100,643.8,651.8,643,650.45,112295
2022-09-26 12:15:00,1664174700,650.05,660,650.05,658.5,219929
2022-09-26 13:15:00,1664178300,658.5,660.4,652.4,653.95,217444
2022-09-26 14:15:00,1664181900,653.95,657.7,652.9,653.8,135168
2022-09-26 15:15:00,1664185500,653.85,654.8,651.3,653,69870
2022-09-27 09:15:00,1664250300,659.9,661.05,646.35,647.5,147660
2022-09-27 10:15:00,1664253900,647.5,651.7,644.2,647,229067
2022-09-27 11:15:00,1664257500,646.35,654,645.5,652.3,61403
2022-09-27 12:15:00,1664261100,652.3,655,650.35,654.65,50882
2022-09-27 13:15:00,1664264700,654.65,660.15,654.5,657.25,88544
2022-09-27 14:15:00,1664268300,657.25,660.3,655.2,656.05,152577
2022-09-27 15:15:00,1664271900,656,656.95,655,655,65041
2022-09-28 09:15:00,1664336700,651,663,646.35,663,203081
2022-09-28 10:15:00,1664340300,662.55,665.75,660.35,665.25,202952
2022-09-28 11:15:00,1664343900,665.25,669.95,664.7,669.55,181250
2022-09-28 12:15:00,1664347500,669.55,670.95,666.65,667.4,154344
2022-09-28 13:15:00,1664351100,667.25,669.95,665.55,669.55,98104
2022-09-28 14:15:00,1664354700,669.55,672.4,666.1,672.05,216768
2022-09-28 15:15:00,1664358300,672.3,672.3,667,668,108949
2022-09-29 09:15:00,1664423100,673.6,674.1,662.1,669.5,280536
2022-09-29 10:15:00,1664426700,669.55,670.4,651.6,661.5,580152
2022-09-29 11:15:00,1664430300,661.6,662.15,655.05,658.2,148777
2022-09-29 12:15:00,1664433900,658.35,661,654.95,655.1,183989
2022-09-29 13:15:00,1664437500,655.1,655.7,650.65,653,186770
2022-09-29 14:15:00,1664441100,653,659.95,644.8,659.6,1816430
2022-09-29 15:15:00,1664444700,659.65,663.6,655,655.05,1176059
2022-09-30 09:15:00,1664509500,660,682.8,660,665.4,2125671
2022-09-30 10:15:00,1664513100,664.65,670.5,663,663.3,371207
2022-09-30 11:15:00,1664516700,663.45,669.55,663,668.75,138547
2022-09-30 12:15:00,1664520300,668.4,669.55,666.25,667,95580
2022-09-30 13:15:00,1664523900,667.05,674.75,666.45,672,280415
2022-09-30 14:15:00,1664527500,672,680.45,669.1,679.85,662946
2022-09-30 15:15:00,1664531100,679.9,681.9,677.05,678.65,326868
2022-10-03 09:15:00,1664768700,679,708.95,678.95,706.1,1657190
2022-10-03 10:15:00,1664772300,706.3,715.5,705.15,712.9,1206339
2022-10-03 11:15:00,1664775900,712.7,718.8,712.7,713.65,993728
2022-10-03 12:15:00,1664779500,713.6,714.85,708.95,711.9,510184
2022-10-03 13:15:00,1664783100,711.9,717.85,709.5,717.15,579449
2022-10-03 14:15:00,1664786700,717.5,721.8,715.45,720.75,1016934
2022-10-03 15:15:00,1664790300,720.7,726.7,720.15,721,652368
2022-10-04 09:15:00,1664855100,725,726.75,712.15,720.7,717243
2022-10-04 10:15:00,1664858700,720.7,734.65,718.55,733.05,531317
2022-10-04 11:15:00,1664862300,733,737.9,723.45,725.35,684740
2022-10-04 12:15:00,1664865900,725.45,735.5,724.3,732,495852
2022-10-04 13:15:00,1664869500,732,750.55,731.7,742,1034400
2022-10-04 14:15:00,1664873100,741.65,743.8,736.25,742.3,499746
2022-10-04 15:15:00,1664876700,741.95,745,739.6,740.95,248189
2022-10-06 09:15:00,1665027900,744.95,744.95,734.5,734.7,447468
2022-10-06 10:15:00,1665031500,734.7,740,734.15,734.15,213924
2022-10-06 11:15:00,1665035100,733.9,736,729,732.45,575298
2022-10-06 12:15:00,1665038700,732.4,732.4,723.5,724.75,222762
2022-10-06 13:15:00,1665042300,724.75,730.45,723.55,725.1,228155
2022-10-06 14:15:00,1665045900,724.65,727.95,720.9,722.55,209194
2022-10-06 15:15:00,1665049500,722.55,724.95,721.15,721.15,154913
2022-10-07 09:15:00,1665114300,717.65,725,713.3,715.9,388432
2022-10-07 10:15:00,1665117900,715.9,722.9,714,722.55,251921
2022-10-07 11:15:00,1665121500,722.7,727,721,726.05,234011
2022-10-07 12:15:00,1665125100,726.15,727.8,723,726,199095
2022-10-07 13:15:00,1665128700,726,727.9,725.5,727.35,146512
2022-10-07 14:15:00,1665132300,727.35,727.65,718.8,721.1,231571
2022-10-07 15:15:00,1665135900,721.1,722,720.2,721.3,66370
2022-10-10 09:15:00,1665373500,718.2,718.7,706.05,709.75,208805
2022-10-10 10:15:00,1665377100,709.75,718.3,707.55,716.65,125079
2022-10-10 11:15:00,1665380700,716.65,717,710.05,713.3,108561
2022-10-10 12:15:00,1665384300,713.3,715,709.05,709.9,106827
2022-10-10 13:15:00,1665387900,709.6,710,703.5,704.8,109926
2022-10-10 14:15:00,1665391500,705.35,711.95,704.75,708.4,131890
2022-10-10 15:15:00,1665395100,708.3,708.95,705.2,708,70819
2022-10-11 09:15:00,1665459900,708,710,693.4,694.3,364378
2022-10-11 10:15:00,1665463500,694.55,695,689,691.5,312546
2022-10-11 11:15:00,1665467100,691.5,693.45,688.3,690.55,175610
2022-10-11 12:15:00,1665470700,690.55,690.55,686.2,688.8,162760
2022-10-11 13:15:00,1665474300,688.8,693,685,688.3,209055
2022-10-11 14:15:00,1665477900,688.3,688.7,680,680.15,298128
2022-10-11 15:15:00,1665481500,680.55,681.4,679.6,680.05,163885
2022-10-12 09:15:00,1665546300,684.4,685.35,673.3,676.8,274985
2022-10-12 10:15:00,1665549900,676.8,679.5,674.15,676.15,76914
2022-10-12 11:15:00,1665553500,676.15,682.75,675.75,679.05,96821
2022-10-12 12:15:00,1665557100,679.05,681.25,677,677.45,49927
2022-10-12 13:15:00,1665560700,677.45,681.95,677.1,679.55,68037
2022-10-12 14:15:00,1665564300,679.55,680.3,678.2,678.55,69206
2022-10-12 15:15:00,1665567900,678.3,680,678,679.2,58990
2022-10-13 09:15:00,1665632700,679.3,689.6,677.25,683.5,278077
2022-10-13 10:15:00,1665636300,683.5,684.25,678.4,679.25,130929
2022-10-13 11:15:00,1665639900,679.25,688.15,677,686.7,305570
2022-10-13 12:15:00,1665643500,686.7,687.45,684.2,685.25,101530
2022-10-13 13:15:00,1665647100,685,686.6,683.35,685.85,113788
2022-10-13 14:15:00,1665650700,685.85,689.9,685.25,687.1,218017
2022-10-13 15:15:00,1665654300,686.95,688.75,684.7,688.75,71429
2022-10-14 09:15:00,1665719100,694,696,688,691.7,155023
2022-10-14 10:15:00,1665722700,691.7,691.7,686.65,687,58140
2022-10-14 11:15:00,1665726300,687,692.05,681.6,691.65,214435
2022-10-14 12:15:00,1665729900,691.65,698.75,691,695.85,282547
2022-10-14 13:15:00,1665733500,695.85,696.35,690.85,693.5,125349
2022-10-14 14:15:00,1665737100,693.45,693.45,687.85,691.3,176854
2022-10-14 15:15:00,1665740700,691.6,692.5,690.5,691.45,86411
2022-10-17 09:15:00,1665978300,691,693.45,686.1,692.55,124101
2022-10-17 10:15:00,1665981900,693,694.7,689,691.8,70976
2022-10-17 11:15:00,1665985500,691.8,693.5,690.4,693,30089
2022-10-17 12:15:00,1665989100,693,695,691.5,693.25,35849
2022-10-17 13:15:00,1665992700,693.25,695.75,692.5,693.1,33453
2022-10-17 14:15:00,1665996300,693.1,694.25,688.2,689.5,76381
2022-10-17 15:15:00,1665999900,689.5,693.55,689,692.95,70030
2022-10-18 09:15:00,1666064700,694.15,694.9,686.6,687,97886
2022-10-18 10:15:00,1666068300,687.3,687.8,682.25,682.9,126792
2022-10-18 11:15:00,1666071900,682.9,693.5,682.9,693.35,212430
2022-10-18 12:15:00,1666075500,693.35,693.95,690.15,692.05,54358
2022-10-18 13:15:00,1666079100,692.05,692.05,688.8,689.45,43262
2022-10-18 14:15:00,1666082700,689.45,693.9,687.4,693.9,78184
2022-10-18 15:15:00,1666086300,693.7,695.95,693,693.65,68481
2022-10-19 09:15:00,1666151100,695,697.95,689.15,691,90964
2022-10-19 10:15:00,1666154700,691,691.95,687.4,689,39306
2022-10-19 11:15:00,1666158300,689.3,690,685.4,687.4,51864
2022-10-19 12:15:00,1666161900,687.4,693.5,686.2,691.8,105218
2022-10-19 13:15:00,1666165500,691.8,692.1,689.75,690.9,35470
2022-10-19 14:15:00,1666169100,690.9,694.4,687.8,687.8,113134
2022-10-19 15:15:00,1666172700,687.85,688.75,687,688.2,42128
2022-10-20 09:15:00,1666237500,672,688.75,671.3,687.15,681158
2022-10-20 10:15:00,1666241100,687.15,691.4,686.05,686.25,145966
2022-10-20 11:15:00,1666244700,686.7,688,680.05,680.3,125576
2022-10-20 12:15:00,1666248300,680.25,680.65,678.2,678.5,147215
2022-10-20 13:15:00,1666251900,678.5,679.85,677,679.45,74955
2022-10-20 14:15:00,1666255500,679.45,681,678.7,679.85,224856
2022-10-20 15:15:00,1666259100,680,680.65,676.7,677.65,178726
2022-10-21 09:15:00,1666323900,680.5,688.35,680,682.85,173756
2022-10-21 10:15:00,1666327500,682.65,683.65,680,680.7,48532
2022-10-21 11:15:00,1666331100,680.7,682.2,678.35,680,35831
2022-10-21 12:15:00,1666334700,680,680.15,675.8,678.55,37711
2022-10-21 13:15:00,1666338300,678.8,680,676.55,677,30815
2022-10-21 14:15:00,1666341900,677,681.1,675,678,71002
2022-10-21 15:15:00,1666345500,678,679,675.65,676.5,37022
2022-10-24 18:15:00,1666615500,682,686.6,678.8,683,78034
2022-10-25 09:15:00,1666669500,680.75,684.6,676.05,682.8,182440
2022-10-25 10:15:00,1666673100,682.8,690,682.25,687.2,199957
2022-10-25 11:15:00,1666676700,687,688.4,684.55,684.55,121872
2022-10-25 12:15:00,1666680300,684.55,687,683.5,686.45,96534
2022-10-25 13:15:00,1666683900,686.45,690.95,686.25,688.95,117654
2022-10-25 14:15:00,1666687500,689,689.2,684.85,685.25,128790
2022-10-25 15:15:00,1666691100,685.4,685.8,682,682.95,83419
2022-10-27 09:15:00,1666842300,687,695.9,685.1,693.6,191914
2022-10-27 10:15:00,1666845900,693.6,697.45,692.9,694.1,95847
2022-10-27 11:15:00,1666849500,694.6,694.7,690.25,694.35,63691
2022-10-27 12:15:00,1666853100,694.35,702.95,693.1,702.3,130120
2022-10-27 13:15:00,1666856700,702.3,702.9,698.8,699,94353
2022-10-27 14:15:00,1666860300,699,705.25,694.45,700.75,291109
2022-10-27 15:15:00,1666863900,700.7,707.5,700.7,705.2,157000
2022-10-28 09:15:00,1666928700,706.85,706.85,696.65,698.45,106319
2022-10-28 10:15:00,1666932300,698.5,698.5,694.55,696.85,62056
2022-10-28 11:15:00,1666935900,697,697.5,695,696.6,17859
2022-10-28 12:15:00,1666939500,696.6,698,694.1,697.9,43546
2022-10-28 13:15:00,1666943100,697.9,699,693.05,694.4,122673
2022-10-28 14:15:00,1666946700,694.25,697.4,693.45,697.3,202370
2022-10-28 15:15:00,1666950300,697.3,698.15,694.05,695.6,48449
2022-10-31 09:15:00,1667187900,695,705.55,688.8,694.4,259736
2022-10-31 10:15:00,1667191500,694.4,695.55,691.05,692.45,70894
2022-10-31 11:15:00,1667195100,692.85,694.35,690.1,690.8,64934
2022-10-31 12:15:00,1667198700,691,691.8,690.05,691,32491
2022-10-31 13:15:00,1667202300,691.05,693.15,688.3,692.65,67401
2022-10-31 14:15:00,1667205900,692.65,699.65,691.9,699.45,120919
2022-10-31 15:15:00,1667209500,699.55,702,698,698.15,67473
2022-11-01 09:15:00,1667274300,700,714.8,700,702.65,331456
2022-11-01 10:15:00,1667277900,702.55,706.55,702.25,704.9,90648
2022-11-01 11:15:00,1667281500,704.9,709.55,702.3,707.65,83970
2022-11-01 12:15:00,1667285100,707.65,709.35,702,702.5,57579
2022-11-01 13:15:00,1667288700,702.5,707.25,702.4,705.65,53654
2022-11-01 14:15:00,1667292300,705.25,710.65,704.05,710.3,101808
2022-11-01 15:15:00,1667295900,710.3,710.75,706.15,707.05,71405
2022-11-02 09:15:00,1667360700,709.5,716,708,709.45,282137
2022-11-02 10:15:00,1667364300,709.45,716.7,709.25,712.2,108700
2022-11-02 11:15:00,1667367900,712.2,712.4,706.25,707.7,71061
2022-11-02 12:15:00,1667371500,707.5,708.55,705.05,706.55,49034
2022-11-02 13:15:00,1667375100,706.55,708,704.8,706.35,47007
2022-11-02 14:15:00,1667378700,706.35,708.5,706,708.05,62684
2022-11-02 15:15:00,1667382300,708.05,708.5,704.85,706.15,40495
2022-11-03 09:15:00,1667447100,704.85,707.9,701.3,706.75,58745
2022-11-03 10:15:00,1667450700,707.4,713.3,706,711.85,121930
2022-11-03 11:15:00,1667454300,711.85,713.9,710.05,711.75,62066
2022-11-03 12:15:00,1667457900,711.75,712,706.25,709.3,61918
2022-11-03 13:15:00,1667461500,709.3,710.85,708.2,709.15,24058
2022-11-03 14:15:00,1667465100,709.15,712.75,708.55,712.1,107614
2022-11-03 15:15:00,1667468700,712.1,714,711.35,712.85,65282
2022-11-04 09:15:00,1667533500,714,716.3,702.5,704.3,150282
2022-11-04 10:15:00,1667537100,704.2,710.4,703,707.75,135180
2022-11-04 11:15:00,1667540700,707.75,710.85,706.45,710.15,232206
2022-11-04 12:15:00,1667544300,710.15,710.5,707.25,709.75,53426
2022-11-04 13:15:00,1667547900,709.75,711,708.6,710,49183
2022-11-04 14:15:00,1667551500,710,712.5,707.85,712.4,100056
2022-11-04 15:15:00,1667555100,712,712.25,707.25,707.25,69652
2022-11-07 09:15:00,1667792700,712,716.25,708,711.4,213630
2022-11-07 10:15:00,1667796300,711.25,721,710.65,720.65,203680
2022-11-07 11:15:00,1667799900,720.35,723.95,714.05,714.8,302898
2022-11-07 12:15:00,1667803500,715,716.45,711.2,712.85,80103
2022-11-07 13:15:00,1667807100,712.85,713.6,710.3,711.3,77670
2022-11-07 14:15:00,1667810700,711.2,712.65,706.55,709.1,158712
2022-11-07 15:15:00,1667814300,709.1,710.75,709.05,709.5,50946
2022-11-09 09:15:00,1667965500,713,715.4,691,695.75,510010
2022-11-09 10:15:00,1667969100,696,696.2,688.05,690.95,204085
2022-11-09 11:15:00,1667972700,690.95,698,690.55,697.95,159820
2022-11-09 12:15:00,1667976300,697.45,699.85,694.85,698.5,103568
2022-11-09 13:15:00,1667979900,698.5,698.85,694.1,694.6,62142
2022-11-09 14:15:00,1667983500,694.6,696.7,690,694.85,190234
2022-11-09 15:15:00,1667987100,694.95,695.45,692.45,695,165682
2022-11-10 09:15:00,1668051900,717.2,754,717.2,731,5635085
2022-11-10 10:15:00,1668055500,731,732.4,724.2,730.75,1212345
2022-11-10 11:15:00,1668059100,730.25,733.15,726.1,726.65,613065
2022-11-10 12:15:00,1668062700,726.65,736,726.6,732.1,1345639
2022-11-10 13:15:00,1668066300,732.05,732.5,723.35,724,598252
2022-11-10 14:15:00,1668069900,723.9,724.65,707.6,718.95,1726242
2022-11-10 15:15:00,1668073500,719.5,725.1,718.9,721.7,540544
2022-11-11 09:15:00,1668138300,725,744.8,725,741.35,1202471
2022-11-11 10:15:00,1668141900,741.35,746.5,740.2,740.45,576905
2022-11-11 11:15:00,1668145500,740.45,745.15,740.45,744.45,329902
2022-11-11 12:15:00,1668149100,744.45,747.6,743.6,745.1,444731
2022-11-11 13:15:00,1668152700,744.95,745.45,740.8,742.55,220029
2022-11-11 14:15:00,1668156300,742.9,746.85,742.25,746.35,278052
2022-11-11 15:15:00,1668159900,746.6,749,745.3,746.35,210747
2022-11-14 09:15:00,1668397500,749,758,737.4,756.4,616288
2022-11-14 10:15:00,1668401100,756.35,757.2,753,753.95,196131
2022-11-14 11:15:00,1668404700,753.95,759,753.65,758.7,133972
2022-11-14 12:15:00,1668408300,758.7,760.5,755,756.5,260010
2022-11-14 13:15:00,1668411900,756.5,760.8,756.15,757.7,130373
2022-11-14 14:15:00,1668415500,757.7,760.2,757.3,759,204794
2022-11-14 15:15:00,1668419100,759,760.45,758,758.5,97206
2022-11-15 09:15:00,1668483900,761,763.4,749.1,751.9,299632
2022-11-15 10:15:00,1668487500,751.55,752.85,749.55,751.2,75409
2022-11-15 11:15:00,1668491100,750.8,754.1,750.1,750.3,67171
2022-11-15 12:15:00,1668494700,750.3,753.45,748.3,752.5,81679
2022-11-15 13:15:00,1668498300,752.35,752.9,749.5,750,49683
2022-11-15 14:15:00,1668501900,749.65,754.45,748.75,752.85,100151
2022-11-15 15:15:00,1668505500,752.85,755.5,752.65,755.5,67240
2022-11-16 09:15:00,1668570300,752.5,756.85,748.2,750.85,1016273
2022-11-16 10:15:00,1668573900,750.85,752.8,741.15,743,256942
2022-11-16 11:15:00,1668577500,743,746.5,741.2,741.35,111319
2022-11-16 12:15:00,1668581100,741.35,742,738.7,739.55,74479
2022-11-16 13:15:00,1668584700,739.55,741.6,735.65,735.75,77257
2022-11-16 14:15:00,1668588300,735.75,739.65,732.25,738.55,186916
2022-11-16 15:15:00,1668591900,738.55,742,738.35,740.9,107931
2022-11-17 09:15:00,1668656700,740,746.7,733.85,736.35,184600
2022-11-17 10:15:00,1668660300,736.35,739.65,735.85,737.5,75094
2022-11-17 11:15:00,1668663900,737.5,737.85,730.3,730.95,83932
2022-11-17 12:15:00,1668667500,730.95,736.85,730.1,736.4,87588
2022-11-17 13:15:00,1668671100,736.4,740,734.05,736.65,94224
2022-11-17 14:15:00,1668674700,736.65,738.95,735.6,736.7,76342
2022-11-17 15:15:00,1668678300,736.7,736.7,734.05,735,44453
2022-11-18 09:15:00,1668743100,736.1,740,731.1,732.3,168468
2022-11-18 10:15:00,1668746700,732.3,734.65,725.1,726,88727
2022-11-18 11:15:00,1668750300,726.25,728.4,724,724.85,75570
2022-11-18 12:15:00,1668753900,724.85,728.1,723.5,726.8,79683
2022-11-18 13:15:00,1668757500,726.8,727.1,723.3,723.75,50453
2022-11-18 14:15:00,1668761100,723.75,725.1,720.7,721.3,287686
2022-11-18 15:15:00,1668764700,721.3,721.3,719,720,119033
2022-11-21 09:15:00,1669002300,721,724.6,713.6,716.7,139367
2022-11-21 10:15:00,1669005900,716.7,717.6,713,714.75,87076
2022-11-21 11:15:00,1669009500,714.75,718.55,713.25,717.4,245940
2022-11-21 12:15:00,1669013100,717.4,721.15,717,720,51445
2022-11-21 13:15:00,1669016700,720,721,718.4,719,46455
2022-11-21 14:15:00,1669020300,719,721.95,718.2,721,89563
2022-11-21 15:15:00,1669023900,721,721.35,720,720.95,45004
2022-11-22 09:15:00,1669088700,724.5,726.85,717.2,718.85,402790
2022-11-22 10:15:00,1669092300,718.85,721.8,716,717.55,314314
2022-11-22 11:15:00,1669095900,717.55,718.3,716.3,716.55,33211
2022-11-22 12:15:00,1669099500,716.55,716.55,714,715.35,83886
2022-11-22 13:15:00,1669103100,715.35,716.4,714.1,715.85,40373
2022-11-22 14:15:00,1669106700,715.85,720.5,715.8,720,112239
2022-11-22 15:15:00,1669110300,720,720.45,719,720,119691
2022-11-23 09:15:00,1669175100,726,729.35,720.1,720.25,235716
2022-11-23 10:15:00,1669178700,720.25,720.5,718,718.8,136369
2022-11-23 11:15:00,1669182300,718.8,722.45,717.3,721.5,214542
2022-11-23 12:15:00,1669185900,721.5,725.55,721.05,722.25,143104
2022-11-23 13:15:00,1669189500,722.25,724,721,721.9,151847
2022-11-23 14:15:00,1669193100,721.9,722.75,718.3,719,241944
2022-11-23 15:15:00,1669196700,719,719.05,718.55,719,82376
2022-11-24 09:15:00,1669261500,720.2,723.4,716.1,716.35,105980
2022-11-24 10:15:00,1669265100,716,717.5,715.55,716.75,43585
2022-11-24 11:15:00,1669268700,716.75,717.2,711.4,713.1,101329
2022-11-24 12:15:00,1669272300,713.1,717.9,712.6,716.85,70590
2022-11-24 13:15:00,1669275900,716.85,718.5,715,717.15,50027
2022-11-24 14:15:00,1669279500,717.15,719.85,716.55,719,96580
2022-11-24 15:15:00,1669283100,719.1,719.5,716.5,718,171691
2022-11-25 09:15:00,1669347900,719.1,719.15,708.05,717.8,273300
2022-11-25 10:15:00,1669351500,717.8,721.65,715.6,720.3,134564
2022-11-25 11:15:00,1669355100,720.3,722,717.7,719.5,95153
2022-11-25 12:15:00,1669358700,719.2,722,718.3,718.85,48513
2022-11-25 13:15:00,1669362300,718.85,722.65,718.65,721,60637
2022-11-25 14:15:00,1669365900,721,721.75,718.95,720.1,140632
2022-11-25 15:15:00,1669369500,720.2,721,717.9,717.9,91990
2022-11-28 09:15:00,1669607100,719.75,725.1,715.15,722.75,362185
2022-11-28 10:15:00,1669610700,722.5,725.6,719.25,722.25,324735
2022-11-28 11:15:00,1669614300,722.2,726.75,721.85,725.05,119339
2022-11-28 12:15:00,1669617900,724.95,730,724.3,727.9,105878
2022-11-28 13:15:00,1669621500,727.9,728.55,726.4,728.4,52983
2022-11-28 14:15:00,1669625100,728.45,733.75,728.05,732.05,177773
2022-11-28 15:15:00,1669628700,732.05,734.9,732,734,104389
2022-11-29 09:15:00,1669693500,744,759.35,740,748.25,2071025
2022-11-29 10:15:00,1669697100,748.25,754.6,748,749.15,416047
2022-11-29 11:15:00,1669700700,749.15,750.85,745.5,745.7,232668
2022-11-29 12:15:00,1669704300,745.75,749.2,743.8,745.75,220013
2022-11-29 13:15:00,1669707900,745.6,750.4,745.35,749.25,202646
2022-11-29 14:15:00,1669711500,749.25,751.7,747.6,751,366235
2022-11-29 15:15:00,1669715100,751,753,750.4,750.8,182885
2022-11-30 09:15:00,1669779900,752.35,754.9,747.5,753,260257
2022-11-30 10:15:00,1669783500,752.75,756.4,752.55,753.9,149873
2022-11-30 11:15:00,1669787100,754,756.8,753.3,755.2,77855
2022-11-30 12:15:00,1669790700,755.2,760,754.05,759.05,185364
2022-11-30 13:15:00,1669794300,759.05,761.9,755.75,757,233456
2022-11-30 14:15:00,1669797900,757,767,756.55,766.7,642926
2022-11-30 15:15:00,1669801500,766.75,769,765.75,767.55,410563
2022-12-01 09:15:00,1669866300,767.55,770.95,762.2,770,277069
2022-12-01 10:15:00,1669869900,770,772,769.2,771.85,90901
2022-12-01 11:15:00,1669873500,771.85,772.75,770,770.15,66325
2022-12-01 12:15:00,1669877100,770.15,771.9,770,771,59503
2022-12-01 13:15:00,1669880700,771,773,768.25,772.45,104945
2022-12-01 14:15:00,1669884300,772.45,773.85,769.65,770.1,139241
2022-12-01 15:15:00,1669887900,770.15,771.9,769.5,769.5,54558
2022-12-02 09:15:00,1669952700,769.95,771.8,762.4,767.15,221248
2022-12-02 10:15:00,1669956300,767.15,770.8,766.5,768.95,76535
2022-12-02 11:15:00,1669959900,768.95,769.05,766.95,767.5,28389
2022-12-02 12:15:00,1669963500,767.5,770.15,767.25,769.6,268822
2022-12-02 13:15:00,1669967100,769.6,772,768.7,770.75,144908
2022-12-02 14:15:00,1669970700,770.75,779,770.05,777.05,135586
2022-12-02 15:15:00,1669974300,777.05,777.25,772.2,772.2,80048
2022-12-05 09:15:00,1670211900,778,778,761.5,762,191738
2022-12-05 10:15:00,1670215500,762.3,767.9,761.35,763.6,102410
2022-12-05 11:15:00,1670219100,763.6,767.9,762,767.4,89096
2022-12-05 12:15:00,1670222700,767.4,769.9,766.6,767.65,116869
2022-12-05 13:15:00,1670226300,767.25,768.5,766.2,766.65,51072
2022-12-05 14:15:00,1670229900,766.65,772.15,766,771.85,115470
2022-12-05 15:15:00,1670233500,771.85,771.9,768,768.9,66910
2022-12-06 09:15:00,1670298300,765,769.6,764,765.7,70846
2022-12-06 10:15:00,1670301900,765.7,766,762,762.4,42007
2022-12-06 11:15:00,1670305500,762.4,766.9,762,766.65,69700
2022-12-06 12:15:00,1670309100,766.65,768.7,765,767.5,51215
2022-12-06 13:15:00,1670312700,767.5,767.8,765.95,767,27569
2022-12-06 14:15:00,1670316300,767,768.9,764.05,767.85,70435
2022-12-06 15:15:00,1670319900,767.85,768,767,767.75,37882
2022-12-07 09:15:00,1670384700,769,773,766.85,769.05,58634
2022-12-07 10:15:00,1670388300,769,769.7,765.55,768.6,37813
2022-12-07 11:15:00,1670391900,768.6,770.1,768.1,768.85,24223
2022-12-07 12:15:00,1670395500,768.85,770.2,767.45,770,18058
2022-12-07 13:15:00,1670399100,770,770.05,766.6,767,22457
2022-12-07 14:15:00,1670402700,767,770.45,766.6,770.1,65408
2022-12-07 15:15:00,1670406300,770.2,770.75,769,770,47820
2022-12-08 09:15:00,1670471100,772.25,773.6,760.9,761.1,149185
2022-12-08 10:15:00,1670474700,761.1,763.2,756.45,758.45,82330
2022-12-08 11:15:00,1670478300,758.45,759.35,756.1,756.7,42767
2022-12-08 12:15:00,1670481900,756.65,757.35,753.3,756.9,68049
2022-12-08 13:15:00,1670485500,756.9,758.75,755.65,756.1,45492
2022-12-08 14:15:00,1670489100,756.1,757.75,754.3,755.05,79484
2022-12-08 15:15:00,1670492700,755,755.35,753,754,59201
2022-12-09 09:15:00,1670557500,755,760.8,751.1,752.05,138416
2022-12-09 10:15:00,1670561100,752.5,755.6,751,755.35,81003
2022-12-09 11:15:00,1670564700,755.35,756.25,753.2,753.8,48334
2022-12-09 12:15:00,1670568300,753.8,755.45,750.3,753,63636
2022-12-09 13:15:00,1670571900,753,753.7,748.05,749.05,37409
2022-12-09 14:15:00,1670575500,749.05,752.5,746.6,752,105423
2022-12-09 15:15:00,1670579100,751.9,752.7,750.05,751,51425
2022-12-12 09:15:00,1670816700,747.6,756.9,745.85,753.8,163767
2022-12-12 10:15:00,1670820300,753.8,754.95,751.45,753.7,60327
2022-12-12 11:15:00,1670823900,753.7,755.25,749.35,750.8,62033
2022-12-12 12:15:00,1670827500,750.8,752.25,748.55,750.75,35188
2022-12-12 13:15:00,1670831100,750.75,751.45,748.55,749.15,25964
2022-12-12 14:15:00,1670834700,749.3,752.6,746.8,752.6,86069
2022-12-12 15:15:00,1670838300,752.9,753.65,747.6,751.15,160022
2022-12-13 09:15:00,1670903100,755,755,740.4,741.25,136188
2022-12-13 10:15:00,1670906700,741.25,744.95,738.15,741.4,142764
2022-12-13 11:15:00,1670910300,741.2,742.5,738.8,738.8,62782
2022-12-13 12:15:00,1670913900,738.8,743.05,737,742.3,142176
2022-12-13 13:15:00,1670917500,742.3,744.65,741.3,743.15,79877
2022-12-13 14:15:00,1670921100,743.15,745.65,742.05,744.15,121736
2022-12-13 15:15:00,1670924700,744.25,744.5,742.45,742.95,56803
2022-12-14 09:15:00,1670989500,744,755,743.1,754.45,170056
2022-12-14 10:15:00,1670993100,754.45,756.95,752.65,755.25,89642
2022-12-14 11:15:00,1670996700,755.9,758.5,753.7,757.9,76080
2022-12-14 12:15:00,1671000300,757.9,758.5,755.25,756.9,39624
2022-12-14 13:15:00,1671003900,756.9,759.25,756.5,758.9,50624
2022-12-14 14:15:00,1671007500,758.75,761.5,757.85,759.05,146698
2022-12-14 15:15:00,1671011100,759.05,760.95,755.65,757.8,95193
2022-12-15 09:15:00,1671075900,758.75,763.6,753.15,754.5,80275
2022-12-15 10:15:00,1671079500,754.5,756.7,754.05,755.5,25883
2022-12-15 11:15:00,1671083100,755.5,755.6,752.5,753.3,21555
2022-12-15 12:15:00,1671086700,753.3,753.55,749.3,752.45,40856
2022-12-15 13:15:00,1671090300,752.45,753,748.05,749.65,29444
2022-12-15 14:15:00,1671093900,749.65,752.4,746.8,751.25,69401
2022-12-15 15:15:00,1671097500,751.4,752,746.9,749.85,38929
2022-12-16 09:15:00,1671162300,747.7,755.75,742.1,744.6,130290
2022-12-16 10:15:00,1671165900,744.6,746.55,741.15,743.35,51850
2022-12-16 11:15:00,1671169500,743.3,744.05,734.8,736.3,93223
2022-12-16 12:15:00,1671173100,736.3,739.25,735.35,738.7,71343
2022-12-16 13:15:00,1671176700,738.7,738.7,730.55,732.15,124668
2022-12-16 14:15:00,1671180300,732.15,734,728.4,728.7,220500
2022-12-16 15:15:00,1671183900,728.7,730.8,726.9,730.45,206463
2022-12-19 09:15:00,1671421500,726,732.05,725.95,730.65,116971
2022-12-19 10:15:00,1671425100,730.65,731.1,724.15,727.3,67625
2022-12-19 11:15:00,1671428700,727.3,729.7,725.5,728.3,33290
2022-12-19 12:15:00,1671432300,728.3,729.7,725.55,726.3,34888
2022-12-19 13:15:00,1671435900,726.3,728.25,726,726.95,12041
2022-12-19 14:15:00,1671439500,726.95,728.9,725.45,728.05,60070
2022-12-19 15:15:00,1671443100,728.05,729.95,727.75,729,67490
2022-12-20 09:15:00,1671507900,726.95,730,718.3,722.6,91670
2022-12-20 10:15:00,1671511500,722.6,723.4,719.4,720.35,35039
2022-12-20 11:15:00,1671515100,720.3,721.1,718,719.95,46563
2022-12-20 12:15:00,1671518700,719.95,721.45,718.5,721.15,36561
2022-12-20 13:15:00,1671522300,721.15,722.05,720.1,721,23032
2022-12-20 14:15:00,1671525900,721.05,726.95,720.35,725.5,104731
2022-12-20 15:15:00,1671529500,725.5,729,723.25,723.25,48796
2022-12-21 09:15:00,1671594300,727.5,737.7,722.1,737.7,147401
2022-12-21 10:15:00,1671597900,737.95,745.75,736.1,745.1,188896
2022-12-21 11:15:00,1671601500,745.1,753.55,744.1,752.4,340088
2022-12-21 12:15:00,1671605100,752.45,755,746.5,753.15,312442
2022-12-21 13:15:00,1671608700,753.7,757.8,748,751.4,339192
2022-12-21 14:15:00,1671612300,751.4,753.8,749.05,752.75,209624
2022-12-21 15:15:00,1671615900,752.7,753.25,748.8,750.95,108648
2022-12-22 09:15:00,1671680700,755,764.8,748.85,754.85,594529
2022-12-22 10:15:00,1671684300,755.15,758.8,751.55,755,177467
2022-12-22 11:15:00,1671687900,755,755,749.1,753.25,180272
2022-12-22 12:15:00,1671691500,753.65,770,753.55,764.65,488479
2022-12-22 13:15:00,1671695100,764.65,765.45,759.35,761.1,247251
2022-12-22 14:15:00,1671698700,760.9,764.5,759.1,762.1,165560
2022-12-22 15:15:00,1671702300,762.1,771,762.1,770,338923
2022-12-23 09:15:00,1671767100,770,788.9,761.3,779.75,1753994
2022-12-23 10:15:00,1671770700,780,780.1,767.5,771.65,908482
2022-12-23 11:15:00,1671774300,771.65,773,766.55,770.2,330896
2022-12-23 12:15:00,1671777900,770.2,773.2,769,769.8,248956
2022-12-23 13:15:00,1671781500,769.8,771.75,764,765,316368
2022-12-23 14:15:00,1671785100,765,766.25,752.05,755,426639
2022-12-23 15:15:00,1671788700,755,764.9,755,762.5,173047
2022-12-26 09:15:00,1672026300,760.55,767.25,737.25,739.05,960688
2022-12-26 10:15:00,1672029900,739.3,743.5,736.05,740,239482
2022-12-26 11:15:00,1672033500,740.05,741.8,739.1,741.3,98479
2022-12-26 12:15:00,1672037100,741.5,743.95,739.55,743,89808
2022-12-26 13:15:00,1672040700,743,745,740.55,742.05,110353
2022-12-26 14:15:00,1672044300,742.05,742.7,739.2,740.2,166099
2022-12-26 15:15:00,1672047900,740.75,745,740,743.95,129755
2022-12-27 09:15:00,1672112700,740,751.95,740,745.25,308955
2022-12-27 10:15:00,1672116300,745.25,747,741.35,745.75,105557
2022-12-27 11:15:00,1672119900,745.65,748.45,743.35,743.4,60248
2022-12-27 12:15:00,1672123500,743.4,745,742.5,743.2,43661
2022-12-27 13:15:00,1672127100,743.2,743.5,740.95,741.75,50484
2022-12-27 14:15:00,1672130700,741.75,743.7,740.55,742.1,72852
2022-12-27 15:15:00,1672134300,742,743,740.3,740.5,67168
2022-12-28 09:15:00,1672199100,742.85,747.55,738,739.6,202243
2022-12-28 10:15:00,1672202700,739.6,739.6,730.35,732.4,191005
2022-12-28 11:15:00,1672206300,732.5,733.75,725.55,732.8,326093
2022-12-28 12:15:00,1672209900,732.8,736.5,732.5,736.2,187308
2022-12-28 13:15:00,1672213500,736,737.45,734.65,735.65,126775
2022-12-28 14:15:00,1672217100,735.65,737.25,732.65,733.5,173635
2022-12-28 15:15:00,1672220700,733.5,734,730.1,733.5,102373
2022-12-29 09:15:00,1672285500,732.85,740,727.3,729.25,443683
2022-12-29 10:15:00,1672289100,729.25,729.65,726,727.8,100220
2022-12-29 11:15:00,1672292700,727.8,727.9,725.2,725.85,175544
2022-12-29 12:15:00,1672296300,725.85,732,725.85,730.25,172115
2022-12-29 13:15:00,1672299900,730.25,733,730,732.1,140445
2022-12-29 14:15:00,1672303500,732,736.55,730.45,736.15,283003
2022-12-29 15:15:00,1672307100,736,738.8,736,737,212209
2022-12-30 09:15:00,1672371900,745,745,735.55,736.05,162098
2022-12-30 10:15:00,1672375500,736.9,737.6,733,734,69844
2022-12-30 11:15:00,1672379100,734,734.95,731.2,733.65,52251
2022-12-30 12:15:00,1672382700,733.65,736,732,735.35,44289
2022-12-30 13:15:00,1672386300,734.95,737.55,734.6,737.15,51390
2022-12-30 14:15:00,1672389900,737.1,739.95,733.1,733.75,151967
2022-12-30 15:15:00,1672393500,733.7,734.6,731.45,731.95,54877
2023-01-02 09:15:00,1672631100,734.9,736.1,722.55,730.4,193630
2023-01-02 10:15:00,1672634700,730.4,732.9,728,730.5,62153
2023-01-02 11:15:00,1672638300,730.5,731.85,727.6,731.15,59884
2023-01-02 12:15:00,1672641900,731.15,731.95,728.6,731.6,34324
2023-01-02 13:15:00,1672645500,731.6,733.85,730.95,733.8,43098
2023-01-02 14:15:00,1672649100,733.8,734.8,731.7,733.2,91314
2023-01-02 15:15:00,1672652700,732.75,733.6,731.05,732,32252
2023-01-03 09:15:00,1672717500,732,734.65,728.3,733.5,70526
2023-01-03 10:15:00,1672721100,733.5,740.05,733,738,256102
2023-01-03 11:15:00,1672724700,738,739.2,735.5,736.45,69569
2023-01-03 12:15:00,1672728300,736.45,739.1,735,738.5,42413
2023-01-03 13:15:00,1672731900,738.55,739.1,735.2,738,38764
2023-01-03 14:15:00,1672735500,738,739.2,736.2,738.45,83809
2023-01-03 15:15:00,1672739100,738.25,739,737,737.05,69435
2023-01-04 09:15:00,1672803900,737.95,741.8,731.9,736.35,132626
2023-01-04 10:15:00,1672807500,736.45,736.8,730,731.35,77383
2023-01-04 11:15:00,1672811100,731.3,733.1,731.05,732.2,73010
2023-01-04 12:15:00,1672814700,732.2,737.65,732.2,733.5,91994
2023-01-04 13:15:00,1672818300,733.5,737.5,732.6,736,133063
2023-01-04 14:15:00,1672821900,736,736.5,733.65,735.4,128821
2023-01-04 15:15:00,1672825500,735.25,735.65,732,733,67247
2023-01-05 09:15:00,1672890300,735.6,738.95,732,738.4,121654
2023-01-05 10:15:00,1672893900,738.45,739,735,738.45,28055
2023-01-05 11:15:00,1672897500,738.45,739.4,736.05,736.6,31405
2023-01-05 12:15:00,1672901100,736.6,740.25,734.5,739.6,60266
2023-01-05 13:15:00,1672904700,739.6,740.7,735.8,739.95,88656
2023-01-05 14:15:00,1672908300,739.95,743,739.05,743,184342
2023-01-05 15:15:00,1672911900,743,744.9,741.6,742.2,103576
2023-01-06 09:15:00,1672976700,742.1,746.95,740.25,742.05,162454
2023-01-06 10:15:00,1672980300,742.05,743.85,738,740.4,56372
2023-01-06 11:15:00,1672983900,740.4,741,735.35,736.15,51397
2023-01-06 12:15:00,1672987500,736.1,736.95,733.8,736.15,105157
2023-01-06 13:15:00,1672991100,736.05,738.9,735.4,737.4,58417
2023-01-06 14:15:00,1672994700,737.4,739,736.4,738.7,121203
2023-01-06 15:15:00,1672998300,738.85,740,735.6,737.55,53338
2023-01-09 09:15:00,1673235900,741.8,753,741,750,409001
2023-01-09 10:15:00,1673239500,750,757.3,748.65,754.5,344373
2023-01-09 11:15:00,1673243100,754.8,754.85,748.5,749.55,106750
2023-01-09 12:15:00,1673246700,749.55,750,743.5,744.15,86728
2023-01-09 13:15:00,1673250300,744.05,747.4,743.75,747.1,38636
2023-01-09 14:15:00,1673253900,747.35,750.8,746.1,750.05,138434
2023-01-09 15:15:00,1673257500,750.05,750.9,749.5,749.8,122225
2023-01-10 09:15:00,1673322300,752.95,762.75,750,757.9,639352
2023-01-10 10:15:00,1673325900,757.9,763.65,757.55,762.55,180699
2023-01-10 11:15:00,1673329500,762.9,764.6,760.55,760.7,174430
2023-01-10 12:15:00,1673333100,760.7,761.2,755.05,756,114954
2023-01-10 13:15:00,1673336700,756,759.8,754.8,759.3,79577
2023-01-10 14:15:00,1673340300,759.3,760.35,757.05,759.9,149932
2023-01-10 15:15:00,1673343900,759.95,759.95,756.95,759,82343
2023-01-11 09:15:00,1673408700,759,759,747.2,755.15,235212
2023-01-11 10:15:00,1673412300,755.15,756.15,754.05,755.25,99383
2023-01-11 11:15:00,1673415900,755.35,757.25,753.1,755.1,109983
2023-01-11 12:15:00,1673419500,755.1,757.5,754.6,756,50616
2023-01-11 13:15:00,1673423100,756,756.1,754.85,755.2,84967
2023-01-11 14:15:00,1673426700,755.2,758.7,753.6,754.15,237979
2023-01-11 15:15:00,1673430300,754.05,754.5,752.35,752.6,90541
2023-01-12 09:15:00,1673495100,753.5,757.95,749,750,113782
2023-01-12 10:15:00,1673498700,750,750.6,747.8,750.25,76365
2023-01-12 11:15:00,1673502300,750.25,751.6,748.9,750.15,60757
2023-01-12 12:15:00,1673505900,750.15,751,749.05,750.5,46926
2023-01-12 13:15:00,1673509500,750.5,751.7,749.7,750.35,68462
2023-01-12 14:15:00,1673513100,750.35,754.7,750,752.95,121402
2023-01-12 15:15:00,1673516700,752.95,757,752.85,756.05,71551
2023-01-13 09:15:00,1673581500,757,758.8,753.25,754.75,87915
2023-01-13 10:15:00,1673585100,754.7,755.6,752,752.4,47901
2023-01-13 11:15:00,1673588700,752.4,753.15,749.15,750.3,83031
2023-01-13 12:15:00,1673592300,750.3,756.65,750,756.3,59063
2023-01-13 13:15:00,1673595900,756.8,758,754.7,755.9,22889
2023-01-13 14:15:00,1673599500,755.9,756.9,754.95,756.25,64919
2023-01-13 15:15:00,1673603100,756.2,756.75,755,755.2,68145
2023-01-16 09:15:00,1673840700,751.8,760,747.15,751.5,156193
2023-01-16 10:15:00,1673844300,751.55,751.95,749.75,750.25,53534
2023-01-16 11:15:00,1673847900,750.5,752.15,750,750.5,32181
2023-01-16 12:15:00,1673851500,750.5,752.5,747.65,752.5,76579
2023-01-16 13:15:00,1673855100,752.5,753.8,750.6,751.45,35681
2023-01-16 14:15:00,1673858700,751.5,757.2,751,756.7,50707
2023-01-16 15:15:00,1673862300,757.2,758.3,754.4,755.6,37725
2023-01-17 09:15:00,1673927100,756.95,758.7,750,750.2,63595
2023-01-17 10:15:00,1673930700,750.35,753.2,749.55,752.7,41983
2023-01-17 11:15:00,1673934300,752.7,753.6,751.9,752.25,22612
2023-01-17 12:15:00,1673937900,752.25,752.25,749,749.8,98491
2023-01-17 13:15:00,1673941500,749.8,751.95,749.4,751.25,41908
2023-01-17 14:15:00,1673945100,751.25,754.75,750,754.4,137320
2023-01-17 15:15:00,1673948700,754.4,755,753.4,753.4,57375
2023-01-18 09:15:00,1674013500,755.9,764.2,752.4,763.55,160294
2023-01-18 10:15:00,1674017100,763.55,770,762.8,767.8,342100
2023-01-18 11:15:00,1674020700,767.8,769.8,767,769,108567
2023-01-18 12:15:00,1674024300,768.5,768.85,766.4,768,79982
2023-01-18 13:15:00,1674027900,768,768.2,767.05,767.65,64276
2023-01-18 14:15:00,1674031500,767.65,767.95,765.45,766.8,130809
2023-01-18 15:15:00,1674035100,766.85,768.2,765.85,766,75044
2023-01-19 09:15:00,1674099900,767.25,767.25,760.85,763.55,66399
2023-01-19 10:15:00,1674103500,763.9,764.15,760.05,761.15,46605
2023-01-19 11:15:00,1674107100,761.15,764,761.15,763.85,19064
2023-01-19 12:15:00,1674110700,763.85,764.15,761.3,762.75,26574
2023-01-19 13:15:00,1674114300,762.75,763.25,761.3,761.65,30644
2023-01-19 14:15:00,1674117900,761.6,761.65,758.5,759.8,68456
2023-01-19 15:15:00,1674121500,759.95,760.3,759,759.5,23728
2023-01-20 09:15:00,1674186300,759.6,761.45,752.1,757.55,103512
2023-01-20 10:15:00,1674189900,757.55,762,757.55,760.95,61194
2023-01-20 11:15:00,1674193500,760.85,762.75,760,761.45,50845
2023-01-20 12:15:00,1674197100,761.45,762.4,757.8,758.8,49613
2023-01-20 13:15:00,1674200700,758.8,760,755.55,757.65,48835
2023-01-20 14:15:00,1674204300,757.7,757.9,753.05,757.45,65022
2023-01-20 15:15:00,1674207900,757.45,757.45,751.3,755.35,29776
2023-01-23 09:15:00,1674445500,756,760.05,751.5,756.3,79473
2023-01-23 10:15:00,1674449100,756.3,767.8,756.3,767.5,134745
2023-01-23 11:15:00,1674452700,767.5,767.7,763.95,765,73546
2023-01-23 12:15:00,1674456300,765,767.45,763.7,766.95,142911
2023-01-23 13:15:00,1674459900,766.95,769,766.4,768.3,59914
2023-01-23 14:15:00,1674463500,768.3,768.95,765,765.95,52953
2023-01-23 15:15:00,1674467100,765.95,766,764.8,765.55,34597
2023-01-24 09:15:00,1674531900,766,766,757.1,759,87539
2023-01-24 10:15:00,1674535500,759,759.3,755.3,756.5,39129
2023-01-24 11:15:00,1674539100,756.15,757.6,755.7,756.75,30128
2023-01-24 12:15:00,1674542700,756.75,759.15,753.3,757.95,49958
2023-01-24 13:15:00,1674546300,757.95,757.95,753.5,755.3,14080
2023-01-24 14:15:00,1674549900,755.3,755.65,751,753.1,55844
2023-01-24 15:15:00,1674553500,753.05,754.45,750,754.45,48121
2023-01-25 09:15:00,1674618300,754,754,740,740,162146
2023-01-25 10:15:00,1674621900,740,743.85,740,742.7,78060
2023-01-25 11:15:00,1674625500,742.7,747.55,742,746.45,45720
2023-01-25 12:15:00,1674629100,746.45,750.75,744.1,750,84574
2023-01-25 13:15:00,1674632700,750.2,750.8,748.15,749.3,84244
2023-01-25 14:15:00,1674636300,749.3,749.9,744.9,745.9,91719
2023-01-25 15:15:00,1674639900,745.9,749.35,742,746.9,129594
2023-01-27 09:15:00,1674791100,745,753,741.5,745.15,105935
2023-01-27 10:15:00,1674794700,745.3,749.5,743.4,748.45,40417
2023-01-27 11:15:00,1674798300,748.4,751.95,741.75,741.95,97091
2023-01-27 12:15:00,1674801900,741.05,742.05,738.25,739.1,57643
2023-01-27 13:15:00,1674805500,739.2,741,738.5,738.9,35338
2023-01-27 14:15:00,1674809100,738.95,743.45,738.8,742.6,58738
2023-01-27 15:15:00,1674812700,742.95,743.85,740,740,41358
2023-01-30 09:15:00,1675050300,737.7,749.8,735,740.05,152380
2023-01-30 10:15:00,1675053900,740.85,741.9,736.3,737,43931
2023-01-30 11:15:00,1675057500,737.4,741.9,735.1,737.8,65893
2023-01-30 12:15:00,1675061100,737.8,739.2,735.4,736.3,47882
2023-01-30 13:15:00,1675064700,736.3,737.7,735.3,736.5,35861
2023-01-30 14:15:00,1675068300,736.4,737.05,730.55,734.55,208450
2023-01-30 15:15:00,1675071900,734.6,737.5,734,735.1,76380
2023-01-31 09:15:00,1675136700,738.45,738.45,727.3,732.8,94199
2023-01-31 10:15:00,1675140300,732.35,733.15,729.7,732.05,70567
2023-01-31 11:15:00,1675143900,732,736.1,730.45,735.7,64012
2023-01-31 12:15:00,1675147500,736.35,746.4,735,745.8,189088
2023-01-31 13:15:00,1675151100,745.95,749.35,744.15,746.35,191844
2023-01-31 14:15:00,1675154700,746.35,747.65,735.6,736.55,312305
2023-01-31 15:15:00,1675158300,736.45,741.8,736,737.85,171221
2023-02-01 09:15:00,1675223100,740,748.3,738.5,744.95,50418
2023-02-01 10:15:00,1675226700,744.45,750.5,744.1,748.1,69427
2023-02-01 11:15:00,1675230300,748.1,748.75,743.45,744.55,44539
2023-02-01 12:15:00,1675233900,744.55,746.5,741.35,741.75,36020
2023-02-01 13:15:00,1675237500,741.75,742.2,736.5,739.65,49796
2023-02-01 14:15:00,1675241100,739.7,739.7,728.15,736.65,71284
2023-02-01 15:15:00,1675244700,736.8,738.3,733.2,733.2,33349
2023-02-02 09:15:00,1675309500,735,743.9,730.5,731.95,102955
2023-02-02 10:15:00,1675313100,732.05,738.5,731,737.1,45079
2023-02-02 11:15:00,1675316700,737.1,738.35,735,736.15,14277
2023-02-02 12:15:00,1675320300,736.15,741.05,734.9,740,31925
2023-02-02 13:15:00,1675323900,740,741.5,737.75,738.95,51234
2023-02-02 14:15:00,1675327500,738.95,742.7,736.85,742.7,177715
2023-02-02 15:15:00,1675331100,742.5,743.2,738.1,741.9,94191
2023-02-03 09:15:00,1675395900,742.1,747.3,737.1,739.4,99593
2023-02-03 10:15:00,1675399500,739.25,741.95,736.9,738.35,65479
2023-02-03 11:15:00,1675403100,738.35,739.45,735.2,739.3,40069
2023-02-03 12:15:00,1675406700,739.3,741.75,733.05,735.85,56805
2023-02-03 13:15:00,1675410300,735.85,740,735.05,739.05,28086
2023-02-03 14:15:00,1675413900,739.05,744,738,739.75,65705
2023-02-03 15:15:00,1675417500,739.75,743.95,738.25,738.25,27469
2023-02-06 09:15:00,1675655100,738.95,744.9,733.25,744.9,104602
2023-02-06 10:15:00,1675658700,744.9,753.7,744.45,746.65,161038
2023-02-06 11:15:00,1675662300,746.65,751.9,745,747.4,44871
2023-02-06 12:15:00,1675665900,747.4,748,744.05,744.85,34032
2023-02-06 13:15:00,1675669500,744.85,748.65,744.4,746.15,104924
2023-02-06 14:15:00,1675673100,745.95,746.8,744.05,744.85,51798
2023-02-06 15:15:00,1675676700,744.9,746.5,744,746.4,47784
2023-02-07 09:15:00,1675741500,742.4,750.9,740.65,744.75,86165
2023-02-07 10:15:00,1675745100,744.75,750,744.75,749,51461
2023-02-07 11:15:00,1675748700,748.75,748.85,744,744,91999
2023-02-07 12:15:00,1675752300,744,747.15,742.7,745.5,36254
2023-02-07 13:15:00,1675755900,745.5,750.55,744.8,750.4,92154
2023-02-07 14:15:00,1675759500,750.4,752.5,749.85,751.4,104799
2023-02-07 15:15:00,1675763100,751.3,753.7,749.9,752,77495
2023-02-08 09:15:00,1675827900,751,755.35,742,746.35,141549
2023-02-08 10:15:00,1675831500,745.75,763.7,744.7,763.65,186815
2023-02-08 11:15:00,1675835100,763.45,766.45,759.7,765.1,180690
2023-02-08 12:15:00,1675838700,765.1,771.75,762.55,770.35,181184
2023-02-08 13:15:00,1675842300,770.35,776,769.7,774.5,279846
2023-02-08 14:15:00,1675845900,774.5,776.95,772.8,775,331331
2023-02-08 15:15:00,1675849500,774.9,778.5,774.6,775.3,178025
2023-02-09 09:15:00,1675914300,767.55,781.8,766.55,775.2,330981
2023-02-09 10:15:00,1675917900,775.25,785.75,775.1,782.15,340636
2023-02-09 11:15:00,1675921500,782.2,782.2,774.05,775.5,148290
2023-02-09 12:15:00,1675925100,775.5,778.95,774.6,778.1,93483
2023-02-09 13:15:00,1675928700,778.5,778.65,766.6,771.8,177890
2023-02-09 14:15:00,1675932300,771.8,776.7,771.05,774.6,175315
2023-02-09 15:15:00,1675935900,774.8,775.25,770.2,771.15,63789
2023-02-10 09:15:00,1676000700,744,747.3,726.05,747.05,1370225
2023-02-10 10:15:00,1676004300,747,750,739.95,741,468150
2023-02-10 11:15:00,1676007900,741,746,739.65,741.9,171028
2023-02-10 12:15:00,1676011500,742.5,744.25,736,737.3,256256
2023-02-10 13:15:00,1676015100,737.25,740.05,734.6,737.4,288704
2023-02-10 14:15:00,1676018700,737.4,738.75,735.1,737.35,316751
2023-02-10 15:15:00,1676022300,737.35,738.1,735.15,735.7,175922
2023-02-13 09:15:00,1676259900,720,720,691,693.25,1542013
2023-02-13 10:15:00,1676263500,693.7,696.35,681.15,683.45,786212
2023-02-13 11:15:00,1676267100,683.45,688.35,681.4,686.5,495511
2023-02-13 12:15:00,1676270700,686.5,687.5,681.8,684.4,328824
2023-02-13 13:15:00,1676274300,684.4,685,677.25,678.4,446623
2023-02-13 14:15:00,1676277900,678.4,681.2,675.2,675.2,802534
2023-02-13 15:15:00,1676281500,675.4,676.95,671.65,675.35,574608
2023-02-14 09:15:00,1676346300,678,678.3,657.1,667.6,873044
2023-02-14 10:15:00,1676349900,667.6,672.9,663.95,666,410427
2023-02-14 11:15:00,1676353500,666,668.3,662.05,665.1,206703
2023-02-14 12:15:00,1676357100,665.1,666.9,662.3,663.3,114443
2023-02-14 13:15:00,1676360700,663.3,664.75,662.55,663.9,67090
2023-02-14 14:15:00,1676364300,663.9,667.15,663.3,663.3,133572
2023-02-14 15:15:00,1676367900,663.5,663.65,660.65,662.7,109401
2023-02-15 09:15:00,1676432700,662.9,668.95,656.85,659,275469
2023-02-15 10:15:00,1676436300,658.75,663.5,658.6,661.7,98802
2023-02-15 11:15:00,1676439900,661.7,663.3,661,662.7,57625
2023-02-15 12:15:00,1676443500,662.7,662.7,659.9,661.15,60585
2023-02-15 13:15:00,1676447100,661.2,662.7,660.45,662.5,31296
2023-02-15 14:15:00,1676450700,662.5,670,662.25,669,195355
2023-02-15 15:15:00,1676454300,669,670.55,668.7,670,100739
2023-02-16 09:15:00,1676519100,670.05,676.9,669,673.25,282320
2023-02-16 10:15:00,1676522700,673.5,677.95,672.55,676.75,100512
2023-02-16 11:15:00,1676526300,676.85,676.85,674.5,675.85,45885
2023-02-16 12:15:00,1676529900,675.85,682.7,675.35,681.55,157937
2023-02-16 13:15:00,1676533500,681.55,684,680.65,682.6,95715
2023-02-16 14:15:00,1676537100,682.9,686.85,680.45,681.3,176936
2023-02-16 15:15:00,1676540700,681.15,681.4,680,680.7,101765
2023-02-17 09:15:00,1676605500,680,687.45,675,677.6,309911
2023-02-17 10:15:00,1676609100,677.6,679.2,674.1,677.95,69028
2023-02-17 11:15:00,1676612700,677.95,678.45,670.55,671.6,112267
2023-02-17 12:15:00,1676616300,671.8,673.25,668.65,672.85,103875
2023-02-17 13:15:00,1676619900,672.85,674.55,671.75,673.5,57400
2023-02-17 14:15:00,1676623500,673.5,673.5,670,670.85,100930
2023-02-17 15:15:00,1676627100,670.8,671.4,668.05,669.05,66973
2023-02-20 09:15:00,1676864700,670.2,670.2,658.55,664.05,187186
2023-02-20 10:15:00,1676868300,663.5,669.2,662.05,669.2,63078
2023-02-20 11:15:00,1676871900,668.95,671.65,668,671.6,68754
2023-02-20 12:15:00,1676875500,671.6,675,670.8,672.65,72947
2023-02-20 13:15:00,1676879100,672.15,674.25,672,673.65,43406
2023-02-20 14:15:00,1676882700,673.65,674.6,666.3,668.5,98903
2023-02-20 15:15:00,1676886300,668.5,668.65,665,665,41808
2023-02-21 09:15:00,1676951100,666.95,672.95,662.25,668.7,124340
2023-02-21 10:15:00,1676954700,669.45,670.7,667.45,669.35,31558
2023-02-21 11:15:00,1676958300,669.35,670.65,666.95,668,37649
2023-02-21 12:15:00,1676961900,668,670.3,667.3,669.6,25719
2023-02-21 13:15:00,1676965500,669.6,674.05,668.4,669,81487
2023-02-21 14:15:00,1676969100,669,670.9,665.45,670.7,95819
2023-02-21 15:15:00,1676972700,670.65,671.85,668.3,671.3,67241
2023-02-22 09:15:00,1677037500,670.9,676.7,666,673.1,175030
2023-02-22 10:15:00,1677041100,673.1,673.4,666.05,666.55,106751
2023-02-22 11:15:00,1677044700,666.55,667.5,664,666.15,54332
2023-02-22 12:15:00,1677048300,666.15,667.25,662.8,664,55142
2023-02-22 13:15:00,1677051900,664,664.45,660.65,662.4,119996
2023-02-22 14:15:00,1677055500,662.4,665,661.5,664.45,117993
2023-02-22 15:15:00,1677059100,664.35,665.4,662.2,662.2,54445
2023-02-23 09:15:00,1677123900,666.95,667.35,657.4,661.45,150180
2023-02-23 10:15:00,1677127500,661.45,665.1,660.25,661,80198
2023-02-23 11:15:00,1677131100,661,664.45,660.4,662.55,60508
2023-02-23 12:15:00,1677134700,662.55,663.35,658.55,660.3,61502
2023-02-23 13:15:00,1677138300,660.3,661.15,659.55,660.7,54155
2023-02-23 14:15:00,1677141900,660.7,661,657,658.55,87555
2023-02-23 15:15:00,1677145500,658.45,660.85,657,660.4,60653
2023-02-24 09:15:00,1677210300,662.05,665.5,659,660.35,75332
2023-02-24 10:15:00,1677213900,661.15,663.1,658,659.05,48391
2023-02-24 11:15:00,1677217500,659.05,659.95,653,653.5,93275
2023-02-24 12:15:00,1677221100,653.5,656.4,652,653.6,66305
2023-02-24 13:15:00,1677224700,653.6,655.15,652,652.65,36201
2023-02-24 14:15:00,1677228300,652.65,660.3,651.1,659.45,105667
2023-02-24 15:15:00,1677231900,659.45,661.95,658.05,658.25,60496
2023-02-27 09:15:00,1677469500,655.15,660.75,650,651.75,98091
2023-02-27 10:15:00,1677473100,651.75,654.75,645.3,654,891020
2023-02-27 11:15:00,1677476700,654,655,649.25,650.15,30202
2023-02-27 12:15:00,1677480300,650.1,652.95,650.05,651.05,26058
2023-02-27 13:15:00,1677483900,651.05,654,650,651.05,59507
2023-02-27 14:15:00,1677487500,650.55,655.45,650.5,654.95,111322
2023-02-27 15:15:00,1677491100,654.65,655.75,653.05,653.05,51030
2023-02-28 09:15:00,1677555900,653.05,660,650.45,651.7,69589
2023-02-28 10:15:00,1677559500,651.7,655.6,650.4,652.55,303154
2023-02-28 11:15:00,1677563100,652.55,661.8,651.15,660.2,352858
2023-02-28 12:15:00,1677566700,660.2,665,659.7,664.85,405390
2023-02-28 13:15:00,1677570300,664.55,665.25,659.55,661.05,120620
2023-02-28 14:15:00,1677573900,661.05,662.8,658.05,658.95,200884
2023-02-28 15:15:00,1677577500,658.9,661.1,657.65,658.1,106349
2023-03-01 09:15:00,1677642300,653.2,661.4,653.2,654.8,89570
2023-03-01 10:15:00,1677645900,654.8,655.6,652.2,652.65,63054
2023-03-01 11:15:00,1677649500,652.65,656,651.3,651.8,79535
2023-03-01 12:15:00,1677653100,651.8,657.5,651.5,657.35,98683
2023-03-01 13:15:00,1677656700,657.4,661,655.5,660,119598
2023-03-01 14:15:00,1677660300,660,662.15,659.4,661.9,215360
2023-03-01 15:15:00,1677663900,661.9,662.5,658.85,662.5,55130
2023-03-02 09:15:00,1677728700,661.4,664.5,657.95,661.15,55847
2023-03-02 10:15:00,1677732300,661.4,664.9,660.5,664.4,42397
2023-03-02 11:15:00,1677735900,664.4,666.55,658.3,658.6,176554
2023-03-02 12:15:00,1677739500,658.6,660,657.1,658.5,23073
2023-03-02 13:15:00,1677743100,658.5,660,657,659.45,18832
2023-03-02 14:15:00,1677746700,659.45,660,658.25,659.95,46010
2023-03-02 15:15:00,1677750300,660,662,657.7,659.95,45662
2023-03-03 09:15:00,1677815100,663.05,664.9,659,664.7,46489
2023-03-03 10:15:00,1677818700,664.8,666.9,661.45,664.7,58438
2023-03-03 11:15:00,1677822300,664.7,666.85,664.7,666.2,46300
2023-03-03 12:15:00,1677825900,666.25,666.85,661.5,662.25,32619
2023-03-03 13:15:00,1677829500,662.25,664,661.5,663.4,25111
2023-03-03 14:15:00,1677833100,663.4,664.5,662.1,662.65,43710
2023-03-03 15:15:00,1677836700,663.25,663.5,661.15,662.5,36742
2023-03-06 09:15:00,1678074300,664.95,668.35,661.2,667.3,85228
2023-03-06 10:15:00,1678077900,667.55,668.7,666.5,668.15,32570
2023-03-06 11:15:00,1678081500,668.15,669.5,663.55,663.6,46122
2023-03-06 12:15:00,1678085100,663.6,664,661.95,663,45909
2023-03-06 13:15:00,1678088700,663,665.55,662.05,664.75,35389
2023-03-06 14:15:00,1678092300,664.7,666.3,661.75,662,48644
2023-03-06 15:15:00,1678095900,661.95,663.15,661.85,662.5,35535
2023-03-08 09:15:00,1678247100,663,666.6,659.35,664,55964
2023-03-08 10:15:00,1678250700,664,664.5,661.65,662.35,14679
2023-03-08 11:15:00,1678254300,662.35,662.35,658.1,658.8,29193
2023-03-08 12:15:00,1678257900,658.85,660.4,657.05,658.5,27682
2023-03-08 13:15:00,1678261500,658.5,661.5,658.5,661,17123
2023-03-08 14:15:00,1678265100,661,665.4,660.05,664.85,64556
2023-03-08 15:15:00,1678268700,664.85,665.5,662.6,665.45,45872
2023-03-09 09:15:00,1678333500,665.95,666.35,658.6,659.75,68965
2023-03-09 10:15:00,1678337100,659.75,661.55,658.9,661.1,35078
2023-03-09 11:15:00,1678340700,661.35,665.35,659.6,664.2,168642
2023-03-09 12:15:00,1678344300,663.85,665,661.5,661.95,47700
2023-03-09 13:15:00,1678347900,661.95,662.6,659.75,661.15,41968
2023-03-09 14:15:00,1678351500,661.15,661.65,657.25,657.95,62386
2023-03-09 15:15:00,1678355100,657.95,658.55,656.55,658.5,54937
2023-03-10 09:15:00,1678419900,655,655.95,649.35,653.9,124422
2023-03-10 10:15:00,1678423500,653.9,654.9,652.25,654,43046
2023-03-10 11:15:00,1678427100,654,658.8,652.3,656,89527
2023-03-10 12:15:00,1678430700,656,657.6,655,657.3,37765
2023-03-10 13:15:00,1678434300,657,658.1,654.55,655.8,26283
2023-03-10 14:15:00,1678437900,655.8,657.3,653.8,656.25,80475
2023-03-10 15:15:00,1678441500,656.25,657.6,655.5,656.8,41739
2023-03-13 09:15:00,1678679100,660,664.95,657,657.75,125887
2023-03-13 10:15:00,1678682700,658.1,658.5,653.05,653.8,48140
2023-03-13 11:15:00,1678686300,653.5,654.75,651.15,651.8,43452
2023-03-13 12:15:00,1678689900,651.95,655,651.95,654.1,29085
2023-03-13 13:15:00,1678693500,654.1,656.15,653.05,655.75,47446
2023-03-13 14:15:00,1678697100,655.75,655.75,651.35,654.1,99605
2023-03-13 15:15:00,1678700700,654.1,656.25,652.85,652.85,75184
2023-03-14 09:15:00,1678765500,657.2,668.9,654.8,657,428222
2023-03-14 10:15:00,1678769100,657,659.5,654.25,655,112786
2023-03-14 11:15:00,1678772700,655,655.75,652.2,654.25,74923
2023-03-14 12:15:00,1678776300,654.5,659,654,654.8,81061
2023-03-14 13:15:00,1678779900,654.8,657.1,653.2,656.4,53546
2023-03-14 14:15:00,1678783500,656.7,659.25,655,655.5,144497
2023-03-14 15:15:00,1678787100,655.7,660,654.85,657,70258
2023-03-15 09:15:00,1678851900,658.2,665.45,655.55,661.85,345873
2023-03-15 10:15:00,1678855500,661.85,666.45,661.8,664.75,66237
2023-03-15 11:15:00,1678859100,665,666.45,662.2,663.15,76310
2023-03-15 12:15:00,1678862700,663.15,663.65,659,659.3,69019
2023-03-15 13:15:00,1678866300,659.3,660.15,655,655.65,43787
2023-03-15 14:15:00,1678869900,655.65,659,655.05,658.75,40681
2023-03-15 15:15:00,1678873500,658.75,659.85,657.2,659.05,36954
2023-03-16 09:15:00,1678938300,660.65,664,653.55,660.15,355230
2023-03-16 10:15:00,1678941900,660.6,665,659.95,664.3,39191
2023-03-16 11:15:00,1678945500,664.3,664.85,662.75,663.55,25164
2023-03-16 12:15:00,1678949100,663.55,665.65,663,665.1,32754
2023-03-16 13:15:00,1678952700,665.1,667.9,664.75,666.05,61154
2023-03-16 14:15:00,1678956300,666.05,667.7,665,665.7,53974
2023-03-16 15:15:00,1678959900,665.7,668,665.5,668,28770
2023-03-17 09:15:00,1679024700,668,669,660.95,664.55,170963
2023-03-17 10:15:00,1679028300,664.55,666.45,663.4,665.6,53559
2023-03-17 11:15:00,1679031900,665.6,665.95,662.55,663.3,33961
2023-03-17 12:15:00,1679035500,663.3,663.3,660,660.55,26480
2023-03-17 13:15:00,1679039100,660.55,664.5,660.1,662.85,43206
2023-03-17 14:15:00,1679042700,662.85,664.2,656.15,656.9,203936
2023-03-17 15:15:00,1679046300,656.65,658.85,654.3,655.9,165691
2023-03-20 09:15:00,1679283900,654.95,655,645.65,648,136512
2023-03-20 10:15:00,1679287500,648.3,649.7,643.9,645,96141
2023-03-20 11:15:00,1679291100,644.95,645.05,640.8,642.4,92750
2023-03-20 12:15:00,1679294700,642.4,646.55,641.25,646.55,77535
2023-03-20 13:15:00,1679298300,646.55,646.55,644.5,645.05,34724
2023-03-20 14:15:00,1679301900,645.45,647.8,644.8,646.75,53228
2023-03-20 15:15:00,1679305500,646.4,648,645.3,646,47779
2023-03-21 09:15:00,1679370300,655,655.45,646.1,649.55,106239
2023-03-21 10:15:00,1679373900,649.55,649.95,647.5,649.8,25477
2023-03-21 11:15:00,1679377500,649.8,652.45,647.75,649.15,41936
2023-03-21 12:15:00,1679381100,649.15,649.45,648,649.35,16182
2023-03-21 13:15:00,1679384700,649.35,649.65,647.25,649.15,14814
2023-03-21 14:15:00,1679388300,649.15,650.5,648.2,650.25,45895
2023-03-21 15:15:00,1679391900,650.25,650.85,647.5,650,48396
2023-03-22 09:15:00,1679456700,650.25,653.2,649,652.2,57636
2023-03-22 10:15:00,1679460300,652.2,652.8,650.95,651.85,24246
2023-03-22 11:15:00,1679463900,651.85,652.7,650.7,652.05,9437
2023-03-22 12:15:00,1679467500,652.05,656.8,651.95,656.1,41822
2023-03-22 13:15:00,1679471100,655.95,658.6,655.05,655.2,35630
2023-03-22 14:15:00,1679474700,655.2,658.65,654.75,657.7,47112
2023-03-22 15:15:00,1679478300,657.7,662,657.65,661.7,62426
2023-03-23 09:15:00,1679543100,660.35,663,655.35,657.9,629810
2023-03-23 10:15:00,1679546700,657.9,658.8,648.2,650.5,186188
2023-03-23 11:15:00,1679550300,650.55,651.55,649.3,650,63416
2023-03-23 12:15:00,1679553900,650,651.45,649.1,649.75,83361
2023-03-23 13:15:00,1679557500,649.75,651.1,649.35,649.75,60317
2023-03-23 14:15:00,1679561100,649.75,650,646.65,648.95,192330
2023-03-23 15:15:00,1679564700,649,649.9,648,648.8,87393
2023-03-24 09:15:00,1679629500,651,653.5,646.3,650.15,125915
2023-03-24 10:15:00,1679633100,650.15,652.4,647.35,652,61798
2023-03-24 11:15:00,1679636700,652,654.85,651.3,652.4,97897
2023-03-24 12:15:00,1679640300,652.4,653.4,650,652.05,48708
2023-03-24 13:15:00,1679643900,652.05,653.05,646.8,647.5,123706
2023-03-24 14:15:00,1679647500,647.5,647.85,639.55,640.7,193111
2023-03-24 15:15:00,1679651100,640.55,640.85,638.35,639.25,69047
2023-03-27 09:15:00,1679888700,644,657.5,641.75,656.8,488981
2023-03-27 10:15:00,1679892300,656.5,671,656.45,668.3,1135296
2023-03-27 11:15:00,1679895900,668,673.75,665,669.75,759592
2023-03-27 12:15:00,1679899500,669.75,670,666.3,666.4,378733
2023-03-27 13:15:00,1679903100,666.6,666.85,661.7,662.55,455091
2023-03-27 14:15:00,1679906700,662.85,665.05,656.2,660.3,539851
2023-03-27 15:15:00,1679910300,660.3,661,658.55,659.55,206220
2023-03-28 09:15:00,1679975100,661.9,661.9,645.5,646.35,276413
2023-03-28 10:15:00,1679978700,646.1,649,644,647.05,179292
2023-03-28 11:15:00,1679982300,647.1,647.2,642.95,644.6,128036
2023-03-28 12:15:00,1679985900,644.45,646,643.25,644.5,53969
2023-03-28 13:15:00,1679989500,644.95,645,640.95,643.45,129335
2023-03-28 14:15:00,1679993100,643.1,646,642.25,644.3,130763
2023-03-28 15:15:00,1679996700,644.1,646.8,643.1,646,96171
2023-03-29 09:15:00,1680061500,644.4,653.95,643.2,651,228026
2023-03-29 10:15:00,1680065100,650.85,654.8,649.8,654.55,108363
2023-03-29 11:15:00,1680068700,654.55,659,653.35,657.3,145970
2023-03-29 12:15:00,1680072300,657.3,657.5,652.55,654.25,77857
2023-03-29 13:15:00,1680075900,654.25,655.85,652.2,652.7,57885
2023-03-29 14:15:00,1680079500,652.7,653.7,649.65,652.55,235623
2023-03-29 15:15:00,1680083100,652.55,656,652.3,653,91122
2023-03-31 09:15:00,1680234300,644.65,644.65,628,641.7,851921
2023-03-31 10:15:00,1680237900,641.7,645.75,640.5,643.45,198014
2023-03-31 11:15:00,1680241500,643.65,646,640.05,642.25,167797
2023-03-31 12:15:00,1680245100,642.25,649.75,641.85,647.95,231609
2023-03-31 13:15:00,1680248700,647.95,648.55,645.45,646.2,85846
2023-03-31 14:15:00,1680252300,646.2,650.95,645.1,647.3,255378
2023-03-31 15:15:00,1680255900,647.2,649.95,647.2,648,190190
2023-04-03 09:15:00,1680493500,649.15,654.5,645.05,646.5,203351
2023-04-03 10:15:00,1680497100,646.85,649,644,647.75,215715
2023-04-03 11:15:00,1680500700,647.75,650.85,647.75,648.95,84190
2023-04-03 12:15:00,1680504300,649,649,645.05,646.8,70706
2023-04-03 13:15:00,1680507900,646.8,649.6,646.8,648.45,56830
2023-04-03 14:15:00,1680511500,648.5,652.7,647.85,651.3,126356
2023-04-03 15:15:00,1680515100,651.1,653.5,648.35,649.5,50097
2023-04-05 09:15:00,1680666300,650.85,654.5,648.05,654.4,70047
2023-04-05 10:15:00,1680669900,654,656,650.4,655.3,115714
2023-04-05 11:15:00,1680673500,655.1,657.85,653.1,656,213317
2023-04-05 12:15:00,1680677100,656,657.5,655.1,657.2,35177
2023-04-05 13:15:00,1680680700,657.2,657.9,655.2,656,28381
2023-04-05 14:15:00,1680684300,656.05,658.5,654.25,658.25,63849
2023-04-05 15:15:00,1680687900,658.2,661.4,658.2,660.25,72294
2023-04-06 09:15:00,1680752700,659,665.85,658,661.55,232408
2023-04-06 10:15:00,1680756300,661.55,664.9,660.8,662,51796
2023-04-06 11:15:00,1680759900,662,665,660.55,663.4,94566
2023-04-06 12:15:00,1680763500,663.4,664.9,662.45,663.4,39038
2023-04-06 13:15:00,1680767100,663.4,664.2,661.3,663,31324
2023-04-06 14:15:00,1680770700,662.9,664.75,661.6,664.5,58467
2023-04-06 15:15:00,1680774300,664.5,665.5,664.05,665,63051
2023-04-10 09:15:00,1681098300,664,667,661,665.2,62801
2023-04-10 10:15:00,1681101900,665.2,666.75,661.5,662.5,52720
2023-04-10 11:15:00,1681105500,662.5,665,662.05,664.85,22904
2023-04-10 12:15:00,1681109100,664.85,665,663,663.7,23808
2023-04-10 13:15:00,1681112700,663.7,664.75,662.6,662.6,21535
2023-04-10 14:15:00,1681116300,663.05,665.1,661.7,663.6,138052
2023-04-10 15:15:00,1681119900,663.6,664,662.35,663.2,30481
2023-04-11 09:15:00,1681184700,664.85,667.5,662.9,665.8,78229
2023-04-11 10:15:00,1681188300,665.5,666.7,662.3,663.35,37399
2023-04-11 11:15:00,1681191900,663.35,663.8,659.25,660,58651
2023-04-11 12:15:00,1681195500,660,661.25,657.95,660.4,42626
2023-04-11 13:15:00,1681199100,660.4,661.8,656.35,660.95,55769
2023-04-11 14:15:00,1681202700,660.95,661.5,659.75,661.05,48901
2023-04-11 15:15:00,1681206300,661.05,661.05,659.2,660.5,75473
2023-04-12 09:15:00,1681271100,660.3,680,659.9,678.95,872120
2023-04-12 10:15:00,1681274700,678.95,679.9,675.35,677,350950
2023-04-12 11:15:00,1681278300,677.15,679.5,676,677.2,153499
2023-04-12 12:15:00,1681281900,677.2,681.05,676.1,679.9,236004
2023-04-12 13:15:00,1681285500,679.9,685,678.6,682.2,354067
2023-04-12 14:15:00,1681289100,682.05,682.9,677.4,679.4,230580
2023-04-12 15:15:00,1681292700,679.35,680.5,676.65,676.65,128662
2023-04-13 09:15:00,1681357500,672.25,676.7,667,676.55,249380
2023-04-13 10:15:00,1681361100,676.55,678.3,674.55,677.25,141795
2023-04-13 11:15:00,1681364700,677.25,678.4,672.75,673.35,135487
2023-04-13 12:15:00,1681368300,673.35,676.85,673.05,675.3,48447
2023-04-13 13:15:00,1681371900,675.3,675.5,670.5,671.1,82452
2023-04-13 14:15:00,1681375500,671.05,672.4,670.05,671.35,96960
2023-04-13 15:15:00,1681379100,671.7,672.55,670.5,671.8,53291
2023-04-17 09:15:00,1681703100,670,670,657.6,662.1,202950
2023-04-17 10:15:00,1681706700,662.1,664.45,658.55,660.25,62676
2023-04-17 11:15:00,1681710300,660.25,661.7,657.65,659.1,53354
2023-04-17 12:15:00,1681713900,659.2,659.75,657,658.15,26372
2023-04-17 13:15:00,1681717500,658.15,658.4,655.4,657.75,53593
2023-04-17 14:15:00,1681721100,657.45,659,656.55,658.45,63750
2023-04-17 15:15:00,1681724700,658.4,658.8,657.15,658.5,54924
2023-04-18 09:15:00,1681789500,658.5,677.7,658.5,676.1,561860
2023-04-18 10:15:00,1681793100,676.45,679.6,673.75,679,367360
2023-04-18 11:15:00,1681796700,678.95,685.5,678.05,684.35,509035
2023-04-18 12:15:00,1681800300,684.25,704.5,683.45,701.2,1563015
2023-04-18 13:15:00,1681803900,701.2,701.5,693.55,699.6,1142336
2023-04-18 14:15:00,1681807500,699.6,701,696.15,698.35,859418
2023-04-18 15:15:00,1681811100,698.35,699.55,697.1,698,361990
2023-04-19 09:15:00,1681875900,698.55,698.7,690.05,691.85,386797
2023-04-19 10:15:00,1681879500,691.65,692.95,689.3,691.5,170155
2023-04-19 11:15:00,1681883100,691.5,694,690.8,694,116933
2023-04-19 12:15:00,1681886700,693.95,696.8,692.7,693.4,163715
2023-04-19 13:15:00,1681890300,693.4,693.8,691.95,692,103821
2023-04-19 14:15:00,1681893900,692,692.55,686,686.6,168659
2023-04-19 15:15:00,1681897500,686.6,688.5,685.7,686.35,87880
2023-04-20 09:15:00,1681962300,686.85,690.1,678.75,679.05,198729
2023-04-20 10:15:00,1681965900,679,682.6,678.55,681,80972
2023-04-20 11:15:00,1681969500,681.25,682.1,680.2,681.05,68040
2023-04-20 12:15:00,1681973100,681.05,683.9,681,682.95,45273
2023-04-20 13:15:00,1681976700,682.95,685.7,682.15,683.25,96972
2023-04-20 14:15:00,1681980300,683.25,684.8,682.55,684.4,214631
2023-04-20 15:15:00,1681983900,684.4,685.75,683.7,685,83585
2023-04-21 09:15:00,1682048700,685,699.2,685,697.5,766432
2023-04-21 10:15:00,1682052300,697.5,702,691.7,692.3,529326
2023-04-21 11:15:00,1682055900,692,698.5,692,696,247897
2023-04-21 12:15:00,1682059500,696.1,697.65,694.75,696.85,138321
2023-04-21 13:15:00,1682063100,696.85,699.35,695.35,696.35,164629
2023-04-21 14:15:00,1682066700,696.35,697.5,694,695.5,223488
2023-04-21 15:15:00,1682070300,695.45,695.8,694.5,695.4,139436
2023-04-24 09:15:00,1682307900,695.15,703.45,688.8,700.15,416429
2023-04-24 10:15:00,1682311500,700.05,705.45,700,702.45,198409
2023-04-24 11:15:00,1682315100,702.5,704.7,700.2,701.75,105926
2023-04-24 12:15:00,1682318700,701.9,703,700.5,702.8,60477
2023-04-24 13:15:00,1682322300,702.8,703,700,700.05,149694
2023-04-24 14:15:00,1682325900,700.05,702.55,699.45,702.5,248470
2023-04-24 15:15:00,1682329500,702.5,703.65,701.5,703.65,54199
2023-04-25 09:15:00,1682394300,705,705.7,701.8,704.55,151230
2023-04-25 10:15:00,1682397900,704.55,705.75,703,703.95,60632
2023-04-25 11:15:00,1682401500,703.95,710,703.9,707,159043
2023-04-25 12:15:00,1682405100,707.45,708.25,705.8,707.75,57576
2023-04-25 13:15:00,1682408700,707.75,708.4,706.05,706.45,42559
2023-04-25 14:15:00,1682412300,706.45,707.05,704.5,704.95,113600
2023-04-25 15:15:00,1682415900,705,705.25,702.3,703.2,54538
2023-04-26 09:15:00,1682480700,705.5,707.2,699.5,705,111943
2023-04-26 10:15:00,1682484300,705,707.1,705,706.5,37534
2023-04-26 11:15:00,1682487900,706.5,708.2,705.15,707.25,65490
2023-04-26 12:15:00,1682491500,707.25,707.7,705.25,705.35,63644
2023-04-26 13:15:00,1682495100,705.35,706.7,704.85,705.75,84184
2023-04-26 14:15:00,1682498700,705.75,707.7,704.8,707.45,144432
2023-04-26 15:15:00,1682502300,707.45,709.8,706,707.5,87902
2023-04-27 09:15:00,1682567100,706.95,707.95,680,690.8,606811
2023-04-27 10:15:00,1682570700,690.35,693.5,688.25,691.1,158567
2023-04-27 11:15:00,1682574300,691.1,691.65,688.25,690.05,174489
2023-04-27 12:15:00,1682577900,690.05,691.5,688.9,690.1,115225
2023-04-27 13:15:00,1682581500,690.1,691.8,687.35,691.75,240801
2023-04-27 14:15:00,1682585100,691.75,695.65,689.55,692.4,212250
2023-04-27 15:15:00,1682588700,692,696.35,691.7,694.7,98770
2023-04-28 09:15:00,1682653500,699.35,709.6,696,702.4,424232
2023-04-28 10:15:00,1682657100,701.75,704.9,700,700.9,98522
2023-04-28 11:15:00,1682660700,700.9,705.6,700.15,702.25,58839
2023-04-28 12:15:00,1682664300,703.25,705.2,702.25,704,36744
2023-04-28 13:15:00,1682667900,704,708.7,703.2,707.6,69948
2023-04-28 14:15:00,1682671500,707.6,710.35,707.1,708.25,174066
2023-04-28 15:15:00,1682675100,708.25,710,706.75,707.1,94209
2023-05-02 09:15:00,1682999100,708.95,716.4,708.75,711.4,253706
2023-05-02 10:15:00,1683002700,711.4,712.2,707.3,707.7,83764
2023-05-02 11:15:00,1683006300,707.7,708.65,706.3,706.45,48880
2023-05-02 12:15:00,1683009900,706.35,708.15,703.6,708.1,72105
2023-05-02 13:15:00,1683013500,708.1,709.7,706.75,708.2,47055
2023-05-02 14:15:00,1683017100,708.2,709.5,706,708.8,85583
2023-05-02 15:15:00,1683020700,708.85,709.9,705.5,707,52960
2023-05-03 09:15:00,1683085500,708.8,709,705,706.25,71852
2023-05-03 10:15:00,1683089100,706.25,708.6,706,707.65,19709
2023-05-03 11:15:00,1683092700,707.65,714,707.45,711.05,70693
2023-05-03 12:15:00,1683096300,711.05,711.05,706.25,708,42280
2023-05-03 13:15:00,1683099900,708,711,708,710.8,31253
2023-05-03 14:15:00,1683103500,710.8,712.95,709.15,710.25,48752
2023-05-03 15:15:00,1683107100,710.6,711,706.95,708,26938
2023-05-04 09:15:00,1683171900,709.65,712.2,705,708.55,84470
2023-05-04 10:15:00,1683175500,708.55,710.2,707.55,709.75,17527
2023-05-04 11:15:00,1683179100,710.15,711.75,708.1,710.95,31962
2023-05-04 12:15:00,1683182700,710.95,711.3,709.75,710.35,16746
2023-05-04 13:15:00,1683186300,710.35,711.45,710,710.2,12190
2023-05-04 14:15:00,1683189900,710.2,711.5,709.05,709.45,33861
2023-05-04 15:15:00,1683193500,709.45,711,708,710,26107
2023-05-05 09:15:00,1683258300,707,713.25,705.1,711.5,94343
2023-05-05 10:15:00,1683261900,711.5,711.95,708,708.65,45180
2023-05-05 11:15:00,1683265500,708.5,709,704.05,705.8,38235
2023-05-05 12:15:00,1683269100,705.8,706.15,704.2,705.15,12908
2023-05-05 13:15:00,1683272700,705,707.65,704.85,707.3,25307
2023-05-05 14:15:00,1683276300,707.3,708.35,705.3,705.65,23638
2023-05-05 15:15:00,1683279900,705.65,705.75,702.4,702.8,27161
2023-05-08 09:15:00,1683517500,706.95,712.7,704.1,706.45,126254
2023-05-08 10:15:00,1683521100,706.45,711.95,706.35,709.8,214283
2023-05-08 11:15:00,1683524700,709.8,709.8,704.9,708.7,67594
2023-05-08 12:15:00,1683528300,708.9,711.5,708.9,711.35,46747
2023-05-08 13:15:00,1683531900,711.4,724.8,711.4,721,206502
2023-05-08 14:15:00,1683535500,720.85,736.85,720.75,732.9,691633
2023-05-08 15:15:00,1683539100,732.9,734.75,730.3,732.95,126704
2023-05-09 09:15:00,1683603900,733,735.75,726,732.2,224904
2023-05-09 10:15:00,1683607500,732.6,746,729.5,735,324185
2023-05-09 11:15:00,1683611100,735,747.5,729.75,747.15,440837
2023-05-09 12:15:00,1683614700,747.15,752,743.9,746.55,286553
2023-05-09 13:15:00,1683618300,746.5,749.45,742.8,748.5,168200
2023-05-09 14:15:00,1683621900,748.5,750.9,745,745.1,265511
2023-05-09 15:15:00,1683625500,745.1,745.55,743.45,744,184592
2023-05-10 09:15:00,1683690300,750,753,734.3,745.9,1498541
2023-05-10 10:15:00,1683693900,745.55,749.4,737.85,742.75,289500
2023-05-10 11:15:00,1683697500,742.9,747.95,741.55,747,176327
2023-05-10 12:15:00,1683701100,746.75,770.8,746,767.5,1178808
2023-05-10 13:15:00,1683704700,767.55,768,756.4,756.4,659147
2023-05-10 14:15:00,1683708300,756.6,758.7,748.85,749.3,684597
2023-05-10 15:15:00,1683711900,749.45,751.8,748,749.15,300829
2023-05-11 09:15:00,1683776700,750.5,756.6,742.45,751.55,370199
2023-05-11 10:15:00,1683780300,751.55,756.4,751.55,753.35,82965
2023-05-11 11:15:00,1683783900,753.35,755.9,750.3,753.85,137042
2023-05-11 12:15:00,1683787500,753.85,761.25,752.7,756.3,181862
2023-05-11 13:15:00,1683791100,756.45,760,752.65,758.65,136270
2023-05-11 14:15:00,1683794700,759.1,767.65,757.85,765.75,233809
2023-05-11 15:15:00,1683798300,765.75,767.8,760.35,764.65,92023
2023-05-12 09:15:00,1683863100,760,776.05,757.05,771.65,393936
2023-05-12 10:15:00,1683866700,771.3,772.95,766.3,769.55,153875
2023-05-12 11:15:00,1683870300,769.55,774.7,769.5,773.45,162783
2023-05-12 12:15:00,1683873900,773.5,774,771.95,773.05,144463
2023-05-12 13:15:00,1683877500,773,775.8,772.45,774.45,135327
2023-05-12 14:15:00,1683881100,774.45,775.5,770.75,773.05,345352
2023-05-12 15:15:00,1683884700,772.95,775,772.45,774.15,116031
2023-05-15 09:15:00,1684122300,782.75,785,771.9,782.75,410288
2023-05-15 10:15:00,1684125900,782.75,800,780.8,796,656818
2023-05-15 11:15:00,1684129500,796.4,799.85,792.05,794.5,240559
2023-05-15 12:15:00,1684133100,794.5,795.95,787.05,787.85,201454
2023-05-15 13:15:00,1684136700,787.85,788.6,785.4,788.15,105178
2023-05-15 14:15:00,1684140300,788.15,789.45,785.4,785.85,159788
2023-05-15 15:15:00,1684143900,785.75,789,785.75,787.1,119493
2023-05-16 09:15:00,1684208700,789,794.7,781.3,783.1,343740
2023-05-16 10:15:00,1684212300,783.1,789.9,779.25,788.85,215824
2023-05-16 11:15:00,1684215900,788.85,789.8,786.05,789,60322
2023-05-16 12:15:00,1684219500,789,794.95,788.65,794.2,168861
2023-05-16 13:15:00,1684223100,793.85,796.75,792.75,793.3,274350
2023-05-16 14:15:00,1684226700,793.1,794.4,791,791.35,104179
2023-05-16 15:15:00,1684230300,791.4,791.7,789.1,789.1,62202
2023-05-17 09:15:00,1684295100,788,791.75,783.55,785,105074
2023-05-17 10:15:00,1684298700,785,786.35,782.55,786,45790
2023-05-17 11:15:00,1684302300,786.45,787.45,781,783.85,88864
2023-05-17 12:15:00,1684305900,783.85,785.1,781.35,781.6,39024
2023-05-17 13:15:00,1684309500,781.6,782.2,776.4,777.15,68628
2023-05-17 14:15:00,1684313100,777.15,781.75,775.5,781.6,78526
2023-05-17 15:15:00,1684316700,781.65,782.25,780,781.75,38551
2023-05-18 09:15:00,1684381500,780,781.2,771.6,774.15,160291
2023-05-18 10:15:00,1684385100,774.15,779.6,773.85,778.7,63667
2023-05-18 11:15:00,1684388700,778.35,780.4,776.75,778.3,40361
2023-05-18 12:15:00,1684392300,778.3,780.9,777.3,778.05,70839
2023-05-18 13:15:00,1684395900,778.05,781.55,778,779.95,70277
2023-05-18 14:15:00,1684399500,779.95,782.35,778.05,779.55,112102
2023-05-18 15:15:00,1684403100,779.55,779.9,778.6,779,78119
2023-05-19 09:15:00,1684467900,781,784,775.3,780.4,91858
2023-05-19 10:15:00,1684471500,780.4,783.4,779.05,780.1,58343
2023-05-19 11:15:00,1684475100,780.1,781.05,778.45,780,43715
2023-05-19 12:15:00,1684478700,780,780.5,777,780,31149
2023-05-19 13:15:00,1684482300,780,780,777.6,778.4,21821
2023-05-19 14:15:00,1684485900,778.4,778.85,774.25,775.65,76553
2023-05-19 15:15:00,1684489500,775.6,775.6,771.2,772.4,41840
2023-05-22 09:15:00,1684727100,772.4,781.4,769.6,780.7,145332
2023-05-22 10:15:00,1684730700,780.7,781.15,777.9,778.45,41356
2023-05-22 11:15:00,1684734300,778.4,778.9,773.65,775.3,45143
2023-05-22 12:15:00,1684737900,775.25,776.95,774.4,775.2,40548
2023-05-22 13:15:00,1684741500,775.2,776.25,771.1,772,73084
2023-05-22 14:15:00,1684745100,772,775,771.55,773.9,72891
2023-05-22 15:15:00,1684748700,774,775,773.1,773.7,31951
2023-05-23 09:15:00,1684813500,772.8,789.85,772,777.75,86491
2023-05-23 10:15:00,1684817100,777.75,780.2,776.6,779.55,45744
2023-05-23 11:15:00,1684820700,779.55,779.7,775.25,776.95,25417
2023-05-23 12:15:00,1684824300,776.95,777.1,770.9,773.65,81051
2023-05-23 13:15:00,1684827900,773.65,777.6,773.25,776.85,30949
2023-05-23 14:15:00,1684831500,776.85,778,775.8,776.2,41748
2023-05-23 15:15:00,1684835100,776.2,777.9,776.05,777.9,32883
2023-05-24 09:15:00,1684899900,779.8,782.9,775.1,782,201773
2023-05-24 10:15:00,1684903500,782,782.55,777.35,778.35,62146
2023-05-24 11:15:00,1684907100,778.75,779.4,776.3,777.8,50842
2023-05-24 12:15:00,1684910700,777.9,779.25,776,777.9,33123
2023-05-24 13:15:00,1684914300,777.9,777.9,775.05,775.15,41747
2023-05-24 14:15:00,1684917900,775.15,778.25,773.35,778.15,133130
2023-05-24 15:15:00,1684921500,778.15,780.5,776.3,778.6,91574
2023-05-25 09:15:00,1684986300,777.95,782.95,776,780.8,97341
2023-05-25 10:15:00,1684989900,780.8,781.5,778.2,781.05,31784
2023-05-25 11:15:00,1684993500,781.05,785.65,779.7,783,75558
2023-05-25 12:15:00,1684997100,782.85,785,777.4,778,104666
2023-05-25 13:15:00,1685000700,778,780.5,776.6,777.45,45736
2023-05-25 14:15:00,1685004300,777.45,779.7,776,777.75,69498
2023-05-25 15:15:00,1685007900,777.75,782,777.6,780,54809
2023-05-26 09:15:00,1685072700,778.85,783.6,775.85,781.2,62112
2023-05-26 10:15:00,1685076300,781.2,781.45,776,777.35,41856
2023-05-26 11:15:00,1685079900,777.35,777.5,774.5,774.8,37668
2023-05-26 12:15:00,1685083500,774.8,778.45,773.2,778.4,39643
2023-05-26 13:15:00,1685087100,778.1,780.25,776.5,777.95,46364
2023-05-26 14:15:00,1685090700,777.95,780.4,777,780,79840
2023-05-26 15:15:00,1685094300,779.9,781.45,778.35,780.55,61324
2023-05-29 09:15:00,1685331900,787.95,791.95,780,786.95,182521
2023-05-29 10:15:00,1685335500,787.5,790.75,784.8,788.8,87801
2023-05-29 11:15:00,1685339100,788.8,797.25,787.85,795.6,137911
2023-05-29 12:15:00,1685342700,795.6,811.7,795.3,808.3,721432
2023-05-29 13:15:00,1685346300,808.3,809.4,801.4,806.7,415762
2023-05-29 14:15:00,1685349900,806.8,806.8,803,806.55,229956
2023-05-29 15:15:00,1685353500,806.55,807.45,803.85,805.5,118266
2023-05-30 09:15:00,1685418300,810,813.75,804.1,807.7,436467
2023-05-30 10:15:00,1685421900,807.7,808.8,799.25,799.5,233176
2023-05-30 11:15:00,1685425500,799.5,809.75,798.1,809.45,315632
2023-05-30 12:15:00,1685429100,809.45,809.5,805.2,808.95,75682
2023-05-30 13:15:00,1685432700,808.95,809.2,803.55,804.85,86798
2023-05-30 14:15:00,1685436300,805,805.7,801.75,803.9,115958
2023-05-30 15:15:00,1685439900,803.95,804.45,802.05,803,67026
2023-05-31 09:15:00,1685504700,806.15,813,804.8,809.75,201327
2023-05-31 10:15:00,1685508300,809.75,810.4,808,808.2,54652
2023-05-31 11:15:00,1685511900,808.2,808.7,805.5,807.2,50663
2023-05-31 12:15:00,1685515500,807.2,809,806.05,806.6,34740
2023-05-31 13:15:00,1685519100,806.6,806.6,801.25,803.05,149838
2023-05-31 14:15:00,1685522700,803.05,806.3,802.2,803.8,406450
2023-05-31 15:15:00,1685526300,803.75,807,802.6,806,222754
2023-06-01 09:15:00,1685591100,806,817.35,805,812.7,348745
2023-06-01 10:15:00,1685594700,812.7,815.35,812,813.85,91257
2023-06-01 11:15:00,1685598300,813.85,814,810.1,810.5,60927
2023-06-01 12:15:00,1685601900,810.5,811.95,809.05,810,63835
2023-06-01 13:15:00,1685605500,810,810.45,808.25,809.45,82239
2023-06-01 14:15:00,1685609100,809.45,816.5,809.45,812.4,193160
2023-06-01 15:15:00,1685612700,812.2,814,810.6,813.5,61892
2023-06-02 09:15:00,1685677500,815,816.55,808.8,810.1,101528
2023-06-02 10:15:00,1685681100,810.1,811.35,807.25,810.7,48205
2023-06-02 11:15:00,1685684700,810.7,811.5,806.15,806.15,64380
2023-06-02 12:15:00,1685688300,806.15,814.9,806.1,813.6,130091
2023-06-02 13:15:00,1685691900,813.6,815,812.4,814.4,44232
2023-06-02 14:15:00,1685695500,814.4,816.85,812,815.95,100771
2023-06-02 15:15:00,1685699100,815.95,820.5,815.1,819.35,95487
2023-06-05 09:15:00,1685936700,825,831.35,818.3,821,761074
2023-06-05 10:15:00,1685940300,821.35,823.2,819.2,821.9,114321
2023-06-05 11:15:00,1685943900,821.9,822.5,820.15,822,68339
2023-06-05 12:15:00,1685947500,822,822.95,818.05,819.6,97972
2023-06-05 13:15:00,1685951100,819.6,822.15,818.65,821.95,93242
2023-06-05 14:15:00,1685954700,821.55,823.5,820.05,820.2,213716
2023-06-05 15:15:00,1685958300,820.2,822,818,818.6,121296
2023-06-06 09:15:00,1686023100,822.85,822.85,814.35,820.1,129593
2023-06-06 10:15:00,1686026700,820.1,820.8,818.65,820.6,36142
2023-06-06 11:15:00,1686030300,820.6,822,815.35,816,49263
2023-06-06 12:15:00,1686033900,816,819.25,815.25,817.7,25427
2023-06-06 13:15:00,1686037500,817.7,822,815,819.75,72437
2023-06-06 14:15:00,1686041100,819.75,823,818.6,821,66807
2023-06-06 15:15:00,1686044700,821,824.45,820.6,822.6,46720
2023-06-07 09:15:00,1686109500,823.5,827.4,820.5,821.05,91018
2023-06-07 10:15:00,1686113100,821.05,821.55,816,819.05,135460
2023-06-07 11:15:00,1686116700,819.05,820.7,814.5,815.6,62095
2023-06-07 12:15:00,1686120300,815.6,817.35,812.7,816.05,89088
2023-06-07 13:15:00,1686123900,816.05,818.5,815.05,815.75,43883
2023-06-07 14:15:00,1686127500,815.75,817.8,815,817.7,77230
2023-06-07 15:15:00,1686131100,817.7,820,816.85,819.05,49344
2023-06-08 09:15:00,1686195900,821.25,822.3,816.4,818.5,76734
2023-06-08 10:15:00,1686199500,818.1,820.95,817.15,820.25,38063
2023-06-08 11:15:00,1686203100,820.25,820.65,809.7,812.85,57306
2023-06-08 12:15:00,1686206700,812.85,814.1,808.6,808.9,68599
2023-06-08 13:15:00,1686210300,808.9,810.85,808.9,809.65,42164
2023-06-08 14:15:00,1686213900,809.65,814.95,809.35,812.15,136621
2023-06-08 15:15:00,1686217500,812.15,814.9,809.6,810.6,52003
2023-06-09 09:15:00,1686282300,811.85,813.2,804.8,810.85,121665
2023-06-09 10:15:00,1686285900,810.85,815.15,809.1,811.8,48558
2023-06-09 11:15:00,1686289500,811.8,813.05,808.65,809.1,49169
2023-06-09 12:15:00,1686293100,809.1,810.9,807.3,809.65,37763
2023-06-09 13:15:00,1686296700,809.65,810,807.45,809.4,29005
2023-06-09 14:15:00,1686300300,809.4,810.5,805.35,806,186732
2023-06-09 15:15:00,1686303900,806,810.95,805.5,810,75447
2023-06-12 09:15:00,1686541500,814,823.45,813.55,816.5,346520
2023-06-12 10:15:00,1686545100,816.5,820.45,815.25,816.05,65628
2023-06-12 11:15:00,1686548700,816.05,817.5,816,816.05,24643
2023-06-12 12:15:00,1686552300,816.05,819.3,815.15,819.05,31645
2023-06-12 13:15:00,1686555900,819.05,819.5,817.2,817.25,16926
2023-06-12 14:15:00,1686559500,817.65,818.8,816,817.8,78568
2023-06-12 15:15:00,1686563100,818.35,820.85,818,820.85,48142
2023-06-13 09:15:00,1686627900,819.5,821.9,816.45,820.15,99945
2023-06-13 10:15:00,1686631500,820.15,820.4,817,818.25,131662
2023-06-13 11:15:00,1686635100,818.25,821.7,817.2,819.1,52051
2023-06-13 12:15:00,1686638700,819.5,821.45,818.8,819.5,39745
2023-06-13 13:15:00,1686642300,819.1,819.1,815.5,816.15,47344
2023-06-13 14:15:00,1686645900,816.15,820.7,815.85,817.15,157976
2023-06-13 15:15:00,1686649500,817.05,818.15,816.4,817.7,64627
2023-06-14 09:15:00,1686714300,817.95,820.25,809.95,813.9,144051
2023-06-14 10:15:00,1686717900,813.9,817.65,813,817.45,79786
2023-06-14 11:15:00,1686721500,817.25,819.3,816.5,817.65,48137
2023-06-14 12:15:00,1686725100,817.65,823.5,817.55,820.2,153929
2023-06-14 13:15:00,1686728700,820.2,820.9,818.45,820.25,55896
2023-06-14 14:15:00,1686732300,819.8,820.2,817.1,818.5,136055
2023-06-14 15:15:00,1686735900,818.5,821,817.7,821,56808
2023-06-15 09:15:00,1686800700,824,833,823.4,831.75,459564
2023-06-15 10:15:00,1686804300,831.5,835.9,830.5,833.8,303671
2023-06-15 11:15:00,1686807900,833.8,833.8,828.05,830.45,103796
2023-06-15 12:15:00,1686811500,830.7,834.55,829.2,831.6,114913
2023-06-15 13:15:00,1686815100,831.6,835,831.6,834.25,67212
2023-06-15 14:15:00,1686818700,834.25,835.6,832.75,835.15,167557
2023-06-15 15:15:00,1686822300,835.2,835.9,834,835.45,101776
2023-06-16 09:15:00,1686887100,838.75,843.65,836.4,837.25,352704
2023-06-16 10:15:00,1686890700,837.25,838.15,835,837.2,100040
2023-06-16 11:15:00,1686894300,837.2,837.65,835.2,835.55,40140
2023-06-16 12:15:00,1686897900,835.55,835.6,831.55,831.65,87071
2023-06-16 13:15:00,1686901500,831.65,831.9,828.9,831.05,110229
2023-06-16 14:15:00,1686905100,831.05,836.35,829.5,831.7,325685
2023-06-16 15:15:00,1686908700,831.7,831.8,827,829.2,227295
2023-06-19 09:15:00,1687146300,830.45,834,823.65,825.7,107277
2023-06-19 10:15:00,1687149900,825.7,830.8,825.05,828.45,74204
2023-06-19 11:15:00,1687153500,828.45,833.25,828.45,832.85,46170
2023-06-19 12:15:00,1687157100,832.85,833.75,830,830.35,32875
2023-06-19 13:15:00,1687160700,830.35,832.95,825.75,827,76102
2023-06-19 14:15:00,1687164300,827,828.3,824.5,825.2,35755
2023-06-19 15:15:00,1687167900,825.35,826.9,823.6,826.15,30123
2023-06-20 09:15:00,1687232700,830,830.7,821.6,826.55,141895
2023-06-20 10:15:00,1687236300,826.5,829.4,824.5,827.2,67404
2023-06-20 11:15:00,1687239900,827.2,829.25,826,828.75,35349
2023-06-20 12:15:00,1687243500,828.75,829.9,827.65,828.55,35398
2023-06-20 13:15:00,1687247100,828.55,829.45,827,829.05,21729
2023-06-20 14:15:00,1687250700,829.15,830,828,829.1,79752
2023-06-20 15:15:00,1687254300,829.1,831.2,828.75,829.9,38133
2023-06-21 09:15:00,1687319100,832,834.9,829.05,832.35,113296
2023-06-21 10:15:00,1687322700,832.35,859.5,832,853.95,744409
2023-06-21 11:15:00,1687326300,853.4,864,845.95,862.5,705875
2023-06-21 12:15:00,1687329900,862.5,885.3,860,883.8,1355043
2023-06-21 13:15:00,1687333500,884.05,884.45,870.25,870.4,1441156
2023-06-21 14:15:00,1687337100,870.4,877.5,866.7,874.85,1118408
2023-06-21 15:15:00,1687340700,875.3,876.9,874,875,289056
2023-06-22 09:15:00,1687405500,868.95,868.95,854.2,859.15,953827
2023-06-22 10:15:00,1687409100,859.15,860.75,846,846.45,746040
2023-06-22 11:15:00,1687412700,847,847.1,835,840.6,688217
2023-06-22 12:15:00,1687416300,840.6,850.15,840.15,847.5,451814
2023-06-22 13:15:00,1687419900,847.5,851,846.1,848,219588
2023-06-22 14:15:00,1687423500,848,853.9,847.5,852.15,607607
2023-06-22 15:15:00,1687427100,852.15,854.7,848.05,849,185634
2023-06-23 09:15:00,1687491900,851.45,860.65,846.3,855.5,406263
2023-06-23 10:15:00,1687495500,855.5,857.6,854.4,856.25,397510
2023-06-23 11:15:00,1687499100,856.25,859.95,854.45,859.8,205311
2023-06-23 12:15:00,1687502700,859.85,865.8,855.3,857,688310
2023-06-23 13:15:00,1687506300,857,860.25,855.6,857.4,120275
2023-06-23 14:15:00,1687509900,857.4,862.4,856.35,857.9,230071
2023-06-23 15:15:00,1687513500,857.9,859.8,855.3,857,122418
2023-06-26 09:15:00,1687751100,858.05,871.5,852.35,870.95,245323
2023-06-26 10:15:00,1687754700,870.95,874.5,869.2,873.55,224684
2023-06-26 11:15:00,1687758300,873.55,875,869.8,871.05,126053
2023-06-26 12:15:00,1687761900,871.05,872.35,870,871,85229
2023-06-26 13:15:00,1687765500,871,871.9,869.55,871.45,84422
2023-06-26 14:15:00,1687769100,871.45,874.8,870.9,874.45,115116
2023-06-26 15:15:00,1687772700,874.3,875,872.3,872.3,90032
2023-06-27 09:15:00,1687837500,879,889.9,876,889.25,533329
2023-06-27 10:15:00,1687841100,889.25,889.5,884.7,885.1,131669
2023-06-27 11:15:00,1687844700,885.1,886.25,884.15,885.3,80765
2023-06-27 12:15:00,1687848300,885.3,886.7,880.4,883,334025
2023-06-27 13:15:00,1687851900,883,883.95,881.45,882.3,84159
2023-06-27 14:15:00,1687855500,882.3,884.05,880.9,881.65,148632
2023-06-27 15:15:00,1687859100,881.6,882.45,875,878,100566
2023-06-28 09:15:00,1687923900,873.05,892.8,873.05,892.7,545463
2023-06-28 10:15:00,1687927500,892.75,894,888.8,891.65,350950
2023-06-28 11:15:00,1687931100,891.65,892.05,881.95,882.95,149142
2023-06-28 12:15:00,1687934700,882.45,887.65,882.3,885.95,53301
2023-06-28 13:15:00,1687938300,886.5,891.85,885.2,887.45,101295
2023-06-28 14:15:00,1687941900,887.45,891,885.9,889,134592
2023-06-28 15:15:00,1687945500,889,891.45,888.15,889.1,102671
2023-06-30 09:15:00,1688096700,891.1,899,890,899,235538
2023-06-30 10:15:00,1688100300,898.9,902.8,896.45,902.45,205944
2023-06-30 11:15:00,1688103900,902.45,905.95,900.8,902.5,114944
2023-06-30 12:15:00,1688107500,902.5,908.4,901.85,907.85,121093
2023-06-30 13:15:00,1688111100,907.85,908.25,903,904.6,140999
2023-06-30 14:15:00,1688114700,904.6,906.75,902.4,905,192789
2023-06-30 15:15:00,1688118300,905,905.4,895,899,136634
2023-07-03 09:15:00,1688355900,901.1,902,891.35,896.8,113308
2023-07-03 10:15:00,1688359500,896.8,899.7,895,895.2,70290
2023-07-03 11:15:00,1688363100,895.2,897,892.5,892.9,33663
2023-07-03 12:15:00,1688366700,893.35,895.45,884.25,887.65,89713
2023-07-03 13:15:00,1688370300,887.65,889,885,889,103378
2023-07-03 14:15:00,1688373900,889,895.6,888,891.2,181472
2023-07-03 15:15:00,1688377500,891.2,893.2,890.9,891.45,77017
2023-07-04 09:15:00,1688442300,899.95,902.9,892.9,894.4,284962
2023-07-04 10:15:00,1688445900,894.4,898.7,891.95,897.5,74927
2023-07-04 11:15:00,1688449500,897.65,897.65,894.85,895.5,27455
2023-07-04 12:15:00,1688453100,895.2,895.4,887.8,889.65,53251
2023-07-04 13:15:00,1688456700,889.65,894.9,889.6,893.5,38517
2023-07-04 14:15:00,1688460300,893.4,894.45,890.55,891.4,33578
2023-07-04 15:15:00,1688463900,891.45,894.2,890.1,892.5,45257
2023-07-05 09:15:00,1688528700,898.6,902.5,894.85,895.65,194178
2023-07-05 10:15:00,1688532300,895.65,899.8,894.5,896.15,97081
2023-07-05 11:15:00,1688535900,896.15,898.25,892.35,895,114218
2023-07-05 12:15:00,1688539500,895,897.95,893.35,897.95,53257
2023-07-05 13:15:00,1688543100,897.95,899.85,895.2,898.05,62000
2023-07-05 14:15:00,1688546700,898.05,900,893.9,898.45,145899
2023-07-05 15:15:00,1688550300,898.45,898.75,895.4,895.9,44711
2023-07-06 09:15:00,1688615100,899.95,901.55,891.6,899.3,126683
2023-07-06 10:15:00,1688618700,899.3,903,895,897.25,125961
2023-07-06 11:15:00,1688622300,897.25,906.45,897.2,905.55,117354
2023-07-06 12:15:00,1688625900,905.95,910.5,902.9,905.7,135730
2023-07-06 13:15:00,1688629500,905.7,907.05,901.65,903.7,54512
2023-07-06 14:15:00,1688633100,903.7,906,902.85,905.65,76976
2023-07-06 15:15:00,1688636700,905.75,906,904.65,904.65,57229
2023-07-07 09:15:00,1688701500,899.2,921,897.65,920,471992
2023-07-07 10:15:00,1688705100,920,920.2,907.2,908.75,207748
2023-07-07 11:15:00,1688708700,908.75,909.55,902.2,902.2,89986
2023-07-07 12:15:00,1688712300,902.6,904.65,889.75,894,228755
2023-07-07 13:15:00,1688715900,894.45,898.55,894,897.85,152222
2023-07-07 14:15:00,1688719500,897.85,905.5,897.75,900,213216
2023-07-07 15:15:00,1688723100,900,905,899.05,904.7,128763
2023-07-10 09:15:00,1688960700,903.45,908.65,897.45,898.15,167311
2023-07-10 10:15:00,1688964300,898,902.55,896.4,900.3,59941
2023-07-10 11:15:00,1688967900,900.3,905,899.8,900,59409
2023-07-10 12:15:00,1688971500,900,903,900,900.85,27760
2023-07-10 13:15:00,1688975100,900.85,903,899.4,900,38934
2023-07-10 14:15:00,1688978700,899.7,902,899.3,900.7,62288
2023-07-10 15:15:00,1688982300,900.4,904.7,899.65,904,56741
2023-07-11 09:15:00,1689047100,904,914,902.1,910.5,234797
2023-07-11 10:15:00,1689050700,910.5,914.9,910,911.3,96695
2023-07-11 11:15:00,1689054300,911.2,914.75,910.15,912.7,49589
2023-07-11 12:15:00,1689057900,912.7,913.65,910.3,910.5,37291
2023-07-11 13:15:00,1689061500,910.95,911.7,908.5,909.45,34998
2023-07-11 14:15:00,1689065100,909.45,911.5,907.6,910.75,54309
2023-07-11 15:15:00,1689068700,911.25,919.1,910.3,917.85,162958
2023-07-12 09:15:00,1689133500,930,935,915.05,925.1,895299
2023-07-12 10:15:00,1689137100,925.15,926.4,919,925,207780
2023-07-12 11:15:00,1689140700,925,926.35,923.5,925.5,137497
2023-07-12 12:15:00,1689144300,925.2,933.5,924.45,930.85,207618
2023-07-12 13:15:00,1689147900,930.5,933.45,929.4,932.55,130768
2023-07-12 14:15:00,1689151500,932.55,942.95,931.7,938.95,544811
2023-07-12 15:15:00,1689155100,938.95,942.65,938.75,940.35,136409
2023-07-13 09:15:00,1689219900,940.5,942.1,926.7,930.8,265779
2023-07-13 10:15:00,1689223500,931.45,931.7,926.25,928,122039
2023-07-13 11:15:00,1689227100,928,928.65,924,928,69838
2023-07-13 12:15:00,1689230700,928,929.8,925,928.25,77502
2023-07-13 13:15:00,1689234300,928.35,932,922.3,924.1,166240
2023-07-13 14:15:00,1689237900,924.1,931.9,921.9,931.4,276043
2023-07-13 15:15:00,1689241500,931.4,931.8,928.65,928.65,85779
2023-07-14 09:15:00,1689306300,931.95,934.9,925.35,929.4,153786
2023-07-14 10:15:00,1689309900,929.4,933,927.4,932.95,34737
2023-07-14 11:15:00,1689313500,932.95,934.8,926.95,927.95,105910
2023-07-14 12:15:00,1689317100,927.95,930,927.2,929,45807
2023-07-14 13:15:00,1689320700,929,930,926.4,929.95,41025
2023-07-14 14:15:00,1689324300,929.85,932.35,929,930.4,107334
2023-07-14 15:15:00,1689327900,930.4,933.45,930.1,931,112440
2023-07-17 09:15:00,1689565500,937,937.95,931.55,932.2,186266
2023-07-17 10:15:00,1689569100,932.5,939.7,931.45,937.8,92331
2023-07-17 11:15:00,1689572700,937.8,940.8,936.35,939,133832
2023-07-17 12:15:00,1689576300,939,941.4,937.2,938.95,90897
2023-07-17 13:15:00,1689579900,938.95,939.9,936.15,936.15,55065
2023-07-17 14:15:00,1689583500,936.5,938,934.1,934.55,82031
2023-07-17 15:15:00,1689587100,933.4,934.15,931.5,932.95,52232
2023-07-18 09:15:00,1689651900,934.4,939.85,928.65,930.5,70278
2023-07-18 10:15:00,1689655500,930.9,934.5,930,933.15,101861
2023-07-18 11:15:00,1689659100,933.15,934.4,932,933.05,125797
2023-07-18 12:15:00,1689662700,933.05,936.9,932.65,935,75878
2023-07-18 13:15:00,1689666300,935,936.9,933.55,934.85,23264
2023-07-18 14:15:00,1689669900,934.85,938,934,934,135462
2023-07-18 15:15:00,1689673500,934,936.5,933.8,935.05,52477
2023-07-19 09:15:00,1689738300,935,941.9,935,938.5,100980
2023-07-19 10:15:00,1689741900,938.5,938.65,931.2,932.65,45725
2023-07-19 11:15:00,1689745500,932.65,934.25,929.25,930.25,28626
2023-07-19 12:15:00,1689749100,930.25,932.6,929.5,932.35,44376
2023-07-19 13:15:00,1689752700,932.35,933.8,931.3,931.85,34841
2023-07-19 14:15:00,1689756300,931.85,933.95,931.65,931.95,50439
2023-07-19 15:15:00,1689759900,931.95,933.8,931.9,932.45,28974
2023-07-20 09:15:00,1689824700,935.95,939.75,933.6,936.45,74412
2023-07-20 10:15:00,1689828300,936.35,938,934.25,934.9,42968
2023-07-20 11:15:00,1689831900,935.35,943.9,933.6,942.9,124517
2023-07-20 12:15:00,1689835500,942.9,943,939.1,939.95,79159
2023-07-20 13:15:00,1689839100,939.95,942.7,939.3,940,67769
2023-07-20 14:15:00,1689842700,940,947.45,939,946.5,253294
2023-07-20 15:15:00,1689846300,946.4,946.95,945.25,946,63976
2023-07-21 09:15:00,1689911100,944.5,947.45,937.6,941.5,142038
2023-07-21 10:15:00,1689914700,941.5,943.55,939.3,939.3,42303
2023-07-21 11:15:00,1689918300,939.3,940.8,937.5,938.95,47980
2023-07-21 12:15:00,1689921900,938.95,940.45,937.25,940.35,29414
2023-07-21 13:15:00,1689925500,940.35,941,938.1,940,27709
2023-07-21 14:15:00,1689929100,939.85,941.75,935.9,938.65,80190
2023-07-21 15:15:00,1689932700,938.65,939,933.25,933.7,47043
2023-07-24 09:15:00,1690170300,937.8,942.3,937.65,938.3,102916
2023-07-24 10:15:00,1690173900,938.3,944.85,938.1,940.95,68830
2023-07-24 11:15:00,1690177500,940.95,940.95,937.25,939,38581
2023-07-24 12:15:00,1690181100,938.8,940.25,937.75,939.85,33413
2023-07-24 13:15:00,1690184700,939.9,940.7,938.5,940,83493
2023-07-24 14:15:00,1690188300,940,941.15,937.8,937.95,54524
2023-07-24 15:15:00,1690191900,937.95,937.95,933.8,937.7,38809
2023-07-25 09:15:00,1690256700,937.95,938.5,931.5,938.5,69271
2023-07-25 10:15:00,1690260300,938.5,941.9,936.7,936.85,40578
2023-07-25 11:15:00,1690263900,936.85,941.75,936.5,941.25,26716
2023-07-25 12:15:00,1690267500,941.25,944.15,939.85,939.85,35324
2023-07-25 13:15:00,1690271100,939.65,939.95,935.8,936.85,23889
2023-07-25 14:15:00,1690274700,936.85,938.95,935.85,938.8,29750
2023-07-25 15:15:00,1690278300,938.8,939.15,937.35,938,28522
2023-07-26 09:15:00,1690343100,941,944.9,937.6,944.4,70719
2023-07-26 10:15:00,1690346700,944.4,944.9,940.6,941.25,23814
2023-07-26 11:15:00,1690350300,941.25,943,939.85,942.7,57693
2023-07-26 12:15:00,1690353900,942.7,942.9,940.55,941.75,23547
2023-07-26 13:15:00,1690357500,941.4,942.95,941.15,942.95,26742
2023-07-26 14:15:00,1690361100,942.95,945.6,938.15,939.45,111029
2023-07-26 15:15:00,1690364700,939.45,943.5,939.1,942.85,48665
2023-07-27 09:15:00,1690429500,956,974.25,941.05,972.75,1009602
2023-07-27 10:15:00,1690433100,972.75,977.9,962.5,977.5,454089
2023-07-27 11:15:00,1690436700,977.15,980.65,972,977.3,585389
2023-07-27 12:15:00,1690440300,977.3,990.15,977.2,987.5,548807
2023-07-27 13:15:00,1690443900,987.8,988.65,975.55,977.5,249458
2023-07-27 14:15:00,1690447500,977.5,983.4,974,981,325610
2023-07-27 15:15:00,1690451100,981,981.6,977.65,980.6,125216
2023-07-28 09:15:00,1690515900,985,991,977.95,981.95,499414
2023-07-28 10:15:00,1690519500,981.95,985,980.05,984.5,123183
2023-07-28 11:15:00,1690523100,984.45,984.5,977.35,977.55,112071
2023-07-28 12:15:00,1690526700,978,980.65,977,979.85,87079
2023-07-28 13:15:00,1690530300,979.85,980,968.85,968.85,116293
2023-07-28 14:15:00,1690533900,968.55,975,966.25,974.9,131095
2023-07-28 15:15:00,1690537500,974.8,975.95,974,975.05,52419
2023-07-31 09:15:00,1690775100,972.05,985.8,972.05,985.15,247899
2023-07-31 10:15:00,1690778700,985.6,987,984,985,75588
2023-07-31 11:15:00,1690782300,985,990.5,984,988.1,93083
2023-07-31 12:15:00,1690785900,988.1,988.1,984.6,987.2,49660
2023-07-31 13:15:00,1690789500,987.2,992,985.05,988.25,138743
2023-07-31 14:15:00,1690793100,988.35,990.5,985,985.65,158657
2023-07-31 15:15:00,1690796700,985.7,986.05,983.25,983.7,146425
2023-08-01 09:15:00,1690861500,984.8,994.9,976.7,987.05,238262
2023-08-01 10:15:00,1690865100,987,991.8,985.3,990.8,109880
2023-08-01 11:15:00,1690868700,990.8,993,987.65,988.65,129528
2023-08-01 12:15:00,1690872300,988.65,989.25,980.5,982,71480
2023-08-01 13:15:00,1690875900,982,991.4,980.1,990,97598
2023-08-01 14:15:00,1690879500,990,990.2,986.15,988.1,98837
2023-08-01 15:15:00,1690883100,988.1,988.2,985.95,987.5,33611
2023-08-02 09:15:00,1690947900,987.05,988,975,980.6,167679
2023-08-02 10:15:00,1690951500,980.6,982,975.05,981.65,176069
2023-08-02 11:15:00,1690955100,981.65,992,981.3,986,149956
2023-08-02 12:15:00,1690958700,985.1,987.95,979.8,987.8,86830
2023-08-02 13:15:00,1690962300,987.8,987.8,980.95,981.45,66617
2023-08-02 14:15:00,1690965900,981.45,994.2,980.95,994.1,115779
2023-08-02 15:15:00,1690969500,994.2,998.7,993.7,994,100246
2023-08-03 09:15:00,1691034300,993.95,1036,988,1034.5,1347498
2023-08-03 10:15:00,1691037900,1034.85,1040.85,1028.1,1037.35,895506
2023-08-03 11:15:00,1691041500,1037.35,1037.9,1032.5,1033,235803
2023-08-03 12:15:00,1691045100,1032.6,1034.85,1024,1028.3,293227
2023-08-03 13:15:00,1691048700,1028.45,1039,1027.35,1031.5,448748
2023-08-03 14:15:00,1691052300,1031.5,1040,1027.1,1035.55,538108
2023-08-03 15:15:00,1691055900,1035.65,1037.25,1027.45,1028.05,198901
2023-08-04 09:15:00,1691120700,1034,1059.5,1011.1,1020.8,2019369
2023-08-04 10:15:00,1691124300,1020,1045.75,1020,1045.75,504300
2023-08-04 11:15:00,1691127900,1046.7,1048.3,1034.1,1042.5,326268
2023-08-04 12:15:00,1691131500,1043.25,1078.45,1042,1065,918639
2023-08-04 13:15:00,1691135100,1065.4,1066.95,1057.1,1063.85,376652
2023-08-04 14:15:00,1691138700,1063.85,1074,1060,1062.35,579372
2023-08-04 15:15:00,1691142300,1062.5,1064.95,1061.5,1063.95,234787
2023-08-07 09:15:00,1691379900,1067.1,1094.7,1043.5,1090,1179107
2023-08-07 10:15:00,1691383500,1090,1091.55,1075.1,1077.15,453177
2023-08-07 11:15:00,1691387100,1077.15,1082.7,1075.15,1077.2,211937
2023-08-07 12:15:00,1691390700,1077.3,1079.7,1075.5,1077.25,146715
2023-08-07 13:15:00,1691394300,1077.85,1079.6,1075.75,1078.55,112827
2023-08-07 14:15:00,1691397900,1078.45,1086.8,1077.9,1081.25,312015
2023-08-07 15:15:00,1691401500,1081.1,1083,1078.75,1081.5,178093
2023-08-08 09:15:00,1691466300,1086.95,1094.5,1076.4,1084.5,471696
2023-08-08 10:15:00,1691469900,1084.8,1088,1074.85,1077.35,177445
2023-08-08 11:15:00,1691473500,1077.25,1080,1071.4,1080,103317
2023-08-08 12:15:00,1691477100,1080,1080.55,1076,1078,36109
2023-08-08 13:15:00,1691480700,1078.2,1083.05,1078.05,1082.5,60698
2023-08-08 14:15:00,1691484300,1082.5,1085,1079.45,1084.1,188000
2023-08-08 15:15:00,1691487900,1084.25,1087.5,1082.65,1084.05,95546
2023-08-09 09:15:00,1691552700,1093.95,1109,1086.85,1090.9,801150
2023-08-09 10:15:00,1691556300,1090.6,1099.9,1090.05,1096,175571
2023-08-09 11:15:00,1691559900,1096,1097.55,1095,1097.5,61886
2023-08-09 12:15:00,1691563500,1097.5,1102,1094.45,1099.1,128595
2023-08-09 13:15:00,1691567100,1099.1,1100.35,1094.2,1097.9,174616
2023-08-09 14:15:00,1691570700,1098,1101.95,1095.3,1099.25,229711
2023-08-09 15:15:00,1691574300,1098.75,1100,1095.1,1099,121662
2023-08-10 09:15:00,1691639100,1102,1105.5,1092.1,1093.55,217815
2023-08-10 10:15:00,1691642700,1093.45,1095.4,1090.1,1092,99992
2023-08-10 11:15:00,1691646300,1092,1095.1,1090.3,1093,71573
2023-08-10 12:15:00,1691649900,1092.8,1095.35,1087.8,1088.8,70415
2023-08-10 13:15:00,1691653500,1088.65,1090.4,1080.9,1084.5,168077
2023-08-10 14:15:00,1691657100,1084.5,1085.45,1081.1,1085.1,208112
2023-08-10 15:15:00,1691660700,1085.1,1090.15,1084.3,1084.75,107327
2023-08-11 09:15:00,1691725500,1087.95,1091.2,1083.7,1086.7,286120
2023-08-11 10:15:00,1691729100,1086.7,1090.05,1079.25,1080.15,153996
2023-08-11 11:15:00,1691732700,1080.2,1083.5,1076.3,1078.15,130168
2023-08-11 12:15:00,1691736300,1078.8,1079.35,1072.75,1078,99567
2023-08-11 13:15:00,1691739900,1078,1078.05,1074.35,1076.9,57292
2023-08-11 14:15:00,1691743500,1077,1078,1074.35,1076.6,176991
2023-08-11 15:15:00,1691747100,1076.75,1077.45,1076,1076.5,68342
2023-08-14 09:15:00,1691984700,1080,1105.95,1078,1096.95,903652
2023-08-14 10:15:00,1691988300,1097.6,1098.75,1089.15,1096.45,357581
2023-08-14 11:15:00,1691991900,1096.3,1103,1094.95,1096.2,234741
2023-08-14 12:15:00,1691995500,1096.1,1098,1084.4,1087,273010
2023-08-14 13:15:00,1691999100,1087,1087.95,1080.1,1081.4,147453
2023-08-14 14:15:00,1692002700,1081.45,1086.3,1079.6,1079.85,297232
2023-08-14 15:15:00,1692006300,1080.1,1083.5,1079.35,1080.25,122066
2023-08-16 09:15:00,1692157500,1087.9,1089,1078.35,1087.65,224971
2023-08-16 10:15:00,1692161100,1087.65,1094.4,1086.55,1092.75,149745
2023-08-16 11:15:00,1692164700,1092.6,1105,1091.35,1103.4,263058
2023-08-16 12:15:00,1692168300,1103,1103.85,1098.1,1099.25,123029
2023-08-16 13:15:00,1692171900,1099,1101,1095.8,1098.25,112512
2023-08-16 14:15:00,1692175500,1098,1116,1097.55,1112.05,466600
2023-08-16 15:15:00,1692179100,1112.45,1116,1110.9,1114.55,152547
2023-08-17 09:15:00,1692243900,1125,1143.95,1111,1111.1,1375080
2023-08-17 10:15:00,1692247500,1111.1,1111.5,1102.3,1103.2,411102
2023-08-17 11:15:00,1692251100,1103.2,1103.5,1091.3,1092,411776
2023-08-17 12:15:00,1692254700,1092.05,1099.4,1091.8,1097.45,180482
2023-08-17 13:15:00,1692258300,1097.45,1101.95,1095.35,1096,145319
2023-08-17 14:15:00,1692261900,1096,1097.4,1093.05,1093.6,331416
2023-08-17 15:15:00,1692265500,1093.7,1094.5,1087.35,1090.45,340836
2023-08-18 09:15:00,1692330300,1096.9,1096.9,1078.8,1084.05,418561
2023-08-18 10:15:00,1692333900,1083.5,1086.35,1071.05,1072.55,209620
2023-08-18 11:15:00,1692337500,1071.85,1074,1066.1,1068.9,164501
2023-08-18 12:15:00,1692341100,1068.9,1071,1064.1,1067.7,104947
2023-08-18 13:15:00,1692344700,1067.7,1070.85,1066.7,1070.4,79433
2023-08-18 14:15:00,1692348300,1070.4,1071.95,1066.55,1067.75,225953
2023-08-18 15:15:00,1692351900,1067.6,1068.2,1065.1,1065.1,139981
2023-08-21 09:15:00,1692589500,1066,1079.2,1064.25,1069.7,291221
2023-08-21 10:15:00,1692593100,1069.7,1076,1068.6,1075,164672
2023-08-21 11:15:00,1692596700,1074.7,1083.2,1074.7,1080.6,209022
2023-08-21 12:15:00,1692600300,1081.1,1086.5,1078.9,1080.25,213228
2023-08-21 13:15:00,1692603900,1080.25,1085,1080.25,1083.35,179290
2023-08-21 14:15:00,1692607500,1083.4,1087.1,1082.4,1085.1,304977
2023-08-21 15:15:00,1692611100,1085.5,1090,1085.5,1089,133426
2023-08-22 09:15:00,1692675900,1091.35,1094,1085.95,1089.25,291679
2023-08-22 10:15:00,1692679500,1089.25,1090,1087.9,1089.65,106337
2023-08-22 11:15:00,1692683100,1089.6,1090.4,1088.45,1090,149258
2023-08-22 12:15:00,1692686700,1090,1091.95,1089,1090.95,64465
2023-08-22 13:15:00,1692690300,1090.95,1092.65,1089.5,1090.3,76744
2023-08-22 14:15:00,1692693900,1090.3,1091.7,1089.85,1090,108072
2023-08-22 15:15:00,1692697500,1090,1093.5,1089.7,1091.35,88970
2023-08-23 09:15:00,1692762300,1092,1104.7,1092,1098.8,266099
2023-08-23 10:15:00,1692765900,1098.9,1099.35,1092.55,1094.9,83213
2023-08-23 11:15:00,1692769500,1094.9,1095,1091,1091.8,60595
2023-08-23 12:15:00,1692773100,1092.3,1092.85,1086.4,1091.05,78334
2023-08-23 13:15:00,1692776700,1091.4,1097.55,1089.75,1095.35,99541
2023-08-23 14:15:00,1692780300,1095.55,1096.9,1092.45,1093.1,132638
2023-08-23 15:15:00,1692783900,1092.9,1095.2,1091,1091,57485
2023-08-24 09:15:00,1692848700,1094.45,1098.85,1089.4,1092.75,88504
2023-08-24 10:15:00,1692852300,1092.15,1099.3,1092,1096.4,60558
2023-08-24 11:15:00,1692855900,1096.4,1096.9,1092.15,1094.25,26828
2023-08-24 12:15:00,1692859500,1094.25,1100,1093.05,1097.95,85650
2023-08-24 13:15:00,1692863100,1097.95,1098.4,1095.2,1097.8,36700
2023-08-24 14:15:00,1692866700,1097.3,1099,1090,1090,80452
2023-08-24 15:15:00,1692870300,1090.05,1090.5,1085,1088,58231
2023-08-25 09:15:00,1692935100,1091,1093.05,1080,1084.4,172893
2023-08-25 10:15:00,1692938700,1084.4,1084.85,1080.65,1081.2,52810
2023-08-25 11:15:00,1692942300,1081.2,1082.35,1077.45,1080,75717
2023-08-25 12:15:00,1692945900,1080.35,1081.8,1076.9,1080.25,127440
2023-08-25 13:15:00,1692949500,1080.25,1082.3,1079.05,1081.35,55239
2023-08-25 14:15:00,1692953100,1081.25,1082,1077.2,1078.65,84016
2023-08-25 15:15:00,1692956700,1078,1079.6,1072.2,1075.5,69950
2023-08-28 09:15:00,1693194300,1078.05,1090.5,1075.25,1090.3,204369
2023-08-28 10:15:00,1693197900,1090.3,1097.35,1089,1094.9,125946
2023-08-28 11:15:00,1693201500,1095.45,1095.45,1091.35,1094.05,60230
2023-08-28 12:15:00,1693205100,1094.45,1095.55,1094,1094.45,35773
2023-08-28 13:15:00,1693208700,1094.45,1097.8,1094,1097.05,52668
2023-08-28 14:15:00,1693212300,1097.05,1111.1,1095.15,1106.5,272330
2023-08-28 15:15:00,1693215900,1106.95,1108,1103.4,1106,78934
2023-08-29 09:15:00,1693280700,1111.95,1116.95,1101,1102.2,399008
2023-08-29 10:15:00,1693284300,1102.25,1102.75,1097.65,1097.65,133463
2023-08-29 11:15:00,1693287900,1097.65,1098.05,1090.35,1096.35,104075
2023-08-29 12:15:00,1693291500,1096.25,1106,1096.25,1105.15,95368
2023-08-29 13:15:00,1693295100,1105.15,1105.75,1099,1099.05,64892
2023-08-29 14:15:00,1693298700,1099.6,1100,1095.2,1097.45,151217
2023-08-29 15:15:00,1693302300,1097.35,1101.3,1095.1,1098,124441
2023-08-30 09:15:00,1693367100,1115,1115.6,1101.1,1104.65,232366
2023-08-30 10:15:00,1693370700,1105.25,1107,1102.4,1103.75,68403
2023-08-30 11:15:00,1693374300,1103.75,1106.5,1102.2,1104.05,41569
2023-08-30 12:15:00,1693377900,1104.5,1105.7,1101.8,1105.6,43841
2023-08-30 13:15:00,1693381500,1105.6,1105.95,1102.1,1103,25608
2023-08-30 14:15:00,1693385100,1103,1103,1098.35,1101.4,70849
2023-08-30 15:15:00,1693388700,1101,1102.15,1098,1100.3,53186
2023-08-31 09:15:00,1693453500,1103.95,1107,1100,1103.5,150779
2023-08-31 10:15:00,1693457100,1103.4,1110,1103.25,1107.45,80543
2023-08-31 11:15:00,1693460700,1107.95,1110,1106.8,1108.4,60171
2023-08-31 12:15:00,1693464300,1108.4,1109,1101.3,1101.7,84249
2023-08-31 13:15:00,1693467900,1102,1108,1101.8,1102.45,110406
2023-08-31 14:15:00,1693471500,1102.45,1105.9,1095.9,1099.95,471549
2023-08-31 15:15:00,1693475100,1099.95,1101,1090.5,1092,277039
2023-09-01 09:15:00,1693539900,1095.95,1099.4,1087.35,1090,95557
2023-09-01 10:15:00,1693543500,1090,1097.95,1088.65,1097,93611
2023-09-01 11:15:00,1693547100,1097,1097.5,1092.55,1095.45,37892
2023-09-01 12:15:00,1693550700,1095.45,1095.55,1090.4,1092.95,25702
2023-09-01 13:15:00,1693554300,1093.2,1098.35,1092.4,1097.75,33365
2023-09-01 14:15:00,1693557900,1097.8,1098.6,1093.55,1094.2,58642
2023-09-01 15:15:00,1693561500,1094.2,1095.5,1089.05,1094.95,38440
2023-09-04 09:15:00,1693799100,1095,1102.5,1095,1097.9,154862
2023-09-04 10:15:00,1693802700,1097.45,1101,1094.5,1096.45,106156
2023-09-04 11:15:00,1693806300,1096.45,1098.7,1093.25,1098.7,96136
2023-09-04 12:15:00,1693809900,1098.1,1101,1097.25,1099.95,41274
2023-09-04 13:15:00,1693813500,1100,1100,1094.05,1095.25,27993
2023-09-04 14:15:00,1693817100,1095.25,1098.25,1093.45,1098,51581
2023-09-04 15:15:00,1693820700,1097.9,1099.5,1096,1096.15,33258
2023-09-05 09:15:00,1693885500,1098,1108.7,1095.9,1104.6,186499
2023-09-05 10:15:00,1693889100,1104.6,1105.75,1096.75,1098.55,60861
2023-09-05 11:15:00,1693892700,1098.75,1104.75,1096.65,1103.4,56366
2023-09-05 12:15:00,1693896300,1103.85,1110,1103.35,1107.2,101597
2023-09-05 13:15:00,1693899900,1107.2,1124,1105.8,1123,388535
2023-09-05 14:15:00,1693903500,1123,1128.9,1115.5,1117.2,364918
2023-09-05 15:15:00,1693907100,1117.3,1122,1117,1121,66240
2023-09-06 09:15:00,1693971900,1125,1132.5,1118.9,1131.35,597451
2023-09-06 10:15:00,1693975500,1131.4,1143,1130.2,1137.65,809653
2023-09-06 11:15:00,1693979100,1137.6,1138.75,1126.4,1131.1,203880
2023-09-06 12:15:00,1693982700,1131.7,1134.2,1127.75,1130.05,70159
2023-09-06 13:15:00,1693986300,1130.1,1136.05,1130.1,1133.45,108091
2023-09-06 14:15:00,1693989900,1133.45,1141.9,1132.55,1137.45,194693
2023-09-06 15:15:00,1693993500,1137.4,1140.7,1137.15,1139.95,223955
2023-09-07 09:15:00,1694058300,1144.9,1148.75,1136,1138.15,332391
2023-09-07 10:15:00,1694061900,1138.15,1139.85,1128.15,1131.35,136869
2023-09-07 11:15:00,1694065500,1131.35,1136.15,1131,1135.15,111975
2023-09-07 12:15:00,1694069100,1135.15,1138.4,1134.3,1135.45,34604
2023-09-07 13:15:00,1694072700,1135.45,1136.2,1133.95,1135.2,35693
2023-09-07 14:15:00,1694076300,1135.2,1137.45,1134.55,1135,112889
2023-09-07 15:15:00,1694079900,1135,1140,1135,1137.45,58952
2023-09-08 09:15:00,1694144700,1143,1143.45,1129.4,1132,114849
2023-09-08 10:15:00,1694148300,1132.4,1133.15,1118.65,1121.95,123671
2023-09-08 11:15:00,1694151900,1121.95,1123.5,1119.05,1123.5,50482
2023-09-08 12:15:00,1694155500,1123.5,1125.2,1121.6,1122.95,66517
2023-09-08 13:15:00,1694159100,1122.9,1126.5,1122.4,1125.5,77216
2023-09-08 14:15:00,1694162700,1124.95,1129.25,1124.2,1126.95,88326
2023-09-08 15:15:00,1694166300,1126.5,1130.95,1126.5,1129.5,55426
2023-09-11 09:15:00,1694403900,1129.45,1134.55,1125.25,1131.5,109938
2023-09-11 10:15:00,1694407500,1131.5,1134.9,1125.4,1126.65,62820
2023-09-11 11:15:00,1694411100,1126.65,1128.5,1124.15,1124.5,50360
2023-09-11 12:15:00,1694414700,1124.5,1131.2,1122.3,1130.75,196326
2023-09-11 13:15:00,1694418300,1130.75,1131.25,1122.3,1124.2,385124
2023-09-11 14:15:00,1694421900,1124.2,1128.35,1121.95,1128.35,360260
2023-09-11 15:15:00,1694425500,1128.75,1130.75,1124.1,1129.6,97201
2023-09-12 09:15:00,1694490300,1137.95,1174.5,1132.05,1148,1603331
2023-09-12 10:15:00,1694493900,1147.5,1149.4,1139.7,1143.8,355342
2023-09-12 11:15:00,1694497500,1144.25,1147.5,1141.05,1142,189328
2023-09-12 12:15:00,1694501100,1142.5,1144.45,1135.6,1142,181080
2023-09-12 13:15:00,1694504700,1142,1142.55,1137.6,1140.9,99825
2023-09-12 14:15:00,1694508300,1140.9,1142,1136.65,1137.8,217255
2023-09-12 15:15:00,1694511900,1137.1,1139.7,1135.9,1136,150881
2023-09-13 09:15:00,1694576700,1142.35,1153.2,1133.4,1148.1,206580
2023-09-13 10:15:00,1694580300,1147.8,1150.9,1143.4,1147,107720
2023-09-13 11:15:00,1694583900,1147,1150,1144.45,1145.35,114510
2023-09-13 12:15:00,1694587500,1145.4,1146.7,1141.75,1144.6,52407
2023-09-13 13:15:00,1694591100,1144.6,1144.75,1138.35,1142.5,70387
2023-09-13 14:15:00,1694594700,1142.5,1145,1141.35,1143.9,180164
2023-09-13 15:15:00,1694598300,1143.9,1150,1143.8,1146,97777
2023-09-14 09:15:00,1694663100,1143,1154,1143,1144.6,93021
2023-09-14 10:15:00,1694666700,1144.6,1145.3,1141.05,1143.55,56898
2023-09-14 11:15:00,1694670300,1143.75,1145.5,1142.8,1145,31176
2023-09-14 12:15:00,1694673900,1145,1156.95,1144.9,1155.25,136773
2023-09-14 13:15:00,1694677500,1155.25,1160.4,1155.25,1159.95,150244
2023-09-14 14:15:00,1694681100,1159.95,1160.1,1153.8,1155.65,107077
2023-09-14 15:15:00,1694684700,1155.95,1157.1,1153.3,1154,57038
2023-09-15 09:15:00,1694749500,1162.3,1162.75,1155,1158.6,140959
2023-09-15 10:15:00,1694753100,1158,1159.65,1154.6,1159.1,47257
2023-09-15 11:15:00,1694756700,1159.1,1159.2,1155.05,1157.6,34257
2023-09-15 12:15:00,1694760300,1157.6,1158.7,1155.35,1157,108719
2023-09-15 13:15:00,1694763900,1157,1157.35,1149.55,1150.8,66967
2023-09-15 14:15:00,1694767500,1150.75,1154.85,1149.15,1150.15,312279
2023-09-15 15:15:00,1694771100,1151.1,1151.1,1148.05,1150,254858
2023-09-18 09:15:00,1695008700,1145.5,1157.75,1144.4,1144.5,98514
2023-09-18 10:15:00,1695012300,1144.5,1145,1135.3,1136.45,54863
2023-09-18 11:15:00,1695015900,1136.45,1136.6,1131.25,1132,55764
2023-09-18 12:15:00,1695019500,1131.6,1140,1131,1138.85,118275
2023-09-18 13:15:00,1695023100,1138.85,1140,1135.65,1139.5,83449
2023-09-18 14:15:00,1695026700,1139.55,1140.9,1137.1,1139.35,239434
2023-09-18 15:15:00,1695030300,1139.85,1140.45,1137.35,1139.5,54884
2023-09-20 09:15:00,1695181500,1135,1150.95,1135,1137.65,269859
2023-09-20 10:15:00,1695185100,1137.15,1139.6,1134.35,1139.2,87881
2023-09-20 11:15:00,1695188700,1139.2,1148.9,1138,1146.15,75201
2023-09-20 12:15:00,1695192300,1145,1152.45,1144.45,1150.95,170082
2023-09-20 13:15:00,1695195900,1150.95,1151.9,1147.85,1150.35,112658
2023-09-20 14:15:00,1695199500,1150.35,1158,1149.65,1150.45,236240
2023-09-20 15:15:00,1695203100,1150.5,1150.5,1147.3,1147.35,136101
2023-09-21 09:15:00,1695267900,1142,1149.85,1135.4,1137.25,249185
2023-09-21 10:15:00,1695271500,1137.25,1140.95,1135.65,1140.2,48809
2023-09-21 11:15:00,1695275100,1140.2,1141.8,1137.25,1137.8,25409
2023-09-21 12:15:00,1695278700,1137.8,1142,1137,1138.35,76850
2023-09-21 13:15:00,1695282300,1138.35,1140.45,1136.9,1137,40191
2023-09-21 14:15:00,1695285900,1137,1137.6,1126.4,1131.65,86886
2023-09-21 15:15:00,1695289500,1131.65,1133,1122.8,1125.5,108204
2023-09-22 09:15:00,1695354300,1127.25,1134.25,1092,1094,488672
2023-09-22 10:15:00,1695357900,1094,1110.25,1091.5,1110,192177
2023-09-22 11:15:00,1695361500,1110,1111.85,1105.4,1110,82146
2023-09-22 12:15:00,1695365100,1109.75,1111.65,1108,1109.45,28803
2023-09-22 13:15:00,1695368700,1109.4,1110.5,1103.1,1103.1,55218
2023-09-22 14:15:00,1695372300,1103.4,1103.4,1097.35,1097.45,186170
2023-09-22 15:15:00,1695375900,1097.35,1099,1095.75,1098.55,239995
2023-09-25 09:15:00,1695613500,1099,1106.3,1093.85,1097.45,144995
2023-09-25 10:15:00,1695617100,1097.45,1110,1097.25,1107.6,90053
2023-09-25 11:15:00,1695620700,1107.6,1110.6,1105.4,1109.35,41052
2023-09-25 12:15:00,1695624300,1109.3,1113,1107.3,1110.95,53116
2023-09-25 13:15:00,1695627900,1110.95,1115,1108.75,1110.7,64290
2023-09-25 14:15:00,1695631500,1110.7,1113,1108.5,1110.7,94299
2023-09-25 15:15:00,1695635100,1110.7,1111.3,1109.15,1110,70494
2023-09-26 09:15:00,1695699900,1113,1113.85,1107.1,1110,80006
2023-09-26 10:15:00,1695703500,1110,1112.6,1106.85,1111.2,26884
2023-09-26 11:15:00,1695707100,1111.2,1111.75,1109.3,1109.7,11785
2023-09-26 12:15:00,1695710700,1109.95,1110.9,1108.3,1110.25,15140
2023-09-26 13:15:00,1695714300,1110.3,1113,1109,1112.55,38334
2023-09-26 14:15:00,1695717900,1112.45,1118.6,1109.25,1110,114812
2023-09-26 15:15:00,1695721500,1109.95,1111,1105.35,1108.5,42493
2023-09-27 09:15:00,1695786300,1108,1130.5,1105.1,1127.2,314476
2023-09-27 10:15:00,1695789900,1127,1129.65,1123.05,1124,97567
2023-09-27 11:15:00,1695793500,1124,1133.9,1123.7,1133,139263
2023-09-27 12:15:00,1695797100,1133,1133.6,1128.6,1130.6,102504
2023-09-27 13:15:00,1695800700,1131.15,1132.6,1129.3,1131,94611
2023-09-27 14:15:00,1695804300,1131.2,1134.8,1130.5,1131.8,142303
2023-09-27 15:15:00,1695807900,1131.8,1134.25,1130.2,1131.85,90361
2023-09-28 09:15:00,1695872700,1133.95,1139.95,1132,1134,82426
2023-09-28 10:15:00,1695876300,1134,1138.5,1130.85,1136.5,51848
2023-09-28 11:15:00,1695879900,1136.5,1140,1131.25,1135.7,47386
2023-09-28 12:15:00,1695883500,1135.7,1135.7,1128.5,1128.6,37094
2023-09-28 13:15:00,1695887100,1128.6,1132.55,1127.25,1130.9,36145
2023-09-28 14:15:00,1695890700,1130.9,1136.55,1125.25,1130,167926
2023-09-28 15:15:00,1695894300,1130,1136.25,1127.6,1129.5,28126
2023-09-29 09:15:00,1695959100,1133.1,1157,1133.1,1146.3,295886
2023-09-29 10:15:00,1695962700,1147.4,1170.7,1147,1167.2,312906
2023-09-29 11:15:00,1695966300,1167.2,1173.95,1165,1165.2,212873
2023-09-29 12:15:00,1695969900,1165.4,1170.95,1164.7,1165.85,96198
2023-09-29 13:15:00,1695973500,1166.3,1179.8,1165.6,1178.05,294674
2023-09-29 14:15:00,1695977100,1178.5,1184.7,1168.3,1170.25,501507
2023-09-29 15:15:00,1695980700,1170,1172.6,1167,1168.35,218346
2023-10-03 09:15:00,1696304700,1171,1171,1156.15,1162.1,240655
2023-10-03 10:15:00,1696308300,1162.1,1178.05,1161.3,1175.8,173646
2023-10-03 11:15:00,1696311900,1175.8,1178.55,1171.15,1173.6,103213
2023-10-03 12:15:00,1696315500,1173.6,1181.45,1169.55,1178.95,131928
2023-10-03 13:15:00,1696319100,1178.95,1179,1172.4,1174.35,97977
2023-10-03 14:15:00,1696322700,1174.35,1179.25,1170.25,1174.15,206030
2023-10-03 15:15:00,1696326300,1173.85,1174.2,1171.95,1173.7,86431
2023-10-04 09:15:00,1696391100,1172.4,1172.75,1158.5,1162.45,151226
2023-10-04 10:15:00,1696394700,1162.45,1163.4,1153.1,1156.4,96625
2023-10-04 11:15:00,1696398300,1156.6,1158.7,1150.1,1153.15,70541
2023-10-04 12:15:00,1696401900,1153.15,1153.55,1142.05,1142.85,86698
2023-10-04 13:15:00,1696405500,1142.9,1150.3,1142.75,1148.4,90377
2023-10-04 14:15:00,1696409100,1148.4,1155.4,1147,1149.6,102433
2023-10-04 15:15:00,1696412700,1149.6,1153.65,1149.55,1150.5,71265
2023-10-05 09:15:00,1696477500,1151.9,1162.35,1146.5,1148.05,66109
2023-10-05 10:15:00,1696481100,1148.05,1148.55,1142.15,1145.65,34656
2023-10-05 11:15:00,1696484700,1145.1,1157.05,1143,1156,68345
2023-10-05 12:15:00,1696488300,1154.8,1155.95,1150,1151.7,37856
2023-10-05 13:15:00,1696491900,1151.7,1152.95,1147.6,1150.25,18895
2023-10-05 14:15:00,1696495500,1150.3,1151.75,1146.95,1149.2,54257
2023-10-05 15:15:00,1696499100,1149.2,1150,1148.35,1150,47052
2023-10-06 09:15:00,1696563900,1159.05,1167.95,1154.1,1157.85,180267
2023-10-06 10:15:00,1696567500,1157.85,1165.4,1155.9,1156.65,72039
2023-10-06 11:15:00,1696571100,1156.7,1156.7,1152.6,1155.5,33769
2023-10-06 12:15:00,1696574700,1155.9,1156.7,1153,1156,26128
2023-10-06 13:15:00,1696578300,1155.55,1157.15,1155.3,1156.45,26999
2023-10-06 14:15:00,1696581900,1156.45,1157,1153,1154,154684
2023-10-06 15:15:00,1696585500,1154,1159.65,1153.8,1156.2,74648
2023-10-09 09:15:00,1696823100,1138.6,1156.85,1138.05,1156.35,103187
2023-10-09 10:15:00,1696826700,1156.35,1160,1148.6,1154.45,55043
2023-10-09 11:15:00,1696830300,1154.45,1154.45,1146,1149.15,29524
2023-10-09 12:15:00,1696833900,1149.15,1150.9,1145.25,1146.2,16938
2023-10-09 13:15:00,1696837500,1146.05,1149.7,1145.1,1147.8,18397
2023-10-09 14:15:00,1696841100,1147.8,1153.4,1146.75,1149.7,32630
2023-10-09 15:15:00,1696844700,1149.7,1150.95,1146.75,1149.9,23809
2023-10-10 09:15:00,1696909500,1149.95,1157.05,1146.5,1155.5,62485
2023-10-10 10:15:00,1696913100,1155.5,1159.35,1152.65,1158.65,42523
2023-10-10 11:15:00,1696916700,1158.65,1161.9,1155.9,1156.6,54435
2023-10-10 12:15:00,1696920300,1156.95,1160.25,1154.75,1157.9,123774
2023-10-10 13:15:00,1696923900,1157.9,1158.9,1155.25,1158.2,66500
2023-10-10 14:15:00,1696927500,1158.35,1158.95,1153.55,1154.15,109769
2023-10-10 15:15:00,1696931100,1154.1,1157,1153.6,1157,40005
2023-10-11 09:15:00,1696995900,1151,1168.25,1151,1159,146354
2023-10-11 10:15:00,1696999500,1159,1163.75,1158.45,1161.9,136983
2023-10-11 11:15:00,1697003100,1161.9,1162,1158.65,1159,67993
2023-10-11 12:15:00,1697006700,1159,1160.4,1156.25,1159.4,146883
2023-10-11 13:15:00,1697010300,1159.4,1160,1156.9,1159.65,68913
2023-10-11 14:15:00,1697013900,1159.65,1162,1158.5,1159.8,234249
2023-10-11 15:15:00,1697017500,1159.8,1160.55,1156,1156,76087
2023-10-12 09:15:00,1697082300,1163.95,1166.95,1160.1,1163.1,87704
2023-10-12 10:15:00,1697085900,1163.1,1171.45,1163.1,1170.1,117490
2023-10-12 11:15:00,1697089500,1170.4,1193,1168.5,1186.25,509858
2023-10-12 12:15:00,1697093100,1186.75,1186.75,1179.55,1183.15,96578
2023-10-12 13:15:00,1697096700,1183.15,1183.75,1175.35,1178.2,171772
2023-10-12 14:15:00,1697100300,1178.2,1180.2,1172.75,1173.95,307164
2023-10-12 15:15:00,1697103900,1173.95,1173.95,1167.6,1169.65,183842
2023-10-13 09:15:00,1697168700,1171.9,1182.95,1166.1,1181.7,111780
2023-10-13 10:15:00,1697172300,1182.2,1185,1177.15,1179.95,125150
2023-10-13 11:15:00,1697175900,1179.95,1180,1174.55,1177.05,42128
2023-10-13 12:15:00,1697179500,1177.05,1180,1176.4,1180,44852
2023-10-13 13:15:00,1697183100,1179.65,1184.5,1179.65,1184,64662
2023-10-13 14:15:00,1697186700,1184.05,1186,1183.05,1185.5,102625
2023-10-13 15:15:00,1697190300,1185.3,1191.65,1184.95,1190.3,96374
2023-10-16 09:15:00,1697427900,1191.65,1201.55,1185.45,1199,226645
2023-10-16 10:15:00,1697431500,1198.3,1200,1195.05,1198.1,92739
2023-10-16 11:15:00,1697435100,1198.1,1199,1196.15,1197.25,38923
2023-10-16 12:15:00,1697438700,1197.25,1200,1196.7,1198,38357
2023-10-16 13:15:00,1697442300,1198.1,1198.5,1196.65,1197.8,29653
2023-10-16 14:15:00,1697445900,1197.8,1199.85,1195.7,1198.95,144408
2023-10-16 15:15:00,1697449500,1199.45,1200.45,1198.15,1199.8,101719
2023-10-17 09:15:00,1697514300,1204.8,1207.95,1198.65,1206.5,189915
2023-10-17 10:15:00,1697517900,1206.7,1214.9,1202.35,1214.2,246627
2023-10-17 11:15:00,1697521500,1214.25,1215.4,1210,1210.3,111949
2023-10-17 12:15:00,1697525100,1210.3,1210.3,1200.75,1200.9,106002
2023-10-17 13:15:00,1697528700,1201,1203.1,1193.65,1194.5,60446
2023-10-17 14:15:00,1697532300,1194.5,1198,1194.25,1197.15,127943
2023-10-17 15:15:00,1697535900,1197.05,1198,1195.45,1198,63544
2023-10-18 09:15:00,1697600700,1193.65,1201.95,1192.95,1197.95,146631
2023-10-18 10:15:00,1697604300,1197.45,1200.3,1194.4,1200,105964
2023-10-18 11:15:00,1697607900,1200,1208,1199,1204.45,269527
2023-10-18 12:15:00,1697611500,1204.6,1206.4,1199.5,1206,197105
2023-10-18 13:15:00,1697615100,1206,1207.1,1204.45,1206.1,75498
2023-10-18 14:15:00,1697618700,1206.1,1206.45,1184.35,1188.15,865005
2023-10-18 15:15:00,1697622300,1188.2,1194.65,1188.2,1189.4,166105
2023-10-19 09:15:00,1697687100,1185.1,1191.95,1178.7,1188.6,141662
2023-10-19 10:15:00,1697690700,1188.6,1197.8,1186.6,1196.65,175493
2023-10-19 11:15:00,1697694300,1196.65,1197.65,1193.9,1195.6,50358
2023-10-19 12:15:00,1697697900,1195.6,1197.35,1192.6,1195.4,65598
2023-10-19 13:15:00,1697701500,1195.4,1197.35,1193.8,1197.3,42135
2023-10-19 14:15:00,1697705100,1197.3,1202,1195.3,1200.1,110121
2023-10-19 15:15:00,1697708700,1200.05,1200.5,1198,1199.15,68367
2023-10-20 09:15:00,1697773500,1199.95,1199.95,1183.75,1191.4,105388
2023-10-20 10:15:00,1697777100,1191.4,1196,1185.15,1190.7,87338
2023-10-20 11:15:00,1697780700,1190.45,1191.2,1179.2,1181.95,52378
2023-10-20 12:15:00,1697784300,1181.9,1183.25,1175,1178.1,25088
2023-10-20 13:15:00,1697787900,1178.1,1179.9,1174.1,1176.9,30843
2023-10-20 14:15:00,1697791500,1176.9,1181.95,1173.35,1179.6,85084
2023-10-20 15:15:00,1697795100,1179.7,1184,1177.85,1183,63257
2023-10-23 09:15:00,1698032700,1173.1,1188.65,1173.1,1175.25,69610
2023-10-23 10:15:00,1698036300,1175.25,1175.65,1167.4,1170,34340
2023-10-23 11:15:00,1698039900,1170,1172.6,1164.85,1166,27235
2023-10-23 12:15:00,1698043500,1166,1172.35,1165.1,1170,24278
2023-10-23 13:15:00,1698047100,1170,1175.55,1163.85,1174.3,40262
2023-10-23 14:15:00,1698050700,1174.45,1176.55,1169.1,1170.05,77170
2023-10-23 15:15:00,1698054300,1170.05,1171.4,1159.95,1161,37876
2023-10-25 09:15:00,1698205500,1190,1190,1158.05,1159.75,229341
2023-10-25 10:15:00,1698209100,1159.5,1161.15,1151.25,1158.6,155447
2023-10-25 11:15:00,1698212700,1159,1159.55,1146.55,1148.05,158679
2023-10-25 12:15:00,1698216300,1148.05,1148.1,1135.25,1145,289150
2023-10-25 13:15:00,1698219900,1145,1149,1142.3,1143.4,72695
2023-10-25 14:15:00,1698223500,1143.4,1146.5,1140,1143.2,90575
2023-10-25 15:15:00,1698227100,1143.2,1145,1141,1141,50875
2023-10-26 09:15:00,1698291900,1143,1149.4,1127.15,1134.9,137006
2023-10-26 10:15:00,1698295500,1134.55,1135.7,1127.6,1129.75,49770
2023-10-26 11:15:00,1698299100,1129.75,1131.7,1126.7,1128.6,37893
2023-10-26 12:15:00,1698302700,1128,1130.8,1125.05,1126.5,49237
2023-10-26 13:15:00,1698306300,1126.2,1136.95,1126,1134.8,66476
2023-10-26 14:15:00,1698309900,1134.8,1144.25,1134.5,1141.05,81422
2023-10-26 15:15:00,1698313500,1140.6,1144.6,1138.9,1139.6,65245
2023-10-27 09:15:00,1698378300,1141.6,1151.75,1134.45,1148,72608
2023-10-27 10:15:00,1698381900,1148,1148.2,1141.5,1141.75,138842
2023-10-27 11:15:00,1698385500,1141.75,1141.9,1130.75,1132.45,71101
2023-10-27 12:15:00,1698389100,1132.45,1135.35,1129.1,1130.55,36472
2023-10-27 13:15:00,1698392700,1130.55,1135,1130.55,1132.15,21490
2023-10-27 14:15:00,1698396300,1132.15,1133.3,1129.45,1130.7,63237
2023-10-27 15:15:00,1698399900,1130.7,1135.5,1130.25,1131.7,48390
2023-10-30 09:15:00,1698637500,1139,1143,1127.55,1137.85,144136
2023-10-30 10:15:00,1698641100,1137.9,1143.5,1134.1,1134.5,86095
2023-10-30 11:15:00,1698644700,1134.5,1146.7,1134.2,1136.25,297043
2023-10-30 12:15:00,1698648300,1136.25,1139.25,1128.1,1132.25,162062
2023-10-30 13:15:00,1698651900,1132.25,1148.95,1129.95,1147.55,236724
2023-10-30 14:15:00,1698655500,1147.55,1149,1137.95,1139.9,413752
2023-10-30 15:15:00,1698659100,1139.9,1144.85,1136.95,1136.95,227637
2023-10-31 09:15:00,1698723900,1141.1,1151.05,1138.6,1140.15,83085
2023-10-31 10:15:00,1698727500,1140.15,1141.3,1131.4,1132.8,81350
2023-10-31 11:15:00,1698731100,1132.8,1134.4,1130,1132,69542
2023-10-31 12:15:00,1698734700,1132,1139,1131.6,1134,170614
2023-10-31 13:15:00,1698738300,1134,1137.2,1131.95,1133.75,107014
2023-10-31 14:15:00,1698741900,1133.75,1139.7,1127.65,1127.65,230278
2023-10-31 15:15:00,1698745500,1127.75,1128.9,1123,1125.55,80298
2023-11-01 09:15:00,1698810300,1137.05,1141.3,1129.95,1133.6,116163
2023-11-01 10:15:00,1698813900,1133.6,1141.95,1133.3,1140.2,69422
2023-11-01 11:15:00,1698817500,1140.8,1142.2,1135.7,1139.2,144602
2023-11-01 12:15:00,1698821100,1139.55,1140,1135.9,1138.2,73018
2023-11-01 13:15:00,1698824700,1137.65,1140.75,1135.35,1140.35,90541
2023-11-01 14:15:00,1698828300,1140.35,1140.5,1136.05,1137.45,145665
2023-11-01 15:15:00,1698831900,1137.45,1137.95,1128,1135.1,394299
2023-11-02 09:15:00,1698896700,1139.8,1171.85,1135,1166.8,384095
2023-11-02 10:15:00,1698900300,1166.55,1184.1,1164.95,1180.45,659712
2023-11-02 11:15:00,1698903900,1180.45,1183.4,1172.45,1177.1,448713
2023-11-02 12:15:00,1698907500,1177.1,1181.95,1170.2,1181.25,285567
2023-11-02 13:15:00,1698911100,1181.25,1181.6,1168.05,1173.3,177083
2023-11-02 14:15:00,1698914700,1173.7,1174.75,1165,1166.05,229671
2023-11-02 15:15:00,1698918300,1166.2,1172.7,1166.05,1170.5,109102
2023-11-03 09:15:00,1698983100,1175,1202.55,1174.95,1196.1,332940
2023-11-03 10:15:00,1698986700,1196.5,1202,1194.65,1200.8,151592
2023-11-03 11:15:00,1698990300,1200.8,1201.45,1190.35,1191.7,170967
2023-11-03 12:15:00,1698993900,1191.7,1193.05,1185.2,1187.9,175839
2023-11-03 13:15:00,1698997500,1187.9,1189,1183.85,1184.3,161222
2023-11-03 14:15:00,1699001100,1184.3,1189.85,1183,1188.25,247620
2023-11-03 15:15:00,1699004700,1187.6,1188.3,1182.6,1184.55,77155
2023-11-06 09:15:00,1699242300,1194,1200.65,1188,1195,86424
2023-11-06 10:15:00,1699245900,1194.55,1197.25,1185.25,1186.55,161424
2023-11-06 11:15:00,1699249500,1186.55,1196,1185.5,1194,144194
2023-11-06 12:15:00,1699253100,1194.5,1195.3,1186.95,1189.05,55766
2023-11-06 13:15:00,1699256700,1189.05,1191.5,1186.85,1190.85,63033
2023-11-06 14:15:00,1699260300,1190.85,1200.7,1187.25,1199.8,118080
2023-11-06 15:15:00,1699263900,1199.85,1201.8,1198,1201.2,36373
2023-11-07 09:15:00,1699328700,1200,1208.6,1192,1205.7,248250
2023-11-07 10:15:00,1699332300,1205.7,1206.95,1197.85,1203.2,228622
2023-11-07 11:15:00,1699335900,1203.2,1208.65,1200.5,1205.4,221537
2023-11-07 12:15:00,1699339500,1205.9,1212.35,1193.35,1194.95,488882
2023-11-07 13:15:00,1699343100,1194.95,1195,1188.15,1190.3,194833
2023-11-07 14:15:00,1699346700,1190.3,1192.3,1188.1,1189.7,188696
2023-11-07 15:15:00,1699350300,1189.7,1191.2,1188,1190,154317
2023-11-08 09:15:00,1699415100,1202.8,1206.65,1195.6,1198,175515
2023-11-08 10:15:00,1699418700,1198,1224.6,1198,1217.1,496443
2023-11-08 11:15:00,1699422300,1217.1,1222.6,1211.55,1215,378388
2023-11-08 12:15:00,1699425900,1215,1215.15,1209.1,1210,166042
2023-11-08 13:15:00,1699429500,1210,1212,1202.8,1206.65,196189
2023-11-08 14:15:00,1699433100,1206.65,1215.25,1204.8,1210,457855
2023-11-08 15:15:00,1699436700,1210,1216,1204,1205.65,167906
2023-11-09 09:15:00,1699501500,1218.65,1231.75,1204.05,1222.45,1472593
2023-11-09 10:15:00,1699505100,1222.45,1235.85,1214,1232,484729
2023-11-09 11:15:00,1699508700,1232,1238.45,1220.8,1223.1,662695
2023-11-09 12:15:00,1699512300,1223.4,1223.95,1210.4,1213.15,423376
2023-11-09 13:15:00,1699515900,1213.15,1216,1206.05,1208.95,428584
2023-11-09 14:15:00,1699519500,1208.95,1210,1201.75,1204.45,356312
2023-11-09 15:15:00,1699523100,1204.45,1206.95,1203.6,1204,174494
2023-11-10 09:15:00,1699587900,1210,1212.7,1173.65,1179.95,777278
2023-11-10 10:15:00,1699591500,1179.95,1197,1177.3,1195.25,404414
2023-11-10 11:15:00,1699595100,1195.4,1198.65,1190.1,1196.7,190931
2023-11-10 12:15:00,1699598700,1196.7,1197.5,1188.95,1191.35,73829
2023-11-10 13:15:00,1699602300,1191.35,1192.5,1183,1184,71800
2023-11-10 14:15:00,1699605900,1183.75,1185.55,1177.9,1183.25,235914
2023-11-10 15:15:00,1699609500,1183.25,1184.5,1176.6,1179.7,360344
2023-11-12 18:15:00,1699793100,1184.9,1188,1175,1177,107764
2023-11-13 09:15:00,1699847100,1179.1,1183.95,1153.8,1180,364818
2023-11-13 10:15:00,1699850700,1180.3,1188.8,1167.15,1167.15,186282
2023-11-13 11:15:00,1699854300,1167.15,1171.1,1161.65,1164,92843
2023-11-13 12:15:00,1699857900,1163.95,1165.1,1159.7,1163.05,110530
2023-11-13 13:15:00,1699861500,1163,1166.95,1162.35,1166.3,36839
2023-11-13 14:15:00,1699865100,1166.3,1173.55,1164.55,1173.2,232894
2023-11-13 15:15:00,1699868700,1173.1,1175.5,1171.45,1171.45,230235
2023-11-15 09:15:00,1700019900,1188,1188,1174.5,1181.2,217963
2023-11-15 10:15:00,1700023500,1181.2,1183.8,1178.45,1181.3,120501
2023-11-15 11:15:00,1700027100,1181.5,1183.65,1171.1,1172.9,175560
2023-11-15 12:15:00,1700030700,1173,1174.25,1170.45,1172.8,156480
2023-11-15 13:15:00,1700034300,1172.8,1174.7,1170.55,1171.5,161653
2023-11-15 14:15:00,1700037900,1171.5,1171.5,1168.75,1169.95,293235
2023-11-15 15:15:00,1700041500,1170.15,1173.05,1169.25,1170.6,130916
2023-11-16 09:15:00,1700106300,1176.75,1183.6,1170.85,1183.3,231091
2023-11-16 10:15:00,1700109900,1183.3,1189.95,1180.9,1187,129119
2023-11-16 11:15:00,1700113500,1187,1189.95,1184.8,1187.7,105268
2023-11-16 12:15:00,1700117100,1187.8,1192.5,1186.2,1189.75,96388
2023-11-16 13:15:00,1700120700,1190,1198.4,1189.1,1195.85,140625
2023-11-16 14:15:00,1700124300,1196.35,1199.45,1191.05,1193.7,170081
2023-11-16 15:15:00,1700127900,1193.7,1195,1191.25,1194,73932
2023-11-17 09:15:00,1700192700,1197.5,1207.85,1190,1204,197447
2023-11-17 10:15:00,1700196300,1204,1211.25,1198.85,1209.5,247390
2023-11-17 11:15:00,1700199900,1209.5,1211.4,1194.5,1195.4,185035
2023-11-17 12:15:00,1700203500,1195.5,1195.9,1191.1,1193.3,137340
2023-11-17 13:15:00,1700207100,1193.45,1198.6,1190.6,1196.85,157279
2023-11-17 14:15:00,1700210700,1196.85,1200.95,1195.7,1196,297537
2023-11-17 15:15:00,1700214300,1196,1199,1194.25,1198.15,127127
2023-11-20 09:15:00,1700451900,1196.3,1208.5,1195.3,1204.3,230485
2023-11-20 10:15:00,1700455500,1204.3,1215.7,1203.1,1212,211374
2023-11-20 11:15:00,1700459100,1211.7,1214.95,1201.75,1203.55,243081
2023-11-20 12:15:00,1700462700,1203.55,1203.8,1192.45,1198.5,100876
2023-11-20 13:15:00,1700466300,1198.5,1202.9,1197.05,1201.4,96067
2023-11-20 14:15:00,1700469900,1201.4,1204.35,1196.55,1196.95,203265
2023-11-20 15:15:00,1700473500,1196.8,1200.5,1196.55,1200.3,106492
2023-11-21 09:15:00,1700538300,1204.9,1209.95,1198.5,1209.3,127809
2023-11-21 10:15:00,1700541900,1209.3,1212,1207.4,1210,119420
2023-11-21 11:15:00,1700545500,1210,1213.75,1208.05,1212.65,121750
2023-11-21 12:15:00,1700549100,1212.65,1225.95,1211,1223.2,240086
2023-11-21 13:15:00,1700552700,1223.2,1225,1219.05,1219.4,250667
2023-11-21 14:15:00,1700556300,1219.4,1222.45,1219,1220.7,294800
2023-11-21 15:15:00,1700559900,1220.75,1225.95,1219.45,1224.15,216899
2023-11-22 09:15:00,1700624700,1226.6,1232.1,1220.4,1230.1,367028
2023-11-22 10:15:00,1700628300,1230.1,1240.3,1229.05,1235.15,586010
2023-11-22 11:15:00,1700631900,1235,1236.9,1221,1224.3,210585
2023-11-22 12:15:00,1700635500,1224.3,1225,1215.7,1218.1,174747
2023-11-22 13:15:00,1700639100,1218.1,1219,1214.9,1215.75,57425
2023-11-22 14:15:00,1700642700,1215.75,1219.65,1215.05,1218.45,395416
2023-11-22 15:15:00,1700646300,1218.45,1219.15,1216.5,1218,124354
2023-11-23 09:15:00,1700711100,1223,1223.9,1195,1198.5,279272
2023-11-23 10:15:00,1700714700,1198.5,1198.65,1190,1193.2,134762
2023-11-23 11:15:00,1700718300,1193.6,1193.7,1183.55,1189.45,133578
2023-11-23 12:15:00,1700721900,1189.45,1198.75,1186.5,1196.95,186439
2023-11-23 13:15:00,1700725500,1196.95,1202,1196.05,1198.15,82537
2023-11-23 14:15:00,1700729100,1198.15,1199.65,1196.3,1198.45,69133
2023-11-23 15:15:00,1700732700,1198.2,1200.4,1197,1197.35,54954
2023-11-24 09:15:00,1700797500,1220,1232.5,1211.6,1220.8,784119
2023-11-24 10:15:00,1700801100,1220.8,1238.8,1220.8,1232,650865
2023-11-24 11:15:00,1700804700,1232,1241.4,1230.05,1237.9,415545
2023-11-24 12:15:00,1700808300,1237.9,1242.55,1236.5,1240.45,295269
2023-11-24 13:15:00,1700811900,1240.45,1244.4,1237,1241.4,204617
2023-11-24 14:15:00,1700815500,1241.4,1244,1240,1243.6,212336
2023-11-24 15:15:00,1700819100,1243.15,1244.85,1241,1242.85,185432
2023-11-28 09:15:00,1701143100,1243.3,1251.55,1235.75,1243.5,301554
2023-11-28 10:15:00,1701146700,1244.15,1245.5,1236.5,1239.15,98803
2023-11-28 11:15:00,1701150300,1239.45,1243,1238,1241.8,63303
2023-11-28 12:15:00,1701153900,1241.8,1244.95,1241,1244.8,35612
2023-11-28 13:15:00,1701157500,1244.8,1245.85,1241.25,1241.45,43896
2023-11-28 14:15:00,1701161100,1241.45,1246.75,1239.2,1245.55,137294
2023-11-28 15:15:00,1701164700,1245.55,1246,1241.45,1243.95,126038
2023-11-29 09:15:00,1701229500,1253,1254,1243.85,1247.6,164511
2023-11-29 10:15:00,1701233100,1247.7,1251.2,1246.1,1250.1,366094
2023-11-29 11:15:00,1701236700,1250.1,1250.75,1247.85,1248.85,119976
2023-11-29 12:15:00,1701240300,1248.85,1249.75,1245,1246.2,76906
2023-11-29 13:15:00,1701243900,1246.2,1250.75,1245.1,1250.55,105939
2023-11-29 14:15:00,1701247500,1250.45,1250.95,1247.5,1249.5,90709
2023-11-29 15:15:00,1701251100,1249.5,1251.4,1246.55,1247.5,58436
2023-11-30 09:15:00,1701315900,1252,1267,1250,1259.95,331018
2023-11-30 10:15:00,1701319500,1259.95,1263.9,1258,1261.85,153596
2023-11-30 11:15:00,1701323100,1261.85,1268.5,1258.4,1267.1,223897
2023-11-30 12:15:00,1701326700,1267.1,1280.95,1264.25,1264.5,361470
2023-11-30 13:15:00,1701330300,1264.5,1275.55,1264.5,1274.35,324523
2023-11-30 14:15:00,1701333900,1274.35,1282.5,1268.25,1282.5,729679
2023-11-30 15:15:00,1701337500,1281.5,1290,1281.25,1285,509771
2023-12-01 09:15:00,1701402300,1280.9,1292.8,1276.45,1290,257345
2023-12-01 10:15:00,1701405900,1290,1296.45,1285.15,1293,229352
2023-12-01 11:15:00,1701409500,1292.85,1297.3,1291,1296.5,70973
2023-12-01 12:15:00,1701413100,1296.8,1297.7,1293.75,1295.85,338417
2023-12-01 13:15:00,1701416700,1295.85,1304.6,1295,1299.95,276175
2023-12-01 14:15:00,1701420300,1299.95,1300.85,1294.5,1295.95,137081
2023-12-01 15:15:00,1701423900,1295.95,1300,1295,1300,67554
2023-12-04 09:15:00,1701661500,1308.95,1308.95,1268.25,1269.45,357741
2023-12-04 10:15:00,1701665100,1269.45,1273.65,1264,1268.45,256804
2023-12-04 11:15:00,1701668700,1268.45,1269,1259.45,1262.2,254945
2023-12-04 12:15:00,1701672300,1262.2,1263,1256,1256.65,190842
2023-12-04 13:15:00,1701675900,1256.65,1267,1256.25,1259.85,257589
2023-12-04 14:15:00,1701679500,1259.85,1262.5,1258.45,1260.15,240001
2023-12-04 15:15:00,1701683100,1260.05,1262.95,1259,1262.5,166222
2023-12-05 09:15:00,1701747900,1265.9,1272.45,1263,1269.5,221432
2023-12-05 10:15:00,1701751500,1269.5,1273.4,1266.4,1266.5,75200
2023-12-05 11:15:00,1701755100,1266.5,1267.95,1258.45,1262.4,136252
2023-12-05 12:15:00,1701758700,1262.4,1267.45,1257.85,1259.4,178763
2023-12-05 13:15:00,1701762300,1259.4,1261,1256.95,1257.25,135650
2023-12-05 14:15:00,1701765900,1257.25,1260.05,1253.65,1257.4,203948
2023-12-05 15:15:00,1701769500,1257.5,1264,1257.4,1263.45,153229
2023-12-06 09:15:00,1701834300,1258.2,1266.45,1255.1,1260.75,193943
2023-12-06 10:15:00,1701837900,1260.75,1266.75,1256.05,1260,105270
2023-12-06 11:15:00,1701841500,1260,1261.55,1251.1,1251.7,138233
2023-12-06 12:15:00,1701845100,1251.5,1252,1242.25,1244.55,136575
2023-12-06 13:15:00,1701848700,1244.55,1246.3,1238.65,1244.7,111275
2023-12-06 14:15:00,1701852300,1244.7,1248.95,1240.6,1243.7,641902
2023-12-06 15:15:00,1701855900,1243.7,1248.5,1242.65,1244,122266
2023-12-07 09:15:00,1701920700,1246.05,1266.75,1245.45,1264.6,314466
2023-12-07 10:15:00,1701924300,1264.6,1264.6,1256.05,1259,107330
2023-12-07 11:15:00,1701927900,1259.05,1259.05,1250.3,1251,308913
2023-12-07 12:15:00,1701931500,1251,1255.75,1250,1252.9,225319
2023-12-07 13:15:00,1701935100,1252.95,1254.85,1248.1,1248.9,200779
2023-12-07 14:15:00,1701938700,1248.9,1252,1247.7,1248.2,297899
2023-12-07 15:15:00,1701942300,1248.2,1251.2,1247.75,1250.95,144107
2023-12-08 09:15:00,1702007100,1251.2,1256,1243.2,1245.85,73641
2023-12-08 10:15:00,1702010700,1245.85,1246.35,1236.55,1238.7,66920
2023-12-08 11:15:00,1702014300,1238.7,1242,1236,1238.65,54151
2023-12-08 12:15:00,1702017900,1238.65,1239.65,1232,1233.7,63213
2023-12-08 13:15:00,1702021500,1233.7,1237.9,1230.65,1237.9,104637
2023-12-08 14:15:00,1702025100,1238.05,1242,1234,1241.85,127708
2023-12-08 15:15:00,1702028700,1241.85,1242,1236.4,1239.5,69942
2023-12-11 09:15:00,1702266300,1239.5,1247.2,1228.2,1241.3,131171
2023-12-11 10:15:00,1702269900,1241.3,1242.25,1235.55,1239.1,58328
2023-12-11 11:15:00,1702273500,1239.1,1240.3,1234.05,1234.2,48778
2023-12-11 12:15:00,1702277100,1234.2,1235.25,1224.6,1225.6,195071
2023-12-11 13:15:00,1702280700,1225.6,1228.75,1225,1227.5,41878
2023-12-11 14:15:00,1702284300,1227.5,1231.05,1225.95,1229.8,84729
2023-12-11 15:15:00,1702287900,1229.9,1230,1228,1229.2,61423
2023-12-12 09:15:00,1702352700,1234.65,1245.2,1229,1243.7,186506
2023-12-12 10:15:00,1702356300,1243.7,1249,1239.35,1242,154123
2023-12-12 11:15:00,1702359900,1242.3,1244.9,1240.55,1242.85,88176
2023-12-12 12:15:00,1702363500,1242.85,1250.9,1242.1,1246.15,272508
2023-12-12 13:15:00,1702367100,1246.15,1249.45,1245.5,1247,214526
2023-12-12 14:15:00,1702370700,1247,1248.2,1234.05,1240.4,168435
2023-12-12 15:15:00,1702374300,1240.4,1244,1239.95,1242,75562
2023-12-13 09:15:00,1702439100,1244.65,1251,1234.9,1251,88141
2023-12-13 10:15:00,1702442700,1250.9,1251.75,1245.55,1249,64034
2023-12-13 11:15:00,1702446300,1249,1253.55,1246.5,1250.4,80348
2023-12-13 12:15:00,1702449900,1250.4,1252.5,1246.95,1247,73854
2023-12-13 13:15:00,1702453500,1247,1247.8,1244.05,1247,74309
2023-12-13 14:15:00,1702457100,1246.75,1256,1246.1,1252.1,276997
2023-12-13 15:15:00,1702460700,1252,1255,1250.4,1251.7,61227
2023-12-14 09:15:00,1702525500,1252,1261.05,1242,1247.3,249449
2023-12-14 10:15:00,1702529100,1247.3,1249,1242.55,1247.9,42411
2023-12-14 11:15:00,1702532700,1247.9,1250.9,1246.25,1248.1,27266
2023-12-14 12:15:00,1702536300,1248.1,1250.9,1243.7,1245.95,46261
2023-12-14 13:15:00,1702539900,1245.9,1250,1243.05,1250,219073
2023-12-14 14:15:00,1702543500,1250,1256.95,1247.65,1256.9,104664
2023-12-14 15:15:00,1702547100,1256.9,1260,1249.9,1253.45,71666
2023-12-15 09:15:00,1702611900,1260,1265.15,1253,1259,158735
2023-12-15 10:15:00,1702615500,1259,1263,1255.3,1259.25,65316
2023-12-15 11:15:00,1702619100,1259.25,1261.7,1247.75,1248.45,69496
2023-12-15 12:15:00,1702622700,1248.45,1253,1243.9,1252.5,93480
2023-12-15 13:15:00,1702626300,1252.5,1252.95,1247.2,1248.05,25623
2023-12-15 14:15:00,1702629900,1248.05,1248.7,1243,1245,239193
2023-12-15 15:15:00,1702633500,1245,1250,1244.15,1250,146141
2023-12-18 09:15:00,1702871100,1265,1288.15,1262.4,1283.45,874887
2023-12-18 10:15:00,1702874700,1283.45,1284.4,1276.9,1278.95,142908
2023-12-18 11:15:00,1702878300,1278.95,1279.9,1268.5,1271.9,257879
2023-12-18 12:15:00,1702881900,1271.9,1272.75,1258.55,1259.9,182658
2023-12-18 13:15:00,1702885500,1260.35,1264.4,1258.1,1259,110139
2023-12-18 14:15:00,1702889100,1259,1261.3,1250.9,1260.95,196109
2023-12-18 15:15:00,1702892700,1260.95,1262.5,1259.3,1261,80566
2023-12-19 09:15:00,1702957500,1263.8,1267.15,1253.15,1253.65,199014
2023-12-19 10:15:00,1702961100,1253.65,1264.55,1253.65,1264.3,94735
2023-12-19 11:15:00,1702964700,1264.3,1271.15,1262.65,1267,101233
2023-12-19 12:15:00,1702968300,1267,1271.65,1266.45,1269.95,90574
2023-12-19 13:15:00,1702971900,1269.95,1275,1268.5,1270.75,89242
2023-12-19 14:15:00,1702975500,1270.7,1271.7,1267,1271.15,167674
2023-12-19 15:15:00,1702979100,1271.05,1272,1270,1272,56245
2023-12-20 09:15:00,1703043900,1274.9,1277.7,1270.5,1276,71728
2023-12-20 10:15:00,1703047500,1276,1279.9,1271.85,1272.55,116967
2023-12-20 11:15:00,1703051100,1272.55,1274.3,1268.75,1273.05,44137
2023-12-20 12:15:00,1703054700,1273.05,1277.75,1265.15,1265.15,32721
2023-12-20 13:15:00,1703058300,1265.15,1267.65,1236.45,1242.35,151261
2023-12-20 14:15:00,1703061900,1242.35,1247.6,1228,1228,121126
2023-12-20 15:15:00,1703065500,1228,1228.65,1220,1225.5,81275
2023-12-21 09:15:00,1703130300,1217.1,1232,1200.15,1230.3,244708
2023-12-21 10:15:00,1703133900,1230.3,1240,1224.35,1239.8,78232
2023-12-21 11:15:00,1703137500,1239.9,1251.05,1234.7,1251,90286
2023-12-21 12:15:00,1703141100,1251,1252.15,1242.05,1247.45,74736
2023-12-21 13:15:00,1703144700,1247.45,1248,1237,1247.65,58697
2023-12-21 14:15:00,1703148300,1247.65,1259.9,1246.2,1258,167351
2023-12-21 15:15:00,1703151900,1258.4,1258.95,1252.45,1254,55188
2023-12-22 09:15:00,1703216700,1260.55,1283.6,1258.35,1280.5,315564
2023-12-22 10:15:00,1703220300,1280.5,1285,1275,1278.85,160450
2023-12-22 11:15:00,1703223900,1278.9,1283.4,1276.05,1277.3,82671
2023-12-22 12:15:00,1703227500,1277.3,1277.7,1263.25,1264.5,122397
2023-12-22 13:15:00,1703231100,1264.5,1266.5,1252.55,1261,69001
2023-12-22 14:15:00,1703234700,1261,1268.25,1259.8,1265.55,68686
2023-12-22 15:15:00,1703238300,1265.55,1266,1261.6,1265,44333
2023-12-26 09:15:00,1703562300,1268.8,1282.9,1267,1278,143349
2023-12-26 10:15:00,1703565900,1278,1278.1,1268.05,1268.3,38991
2023-12-26 11:15:00,1703569500,1268.3,1280.5,1266.1,1280,74593
2023-12-26 12:15:00,1703573100,1280,1281,1273,1274.5,46637
2023-12-26 13:15:00,1703576700,1274.5,1277.25,1270,1271.95,95132
2023-12-26 14:15:00,1703580300,1271.95,1276.85,1269.5,1275.7,306807
2023-12-26 15:15:00,1703583900,1275.95,1289.95,1274.1,1289,164079
2023-12-27 09:15:00,1703648700,1289,1293,1283.05,1290.85,168009
2023-12-27 10:15:00,1703652300,1290.85,1300,1289.35,1296.5,298391
2023-12-27 11:15:00,1703655900,1296.5,1297.25,1288.7,1290.95,83988
2023-12-27 12:15:00,1703659500,1290.95,1296.6,1280.7,1291.6,176777
2023-12-27 13:15:00,1703663100,1291.6,1297.8,1289,1297.8,65821
2023-12-27 14:15:00,1703666700,1297.8,1298,1285.65,1286.75,122766
2023-12-27 15:15:00,1703670300,1286.7,1289.3,1284.4,1288,89017
2023-12-28 09:15:00,1703735100,1296.1,1311.1,1295,1302.1,475040
2023-12-28 10:15:00,1703738700,1302.15,1312.5,1301.45,1311.9,301351
2023-12-28 11:15:00,1703742300,1311.9,1316.95,1310.1,1315.05,320708
2023-12-28 12:15:00,1703745900,1315.2,1328,1313.5,1320.8,544893
2023-12-28 13:15:00,1703749500,1320.8,1325.5,1320.3,1321.5,173335
2023-12-28 14:15:00,1703753100,1321.5,1343.65,1320.1,1340.8,1157588
2023-12-28 15:15:00,1703756700,1340.8,1342.7,1332,1338,544159
2023-12-29 09:15:00,1703821500,1346.85,1346.85,1323.85,1325.95,313900
2023-12-29 10:15:00,1703825100,1325.95,1334.95,1323.05,1325.35,141240
2023-12-29 11:15:00,1703828700,1325.35,1328.25,1323,1324.2,76886
2023-12-29 12:15:00,1703832300,1324.2,1325.5,1318.9,1319.3,107427
2023-12-29 13:15:00,1703835900,1319.25,1323.65,1318.55,1319.85,138323
2023-12-29 14:15:00,1703839500,1319.85,1329,1319.05,1321.95,329090
2023-12-29 15:15:00,1703843100,1322,1325,1319.95,1325,223260
2024-01-01 09:15:00,1704080700,1324,1330,1314.25,1322.3,191519
2024-01-01 10:15:00,1704084300,1322.35,1325.2,1312,1312.15,115754
2024-01-01 11:15:00,1704087900,1312.15,1322.3,1311.35,1319.35,109099
2024-01-01 12:15:00,1704091500,1319.35,1319.75,1310.5,1313.1,152641
2024-01-01 13:15:00,1704095100,1313.15,1315,1308.65,1314.75,134437
2024-01-01 14:15:00,1704098700,1313.95,1317.8,1309.65,1312.25,113959
2024-01-01 15:15:00,1704102300,1312.25,1314,1310.05,1311.3,37094
2024-01-02 09:15:00,1704167100,1340,1381.5,1332,1371,2431539
2024-01-02 10:15:00,1704170700,1371,1377,1365.1,1370.6,613812
2024-01-02 11:15:00,1704174300,1370.8,1386.95,1369.4,1382,609657
2024-01-02 12:15:00,1704177900,1382.5,1391.9,1379,1390.8,563784
2024-01-02 13:15:00,1704181500,1390.8,1404.7,1386.5,1388,1414813
2024-01-02 14:15:00,1704185100,1388,1396,1385.7,1391.45,952382
2024-01-02 15:15:00,1704188700,1391.45,1400,1391.2,1397.65,533350
2024-01-03 09:15:00,1704253500,1391,1409.4,1388.1,1404.25,465776
2024-01-03 10:15:00,1704257100,1404.9,1407.9,1399,1403.4,186044
2024-01-03 11:15:00,1704260700,1403.4,1412.9,1400.6,1411.75,131517
2024-01-03 12:15:00,1704264300,1411.75,1412.35,1392.75,1398.1,242652
2024-01-03 13:15:00,1704267900,1398.1,1407.7,1397,1401.55,123177
2024-01-03 14:15:00,1704271500,1401.6,1408.9,1398.65,1403.4,206050
2024-01-03 15:15:00,1704275100,1402.6,1409,1402.6,1406.85,129768
2024-01-04 09:15:00,1704339900,1406.85,1411.85,1400,1408,314252
2024-01-04 10:15:00,1704343500,1408,1422.4,1407.05,1415.8,331264
2024-01-04 11:15:00,1704347100,1415.8,1419,1405,1410.9,159349
2024-01-04 12:15:00,1704350700,1410.85,1411.2,1405.5,1408,220756
2024-01-04 13:15:00,1704354300,1408,1408.55,1395.6,1396.35,186930
2024-01-04 14:15:00,1704357900,1396.35,1403.25,1394.35,1398.25,224665
2024-01-04 15:15:00,1704361500,1398.25,1403,1398,1402,97291
2024-01-05 09:15:00,1704426300,1425,1425,1394.05,1397,435960
2024-01-05 10:15:00,1704429900,1397,1398.1,1390,1391.75,112363
2024-01-05 11:15:00,1704433500,1391.75,1395,1388.25,1390,114432
2024-01-05 12:15:00,1704437100,1390,1392,1388,1390.4,84135
2024-01-05 13:15:00,1704440700,1390.4,1397.35,1388,1392.05,456293
2024-01-05 14:15:00,1704444300,1392.05,1395,1383.25,1389.3,256891
2024-01-05 15:15:00,1704447900,1389.3,1393,1386.5,1389.7,311350
2024-01-08 09:15:00,1704685500,1400.95,1401.4,1380.3,1385,113635
2024-01-08 10:15:00,1704689100,1384.7,1385.5,1376.4,1382.9,67023
2024-01-08 11:15:00,1704692700,1382.9,1383,1375,1380.65,93847
2024-01-08 12:15:00,1704696300,1380.65,1390,1378.4,1384.5,116140
2024-01-08 13:15:00,1704699900,1384.95,1389,1382.05,1387.2,65625
2024-01-08 14:15:00,1704703500,1387.2,1388.45,1381.25,1381.65,101317
2024-01-08 15:15:00,1704707100,1381.65,1387,1380,1386.95,44723
2024-01-09 09:15:00,1704771900,1391,1395.05,1379,1388,78576
2024-01-09 10:15:00,1704775500,1388,1392.35,1385.45,1390.45,32137
2024-01-09 11:15:00,1704779100,1389.7,1393.15,1389.4,1390.7,16774
2024-01-09 12:15:00,1704782700,1390.7,1396,1388.6,1393.2,266813
2024-01-09 13:15:00,1704786300,1393.2,1401,1389.9,1392,120657
2024-01-09 14:15:00,1704789900,1392,1398.3,1390.55,1395.7,121402
2024-01-09 15:15:00,1704793500,1395.7,1399.05,1394.15,1397.9,52701
2024-01-10 09:15:00,1704858300,1414,1414.85,1390.65,1401.2,370765
2024-01-10 10:15:00,1704861900,1401.2,1404.15,1390.7,1396.6,126634
2024-01-10 11:15:00,1704865500,1396.6,1402,1394.1,1400.4,86149
2024-01-10 12:15:00,1704869100,1400.4,1406,1399.6,1400.55,135862
2024-01-10 13:15:00,1704872700,1400.7,1407,1400,1401,120626
2024-01-10 14:15:00,1704876300,1401,1406.75,1400.45,1405.25,136463
2024-01-10 15:15:00,1704879900,1405.3,1407,1401.45,1405.95,82336
2024-01-11 09:15:00,1704944700,1406,1415,1405.35,1411.95,96409
2024-01-11 10:15:00,1704948300,1411.95,1413.75,1409,1411.1,44327
2024-01-11 11:15:00,1704951900,1411.1,1415,1409.9,1411.25,71623
2024-01-11 12:15:00,1704955500,1411.25,1412,1403.85,1409.1,95577
2024-01-11 13:15:00,1704959100,1409.1,1409.95,1402.15,1402.45,232457
2024-01-11 14:15:00,1704962700,1402.3,1406.05,1399.8,1400.55,116558
2024-01-11 15:15:00,1704966300,1400.55,1400.85,1396.35,1398,54622
2024-01-12 09:15:00,1705031100,1400.45,1404.95,1388.25,1394.9,62090
2024-01-12 10:15:00,1705034700,1394.9,1399.7,1390.85,1397.75,85891
2024-01-12 11:15:00,1705038300,1397.75,1402.95,1397.75,1399.5,48708
2024-01-12 12:15:00,1705041900,1400,1402.35,1399.1,1401.65,16246
2024-01-12 13:15:00,1705045500,1401.65,1403.8,1400.2,1401.35,17058
2024-01-12 14:15:00,1705049100,1401.35,1403.2,1396.95,1397.5,60523
2024-01-12 15:15:00,1705052700,1397.5,1399.4,1395.25,1396.45,46893
2024-01-15 09:15:00,1705290300,1420,1420,1398,1402.8,158181
2024-01-15 10:15:00,1705293900,1402.8,1416,1402.8,1410.3,151009
2024-01-15 11:15:00,1705297500,1410.3,1418.65,1410,1418.45,91987
2024-01-15 12:15:00,1705301100,1418.45,1424,1415,1422.4,156807
2024-01-15 13:15:00,1705304700,1422.4,1423.3,1414.45,1420.95,96391
2024-01-15 14:15:00,1705308300,1420.95,1423.95,1411.25,1413.15,120296
2024-01-15 15:15:00,1705311900,1413.1,1415,1411,1415,55082
2024-01-16 09:15:00,1705376700,1407,1412.15,1390.05,1398.9,110792
2024-01-16 10:15:00,1705380300,1398.6,1401.25,1394.7,1398.95,36227
2024-01-16 11:15:00,1705383900,1398.95,1400,1384.35,1390.3,75468
2024-01-16 12:15:00,1705387500,1390.3,1392.55,1379.3,1381,74016
2024-01-16 13:15:00,1705391100,1381,1386.15,1375.75,1385,99537
2024-01-16 14:15:00,1705394700,1385,1390,1384.45,1388.25,73366
2024-01-16 15:15:00,1705398300,1388,1390.3,1383,1383,65262
2024-01-17 09:15:00,1705463100,1384.65,1401.7,1379.25,1398,168824
2024-01-17 10:15:00,1705466700,1398,1398,1390.45,1396.95,92971
2024-01-17 11:15:00,1705470300,1396.95,1401,1392.7,1399,115188
2024-01-17 12:15:00,1705473900,1399,1401,1397.05,1399.45,98657
2024-01-17 13:15:00,1705477500,1399.45,1406.45,1396.55,1405.85,120108
2024-01-17 14:15:00,1705481100,1405.85,1407,1396,1398,140318
2024-01-17 15:15:00,1705484700,1398,1402.05,1397.35,1402,56427
2024-01-18 09:15:00,1705549500,1400,1407,1368.25,1390.85,214644
2024-01-18 10:15:00,1705553100,1390.85,1405,1385.85,1402.7,92431
2024-01-18 11:15:00,1705556700,1402.7,1416.9,1400.5,1415.6,111111
2024-01-18 12:15:00,1705560300,1415.6,1419,1409.85,1414,152225
2024-01-18 13:15:00,1705563900,1413.9,1420,1413.65,1419.5,105789
2024-01-18 14:15:00,1705567500,1419.5,1435.95,1419.35,1420.7,407859
2024-01-18 15:15:00,1705571100,1420.65,1429.65,1420.55,1425.65,83281
2024-01-19 09:15:00,1705635900,1439.95,1439.95,1422.15,1428.8,337007
2024-01-19 10:15:00,1705639500,1428.8,1434.8,1425.15,1428.9,152340
2024-01-19 11:15:00,1705643100,1428.9,1430.95,1427,1429.6,127977
2024-01-19 12:15:00,1705646700,1429.6,1435,1426.65,1427.2,276136
2024-01-19 13:15:00,1705650300,1427.2,1430.25,1424.15,1429.7,88816
2024-01-19 14:15:00,1705653900,1429.7,1432.3,1428.05,1431.4,168829
2024-01-19 15:15:00,1705657500,1431.35,1431.35,1425,1428,91570
2024-01-20 09:15:00,1705722300,1436,1448.8,1421.3,1423.25,104200
2024-01-20 10:15:00,1705725900,1423.25,1429,1423.2,1428.25,49227
2024-01-20 11:15:00,1705729500,1429,1429,1426.55,1426.55,10591
2024-01-20 12:15:00,1705733100,1426.55,1427.65,1421.45,1423.1,15230
2024-01-20 13:15:00,1705736700,1423.1,1424,1412.05,1416.1,28305
2024-01-20 14:15:00,1705740300,1416.1,1421,1410.45,1411.75,27899
2024-01-20 15:15:00,1705743900,1411.75,1414.6,1406.05,1410,21752
2024-01-23 09:15:00,1705981500,1420,1445.5,1414,1429.55,298839
2024-01-23 10:15:00,1705985100,1430.55,1438.45,1424.75,1438.45,69390
2024-01-23 11:15:00,1705988700,1438.45,1452.25,1435.35,1439.85,215440
2024-01-23 12:15:00,1705992300,1439.85,1449.75,1438,1446.35,106308
2024-01-23 13:15:00,1705995900,1446.35,1455,1445.1,1449.55,175084
2024-01-23 14:15:00,1705999500,1449.55,1449.95,1432.45,1440.4,284932
2024-01-23 15:15:00,1706003100,1440.4,1444,1433.8,1436.05,85385
2024-01-24 09:15:00,1706067900,1447,1461.35,1430.05,1454.3,393284
2024-01-24 10:15:00,1706071500,1454.3,1463,1452.4,1454,161768
2024-01-24 11:15:00,1706075100,1454.7,1456.45,1441.1,1442.95,155120
2024-01-24 12:15:00,1706078700,1442.95,1446.15,1437.6,1445.8,120673
2024-01-24 13:15:00,1706082300,1445.8,1455,1443.6,1453.65,70164
2024-01-24 14:15:00,1706085900,1453.65,1455.1,1446.65,1448.5,110067
2024-01-24 15:15:00,1706089500,1448.5,1450,1445.8,1448.65,43338
2024-01-25 09:15:00,1706154300,1443.7,1458.9,1442.05,1458.55,183414
2024-01-25 10:15:00,1706157900,1458.55,1469.8,1451.55,1458.3,411499
2024-01-25 11:15:00,1706161500,1458.3,1464,1453.15,1457.6,153108
2024-01-25 12:15:00,1706165100,1457.6,1458.55,1448.65,1451.45,175099
2024-01-25 13:15:00,1706168700,1451.45,1452.35,1448.05,1448.6,150831
2024-01-25 14:15:00,1706172300,1449,1454.65,1446.75,1452.75,231784
2024-01-25 15:15:00,1706175900,1453,1459,1451.65,1453.3,146514
2024-01-29 09:15:00,1706499900,1454.05,1476,1454,1467.35,215635
2024-01-29 10:15:00,1706503500,1467.05,1469.8,1457.25,1468.95,122058
2024-01-29 11:15:00,1706507100,1468.95,1479,1467.55,1478.5,122347
2024-01-29 12:15:00,1706510700,1478.5,1479.9,1474.05,1477.7,71352
2024-01-29 13:15:00,1706514300,1477.75,1479.15,1473.65,1477.6,94474
2024-01-29 14:15:00,1706517900,1477.45,1490.95,1473,1483.65,262333
2024-01-29 15:15:00,1706521500,1483.75,1485.85,1478.6,1484,91316
2024-01-30 09:15:00,1706586300,1484.1,1489.2,1475.6,1482.75,135177
2024-01-30 10:15:00,1706589900,1482.75,1485.3,1473.3,1475.5,127222
2024-01-30 11:15:00,1706593500,1475.5,1476.9,1468.35,1472.25,37945
2024-01-30 12:15:00,1706597100,1472.25,1476.1,1470,1471.9,34495
2024-01-30 13:15:00,1706600700,1471.9,1475.85,1470.25,1475.85,23278
2024-01-30 14:15:00,1706604300,1475.85,1475.85,1465.45,1468.15,120371
2024-01-30 15:15:00,1706607900,1468.1,1469.3,1466,1468,53737
2024-01-31 09:15:00,1706672700,1436.35,1479,1436.35,1478.65,149276
2024-01-31 10:15:00,1706676300,1478.65,1491.7,1477.55,1484.5,146590
2024-01-31 11:15:00,1706679900,1484.5,1493.95,1484.05,1485.5,78911
2024-01-31 12:15:00,1706683500,1485.5,1501.45,1485.05,1498.1,179021
2024-01-31 13:15:00,1706687100,1498.1,1504.65,1496.8,1502.05,132264
2024-01-31 14:15:00,1706690700,1502.05,1509.95,1501.55,1505.15,236717
2024-01-31 15:15:00,1706694300,1505.05,1507,1500,1500.8,132646
2024-02-01 09:15:00,1706759100,1514,1521.35,1503.8,1504.45,411033
2024-02-01 10:15:00,1706762700,1504.45,1504.55,1491.05,1502.7,199877
2024-02-01 11:15:00,1706766300,1502.7,1511.05,1496.4,1497,141134
2024-02-01 12:15:00,1706769900,1496.4,1502.2,1491.1,1501.8,96687
2024-02-01 13:15:00,1706773500,1501.8,1507,1496,1503.05,164645
2024-02-01 14:15:00,1706777100,1503.05,1513.7,1502,1511.8,190177
2024-02-01 15:15:00,1706780700,1511.8,1519.5,1511.5,1516.5,118366
2024-02-02 09:15:00,1706845500,1517.5,1519.95,1509.8,1514.2,93688
2024-02-02 10:15:00,1706849100,1514.2,1516.15,1506.65,1511.55,67287
2024-02-02 11:15:00,1706852700,1511.55,1515.35,1505.8,1506.15,142559
2024-02-02 12:15:00,1706856300,1505.95,1508,1500,1502.05,50569
2024-02-02 13:15:00,1706859900,1502.05,1505.7,1498.15,1505.2,50224
2024-02-02 14:15:00,1706863500,1505.2,1507,1498.05,1501.85,116565
2024-02-02 15:15:00,1706867100,1502.05,1509.1,1500.5,1506.55,61702
2024-02-05 09:15:00,1707104700,1502.75,1565,1498.1,1561.7,421925
2024-02-05 10:15:00,1707108300,1561.05,1574.5,1550.95,1574.5,237508
2024-02-05 11:15:00,1707111900,1574.5,1580,1572.25,1575.7,150299
2024-02-05 12:15:00,1707115500,1575.7,1583.9,1574.6,1576.85,146213
2024-02-05 13:15:00,1707119100,1576.95,1582.7,1573.6,1582.35,116548
2024-02-05 14:15:00,1707122700,1582.35,1584.4,1570,1573.15,296727
2024-02-05 15:15:00,1707126300,1573.15,1574.8,1570.2,1572,115358
2024-02-06 09:15:00,1707191100,1581,1586,1564,1585.25,122171
2024-02-06 10:15:00,1707194700,1585.25,1586.8,1569,1578,111471
2024-02-06 11:15:00,1707198300,1577.9,1581.9,1575.5,1577.15,59937
2024-02-06 12:15:00,1707201900,1577.15,1586.1,1574.45,1584.15,183839
2024-02-06 13:15:00,1707205500,1584.15,1588.65,1582.55,1584.5,162072
2024-02-06 14:15:00,1707209100,1584.5,1588.25,1578,1578,282040
2024-02-06 15:15:00,1707212700,1577.95,1580,1574.65,1576.6,119212
2024-02-07 09:15:00,1707277500,1600,1606.3,1580,1586,353310
2024-02-07 10:15:00,1707281100,1585.5,1586.5,1578.45,1583.55,137295
2024-02-07 11:15:00,1707284700,1583.55,1585,1575.4,1579.05,125637
2024-02-07 12:15:00,1707288300,1579.9,1596.2,1579.15,1594.75,298415
2024-02-07 13:15:00,1707291900,1594.75,1596.75,1586.15,1590,212247
2024-02-07 14:15:00,1707295500,1590,1599,1588.55,1595.05,576375
2024-02-07 15:15:00,1707299100,1595.05,1606,1593.45,1602.8,263311
2024-02-08 09:15:00,1707363900,1700,1700,1620.4,1624.9,2465975
2024-02-08 10:15:00,1707367500,1624.9,1634,1616.55,1631,830216
2024-02-08 11:15:00,1707371100,1630.9,1644.95,1617.05,1625,759624
2024-02-08 12:15:00,1707374700,1625,1627.95,1607,1613.45,574078
2024-02-08 13:15:00,1707378300,1613.45,1619,1587.25,1595.35,618638
2024-02-08 14:15:00,1707381900,1595.8,1608.8,1586.55,1605.15,854954
2024-02-08 15:15:00,1707385500,1605.15,1616.4,1603,1610.05,350638
2024-02-09 09:15:00,1707450300,1615.05,1654.85,1615.05,1632.8,1314940
2024-02-09 10:15:00,1707453900,1632.85,1637.8,1621,1627.05,225780
2024-02-09 11:15:00,1707457500,1627.05,1639,1625.55,1632.25,350774
2024-02-09 12:15:00,1707461100,1632.95,1638.8,1624.55,1628.95,178179
2024-02-09 13:15:00,1707464700,1628.85,1630.55,1624.7,1629.75,242188
2024-02-09 14:15:00,1707468300,1629.55,1630.15,1619.05,1620,531211
2024-02-09 15:15:00,1707471900,1620,1621.85,1617,1619,177938
2024-02-12 09:15:00,1707709500,1601,1626,1601,1604.85,272598
2024-02-12 10:15:00,1707713100,1604.85,1612,1594.4,1597.3,212160
2024-02-12 11:15:00,1707716700,1596.5,1599.95,1583.85,1587.25,96035
2024-02-12 12:15:00,1707720300,1587.25,1597.65,1585.6,1587.3,67715
2024-02-12 13:15:00,1707723900,1587.3,1598.65,1585.95,1597.7,79851
2024-02-12 14:15:00,1707727500,1597.7,1598.65,1591.4,1596.3,155080
2024-02-12 15:15:00,1707731100,1596.4,1596.9,1590.6,1594.35,120135
2024-02-13 09:15:00,1707795900,1599.15,1608.55,1585.85,1601,220609
2024-02-13 10:15:00,1707799500,1601,1601,1584.35,1598.4,497089
2024-02-13 11:15:00,1707803100,1598.25,1600,1593.3,1596.3,82917
2024-02-13 12:15:00,1707806700,1596.3,1600,1594.35,1598.7,98832
2024-02-13 13:15:00,1707810300,1598.7,1600.9,1593,1598.1,176997
2024-02-13 14:15:00,1707813900,1598.1,1609.95,1596.15,1609.2,194124
2024-02-13 15:15:00,1707817500,1609.2,1613,1609.1,1612.5,59346
2024-02-14 09:15:00,1707882300,1608.95,1614.9,1589.55,1597.1,249651
2024-02-14 10:15:00,1707885900,1596.5,1600.2,1593,1594.55,120653
2024-02-14 11:15:00,1707889500,1594.45,1598.3,1590.3,1595.2,41830
2024-02-14 12:15:00,1707893100,1595.2,1600.6,1591.5,1595,122215
2024-02-14 13:15:00,1707896700,1595.5,1599.95,1595.3,1599.75,41560
2024-02-14 14:15:00,1707900300,1599.75,1613.35,1595.8,1612.15,183733
2024-02-14 15:15:00,1707903900,1612.15,1618.6,1611.35,1618,106423
2024-02-15 09:15:00,1707968700,1620,1631.1,1602,1609,221075
2024-02-15 10:15:00,1707972300,1608.5,1611.25,1598.45,1599.85,165686
2024-02-15 11:15:00,1707975900,1600,1601,1595.1,1600.5,111413
2024-02-15 12:15:00,1707979500,1600.5,1604.95,1597.95,1600.55,206477
2024-02-15 13:15:00,1707983100,1600.55,1604,1598.1,1598.9,176377
2024-02-15 14:15:00,1707986700,1598.85,1606.15,1598.1,1605,191288
2024-02-15 15:15:00,1707990300,1605,1609.95,1604.85,1606,83967
2024-02-16 09:15:00,1708055100,1610,1617.4,1602.2,1605,447210
2024-02-16 10:15:00,1708058700,1605,1606.65,1598.4,1601.7,205579
2024-02-16 11:15:00,1708062300,1601.7,1629,1599.05,1623.85,430522
2024-02-16 12:15:00,1708065900,1623.85,1638.8,1620.65,1629.35,247305
2024-02-16 13:15:00,1708069500,1628.85,1631.3,1621.15,1624.25,128334
2024-02-16 14:15:00,1708073100,1624.25,1629.45,1616.9,1619.4,252821
2024-02-16 15:15:00,1708076700,1619.4,1620,1618,1618,134915
2024-02-19 09:15:00,1708314300,1634.8,1634.8,1596,1602,520935
2024-02-19 10:15:00,1708317900,1601.95,1605.85,1595.6,1597.95,205185
2024-02-19 11:15:00,1708321500,1597.85,1600.25,1596,1597.7,133972
2024-02-19 12:15:00,1708325100,1597.7,1598,1591.1,1592.05,106044
2024-02-19 13:15:00,1708328700,1592.05,1592.65,1585,1588.4,157702
2024-02-19 14:15:00,1708332300,1588.4,1590,1584.05,1584.9,143674
2024-02-19 15:15:00,1708335900,1584.9,1593.5,1584.55,1592,121435
2024-02-20 09:15:00,1708400700,1589.5,1596.45,1563.05,1572.7,527537
2024-02-20 10:15:00,1708404300,1573.3,1577,1564.15,1566.6,135001
2024-02-20 11:15:00,1708407900,1566.35,1567,1553.3,1565.2,147605
2024-02-20 12:15:00,1708411500,1565.9,1575,1565,1573.8,129461
2024-02-20 13:15:00,1708415100,1573.8,1575,1568,1570.1,85992
2024-02-20 14:15:00,1708418700,1570.2,1585.45,1569,1585.05,285741
2024-02-20 15:15:00,1708422300,1585.1,1600.05,1583.7,1596.95,195571
2024-02-21 09:15:00,1708487100,1598.95,1607.3,1592.05,1600,365351
2024-02-21 10:15:00,1708490700,1600,1601,1595.2,1600,188300
2024-02-21 11:15:00,1708494300,1600,1604.95,1599.5,1600,191284
2024-02-21 12:15:00,1708497900,1599.95,1602.75,1596.4,1600,130105
2024-02-21 13:15:00,1708501500,1600,1607.95,1599.4,1599.8,144905
2024-02-21 14:15:00,1708505100,1599.8,1604.75,1589.9,1602.45,279327
2024-02-21 15:15:00,1708508700,1602.55,1603.75,1590.85,1595.15,119834
2024-02-22 09:15:00,1708573500,1608,1608,1578.3,1579.75,237067
2024-02-22 10:15:00,1708577100,1579.75,1583.35,1576.05,1581.6,129738
2024-02-22 11:15:00,1708580700,1581.65,1586.65,1579.1,1586.4,100101
2024-02-22 12:15:00,1708584300,1586.4,1591,1585.8,1588.7,93999
2024-02-22 13:15:00,1708587900,1588.7,1589.55,1584.1,1584.2,174896
2024-02-22 14:15:00,1708591500,1584.2,1596.85,1583.05,1591.1,223057
2024-02-22 15:15:00,1708595100,1591.65,1597.75,1589.75,1591.95,85727
2024-02-23 09:15:00,1708659900,1597.05,1617.95,1597.05,1613.1,159316
2024-02-23 10:15:00,1708663500,1613.05,1617,1610.45,1613.95,87811
2024-02-23 11:15:00,1708667100,1613.95,1618.6,1611.75,1617.15,77258
2024-02-23 12:15:00,1708670700,1617.15,1620.8,1615.05,1619.75,96370
2024-02-23 13:15:00,1708674300,1619.75,1622,1616.2,1617.5,71049
2024-02-23 14:15:00,1708677900,1618.15,1625,1614.7,1617.15,115483
2024-02-23 15:15:00,1708681500,1617.15,1617.7,1605.8,1614,71348
2024-02-26 09:15:00,1708919100,1614.95,1622.85,1597,1598.5,262797
2024-02-26 10:15:00,1708922700,1599.25,1602,1587,1588.45,184435
2024-02-26 11:15:00,1708926300,1587.9,1592,1580,1583.1,143444
2024-02-26 12:15:00,1708929900,1583,1585,1580.4,1583.85,45611
2024-02-26 13:15:00,1708933500,1583.8,1603,1583.65,1603,115072
2024-02-26 14:15:00,1708937100,1603,1610,1600.8,1604.55,271469
2024-02-26 15:15:00,1708940700,1604,1604.35,1598.8,1598.8,45707
2024-02-27 09:15:00,1709005500,1603.95,1626.95,1598.45,1615.85,289201
2024-02-27 10:15:00,1709009100,1615.8,1630.9,1615.65,1624.7,155552
2024-02-27 11:15:00,1709012700,1624.7,1635.1,1624.45,1631,99885
2024-02-27 12:15:00,1709016300,1631,1634.9,1625.55,1626.75,90318
2024-02-27 13:15:00,1709019900,1626.75,1626.75,1617.5,1620,80201
2024-02-27 14:15:00,1709023500,1620,1624.6,1619.7,1623.75,180072
2024-02-27 15:15:00,1709027100,1624.55,1624.75,1618.7,1622,86240
2024-02-28 09:15:00,1709091900,1620.15,1642.9,1617.55,1631,355953
2024-02-28 10:15:00,1709095500,1630.9,1634.9,1616.1,1617.55,153137
2024-02-28 11:15:00,1709099100,1617.55,1619,1612.05,1616.35,83053
2024-02-28 12:15:00,1709102700,1616.6,1624.95,1609.35,1610.25,106202
2024-02-28 13:15:00,1709106300,1610.25,1617.9,1609.25,1612.95,68449
2024-02-28 14:15:00,1709109900,1613,1620.8,1604.1,1616.8,205680
2024-02-28 15:15:00,1709113500,1616.1,1618.15,1605.5,1608,137403
2024-02-29 09:15:00,1709178300,1610,1620.05,1595.55,1606.35,219402
2024-02-29 10:15:00,1709181900,1606.65,1608.4,1593,1600.45,144202
2024-02-29 11:15:00,1709185500,1600,1606.55,1595.65,1606,125829
2024-02-29 12:15:00,1709189100,1605.7,1610,1604.55,1609.85,82217
2024-02-29 13:15:00,1709192700,1609.85,1613.25,1605.15,1609.2,197938
2024-02-29 14:15:00,1709196300,1609.05,1624.95,1605.25,1622.15,1916075
2024-02-29 15:15:00,1709199900,1622.1,1630,1619.9,1622.75,1121489
2024-03-01 09:15:00,1709264700,1621,1637.75,1618,1628.5,285301
2024-03-01 10:15:00,1709268300,1628.5,1637,1626.25,1635,88849
2024-03-01 11:15:00,1709271900,1635,1635.1,1627,1630,80426
2024-03-01 12:15:00,1709275500,1629.55,1636,1627.85,1632.7,74078
2024-03-01 13:15:00,1709279100,1632.7,1635.3,1630,1633.95,89608
2024-03-01 14:15:00,1709282700,1633.95,1634.55,1620.2,1624.05,163191
2024-03-01 15:15:00,1709286300,1624.05,1626.05,1617,1623,52287
2024-03-02 09:15:00,1709351100,1630.05,1642,1623.85,1642,40782
2024-03-02 11:15:00,1709358300,1642,1645,1631.5,1636.75,25014
2024-03-02 12:15:00,1709361900,1636.75,1638,1632.05,1638,10750
2024-03-04 09:15:00,1709523900,1637.95,1669.95,1634.4,1668.7,359357
2024-03-04 10:15:00,1709527500,1668.85,1684,1663.55,1683.7,249081
2024-03-04 11:15:00,1709531100,1683.15,1700,1681.55,1694.7,365047
2024-03-04 12:15:00,1709534700,1694.85,1696,1685.75,1689.75,136227
2024-03-04 13:15:00,1709538300,1689.75,1690.7,1675.55,1676.65,131467
2024-03-04 14:15:00,1709541900,1676.1,1676.95,1670.1,1670.75,133354
2024-03-04 15:15:00,1709545500,1670.65,1670.7,1665,1667,79156
2024-03-05 09:15:00,1709610300,1669.85,1680.2,1657.05,1677.5,221952
2024-03-05 10:15:00,1709613900,1677.5,1680,1668.6,1673.8,101163
2024-03-05 11:15:00,1709617500,1674.05,1683.15,1672,1678.25,65410
2024-03-05 12:15:00,1709621100,1678.2,1688,1675.5,1687.25,85643
2024-03-05 13:15:00,1709624700,1687.8,1688,1678.25,1681.35,82056
2024-03-05 14:15:00,1709628300,1681.35,1681.9,1672,1678.3,159748
2024-03-05 15:15:00,1709631900,1678.2,1680.45,1673.65,1674.25,102539
2024-03-06 09:15:00,1709696700,1674,1681.75,1652.55,1663.45,223134
2024-03-06 10:15:00,1709700300,1663.45,1665.45,1652.9,1656.25,91891
2024-03-06 11:15:00,1709703900,1656.25,1659.95,1648.45,1650.95,79060
2024-03-06 12:15:00,1709707500,1651.15,1660.05,1643.3,1660,142430
2024-03-06 13:15:00,1709711100,1660,1674.35,1658.15,1667.4,141756
2024-03-06 14:15:00,1709714700,1667.85,1671.3,1663.7,1664.85,289414
2024-03-06 15:15:00,1709718300,1664.85,1669.8,1662.55,1662.55,251020
2024-03-07 09:15:00,1709783100,1673.5,1678.15,1655.8,1670.4,145500
2024-03-07 10:15:00,1709786700,1671.9,1673.3,1668.3,1669.5,108931
2024-03-07 11:15:00,1709790300,1669.5,1675.95,1668,1669.75,143352
2024-03-07 12:15:00,1709793900,1669.7,1675,1666.8,1674.5,44128
2024-03-07 13:15:00,1709797500,1674.5,1674.95,1665.65,1668.75,49099
2024-03-07 14:15:00,1709801100,1668.9,1674,1667.2,1669.85,145701
2024-03-07 15:15:00,1709804700,1669.5,1673.35,1665.2,1665.8,174394
2024-03-11 09:15:00,1710128700,1680.95,1702.9,1669.75,1695.05,380321
2024-03-11 10:15:00,1710132300,1695.05,1704.25,1692,1692.5,181642
2024-03-11 11:15:00,1710135900,1692.8,1695,1683,1685.2,68813
2024-03-11 12:15:00,1710139500,1684.85,1689.75,1681,1683,45038
2024-03-11 13:15:00,1710143100,1683,1689.05,1682.5,1685,52598
2024-03-11 14:15:00,1710146700,1684.65,1685.65,1672.6,1675.6,142712
2024-03-11 15:15:00,1710150300,1675.6,1676.1,1669.35,1673.9,110231
2024-03-12 09:15:00,1710215100,1672.1,1688.4,1660.3,1666.8,154238
2024-03-12 10:15:00,1710218700,1666.3,1672.1,1652.5,1656,98607
2024-03-12 11:15:00,1710222300,1656,1656.5,1640.15,1648,90621
2024-03-12 12:15:00,1710225900,1648,1653.6,1643.65,1647.65,47873
2024-03-12 13:15:00,1710229500,1647.55,1656.3,1646.55,1653.4,43386
2024-03-12 14:15:00,1710233100,1653.25,1653.5,1643,1644.55,113439
2024-03-12 15:15:00,1710236700,1644.6,1649,1644,1646.95,91023
2024-03-13 09:15:00,1710301500,1652.05,1661.2,1621.25,1629.25,158435
2024-03-13 10:15:00,1710305100,1629.45,1632.3,1618.85,1623.4,92616
2024-03-13 11:15:00,1710308700,1623.9,1624.05,1602.65,1604.8,139462
2024-03-13 12:15:00,1710312300,1603.95,1617.45,1599.55,1611.55,87970
2024-03-13 13:15:00,1710315900,1611.55,1613.35,1601.5,1602.95,80052
2024-03-13 14:15:00,1710319500,1602.35,1608.1,1589.55,1601.2,178796
2024-03-13 15:15:00,1710323100,1601.2,1610.95,1597.25,1599.05,159678
2024-03-14 09:15:00,1710387900,1591,1629.65,1590.35,1623.6,207095
2024-03-14 10:15:00,1710391500,1623.65,1635.8,1620.8,1633.55,103422
2024-03-14 11:15:00,1710395100,1633.6,1638.55,1628.05,1636.45,96245
2024-03-14 12:15:00,1710398700,1636.45,1643.35,1626.65,1639.65,145594
2024-03-14 13:15:00,1710402300,1638.85,1643.55,1633.6,1636.55,98763
2024-03-14 14:15:00,1710405900,1635.95,1652.25,1635.25,1650,204298
2024-03-14 15:15:00,1710409500,1649.9,1656.9,1646.85,1648.5,115572
2024-03-15 09:15:00,1710474300,1645.05,1674,1621,1622.25,88616
2024-03-15 10:15:00,1710477900,1622.3,1624.25,1614,1616.9,63283
2024-03-15 11:15:00,1710481500,1616.95,1622.2,1614,1622.2,45928
2024-03-15 12:15:00,1710485100,1622.5,1632.7,1615.7,1631,61154
2024-03-15 13:15:00,1710488700,1631,1637.75,1628.2,1629.3,146709
2024-03-15 14:15:00,1710492300,1629.3,1638.35,1628,1632.15,394728
2024-03-15 15:15:00,1710495900,1632.1,1647.35,1631.3,1632,297182
2024-03-18 09:15:00,1710733500,1624,1641.25,1618.1,1619.5,189780
2024-03-18 10:15:00,1710737100,1619.5,1625,1614.35,1614.35,210548
2024-03-18 11:15:00,1710740700,1612.05,1614.7,1607.5,1613.4,26493
2024-03-18 12:15:00,1710744300,1613.75,1620.2,1613.75,1615.55,33628
2024-03-18 13:15:00,1710747900,1615.2,1619.8,1609.95,1611.3,110669
2024-03-18 14:15:00,1710751500,1611.65,1617.8,1610.6,1614.5,71238
2024-03-18 15:15:00,1710755100,1614.5,1618.95,1611.95,1616.35,59538
2024-03-19 09:15:00,1710819900,1615.45,1623.15,1590.95,1600.15,87196
2024-03-19 10:15:00,1710823500,1600.55,1601.95,1589.4,1593.55,73657
2024-03-19 11:15:00,1710827100,1593.55,1599.1,1589.95,1591,37189
2024-03-19 12:15:00,1710830700,1591.1,1595,1587.1,1589.95,58278
2024-03-19 13:15:00,1710834300,1589.4,1590,1582.55,1584.4,56012
2024-03-19 14:15:00,1710837900,1584.35,1588.9,1565.75,1568.4,221758
2024-03-19 15:15:00,1710841500,1568.35,1571,1565,1567.05,98709
2024-03-20 09:15:00,1710906300,1570.2,1585.55,1551.6,1557.95,104812
2024-03-20 10:15:00,1710909900,1557.95,1562.65,1553.95,1559.6,42670
2024-03-20 11:15:00,1710913500,1559.6,1570,1558,1564.25,103788
2024-03-20 12:15:00,1710917100,1564.95,1565.85,1559.55,1564.95,41927
2024-03-20 13:15:00,1710920700,1564.95,1566.15,1562.4,1564,34445
2024-03-20 14:15:00,1710924300,1564,1569.45,1560.95,1564.3,142554
2024-03-20 15:15:00,1710927900,1563.45,1565,1561.15,1565,51016
2024-03-21 09:15:00,1710992700,1571.05,1585.8,1571.05,1584.15,333342
2024-03-21 10:15:00,1710996300,1584.15,1599.8,1582.55,1598.9,127918
2024-03-21 11:15:00,1710999900,1598.9,1604.25,1597.6,1598.4,242568
2024-03-21 12:15:00,1711003500,1598.4,1616.3,1598.4,1612.4,113786
2024-03-21 13:15:00,1711007100,1612.8,1613.4,1603,1604.35,98940
2024-03-21 14:15:00,1711010700,1604.35,1613.45,1601.05,1613.2,191510
2024-03-21 15:15:00,1711014300,1613.2,1613.95,1609.95,1611.75,111617
2024-03-22 09:15:00,1711079100,1611,1622.45,1599,1615.85,100893
2024-03-22 10:15:00,1711082700,1615.85,1618.35,1603.75,1608.7,28127
2024-03-22 11:15:00,1711086300,1608.7,1616.45,1606.55,1607.25,44352
2024-03-22 12:15:00,1711089900,1607.1,1612.7,1599.55,1601.05,118133
2024-03-22 13:15:00,1711093500,1601.05,1609.2,1600.65,1606.65,78080
2024-03-22 14:15:00,1711097100,1606.65,1611.95,1604,1606.45,141487
2024-03-22 15:15:00,1711100700,1606.5,1610.95,1605.05,1608.7,55058
2024-03-26 09:15:00,1711424700,1611.45,1620.25,1592,1595.6,153287
2024-03-26 10:15:00,1711428300,1595.6,1609.9,1595,1608.7,81238
2024-03-26 11:15:00,1711431900,1608.8,1614,1603.8,1612.8,104860
2024-03-26 12:15:00,1711435500,1612.8,1624,1612,1622.95,94660
2024-03-26 13:15:00,1711439100,1622.95,1625.35,1617.85,1620.25,107929
2024-03-26 14:15:00,1711442700,1620.8,1629.95,1614.2,1614.95,257453
2024-03-26 15:15:00,1711446300,1614.95,1618.7,1608.15,1615,139544
2024-03-27 09:15:00,1711511100,1618.25,1623.2,1605,1607.9,74071
2024-03-27 10:15:00,1711514700,1607.15,1611.5,1605.6,1608.65,38092
2024-03-27 11:15:00,1711518300,1608.7,1610,1598,1600,70551
2024-03-27 12:15:00,1711521900,1599.95,1604.95,1599.95,1601.05,22561
2024-03-27 13:15:00,1711525500,1601.05,1611,1596.85,1599.95,86050
2024-03-27 14:15:00,1711529100,1601.05,1609.35,1595.45,1596.95,120364
2024-03-27 15:15:00,1711532700,1596.95,1607.25,1592.05,1600.1,146352
2024-03-28 09:15:00,1711597500,1611,1611,1600,1603,78804
2024-03-28 10:15:00,1711601100,1602.8,1605,1593.1,1601.8,93931
2024-03-28 11:15:00,1711604700,1601.8,1608,1601.25,1606.1,99807
2024-03-28 12:15:00,1711608300,1606.3,1617.55,1605.05,1615.6,108928
2024-03-28 13:15:00,1711611900,1615.6,1617.75,1610.05,1615.45,118208
2024-03-28 14:15:00,1711615500,1615.45,1622,1613.55,1614.85,211012
2024-03-28 15:15:00,1711619100,1614.95,1625,1614.05,1624,154388
2024-04-01 09:15:00,1711943100,1650,1684.75,1635.9,1638.15,548276
2024-04-01 10:15:00,1711946700,1637.15,1644.3,1622.85,1625.05,149962
2024-04-01 11:15:00,1711950300,1625.5,1627,1617,1619.1,110661
2024-04-01 12:15:00,1711953900,1619.1,1625.75,1618.1,1618.2,59647
2024-04-01 13:15:00,1711957500,1619.3,1620.95,1608.6,1611,156878
2024-04-01 14:15:00,1711961100,1611,1628.35,1609.55,1627.85,334101
2024-04-01 15:15:00,1711964700,1627.75,1628.9,1618.95,1618.95,178275
2024-04-02 09:15:00,1712029500,1615.1,1621.85,1601.25,1604.3,130777
2024-04-02 10:15:00,1712033100,1604.1,1610.2,1602,1610.05,50866
2024-04-02 11:15:00,1712036700,1610.05,1617.5,1607.05,1611,144258
2024-04-02 12:15:00,1712040300,1610.6,1611.75,1603,1606,77990
2024-04-02 13:15:00,1712043900,1605.85,1611.3,1603.4,1609.6,66466
2024-04-02 14:15:00,1712047500,1609.6,1611,1608.2,1610,99069
2024-04-02 15:15:00,1712051100,1609.95,1610,1608,1608,72842
2024-04-03 09:15:00,1712115900,1612,1620.25,1604.75,1616.5,100036
2024-04-03 10:15:00,1712119500,1616.5,1621,1615.05,1616,112296
2024-04-03 11:15:00,1712123100,1616,1617.5,1605.95,1607.2,56257
2024-04-03 12:15:00,1712126700,1607.2,1611.2,1605.4,1607.4,42044
2024-04-03 13:15:00,1712130300,1607.4,1609.9,1601.2,1608.35,54215
2024-04-03 14:15:00,1712133900,1608.3,1608.95,1603.35,1605.25,91205
2024-04-03 15:15:00,1712137500,1605.2,1607.05,1599,1602.1,64258
2024-04-04 09:15:00,1712202300,1609,1614,1597.05,1608,127414
2024-04-04 10:15:00,1712205900,1608,1612.95,1600,1604.95,86633
2024-04-04 11:15:00,1712209500,1605.2,1607.35,1596.1,1598.3,80858
2024-04-04 12:15:00,1712213100,1598.4,1603.4,1596.55,1599.9,98314
2024-04-04 13:15:00,1712216700,1599.9,1604.6,1592.95,1594.95,63311
2024-04-04 14:15:00,1712220300,1594.75,1598,1583.45,1585.45,142504
2024-04-04 15:15:00,1712223900,1585.2,1593.45,1585.05,1588.1,55663
2024-04-05 09:15:00,1712288700,1587.25,1611.75,1587.25,1605,349554
2024-04-05 10:15:00,1712292300,1605,1605.3,1592.15,1599.1,101755
2024-04-05 11:15:00,1712295900,1599.1,1600.45,1594.6,1600,71355
2024-04-05 12:15:00,1712299500,1600,1600.5,1590,1591.45,62231
2024-04-05 13:15:00,1712303100,1591.05,1596.95,1590,1594.2,64013
2024-04-05 14:15:00,1712306700,1594.2,1600.4,1592.75,1600,191244
2024-04-05 15:15:00,1712310300,1599.55,1600.7,1594,1598.6,108479
2024-04-08 09:15:00,1712547900,1619,1619.95,1595.85,1600.65,185728
2024-04-08 10:15:00,1712551500,1599.8,1601.75,1597,1599.95,64717
2024-04-08 11:15:00,1712555100,1599.95,1619.85,1598.4,1617.8,120232
2024-04-08 12:15:00,1712558700,1617.8,1622.2,1617.4,1619.45,145231
2024-04-08 13:15:00,1712562300,1619.45,1620,1585.05,1610.55,372400
2024-04-08 14:15:00,1712565900,1610.55,1618,1606.7,1613.4,245295
2024-04-08 15:15:00,1712569500,1613.4,1613.7,1606.45,1610.75,146393
2024-04-09 09:15:00,1712634300,1619.8,1626.95,1606,1624,119432
2024-04-09 10:15:00,1712637900,1624.6,1625,1614.1,1614.85,46993
2024-04-09 11:15:00,1712641500,1614.9,1614.9,1605.05,1607.8,52111
2024-04-09 12:15:00,1712645100,1608.25,1610.4,1600.45,1601,57885
2024-04-09 13:15:00,1712648700,1601,1607.4,1595.4,1604.8,126227
2024-04-09 14:15:00,1712652300,1605.15,1610,1603.8,1606.15,98459
2024-04-09 15:15:00,1712655900,1606.15,1608.95,1603,1604.55,40856
2024-04-10 09:15:00,1712720700,1627.7,1643.3,1616.95,1617.45,558994
2024-04-10 10:15:00,1712724300,1618,1624.65,1613.3,1615.85,189413
2024-04-10 11:15:00,1712727900,1615.85,1620.5,1612.3,1619.8,181970
2024-04-10 12:15:00,1712731500,1619.8,1620.9,1610.1,1611,113397
2024-04-10 13:15:00,1712735100,1610.95,1618.05,1609.25,1610,175399
2024-04-10 14:15:00,1712738700,1610,1610.95,1605.05,1605.2,159799
2024-04-10 15:15:00,1712742300,1605.2,1605.6,1600.05,1603,112849
2024-04-12 09:15:00,1712893500,1615,1637.75,1597.9,1634,355708
2024-04-12 10:15:00,1712897100,1634,1637.1,1629.55,1634.25,116753
2024-04-12 11:15:00,1712900700,1634.25,1641.95,1634.2,1639.4,114237
2024-04-12 12:15:00,1712904300,1639.4,1640.1,1625.1,1628.1,179813
2024-04-12 13:15:00,1712907900,1628.75,1630,1622,1622.65,74768
2024-04-12 14:15:00,1712911500,1622.6,1626.55,1618.1,1620.9,236431
2024-04-12 15:15:00,1712915100,1619.7,1631.65,1618.4,1624,240750
2024-04-15 09:15:00,1713152700,1617.75,1639.2,1607.7,1636.5,756855
2024-04-15 10:15:00,1713156300,1635.95,1640.95,1620.2,1622.45,107691
2024-04-15 11:15:00,1713159900,1622.45,1625.8,1620.2,1621.75,58957
2024-04-15 12:15:00,1713163500,1621.75,1621.75,1602.65,1608.8,76898
2024-04-15 13:15:00,1713167100,1608.8,1610,1597.8,1608.65,121227
2024-04-15 14:15:00,1713170700,1608.55,1611.95,1604.35,1609.65,171699
2024-04-15 15:15:00,1713174300,1609.75,1616.55,1608.1,1613.3,91454
2024-04-16 09:15:00,1713239100,1606,1624.6,1600.1,1617.6,140245
2024-04-16 10:15:00,1713242700,1617.5,1636.95,1616,1635.65,101541
2024-04-16 11:15:00,1713246300,1635.65,1635.65,1622.25,1624.7,140550
2024-04-16 12:15:00,1713249900,1624.7,1625.85,1613,1613.85,78100
2024-04-16 13:15:00,1713253500,1613.55,1618.5,1611.4,1615.4,137973
2024-04-16 14:15:00,1713257100,1615.65,1615.8,1604.05,1611.65,111711
2024-04-16 15:15:00,1713260700,1611.65,1618,1611.15,1615.9,52326
2024-04-18 09:15:00,1713411900,1624.8,1629.9,1613.7,1618.1,84491
2024-04-18 10:15:00,1713415500,1617.45,1634.45,1615.4,1633.15,126504
2024-04-18 11:15:00,1713419100,1632.6,1633,1622.05,1624.85,99251
2024-04-18 12:15:00,1713422700,1624.85,1630,1622.35,1623.95,137872
2024-04-18 13:15:00,1713426300,1623.95,1625,1608.75,1609.8,93757
2024-04-18 14:15:00,1713429900,1610,1614.75,1591,1591.7,143430
2024-04-18 15:15:00,1713433500,1591.75,1599,1590.25,1596.95,61449
2024-04-19 09:15:00,1713498300,1575,1584,1556.35,1578.45,208071
2024-04-19 10:15:00,1713501900,1577.55,1579.15,1552.85,1556.2,150608
2024-04-19 11:15:00,1713505500,1557.1,1569.9,1555,1563.3,105293
2024-04-19 12:15:00,1713509100,1563.3,1564.9,1542.95,1547.2,243992
2024-04-19 13:15:00,1713512700,1547.2,1560.15,1541,1554,236501
2024-04-19 14:15:00,1713516300,1554,1556,1544.35,1548.2,164659
2024-04-19 15:15:00,1713519900,1548.1,1549.95,1544.2,1547,77117
2024-04-22 09:15:00,1713757500,1586.3,1603.95,1570,1598.55,443314
2024-04-22 10:15:00,1713761100,1599.35,1604,1591.4,1601.05,151038
2024-04-22 11:15:00,1713764700,1601.3,1602.3,1596.5,1599.45,114933
2024-04-22 12:15:00,1713768300,1599.7,1600,1596.85,1599.05,100798
2024-04-22 13:15:00,1713771900,1599.05,1600.6,1595.1,1596.65,113874
2024-04-22 14:15:00,1713775500,1596.65,1603.05,1593,1600.5,232499
2024-04-22 15:15:00,1713779100,1599.85,1615,1599,1608.7,144452
2024-04-23 09:15:00,1713843900,1602,1614,1592.85,1595.2,123973
2024-04-23 10:15:00,1713847500,1595.2,1598.25,1590.4,1594.6,36757
2024-04-23 11:15:00,1713851100,1594.6,1602.35,1592.6,1600,163594
2024-04-23 12:15:00,1713854700,1600.3,1600.95,1585.6,1586.9,76590
2024-04-23 13:15:00,1713858300,1586.9,1589.1,1585,1586.9,96417
2024-04-23 14:15:00,1713861900,1586.9,1588.9,1579.55,1580,224946
2024-04-23 15:15:00,1713865500,1580,1581.2,1577.45,1581,126823
2024-04-24 09:15:00,1713930300,1591.9,1602.7,1582.25,1583.45,232696
2024-04-24 10:15:00,1713933900,1583.35,1588.9,1559.15,1588.05,413443
2024-04-24 11:15:00,1713937500,1588.3,1591.8,1581.8,1583.7,106364
2024-04-24 12:15:00,1713941100,1583.65,1592.95,1570.2,1574.65,229038
2024-04-24 13:15:00,1713944700,1574.65,1588.4,1573.5,1585.85,99862
2024-04-24 14:15:00,1713948300,1585.7,1588.3,1577.35,1584,193935
2024-04-24 15:15:00,1713951900,1584,1584.3,1575.4,1577.5,87767
2024-04-25 09:15:00,1714016700,1580.8,1592.1,1578.7,1590.85,175040
2024-04-25 10:15:00,1714020300,1591.2,1594.95,1584,1592.95,100959
2024-04-25 11:15:00,1714023900,1592.95,1600.25,1589,1595.85,94978
2024-04-25 12:15:00,1714027500,1595.9,1599.6,1591.15,1598.95,79462
2024-04-25 13:15:00,1714031100,1598.95,1599.9,1593.95,1596.85,112459
2024-04-25 14:15:00,1714034700,1596.75,1599.2,1593,1593.25,436041
2024-04-25 15:15:00,1714038300,1593.25,1600,1589.45,1592.4,204016
2024-04-26 09:15:00,1714103100,1590,1611.9,1585.1,1609,124966
2024-04-26 10:15:00,1714106700,1609,1621.75,1607.25,1615.75,117711
2024-04-26 11:15:00,1714110300,1615.75,1622.75,1612.25,1621.8,44108
2024-04-26 12:15:00,1714113900,1621.8,1624,1616,1621,75914
2024-04-26 13:15:00,1714117500,1621,1622.7,1612,1615.8,28041
2024-04-26 14:15:00,1714121100,1615.8,1620.45,1613.05,1615.4,95907
2024-04-26 15:15:00,1714124700,1615.45,1617.05,1614.3,1616,100532
2024-04-29 09:15:00,1714362300,1625,1642,1612.45,1630.1,246481
2024-04-29 10:15:00,1714365900,1630.1,1641.9,1629.05,1632.2,185268
2024-04-29 11:15:00,1714369500,1632.2,1641.5,1632.2,1635.8,140959
2024-04-29 12:15:00,1714373100,1636.5,1647.35,1635.65,1645.7,176552
2024-04-29 13:15:00,1714376700,1645.5,1645.95,1635.8,1636.25,168844
2024-04-29 14:15:00,1714380300,1636.05,1639.4,1627.95,1637.6,250068
2024-04-29 15:15:00,1714383900,1637.65,1640.5,1635.25,1637.25,126705
2024-04-30 09:15:00,1714448700,1648.45,1657.9,1640.5,1655,243596
2024-04-30 10:15:00,1714452300,1654.95,1661.1,1646.9,1650.35,109753
2024-04-30 11:15:00,1714455900,1650.7,1661,1648.2,1657.95,175249
2024-04-30 12:15:00,1714459500,1658,1660.9,1652.8,1655.4,113517
2024-04-30 13:15:00,1714463100,1655.4,1656.65,1641,1654.75,135494
2024-04-30 14:15:00,1714466700,1654.8,1655.85,1640.55,1646.25,267902
2024-04-30 15:15:00,1714470300,1646.3,1650.75,1642.25,1648,126018
2024-05-02 09:15:00,1714621500,1648.85,1653.3,1641.65,1650.5,94185
2024-05-02 10:15:00,1714625100,1650.5,1661,1647.3,1656,58183
2024-05-02 11:15:00,1714628700,1656,1658.15,1650.7,1653.95,25628
2024-05-02 12:15:00,1714632300,1654,1655,1647.1,1648.9,32436
2024-05-02 13:15:00,1714635900,1647.75,1652.1,1646,1649.4,39397
2024-05-02 14:15:00,1714639500,1650.4,1654,1642.55,1643.95,74518
2024-05-02 15:15:00,1714643100,1643.5,1654.5,1640.6,1654,62105
2024-05-03 09:15:00,1714707900,1654,1682,1652.8,1679.95,197286
2024-05-03 10:15:00,1714711500,1679.95,1683,1672,1678.4,138599
2024-05-03 11:15:00,1714715100,1679,1683,1654.4,1657.25,153682
2024-05-03 12:15:00,1714718700,1657,1659.45,1650.1,1656.9,63091
2024-05-03 13:15:00,1714722300,1656.7,1657,1649.3,1649.6,159361
2024-05-03 14:15:00,1714725900,1649.5,1657.3,1648,1655,174731
2024-05-03 15:15:00,1714729500,1655,1662,1651.95,1662,78319
2024-05-06 09:15:00,1714967100,1667.9,1671.3,1636.65,1646.95,395634
2024-05-06 10:15:00,1714970700,1647.75,1663.4,1644.3,1646.9,147059
2024-05-06 11:15:00,1714974300,1646.35,1657.85,1638.6,1648.8,185101
2024-05-06 12:15:00,1714977900,1648.75,1660.25,1646.75,1654.5,152148
2024-05-06 13:15:00,1714981500,1654.55,1659.8,1650,1655.75,143521
2024-05-06 14:15:00,1714985100,1655.75,1686.9,1643.65,1679.8,384496
2024-05-06 15:15:00,1714988700,1679.75,1687,1673.25,1685,225257
2024-05-07 09:15:00,1715053500,1684,1684,1598.15,1634.5,1816976
2024-05-07 10:15:00,1715057100,1635.5,1643.85,1607.25,1608.05,681219
2024-05-07 11:15:00,1715060700,1608.6,1616.6,1581.1,1592.45,648314
2024-05-07 12:15:00,1715064300,1592,1600.45,1560,1570.6,691019
2024-05-07 13:15:00,1715067900,1569.65,1593.95,1569.65,1593.5,363637
2024-05-07 14:15:00,1715071500,1593.75,1616.5,1587.4,1611.2,668142
2024-05-07 15:15:00,1715075100,1611.2,1614.5,1598.55,1609,274339
2024-05-08 09:15:00,1715139900,1611,1629.35,1604.4,1615.3,362598
2024-05-08 10:15:00,1715143500,1615.3,1625,1592.6,1594.3,222622
2024-05-08 11:15:00,1715147100,1594.55,1615,1593.2,1613.45,330925
2024-05-08 12:15:00,1715150700,1613,1623.35,1611.4,1623,171310
2024-05-08 13:15:00,1715154300,1623.1,1631,1613,1622.5,211538
2024-05-08 14:15:00,1715157900,1622.5,1626.4,1615.25,1617.7,211075
2024-05-08 15:15:00,1715161500,1616.9,1619.2,1610,1619.2,182991
2024-05-09 09:15:00,1715226300,1616.9,1621.6,1598.45,1601.7,106720
2024-05-09 10:15:00,1715229900,1601.7,1611.05,1595.25,1610,149372
2024-05-09 11:15:00,1715233500,1610,1619.85,1608.25,1610.6,106858
2024-05-09 12:15:00,1715237100,1610.6,1613.5,1600,1600.85,178905
2024-05-09 13:15:00,1715240700,1600.85,1601.45,1588.15,1592.4,127152
2024-05-09 14:15:00,1715244300,1593.1,1593.95,1581.45,1582,139929
2024-05-09 15:15:00,1715247900,1582,1586.25,1578.6,1584.7,74159
2024-05-10 09:15:00,1715312700,1583.95,1599.9,1579,1594.15,104085
2024-05-10 10:15:00,1715316300,1594.15,1617.55,1592.8,1613,125037
2024-05-10 11:15:00,1715319900,1613,1617,1602.7,1604.95,57806
2024-05-10 12:15:00,1715323500,1604.95,1610,1591.8,1593.8,201455
2024-05-10 13:15:00,1715327100,1593.8,1607.8,1591.2,1603.6,60131
2024-05-10 14:15:00,1715330700,1603.05,1613.95,1596.45,1607.6,109602
2024-05-10 15:15:00,1715334300,1607.8,1612.7,1605.1,1609.9,72757
2024-05-13 09:15:00,1715571900,1614.95,1630.9,1604,1617.8,256407
2024-05-13 10:15:00,1715575500,1617.55,1626.9,1608.5,1625.5,117814
2024-05-13 11:15:00,1715579100,1625.6,1625.7,1616.45,1625.5,131497
2024-05-13 12:15:00,1715582700,1625.5,1652,1625.25,1651.7,219827
2024-05-13 13:15:00,1715586300,1651.25,1662,1643.05,1660.45,450896
2024-05-13 14:15:00,1715589900,1660.45,1698,1659.05,1695,676541
2024-05-13 15:15:00,1715593500,1694.9,1696,1680,1684,393168
2024-05-14 09:15:00,1715658300,1670.25,1683.55,1643.1,1653.95,238163
2024-05-14 10:15:00,1715661900,1653.95,1655.5,1630,1637,165509
2024-05-14 11:15:00,1715665500,1637.05,1645.35,1634.5,1643,110562
2024-05-14 12:15:00,1715669100,1643,1649,1642.3,1645.8,87556
2024-05-14 13:15:00,1715672700,1645.5,1647.95,1639.6,1641.75,189471
2024-05-14 14:15:00,1715676300,1641.75,1643,1635.1,1638.5,154957
2024-05-14 15:15:00,1715679900,1638.5,1639.55,1630.9,1634,81494
2024-05-15 09:15:00,1715744700,1638.95,1652,1634,1640.75,99486
2024-05-15 10:15:00,1715748300,1640.6,1647.75,1633.85,1640.05,86108
2024-05-15 11:15:00,1715751900,1640.05,1641.65,1629.8,1632.25,69251
2024-05-15 12:15:00,1715755500,1632.05,1639.55,1628.7,1630.4,94500
2024-05-15 13:15:00,1715759100,1630.4,1638.85,1630.15,1637.7,51730
2024-05-15 14:15:00,1715762700,1637.7,1640.95,1634.05,1638.6,99521
2024-05-15 15:15:00,1715766300,1638.45,1645,1636.8,1640,58798
2024-05-16 09:15:00,1715831100,1652.6,1667.45,1647,1665.05,222351
2024-05-16 10:15:00,1715834700,1665.35,1678,1663.3,1670.6,270651
2024-05-16 11:15:00,1715838300,1671.35,1682,1658,1679.95,132693
2024-05-16 12:15:00,1715841900,1679.95,1694.55,1676,1680.95,245823
2024-05-16 13:15:00,1715845500,1680.95,1682,1653.1,1653.3,180955
2024-05-16 14:15:00,1715849100,1653.2,1665.05,1650.1,1665,193078
2024-05-16 15:15:00,1715852700,1665,1667.7,1657.2,1658.55,92691
2024-05-17 09:15:00,1715917500,1671.85,1681.25,1657.15,1671.05,199425
2024-05-17 10:15:00,1715921100,1671.1,1672.6,1658.65,1660,117066
2024-05-17 11:15:00,1715924700,1660,1662.05,1646.8,1653.2,87896
2024-05-17 12:15:00,1715928300,1653.9,1656,1648,1654.25,52812
2024-05-17 13:15:00,1715931900,1654.25,1655.7,1648.05,1650,44481
2024-05-17 14:15:00,1715935500,1650.35,1655.75,1638.25,1652.1,143259
2024-05-17 15:15:00,1715939100,1651.3,1653,1649.05,1652.75,76764
2024-05-18 09:15:00,1716003900,1652,1664.95,1648.6,1658,23973
2024-05-18 11:15:00,1716011100,1662.45,1666,1655.85,1660.9,11762
2024-05-18 12:15:00,1716014700,1660.95,1663.9,1658,1662.65,6646
2024-05-21 09:15:00,1716263100,1632.35,1646.85,1621.2,1645.5,285903
2024-05-21 10:15:00,1716266700,1645.7,1652.95,1642.2,1649,84742
2024-05-21 11:15:00,1716270300,1648.6,1663.95,1645.5,1659.45,75589
2024-05-21 12:15:00,1716273900,1659.4,1673.2,1659.1,1670.8,168638
2024-05-21 13:15:00,1716277500,1670.9,1684,1666.85,1673.95,231025
2024-05-21 14:15:00,1716281100,1673.95,1690,1673.25,1679.7,195161
2024-05-21 15:15:00,1716284700,1680.7,1690,1679.9,1681.8,108198
2024-05-22 09:15:00,1716349500,1691,1703.8,1667.95,1675.65,494709
2024-05-22 10:15:00,1716353100,1675.65,1700,1675.45,1700,244393
2024-05-22 11:15:00,1716356700,1699.6,1727,1699.6,1723.1,761954
2024-05-22 12:15:00,1716360300,1723.5,1728,1707.6,1710.75,302807
2024-05-22 13:15:00,1716363900,1710.75,1714.15,1700.15,1704.7,395599
2024-05-22 14:15:00,1716367500,1704.7,1716.15,1704.2,1711.3,289458
2024-05-22 15:15:00,1716371100,1711.35,1722.95,1710.05,1721,176757
2024-05-23 09:15:00,1716435900,1700,1700,1630.05,1636.35,1068774
2024-05-23 10:15:00,1716439500,1636,1636.55,1591.15,1631,1185502
2024-05-23 11:15:00,1716443100,1631,1643.65,1620,1635.2,320548
2024-05-23 12:15:00,1716446700,1635.2,1640.55,1630.1,1636.3,174804
2024-05-23 13:15:00,1716450300,1636.35,1636.8,1630,1632.75,211873
2024-05-23 14:15:00,1716453900,1633,1636.95,1632.1,1634.85,269606
2024-05-23 15:15:00,1716457500,1634.55,1634.8,1626.6,1629,176533
2024-05-24 09:15:00,1716522300,1635.65,1642,1618.7,1629.7,225954
2024-05-24 10:15:00,1716525900,1628.3,1637.85,1622,1624.65,85664
2024-05-24 11:15:00,1716529500,1624,1626.7,1620.5,1622.35,110073
2024-05-24 12:15:00,1716533100,1622,1631,1620.2,1625.55,247318
2024-05-24 13:15:00,1716536700,1625.5,1629.45,1624.05,1625,120135
2024-05-24 14:15:00,1716540300,1625,1626.95,1613.1,1613.65,193151
2024-05-24 15:15:00,1716543900,1613.7,1615.35,1611.5,1613,101018
2024-05-27 09:15:00,1716781500,1628.45,1642,1611.9,1632,462006
2024-05-27 10:15:00,1716785100,1631.75,1638.25,1627.4,1629.35,102517
2024-05-27 11:15:00,1716788700,1629.35,1638,1628.1,1634.05,117931
2024-05-27 12:15:00,1716792300,1634.05,1641.45,1628.85,1639.1,144882
2024-05-27 13:15:00,1716795900,1639.1,1648.6,1632.7,1637.55,299130
2024-05-27 14:15:00,1716799500,1637.95,1640.4,1613.65,1618,493587
2024-05-27 15:15:00,1716803100,1617.55,1619.95,1610,1618,238122
2024-05-28 09:15:00,1716867900,1624.8,1634,1620,1620.7,182471
2024-05-28 10:15:00,1716871500,1620.7,1624.35,1612.6,1615.35,46682
2024-05-28 11:15:00,1716875100,1615.35,1615.35,1603.4,1608.5,58654
2024-05-28 12:15:00,1716878700,1608.5,1610.95,1602,1610.25,55918
2024-05-28 13:15:00,1716882300,1610.85,1615,1606.6,1609.75,44111
2024-05-28 14:15:00,1716885900,1609.7,1609.8,1603.4,1604.15,62831
2024-05-28 15:15:00,1716889500,1604.3,1604.3,1600,1601.35,67840
2024-05-29 09:15:00,1716954300,1601.35,1612.15,1578.25,1602.5,247787
2024-05-29 10:15:00,1716957900,1602.45,1604.9,1593.35,1595.65,66194
2024-05-29 11:15:00,1716961500,1595.65,1600.5,1594.05,1600.5,45727
2024-05-29 12:15:00,1716965100,1600,1608.85,1598.05,1603.95,113599
2024-05-29 13:15:00,1716968700,1603.2,1607.95,1600.9,1604.95,62201
2024-05-29 14:15:00,1716972300,1604.55,1610,1600.45,1601.7,93149
2024-05-29 15:15:00,1716975900,1601.7,1603.95,1597,1598.5,62347
2024-05-30 09:15:00,1717040700,1603.45,1614.85,1585.55,1587.2,185826
2024-05-30 10:15:00,1717044300,1586.45,1593.45,1586.05,1587.7,108562
2024-05-30 11:15:00,1717047900,1587.55,1592.55,1585,1589.5,149959
2024-05-30 12:15:00,1717051500,1589.5,1592.65,1586.45,1588,92998
2024-05-30 13:15:00,1717055100,1588.55,1591.8,1584.05,1588.9,122702
2024-05-30 14:15:00,1717058700,1588.9,1592,1577.05,1579.65,193316
2024-05-30 15:15:00,1717062300,1579.65,1586.5,1575,1575.1,71026
2024-05-31 09:15:00,1717127100,1579.95,1589.35,1577.35,1588.05,190402
2024-05-31 10:15:00,1717130700,1587.3,1592.95,1581.5,1583,127673
2024-05-31 11:15:00,1717134300,1583.55,1587.3,1578.1,1579.65,184949
2024-05-31 12:15:00,1717137900,1579.65,1584.1,1578.65,1583.6,111570
2024-05-31 13:15:00,1717141500,1583,1595,1581.9,1593.4,187942
2024-05-31 14:15:00,1717145100,1593.4,1593.4,1572.5,1582.25,1172464
2024-05-31 15:15:00,1717148700,1581.75,1607.3,1579.1,1603.6,922362
2024-06-03 09:15:00,1717386300,1614.85,1626.3,1590.5,1598.05,522462
2024-06-03 10:15:00,1717389900,1597.55,1597.55,1582,1584.4,157473
2024-06-03 11:15:00,1717393500,1584.4,1593,1584.35,1589.45,160451
2024-06-03 12:15:00,1717397100,1589.5,1590.35,1576.05,1577.95,163634
2024-06-03 13:15:00,1717400700,1578.5,1586.6,1576.7,1581.9,195615
2024-06-03 14:15:00,1717404300,1582.6,1590,1578,1581.95,352987
2024-06-03 15:15:00,1717407900,1581.95,1592,1581.95,1587,120198
2024-06-04 09:15:00,1717472700,1585.05,1593.6,1541.1,1591.9,359512
2024-06-04 10:15:00,1717476300,1591.9,1593.8,1550.2,1551.9,298577
2024-06-04 11:15:00,1717479900,1550.95,1583.95,1543.9,1544.4,245212
2024-06-04 12:15:00,1717483500,1544.8,1580.55,1493.3,1570.1,226627
2024-06-04 13:15:00,1717487100,1570.1,1585.8,1565.25,1572.55,178515
2024-06-04 14:15:00,1717490700,1574.55,1581.1,1556.3,1567.4,301652
2024-06-04 15:15:00,1717494300,1567.4,1571.1,1561.25,1570.4,98899
2024-06-05 09:15:00,1717559100,1587.45,1627,1575,1625.1,565834
2024-06-05 10:15:00,1717562700,1626.1,1626.9,1612.5,1620,391402
2024-06-05 11:15:00,1717566300,1620,1620.6,1606.35,1615,177157
2024-06-05 12:15:00,1717569900,1615,1631,1605.7,1629.9,187779
2024-06-05 13:15:00,1717573500,1629.95,1645,1623.45,1635,321286
2024-06-05 14:15:00,1717577100,1635.05,1638.95,1622.8,1631.45,320324
2024-06-05 15:15:00,1717580700,1631,1633.55,1625,1628,106171
2024-06-06 09:15:00,1717645500,1645,1645.45,1616.9,1628,128067
2024-06-06 10:15:00,1717649100,1628,1631.75,1624.85,1627.55,89019
2024-06-06 11:15:00,1717652700,1627.3,1628,1612.2,1614,117028
2024-06-06 12:15:00,1717656300,1614.45,1621.15,1601.25,1607.1,82413
2024-06-06 13:15:00,1717659900,1608,1613,1603.5,1606.35,54546
2024-06-06 14:15:00,1717663500,1606.45,1608.6,1601.95,1607.35,106151
2024-06-06 15:15:00,1717667100,1607.05,1610,1604.6,1610,97338
2024-06-07 09:15:00,1717731900,1626.95,1631.55,1618.2,1629.8,145950
2024-06-07 10:15:00,1717735500,1631,1651,1629,1643.1,151664
2024-06-07 11:15:00,1717739100,1643.7,1650,1632.85,1632.85,138273
2024-06-07 12:15:00,1717742700,1632.85,1636,1626.65,1629.65,81710
2024-06-07 13:15:00,1717746300,1628.65,1636,1628.4,1632.4,68348
2024-06-07 14:15:00,1717749900,1632.35,1634,1627.1,1628.55,116636
2024-06-07 15:15:00,1717753500,1628,1630.5,1626.85,1630,97237
2024-06-10 09:15:00,1717991100,1644,1660,1625.15,1632.5,307705
2024-06-10 10:15:00,1717994700,1632.75,1634.95,1609.25,1612.05,295157
2024-06-10 11:15:00,1717998300,1611.85,1632.95,1611.55,1620.3,288432
2024-06-10 12:15:00,1718001900,1619.7,1630.8,1619.7,1623.35,118175
2024-06-10 13:15:00,1718005500,1622.7,1637.95,1620.85,1632.6,102208
2024-06-10 14:15:00,1718009100,1632.6,1642.45,1620.1,1634.95,698459
2024-06-10 15:15:00,1718012700,1634.95,1635.7,1628,1629,217322
2024-06-11 09:15:00,1718077500,1640,1640,1611.75,1625.75,175336
2024-06-11 10:15:00,1718081100,1625.75,1629.6,1623.35,1627.9,84623
2024-06-11 11:15:00,1718084700,1627.65,1627.9,1619,1624.2,72104
2024-06-11 12:15:00,1718088300,1624.2,1626.5,1620.5,1621,133495
2024-06-11 13:15:00,1718091900,1621,1623.5,1618.1,1619.85,79874
2024-06-11 14:15:00,1718095500,1619.85,1625,1612.5,1615.4,193372
2024-06-11 15:15:00,1718099100,1615.4,1615.45,1611.15,1613.75,100149
2024-06-12 09:15:00,1718163900,1625,1625,1609.25,1613.25,95621
2024-06-12 10:15:00,1718167500,1613.8,1614,1598.55,1606.95,119057
2024-06-12 11:15:00,1718171100,1606.75,1608.6,1600,1600.8,69113
2024-06-12 12:15:00,1718174700,1600.8,1605,1599,1603.6,43395
2024-06-12 13:15:00,1718178300,1603.6,1609,1601,1608.5,50356
2024-06-12 14:15:00,1718181900,1608.5,1610.85,1602.95,1605.4,94373
2024-06-12 15:15:00,1718185500,1605.15,1607.8,1604.05,1605.95,54173
2024-06-13 09:15:00,1718250300,1607,1626.2,1602.55,1614.1,138674
2024-06-13 10:15:00,1718253900,1614.1,1615.2,1605.2,1607.65,80247
2024-06-13 11:15:00,1718257500,1607,1610.25,1603.35,1607.5,52368
2024-06-13 12:15:00,1718261100,1607.5,1610.75,1605.25,1608.5,41478
2024-06-13 13:15:00,1718264700,1609.05,1610.75,1603.05,1606.25,56576
2024-06-13 14:15:00,1718268300,1606.25,1609.5,1604.3,1604.35,143379
2024-06-13 15:15:00,1718271900,1604.45,1608.2,1602.35,1608.2,102159
2024-06-14 09:15:00,1718336700,1614,1615,1601,1607.8,354912
2024-06-14 10:15:00,1718340300,1607.4,1608.4,1602.4,1604,75959
2024-06-14 11:15:00,1718343900,1604,1607.95,1603,1603,64971
2024-06-14 12:15:00,1718347500,1603,1604.45,1600,1600.5,50234
2024-06-14 13:15:00,1718351100,1600.05,1605.05,1596.55,1602,145303
2024-06-14 14:15:00,1718354700,1601.2,1606,1600.1,1603.95,159641
2024-06-14 15:15:00,1718358300,1603.95,1604.95,1601,1603.5,72720
2024-06-18 09:15:00,1718682300,1608.95,1613.85,1586.55,1589.1,390303
2024-06-18 10:15:00,1718685900,1589.75,1589.75,1572.2,1573.45,157502
2024-06-18 11:15:00,1718689500,1572.85,1579,1572.85,1575.55,134165
2024-06-18 12:15:00,1718693100,1575.55,1582,1574.55,1577,181625
2024-06-18 13:15:00,1718696700,1576.95,1580.6,1575,1577.85,119696
2024-06-18 14:15:00,1718700300,1577.45,1584.1,1575.7,1579.95,218476
2024-06-18 15:15:00,1718703900,1579.9,1586,1579.35,1582.95,145781
2024-06-19 09:15:00,1718768700,1591.4,1591.4,1575,1575.3,140285
2024-06-19 10:15:00,1718772300,1575.3,1577,1570.1,1575.1,64101
2024-06-19 11:15:00,1718775900,1575.1,1576.4,1566,1566,81518
2024-06-19 12:15:00,1718779500,1566,1570.85,1566,1570.35,49525
2024-06-19 13:15:00,1718783100,1570.35,1575.5,1568,1570.25,49865
2024-06-19 14:15:00,1718786700,1570.75,1575.7,1570,1571.25,134477
2024-06-19 15:15:00,1718790300,1571.3,1574.8,1569,1572,70272
2024-06-20 09:15:00,1718855100,1574.8,1575,1555.3,1559.95,166504
2024-06-20 10:15:00,1718858700,1559.95,1562,1558,1560.55,136446
2024-06-20 11:15:00,1718862300,1560.55,1561.85,1558.05,1559.55,32483
2024-06-20 12:15:00,1718865900,1559.55,1560.25,1552,1556.6,63280
2024-06-20 13:15:00,1718869500,1556.55,1561,1555,1556,68806
2024-06-20 14:15:00,1718873100,1555.25,1559.5,1554.1,1555.35,170458
2024-06-20 15:15:00,1718876700,1555,1558.75,1553.95,1555,105586
2024-06-21 09:15:00,1718941500,1552,1571.95,1543,1571,277326
2024-06-21 10:15:00,1718945100,1570.85,1579.1,1562.15,1563.15,194157
2024-06-21 11:15:00,1718948700,1563.15,1565.75,1555,1557.65,188097
2024-06-21 12:15:00,1718952300,1558.2,1559.5,1551.3,1553,224756
2024-06-21 13:15:00,1718955900,1553,1557.85,1549.25,1556.45,375271
2024-06-21 14:15:00,1718959500,1556.6,1561,1552.8,1558.1,205858
2024-06-21 15:15:00,1718963100,1558.15,1566.15,1558.15,1565,198839
2024-06-24 09:15:00,1719200700,1565.95,1590,1562.9,1576.5,734534
2024-06-24 10:15:00,1719204300,1576.5,1582,1561.7,1580.4,692394
2024-06-24 11:15:00,1719207900,1580.1,1585,1575.35,1578.4,189760
2024-06-24 12:15:00,1719211500,1578.4,1580,1569.5,1570,201079
2024-06-24 13:15:00,1719215100,1570,1575,1564.6,1566,198733
2024-06-24 14:15:00,1719218700,1565.95,1573.95,1564,1566.6,847365
2024-06-24 15:15:00,1719222300,1566.75,1569.75,1563.95,1567.9,470215
2024-06-25 09:15:00,1719287100,1567.85,1573.9,1560.05,1571.4,97370
2024-06-25 10:15:00,1719290700,1571.4,1575.1,1566.7,1567.65,89665
2024-06-25 11:15:00,1719294300,1567.05,1571.65,1559.05,1560.6,64313
2024-06-25 12:15:00,1719297900,1560.6,1563.05,1554.65,1557,60457
2024-06-25 13:15:00,1719301500,1557,1561.35,1555.15,1559.1,55537
2024-06-25 14:15:00,1719305100,1559.1,1560.75,1556.2,1560.2,78681
2024-06-25 15:15:00,1719308700,1560.15,1560.7,1555,1558.2,47062
2024-06-26 09:15:00,1719373500,1558.85,1564.9,1545,1555.6,168802
2024-06-26 10:15:00,1719377100,1555.6,1575.4,1555.05,1571.95,197292
2024-06-26 11:15:00,1719380700,1572,1584.55,1571.7,1582.5,224395
2024-06-26 12:15:00,1719384300,1582.95,1589.9,1578,1581.35,225875
2024-06-26 13:15:00,1719387900,1581.3,1585,1579,1583.65,47464
2024-06-26 14:15:00,1719391500,1583.6,1588.4,1578.35,1587.4,238093
2024-06-26 15:15:00,1719395100,1587.3,1589,1586.05,1587.5,77139
2024-06-27 09:15:00,1719459900,1584.05,1601.65,1583.65,1593.15,215462
2024-06-27 10:15:00,1719463500,1593.15,1599.8,1575.35,1592.1,256878
2024-06-27 11:15:00,1719467100,1592.1,1592.1,1581.75,1585.15,172897
2024-06-27 12:15:00,1719470700,1584.35,1588.4,1580,1582.3,195807
2024-06-27 13:15:00,1719474300,1582.3,1583.65,1574.05,1581,254294
2024-06-27 14:15:00,1719477900,1581,1586.5,1571,1582.1,1121425
2024-06-27 15:15:00,1719481500,1582.95,1591.15,1582.1,1588,585113
2024-06-28 09:15:00,1719546300,1583.4,1611,1580,1608.95,280840
2024-06-28 10:15:00,1719549900,1608.95,1619.5,1608.75,1615.15,183374
2024-06-28 11:15:00,1719553500,1615.15,1625.15,1614.35,1624.6,159878
2024-06-28 12:15:00,1719557100,1624.9,1626,1616.5,1620.8,108141
2024-06-28 13:15:00,1719560700,1620.5,1635,1620.3,1633.45,236953
2024-06-28 14:15:00,1719564300,1633.15,1634,1617.7,1619,292473
2024-06-28 15:15:00,1719567900,1619,1626.55,1617.8,1626,152258
2024-07-01 09:15:00,1719805500,1615.05,1623.45,1603.05,1604.15,306101
2024-07-01 10:15:00,1719809100,1603.1,1606.6,1598.25,1605.7,122807
2024-07-01 11:15:00,1719812700,1606.5,1610.45,1605,1609.5,88926
2024-07-01 12:15:00,1719816300,1609.5,1612,1606.95,1610,81933
2024-07-01 13:15:00,1719819900,1610,1612,1609.1,1610,53042
2024-07-01 14:15:00,1719823500,1610,1615.75,1609.5,1615,127377
2024-07-01 15:15:00,1719827100,1615.2,1620,1615,1616,86416
2024-07-02 09:15:00,1719891900,1623.9,1633.95,1615.5,1626.6,185921
2024-07-02 10:15:00,1719895500,1626.75,1633.2,1622.5,1625.75,101676
2024-07-02 11:15:00,1719899100,1626.25,1633,1622.1,1624.5,88401
2024-07-02 12:15:00,1719902700,1624.05,1627.75,1615,1617.1,133786
2024-07-02 13:15:00,1719906300,1617.95,1626.9,1616.5,1625.5,61643
2024-07-02 14:15:00,1719909900,1625.3,1635,1624.5,1632.35,160685
2024-07-02 15:15:00,1719913500,1632.05,1637.8,1630.85,1635,117023
2024-07-03 09:15:00,1719978300,1640,1655,1629.5,1650,328202
2024-07-03 10:15:00,1719981900,1650,1650.35,1638,1638,139555
2024-07-03 11:15:00,1719985500,1638.45,1645.7,1638,1645.55,106766
2024-07-03 12:15:00,1719989100,1645.55,1646.5,1639.55,1639.85,79599
2024-07-03 13:15:00,1719992700,1639.85,1643.5,1636.7,1641.45,75349
2024-07-03 14:15:00,1719996300,1641.45,1641.75,1626,1629.7,315783
2024-07-03 15:15:00,1719999900,1630.15,1636.45,1628.55,1636.45,191264
2024-07-04 09:15:00,1720064700,1651.15,1712.95,1651.15,1698.9,1252335
2024-07-04 10:15:00,1720068300,1699.1,1726.65,1696,1704.55,1404898
2024-07-04 11:15:00,1720071900,1704.8,1717,1696.25,1704.1,663641
2024-07-04 12:15:00,1720075500,1704.1,1745.6,1703.3,1743,1187733
2024-07-04 13:15:00,1720079100,1743,1757,1738.6,1755.1,1288539
2024-07-04 14:15:00,1720082700,1755.95,1762.05,1745.55,1761.15,915440
2024-07-04 15:15:00,1720086300,1761.4,1767,1759.05,1764.05,373182
2024-07-05 09:15:00,1720151100,1764.05,1785,1755.9,1773.3,839601
2024-07-05 10:15:00,1720154700,1773,1776.4,1765,1768.3,142770
2024-07-05 11:15:00,1720158300,1768.05,1780.5,1766.75,1770.4,177402
2024-07-05 12:15:00,1720161900,1770.4,1770.95,1762.6,1766.2,147156
2024-07-05 13:15:00,1720165500,1766.55,1767,1761.5,1765,83973
2024-07-05 14:15:00,1720169100,1765,1772,1760.35,1769.85,193392
2024-07-05 15:15:00,1720172700,1769.85,1773.9,1763.45,1765.5,122910
2024-07-08 09:15:00,1720410300,1770.2,1785.25,1761.1,1774.05,235724
2024-07-08 10:15:00,1720413900,1773.95,1778.85,1761.4,1767,162696
2024-07-08 11:15:00,1720417500,1767.7,1775,1760.25,1770.3,269972
2024-07-08 12:15:00,1720421100,1771.4,1779.5,1768.45,1776.4,116517
2024-07-08 13:15:00,1720424700,1776.5,1779,1772.6,1774.85,99531
2024-07-08 14:15:00,1720428300,1774.85,1782.6,1770.25,1780.55,443038
2024-07-08 15:15:00,1720431900,1780.45,1782,1777.4,1781.5,129860
2024-07-09 09:15:00,1720496700,1782,1787,1771.05,1779.35,138498
2024-07-09 10:15:00,1720500300,1778.1,1780,1767.3,1774.5,47078
2024-07-09 11:15:00,1720503900,1774.5,1778.65,1771.8,1775,88772
2024-07-09 12:15:00,1720507500,1775,1801,1773.5,1794.75,247705
2024-07-09 13:15:00,1720511100,1795,1805.9,1792.65,1805.65,134649
2024-07-09 14:15:00,1720514700,1805.3,1814.5,1798.65,1814.35,276064
2024-07-09 15:15:00,1720518300,1814.5,1821.5,1811.45,1820.95,273534
2024-07-10 09:15:00,1720583100,1834.5,1834.5,1808.9,1812.25,353440
2024-07-10 10:15:00,1720586700,1811.95,1814.55,1790.7,1800.15,286669
2024-07-10 11:15:00,1720590300,1801,1811.4,1798,1807.2,106673
2024-07-10 12:15:00,1720593900,1807.2,1817.35,1806.1,1814.85,210132
2024-07-10 13:15:00,1720597500,1815,1815,1808.5,1810,135970
2024-07-10 14:15:00,1720601100,1810,1833.85,1810,1824.5,313562
2024-07-10 15:15:00,1720604700,1824.5,1825,1819.1,1824.2,67225
2024-07-11 09:15:00,1720669500,1825,1828.95,1809,1812,129439
2024-07-11 10:15:00,1720673100,1812,1815.45,1807.45,1813,108504
2024-07-11 11:15:00,1720676700,1813,1817,1810.75,1812.35,75027
2024-07-11 12:15:00,1720680300,1812.35,1820,1811.75,1819.25,45632
2024-07-11 13:15:00,1720683900,1819.25,1820,1814.6,1816.95,72122
2024-07-11 14:15:00,1720687500,1816.9,1822.25,1815.3,1817.9,296982
2024-07-11 15:15:00,1720691100,1817.95,1820,1816.05,1819,108343
2024-07-12 09:15:00,1720755900,1817.35,1825,1802.8,1812.3,79285
2024-07-12 10:15:00,1720759500,1812.45,1819.75,1812.3,1814.5,45649
2024-07-12 11:15:00,1720763100,1814.55,1815.5,1806.25,1807.7,161285
2024-07-12 12:15:00,1720766700,1807.7,1808.6,1794.5,1800.7,89147
2024-07-12 13:15:00,1720770300,1800.7,1802.45,1798.6,1799.05,40781
2024-07-12 14:15:00,1720773900,1799.05,1800,1794.55,1795.25,64729
2024-07-12 15:15:00,1720777500,1795.4,1800,1794.9,1796.65,46125
2024-07-15 09:15:00,1721015100,1819.95,1825,1805,1809.8,173809
2024-07-15 10:15:00,1721018700,1810.1,1816.5,1801.25,1815.55,186137
2024-07-15 11:15:00,1721022300,1815.5,1823.85,1815,1820,98286
2024-07-15 12:15:00,1721025900,1819.85,1830.95,1818.55,1818.55,214002
2024-07-15 13:15:00,1721029500,1819.85,1832.9,1816.75,1831.85,197291
2024-07-15 14:15:00,1721033100,1831.85,1839.05,1828.55,1830.7,249014
2024-07-15 15:15:00,1721036700,1830.6,1834,1828,1828.05,123472
2024-07-16 09:15:00,1721101500,1836.5,1836.95,1820.25,1831.5,196368
2024-07-16 10:15:00,1721105100,1831.4,1835,1825,1833.6,54442
2024-07-16 11:15:00,1721108700,1833.2,1835,1829.7,1834.15,68720
2024-07-16 12:15:00,1721112300,1834.05,1843.95,1830.9,1840,112865
2024-07-16 13:15:00,1721115900,1840,1842.9,1835.05,1841.35,103231
2024-07-16 14:15:00,1721119500,1840.95,1848,1838.25,1844.75,206494
2024-07-16 15:15:00,1721123100,1844.65,1847,1838,1838,126214
2024-07-18 09:15:00,1721274300,1825,1840,1825,1837.05,86293
2024-07-18 10:15:00,1721277900,1837.05,1841.5,1831.25,1834.15,57593
2024-07-18 11:15:00,1721281500,1834.2,1837,1824,1829.1,48513
2024-07-18 12:15:00,1721285100,1829.1,1829.5,1815,1822.3,59592
2024-07-18 13:15:00,1721288700,1822.55,1826.45,1819.15,1825.8,141928
2024-07-18 14:15:00,1721292300,1825.8,1826,1812.25,1816.6,161969
2024-07-18 15:15:00,1721295900,1816.75,1819.95,1813.15,1813.15,78021
2024-07-19 09:15:00,1721360700,1818.1,1823.8,1797.55,1797.95,66291
2024-07-19 10:15:00,1721364300,1798.25,1799.9,1776.6,1785,65417
2024-07-19 11:15:00,1721367900,1785.55,1797.4,1780.2,1797,50899
2024-07-19 12:15:00,1721371500,1797,1800,1790,1799.95,63180
2024-07-19 13:15:00,1721375100,1799.95,1800,1789.45,1790.3,39967
2024-07-19 14:15:00,1721378700,1790.7,1795,1783.1,1786.8,110234
2024-07-19 15:15:00,1721382300,1786.6,1788.5,1782,1787.95,100206
2024-07-22 09:15:00,1721619900,1785.5,1817.2,1766.05,1817,188901
2024-07-22 10:15:00,1721623500,1816.85,1837.75,1811.4,1836.9,202984
2024-07-22 11:15:00,1721627100,1836.8,1844.45,1832.1,1836,224362
2024-07-22 12:15:00,1721630700,1836,1843.5,1824.35,1824.7,257134
2024-07-22 13:15:00,1721634300,1825.7,1830,1816.35,1818.35,156114
2024-07-22 14:15:00,1721637900,1817.95,1825.85,1799.85,1800.95,335268
2024-07-22 15:15:00,1721641500,1800.95,1806,1797.75,1806,136914
2024-07-23 09:15:00,1721706300,1817,1823.9,1803.3,1807.2,96139
2024-07-23 10:15:00,1721709900,1807.2,1809,1801.1,1806,39128
2024-07-23 11:15:00,1721713500,1806,1811.65,1792,1801.45,120701
2024-07-23 12:15:00,1721717100,1801.3,1808,1774.05,1800,248944
2024-07-23 13:15:00,1721720700,1800,1806,1794.45,1802.35,138591
2024-07-23 14:15:00,1721724300,1802.05,1804,1796.05,1799.2,208483
2024-07-23 15:15:00,1721727900,1799.2,1804.9,1798.85,1804.9,140637
2024-07-24 09:15:00,1721792700,1796,1823.25,1792,1821.4,216295
2024-07-24 10:15:00,1721796300,1821.35,1824.85,1811.55,1812.3,118370
2024-07-24 11:15:00,1721799900,1812.25,1820,1810.5,1816.9,121108
2024-07-24 12:15:00,1721803500,1816.95,1819.5,1808.35,1814.1,126376
2024-07-24 13:15:00,1721807100,1813.85,1822,1809.25,1814.7,215038
2024-07-24 14:15:00,1721810700,1814.75,1823.9,1811.05,1817,387538
2024-07-24 15:15:00,1721814300,1817.15,1821,1815,1821,79016
2024-07-25 09:15:00,1721879100,1810,1823,1800,1804.5,51292
2024-07-25 10:15:00,1721882700,1805.5,1821.95,1800.75,1820.5,63893
2024-07-25 11:15:00,1721886300,1821.15,1822,1810.55,1812.55,49536
2024-07-25 12:15:00,1721889900,1812.55,1815.9,1806.9,1808.15,97928
2024-07-25 13:15:00,1721893500,1807.55,1809.8,1802.9,1804,148575
2024-07-25 14:15:00,1721897100,1803.8,1806.4,1798.7,1800.9,340271
2024-07-25 15:15:00,1721900700,1800.6,1807,1794.05,1798,149393
2024-07-26 09:15:00,1721965500,1799.9,1842,1797.65,1836.8,173671
2024-07-26 10:15:00,1721969100,1836.8,1849.9,1836.8,1840.75,96444
2024-07-26 11:15:00,1721972700,1840.75,1844.5,1838,1839.15,76606
2024-07-26 12:15:00,1721976300,1839.15,1840,1834.4,1837.75,90926
2024-07-26 13:15:00,1721979900,1837.75,1844,1836.45,1839.35,72218
2024-07-26 14:15:00,1721983500,1839.35,1847.3,1838.4,1840,360425
2024-07-26 15:15:00,1721987100,1840,1846.9,1836.95,1846,170241
2024-07-29 09:15:00,1722224700,1852.2,1871.7,1841,1856.9,236249
2024-07-29 10:15:00,1722228300,1857.05,1870,1853.7,1864.9,224333
2024-07-29 11:15:00,1722231900,1864.9,1874.9,1861,1869.35,169422
2024-07-29 12:15:00,1722235500,1869.35,1879.45,1866.65,1867.85,240914
2024-07-29 13:15:00,1722239100,1867.85,1870,1855.1,1860.95,108987
2024-07-29 14:15:00,1722242700,1860.6,1866.9,1854.6,1864.45,195499
2024-07-29 15:15:00,1722246300,1865,1865.45,1856.5,1857,154898
2024-07-30 09:15:00,1722311100,1861,1876.55,1857.25,1875,238222
2024-07-30 10:15:00,1722314700,1875,1882,1872.45,1878.65,99919
2024-07-30 11:15:00,1722318300,1878.65,1880.15,1871.25,1874,188352
2024-07-30 12:15:00,1722321900,1874,1881.2,1869.1,1872.45,144795
2024-07-30 13:15:00,1722325500,1871.65,1875.5,1870,1874,76596
2024-07-30 14:15:00,1722329100,1873.95,1875.55,1863.6,1864,173570
2024-07-30 15:15:00,1722332700,1863.95,1864,1855.1,1858.75,107933
2024-07-31 09:15:00,1722397500,1862.5,1902.4,1862.5,1895.15,488003
2024-07-31 10:15:00,1722401100,1895.15,1925.65,1891.25,1922.25,408406
2024-07-31 11:15:00,1722404700,1922.2,1923.2,1910.6,1920,365457
2024-07-31 12:15:00,1722408300,1920,1922,1911.8,1912.2,171719
2024-07-31 13:15:00,1722411900,1912.95,1925.3,1909.85,1911.4,482813
2024-07-31 14:15:00,1722415500,1911.4,1915,1902.05,1913,420050
2024-07-31 15:15:00,1722419100,1913.05,1915.55,1906.2,1910,139291
2024-08-01 09:15:00,1722483900,1911,1947,1909.65,1943.55,283096
2024-08-01 10:15:00,1722487500,1944,1956.3,1939,1952,566180
2024-08-01 11:15:00,1722491100,1951.05,1953,1936.5,1936.85,272370
2024-08-01 12:15:00,1722494700,1937.55,1949.65,1936.05,1938.4,133024
2024-08-01 13:15:00,1722498300,1937.3,1950,1931.4,1943,222830
2024-08-01 14:15:00,1722501900,1943,1959.5,1928.5,1952,458332
2024-08-01 15:15:00,1722505500,1952,1958.25,1948.85,1957,144987
2024-08-02 09:15:00,1722570300,1949.5,1984,1935,1966.7,839256
2024-08-02 10:15:00,1722573900,1966.7,1970.65,1960,1965.2,158809
2024-08-02 11:15:00,1722577500,1966.05,1966.6,1957.1,1960.95,164667
2024-08-02 12:15:00,1722581100,1960.95,1969.55,1957.4,1963.2,229235
2024-08-02 13:15:00,1722584700,1963,1980.9,1961.8,1973.75,277155
2024-08-02 14:15:00,1722588300,1974.85,1975.9,1956.75,1959.45,259437
2024-08-02 15:15:00,1722591900,1959.85,1964.45,1955.05,1958.35,90308
2024-08-05 09:15:00,1722829500,1900.05,1960,1900.05,1944.5,378351
2024-08-05 10:15:00,1722833100,1944.5,1950.65,1934,1942.45,158478
2024-08-05 11:15:00,1722836700,1942.3,1942.6,1922.8,1928.6,143187
2024-08-05 12:15:00,1722840300,1928.6,1937.95,1924,1931.05,83290
2024-08-05 13:15:00,1722843900,1931.1,1949.85,1930.85,1943.35,142857
2024-08-05 14:15:00,1722847500,1943.3,1953.5,1928.15,1948.7,325229
2024-08-05 15:15:00,1722851100,1948.65,1953,1945.25,1946.75,111054
2024-08-06 09:15:00,1722915900,1970,1974,1924.2,1933.3,389862
2024-08-06 10:15:00,1722919500,1933.3,1943,1925.1,1934.65,227505
2024-08-06 11:15:00,1722923100,1934.5,1957.5,1934.15,1956.1,138363
2024-08-06 12:15:00,1722926700,1956.05,1956.7,1932.25,1937.25,222517
2024-08-06 13:15:00,1722930300,1937.25,1939.35,1915,1918.25,158928
2024-08-06 14:15:00,1722933900,1918.25,1931.45,1905.9,1909.85,358922
2024-08-06 15:15:00,1722937500,1909.15,1912.2,1901.5,1910.3,115342
2024-08-07 09:15:00,1723002300,2020,2029.95,1951.05,1982,2832102
2024-08-07 10:15:00,1723005900,1981.75,2014.8,1980,2006.3,1081670
2024-08-07 11:15:00,1723009500,2006,2007.95,1990.55,2000.5,395653
2024-08-07 12:15:00,1723013100,2000.5,2004,1985.75,1995.3,243966
2024-08-07 13:15:00,1723016700,1995.25,1999.45,1983.5,1985.65,224479
2024-08-07 14:15:00,1723020300,1985.65,1998.45,1977.2,1994.95,629943
2024-08-07 15:15:00,1723023900,1995,1997.1,1990.05,1994.55,388017
2024-08-08 09:15:00,1723088700,2019.95,2044.75,2003.1,2036.8,1490484
2024-08-08 10:15:00,1723092300,2037.55,2045.1,2028.8,2036,424316
2024-08-08 11:15:00,1723095900,2036.4,2057.2,2033.75,2048.15,437486
2024-08-08 12:15:00,1723099500,2048.7,2055,2048.2,2053.45,347196
2024-08-08 13:15:00,1723103100,2054,2060,2049.5,2058.8,514686
2024-08-08 14:15:00,1723106700,2059,2066.9,2048.3,2050.95,700198
2024-08-08 15:15:00,1723110300,2050.7,2059.15,2043.9,2059.15,258887
2024-08-09 09:15:00,1723175100,2051.1,2110.7,2051.1,2090,1128439
2024-08-09 10:15:00,1723178700,2089.95,2119.3,2086.95,2112.7,462207
2024-08-09 11:15:00,1723182300,2112.7,2119,2108.5,2111.15,604834
2024-08-09 12:15:00,1723185900,2111.15,2113.9,2106.2,2112,215096
2024-08-09 13:15:00,1723189500,2112.7,2120,2109.1,2118.75,294027
2024-08-09 14:15:00,1723193100,2118.9,2125,2109,2114.7,450889
2024-08-09 15:15:00,1723196700,2115,2115.6,2109.95,2115,170141
2024-08-12 09:15:00,1723434300,2106,2128.95,2092.9,2092.9,477400
2024-08-12 10:15:00,1723437900,2092.9,2098.95,2088.05,2094.5,318513
2024-08-12 11:15:00,1723441500,2094.5,2103.35,2090.1,2094.55,252450
2024-08-12 12:15:00,1723445100,2094.05,2106.45,2090.9,2103.6,266524
2024-08-12 13:15:00,1723448700,2102.95,2108.85,2101.65,2104.35,331078
2024-08-12 14:15:00,1723452300,2103.7,2105.5,2095.45,2097.25,413964
2024-08-12 15:15:00,1723455900,2097,2100,2093.3,2096,242622
2024-08-13 09:15:00,1723520700,2108.1,2131.55,2092.85,2116.1,505774
2024-08-13 10:15:00,1723524300,2116.3,2116.5,2105.7,2113.4,150494
2024-08-13 11:15:00,1723527900,2113.4,2114,2101.8,2103.8,114637
2024-08-13 12:15:00,1723531500,2104.1,2106.15,2095.25,2100,105749
2024-08-13 13:15:00,1723535100,2099.95,2100.1,2087.55,2095.1,127498
2024-08-13 14:15:00,1723538700,2095,2104.95,2094.95,2098.2,367583
2024-08-13 15:15:00,1723542300,2098.2,2099.95,2092.3,2099.95,179653
2024-08-14 09:15:00,1723607100,2097.85,2100.2,2075.65,2094.65,176564
2024-08-14 10:15:00,1723610700,2094.65,2098.9,2076.25,2080.6,63351
2024-08-14 11:15:00,1723614300,2080.6,2083.55,2071.9,2076.35,81315
2024-08-14 12:15:00,1723617900,2077.35,2083.25,2074,2080.9,267082
2024-08-14 13:15:00,1723621500,2080.85,2081,2074.6,2077.05,199781
2024-08-14 14:15:00,1723625100,2077.05,2078.55,2068.35,2072.95,180870
2024-08-14 15:15:00,1723628700,2073,2075.95,2070.7,2073.4,71887
2024-08-16 09:15:00,1723779900,2092.25,2112.5,2080.15,2093.5,213960
2024-08-16 10:15:00,1723783500,2093.8,2107.9,2090.3,2097.45,125952
2024-08-16 11:15:00,1723787100,2098.65,2100.45,2087.45,2094,327518
2024-08-16 12:15:00,1723790700,2094,2101.85,2088.9,2095.7,137468
2024-08-16 13:15:00,1723794300,2095.7,2096.45,2091.2,2093.6,44638
2024-08-16 14:15:00,1723797900,2093.6,2094.9,2079,2080,356953
2024-08-16 15:15:00,1723801500,2079.65,2094.55,2079.55,2089,140286
2024-08-19 09:15:00,1724039100,2095,2097.5,2066.8,2070.45,186278
2024-08-19 10:15:00,1724042700,2070.05,2079.85,2066.05,2077,92868
2024-08-19 11:15:00,1724046300,2076.8,2107.55,2072,2082.75,219334
2024-08-19 12:15:00,1724049900,2083,2084.95,2062.3,2068.7,208996
2024-08-19 13:15:00,1724053500,2068.45,2073.3,2059.6,2066.35,142597
2024-08-19 14:15:00,1724057100,2066.45,2076.6,2063,2071.1,380198
2024-08-19 15:15:00,1724060700,2071.05,2076.85,2068.5,2073.35,139664
2024-08-20 09:15:00,1724125500,2083.6,2093.95,2069.2,2087.6,287836
2024-08-20 10:15:00,1724129100,2087.2,2095,2085.55,2089.3,126647
2024-08-20 11:15:00,1724132700,2089.3,2097,2086.1,2094.5,95962
2024-08-20 12:15:00,1724136300,2094.4,2102.85,2094.3,2095,97603
2024-08-20 13:15:00,1724139900,2095.15,2102.45,2094.5,2098.65,146905
2024-08-20 14:15:00,1724143500,2098.65,2100,2094.5,2095,269765
2024-08-20 15:15:00,1724147100,2095,2096,2088.15,2091.1,129574
2024-08-21 09:15:00,1724211900,2096,2102.1,2081.55,2095.1,91096
2024-08-21 10:15:00,1724215500,2095.1,2112,2093.95,2104.55,77253
2024-08-21 11:15:00,1724219100,2103.55,2111,2103.55,2108.95,63400
2024-08-21 12:15:00,1724222700,2108.95,2118.5,2107.15,2114.95,77522
2024-08-21 13:15:00,1724226300,2114.95,2121.95,2107.4,2117.65,84332
2024-08-21 14:15:00,1724229900,2117,2120,2114.05,2115.9,190877
2024-08-21 15:15:00,1724233500,2116.25,2120,2114.75,2118.9,103040
2024-08-22 09:15:00,1724298300,2125,2125,2096.25,2103.3,143759
2024-08-22 10:15:00,1724301900,2103.05,2129.25,2101.7,2124.45,163220
2024-08-22 11:15:00,1724305500,2124.45,2126,2111.85,2116.75,96751
2024-08-22 12:15:00,1724309100,2116.75,2118.85,2108.7,2109.9,87183
2024-08-22 13:15:00,1724312700,2110.25,2113.5,2107.15,2109.4,50998
2024-08-22 14:15:00,1724316300,2109.4,2116.45,2105.25,2110,192084
2024-08-22 15:15:00,1724319900,2110,2110,2104,2105,108204
2024-08-23 09:15:00,1724384700,2113.9,2118.35,2087.15,2092.35,157367
2024-08-23 10:15:00,1724388300,2093.7,2105.55,2090,2096.2,69418
2024-08-23 11:15:00,1724391900,2096.55,2103.95,2093,2100,54012
2024-08-23 12:15:00,1724395500,2100,2106.4,2092.65,2105.6,96917
2024-08-23 13:15:00,1724399100,2105.6,2106.3,2097.05,2099.2,122216
2024-08-23 14:15:00,1724402700,2099.3,2101.95,2091.2,2097.2,285026
2024-08-23 15:15:00,1724406300,2097.2,2099.2,2092.1,2092.1,122558
2024-08-26 09:15:00,1724643900,2100,2120,2092.1,2119.05,141307
2024-08-26 10:15:00,1724647500,2118.95,2120,2102.8,2104.15,117783
2024-08-26 11:15:00,1724651100,2104.15,2105.9,2098.85,2102.3,33437
2024-08-26 12:15:00,1724654700,2102.3,2104.25,2093.6,2094.8,29437
2024-08-26 13:15:00,1724658300,2094.65,2108.4,2094.4,2102.1,338863
2024-08-26 14:15:00,1724661900,2102.1,2119.45,2099,2117.6,330389
2024-08-26 15:15:00,1724665500,2117.65,2128,2116.5,2123.95,174627
2024-08-27 09:15:00,1724730300,2121.15,2157.2,2121.15,2148.15,718821
2024-08-27 10:15:00,1724733900,2147.3,2154.75,2140.4,2147.05,223283
2024-08-27 11:15:00,1724737500,2147.1,2153,2145.1,2151.9,176043
2024-08-27 12:15:00,1724741100,2151.75,2166,2151.1,2155,337949
2024-08-27 13:15:00,1724744700,2155,2168,2154.45,2159,230399
2024-08-27 14:15:00,1724748300,2159,2174.85,2157,2173.3,394673
2024-08-27 15:15:00,1724751900,2173.25,2179,2170,2175,174502
2024-08-28 09:15:00,1724816700,2195.5,2197.45,2166.4,2170.7,350874
2024-08-28 10:15:00,1724820300,2170.75,2178,2167.55,2177.35,84042
2024-08-28 11:15:00,1724823900,2178,2195,2177.3,2195,115765
2024-08-28 12:15:00,1724827500,2195,2221.85,2194,2220.55,313275
2024-08-28 13:15:00,1724831100,2220.5,2228.15,2211.65,2214,320046
2024-08-28 14:15:00,1724834700,2213.35,2215.35,2198.55,2200.45,268206
2024-08-28 15:15:00,1724838300,2200.4,2202.15,2199.1,2201,177827
2024-08-29 09:15:00,1724903100,2200.75,2222.75,2197,2203.3,336697
2024-08-29 10:15:00,1724906700,2204.4,2214.9,2201.3,2205.6,103120
2024-08-29 11:15:00,1724910300,2205.95,2206.4,2200.6,2205.2,66185
2024-08-29 12:15:00,1724913900,2205.95,2208.65,2182.05,2188.45,159505
2024-08-29 13:15:00,1724917500,2188.45,2193.45,2178.75,2185.9,82219
2024-08-29 14:15:00,1724921100,2185.9,2200.3,2177.6,2192.45,155532
2024-08-29 15:15:00,1724924700,2192.45,2199,2191.5,2199,64271
2024-08-30 09:15:00,1724989500,2234,2256.7,2216.85,2231,666642
2024-08-30 10:15:00,1724993100,2230.5,2253.95,2230.5,2236.85,207301
2024-08-30 11:15:00,1724996700,2236.5,2250,2236,2242.25,252912
2024-08-30 12:15:00,1725000300,2242.5,2244,2228.5,2231.4,98823
2024-08-30 13:15:00,1725003900,2231.4,2244.45,2228,2243,41910
2024-08-30 14:15:00,1725007500,2243,2243.9,2233.65,2241.35,398856
2024-08-30 15:15:00,1725011100,2241.8,2250,2238.95,2250,319600
2024-09-02 09:15:00,1725248700,2257,2265.8,2237.4,2253,195912
2024-09-02 10:15:00,1725252300,2253,2254.8,2242.55,2244.6,65763
2024-09-02 11:15:00,1725255900,2243.9,2252,2235,2242.85,242600
2024-09-02 12:15:00,1725259500,2242.85,2245,2231,2238.9,151421
2024-09-02 13:15:00,1725263100,2237.6,2247.55,2233,2234.65,165483
2024-09-02 14:15:00,1725266700,2234.65,2238.7,2229.75,2231.65,281429
2024-09-02 15:15:00,1725270300,2231.65,2234.75,2229.7,2234.7,103374
2024-09-03 09:15:00,1725335100,2235,2272,2235,2259.05,403375
2024-09-03 10:15:00,1725338700,2259.05,2264,2251.1,2260.5,105070
2024-09-03 11:15:00,1725342300,2261.75,2269,2255.5,2260,144485
2024-09-03 12:15:00,1725345900,2260,2260.45,2248.3,2251.65,101825
2024-09-03 13:15:00,1725349500,2251.7,2254.95,2248.95,2249.35,205427
2024-09-03 14:15:00,1725353100,2250.25,2250.5,2238.5,2240,265372
2024-09-03 15:15:00,1725356700,2239.85,2242,2237.9,2240,109879
2024-09-04 09:15:00,1725421500,2225,2250,2206.6,2239.9,184450
2024-09-04 10:15:00,1725425100,2239.9,2263.75,2233.05,2257.2,373900
2024-09-04 11:15:00,1725428700,2257.2,2260,2251,2260,120456
2024-09-04 12:15:00,1725432300,2260,2263,2256.2,2259.95,100556
2024-09-04 13:15:00,1725435900,2260,2260,2253.2,2255,111130
2024-09-04 14:15:00,1725439500,2255,2284.15,2253.15,2275,709561
2024-09-04 15:15:00,1725443100,2274.95,2284,2273.4,2278,206757
2024-09-05 09:15:00,1725507900,2285,2301.5,2268,2301,433104
2024-09-05 10:15:00,1725511500,2300.65,2305.95,2295.15,2296.8,263769
2024-09-05 11:15:00,1725515100,2296.6,2312,2292.45,2307.1,239072
2024-09-05 12:15:00,1725518700,2307.1,2311.05,2300.3,2302.9,169714
2024-09-05 13:15:00,1725522300,2302.9,2308,2295.9,2299.8,170606
2024-09-05 14:15:00,1725525900,2299.8,2300,2291.15,2293.95,316189
2024-09-05 15:15:00,1725529500,2294,2295,2277,2279.5,232220
2024-09-06 09:15:00,1725594300,2281.1,2286.9,2257.15,2270.9,136733
2024-09-06 10:15:00,1725597900,2271.45,2280.7,2262.4,2275.2,78152
2024-09-06 11:15:00,1725601500,2275.2,2298,2274.65,2284.45,319999
2024-09-06 12:15:00,1725605100,2284.3,2286.9,2270.1,2278.45,71550
2024-09-06 13:15:00,1725608700,2278.85,2278.85,2261.55,2264.95,86544
2024-09-06 14:15:00,1725612300,2265,2266.4,2247.3,2255.35,162568
2024-09-06 15:15:00,1725615900,2255.65,2262,2254,2255,61943
2024-09-09 09:15:00,1725853500,2221.95,2231.45,2185.55,2223.65,490041
2024-09-09 10:15:00,1725857100,2223.65,2239.7,2222.2,2234.9,128060
2024-09-09 11:15:00,1725860700,2234.9,2237,2219.35,2227.45,240724
2024-09-09 12:15:00,1725864300,2227.5,2235,2222.95,2229.8,88772
2024-09-09 13:15:00,1725867900,2229.85,2230.9,2217.65,2217.8,145363
2024-09-09 14:15:00,1725871500,2218.1,2220.95,2209.1,2219.1,265469
2024-09-09 15:15:00,1725875100,2219.1,2226.35,2217.6,2224.8,98249
2024-09-10 09:15:00,1725939900,2227,2251.35,2226.5,2231.45,171377
2024-09-10 10:15:00,1725943500,2231.55,2231.55,2217.8,2223.25,110087
2024-09-10 11:15:00,1725947100,2223.25,2226,2219,2225.9,49001
2024-09-10 12:15:00,1725950700,2226,2228.95,2213,2221.25,81041
2024-09-10 13:15:00,1725954300,2222,2231.7,2219.05,2225.05,103344
2024-09-10 14:15:00,1725957900,2225.05,2225.6,2216.1,2224.55,132150
2024-09-10 15:15:00,1725961500,2225,2225,2220.2,2224,62613
2024-09-11 09:15:00,1726026300,2229,2249.4,2210,2247.95,142103
2024-09-11 10:15:00,1726029900,2248,2256.5,2243.2,2247.3,158489
2024-09-11 11:15:00,1726033500,2247.3,2252.15,2244.6,2249,187158
2024-09-11 12:15:00,1726037100,2249,2257.95,2240.55,2242.5,248862
2024-09-11 13:15:00,1726040700,2243.05,2243.05,2216.3,2217.8,150298
2024-09-11 14:15:00,1726044300,2218,2219.4,2200.5,2211.85,178583
2024-09-11 15:15:00,1726047900,2211.85,2215.9,2206.55,2209,137218
2024-09-12 09:15:00,1726112700,2225.1,2247.95,2217.85,2235.85,1141801
2024-09-12 10:15:00,1726116300,2236,2251,2236,2247.25,133858
2024-09-12 11:15:00,1726119900,2247.25,2260,2242.15,2253.7,228905
2024-09-12 12:15:00,1726123500,2253.7,2255,2246.4,2247.9,142802
2024-09-12 13:15:00,1726127100,2247.95,2252.35,2242.75,2247.6,129365
2024-09-12 14:15:00,1726130700,2247.6,2255.8,2244.7,2246.75,207395
2024-09-12 15:15:00,1726134300,2246.75,2253,2242.9,2247.6,123421
2024-09-13 09:15:00,1726199100,2264.95,2278.8,2255.3,2259.95,164791
2024-09-13 10:15:00,1726202700,2259.95,2273.6,2259.3,2259.35,74620
2024-09-13 11:15:00,1726206300,2260,2261.8,2251.6,2253,51090
2024-09-13 12:15:00,1726209900,2253.95,2263.2,2252.55,2263.2,42224
2024-09-13 13:15:00,1726213500,2263.2,2267.1,2261.9,2265,35971
2024-09-13 14:15:00,1726217100,2264.45,2270,2256,2257.95,184649
2024-09-13 15:15:00,1726220700,2257.8,2260.95,2249.3,2250,149943
2024-09-16 09:15:00,1726458300,2269,2269,2237.45,2258.5,79462
2024-09-16 10:15:00,1726461900,2258.5,2266,2256.45,2263.5,48393
2024-09-16 11:15:00,1726465500,2262.1,2284.45,2255,2261.7,320723
2024-09-16 12:15:00,1726469100,2261,2267.2,2251.55,2262.85,216669
2024-09-16 13:15:00,1726472700,2262.85,2267.5,2256.35,2257.3,69818
2024-09-16 14:15:00,1726476300,2257.25,2257.3,2244.05,2253.6,251244
2024-09-16 15:15:00,1726479900,2254.05,2257.5,2250.75,2253,93243
2024-09-17 09:15:00,1726544700,2259.85,2279,2251.05,2270.4,118491
2024-09-17 10:15:00,1726548300,2270.55,2278.5,2264.55,2266.65,108227
2024-09-17 11:15:00,1726551900,2266.65,2274.9,2263.55,2273.5,35359
2024-09-17 12:15:00,1726555500,2273.5,2274.6,2267,2271.1,37301
2024-09-17 13:15:00,1726559100,2271.2,2286,2270,2277.85,299860
2024-09-17 14:15:00,1726562700,2277.85,2278.2,2268.1,2271.35,185834
2024-09-17 15:15:00,1726566300,2270.55,2277.4,2268.35,2272.75,162634
2024-09-18 09:15:00,1726631100,2274,2279,2240,2244.9,80449
2024-09-18 10:15:00,1726634700,2244.05,2258.95,2231.3,2254.6,60879
2024-09-18 11:15:00,1726638300,2254.6,2259.85,2245.25,2254.35,73953
2024-09-18 12:15:00,1726641900,2253.45,2254.9,2225.1,2229.05,71147
2024-09-18 13:15:00,1726645500,2229,2231.75,2215.2,2218.1,52082
2024-09-18 14:15:00,1726649100,2218.1,2228.95,2213,2221.25,100976
2024-09-18 15:15:00,1726652700,2221.25,2227.2,2219.15,2226.2,64004
2024-09-19 09:15:00,1726717500,2224,2224,2176.55,2179.9,254621
2024-09-19 10:15:00,1726721100,2180.15,2181.45,2167,2174.3,176987
2024-09-19 11:15:00,1726724700,2173.6,2180,2167.05,2175.9,112107
2024-09-19 12:15:00,1726728300,2175.9,2181.95,2152.65,2153.6,156542
2024-09-19 13:15:00,1726731900,2153.75,2168.55,2145.35,2149.3,126222
2024-09-19 14:15:00,1726735500,2149.15,2179.4,2149.15,2173.9,158491
2024-09-19 15:15:00,1726739100,2173.8,2177.55,2166.05,2172.25,114003
2024-09-20 09:15:00,1726803900,2160,2166.8,2139.25,2150.45,199174
2024-09-20 10:15:00,1726807500,2150,2152.4,2138.15,2143.5,115422
2024-09-20 11:15:00,1726811100,2143.45,2151.55,2143,2150.2,114610
2024-09-20 12:15:00,1726814700,2150.2,2158.8,2148.35,2152.65,122372
2024-09-20 13:15:00,1726818300,2151.95,2155.4,2139,2147.65,154054
2024-09-20 14:15:00,1726821900,2147.65,2152.05,2142.3,2150.1,385554
2024-09-20 15:15:00,1726825500,2149.95,2157.5,2148,2154,239426
2024-09-23 09:15:00,1727063100,2158,2173.95,2152.4,2164.55,143691
2024-09-23 10:15:00,1727066700,2164.55,2164.55,2141.55,2151.2,73338
2024-09-23 11:15:00,1727070300,2151,2157.8,2146.7,2152.5,77359
2024-09-23 12:15:00,1727073900,2152.5,2166.95,2152.5,2165.5,57878
2024-09-23 13:15:00,1727077500,2164.8,2173.4,2162.35,2173.4,65597
2024-09-23 14:15:00,1727081100,2173.45,2185.75,2170.6,2181.3,216993
2024-09-23 15:15:00,1727084700,2181.35,2183.95,2179.15,2183.95,57106
2024-09-24 09:15:00,1727149500,2190,2206.95,2179.45,2194.15,263445
2024-09-24 10:15:00,1727153100,2194.15,2209.45,2194.15,2201.7,157899
2024-09-24 11:15:00,1727156700,2200.8,2208,2199,2203.25,122774
2024-09-24 12:15:00,1727160300,2203.25,2206.45,2200,2202.15,54546
2024-09-24 13:15:00,1727163900,2201.75,2208,2200.4,2202.6,66235
2024-09-24 14:15:00,1727167500,2202.6,2222.4,2201.65,2217.45,323015
2024-09-24 15:15:00,1727171100,2217.8,2220,2206.9,2210.25,103799
2024-09-25 09:15:00,1727235900,2220,2229,2212,2223.45,589302
2024-09-25 10:15:00,1727239500,2224.55,2225.25,2193.45,2205.3,97809
2024-09-25 11:15:00,1727243100,2205.3,2213.25,2201.6,2205.95,108813
2024-09-25 12:15:00,1727246700,2205.9,2215.7,2203.6,2212.25,85548
2024-09-25 13:15:00,1727250300,2212.25,2222,2205,2220.2,142641
2024-09-25 14:15:00,1727253900,2220.4,2225.25,2214.1,2221.85,203680
2024-09-25 15:15:00,1727257500,2221.85,2223.8,2212.2,2221.5,70731
2024-09-26 09:15:00,1727322300,2233,2237.55,2216,2231.95,199046
2024-09-26 10:15:00,1727325900,2231.95,2234.9,2223,2226.8,273271
2024-09-26 11:15:00,1727329500,2226.8,2228.7,2207.15,2207.95,104652
2024-09-26 12:15:00,1727333100,2207,2208.1,2162.1,2163.5,200631
2024-09-26 13:15:00,1727336700,2162.1,2178,2161.15,2177.3,161353
2024-09-26 14:15:00,1727340300,2176.5,2193,2172.8,2186.75,185872
2024-09-26 15:15:00,1727343900,2186.75,2197.65,2183.35,2197.65,113269
2024-09-27 09:15:00,1727408700,2170,2203.25,2163.75,2186,474068
2024-09-27 10:15:00,1727412300,2185.7,2190,2183.7,2186,113139
2024-09-27 11:15:00,1727415900,2186.95,2196.25,2184.1,2188.55,138039
2024-09-27 12:15:00,1727419500,2188.8,2195,2188.45,2192.75,100495
2024-09-27 13:15:00,1727423100,2193,2223.8,2190.55,2216.3,212625
2024-09-27 14:15:00,1727426700,2215.5,2221,2212.9,2218.55,251032
2024-09-27 15:15:00,1727430300,2218.55,2227,2214.85,2222.2,186895
2024-09-30 09:15:00,1727667900,2183,2219.8,2183,2201.6,386274
2024-09-30 10:15:00,1727671500,2201.55,2201.55,2179.5,2190.45,223566
2024-09-30 11:15:00,1727675100,2190.45,2203.25,2186.05,2200.65,106082
2024-09-30 12:15:00,1727678700,2200.6,2204.2,2193.55,2195.4,102421
2024-09-30 13:15:00,1727682300,2195.4,2204,2194.7,2196.05,91528
2024-09-30 14:15:00,1727685900,2195.4,2201.65,2188.55,2190.05,383269
2024-09-30 15:15:00,1727689500,2190.7,2199.9,2187.5,2193.9,301338
2024-10-01 09:15:00,1727754300,2192,2219,2189.5,2201.6,101705
2024-10-01 10:15:00,1727757900,2201.85,2203.5,2175.05,2182.45,108149
2024-10-01 11:15:00,1727761500,2182.45,2193.95,2177.6,2190.85,69620
2024-10-01 12:15:00,1727765100,2190.85,2198.75,2189.55,2194.25,110936
2024-10-01 13:15:00,1727768700,2194.8,2197,2192,2193.05,93415
2024-10-01 14:15:00,1727772300,2193.1,2200,2192,2195.55,200420
2024-10-01 15:15:00,1727775900,2196,2196,2189.95,2189.95,102391
2024-10-03 09:15:00,1727927100,2180.4,2200,2169.4,2186,103751
2024-10-03 10:15:00,1727930700,2185.95,2196.3,2181.45,2193.1,22777
2024-10-03 11:15:00,1727934300,2193.1,2194.45,2178.45,2181.35,27020
2024-10-03 12:15:00,1727937900,2181.35,2186,2174,2182.45,28473
2024-10-03 13:15:00,1727941500,2181.75,2184.1,2154.3,2163,182650
2024-10-03 14:15:00,1727945100,2163,2185,2160.15,2180.55,62290
2024-10-03 15:15:00,1727948700,2183.2,2187.65,2180.05,2187.65,77918
2024-10-04 09:15:00,1728013500,2170.15,2210,2163,2205.7,156147
2024-10-04 10:15:00,1728017100,2205.65,2230.85,2201.9,2221.5,162482
2024-10-04 11:15:00,1728020700,2221.5,2228,2207.35,2228,109753
2024-10-04 12:15:00,1728024300,2228,2240,2217.6,2220.95,130896
2024-10-04 13:15:00,1728027900,2221,2221.4,2210.15,2216.05,91119
2024-10-04 14:15:00,1728031500,2216.05,2216.5,2192.7,2199.95,159134
2024-10-04 15:15:00,1728035100,2200.45,2205,2194.9,2205,68507
2024-10-07 09:15:00,1728272700,2198.25,2210.85,2177.55,2201.1,197022
2024-10-07 10:15:00,1728276300,2201.15,2202,2140,2155.6,309120
2024-10-07 11:15:00,1728279900,2154.8,2193,2154.8,2171.4,104809
2024-10-07 12:15:00,1728283500,2171.1,2182.3,2154.8,2171.6,70690
2024-10-07 13:15:00,1728287100,2171.8,2178.4,2166.05,2169.2,135605
2024-10-07 14:15:00,1728290700,2169.15,2179.85,2163.6,2174.9,175520
2024-10-07 15:15:00,1728294300,2173.85,2177.95,2170,2175,174061
2024-10-08 09:15:00,1728359100,2165,2199.9,2157.1,2191,98984
2024-10-08 10:15:00,1728362700,2190.9,2205.9,2190.75,2204.8,69230
2024-10-08 11:15:00,1728366300,2204.9,2215,2195,2199.6,127410
2024-10-08 12:15:00,1728369900,2199.6,2207.15,2196.7,2203.25,55663
2024-10-08 13:15:00,1728373500,2203.25,2210.65,2199.05,2208.15,67869
2024-10-08 14:15:00,1728377100,2208.15,2219.95,2197,2215,161414
2024-10-08 15:15:00,1728380700,2215,2228.5,2214.6,2228,92051
2024-10-09 09:15:00,1728445500,2228.8,2268,2221.55,2256,243709
2024-10-09 10:15:00,1728449100,2257.5,2273.3,2248.05,2254.5,136009
2024-10-09 11:15:00,1728452700,2255,2255.4,2249,2254.75,67125
2024-10-09 12:15:00,1728456300,2255.2,2279.95,2252.9,2278.6,126955
2024-10-09 13:15:00,1728459900,2278.6,2285,2273.6,2284.2,94803
2024-10-09 14:15:00,1728463500,2284.5,2298,2280.15,2281.5,300191
2024-10-09 15:15:00,1728467100,2281.35,2288.95,2279.65,2282,95532
2024-10-10 09:15:00,1728531900,2300,2304.9,2253.05,2262.75,180560
2024-10-10 10:15:00,1728535500,2263.65,2264.25,2236,2237.1,106341
2024-10-10 11:15:00,1728539100,2237.1,2239.55,2195.15,2196.25,246101
2024-10-10 12:15:00,1728542700,2196.95,2197.9,2151.05,2153.55,319510
2024-10-10 13:15:00,1728546300,2154.15,2155,2112,2134.45,725073
2024-10-10 14:15:00,1728549900,2134.4,2170,2134,2155.05,416662
2024-10-10 15:15:00,1728553500,2155.1,2159.5,2151.35,2158.8,232641
2024-10-11 09:15:00,1728618300,2170,2202.4,2158.65,2188.7,486120
2024-10-11 10:15:00,1728621900,2188.7,2204.75,2186.4,2194.5,112954
2024-10-11 11:15:00,1728625500,2194.85,2204,2191.2,2196.65,115278
2024-10-11 12:15:00,1728629100,2196.65,2216.85,2196.35,2213.7,132403
2024-10-11 13:15:00,1728632700,2214.85,2219,2209.1,2213.4,120378
2024-10-11 14:15:00,1728636300,2213.45,2229,2210.1,2228.95,162386
2024-10-11 15:15:00,1728639900,2228.8,2229,2218,2218,86308
2024-10-14 09:15:00,1728877500,2218.05,2234.45,2206.9,2210.45,137722
2024-10-14 10:15:00,1728881100,2210.45,2217,2196.3,2200.75,89387
2024-10-14 11:15:00,1728884700,2200.75,2212.85,2195.95,2208.85,74652
2024-10-14 12:15:00,1728888300,2209.15,2212,2205,2210.1,34100
2024-10-14 13:15:00,1728891900,2210.6,2246.95,2206.55,2239.6,163746
2024-10-14 14:15:00,1728895500,2239.6,2247.05,2234.55,2243.3,201115
2024-10-14 15:15:00,1728899100,2243.35,2249.95,2237.25,2245,114288
2024-10-15 09:15:00,1728963900,2239.9,2272.9,2235.95,2252.15,191118
2024-10-15 10:15:00,1728967500,2253.25,2267.65,2251.6,2262,112353
2024-10-15 11:15:00,1728971100,2262,2262,2250,2253.25,82681
2024-10-15 12:15:00,1728974700,2252.6,2260,2247,2248.95,85173
2024-10-15 13:15:00,1728978300,2248.95,2250,2245,2247.6,63816
2024-10-15 14:15:00,1728981900,2246.3,2256.9,2241.55,2250.95,158349
2024-10-15 15:15:00,1728985500,2250.9,2251,2245.65,2248.55,51708
2024-10-16 09:15:00,1729050300,2248,2257,2231.3,2246.55,111012
2024-10-16 10:15:00,1729053900,2246.55,2251.25,2234.7,2237,86172
2024-10-16 11:15:00,1729057500,2237,2237.55,2210,2211.2,126593
2024-10-16 12:15:00,1729061100,2212.45,2218.05,2196.3,2205.45,118549
2024-10-16 13:15:00,1729064700,2205.45,2206.1,2182.95,2197.9,77251
2024-10-16 14:15:00,1729068300,2197.9,2203.15,2181.3,2194.8,218233
2024-10-16 15:15:00,1729071900,2194.8,2195,2188.7,2191,62047
2024-10-17 09:15:00,1729136700,2207,2207,2158,2167,129555
2024-10-17 10:15:00,1729140300,2167,2177.4,2162.9,2164.15,101791
2024-10-17 11:15:00,1729143900,2164.25,2173.7,2161.15,2171,55608
2024-10-17 12:15:00,1729147500,2171,2180.95,2170.1,2178.2,62170
2024-10-17 13:15:00,1729151100,2178.2,2182,2171.9,2174.6,93624
2024-10-17 14:15:00,1729154700,2174.5,2181.1,2169.5,2174.95,116444
2024-10-17 15:15:00,1729158300,2174.5,2182.9,2172.9,2172.9,36689
2024-10-18 09:15:00,1729223100,2180.65,2185.95,2153.65,2185,73668
2024-10-18 10:15:00,1729226700,2184,2191.25,2177,2180.05,67489
2024-10-18 11:15:00,1729230300,2179.05,2186.6,2171,2172.05,76241
2024-10-18 12:15:00,1729233900,2172.2,2178.3,2162.7,2164.95,122744
2024-10-18 13:15:00,1729237500,2164.1,2194.25,2164.1,2191.2,167200
2024-10-18 14:15:00,1729241100,2191.3,2196.7,2174.7,2181.7,141736
2024-10-18 15:15:00,1729244700,2181.75,2192,2180.55,2182,43458
2024-10-21 09:15:00,1729482300,2179.7,2203.9,2170.9,2191.05,101591
2024-10-21 10:15:00,1729485900,2192.05,2199.6,2180,2188.65,123486
2024-10-21 11:15:00,1729489500,2188.65,2206.1,2188,2190.95,71379
2024-10-21 12:15:00,1729493100,2190.7,2206.95,2166.65,2169.75,88339
2024-10-21 13:15:00,1729496700,2169.35,2175,2147.55,2152.3,62724
2024-10-21 14:15:00,1729500300,2150.75,2162,2131.65,2156,424161
2024-10-21 15:15:00,1729503900,2155.65,2156.45,2141.45,2146.4,60078
2024-10-22 09:15:00,1729568700,2154.05,2172.25,2144.35,2147.8,103022
2024-10-22 10:15:00,1729572300,2148.15,2162.35,2138.75,2150.7,81007
2024-10-22 11:15:00,1729575900,2150.65,2150.7,2142.25,2143.4,42686
2024-10-22 12:15:00,1729579500,2143.5,2148,2130.05,2135.55,72417
2024-10-22 13:15:00,1729583100,2135.55,2142,2134,2140,55714
2024-10-22 14:15:00,1729586700,2140,2141.7,2128.05,2128.05,202791
2024-10-22 15:15:00,1729590300,2128.05,2136,2125,2129,83831
2024-10-23 09:15:00,1729655100,2120.4,2149,2103.8,2125.85,113187
2024-10-23 10:15:00,1729658700,2125.85,2132.55,2112.65,2122.4,27684
2024-10-23 11:15:00,1729662300,2121.25,2124.7,2100.05,2104.9,49795
2024-10-23 12:15:00,1729665900,2105.85,2117,2100.8,2115.1,51089
2024-10-23 13:15:00,1729669500,2115.1,2124.1,2108.25,2115,60907
2024-10-23 14:15:00,1729673100,2115,2115.35,2073.8,2076.4,244760
2024-10-23 15:15:00,1729676700,2076.4,2078.95,2068,2070,114406
2024-10-24 09:15:00,1729741500,2070,2094.95,2062.2,2086.5,193936
2024-10-24 10:15:00,1729745100,2086.2,2092.6,2082.1,2089.1,38131
2024-10-24 11:15:00,1729748700,2089.05,2094.7,2078,2090.9,47787
2024-10-24 12:15:00,1729752300,2090.9,2120.7,2088,2117.2,134680
2024-10-24 13:15:00,1729755900,2117.05,2124.85,2107,2120,47644
2024-10-24 14:15:00,1729759500,2119.3,2137.45,2118.65,2130.75,157031
2024-10-24 15:15:00,1729763100,2130.75,2133.7,2127.75,2131.4,84503
2024-10-25 09:15:00,1729827900,2137.8,2161.2,2121.9,2126.2,288311
2024-10-25 10:15:00,1729831500,2124.95,2141.6,2118.85,2133,133587
2024-10-25 11:15:00,1729835100,2132.35,2140,2121,2123.2,74313
2024-10-25 12:15:00,1729838700,2123.9,2131.6,2115,2129.55,51849
2024-10-25 13:15:00,1729842300,2130.45,2157.7,2126.7,2138.2,130640
2024-10-25 14:15:00,1729845900,2138.8,2161.15,2136.05,2152.8,289002
2024-10-25 15:15:00,1729849500,2153.7,2162.05,2141.85,2156.75,75194
2024-10-28 09:15:00,1730087100,2157.05,2196.8,2157.05,2172.05,234895
2024-10-28 10:15:00,1730090700,2172.9,2185.5,2160.45,2168.1,254563
2024-10-28 11:15:00,1730094300,2168.1,2186.45,2161.35,2185.7,160226
2024-10-28 12:15:00,1730097900,2185.2,2208.9,2177.8,2200.95,298347
2024-10-28 13:15:00,1730101500,2200.2,2217,2199.55,2213.7,106446
2024-10-28 14:15:00,1730105100,2213.8,2214.9,2197,2202.8,210776
2024-10-28 15:15:00,1730108700,2202.8,2212.4,2201.6,2208,73775
2024-10-29 09:15:00,1730173500,2214.65,2214.65,2171.4,2184.95,171941
2024-10-29 10:15:00,1730177100,2184.95,2185.7,2168.4,2177,85547
2024-10-29 11:15:00,1730180700,2176.85,2196.45,2176.35,2194.45,44312
2024-10-29 12:15:00,1730184300,2194.45,2204.1,2184.8,2203.15,64146
2024-10-29 13:15:00,1730187900,2202.75,2204.5,2187,2200.55,69978
2024-10-29 14:15:00,1730191500,2201,2209.45,2194.2,2206.8,134500
2024-10-29 15:15:00,1730195100,2206.8,2208.7,2197.25,2202,61466
2024-10-30 09:15:00,1730259900,2195.5,2203.8,2167.05,2192.45,263951
2024-10-30 10:15:00,1730263500,2192.8,2211.2,2185.9,2192.3,93977
2024-10-30 11:15:00,1730267100,2192.3,2197.45,2185.65,2197.05,50040
2024-10-30 12:15:00,1730270700,2196.15,2205,2191.65,2193.5,46155
2024-10-30 13:15:00,1730274300,2193.8,2194.3,2160.55,2164.4,102178
2024-10-30 14:15:00,1730277900,2164.4,2170,2151,2161.35,239713
2024-10-30 15:15:00,1730281500,2161.35,2163.45,2155.25,2161.8,109304
2024-10-31 09:15:00,1730346300,2169.45,2195.4,2156.1,2162.2,245576
2024-10-31 10:15:00,1730349900,2162.35,2175.95,2157.2,2172.65,108377
2024-10-31 11:15:00,1730353500,2172.65,2174.8,2156.5,2164.4,104242
2024-10-31 12:15:00,1730357100,2164.4,2169.85,2148.35,2161.8,105247
2024-10-31 13:15:00,1730360700,2161.8,2170,2150.55,2168.6,159362
2024-10-31 14:15:00,1730364300,2169,2192.85,2168.4,2185.8,445736
2024-10-31 15:15:00,1730367900,2185.25,2200,2180.5,2194.95,228426
2024-11-01 17:15:00,1730461500,2204.4,2204.8,2180.25,2194.9,19002
2024-11-01 18:15:00,1730465100,2194.9,2205,2189.5,2201,41786
2024-11-04 09:15:00,1730691900,2212.8,2218.85,2190.95,2200.6,292721
2024-11-04 10:15:00,1730695500,2200.6,2201.75,2182,2187.1,103629
2024-11-04 11:15:00,1730699100,2187.7,2199.45,2180.2,2181.05,84326
2024-11-04 12:15:00,1730702700,2181.4,2200,2181.05,2188.6,82359
2024-11-04 13:15:00,1730706300,2188.6,2190.9,2177,2185.35,108953
2024-11-04 14:15:00,1730709900,2185.2,2195.5,2178,2188.85,329559
2024-11-04 15:15:00,1730713500,2188.9,2195.65,2185.8,2189.7,116742
2024-11-05 09:15:00,1730778300,2199,2210.5,2162,2162.65,403913
2024-11-05 10:15:00,1730781900,2162.65,2164.7,2092.5,2125.6,488551
2024-11-05 11:15:00,1730785500,2126.35,2133.65,2102,2102.5,199900
2024-11-05 12:15:00,1730789100,2102.5,2148,2097,2139.65,225341
2024-11-05 13:15:00,1730792700,2139.65,2171.35,2134.9,2166.45,150729
2024-11-05 14:15:00,1730796300,2168.5,2188.3,2166.2,2181.7,216249
2024-11-05 15:15:00,1730799900,2181,2185.45,2171.75,2171.85,108106
2024-11-06 09:15:00,1730864700,2194,2201.4,2145.5,2185.7,274740
2024-11-06 10:15:00,1730868300,2185.7,2190.6,2160.3,2166.3,95558
2024-11-06 11:15:00,1730871900,2166.3,2175.55,2153.1,2162,122558
2024-11-06 12:15:00,1730875500,2161.75,2172.8,2153.7,2170.55,211665
2024-11-06 13:15:00,1730879100,2170.55,2183,2165.9,2170.9,180734
2024-11-06 14:15:00,1730882700,2170.6,2175.3,2160.95,2164.35,160090
2024-11-06 15:15:00,1730886300,2164.65,2172.8,2164.05,2166.35,70417
2024-11-07 09:15:00,1730951100,2181.8,2181.8,2114.25,2136,285528
2024-11-07 10:15:00,1730954700,2135,2149.8,2125.55,2135.55,137477
2024-11-07 11:15:00,1730958300,2135.95,2141.25,2121,2127.8,100264
2024-11-07 12:15:00,1730961900,2127.75,2139.8,2117.85,2136,152268
2024-11-07 13:15:00,1730965500,2135.55,2136.15,2111.1,2118.45,102643
2024-11-07 14:15:00,1730969100,2118,2124.5,2111.7,2112,162620
2024-11-07 15:15:00,1730972700,2111.9,2115.9,2096.1,2104.85,183928
2024-11-08 09:15:00,1731037500,2144.9,2156.7,2078.85,2130.35,1781396
2024-11-08 10:15:00,1731041100,2130.15,2133,2116.55,2129.2,286380
2024-11-08 11:15:00,1731044700,2129.2,2130.9,2100,2111.45,210977
2024-11-08 12:15:00,1731048300,2111.45,2138.3,2109.65,2130.6,490857
2024-11-08 13:15:00,1731051900,2131.35,2131.35,2110,2111.95,237169
2024-11-08 14:15:00,1731055500,2112.3,2119.75,2104.65,2105.65,326787
2024-11-08 15:15:00,1731059100,2106.15,2107.1,2095,2097.2,125882
2024-11-11 09:15:00,1731296700,2140,2142.45,2080.7,2086,445320
2024-11-11 10:15:00,1731300300,2085.8,2106.2,2074.95,2090.4,214727
2024-11-11 11:15:00,1731303900,2090.4,2098.95,2085,2087.45,183904
2024-11-11 12:15:00,1731307500,2086.4,2091,2081.75,2088.5,111808
2024-11-11 13:15:00,1731311100,2088.5,2090.65,2080.1,2085.55,110259
2024-11-11 14:15:00,1731314700,2085.5,2095.1,2081.7,2086.6,164450
2024-11-11 15:15:00,1731318300,2086.15,2087.75,2080.5,2083,104750
2024-11-12 09:15:00,1731383100,2085.15,2125,2085.15,2119.55,261168
2024-11-12 10:15:00,1731386700,2119.85,2129,2113.8,2119.7,142422
2024-11-12 11:15:00,1731390300,2119.75,2119.75,2106.45,2114.05,82641
2024-11-12 12:15:00,1731393900,2114.05,2124,2097,2097,144399
2024-11-12 13:15:00,1731397500,2097.4,2104.6,2092.55,2100.95,161214
2024-11-12 14:15:00,1731401100,2100.45,2105,2087.1,2088.1,399207
2024-11-12 15:15:00,1731404700,2087.9,2089.15,2077.85,2082,122807
2024-11-13 09:15:00,1731469500,2088.45,2088.45,2037.1,2045.85,223159
2024-11-13 10:15:00,1731473100,2045.8,2060.9,2040.6,2049.85,70967
2024-11-13 11:15:00,1731476700,2049.85,2052.75,2040.2,2044.65,55786
2024-11-13 12:15:00,1731480300,2044.65,2048.1,2035,2047.7,77851
2024-11-13 13:15:00,1731483900,2047.7,2056.1,2041.6,2048.35,54647
2024-11-13 14:15:00,1731487500,2048.35,2048.65,2030.15,2038.85,144089
2024-11-13 15:15:00,1731491100,2038.2,2049.35,2038.2,2040.65,55072
2024-11-14 09:15:00,1731555900,2039,2053.25,2021.25,2032.25,134515
2024-11-14 10:15:00,1731559500,2032.3,2050,2029.85,2030.8,112205
2024-11-14 11:15:00,1731563100,2030.2,2036.5,2024.7,2028.7,57828
2024-11-14 12:15:00,1731566700,2028.7,2029.95,2018,2025.55,44118
2024-11-14 13:15:00,1731570300,2025.8,2029.05,2004.65,2013.15,90713
2024-11-14 14:15:00,1731573900,2012.8,2019.9,2008.2,2017.75,145518
2024-11-14 15:15:00,1731577500,2017.5,2022,2015,2019.85,78914
2024-11-18 09:15:00,1731901500,2007.5,2027,2000,2024.15,322343
2024-11-18 10:15:00,1731905100,2024.15,2030.8,2014.05,2025.05,132529
2024-11-18 11:15:00,1731908700,2025.05,2038.8,2022.2,2035.3,67635
2024-11-18 12:15:00,1731912300,2035.3,2037.85,2029.85,2036.25,57060
2024-11-18 13:15:00,1731915900,2036.25,2044.8,2032.95,2032.95,75584
2024-11-18 14:15:00,1731919500,2032.95,2041.1,2030,2037.6,331153
2024-11-18 15:15:00,1731923100,2037.6,2037.75,2031,2036.1,130792
2024-11-19 09:15:00,1731987900,2042.7,2050.3,2024.2,2031.45,140305
2024-11-19 10:15:00,1731991500,2031.1,2042.45,2028.15,2038.15,55585
2024-11-19 11:15:00,1731995100,2038.15,2047.45,2034.6,2047.1,59991
2024-11-19 12:15:00,1731998700,2047.2,2054.4,2040.2,2050.25,65362
2024-11-19 13:15:00,1732002300,2050.25,2052.55,2043.3,2051.6,38529
2024-11-19 14:15:00,1732005900,2051.6,2053.95,2034.25,2036.5,154190
2024-11-19 15:15:00,1732009500,2036.5,2039.2,2029.55,2029.55,70925
2024-11-21 09:15:00,1732160700,2024.5,2039.4,2008.5,2032.7,107208
2024-11-21 10:15:00,1732164300,2033.8,2057.35,2031.7,2053.4,73057
2024-11-21 11:15:00,1732167900,2052.85,2065,2049.05,2051.2,51387
2024-11-21 12:15:00,1732171500,2051.2,2053.55,2033.2,2037.9,81455
2024-11-21 13:15:00,1732175100,2037.9,2045.1,2035.1,2038.7,26257
2024-11-21 14:15:00,1732178700,2038.7,2048.05,2035.95,2043.05,89928
2024-11-21 15:15:00,1732182300,2043.05,2045.45,2039.25,2041,75136
2024-11-22 09:15:00,1732247100,2040.95,2058.9,2034,2055.95,43127
2024-11-22 10:15:00,1732250700,2055.95,2057.3,2044.8,2054.15,45505
2024-11-22 11:15:00,1732254300,2054.4,2060.55,2049.25,2057.5,53325
2024-11-22 12:15:00,1732257900,2057.45,2067.25,2055,2066.55,34352
2024-11-22 13:15:00,1732261500,2066.55,2077.1,2060,2074.05,58029
2024-11-22 14:15:00,1732265100,2073.45,2077.2,2063.4,2067.55,112511
2024-11-22 15:15:00,1732268700,2067.6,2076.45,2063.65,2064.55,63450
2024-11-25 09:15:00,1732506300,2086.6,2095.05,2077.7,2088.3,143902
2024-11-25 10:15:00,1732509900,2088.35,2100,2085.3,2097.9,59915
2024-11-25 11:15:00,1732513500,2097.9,2108.4,2095,2107.3,64999
2024-11-25 12:15:00,1732517100,2107.3,2112.55,2103,2103.9,60692
2024-11-25 13:15:00,1732520700,2103.9,2107.1,2098.2,2101.6,54499
2024-11-25 14:15:00,1732524300,2101.85,2111,2094.1,2108.85,363618
2024-11-25 15:15:00,1732527900,2108.85,2119,2107,2110,242604
2024-11-26 09:15:00,1732592700,2107.05,2113.15,2065,2066.4,84905
2024-11-26 10:15:00,1732596300,2066.6,2079.65,2065,2074.55,40340
2024-11-26 11:15:00,1732599900,2074.55,2076.55,2065.05,2069.85,52958
2024-11-26 12:15:00,1732603500,2069.3,2070,2057.3,2059.15,59460
2024-11-26 13:15:00,1732607100,2059,2063,2048.2,2049.45,89973
2024-11-26 14:15:00,1732610700,2050,2050.8,2031.15,2032.15,245387
2024-11-26 15:15:00,1732614300,2032.3,2039.9,2030.15,2039,98200
2024-11-27 09:15:00,1732679100,2036.6,2041.85,2017.35,2025,106436
2024-11-27 10:15:00,1732682700,2025,2028.25,2012,2015,85154
2024-11-27 11:15:00,1732686300,2015.15,2023.95,2000.55,2007.2,186690
2024-11-27 12:15:00,1732689900,2007.45,2019.1,2003.7,2004.15,146907
2024-11-27 13:15:00,1732693500,2004.15,2014,2002.65,2005.5,196404
2024-11-27 14:15:00,1732697100,2005.45,2011,2003,2006.8,202370
2024-11-27 15:15:00,1732700700,2007,2011.8,2005.1,2010.05,76408
2024-11-28 09:15:00,1732765500,2005.9,2021,1991.5,2013,135922
2024-11-28 10:15:00,1732769100,2013,2016.7,1995.8,1999,95829
2024-11-28 11:15:00,1732772700,1999,2005.4,1995.5,1995.5,160027
2024-11-28 12:15:00,1732776300,1997.1,1998.65,1986,1991,116228
2024-11-28 13:15:00,1732779900,1991.7,2006.2,1990.2,1995.5,180063
2024-11-28 14:15:00,1732783500,1996.75,2000.9,1991.5,1998.3,149115
2024-11-28 15:15:00,1732787100,1998.7,2008,1996.6,2000,103532
2024-11-29 09:15:00,1732851900,2001.6,2040,1999,2019.7,209867
2024-11-29 10:15:00,1732855500,2019.1,2049.25,2017,2049.05,156823
2024-11-29 11:15:00,1732859100,2049,2057.9,2036.6,2043.1,99502
2024-11-29 12:15:00,1732862700,2043.1,2049.95,2037.25,2049.95,44316
2024-11-29 13:15:00,1732866300,2049.95,2059.55,2047.65,2055.6,56704
2024-11-29 14:15:00,1732869900,2055.6,2056.65,2045.55,2046.35,143597
2024-11-29 15:15:00,1732873500,2046.35,2053.85,2045.9,2052,109949
2024-12-02 09:15:00,1733111100,2049.5,2079.7,2043.7,2076.85,205009
2024-12-02 10:15:00,1733114700,2077.35,2082.55,2065.25,2066.85,125921
2024-12-02 11:15:00,1733118300,2066.5,2078.75,2062,2074.5,92135
2024-12-02 12:15:00,1733121900,2074.5,2080,2072.4,2075,43535
2024-12-02 13:15:00,1733125500,2075,2079,2067.4,2067.4,58064
2024-12-02 14:15:00,1733129100,2067.4,2073.25,2067.1,2068.35,76334
2024-12-02 15:15:00,1733132700,2069.05,2071.65,2067.05,2069,32355
2024-12-03 09:15:00,1733197500,2086.6,2087,2068.6,2076.95,136891
2024-12-03 10:15:00,1733201100,2077.25,2087,2076.25,2083.15,99021
2024-12-03 11:15:00,1733204700,2083,2092.8,2080,2087.6,82018
2024-12-03 12:15:00,1733208300,2087.6,2091,2082.05,2086,96473
2024-12-03 13:15:00,1733211900,2086,2088.05,2080,2080,62850
2024-12-03 14:15:00,1733215500,2080,2085,2078,2080.05,251789
2024-12-03 15:15:00,1733219100,2080.1,2082.85,2080,2080,94843
2024-12-04 09:15:00,1733283900,2084.95,2091,2061.35,2065.7,151302
2024-12-04 10:15:00,1733287500,2065.7,2086.9,2062,2085.15,129673
2024-12-04 11:15:00,1733291100,2085.15,2092.9,2077.05,2092.55,138138
2024-12-04 12:15:00,1733294700,2092.5,2100,2088.65,2090.95,117735
2024-12-04 13:15:00,1733298300,2091,2097.7,2087.45,2096.65,129090
2024-12-04 14:15:00,1733301900,2096.55,2103.25,2087.7,2100.85,302775
2024-12-04 15:15:00,1733305500,2100.7,2110.95,2099.9,2108,145429
2024-12-05 09:15:00,1733370300,2114.8,2114.8,2088.4,2088.5,181186
2024-12-05 10:15:00,1733373900,2087.15,2090,2070,2072.9,85774
2024-12-05 11:15:00,1733377500,2072.9,2094.55,2065.5,2093.8,99657
2024-12-05 12:15:00,1733381100,2093.8,2109.4,2091.8,2108.85,125678
2024-12-05 13:15:00,1733384700,2109,2119.95,2106.15,2117.95,118431
2024-12-05 14:15:00,1733388300,2117.3,2130.95,2114.05,2129.5,183455
2024-12-05 15:15:00,1733391900,2129.8,2129.8,2123.7,2128,48108
2024-12-06 09:15:00,1733456700,2134.5,2141.85,2125.05,2130.25,123256
2024-12-06 10:15:00,1733460300,2130.25,2138.75,2124,2124.8,41819
2024-12-06 11:15:00,1733463900,2124.8,2134.75,2120.45,2129.1,50470
2024-12-06 12:15:00,1733467500,2129.1,2136.2,2124.8,2129,96119
2024-12-06 13:15:00,1733471100,2128.05,2136.1,2127.85,2135.3,132739
2024-12-06 14:15:00,1733474700,2134.85,2138.05,2131.1,2135.7,124285
2024-12-06 15:15:00,1733478300,2135.7,2137.4,2128,2128,57460
2024-12-09 09:15:00,1733715900,2136,2142,2123.35,2127,142433
2024-12-09 10:15:00,1733719500,2127,2132.6,2115.6,2117.25,41939
2024-12-09 11:15:00,1733723100,2117.25,2123.2,2110.55,2122.2,76090
2024-12-09 12:15:00,1733726700,2121.25,2129.95,2121.25,2126,94071
2024-12-09 13:15:00,1733730300,2126,2126.8,2117.5,2120,49879
2024-12-09 14:15:00,1733733900,2120,2120,2097.45,2098.55,127573
2024-12-09 15:15:00,1733737500,2098.65,2112,2098.55,2110,67890
2024-12-10 09:15:00,1733802300,2111.1,2129.5,2105.25,2127,117185
2024-12-10 10:15:00,1733805900,2127,2141.85,2127,2135.15,113464
2024-12-10 11:15:00,1733809500,2134.55,2144.5,2132.85,2139.5,87467
2024-12-10 12:15:00,1733813100,2139.15,2139.3,2129.2,2129.75,82586
2024-12-10 13:15:00,1733816700,2129.75,2134.55,2125.35,2131.55,83861
2024-12-10 14:15:00,1733820300,2131.4,2137.05,2124.8,2135,337557
2024-12-10 15:15:00,1733823900,2135,2136.2,2129,2135.85,120454
2024-12-11 09:15:00,1733888700,2134.9,2152.15,2128.7,2141.05,87273
2024-12-11 10:15:00,1733892300,2140.4,2156,2140.35,2155.9,73680
2024-12-11 11:15:00,1733895900,2155.4,2161.3,2153,2158.95,66841
2024-12-11 12:15:00,1733899500,2158.95,2161.85,2152.95,2155.55,94257
2024-12-11 13:15:00,1733903100,2155.8,2158.8,2146.2,2146.8,44688
2024-12-11 14:15:00,1733906700,2146.8,2153.1,2143.1,2152.15,108445
2024-12-11 15:15:00,1733910300,2152.4,2152.85,2141.9,2149.7,55947
2024-12-12 09:15:00,1733975100,2159.25,2159.25,2138,2147.4,96323
2024-12-12 10:15:00,1733978700,2147.4,2154.8,2144.95,2149.9,123171
2024-12-12 11:15:00,1733982300,2150.15,2153.5,2139.6,2139.85,102002
2024-12-12 12:15:00,1733985900,2139.85,2142.15,2120.65,2125.05,49721
2024-12-12 13:15:00,1733989500,2124.4,2127.2,2120.3,2122,35583
2024-12-12 14:15:00,1733993100,2122,2125.75,2113.45,2122.2,144929
2024-12-12 15:15:00,1733996700,2122.2,2124.15,2110.6,2112.05,100957
2024-12-13 09:15:00,1734061500,2102,2112,2056.75,2057.6,120553
2024-12-13 10:15:00,1734065100,2056.8,2060.9,2041,2059.6,78067
2024-12-13 11:15:00,1734068700,2059.6,2075.4,2054.85,2074.6,99266
2024-12-13 12:15:00,1734072300,2074.6,2079.7,2067,2076.25,57430
2024-12-13 13:15:00,1734075900,2076.5,2078.6,2070.5,2074.7,29762
2024-12-13 14:15:00,1734079500,2074.7,2081.5,2073.5,2077.05,72214
2024-12-13 15:15:00,1734083100,2077,2079.2,2075.1,2077,29056
2024-12-16 09:15:00,1734320700,2089.9,2093.45,2065.4,2069.95,154604
2024-12-16 10:15:00,1734324300,2069.95,2073.15,2061.15,2062.35,79490
2024-12-16 11:15:00,1734327900,2062.2,2065,2059,2060.65,37734
2024-12-16 12:15:00,1734331500,2060.65,2072.2,2058.75,2065.7,150791
2024-12-16 13:15:00,1734335100,2066.1,2068,2058.05,2062.9,47106
2024-12-16 14:15:00,1734338700,2062.9,2066.85,2059.05,2062.05,94390
2024-12-16 15:15:00,1734342300,2062.05,2065,2060.1,2063.05,43344
2024-12-17 09:15:00,1734407100,2066.65,2076.65,2057.65,2067.5,81117
2024-12-17 10:15:00,1734410700,2067.25,2069.8,2051,2056.55,41610
2024-12-17 11:15:00,1734414300,2056.55,2060.4,2047.5,2050.95,44294
2024-12-17 12:15:00,1734417900,2050.15,2063.85,2048.65,2060.15,86343
2024-12-17 13:15:00,1734421500,2060.15,2061,2042,2044.85,128456
2024-12-17 14:15:00,1734425100,2044.85,2057.95,2040.75,2045.95,172508
2024-12-17 15:15:00,1734428700,2045.95,2049.95,2042.15,2042.15,90934
2024-12-18 09:15:00,1734493500,2038,2090,2038,2077.85,192598
2024-12-18 10:15:00,1734497100,2077.1,2103,2076.85,2102.25,170997
2024-12-18 11:15:00,1734500700,2102.25,2109.5,2099.15,2108.85,123882
2024-12-18 12:15:00,1734504300,2110,2113,2083,2096,151763
2024-12-18 13:15:00,1734507900,2095.75,2103.8,2089.8,2101.45,98101
2024-12-18 14:15:00,1734511500,2101.45,2104.75,2093.55,2100,192946
2024-12-18 15:15:00,1734515100,2099.95,2100.7,2093.25,2094.6,71780
2024-12-19 09:15:00,1734579900,2090,2116.95,2079.2,2108.45,268617
2024-12-19 10:15:00,1734583500,2108.75,2127.6,2103.15,2113,223504
2024-12-19 11:15:00,1734587100,2112.5,2136.2,2110.5,2135.05,308486
2024-12-19 12:15:00,1734590700,2134.9,2154.45,2132.4,2148.7,250860
2024-12-19 13:15:00,1734594300,2148.7,2159,2141.75,2156.3,279753
2024-12-19 14:15:00,1734597900,2156.3,2166.9,2153.55,2163.4,410243
2024-12-19 15:15:00,1734601500,2163.05,2165,2160.6,2163,122045
2024-12-20 09:15:00,1734666300,2165,2173.5,2152,2163.65,191259
2024-12-20 10:15:00,1734669900,2163.8,2168.9,2159.55,2167.9,147820
2024-12-20 11:15:00,1734673500,2167.9,2177.75,2161.3,2167.2,121714
2024-12-20 12:15:00,1734677100,2164.75,2175,2162.15,2167.35,135864
2024-12-20 13:15:00,1734680700,2167.4,2170,2161.05,2162.85,137000
2024-12-20 14:15:00,1734684300,2162.8,2169,2146.3,2146.35,240500
2024-12-20 15:15:00,1734687900,2146.7,2152.75,2138.4,2140,137092
2024-12-23 09:15:00,1734925500,2154.9,2165,2126.55,2156.55,128811
2024-12-23 10:15:00,1734929100,2157.45,2185,2153.75,2177.3,168173
2024-12-23 11:15:00,1734932700,2178.4,2190,2177.15,2177.7,146668
2024-12-23 12:15:00,1734936300,2177.7,2180,2162,2163.05,137078
2024-12-23 13:15:00,1734939900,2163.05,2165.05,2157.05,2162,79407
2024-12-23 14:15:00,1734943500,2162,2172.15,2155.05,2161.95,229991
2024-12-23 15:15:00,1734947100,2162,2165,2158.45,2165,46269
2024-12-24 09:15:00,1735011900,2170,2171.9,2150,2168.85,66594
2024-12-24 10:15:00,1735015500,2168.85,2182,2167.25,2178.8,78706
2024-12-24 11:15:00,1735019100,2177.85,2186.5,2177.75,2182.6,67464
2024-12-24 12:15:00,1735022700,2182.6,2183.95,2171.9,2174.85,81743
2024-12-24 13:15:00,1735026300,2173.9,2179.85,2163.8,2169.2,67078
2024-12-24 14:15:00,1735029900,2168.1,2171.2,2163.75,2169.95,90887
2024-12-24 15:15:00,1735033500,2170,2172.45,2165.65,2167.6,46951
2024-12-26 09:15:00,1735184700,2176,2180,2160.05,2167.15,61720
2024-12-26 10:15:00,1735188300,2166.05,2198.9,2157.05,2192.85,156114
2024-12-26 11:15:00,1735191900,2192.85,2196.9,2182.15,2184.55,157686
2024-12-26 12:15:00,1735195500,2184.1,2188.6,2170.4,2174.55,141990
2024-12-26 13:15:00,1735199100,2174.55,2184.85,2169.5,2182.1,103322
2024-12-26 14:15:00,1735202700,2182.9,2184.6,2176,2183.75,201009
2024-12-26 15:15:00,1735206300,2183.75,2190,2180,2190,87576
2024-12-27 09:15:00,1735271100,2196,2216.9,2182.1,2213,220337
2024-12-27 10:15:00,1735274700,2213.1,2223.8,2204,2215.35,175189
2024-12-27 11:15:00,1735278300,2215,2223.6,2204,2206.5,201225
2024-12-27 12:15:00,1735281900,2206.5,2218.5,2205.7,2217.5,74274
2024-12-27 13:15:00,1735285500,2217.5,2238,2215.55,2232.8,162879
2024-12-27 14:15:00,1735289100,2232.75,2233.6,2223.95,2228.45,77489
2024-12-27 15:15:00,1735292700,2228.45,2230,2226.2,2230,35301
2024-12-30 09:15:00,1735530300,2227.8,2268.6,2226.85,2264.45,337097
2024-12-30 10:15:00,1735533900,2264.3,2275.95,2250,2269.6,317733
2024-12-30 11:15:00,1735537500,2268.55,2270.5,2260.1,2268.2,163071
2024-12-30 12:15:00,1735541100,2268.2,2282.75,2262.5,2278.15,251820
2024-12-30 13:15:00,1735544700,2278.95,2279,2262.25,2264.85,154926
2024-12-30 14:15:00,1735548300,2264.4,2328.75,2253.3,2307.75,1258049
2024-12-30 15:15:00,1735551900,2308.05,2319.9,2295,2315.95,535123
2024-12-31 09:15:00,1735616700,2310.25,2342.65,2296.8,2314.55,1038863
2024-12-31 10:15:00,1735620300,2314.55,2370.6,2313,2357.1,775019
2024-12-31 11:15:00,1735623900,2357.1,2369.5,2345,2365.5,394435
2024-12-31 12:15:00,1735627500,2365.05,2373.9,2362.35,2366,346618
2024-12-31 13:15:00,1735631100,2366,2372.4,2358.55,2362.1,300632
2024-12-31 14:15:00,1735634700,2362.1,2370.7,2358.05,2360.4,372248
2024-12-31 15:15:00,1735638300,2360.4,2360.4,2345,2349.9,195952
2025-01-01 09:15:00,1735703100,2354,2362.2,2336.8,2347.7,123313
2025-01-01 10:15:00,1735706700,2347.75,2351.1,2343.75,2349.95,67970
2025-01-01 11:15:00,1735710300,2349.7,2362,2342.35,2346.4,108482
2025-01-01 12:15:00,1735713900,2346.45,2354.5,2343.9,2352.55,126879
2025-01-01 13:15:00,1735717500,2352.6,2369.25,2345,2362,133479
2025-01-01 14:15:00,1735721100,2362,2366.25,2358.35,2365.4,120188
2025-01-01 15:15:00,1735724700,2365.2,2369.4,2362.55,2368,55490
2025-01-02 09:15:00,1735789500,2365,2367.7,2346.05,2346.3,100805
2025-01-02 10:15:00,1735793100,2347.45,2373,2344.25,2367,122921
2025-01-02 11:15:00,1735796700,2367.9,2376.6,2356.15,2361.5,162422
2025-01-02 12:15:00,1735800300,2361.55,2368,2356.5,2368,262116
2025-01-02 13:15:00,1735803900,2368,2370,2364.7,2367.65,226414
2025-01-02 14:15:00,1735807500,2368.65,2402.9,2367,2395.9,263466
2025-01-02 15:15:00,1735811100,2395.9,2397.7,2390,2395,66869
2025-01-03 09:15:00,1735875900,2388.85,2394.75,2357,2370,160801
2025-01-03 10:15:00,1735879500,2370,2372.7,2353,2356.25,60346
2025-01-03 11:15:00,1735883100,2356,2358.5,2347.35,2355,90298
2025-01-03 12:15:00,1735886700,2355,2364.8,2348.2,2352.4,176623
2025-01-03 13:15:00,1735890300,2352.3,2373.95,2349.3,2370.75,123277
2025-01-03 14:15:00,1735893900,2370.75,2384.4,2361.55,2369.4,356606
2025-01-03 15:15:00,1735897500,2369.45,2370,2362.85,2369.95,65973
2025-01-06 09:15:00,1736135100,2370,2382.9,2348.2,2358.05,183464
2025-01-06 10:15:00,1736138700,2358.15,2366.1,2341.65,2347.35,159609
2025-01-06 11:15:00,1736142300,2347.35,2359,2340.15,2356.6,90930
2025-01-06 12:15:00,1736145900,2356.6,2372.9,2350.15,2363.65,121024
2025-01-06 13:15:00,1736149500,2363.55,2365,2353.9,2358.65,141780
2025-01-06 14:15:00,1736153100,2358.6,2369.45,2346.6,2357.2,115433
2025-01-06 15:15:00,1736156700,2357.2,2363.3,2355.8,2359.9,33409
2025-01-07 09:15:00,1736221500,2360.05,2369.9,2347.5,2360.8,121345
2025-01-07 10:15:00,1736225100,2360.6,2380.6,2357.45,2377,273061
2025-01-07 11:15:00,1736228700,2377,2392.25,2373.1,2375,283265
2025-01-07 12:15:00,1736232300,2375,2386.4,2370.2,2381.15,162732
2025-01-07 13:15:00,1736235900,2381.15,2382.75,2368.55,2374.5,138674
2025-01-07 14:15:00,1736239500,2373.55,2375.2,2355.1,2356.45,168441
2025-01-07 15:15:00,1736243100,2356.5,2360.95,2353,2359,102039
2025-01-08 09:15:00,1736307900,2362.7,2371.15,2302.4,2318.8,274827
2025-01-08 10:15:00,1736311500,2321,2321,2293.25,2294.8,127798
2025-01-08 11:15:00,1736315100,2295,2296.5,2266.5,2269.95,177876
2025-01-08 12:15:00,1736318700,2269.65,2274.9,2251.5,2254.8,151498
2025-01-08 13:15:00,1736322300,2254.8,2263,2235,2261.85,237865
2025-01-08 14:15:00,1736325900,2261,2270.9,2248.05,2252.35,298383
2025-01-08 15:15:00,1736329500,2252.25,2257,2250,2256.6,78227
2025-01-09 09:15:00,1736394300,2279,2286.85,2248.1,2261.3,226873
2025-01-09 10:15:00,1736397900,2262.3,2284.9,2257.8,2277.7,144758
2025-01-09 11:15:00,1736401500,2279,2293,2273.25,2273.45,175677
2025-01-09 12:15:00,1736405100,2274.1,2279.2,2262,2276,96405
2025-01-09 13:15:00,1736408700,2276.05,2277.5,2255.5,2264.6,111748
2025-01-09 14:15:00,1736412300,2264.6,2266.65,2250.4,2252.75,123685
2025-01-09 15:15:00,1736415900,2252.8,2256.15,2249.25,2254,52300
2025-01-10 09:15:00,1736480700,2254,2262.6,2202,2207.95,147924
2025-01-10 10:15:00,1736484300,2207.2,2213.55,2187.75,2210.55,102764
2025-01-10 11:15:00,1736487900,2210,2227.95,2206.45,2213.25,112548
2025-01-10 12:15:00,1736491500,2212.3,2216,2199.15,2209.75,84909
2025-01-10 13:15:00,1736495100,2209.85,2213.55,2193.85,2194.1,75332
2025-01-10 14:15:00,1736498700,2194.1,2198.2,2186.6,2190.45,114230
2025-01-10 15:15:00,1736502300,2190.45,2194.45,2183.5,2183.5,51558
2025-01-13 09:15:00,1736739900,2159,2192.95,2152.6,2170,103610
2025-01-13 10:15:00,1736743500,2170.75,2178.9,2150,2153.85,39299
2025-01-13 11:15:00,1736747100,2154.5,2162.55,2144.45,2152.5,62983
2025-01-13 12:15:00,1736750700,2152.5,2173.1,2138.65,2166.85,164063
2025-01-13 13:15:00,1736754300,2166.7,2167.9,2147.15,2147.15,94459
2025-01-13 14:15:00,1736757900,2147.25,2162,2142.3,2155.8,212213
2025-01-13 15:15:00,1736761500,2155.4,2159.45,2147.1,2148.15,69590
2025-01-14 09:15:00,1736826300,2153,2179.05,2153,2155.05,89889
2025-01-14 10:15:00,1736829900,2155.4,2156.95,2138.9,2152.65,80613
2025-01-14 11:15:00,1736833500,2152.65,2154.15,2136.4,2149.95,104613
2025-01-14 12:15:00,1736837100,2149.75,2170,2146.85,2162.1,46344
2025-01-14 13:15:00,1736840700,2162.1,2163.7,2150.2,2157.25,17878
2025-01-14 14:15:00,1736844300,2157.25,2160.45,2150,2151.55,60982
2025-01-14 15:15:00,1736847900,2151.55,2160.45,2150.05,2158.25,54746
2025-01-15 09:15:00,1736912700,2167,2167,2108,2115.5,93601
2025-01-15 10:15:00,1736916300,2116,2147.5,2111,2132.95,73675
2025-01-15 11:15:00,1736919900,2132.9,2134.5,2120,2128.65,36684
2025-01-15 12:15:00,1736923500,2129.2,2130.25,2112.95,2113.55,66972
2025-01-15 13:15:00,1736927100,2113.55,2132.45,2108.35,2128.5,72480
2025-01-15 14:15:00,1736930700,2128.35,2131.5,2123,2128,66336
2025-01-15 15:15:00,1736934300,2128,2134.65,2123.65,2132,43237
2025-01-16 09:15:00,1736999100,2138.7,2144.25,2103.6,2106.8,68520
2025-01-16 10:15:00,1737002700,2107.6,2108.3,2093,2101,63288
2025-01-16 11:15:00,1737006300,2101,2103.7,2090,2091.9,37916
2025-01-16 12:15:00,1737009900,2092.25,2094.95,2079.7,2080,46774
2025-01-16 13:15:00,1737013500,2080,2097.45,2080,2097.35,48942
2025-01-16 14:15:00,1737017100,2097.35,2100.6,2094.25,2098.65,81919
2025-01-16 15:15:00,1737020700,2098.65,2101.65,2094.45,2099.85,46897
2025-01-17 09:15:00,1737085500,2098.9,2107.5,2068.05,2106,67847
2025-01-17 10:15:00,1737089100,2106,2120.4,2088.6,2095.65,57160
2025-01-17 11:15:00,1737092700,2095.95,2108.95,2091,2102.75,20336
2025-01-17 12:15:00,1737096300,2102.55,2109.7,2097.25,2100.3,18919
2025-01-17 13:15:00,1737099900,2100.3,2117.05,2095.9,2116.5,46765
2025-01-17 14:15:00,1737103500,2116.5,2126,2109.75,2110.75,50197
2025-01-17 15:15:00,1737107100,2110.1,2116.95,2110,2116.95,27977
2025-01-20 09:15:00,1737344700,2119.15,2124.6,2066.25,2075.8,64109
2025-01-20 10:15:00,1737348300,2075.8,2108.45,2074.25,2105.25,61006
2025-01-20 11:15:00,1737351900,2105.25,2110.3,2099.9,2103,28975
2025-01-20 12:15:00,1737355500,2103,2122.5,2102.3,2120.8,47073
2025-01-20 13:15:00,1737359100,2120.8,2123.9,2116.7,2123.9,27830
2025-01-20 14:15:00,1737362700,2123.1,2134,2121.05,2130.95,63439
2025-01-20 15:15:00,1737366300,2130.45,2132.9,2129.75,2132.9,33129
2025-01-21 09:15:00,1737431100,2136,2155.45,2120,2121.9,99954
2025-01-21 10:15:00,1737434700,2121.95,2121.95,2098,2103,45425
2025-01-21 11:15:00,1737438300,2102.35,2131.75,2099.6,2119.8,45610
2025-01-21 12:15:00,1737441900,2119.85,2137.7,2108.5,2126.55,88944
2025-01-21 13:15:00,1737445500,2126.55,2131.15,2110.3,2122.05,25632
2025-01-21 14:15:00,1737449100,2123.7,2125.7,2100.15,2102.3,100239
2025-01-21 15:15:00,1737452700,2102.3,2109.25,2101.1,2109.25,27710
2025-01-22 09:15:00,1737517500,2104.5,2124.6,2089.1,2111,107640
2025-01-22 10:15:00,1737521100,2110.75,2121,2108,2109.3,65230
2025-01-22 11:15:00,1737524700,2109.9,2118.1,2105.95,2116.95,48445
2025-01-22 12:15:00,1737528300,2116.95,2119.4,2109.35,2118.25,55605
2025-01-22 13:15:00,1737531900,2118.25,2121.25,2108.35,2120.4,117403
2025-01-22 14:15:00,1737535500,2119.9,2137.4,2118.5,2136.65,146977
2025-01-22 15:15:00,1737539100,2136.55,2146,2136.1,2141,138338
2025-01-23 09:15:00,1737603900,2144,2154.4,2117,2146.9,107691
2025-01-23 10:15:00,1737607500,2146.75,2148.9,2118.85,2132.15,69796
2025-01-23 11:15:00,1737611100,2132.15,2148.95,2131.45,2146.45,41564
2025-01-23 12:15:00,1737614700,2146.45,2159.9,2142.7,2159.6,70865
2025-01-23 13:15:00,1737618300,2159.6,2165.8,2156.8,2158,100774
2025-01-23 14:15:00,1737621900,2157.85,2159.9,2148.1,2152.6,99762
2025-01-23 15:15:00,1737625500,2152.55,2152.75,2147.3,2150,38116
2025-01-24 09:15:00,1737690300,2150,2151.15,2106.15,2124.55,113671
2025-01-24 10:15:00,1737693900,2124.45,2156,2121.1,2154.75,109523
2025-01-24 11:15:00,1737697500,2154.75,2163.75,2148.2,2149.55,116281
2025-01-24 12:15:00,1737701100,2148.8,2152,2135.55,2146,144874
2025-01-24 13:15:00,1737704700,2146.5,2147.15,2132,2133,200639
2025-01-24 14:15:00,1737708300,2132.05,2142.45,2122.1,2132.85,212168
2025-01-24 15:15:00,1737711900,2133.8,2136,2128,2134,87279
2025-01-27 09:15:00,1737949500,2109,2126.45,2084.3,2085.7,116957
2025-01-27 10:15:00,1737953100,2085.7,2096,2076.1,2084.6,94086
2025-01-27 11:15:00,1737956700,2085.45,2092.2,2076.85,2080.95,142237
2025-01-27 12:15:00,1737960300,2080.95,2089.3,2062.55,2070.75,56717
2025-01-27 13:15:00,1737963900,2072,2073.3,2064.3,2067.75,25521
2025-01-27 14:15:00,1737967500,2067.75,2090.85,2066.3,2079.75,215260
2025-01-27 15:15:00,1737971100,2079.75,2080.1,2055.2,2058.05,84633
2025-01-28 09:15:00,1738035900,2070,2070,2008.5,2022.25,169211
2025-01-28 10:15:00,1738039500,2023,2027.6,2010.1,2011.05,65737
2025-01-28 11:15:00,1738043100,2011.15,2026.9,1998,2026.05,340459
2025-01-28 12:15:00,1738046700,2026.05,2029.95,2012,2028.65,123770
2025-01-28 13:15:00,1738050300,2028.65,2050,2025.75,2049.25,181717
2025-01-28 14:15:00,1738053900,2048.3,2056.3,2018.1,2022.15,659110
2025-01-28 15:15:00,1738057500,2022.2,2031.4,2015.05,2024.95,74610
2025-01-29 09:15:00,1738122300,2008.95,2043.45,2005.05,2023.2,86137
2025-01-29 10:15:00,1738125900,2023.2,2042.5,2019,2035.7,166229
2025-01-29 11:15:00,1738129500,2035.55,2044.15,2027.45,2040.5,66464
2025-01-29 12:15:00,1738133100,2040.25,2057,2036.65,2049.1,118125
2025-01-29 13:15:00,1738136700,2049,2060.4,2047.45,2058.25,63902
2025-01-29 14:15:00,1738140300,2058.15,2072,2054.9,2069.9,54869
2025-01-29 15:15:00,1738143900,2069.8,2073,2065,2070,20139
2025-01-30 09:15:00,1738208700,2065,2093.95,2063,2077.5,85494
2025-01-30 10:15:00,1738212300,2076.85,2082.9,2063.55,2069.9,59062
2025-01-30 11:15:00,1738215900,2070.4,2072.3,2063.7,2065,28850
2025-01-30 12:15:00,1738219500,2065,2074.9,2060,2070.95,62138
2025-01-30 13:15:00,1738223100,2071.8,2073,2057.65,2065.15,107147
2025-01-30 14:15:00,1738226700,2065.15,2074.8,2055.6,2068.25,268812
2025-01-30 15:15:00,1738230300,2066.9,2068.3,2053.2,2053.2,116840
2025-01-31 09:15:00,1738295100,2071,2109.4,2061,2074.55,156648
2025-01-31 10:15:00,1738298700,2074.95,2096.4,2066,2089.95,127507
2025-01-31 11:15:00,1738302300,2090,2094.6,2074.65,2094.4,174207
2025-01-31 12:15:00,1738305900,2094.15,2095.75,2079.45,2082.8,70777
2025-01-31 13:15:00,1738309500,2082.8,2087.85,2075.5,2077.7,69798
2025-01-31 14:15:00,1738313100,2077.65,2086.55,2070.1,2080.4,171995
2025-01-31 15:15:00,1738316700,2080.4,2089.05,2075.05,2089.05,111909
2025-02-01 09:15:00,1738381500,2080,2118.6,2071,2084,48190
2025-02-01 10:15:00,1738385100,2084,2086.85,2074.5,2083.35,15086
2025-02-01 11:15:00,1738388700,2083.35,2086.4,2028.7,2068.35,55097
2025-02-01 12:15:00,1738392300,2068.35,2076.45,2030,2043,32273
2025-02-01 13:15:00,1738395900,2040.5,2079.9,2037.75,2065.3,34244
2025-02-01 14:15:00,1738399500,2064.65,2068.25,2048.75,2058.85,57214
2025-02-01 15:15:00,1738403100,2058.85,2059.95,2052,2052,10715
2025-02-03 09:15:00,1738554300,2056.25,2074.9,2005.8,2006.55,383439
2025-02-03 10:15:00,1738557900,2006.55,2022.4,2001,2003.55,86884
2025-02-03 11:15:00,1738561500,2003.15,2014.8,2001.6,2012.5,84584
2025-02-03 12:15:00,1738565100,2013.35,2028,2007.45,2027.4,68540
2025-02-03 13:15:00,1738568700,2026.9,2028.95,2015.6,2018.5,82416
2025-02-03 14:15:00,1738572300,2018.5,2035.85,2015.15,2033.6,107477
2025-02-03 15:15:00,1738575900,2033.6,2037.7,2026.2,2030.85,36021
2025-02-04 09:15:00,1738640700,2048.6,2089.9,2041.6,2079.05,100403
2025-02-04 10:15:00,1738644300,2079.6,2087.15,2074.55,2084.45,53672
2025-02-04 11:15:00,1738647900,2084.75,2098.85,2079.55,2093.05,69444
2025-02-04 12:15:00,1738651500,2092.05,2096.25,2086.55,2086.55,33671
2025-02-04 13:15:00,1738655100,2086.9,2095.9,2083.6,2091.05,45655
2025-02-04 14:15:00,1738658700,2090.8,2115.95,2088.8,2109.05,137227
2025-02-04 15:15:00,1738662300,2109.05,2114.65,2106.4,2107.05,51757
2025-02-05 09:15:00,1738727100,2116,2183.45,2100.45,2177.9,251357
2025-02-05 10:15:00,1738730700,2177.6,2201,2172.45,2197.9,211475
2025-02-05 11:15:00,1738734300,2197.3,2198.25,2178,2192.3,217105
2025-02-05 12:15:00,1738737900,2192.75,2197.9,2173.9,2180,179846
2025-02-05 13:15:00,1738741500,2180,2195,2177.55,2188.6,156977
2025-02-05 14:15:00,1738745100,2189.4,2189.4,2176,2188.2,219558
2025-02-05 15:15:00,1738748700,2188.3,2191.45,2180,2189,115227
2025-02-06 09:15:00,1738813500,2199.3,2215,2182.1,2189.4,285332
2025-02-06 10:15:00,1738817100,2189.4,2198.15,2187.6,2194.85,108953
2025-02-06 11:15:00,1738820700,2194.75,2197.5,2175.55,2196.05,83309
2025-02-06 12:15:00,1738824300,2195.9,2202.2,2189.05,2193.85,69703
2025-02-06 13:15:00,1738827900,2193.85,2201.85,2189.1,2196.05,69421
2025-02-06 14:15:00,1738831500,2196.05,2196.9,2181.85,2184,85437
2025-02-06 15:15:00,1738835100,2184,2189.2,2182.05,2184.85,50479
2025-02-07 09:15:00,1738899900,2192,2194.65,2165.15,2194.25,72424
2025-02-07 10:15:00,1738903500,2194.25,2212,2180,2210.55,106519
2025-02-07 11:15:00,1738907100,2210.55,2225,2198.45,2201.6,174068
2025-02-07 12:15:00,1738910700,2201.6,2217.85,2200,2206.7,156309
2025-02-07 13:15:00,1738914300,2206.65,2220.55,2188.6,2191.4,75330
2025-02-07 14:15:00,1738917900,2191.4,2209.1,2180,2203.6,133314
2025-02-07 15:15:00,1738921500,2203.8,2211,2199.25,2200.2,58080
2025-02-10 09:15:00,1739159100,2201.9,2218.8,2162.3,2171.65,180616
2025-02-10 10:15:00,1739162700,2171.65,2174.6,2151.5,2165.1,89066
2025-02-10 11:15:00,1739166300,2165.1,2172.85,2155.25,2161.5,61261
2025-02-10 12:15:00,1739169900,2161.5,2172,2158.05,2163.7,55355
2025-02-10 13:15:00,1739173500,2163.65,2163.7,2148.15,2152.8,98681
2025-02-10 14:15:00,1739177100,2153.15,2175.2,2152.35,2170,157452
2025-02-10 15:15:00,1739180700,2170,2170.75,2163.05,2163.1,74120
2025-02-11 09:15:00,1739245500,2178.6,2178.6,2094.5,2097.35,231713
2025-02-11 10:15:00,1739249100,2096.95,2100.15,2071.55,2078.95,138075
2025-02-11 11:15:00,1739252700,2078.95,2083.05,2065,2075.2,178304
2025-02-11 12:15:00,1739256300,2075.75,2076.9,2041,2043.25,111425
2025-02-11 13:15:00,1739259900,2043.25,2057,2037.05,2049,134776
2025-02-11 14:15:00,1739263500,2049.65,2079.45,2042.2,2065.85,231274
2025-02-11 15:15:00,1739267100,2065.9,2070,2064.05,2067.95,99525
2025-02-12 09:15:00,1739331900,2079,2112.3,1999.45,2049.25,1016218
2025-02-12 10:15:00,1739335500,2048.9,2067.65,2036.2,2062.45,333561
2025-02-12 11:15:00,1739339100,2062.45,2077.95,2048.15,2054.1,261216
2025-02-12 12:15:00,1739342700,2054,2062.35,2045.1,2060.5,109466
2025-02-12 13:15:00,1739346300,2060,2062,2016.6,2023.35,167168
2025-02-12 14:15:00,1739349900,2022.7,2027.3,2005.8,2024.6,228255
2025-02-12 15:15:00,1739353500,2024.9,2031.3,2020.2,2025.25,144422
2025-02-13 09:15:00,1739418300,2051.15,2140,2051.15,2113,1297286
2025-02-13 10:15:00,1739421900,2112.15,2117,2100,2103.35,246660
2025-02-13 11:15:00,1739425500,2103,2110,2090.15,2091.55,260437
2025-02-13 12:15:00,1739429100,2091.55,2097.1,2061.7,2061.7,156549
2025-02-13 13:15:00,1739432700,2061.7,2066,2041.15,2055.7,248678
2025-02-13 14:15:00,1739436300,2055.7,2066.75,2051.3,2057.9,278475
2025-02-13 15:15:00,1739439900,2058,2059.5,2050,2052,124151
2025-02-14 09:15:00,1739504700,2065.2,2071,1983.05,1985.4,241029
2025-02-14 10:15:00,1739508300,1985.65,1990.7,1948.25,1965.15,274673
2025-02-14 11:15:00,1739511900,1964.95,1965.1,1931.65,1936.95,213001
2025-02-14 12:15:00,1739515500,1937.05,1950.75,1931.6,1940,209360
2025-02-14 13:15:00,1739519100,1940,1953.3,1939.9,1949.1,236750
2025-02-14 14:15:00,1739522700,1949,1980.1,1947.6,1968.45,473577
2025-02-14 15:15:00,1739526300,1968.45,1977.9,1964.5,1977.9,278963
2025-02-17 09:15:00,1739763900,1956.05,1984.9,1930,1977.95,178422
2025-02-17 10:15:00,1739767500,1978.65,2012,1975.45,1998.15,175864
2025-02-17 11:15:00,1739771100,1997.75,2004.4,1980,1986.3,85966
2025-02-17 12:15:00,1739774700,1986.25,2003,1979.1,1997,51368
2025-02-17 13:15:00,1739778300,1997,2012,1994.25,2011,98363
2025-02-17 14:15:00,1739781900,2011,2028.55,2010.25,2027.8,307768
2025-02-17 15:15:00,1739785500,2027.65,2032.9,2023.5,2025,211308
2025-02-18 09:15:00,1739850300,2011.1,2025,1995.35,2006.15,112447
2025-02-18 10:15:00,1739853900,2006.15,2014.3,1997.6,2006.15,51573
2025-02-18 11:15:00,1739857500,2006.15,2015.1,1997.25,2008.1,40235
2025-02-18 12:15:00,1739861100,2007.05,2016,2004.35,2007.25,27040
2025-02-18 13:15:00,1739864700,2007.9,2018.9,2006.4,2009.9,25137
2025-02-18 14:15:00,1739868300,2009.35,2018.7,2007.5,2013.85,52225
2025-02-18 15:15:00,1739871900,2013.8,2015,2005,2013.1,34075
2025-02-19 09:15:00,1739936700,1950,1963.8,1892.75,1962,640948
2025-02-19 10:15:00,1739940300,1962,1977.55,1961.65,1971.3,471215
2025-02-19 11:15:00,1739943900,1972.15,1975,1966.5,1970.9,102241
2025-02-19 12:15:00,1739947500,1970.9,1987,1969.75,1981.85,124581
2025-02-19 13:15:00,1739951100,1981.75,1983.2,1970,1975.6,117569
2025-02-19 14:15:00,1739954700,1975.6,1981.35,1967.7,1979.4,134064
2025-02-19 15:15:00,1739958300,1978.8,1980,1975.05,1975.15,60029
2025-02-20 09:15:00,1740023100,1978.25,1996.2,1971.55,1986.35,122842
2025-02-20 10:15:00,1740026700,1986.35,1994.4,1981.05,1984.4,47727
2025-02-20 11:15:00,1740030300,1984.4,1986.95,1970.1,1973.75,49985
2025-02-20 12:15:00,1740033900,1973.7,1973.9,1963.8,1968.55,40573
2025-02-20 13:15:00,1740037500,1968.75,1983.95,1965.2,1974,63680
2025-02-20 14:15:00,1740041100,1974,1982.4,1971.05,1977.9,89309
2025-02-20 15:15:00,1740044700,1977.95,1979.9,1975.7,1978,51636
2025-02-21 09:15:00,1740109500,1985,1987.95,1941.25,1948.7,130766
2025-02-21 10:15:00,1740113100,1948.7,1951.5,1925.05,1927.2,61450
2025-02-21 11:15:00,1740116700,1927.95,1939.2,1927,1933.05,56253
2025-02-21 12:15:00,1740120300,1933.05,1940.85,1919.45,1926,146839
2025-02-21 13:15:00,1740123900,1926,1926.95,1915.5,1917,92513
2025-02-21 14:15:00,1740127500,1917,1923.55,1902.5,1906,387822
2025-02-21 15:15:00,1740131100,1906.1,1909,1901.9,1905,61922
2025-02-24 09:15:00,1740368700,1905.35,1943.95,1880,1941.15,353288
2025-02-24 10:15:00,1740372300,1942,1945.8,1915.55,1919.8,158253
2025-02-24 11:15:00,1740375900,1919.8,1925.7,1916.4,1919.95,106611
2025-02-24 12:15:00,1740379500,1919.3,1923.3,1905.95,1909.05,83083
2025-02-24 13:15:00,1740383100,1909.15,1916,1898.6,1901.95,163036
2025-02-24 14:15:00,1740386700,1901.95,1910.95,1898.85,1902.75,107572
2025-02-24 15:15:00,1740390300,1902.7,1904.9,1899,1904.9,63257
2025-02-25 09:15:00,1740455100,1915,1924.1,1894.05,1904.35,116413
2025-02-25 10:15:00,1740458700,1904.3,1906.35,1896.95,1902.65,61782
2025-02-25 11:15:00,1740462300,1902.6,1905.85,1889,1891.25,62639
2025-02-25 12:15:00,1740465900,1891.25,1903.9,1890.25,1899.8,97164
2025-02-25 13:15:00,1740469500,1899.95,1903.05,1895.6,1901,84180
2025-02-25 14:15:00,1740473100,1900.1,1903.15,1898.85,1900,138298
2025-02-25 15:15:00,1740476700,1899.55,1900,1890,1894,37214
2025-02-27 09:15:00,1740627900,1900.7,1914.8,1890.4,1913.95,232749
2025-02-27 10:15:00,1740631500,1913.95,1916,1898.6,1905.75,175245
2025-02-27 11:15:00,1740635100,1906.65,1913.5,1884.5,1886.5,219683
2025-02-27 12:15:00,1740638700,1886.45,1892.5,1881.05,1891.45,66758
2025-02-27 13:15:00,1740642300,1891.4,1903.95,1890.6,1900.05,132322
2025-02-27 14:15:00,1740645900,1900.1,1900.7,1884.5,1893,210451
2025-02-27 15:15:00,1740649500,1892.2,1892.8,1882.05,1892.8,63514
2025-02-28 09:15:00,1740714300,1920,1920,1859.5,1868,307451
2025-02-28 10:15:00,1740717900,1868.1,1886.5,1864.9,1875.5,76270
2025-02-28 11:15:00,1740721500,1875.5,1898,1873.1,1888.3,108031
2025-02-28 12:15:00,1740725100,1887.25,1895,1883,1891,130294
2025-02-28 13:15:00,1740728700,1891,1898,1885.3,1897.2,117292
2025-02-28 14:15:00,1740732300,1897.2,1911.1,1890,1910.35,374664
2025-02-28 15:15:00,1740735900,1910.35,1925,1901.2,1908.8,207445
2025-03-03 09:15:00,1740973500,1904,1914.85,1891.15,1904.2,123421
2025-03-03 10:15:00,1740977100,1905.15,1924.75,1901.95,1916.8,143714
2025-03-03 11:15:00,1740980700,1916.45,1935.2,1914.05,1934.35,190383
2025-03-03 12:15:00,1740984300,1934.8,1952.75,1932.55,1951.85,182410
2025-03-03 13:15:00,1740987900,1952.85,1961,1948.5,1955,144197
2025-03-03 14:15:00,1740991500,1955.05,1960,1948.55,1953.05,137926
2025-03-03 15:15:00,1740995100,1953.05,1955.3,1949,1955,63191
2025-03-04 09:15:00,1741059900,1940,1954.1,1925.1,1938.25,129883
2025-03-04 10:15:00,1741063500,1938.2,1944.05,1932.25,1938.3,62330
2025-03-04 11:15:00,1741067100,1938.3,1950,1933.1,1936.45,74184
2025-03-04 12:15:00,1741070700,1936.45,1946.75,1935.15,1943,58141
2025-03-04 13:15:00,1741074300,1943.2,1955,1940.25,1953.5,60171
2025-03-04 14:15:00,1741077900,1953.5,1965.25,1951.25,1952.25,120526
2025-03-04 15:15:00,1741081500,1952.35,1959,1948.05,1959,69323
2025-03-05 09:15:00,1741146300,1948,1977,1936.85,1970.25,139569
2025-03-05 10:15:00,1741149900,1970.25,1991.95,1966.5,1986.4,126274
2025-03-05 11:15:00,1741153500,1986.4,1990,1977.75,1981.15,72915
2025-03-05 12:15:00,1741157100,1981.95,1986,1968.45,1986,68115
2025-03-05 13:15:00,1741160700,1982.7,2018.4,1975.35,2013,132590
2025-03-05 14:15:00,1741164300,2012.3,2016.9,2009,2011.85,110570
2025-03-05 15:15:00,1741167900,2011.85,2013.45,2005.05,2009,61695
2025-03-06 09:15:00,1741232700,2021.4,2034,2006.05,2014.5,135774
2025-03-06 10:15:00,1741236300,2013.8,2024,2012.25,2017.55,73496
2025-03-06 11:15:00,1741239900,2017.55,2022.35,2012.6,2018.85,52157
2025-03-06 12:15:00,1741243500,2018.85,2027.8,2018.15,2025.75,47576
2025-03-06 13:15:00,1741247100,2026,2028.55,2020.6,2022.85,52296
2025-03-06 14:15:00,1741250700,2022.8,2023,2014.95,2017.85,90599
2025-03-06 15:15:00,1741254300,2017.75,2022.95,2015.9,2020.95,61328
2025-03-07 09:15:00,1741319100,2014,2047.65,2004,2041.7,188518
2025-03-07 10:15:00,1741322700,2040.75,2045.4,2022.7,2029.95,106093
2025-03-07 11:15:00,1741326300,2030,2034.55,2014.05,2015.4,91445
2025-03-07 12:15:00,1741329900,2015.05,2018,2008.25,2012.3,66140
2025-03-07 13:15:00,1741333500,2012.9,2022.3,2008.45,2013.7,63310
2025-03-07 14:15:00,1741337100,2013.65,2034.15,2012.2,2030.2,275156
2025-03-07 15:15:00,1741340700,2030.8,2032.8,2016.95,2029,145635
2025-03-10 09:15:00,1741578300,2049.8,2080.1,2030.95,2038.85,475168
2025-03-10 10:15:00,1741581900,2038.2,2043,2021.15,2022.7,83285
2025-03-10 11:15:00,1741585500,2022.35,2026,2020,2022.45,78697
2025-03-10 12:15:00,1741589100,2022.45,2022.45,2004.4,2018.6,133653
2025-03-10 13:15:00,1741592700,2018.35,2024.65,2012.1,2018.2,74955
2025-03-10 14:15:00,1741596300,2018.2,2018.2,2002.05,2011.05,158817
2025-03-10 15:15:00,1741599900,2011.15,2011.8,2002.9,2003,118155
2025-03-11 09:15:00,1741664700,2007.8,2007.9,1967.75,1989.9,142151
2025-03-11 10:15:00,1741668300,1989.2,2005.8,1980.35,1995.75,63991
2025-03-11 11:15:00,1741671900,1995.75,1996.45,1980,1982.4,73477
2025-03-11 12:15:00,1741675500,1982.4,1986.6,1968.9,1969.5,128156
2025-03-11 13:15:00,1741679100,1969.7,1988.35,1967,1987.45,95103
2025-03-11 14:15:00,1741682700,1987.35,1988.25,1973.6,1976.3,189359
2025-03-11 15:15:00,1741686300,1976.2,1981,1972.35,1975.7,112958
2025-03-12 09:15:00,1741751100,1976.1,1986.5,1950.3,1950.35,129732
2025-03-12 10:15:00,1741754700,1950.35,1960,1937.4,1950.95,71531
2025-03-12 11:15:00,1741758300,1950.6,1954.5,1938,1954.5,39464
2025-03-12 12:15:00,1741761900,1953.8,1958.2,1949.1,1955.05,61356
2025-03-12 13:15:00,1741765500,1955.9,1958.5,1949.2,1950.1,53831
2025-03-12 14:15:00,1741769100,1950,1971.3,1947,1969.35,165354
2025-03-12 15:15:00,1741772700,1969.1,1970.2,1960.35,1966.7,55551
2025-03-13 09:15:00,1741837500,1978,1983.25,1950.55,1971.8,89662
2025-03-13 10:15:00,1741841100,1972,1976.9,1965.3,1973.95,43225
2025-03-13 11:15:00,1741844700,1974,1976.35,1966.35,1975,31959
2025-03-13 12:15:00,1741848300,1973.9,1978.95,1971.05,1974,25055
2025-03-13 13:15:00,1741851900,1974,1981.9,1971,1978,40984
2025-03-13 14:15:00,1741855500,1977.6,1978.05,1965.55,1969.25,98340
2025-03-13 15:15:00,1741859100,1969.2,1970.95,1960.1,1960.1,45134
2025-03-17 09:15:00,1742183100,1965.5,2011,1961,1998.8,152702
2025-03-17 10:15:00,1742186700,1998.8,2004.45,1993,2004.1,74037
2025-03-17 11:15:00,1742190300,2003.9,2006.9,1998.5,2004.6,35970
2025-03-17 12:15:00,1742193900,2004.75,2004.75,1997.5,2001.4,20729
2025-03-17 13:15:00,1742197500,2001.4,2005.9,1992.15,1995.55,37608
2025-03-17 14:15:00,1742201100,1995.4,1996.35,1987,1992.75,139209
2025-03-17 15:15:00,1742204700,1992.85,1994,1988.1,1988.1,90663
2025-03-18 09:15:00,1742269500,1993,2021.95,1989.5,2011.35,140071
2025-03-18 10:15:00,1742273100,2010.6,2023.95,2009.35,2019.35,55185
2025-03-18 11:15:00,1742276700,2019.35,2024,2015.2,2015.9,66521
2025-03-18 12:15:00,1742280300,2015.9,2020,2009,2010.7,41993
2025-03-18 13:15:00,1742283900,2010.5,2028.6,2010,2027.6,106125
2025-03-18 14:15:00,1742287500,2026.95,2037,2024.75,2035.05,90360
2025-03-18 15:15:00,1742291100,2034.7,2041,2033.2,2036.05,44518
2025-03-19 09:15:00,1742355900,2041.9,2046.85,2024.25,2042.8,65292
2025-03-19 10:15:00,1742359500,2042.8,2048,2042.8,2045.85,25885
2025-03-19 11:15:00,1742363100,2045.85,2053,2035.15,2050.55,57194
2025-03-19 12:15:00,1742366700,2050.6,2063.7,2050,2063.2,41668
2025-03-19 13:15:00,1742370300,2063.2,2064.05,2055.1,2062.55,23803
2025-03-19 14:15:00,1742373900,2062,2067.85,2058.65,2061.1,72863
2025-03-19 15:15:00,1742377500,2061.1,2065,2056.9,2064.9,50932
2025-03-20 09:15:00,1742442300,2075,2075,2047.6,2049.55,77850
2025-03-20 10:15:00,1742445900,2049.55,2074.8,2048.55,2074.1,43671
2025-03-20 11:15:00,1742449500,2074.1,2094,2074,2094,69422
2025-03-20 12:15:00,1742453100,2093.65,2100,2085,2089.1,50998
2025-03-20 13:15:00,1742456700,2089.1,2089.55,2082.95,2088.9,33294
2025-03-20 14:15:00,1742460300,2088.85,2095.9,2082,2085.65,110959
2025-03-20 15:15:00,1742463900,2085.8,2090,2083.95,2085.85,122672
2025-03-21 09:15:00,1742528700,2089,2124.8,2080.4,2108.5,209716
2025-03-21 10:15:00,1742532300,2109,2116.7,2095.55,2102,72729
2025-03-21 11:15:00,1742535900,2102,2106.65,2097.45,2098.85,27136
2025-03-21 12:15:00,1742539500,2099.25,2104.45,2085.05,2085.15,45605
2025-03-21 13:15:00,1742543100,2085,2106.7,2084,2104.25,90774
2025-03-21 14:15:00,1742546700,2104.3,2117.9,2103.9,2116,345387
2025-03-21 15:15:00,1742550300,2115.75,2121,2113.45,2117,207651
2025-03-24 09:15:00,1742787900,2129,2135,2098.45,2105,97298
2025-03-24 10:15:00,1742791500,2105.8,2118.55,2104.95,2110.9,42239
2025-03-24 11:15:00,1742795100,2110.8,2123.4,2110.55,2120.1,35546
2025-03-24 12:15:00,1742798700,2122.2,2126.1,2114.7,2116.1,45865
2025-03-24 13:15:00,1742802300,2116.1,2118.05,2109.55,2117.85,60869
2025-03-24 14:15:00,1742805900,2117.85,2123.75,2115.6,2119.55,69517
2025-03-24 15:15:00,1742809500,2119.4,2120.35,2119,2119.05,40613
2025-03-25 09:15:00,1742874300,2120.15,2125,2072.1,2094.4,118107
2025-03-25 10:15:00,1742877900,2094.3,2097.25,2070.3,2074.55,106922
2025-03-25 11:15:00,1742881500,2076.2,2076.2,2053.85,2067.9,127944
2025-03-25 12:15:00,1742885100,2068,2075.75,2066.9,2067,31327
2025-03-25 13:15:00,1742888700,2067,2089.85,2066,2086.85,50907
2025-03-25 14:15:00,1742892300,2087.7,2092.95,2063.15,2066,154848
2025-03-25 15:15:00,1742895900,2066.1,2073.65,2065.65,2073,112061
2025-03-26 09:15:00,1742960700,2079,2098,2068.05,2074.35,144441
2025-03-26 10:15:00,1742964300,2073.5,2081.45,2066.3,2073.75,114854
2025-03-26 11:15:00,1742967900,2072.8,2080.55,2071.35,2077.35,111042
2025-03-26 12:15:00,1742971500,2077.35,2081.5,2066.8,2068.1,60932
2025-03-26 13:15:00,1742975100,2068.1,2070.15,2056.7,2059.75,54293
2025-03-26 14:15:00,1742978700,2059.7,2063.5,2053.75,2062,128360
2025-03-26 15:15:00,1742982300,2062,2068.8,2053.05,2053.05,67742
2025-03-27 09:15:00,1743047100,2038.75,2054,2021,2024,145945
2025-03-27 10:15:00,1743050700,2024,2024,2003.3,2004.15,152921
2025-03-27 11:15:00,1743054300,2004,2004.9,1993.6,1998.65,220517
2025-03-27 12:15:00,1743057900,1998.65,2025,1998,2021.1,193974
2025-03-27 13:15:00,1743061500,2020.95,2028.5,2016.05,2017.8,87665
2025-03-27 14:15:00,1743065100,2017.4,2024.35,2013,2020,483371
2025-03-27 15:15:00,1743068700,2021.3,2027.95,2013.15,2019.35,262076
2025-03-28 09:15:00,1743133500,2044.85,2044.85,1995.9,1998.75,103159
2025-03-28 10:15:00,1743137100,1998.95,2029.45,1993.75,2010.5,99265
2025-03-28 11:15:00,1743140700,2010.5,2019.25,2006.75,2010.4,107525
2025-03-28 12:15:00,1743144300,2010.4,2011.65,1999.9,2002.55,97758
2025-03-28 13:15:00,1743147900,2002.5,2008.5,1998.05,2007.55,122077
2025-03-28 14:15:00,1743151500,2007.55,2034.5,2007.55,2031.6,203983
2025-03-28 15:15:00,1743155100,2031.6,2031.8,2016.25,2024,94549
2025-04-01 09:15:00,1743479100,2017.65,2021.95,1996,1999.65,248441
2025-04-01 10:15:00,1743482700,1999.65,2008.3,1975,1975,145104
2025-04-01 11:15:00,1743486300,1975.05,1978.7,1950.1,1956.55,153164
2025-04-01 12:15:00,1743489900,1956.6,1959.05,1944.05,1950,124383
2025-04-01 13:15:00,1743493500,1950,1955.7,1944.55,1951.2,172585
2025-04-01 14:15:00,1743497100,1951.2,1958.5,1950,1958,134127
2025-04-01 15:15:00,1743500700,1958,1960.7,1950.95,1960,133681
2025-04-02 09:15:00,1743565500,1959.25,1979.8,1938.55,1971.6,388236
2025-04-02 10:15:00,1743569100,1971.6,1997.95,1963.1,1992.7,105102
2025-04-02 11:15:00,1743572700,1992.7,1994.3,1983.95,1989,43910
2025-04-02 12:15:00,1743576300,1989,2013.35,1988.65,2004.4,240282
2025-04-02 13:15:00,1743579900,2004.9,2010.85,1997.7,2008.9,301487
2025-04-02 14:15:00,1743583500,2008.95,2019.5,2002.2,2009.2,299304
2025-04-02 15:15:00,1743587100,2009.45,2012.3,2005.55,2012.3,86011
2025-04-03 09:15:00,1743651900,2100,2150,2070.05,2100,1704927
2025-04-03 10:15:00,1743655500,2100.85,2108.95,2078.25,2098.7,507231
2025-04-03 11:15:00,1743659100,2098.7,2102,2087.6,2090.65,326453
2025-04-03 12:15:00,1743662700,2090.65,2095,2078.9,2084.3,217057
2025-04-03 13:15:00,1743666300,2084.15,2093.95,2081.05,2081.95,179284
2025-04-03 14:15:00,1743669900,2082.4,2102,2082.15,2095.65,270720
2025-04-03 15:15:00,1743673500,2095.3,2099,2092.8,2094,123814
2025-04-04 09:15:00,1743738300,2089.95,2089.95,1937,1938.9,734416
2025-04-04 10:15:00,1743741900,1938.55,1973,1916,1960,803419
2025-04-04 11:15:00,1743745500,1960.05,1989.6,1958.55,1980,255015
2025-04-04 12:15:00,1743749100,1980,1993.65,1970.55,1974.3,222300
2025-04-04 13:15:00,1743752700,1974.2,1976.1,1961.6,1971.35,365841
2025-04-04 14:15:00,1743756300,1972.35,1979.4,1969.05,1970,517026
2025-04-04 15:15:00,1743759900,1970.05,1973.9,1969,1969.95,188584
2025-04-07 09:15:00,1743997500,1795.2,1941.6,1795.2,1909.25,794499
2025-04-07 10:15:00,1744001100,1911.45,1956.95,1906.4,1947.3,121190
2025-04-07 11:15:00,1744004700,1947.25,1954.8,1934.95,1936.4,64288
2025-04-07 12:15:00,1744008300,1936.35,1945,1928,1931.9,81108
2025-04-07 13:15:00,1744011900,1931.2,1942.75,1918.35,1920.75,217504
2025-04-07 14:15:00,1744015500,1920.65,1929,1917.8,1919.95,470465
2025-04-07 15:15:00,1744019100,1920,1932.9,1918.7,1925.7,240207
2025-04-08 09:15:00,1744083900,1931.1,1971,1925.35,1939.45,162110
2025-04-08 10:15:00,1744087500,1939.35,1959.05,1934.6,1952.4,114006
2025-04-08 11:15:00,1744091100,1951.75,1978.65,1947.5,1978.3,89950
2025-04-08 12:15:00,1744094700,1978.45,1982.6,1970.1,1982.3,77170
2025-04-08 13:15:00,1744098300,1982.25,1982.85,1968,1981.15,94841
2025-04-08 14:15:00,1744101900,1981.15,1991.4,1977,1980.8,156749
2025-04-08 15:15:00,1744105500,1980.8,1989.2,1978.05,1985,102072
2025-04-09 09:15:00,1744170300,1935,1937.25,1908,1920.1,294967
2025-04-09 10:15:00,1744173900,1920.05,1928.85,1915.4,1920,304934
2025-04-09 11:15:00,1744177500,1920.6,1930.6,1917.3,1923.7,95624
2025-04-09 12:15:00,1744181100,1924.35,1939.25,1923.05,1929,77553
2025-04-09 13:15:00,1744184700,1930.35,1934.85,1924.1,1925.75,62090
2025-04-09 14:15:00,1744188300,1925.95,1928.9,1918.2,1919.9,165495
2025-04-09 15:15:00,1744191900,1919.9,1921.75,1916,1919.6,112094
2025-04-11 09:15:00,1744343100,2010.65,2018.65,1954.05,1959,252027
2025-04-11 10:15:00,1744346700,1959,1976,1950,1969.1,84765
2025-04-11 11:15:00,1744350300,1969.05,1977.8,1959.1,1973,93379
2025-04-11 12:15:00,1744353900,1973,1986.5,1971.25,1978.75,264711
2025-04-11 13:15:00,1744357500,1978.75,1978.75,1971,1974.85,99551
2025-04-11 14:15:00,1744361100,1975,1975.9,1964.85,1968.95,172209
2025-04-11 15:15:00,1744364700,1968.95,1973.1,1967.4,1971,118153
2025-04-15 09:15:00,1744688700,2030,2030,1980.3,2018.6,229537
2025-04-15 10:15:00,1744692300,2018.5,2020.6,1996.2,1999.7,81297
2025-04-15 11:15:00,1744695900,1999.8,2004.6,1996.6,2003.2,66009
2025-04-15 12:15:00,1744699500,2002.7,2003.7,1993.3,2002.5,64224
2025-04-15 13:15:00,1744703100,2002.5,2005,1994.3,1997.6,381181
2025-04-15 14:15:00,1744706700,1997.6,2016,1997.1,2013.5,273610
2025-04-15 15:15:00,1744710300,2013.4,2019.3,2007.4,2012.3,154545
2025-04-16 09:15:00,1744775100,2008.2,2029.2,1999.2,2019.1,76696
2025-04-16 10:15:00,1744778700,2019.1,2020.5,2007.9,2013.4,62083
2025-04-16 11:15:00,1744782300,2012.9,2013.4,1962,1983.9,167235
2025-04-16 12:15:00,1744785900,1983.8,1985.9,1933.4,1951.6,815961
2025-04-16 13:15:00,1744789500,1950.7,1958.2,1927.8,1943,351066
2025-04-16 14:15:00,1744793100,1943,1945,1921,1932.7,369609
2025-04-16 15:15:00,1744796700,1931.8,1939.8,1931.8,1935,168026
2025-04-17 09:15:00,1744861500,1935,1961.9,1935,1943.3,252323
2025-04-17 10:15:00,1744865100,1943.3,1947.5,1935,1939.1,109245
2025-04-17 11:15:00,1744868700,1940.4,1950,1934.1,1937.3,243574
2025-04-17 12:15:00,1744872300,1937.3,1937.6,1925.8,1926.9,310906
2025-04-17 13:15:00,1744875900,1927.3,1939,1922.1,1934.6,206696
2025-04-17 14:15:00,1744879500,1934.7,1953.6,1932.1,1939.2,258241
2025-04-17 15:15:00,1744883100,1938.2,1939.2,1934.1,1934.1,60877
2025-04-21 09:15:00,1745207100,1954.2,1970,1928.4,1965.2,194443
2025-04-21 10:15:00,1745210700,1965.7,1985.3,1965,1983.3,129818
2025-04-21 11:15:00,1745214300,1983.5,1999.9,1981.2,1998.5,191710
2025-04-21 12:15:00,1745217900,1998.5,2011.8,1994.6,2006.4,177730
2025-04-21 13:15:00,1745221500,2006.2,2014.6,1998.4,2012.7,105591
2025-04-21 14:15:00,1745225100,2012.7,2014.5,2006.4,2007.4,108642
2025-04-21 15:15:00,1745228700,2006.9,2012.5,2001.6,2001.6,58647
2025-04-22 09:15:00,1745293500,2003,2018,1987,2015.9,118537
2025-04-22 10:15:00,1745297100,2017,2052,2012.1,2051.4,234558
2025-04-22 11:15:00,1745300700,2051.3,2061,2040.5,2045.9,429428
2025-04-22 12:15:00,1745304300,2045.9,2051.1,2023.8,2046.2,182135
2025-04-22 13:15:00,1745307900,2046.9,2049.5,2035.7,2046.2,58881
2025-04-22 14:15:00,1745311500,2045.4,2050.9,2036.7,2047,143846
2025-04-22 15:15:00,1745315100,2047,2049.9,2040.8,2040.8,88571
2025-04-23 09:15:00,1745379900,2052,2087.9,2033.9,2087.9,259039
2025-04-23 10:15:00,1745383500,2087.2,2099.5,2075.7,2081.5,167454
2025-04-23 11:15:00,1745387100,2080.5,2104.1,2077,2092.2,142876
2025-04-23 12:15:00,1745390700,2092.5,2093.8,2078.4,2084.7,109893
2025-04-23 13:15:00,1745394300,2084.7,2098,2082.1,2089.3,164227
2025-04-23 14:15:00,1745397900,2090.5,2095.3,2083.8,2090,183090
2025-04-23 15:15:00,1745401500,2089.7,2091.9,2084.4,2088,65487
2025-04-24 09:15:00,1745466300,2089.6,2139.7,2082.5,2139.5,410378
2025-04-24 10:15:00,1745469900,2139.7,2149.5,2113.1,2120.4,355406
2025-04-24 11:15:00,1745473500,2120.4,2124.9,2102,2102,165198
2025-04-24 12:15:00,1745477100,2101.8,2113,2098.7,2102,119525
2025-04-24 13:15:00,1745480700,2101.9,2110.2,2098,2104.5,120072
2025-04-24 14:15:00,1745484300,2104.3,2107.7,2097.7,2102.9,278820
2025-04-24 15:15:00,1745487900,2103.4,2108,2100.1,2100.1,130651
2025-04-25 09:15:00,1745552700,2110.8,2124.9,2051.2,2062.5,190760
2025-04-25 10:15:00,1745556300,2062.4,2067.2,2026,2036.9,92346
2025-04-25 11:15:00,1745559900,2037.1,2047.9,2027.7,2046.9,53296
2025-04-25 12:15:00,1745563500,2046.9,2053.9,2036.4,2041.9,36612
2025-04-25 13:15:00,1745567100,2041.9,2048.7,2028.5,2034.4,58834
2025-04-25 14:15:00,1745570700,2034.4,2039.8,2016.6,2018.5,134383
2025-04-25 15:15:00,1745574300,2018.5,2029.8,2011.2,2022,159532
2025-04-28 09:15:00,1745811900,2019.6,2098.6,2015.1,2096,275751
2025-04-28 10:15:00,1745815500,2094.9,2109,2092,2103.7,256430
2025-04-28 11:15:00,1745819100,2104,2113,2096.7,2111.6,266220
2025-04-28 12:15:00,1745822700,2111.6,2119,2106.5,2115.3,162285
2025-04-28 13:15:00,1745826300,2115.6,2115.6,2100,2102.4,181581
2025-04-28 14:15:00,1745829900,2102.5,2105.9,2095,2104.4,179828
2025-04-28 15:15:00,1745833500,2104.5,2109.2,2100,2100,71195
2025-04-29 09:15:00,1745898300,2107.7,2115.9,2053.2,2071,158561
2025-04-29 10:15:00,1745901900,2071,2090.9,2060.5,2083.7,99169
2025-04-29 11:15:00,1745905500,2082.5,2091.7,2078.5,2091.4,76736
2025-04-29 12:15:00,1745909100,2091.2,2097.9,2079.8,2080.8,368751
2025-04-29 13:15:00,1745912700,2080,2085.9,2075,2077.1,247179
2025-04-29 14:15:00,1745916300,2077.1,2078,2063.1,2068.2,115849
2025-04-29 15:15:00,1745919900,2068.4,2074.3,2065.6,2074,56404
2025-04-30 09:15:00,1745984700,2071,2112.8,2070.9,2106.1,156859
2025-04-30 10:15:00,1745988300,2106.1,2117,2101.7,2113.7,80601
2025-04-30 11:15:00,1745991900,2114.5,2117,2092.1,2095.5,113940
2025-04-30 12:15:00,1745995500,2096,2103.5,2089.2,2093.7,92752
2025-04-30 13:15:00,1745999100,2093.7,2103.4,2090.2,2095.6,65168
2025-04-30 14:15:00,1746002700,2094.7,2108.6,2093.6,2102.5,227954
2025-04-30 15:15:00,1746006300,2102.5,2102.5,2085.6,2091.9,281284
2025-05-02 09:15:00,1746157500,2087,2116.8,2087,2108,88162
2025-05-02 10:15:00,1746161100,2106.5,2109,2087.2,2088.1,98006
2025-05-02 11:15:00,1746164700,2088.1,2088.8,2063.1,2067,53143
2025-05-02 12:15:00,1746168300,2067,2067,2048,2057.9,87886
2025-05-02 13:15:00,1746171900,2057.9,2073.6,2057.9,2070.1,206323
2025-05-02 14:15:00,1746175500,2070.1,2076.6,2055,2056.9,154916
2025-05-02 15:15:00,1746179100,2057.5,2059.9,2053,2056.5,55174
2025-05-05 09:15:00,1746416700,2070,2096.2,2053,2096.2,64265
2025-05-05 10:15:00,1746420300,2095.7,2100,2087.5,2094.1,43897
2025-05-05 11:15:00,1746423900,2094.1,2098.4,2087.2,2089.3,47851
2025-05-05 12:15:00,1746427500,2089.3,2090,2076,2076.7,672653
2025-05-05 13:15:00,1746431100,2077,2096.8,2073.8,2090.8,72127
2025-05-05 14:15:00,1746434700,2091.8,2092,2079.7,2086,160026
2025-05-05 15:15:00,1746438300,2086.8,2093,2081.7,2081.7,29770
2025-05-06 09:15:00,1746503100,2055,2060,2014.6,2047,233350
2025-05-06 10:15:00,1746506700,2046,2078.5,2042.6,2056.6,160412
2025-05-06 11:15:00,1746510300,2056.6,2059.3,2039.5,2047.3,62026
2025-05-06 12:15:00,1746513900,2048.1,2054.7,2044.6,2045.7,23508
2025-05-06 13:15:00,1746517500,2044.5,2052,2041.4,2041.9,87940
2025-05-06 14:15:00,1746521100,2041.2,2052.6,2041.2,2045,100179
2025-05-06 15:15:00,1746524700,2045,2054.7,2044.5,2045.9,38428
2025-05-07 09:15:00,1746589500,2025.1,2066.5,2025.1,2044.8,126520
2025-05-07 10:15:00,1746593100,2043.5,2067.9,2041.4,2065,192000
2025-05-07 11:15:00,1746596700,2065,2073,2058.8,2065.8,112053
2025-05-07 12:15:00,1746600300,2065.8,2068,2060.7,2064.7,29965
2025-05-07 13:15:00,1746603900,2064.7,2069.5,2059.2,2069,68302
2025-05-07 14:15:00,1746607500,2069,2074.7,2063.3,2071.9,97766
2025-05-07 15:15:00,1746611100,2071.8,2074.9,2069.5,2073,60815
2025-05-08 09:15:00,1746675900,2078.8,2099.7,2037.1,2047.7,189374
2025-05-08 10:15:00,1746679500,2047.7,2062.7,2044.4,2058.4,56843
2025-05-08 11:15:00,1746683100,2058.4,2059.8,2041.3,2041.4,65340
2025-05-08 12:15:00,1746686700,2041.4,2049.7,2036,2041.3,112890
2025-05-08 13:15:00,1746690300,2041.5,2047,2023.1,2023.1,210336
2025-05-08 14:15:00,1746693900,2023,2031.9,2006.7,2021.1,157888
2025-05-08 15:15:00,1746697500,2020.8,2021.1,2007.5,2008,85683
2025-05-09 09:15:00,1746762300,1977.1,2021.5,1976.1,2003.5,117621
2025-05-09 10:15:00,1746765900,2003.6,2006.4,1977,1986.2,69422
2025-05-09 11:15:00,1746769500,1986.2,2027.3,1984.7,2022.3,82837
2025-05-09 12:15:00,1746773100,2020.7,2029.9,2006.7,2012.9,46916
2025-05-09 13:15:00,1746776700,2013,2048.2,2003.9,2042.6,89948
2025-05-09 14:15:00,1746780300,2042,2046.3,2026.2,2041.5,93117
2025-05-09 15:15:00,1746783900,2041.3,2042.9,2030,2035,58250
2025-05-12 09:15:00,1747021500,1998,2027.2,1974,2019.1,499426
2025-05-12 10:15:00,1747025100,2019.3,2038.4,2006.7,2016.6,163420
2025-05-12 11:15:00,1747028700,2016.3,2019.5,2009,2014.2,69412
2025-05-12 12:15:00,1747032300,2015,2024.4,2009,2014.2,106022
2025-05-12 13:15:00,1747035900,2014.2,2039.9,2014,2037.4,117073
2025-05-12 14:15:00,1747039500,2037.8,2042.6,2022.9,2042.6,174691
2025-05-12 15:15:00,1747043100,2040.6,2045,2037.5,2044,77871
2025-05-13 09:15:00,1747107900,2051.4,2105.9,2049.3,2088.7,338945
2025-05-13 10:15:00,1747111500,2088.7,2101.9,2088.2,2099,142096
2025-05-13 11:15:00,1747115100,2098.9,2114.3,2095.2,2097.6,271001
2025-05-13 12:15:00,1747118700,2096.9,2097.6,2058,2062.3,199751
2025-05-13 13:15:00,1747122300,2062.9,2069.8,2055.1,2061.2,97697
2025-05-13 14:15:00,1747125900,2061.2,2080,2054,2066.8,224926
2025-05-13 15:15:00,1747129500,2066.7,2067.4,2055,2066.2,98571
2025-05-14 09:15:00,1747194300,2066.2,2074.3,2035.8,2060,312668
2025-05-14 10:15:00,1747197900,2060,2069.3,2037,2049.4,197013
2025-05-14 11:15:00,1747201500,2048.1,2059.7,2046.9,2052,101363
2025-05-14 12:15:00,1747205100,2051.9,2052.3,2040.7,2048.6,116902
2025-05-14 13:15:00,1747208700,2048.7,2067.1,2042.7,2049.3,132830
2025-05-14 14:15:00,1747212300,2049.6,2073,2049.2,2071.4,208526
2025-05-14 15:15:00,1747215900,2071.1,2086,2068.5,2082,117682
2025-05-15 09:15:00,1747280700,2100,2118.9,2063.8,2086.2,833934
2025-05-15 10:15:00,1747284300,2087.2,2092,2082.5,2085.1,132204
2025-05-15 11:15:00,1747287900,2085.4,2099.9,2066.6,2070.2,171162
2025-05-15 12:15:00,1747291500,2070.2,2075,2065,2075,127204
2025-05-15 13:15:00,1747295100,2074.8,2087.7,2068,2085.8,141901
2025-05-15 14:15:00,1747298700,2086,2086.7,2065.8,2073.1,551678
2025-05-15 15:15:00,1747302300,2073.2,2078.6,2068.2,2070,309724
2025-05-16 09:15:00,1747367100,2084,2084,2041,2052.5,469585
2025-05-16 10:15:00,1747370700,2052,2077,2049.6,2074.5,300282
2025-05-16 11:15:00,1747374300,2075.1,2076.2,2063.3,2070,180564
2025-05-16 12:15:00,1747377900,2069.6,2084,2058.4,2058.6,511429
2025-05-16 13:15:00,1747381500,2059.1,2059.8,2050,2051,129062
2025-05-16 14:15:00,1747385100,2050.6,2069.8,2050.6,2069.4,313981
2025-05-16 15:15:00,1747388700,2069.6,2075,2065,2065,194650
2025-05-19 09:15:00,1747626300,2072.1,2077,2043.1,2065.9,202058
2025-05-19 10:15:00,1747629900,2066.7,2072.5,2055,2055.1,89481
2025-05-19 11:15:00,1747633500,2055.1,2056.3,2048.1,2050.2,80792
2025-05-19 12:15:00,1747637100,2050,2060,2046.8,2048,80173
2025-05-19 13:15:00,1747640700,2048,2050,2040.6,2042.5,89642
2025-05-19 14:15:00,1747644300,2042.4,2047,2028.6,2028.6,167530
2025-05-19 15:15:00,1747647900,2029.1,2029.8,2025.6,2028.8,114555
2025-05-20 09:15:00,1747712700,2037.6,2041,2008,2011.5,210833
2025-05-20 10:15:00,1747716300,2011.3,2019.4,2009.7,2011.5,126066
2025-05-20 11:15:00,1747719900,2011.1,2011.1,1990.3,1997.8,199564
2025-05-20 12:15:00,1747723500,1999,2002.2,1982.6,1985.6,191201
2025-05-20 13:15:00,1747727100,1985.9,1991.2,1977,1977.9,289057
2025-05-20 14:15:00,1747730700,1977.9,1980.9,1965,1969.2,390089
2025-05-20 15:15:00,1747734300,1969.2,1971.8,1963.5,1969.5,161954
2025-05-21 09:15:00,1747799100,1974,2016.9,1968.2,2013.4,328985
2025-05-21 10:15:00,1747802700,2013,2016.8,2000,2004.4,226650
2025-05-21 11:15:00,1747806300,2003.9,2005.3,1992.8,1995,130853
2025-05-21 12:15:00,1747809900,1995,1999.5,1988.9,1994,119108
2025-05-21 13:15:00,1747813500,1994,2001.9,1990,1998.9,121098
2025-05-21 14:15:00,1747817100,1999,2003,1993.7,1995.8,402076
2025-05-21 15:15:00,1747820700,1995.9,1999.5,1989.1,1990,226078
2025-05-22 09:15:00,1747885500,1995.7,1998.7,1969.1,1976.3,125123
2025-05-22 10:15:00,1747889100,1977.3,1984,1974.3,1980.4,73950
2025-05-22 11:15:00,1747892700,1980,1981,1966,1966.4,87929
2025-05-22 12:15:00,1747896300,1966.4,1970,1955.6,1959.6,96545
2025-05-22 13:15:00,1747899900,1959,1968.4,1957,1963.8,152903
2025-05-22 14:15:00,1747903500,1963.5,1976.5,1957,1968.8,362997
2025-05-22 15:15:00,1747907100,1968.9,1972,1965,1968,89885
2025-05-23 09:15:00,1747971900,1978,1978,1946.9,1968.3,156825
2025-05-23 10:15:00,1747975500,1968.3,1978.1,1962.9,1976.1,113755
2025-05-23 11:15:00,1747979100,1976.1,1977.2,1965.1,1968.4,84251
2025-05-23 12:15:00,1747982700,1968.4,1975.3,1966.2,1973.4,50905
2025-05-23 13:15:00,1747986300,1973.4,1976,1968,1968.1,56939
2025-05-23 14:15:00,1747989900,1968.1,1981.8,1968.1,1980,83745
2025-05-23 15:15:00,1747993500,1979.9,1980.8,1975,1978.2,40840
2025-05-26 09:15:00,1748231100,1984,2004.9,1978,1995.6,272840
2025-05-26 10:15:00,1748234700,1995.5,2002.4,1987.8,1994.6,139711
2025-05-26 11:15:00,1748238300,1994.5,1995.4,1983.2,1984.5,130950
2025-05-26 12:15:00,1748241900,1984.5,1989,1971.8,1972,242301
2025-05-26 13:15:00,1748245500,1972.2,1988,1971.5,1985,134937
2025-05-26 14:15:00,1748249100,1986,1990.6,1975.1,1987.9,184393
2025-05-26 15:15:00,1748252700,1987.9,1989.8,1984.8,1988.2,53895
2025-05-27 09:15:00,1748317500,1988.8,2000.3,1982.1,1986.4,89460
2025-05-27 10:15:00,1748321100,1985.5,1986.5,1972,1976,72105
2025-05-27 11:15:00,1748324700,1975.4,1980,1970,1974.9,165313
2025-05-27 12:15:00,1748328300,1974.7,1976.9,1968,1972.2,151165
2025-05-27 13:15:00,1748331900,1972.8,1976.7,1968,1968.1,41417
2025-05-27 14:15:00,1748335500,1968.2,1972.8,1965,1970.6,100332
2025-05-27 15:15:00,1748339100,1970.5,1970.9,1966.1,1968,51636
2025-05-28 09:15:00,1748403900,1971.5,1978.4,1951.2,1957.5,115359
2025-05-28 10:15:00,1748407500,1957.5,1966.9,1952.3,1961.8,97776
2025-05-28 11:15:00,1748411100,1961.8,1965.5,1955.1,1958.8,136874
2025-05-28 12:15:00,1748414700,1959.7,1963.4,1952.2,1952.4,161658
2025-05-28 13:15:00,1748418300,1952.7,1953.4,1948,1948.7,130307
2025-05-28 14:15:00,1748421900,1948.7,1949.8,1940.2,1941,213774
2025-05-28 15:15:00,1748425500,1940.9,1942.2,1938.4,1940,76264
2025-05-29 09:15:00,1748490300,1960,1967,1949.2,1954.1,145684
2025-05-29 10:15:00,1748493900,1954.7,1956.6,1950.6,1951.1,71398
2025-05-29 11:15:00,1748497500,1950.8,1964.7,1950.5,1957,239468
2025-05-29 12:15:00,1748501100,1957,1965,1954.7,1964,159652
2025-05-29 13:15:00,1748504700,1964,1969,1962.2,1963.6,96454
2025-05-29 14:15:00,1748508300,1963.6,1972,1958,1969.9,194707
2025-05-29 15:15:00,1748511900,1969.4,1975,1968.3,1974.6,101353
2025-05-30 09:15:00,1748576700,1970,1975,1949.1,1949.4,150009
2025-05-30 10:15:00,1748580300,1949.4,1950.2,1942.1,1944.2,84352
2025-05-30 11:15:00,1748583900,1944,1947.5,1941,1942.8,80372
2025-05-30 12:15:00,1748587500,1942.9,1946,1941.5,1942.5,86974
2025-05-30 13:15:00,1748591100,1942.6,1956.5,1942.1,1950,134114
2025-05-30 14:15:00,1748594700,1950,1966.8,1948.2,1956.7,481381
2025-05-30 15:15:00,1748598300,1956.8,1960,1954.2,1954.9,323581
2025-06-02 09:15:00,1748835900,1954,1962,1941.5,1956.9,84817
2025-06-02 10:15:00,1748839500,1956.9,1959.5,1945.3,1945.4,66312
2025-06-02 11:15:00,1748843100,1945.6,1948.9,1942.4,1947.8,67137
2025-06-02 12:15:00,1748846700,1947.3,1960.4,1947.3,1958.9,96900
2025-06-02 13:15:00,1748850300,1958.9,1962.9,1955.4,1956.5,57059
2025-06-02 14:15:00,1748853900,1956.1,1963,1955,1961.9,81223
2025-06-02 15:15:00,1748857500,1961.8,1964.4,1958.4,1961,45186
2025-06-03 09:15:00,1748922300,1970,1972.7,1955,1955,177636
2025-06-03 10:15:00,1748925900,1955.3,1962,1951.1,1957.4,91198
2025-06-03 11:15:00,1748929500,1957.4,1963,1951,1952.9,82136
2025-06-03 12:15:00,1748933100,1952.8,1957.5,1951,1951.4,71991
2025-06-03 13:15:00,1748936700,1951.4,1953.7,1948.2,1950.8,75619
2025-06-03 14:15:00,1748940300,1950.8,1957.5,1950.6,1954.3,102905
2025-06-03 15:15:00,1748943900,1954.4,1955.9,1950.1,1952,79624
2025-06-04 09:15:00,1749008700,1954,1969,1943.6,1951,84392
2025-06-04 10:15:00,1749012300,1951.7,1952.9,1938.6,1939.7,52124
2025-06-04 11:15:00,1749015900,1939.7,1947.9,1935,1945.5,117482
2025-06-04 12:15:00,1749019500,1945.4,1947.8,1942.3,1943.2,38665
2025-06-04 13:15:00,1749023100,1943.2,1944,1936.7,1941.4,79780
2025-06-04 14:15:00,1749026700,1941.4,1946,1939.8,1943.3,108031
2025-06-04 15:15:00,1749030300,1943.5,1945.5,1940.5,1940.5,70807
2025-06-05 09:15:00,1749095100,1954,1981.4,1949,1976,245869
2025-06-05 10:15:00,1749098700,1975.9,1986.9,1973.5,1976.1,133142
2025-06-05 11:15:00,1749102300,1975.5,1984.6,1973.6,1981.8,278834
2025-06-05 12:15:00,1749105900,1981.6,1997.4,1980.1,1995,193215
2025-06-05 13:15:00,1749109500,1995.2,1999.8,1991,1994.6,102759
2025-06-05 14:15:00,1749113100,1994.6,1997.7,1990.4,1994.5,93198
2025-06-05 15:15:00,1749116700,1994.4,1997.6,1992,1995.5,82943
2025-06-06 09:15:00,1749181500,2005,2007.9,1992.3,1998.1,193861
2025-06-06 10:15:00,1749185100,1999.7,2003,1986.6,1987.6,459486
2025-06-06 11:15:00,1749188700,1987.6,2000.5,1985.8,1995.3,97062
2025-06-06 12:15:00,1749192300,1996.1,2002,1988.4,1993.9,222697
2025-06-06 13:15:00,1749195900,1993.5,2007,1993.1,2006.4,94160
2025-06-06 14:15:00,1749199500,2006.4,2007,1995.8,2000.4,140905
2025-06-06 15:15:00,1749203100,2000.4,2003,1994.2,1995.1,81350
2025-06-09 09:15:00,1749440700,2010,2013,1997.2,2000.1,79482
2025-06-09 10:15:00,1749444300,2000,2003.1,1991.9,1994,126564
2025-06-09 11:15:00,1749447900,1994.7,1994.7,1987.3,1990.2,109599
2025-06-09 12:15:00,1749451500,1989.8,1993.5,1987.2,1988.6,111435
2025-06-09 13:15:00,1749455100,1988.6,1991.8,1985,1986.2,85427
2025-06-09 14:15:00,1749458700,1985.5,2000.5,1982.9,1995.1,383538
2025-06-09 15:15:00,1749462300,1995.1,1997.8,1992.5,1995.2,148162
2025-06-10 09:15:00,1749527100,1994.6,2008.9,1987.8,2004.6,65901
2025-06-10 10:15:00,1749530700,2005,2007,1996.2,2005.6,48923
2025-06-10 11:15:00,1749534300,2005.7,2009.9,1997.1,2009.5,202401
2025-06-10 12:15:00,1749537900,2009.5,2017.6,2003.3,2004.8,154828
2025-06-10 13:15:00,1749541500,2004.8,2007.9,1999.5,2005.3,71877
2025-06-10 14:15:00,1749545100,2005.3,2006.3,1999.2,2006.2,119913
2025-06-10 15:15:00,1749548700,2006.2,2009.7,2005,2005.8,69826
2025-06-11 09:15:00,1749613500,2012.9,2023,2006.1,2014.8,113458
2025-06-11 10:15:00,1749617100,2014.8,2018,2001.9,2007.5,211835
2025-06-11 11:15:00,1749620700,2007.6,2009.5,2000.3,2007.6,85698
2025-06-11 12:15:00,1749624300,2007.5,2015.2,2007,2013.4,62393
2025-06-11 13:15:00,1749627900,2013.4,2028.2,2009.6,2024.4,240310
2025-06-11 14:15:00,1749631500,2023.5,2028,2020,2027.4,166687
2025-06-11 15:15:00,1749635100,2027.8,2029.4,2025,2029,102528
2025-06-12 09:15:00,1749699900,2032,2046.9,2022.2,2042.8,350452
2025-06-12 10:15:00,1749703500,2042,2046,2030.2,2041,454246
2025-06-12 11:15:00,1749707100,2041,2049.5,2038.3,2044,134842
2025-06-12 12:15:00,1749710700,2044,2045,2034,2040.6,58735
2025-06-12 13:15:00,1749714300,2040.6,2040.9,2013.4,2016,111763
2025-06-12 14:15:00,1749717900,2016.2,2025.5,2015,2022.1,173191
2025-06-12 15:15:00,1749721500,2022.1,2025.8,2017.2,2020,107704
2025-06-13 09:15:00,1749786300,1998,2019,1980,2013.3,108796
2025-06-13 10:15:00,1749789900,2013.3,2016.2,1998.2,2000.1,68840
2025-06-13 11:15:00,1749793500,2000.4,2008.6,1999.4,2000.4,47389
2025-06-13 12:15:00,1749797100,2000.4,2000.8,1993,1995.5,58341
2025-06-13 13:15:00,1749800700,1995.5,2004.8,1995.1,2004,56589
2025-06-13 14:15:00,1749804300,2003.3,2004.8,1996.9,2000.8,79255
2025-06-13 15:15:00,1749807900,2000.9,2003.4,1994.5,1997.8,56656
2025-06-16 09:15:00,1750045500,1999.6,2011.4,1981,1988.6,54711
2025-06-16 10:15:00,1750049100,1989.4,2008.4,1988.8,1999.8,71317
2025-06-16 11:15:00,1750052700,1999.8,2012.2,1999.8,2011.9,70286
2025-06-16 12:15:00,1750056300,2011.1,2015,2005.3,2008.2,69798
2025-06-16 13:15:00,1750059900,2008.2,2010.6,2002.3,2009.6,70759
2025-06-16 14:15:00,1750063500,2009.6,2013.9,2007.8,2009.5,118994
2025-06-16 15:15:00,1750067100,2009.5,2013.3,2006.8,2013,57666
2025-06-17 09:15:00,1750131900,2010.9,2019.6,1972.1,1974.7,131004
2025-06-17 10:15:00,1750135500,1974.4,1979,1959,1963,123836
2025-06-17 11:15:00,1750139100,1963.6,1970.9,1957.3,1965.7,255716
2025-06-17 12:15:00,1750142700,1965.6,1971.2,1954,1956.4,131623
2025-06-17 13:15:00,1750146300,1956,1968,1955.1,1963.3,125762
2025-06-17 14:15:00,1750149900,1963.3,1964,1935.2,1947.4,352029
2025-06-17 15:15:00,1750153500,1947.2,1947.7,1937.3,1938,76616
2025-06-18 09:15:00,1750218300,1944,1960.9,1932.5,1953.8,159231
2025-06-18 10:15:00,1750221900,1953.8,1959.9,1944,1950,215048
2025-06-18 11:15:00,1750225500,1950,1950.5,1941,1950.3,136399
2025-06-18 12:15:00,1750229100,1950.3,1950.3,1942.9,1947,43636
2025-06-18 13:15:00,1750232700,1946.9,1952.9,1946,1950.1,202660
2025-06-18 14:15:00,1750236300,1950.1,1957,1949.3,1952.7,175481
2025-06-18 15:15:00,1750239900,1953,1955,1950,1950,61721
2025-06-19 09:15:00,1750304700,1954,1955.8,1936.1,1940.6,120442
2025-06-19 10:15:00,1750308300,1940.5,1941.5,1927.2,1928.6,41403
2025-06-19 11:15:00,1750311900,1928.6,1938.8,1927.7,1935.3,42959
2025-06-19 12:15:00,1750315500,1935,1941.6,1928.1,1932,97284
2025-06-19 13:15:00,1750319100,1932,1935.2,1928.5,1933.3,49086
2025-06-19 14:15:00,1750322700,1933.3,1934.7,1927.6,1933.5,206709
2025-06-19 15:15:00,1750326300,1933.6,1933.6,1928,1928,59927
2025-06-20 09:15:00,1750391100,1928,1945,1920.6,1945,76403
2025-06-20 10:15:00,1750394700,1945,1949.8,1940.9,1948.1,38066
2025-06-20 11:15:00,1750398300,1948.1,1951.8,1941.5,1945.7,17013
2025-06-20 12:15:00,1750401900,1945.7,1947.4,1931.6,1935.8,69721
2025-06-20 13:15:00,1750405500,1935.8,1940.3,1935.6,1939.3,18895
2025-06-20 14:15:00,1750409100,1939.3,1949.8,1938.6,1946.9,285138
2025-06-20 15:15:00,1750412700,1947.1,1954.7,1940.1,1940.1,248030
2025-06-23 09:15:00,1750650300,1925.1,1948.1,1925.1,1931.4,84322
2025-06-23 10:15:00,1750653900,1931.9,1937.3,1923.3,1929.1,66353
2025-06-23 11:15:00,1750657500,1929,1933.6,1921.4,1929.2,135399
2025-06-23 12:15:00,1750661100,1929,1942.8,1928.4,1936.6,52214
2025-06-23 13:15:00,1750664700,1936.6,1937.9,1929,1929.6,86919
2025-06-23 14:15:00,1750668300,1929.6,1931.5,1924.4,1926.7,138175
2025-06-23 15:15:00,1750671900,1926.7,1929.2,1925,1926,52416
2025-06-24 09:15:00,1750736700,1941,1962,1937.1,1951.8,104320
2025-06-24 10:15:00,1750740300,1951.8,1956.3,1946,1952.4,50221
2025-06-24 11:15:00,1750743900,1952.4,1964.4,1951.8,1957.4,110575
2025-06-24 12:15:00,1750747500,1957.4,1959.3,1951.8,1951.9,72302
2025-06-24 13:15:00,1750751100,1951.9,1952.3,1932.9,1938.5,94125
2025-06-24 14:15:00,1750754700,1938.5,1939.1,1926.2,1929.6,89325
2025-06-24 15:15:00,1750758300,1930.1,1938,1928.2,1932,73660
2025-06-25 09:15:00,1750823100,1940,1953,1934.4,1935.9,153257
2025-06-25 10:15:00,1750826700,1935.9,1939.8,1928.1,1934.5,62339
2025-06-25 11:15:00,1750830300,1934.5,1936,1923.9,1924,77959
2025-06-25 12:15:00,1750833900,1924,1932.8,1923.5,1929.1,80913
2025-06-25 13:15:00,1750837500,1929.1,1936.9,1927.2,1931.6,70515
2025-06-25 14:15:00,1750841100,1932.2,1935.9,1931.3,1934.9,101376
2025-06-25 15:15:00,1750844700,1934.7,1938,1933.6,1933.6,38992
2025-06-26 09:15:00,1750909500,1940,1941.1,1925.9,1930.3,124963
2025-06-26 10:15:00,1750913100,1930.8,1931.9,1922,1923.9,128638
2025-06-26 11:15:00,1750916700,1923.9,1926.5,1919,1920.7,139924
2025-06-26 12:15:00,1750920300,1920.1,1925.4,1910,1918.9,366406
2025-06-26 13:15:00,1750923900,1919.4,1922.9,1917,1917.4,140221
2025-06-26 14:15:00,1750927500,1917.4,1926,1915,1926,462314
2025-06-26 15:15:00,1750931100,1925.6,1938.4,1920,1930,370946
2025-06-27 09:15:00,1750995900,1935.3,1949,1930.3,1939.3,216232
2025-06-27 10:15:00,1750999500,1939.3,1952.8,1937.4,1948.2,493598
2025-06-27 11:15:00,1751003100,1948.2,1950,1936.4,1940.8,156452
2025-06-27 12:15:00,1751006700,1940,1941.8,1930.7,1931.5,177244
2025-06-27 13:15:00,1751010300,1931.6,1942,1930.9,1938.2,220415
2025-06-27 14:15:00,1751013900,1938.9,1939.5,1924.1,1939.3,1458959
2025-06-27 15:15:00,1751017500,1938.5,1949.8,1937.2,1943.5,868942
2025-06-30 09:15:00,1751255100,1938.5,1961.9,1930,1934.7,133569
2025-06-30 10:15:00,1751258700,1934.7,1940,1928.5,1929.5,69419
2025-06-30 11:15:00,1751262300,1930,1936.1,1925,1931.9,85279
2025-06-30 12:15:00,1751265900,1931.7,1937.7,1929,1931.7,82333
2025-06-30 13:15:00,1751269500,1931.7,1947.7,1930.6,1941,106895
2025-06-30 14:15:00,1751273100,1941,1945.6,1936.7,1938.5,174805
2025-06-30 15:15:00,1751276700,1938.4,1944.9,1931.3,1937,95100
2025-07-01 09:15:00,1751341500,1949,1949,1922.1,1922.7,107279
2025-07-01 10:15:00,1751345100,1922.3,1926.8,1915.1,1918.9,69195
2025-07-01 11:15:00,1751348700,1918.9,1924.9,1905,1914.6,210986
2025-07-01 12:15:00,1751352300,1914.6,1926.4,1914.6,1925.2,119232
2025-07-01 13:15:00,1751355900,1925.2,1951,1921.5,1949.1,272990
2025-07-01 14:15:00,1751359500,1948.3,1962.9,1938,1959.5,192061
2025-07-01 15:15:00,1751363100,1959.8,1970,1958.6,1966.7,120175
2025-07-02 09:15:00,1751427900,1975,1983.5,1965,1966.4,314514
2025-07-02 10:15:00,1751431500,1966.4,1976.5,1962.8,1971.3,116688
2025-07-02 11:15:00,1751435100,1971.5,1984,1971.1,1977,293181
2025-07-02 12:15:00,1751438700,1977.1,1977.4,1956.7,1959.6,188667
2025-07-02 13:15:00,1751442300,1960.4,1960.4,1942.7,1951.2,178292
2025-07-02 14:15:00,1751445900,1951.2,1970,1947.5,1969.7,242126
2025-07-02 15:15:00,1751449500,1969.7,1971.2,1961.3,1968.5,112595
2025-07-03 09:15:00,1751514300,1968.4,1968.5,1946,1956.5,138413
2025-07-03 10:15:00,1751517900,1956,1962.6,1941,1943.2,106100
2025-07-03 11:15:00,1751521500,1943.2,1953.4,1942,1952.1,52712
2025-07-03 12:15:00,1751525100,1952.1,1952.6,1940,1940,34818
2025-07-03 13:15:00,1751528700,1940,1948,1937.9,1945,94436
2025-07-03 14:15:00,1751532300,1945.2,1958.7,1942.1,1956.9,210780
2025-07-03 15:15:00,1751535900,1956.8,1960,1954.1,1959,102177
2025-07-04 09:15:00,1751600700,1962,1988,1957,1983.6,148248
2025-07-04 10:15:00,1751604300,1983.6,1996,1978.3,1995,236126
2025-07-04 11:15:00,1751607900,1995,1995.9,1985,1991.9,104514
2025-07-04 12:15:00,1751611500,1991,1995.5,1983.2,1985,76659
2025-07-04 13:15:00,1751615100,1985.2,1987.5,1974.7,1979.7,61797
2025-07-04 14:15:00,1751618700,1979.7,1988.4,1975.8,1982,170292
2025-07-04 15:15:00,1751622300,1982.2,1986,1979.9,1983.7,137054
2025-07-07 09:15:00,1751859900,1985,1990.8,1970,1976.3,134263
2025-07-07 10:15:00,1751863500,1975.6,1987.2,1975.5,1984.5,45907
2025-07-07 11:15:00,1751867100,1984.5,1984.6,1970.9,1974.5,55220
2025-07-07 12:15:00,1751870700,1974.5,1978.1,1965,1971,36058
2025-07-07 13:15:00,1751874300,1971,1977.1,1970,1974.7,23330
2025-07-07 14:15:00,1751877900,1974.7,1980,1969.9,1978.8,98520
2025-07-07 15:15:00,1751881500,1978.8,1981.9,1971.3,1975.4,82570
2025-07-08 09:15:00,1751946300,1975,1977.5,1923,1924.1,324892
2025-07-08 10:15:00,1751949900,1924.7,1932,1916.5,1920,219985
2025-07-08 11:15:00,1751953500,1920,1923.1,1916.4,1919.8,486655
2025-07-08 12:15:00,1751957100,1919.9,1926.8,1918.3,1923.9,260594
2025-07-08 13:15:00,1751960700,1923.9,1924,1915.2,1917.2,133570
2025-07-08 14:15:00,1751964300,1917.2,1924.7,1915,1922.1,325535
2025-07-08 15:15:00,1751967900,1922.1,1922.5,1920.1,1922,152947
2025-07-09 09:15:00,1752032700,1933.4,1965.5,1927.7,1943.2,674169
2025-07-09 10:15:00,1752036300,1943.2,1945.7,1933,1933.4,135526
2025-07-09 11:15:00,1752039900,1933.4,1933.8,1925,1925.3,110152
2025-07-09 12:15:00,1752043500,1925.3,1932.7,1917.8,1919.9,133397
2025-07-09 13:15:00,1752047100,1919.9,1922.5,1910.7,1911.7,105202
2025-07-09 14:15:00,1752050700,1911.7,1917.9,1906.9,1915.7,278096
2025-07-09 15:15:00,1752054300,1915.7,1917.6,1909.4,1914.8,141270
2025-07-10 09:15:00,1752119100,1919.9,1922.5,1896,1900.8,200572
2025-07-10 10:15:00,1752122700,1900.8,1900.9,1882,1887.6,359803
2025-07-10 11:15:00,1752126300,1887.6,1900.7,1885.5,1898.5,439631
2025-07-10 12:15:00,1752129900,1898.5,1905.3,1897.1,1902.1,234326
2025-07-10 13:15:00,1752133500,1901.9,1907.5,1900.5,1900.6,252206
2025-07-10 14:15:00,1752137100,1900.6,1903.8,1894,1894,322287
2025-07-10 15:15:00,1752140700,1894.2,1899.8,1892,1895,265114
2025-07-11 09:15:00,1752205500,1895,1903.8,1885.4,1887,234519
2025-07-11 10:15:00,1752209100,1887,1892.3,1875,1881.6,422700
2025-07-11 11:15:00,1752212700,1881.2,1889.9,1878.1,1885.5,59792
2025-07-11 12:15:00,1752216300,1885,1892.9,1881.8,1892.9,47376
2025-07-11 13:15:00,1752219900,1892.9,1900.8,1891.9,1899.9,311072
2025-07-11 14:15:00,1752223500,1900,1900.8,1894.6,1894.8,139941
2025-07-11 15:15:00,1752227100,1894.8,1896.1,1889.6,1891,295645
2025-07-14 09:15:00,1752464700,1894.7,1919,1888.6,1917.6,94493
2025-07-14 10:15:00,1752468300,1917.6,1935,1916.9,1925.1,132851
2025-07-14 11:15:00,1752471900,1925,1930,1921.3,1926.9,78390
2025-07-14 12:15:00,1752475500,1926.9,1933.8,1921.3,1925,61125
2025-07-14 13:15:00,1752479100,1925,1928,1916.4,1922.5,85795
2025-07-14 14:15:00,1752482700,1922.4,1929.2,1920.8,1924.7,87096
2025-07-14 15:15:00,1752486300,1924.8,1929,1920,1925,84376
2025-07-15 09:15:00,1752551100,1931,1934.3,1914.2,1929.7,128331
2025-07-15 10:15:00,1752554700,1930.4,1933.9,1925.3,1933.3,101694
2025-07-15 11:15:00,1752558300,1933.5,1952.5,1929.4,1951.5,136757
2025-07-15 12:15:00,1752561900,1950.7,1960,1950.1,1958.5,327201
2025-07-15 13:15:00,1752565500,1958.2,1958.6,1954,1956.3,56756
2025-07-15 14:15:00,1752569100,1956.8,1956.9,1946.3,1949.5,134434
2025-07-15 15:15:00,1752572700,1949.6,1957.8,1947,1956.5,104596
2025-07-16 09:15:00,1752637500,1950,1956,1937.2,1945.5,103235
2025-07-16 10:15:00,1752641100,1945.5,1950,1940.2,1949.1,113426
2025-07-16 11:15:00,1752644700,1949.1,1949.1,1940.5,1945,79138
2025-07-16 12:15:00,1752648300,1945.5,1946.8,1932,1932.5,67597
2025-07-16 13:15:00,1752651900,1932.6,1935.8,1929.3,1932.4,58553
2025-07-16 14:15:00,1752655500,1932.2,1933.3,1929.7,1931,81551
2025-07-16 15:15:00,1752659100,1931.1,1931.1,1925.2,1929.9,58438
2025-07-17 09:15:00,1752723900,1938,1956,1935,1951.7,172578
2025-07-17 10:15:00,1752727500,1951.6,1953.2,1945.3,1948.3,71443
2025-07-17 11:15:00,1752731100,1948.3,1952.5,1948.3,1950,48981
2025-07-17 12:15:00,1752734700,1950,1961.6,1950,1952.4,76273
2025-07-17 13:15:00,1752738300,1952.4,1954.1,1947.3,1949.5,47003
2025-07-17 14:15:00,1752741900,1949.5,1958,1949.4,1958,107197
2025-07-17 15:15:00,1752745500,1958,1958.3,1950.1,1953,59368
2025-07-18 09:15:00,1752810300,1949.5,1958.9,1926.5,1942.8,327673
2025-07-18 10:15:00,1752813900,1942.3,1942.3,1928,1929,50118
2025-07-18 11:15:00,1752817500,1929.4,1937.4,1927.6,1935.2,44305
2025-07-18 12:15:00,1752821100,1935.3,1945.1,1934.4,1934.4,41391
2025-07-18 13:15:00,1752824700,1934.4,1937.1,1932.2,1933.9,23716
2025-07-18 14:15:00,1752828300,1933.9,1936.8,1930.6,1931.1,86958
2025-07-18 15:15:00,1752831900,1931,1933,1930,1931,67977
2025-07-21 09:15:00,1753069500,1927,1934.4,1915,1931.6,82954
2025-07-21 10:15:00,1753073100,1931.8,1942,1928.7,1929.7,41603
2025-07-21 11:15:00,1753076700,1929.7,1933.3,1926.9,1930.9,66178
2025-07-21 12:15:00,1753080300,1930.9,1935.2,1928.9,1929.4,43529
2025-07-21 13:15:00,1753083900,1929.5,1930.9,1920,1920.7,39859
2025-07-21 14:15:00,1753087500,1920.7,1924.2,1919.3,1920,133040
2025-07-21 15:15:00,1753091100,1920.3,1923.4,1919.6,1919.6,101368
2025-07-22 09:15:00,1753155900,1930,1947.5,1891.4,1891.5,179806
2025-07-22 10:15:00,1753159500,1891.6,1892.5,1880.7,1881.5,223242
2025-07-22 11:15:00,1753163100,1881.5,1887.4,1877.3,1887.1,1162503
2025-07-22 12:15:00,1753166700,1887.1,1914.8,1885,1912,320279
2025-07-22 13:15:00,1753170300,1911.6,1914,1909.5,1911.5,92587
2025-07-22 14:15:00,1753173900,1911.5,1912.1,1900.5,1902.7,165803
2025-07-22 15:15:00,1753177500,1902.6,1906,1900.3,1900.3,74493
2025-07-23 09:15:00,1753242300,1905,1923.1,1905,1918.3,106036
2025-07-23 10:15:00,1753245900,1918.3,1918.5,1908.7,1909.1,62530
2025-07-23 11:15:00,1753249500,1909.1,1914.3,1907.6,1912.4,32467
2025-07-23 12:15:00,1753253100,1912.2,1913.1,1908.7,1909.2,20023
2025-07-23 13:15:00,1753256700,1909.2,1911.6,1906.2,1908.1,21717
2025-07-23 14:15:00,1753260300,1908.5,1920,1908.1,1919.9,77699
2025-07-23 15:15:00,1753263900,1919.9,1924,1917,1917,54277
2025-07-24 09:15:00,1753328700,1921.5,1934,1920.5,1921.5,75250
2025-07-24 10:15:00,1753332300,1921.5,1930.7,1914.7,1927.8,84747
2025-07-24 11:15:00,1753335900,1927.8,1950,1925.5,1948.9,180223
2025-07-24 12:15:00,1753339500,1948.4,1955.9,1934,1935.9,98896
2025-07-24 13:15:00,1753343100,1935.9,1945.9,1935.2,1945.9,40051
2025-07-24 14:15:00,1753346700,1945.9,1947.7,1934.1,1942.9,109370
2025-07-24 15:15:00,1753350300,1942.9,1950,1941,1945,78540
2025-07-25 09:15:00,1753415100,1931,1957,1926.1,1948.1,211848
2025-07-25 10:15:00,1753418700,1948,1954.2,1940.7,1948.7,64373
2025-07-25 11:15:00,1753422300,1948.7,1952.8,1945.8,1946.8,55345
2025-07-25 12:15:00,1753425900,1946.8,1951.6,1943.7,1949.6,40668
2025-07-25 13:15:00,1753429500,1949.6,1960,1948.6,1958,85837
2025-07-25 14:15:00,1753433100,1958,1960,1947.6,1951.9,152660
2025-07-25 15:15:00,1753436700,1951.8,1953.3,1950,1952,69448
2025-07-28 09:15:00,1753674300,1952,1982.3,1951,1980.1,206199
2025-07-28 10:15:00,1753677900,1980.4,1984,1959.1,1966.4,108125
2025-07-28 11:15:00,1753681500,1966.4,1975,1964.1,1968.4,148405
2025-07-28 12:15:00,1753685100,1967.8,1970,1949,1951.5,72354
2025-07-28 13:15:00,1753688700,1951.5,1961.5,1950.9,1957,80465
2025-07-28 14:15:00,1753692300,1957,1968.8,1955.6,1957.9,95705
2025-07-28 15:15:00,1753695900,1957.9,1963.5,1955.6,1962,73301
2025-07-29 09:15:00,1753760700,1961,1965.4,1947.7,1960.2,166225
2025-07-29 10:15:00,1753764300,1960,1970.3,1957.9,1965.2,111500
2025-07-29 11:15:00,1753767900,1965.2,1971.5,1961.6,1970.1,68403
2025-07-29 12:15:00,1753771500,1970.1,1979,1970,1977.3,98475
2025-07-29 13:15:00,1753775100,1977.3,1980.3,1974.9,1978.2,158031
2025-07-29 14:15:00,1753778700,1978.2,1987,1977.1,1985.6,196177
2025-07-29 15:15:00,1753782300,1985.6,1985.7,1981.1,1984.2,107977
2025-07-30 09:15:00,1753847100,1986,1986,1940,1981.7,133370
2025-07-30 10:15:00,1753850700,1981.7,1990,1980.9,1984.8,92579
2025-07-30 11:15:00,1753854300,1985.6,1992.1,1983.8,1985.1,59643
2025-07-30 12:15:00,1753857900,1984.7,1990.9,1984.2,1989,85547
2025-07-30 13:15:00,1753861500,1989.7,1989.8,1982.1,1985.6,168764
2025-07-30 14:15:00,1753865100,1985.7,1990.8,1982,1985.3,118965
2025-07-30 15:15:00,1753868700,1985.1,1985.9,1980.5,1985,95256
2025-07-31 09:15:00,1753933500,1935,1969.8,1925,1928.4,228611
2025-07-31 10:15:00,1753937100,1928.4,1939.9,1925.1,1933.7,141063
2025-07-31 11:15:00,1753940700,1933.7,1947.9,1930.2,1936.7,105141
2025-07-31 12:15:00,1753944300,1936.7,1947.4,1932,1942.1,111088
2025-07-31 13:15:00,1753947900,1942.2,1943,1925.2,1933.6,153739
2025-07-31 14:15:00,1753951500,1933.8,1936.8,1926.6,1928.2,222164
2025-07-31 15:15:00,1753955100,1928.2,1930,1924.3,1925,143473
2025-08-01 09:15:00,1754019900,1931,1931,1878.2,1884.3,289525
2025-08-01 10:15:00,1754023500,1885,1892.6,1878.1,1884,106631
2025-08-01 11:15:00,1754027100,1884.2,1884.2,1871.6,1873.9,219548
2025-08-01 12:15:00,1754030700,1873.8,1884.8,1871.5,1880.4,116601
2025-08-01 13:15:00,1754034300,1880.4,1880.4,1872.3,1874,87818
2025-08-01 14:15:00,1754037900,1874,1876,1861.3,1863.2,248807
2025-08-01 15:15:00,1754041500,1863.3,1871.3,1860.7,1870,174051
2025-08-04 09:15:00,1754279100,1883.9,1899,1857.1,1874.9,133831
2025-08-04 10:15:00,1754282700,1874.5,1884,1871.3,1879.3,57544
2025-08-04 11:15:00,1754286300,1879.3,1884.8,1875.3,1880.1,58279
2025-08-04 12:15:00,1754289900,1880.1,1885,1877.1,1881.6,41895
2025-08-04 13:15:00,1754293500,1881.6,1884,1876,1878.5,65160
2025-08-04 14:15:00,1754297100,1879.1,1885.8,1876.9,1880.6,104961
2025-08-04 15:15:00,1754300700,1880.7,1884.9,1879.4,1883,53728
2025-08-05 09:15:00,1754365500,1889,1890.9,1855.6,1859.6,211887
2025-08-05 10:15:00,1754369100,1859,1874.5,1855.6,1872.1,101795
2025-08-05 11:15:00,1754372700,1872,1873.9,1860.9,1867.5,74435
2025-08-05 12:15:00,1754376300,1867,1870.6,1861.3,1869.5,121745
2025-08-05 13:15:00,1754379900,1869.5,1871,1861.3,1863.8,216681
2025-08-05 14:15:00,1754383500,1864.1,1866.5,1858,1864.3,88744
2025-08-05 15:15:00,1754387100,1864.3,1869.1,1861.2,1861.2,62503
2025-08-06 09:15:00,1754451900,1908,1908,1842.6,1858.3,1292935
2025-08-06 10:15:00,1754455500,1858.3,1864,1848.7,1853.3,153039
2025-08-06 11:15:00,1754459100,1852.3,1856.5,1839.3,1849.5,432283
2025-08-06 12:15:00,1754462700,1849.4,1857.4,1845,1850.8,157488
2025-08-06 13:15:00,1754466300,1850.8,1855,1836.8,1842,187039
2025-08-06 14:15:00,1754469900,1842.1,1855.7,1839.4,1852.3,325459
2025-08-06 15:15:00,1754473500,1852.3,1854.7,1850.1,1851.1,187466
2025-08-07 09:15:00,1754538300,1855.9,1939.9,1855,1912.8,1580380
2025-08-07 10:15:00,1754541900,1912.8,1917.5,1900.1,1901.1,359637
2025-08-07 11:15:00,1754545500,1901.1,1903.9,1885,1889.2,215639
2025-08-07 12:15:00,1754549100,1889.6,1931.4,1888.1,1927.8,730883
2025-08-07 13:15:00,1754552700,1927.4,1930.7,1918,1927.1,304746
2025-08-07 14:15:00,1754556300,1928.2,1952.1,1927.8,1951.5,635491
2025-08-07 15:15:00,1754559900,1951.3,1952.7,1936.2,1937.3,339077
2025-08-08 09:15:00,1754624700,1933,1939.2,1914.3,1936,409821
2025-08-08 10:15:00,1754628300,1936.5,1938.1,1926.6,1929,192062
2025-08-08 11:15:00,1754631900,1929,1933.7,1921.2,1927.2,114586
2025-08-08 12:15:00,1754635500,1927.2,1934.9,1925.1,1929.9,82214
2025-08-08 13:15:00,1754639100,1929.9,1931,1920.2,1922.5,62120
2025-08-08 14:15:00,1754642700,1922.5,1925.5,1912.2,1914.3,132063
2025-08-08 15:15:00,1754646300,1914.9,1923.8,1912.5,1922,166296
2025-08-11 09:15:00,1754883900,1918,1929.5,1906.3,1918.8,94156
2025-08-11 10:15:00,1754887500,1918.8,1939.4,1917,1936,336959
2025-08-11 11:15:00,1754891100,1936,1938.2,1927.5,1935,260656
2025-08-11 12:15:00,1754894700,1935,1943.4,1931,1941.1,94301
2025-08-11 13:15:00,1754898300,1941.6,1950.1,1940.7,1947.9,67962
2025-08-11 14:15:00,1754901900,1947.6,1950.7,1943.6,1943.7,106408
2025-08-11 15:15:00,1754905500,1944,1945,1940.3,1941.7,55625
2025-08-12 09:15:00,1754970300,1937.6,1948.6,1932,1940.6,161434
2025-08-12 10:15:00,1754973900,1940.6,1950,1937.1,1943.3,361723
2025-08-12 11:15:00,1754977500,1943.3,1948.9,1941.8,1945.2,107357
2025-08-12 12:15:00,1754981100,1944.6,1959.3,1944.5,1956,105642
2025-08-12 13:15:00,1754984700,1955.9,1960.7,1949.4,1954.1,92078
2025-08-12 14:15:00,1754988300,1954.1,1956.4,1941.1,1943.9,173994
2025-08-12 15:15:00,1754991900,1943.8,1946,1942,1942,89160
2025-08-13 09:15:00,1755056700,1943.8,1966.6,1943.8,1960.2,59340
2025-08-13 10:15:00,1755060300,1960,1964.2,1955,1961,31160
2025-08-13 11:15:00,1755063900,1961.6,1989.6,1959,1986.8,238741
2025-08-13 12:15:00,1755067500,1986.5,2005.8,1981.3,1992,267221
2025-08-13 13:15:00,1755071100,1992,1997.1,1986,1989.2,70270
2025-08-13 14:15:00,1755074700,1989.7,1992.9,1986.1,1990.2,89608
2025-08-13 15:15:00,1755078300,1990.3,1991.4,1987.3,1988.1,119022
2025-08-14 09:15:00,1755143100,1990,2009.8,1971.6,1972,151775
2025-08-14 10:15:00,1755146700,1972,1976,1961,1963,66520
2025-08-14 11:15:00,1755150300,1963,1975.8,1958.8,1970,144902
2025-08-14 12:15:00,1755153900,1970,1970.5,1962,1962.2,70270
2025-08-14 13:15:00,1755157500,1962.2,1970.6,1960.7,1964.2,53737
2025-08-14 14:15:00,1755161100,1964.3,1966.9,1960.1,1963.7,117418
2025-08-14 15:15:00,1755164700,1963.7,1965,1957.7,1960.4,254473
2025-08-18 09:15:00,1755488700,1975,1984.7,1955.7,1965,115612
2025-08-18 10:15:00,1755492300,1965.4,1968.8,1963.6,1965,87334
2025-08-18 11:15:00,1755495900,1965.1,1971,1950.9,1965.6,294012
2025-08-18 12:15:00,1755499500,1965.6,1970.6,1964.1,1966.8,34617
2025-08-18 13:15:00,1755503100,1966.8,1972,1964.8,1970.6,33124
2025-08-18 14:15:00,1755506700,1970.3,1973.2,1964.9,1968,77730
2025-08-18 15:15:00,1755510300,1967.9,1972.1,1967.5,1972,69445
2025-08-19 09:15:00,1755575100,1972,1975.9,1962.1,1971.4,65614
2025-08-19 10:15:00,1755578700,1971.4,1986.1,1970.6,1979.7,89399
2025-08-19 11:15:00,1755582300,1980,1982.3,1971.7,1973.5,49782
2025-08-19 12:15:00,1755585900,1973.5,1975.1,1966.1,1968.8,46416
2025-08-19 13:15:00,1755589500,1968.9,1971.3,1966.9,1967.4,28941
2025-08-19 14:15:00,1755593100,1967.6,1969.8,1964.1,1967.2,110226
2025-08-19 15:15:00,1755596700,1967.2,1970,1967.1,1969.9,85393
2025-08-20 09:15:00,1755661500,1968.6,1970,1950.1,1953.9,69945
2025-08-20 10:15:00,1755665100,1954.3,1960.8,1953.1,1958.8,32461
2025-08-20 11:15:00,1755668700,1958.8,1959.4,1939.2,1941.6,107115
2025-08-20 12:15:00,1755672300,1941.6,1946,1935,1935,106385
2025-08-20 13:15:00,1755675900,1935,1942.3,1932.8,1938.8,72421
2025-08-20 14:15:00,1755679500,1938.2,1941.3,1937.2,1939.8,109781
2025-08-20 15:15:00,1755683100,1939.7,1942.1,1938.1,1941,63875
2025-08-21 09:15:00,1755747900,1942.2,1949.1,1932.1,1943.7,100563
2025-08-21 10:15:00,1755751500,1943.7,1964,1941.3,1957.7,73549
2025-08-21 11:15:00,1755755100,1957.7,1964.1,1954.1,1963.6,268220
2025-08-21 12:15:00,1755758700,1962.2,1964,1958.2,1960,268447
2025-08-21 13:15:00,1755762300,1960,1966,1957.9,1965.5,96551
2025-08-21 14:15:00,1755765900,1965.5,1969.7,1959.6,1963.5,236580
2025-08-21 15:15:00,1755769500,1963.5,1968,1962.2,1967.7,84359
2025-08-22 09:15:00,1755834300,1970,1978.8,1962.5,1970.9,91581
2025-08-22 10:15:00,1755837900,1970.9,1971.2,1963.9,1970,35959
2025-08-22 11:15:00,1755841500,1970,1978,1968.8,1970.9,51425
2025-08-22 12:15:00,1755845100,1972.2,1973.8,1968.8,1972,30233
2025-08-22 13:15:00,1755848700,1972,1975.5,1970.9,1971.8,20672
2025-08-22 14:15:00,1755852300,1971.8,1977.6,1971.1,1975.9,75267
2025-08-22 15:15:00,1755855900,1975.9,1975.9,1971,1971,75385
2025-08-25 09:15:00,1756093500,1984,1984,1966.6,1979.7,76852
2025-08-25 10:15:00,1756097100,1979.7,1983.6,1978.4,1982.1,35176
2025-08-25 11:15:00,1756100700,1982.1,1985.9,1973.1,1975,43187
2025-08-25 12:15:00,1756104300,1975,1977.2,1973.5,1976.7,20230
2025-08-25 13:15:00,1756107900,1976.7,1977.2,1968.8,1970.5,69547
2025-08-25 14:15:00,1756111500,1970.5,1974.9,1966,1966,46391
2025-08-25 15:15:00,1756115100,1966.1,1966.1,1959.3,1962.5,30965
2025-08-26 09:15:00,1756179900,1963.1,1963.1,1921.1,1926.7,134672
2025-08-26 10:15:00,1756183500,1927.6,1932.3,1923.2,1927.5,71125
2025-08-26 11:15:00,1756187100,1928.2,1929.6,1921.4,1923.8,148061
2025-08-26 12:15:00,1756190700,1923.5,1929.9,1920,1924.9,131740
2025-08-26 13:15:00,1756194300,1924.1,1925,1913,1913.9,43711
2025-08-26 14:15:00,1756197900,1913.9,1927.2,1911,1925,612748
2025-08-26 15:15:00,1756201500,1925.4,1932.1,1921.5,1932,381401
2025-08-28 09:15:00,1756352700,1930,1934.1,1898.5,1898.8,92112
2025-08-28 10:15:00,1756356300,1898.8,1910.6,1896,1906.9,56448
2025-08-28 11:15:00,1756359900,1906.6,1909,1898.1,1901.2,51016
2025-08-28 12:15:00,1756363500,1901.8,1901.8,1893.1,1894.2,47102
2025-08-28 13:15:00,1756367100,1894.1,1900,1893.9,1898.7,62351
2025-08-28 14:15:00,1756370700,1898.7,1909.7,1897.9,1900.8,133321
2025-08-28 15:15:00,1756374300,1901,1910,1899.7,1900.5,60998
2025-08-29 09:15:00,1756439100,1902.4,1917.7,1890,1893,136920
2025-08-29 10:15:00,1756442700,1893,1910.4,1892,1909.4,139154
2025-08-29 11:15:00,1756446300,1909.4,1911.4,1902.7,1910,102957
2025-08-29 12:15:00,1756449900,1910,1914.8,1903.3,1907,96851
2025-08-29 13:15:00,1756453500,1907.4,1910.1,1900.1,1901.9,62282
2025-08-29 14:15:00,1756457100,1901.9,1905.2,1892.8,1893.4,188695
2025-08-29 15:15:00,1756460700,1893.4,1899.8,1892.3,1899.8,139089
2025-09-01 09:15:00,1756698300,1887.1,1923,1887.1,1920.3,79946
2025-09-01 10:15:00,1756701900,1919.9,1925.9,1918,1924.4,24231
2025-09-01 11:15:00,1756705500,1924.4,1928.1,1919.6,1919.7,47324
2025-09-01 12:15:00,1756709100,1919.6,1923.7,1914.3,1919.9,33084
2025-09-01 13:15:00,1756712700,1919.9,1921.7,1909,1909,29459
2025-09-01 14:15:00,1756716300,1909.1,1909.8,1897.7,1898.2,154792
2025-09-01 15:15:00,1756719900,1898.3,1905,1894.2,1905,113107
2025-09-02 09:15:00,1756784700,1908,1908,1889.4,1900.5,56700
2025-09-02 10:15:00,1756788300,1900.5,1906,1899,1902,41382
2025-09-02 11:15:00,1756791900,1901.8,1902.8,1894.6,1897.6,71671
2025-09-02 12:15:00,1756795500,1897.6,1897.8,1889.3,1893.5,41886
2025-09-02 13:15:00,1756799100,1893,1893,1882.4,1889.5,108287
2025-09-02 14:15:00,1756802700,1890,1891.9,1885.5,1890,52373
2025-09-02 15:15:00,1756806300,1890.1,1892.2,1888.2,1891.5,33026
2025-09-03 09:15:00,1756871100,1899,1911.7,1875,1910.9,84038
2025-09-03 10:15:00,1756874700,1910.5,1925,1906.3,1925,119391
2025-09-03 11:15:00,1756878300,1924.9,1932.9,1924,1930.3,67594
2025-09-03 12:15:00,1756881900,1930.4,1934.2,1918.8,1933,72903
2025-09-03 13:15:00,1756885500,1933,1949,1932,1947,92520
2025-09-03 14:15:00,1756889100,1946.7,1952.4,1946,1951,106540
2025-09-03 15:15:00,1756892700,1950.7,1953.8,1948.9,1953,64195
2025-09-04 09:15:00,1756957500,1961,1964.4,1933.2,1939,75748
2025-09-04 10:15:00,1756961100,1938.9,1944.5,1933.1,1936,31417
2025-09-04 11:15:00,1756964700,1936,1939.2,1931.4,1934.2,23137
2025-09-04 12:15:00,1756968300,1934.8,1949,1931.1,1942.5,59556
2025-09-04 13:15:00,1756971900,1942.5,1945.2,1940.6,1943.7,48099
2025-09-04 14:15:00,1756975500,1943.7,1944,1935,1938.4,105931
2025-09-04 15:15:00,1756979100,1938.6,1943,1938.1,1940,38754
2025-09-05 09:15:00,1757043900,1941.9,1970,1940.6,1954.8,99343
2025-09-05 10:15:00,1757047500,1954.2,1954.7,1936.8,1938.7,38836
2025-09-05 11:15:00,1757051100,1939,1944.8,1934.7,1938.8,27343
2025-09-05 12:15:00,1757054700,1938.9,1939.4,1932,1938.1,34046
2025-09-05 13:15:00,1757058300,1938.1,1950,1938.1,1948.7,29671
2025-09-05 14:15:00,1757061900,1948.7,1950.2,1941.9,1945.7,61798
2025-09-05 15:15:00,1757065500,1945.4,1946.3,1938.1,1943.9,28871
2025-09-08 09:15:00,1757303100,1935,1954.6,1921.5,1951.9,64450
2025-09-08 10:15:00,1757306700,1951.9,1956.8,1946.1,1950.1,49255
2025-09-08 11:15:00,1757310300,1950.2,1952.9,1945.7,1951.6,35511
2025-09-08 12:15:00,1757313900,1951.6,1956.4,1948.7,1955.1,42923
2025-09-08 13:15:00,1757317500,1955.1,1959,1954,1958,38846
2025-09-08 14:15:00,1757321100,1958,1961.4,1946.5,1948,63993
2025-09-08 15:15:00,1757324700,1948,1951.8,1944,1945,34910
2025-09-09 09:15:00,1757389500,1937.1,1954,1934.7,1945.1,106316
2025-09-09 10:15:00,1757393100,1945.4,1950,1942.6,1946.9,55979
2025-09-09 11:15:00,1757396700,1946.9,1952.3,1942.5,1947,51748
2025-09-09 12:15:00,1757400300,1947,1953.2,1946,1951.4,39154
2025-09-09 13:15:00,1757403900,1951.4,1953.1,1948.8,1950.4,38192
2025-09-09 14:15:00,1757407500,1950.4,1957,1947,1956.4,127603
2025-09-09 15:15:00,1757411100,1956.4,1964.5,1956.3,1961.9,67799
2025-09-10 09:15:00,1757475900,1969,1980,1959.3,1979.2,88470
2025-09-10 10:15:00,1757479500,1978.9,1980,1971.4,1972.8,52568
2025-09-10 11:15:00,1757483100,1972.8,1982.4,1971.6,1978.9,50651
2025-09-10 12:15:00,1757486700,1978.9,1981.8,1967.8,1968.1,141575
2025-09-10 13:15:00,1757490300,1968.5,1972.3,1954.8,1971.5,306944
2025-09-10 14:15:00,1757493900,1971.3,1980,1970.1,1979.4,110424
2025-09-10 15:15:00,1757497500,1979.4,1983.3,1978.4,1982,98996
2025-09-11 09:15:00,1757562300,1982,2016.8,1976,1986.3,248077
2025-09-11 10:15:00,1757565900,1986.2,1986.2,1974,1982.5,64302
2025-09-11 11:15:00,1757569500,1982.5,1985.8,1976.1,1983.6,50004
2025-09-11 12:15:00,1757573100,1983.6,1993.5,1983.4,1990.4,46884
2025-09-11 13:15:00,1757576700,1990.4,1990.5,1985.1,1989.7,24608
2025-09-11 14:15:00,1757580300,1989.7,1991.5,1982.3,1985.6,60381
2025-09-11 15:15:00,1757583900,1985.7,1991.5,1984.2,1990.5,71417
2025-09-12 09:15:00,1757648700,2022,2055,2021.1,2036,734291
2025-09-12 10:15:00,1757652300,2036,2042.8,2031.3,2036.5,125981
2025-09-12 11:15:00,1757655900,2036.5,2043.9,2029.8,2042.6,300376
2025-09-12 12:15:00,1757659500,2042.9,2050.1,2039,2041.3,164814
2025-09-12 13:15:00,1757663100,2040.8,2042.5,2039,2040.2,44130
2025-09-12 14:15:00,1757666700,2040.7,2045.8,2037.9,2045.8,137215
2025-09-12 15:15:00,1757670300,2045.2,2045.4,2035.8,2042,104410
2025-09-15 09:15:00,1757907900,2043,2044.4,2021.9,2025.5,68692
2025-09-15 10:15:00,1757911500,2025.4,2027.9,2018.1,2021.2,36021
2025-09-15 11:15:00,1757915100,2021.2,2030.8,2019.2,2030.8,44070
2025-09-15 12:15:00,1757918700,2030.8,2047.6,2030.7,2041.2,130596
2025-09-15 13:15:00,1757922300,2041.7,2043.7,2037.8,2040.5,46561
2025-09-15 14:15:00,1757925900,2040.5,2048,2039.6,2047.3,140349
2025-09-15 15:15:00,1757929500,2047.2,2047.6,2040.7,2045,128284
2025-09-16 09:15:00,1757994300,2039,2062.8,2039,2051,130408
2025-09-16 10:15:00,1757997900,2050.2,2051.4,2046,2049.3,30154
2025-09-16 11:15:00,1758001500,2050.1,2050.5,2042.4,2044.6,45692
2025-09-16 12:15:00,1758005100,2044.6,2045.5,2036.9,2039.1,40830
2025-09-16 13:15:00,1758008700,2039.1,2044.5,2036.4,2042.9,56390
2025-09-16 14:15:00,1758012300,2043.2,2052.8,2040.5,2052.5,120711
2025-09-16 15:15:00,1758015900,2052.5,2053.4,2048.6,2053,96082
2025-09-17 09:15:00,1758080700,2030,2040,2015,2035,162619
2025-09-17 10:15:00,1758084300,2034.8,2038.5,2028,2034,76438
2025-09-17 11:15:00,1758087900,2034,2043,2032.8,2040.9,82148
2025-09-17 12:15:00,1758091500,2040.3,2057.8,2036.5,2048.4,129682
2025-09-17 13:15:00,1758095100,2048.4,2049.1,2032.7,2033.8,65704
2025-09-17 14:15:00,1758098700,2033.9,2035.7,2032.4,2033,72954
2025-09-17 15:15:00,1758102300,2033,2033,2027.1,2029,82746
2025-09-18 09:15:00,1758167100,2041.9,2043.3,2022.6,2035.7,68913
2025-09-18 10:15:00,1758170700,2035.7,2038.9,2030.2,2034.6,62341
2025-09-18 11:15:00,1758174300,2034.6,2036,2030,2030.2,33289
2025-09-18 12:15:00,1758177900,2030.5,2032.8,2029.3,2030.9,41915
2025-09-18 13:15:00,1758181500,2031,2046.8,2030,2044.2,89469
2025-09-18 14:15:00,1758185100,2044.1,2050,2041.8,2045.2,99537
2025-09-18 15:15:00,1758188700,2045.4,2049.8,2043.8,2047.2,58034
2025-09-19 09:15:00,1758253500,2052,2060.1,2042.6,2048.7,162560
2025-09-19 10:15:00,1758257100,2048.7,2052.4,2041.5,2050.2,59633
2025-09-19 11:15:00,1758260700,2050,2053.1,2047.1,2050.2,25892
2025-09-19 12:15:00,1758264300,2050.2,2052.3,2047.1,2052.2,18954
2025-09-19 13:15:00,1758267900,2051.9,2060.8,2049.5,2060.2,59495
2025-09-19 14:15:00,1758271500,2060.3,2061,2052.7,2054,230261
2025-09-19 15:15:00,1758275100,2054,2057.6,2052,2056.6,155520
2025-09-22 09:15:00,1758512700,2045.8,2052.9,2033.2,2038.4,120501
2025-09-22 10:15:00,1758516300,2038.8,2039.9,2030.2,2032,52982
2025-09-22 11:15:00,1758519900,2031.4,2033.6,2024.1,2029.8,48962
2025-09-22 12:15:00,1758523500,2029.7,2032,2022.5,2023,46795
2025-09-22 13:15:00,1758527100,2023,2023.1,2009,2010.7,65471
2025-09-22 14:15:00,1758530700,2010.9,2013.4,1998.5,2003.7,152002
2025-09-22 15:15:00,1758534300,2003.9,2013.4,2002.5,2013.4,61742
2025-09-23 09:15:00,1758599100,2017,2020.1,1998.3,2009.3,65947
2025-09-23 10:15:00,1758602700,2009.3,2013.5,2003.8,2004.6,19873
2025-09-23 11:15:00,1758606300,2004.6,2008.5,2000,2003.6,66731
2025-09-23 12:15:00,1758609900,2003.6,2011.2,2001.7,2009.2,58342
2025-09-23 13:15:00,1758613500,2009.4,2013.5,2001.8,2010.8,109138
2025-09-23 14:15:00,1758617100,2010.8,2014.2,2004.9,2006.9,74222
2025-09-23 15:15:00,1758620700,2007.2,2009.9,2003.8,2008.2,60581
2025-09-24 09:15:00,1758685500,2004.1,2014.9,1991.9,1993.5,64956
2025-09-24 10:15:00,1758689100,1993.7,2003.5,1992.1,2002.7,70500
2025-09-24 11:15:00,1758692700,2002.7,2009.1,2002.1,2007.1,38011
2025-09-24 12:15:00,1758696300,2007.7,2009.9,2002,2004.6,31153
2025-09-24 13:15:00,1758699900,2004,2005,1999.1,2000.1,51126
2025-09-24 14:15:00,1758703500,1999.5,2003.5,1988,1989.8,100612
2025-09-24 15:15:00,1758707100,1989.8,1995.1,1988.8,1991,47334
2025-09-25 09:15:00,1758771900,2020,2040,2002.7,2011.7,503751
2025-09-25 10:15:00,1758775500,2011.7,2017.3,2009,2013.6,120008
2025-09-25 11:15:00,1758779100,2013.6,2015.5,2002.4,2003.3,123223
2025-09-25 12:15:00,1758782700,2003.5,2003.5,1985.4,1985.7,168545
2025-09-25 13:15:00,1758786300,1986.1,1986.2,1969.3,1969.7,126391
2025-09-25 14:15:00,1758789900,1969.6,1973.9,1961.5,1962.8,221210
2025-09-25 15:15:00,1758793500,1962.8,1965,1959,1963,118950
2025-09-26 09:15:00,1758858300,1930.5,1952.8,1915,1941.2,447511
2025-09-26 10:15:00,1758861900,1942,1947,1921.1,1921.1,81985
2025-09-26 11:15:00,1758865500,1921.2,1931.6,1913.3,1929.7,142584
2025-09-26 12:15:00,1758869100,1929.1,1931.9,1923.2,1926,104971
2025-09-26 13:15:00,1758872700,1925.8,1929.9,1916.5,1923.7,81574
2025-09-26 14:15:00,1758876300,1923.7,1929.9,1917.6,1919.3,147493
2025-09-26 15:15:00,1758879900,1919.4,1924.9,1915.4,1922.9,115269
2025-09-29 09:15:00,1759117500,1925.6,1958,1922,1950.3,183692
2025-09-29 10:15:00,1759121100,1950.1,1954.1,1949.2,1950,230662
2025-09-29 11:15:00,1759124700,1950,1951.9,1931.2,1938.7,231667
2025-09-29 12:15:00,1759128300,1938.6,1943.7,1935.6,1939,103823
2025-09-29 13:15:00,1759131900,1939,1941.5,1929.1,1937.1,162369
2025-09-29 14:15:00,1759135500,1937.1,1938.4,1920.2,1936.4,318223
2025-09-29 15:15:00,1759139100,1936,1941.4,1927.1,1927.1,283324
2025-09-30 09:15:00,1759203900,1941,1957.6,1940,1941.6,163312
2025-09-30 10:15:00,1759207500,1942.1,1943.8,1935.5,1941,47330
2025-09-30 11:15:00,1759211100,1941,1942.2,1926.1,1926.5,71613
2025-09-30 12:15:00,1759214700,1926.1,1928.1,1912.7,1916,92501
2025-09-30 13:15:00,1759218300,1915.8,1917.1,1908.1,1909.8,116460
2025-09-30 14:15:00,1759221900,1909.8,1913.2,1901.8,1906.8,306107
2025-09-30 15:15:00,1759225500,1906.8,1923.2,1906.3,1915,229975
2025-10-01 09:15:00,1759290300,1917.4,1983.4,1917,1980.8,643905
2025-10-01 10:15:00,1759293900,1980.8,1985,1972.1,1977.8,381169
2025-10-01 11:15:00,1759297500,1977.9,1983,1967.5,1983,356721
2025-10-01 12:15:00,1759301100,1982.5,1990,1981,1985.8,219020
2025-10-01 13:15:00,1759304700,1985.6,1987.6,1978.1,1982.1,141393
2025-10-01 14:15:00,1759308300,1982.1,1985,1978.9,1983.2,263857
2025-10-01 15:15:00,1759311900,1983.2,1983.9,1979,1979.2,115352
2025-10-03 09:15:00,1759463100,1984.4,2006.1,1984.4,1998.5,203584
2025-10-03 10:15:00,1759466700,1998.5,1999.7,1990.1,1991.8,57117
2025-10-03 11:15:00,1759470300,1991.8,1995,1979.2,1979.3,145122
2025-10-03 12:15:00,1759473900,1979.3,1981.5,1974.4,1978.9,44739
2025-10-03 13:15:00,1759477500,1978.9,1981.6,1969.6,1969.6,76878
2025-10-03 14:15:00,1759481100,1969.6,1975.6,1969.1,1973.9,158308
2025-10-03 15:15:00,1759484700,1973.9,1975,1970.9,1974.5,77002
2025-10-06 09:15:00,1759722300,1950,1972.9,1929.2,1933.8,377846
2025-10-06 10:15:00,1759725900,1934.1,1942.3,1932.2,1938.1,79727
2025-10-06 11:15:00,1759729500,1938.1,1940.6,1935,1938,92725
2025-10-06 12:15:00,1759733100,1939.2,1940,1934,1934.4,51701
2025-10-06 13:15:00,1759736700,1934.5,1939.2,1930.5,1935.1,87219
2025-10-06 14:15:00,1759740300,1935.1,1941,1934.7,1934.9,206276
2025-10-06 15:15:00,1759743900,1934.8,1940,1934.3,1940,99811
2025-10-07 09:15:00,1759808700,1946,1946.4,1922,1923.1,244245
2025-10-07 10:15:00,1759812300,1923.1,1927.5,1918.6,1921.9,103816
2025-10-07 11:15:00,1759815900,1921.9,1929.5,1921,1927.4,91599
2025-10-07 12:15:00,1759819500,1927.3,1927.4,1918.9,1922.6,49740
2025-10-07 13:15:00,1759823100,1922.6,1925,1920,1923.7,24345
2025-10-07 14:15:00,1759826700,1923.5,1925.1,1921.2,1924.7,65837
2025-10-07 15:15:00,1759830300,1924.7,1926.9,1922.2,1923,84941
2025-10-08 09:15:00,1759895100,1932.7,1942,1921,1924.6,85831
2025-10-08 10:15:00,1759898700,1924.5,1929.9,1918.4,1921.3,46731
2025-10-08 11:15:00,1759902300,1921.5,1921.7,1911.4,1914.2,84338
2025-10-08 12:15:00,1759905900,1914.2,1915,1912.1,1915,62637
2025-10-08 13:15:00,1759909500,1914.4,1915.4,1910.1,1910.3,49298
2025-10-08 14:15:00,1759913100,1910.3,1912.6,1901,1902.7,124678
2025-10-08 15:15:00,1759916700,1902.7,1910.3,1901.3,1902.8,101967
2025-10-09 09:15:00,1759981500,1933,1984.1,1930.6,1983,1081673
2025-10-09 10:15:00,1759985100,1982.5,1984.2,1960,1970,431514
2025-10-09 11:15:00,1759988700,1970.3,1977,1963.3,1967.8,208446
2025-10-09 12:15:00,1759992300,1968.3,1970,1956,1958.7,178312
2025-10-09 13:15:00,1759995900,1958.6,1960.3,1954,1959.2,139429
2025-10-09 14:15:00,1759999500,1958.7,1960.8,1955.7,1960,132917
2025-10-09 15:15:00,1760003100,1959.7,1959.7,1953.6,1955,120273
2025-10-10 09:15:00,1760067900,1957.6,1964.1,1931.7,1944.9,239843
2025-10-10 10:15:00,1760071500,1944.9,1950,1935,1948.3,67452
2025-10-10 11:15:00,1760075100,1948.3,1982.9,1948.3,1982.7,233317
2025-10-10 12:15:00,1760078700,1982.8,1985,1971.3,1972.3,125007
2025-10-10 13:15:00,1760082300,1972.2,1972.9,1957.4,1960.7,61571
2025-10-10 14:15:00,1760085900,1960.8,1963.9,1955,1956.7,68374
2025-10-10 15:15:00,1760089500,1957.3,1962.6,1956.7,1959.9,58039
2025-10-13 09:15:00,1760327100,1950.1,1967.6,1946.4,1952.8,72165
2025-10-13 10:15:00,1760330700,1952.8,1955.8,1947.5,1953.2,55617
2025-10-13 11:15:00,1760334300,1953.2,1967.8,1951.1,1967.8,124159
2025-10-13 12:15:00,1760337900,1967.1,1973,1965.7,1972.2,63629
2025-10-13 13:15:00,1760341500,1972,1977,1969,1975.4,60526
2025-10-13 14:15:00,1760345100,1974.9,1982.3,1973.1,1973.1,108178
2025-10-13 15:15:00,1760348700,1973.1,1973.9,1963,1965.1,44990
2025-10-14 09:15:00,1760413500,1961,1976.9,1944.2,1944.2,216161
2025-10-14 10:15:00,1760417100,1944.3,1947.3,1935.5,1937.3,133118
2025-10-14 11:15:00,1760420700,1937.3,1941.9,1932,1935.1,66688
2025-10-14 12:15:00,1760424300,1935.6,1941.2,1933.9,1936.4,65796
2025-10-14 13:15:00,1760427900,1936.4,1941,1934.1,1935.1,66138
2025-10-14 14:15:00,1760431500,1935.1,1941.4,1934.4,1939.3,128573
2025-10-14 15:15:00,1760435100,1939,1939.5,1934.1,1935.1,73845
2025-10-15 09:15:00,1760499900,1947,1947,1931.1,1945.5,53721
2025-10-15 10:15:00,1760503500,1946.5,1949.3,1940.8,1944.8,55741
2025-10-15 11:15:00,1760507100,1944.8,1954.5,1944.2,1949.9,66978
2025-10-15 12:15:00,1760510700,1950.6,1954.8,1945.3,1952.4,48838
2025-10-15 13:15:00,1760514300,1952.4,1958.6,1951.5,1955.4,77434
2025-10-15 14:15:00,1760517900,1956.4,1958.1,1938.5,1941.1,217566
2025-10-15 15:15:00,1760521500,1939.8,1942.6,1938.4,1940,115293
2025-10-16 09:15:00,1760586300,1955,1955,1936.3,1937.8,62862
2025-10-16 10:15:00,1760589900,1937.8,1949,1935.6,1947.1,83364
2025-10-16 11:15:00,1760593500,1947.1,1951.8,1944.3,1946.5,54668
2025-10-16 12:15:00,1760597100,1947,1952,1946.2,1949.7,43528
2025-10-16 13:15:00,1760600700,1950,1953.2,1948.4,1949.9,43013
2025-10-16 14:15:00,1760604300,1949.6,1954.5,1949.5,1953.2,46712
2025-10-16 15:15:00,1760607900,1953.2,1953.2,1950,1950.6,39926
2025-10-17 09:15:00,1760672700,1960,1960,1923.2,1933,102714
2025-10-17 10:15:00,1760676300,1932.9,1945.5,1931.1,1944.5,51016
2025-10-17 11:15:00,1760679900,1944.5,1945.2,1928.5,1937.6,123630
2025-10-17 12:15:00,1760683500,1937.6,1951.3,1935,1938,275703
2025-10-17 13:15:00,1760687100,1937.4,1945,1934.2,1945,96965
2025-10-17 14:15:00,1760690700,1945,1949.6,1937,1940.3,130420
2025-10-17 15:15:00,1760694300,1940.3,1942.4,1936.6,1936.6,89128
2025-10-20 09:15:00,1760931900,1954,1964,1940.4,1943.1,100057
2025-10-20 10:15:00,1760935500,1943.3,1947.4,1940.1,1943.3,56475
2025-10-20 11:15:00,1760939100,1943.3,1953.6,1940,1947,79083
2025-10-20 12:15:00,1760942700,1947,1948.9,1938.6,1943.7,59764
2025-10-20 13:15:00,1760946300,1943.7,1949.6,1940,1944.9,173717
2025-10-20 14:15:00,1760949900,1944.9,1945.1,1936.9,1944.1,339767
2025-10-20 15:15:00,1760953500,1944,1948,1940,1942.1,73486
2025-10-21 13:15:00,1761032700,1955,1959.3,1940.1,1943.8,28138
2025-10-21 14:15:00,1761036300,1943.7,1944,1940.1,1941,17300
2025-10-23 09:15:00,1761191100,1969.9,1969.9,1934.8,1946.9,103447
2025-10-23 10:15:00,1761194700,1947,1952.8,1944,1949,30200
2025-10-23 11:15:00,1761198300,1949,1951.9,1946.3,1948.4,296209
2025-10-23 12:15:00,1761201900,1948.4,1956.6,1944.9,1955,67491
2025-10-23 13:15:00,1761205500,1955,1955.9,1946.8,1949.6,67956
2025-10-23 14:15:00,1761209100,1949.6,1951,1934,1937.3,146931
2025-10-23 15:15:00,1761212700,1937.3,1945,1937.2,1945,86469
2025-10-24 09:15:00,1761277500,1941.9,1957.8,1932.4,1938,130912
2025-10-24 10:15:00,1761281100,1938,1938.5,1929.4,1934.3,47605
2025-10-24 11:15:00,1761284700,1934.4,1939,1929.2,1938.4,38049
2025-10-24 12:15:00,1761288300,1938.4,1939,1932.8,1936,37713
2025-10-24 13:15:00,1761291900,1935.9,1936.5,1920,1926.7,102186
2025-10-24 14:15:00,1761295500,1926.6,1933.6,1923.1,1932.7,74082
2025-10-24 15:15:00,1761299100,1932.3,1933.8,1928.9,1932.8,34772
2025-10-27 09:15:00,1761536700,1938,1941,1928.2,1930.1,39192
2025-10-27 10:15:00,1761540300,1930.1,1936.9,1928.2,1928.9,23025
2025-10-27 11:15:00,1761543900,1928.9,1931.8,1926,1926.9,32595
2025-10-27 12:15:00,1761547500,1926.9,1929.5,1918.5,1925.8,52494
2025-10-27 13:15:00,1761551100,1925.8,1927.3,1920.2,1924.2,29536
2025-10-27 14:15:00,1761554700,1924.2,1925.9,1920,1923.9,38466
2025-10-27 15:15:00,1761558300,1924.8,1924.8,1920,1922,26622
2025-10-28 09:15:00,1761623100,1916,1929.8,1912.8,1915.3,83358
2025-10-28 10:15:00,1761626700,1915.2,1920.8,1910,1910,54789
2025-10-28 11:15:00,1761630300,1910,1913,1900,1903.4,93542
2025-10-28 12:15:00,1761633900,1903,1907.3,1900.6,1906.2,70482
2025-10-28 13:15:00,1761637500,1906.2,1914.5,1904.3,1908.1,98436
2025-10-28 14:15:00,1761641100,1908,1923.8,1906,1919.2,168282
2025-10-28 15:15:00,1761644700,1919.3,1932.2,1914.6,1927.3,98869
2025-10-29 09:15:00,1761709500,1918.7,1937.7,1918.7,1930.7,123993
2025-10-29 10:15:00,1761713100,1930.7,1950.1,1929.1,1943.6,143493
2025-10-29 11:15:00,1761716700,1943.4,1955.8,1943.4,1949,118656
2025-10-29 12:15:00,1761720300,1949,1955.8,1944.1,1954.2,84606
2025-10-29 13:15:00,1761723900,1954.2,1958.6,1942.7,1953,217577
2025-10-29 14:15:00,1761727500,1953,1960,1952.1,1953.5,98584
2025-10-29 15:15:00,1761731100,1954.3,1959.9,1953.8,1956.2,57681
2025-10-30 09:15:00,1761795900,1956,1956.1,1926.9,1934.7,149128
2025-10-30 10:15:00,1761799500,1934.8,1938.3,1930.2,1935.5,69284
2025-10-30 11:15:00,1761803100,1935.5,1940.5,1930.4,1935.4,186699
2025-10-30 12:15:00,1761806700,1935,1948.5,1934.5,1944,94830
2025-10-30 13:15:00,1761810300,1944.2,1944.5,1929.1,1941.3,281566
2025-10-30 14:15:00,1761813900,1941.1,1949,1939.1,1947,116043
2025-10-30 15:15:00,1761817500,1948,1948.5,1940.9,1944,45473
2025-10-31 09:15:00,1761882300,1945.9,1955,1936.1,1940.9,184500
2025-10-31 10:15:00,1761885900,1941.6,1974.7,1938.1,1970,207152
2025-10-31 11:15:00,1761889500,1970.2,1976,1963.2,1965.9,141306
2025-10-31 12:15:00,1761893100,1965.9,1975,1962.7,1969.4,99151
2025-10-31 13:15:00,1761896700,1969.4,1972.8,1966.5,1969.2,49779
2025-10-31 14:15:00,1761900300,1969.6,1972,1958.6,1961,185323
2025-10-31 15:15:00,1761903900,1961,1970,1961,1970,149747
2025-11-03 09:15:00,1762141500,1967,1999,1955.9,1962.1,245954
2025-11-03 10:15:00,1762145100,1962.1,1965.5,1946.6,1955.1,185497
2025-11-03 11:15:00,1762148700,1954.4,1992,1951.5,1990.5,254104
2025-11-03 12:15:00,1762152300,1990.1,2008,1989.1,1994.2,374673
2025-11-03 13:15:00,1762155900,1994.3,2001.4,1989.3,1990.8,110169
2025-11-03 14:15:00,1762159500,1990.5,1995,1980,1984.4,195617
2025-11-03 15:15:00,1762163100,1984.1,1999,1983.7,1999,400230
2025-11-04 09:15:00,1762227900,1985.8,2016.5,1985.8,1987.1,225568
2025-11-04 10:15:00,1762231500,1987.2,1991.8,1976.6,1978,74665
2025-11-04 11:15:00,1762235100,1978.2,1991.3,1975.2,1989,145062
2025-11-04 12:15:00,1762238700,1989.7,1993.9,1982,1990,195665
2025-11-04 13:15:00,1762242300,1990,1992.4,1969.7,1978,194343
2025-11-04 14:15:00,1762245900,1978,1998,1974.7,1994.7,241909
2025-11-04 15:15:00,1762249500,1994.7,2004.3,1993.4,2003.5,124624
2025-11-06 09:15:00,1762400700,2010.9,2011,1972.1,1973.6,235629
2025-11-06 10:15:00,1762404300,1974,1976,1964.1,1972.7,86865
2025-11-06 11:15:00,1762407900,1972.7,1973.4,1957.2,1970,160646
2025-11-06 12:15:00,1762411500,1972,1984.9,1966.6,1969.3,285901
2025-11-06 13:15:00,1762415100,1969.5,1973.6,1951.5,1955.9,133004
2025-11-06 14:15:00,1762418700,1955.5,1966.8,1955,1960,286405
2025-11-06 15:15:00,1762422300,1960.1,1970,1944.1,1970,212730
2025-11-07 09:15:00,1762487100,1984,1999,1970,1996,1627802
2025-11-07 10:15:00,1762490700,1995.1,2002,1981,1981.3,451424
2025-11-07 11:15:00,1762494300,1981,1997.3,1978.7,1985.3,252148
2025-11-07 12:15:00,1762497900,1985.8,1987.1,1960,1975,396856
2025-11-07 13:15:00,1762501500,1975.2,1975.5,1963.3,1966.1,303506
2025-11-07 14:15:00,1762505100,1966.1,1974,1965,1970,211742
2025-11-07 15:15:00,1762508700,1970,1975.6,1968,1969,229314
2025-11-10 09:15:00,1762746300,1980.1,2018,1980.1,2009.5,631717
2025-11-10 10:15:00,1762749900,2010.4,2011,1993.4,1995,148651
2025-11-10 11:15:00,1762753500,1995,2026.9,1994.2,2022.5,292424
2025-11-10 12:15:00,1762757100,2022.8,2028,2019,2020,172958
2025-11-10 13:15:00,1762760700,2020,2021.9,2014,2019.2,79502
2025-11-10 14:15:00,1762764300,2019.2,2021,1985.1,1985.9,244640
2025-11-10 15:15:00,1762767900,1985.9,1993.9,1981.2,1985,141742
2025-11-11 09:15:00,1762832700,1998,1998,1972,1980.3,467949
2025-11-11 10:15:00,1762836300,1980.6,1990.7,1974.8,1979.9,175521
2025-11-11 11:15:00,1762839900,1979.9,1981.4,1975.5,1976.4,148013
2025-11-11 12:15:00,1762843500,1976.5,1985,1975.4,1981.4,258015
2025-11-11 13:15:00,1762847100,1981.2,1982.3,1973.1,1979.9,207503
2025-11-11 14:15:00,1762850700,1980,1981.7,1971.6,1976.3,260218
2025-11-11 15:15:00,1762854300,1976.3,1980,1974.9,1980,147891
2025-11-12 09:15:00,1762919100,1983.2,1992.8,1971.8,1992.1,279326
2025-11-12 10:15:00,1762922700,1992.4,2003.4,1986.6,1990,161521
2025-11-12 11:15:00,1762926300,1990,2004.5,1988.2,2001.7,202443
2025-11-12 12:15:00,1762929900,2002.2,2018.4,2001.7,2014.1,253423
2025-11-12 13:15:00,1762933500,2014.3,2021.7,2014.1,2016,163300
2025-11-12 14:15:00,1762937100,2015.7,2037.5,2015,2034.3,260949
2025-11-12 15:15:00,1762940700,2034.3,2040,2033.1,2038.1,168492
2025-11-13 09:15:00,1763005500,2051.6,2057.4,2033.5,2056.9,356858
2025-11-13 10:15:00,1763009100,2056.9,2062.1,2051.2,2057.6,129637
2025-11-13 11:15:00,1763012700,2057.7,2068.3,2057.6,2065.3,239085
2025-11-13 12:15:00,1763016300,2065.2,2068.3,2056.1,2060,136091
2025-11-13 13:15:00,1763019900,2060,2061.7,2050.1,2052.8,132980
2025-11-13 14:15:00,1763023500,2052.9,2063.4,2047.5,2053.7,288816
2025-11-13 15:15:00,1763027100,2053,2057.3,2050.6,2050.6,97546
2025-11-14 09:15:00,1763091900,2053.9,2069.2,2045.7,2058.2,145406
2025-11-14 10:15:00,1763095500,2059.1,2061.3,2040,2051.6,112156
2025-11-14 11:15:00,1763099100,2054.3,2056.6,2046.1,2046.6,54880
2025-11-14 12:15:00,1763102700,2046.6,2052,2035.8,2042.3,81623
2025-11-14 13:15:00,1763106300,2041.8,2047.6,2041.4,2045.1,44990
2025-11-14 14:15:00,1763109900,2045,2059.3,2043.2,2057.9,82614
2025-11-14 15:15:00,1763113500,2057.5,2058.7,2054.4,2054.7,69709
2025-11-17 09:15:00,1763351100,2074.9,2076.6,2059,2062.8,339364
2025-11-17 10:15:00,1763354700,2062.8,2063.4,2046.5,2049,112024
2025-11-17 11:15:00,1763358300,2049,2060,2043.1,2056.1,152255
2025-11-17 12:15:00,1763361900,2056.4,2058.7,2053,2055.5,58037
2025-11-17 13:15:00,1763365500,2055.5,2056.2,2048.1,2049.9,87118
2025-11-17 14:15:00,1763369100,2050,2054,2044,2050.7,126585
2025-11-17 15:15:00,1763372700,2050.6,2054.5,2050.6,2054.3,105147
2025-11-18 09:15:00,1763437500,2064,2064,2042,2048.5,129215
2025-11-18 10:15:00,1763441100,2048.7,2058.2,2046.3,2049.9,262620
2025-11-18 11:15:00,1763444700,2050,2052.3,2046.1,2048.9,74121
2025-11-18 12:15:00,1763448300,2048.3,2048.7,2038.3,2043.9,90570
2025-11-18 13:15:00,1763451900,2044,2050,2042.9,2048.4,111659
2025-11-18 14:15:00,1763455500,2048.9,2050,2045.9,2047,443739
2025-11-18 15:15:00,1763459100,2046.9,2050,2046,2050,243633
2025-11-19 09:15:00,1763523900,2055,2055,2040,2042.9,83961
2025-11-19 10:15:00,1763527500,2043,2043.7,2035.8,2038.1,62281
2025-11-19 11:15:00,1763531100,2038.1,2041.2,2034,2040.3,69421
2025-11-19 12:15:00,1763534700,2040.4,2042,2038.7,2040,83458
2025-11-19 13:15:00,1763538300,2040,2040.7,2028.6,2030,83774
2025-11-19 14:15:00,1763541900,2030,2031.4,2019.7,2024.9,157969
2025-11-19 15:15:00,1763545500,2025.1,2032.5,2024.1,2025,142444
2025-11-20 09:15:00,1763610300,2035,2037,2027.7,2035,95004
2025-11-20 10:15:00,1763613900,2034.6,2038.8,2031,2036.8,57933
2025-11-20 11:15:00,1763617500,2036.8,2042.5,2034.2,2035,74158
2025-11-20 12:15:00,1763621100,2035,2037.6,2033.6,2036,92670
2025-11-20 13:15:00,1763624700,2036,2039.1,2030.7,2034.7,92612
2025-11-20 14:15:00,1763628300,2034.7,2036.1,2027,2032.5,134514
2025-11-20 15:15:00,1763631900,2032.7,2033.2,2024,2031.9,55643
2025-11-21 09:15:00,1763696700,2032.7,2033.8,2021.2,2027.2,307416
2025-11-21 10:15:00,1763700300,2027.2,2031.5,2021.9,2028.2,147146
2025-11-21 11:15:00,1763703900,2028.2,2031,2026,2030.8,87427
2025-11-21 12:15:00,1763707500,2030.7,2033,2027.2,2032,164384
2025-11-21 13:15:00,1763711100,2032.3,2037.9,2029.7,2035.6,960986
2025-11-21 14:15:00,1763714700,2035.6,2035.6,2025,2028.9,411131
2025-11-21 15:15:00,1763718300,2028.9,2033.6,2026,2031,292758
2025-11-24 09:15:00,1763955900,2010.7,2012.2,1987.3,1999.4,243998
2025-11-24 10:15:00,1763959500,1999.8,2000,1992.7,1998,106697
2025-11-24 11:15:00,1763963100,1998.4,1999.5,1991.6,1991.6,304200
2025-11-24 12:15:00,1763966700,1991.6,1993.9,1983.5,1989.3,108059
2025-11-24 13:15:00,1763970300,1989.3,1994.7,1988.6,1993,207941
2025-11-24 14:15:00,1763973900,1992.9,2001.8,1990.9,1999,1183756
2025-11-24 15:15:00,1763977500,1999.1,2004.1,1986.1,1986.1,969162
2025-11-25 09:15:00,1764042300,2011.7,2039.9,2001.1,2037.9,321506
2025-11-25 10:15:00,1764045900,2038,2046.9,2025.9,2031.9,261114
2025-11-25 11:15:00,1764049500,2031.9,2049.8,2030.4,2049,185159
2025-11-25 12:15:00,1764053100,2049,2052.5,2038.7,2043,145466
2025-11-25 13:15:00,1764056700,2043,2048,2041.2,2043.1,119703
2025-11-25 14:15:00,1764060300,2043.1,2046,2038.5,2045.3,204479
2025-11-25 15:15:00,1764063900,2045.1,2048.3,2036.1,2041,206888
2025-11-26 09:15:00,1764128700,2042.3,2049.6,2035.3,2047.8,82461
2025-11-26 10:15:00,1764132300,2047.8,2059,2045,2056.9,68685
2025-11-26 11:15:00,1764135900,2056.1,2065,2055.3,2056.7,110371
2025-11-26 12:15:00,1764139500,2056.6,2062.2,2052.5,2061,79188
2025-11-26 13:15:00,1764143100,2061,2062.5,2059,2061,77978
2025-11-26 14:15:00,1764146700,2061,2074,2060.2,2071.5,132151
2025-11-26 15:15:00,1764150300,2071.8,2072,2070,2071,63552
2025-11-27 09:15:00,1764215100,2077.2,2083.9,2067.9,2072,119291
2025-11-27 10:15:00,1764218700,2072,2077.5,2065.9,2071.9,133796
2025-11-27 11:15:00,1764222300,2071.9,2077,2066.4,2077,109444
2025-11-27 12:15:00,1764225900,2077,2077,2068.6,2071,107389
2025-11-27 13:15:00,1764229500,2071.3,2074,2060.2,2062.2,61400
2025-11-27 14:15:00,1764233100,2062.2,2074.9,2061.5,2074.1,93476
2025-11-27 15:15:00,1764236700,2073.7,2076,2067,2074,56630
2025-11-28 09:15:00,1764301500,2074,2082,2070.4,2081,65225
2025-11-28 10:15:00,1764305100,2080.9,2091,2077.7,2090,62240
2025-11-28 11:15:00,1764308700,2090,2091.4,2080,2081.3,311493
2025-11-28 12:15:00,1764312300,2081.3,2081.8,2075,2080,42470
2025-11-28 13:15:00,1764315900,2080.3,2083.8,2078.2,2080.8,108421
2025-11-28 14:15:00,1764319500,2080.8,2087,2079.2,2082.6,140043
2025-11-28 15:15:00,1764323100,2082.6,2082.7,2079,2080.5,92167
2025-12-01 09:15:00,1764560700,2094.9,2107.4,2070,2075,197444
2025-12-01 10:15:00,1764564300,2075,2079.6,2070,2071.5,31722
2025-12-01 11:15:00,1764567900,2070.6,2081,2062.4,2081,65188
2025-12-01 12:15:00,1764571500,2080.8,2080.8,2070.3,2076.1,39855
2025-12-01 13:15:00,1764575100,2076.6,2080.9,2075.1,2077.6,83422
2025-12-01 14:15:00,1764578700,2076.6,2081.8,2073.1,2080.5,228416
2025-12-01 15:15:00,1764582300,2080.5,2086.8,2078.7,2078.8,103493
2025-12-02 09:15:00,1764647100,2089.9,2099.9,2080,2080.8,267302
2025-12-02 10:15:00,1764650700,2080.9,2086.1,2074.5,2085.1,83041
2025-12-02 11:15:00,1764654300,2085.3,2085.3,2076.3,2083.3,90242
2025-12-02 12:15:00,1764657900,2083.1,2088.3,2079.5,2084,131404
2025-12-02 13:15:00,1764661500,2084,2095.6,2082.3,2091.2,152482
2025-12-02 14:15:00,1764665100,2091.2,2091.5,2079.6,2081.6,278577
2025-12-02 15:15:00,1764668700,2081.8,2090,2080.1,2089.5,189578
2025-12-03 09:15:00,1764733500,2082.7,2102.8,2067,2069.3,241872
2025-12-03 10:15:00,1764737100,2069.3,2074.2,2062.3,2064.9,99649
2025-12-03 11:15:00,1764740700,2064.9,2075,2053.6,2072.9,127202
2025-12-03 12:15:00,1764744300,2073,2079.9,2070,2077.3,101581
2025-12-03 13:15:00,1764747900,2077.3,2082.7,2075.1,2081.7,169582
2025-12-03 14:15:00,1764751500,2081.7,2084.1,2074.6,2081.3,249941
2025-12-03 15:15:00,1764755100,2081.3,2083.8,2079.6,2080,107861
2025-12-04 09:15:00,1764819900,2086.8,2086.8,2066.3,2072,124190
2025-12-04 10:15:00,1764823500,2072,2082.9,2069.2,2082.1,64371
2025-12-04 11:15:00,1764827100,2082.3,2085,2081.9,2083.3,37271
2025-12-04 12:15:00,1764830700,2083.1,2091.8,2082.7,2091.7,113449
2025-12-04 13:15:00,1764834300,2091.8,2095.2,2088,2091.5,116213
2025-12-04 14:15:00,1764837900,2091.5,2095,2087.4,2093.2,162983
2025-12-04 15:15:00,1764841500,2093.5,2093.6,2085,2088,77486
2025-12-05 09:15:00,1764906300,2095,2101.7,2083.1,2087.6,129871
2025-12-05 10:15:00,1764909900,2088.2,2100.5,2083.9,2100.1,116840
2025-12-05 11:15:00,1764913500,2100.4,2102.2,2096,2100.1,129484
2025-12-05 12:15:00,1764917100,2100,2105,2095.1,2103.9,200320
2025-12-05 13:15:00,1764920700,2104.2,2104.4,2099.2,2101.1,51384
2025-12-05 14:15:00,1764924300,2101.1,2104.7,2089.8,2099,208998
2025-12-05 15:15:00,1764927900,2099.5,2100,2086.2,2090,134201
2025-12-08 09:15:00,1765165500,2091.8,2097.7,2085.7,2086.8,94180
2025-12-08 10:15:00,1765169100,2086.8,2099.4,2086.8,2090.5,217977
2025-12-08 11:15:00,1765172700,2090.5,2091.5,2077,2077.7,103972
2025-12-08 12:15:00,1765176300,2077.7,2081.8,2068.3,2071.9,174155
2025-12-08 13:15:00,1765179900,2071.9,2072.2,2055.1,2067.2,287806
2025-12-08 14:15:00,1765183500,2067.2,2075.9,2058.3,2070.9,264492
2025-12-08 15:15:00,1765187100,2071.2,2073.7,2064.2,2069.1,110983
2025-12-09 09:15:00,1765251900,2070,2073,2036.7,2051.6,139862
2025-12-09 10:15:00,1765255500,2051.7,2062.8,2042.1,2050.4,134172
2025-12-09 11:15:00,1765259100,2050.4,2061,2048.1,2058.9,61524
2025-12-09 12:15:00,1765262700,2058.9,2062.4,2055,2062.4,74897
2025-12-09 13:15:00,1765266300,2061.6,2064.2,2058.5,2061.6,126671
2025-12-09 14:15:00,1765269900,2061.6,2061.6,2042.1,2051.3,273099
2025-12-09 15:15:00,1765273500,2051.3,2055.4,2051.1,2055.3,137685
2025-12-10 09:15:00,1765338300,2064.9,2074.6,2052.1,2070.2,96669
2025-12-10 10:15:00,1765341900,2070.2,2075,2056.2,2059.7,79981
2025-12-10 11:15:00,1765345500,2060,2060,2050.8,2054.9,64773
2025-12-10 12:15:00,1765349100,2055.7,2065.2,2054.6,2065,401133
2025-12-10 13:15:00,1765352700,2065.2,2069.2,2055.4,2056.4,102666
2025-12-10 14:15:00,1765356300,2057.1,2060,2052.2,2056.1,164175
2025-12-10 15:15:00,1765359900,2056.7,2057,2051,2054.7,48174
2025-12-11 09:15:00,1765424700,2062,2062,2046.6,2057.6,113833
2025-12-11 10:15:00,1765428300,2057.4,2073.3,2057.4,2070.2,91746
2025-12-11 11:15:00,1765431900,2069.5,2079.7,2067,2077.6,81148
2025-12-11 12:15:00,1765435500,2077.6,2084.4,2075,2077.8,61927
2025-12-11 13:15:00,1765439100,2078.1,2085.9,2078,2082.8,92474
2025-12-11 14:15:00,1765442700,2082.8,2085.9,2076.1,2080.7,85031
2025-12-11 15:15:00,1765446300,2081.8,2084.9,2077,2078,58189
2025-12-12 09:15:00,1765511100,2083,2102.6,2080,2097.1,131993
2025-12-12 10:15:00,1765514700,2097.1,2099.2,2092.5,2095.7,51586
2025-12-12 11:15:00,1765518300,2095.7,2102,2095.7,2101.8,64182
2025-12-12 12:15:00,1765521900,2101.8,2105,2100,2102.8,66730
2025-12-12 13:15:00,1765525500,2102.8,2116,2102.1,2114.9,113610
2025-12-12 14:15:00,1765529100,2114.9,2117.2,2108.1,2115.4,98451
2025-12-12 15:15:00,1765532700,2115.4,2115.6,2110,2110,46743
2025-12-15 09:15:00,1765770300,2121.9,2121.9,2086.4,2086.4,76358
2025-12-15 10:15:00,1765773900,2086.8,2094.3,2086.4,2091.5,103866
2025-12-15 11:15:00,1765777500,2091.5,2097.6,2086.7,2096.4,38097
2025-12-15 12:15:00,1765781100,2096.5,2100.9,2093.9,2096.2,97100
2025-12-15 13:15:00,1765784700,2096.2,2097,2087,2088.4,29625
2025-12-15 14:15:00,1765788300,2088.4,2094.9,2086.6,2092.6,79414
2025-12-15 15:15:00,1765791900,2092.7,2094.6,2087.6,2087.7,66337
2025-12-16 09:15:00,1765856700,2096.6,2096.6,2077.6,2088.2,56327
2025-12-16 10:15:00,1765860300,2088.9,2093.7,2081.9,2092.3,47182
2025-12-16 11:15:00,1765863900,2092.6,2096.1,2083.6,2093,264028
2025-12-16 12:15:00,1765867500,2093,2099.9,2089.7,2090.6,45362
2025-12-16 13:15:00,1765871100,2090.6,2095.9,2089.1,2091.4,30119
2025-12-16 14:15:00,1765874700,2090.8,2095,2083.4,2092.3,88773
2025-12-16 15:15:00,1765878300,2092.8,2093.2,2082.6,2085.9,71828
2025-12-17 09:15:00,1765943100,2100.9,2128,2095.9,2118,269878
2025-12-17 10:15:00,1765946700,2117.8,2118,2102.3,2103.5,104853
2025-12-17 11:15:00,1765950300,2104.6,2119.6,2103.3,2115.9,131004
2025-12-17 12:15:00,1765953900,2115.9,2117.4,2105.2,2105.3,51646
2025-12-17 13:15:00,1765957500,2104.9,2111.5,2104.1,2109.1,48867
2025-12-17 14:15:00,1765961100,2108.4,2117.2,2105.2,2113.4,107606
2025-12-17 15:15:00,1765964700,2112.4,2114.4,2108.3,2114,68285
2025-12-18 09:15:00,1766029500,2116.1,2117,2098,2110.1,90683
2025-12-18 10:15:00,1766033100,2110.1,2118,2108,2114.7,61157
2025-12-18 11:15:00,1766036700,2114,2127.1,2111.5,2121.5,149934
2025-12-18 12:15:00,1766040300,2122,2123.1,2118.1,2120.8,43768
2025-12-18 13:15:00,1766043900,2120.6,2120.6,2113.5,2114.5,38453
2025-12-18 14:15:00,1766047500,2114.5,2121.5,2107.8,2119,77054
2025-12-18 15:15:00,1766051100,2119,2120.4,2114.1,2114.1,51918
2025-12-19 09:15:00,1766115900,2127,2146.9,2123,2136,163806
2025-12-19 10:15:00,1766119500,2135.9,2142.5,2125.3,2126.6,82418
2025-12-19 11:15:00,1766123100,2126.6,2128.2,2111.1,2115.6,63701
2025-12-19 12:15:00,1766126700,2116.3,2120.7,2114.4,2118,38386
2025-12-19 13:15:00,1766130300,2118,2123.7,2116,2119.1,36611
2025-12-19 14:15:00,1766133900,2118.9,2127.7,2116.9,2124.5,132442
2025-12-19 15:15:00,1766137500,2124.5,2127.7,2123,2124,77264
2025-12-22 09:15:00,1766375100,2128.8,2138.7,2119.3,2120,58987
2025-12-22 10:15:00,1766378700,2120,2129.4,2119.9,2124,50326
2025-12-22 11:15:00,1766382300,2124,2128.9,2120,2124.2,66756
2025-12-22 12:15:00,1766385900,2125,2128.2,2124,2126,11252
2025-12-22 13:15:00,1766389500,2126.3,2126.3,2120.1,2124.3,70284
2025-12-22 14:15:00,1766393100,2124.4,2127.7,2116.6,2125.6,181946
2025-12-22 15:15:00,1766396700,2125.1,2130.9,2123.8,2130.8,36156
2025-12-23 09:15:00,1766461500,2131.8,2131.8,2120,2127.2,29910
2025-12-23 10:15:00,1766465100,2126.3,2126.3,2118.3,2119.3,18004
2025-12-23 11:15:00,1766468700,2118.8,2120,2111.4,2112.9,21306
2025-12-23 12:15:00,1766472300,2112.9,2117.8,2111.1,2112.6,24644
2025-12-23 13:15:00,1766475900,2112.6,2114.7,2109.6,2111.3,15207
2025-12-23 14:15:00,1766479500,2111.3,2114.5,2103.5,2113.1,67662
2025-12-23 15:15:00,1766483100,2113.9,2129.2,2108.5,2108.5,35572
2025-12-24 09:15:00,1766547900,2110,2112.1,2096.4,2099.2,46226
2025-12-24 10:15:00,1766551500,2099.2,2115,2096.2,2111.1,46032
2025-12-24 11:15:00,1766555100,2112,2113,2103.6,2112,62513
2025-12-24 12:15:00,1766558700,2112.1,2114.3,2104.8,2105.8,79693
2025-12-24 13:15:00,1766562300,2105.6,2108.2,2103,2108.1,41605
2025-12-24 14:15:00,1766565900,2108.1,2111.3,2102,2107,160635
2025-12-24 15:15:00,1766569500,2107.6,2108.5,2101.1,2105,35848
2025-12-26 09:15:00,1766720700,2107.2,2114.4,2095.7,2100.2,31104
2025-12-26 10:15:00,1766724300,2100,2104.3,2097.1,2100.6,20128
2025-12-26 11:15:00,1766727900,2100.1,2106.5,2098.8,2105.1,62211
2025-12-26 12:15:00,1766731500,2105.1,2105.9,2097.8,2103,139350
2025-12-26 13:15:00,1766735100,2103.8,2115,2101.9,2115,423409
2025-12-26 14:15:00,1766738700,2115,2117,2110,2114,198563
2025-12-26 15:15:00,1766742300,2113.9,2116,2100,2100.6,112516
2025-12-29 09:15:00,1766979900,2112.4,2114,2097.3,2101.5,29762
2025-12-29 10:15:00,1766983500,2101.5,2103.1,2093.5,2093.8,35214
2025-12-29 11:15:00,1766987100,2094,2099.1,2086.1,2094.3,77902
2025-12-29 12:15:00,1766990700,2094.3,2099,2092.4,2095.4,195068
2025-12-29 13:15:00,1766994300,2095.4,2095.6,2081.6,2083.4,45822
2025-12-29 14:15:00,1766997900,2083.2,2089.3,2080,2081.3,151202
2025-12-29 15:15:00,1767001500,2081.4,2085,2078.1,2082,103841
2025-12-30 09:15:00,1767066300,2091.7,2098.8,2080.2,2082.4,130618
2025-12-30 10:15:00,1767069900,2083,2088,2076.1,2082,153148
2025-12-30 11:15:00,1767073500,2082,2083.8,2067.3,2070.3,234341
2025-12-30 12:15:00,1767077100,2070.3,2075,2065.1,2070.2,189257
2025-12-30 13:15:00,1767080700,2070.2,2081.3,2069.8,2076.9,191065
2025-12-30 14:15:00,1767084300,2077.7,2087,2075.6,2080.4,525801
2025-12-30 15:15:00,1767087900,2081.4,2091.1,2077.5,2080.4,282942
2025-12-31 09:15:00,1767152700,2095,2106,2077.8,2080.4,102454
2025-12-31 10:15:00,1767156300,2080.8,2096.7,2080.4,2093.5,168147
2025-12-31 11:15:00,1767159900,2093.5,2108.3,2088.9,2106.5,83294
2025-12-31 12:15:00,1767163500,2105.9,2111.7,2101.3,2110,65895
2025-12-31 13:15:00,1767167100,2110.3,2113.9,2109.8,2110,43267
2025-12-31 14:15:00,1767170700,2110.4,2115.7,2107.6,2108.4,116762
2025-12-31 15:15:00,1767174300,2108.2,2110,2104.6,2108,65488
2026-01-01 09:15:00,1767239100,2114,2114,2083.2,2085.3,40885
2026-01-01 10:15:00,1767242700,2084.6,2092,2082,2088.8,180564
2026-01-01 11:15:00,1767246300,2088.8,2099.9,2087.5,2098.1,34889
2026-01-01 12:15:00,1767249900,2098.9,2104.9,2097.3,2102.1,40604
2026-01-01 13:15:00,1767253500,2101.8,2105,2099.5,2105,25355
2026-01-01 14:15:00,1767257100,2105,2106.9,2101.5,2103.1,38611
2026-01-01 15:15:00,1767260700,2103.2,2108,2100,2108,19305
2026-01-02 09:15:00,1767325500,2103,2113,2098.1,2106.2,20896
2026-01-02 10:15:00,1767329100,2106.2,2121,2105.9,2120,75147
2026-01-02 11:15:00,1767332700,2120.1,2122.1,2107.5,2108.6,37583
2026-01-02 12:15:00,1767336300,2108.6,2108.6,2095.5,2100.4,29505
2026-01-02 13:15:00,1767339900,2100.4,2109.6,2099.5,2106.3,44071
2026-01-02 14:15:00,1767343500,2106.3,2109.8,2100.5,2104.4,24272
2026-01-02 15:15:00,1767347100,2101.8,2109,2101.8,2108,21197
2026-01-05 09:15:00,1767584700,2105.3,2112.2,2096,2098.9,41551
2026-01-05 10:15:00,1767588300,2098.9,2104.5,2096,2102.2,27575
2026-01-05 11:15:00,1767591900,2102.2,2106.2,2097.7,2099.3,159795
2026-01-05 12:15:00,1767595500,2100,2100,2093.2,2097.3,128553
2026-01-05 13:15:00,1767599100,2097.3,2098,2076.5,2076.7,39255
2026-01-05 14:15:00,1767602700,2076.7,2090.6,2075.4,2087.3,109740
2026-01-05 15:15:00,1767606300,2087.3,2088.2,2073.6,2082.2,67024
2026-01-06 09:15:00,1767671100,2083.6,2091.3,2077,2081.6,92754
2026-01-06 10:15:00,1767674700,2081.6,2118.8,2079.2,2112.7,148575
2026-01-06 11:15:00,1767678300,2113.5,2116.6,2097.2,2098.8,197995
2026-01-06 12:15:00,1767681900,2098.9,2127.1,2095,2122.5,169706
2026-01-06 13:15:00,1767685500,2122.4,2135,2116.3,2134,272838
2026-01-06 14:15:00,1767689100,2134.1,2154,2125.7,2153.6,572576
2026-01-06 15:15:00,1767692700,2153.3,2160,2150.6,2160,340716
2026-01-07 09:15:00,1767757500,2161,2222,2146.3,2215.7,469126
2026-01-07 10:15:00,1767761100,2216,2226.3,2202,2202.7,195472
2026-01-07 11:15:00,1767764700,2202.7,2210.6,2189.8,2207.1,156452
2026-01-07 12:15:00,1767768300,2207.3,2210,2194.1,2206.3,95946
2026-01-07 13:15:00,1767771900,2206.9,2207.4,2199.3,2204.4,46615
2026-01-07 14:15:00,1767775500,2204.4,2220.2,2204,2216.1,287244
2026-01-07 15:15:00,1767779100,2215.1,2216.1,2206.5,2215,114118
2026-01-08 09:15:00,1767843900,2220.9,2221,2187,2195.3,125233
2026-01-08 10:15:00,1767847500,2195.1,2201.2,2188.2,2191.3,119790
2026-01-08 11:15:00,1767851100,2191.3,2199.6,2187,2191.9,111042
2026-01-08 12:15:00,1767854700,2191.9,2201.7,2190,2199.1,71471
2026-01-08 13:15:00,1767858300,2198.9,2203.9,2194.8,2200,77935
2026-01-08 14:15:00,1767861900,2200,2201.9,2186.7,2189.5,226912
2026-01-08 15:15:00,1767865500,2189.2,2195.7,2185.7,2191.5,102804
2026-01-09 09:15:00,1767930300,2191,2195,2156,2178.3,118730
2026-01-09 10:15:00,1767933900,2178.5,2188.5,2173.8,2184.8,44788
2026-01-09 11:15:00,1767937500,2184.8,2193.4,2180.6,2183.6,71455
2026-01-09 12:15:00,1767941100,2183.3,2187.7,2178,2178.1,95199
2026-01-09 13:15:00,1767944700,2178.2,2186.5,2172.3,2179.9,123158
2026-01-09 14:15:00,1767948300,2179.7,2194.7,2172,2178,413868
2026-01-09 15:15:00,1767951900,2178,2184.6,2178,2178,61297
2026-01-12 09:15:00,1768189500,2174,2182.2,2139.7,2157.4,107902
2026-01-12 10:15:00,1768193100,2159.3,2168.5,2154.1,2166.1,93303
2026-01-12 11:15:00,1768196700,2166.1,2169.8,2159.5,2166.6,146478
2026-01-12 12:15:00,1768200300,2167.5,2184.4,2165.6,2182,79499
2026-01-12 13:15:00,1768203900,2182,2188.1,2178.8,2182.5,31382
2026-01-12 14:15:00,1768207500,2183.8,2197.7,2180.9,2187.7,120276
2026-01-12 15:15:00,1768211100,2187.6,2189.3,2185.1,2188,44166
2026-01-13 09:15:00,1768275900,2190.4,2205,2166.8,2170,89215
2026-01-13 10:15:00,1768279500,2170.7,2176.3,2157.3,2168.2,65593
2026-01-13 11:15:00,1768283100,2168.2,2175,2159.4,2159.4,272685
2026-01-13 12:15:00,1768286700,2159.5,2175.2,2158.5,2172.2,170748
2026-01-13 13:15:00,1768290300,2172.1,2176.8,2166.2,2168.4,29054
2026-01-13 14:15:00,1768293900,2168.6,2183.2,2161.4,2178.2,168905
2026-01-13 15:15:00,1768297500,2177.9,2181.1,2171.1,2177.4,95885
2026-01-14 09:15:00,1768362300,2168.2,2178.8,2156.4,2166.1,58535
2026-01-14 10:15:00,1768365900,2165.5,2189.4,2160,2189.4,78967
2026-01-14 11:15:00,1768369500,2189.3,2204.6,2185.4,2197.8,90428
2026-01-14 12:15:00,1768373100,2197.8,2201.6,2187.4,2197.9,123781
2026-01-14 13:15:00,1768376700,2197.9,2216.7,2191.3,2199.3,183827
2026-01-14 14:15:00,1768380300,2199.9,2202.2,2194.5,2196.5,142912
2026-01-14 15:15:00,1768383900,2197,2204,2191,2204,58892
2026-01-16 09:15:00,1768535100,2205,2217.4,2194.5,2209.5,251340
2026-01-16 10:15:00,1768538700,2209.5,2216.5,2204.5,2205,118216
2026-01-16 11:15:00,1768542300,2205,2213.2,2202.4,2210.2,112106
2026-01-16 12:15:00,1768545900,2210.2,2211.2,2192.7,2194.3,147701
2026-01-16 13:15:00,1768549500,2194.2,2194.8,2179,2180,127600
2026-01-16 14:15:00,1768553100,2180,2180.9,2173,2177.6,166882
2026-01-16 15:15:00,1768556700,2177.7,2182.4,2174.1,2174.1,86301
2026-01-19 09:15:00,1768794300,2155,2172.8,2145,2168.4,155287
2026-01-19 10:15:00,1768797900,2168.4,2177.9,2159.2,2174.7,60819
2026-01-19 11:15:00,1768801500,2174.7,2188.6,2172.3,2185,57762
2026-01-19 12:15:00,1768805100,2185,2185,2178.6,2179.4,65513
2026-01-19 13:15:00,1768808700,2179.6,2180.2,2175.6,2177.6,66749
2026-01-19 14:15:00,1768812300,2177.6,2180,2172.8,2179.4,277179
2026-01-19 15:15:00,1768815900,2180,2180.5,2175.5,2179.2,82947
2026-01-20 09:15:00,1768880700,2177.1,2180,2158.2,2162.3,47263
2026-01-20 10:15:00,1768884300,2162.3,2167.7,2152.8,2165.6,175991
2026-01-20 11:15:00,1768887900,2165.6,2168.4,2159.6,2164.6,146473
2026-01-20 12:15:00,1768891500,2164.6,2176.8,2160.2,2174,74767
2026-01-20 13:15:00,1768895100,2174.4,2178,2165.9,2170,162551
2026-01-20 14:15:00,1768898700,2170,2176.4,2165.7,2167.7,179817
2026-01-20 15:15:00,1768902300,2168.9,2169.6,2155.1,2165,85851
2026-01-21 09:15:00,1768967100,2168.3,2210,2165.5,2188.6,222411
2026-01-21 10:15:00,1768970700,2187.9,2190.4,2150.2,2155,182482
2026-01-21 11:15:00,1768974300,2154.7,2165.6,2148.5,2163.8,96356
2026-01-21 12:15:00,1768977900,2163.8,2171,2155.7,2159.1,84545
2026-01-21 13:15:00,1768981500,2159.3,2166.6,2135.4,2135.7,125582
2026-01-21 14:15:00,1768985100,2135.5,2145.7,2132,2139.9,212963
2026-01-21 15:15:00,1768988700,2139.3,2141.1,2135.6,2139.3,83555
2026-01-22 09:15:00,1769053500,2149,2187.4,2147.1,2187.4,90127
2026-01-22 10:15:00,1769057100,2187.4,2188.7,2172.3,2181.4,62543
2026-01-22 11:15:00,1769060700,2181.4,2186.2,2174,2176.4,70732
2026-01-22 12:15:00,1769064300,2176.6,2181.8,2170.5,2177.8,73600
2026-01-22 13:15:00,1769067900,2178.1,2180.2,2159.2,2160.1,157541
2026-01-22 14:15:00,1769071500,2160.1,2164.7,2156,2161.6,127427
2026-01-22 15:15:00,1769075100,2161,2171,2160.5,2171,53253
2026-01-23 09:15:00,1769139900,2167,2172.5,2150,2154.3,68708
2026-01-23 10:15:00,1769143500,2154.3,2155.9,2146.7,2151.6,29487
2026-01-23 11:15:00,1769147100,2151.6,2155,2143.1,2144.7,30595
2026-01-23 12:15:00,1769150700,2144.7,2168.6,2143,2161,92178
2026-01-23 13:15:00,1769154300,2161,2161,2133.1,2137.8,159985
2026-01-23 14:15:00,1769157900,2137.8,2145.1,2130.3,2132.6,137338
2026-01-23 15:15:00,1769161500,2133.2,2178,2132.1,2142.4,59735
2026-01-27 09:15:00,1769485500,2140.5,2162.6,2126.6,2150.2,179664
2026-01-27 10:15:00,1769489100,2150,2152.5,2135.6,2137.3,77810
2026-01-27 11:15:00,1769492700,2137.3,2152,2136,2144,159827
2026-01-27 12:15:00,1769496300,2143,2148.7,2132.7,2134,154288
2026-01-27 13:15:00,1769499900,2133.8,2137.4,2121,2125.4,73040
2026-01-27 14:15:00,1769503500,2126,2149,2121.7,2148.7,129887
2026-01-27 15:15:00,1769507100,2148.8,2160.1,2141.5,2157.9,66338
2026-01-28 09:15:00,1769571900,2154.9,2162.6,2130,2132.2,95094
2026-01-28 10:15:00,1769575500,2131.5,2135.3,2122.9,2128.4,82199
2026-01-28 11:15:00,1769579100,2128.4,2130.4,2120,2123.5,80082
2026-01-28 12:15:00,1769582700,2123.5,2129,2116.6,2125,212406
2026-01-28 13:15:00,1769586300,2125,2127.9,2120,2125,132869
2026-01-28 14:15:00,1769589900,2125,2134.8,2124.8,2132.9,150403
2026-01-28 15:15:00,1769593500,2132.9,2135,2120.2,2130,172748
2026-01-29 09:15:00,1769658300,2125.2,2132.9,2096.2,2098.9,178987
2026-01-29 10:15:00,1769661900,2098.9,2108.8,2088,2103.4,43801
2026-01-29 11:15:00,1769665500,2103.4,2124.4,2103.4,2121.3,122436
2026-01-29 12:15:00,1769669100,2121.4,2121.6,2111,2119.8,72996
2026-01-29 13:15:00,1769672700,2119.7,2126.9,2117,2126.7,88475
2026-01-29 14:15:00,1769676300,2126.7,2137,2126.4,2133.7,117475
2026-01-29 15:15:00,1769679900,2134.4,2137.9,2122,2122,70086
2026-01-30 09:15:00,1769744700,2130,2168,2120.3,2146.8,264067
2026-01-30 10:15:00,1769748300,2146.8,2151.9,2135.3,2137.9,68418
2026-01-30 11:15:00,1769751900,2138.1,2140.7,2123,2133.6,72292
2026-01-30 12:15:00,1769755500,2133.6,2144.3,2132.7,2142,95785
2026-01-30 13:15:00,1769759100,2142,2149.6,2140,2147.1,90790
2026-01-30 14:15:00,1769762700,2147.1,2157.9,2140.8,2149.3,372097
2026-01-30 15:15:00,1769766300,2149.3,2160,2143.3,2147,185145
2026-02-01 09:15:00,1769917500,2153,2161,2126.1,2130,21984
2026-02-01 10:15:00,1769921100,2130,2158.1,2130,2144,22682
2026-02-01 11:15:00,1769924700,2144,2144,2112.8,2114.5,38371
2026-02-01 12:15:00,1769928300,2114.5,2121.4,2091.9,2118.6,38203
2026-02-01 13:15:00,1769931900,2118.6,2122.6,2104.1,2108.4,34274
2026-02-01 14:15:00,1769935500,2108.4,2143.3,2108,2138.6,231015
2026-02-01 15:15:00,1769939100,2138.5,2139.5,2116.5,2131,44541
2026-02-02 09:15:00,1770003900,2135.3,2148,2107,2112.6,61278
2026-02-02 10:15:00,1770007500,2112.8,2113.3,2082.5,2085.3,75817
2026-02-02 11:15:00,1770011100,2085.5,2090,2078.2,2088.3,110805
2026-02-02 12:15:00,1770014700,2088.3,2091.2,2085.6,2088.9,72973
2026-02-02 13:15:00,1770018300,2088.9,2106.8,2088,2106,71264
2026-02-02 14:15:00,1770021900,2106,2131.2,2102.5,2128.9,136134
2026-02-02 15:15:00,1770025500,2128.8,2131.8,2125,2125,38441
2026-02-03 09:15:00,1770090300,2225,2225,2163.7,2168.7,199560
2026-02-03 10:15:00,1770093900,2168.7,2184.6,2168.7,2178.9,123674
2026-02-03 11:15:00,1770097500,2178.9,2216,2178.4,2196.9,223586
2026-02-03 12:15:00,1770101100,2196.9,2200,2186.3,2192.7,150710
2026-02-03 13:15:00,1770104700,2192.7,2198,2182.6,2188.1,199048
2026-02-03 14:15:00,1770108300,2188.3,2193.4,2181.2,2183.3,235729
2026-02-03 15:15:00,1770111900,2184.3,2188.2,2182,2182,115114
2026-02-04 09:15:00,1770176700,2196.3,2201.4,2177.3,2193.5,87665
2026-02-04 10:15:00,1770180300,2195.1,2196.7,2165.5,2166.3,82581
2026-02-04 11:15:00,1770183900,2166.9,2195.4,2159.2,2194.6,183664
2026-02-04 12:15:00,1770187500,2193.4,2210.1,2191,2204.2,172390
2026-02-04 13:15:00,1770191100,2204.2,2208.4,2192.3,2199.6,128980
2026-02-04 14:15:00,1770194700,2199.6,2206.7,2191.1,2196,231616
2026-02-04 15:15:00,1770198300,2196,2198,2189.8,2195.8,95517
2026-02-05 09:15:00,1770263100,2204,2214.8,2196.9,2208,77342
2026-02-05 10:15:00,1770266700,2208.2,2232.9,2207,2229.5,188602
2026-02-05 11:15:00,1770270300,2229.4,2244.5,2212.2,2215,244584
2026-02-05 12:15:00,1770273900,2215.8,2219.5,2206.2,2208.1,174098
2026-02-05 13:15:00,1770277500,2208.1,2216.9,2207.7,2213.9,123954
2026-02-05 14:15:00,1770281100,2214,2222.9,2209.9,2219.7,175745
2026-02-05 15:15:00,1770284700,2219.8,2220.1,2212,2217.9,61133
2026-02-06 09:15:00,1770349500,2214,2214,2165.4,2173.8,103083
2026-02-06 10:15:00,1770353100,2173.8,2189.7,2172.5,2178,36338
2026-02-06 11:15:00,1770356700,2177.6,2190,2174,2179.4,97438
2026-02-06 12:15:00,1770360300,2179.5,2188.9,2176,2182.9,82905
2026-02-06 13:15:00,1770363900,2182.9,2185.2,2169.1,2172,93823
2026-02-06 14:15:00,1770367500,2171.4,2180.6,2163.9,2172.8,131894
2026-02-06 15:15:00,1770371100,2173.1,2174.8,2162.1,2162.1,54336
2026-02-09 09:15:00,1770608700,2189.9,2194,2168.5,2190,87121
2026-02-09 10:15:00,1770612300,2190,2203.1,2189.3,2199.6,49179
2026-02-09 11:15:00,1770615900,2199.6,2205.6,2196.2,2205.3,44731
2026-02-09 12:15:00,1770619500,2205.2,2205.3,2182.3,2185,85981
2026-02-09 13:15:00,1770623100,2185,2199.9,2184.3,2190.3,113433
2026-02-09 14:15:00,1770626700,2190.5,2197.2,2189.1,2189.4,91915
2026-02-09 15:15:00,1770630300,2189.6,2215.5,2188,2208.7,145864
2026-02-10 09:15:00,1770695100,2214,2233.8,2204.6,2216.5,270571
2026-02-10 10:15:00,1770698700,2217,2220.8,2212.5,2214.6,60372
2026-02-10 11:15:00,1770702300,2214.6,2220,2208,2216.6,65899
2026-02-10 12:15:00,1770705900,2217.5,2220,2213.1,2214.2,106820
2026-02-10 13:15:00,1770709500,2213.5,2214.8,2200.4,2203.9,44512
2026-02-10 14:15:00,1770713100,2203.9,2209.5,2196.2,2203.9,78289
2026-02-10 15:15:00,1770716700,2203.4,2207.4,2201.5,2205,64823
2026-02-11 09:15:00,1770781500,2215,2219.1,2198.1,2203,70399
2026-02-11 10:15:00,1770785100,2202.3,2215.5,2202.3,2214.2,53096
2026-02-11 11:15:00,1770788700,2214.2,2229.9,2213.6,2226.1,147349
2026-02-11 12:15:00,1770792300,2226.1,2230.3,2221.1,2223.8,103987
2026-02-11 13:15:00,1770795900,2223.5,2225.4,2212.4,2214.1,45246
2026-02-11 14:15:00,1770799500,2214.1,2217,2205,2205,87991
2026-02-11 15:15:00,1770803100,2205.2,2214.8,2205.1,2214.8,50993
2026-02-12 09:15:00,1770867900,2218,2221.3,2201,2215.9,100713
2026-02-12 10:15:00,1770871500,2215.3,2220,2208,2209.9,54494
2026-02-12 11:15:00,1770875100,2209.9,2213.7,2171.7,2201.1,261504
2026-02-12 12:15:00,1770878700,2201.1,2205,2187.8,2188.7,54576
2026-02-12 13:15:00,1770882300,2188.7,2206.6,2187.8,2203.2,99043
2026-02-12 14:15:00,1770885900,2203.2,2212.8,2192.4,2210.3,135080
2026-02-12 15:15:00,1770889500,2210,2216,2207.7,2215,97116
2026-02-13 09:15:00,1770954300,2210,2210,2160,2179.9,316244
2026-02-13 10:15:00,1770957900,2179.1,2180,2169.7,2179.7,56906
2026-02-13 11:15:00,1770961500,2179.7,2183.5,2173.7,2175.1,73616
2026-02-13 12:15:00,1770965100,2175.1,2218,2175.1,2217.7,177510
2026-02-13 13:15:00,1770968700,2218.2,2219.2,2200.1,2205.8,166926
2026-02-13 14:15:00,1770972300,2206.6,2208,2195.1,2199.7,226509
2026-02-13 15:15:00,1770975900,2200.3,2204,2191.2,2194,86143
2026-02-16 09:15:00,1771213500,2219.3,2238.8,2191.9,2214.1,351829
2026-02-16 10:15:00,1771217100,2215,2227,2208.1,2220.9,87498
2026-02-16 11:15:00,1771220700,2220.8,2224.8,2216.4,2224,82272
2026-02-16 12:15:00,1771224300,2223,2229,2217.5,2219.1,164304
2026-02-16 13:15:00,1771227900,2219.4,2226,2213.6,2220,177489
2026-02-16 14:15:00,1771231500,2220,2225,2216.2,2220.5,279368
2026-02-16 15:15:00,1771235100,2221,2224.5,2219.4,2219.4,109509
2026-02-17 09:15:00,1771299900,2235,2263,2228,2254,352009
2026-02-17 10:15:00,1771303500,2254,2254.8,2242.2,2251.8,104139
2026-02-17 11:15:00,1771307100,2251.8,2256.6,2248,2249.5,140815
2026-02-17 12:15:00,1771310700,2249.3,2252.1,2246.9,2249.2,73633
2026-02-17 13:15:00,1771314300,2249.2,2250.4,2236.9,2237.5,97916
2026-02-17 14:15:00,1771317900,2237,2250.4,2235.1,2249,108529
2026-02-17 15:15:00,1771321500,2248.9,2250,2242.1,2242.1,50920
2026-02-18 09:15:00,1771386300,2255,2255,2243.6,2247.4,80539
2026-02-18 10:15:00,1771389900,2247.4,2247.5,2235,2239.5,61310
2026-02-18 11:15:00,1771393500,2239.5,2243.7,2230,2242.5,49893
2026-02-18 12:15:00,1771397100,2242.4,2247.1,2239.1,2241.6,29802
2026-02-18 13:15:00,1771400700,2241.6,2244,2237,2242.6,27357
2026-02-18 14:15:00,1771404300,2243.2,2244.9,2225.6,2227.7,76406
2026-02-18 15:15:00,1771407900,2227.1,2233,2220.8,2230.8,54880
2026-02-19 09:15:00,1771472700,2234,2239,2218,2222.2,58092
2026-02-19 10:15:00,1771476300,2222.9,2231,2205.1,2226.2,123850
2026-02-19 11:15:00,1771479900,2226.2,2243.2,2226.2,2235.7,53465
2026-02-19 12:15:00,1771483500,2236.5,2248,2235,2246.9,48293
2026-02-19 13:15:00,1771487100,2246.9,2247.8,2240,2243,26986
2026-02-19 14:15:00,1771490700,2242.8,2251,2227.2,2227.2,140230
2026-02-19 15:15:00,1771494300,2228.3,2232,2221.9,2224,40518
2026-02-20 09:15:00,1771559100,2218,2241.2,2212.3,2218.4,96861
2026-02-20 10:15:00,1771562700,2218.9,2228.5,2218.5,2225.8,41748
2026-02-20 11:15:00,1771566300,2225.7,2229.3,2219,2223.4,44724
2026-02-20 12:15:00,1771569900,2223.7,2233.6,2212.9,2217.6,53818
2026-02-20 13:15:00,1771573500,2217.6,2220.9,2210.4,2218.7,69969
2026-02-20 14:15:00,1771577100,2218.7,2222.7,2214.1,2219.8,136981
2026-02-20 15:15:00,1771580700,2220.8,2226,2215.1,2224,65035
2026-02-23 09:15:00,1771818300,2220,2246.3,2210.5,2244.7,136322
2026-02-23 10:15:00,1771821900,2245.3,2249.3,2238.9,2248.8,122397
2026-02-23 11:15:00,1771825500,2248.8,2254.4,2233.6,2237,116986
2026-02-23 12:15:00,1771829100,2238.4,2240,2230.4,2233.4,87423
2026-02-23 13:15:00,1771832700,2233.2,2246,2231.3,2236.4,84308
2026-02-23 14:15:00,1771836300,2236,2244.4,2230.1,2239.6,126258
2026-02-23 15:15:00,1771839900,2240.4,2246,2239,2241,69076
2026-02-24 09:15:00,1771904700,2252.5,2257.9,2235,2239.8,195882
2026-02-24 10:15:00,1771908300,2239.8,2253,2236.5,2252.3,64357
2026-02-24 11:15:00,1771911900,2252.6,2253.2,2243,2247.7,56357
2026-02-24 12:15:00,1771915500,2247.7,2252.5,2243.2,2247,95041
2026-02-24 13:15:00,1771919100,2247,2250.5,2238.6,2248,157241
2026-02-24 14:15:00,1771922700,2248.2,2254,2240.8,2251,336775
2026-02-24 15:15:00,1771926300,2251.2,2252.8,2247.4,2251,156776
2026-02-25 09:15:00,1771991100,2267.2,2270,2254.8,2261,148241
2026-02-25 10:15:00,1771994700,2261,2278,2261,2275,135741
2026-02-25 11:15:00,1771998300,2275,2287.9,2269.1,2284.6,195723
2026-02-25 12:15:00,1772001900,2285,2299.7,2282.2,2291.6,149609
2026-02-25 13:15:00,1772005500,2290.8,2295.3,2287.7,2289.8,74893
2026-02-25 14:15:00,1772009100,2289.9,2294.9,2285.5,2291.8,209372
2026-02-25 15:15:00,1772012700,2291.8,2296,2288.9,2293,186024
2026-02-26 09:15:00,1772077500,2292.2,2331.8,2288.8,2325,244866
2026-02-26 10:15:00,1772081100,2324.6,2329,2317,2319.4,104234
2026-02-26 11:15:00,1772084700,2319.4,2325,2307,2311.6,117696
2026-02-26 12:15:00,1772088300,2311.6,2314.7,2306.1,2312.3,96940
2026-02-26 13:15:00,1772091900,2312.3,2317.2,2305.8,2314.6,109198
2026-02-26 14:15:00,1772095500,2314.6,2325.1,2310.6,2319.9,168946
2026-02-26 15:15:00,1772099100,2319.9,2327.2,2315.1,2316.7,69390
2026-02-27 09:15:00,1772163900,2330,2336.3,2305,2305,124268
2026-02-27 10:15:00,1772167500,2305.6,2314,2302.3,2310,37613
2026-02-27 11:15:00,1772171100,2310,2312,2296.5,2300.8,47953
2026-02-27 12:15:00,1772174700,2300.4,2328,2291.7,2322,90174
2026-02-27 13:15:00,1772178300,2322,2333.6,2317,2322,85001
2026-02-27 14:15:00,1772181900,2322.1,2323.7,2296.5,2305.5,311189
2026-02-27 15:15:00,1772185500,2305.5,2305.7,2295.4,2296,254664
2026-03-02 09:15:00,1772423100,2275.6,2298.9,2261.3,2274.8,120788
2026-03-02 10:15:00,1772426700,2275,2290,2272.3,2289.5,48822
2026-03-02 11:15:00,1772430300,2289.5,2300,2281.2,2289.9,61681
2026-03-02 12:15:00,1772433900,2289.2,2291.7,2275.8,2285,52370
2026-03-02 13:15:00,1772437500,2284.6,2306.9,2281.7,2303.9,40859
2026-03-02 14:15:00,1772441100,2303.9,2310,2295,2310,184312
2026-03-02 15:15:00,1772444700,2310,2322.4,2308.2,2317,69841
2026-03-04 09:15:00,1772595900,2311.1,2312,2270.5,2274.1,265870
2026-03-04 10:15:00,1772599500,2274.3,2284.3,2268.4,2278.3,158895
2026-03-04 11:15:00,1772603100,2278.3,2285.3,2271.7,2273.5,149939
2026-03-04 12:15:00,1772606700,2272.7,2285.2,2268.9,2285,153273
2026-03-04 13:15:00,1772610300,2285,2296.4,2282.1,2296.4,133826
2026-03-04 14:15:00,1772613900,2296.4,2310,2293.6,2304,323553
2026-03-04 15:15:00,1772617500,2304.1,2307.4,2299,2307,150959
2026-03-05 09:15:00,1772682300,2310,2361.6,2310,2344.7,394778
2026-03-05 10:15:00,1772685900,2344.6,2347.8,2331.6,2341.7,105312
2026-03-05 11:15:00,1772689500,2341.6,2347.5,2315.2,2323.1,177939
2026-03-05 12:15:00,1772693100,2323.2,2338,2320.8,2326,233540
2026-03-05 13:15:00,1772696700,2326.2,2330,2316.8,2319.8,414055
2026-03-05 14:15:00,1772700300,2320,2339.9,2319.2,2330.8,242743
2026-03-05 15:15:00,1772703900,2330.8,2337.6,2330,2337.6,113295
2026-03-06 09:15:00,1772768700,2341,2369.5,2337.6,2342.4,386808
2026-03-06 10:15:00,1772772300,2342.4,2345.1,2329,2331.4,135416
2026-03-06 11:15:00,1772775900,2331.4,2356.5,2324.8,2350.6,160661
2026-03-06 12:15:00,1772779500,2350.5,2355.4,2344.7,2351.6,173658
2026-03-06 13:15:00,1772783100,2351.6,2354.8,2345,2348.5,125727
2026-03-06 14:15:00,1772786700,2348.4,2351.1,2338.1,2345.7,268035
2026-03-06 15:15:00,1772790300,2345.7,2348.1,2331.6,2331.8,122307
2026-03-09 09:15:00,1773027900,2310,2319.9,2284.4,2303.2,153912
2026-03-09 10:15:00,1773031500,2303.3,2305.4,2287.2,2297.8,162206
2026-03-09 11:15:00,1773035100,2297.8,2313.1,2295.4,2311.9,86572
2026-03-09 12:15:00,1773038700,2311.9,2315,2285.4,2300,129575
2026-03-09 13:15:00,1773042300,2300,2304.7,2292.3,2295.5,109336
2026-03-09 14:15:00,1773045900,2295.6,2309.2,2293.1,2305.3,153025
2026-03-09 15:15:00,1773049500,2305.2,2306,2298.7,2300,54228
2026-03-10 09:15:00,1773114300,2318,2358,2314.6,2341.1,300602
2026-03-10 10:15:00,1773117900,2341.5,2348.5,2332.9,2338.3,130508
2026-03-10 11:15:00,1773121500,2338.8,2340,2332.6,2338.2,95863
2026-03-10 12:15:00,1773125100,2338.7,2340,2333,2335.7,101832
2026-03-10 13:15:00,1773128700,2336,2336.5,2329.2,2334.6,69913
2026-03-10 14:15:00,1773132300,2334.6,2340,2331.2,2333.1,250266
2026-03-10 15:15:00,1773135900,2332.8,2346.3,2332.8,2345,168823
2026-03-11 09:15:00,1773200700,2350,2367.3,2341.4,2367.1,129353
2026-03-11 10:15:00,1773204300,2365.3,2377.6,2356,2364.1,182166
2026-03-11 11:15:00,1773207900,2364.1,2367.2,2352.3,2364.4,139044
2026-03-11 12:15:00,1773211500,2364.9,2368.5,2350.6,2353.9,114925
2026-03-11 13:15:00,1773215100,2354.1,2366.6,2351.6,2358.6,132569
2026-03-11 14:15:00,1773218700,2359.3,2364,2337.2,2339.9,217609
2026-03-11 15:15:00,1773222300,2340,2347.9,2336.5,2337,66543
2026-03-12 09:15:00,1773287100,2337,2338.9,2306,2317.1,125528
2026-03-12 10:15:00,1773290700,2317.1,2337.9,2314.3,2334.5,108294
2026-03-12 11:15:00,1773294300,2334,2345.8,2329.1,2343.6,112481
2026-03-12 12:15:00,1773297900,2343.2,2350.1,2334.2,2340.4,95680
2026-03-12 13:15:00,1773301500,2340.1,2356.6,2339.9,2350.9,134915
2026-03-12 14:15:00,1773305100,2350.9,2361.4,2343,2359.7,194275
2026-03-12 15:15:00,1773308700,2359.4,2361.4,2354.4,2358.5,97887
2026-03-13 09:15:00,1773373500,2348,2361.9,2331.6,2334.6,103242
2026-03-13 10:15:00,1773377100,2334.3,2353.3,2327.8,2337.8,98488
2026-03-13 11:15:00,1773380700,2338.4,2349.7,2329.8,2331.5,89978
2026-03-13 12:15:00,1773384300,2330.8,2331.5,2313.5,2317,68469
2026-03-13 13:15:00,1773387900,2317,2324.7,2308.8,2324.2,141073
2026-03-13 14:15:00,1773391500,2324.2,2326.2,2314.3,2317.2,129994
2026-03-13 15:15:00,1773395100,2317.2,2317.4,2297.2,2306,63462
2026-03-16 09:15:00,1773632700,2301.1,2312,2281.4,2282.8,139083
2026-03-16 10:15:00,1773636300,2282.2,2284.8,2251,2271.9,62837
2026-03-16 11:15:00,1773639900,2271.9,2288.2,2271.2,2283.8,37868
2026-03-16 12:15:00,1773643500,2283.8,2298,2282.1,2288.9,106746
2026-03-16 13:15:00,1773647100,2288.9,2293.5,2278.4,2282.8,83870
2026-03-16 14:15:00,1773650700,2283,2306,2280.8,2290,146861
2026-03-16 15:15:00,1773654300,2290,2290,2283.1,2288.8,36505
2026-03-17 09:15:00,1773719100,2306,2312.2,2296.6,2304.1,143882
2026-03-17 10:15:00,1773722700,2303,2310,2295.7,2296.5,56784
2026-03-17 11:15:00,1773726300,2297.5,2297.6,2285.4,2294.4,41632
2026-03-17 12:15:00,1773729900,2293.9,2298.9,2289.7,2296.5,126589
2026-03-17 13:15:00,1773733500,2296.5,2301,2291.8,2300,84414
2026-03-17 14:15:00,1773737100,2299.9,2311.4,2296,2301,207270
2026-03-17 15:15:00,1773740700,2301,2304,2293.5,2299.9,62666
2026-03-18 09:15:00,1773805500,2295.3,2320.8,2295.3,2301.5,243974
2026-03-18 10:15:00,1773809100,2302.3,2312.2,2300.4,2307.2,190164
2026-03-18 11:15:00,1773812700,2307.3,2323,2304,2304,318981
2026-03-18 12:15:00,1773816300,2304.4,2310,2303.2,2308.8,87612
2026-03-18 13:15:00,1773819900,2308.8,2320,2308.1,2311.5,96542
2026-03-18 14:15:00,1773823500,2311.7,2314.4,2300,2303.5,137777
2026-03-18 15:15:00,1773827100,2303.4,2304.8,2297,2304.8,91535
2026-03-19 09:15:00,1773891900,2278,2295,2270,2283,67521
2026-03-19 10:15:00,1773895500,2283,2292.7,2271.7,2273.4,34860
2026-03-19 11:15:00,1773899100,2273.4,2277.7,2262.4,2265,30697
2026-03-19 12:15:00,1773902700,2265,2277,2264.8,2266.9,43703
2026-03-19 13:15:00,1773906300,2266.5,2268.8,2253.8,2254.3,76142
2026-03-19 14:15:00,1773909900,2254.1,2259.8,2241.6,2249.7,90641
2026-03-19 15:15:00,1773913500,2249.7,2263.8,2248.4,2262,28191
2026-03-20 09:15:00,1773978300,2275,2299.5,2265.1,2288.6,151978
2026-03-20 10:15:00,1773981900,2288,2302.7,2281.3,2301.7,81264
2026-03-20 11:15:00,1773985500,2301.7,2312.3,2300,2311.9,130985
2026-03-20 12:15:00,1773989100,2311.9,2321,2308.2,2319,130095
2026-03-20 13:15:00,1773992700,2319.1,2337.8,2318.7,2327.5,114596
2026-03-20 14:15:00,1773996300,2327.8,2331.9,2313.2,2327.3,314455
2026-03-20 15:15:00,1773999900,2328.1,2328.1,2310.6,2319.9,165184
2026-03-23 09:15:00,1774237500,2319.7,2319.7,2285,2285.9,106416
2026-03-23 10:15:00,1774241100,2286.4,2298.8,2282.1,2293.8,131447
2026-03-23 11:15:00,1774244700,2293.9,2296.3,2283,2294.9,204149
2026-03-23 12:15:00,1774248300,2294.2,2295.1,2285.8,2293.8,183862
2026-03-23 13:15:00,1774251900,2293.9,2318,2292.6,2318,128002
2026-03-23 14:15:00,1774255500,2317.8,2321,2292.1,2294.9,253204
2026-03-23 15:15:00,1774259100,2294.5,2302.8,2286,2289.8,79719
2026-03-24 09:15:00,1774323900,2325,2325,2286.7,2292.2,113666
2026-03-24 10:15:00,1774327500,2293.2,2300,2280.5,2291,334090
2026-03-24 11:15:00,1774331100,2291,2318.4,2290.8,2312.7,149607
2026-03-24 12:15:00,1774334700,2312.5,2348.9,2311.7,2335.1,146196
2026-03-24 13:15:00,1774338300,2335.9,2348.5,2330.3,2335.7,160225
2026-03-24 14:15:00,1774341900,2335.9,2340.8,2323,2333,274901
2026-03-24 15:15:00,1774345500,2333,2337.7,2323.2,2331.3,96059
2026-03-25 09:15:00,1774410300,2338.7,2355,2331.2,2342.4,124253
2026-03-25 10:15:00,1774413900,2342.4,2352.3,2339.5,2345.3,205012
2026-03-25 11:15:00,1774417500,2345.3,2353.5,2343.2,2350,133025
2026-03-25 12:15:00,1774421100,2350,2359.8,2341.6,2350.2,227619
2026-03-25 13:15:00,1774424700,2350.1,2360.7,2345.5,2354.7,148799
2026-03-25 14:15:00,1774428300,2354.7,2355.6,2343.9,2348,239297
2026-03-25 15:15:00,1774431900,2348.1,2350,2343,2343,80103
2026-03-27 09:15:00,1774583100,2347.6,2354.9,2323.4,2346.1,154863
2026-03-27 10:15:00,1774586700,2346.8,2369.3,2345,2354,131146
2026-03-27 11:15:00,1774590300,2355,2356.2,2342.4,2344.8,140121
2026-03-27 12:15:00,1774593900,2344.7,2354.5,2341.5,2346.4,94140
2026-03-27 13:15:00,1774597500,2346.4,2354,2338.1,2343.2,65149
2026-03-27 14:15:00,1774601100,2342.7,2345,2328.4,2334.3,210431
2026-03-27 15:15:00,1774604700,2334.1,2341.9,2330.6,2331.9,149527
2026-03-30 09:15:00,1774842300,2324.1,2330,2304.6,2307,201664
2026-03-30 10:15:00,1774845900,2307.7,2314.7,2300,2304.3,108874
2026-03-30 11:15:00,1774849500,2304.3,2324.5,2295.5,2319.5,200644
2026-03-30 12:15:00,1774853100,2319.2,2332.8,2318,2323,208431
2026-03-30 13:15:00,1774856700,2323,2326.6,2304,2318.6,192199
2026-03-30 14:15:00,1774860300,2318.6,2321.9,2307.9,2318.3,413945
2026-03-30 15:15:00,1774863900,2318.4,2322.4,2300.5,2309.4,264629
2026-04-01 09:15:00,1775015100,2346,2359.9,2311.6,2321.5,183704
2026-04-01 10:15:00,1775018700,2322.5,2323,2280.7,2289,133260
2026-04-01 11:15:00,1775022300,2289,2300.1,2285.4,2298,1265569
2026-04-01 12:15:00,1775025900,2298.8,2300,2275.7,2283.7,103450
2026-04-01 13:15:00,1775029500,2283.5,2286.7,2265.7,2273.1,96185
2026-04-01 14:15:00,1775033100,2273.1,2279.9,2258.9,2276.5,155927
2026-04-01 15:15:00,1775036700,2276.5,2280,2270,2274.5,63878
2026-04-02 09:15:00,1775101500,2269.2,2269.2,2170.1,2188.6,255810
2026-04-02 10:15:00,1775105100,2188.6,2227.4,2185,2226.7,123118
2026-04-02 11:15:00,1775108700,2225.4,2255.4,2224.4,2254.4,111990
2026-04-02 12:15:00,1775112300,2254.8,2266.4,2244.8,2255.5,194791
2026-04-02 13:15:00,1775115900,2255.5,2271.7,2253.4,2271.7,135000
2026-04-02 14:15:00,1775119500,2271.7,2278.6,2260.8,2276.2,230546
2026-04-02 15:15:00,1775123100,2277,2286,2257.1,2265,177615
2026-04-06 09:15:00,1775447100,2270.1,2274.9,2232.8,2250.6,153275
2026-04-06 10:15:00,1775450700,2249.4,2254.3,2236.9,2241.3,100120
2026-04-06 11:15:00,1775454300,2241.6,2248.8,2233.5,2236.5,177586
2026-04-06 12:15:00,1775457900,2235.7,2254.5,2235.2,2252.1,56739
2026-04-06 13:15:00,1775461500,2252.6,2265.8,2248.2,2262.1,72606
2026-04-06 14:15:00,1775465100,2262.6,2290,2262.3,2276.7,154544
2026-04-06 15:15:00,1775468700,2277.3,2280,2269.9,2280,75209
2026-04-07 09:15:00,1775533500,2260,2288.2,2246.9,2287,80636
2026-04-07 10:15:00,1775537100,2287,2309.9,2284.6,2298.7,118437
2026-04-07 11:15:00,1775540700,2298.9,2309,2297.8,2307.2,53188
2026-04-07 12:15:00,1775544300,2307.5,2309,2281.7,2292.1,77850
2026-04-07 13:15:00,1775547900,2292.1,2296.9,2286.1,2294.3,35575
2026-04-07 14:15:00,1775551500,2294.3,2300,2291.6,2296.2,123336
2026-04-07 15:15:00,1775555100,2296.2,2300,2294.1,2295,56468
2026-04-08 09:15:00,1775619900,2335.3,2339,2263.6,2268.1,444056
2026-04-08 10:15:00,1775623500,2268.1,2272.2,2256.1,2260.1,316751
2026-04-08 11:15:00,1775627100,2260.1,2286,2259.3,2285.1,398513
2026-04-08 12:15:00,1775630700,2285.3,2290,2280,2284.5,163892
2026-04-08 13:15:00,1775634300,2284.7,2295.7,2284.4,2287.7,172153
2026-04-08 14:15:00,1775637900,2288,2298,2286.1,2295.8,250593
2026-04-08 15:15:00,1775641500,2296.7,2297.9,2292.1,2295,102129
2026-04-09 09:15:00,1775706300,2300.2,2308.7,2278.7,2283.1,343394
2026-04-09 10:15:00,1775709900,2283.6,2293.2,2272,2283.3,372547
2026-04-09 11:15:00,1775713500,2283.3,2314.4,2283.3,2308.7,421615
2026-04-09 12:15:00,1775717100,2308.7,2311.3,2300,2302.5,196605
2026-04-09 13:15:00,1775720700,2302.5,2303.9,2284.2,2287.4,242524
2026-04-09 14:15:00,1775724300,2287.4,2298,2280.9,2295.5,471174
2026-04-09 15:15:00,1775727900,2295.5,2300.9,2291.6,2298.3,144972
2026-04-10 09:15:00,1775792700,2301.6,2331,2290.1,2312.9,162523
2026-04-10 10:15:00,1775796300,2313.2,2323,2311.1,2319,72291
2026-04-10 11:15:00,1775799900,2319.7,2321.9,2308.8,2310,138979
2026-04-10 12:15:00,1775803500,2310.1,2336.4,2310.1,2330.6,343137
2026-04-10 13:15:00,1775807100,2330.6,2334.1,2325,2326.8,203439
2026-04-10 14:15:00,1775810700,2327.1,2335.4,2320,2332.8,231481
2026-04-10 15:15:00,1775814300,2333,2335.5,2331.9,2333.8,115649
2026-04-13 09:15:00,1776051900,2316.7,2329.7,2301.1,2326.1,144671
2026-04-13 10:15:00,1776055500,2325.6,2338.9,2322.2,2331.4,136697
2026-04-13 11:15:00,1776059100,2331.8,2331.8,2316.1,2320,94146
2026-04-13 12:15:00,1776062700,2320.5,2321.6,2315.7,2320.6,92044
2026-04-13 13:15:00,1776066300,2321.2,2331.1,2320,2329.8,114114
2026-04-13 14:15:00,1776069900,2329.6,2330.4,2312.8,2313.6,111485
2026-04-13 15:15:00,1776073500,2313.6,2317.9,2310.2,2310.9,48597
2026-04-15 09:15:00,1776224700,2348,2348.9,2315.1,2334.2,150550
2026-04-15 10:15:00,1776228300,2334.5,2345.7,2333.6,2345.1,64488
2026-04-15 11:15:00,1776231900,2345,2352.6,2341,2344.4,124785
2026-04-15 12:15:00,1776235500,2344.4,2352.9,2343.7,2347.4,181949
2026-04-15 13:15:00,1776239100,2347.4,2348.4,2335.2,2339.6,85096
2026-04-15 14:15:00,1776242700,2339.5,2344.5,2336.1,2340,212948
2026-04-15 15:15:00,1776246300,2340,2341.6,2333,2335.8,86798
2026-04-16 09:15:00,1776311100,2349.5,2350,2307,2319.4,153984
2026-04-16 10:15:00,1776314700,2319.2,2322.2,2311,2319,97271
2026-04-16 11:15:00,1776318300,2319.4,2319.4,2298,2298.4,210198
2026-04-16 12:15:00,1776321900,2297.2,2306.4,2296,2304.2,103666
2026-04-16 13:15:00,1776325500,2304.2,2310.9,2304,2309.1,92996
2026-04-16 14:15:00,1776329100,2309.1,2329,2309.1,2326.7,216234
2026-04-16 15:15:00,1776332700,2326.7,2330.6,2325,2325,110178
2026-04-17 09:15:00,1776397500,2316,2333.5,2309.1,2333,115248
2026-04-17 10:15:00,1776401100,2333,2335,2316.2,2320.2,90100
2026-04-17 11:15:00,1776404700,2320.5,2321.8,2302.5,2304,72864
2026-04-17 12:15:00,1776408300,2303.6,2315,2302.1,2304.6,93894
2026-04-17 13:15:00,1776411900,2304.6,2317.6,2300,2312.5,182987
2026-04-17 14:15:00,1776415500,2312.7,2329,2310,2328.3,276118
2026-04-17 15:15:00,1776419100,2328,2333.6,2322.4,2322.5,167044
2026-04-20 09:15:00,1776656700,2323,2339.3,2303.7,2332.8,128837
2026-04-20 10:15:00,1776660300,2331.6,2336.1,2321.6,2325,84046
2026-04-20 11:15:00,1776663900,2325.3,2335.7,2320.1,2320.1,89454
2026-04-20 12:15:00,1776667500,2321,2336,2321,2334,191355
2026-04-20 13:15:00,1776671100,2334,2336.4,2327.4,2331.4,74227
2026-04-20 14:15:00,1776674700,2331.4,2334,2325,2328.6,90167
2026-04-20 15:15:00,1776678300,2328.6,2330,2326,2327,59499
2026-04-21 09:15:00,1776743100,2333,2340.2,2321.7,2326.2,76293
2026-04-21 10:15:00,1776746700,2326.2,2329.8,2322.4,2324.7,101454
2026-04-21 11:15:00,1776750300,2324.7,2327,2320,2323.9,52772
2026-04-21 12:15:00,1776753900,2323.9,2326,2320,2324.6,52556
2026-04-21 13:15:00,1776757500,2324.7,2325.4,2311.9,2314.7,83293
2026-04-21 14:15:00,1776761100,2314.7,2319.9,2311.3,2312.3,80917
2026-04-21 15:15:00,1776764700,2312.3,2314.5,2304,2312.9,79506
2026-04-22 09:15:00,1776829500,2304.7,2313.7,2285.1,2296.3,130847
2026-04-22 10:15:00,1776833100,2296.3,2317.4,2294.6,2314.5,170552
2026-04-22 11:15:00,1776836700,2314.5,2318.6,2307,2307.6,71151
2026-04-22 12:15:00,1776840300,2308.4,2316.5,2304.4,2315,71296
2026-04-22 13:15:00,1776843900,2317,2318.2,2302.3,2303,279012
2026-04-22 14:15:00,1776847500,2303.4,2314.9,2301.2,2307.7,186780
2026-04-22 15:15:00,1776851100,2307.4,2311.5,2305,2311,78659
2026-04-23 09:15:00,1776915900,2307.9,2379.4,2293.9,2378.5,345147
2026-04-23 10:15:00,1776919500,2378.5,2381,2354.2,2356.2,208776
2026-04-23 11:15:00,1776923100,2356.1,2357.9,2345.5,2350.1,98544
2026-04-23 12:15:00,1776926700,2350.1,2353.5,2340.1,2352.4,97172
2026-04-23 13:15:00,1776930300,2352.5,2363.3,2351.9,2356.8,119755
2026-04-23 14:15:00,1776933900,2356.9,2360.1,2336.3,2340.1,158375
2026-04-23 15:15:00,1776937500,2340.1,2353,2338.7,2347.6,87969
2026-04-24 09:15:00,1777002300,2347.3,2351.5,2306,2307,153460
2026-04-24 10:15:00,1777005900,2307,2314.2,2292.1,2292.2,121229
2026-04-24 11:15:00,1777009500,2292.8,2293,2268.7,2269.4,198179
2026-04-24 12:15:00,1777013100,2269.4,2282.7,2262,2281.7,196598
2026-04-24 13:15:00,1777016700,2280.6,2286.7,2272.5,2275,106892
2026-04-24 14:15:00,1777020300,2275,2302.7,2270.5,2294.9,383103
2026-04-24 15:15:00,1777023900,2294.9,2300.2,2290.6,2298,139066
2026-04-27 09:15:00,1777261500,2304.9,2341,2296.2,2331.6,180474
2026-04-27 10:15:00,1777265100,2331.9,2334.9,2316.9,2318.5,79073
2026-04-27 11:15:00,1777268700,2318.2,2321,2308,2320.8,98785
2026-04-27 12:15:00,1777272300,2320.2,2323.9,2310.8,2316.8,54150
2026-04-27 13:15:00,1777275900,2316.9,2327.2,2315.6,2325.4,169568
2026-04-27 14:15:00,1777279500,2326.3,2330,2320.8,2323.2,199017
2026-04-27 15:15:00,1777283100,2322.5,2326.6,2318.1,2320,116950
2026-04-28 09:15:00,1777347900,2299.1,2319.4,2282.7,2312.6,179295
2026-04-28 10:15:00,1777351500,2312.6,2317.6,2267.1,2278.5,176623
2026-04-28 11:15:00,1777355100,2278.5,2296.7,2260.3,2293.6,209465
2026-04-28 12:15:00,1777358700,2293.4,2305,2292.2,2300,189820
2026-04-28 13:15:00,1777362300,2300,2304.4,2293,2296,207599
2026-04-28 14:15:00,1777365900,2295.7,2309.9,2295.3,2302.6,187720
2026-04-28 15:15:00,1777369500,2302.6,2304.5,2299.9,2303,107947
2026-04-29 09:15:00,1777434300,2314,2328.6,2305,2311.8,166935
2026-04-29 10:15:00,1777437900,2312,2333.8,2310.5,2328.5,58396
2026-04-29 11:15:00,1777441500,2329.1,2332.3,2319.6,2320.4,62315
2026-04-29 12:15:00,1777445100,2320.4,2326.4,2318.8,2322,141643
2026-04-29 13:15:00,1777448700,2322,2322.1,2303.1,2304.7,47883
2026-04-29 14:15:00,1777452300,2304.7,2314.3,2303.2,2311.3,159287
2026-04-29 15:15:00,1777455900,2311,2316.5,2302.7,2303,69481
2026-04-30 09:15:00,1777520700,2297,2315.4,2277.7,2292.4,269283
2026-04-30 10:15:00,1777524300,2293.4,2296.7,2282.3,2290.9,44681
2026-04-30 11:15:00,1777527900,2292,2295,2287.4,2288.7,68771
2026-04-30 12:15:00,1777531500,2289.5,2306,2288.4,2304.7,100431
2026-04-30 13:15:00,1777535100,2304.7,2306.3,2295.6,2304.2,81316
2026-04-30 14:15:00,1777538700,2304,2317.4,2301.2,2304.1,327316
2026-04-30 15:15:00,1777542300,2304.1,2315,2296,2312.3,203062
2026-05-04 09:15:00,1777866300,2320,2347.4,2304.1,2338.4,147087
2026-05-04 10:15:00,1777869900,2337.5,2350.5,2330.9,2343.3,165889
2026-05-04 11:15:00,1777873500,2343.7,2361.9,2343,2349.7,188451
2026-05-04 12:15:00,1777877100,2349.7,2351.5,2340.5,2346.7,345554
2026-05-04 13:15:00,1777880700,2346.7,2347.9,2332.1,2346,171554
2026-05-04 14:15:00,1777884300,2347.7,2352.6,2342.2,2349,213168
2026-05-04 15:15:00,1777887900,2349,2352,2344.8,2349.1,72891
2026-05-05 09:15:00,1777952700,2354,2364.6,2334,2337.9,214319
2026-05-05 10:15:00,1777956300,2338.7,2348.5,2336.3,2344.7,278686
2026-05-05 11:15:00,1777959900,2344.7,2352,2326.6,2336,282254
2026-05-05 12:15:00,1777963500,2336.4,2346,2331.3,2345,113940
2026-05-05 13:15:00,1777967100,2345,2351.5,2337.3,2339.2,269591
2026-05-05 14:15:00,1777970700,2339.5,2346.3,2336.8,2343.4,156738
2026-05-05 15:15:00,1777974300,2343.2,2345.6,2337.2,2337.2,98545
2026-05-06 09:15:00,1778039100,2362.3,2392,2350.4,2386.1,509633
2026-05-06 10:15:00,1778042700,2386,2422.4,2382.5,2409,563929
2026-05-06 11:15:00,1778046300,2409,2430.5,2401.8,2416.8,555865
2026-05-06 12:15:00,1778049900,2416,2435,2416,2434.5,428478
2026-05-06 13:15:00,1778053500,2434.5,2459,2430.4,2448.1,256636
2026-05-06 14:15:00,1778057100,2448.1,2452.6,2439.2,2441,409311
2026-05-06 15:15:00,1778060700,2440.2,2445.8,2439.2,2445,157855
2026-05-07 09:15:00,1778125500,2454.9,2492,2445,2474.3,502272
2026-05-07 10:15:00,1778129100,2473.2,2494,2465.1,2469.6,175466
2026-05-07 11:15:00,1778132700,2470,2476.5,2463.1,2473,144567
2026-05-07 12:15:00,1778136300,2473.4,2474,2460,2464.4,136044
2026-05-07 13:15:00,1778139900,2464.7,2465,2430.4,2458,151639
2026-05-07 14:15:00,1778143500,2458,2463.9,2441.2,2460,204107
2026-05-07 15:15:00,1778147100,2459.9,2464.4,2455.8,2462,90878
2026-05-08 09:15:00,1778211900,2425,2474.8,2394.9,2434.6,1072513
2026-05-08 10:15:00,1778215500,2434.3,2451,2417.6,2418.5,270525
2026-05-08 11:15:00,1778219100,2418.5,2425.3,2388.6,2399.8,281269
2026-05-08 12:15:00,1778222700,2399.8,2400,2347.9,2362.1,578250
2026-05-08 13:15:00,1778226300,2363,2394.8,2362.8,2388.5,345061
2026-05-08 14:15:00,1778229900,2388.6,2389.6,2372.7,2380.1,408227
2026-05-08 15:15:00,1778233500,2380.1,2383.8,2371,2373,156163
2026-05-11 09:15:00,1778471100,2330.4,2330.4,2236.1,2259.9,978680
2026-05-11 10:15:00,1778474700,2259.2,2268,2247,2251.9,319121
2026-05-11 11:15:00,1778478300,2251.1,2265,2238.9,2249.8,323427
2026-05-11 12:15:00,1778481900,2249.5,2271.4,2247.1,2265,270370
2026-05-11 13:15:00,1778485500,2265.1,2283.6,2250,2278.8,502565
2026-05-11 14:15:00,1778489100,2278.2,2284,2252.5,2257.3,739056
2026-05-11 15:15:00,1778492700,2257.3,2257.3,2238.7,2244.9,125215
2026-05-12 09:15:00,1778557500,2256,2259.8,2233,2244.3,214443
2026-05-12 10:15:00,1778561100,2243.8,2274.3,2240,2264.7,169242
2026-05-12 11:15:00,1778564700,2264.7,2289.8,2254,2273.5,252183
2026-05-12 12:15:00,1778568300,2273.9,2279.1,2263,2271.8,140746
2026-05-12 13:15:00,1778571900,2271.8,2276.2,2264.2,2267.5,146503
2026-05-12 14:15:00,1778575500,2267,2272.3,2242.2,2243.2,338274
2026-05-12 15:15:00,1778579100,2243.1,2251.9,2238,2251,149133
2026-05-13 09:15:00,1778643900,2245.8,2267.2,2220.4,2237.6,283518
2026-05-13 10:15:00,1778647500,2235,2258.3,2223.3,2224.7,126513
2026-05-13 11:15:00,1778651100,2224.7,2240,2223,2234.6,148995
2026-05-13 12:15:00,1778654700,2234.6,2239.9,2230,2235.4,122210
2026-05-13 13:15:00,1778658300,2235.1,2240,2224,2230.2,138077
2026-05-13 14:15:00,1778661900,2230.2,2236.1,2210.6,2212.1,406599
2026-05-13 15:15:00,1778665500,2212,2224.5,2211,2221,95791
2026-05-14 09:15:00,1778730300,2248,2255.9,2235,2248.4,195713
2026-05-14 10:15:00,1778733900,2248.4,2249.3,2225,2243.4,241959
2026-05-14 11:15:00,1778737500,2243.4,2264.8,2243.2,2262.9,204737
2026-05-14 12:15:00,1778741100,2262.9,2263.1,2249.4,2258.8,197818
2026-05-14 13:15:00,1778744700,2259,2273.8,2257.3,2258.2,300922
2026-05-14 14:15:00,1778748300,2257.3,2260.4,2253.8,2259,218501
2026-05-14 15:15:00,1778751900,2258.3,2260,2251.9,2251.9,90338
2026-05-15 09:15:00,1778816700,2268,2294.1,2254.1,2292,483832
2026-05-15 10:15:00,1778820300,2292.5,2299,2274.1,2275.7,336361
2026-05-15 11:15:00,1778823900,2276.2,2283,2269.1,2275.2,209497
2026-05-15 12:15:00,1778827500,2275.2,2275.6,2261,2273.4,298092
2026-05-15 13:15:00,1778831100,2272.7,2281.9,2270.5,2278.4,232051
2026-05-15 14:15:00,1778834700,2279,2279.9,2266.1,2277.6,340947
2026-05-15 15:15:00,1778838300,2277.5,2285,2267.5,2283.9,157174
2026-05-18 09:15:00,1779075900,2240,2274.9,2224,2231.5,158794
2026-05-18 10:15:00,1779079500,2231.5,2236,2214.1,2227.4,99952
2026-05-18 11:15:00,1779083100,2227.3,2235.9,2215.8,2232.5,184145
2026-05-18 12:15:00,1779086700,2232.5,2247.4,2231.9,2241.7,174498
2026-05-18 13:15:00,1779090300,2241.7,2244.1,2239.5,2241.9,65219
2026-05-18 14:15:00,1779093900,2241.8,2258.2,2238.6,2251.4,147716
2026-05-18 15:15:00,1779097500,2251.4,2254.7,2248,2254,73639
2026-05-19 09:15:00,1779162300,2252.4,2282,2250.5,2271.1,257983
2026-05-19 10:15:00,1779165900,2271.5,2279.5,2267.5,2273.2,80264
2026-05-19 11:15:00,1779169500,2272.8,2276.5,2265,2272.7,114521
2026-05-19 12:15:00,1779173100,2271.9,2287.5,2269.3,2280.1,213609
2026-05-19 13:15:00,1779176700,2280.1,2292.5,2279.2,2289,166531
2026-05-19 14:15:00,1779180300,2289.1,2294,2285.5,2286.7,268664
2026-05-19 15:15:00,1779183900,2286.8,2291.9,2283.6,2291.9,138391
2026-05-20 09:15:00,1779248700,2275.1,2309.6,2264.8,2302.5,233604
2026-05-20 10:15:00,1779252300,2302.8,2302.8,2283.3,2283.3,163097
2026-05-20 11:15:00,1779255900,2283.2,2287.4,2275.3,2285.4,165114
2026-05-20 12:15:00,1779259500,2284.4,2293.8,2284,2289.4,106309
2026-05-20 13:15:00,1779263100,2289.4,2292,2283.3,2287.5,120644
2026-05-20 14:15:00,1779266700,2287.5,2290,2274.2,2287.2,287256
2026-05-20 15:15:00,1779270300,2287.7,2292.3,2282.8,2282.8,113011
2026-05-21 09:15:00,1779335100,2297.1,2304.3,2285.6,2290.2,182751
2026-05-21 10:15:00,1779338700,2290.2,2296,2284.1,2285.9,210319
2026-05-21 11:15:00,1779342300,2285.9,2294.7,2270,2270.2,280309
2026-05-21 12:15:00,1779345900,2270,2286,2269.6,2285.9,132077
2026-05-21 13:15:00,1779349500,2285.6,2286,2275.4,2276,96018
2026-05-21 14:15:00,1779353100,2275.7,2285.9,2274.1,2283.8,214860
2026-05-21 15:15:00,1779356700,2285.5,2289.9,2283,2285.5,106268
2026-05-22 09:15:00,1779421500,2297,2304.5,2281.3,2296.7,214688
2026-05-22 10:15:00,1779425100,2296.7,2297.6,2278.1,2280,125177
2026-05-22 11:15:00,1779428700,2281.3,2285,2273.9,2277.1,102170
2026-05-22 12:15:00,1779432300,2276.6,2282.9,2270.1,2281,195685
2026-05-22 13:15:00,1779435900,2281,2284.8,2273.5,2280.6,178598
2026-05-22 14:15:00,1779439500,2280,2291.6,2277.3,2281,269423
2026-05-22 15:15:00,1779443100,2281,2283.5,2270,2270.7,138135
2026-05-25 09:15:00,1779680700,2294,2294,2274.3,2277.8,140230
2026-05-25 10:15:00,1779684300,2277.8,2282,2270,2271,124744
2026-05-25 11:15:00,1779687900,2271,2280.5,2269.8,2273.1,71037
2026-05-25 12:15:00,1779691500,2273.1,2281,2272.9,2277,32071
2026-05-25 13:15:00,1779695100,2277,2288,2275.9,2285.6,147441
2026-05-25 14:15:00,1779698700,2285.5,2289.1,2281.2,2285,184715
2026-05-25 15:15:00,1779702300,2285,2294,2282.7,2291,72451
2026-05-26 09:15:00,1779767100,2287.2,2294,2267.1,2269.5,97215
2026-05-26 10:15:00,1779770700,2269,2274.1,2262,2264.7,132004
2026-05-26 11:15:00,1779774300,2264.7,2271.7,2258.4,2267.4,124598
2026-05-26 12:15:00,1779777900,2266.7,2270,2250,2250.3,219672
2026-05-26 13:15:00,1779781500,2250,2260,2250,2258.5,95462
2026-05-26 14:15:00,1779785100,2258.5,2270,2257.2,2267.5,160338
2026-05-26 15:15:00,1779788700,2266.2,2268,2256,2256,56929
2026-05-27 09:15:00,1779853500,2258.3,2276.1,2257,2257.2,67615
2026-05-27 10:15:00,1779857100,2257.2,2260.5,2250.5,2251.9,50998
2026-05-27 11:15:00,1779860700,2252.4,2259.7,2251.4,2256.8,87079
2026-05-27 12:15:00,1779864300,2256.2,2281.8,2254.8,2279.7,135277
2026-05-27 13:15:00,1779867900,2279.3,2292.2,2275.7,2285,96171
2026-05-27 14:15:00,1779871500,2286,2290,2275,2275.8,89390
2026-05-27 15:15:00,1779875100,2275.9,2277,2275,2275,40155
2026-05-29 09:15:00,1780026300,2289,2301.4,2276.4,2285,178537
2026-05-29 10:15:00,1780029900,2285,2287.4,2280.2,2286,71218
2026-05-29 11:15:00,1780033500,2285.7,2290.4,2275.5,2276.4,89123
2026-05-29 12:15:00,1780037100,2275.5,2287.3,2272.5,2281.5,145277
2026-05-29 13:15:00,1780040700,2281.1,2281.6,2271.6,2273.8,134240
2026-05-29 14:15:00,1780044300,2274.2,2285,2260.2,2267.7,1301987
2026-05-29 15:15:00,1780047900,2269.1,2279,2256.2,2275,1014989
2026-06-01 09:15:00,1780285500,2285.4,2286,2231.2,2264.3,121563
2026-06-01 10:15:00,1780289100,2264.6,2272.8,2257.5,2269.7,78820
2026-06-01 11:15:00,1780292700,2270.2,2272.1,2246.2,2255.2,95140
2026-06-01 12:15:00,1780296300,2255.7,2259.7,2245,2246.8,62378
2026-06-01 13:15:00,1780299900,2246.6,2261.3,2245.7,2258.2,83374
2026-06-01 14:15:00,1780303500,2258.2,2274.3,2257,2261.1,602241
2026-06-01 15:15:00,1780307100,2261.1,2265.3,2251.1,2254.3,437651
2026-06-02 09:15:00,1780371900,2242,2259.2,2229.6,2230,192855
2026-06-02 10:15:00,1780375500,2229.7,2243.9,2225.6,2235.9,139105
2026-06-02 11:15:00,1780379100,2235.9,2239.4,2219.8,2221.2,88607
2026-06-02 12:15:00,1780382700,2221.2,2241.2,2220.2,2235.6,105208
2026-06-02 13:15:00,1780386300,2236,2248.5,2234.4,2246.1,66859
2026-06-02 14:15:00,1780389900,2246.1,2254.2,2241.1,2251.4,157255
2026-06-02 15:15:00,1780393500,2252.2,2253.9,2240,2251.9,71604
2026-06-03 09:15:00,1780458300,2248.6,2253.9,2235,2248,81995
2026-06-03 10:15:00,1780461900,2247.8,2250.4,2235,2244.2,63071
2026-06-03 11:15:00,1780465500,2244.2,2252,2239.1,2239.1,82910
2026-06-03 12:15:00,1780469100,2239.1,2248.9,2235.1,2245.2,106733
2026-06-03 13:15:00,1780472700,2246.7,2254.1,2244.7,2253.7,58523
2026-06-03 14:15:00,1780476300,2254.4,2265,2253.2,2262.9,114858
2026-06-03 15:15:00,1780479900,2263.7,2263.7,2255.1,2260,61366
2026-06-04 09:15:00,1780544700,2261.6,2270.8,2245.9,2264.1,114493
2026-06-04 10:15:00,1780548300,2264.5,2267.5,2251.5,2254.7,58809
2026-06-04 11:15:00,1780551900,2254.7,2258.1,2247.9,2249.4,77683
2026-06-04 12:15:00,1780555500,2249.4,2262.8,2248.3,2253.5,62807
2026-06-04 13:15:00,1780559100,2252.1,2257,2248.2,2253,128844
2026-06-04 14:15:00,1780562700,2253,2257.4,2244.7,2247.9,136144
2026-06-04 15:15:00,1780566300,2248.8,2254,2246.2,2252,83245
2026-06-05 09:15:00,1780631100,2275.4,2306.3,2262.5,2278.5,431996
2026-06-05 10:15:00,1780634700,2278.5,2278.5,2262.1,2269.7,89129
2026-06-05 11:15:00,1780638300,2268.9,2282.3,2266.5,2281.5,112447
2026-06-05 12:15:00,1780641900,2281.5,2285.9,2274.6,2276.4,76926
2026-06-05 13:15:00,1780645500,2276.3,2279.6,2269,2270,63015
2026-06-05 14:15:00,1780649100,2270,2277,2264.9,2269.4,154799
2026-06-05 15:15:00,1780652700,2270.3,2271.6,2262,2265,87313
2026-06-08 09:15:00,1780890300,2232.2,2267.5,2232.2,2256.4,59557
2026-06-08 10:15:00,1780893900,2255.8,2270.4,2252.6,2256.7,55472
2026-06-08 11:15:00,1780897500,2258,2273,2257.4,2269.9,44345
2026-06-08 12:15:00,1780901100,2269.9,2275,2267.9,2272.3,61425
2026-06-08 13:15:00,1780904700,2273.6,2274.2,2262.3,2266,70665
2026-06-08 14:15:00,1780908300,2266,2267.7,2252.6,2260,102609
2026-06-08 15:15:00,1780911900,2260.3,2260.7,2241.9,2248,49233
2026-06-09 09:15:00,1780976700,2261.7,2267.5,2247.3,2262.1,108630
2026-06-09 10:15:00,1780980300,2262.1,2264.9,2253.9,2258.3,50108
2026-06-09 11:15:00,1780983900,2258.5,2266.9,2255.7,2265,98008
2026-06-09 12:15:00,1780987500,2265,2271.4,2257.8,2266.2,139397
2026-06-09 13:15:00,1780991100,2266.2,2270.9,2263,2264.9,109672
2026-06-09 14:15:00,1780994700,2264.9,2271,2256.8,2264.6,143594
2026-06-09 15:15:00,1780998300,2264.6,2266,2255.6,2263,83088
2026-06-10 09:15:00,1781063100,2264.2,2275,2259.2,2269.6,129095
2026-06-10 10:15:00,1781066700,2269.6,2279.8,2267.3,2272,92462
2026-06-10 11:15:00,1781070300,2272,2280.5,2269.8,2275,91644
2026-06-10 12:15:00,1781073900,2276,2276.8,2267,2274.3,120250
2026-06-10 13:15:00,1781077500,2274.3,2274.8,2261.5,2265.4,108016
2026-06-10 14:15:00,1781081100,2264.7,2268,2245.2,2245.4,142587
2026-06-10 15:15:00,1781084700,2245.3,2249.7,2242.1,2247.9,49869
2026-06-11 09:15:00,1781149500,2247.2,2265.8,2246.2,2257.5,174518
2026-06-11 10:15:00,1781153100,2257.5,2260.2,2251.9,2251.9,120627
2026-06-11 11:15:00,1781156700,2252,2276.1,2252,2272.8,95091
2026-06-11 12:15:00,1781160300,2272.8,2275,2269.9,2273.7,87199
2026-06-11 13:15:00,1781163900,2273.7,2286,2272.2,2283.9,197376
2026-06-11 14:15:00,1781167500,2284,2284.2,2268.5,2274,247636
2026-06-11 15:15:00,1781171100,2274,2275,2269.4,2272.3,114579
2026-06-12 09:15:00,1781235900,2282,2286,2269.5,2273,63825
2026-06-12 10:15:00,1781239500,2273.3,2281.5,2270.8,2273.3,34743
2026-06-12 11:15:00,1781243100,2275.4,2289,2270.4,2288,171586
2026-06-12 12:15:00,1781246700,2289.9,2295,2281.9,2283.7,123939
2026-06-12 13:15:00,1781250300,2284.5,2290.8,2280.9,2289.5,60079
2026-06-12 14:15:00,1781253900,2288.8,2297.1,2284.1,2293.4,111479
2026-06-12 15:15:00,1781257500,2293.5,2295.2,2290,2290.1,47139
2026-06-15 09:15:00,1781495100,2296.9,2304,2275.7,2278.9,107764
2026-06-15 10:15:00,1781498700,2278.9,2285.8,2277.2,2281.5,25369
2026-06-15 11:15:00,1781502300,2281.5,2286.7,2277.3,2280.8,112747
2026-06-15 12:15:00,1781505900,2280.7,2283.7,2272.7,2276.5,164435
2026-06-15 13:15:00,1781509500,2276.9,2279,2261.1,2264.5,111135
2026-06-15 14:15:00,1781513100,2265,2278.2,2263.7,2273.3,122750
2026-06-15 15:15:00,1781516700,2273,2276,2270,2270.1,51258
2026-06-16 09:15:00,1781581500,2284.4,2286.7,2265.2,2267.2,45614
2026-06-16 10:15:00,1781585100,2267.1,2269.9,2263,2263.9,20719
2026-06-16 11:15:00,1781588700,2264.5,2270,2263.5,2268,16442
2026-06-16 12:15:00,1781592300,2268,2269,2255.1,2256.8,67223
2026-06-16 13:15:00,1781595900,2256.2,2270,2255.2,2270,46580
2026-06-16 14:15:00,1781599500,2269,2278.5,2268,2277.3,122642
2026-06-16 15:15:00,1781603100,2277.8,2280.5,2272.6,2272.6,68817
2026-06-17 09:15:00,1781667900,2272.7,2284.3,2270,2270,59085
2026-06-17 10:15:00,1781671500,2271,2271.9,2262,2263,29202
2026-06-17 11:15:00,1781675100,2263,2263.2,2254,2256.6,42751
2026-06-17 12:15:00,1781678700,2256.3,2259.7,2253.6,2255.5,40748
2026-06-17 13:15:00,1781682300,2255,2262.7,2255,2262.4,54869
2026-06-17 14:15:00,1781685900,2262.4,2266.9,2257,2264.2,138888
2026-06-17 15:15:00,1781689500,2264.9,2283.4,2263.8,2275,228213
2026-06-18 09:15:00,1781754300,2283.8,2297.5,2279.2,2280,119180
2026-06-18 10:15:00,1781757900,2280,2298.9,2280,2291.7,96619
2026-06-18 11:15:00,1781761500,2291.7,2299,2290.6,2295.1,75373
2026-06-18 12:15:00,1781765100,2295.6,2298,2289.1,2296,73647
2026-06-18 13:15:00,1781768700,2296,2326.8,2295,2325,198751
2026-06-18 14:15:00,1781772300,2325.5,2337.9,2322.9,2324,294152
2026-06-18 15:15:00,1781775900,2323.7,2335,2320,2330,74244
2026-06-19 09:15:00,1781840700,2303.2,2343,2303.2,2330.9,219737
2026-06-19 10:15:00,1781844300,2330.3,2334,2324.2,2330.5,69376
2026-06-19 11:15:00,1781847900,2330.5,2338,2327.1,2335.7,133437
2026-06-19 12:15:00,1781851500,2336.2,2352.9,2331.3,2343,232219
2026-06-19 13:15:00,1781855100,2342.4,2345.3,2338.2,2341.6,114140
2026-06-19 14:15:00,1781858700,2342,2355.8,2338,2353.8,250215
2026-06-19 15:15:00,1781862300,2353.9,2354,2348.4,2352.3,149083
2026-06-22 09:15:00,1782099900,2352.4,2371.9,2346.2,2363.1,138359
2026-06-22 10:15:00,1782103500,2363,2363,2346.7,2348,92365
2026-06-22 11:15:00,1782107100,2348.8,2356.5,2345.2,2350,58008
2026-06-22 12:15:00,1782110700,2350.1,2352.5,2342.1,2344.6,108831
2026-06-22 13:15:00,1782114300,2343.3,2348.5,2340,2342.9,122187
2026-06-22 14:15:00,1782117900,2342,2345,2335.7,2341,122059
2026-06-22 15:15:00,1782121500,2340.8,2343.2,2337.2,2343,75074
2026-06-23 09:15:00,1782186300,2345,2380,2345,2374,214526
2026-06-23 10:15:00,1782189900,2374.4,2374.7,2358.4,2365.6,78237
2026-06-23 11:15:00,1782193500,2365.5,2369.9,2348.5,2349.1,106212
2026-06-23 12:15:00,1782197100,2349.6,2352,2344.1,2347.5,99959
2026-06-23 13:15:00,1782200700,2349.2,2366.2,2348,2363.4,102248
2026-06-23 14:15:00,1782204300,2363.4,2370,2354.7,2359.4,104683
2026-06-23 15:15:00,1782207900,2359.4,2362.5,2353.8,2362.5,124139
2026-06-24 09:15:00,1782272700,2362,2395,2360,2381,277237
2026-06-24 10:15:00,1782276300,2382,2386.9,2371.5,2372.7,118962
2026-06-24 11:15:00,1782279900,2372.7,2380,2366.6,2377.4,60480
2026-06-24 12:15:00,1782283500,2376.5,2387.7,2376.1,2379.4,77330
2026-06-24 13:15:00,1782287100,2379.5,2381.5,2374.2,2377.3,36407
2026-06-24 14:15:00,1782290700,2376.8,2377.9,2366.5,2366.7,105813
2026-06-24 15:15:00,1782294300,2366.7,2370,2363.7,2370,113087
2026-06-25 09:15:00,1782359100,2374.9,2390.8,2365,2365.1,52416
2026-06-25 10:15:00,1782362700,2365,2377,2364,2374.3,23874
2026-06-25 11:15:00,1782366300,2374.6,2379.7,2367.6,2368.1,33681
2026-06-25 12:15:00,1782369900,2367.9,2367.9,2357.6,2358.7,30340
2026-06-25 13:15:00,1782373500,2359.2,2364.1,2356,2356.9,24145
2026-06-25 14:15:00,1782377100,2357.4,2358.5,2343.4,2344.4,88270
2026-06-25 15:15:00,1782380700,2344.2,2348.5,2336.9,2348.5,64112
2026-06-29 09:15:00,1782704700,2350,2402,2343.6,2397.6,319708
2026-06-29 10:15:00,1782708300,2398.5,2405,2393.9,2399.8,184007
2026-06-29 11:15:00,1782711900,2399.5,2404,2385.4,2389.1,142338
2026-06-29 12:15:00,1782715500,2389,2390,2379.4,2385.8,95373
2026-06-29 13:15:00,1782719100,2386.6,2388.8,2375.3,2378.2,155927
2026-06-29 14:15:00,1782722700,2378.3,2414.2,2371.1,2410,692705
2026-06-29 15:15:00,1782726300,2411.1,2426.5,2391,2400.6,450698
2026-06-30 09:15:00,1782791100,2409.4,2409.6,2388,2390.2,128987
2026-06-30 10:15:00,1782794700,2390.1,2411.3,2385,2410.6,142724
2026-06-30 11:15:00,1782798300,2410.5,2429.3,2410,2424.5,272489
2026-06-30 12:15:00,1782801900,2423.7,2423.7,2407.3,2408.9,101153
2026-06-30 13:15:00,1782805500,2408.6,2432.8,2408.6,2430,185728
2026-06-30 14:15:00,1782809100,2429.9,2440.8,2412.7,2421.8,400287
2026-06-30 15:15:00,1782812700,2421.8,2426,2411.5,2419.8,179520
2026-07-01 09:15:00,1782877500,2428,2443.4,2405,2405.3,147850
2026-07-01 10:15:00,1782881100,2405.7,2409.4,2392,2400.1,62187
2026-07-01 11:15:00,1782884700,2400.1,2401.6,2395.1,2400.7,40432
2026-07-01 12:15:00,1782888300,2400.7,2404,2395.2,2398,40621
2026-07-01 13:15:00,1782891900,2398.1,2402.3,2397,2397.7,28188
2026-07-01 14:15:00,1782895500,2397.7,2403.9,2392.1,2392.7,79459
2026-07-01 15:15:00,1782899100,2392.2,2401.2,2392.2,2397.2,70712
2026-07-02 09:15:00,1782963900,2420,2423.8,2391.4,2400.1,81759
2026-07-02 10:15:00,1782967500,2400.1,2401,2382.7,2392,76494
2026-07-02 11:15:00,1782971100,2391.8,2399.5,2387.1,2393.9,151478
2026-07-02 12:15:00,1782974700,2393.8,2397,2389.3,2395.6,50628
2026-07-02 13:15:00,1782978300,2395.7,2401.2,2389.1,2397.9,59060
2026-07-02 14:15:00,1782981900,2397.9,2401.6,2393.9,2399.8,100586
2026-07-02 15:15:00,1782985500,2399.6,2401,2395,2395,60975
2026-07-03 09:15:00,1783050300,2420,2456.9,2407.6,2441.6,210694
2026-07-03 10:15:00,1783053900,2441.6,2467.5,2440.3,2465.9,184649
2026-07-03 11:15:00,1783057500,2465,2472,2460.3,2470,105293
2026-07-03 12:15:00,1783061100,2470.8,2479,2463.2,2467.5,88979
2026-07-03 13:15:00,1783064700,2467.8,2476.9,2463.4,2475.1,71612
2026-07-03 14:15:00,1783068300,2475,2480,2465,2476.8,176779
2026-07-03 15:15:00,1783071900,2475.4,2481,2470,2476.1,97251
2026-07-06 09:15:00,1783309500,2489.9,2504.6,2480,2484,166442
2026-07-06 10:15:00,1783313100,2483.2,2494.8,2482,2486.7,41351
2026-07-06 11:15:00,1783316700,2486.7,2491,2483.1,2486.2,36818
2026-07-06 12:15:00,1783320300,2486,2492,2485.2,2487.6,23066
2026-07-06 13:15:00,1783323900,2487.6,2489.3,2474.1,2476.2,49782
2026-07-06 14:15:00,1783327500,2476.3,2497.9,2475.9,2496.5,72538
2026-07-06 15:15:00,1783331100,2494.7,2495.2,2486.1,2488.9,37265
2026-07-07 09:15:00,1783395900,2497.8,2517,2485,2498.6,214897
2026-07-07 10:15:00,1783399500,2498.6,2501,2487.4,2496,76311
2026-07-07 11:15:00,1783403100,2496,2499,2489.4,2495,53444
2026-07-07 12:15:00,1783406700,2495,2495.9,2479.4,2482.4,61319
2026-07-07 13:15:00,1783410300,2482.6,2488.9,2481,2486.1,52204
2026-07-07 14:15:00,1783413900,2485.2,2493.4,2479.4,2491,146397
2026-07-07 15:15:00,1783417500,2491.4,2494,2485.9,2489.1,65746
2026-07-08 09:15:00,1783482300,2492.5,2526.9,2492.5,2511.4,240739
2026-07-08 10:15:00,1783485900,2511.9,2520,2510.7,2511.1,67657
2026-07-08 11:15:00,1783489500,2510.4,2515.1,2502.2,2507.2,60042
2026-07-08 12:15:00,1783493100,2507.2,2507.6,2483.3,2486.3,76876
2026-07-08 13:15:00,1783496700,2486.2,2489.7,2452,2456.6,106959
2026-07-08 14:15:00,1783500300,2456.2,2468.1,2445.7,2459.4,480398
2026-07-08 15:15:00,1783503900,2458.7,2461.2,2452.4,2461.2,163606
2026-07-09 09:15:00,1783568700,2459,2507.8,2455,2499.9,96907
2026-07-09 10:15:00,1783572300,2500,2515,2492.4,2501.6,147247
2026-07-09 11:15:00,1783575900,2501.6,2522.7,2498.4,2510.2,109149
2026-07-09 12:15:00,1783579500,2510.2,2512.7,2506,2511,43221
2026-07-09 13:15:00,1783583100,2510.6,2513.9,2502.5,2503.6,59984
2026-07-09 14:15:00,1783586700,2503.7,2509.7,2500.6,2500.8,71245
2026-07-09 15:15:00,1783590300,2500.6,2505.9,2500.6,2505.8,42076
2026-07-10 09:15:00,1783655100,2503.4,2511.7,2482,2508,84730
2026-07-10 10:15:00,1783658700,2508,2508,2503.6,2504,6007
