datetime_ist,epoch,open,high,low,close,volume
2017-09-18 09:15:00,1505706300,545,589.59,545,589.59,13344625
2017-09-18 10:15:00,1505709900,589.67,599.46,576,583.97,5964735
2017-09-18 11:15:00,1505713500,584,585,578.6,583.4,863090
2017-09-18 12:15:00,1505717100,583.4,593.88,583.34,592.49,1571020
2017-09-18 13:15:00,1505720700,592.73,604.6,590.26,603.87,2793115
2017-09-18 14:15:00,1505724300,603.7,603.7,565.4,581.96,4713985
2017-09-18 15:15:00,1505727900,581.72,583.8,576.4,580.24,839315
2017-09-19 09:15:00,1505792700,590,598.99,586.4,593.93,1714890
2017-09-19 10:15:00,1505796300,593.63,594.44,590.62,591.54,239305
2017-09-19 11:15:00,1505799900,591.41,595,589.59,592.4,256400
2017-09-19 12:15:00,1505803500,592.17,592.99,590.8,591,118415
2017-09-19 13:15:00,1505807100,591,591.52,583.7,586,428205
2017-09-19 14:15:00,1505810700,586,586.01,574.48,577.65,871275
2017-09-19 15:15:00,1505814300,577.65,579.38,577.65,578.82,305305
2017-09-20 09:15:00,1505879100,576.09,576.4,553.61,556.41,980420
2017-09-20 10:15:00,1505882700,556.41,564.79,551,563.55,657740
2017-09-20 11:15:00,1505886300,563.55,563.76,558.01,560.62,177285
2017-09-20 12:15:00,1505889900,560.62,564.6,560,561.2,122100
2017-09-20 13:15:00,1505893500,561.58,567.2,560,563.2,203495
2017-09-20 14:15:00,1505897100,563.2,563.98,559.01,562,194685
2017-09-20 15:15:00,1505900700,562,563.6,560.02,560.3,169125
2017-09-21 09:15:00,1505965500,557.78,558.6,550.62,552.2,376790
2017-09-21 10:15:00,1505969100,552.02,554.2,536.8,544.2,531690
2017-09-21 11:15:00,1505972700,544.2,548,543.4,546.98,152710
2017-09-21 12:15:00,1505976300,546.98,546.99,542.53,544.49,70655
2017-09-21 13:15:00,1505979900,544.49,551.8,544.09,546.8,116930
2017-09-21 14:15:00,1505983500,546.8,552.98,546.72,550.2,216175
2017-09-21 15:15:00,1505987100,550.2,556.2,550,553.6,132455
2017-09-22 09:15:00,1506051900,555,556.21,539.23,540.8,334235
2017-09-22 10:15:00,1506055500,540.8,545.98,540,543.6,102245
2017-09-22 11:15:00,1506059100,543.6,543.98,542.01,543.98,36745
2017-09-22 12:15:00,1506062700,543.98,544.16,542.2,543.1,39265
2017-09-22 13:15:00,1506066300,543.1,543.59,541,541.6,55605
2017-09-22 14:15:00,1506069900,541.6,541.9,534.2,535,216260
2017-09-22 15:15:00,1506073500,535,535,527.2,528.2,146345
2017-09-25 09:15:00,1506311100,524,529.89,501.58,504.45,490510
2017-09-25 10:15:00,1506314700,504.45,513,503,507.99,190410
2017-09-25 11:15:00,1506318300,507.99,516,507.28,514.48,196460
2017-09-25 12:15:00,1506321900,514.48,517,512,514,90865
2017-09-25 13:15:00,1506325500,514,514.1,510,512.2,53705
2017-09-25 14:15:00,1506329100,512.2,540,512,522.8,554675
2017-09-25 15:15:00,1506332700,522.4,524.36,520.4,523.8,81160
2017-09-26 09:15:00,1506397500,523.54,532.6,523.54,527.8,174780
2017-09-26 10:15:00,1506401100,527.8,531.08,527,529.4,42255
2017-09-26 11:15:00,1506404700,529.4,535.8,528.4,530.4,77290
2017-09-26 12:15:00,1506408300,530.4,530.8,528.41,528.6,26775
2017-09-26 13:15:00,1506411900,528.6,529.2,524.22,527.7,68500
2017-09-26 14:15:00,1506415500,527.7,528.61,525.2,526.63,97990
2017-09-26 15:15:00,1506419100,526.8,527.6,524.8,525,42610
2017-09-27 09:15:00,1506483900,531.59,531.99,523.6,525.19,85965
2017-09-27 10:15:00,1506487500,525.19,529.8,525.18,528.62,80765
2017-09-27 11:15:00,1506491100,528.61,541.4,528.61,533,223065
2017-09-27 12:15:00,1506494700,532.8,533.2,527.21,529.4,47630
2017-09-27 13:15:00,1506498300,529.4,532.59,527.4,527.98,20145
2017-09-27 14:15:00,1506501900,528,528,518.29,522.55,146940
2017-09-27 15:15:00,1506505500,522.4,523.53,513.98,514,72920
2017-09-28 09:15:00,1506570300,522.77,528,518.11,524.8,84345
2017-09-28 10:15:00,1506573900,524.8,526.97,524.43,525.78,19135
2017-09-28 11:15:00,1506577500,525.78,528.32,525,525.6,20340
2017-09-28 12:15:00,1506581100,525.6,528,523.1,523.8,37715
2017-09-28 13:15:00,1506584700,523.8,526.75,523,526,17650
2017-09-28 14:15:00,1506588300,526,531.89,525.39,529,101380
2017-09-28 15:15:00,1506591900,529,529.2,522.4,522.8,46755
2017-09-29 09:15:00,1506656700,529.19,532,528,528.6,42380
2017-09-29 10:15:00,1506660300,528.6,533,528.6,531.39,31705
2017-09-29 11:15:00,1506663900,531,536,530,533.3,48895
2017-09-29 12:15:00,1506667500,533.3,535,531.62,534.4,25365
2017-09-29 13:15:00,1506671100,534.4,536.78,534,534.99,45640
2017-09-29 14:15:00,1506674700,534.99,536.2,529,529.41,58265
2017-09-29 15:15:00,1506678300,529.41,530.39,528.4,528.4,39370
2017-10-03 09:15:00,1507002300,533.6,535.09,526.16,531.2,85975
2017-10-03 10:15:00,1507005900,531.2,539.76,530.92,534.62,109950
2017-10-03 11:15:00,1507009500,534.62,535.57,533,534,24680
2017-10-03 12:15:00,1507013100,534,535.38,532.8,533.87,18600
2017-10-03 13:15:00,1507016700,533.87,534,532.02,532.8,12705
2017-10-03 14:15:00,1507020300,532.8,536.4,532,533.71,33660
2017-10-03 15:15:00,1507023900,533.61,542.98,533.41,542.98,115770
2017-10-04 09:15:00,1507088700,543.99,545.09,535.4,541.2,84845
2017-10-04 10:15:00,1507092300,541.2,544,541,542.8,33595
2017-10-04 11:15:00,1507095900,542.8,549.8,542,545,132560
2017-10-04 12:15:00,1507099500,544.84,546,543.4,544.4,25750
2017-10-04 13:15:00,1507103100,544.4,545.01,542.5,544.24,25285
2017-10-04 14:15:00,1507106700,544.24,545,542.6,544.41,41035
2017-10-04 15:15:00,1507110300,544.41,545,543,544.99,50625
2017-10-05 09:15:00,1507175100,543,544.94,541.32,543,45145
2017-10-05 10:15:00,1507178700,543,543.77,539.01,541.4,29360
2017-10-05 11:15:00,1507182300,541.4,542.65,540.42,541.2,14775
2017-10-05 12:15:00,1507185900,541.45,543,539.41,543,44005
2017-10-05 13:15:00,1507189500,543,548,542,543.2,125510
2017-10-05 14:15:00,1507193100,543.2,545,538.01,538.27,66330
2017-10-05 15:15:00,1507196700,538.27,541.98,537.4,540,39120
2017-10-06 09:15:00,1507261500,540.25,549,540.25,543,74095
2017-10-06 10:15:00,1507265100,543,543.6,540,540.8,38060
2017-10-06 11:15:00,1507268700,540.8,544.4,539.8,542,30695
2017-10-06 12:15:00,1507272300,542,542.8,540.6,540.71,30685
2017-10-06 13:15:00,1507275900,540.71,541.8,539.8,540.6,11010
2017-10-06 14:15:00,1507279500,540.6,540.8,536.2,537.5,31705
2017-10-06 15:15:00,1507283100,537.59,537.6,532.7,533.75,29445
2017-10-09 09:15:00,1507520700,535.39,539.15,534.41,538.71,30005
2017-10-09 10:15:00,1507524300,538.71,541.99,536.8,536.8,65250
2017-10-09 11:15:00,1507527900,536.8,537.18,534.9,535,6125
2017-10-09 12:15:00,1507531500,534.8,539.78,534.02,534.22,17465
2017-10-09 13:15:00,1507535100,534.22,535.39,532.4,532.59,12320
2017-10-09 14:15:00,1507538700,532.59,533.2,528.73,528.73,27120
2017-10-09 15:15:00,1507542300,528.4,528.4,520.3,523.51,68035
2017-10-10 09:15:00,1507607100,526.34,532.8,526,531.61,73610
2017-10-10 10:15:00,1507610700,531.61,531.8,527,528.8,16295
2017-10-10 11:15:00,1507614300,528.8,529.02,525.4,525.57,12725
2017-10-10 12:15:00,1507617900,525.57,527.44,524.4,526.8,14350
2017-10-10 13:15:00,1507621500,526.8,527.17,525,525.99,4740
2017-10-10 14:15:00,1507625100,525.99,536.26,524.4,531.01,85865
2017-10-10 15:15:00,1507628700,531.01,533.01,529.22,533.01,34670
2017-10-11 09:15:00,1507693500,549.09,550.59,539.6,541.3,210915
2017-10-11 10:15:00,1507697100,541.3,543,540,541.72,28575
2017-10-11 11:15:00,1507700700,541.72,549.6,540.96,542.59,155355
2017-10-11 12:15:00,1507704300,542.59,542.59,540.4,541,17530
2017-10-11 13:15:00,1507707900,541,541.59,534,535.6,63885
2017-10-11 14:15:00,1507711500,535.6,538.26,532.4,535.2,75315
2017-10-11 15:15:00,1507715100,535.2,535.2,530.25,532,37335
2017-10-12 09:15:00,1507779900,536.01,540,534,536.01,72440
2017-10-12 10:15:00,1507783500,536.01,539.19,535.3,538.01,18295
2017-10-12 11:15:00,1507787100,538.01,543.6,537.7,542,68830
2017-10-12 12:15:00,1507790700,542,542.38,541.3,542.33,66020
2017-10-12 13:15:00,1507794300,542,546.36,542,546,49085
2017-10-12 14:15:00,1507797900,545.8,548,544.99,547.17,64675
2017-10-12 15:15:00,1507801500,547.17,550.8,547.02,549,76075
2017-10-13 09:15:00,1507866300,549.22,557.39,549,553.77,113690
2017-10-13 10:15:00,1507869900,553.77,554.8,552.62,552.91,14590
2017-10-13 11:15:00,1507873500,552.91,552.91,551,551.41,11595
2017-10-13 12:15:00,1507877100,551.41,551.7,546.4,549.8,24280
2017-10-13 13:15:00,1507880700,549.8,550.7,547.8,550.4,16060
2017-10-13 14:15:00,1507884300,550.4,550.98,547,547.77,35225
2017-10-13 15:15:00,1507887900,547.4,548,544.25,546.6,29700
2017-10-16 09:15:00,1508125500,548,549.09,542,542.13,37850
2017-10-16 10:15:00,1508129100,542.13,543,538.4,539.02,19080
2017-10-16 11:15:00,1508132700,539.02,540,539,539,5490
2017-10-16 12:15:00,1508136300,539,539.71,538.4,538.4,3400
2017-10-16 13:15:00,1508139900,538.4,539.22,535.26,536,36685
2017-10-16 14:15:00,1508143500,536,536.2,535.2,535.7,18795
2017-10-16 15:15:00,1508147100,535.7,536,532.06,533.4,24610
2017-10-17 09:15:00,1508211900,531.35,535.98,526.41,533,36555
2017-10-17 10:15:00,1508215500,533,536.4,532.61,534.81,15410
2017-10-17 11:15:00,1508219100,534.81,535.19,533.21,533.21,8450
2017-10-17 12:15:00,1508222700,533.21,533.53,531.86,532.98,3735
2017-10-17 13:15:00,1508226300,532.98,532.98,531,531.51,3010
2017-10-17 14:15:00,1508229900,531.48,532.12,528,530.01,31415
2017-10-17 15:15:00,1508233500,530.01,531,529,529.8,13590
2017-10-18 08:15:00,1508294700,529.2,529.2,529.1,529.1,270
2017-10-18 09:15:00,1508298300,529.09,534.09,527,530.76,34495
2017-10-18 10:15:00,1508301900,530.76,531.21,529,530.59,7600
2017-10-18 11:15:00,1508305500,530.59,532.69,530,531.19,9925
2017-10-18 12:15:00,1508309100,531.19,532.69,530.01,532.22,5290
2017-10-18 13:15:00,1508312700,532.22,532.4,530.2,531.79,6210
2017-10-18 14:15:00,1508316300,531.79,532.4,531,531.57,10090
2017-10-18 15:15:00,1508319900,531.57,536,531,532.54,21383244895
2017-10-23 08:15:00,1508726700,527.6,531,527.6,531,100
2017-10-23 09:15:00,1508730300,530.99,534.07,529.21,531.9,9240
2017-10-23 10:15:00,1508733900,530.01,532,529.21,531.99,7725
2017-10-23 11:15:00,1508737500,531.99,531.99,529.21,530.61,3615
2017-10-23 12:15:00,1508741100,530.61,531.3,529.4,530.36,3420
2017-10-23 13:15:00,1508744700,530.01,532.6,529.4,531.95,4810
2017-10-23 14:15:00,1508748300,531.95,532.6,530.68,531.07,20645
2017-10-23 15:15:00,1508751900,531.07,532.4,530.61,531.19,21333064840
2017-10-24 09:15:00,1508816700,531.78,533.99,530.39,532.8,18530
2017-10-24 10:15:00,1508820300,532.61,533.49,531,533.44,9255
2017-10-24 11:15:00,1508823900,533.44,542,531.61,537.59,50050
2017-10-24 12:15:00,1508827500,537.59,560.8,536,550.32,285565
2017-10-24 13:15:00,1508831100,550.32,558,548.02,556,136915
2017-10-24 14:15:00,1508834700,556,557.2,550.01,552.16,89685
2017-10-24 15:15:00,1508838300,552.16,554.4,551.52,552.8,47970
2017-10-25 09:15:00,1508903100,555.84,557.58,536.01,545,84640
2017-10-25 10:15:00,1508906700,545,551.98,544.8,550,32820
2017-10-25 11:15:00,1508910300,550,551.3,549.6,550.01,13360
2017-10-25 12:15:00,1508913900,550.01,551.8,549.6,550.01,17155
2017-10-25 13:15:00,1508917500,550.01,561.14,549.6,553.1,51505
2017-10-25 14:15:00,1508921100,553.1,554.39,550.1,552,24220
2017-10-25 15:15:00,1508924700,552,556,550,553.6,27535
2017-10-26 09:15:00,1508989500,546.01,552,544.6,550.48,50585
2017-10-26 10:15:00,1508993100,550.48,555.69,549.69,554.99,28340
2017-10-26 11:15:00,1508996700,554.82,555.2,551,552,20325
2017-10-26 12:15:00,1509000300,552,553.07,549.02,551.95,36920
2017-10-26 13:15:00,1509003900,551.95,551.99,550.2,550.75,4470
2017-10-26 14:15:00,1509007500,550.75,552.39,550,550.8,18090
2017-10-26 15:15:00,1509011100,550.8,551,550,551,18955
2017-10-27 09:15:00,1509075900,553,553,544,547.52,24325
2017-10-27 10:15:00,1509079500,547.52,547.98,545.6,547,7890
2017-10-27 11:15:00,1509083100,547,551,544.66,550,25690
2017-10-27 12:15:00,1509086700,550,550.99,548.61,548.81,50545
2017-10-27 13:15:00,1509090300,548.81,549.8,547.05,549.36,2745
2017-10-27 14:15:00,1509093900,549.36,549.98,547.42,547.42,8455
2017-10-27 15:15:00,1509097500,547.42,549.2,545.01,546.56,12570
2017-10-30 09:15:00,1509335100,548,553.27,547.99,550.01,23255
2017-10-30 10:15:00,1509338700,550.01,551.2,548.6,549.01,7425
2017-10-30 11:15:00,1509342300,549.01,549.99,548.62,548.62,4935
2017-10-30 12:15:00,1509345900,548.62,556,548.23,551.83,67470
2017-10-30 13:15:00,1509349500,551.83,551.99,548.52,549.79,19785
2017-10-30 14:15:00,1509353100,549.79,551.96,546.52,547.8,177105
2017-10-30 15:15:00,1509356700,547.8,547.8,546,546,14225
2017-10-31 09:15:00,1509421500,546,551.8,546,547,12525
2017-10-31 10:15:00,1509425100,547,548.95,537.4,538,64130
2017-10-31 11:15:00,1509428700,538.01,546,538.01,541.2,32590
2017-10-31 12:15:00,1509432300,541.2,542.99,540,540,18095
2017-10-31 13:15:00,1509435900,540,542.5,539,539.6,18485
2017-10-31 14:15:00,1509439500,539.6,548,535,544.01,78305
2017-10-31 15:15:00,1509443100,544.01,547.19,542.21,545.18,21640
2017-11-01 09:15:00,1509507900,545.8,548.44,542.2,545,11415
2017-11-01 10:15:00,1509511500,545,547,544.4,545.1,3430
2017-11-01 11:15:00,1509515100,545.1,545.41,543,543.8,1945
2017-11-01 12:15:00,1509518700,543.8,544.86,542.32,542.32,2930
2017-11-01 13:15:00,1509522300,542.32,545.46,542.32,544.08,2690
2017-11-01 14:15:00,1509525900,544.08,545.6,542,542.6,6530
2017-11-01 15:15:00,1509529500,542.6,543,541,541,4970
2017-11-02 09:15:00,1509594300,546.38,546.38,542.46,543,8195
2017-11-02 10:15:00,1509597900,543,544.96,541,544.8,5300
2017-11-02 11:15:00,1509601500,544.8,544.8,540,541.9,8950
2017-11-02 12:15:00,1509605100,541.9,542.77,541,541.2,4275
2017-11-02 13:15:00,1509608700,541.2,542.66,541,541,7915
2017-11-02 14:15:00,1509612300,541,542,540.2,541,4520
2017-11-02 15:15:00,1509615900,541,541.2,540,540,7560
2017-11-03 09:15:00,1509680700,542.78,542.8,537.8,539.04,13255
2017-11-03 10:15:00,1509684300,539.04,539.8,538,538.07,6890
2017-11-03 11:15:00,1509687900,538.03,539.19,537.2,537.42,5260
2017-11-03 12:15:00,1509691500,537.42,539.59,537.3,537.61,4325
2017-11-03 13:15:00,1509695100,537.51,540,537.51,539.75,4435
2017-11-03 14:15:00,1509698700,539.75,539.98,537,538,16465
2017-11-03 15:15:00,1509702300,538,538,536.62,537,9445
2017-11-06 09:15:00,1509939900,537.6,538.11,533.81,535,9710
2017-11-06 10:15:00,1509943500,535,544,534.2,540.22,18460
2017-11-06 11:15:00,1509947100,540.22,541.8,540.01,540.01,4540
2017-11-06 12:15:00,1509950700,540.01,541.2,537.26,539,7340
2017-11-06 13:15:00,1509954300,539,540.2,538.01,539.6,6135
2017-11-06 14:15:00,1509957900,539.6,539.99,537.2,537.83,7010
2017-11-06 15:15:00,1509961500,537.82,540,537,539.59,5040
2017-11-07 09:15:00,1510026300,539.8,540.6,537,537.6,10710
2017-11-07 10:15:00,1510029900,537.6,537.99,535,536.03,5460
2017-11-07 11:15:00,1510033500,536.03,538,536.03,537.01,2360
2017-11-07 12:15:00,1510037100,537.01,537.92,533.4,533.65,9350
2017-11-07 13:15:00,1510040700,533.65,534.79,532.01,532.41,4510
2017-11-07 14:15:00,1510044300,532.41,534.39,530,530.8,9490
2017-11-07 15:15:00,1510047900,530.8,537,530,537,24260
2017-11-08 09:15:00,1510112700,532.21,537,530.2,531.99,16470
2017-11-08 10:15:00,1510116300,531.99,535.59,531.99,534.4,7340
2017-11-08 11:15:00,1510119900,534.4,536.79,534,536.19,6855
2017-11-08 12:15:00,1510123500,536.19,541.76,536.19,539.13,14135
2017-11-08 13:15:00,1510127100,539.13,539.49,536,537.2,6040
2017-11-08 14:15:00,1510130700,537.54,537.99,535.73,537.84,8370
2017-11-08 15:15:00,1510134300,537.84,537.84,535,535,5185
2017-11-09 09:15:00,1510199100,532.6,544,532.6,541.9,19030
2017-11-09 10:15:00,1510202700,541.9,542.24,536.6,538,5595
2017-11-09 11:15:00,1510206300,538,539.98,537.27,539.08,4680
2017-11-09 12:15:00,1510209900,539.08,539.78,536.01,539.72,5715
2017-11-09 13:15:00,1510213500,539.72,539.99,536.81,539.35,5895
2017-11-09 14:15:00,1510217100,539.35,539.37,534.81,536.53,19645
2017-11-09 15:15:00,1510220700,536.53,536.92,532,532.19,6315
2017-11-10 09:15:00,1510285500,531.8,538.19,531.8,537.98,11755
2017-11-10 10:15:00,1510289100,537.98,537.98,536.6,537.98,7810
2017-11-10 11:15:00,1510292700,537.98,538.56,536,538.55,9205
2017-11-10 12:15:00,1510296300,538.55,538.6,537.21,538.39,8255
2017-11-10 13:15:00,1510299900,538.39,542.78,536,539.39,31355
2017-11-10 14:15:00,1510303500,539.39,540,536.2,540,14740
2017-11-10 15:15:00,1510307100,540,540,536,536.11,5615
2017-11-13 09:15:00,1510544700,539,539.98,536.69,537,3675
2017-11-13 10:15:00,1510548300,537,542,537,538,11650
2017-11-13 11:15:00,1510551900,538.57,540.2,538,540.2,12430
2017-11-13 12:15:00,1510555500,540.2,543,539.38,543,10605
2017-11-13 13:15:00,1510559100,543,543.93,541,542.94,10210
2017-11-13 14:15:00,1510562700,543.58,545,539.6,541.64,29500
2017-11-13 15:15:00,1510566300,542.4,542.6,539.2,539.21,4875
2017-11-14 09:15:00,1510631100,537.36,545.99,537.36,543,10520
2017-11-14 10:15:00,1510634700,543,545,542,544,12545
2017-11-14 11:15:00,1510638300,544,546.4,543.2,544.6,12945
2017-11-14 12:15:00,1510641900,544.6,547,544.05,546.8,11530
2017-11-14 13:15:00,1510645500,546.8,547,545.27,546.51,11185
2017-11-14 14:15:00,1510649100,546.51,550,543,545.4,23120
2017-11-14 15:15:00,1510652700,545.4,547.92,544.1,546,8370
2017-11-15 09:15:00,1510717500,550,553.91,536,537.82,40940
2017-11-15 10:15:00,1510721100,537.82,538.6,533,536.8,18550
2017-11-15 11:15:00,1510724700,536.8,538.99,536,538.6,6810
2017-11-15 12:15:00,1510728300,538.55,540.99,538.4,539.8,10825
2017-11-15 13:15:00,1510731900,539.8,540.4,536,537,14185
2017-11-15 14:15:00,1510735500,537,537.2,534.2,534.8,9455
2017-11-15 15:15:00,1510739100,534.72,540.39,534.72,539.2,44215
2017-11-16 09:15:00,1510803900,540,546,540,541.7,16925
2017-11-16 10:15:00,1510807500,541.7,542.8,541.01,541.55,2895
2017-11-16 11:15:00,1510811100,541.55,546.8,540.2,545,42770
2017-11-16 12:15:00,1510814700,545,546.8,543.02,543.02,21885
2017-11-16 13:15:00,1510818300,543,548.8,541,544.79,60650
2017-11-16 14:15:00,1510821900,544.79,554.8,538.22,554.16,864570
2017-11-16 15:15:00,1510825500,555,558.8,551.14,555,169505
2017-11-17 09:15:00,1510890300,554.8,565,550.63,558.02,257775
2017-11-17 10:15:00,1510893900,558.02,559.4,552.4,558.56,64465
2017-11-17 11:15:00,1510897500,558.56,558.79,554,558.56,22880
2017-11-17 12:15:00,1510901100,558.56,559,557.8,558,13765
2017-11-17 13:15:00,1510904700,558,579.8,557.02,577.8,434855
2017-11-17 14:15:00,1510908300,577.8,577.8,570.25,574.8,267440
2017-11-17 15:15:00,1510911900,574.8,583.6,574,580.6,184200
2017-11-20 09:15:00,1511149500,581.4,586.8,572.01,581.8,124295
2017-11-20 10:15:00,1511153100,581.8,595,579.8,593.3,276445
2017-11-20 11:15:00,1511156700,593.3,616.3,593.3,614.6,830565
2017-11-20 12:15:00,1511160300,614.6,620.79,610.4,615.32,290080
2017-11-20 13:15:00,1511163900,615.02,615.32,610.02,612,90895
2017-11-20 14:15:00,1511167500,612,626.8,612,623.97,309145
2017-11-20 15:15:00,1511171100,623.97,627,623,625,115705
2017-11-21 09:15:00,1511235900,626.8,634.8,608.5,630.8,443500
2017-11-21 10:15:00,1511239500,630.4,633,621.96,625.45,155230
2017-11-21 11:15:00,1511243100,625.45,627.6,620.2,625,106720
2017-11-21 12:15:00,1511246700,625,631.8,622.4,625,47475
2017-11-21 13:15:00,1511250300,625,627.64,624.33,625.59,52545
2017-11-21 14:15:00,1511253900,625.59,625.59,612.1,617.76,104265
2017-11-21 15:15:00,1511257500,617.76,619.2,617.3,617.8,41655
2017-11-22 09:15:00,1511322300,620.71,623.8,602.89,607,95830
2017-11-22 10:15:00,1511325900,607,608.34,603.14,607.8,21525
2017-11-22 11:15:00,1511329500,607.8,611.6,605.01,611.17,21200
2017-11-22 12:15:00,1511333100,611.17,619.2,610,619.2,59265
2017-11-22 13:15:00,1511336700,620,627.6,617.82,627.19,143265
2017-11-22 14:15:00,1511340300,627.26,628.86,618.33,620.63,93525
2017-11-22 15:15:00,1511343900,620.68,622.2,619.6,620.18,33085
2017-11-23 09:15:00,1511408700,620.06,628,614.87,625.02,135190
2017-11-23 10:15:00,1511412300,625.02,628,622.52,627.76,59480
2017-11-23 11:15:00,1511415900,627.76,635.76,627,633.99,180245
2017-11-23 12:15:00,1511419500,633.15,634.98,624.2,627.18,91975
2017-11-23 13:15:00,1511423100,627.18,634.6,626,633.6,51080
2017-11-23 14:15:00,1511426700,633.6,643,632.62,637,229620
2017-11-23 15:15:00,1511430300,636.81,643,636,640,90915
2017-11-24 09:15:00,1511495100,640.64,642,630.2,640.17,93765
2017-11-24 10:15:00,1511498700,639.6,641,633.6,635.4,44300
2017-11-24 11:15:00,1511502300,634.4,635.38,634,634.91,13885
2017-11-24 12:15:00,1511505900,635.34,647.6,634.9,643,112035
2017-11-24 13:15:00,1511509500,643,649,638.01,648.14,64450
2017-11-24 14:15:00,1511513100,648.14,649.8,643.2,646.57,65925
2017-11-24 15:15:00,1511516700,646.66,650,644.45,646.2,43750
2017-11-27 09:15:00,1511754300,644.2,658,640,654,157855
2017-11-27 10:15:00,1511757900,654,654.99,648.12,650,40800
2017-11-27 11:15:00,1511761500,650,652.78,649.64,652.78,10240
2017-11-27 12:15:00,1511765100,652.78,653,648.4,649.99,18700
2017-11-27 13:15:00,1511768700,649.99,658.64,648.4,656,46695
2017-11-27 14:15:00,1511772300,656,659.85,654.4,658.6,78655
2017-11-27 15:15:00,1511775900,658.6,660,656.29,660,93290
2017-11-28 09:15:00,1511840700,659,666.66,658,664.02,107205
2017-11-28 10:15:00,1511844300,664.02,669.8,663.42,666.29,83330
2017-11-28 11:15:00,1511847900,666.29,672.76,665,672,92060
2017-11-28 12:15:00,1511851500,672,673.87,669,672,51200
2017-11-28 13:15:00,1511855100,672,676.16,672,672.67,89865
2017-11-28 14:15:00,1511858700,672.67,675.4,671,673,62575
2017-11-28 15:15:00,1511862300,673.2,676.8,668,669,83525
2017-11-29 09:15:00,1511927100,672.2,677.99,671.02,672.8,70310
2017-11-29 10:15:00,1511930700,672.8,676.97,671,676.38,38870
2017-11-29 11:15:00,1511934300,676.38,678.8,676,676.98,24620
2017-11-29 12:15:00,1511937900,676.86,687.99,676,682.01,174910
2017-11-29 13:15:00,1511941500,682.01,685.6,680,682.4,37300
2017-11-29 14:15:00,1511945100,682.4,699.98,680.4,689,324535
2017-11-29 15:15:00,1511948700,689,690.94,684.2,689.8,60005
2017-11-30 09:15:00,1512013500,687,704,684,697.99,171710
2017-11-30 10:15:00,1512017100,697.99,711.18,695.4,707.37,187240
2017-11-30 11:15:00,1512020700,707.37,710.2,704.01,705.2,92620
2017-11-30 12:15:00,1512024300,705.2,706.01,703,703.44,32165
2017-11-30 13:15:00,1512027900,703.44,708.8,702.4,705.99,58905
2017-11-30 14:15:00,1512031500,705.99,708.4,700,704,88230
2017-11-30 15:15:00,1512035100,702.89,706.2,702.4,706,50355
2017-12-01 09:15:00,1512099900,706,719.2,707.8,715.4,112140
2017-12-01 10:15:00,1512103500,715.4,724.76,713.11,717.6,101910
2017-12-01 11:15:00,1512107100,717.14,724,716,716.6,53260
2017-12-01 12:15:00,1512110700,716.6,718,710.41,715.64,32560
2017-12-01 13:15:00,1512114300,715.64,716.12,704.81,709.4,51810
2017-12-01 14:15:00,1512117900,709,709.4,673.21,681.89,155445
2017-12-01 15:15:00,1512121500,681.49,681.94,674,676.4,38685
2017-12-04 09:15:00,1512359100,682.4,698.66,667.51,693,104355
2017-12-04 10:15:00,1512362700,693,694.75,688.4,689.8,18700
2017-12-04 11:15:00,1512366300,689.8,691.2,686.02,689.1,12275
2017-12-04 12:15:00,1512369900,689.1,690.8,686.58,687.21,6305
2017-12-04 13:15:00,1512373500,687.21,688.59,685.63,687.59,24660
2017-12-04 14:15:00,1512377100,687.59,689,676.22,679.95,66425
2017-12-04 15:15:00,1512380700,679.95,680,670.21,673.8,34535
2017-12-05 09:15:00,1512445500,678,684.98,672,682.19,82850
2017-12-05 10:15:00,1512449100,682.19,685,677,679.02,28100
2017-12-05 11:15:00,1512452700,679.02,680,678.4,678.4,7135
2017-12-05 12:15:00,1512456300,678.4,681.58,676.66,676.66,6360
2017-12-05 13:15:00,1512459900,676.66,684.19,672.4,681.05,45655
2017-12-05 14:15:00,1512463500,681.05,683.6,678.4,680.2,28570
2017-12-05 15:15:00,1512467100,680.2,682,673.99,680,33050
2017-12-06 09:15:00,1512531900,674,699,674,688.01,76115
2017-12-06 10:15:00,1512535500,688.4,691,686.21,688.59,11240
2017-12-06 11:15:00,1512539100,688.59,689,682.02,683.41,17275
2017-12-06 12:15:00,1512542700,683.41,685.58,683.02,683.41,6950
2017-12-06 13:15:00,1512546300,683.99,689.4,683.01,688,15280
2017-12-06 14:15:00,1512549900,688,695,682.71,683.2,42550
2017-12-06 15:15:00,1512553500,683.2,690.99,682,689.03,24655
2017-12-07 09:15:00,1512618300,694.8,696,691,694,30195
2017-12-07 10:15:00,1512621900,694,702,693.4,698.8,64240
2017-12-07 11:15:00,1512625500,698.8,698.8,696,696.64,14070
2017-12-07 12:15:00,1512629100,696.64,698.79,695.01,696,12270
2017-12-07 13:15:00,1512632700,696,698.78,693.62,698.01,7630
2017-12-07 14:15:00,1512636300,698.01,698.8,696.03,697.59,17825
2017-12-07 15:15:00,1512639900,697.59,707,697.4,702.16,35880
2017-12-08 09:15:00,1512704700,706,713.8,707.2,711.4,28380
2017-12-08 10:15:00,1512708300,711.4,715.08,709.2,709.4,25815
2017-12-08 11:15:00,1512711900,709.4,711.59,707.6,708.5,15830
2017-12-08 12:15:00,1512715500,708.5,711,708,708.81,8820
2017-12-08 13:15:00,1512719100,708.81,709.8,708.2,709.6,6635
2017-12-08 14:15:00,1512722700,708.41,709.4,700,703,29960
2017-12-08 15:15:00,1512726300,703,705.99,698.19,698.19,16720
2017-12-11 09:15:00,1512963900,706.02,709.65,702.5,704,19325
2017-12-11 10:15:00,1512967500,704,704.99,692.65,698.59,25305
2017-12-11 11:15:00,1512971100,698.59,699.15,695.4,697.8,6115
2017-12-11 12:15:00,1512974700,697.8,699.15,694.2,694.4,5020
2017-12-11 13:15:00,1512978300,694.4,699.15,694.02,695.91,4440
2017-12-11 14:15:00,1512981900,695.91,696.54,690,690.79,17220
2017-12-11 15:15:00,1512985500,690.79,692.39,687.4,687.4,14395
2017-12-12 09:15:00,1513050300,693.4,693.6,686,686,27980
2017-12-12 10:15:00,1513053900,686,687.2,679.03,681.42,22170
2017-12-12 11:15:00,1513057500,681.42,685.99,681.25,683.98,8880
2017-12-12 12:15:00,1513061100,683.98,684.8,682.4,683.99,3250
2017-12-12 13:15:00,1513064700,683.99,683.99,678.01,679,5605
2017-12-12 14:15:00,1513068300,679,683,674.2,675.6,26895
2017-12-12 15:15:00,1513071900,675.6,676,670.2,671.04,17210
2017-12-13 09:15:00,1513136700,674,679.2,672.8,675.65,15995
2017-12-13 10:15:00,1513140300,675.65,683.53,672.4,680.4,15790
2017-12-13 11:15:00,1513143900,680,681.6,678,678.8,5355
2017-12-13 12:15:00,1513147500,678.01,678.86,677.98,678,9750
2017-12-13 13:15:00,1513151100,678,678.74,667.99,667.99,20945
2017-12-13 14:15:00,1513154700,667.99,671.39,648,656,56100
2017-12-13 15:15:00,1513158300,656,657.99,648.22,653,20085
2017-12-14 09:15:00,1513223100,657.59,657.79,642.41,648.79,26060
2017-12-14 10:15:00,1513226700,648.8,651.99,645,645.63,11920
2017-12-14 11:15:00,1513230300,645.63,648.09,642.62,646.21,12385
2017-12-14 12:15:00,1513233900,646.21,647.6,645.7,646.58,4625
2017-12-14 13:15:00,1513237500,646.58,646.58,644,645,1755
2017-12-14 14:15:00,1513241100,645,646.99,643.6,643.6,8010
2017-12-14 15:15:00,1513244700,643.6,645.49,636,641.02,18235
2017-12-15 09:15:00,1513309500,646,654,641.78,644.45,35035
2017-12-15 10:15:00,1513313100,644.45,646.4,642.23,643.48,9385
2017-12-15 11:15:00,1513316700,643.48,646.4,641.36,646,7270
2017-12-15 12:15:00,1513320300,646,662.83,645.63,651,162375
2017-12-15 13:15:00,1513323900,651,654,648.01,651.88,33230
2017-12-15 14:15:00,1513327500,651.88,653.19,642,642.38,26125
2017-12-15 15:15:00,1513331100,642.02,642.02,628,630.4,32260
2017-12-18 09:15:00,1513568700,637,695.33,632,680.08,230940
2017-12-18 10:15:00,1513572300,681.18,682.94,675.98,680.88,54540
2017-12-18 11:15:00,1513575900,680.88,687.6,678.01,684.2,58100
2017-12-18 12:15:00,1513579500,684.2,686,681.01,683.98,13140
2017-12-18 13:15:00,1513583100,683.98,688.99,680.5,684.4,31935
2017-12-18 14:15:00,1513586700,684.4,711.02,683.1,703,193860
2017-12-18 15:15:00,1513590300,703,704.94,698.42,701,79110
2017-12-19 09:15:00,1513655100,708,726.47,709.02,716,237425
2017-12-19 10:15:00,1513658700,716,719.41,714.02,718.4,38835
2017-12-19 11:15:00,1513662300,718.4,722.4,716.6,720.65,34300
2017-12-19 12:15:00,1513665900,720.56,725,718,721,69080
2017-12-19 13:15:00,1513669500,721,726.9,719.77,722,41780
2017-12-19 14:15:00,1513673100,722,731.1,721.81,725.61,141670
2017-12-19 15:15:00,1513676700,725.99,727.01,722,724.26,47415
2017-12-20 09:15:00,1513741500,730.24,780.14,728.22,762.54,546025
2017-12-20 10:15:00,1513745100,762.54,779.59,762.44,773.78,131250
2017-12-20 11:15:00,1513748700,773.32,774.8,767.08,768.6,85585
2017-12-20 12:15:00,1513752300,768.6,769.58,758.31,764.01,103835
2017-12-20 13:15:00,1513755900,764.2,765.2,759.19,760.42,69245
2017-12-20 14:15:00,1513759500,760.42,771.54,760.2,768.35,110305
2017-12-20 15:15:00,1513763100,768.35,770,765,767.2,102645
2017-12-21 09:15:00,1513827900,775.8,777.8,764,768.41,151145
2017-12-21 10:15:00,1513831500,768.41,775.6,768.35,772.21,67480
2017-12-21 11:15:00,1513835100,772.2,774.6,769.01,770.8,70160
2017-12-21 12:15:00,1513838700,770.8,773,769.41,769.99,9630
2017-12-21 13:15:00,1513842300,769.99,772.4,765.01,766.54,18545
2017-12-21 14:15:00,1513845900,765.82,770.2,765,769.79,32115
2017-12-21 15:15:00,1513849500,769.79,775,768.03,775,41445
2017-12-22 09:15:00,1513914300,776.6,789.76,770.66,783.54,111410
2017-12-22 10:15:00,1513917900,783.58,797,783,791.86,120400
2017-12-22 11:15:00,1513921500,791.86,792.28,787,789.03,75890
2017-12-22 12:15:00,1513925100,789.03,790.2,788.41,789.38,18860
2017-12-22 13:15:00,1513928700,789.38,789.75,784.8,787,28835
2017-12-22 14:15:00,1513932300,787,816.8,785,814.6,205895
2017-12-22 15:15:00,1513935900,814.65,816.8,807,808.8,106225
2017-12-26 09:15:00,1514259900,812,848,812.4,846.01,432425
2017-12-26 10:15:00,1514263500,846.01,876,837,856.95,487680
2017-12-26 11:15:00,1514267100,856.95,859.8,850.16,854.8,76970
2017-12-26 12:15:00,1514270700,854.8,855,846.02,849.8,82405
2017-12-26 13:15:00,1514274300,849.8,867.54,846.02,863,162825
2017-12-26 14:15:00,1514277900,863,898.8,860.22,887.98,621955
2017-12-26 15:15:00,1514281500,887.45,887.8,863.06,867,202850
2017-12-27 09:15:00,1514346300,872,871.8,852.15,859,352135
2017-12-27 10:15:00,1514349900,859,863.59,854,856.54,63960
2017-12-27 11:15:00,1514353500,856.54,858.25,853.4,855.4,46560
2017-12-27 12:15:00,1514357100,855.4,857.99,853.4,855.37,30260
2017-12-27 13:15:00,1514360700,855.38,865.6,855.05,857.32,70700
2017-12-27 14:15:00,1514364300,857.32,857.79,819.41,842,202585
2017-12-27 15:15:00,1514367900,842,845,840,843.97,58290
2017-12-28 09:15:00,1514432700,851.76,885.6,848.9,864.58,539020
2017-12-28 10:15:00,1514436300,864.51,868.01,856.2,856.21,146820
2017-12-28 11:15:00,1514439900,856.21,861,853.12,855.07,68560
2017-12-28 12:15:00,1514443500,855.07,860,851.5,857.03,59795
2017-12-28 13:15:00,1514447100,857.03,865.59,854,855.65,75355
2017-12-28 14:15:00,1514450700,855.65,860,854,857.32,77485
2017-12-28 15:15:00,1514454300,856.4,859.99,848,849,78525
2017-12-29 09:15:00,1514519100,856.6,868,840,850.4,119220
2017-12-29 10:15:00,1514522700,850,850,845,848.98,14295
2017-12-29 11:15:00,1514526300,848.98,865.8,847.03,862.78,93685
2017-12-29 12:15:00,1514529900,862.78,862.78,852,855.56,32515
2017-12-29 13:15:00,1514533500,855.56,856.46,843,844,51345
2017-12-29 14:15:00,1514537100,844,845,829.02,829.8,94295
2017-12-29 15:15:00,1514540700,829.8,851.87,828.2,841,90150
2018-01-01 09:15:00,1514778300,846,859,840.4,848.18,82585
2018-01-01 10:15:00,1514781900,848.18,851.39,846.2,846.28,11535
2018-01-01 11:15:00,1514785500,846.28,850,846.01,848.4,8650
2018-01-01 12:15:00,1514789100,848.4,849.56,843.4,845.8,11465
2018-01-01 13:15:00,1514792700,845.8,846.76,842,845.38,12155
2018-01-01 14:15:00,1514796300,845.38,847.34,828.4,841.66,45580
2018-01-01 15:15:00,1514799900,841.66,842,837.81,840.02,21165
2018-01-02 09:15:00,1514864700,845.8,851,828.21,829.21,69670
2018-01-02 10:15:00,1514868300,829,835.06,828.42,833.4,15000
2018-01-02 11:15:00,1514871900,833.4,836,831.02,836,6930
2018-01-02 12:15:00,1514875500,836,840,831.02,832.79,27795
2018-01-02 13:15:00,1514879100,832.79,837,830.01,831.25,19360
2018-01-02 14:15:00,1514882700,831.25,833,823.06,829.8,40555
2018-01-02 15:15:00,1514886300,828,830,824,825,20275
2018-01-03 09:15:00,1514951100,849,856.8,840,843,159710
2018-01-03 10:15:00,1514954700,843,847,842.06,843,28610
2018-01-03 11:15:00,1514958300,843,843,841,842,32565
2018-01-03 12:15:00,1514961900,842,842.02,836,841.19,46465
2018-01-03 13:15:00,1514965500,841.19,842.46,838,842.01,35360
2018-01-03 14:15:00,1514969100,842.01,842.02,834.63,840.36,55960
2018-01-03 15:15:00,1514972700,840.35,842,838.2,840,51925
2018-01-04 09:15:00,1515037500,844.4,846,832.25,833.02,47760
2018-01-04 10:15:00,1515041100,833.41,835,833,834.03,11240
2018-01-04 11:15:00,1515044700,834.99,835.02,833,834.99,153065
2018-01-04 12:15:00,1515048300,834.99,835.07,833.25,835,16300
2018-01-04 13:15:00,1515051900,835,835.07,834,834.8,11610
2018-01-04 14:15:00,1515055500,834.8,834.8,824.8,825,88040
2018-01-04 15:15:00,1515059100,824.98,824.98,820.66,823.77,37080
2018-01-05 09:15:00,1515123900,827.4,834.8,821,831.41,65340
2018-01-05 10:15:00,1515127500,831.41,831.41,822,825.76,15580
2018-01-05 11:15:00,1515131100,825.76,825.76,816.2,817.2,39405
2018-01-05 12:15:00,1515134700,817.2,817.2,815,817.2,11960
2018-01-05 13:15:00,1515138300,817.2,817.2,815.31,816,5720
2018-01-05 14:15:00,1515141900,816,817.2,814.2,816.49,18695
2018-01-05 15:15:00,1515145500,816.04,816.8,810.01,815,32645
2018-01-08 09:15:00,1515383100,816.4,836,810,833,86425
2018-01-08 10:15:00,1515386700,833,833.94,823,828.95,30270
2018-01-08 11:15:00,1515390300,828.95,828.95,822,823.65,10500
2018-01-08 12:15:00,1515393900,823.65,825,822.4,824.66,7770
2018-01-08 13:15:00,1515397500,824.66,825.07,820.79,820.99,8515
2018-01-08 14:15:00,1515401100,820.8,823,815,815.96,29790
2018-01-08 15:15:00,1515404700,815.61,818,814,815.2,18085
2018-01-09 09:15:00,1515469500,821.6,821.6,812,813.99,32625
2018-01-09 10:15:00,1515473100,813.99,829.98,812,821.2,39000
2018-01-09 11:15:00,1515476700,820.6,821.4,811,815.7,15325
2018-01-09 12:15:00,1515480300,815.7,815.7,811,813.8,6440
2018-01-09 13:15:00,1515483900,813.8,814.6,810.07,811.92,9285
2018-01-09 14:15:00,1515487500,811.92,812.74,810,810.25,11885
2018-01-09 15:15:00,1515491100,810.25,812,808,810,18705
2018-01-10 09:15:00,1515555900,813.56,813.6,802.81,808.5,28085
2018-01-10 10:15:00,1515559500,808,808.98,805.4,807.98,6465
2018-01-10 11:15:00,1515563100,807.98,809,806.2,806.2,11620
2018-01-10 12:15:00,1515566700,806.2,813.59,804.2,809.65,18610
2018-01-10 13:15:00,1515570300,809.65,821.8,808,808.02,61985
2018-01-10 14:15:00,1515573900,808.02,810.39,806.1,808.01,20430
2018-01-10 15:15:00,1515577500,808.39,809.8,800.2,802,27925
2018-01-11 09:15:00,1515642300,802,804.8,791.4,794.41,37520
2018-01-11 10:15:00,1515645900,795,796.18,786.22,789.39,60870
2018-01-11 11:15:00,1515649500,789.39,790.92,787.99,788.42,34955
2018-01-11 12:15:00,1515653100,788.42,790.15,788.4,789.01,7095
2018-01-11 13:15:00,1515656700,789.01,789.93,778,782.82,57420
2018-01-11 14:15:00,1515660300,782.82,785.99,778,781.51,64785
2018-01-11 15:15:00,1515663900,781.5,782,776,777.8,44700
2018-01-12 09:15:00,1515728700,786,786,773.46,777,45830
2018-01-12 10:15:00,1515732300,777,780,774.6,775.98,14720
2018-01-12 11:15:00,1515735900,775.98,775.98,772,774.57,13030
2018-01-12 12:15:00,1515739500,774.57,775.19,760,767.02,43360
2018-01-12 13:15:00,1515743100,767.02,769,765.6,765.99,7855
2018-01-12 14:15:00,1515746700,764.2,768,764.2,767.91,16435
2018-01-12 15:15:00,1515750300,767.91,773.99,767,770,21535
2018-01-15 09:15:00,1515987900,768.8,784,761.4,777.8,67365
2018-01-15 10:15:00,1515991500,777.8,791,777.15,780,91735
2018-01-15 11:15:00,1515995100,780,782,774.41,777.8,13775
2018-01-15 12:15:00,1515998700,777.8,778,771.28,772,10220
2018-01-15 13:15:00,1516002300,772.01,776,766,767,27910
2018-01-15 14:15:00,1516005900,767,767,756.2,756.4,45125
2018-01-15 15:15:00,1516009500,758.01,761,756.4,759.51,29580
2018-01-16 09:15:00,1516074300,762.98,765.2,749,752.79,53025
2018-01-16 10:15:00,1516077900,752.79,752.8,735,735.92,61660
2018-01-16 11:15:00,1516081500,735.92,743,734.2,740.41,56550
2018-01-16 12:15:00,1516085100,740.41,742.9,736.61,738,22705
2018-01-16 13:15:00,1516088700,738,743,736.87,742.78,22920
2018-01-16 14:15:00,1516092300,742.78,747.2,738,740,55090
2018-01-16 15:15:00,1516095900,740,742,738,739.59,18500
2018-01-17 09:15:00,1516160700,741,741,716,716.85,71240
2018-01-17 10:15:00,1516164300,716.85,728.94,715.64,725.76,163050
2018-01-17 11:15:00,1516167900,725.76,731.35,724,728,64990
2018-01-17 12:15:00,1516171500,728,728.35,723.74,724.74,29365
2018-01-17 13:15:00,1516175100,726,728.2,723.02,726,65895
2018-01-17 14:15:00,1516178700,726,740,724.93,728.01,182845
2018-01-17 15:15:00,1516182300,728.01,733.2,724,725,44970
2018-01-18 09:15:00,1516247100,730,768.83,729.99,756.21,205130
2018-01-18 10:15:00,1516250700,756.21,781.41,755.22,773.67,147900
2018-01-18 11:15:00,1516254300,773.67,780.06,767.6,773.2,75380
2018-01-18 12:15:00,1516257900,773.2,775.78,772.33,773.38,49980
2018-01-18 13:15:00,1516261500,773.38,774,753.26,758.62,115450
2018-01-18 14:15:00,1516265100,758.62,760,748.99,758.13,75975
2018-01-18 15:15:00,1516268700,758.13,761.6,758,760,40700
2018-01-19 09:15:00,1516333500,755.97,767.26,750,766.4,60650
2018-01-19 10:15:00,1516337100,766.4,778,761.33,763,58950
2018-01-19 11:15:00,1516340700,763,763,756.6,760,21190
2018-01-19 12:15:00,1516344300,760,762.87,759.01,760,31560
2018-01-19 13:15:00,1516347900,760,762.87,759.88,762.43,34170
2018-01-19 14:15:00,1516351500,762.44,769,761,763,31015
2018-01-19 15:15:00,1516355100,763,768.4,762.02,768,32555
2018-01-22 09:15:00,1516592700,771.78,777,758.12,773.41,36320
2018-01-22 10:15:00,1516596300,773.41,774,771,773,11905
2018-01-22 11:15:00,1516599900,773,774,768.61,773.84,6815
2018-01-22 12:15:00,1516603500,773.84,773.84,760.02,767.6,12465
2018-01-22 13:15:00,1516607100,767.6,767.99,764,767.39,4360
2018-01-22 14:15:00,1516610700,767.39,769,766,767.4,6935
2018-01-22 15:15:00,1516614300,767.4,770,756.2,760,25245
2018-01-23 09:15:00,1516679100,765,770,760.8,764.25,19720
2018-01-23 10:15:00,1516682700,764.25,765.99,753.82,757.8,25415
2018-01-23 11:15:00,1516686300,757.8,759.4,754,759,14830
2018-01-23 12:15:00,1516689900,759,761.39,758.06,759,11090
2018-01-23 13:15:00,1516693500,759,760.59,756,759,178650
2018-01-23 14:15:00,1516697100,759,760.98,755,758.97,18915
2018-01-23 15:15:00,1516700700,758.97,761.8,754.4,761,15185
2018-01-24 09:15:00,1516765500,752.2,757.98,745.21,750.39,26770
2018-01-24 10:15:00,1516769100,750.4,752,748,751.8,7365
2018-01-24 11:15:00,1516772700,751.8,754,748.23,751.4,5755
2018-01-24 12:15:00,1516776300,752.39,752.8,750,751.77,4535
2018-01-24 13:15:00,1516779900,751.8,752.4,750,750.06,3035
2018-01-24 14:15:00,1516783500,750.06,751.78,747.6,750.4,21495
2018-01-24 15:15:00,1516787100,750.4,755.6,750.4,751.16,11880
2018-01-25 09:15:00,1516851900,753.03,756,742.01,750.99,25025
2018-01-25 10:15:00,1516855500,750.99,751.19,750,750,4025
2018-01-25 11:15:00,1516859100,750,770,750,764.79,49720
2018-01-25 12:15:00,1516862700,764.79,767.48,759.99,761.34,10690
2018-01-25 13:15:00,1516866300,761.34,765,759.8,759.8,5850
2018-01-25 14:15:00,1516869900,759.8,764,759.8,762.73,10870
2018-01-25 15:15:00,1516873500,762.04,764,761,763.6,10075
2018-01-29 09:15:00,1517197500,770.33,773.39,764,765.35,12505
2018-01-29 10:15:00,1517201100,765.35,767.39,762.61,763.89,3375
2018-01-29 11:15:00,1517204700,763.89,766,762.33,765.18,3350
2018-01-29 12:15:00,1517208300,765.97,766,763.1,763.2,1375
2018-01-29 13:15:00,1517211900,763.2,763.7,756.41,761.06,97390
2018-01-29 14:15:00,1517215500,761.06,761.39,747.4,756.98,18695
2018-01-29 15:15:00,1517219100,756.98,759,752.22,758.99,7485
2018-01-30 09:15:00,1517283900,755,756,745,749,42230
2018-01-30 10:15:00,1517287500,749,751.5,748.2,750.8,51315
2018-01-30 11:15:00,1517291100,750.8,752.4,750,750,2915
2018-01-30 12:15:00,1517294700,750,753,750,751,2260
2018-01-30 13:15:00,1517298300,751,753,750.61,752.06,3340
2018-01-30 14:15:00,1517301900,752.06,768.4,751.42,757.99,22445
2018-01-30 15:15:00,1517305500,757.99,766,754.28,755.4,8505
2018-01-31 09:15:00,1517370300,758,758,749,754.22,9105
2018-01-31 10:15:00,1517373900,754.22,756,752,752.4,4675
2018-01-31 11:15:00,1517377500,752.8,767,752,764.16,23240
2018-01-31 12:15:00,1517381100,764.26,765.8,751.21,754.41,22900
2018-01-31 13:15:00,1517384700,754.41,755,743.91,750,13290
2018-01-31 14:15:00,1517388300,750,755,745.2,750.01,217440
2018-01-31 15:15:00,1517391900,750.01,755,750,750,12885
2018-02-01 09:15:00,1517456700,744,762,744.12,755.99,11025
2018-02-01 10:15:00,1517460300,755.99,756,751.2,756,4590
2018-02-01 11:15:00,1517463900,756,756.01,751.21,753.65,6960
2018-02-01 12:15:00,1517467500,753.65,765.68,750.61,761.99,21810
2018-02-01 13:15:00,1517471100,761,835.01,757.6,817.08,339005
2018-02-01 14:15:00,1517474700,817.79,820.6,756.13,761,218135
2018-02-01 15:15:00,1517478300,761.01,765.99,751.45,759,52525
2018-02-02 09:15:00,1517543100,759.72,775.09,744.28,759.8,67155
2018-02-02 10:15:00,1517546700,759.8,760,730,738.4,82460
2018-02-02 11:15:00,1517550300,738.4,744,738,739.55,13780
2018-02-02 12:15:00,1517553900,739.55,745,735.01,743.01,13030
2018-02-02 13:15:00,1517557500,743.01,745.8,740,742.52,10035
2018-02-02 14:15:00,1517561100,742.52,744.4,734,738.39,24025
2018-02-02 15:15:00,1517564700,738.39,740,735,736.42,16115
2018-02-05 09:15:00,1517802300,729.8,728.2,710,718,27480
2018-02-05 10:15:00,1517805900,718,725.99,717,719.2,12895
2018-02-05 11:15:00,1517809500,719.2,726,719,726,7365
2018-02-05 12:15:00,1517813100,727.19,749.99,724,739.07,38175
2018-02-05 13:15:00,1517816700,739.07,742.91,732.14,734,14530
2018-02-05 14:15:00,1517820300,734,738,730.82,734,11130
2018-02-05 15:15:00,1517823900,734,748,734,738,16475
2018-02-06 09:15:00,1517888700,689.4,736,682.81,716.1,68340
2018-02-06 10:15:00,1517892300,716.1,718.87,710,716.32,38835
2018-02-06 11:15:00,1517895900,716.32,726,714.2,720,22640
2018-02-06 12:15:00,1517899500,720,728.66,718.02,722.27,21065
2018-02-06 13:15:00,1517903100,721.54,729.2,718.2,728,19970
2018-02-06 14:15:00,1517906700,728.38,737,721.63,726.03,35805
2018-02-06 15:15:00,1517910300,726.03,728.39,720,723.8,10990
2018-02-07 09:15:00,1517975100,738,752,738,747.84,35965
2018-02-07 10:15:00,1517978700,747.84,777.8,745,768.44,99835
2018-02-07 11:15:00,1517982300,768.44,769,765,766.91,27980
2018-02-07 12:15:00,1517985900,766.91,780,764.03,774,35870
2018-02-07 13:15:00,1517989500,774,780,767.2,769.01,55980
2018-02-07 14:15:00,1517993100,769.01,769.6,766,767.9,26145
2018-02-07 15:15:00,1517996700,767.9,775.39,766.43,770.01,31200
2018-02-08 09:15:00,1518061500,775.8,776,724,726.6,179140
2018-02-08 10:15:00,1518065100,727.36,731,726,729.11,60550
2018-02-08 11:15:00,1518068700,729.11,730,717.06,717.4,42835
2018-02-08 12:15:00,1518072300,729.14,729.18,723.02,723.7,95465
2018-02-08 13:15:00,1518075900,723.7,726.37,716,719.8,33870
2018-02-08 14:15:00,1518079500,719.8,719.93,703.03,705.99,105705
2018-02-08 15:15:00,1518083100,705.44,705.8,697.99,698,81555
2018-02-09 09:15:00,1518147900,692,690.01,662.2,676.81,157910
2018-02-09 10:15:00,1518151500,677.54,687.6,676,686.96,45640
2018-02-09 11:15:00,1518155100,686.96,715.15,683.8,698.44,154725
2018-02-09 12:15:00,1518158700,698.44,700,690.64,693.4,24455
2018-02-09 13:15:00,1518162300,693.4,694.8,684.52,690.04,31020
2018-02-09 14:15:00,1518165900,690.06,695,683.2,693.38,40225
2018-02-09 15:15:00,1518169500,694.23,698,686,690.4,34105
2018-02-12 09:15:00,1518407100,705,710,696.56,700.81,53640
2018-02-12 10:15:00,1518410700,700.81,702.4,696,699.11,17900
2018-02-12 11:15:00,1518414300,699.11,700,696,698.12,6520
2018-02-12 12:15:00,1518417900,698.43,700,698.02,698.38,3110
2018-02-12 13:15:00,1518421500,698.94,699.71,690.4,696.25,19180
2018-02-12 14:15:00,1518425100,696,697,686.82,688.99,32670
2018-02-12 15:15:00,1518428700,689,690,685,686.86,18995
2018-02-14 09:15:00,1518579900,693.15,696.8,680.32,687,47380
2018-02-14 10:15:00,1518583500,687,691,681.22,683.22,17360
2018-02-14 11:15:00,1518587100,683.22,684,668.41,677.8,30800
2018-02-14 12:15:00,1518590700,677.8,679.8,674.95,679.67,8090
2018-02-14 13:15:00,1518594300,679.23,680,676.82,677.6,8415
2018-02-14 14:15:00,1518597900,678.4,679.85,670.02,670.82,17130
2018-02-14 15:15:00,1518601500,670.82,673.63,670,670,17180
2018-02-15 09:15:00,1518666300,671.8,679,668.42,670.58,36890
2018-02-15 10:15:00,1518669900,670.58,670.8,660.01,665,18485
2018-02-15 11:15:00,1518673500,665,667,661,664.01,9305
2018-02-15 12:15:00,1518677100,664.01,665.39,661.03,662.2,5600
2018-02-15 13:15:00,1518680700,662.2,663.2,661.2,662.99,6490
2018-02-15 14:15:00,1518684300,662.99,662.99,656,656.8,19550
2018-02-15 15:15:00,1518687900,656.8,658,654.6,654.6,13370
2018-02-16 09:15:00,1518752700,659.8,664.88,642.4,645.4,50615
2018-02-16 10:15:00,1518756300,645.4,650.57,645.01,647.73,15160
2018-02-16 11:15:00,1518759900,647.73,648.77,644,644.99,12495
2018-02-16 12:15:00,1518763500,644.99,645,644,644.61,16635
2018-02-16 13:15:00,1518767100,644.61,645.59,643,645,18535
2018-02-16 14:15:00,1518770700,645.19,646,643,644,12010
2018-02-16 15:15:00,1518774300,644,645,640.2,644,15605
2018-02-19 09:15:00,1519011900,653.8,649.99,625.2,632.4,61340
2018-02-19 10:15:00,1519015500,632.4,649.59,632.4,637.1,36705
2018-02-19 11:15:00,1519019100,637.1,637.66,631.03,632.77,8240
2018-02-19 12:15:00,1519022700,632.77,634.2,630,630.4,17620
2018-02-19 13:15:00,1519026300,630,631.78,622.02,627.48,26705
2018-02-19 14:15:00,1519029900,627.48,635,625,632.51,16625
2018-02-19 15:15:00,1519033500,632.51,636,628,628.8,13480
2018-02-20 09:15:00,1519098300,631.22,643,631.19,640.52,41760
2018-02-20 10:15:00,1519101900,640.52,640.52,633,634.2,9060
2018-02-20 11:15:00,1519105500,634,634.55,622.04,628.61,20400
2018-02-20 12:15:00,1519109100,628.61,632.99,627,630.4,8655
2018-02-20 13:15:00,1519112700,630.4,630.63,623.44,628,8005
2018-02-20 14:15:00,1519116300,627.6,628.8,622,624,13910
2018-02-20 15:15:00,1519119900,623.6,625,620,620.8,11605
2018-02-21 09:15:00,1519184700,627.94,643,624.21,638.99,128060
2018-02-21 10:15:00,1519188300,638.99,644.6,636.55,638.61,78760
2018-02-21 11:15:00,1519191900,638.61,640.99,634,635.71,30125
2018-02-21 12:15:00,1519195500,635.71,639.77,635.71,637.95,19255
2018-02-21 13:15:00,1519199100,637.6,642,637.2,640.6,34440
2018-02-21 14:15:00,1519202700,641.03,649.56,639.8,645.6,56180
2018-02-21 15:15:00,1519206300,645.42,647.43,643.23,646.2,28790
2018-02-22 09:15:00,1519271100,645.8,645.8,634,641.8,26190
2018-02-22 10:15:00,1519274700,641.8,645.15,640,645,14825
2018-02-22 11:15:00,1519278300,645,653.8,641.01,651,60210
2018-02-22 12:15:00,1519281900,651,651,644.8,646,12405
2018-02-22 13:15:00,1519285500,646,649,645.8,648,2795
2018-02-22 14:15:00,1519289100,648,650,642.4,649,13580
2018-02-22 15:15:00,1519292700,649,658,648.6,656,22485
2018-02-23 09:15:00,1519357500,653.18,665,654.78,661.48,30230
2018-02-23 10:15:00,1519361100,661.48,662.4,660,660.3,6450
2018-02-23 11:15:00,1519364700,660.3,667,656.43,659.16,31160
2018-02-23 12:15:00,1519368300,659.16,663.87,659.16,663.87,9980
2018-02-23 13:15:00,1519371900,663.87,663.87,660,661.4,6160
2018-02-23 14:15:00,1519375500,661.4,661.94,656,658.18,12840
2018-02-23 15:15:00,1519379100,658.18,659.12,653,653.2,11975
2018-02-26 09:15:00,1519616700,660,662.02,657.45,661,16660
2018-02-26 10:15:00,1519620300,661.23,676,661,671.6,44595
2018-02-26 11:15:00,1519623900,671.6,672.5,671,671.6,8510
2018-02-26 12:15:00,1519627500,671.57,675,671.4,672,8390
2018-02-26 13:15:00,1519631100,672,674,671.61,672,5170
2018-02-26 14:15:00,1519634700,672,682.8,672,675,45135
2018-02-26 15:15:00,1519638300,675,675,672,674,15615
2018-02-27 09:15:00,1519703100,676,683.2,674.32,678,31020
2018-02-27 10:15:00,1519706700,678,681.98,677.4,679.71,14700
2018-02-27 11:15:00,1519710300,679.71,682.4,679.19,681.58,5135
2018-02-27 12:15:00,1519713900,681.58,685,678.78,680.2,30075
2018-02-27 13:15:00,1519717500,680.2,688,680.2,686.6,26540
2018-02-27 14:15:00,1519721100,686.42,694.4,686,692.53,53315
2018-02-27 15:15:00,1519724700,693,693.2,689.97,692.4,17130
2018-02-28 09:15:00,1519789500,689.6,697.79,680,695,36260
2018-02-28 10:15:00,1519793100,695,699.6,690.4,692.99,18260
2018-02-28 11:15:00,1519796700,692.99,693.54,690.02,691.04,4450
2018-02-28 12:15:00,1519800300,690.99,696.03,690.4,692.6,9960
2018-02-28 13:15:00,1519803900,692.6,694.78,692,694.22,3960
2018-02-28 14:15:00,1519807500,695,695.97,690,690,12750
2018-02-28 15:15:00,1519811100,690.69,692.96,690,691,11630
2018-03-01 09:15:00,1519875900,697.4,699,691.61,695.13,17720
2018-03-01 10:15:00,1519879500,695.13,699,694,696,6585
2018-03-01 11:15:00,1519883100,696,696.79,695.8,696,6540
2018-03-01 12:15:00,1519886700,696,698.8,696,698,8515
2018-03-01 13:15:00,1519890300,698,726.21,698,712,154910
2018-03-01 14:15:00,1519893900,712,715.95,706.12,708.26,37870
2018-03-01 15:15:00,1519897500,708.76,711,706,711,20445
2018-03-05 09:15:00,1520221500,707.38,706.54,694,699,19490
2018-03-05 10:15:00,1520225100,699,709.36,696,699.6,19535
2018-03-05 11:15:00,1520228700,699.79,701.98,694.8,699.59,4905
2018-03-05 12:15:00,1520232300,699.59,700.4,694,696.98,6860
2018-03-05 13:15:00,1520235900,696.98,701,696.54,699.4,2095
2018-03-05 14:15:00,1520239500,699.4,700.58,694,695.2,9280
2018-03-05 15:15:00,1520243100,695.2,696.6,694,694.4,6660
2018-03-06 09:15:00,1520307900,698,709.8,698.82,704.19,12710
2018-03-06 10:15:00,1520311500,704.19,704.19,699.11,700.98,5930
2018-03-06 11:15:00,1520315100,700.98,707.4,700.98,703.29,8110
2018-03-06 12:15:00,1520318700,703.29,705.66,703.17,705.39,1990
2018-03-06 13:15:00,1520322300,705.39,706.97,703,705.7,9365
2018-03-06 14:15:00,1520325900,705.7,706.79,704.41,705.79,27155
2018-03-06 15:15:00,1520329500,705.01,705.8,700.25,700.8,15295
2018-03-07 09:15:00,1520394300,701,702.01,695,699.2,17880
2018-03-07 10:15:00,1520397900,699,700,694.18,696.4,6485
2018-03-07 11:15:00,1520401500,696.4,696.8,686.2,691.92,8195
2018-03-07 12:15:00,1520405100,691.92,694.78,689.99,692.91,7935
2018-03-07 13:15:00,1520408700,692.91,696,692.02,694.98,279830
2018-03-07 14:15:00,1520412300,694.98,699,693,695,10025
2018-03-07 15:15:00,1520415900,695,697.6,694,696.4,8640
2018-03-08 09:15:00,1520480700,702,706,696,697.99,31905
2018-03-08 10:15:00,1520484300,697.99,698,681,682.7,15370
2018-03-08 11:15:00,1520487900,683.37,683.79,678.97,681,17980
2018-03-08 12:15:00,1520491500,681,682.68,680.12,680.12,3495
2018-03-08 13:15:00,1520495100,680.05,682.4,680.05,681,3000
2018-03-08 14:15:00,1520498700,680.6,690.88,680.6,690,20995
2018-03-08 15:15:00,1520502300,690,694.4,690,692,10870
2018-03-09 09:15:00,1520567100,699.4,699.38,684.4,694.93,13455
2018-03-09 10:15:00,1520570700,694.93,694.93,692.29,692.94,1790
2018-03-09 11:15:00,1520574300,692.94,694.4,690.02,693.38,10780
2018-03-09 12:15:00,1520577900,692.61,694.8,691.53,694.8,2740
2018-03-09 13:15:00,1520581500,695,696,694,694.6,4205
2018-03-09 14:15:00,1520585100,695.2,696.39,690,690.02,74405
2018-03-09 15:15:00,1520588700,690.82,691.59,689.98,690,8285
2018-03-12 09:15:00,1520826300,695,696.65,690,691.4,8910
2018-03-12 10:15:00,1520829900,691.4,694,681.6,686.22,15500
2018-03-12 11:15:00,1520833500,686.22,687.34,685.37,686.2,1665
2018-03-12 12:15:00,1520837100,686.2,688,685,687.4,6475
2018-03-12 13:15:00,1520840700,687.4,688,685,687.8,3310
2018-03-12 14:15:00,1520844300,687.8,695.39,687.08,692.32,10655
2018-03-12 15:15:00,1520847900,692.65,693.8,690.21,691.8,6860
2018-03-13 09:15:00,1520912700,698.8,708.64,695,708.04,66700
2018-03-13 10:15:00,1520916300,708.04,708.56,698.69,702.42,27750
2018-03-13 11:15:00,1520919900,702.42,702.89,694.7,699.33,30620
2018-03-13 12:15:00,1520923500,699.33,700,696.99,698,10610
2018-03-13 13:15:00,1520927100,698,700,694,694.55,33560
2018-03-13 14:15:00,1520930700,694.55,698.6,693.6,698.2,11040
2018-03-13 15:15:00,1520934300,698.2,702.89,696.8,700,10975
2018-03-14 09:15:00,1520999100,698.39,700,690.2,695.86,6410
2018-03-14 10:15:00,1521002700,695.86,696.8,692,694.4,2885
2018-03-14 11:15:00,1521006300,694.4,695,690,692,11100
2018-03-14 12:15:00,1521009900,692,693.18,690.49,692.98,2270
2018-03-14 13:15:00,1521013500,692.1,693.4,690.2,691,1485
2018-03-14 14:15:00,1521017100,690.4,709,690.22,701.4,21630
2018-03-14 15:15:00,1521020700,701.4,703.13,697,699.8,4365
2018-03-15 09:15:00,1521085500,697,704,697,700.76,6935
2018-03-15 10:15:00,1521089100,700.76,701.2,694.11,696,5070
2018-03-15 11:15:00,1521092700,696,696,690.2,694,13270
2018-03-15 12:15:00,1521096300,694,696,692.42,693.2,1480
2018-03-15 13:15:00,1521099900,694.46,696,692,692,30700
2018-03-15 14:15:00,1521103500,691.99,696,690.2,692.6,16720
2018-03-15 15:15:00,1521107100,692.6,694.99,691.58,692,17185
2018-03-16 09:15:00,1521171900,697.6,697.6,690.02,691.46,8415
2018-03-16 10:15:00,1521175500,692.26,693.1,690,691.21,4845
2018-03-16 11:15:00,1521179100,690,691.73,690,691.02,1865
2018-03-16 12:15:00,1521182700,690.36,691.15,690,690.01,995
2018-03-16 13:15:00,1521186300,690.01,693,690,690.83,1540
2018-03-16 14:15:00,1521189900,690.83,691.98,690,690.84,4550
2018-03-16 15:15:00,1521193500,690.84,690.88,682.2,690,9380
2018-03-19 09:15:00,1521431100,694.85,695.95,689.54,689.54,9985
2018-03-19 10:15:00,1521434700,689.54,689.54,681,682.97,15695
2018-03-19 11:15:00,1521438300,682.97,682.98,680.7,682.87,6375
2018-03-19 12:15:00,1521441900,682.87,682.88,680.6,681.2,8245
2018-03-19 13:15:00,1521445500,681.2,682.4,680.6,681.58,5335
2018-03-19 14:15:00,1521449100,681.58,685,679.93,679.98,11560
2018-03-19 15:15:00,1521452700,679.98,681.6,677.41,679.25,6225
2018-03-20 09:15:00,1521517500,676.89,679,670.6,678,6360
2018-03-20 10:15:00,1521521100,678.01,678.49,672.01,672.65,12350
2018-03-20 11:15:00,1521524700,672.65,673.11,664.4,669,14005
2018-03-20 12:15:00,1521528300,668.99,669.66,664,664.99,5350
2018-03-20 13:15:00,1521531900,664.99,666.65,659.02,660,11155
2018-03-20 14:15:00,1521535500,660,660.2,656.3,657,107045
2018-03-20 15:15:00,1521539100,657,661.38,656.2,659,12630
2018-03-21 09:15:00,1521603900,663.03,670,662,665.6,8995
2018-03-21 10:15:00,1521607500,665.6,666.05,664.02,665.71,3055
2018-03-21 11:15:00,1521611100,665.71,665.73,661.6,664.78,11485
2018-03-21 12:15:00,1521614700,664.78,665.63,660.61,661.2,15900
2018-03-21 13:15:00,1521618300,661.28,661.79,656,656,6340
2018-03-21 14:15:00,1521621900,656,656.2,650.19,653,6560
2018-03-21 15:15:00,1521625500,653.01,676,653.01,654.4,35350
2018-03-22 09:15:00,1521690300,666.55,666.55,657.57,658.24,11495
2018-03-22 10:15:00,1521693900,658.24,660.42,656,656.97,3165
2018-03-22 11:15:00,1521697500,656.97,657.6,656,656.2,1395
2018-03-22 12:15:00,1521701100,656.2,657.2,655,655.6,1295
2018-03-22 13:15:00,1521704700,656.25,656.25,650.6,650.63,7685
2018-03-22 14:15:00,1521708300,651.44,652.79,647,650.3,8095
2018-03-22 15:15:00,1521711900,650.29,679.6,643,657,26720
2018-03-23 09:15:00,1521776700,640.3,648,640.3,643.81,15570
2018-03-23 10:15:00,1521780300,644.13,652,642.47,647.01,13255
2018-03-23 11:15:00,1521783900,647.01,649.96,639,641.29,17190
2018-03-23 12:15:00,1521787500,641.29,643,639.03,639.8,13175
2018-03-23 13:15:00,1521791100,640.71,642.18,639.8,641.2,7230
2018-03-23 14:15:00,1521794700,641.2,644,640,644,10445
2018-03-23 15:15:00,1521798300,644,645.3,635.5,636,7735
2018-03-26 09:15:00,1522035900,639.92,640,630.64,630.64,12735
2018-03-26 10:15:00,1522039500,630.64,631.49,625,629.2,10685
2018-03-26 11:15:00,1522043100,629.2,635.2,627.5,634.01,18310
2018-03-26 12:15:00,1522046700,634.01,639.99,629.4,639.28,14570
2018-03-26 13:15:00,1522050300,639.28,639.99,635,637.61,12605
2018-03-26 14:15:00,1522053900,637.61,650,636.02,650,50890
2018-03-26 15:15:00,1522057500,650,658,649.8,654,16240
2018-03-27 09:15:00,1522122300,655.4,663.4,655.4,657.2,11750
2018-03-27 10:15:00,1522125900,657.2,658.49,654.4,656.01,5365
2018-03-27 11:15:00,1522129500,656.01,659,652.23,656.25,3700
2018-03-27 12:15:00,1522133100,656.25,658.4,655.25,656.21,1630
2018-03-27 13:15:00,1522136700,656.31,658,655.03,655.52,1380
2018-03-27 14:15:00,1522140300,655.4,655.4,650.3,651.45,5310
2018-03-27 15:15:00,1522143900,651.45,660,650.4,650.6,6715
2018-03-28 09:15:00,1522208700,653.8,657.99,646.51,650.5,11390
2018-03-28 10:15:00,1522212300,650.5,650.92,647.4,648,4790
2018-03-28 11:15:00,1522215900,647.6,648,646.11,648,2140
2018-03-28 12:15:00,1522219500,648,650,647.09,649.98,6480
2018-03-28 13:15:00,1522223100,649.98,650.5,649.4,650.02,14860
2018-03-28 14:15:00,1522226700,649.67,657,636,657,26920
2018-03-28 15:15:00,1522230300,657,666.2,657,666,17485
2018-04-02 09:15:00,1522640700,658.4,668,650.02,656,15855
2018-04-02 10:15:00,1522644300,656,658.51,653.55,653.99,16110
2018-04-02 11:15:00,1522647900,653.99,654,645,647,22915
2018-04-02 12:15:00,1522651500,647,651.59,644.2,645.97,19365
2018-04-02 13:15:00,1522655100,645.97,649,642.2,645.6,21240
2018-04-02 14:15:00,1522658700,645.6,648.6,644.69,648.2,9355
2018-04-02 15:15:00,1522662300,648.2,652.99,646,651,20465
2018-04-03 09:15:00,1522727100,654.02,661.95,652.96,655.78,12895
2018-04-03 10:15:00,1522730700,655.78,655.79,651.03,651.03,6410
2018-04-03 11:15:00,1522734300,651.02,653.46,649.36,649.4,9235
2018-04-03 12:15:00,1522737900,649.4,665,649.36,656.2,45280
2018-04-03 13:15:00,1522741500,656.2,656.49,650,655.2,7000
2018-04-03 14:15:00,1522745100,655.2,661.38,654.46,660.8,9230
2018-04-03 15:15:00,1522748700,660.8,661.4,657.2,660.8,15345
2018-04-04 09:15:00,1522813500,665.99,669,656.47,664.01,11030
2018-04-04 10:15:00,1522817100,664.01,665,662.53,663.6,5575
2018-04-04 11:15:00,1522820700,663.6,663.8,660,663.01,3950
2018-04-04 12:15:00,1522824300,663.68,663.98,663,663.8,2290
2018-04-04 13:15:00,1522827900,663.41,670,660.43,667.12,21210
2018-04-04 14:15:00,1522831500,667.12,673.6,665.27,670.04,19070
2018-04-04 15:15:00,1522835100,670.04,671.48,669,669.99,7100
2018-04-05 09:15:00,1522899900,673.77,696.4,674.96,696,76145
2018-04-05 10:15:00,1522903500,696,696.6,687.95,690.68,47225
2018-04-05 11:15:00,1522907100,690.86,698.22,687,695.77,22685
2018-04-05 12:15:00,1522910700,695.77,705,693.01,701,30550
2018-04-05 13:15:00,1522914300,701.57,780.98,701,774.09,520180
2018-04-05 14:15:00,1522917900,771.75,788.68,719.03,721.26,637030
2018-04-05 15:15:00,1522921500,721.6,730,711.01,730,157500
2018-04-06 09:15:00,1522986300,727.8,732,705.48,711.39,145650
2018-04-06 10:15:00,1522989900,711.39,716.8,707,710.99,30070
2018-04-06 11:15:00,1522993500,710.99,716.99,709,715,13065
2018-04-06 12:15:00,1522997100,715,715.39,707.07,709.81,13290
2018-04-06 13:15:00,1523000700,709.81,713.41,702,705.88,29335
2018-04-06 14:15:00,1523004300,705.88,710,703.76,709.6,18870
2018-04-06 15:15:00,1523007900,709.6,711.6,708,709,21490
2018-04-09 09:15:00,1523245500,713.6,752.54,712.92,737.21,220985
2018-04-09 10:15:00,1523249100,737.2,738,730.2,732.14,26240
2018-04-09 11:15:00,1523252700,732.14,735.67,729.6,733.3,25860
2018-04-09 12:15:00,1523256300,733.3,744.4,733.3,735.95,33145
2018-04-09 13:15:00,1523259900,735.95,737,734,735.27,6775
2018-04-09 14:15:00,1523263500,734.52,739,731,735.36,29060
2018-04-09 15:15:00,1523267100,736.7,736.7,726,730.34,32655
2018-04-10 09:15:00,1523331900,733.8,740.7,724,729.59,42015
2018-04-10 10:15:00,1523335500,729.59,732,724.6,729.22,9045
2018-04-10 11:15:00,1523339100,729.22,730,726.41,729.79,6565
2018-04-10 12:15:00,1523342700,729.79,729.9,726.6,726.6,3045
2018-04-10 13:15:00,1523346300,726.6,733.32,726.42,731.08,7130
2018-04-10 14:15:00,1523349900,730,735.94,726.4,730.15,20940
2018-04-10 15:15:00,1523353500,730.15,731.19,721.99,726.4,15880
2018-04-11 09:15:00,1523418300,731.99,731.99,716.02,718.79,27365
2018-04-11 10:15:00,1523421900,718.8,723.6,718,722.2,5855
2018-04-11 11:15:00,1523425500,722.2,723.39,718.01,720,2475
2018-04-11 12:15:00,1523429100,720,721.85,719.2,720.89,1365
2018-04-11 13:15:00,1523432700,720.6,744,720.6,731.2,72465
2018-04-11 14:15:00,1523436300,731.2,731.2,726.34,731.19,11645
2018-04-11 15:15:00,1523439900,731.2,733.36,726,727,10480
2018-04-12 09:15:00,1523504700,733.8,738,725,731.79,20135
2018-04-12 10:15:00,1523508300,731.79,731.79,725.41,729.8,9345
2018-04-12 11:15:00,1523511900,729.8,732,728,730.32,3000
2018-04-12 12:15:00,1523515500,730.32,731.25,727.4,727.72,2535
2018-04-12 13:15:00,1523519100,727.72,727.72,721.07,723.2,13070
2018-04-12 14:15:00,1523522700,722,723,718,719.6,11555
2018-04-12 15:15:00,1523526300,720,723.6,718.22,720.4,10670
2018-04-13 09:15:00,1523591100,720.2,732,720.2,727.2,16490
2018-04-13 10:15:00,1523594700,727.2,729.35,726.8,727.62,2945
2018-04-13 11:15:00,1523598300,727.7,729.4,725.11,725.11,5045
2018-04-13 12:15:00,1523601900,725.11,727.59,720.6,720.8,9155
2018-04-13 13:15:00,1523605500,720.8,723.6,720.21,720.24,6935
2018-04-13 14:15:00,1523609100,720.24,725,715.05,720.54,45745
2018-04-13 15:15:00,1523612700,720.54,720.58,715.6,716,12915
2018-04-16 09:15:00,1523850300,711.98,719.6,710.61,716,9490
2018-04-16 10:15:00,1523853900,716,716.6,715.2,715.4,4640
2018-04-16 11:15:00,1523857500,715.4,715.48,712,712.98,1965
2018-04-16 12:15:00,1523861100,712.98,719.48,712,714.68,4975
2018-04-16 13:15:00,1523864700,714.68,720,712.2,714.4,14095
2018-04-16 14:15:00,1523868300,714.4,718.4,706.4,708.4,17475
2018-04-16 15:15:00,1523871900,708.4,709.01,706,706,5965
2018-04-17 09:15:00,1523936700,711.01,714.1,710.6,712.62,9560
2018-04-17 10:15:00,1523940300,712.62,712.62,696,699.52,20200
2018-04-17 11:15:00,1523943900,699.52,701,686.2,688.62,31710
2018-04-17 12:15:00,1523947500,688.62,690.82,685.05,689.2,24895
2018-04-17 13:15:00,1523951100,689.2,690.2,687.8,688,20550
2018-04-17 14:15:00,1523954700,688,690.9,688,689,20215
2018-04-17 15:15:00,1523958300,689,689.4,686,687,15075
2018-04-18 09:15:00,1524023100,691.2,703.78,683,688.6,34135
2018-04-18 10:15:00,1524026700,688.6,693,686.4,692.85,5190
2018-04-18 11:15:00,1524030300,692.85,693,687.94,690.82,4405
2018-04-18 12:15:00,1524033900,690.82,692.16,689.39,690.8,2135
2018-04-18 13:15:00,1524037500,690.8,692.39,689.56,690.01,9965
2018-04-18 14:15:00,1524041100,690.01,693.1,689,691.34,14260
2018-04-18 15:15:00,1524044700,691.8,692,683,690.4,13985
2018-04-19 09:15:00,1524109500,690.6,697.98,687.65,687.74,15470
2018-04-19 10:15:00,1524113100,684.49,688.88,684.2,688,6185
2018-04-19 11:15:00,1524116700,688,688,685.8,686.77,2045
2018-04-19 12:15:00,1524120300,686.14,686.54,682.41,684,6350
2018-04-19 13:15:00,1524123900,684,685.6,682,684,5460
2018-04-19 14:15:00,1524127500,684,691.08,682.01,686.01,8210
2018-04-19 15:15:00,1524131100,686.01,688,683,683,8080
2018-04-20 09:15:00,1524195900,681.02,690.5,681.02,685.48,12500
2018-04-20 10:15:00,1524199500,685.59,686,681.29,684.16,6845
2018-04-20 11:15:00,1524203100,684.16,685,681.41,682,6265
2018-04-20 12:15:00,1524206700,682,684.4,682,682.08,1700
2018-04-20 13:15:00,1524210300,682.08,685.6,682,684.04,2520
2018-04-20 14:15:00,1524213900,684.02,686,676.2,682,11470
2018-04-20 15:15:00,1524217500,682,682,674.21,676.8,6895
2018-04-23 09:15:00,1524455100,679,703.2,679,693,30850
2018-04-23 10:15:00,1524458700,693.2,693.58,688,690.61,7960
2018-04-23 11:15:00,1524462300,690.35,695.1,687.59,690.01,8470
2018-04-23 12:15:00,1524465900,690.01,690.01,683.6,684,8580
2018-04-23 13:15:00,1524469500,684,686.1,682.1,682.79,7900
2018-04-23 14:15:00,1524473100,682.79,687.6,682,684.79,5895
2018-04-23 15:15:00,1524476700,684.79,684.98,680.6,680.8,8885
2018-04-24 09:15:00,1524541500,685.6,688.83,681.99,682.71,7945
2018-04-24 10:15:00,1524545100,682.71,697.8,681.4,692,46545
2018-04-24 11:15:00,1524548700,692,694.98,688.17,690.4,6085
2018-04-24 12:15:00,1524552300,690.4,691.55,686.8,689.08,7255
2018-04-24 13:15:00,1524555900,689.1,692,688.02,689.3,4625
2018-04-24 14:15:00,1524559500,689.99,689.99,684.3,686,8570
2018-04-24 15:15:00,1524563100,686,688,683.6,684,6280
2018-04-25 09:15:00,1524627900,687.79,695.8,684,685.95,19250
2018-04-25 10:15:00,1524631500,685.95,697.76,684.03,689.03,17435
2018-04-25 11:15:00,1524635100,689.03,694.95,688.6,693.16,6820
2018-04-25 12:15:00,1524638700,693.16,693.16,687.2,688.73,5555
2018-04-25 13:15:00,1524642300,688.98,689,678.21,681.42,12260
2018-04-25 14:15:00,1524645900,682,685,676,679.21,12220
2018-04-25 15:15:00,1524649500,679.21,680.81,673.99,677,9155
2018-04-26 09:15:00,1524714300,679.8,686.83,679.8,682.59,14330
2018-04-26 10:15:00,1524717900,682.61,693.2,682,690,35810
2018-04-26 11:15:00,1524721500,690,696.6,688.85,690.01,40460
2018-04-26 12:15:00,1524725100,690.57,693.73,690.01,690.23,5580
2018-04-26 13:15:00,1524728700,690.23,693.76,690.01,692.08,5090
2018-04-26 14:15:00,1524732300,692.08,694,690.02,690.2,14140
2018-04-26 15:15:00,1524735900,690.2,694,689.98,691.78,15825
2018-04-27 09:15:00,1524800700,694.4,710,690,704.21,63995
2018-04-27 10:15:00,1524804300,704.21,711.99,692.45,694.99,76315
2018-04-27 11:15:00,1524807900,694.99,697.39,692,695.02,10060
2018-04-27 12:15:00,1524811500,695.02,696.6,694,695.5,2615
2018-04-27 13:15:00,1524815100,695.5,695.5,693,694.2,3155
2018-04-27 14:15:00,1524818700,694.2,695.6,691.82,693,15425
2018-04-27 15:15:00,1524822300,693,695.8,691,692,14805
2018-04-30 09:15:00,1525059900,692,704.78,692,698.1,15850
2018-04-30 10:15:00,1525063500,698.1,700.93,696,696.41,4475
2018-04-30 11:15:00,1525067100,696.41,708,696.41,703.12,18955
2018-04-30 12:15:00,1525070700,703.12,710,700.22,708.89,57615
2018-04-30 13:15:00,1525074300,708.89,710,707,707.97,16520
2018-04-30 14:15:00,1525077900,708.06,732.21,706,725.04,123030
2018-04-30 15:15:00,1525081500,725.04,726.4,718.16,720.2,24800
2018-05-02 09:15:00,1525232700,720.1,724.11,711.02,713.6,20365
2018-05-02 10:15:00,1525236300,713.6,721,713.6,715.26,14775
2018-05-02 11:15:00,1525239900,715.26,726.3,713.24,720.9,14785
2018-05-02 12:15:00,1525243500,720.9,727.2,717.6,721.22,19015
2018-05-02 13:15:00,1525247100,721.22,722,714,714.6,13545
2018-05-02 14:15:00,1525250700,714.6,715.15,693.98,699,29730
2018-05-02 15:15:00,1525254300,699,699,696,697.99,6140
2018-05-03 09:15:00,1525319100,698,707.6,690.34,691.11,21675
2018-05-03 10:15:00,1525322700,691.11,696.49,690.2,692.61,4945
2018-05-03 11:15:00,1525326300,692.61,693.6,680.4,683.69,15000
2018-05-03 12:15:00,1525329900,683.69,687.39,683,686.8,3310
2018-05-03 13:15:00,1525333500,686.8,687.99,682.4,686.56,5580
2018-05-03 14:15:00,1525337100,687,687.22,684.44,686,9080
2018-05-03 15:15:00,1525340700,686,687,680.66,680.8,9655
2018-05-04 09:15:00,1525405500,684,692,681.13,691,15975
2018-05-04 10:15:00,1525409100,691,723.93,690,714.52,80865
2018-05-04 11:15:00,1525412700,714.52,719.38,713,719.38,29845
2018-05-04 12:15:00,1525416300,719.47,724.99,718.38,722,36855
2018-05-04 13:15:00,1525419900,722.4,738,721,725.8,107725
2018-05-04 14:15:00,1525423500,725,727,722.04,725.41,29805
2018-05-04 15:15:00,1525427100,725.41,727,722.51,725.4,22330
2018-05-07 09:15:00,1525664700,728.99,734.8,708.19,727.78,37605
2018-05-07 10:15:00,1525668300,727.79,746.21,727.71,739.99,54125
2018-05-07 11:15:00,1525671900,739.99,739.99,735,737.6,16490
2018-05-07 12:15:00,1525675500,737.6,739.58,735.01,737.2,54680
2018-05-07 13:15:00,1525679100,737.2,739.74,730.6,735.83,10865
2018-05-07 14:15:00,1525682700,735.83,737.6,733.78,734,11890
2018-05-07 15:15:00,1525686300,734,735.99,730.2,733.8,9160
2018-05-08 09:15:00,1525751100,736.74,742,730.71,736.33,19070
2018-05-08 10:15:00,1525754700,736.33,736.33,722,732.41,97800
2018-05-08 11:15:00,1525758300,732.41,733.99,731.2,732.03,5565
2018-05-08 12:15:00,1525761900,732,733,728,730,9500
2018-05-08 13:15:00,1525765500,730,733.98,728.24,733.98,7720
2018-05-08 14:15:00,1525769100,734.06,735.69,729.8,735.13,15335
2018-05-08 15:15:00,1525772700,735.08,735.99,734,734.4,8410
2018-05-09 09:15:00,1525837500,734.4,741.94,734.4,736.98,11505
2018-05-09 10:15:00,1525841100,736.98,737,735.96,736.65,3855
2018-05-09 11:15:00,1525844700,736.65,736.8,731,733.74,5200
2018-05-09 12:15:00,1525848300,733.05,735.33,732.28,735.24,2385
2018-05-09 13:15:00,1525851900,735.24,736.96,734,736.2,2365
2018-05-09 14:15:00,1525855500,736.2,739.21,731.76,739.2,11035
2018-05-09 15:15:00,1525859100,739.2,739.2,734.2,739,6180
2018-05-10 09:15:00,1525923900,739.8,739.8,730,732.88,7825
2018-05-10 10:15:00,1525927500,732.88,734.01,732,732.68,4680
2018-05-10 11:15:00,1525931100,732.68,734.6,731.77,731.77,26210
2018-05-10 12:15:00,1525934700,731.77,733.6,731.77,732,6980
2018-05-10 13:15:00,1525938300,732,733.19,731.84,732.97,4395
2018-05-10 14:15:00,1525941900,732.97,736,732,734.17,17095
2018-05-10 15:15:00,1525945500,734.17,734.17,726,732,8945
2018-05-11 09:15:00,1526010300,737,739,726.02,726.02,6465
2018-05-11 10:15:00,1526013900,726.02,729.76,722,728.8,3355
2018-05-11 11:15:00,1526017500,728.8,728.8,726.7,728,1055
2018-05-11 12:15:00,1526021100,728,728.15,726.72,726.76,430
2018-05-11 13:15:00,1526024700,726.91,729.54,725.14,729.54,1545
2018-05-11 14:15:00,1526028300,729.54,729.54,720.24,725.99,7985
2018-05-11 15:15:00,1526031900,725.99,726,718.2,720,4440
2018-05-14 09:15:00,1526269500,728,729.6,710.01,711.6,6980
2018-05-14 10:15:00,1526273100,711.6,730.16,710.65,720.82,13355
2018-05-14 11:15:00,1526276700,720.81,726.98,717.68,719.44,8490
2018-05-14 12:15:00,1526280300,719.44,722,715.34,720.97,8395
2018-05-14 13:15:00,1526283900,721,741.01,719.3,726.96,50160
2018-05-14 14:15:00,1526287500,726.96,735.75,723.02,734.8,34060
2018-05-14 15:15:00,1526291100,734.8,735.01,732,732.4,12750
2018-05-15 09:15:00,1526355900,739.6,739.6,729.4,736.29,13270
2018-05-15 10:15:00,1526359500,736.29,739.01,731.56,735.99,10830
2018-05-15 11:15:00,1526363100,735.71,738.6,729,732.31,10695
2018-05-15 12:15:00,1526366700,732.31,736,729.61,730.11,8070
2018-05-15 13:15:00,1526370300,730.11,735.1,726.31,733.15,10035
2018-05-15 14:15:00,1526373900,733.15,733.15,727.15,729.39,11340
2018-05-15 15:15:00,1526377500,729.39,730,724.02,724.02,7420
2018-05-16 09:15:00,1526442300,727,729.2,712.33,716.1,14515
2018-05-16 10:15:00,1526445900,716.1,723.58,716.1,717.82,3705
2018-05-16 11:15:00,1526449500,717.82,722.04,717.22,721.26,1655
2018-05-16 12:15:00,1526453100,721.26,725.97,719.53,722.14,5310
2018-05-16 13:15:00,1526456700,722.14,722.31,719.32,720.01,6815
2018-05-16 14:15:00,1526460300,720.01,733,720,733,10775
2018-05-16 15:15:00,1526463900,733,734,726.91,728,20775
2018-05-17 09:15:00,1526528700,726,734,722,724.22,8655
2018-05-17 10:15:00,1526532300,724.22,725.53,722,722.82,2005
2018-05-17 11:15:00,1526535900,722.82,730,722.4,729.39,8530
2018-05-17 12:15:00,1526539500,729.39,730,722.6,725,5980
2018-05-17 13:15:00,1526543100,725,725,723.98,724.2,7565
2018-05-17 14:15:00,1526546700,724.2,725.03,722.71,724.6,5675
2018-05-17 15:15:00,1526550300,724.6,729.02,720,721.6,10795
2018-05-18 09:15:00,1526615100,720.21,726.38,705.4,710.66,17510
2018-05-18 10:15:00,1526618700,710.66,711,709,710.41,7950
2018-05-18 11:15:00,1526622300,710.5,716,708.2,715.9,12200
2018-05-18 12:15:00,1526625900,715.9,720,713.55,720,19110
2018-05-18 13:15:00,1526629500,720,728.02,715.61,717.8,57750
2018-05-18 14:15:00,1526633100,717.8,717.8,712,713.99,30565
2018-05-18 15:15:00,1526636700,713.99,714.42,706.2,708.6,239610
2018-05-21 09:15:00,1526874300,717.2,717.2,703.04,705.99,6715
2018-05-21 10:15:00,1526877900,705.99,705.99,696.22,698.01,8695
2018-05-21 11:15:00,1526881500,698.01,699.8,693,693.33,4340
2018-05-21 12:15:00,1526885100,693.33,696.9,693.33,695.76,2280
2018-05-21 13:15:00,1526888700,695.76,696.8,693,693,2510
2018-05-21 14:15:00,1526892300,693,695.86,692,694.2,4145
2018-05-21 15:15:00,1526895900,694.2,698,690,690,3975
2018-05-22 09:15:00,1526960700,698,701.32,692.2,694.01,6220
2018-05-22 10:15:00,1526964300,694.27,697.57,693.6,696.65,2355
2018-05-22 11:15:00,1526967900,696.65,697.57,695.02,695.3,920
2018-05-22 12:15:00,1526971500,695.92,699,692.2,692.78,2950
2018-05-22 13:15:00,1526975100,692.78,696.2,690,690.13,3570
2018-05-22 14:15:00,1526978700,690.13,699,682.21,696.6,10490
2018-05-22 15:15:00,1526982300,696.6,697.59,686.01,688,5100
2018-05-23 09:15:00,1527047100,691.97,693.44,683,689,6610
2018-05-23 10:15:00,1527050700,688.53,689,687,688,905
2018-05-23 11:15:00,1527054300,690,690,686,688.31,1625
2018-05-23 12:15:00,1527057900,688.31,688.81,687.26,688.21,730
2018-05-23 13:15:00,1527061500,688.21,688.61,675,681.6,13020
2018-05-23 14:15:00,1527065100,681.6,683.67,677.91,678,6110
2018-05-23 15:15:00,1527068700,678,679,675.8,678.2,5265
2018-05-24 09:15:00,1527133500,686,688.8,680.2,681,7500
2018-05-24 10:15:00,1527137100,681,685.6,680.2,684.36,1965
2018-05-24 11:15:00,1527140700,684.36,685.23,684.01,684.02,775
2018-05-24 12:15:00,1527144300,684.74,684.74,678.4,681.58,3165
2018-05-24 13:15:00,1527147900,681.58,683,676.02,677.61,3600
2018-05-24 14:15:00,1527151500,677.61,680.2,676.84,679.98,3295
2018-05-24 15:15:00,1527155100,679.98,685.38,678.21,680.79,5730
2018-05-25 09:15:00,1527219900,685.59,687.98,680.81,685.6,7215
2018-05-25 10:15:00,1527223500,685.6,696,685,689.31,19400
2018-05-25 11:15:00,1527227100,689.27,690,687.4,688.96,3035
2018-05-25 12:15:00,1527230700,688.96,689.41,687.2,689.18,1850
2018-05-25 13:15:00,1527234300,689.18,693.6,686,689.8,21110
2018-05-25 14:15:00,1527237900,689.8,689.8,680,682.11,10945
2018-05-25 15:15:00,1527241500,682.11,686.76,681,682.8,6975
2018-05-28 09:15:00,1527479100,687.01,688.35,675,679.4,19310
2018-05-28 10:15:00,1527482700,679.4,687.93,677,678.49,15620
2018-05-28 11:15:00,1527486300,678.49,679.99,676.14,679.99,5140
2018-05-28 12:15:00,1527489900,679.99,707.59,677.65,699.74,42960
2018-05-28 13:15:00,1527493500,699.74,703.79,688,690,18365
2018-05-28 14:15:00,1527497100,690.6,692.91,682,684.9,50120
2018-05-28 15:15:00,1527500700,684.9,686.49,682,683.6,5665
2018-05-29 09:15:00,1527565500,684.8,688.2,683,684.75,6710
2018-05-29 10:15:00,1527569100,684.75,690.97,684.75,688.66,36320
2018-05-29 11:15:00,1527572700,688.66,688.66,684.03,684.41,2360
2018-05-29 12:15:00,1527576300,684.41,684.42,680.4,681.21,3870
2018-05-29 13:15:00,1527579900,681.21,682.94,679.19,682,5855
2018-05-29 14:15:00,1527583500,682,683,677,680,6400
2018-05-29 15:15:00,1527587100,680,684.02,678.2,679.01,13830
2018-05-30 09:15:00,1527651900,681.59,685,678.35,681.54,8940
2018-05-30 10:15:00,1527655500,681.54,683,680,680.12,2435
2018-05-30 11:15:00,1527659100,680.12,682.8,679.33,680.7,2745
2018-05-30 12:15:00,1527662700,681.01,681.01,679.4,681,1940
2018-05-30 13:15:00,1527666300,681,683.78,680.41,680.75,2020
2018-05-30 14:15:00,1527669900,680.75,683.2,679.83,682.48,3600
2018-05-30 15:15:00,1527673500,682.48,683.78,679.41,683.78,5210
2018-05-31 09:15:00,1527738300,685,686.65,680,682,11745
2018-05-31 10:15:00,1527741900,682,682.6,635,654,63155
2018-05-31 11:15:00,1527745500,654,659.09,644.4,650.02,23485
2018-05-31 12:15:00,1527749100,650.02,653,649.99,651.33,11210
2018-05-31 13:15:00,1527752700,650.4,653,646.02,648.02,10635
2018-05-31 14:15:00,1527756300,648.02,653,647.02,650,11800
2018-05-31 15:15:00,1527759900,650,653.78,647,652,13940
2018-06-01 09:15:00,1527824700,661.99,672,654.56,663.6,31125
2018-06-01 10:15:00,1527828300,663.6,665.6,661,664.34,3755
2018-06-01 11:15:00,1527831900,664.34,664.34,657.71,658,3315
2018-06-01 12:15:00,1527835500,658,661.69,653.03,653.05,2845
2018-06-01 13:15:00,1527839100,653.64,657.26,652,655.4,7445
2018-06-01 14:15:00,1527842700,655.4,660,650,651.79,14235
2018-06-01 15:15:00,1527846300,651.8,654,651.15,654,5160
2018-06-04 09:15:00,1528083900,662,665,652.6,653.99,20375
2018-06-04 10:15:00,1528087500,653.99,654.2,642.14,650.67,9545
2018-06-04 11:15:00,1528091100,650.67,652.25,646.31,651.35,5085
2018-06-04 12:15:00,1528094700,650.56,652.51,647,651.6,7115
2018-06-04 13:15:00,1528098300,651.6,651.63,647,649,4125
2018-06-04 14:15:00,1528101900,649,649.99,645.28,646.78,12005
2018-06-04 15:15:00,1528105500,646.78,647,645.01,646.31,10565
2018-06-05 09:15:00,1528170300,646,649.31,642.56,645.1,11100
2018-06-05 10:15:00,1528173900,645.1,647.2,633.05,636,12575
2018-06-05 11:15:00,1528177500,636,638.93,634,638,6920
2018-06-05 12:15:00,1528181100,638,638,634,634,10310
2018-06-05 13:15:00,1528184700,634,636.84,634,636,4790
2018-06-05 14:15:00,1528188300,636,637.78,630,637,19705
2018-06-05 15:15:00,1528191900,637,637.94,634.2,634.2,3860
2018-06-06 09:15:00,1528256700,636.2,645.74,628,641.4,14150
2018-06-06 10:15:00,1528260300,641.4,645.7,638,638.2,6020
2018-06-06 11:15:00,1528263900,638.2,641.81,638.19,639.44,1775
2018-06-06 12:15:00,1528267500,639.44,641.16,638.49,639.96,1150
2018-06-06 13:15:00,1528271100,639.96,640.99,638.61,640,1265
2018-06-06 14:15:00,1528274700,640,640.99,635,637.3,7270
2018-06-06 15:15:00,1528278300,636.6,639.48,636.2,637.76,4420
2018-06-07 09:15:00,1528343100,637.6,648.94,637.6,642.8,7770
2018-06-07 10:15:00,1528346700,642.8,646,642.31,644.4,3220
2018-06-07 11:15:00,1528350300,644.4,645,642.27,643.3,26910
2018-06-07 12:15:00,1528353900,643.3,644.61,639.25,642.67,6190
2018-06-07 13:15:00,1528357500,642.67,645.73,640.02,644.99,4670
2018-06-07 14:15:00,1528361100,644.99,645.31,637.18,641.31,11435
2018-06-07 15:15:00,1528364700,641.31,643,640.03,642.6,5600
2018-06-08 09:15:00,1528429500,646,646,637.12,637.76,11180
2018-06-08 10:15:00,1528433100,637.76,641.48,637.76,640,11510
2018-06-08 11:15:00,1528436700,640,641.14,639,639.02,2640
2018-06-08 12:15:00,1528440300,638.7,638.88,637.02,637.8,1310
2018-06-08 13:15:00,1528443900,638.12,638.21,637.2,637.6,3065
2018-06-08 14:15:00,1528447500,637.2,640,636,640,6325
2018-06-08 15:15:00,1528451100,640,640,636.6,636.6,4805
2018-06-11 09:15:00,1528688700,648,683.79,648,661.4,202600
2018-06-11 10:15:00,1528692300,661.4,663.8,660.64,662,52450
2018-06-11 11:15:00,1528695900,662,663,654,655.8,30260
2018-06-11 12:15:00,1528699500,655.8,657.55,649.34,650,20595
2018-06-11 13:15:00,1528703100,650,651,644.25,649.21,23535
2018-06-11 14:15:00,1528706700,649.21,650.2,640.2,641.92,28140
2018-06-11 15:15:00,1528710300,641.92,642,635.99,637.95,27785
2018-06-12 09:15:00,1528775100,644,647.97,636.01,645.2,23075
2018-06-12 10:15:00,1528778700,645,651.18,638,639.79,25550
2018-06-12 11:15:00,1528782300,639.79,642.37,638.6,641,5785
2018-06-12 12:15:00,1528785900,641,644.79,640,641.9,4875
2018-06-12 13:15:00,1528789500,641.9,649,641.05,645,5535
2018-06-12 14:15:00,1528793100,645,645.31,638.95,640.8,10705
2018-06-12 15:15:00,1528796700,640.8,642,638,639.6,9230
2018-06-13 09:15:00,1528861500,645.95,645.95,640.04,641.6,7035
2018-06-13 10:15:00,1528865100,641.6,643.56,641,642.23,2055
2018-06-13 11:15:00,1528868700,642.2,642.43,637.8,638.71,6700
2018-06-13 12:15:00,1528872300,638.71,639.17,636.01,638.39,2370
2018-06-13 13:15:00,1528875900,638.2,640.32,637.2,637.97,2715
2018-06-13 14:15:00,1528879500,637.97,640,637.18,637.34,4900
2018-06-13 15:15:00,1528883100,637.34,638.51,635,635,5070
2018-06-14 09:15:00,1528947900,639.34,639.34,635,635,11570
2018-06-14 10:15:00,1528951500,635.88,636.06,632,632.83,10225
2018-06-14 11:15:00,1528955100,632.83,633.44,628,631.94,11135
2018-06-14 12:15:00,1528958700,631.94,632.31,630.6,631.78,3670
2018-06-14 13:15:00,1528962300,631.79,632,630.2,632,7935
2018-06-14 14:15:00,1528965900,632,632,630,630.4,23590
2018-06-14 15:15:00,1528969500,630.4,631,629.16,630.31,5770
2018-06-15 09:15:00,1529034300,633,634,626.39,628.09,16940
2018-06-15 10:15:00,1529037900,628.09,632,628.09,630,4515
2018-06-15 11:15:00,1529041500,630,630.62,629.19,629.8,1030
2018-06-15 12:15:00,1529045100,629.8,629.8,626,626,6250
2018-06-15 13:15:00,1529048700,626,626.77,624.99,625.2,5915
2018-06-15 14:15:00,1529052300,625.19,626.6,623,624.21,22950
2018-06-15 15:15:00,1529055900,625,625,622,622.99,16875
2018-06-18 09:15:00,1529293500,628.16,628.16,613.93,617.06,23120
2018-06-18 10:15:00,1529297100,617.06,620.22,614.53,617.8,7255
2018-06-18 11:15:00,1529300700,617.8,618,615.3,616.4,5290
2018-06-18 12:15:00,1529304300,616.4,617.73,615,615.3,6005
2018-06-18 13:15:00,1529307900,615.3,615.4,612.2,612.85,11340
2018-06-18 14:15:00,1529311500,612.85,616.4,612.02,613.8,15175
2018-06-18 15:15:00,1529315100,613.8,613.8,611.62,612.29,6390
2018-06-19 09:15:00,1529379900,611.95,611.95,604.2,606.6,14165
2018-06-19 10:15:00,1529383500,606.6,606.6,603,604.46,16770
2018-06-19 11:15:00,1529387100,604.46,604.52,598.02,599,12160
2018-06-19 12:15:00,1529390700,599,601.58,598.2,598.79,4625
2018-06-19 13:15:00,1529394300,598.79,601.59,594.21,594.6,9870
2018-06-19 14:15:00,1529397900,594.6,597.4,592.2,593.8,57240
2018-06-19 15:15:00,1529401500,593.8,595.6,590,593.4,10320
2018-06-20 09:15:00,1529466300,592.4,598.19,575.2,579.03,30735
2018-06-20 10:15:00,1529469900,579.03,582.99,578.03,580,52980
2018-06-20 11:15:00,1529473500,580,585.98,577.01,583.4,11245
2018-06-20 12:15:00,1529477100,583.4,584.32,582,583.4,3205
2018-06-20 13:15:00,1529480700,583.4,583.94,581.51,581.52,2975
2018-06-20 14:15:00,1529484300,581.52,597.49,581.52,586.01,16715
2018-06-20 15:15:00,1529487900,585.99,588.4,585,586.2,6530
2018-06-21 09:15:00,1529552700,586.42,589.8,580,583.8,9895
2018-06-21 10:15:00,1529556300,583.8,584.81,580.4,582,3055
2018-06-21 11:15:00,1529559900,581.87,584.39,580.4,583.03,2695
2018-06-21 12:15:00,1529563500,583.03,586.19,581.58,585.79,2440
2018-06-21 13:15:00,1529567100,585.79,595.6,583,589.1,11775
2018-06-21 14:15:00,1529570700,589.1,590.3,582,584,11730
2018-06-21 15:15:00,1529574300,584,584.19,581,581.2,6085
2018-06-22 09:15:00,1529639100,580.2,585.86,572,578.58,20105
2018-06-22 10:15:00,1529642700,578.58,579.49,577.09,578.18,1455
2018-06-22 11:15:00,1529646300,578.18,580.97,578.01,579.86,1975
2018-06-22 12:15:00,1529649900,579.86,584.2,578.2,583.54,4400
2018-06-22 13:15:00,1529653500,583.54,590.2,578,590.2,12430
2018-06-22 14:15:00,1529657100,590.2,592.4,584.4,587.8,20400
2018-06-22 15:15:00,1529660700,586.41,587.8,580,581.01,5285
2018-06-25 09:15:00,1529898300,586,594,582.2,589.79,18755
2018-06-25 10:15:00,1529901900,590,592,588,589.32,3260
2018-06-25 11:15:00,1529905500,589.32,589.79,587.4,587.4,2110
2018-06-25 12:15:00,1529909100,587.4,588.99,586.4,587.88,2120
2018-06-25 13:15:00,1529912700,588.37,588.78,585.01,587.25,7135
2018-06-25 14:15:00,1529916300,587.25,593.59,585.29,586.39,11720
2018-06-25 15:15:00,1529919900,585.6,586.32,576.4,579.4,8345
2018-06-26 09:15:00,1529984700,583.4,589.39,577.86,580.72,10675
2018-06-26 10:15:00,1529988300,580.54,582.52,577.85,580.93,3235
2018-06-26 11:15:00,1529991900,580.93,580.94,576.56,578.7,3045
2018-06-26 12:15:00,1529995500,578.7,582.6,578.7,582.14,1420
2018-06-26 13:15:00,1529999100,582.18,586,581.6,583.99,8000
2018-06-26 14:15:00,1530002700,583.99,587,582.4,584.37,9500
2018-06-26 15:15:00,1530006300,584.06,587.37,583.46,584.02,4890
2018-06-27 09:15:00,1530071100,587,588.2,584,585.69,7525
2018-06-27 10:15:00,1530074700,585.69,591.99,584,588.4,8740
2018-06-27 11:15:00,1530078300,588.77,588.77,583.8,585.95,7680
2018-06-27 12:15:00,1530081900,585.95,587.6,583.8,586,4370
2018-06-27 13:15:00,1530085500,586,591,582.19,588,9965
2018-06-27 14:15:00,1530089100,588,588.4,578,579.69,52575
2018-06-27 15:15:00,1530092700,579.4,580.4,573.01,578,6375
2018-06-28 09:15:00,1530157500,579.78,585.59,575.24,583.6,10900
2018-06-28 10:15:00,1530161100,583.6,583.8,580.8,582.64,1840
2018-06-28 11:15:00,1530164700,583.4,583.4,576.4,578.9,3100
2018-06-28 12:15:00,1530168300,578.9,579.9,576.8,576.96,3715
2018-06-28 13:15:00,1530171900,576.96,577.65,575.2,575.5,1735
2018-06-28 14:15:00,1530175500,575.5,578,570.4,575.19,12220
2018-06-28 15:15:00,1530179100,575.19,576.4,574.39,575.02,3635
2018-06-29 09:15:00,1530243900,572,583.15,572,578.88,4440
2018-06-29 10:15:00,1530247500,578.88,581.32,577.8,580.2,1625
2018-06-29 11:15:00,1530251100,580.2,584.99,580.2,582,5430
2018-06-29 12:15:00,1530254700,582,582.2,578.32,580.94,2315
2018-06-29 13:15:00,1530258300,580.94,580.94,575.99,579.31,3650
2018-06-29 14:15:00,1530261900,579.31,589,576.6,589,9515
2018-06-29 15:15:00,1530265500,589,589.8,582,589.8,8545
2018-07-02 09:15:00,1530503100,590.98,590.98,581.6,583.41,4695
2018-07-02 10:15:00,1530506700,583.41,585.55,581.6,582.59,1640
2018-07-02 11:15:00,1530510300,582.59,582.59,581,581.63,870
2018-07-02 12:15:00,1530513900,581.63,581.98,554.91,564.96,27565
2018-07-02 13:15:00,1530517500,564.96,569.8,561.12,568.8,5755
2018-07-02 14:15:00,1530521100,568.8,575,566.69,573.27,7640
2018-07-02 15:15:00,1530524700,573.27,580,570.41,570.41,5515
2018-07-03 09:15:00,1530589500,579.8,579.8,569.2,573,3985
2018-07-03 10:15:00,1530593100,573,588.66,572.8,585.6,17470
2018-07-03 11:15:00,1530596700,585.6,586.6,583.81,585.59,3540
2018-07-03 12:15:00,1530600300,585.59,586,583.6,585,3125
2018-07-03 13:15:00,1530603900,585,585,576.23,585,7195
2018-07-03 14:15:00,1530607500,585,585.01,582.87,585,26515
2018-07-03 15:15:00,1530611100,584.02,585,581.4,583.36,3710
2018-07-04 09:15:00,1530675900,587.8,588.6,577.91,579,4235
2018-07-04 10:15:00,1530679500,579,582.2,578,582.2,3075
2018-07-04 11:15:00,1530683100,582.2,582.39,578.21,579.6,4445
2018-07-04 12:15:00,1530686700,578.4,580,578.4,579.8,3725
2018-07-04 13:15:00,1530690300,579.8,581.6,578,580.74,177175
2018-07-04 14:15:00,1530693900,580.74,580.82,577.2,579,11390
2018-07-04 15:15:00,1530697500,578.01,579.19,576,576,3260
2018-07-05 09:15:00,1530762300,576,578.8,572.58,575.6,5730
2018-07-05 10:15:00,1530765900,575.01,579.49,575,577.21,2880
2018-07-05 11:15:00,1530769500,577.21,578.6,577.2,578,990
2018-07-05 12:15:00,1530773100,578,578.2,575,575,1520
2018-07-05 13:15:00,1530776700,575,577.8,575,577.8,455
2018-07-05 14:15:00,1530780300,577.4,580,575.31,578.8,4510
2018-07-05 15:15:00,1530783900,578.8,578.8,575.01,575.22,2240
2018-07-06 09:15:00,1530848700,579.2,582,573,575.83,6135
2018-07-06 10:15:00,1530852300,575.83,584,575,579.79,3990
2018-07-06 11:15:00,1530855900,579.79,581.8,575,580,4975
2018-07-06 12:15:00,1530859500,580,581.32,578.34,581,2600
2018-07-06 13:15:00,1530863100,581,581.7,577.7,581.6,3020
2018-07-06 14:15:00,1530866700,581.6,581.6,578,578,4410
2018-07-06 15:15:00,1530870300,577,579.17,573.8,573.81,3575
2018-07-09 09:15:00,1531107900,575.02,581.32,575.02,577,2840
2018-07-09 10:15:00,1531111500,576.7,578.2,575.4,578,2910
2018-07-09 11:15:00,1531115100,578,579.2,576.46,578.64,1160
2018-07-09 12:15:00,1531118700,578.4,580.71,577.2,578.4,1785
2018-07-09 13:15:00,1531122300,578.4,583.27,578,581.02,7940
2018-07-09 14:15:00,1531125900,581.02,586.28,581.02,583.6,8675
2018-07-09 15:15:00,1531129500,583.6,584.8,582,582.6,2830
2018-07-10 09:15:00,1531194300,581.2,605,581.2,601.22,20195
2018-07-10 10:15:00,1531197900,601.22,605,596,596.61,46685
2018-07-10 11:15:00,1531201500,597.34,597.34,594,595.1,5175
2018-07-10 12:15:00,1531205100,595.1,598.79,594.2,597.04,4660
2018-07-10 13:15:00,1531208700,597.04,603.99,596.64,601.8,9730
2018-07-10 14:15:00,1531212300,601.01,615.4,601.01,604.97,48660
2018-07-10 15:15:00,1531215900,604.2,610,602.2,605.4,13070
2018-07-11 09:15:00,1531280700,606,615.99,605.16,612.18,12845
2018-07-11 10:15:00,1531284300,612.18,612.29,606,606.6,4785
2018-07-11 11:15:00,1531287900,606.6,606.6,597,597,14435
2018-07-11 12:15:00,1531291500,598.63,598.63,592.2,593,20470
2018-07-11 13:15:00,1531295100,593,594,592.4,594,2440
2018-07-11 14:15:00,1531298700,594,595,590.2,591.99,8245
2018-07-11 15:15:00,1531302300,591.99,592.6,587,587.6,7685
2018-07-12 09:15:00,1531367100,595,595,590,591.77,5980
2018-07-12 10:15:00,1531370700,592.39,592.5,590,591.69,1795
2018-07-12 11:15:00,1531374300,591.69,593.89,591.69,593,1085
2018-07-12 12:15:00,1531377900,592.8,595.31,592.8,594.59,3580
2018-07-12 13:15:00,1531381500,594.59,595,592.83,593.8,4315
2018-07-12 14:15:00,1531385100,593.8,595,590.2,593.47,5550
2018-07-12 15:15:00,1531388700,593.47,594.71,590.95,592,3855
2018-07-13 09:15:00,1531453500,597.98,597.98,584,584.22,5655
2018-07-13 10:15:00,1531457100,584.6,588.78,584.22,587.67,1420
2018-07-13 11:15:00,1531460700,587.67,587.67,586.06,586.83,230
2018-07-13 12:15:00,1531464300,586.83,589,584,589,2860
2018-07-13 13:15:00,1531467900,589,592,586.4,587.73,4280
2018-07-13 14:15:00,1531471500,587.73,587.73,584.04,584.99,2535
2018-07-13 15:15:00,1531475100,584.4,588.98,580,586.02,4190
2018-07-16 09:15:00,1531712700,581.01,582.56,574.24,576,3865
2018-07-16 10:15:00,1531716300,576,576.79,575.5,576,1745
2018-07-16 11:15:00,1531719900,576,576,572.43,574.07,3090
2018-07-16 12:15:00,1531723500,574.07,575.39,573,574.06,465
2018-07-16 13:15:00,1531727100,574.06,576.44,573.03,573.95,1075
2018-07-16 14:15:00,1531730700,573.95,576.6,571.95,575.06,4115
2018-07-16 15:15:00,1531734300,575.06,575.89,570,570,2990
2018-07-17 09:15:00,1531799100,573,575.21,570.2,570.2,3975
2018-07-17 10:15:00,1531802700,570.2,571.19,570,570.98,1220
2018-07-17 11:15:00,1531806300,570.98,582,570,571.91,7575
2018-07-17 12:15:00,1531809900,571.91,576.73,571.91,576.57,2390
2018-07-17 13:15:00,1531813500,576.6,577.05,567.4,570.79,4550
2018-07-17 14:15:00,1531817100,570.79,589.59,570,580.13,20495
2018-07-17 15:15:00,1531820700,580.13,586.62,578,583.44,2735
2018-07-18 09:15:00,1531885500,580.01,585.86,574.99,577.82,2875
2018-07-18 10:15:00,1531889100,577.82,578.44,575.99,577,1275
2018-07-18 11:15:00,1531892700,577.76,578,576.6,576.6,570
2018-07-18 12:15:00,1531896300,576.6,577.83,574,576.6,1355
2018-07-18 13:15:00,1531899900,576.6,576.6,572,573.4,1530
2018-07-18 14:15:00,1531903500,573.4,575.97,572.27,575.97,1285
2018-07-18 15:15:00,1531907100,574.99,582.67,569.6,580,6020
2018-07-19 09:15:00,1531971900,569,576.54,569,569.4,3625
2018-07-19 10:15:00,1531975500,569.4,581.8,569,577.97,7970
2018-07-19 11:15:00,1531979100,577,577,569.14,569.66,4735
2018-07-19 12:15:00,1531982700,569.66,573.98,569.66,569.66,2575
2018-07-19 13:15:00,1531986300,569.66,570.02,565.02,567.45,3405
2018-07-19 14:15:00,1531989900,567.45,569.99,560.79,569,5410
2018-07-19 15:15:00,1531993500,569,569.79,562.4,562.95,3765
2018-07-20 09:15:00,1532058300,566,569.95,560.22,565.77,5030
2018-07-20 10:15:00,1532061900,565.77,568.01,563.21,565,2100
2018-07-20 11:15:00,1532065500,565,565.7,560,563,3455
2018-07-20 12:15:00,1532069100,563.4,563.4,559,562,7970
2018-07-20 13:15:00,1532072700,562,562,560,560.6,835
2018-07-20 14:15:00,1532076300,560.6,562.8,560,562.6,4810
2018-07-20 15:15:00,1532079900,562.6,562.8,558,559.96,3630
2018-07-23 09:15:00,1532317500,580.4,589.2,579.01,583.6,47520
2018-07-23 10:15:00,1532321100,583.61,583.8,576.56,579.22,9065
2018-07-23 11:15:00,1532324700,579.22,580.81,577.2,577.4,2800
2018-07-23 12:15:00,1532328300,577.4,578.97,573.31,578.97,4380
2018-07-23 13:15:00,1532331900,578.97,586.76,576.56,578.77,23525
2018-07-23 14:15:00,1532335500,578.77,580.4,570,571.4,13970
2018-07-23 15:15:00,1532339100,571.85,575,570,570.03,8510
2018-07-24 09:15:00,1532403900,572,576.2,572,574.36,5915
2018-07-24 10:15:00,1532407500,574.36,575.6,574.05,575.2,2010
2018-07-24 11:15:00,1532411100,575.2,579.36,575,575,3520
2018-07-24 12:15:00,1532414700,575,576.3,571,572.19,4485
2018-07-24 13:15:00,1532418300,572.19,578.94,572.19,573.4,7390
2018-07-24 14:15:00,1532421900,573.4,573.4,562.72,567.54,13310
2018-07-24 15:15:00,1532425500,568,570,566,566,4180
2018-07-25 09:15:00,1532490300,568.41,570.89,563.21,563.82,7010
2018-07-25 10:15:00,1532493900,563.82,569.57,563.43,568.45,3290
2018-07-25 11:15:00,1532497500,568.45,574.38,565.61,566.6,7020
2018-07-25 12:15:00,1532501100,566.6,569.6,564.51,568.81,3195
2018-07-25 13:15:00,1532504700,568.81,568.81,565.73,565.8,635
2018-07-25 14:15:00,1532508300,565.8,570,565.07,567.4,91095
2018-07-25 15:15:00,1532511900,567.4,568.33,563.6,563.62,2605
2018-07-26 09:15:00,1532576700,570,574.81,567,569.3,5250
2018-07-26 10:15:00,1532580300,569.3,573.53,565,568.2,2850
2018-07-26 11:15:00,1532583900,568.2,568.99,564.4,564.4,1640
2018-07-26 12:15:00,1532587500,564.4,569.57,564.4,566.49,1915
2018-07-26 13:15:00,1532591100,566.49,568.8,565.22,566.6,1950
2018-07-26 14:15:00,1532594700,566.6,568.98,565.21,566.63,5560
2018-07-26 15:15:00,1532598300,566.63,567.16,565.21,565.22,3335
2018-07-27 09:15:00,1532663100,568,571,565.8,565.8,4590
2018-07-27 10:15:00,1532666700,565.8,570.22,565.21,565.21,6610
2018-07-27 11:15:00,1532670300,565.21,569.57,565.21,569,1355
2018-07-27 12:15:00,1532673900,569,569.53,566.4,566.74,1880
2018-07-27 13:15:00,1532677500,566.62,585,565.63,569.6,61640
2018-07-27 14:15:00,1532681100,569.6,569.75,566.01,566.01,20145
2018-07-27 15:15:00,1532684700,566.01,568.4,566.01,568,8735
2018-07-30 09:15:00,1532922300,568.2,569.29,562.2,563,43060
2018-07-30 10:15:00,1532925900,563.59,564.32,562.2,563.4,4490
2018-07-30 11:15:00,1532929500,563.8,563.8,562.2,563.17,2290
2018-07-30 12:15:00,1532933100,563.17,564.76,561.2,562,1890
2018-07-30 13:15:00,1532936700,562,563.63,561.2,561.22,3230
2018-07-30 14:15:00,1532940300,561.22,562.97,559.03,561.2,7745
2018-07-30 15:15:00,1532943900,560.6,561,556.03,558.99,7945
2018-07-31 09:15:00,1533008700,566.8,566.8,543.41,550.21,18195
2018-07-31 10:15:00,1533012300,550.21,552.38,549.37,552.01,4425
2018-07-31 11:15:00,1533015900,552.01,556,551.66,554.38,5770
2018-07-31 12:15:00,1533019500,554.38,556,550,554.24,7535
2018-07-31 13:15:00,1533023100,554.24,554.74,551.02,553.8,7270
2018-07-31 14:15:00,1533026700,553.8,553.92,552,553,8330
2018-07-31 15:15:00,1533030300,553,553.07,548,548.5,53280
2018-08-01 09:15:00,1533095100,559.99,559.99,547.38,548.73,17850
2018-08-01 10:15:00,1533098700,548.73,553,548.03,550.04,4685
2018-08-01 11:15:00,1533102300,550.04,551.21,548.41,550.24,1740
2018-08-01 12:15:00,1533105900,550.24,550.82,546,547.47,6705
2018-08-01 13:15:00,1533109500,547.47,550.64,544.6,549.21,10900
2018-08-01 14:15:00,1533113100,549.21,550,547.79,549.45,6115
2018-08-01 15:15:00,1533116700,549.45,550,544.71,546.8,5730
2018-08-02 09:15:00,1533181500,545.6,548.09,532,538,30655
2018-08-02 10:15:00,1533185100,538,540.5,538,539.61,6320
2018-08-02 11:15:00,1533188700,539,539.27,534,534.77,14115
2018-08-02 12:15:00,1533192300,534.77,536.9,533.2,534,9210
2018-08-02 13:15:00,1533195900,534,534.2,533,533.53,4405
2018-08-02 14:15:00,1533199500,533.47,535.49,532.22,534.2,9180
2018-08-02 15:15:00,1533203100,534.2,534.77,532,532,9745
2018-08-03 09:15:00,1533267900,535.8,537.54,530,531.4,24510
2018-08-03 10:15:00,1533271500,531.4,534.9,530.2,531.47,6165
2018-08-03 11:15:00,1533275100,531.47,533.09,530.74,532,2755
2018-08-03 12:15:00,1533278700,532,557.6,531.21,550.8,343620
2018-08-03 13:15:00,1533282300,550.8,576.8,547,561.46,140205
2018-08-03 14:15:00,1533285900,561.46,573.8,555.13,564,84745
2018-08-03 15:15:00,1533289500,564,564.8,561.22,563,22790
2018-08-06 09:15:00,1533527100,569.6,578.57,564,567.26,55800
2018-08-06 10:15:00,1533530700,567.26,571.99,563,570,13215
2018-08-06 11:15:00,1533534300,570,570,567.6,568.98,10185
2018-08-06 12:15:00,1533537900,568.98,571.95,568.98,570.81,5745
2018-08-06 13:15:00,1533541500,570.8,573,570.3,572.4,11315
2018-08-06 14:15:00,1533545100,572.4,574.97,567.66,572.12,41105
2018-08-06 15:15:00,1533548700,572.12,574.8,570.38,570.4,18705
2018-08-07 09:15:00,1533613500,567.6,567.6,538,539.4,173210
2018-08-07 10:15:00,1533617100,539.4,541,532.6,534.99,78785
2018-08-07 11:15:00,1533620700,534.99,535.8,534,535.4,46960
2018-08-07 12:15:00,1533624300,535.4,535.4,532.4,534.01,22020
2018-08-07 13:15:00,1533627900,534.01,535,531.15,532,54460
2018-08-07 14:15:00,1533631500,531.7,532.65,527.23,528.94,181715
2018-08-07 15:15:00,1533635100,528.5,530,524.81,528.9,43955
2018-08-08 09:15:00,1533699900,527.23,543.78,527.23,535.12,61840
2018-08-08 10:15:00,1533703500,535.12,540.45,530.14,531.6,20060
2018-08-08 11:15:00,1533707100,531.6,533.5,530.14,530.95,7255
2018-08-08 12:15:00,1533710700,530.95,532.94,529.28,531.15,14335
2018-08-08 13:15:00,1533714300,531.15,532,528.42,528.42,10155
2018-08-08 14:15:00,1533717900,528.42,529.99,525,529.99,15645
2018-08-08 15:15:00,1533721500,529.99,530.6,526.23,527,183135
2018-08-09 09:15:00,1533786300,529,537.8,527.02,530.8,20730
2018-08-09 10:15:00,1533789900,530.8,532.8,530,531.98,346075
2018-08-09 11:15:00,1533793500,531.98,532.4,530.8,531.98,8995
2018-08-09 12:15:00,1533797100,531.98,531.98,530.01,530.5,14675
2018-08-09 13:15:00,1533800700,530.5,531,528.9,529,7015
2018-08-09 14:15:00,1533804300,529,531,526.22,528,9795
2018-08-09 15:15:00,1533807900,528,528.47,521,521,19175
2018-08-10 09:15:00,1533872700,524.21,528.14,502.24,502.66,63165
2018-08-10 10:15:00,1533876300,502.66,507.8,498,506.17,61505
2018-08-10 11:15:00,1533879900,506.18,508,505.98,506.4,15395
2018-08-10 12:15:00,1533883500,506.4,506.4,498.2,501.34,45435
2018-08-10 13:15:00,1533887100,500.74,504.8,500.01,503.81,34760
2018-08-10 14:15:00,1533890700,503.81,505.07,500,501.41,43905
2018-08-10 15:15:00,1533894300,501.41,501.78,499,499,26415
2018-08-13 09:15:00,1534131900,498.4,498.4,476.44,482.08,66390
2018-08-13 10:15:00,1534135500,482.08,483.6,479.6,482,24120
2018-08-13 11:15:00,1534139100,482,482.2,480.47,482,15770
2018-08-13 12:15:00,1534142700,482,482.97,481,482.32,33930
2018-08-13 13:15:00,1534146300,482.97,483,480.88,482.13,29915
2018-08-13 14:15:00,1534149900,482.13,482.8,481.6,482.19,43710
2018-08-13 15:15:00,1534153500,482.19,482.77,481.7,482,20660
2018-08-14 09:15:00,1534218300,480.04,491.2,480.04,486,45600
2018-08-14 10:15:00,1534221900,486,487.39,485.41,486,12880
2018-08-14 11:15:00,1534225500,486.01,487,485.27,485.6,10530
2018-08-14 12:15:00,1534229100,485.6,488.4,485.6,487.15,43940
2018-08-14 13:15:00,1534232700,487.15,487.15,482.4,485.8,20325
2018-08-14 14:15:00,1534236300,485.8,487.3,485.23,486.11,65985
2018-08-14 15:15:00,1534239900,486.11,487.4,486,486,16125
2018-08-16 09:15:00,1534391100,483,492.44,481.01,487.02,15845
2018-08-16 10:15:00,1534394700,486,498.4,486,492.18,27520
2018-08-16 11:15:00,1534398300,492.18,497,491,492,11515
2018-08-16 12:15:00,1534401900,492,493.5,491,491.76,7440
2018-08-16 13:15:00,1534405500,491.76,499.8,491.76,493.16,18120
2018-08-16 14:15:00,1534409100,493.16,494.8,489.76,492.24,11430
2018-08-16 15:15:00,1534412700,492.24,492.24,491,491.4,7360
2018-08-17 09:15:00,1534477500,494,499.8,490.01,492,20045
2018-08-17 10:15:00,1534481100,492,496.85,492,495,7910
2018-08-17 11:15:00,1534484700,495,495.79,493.42,495.6,14065
2018-08-17 12:15:00,1534488300,495.6,497.98,495.6,496.77,9080
2018-08-17 13:15:00,1534491900,496.77,512.78,495.68,504.65,64200
2018-08-17 14:15:00,1534495500,504.65,509.6,501,507.52,28380
2018-08-17 15:15:00,1534499100,507.52,507.52,503,503.35,9975
2018-08-20 09:15:00,1534736700,505.8,512.77,505.8,506.77,18520
2018-08-20 10:15:00,1534740300,506.77,513.98,506.01,507.53,8060
2018-08-20 11:15:00,1534743900,507.53,507.56,503.23,506.05,5790
2018-08-20 12:15:00,1534747500,506,506,502.43,503.35,2775
2018-08-20 13:15:00,1534751100,503.35,503.92,500.15,502.04,6540
2018-08-20 14:15:00,1534754700,502.04,505.61,500.6,502,13070
2018-08-20 15:15:00,1534758300,502,504,500,502.6,9825
2018-08-21 09:15:00,1534823100,501.4,505.3,499.6,504.01,15390
2018-08-21 10:15:00,1534826700,504.01,505,503,503.68,6695
2018-08-21 11:15:00,1534830300,503.68,504,503,503.61,4190
2018-08-21 12:15:00,1534833900,503.61,504,503,503.23,2385
2018-08-21 13:15:00,1534837500,503.23,503.92,503,503.54,2065
2018-08-21 14:15:00,1534841100,503.54,504,502.66,502.66,8070
2018-08-21 15:15:00,1534844700,502.66,503.98,499.62,502.96,9830
2018-08-23 09:15:00,1534995900,501,506.42,501,501.21,7915
2018-08-23 10:15:00,1534999500,501.84,504.89,499.23,503.9,13810
2018-08-23 11:15:00,1535003100,503.9,504.8,502.5,503.6,2835
2018-08-23 12:15:00,1535006700,503.6,508,503,504.6,12840
2018-08-23 13:15:00,1535010300,504.6,505,503.2,503.59,2310
2018-08-23 14:15:00,1535013900,503.59,504.55,502.46,503.02,10685
2018-08-23 15:15:00,1535017500,503.02,503.1,499.31,500.22,6435
2018-08-24 09:15:00,1535082300,505.6,509.08,502,507.34,21450
2018-08-24 10:15:00,1535085900,507.34,518,505.99,514,40745
2018-08-24 11:15:00,1535089500,514,516,507.96,510.26,15930
2018-08-24 12:15:00,1535093100,510.26,514.03,509,511.71,8840
2018-08-24 13:15:00,1535096700,511.71,513,510.05,510.2,3820
2018-08-24 14:15:00,1535100300,510.2,525,508.4,521.77,64440
2018-08-24 15:15:00,1535103900,521.77,523.6,517.8,522,26775
2018-08-27 09:15:00,1535341500,522.2,537,522.2,534.6,61205
2018-08-27 10:15:00,1535345100,534.6,545,534,539,104780
2018-08-27 11:15:00,1535348700,539.6,540,537.43,539.8,18325
2018-08-27 12:15:00,1535352300,539.8,540,537.6,537.77,61650
2018-08-27 13:15:00,1535355900,538.31,539,533,538.38,84340
2018-08-27 14:15:00,1535359500,538.3,538.99,534.21,537,31505
2018-08-27 15:15:00,1535363100,537,537.8,536,537.8,20280
2018-08-28 09:15:00,1535427900,545.95,549.59,537.07,539.69,42425
2018-08-28 10:15:00,1535431500,539.69,546,538.24,544.74,46080
2018-08-28 11:15:00,1535435100,544.74,561.97,544,559.31,181405
2018-08-28 12:15:00,1535438700,559.31,561.8,557.96,561.4,57850
2018-08-28 13:15:00,1535442300,561.4,572,561.03,563.8,194170
2018-08-28 14:15:00,1535445900,563.8,578,562.4,574.47,144765
2018-08-28 15:15:00,1535449500,574.4,574.98,571.38,573.18,34200
2018-08-29 09:15:00,1535514300,575,595,574.85,592.26,197845
2018-08-29 10:15:00,1535517900,592.26,593.18,587.11,591,48425
2018-08-29 11:15:00,1535521500,591,591.02,586,590,30010
2018-08-29 12:15:00,1535525100,590,591.8,586,588.66,52685
2018-08-29 13:15:00,1535528700,588.66,589.6,587,587.6,92655
2018-08-29 14:15:00,1535532300,587.6,592.4,580.94,582.2,70545
2018-08-29 15:15:00,1535535900,582.2,585.58,580.4,582.8,33110
2018-08-30 09:15:00,1535600700,586.25,593.8,570,573.69,70600
2018-08-30 10:15:00,1535604300,573.69,575.22,571.67,575,7485
2018-08-30 11:15:00,1535607900,575,579.6,574.1,577.74,14545
2018-08-30 12:15:00,1535611500,577.74,585,577.61,580,39800
2018-08-30 13:15:00,1535615100,580,581.81,570.34,574.74,16650
2018-08-30 14:15:00,1535618700,574.74,575.99,573,574.99,11930
2018-08-30 15:15:00,1535622300,574.99,575,572.2,572.2,13095
2018-08-31 09:15:00,1535687100,572.2,580.8,569.08,577.99,37395
2018-08-31 10:15:00,1535690700,577.99,594.8,576,585.78,100460
2018-08-31 11:15:00,1535694300,585.78,592.16,584.45,590.71,28685
2018-08-31 12:15:00,1535697900,590.71,590.71,585.2,589.98,12630
2018-08-31 13:15:00,1535701500,589.98,605.2,588.99,601.99,129055
2018-08-31 14:15:00,1535705100,601.99,613.94,601.02,602,150025
2018-08-31 15:15:00,1535708700,602,603.22,598,599.6,37645
2018-09-03 09:15:00,1535946300,602.86,604.99,583,588.03,62410
2018-09-03 10:15:00,1535949900,588.03,588.08,581,584,22915
2018-09-03 11:15:00,1535953500,584,587.36,584,586.81,4845
2018-09-03 12:15:00,1535957100,586.81,587.76,583,586.6,7860
2018-09-03 13:15:00,1535960700,586.78,587,583.4,584.29,6470
2018-09-03 14:15:00,1535964300,584.29,584.99,570,577.01,30840
2018-09-03 15:15:00,1535967900,577.01,577.59,571,574,18180
2018-09-04 09:15:00,1536032700,575.6,583.19,570,572.6,30460
2018-09-04 10:15:00,1536036300,572.6,574.02,568.58,570.4,15365
2018-09-04 11:15:00,1536039900,570.4,571.79,570,571.79,3800
2018-09-04 12:15:00,1536043500,571.79,571.79,570.01,570.63,835
2018-09-04 13:15:00,1536047100,571,571,555.61,560.99,26680
2018-09-04 14:15:00,1536050700,560.99,563.36,557.2,561.56,14285
2018-09-04 15:15:00,1536054300,561.56,561.56,558.22,561.2,11265
2018-09-05 09:15:00,1536119100,556,564.98,550,553.93,22455
2018-09-05 10:15:00,1536122700,553.93,555.6,548.11,549.8,10890
2018-09-05 11:15:00,1536126300,549.8,550.98,548.04,548.1,4095
2018-09-05 12:15:00,1536129900,548.1,549.99,544,549.59,7415
2018-09-05 13:15:00,1536133500,549.59,549.59,545.99,547.98,3805
2018-09-05 14:15:00,1536137100,547.98,559.78,547,558.8,17415
2018-09-05 15:15:00,1536140700,558.8,558.8,554,554,6215
2018-09-06 09:15:00,1536205500,561,566.8,560,562,14255
2018-09-06 10:15:00,1536209100,562,564,561.2,564,4105
2018-09-06 11:15:00,1536212700,564,564.8,556.82,557.99,5550
2018-09-06 12:15:00,1536216300,557.99,560,557,558.52,3470
2018-09-06 13:15:00,1536219900,558.52,558.52,550.04,556.18,7355
2018-09-06 14:15:00,1536223500,556.18,556.18,550,552.79,8500
2018-09-06 15:15:00,1536227100,552.7,553.88,546.25,548,5925
2018-09-07 09:15:00,1536291900,556.51,557.43,549.99,552.4,9715
2018-09-07 10:15:00,1536295500,552.4,555,551.5,553.6,2275
2018-09-07 11:15:00,1536299100,553.6,561.99,552.98,557.81,9430
2018-09-07 12:15:00,1536302700,557.8,558.79,554.99,556,3465
2018-09-07 13:15:00,1536306300,555,559,552.81,559,2990
2018-09-07 14:15:00,1536309900,559,562,553.58,555.56,9405
2018-09-07 15:15:00,1536313500,555.2,557.8,553.2,557.8,5990
2018-09-10 09:15:00,1536551100,557.8,557.8,548,548.36,9355
2018-09-10 10:15:00,1536554700,548.36,556.18,548.36,551,7360
2018-09-10 11:15:00,1536558300,551,551,548,548.98,2805
2018-09-10 12:15:00,1536561900,548.4,549.36,547.01,549.2,2390
2018-09-10 13:15:00,1536565500,549.2,551,548.2,548.79,1305
2018-09-10 14:15:00,1536569100,548.79,548.79,542.08,544.25,9340
2018-09-10 15:15:00,1536572700,544.25,546.13,542,543,4290
2018-09-11 09:15:00,1536637500,544.2,567.83,544.2,549.44,11470
2018-09-11 10:15:00,1536641100,549.44,554.19,549.44,553,1625
2018-09-11 11:15:00,1536644700,553.2,553.78,549.4,550,2250
2018-09-11 12:15:00,1536648300,550,550.99,549.4,549.4,1275
2018-09-11 13:15:00,1536651900,549.4,549.8,546,549,3960
2018-09-11 14:15:00,1536655500,549,549.8,540.2,544.34,9725
2018-09-11 15:15:00,1536659100,544.34,546.6,538,543,7995
2018-09-12 09:15:00,1536723900,547.09,547.09,533.4,536.21,10995
2018-09-12 10:15:00,1536727500,536.21,542.19,536.2,541.01,3665
2018-09-12 11:15:00,1536731100,541.01,553.9,539.85,550.8,17155
2018-09-12 12:15:00,1536734700,550.02,551,545,548,7820
2018-09-12 13:15:00,1536738300,548,551.6,546.42,551.27,6075
2018-09-12 14:15:00,1536741900,551.27,555.8,547.22,550,11780
2018-09-12 15:15:00,1536745500,550,552.4,546.44,548.2,5015
2018-09-14 09:15:00,1536896700,557.19,557.19,530,555.4,13625
2018-09-14 10:15:00,1536900300,555.4,555.6,550.49,555.4,2780
2018-09-14 11:15:00,1536903900,553.06,553.82,550,550.86,3410
2018-09-14 12:15:00,1536907500,550.86,551.96,550.2,551.74,1130
2018-09-14 13:15:00,1536911100,551.6,552.6,550.5,551.6,1530
2018-09-14 14:15:00,1536914700,551.6,552.8,546.03,552,6855
2018-09-14 15:15:00,1536918300,552,552,545.15,545.23,7205
2018-09-17 09:15:00,1537155900,531,535,531,534.99,46575
2018-09-17 10:15:00,1537159500,534.99,536,534,535.2,32155
2018-09-17 11:15:00,1537163100,534.87,537,527,534,72045
2018-09-17 12:15:00,1537166700,534,537,532.6,534,19580
2018-09-17 13:15:00,1537170300,534,535.78,531,533.79,7715
2018-09-17 14:15:00,1537173900,533.79,540.8,531.22,536.19,53490
2018-09-17 15:15:00,1537177500,536.19,546.74,534.33,542,16065
2018-09-18 09:15:00,1537242300,543.8,557,541,546.71,16940
2018-09-18 10:15:00,1537245900,546.71,548.34,542,545.79,4565
2018-09-18 11:15:00,1537249500,545.01,547.79,545.01,545.76,1765
2018-09-18 12:15:00,1537253100,545.76,549.2,545.2,549.2,2760
2018-09-18 13:15:00,1537256700,549.2,549.2,545.83,547.58,1565
2018-09-18 14:15:00,1537260300,547.58,551.6,545.7,548.8,12445
2018-09-18 15:15:00,1537263900,548.8,548.8,544,547.99,9240
2018-09-19 09:15:00,1537328700,550,553,542.2,549.08,6370
2018-09-19 10:15:00,1537332300,549.08,550.79,547.02,548.37,3270
2018-09-19 11:15:00,1537335900,548.37,548.38,546,547.62,1275
2018-09-19 12:15:00,1537339500,547.62,547.94,537,541.07,5485
2018-09-19 13:15:00,1537343100,541.07,543.59,540.01,542.89,1785
2018-09-19 14:15:00,1537346700,542.89,542.89,532,542.6,7315
2018-09-19 15:15:00,1537350300,542.6,543.6,540.2,543.6,2120
2018-09-21 09:15:00,1537501500,550,550,544.65,547.39,6440
2018-09-21 10:15:00,1537505100,547.4,548.2,541,543.14,9985
2018-09-21 11:15:00,1537508700,543.14,544,541.04,544,2885
2018-09-21 12:15:00,1537512300,544,544,511.01,526.8,13845
2018-09-21 13:15:00,1537515900,526.8,542.4,523.93,534.2,24500
2018-09-21 14:15:00,1537519500,534.27,542.6,530.62,533.59,39055
2018-09-21 15:15:00,1537523100,533.56,534,515.1,522.94,25570
2018-09-24 09:15:00,1537760700,524,524,510.36,511.8,13880
2018-09-24 10:15:00,1537764300,511.8,516,511.04,513.2,6015
2018-09-24 11:15:00,1537767900,513.2,514,505.05,506.8,7325
2018-09-24 12:15:00,1537771500,506.8,514,503.01,508.01,10950
2018-09-24 13:15:00,1537775100,508.01,509.23,504.6,508.05,4020
2018-09-24 14:15:00,1537778700,508.05,529.53,506.02,521,21675
2018-09-24 15:15:00,1537782300,521,524.8,516.37,524.8,4550
2018-09-25 09:15:00,1537847100,525.98,525.98,511.3,512.98,5810
2018-09-25 10:15:00,1537850700,512.99,519.3,512,517.31,2565
2018-09-25 11:15:00,1537854300,517.31,517.5,514.65,516.43,2280
2018-09-25 12:15:00,1537857900,516.43,516.78,515,515.94,1065
2018-09-25 13:15:00,1537861500,515.9,515.9,504.34,509.23,6925
2018-09-25 14:15:00,1537865100,509.94,516.41,505,515,5015
2018-09-25 15:15:00,1537868700,515,515.54,505,509.8,2560
2018-09-26 09:15:00,1537933500,512.73,520,510,514.78,7130
2018-09-26 10:15:00,1537937100,514.78,514.78,510,510,3060
2018-09-26 11:15:00,1537940700,510,511.3,508.49,509.6,1765
2018-09-26 12:15:00,1537944300,509.6,513.88,509.59,510.86,1050
2018-09-26 13:15:00,1537947900,510.86,512,507.98,508.82,2360
2018-09-26 14:15:00,1537951500,508.98,509,500,502.87,12680
2018-09-26 15:15:00,1537955100,503,504,500,501.8,5345
2018-09-27 09:15:00,1538019900,515,527,513,515.4,56945
2018-09-27 10:15:00,1538023500,515.4,521.54,510,520.4,44150
2018-09-27 11:15:00,1538027100,520.4,522,517.07,520.31,28315
2018-09-27 12:15:00,1538030700,520.37,523,510.28,514,50975
2018-09-27 13:15:00,1538034300,514,524,509.6,520.8,44540
2018-09-27 14:15:00,1538037900,520.8,527.8,516.21,522.01,56920
2018-09-27 15:15:00,1538041500,522,523.2,520,520,19565
2018-09-28 09:15:00,1538106300,529.79,531,513,514.55,33560
2018-09-28 10:15:00,1538109900,514.55,523,514.2,520.58,14490
2018-09-28 11:15:00,1538113500,520.58,523.82,516.21,520,12215
2018-09-28 12:15:00,1538117100,520,521.99,518,520.93,11025
2018-09-28 13:15:00,1538120700,520.93,521.76,517.81,519.11,14870
2018-09-28 14:15:00,1538124300,519.11,524.2,519,524.2,42025
2018-09-28 15:15:00,1538127900,524.2,525,520,520,44350
2018-10-01 09:15:00,1538365500,523,523,509.4,511.01,4145
2018-10-01 10:15:00,1538369100,511,512,507,507,3610
2018-10-01 11:15:00,1538372700,507,507,505,506,2525
2018-10-01 12:15:00,1538376300,506.2,511.28,506.15,508.22,68200
2018-10-01 13:15:00,1538379900,508.22,512,508,510.22,2355
2018-10-01 14:15:00,1538383500,510.22,524.02,510.21,518.41,13670
2018-10-01 15:15:00,1538387100,518.42,520,513.42,513.42,4215
2018-10-03 09:15:00,1538538300,513.23,518,510,512,3925
2018-10-03 10:15:00,1538541900,512,513.72,511.33,512.98,2485
2018-10-03 11:15:00,1538545500,512.98,514.98,511,514.97,1785
2018-10-03 12:15:00,1538549100,514.98,514.98,512.41,514,685
2018-10-03 13:15:00,1538552700,514,515,512.97,512.97,101475
2018-10-03 14:15:00,1538556300,512.97,513.05,507,510.8,7060
2018-10-03 15:15:00,1538559900,510.8,513.76,508,513.76,2705
2018-10-04 09:15:00,1538624700,506.8,506.99,502,504.3,7115
2018-10-04 10:15:00,1538628300,504.3,506,503.77,504.21,1125
2018-10-04 11:15:00,1538631900,504.99,505.93,503.77,505.6,2010
2018-10-04 12:15:00,1538635500,505.6,513.68,503.82,508.04,5420
2018-10-04 13:15:00,1538639100,508.04,508.04,502.23,504.4,2835
2018-10-04 14:15:00,1538642700,504.4,506.6,500,504.05,4765
2018-10-04 15:15:00,1538646300,504.05,505.16,498.06,498.4,3645
2018-10-05 09:15:00,1538711100,509,520,509,510.24,42025
2018-10-05 10:15:00,1538714700,510.24,514.99,510.2,513.4,9310
2018-10-05 11:15:00,1538718300,513.4,514.22,513,513,2720
2018-10-05 12:15:00,1538721900,513,513,495.21,496.01,423795
2018-10-05 13:15:00,1538725500,496.01,502.19,496.01,498.54,13260
2018-10-05 14:15:00,1538729100,498.54,501,490.2,491.24,25710
2018-10-05 15:15:00,1538732700,491.29,492.8,490.2,490.6,19565
2018-10-08 09:15:00,1538970300,488.6,488.6,462.29,473.97,35545
2018-10-08 10:15:00,1538973900,473.97,474,468,471.38,8640
2018-10-08 11:15:00,1538977500,471.38,474.2,471.01,474,9490
2018-10-08 12:15:00,1538981100,474,477.81,473.98,477,27610
2018-10-08 13:15:00,1538984700,477,484.01,475.58,476.59,13985
2018-10-08 14:15:00,1538988300,476.59,478,474.4,478,9435
2018-10-08 15:15:00,1538991900,478,478,475.59,476.6,3875
2018-10-09 09:15:00,1539056700,479.98,483.47,471,479.61,8635
2018-10-09 10:15:00,1539060300,479.61,479.61,472,472.2,3825
2018-10-09 11:15:00,1539063900,472.2,474.1,470,470.6,3110
2018-10-09 12:15:00,1539067500,470.99,474.8,470.41,473,1780
2018-10-09 13:15:00,1539071100,473,474,470.4,471.59,1625
2018-10-09 14:15:00,1539074700,471.59,474.4,468,469,6455
2018-10-09 15:15:00,1539078300,469,471.79,468,468,4475
2018-10-10 09:15:00,1539143100,468.22,481.8,468,477.22,10725
2018-10-10 10:15:00,1539146700,477.22,481.8,475.85,478.4,5665
2018-10-10 11:15:00,1539150300,478.4,480.99,477.6,480,3350
2018-10-10 12:15:00,1539153900,480.01,481.39,478.39,479.97,2770
2018-10-10 13:15:00,1539157500,479.97,479.97,477.62,478.61,3010
2018-10-10 14:15:00,1539161100,478.61,495.63,478.61,488,18895
2018-10-10 15:15:00,1539164700,489,490,484.01,489.99,1153960
2018-10-11 09:15:00,1539229500,477.6,479.89,469.02,474.86,14335
2018-10-11 10:15:00,1539233100,474.86,476.79,474.2,474.25,4020
2018-10-11 11:15:00,1539236700,474.25,479.89,474,476.2,3490
2018-10-11 12:15:00,1539240300,476.2,479.6,476.01,477,2570
2018-10-11 13:15:00,1539243900,478,478,473.4,473.8,53620
2018-10-11 14:15:00,1539247500,473.8,475.79,473,474.8,54060
2018-10-11 15:15:00,1539251100,474.8,474.8,466.01,469.3,8370
2018-10-12 09:15:00,1539315900,476,488.96,476,481.2,22145
2018-10-12 10:15:00,1539319500,481.2,482.81,476.34,479.49,11785
2018-10-12 11:15:00,1539323100,479.49,482.79,479.03,481.41,1605
2018-10-12 12:15:00,1539326700,481.41,483.97,480.5,481.9,2495
2018-10-12 13:15:00,1539330300,481.9,486,481.9,485,5900
2018-10-12 14:15:00,1539333900,485,489.6,485,486.98,12605
2018-10-12 15:15:00,1539337500,487.03,487.8,480.35,480.4,4060
2018-10-15 09:15:00,1539575100,485.8,489.32,478.01,480.57,6480
2018-10-15 10:15:00,1539578700,480.57,480.99,478.4,479,4315
2018-10-15 11:15:00,1539582300,479,479.48,476.8,479,313190
2018-10-15 12:15:00,1539585900,479,479,478,479,3745
2018-10-15 13:15:00,1539589500,477.64,479,477.64,479,4865
2018-10-15 14:15:00,1539593100,479,480.99,475,478.94,49780
2018-10-15 15:15:00,1539596700,478.94,478.94,475,475.1,5695
2018-10-16 09:15:00,1539661500,477.25,483.95,470,474.73,40715
2018-10-16 10:15:00,1539665100,474.73,475.01,473.61,474.32,5390
2018-10-16 11:15:00,1539668700,474.01,475.4,473.2,473.59,7885
2018-10-16 12:15:00,1539672300,473.59,475,473.29,474.21,2825
2018-10-16 13:15:00,1539675900,474.21,476,473.81,474.26,11145
2018-10-16 14:15:00,1539679500,474.26,479.8,472,473.31,20540
2018-10-16 15:15:00,1539683100,473.99,474,471,471.06,9465
2018-10-17 09:15:00,1539747900,479.8,483.6,464.94,467.45,25550
2018-10-17 10:15:00,1539751500,467.45,474,466.9,470.6,47820
2018-10-17 11:15:00,1539755100,470.6,471.42,469.28,469.77,10080
2018-10-17 12:15:00,1539758700,469.77,471.59,468.2,468.2,1065
2018-10-17 13:15:00,1539762300,468.66,472,466.8,467.87,4440
2018-10-17 14:15:00,1539765900,467.87,473.55,465,468,17715
2018-10-17 15:15:00,1539769500,468.38,468.59,459.66,462.4,13435
2018-10-19 09:15:00,1539920700,467.98,472.09,456.19,458.85,9965
2018-10-19 10:15:00,1539924300,458.85,458.85,446.1,446.26,17775
2018-10-19 11:15:00,1539927900,446.2,450.4,446.2,449.8,29335
2018-10-19 12:15:00,1539931500,449.8,450,447.85,448.02,4620
2018-10-19 13:15:00,1539935100,448.02,449.4,444.4,444.89,11370
2018-10-19 14:15:00,1539938700,444.24,454.59,442.81,452.57,87380
2018-10-19 15:15:00,1539942300,452.57,464,450,460.6,17880
2018-10-22 09:15:00,1540179900,454.8,459.62,447.11,450.81,6775
2018-10-22 10:15:00,1540183500,450.8,454,449.01,449.6,1905
2018-10-22 11:15:00,1540187100,449.6,451.34,444.4,448.39,9575
2018-10-22 12:15:00,1540190700,448.39,450,447,448.17,2375
2018-10-22 13:15:00,1540194300,448.17,448.4,446,446,2045
2018-10-22 14:15:00,1540197900,446,450,443.59,447.31,66750
2018-10-22 15:15:00,1540201500,447.31,449.59,443.21,447.9,12005
2018-10-23 09:15:00,1540266300,449.78,449.78,440,445,5110
2018-10-23 10:15:00,1540269900,445,446.4,444.18,446.01,3130
2018-10-23 11:15:00,1540273500,446.01,446.01,443.23,444.61,1690
2018-10-23 12:15:00,1540277100,444.61,445.6,442.6,444.09,1850
2018-10-23 13:15:00,1540280700,444.59,444.8,438,440,8820
2018-10-23 14:15:00,1540284300,440,442.33,436,440.75,13240
2018-10-23 15:15:00,1540287900,440.75,440.76,437.8,440,7085
2018-10-24 09:15:00,1540352700,440.01,448,440.01,440.2,10425
2018-10-24 10:15:00,1540356300,440.2,441.75,437.08,438,4270
2018-10-24 11:15:00,1540359900,438,439,437.62,437.68,5465
2018-10-24 12:15:00,1540363500,437.68,438.8,436.38,438.36,3945
2018-10-24 13:15:00,1540367100,438.22,438.59,432,435.99,8935
2018-10-24 14:15:00,1540370700,435.99,438.66,433,435.38,13050
2018-10-24 15:15:00,1540374300,435.38,435.6,432,433.4,4515
2018-10-25 09:15:00,1540439100,436.12,438.99,430,435.4,7400
2018-10-25 10:15:00,1540442700,435.4,436,428.21,429.15,5080
2018-10-25 11:15:00,1540446300,429.15,431.99,428.8,429.19,1925
2018-10-25 12:15:00,1540449900,429.19,430.59,427.98,429.08,3495
2018-10-25 13:15:00,1540453500,429.08,429.08,425.4,426.38,5785
2018-10-25 14:15:00,1540457100,426,426.4,421.6,422,7685
2018-10-25 15:15:00,1540460700,421.92,422.2,419.6,419.6,10645
2018-10-26 09:15:00,1540525500,422,423.69,406.02,413,13595
2018-10-26 10:15:00,1540529100,413,417.01,410.98,412.6,5600
2018-10-26 11:15:00,1540532700,412.6,417.99,410.41,415.6,4710
2018-10-26 12:15:00,1540536300,415.6,417.8,415,416,4575
2018-10-26 13:15:00,1540539900,416,417,414.2,415,2385
2018-10-26 14:15:00,1540543500,415,417,414,415.8,12155
2018-10-26 15:15:00,1540547100,415.8,422,414.45,422,11110
2018-10-29 09:15:00,1540784700,412.2,430,412.2,421.7,16075
2018-10-29 10:15:00,1540788300,421.7,423.25,418.01,421.79,3080
2018-10-29 11:15:00,1540791900,421.79,422.7,420.01,422.4,2040
2018-10-29 12:15:00,1540795500,422.4,423.41,420,422.6,4895
2018-10-29 13:15:00,1540799100,422.6,423,420.82,421.39,3475
2018-10-29 14:15:00,1540802700,421.39,422.01,420.6,421.3,8825
2018-10-29 15:15:00,1540806300,421.3,421.99,416,416,6915
2018-10-30 09:15:00,1540871100,412.03,422.54,408.23,415,24270
2018-10-30 10:15:00,1540874700,415.04,417,414,416.76,7440
2018-10-30 11:15:00,1540878300,416.01,419.6,416,416.77,3180
2018-10-30 12:15:00,1540881900,416.77,420.28,416,418.01,4675
2018-10-30 13:15:00,1540885500,418.01,425.96,416.47,419.2,15965
2018-10-30 14:15:00,1540889100,419.2,419.4,415.33,416.52,8645
2018-10-30 15:15:00,1540892700,416.52,418,412,414.4,5350
2018-10-31 09:15:00,1540957500,411.12,422.78,411.12,414.8,14020
2018-10-31 10:15:00,1540961100,414.8,418.98,414.8,416,4135
2018-10-31 11:15:00,1540964700,416,419,416,418.76,720
2018-10-31 12:15:00,1540968300,418.76,420.8,416.61,416.63,3745
2018-10-31 13:15:00,1540971900,416.63,419.56,416.26,417.8,1385
2018-10-31 14:15:00,1540975500,417.8,420,417.6,419.33,9280
2018-10-31 15:15:00,1540979100,419.33,419.8,417.6,418,6700
2018-11-01 09:15:00,1541043900,422.2,502.65,422.2,430,95085
2018-11-01 10:15:00,1541047500,430,430,418.22,426.61,30410
2018-11-01 11:15:00,1541051100,426.61,435.2,415,426.6,133350
2018-11-01 12:15:00,1541054700,426.6,429.63,425,429.63,8655
2018-11-01 13:15:00,1541058300,429.63,430.3,425.55,427.62,200365
2018-11-01 14:15:00,1541061900,427.62,427.62,416,419,302905
2018-11-01 15:15:00,1541065500,419,423.98,418.25,423.98,14650
2018-11-02 09:15:00,1541130300,424.01,430.8,424.01,428.83,296575
2018-11-02 10:15:00,1541133900,428.82,430,427.01,427.01,23260
2018-11-02 11:15:00,1541137500,427,429.72,425.26,426.77,19370
2018-11-02 12:15:00,1541141100,426.77,430,425.72,429.4,8490
2018-11-02 13:15:00,1541144700,429.4,429.4,426.6,428,9475
2018-11-02 14:15:00,1541148300,428,428.8,426.16,428.31,18305
2018-11-02 15:15:00,1541151900,429,429,426.2,427,23755
2018-11-05 09:15:00,1541389500,426.58,435,426.02,428.28,12785
2018-11-05 10:15:00,1541393100,429.79,429.99,428.02,429.09,6580
2018-11-05 11:15:00,1541396700,428.64,430.2,428.22,429.03,13105
2018-11-05 12:15:00,1541400300,429.77,430,429.02,429.26,5920
2018-11-05 13:15:00,1541403900,429.25,429.89,428.28,428.63,5125
2018-11-05 14:15:00,1541407500,429.39,431.8,428.62,430,15410
2018-11-05 15:15:00,1541411100,428.4,431.98,428,429,6880
2018-11-06 09:15:00,1541475900,432,432.46,427.6,430,19835
2018-11-06 10:15:00,1541479500,430,431,428.41,429.06,4100
2018-11-06 11:15:00,1541483100,429.05,430,427.39,428.12,6745
2018-11-06 12:15:00,1541486700,428.13,429,427,428.74,9495
2018-11-06 13:15:00,1541490300,428.74,428.74,424.33,425.99,10340
2018-11-06 14:15:00,1541493900,425.99,427.34,424.03,426.2,8810
2018-11-06 15:15:00,1541497500,425.26,426.2,424.03,424.03,3535
2018-11-07 17:15:00,1541591100,435.8,438,427,428.1,17110
2018-11-07 18:15:00,1541594700,428.1,429.78,424,427.34,4220
2018-11-09 09:15:00,1541735100,430.67,430.67,420.6,422.24,7390
2018-11-09 10:15:00,1541738700,423.45,426.29,422,422.73,4330
2018-11-09 11:15:00,1541742300,423.28,424.48,422.82,423.79,730
2018-11-09 12:15:00,1541745900,423.79,424.46,422.57,422.61,1950
2018-11-09 13:15:00,1541749500,422.61,430.63,422.61,429.72,12750
2018-11-09 14:15:00,1541753100,429.72,430,426.4,429.39,7295
2018-11-09 15:15:00,1541756700,429.39,429.6,424,426.48,4550
2018-11-12 09:15:00,1541994300,430,432.03,425.01,426.48,8610
2018-11-12 10:15:00,1541997900,426.48,430,425,430,16065
2018-11-12 11:15:00,1542001500,430,430,427.2,429.01,8660
2018-11-12 12:15:00,1542005100,429.01,429.4,427.31,428.08,3930
2018-11-12 13:15:00,1542008700,428.08,429.39,427.21,428.4,22890
2018-11-12 14:15:00,1542012300,428.4,430,427.11,429.77,4400
2018-11-12 15:15:00,1542015900,429.77,430,426.12,426.2,6170
2018-11-13 09:15:00,1542080700,428,428,422.31,424.61,2970
2018-11-13 10:15:00,1542084300,424.61,425.19,423.02,423.93,2815
2018-11-13 11:15:00,1542087900,423.93,425.49,423.25,423.25,1335
2018-11-13 12:15:00,1542091500,423.25,425.03,423.25,424.41,355
2018-11-13 13:15:00,1542095100,424.41,425.95,424.41,425.2,905
2018-11-13 14:15:00,1542098700,425.2,429,421.02,423.2,12485
2018-11-13 15:15:00,1542102300,423.2,424.38,421.02,422.4,4505
2018-11-14 09:15:00,1542167100,425.2,426,421.02,421.93,7030
2018-11-14 10:15:00,1542170700,421.93,423.79,421.93,423,3590
2018-11-14 11:15:00,1542174300,423,424.8,421.23,424.61,4520
2018-11-14 12:15:00,1542177900,424.61,425,421.4,422,1340
2018-11-14 13:15:00,1542181500,422,422.4,418,419.4,15020
2018-11-14 14:15:00,1542185100,419.4,422.2,418.1,421,39720
2018-11-14 15:15:00,1542188700,420,421,418,418.4,91410
2018-11-15 09:15:00,1542253500,420,421.58,412.22,415.2,6000
2018-11-15 10:15:00,1542257100,415.53,415.98,413.16,413.42,6585
2018-11-15 11:15:00,1542260700,413.42,414.47,412.62,413.2,4465
2018-11-15 12:15:00,1542264300,413.2,414.02,412.2,412.6,4410
2018-11-15 13:15:00,1542267900,412.6,414.6,411.48,412.6,8590
2018-11-15 14:15:00,1542271500,412.6,414,411.12,411.73,6520
2018-11-15 15:15:00,1542275100,411.73,412.39,410,410.94,5530
2018-11-16 09:15:00,1542339900,417,417,400.6,402.2,19210
2018-11-16 10:15:00,1542343500,402.2,403.59,400,400,19775
2018-11-16 11:15:00,1542347100,399.82,403,399.4,399.84,13800
2018-11-16 12:15:00,1542350700,399.84,401.61,398.25,399.8,40395
2018-11-16 13:15:00,1542354300,400,405,400,403,26810
2018-11-16 14:15:00,1542357900,403,403.96,399,399.6,60125
2018-11-16 15:15:00,1542361500,399.6,399.97,398,398.2,8075
2018-11-19 09:15:00,1542599100,408,408.01,398.82,399.8,14145
2018-11-19 10:15:00,1542602700,399.8,401,399,400.8,2520
2018-11-19 11:15:00,1542606300,400.8,410.4,400.02,408.47,26915
2018-11-19 12:15:00,1542609900,408.47,410.4,407.06,410,153725
2018-11-19 13:15:00,1542613500,410,411,408.6,410.01,12020
2018-11-19 14:15:00,1542617100,410.01,411.19,408.7,409.79,7205
2018-11-19 15:15:00,1542620700,409.79,411,408.41,411,4460
2018-11-20 09:15:00,1542685500,410.61,411,403.36,407,3225
2018-11-20 10:15:00,1542689100,407,407,401,401.69,7540
2018-11-20 11:15:00,1542692700,401.8,406.8,400.2,406.6,11665
2018-11-20 12:15:00,1542696300,406.6,406.78,406,406,1980
2018-11-20 13:15:00,1542699900,406,408,405.9,406.36,8625
2018-11-20 14:15:00,1542703500,406.36,408.79,406,406.2,5610
2018-11-20 15:15:00,1542707100,406.2,407.2,405,405,4560
2018-11-21 09:15:00,1542771900,408,410,405,406.01,3565
2018-11-21 10:15:00,1542775500,406.01,410,405,409.81,128515
2018-11-21 11:15:00,1542779100,409.81,411.41,404,405.6,8730
2018-11-21 12:15:00,1542782700,405.6,406,404.96,404.96,1530
2018-11-21 13:15:00,1542786300,404.22,408.29,404.22,407.81,4000
2018-11-21 14:15:00,1542789900,407.81,410,407.71,408.4,84580
2018-11-21 15:15:00,1542793500,408.4,411.4,405.48,411.4,5655
2018-11-22 09:15:00,1542858300,414.06,414.99,411.52,414.8,20955
2018-11-22 10:15:00,1542861900,414.8,416.4,410.4,415.78,14445
2018-11-22 11:15:00,1542865500,415.78,415.78,411.17,414,5900
2018-11-22 12:15:00,1542869100,414,415.78,413.26,414,3445
2018-11-22 13:15:00,1542872700,414,414.66,412,413.99,4235
2018-11-22 14:15:00,1542876300,413.99,413.99,411.42,412.09,7835
2018-11-22 15:15:00,1542879900,412.09,413,410,411,6525
2018-11-26 09:15:00,1543203900,412,414.99,410.28,413.6,8000
2018-11-26 10:15:00,1543207500,413.98,414.15,411.68,412.58,11180
2018-11-26 11:15:00,1543211100,412.58,413,411.88,412,1765
2018-11-26 12:15:00,1543214700,412,412.57,411.6,412,2105
2018-11-26 13:15:00,1543218300,412,413.59,411.01,412.21,3215
2018-11-26 14:15:00,1543221900,412.21,413.22,410,410,72990
2018-11-26 15:15:00,1543225500,410,411,408,408,2320
2018-11-27 09:15:00,1543290300,412,415,412,413.6,5150
2018-11-27 10:15:00,1543293900,413.6,414,412,412,2455
2018-11-27 11:15:00,1543297500,412.8,414.4,412,413,1495
2018-11-27 12:15:00,1543301100,413,414,411.61,413.26,2955
2018-11-27 13:15:00,1543304700,413.26,414,412,412.82,2030
2018-11-27 14:15:00,1543308300,412.84,414,411.52,413.6,3785
2018-11-27 15:15:00,1543311900,413.6,413.96,411.01,412.2,2300
2018-11-28 09:15:00,1543376700,413.6,413.6,410.55,411.4,79480
2018-11-28 10:15:00,1543380300,411.4,411.98,409.65,409.65,2810
2018-11-28 11:15:00,1543383900,409.65,410,407.45,408,2105
2018-11-28 12:15:00,1543387500,408,408,402.61,405.2,4650
2018-11-28 13:15:00,1543391100,405.2,406.8,404,406,3055
2018-11-28 14:15:00,1543394700,406,410.4,405.31,410.38,7135
2018-11-28 15:15:00,1543398300,410.38,410.8,409,410.8,5585
2018-11-29 09:15:00,1543463100,410.01,415,410,411,4205
2018-11-29 10:15:00,1543466700,411,413.57,410,412,1685
2018-11-29 11:15:00,1543470300,412,413,410.23,413,1705
2018-11-29 12:15:00,1543473900,411.1,412.79,411.1,412,685
2018-11-29 13:15:00,1543477500,412,412.1,412,412,1720
2018-11-29 14:15:00,1543481100,412,413,412,412,7210
2018-11-29 15:15:00,1543484700,412,414.8,412,412,4605
2018-11-30 09:15:00,1543549500,414,415,412.14,414,2605
2018-11-30 10:15:00,1543553100,414,414.76,412,412,1995
2018-11-30 11:15:00,1543556700,412,413.28,411.96,412,252795
2018-11-30 12:15:00,1543560300,412,414.07,411,412,95180
2018-11-30 13:15:00,1543563900,412,412.17,410.01,411.8,24260
2018-11-30 14:15:00,1543567500,411.7,411.7,400.06,403.22,15140
2018-11-30 15:15:00,1543571100,403.22,412,402.5,408,6360
2018-12-03 09:15:00,1543808700,408.8,412.18,407.95,411.49,2830
2018-12-03 10:15:00,1543812300,411.49,415.6,411,412.18,5305
2018-12-03 11:15:00,1543815900,412.18,412.18,409,410,2465
2018-12-03 12:15:00,1543819500,410,410,409,410,1710
2018-12-03 13:15:00,1543823100,410,411.6,408.21,411,5520
2018-12-03 14:15:00,1543826700,411,412,408,410,10360
2018-12-03 15:15:00,1543830300,410,415,409.54,411.6,6180
2018-12-04 09:15:00,1543895100,414,414,408.21,408.8,3230
2018-12-04 10:15:00,1543898700,409.2,409.35,408.02,408.02,1365
2018-12-04 11:15:00,1543902300,408.02,408.4,405.82,407.47,2610
2018-12-04 12:15:00,1543905900,407.47,410,407.47,408.57,1690
2018-12-04 13:15:00,1543909500,408.57,409.8,407.65,408.55,1555
2018-12-04 14:15:00,1543913100,409.6,413,408.51,412.2,7815
2018-12-04 15:15:00,1543916700,412.4,412.4,407.66,409.96,2135
2018-12-05 09:15:00,1543981500,411,411.49,409.88,410.2,3725
2018-12-05 10:15:00,1543985100,410.2,410.59,408,409.01,735
2018-12-05 11:15:00,1543988700,409,409,407.41,407.41,675
2018-12-05 12:15:00,1543992300,407.41,408.06,406.93,406.93,585
2018-12-05 13:15:00,1543995900,406.93,407.58,405.07,406.4,1170
2018-12-05 14:15:00,1543999500,406.4,406.83,405.5,406.14,2105
2018-12-05 15:15:00,1544003100,406.14,406.78,404,404,1975
2018-12-06 09:15:00,1544067900,405,406.33,401.63,401.8,2065
2018-12-06 10:15:00,1544071500,401.8,402.88,398,398.2,5255
2018-12-06 11:15:00,1544075100,398.2,402.34,394.01,394.61,11480
2018-12-06 12:15:00,1544078700,394.61,397.76,394.61,397.76,2835
2018-12-06 13:15:00,1544082300,397.76,398.6,397.11,397.13,2030
2018-12-06 14:15:00,1544085900,397.13,397.78,394,396.9,18105
2018-12-06 15:15:00,1544089500,396.9,399.96,396,397,4565
2018-12-07 09:15:00,1544154300,401,401.01,395,396.47,4345
2018-12-07 10:15:00,1544157900,397.31,398,396.5,397.8,1320
2018-12-07 11:15:00,1544161500,397.8,397.8,395,396.02,1300
2018-12-07 12:15:00,1544165100,396.02,397.73,395.23,395.99,1255
2018-12-07 13:15:00,1544168700,395,395.63,394,394.02,1365
2018-12-07 14:15:00,1544172300,394.02,396,392,393.2,4690
2018-12-07 15:15:00,1544175900,393.2,393.8,390,391,5140
2018-12-10 09:15:00,1544413500,388,388.01,380,383.83,9050
2018-12-10 10:15:00,1544417100,383.83,383.83,382,382,1520
2018-12-10 11:15:00,1544420700,382,384.72,381.2,383.84,2910
2018-12-10 12:15:00,1544424300,383.84,384,382.25,384,1130
2018-12-10 13:15:00,1544427900,384,384,383.45,384,1650
2018-12-10 14:15:00,1544431500,384,386,382.02,383,5615
2018-12-10 15:15:00,1544435100,384,384,381,381,2280
2018-12-11 09:15:00,1544499900,380,381.91,378.02,380,6150
2018-12-11 10:15:00,1544503500,380,382,378.8,382,3500
2018-12-11 11:15:00,1544507100,382,385,381.17,384,4010
2018-12-11 12:15:00,1544510700,384,386,383.25,385.98,5190
2018-12-11 13:15:00,1544514300,385.98,387.79,384,384.2,3700
2018-12-11 14:15:00,1544517900,384.2,387.02,381.93,387,7165
2018-12-11 15:15:00,1544521500,387,389,387,388.98,1230
2018-12-12 09:15:00,1544586300,389,391.6,387.14,390.99,4320
2018-12-12 10:15:00,1544589900,390.99,391.6,389.78,391.58,4735
2018-12-12 11:15:00,1544593500,391.58,395.8,391.57,393.22,5105
2018-12-12 12:15:00,1544597100,393.22,394,393.22,393.4,490
2018-12-12 13:15:00,1544600700,393.4,399.4,389.6,390.58,11700
2018-12-12 14:15:00,1544604300,390.58,392.39,390.2,391,4275
2018-12-12 15:15:00,1544607900,390.48,391,389.6,389.6,3050
2018-12-13 09:15:00,1544672700,394.02,397.4,392.11,394.89,3720
2018-12-13 10:15:00,1544676300,394.89,394.89,392,393.81,3095
2018-12-13 11:15:00,1544679900,393.81,395,392.98,393.79,1245
2018-12-13 12:15:00,1544683500,393.6,395,393.6,394.4,920
2018-12-13 13:15:00,1544687100,394.4,396.4,394,394,2230
2018-12-13 14:15:00,1544690700,394,394.6,392.28,393.78,2975
2018-12-13 15:15:00,1544694300,393.78,393.78,389.6,392,1590
2018-12-14 09:15:00,1544759100,392,393.85,390,390.1,1740
2018-12-14 10:15:00,1544762700,390.2,390.59,389.6,389.61,1175
2018-12-14 11:15:00,1544766300,389.61,391.4,389.6,391.4,715
2018-12-14 12:15:00,1544769900,391.4,392,391.25,391.33,470
2018-12-14 13:15:00,1544773500,391.33,392,391.1,391.17,1065
2018-12-14 14:15:00,1544777100,391.17,393.8,390.11,392,2885
2018-12-14 15:15:00,1544780700,392,393.77,391,392,1820
2018-12-17 09:15:00,1545018300,395,397.47,392,393.24,3915
2018-12-17 10:15:00,1545021900,393.45,394.9,392.88,394.6,1485
2018-12-17 11:15:00,1545025500,394.8,394.9,394.1,394.1,915
2018-12-17 12:15:00,1545029100,394.1,408,394,405.54,75275
2018-12-17 13:15:00,1545032700,405.54,405.96,401.61,403.39,6485
2018-12-17 14:15:00,1545036300,403.39,405.19,402.32,403.78,7535
2018-12-17 15:15:00,1545039900,403.78,403.9,400,400,4645
2018-12-18 09:15:00,1545104700,402.37,402.43,396.5,399.73,5195
2018-12-18 10:15:00,1545108300,399.73,410.98,398,409,11495
2018-12-18 11:15:00,1545111900,409.33,409.6,402.82,405.6,5570
2018-12-18 12:15:00,1545115500,405.6,407.07,404.44,406.75,56490
2018-12-18 13:15:00,1545119100,406.75,409,405.28,408.5,3045
2018-12-18 14:15:00,1545122700,408.2,408.47,403.62,405.96,7690
2018-12-18 15:15:00,1545126300,405.96,408.2,404.65,408,3600
2018-12-19 09:15:00,1545191100,409,437.6,407.82,437,56665
2018-12-19 10:15:00,1545194700,437,437,425,428.79,62710
2018-12-19 11:15:00,1545198300,428.79,430.14,426.22,427.6,8035
2018-12-19 12:15:00,1545201900,427.6,427.87,421.73,425.8,109905
2018-12-19 13:15:00,1545205500,426.59,426.6,424.02,425.97,10615
2018-12-19 14:15:00,1545209100,425.97,426,423.09,424.99,14555
2018-12-19 15:15:00,1545212700,424,425.78,422,424,8480
2018-12-20 09:15:00,1545277500,424.4,440.68,422.2,436.87,81565
2018-12-20 10:15:00,1545281100,436.87,437.4,428.88,433.39,31295
2018-12-20 11:15:00,1545284700,433.39,433.9,424.42,429.27,18510
2018-12-20 12:15:00,1545288300,429.27,430.53,428,429.26,4015
2018-12-20 13:15:00,1545291900,429.47,429.98,424.44,426.33,4480
2018-12-20 14:15:00,1545295500,426.33,426.98,424,426.98,15370
2018-12-20 15:15:00,1545299100,426.8,427.6,416.2,417.98,21310
2018-12-21 09:15:00,1545363900,423,437.01,422.41,431.04,52635
2018-12-21 10:15:00,1545367500,432.4,432.4,421.4,426.61,35570
2018-12-21 11:15:00,1545371100,426.61,427.52,425.21,426.97,5590
2018-12-21 12:15:00,1545374700,426.97,427.42,426.4,426.6,1740
2018-12-21 13:15:00,1545378300,426.6,427,425,426,9555
2018-12-21 14:15:00,1545381900,426,431,425.6,428.89,72940
2018-12-21 15:15:00,1545385500,428.89,433.77,428.51,431,37230
2018-12-24 09:15:00,1545623100,438,439,426.38,430.02,32565
2018-12-24 10:15:00,1545626700,430.8,433.5,424.91,427.9,17135
2018-12-24 11:15:00,1545630300,427.9,428.72,423.2,425.02,6435
2018-12-24 12:15:00,1545633900,425.02,427.59,424.81,425.6,2560
2018-12-24 13:15:00,1545637500,425.6,428,424.93,426.86,8275
2018-12-24 14:15:00,1545641100,426.13,426.82,420,422,13875
2018-12-24 15:15:00,1545644700,422,422.27,416.2,418.97,7420
2018-12-26 09:15:00,1545795900,423.2,423.2,409.82,412.44,16670
2018-12-26 10:15:00,1545799500,412.44,413.99,411.02,412.67,4775
2018-12-26 11:15:00,1545803100,412.67,413.36,411.04,412.8,36330
2018-12-26 12:15:00,1545806700,412.8,413.01,411,411.89,3900
2018-12-26 13:15:00,1545810300,411.89,413.98,411,411.6,4470
2018-12-26 14:15:00,1545813900,411.6,414.2,411.03,413.76,5180
2018-12-26 15:15:00,1545817500,413.76,413.76,410,412,6395
2018-12-27 09:15:00,1545882300,416.38,416.38,410.51,415.2,10115
2018-12-27 10:15:00,1545885900,415.2,415.4,415,415.4,5545
2018-12-27 11:15:00,1545889500,415.4,415.4,415,415,2020
2018-12-27 12:15:00,1545893100,415,415.4,415,415.4,1755
2018-12-27 13:15:00,1545896700,415.4,417.77,415,415.61,4035
2018-12-27 14:15:00,1545900300,415.61,418,414.61,417.58,6865
2018-12-27 15:15:00,1545903900,417.58,417.58,412.2,416.79,3525
2018-12-28 09:15:00,1545968700,414.41,422,414,417.65,8650
2018-12-28 10:15:00,1545972300,417.65,418.4,417,417.6,4085
2018-12-28 11:15:00,1545975900,417.6,418,415.02,415.5,3920
2018-12-28 12:15:00,1545979500,415.79,416.77,415.04,415.39,1645
2018-12-28 13:15:00,1545983100,415.4,416.03,412.41,413.97,3495
2018-12-28 14:15:00,1545986700,413.97,414.8,410.4,414.4,8760
2018-12-28 15:15:00,1545990300,414.59,414.77,410.45,410.5,3215
2018-12-31 09:15:00,1546227900,412.6,414.8,411.03,411.4,3135
2018-12-31 10:15:00,1546231500,411.4,412,410,411.99,3580
2018-12-31 11:15:00,1546235100,411.99,412,410.1,410.9,690
2018-12-31 12:15:00,1546238700,410.9,411.7,409.8,411.01,2325
2018-12-31 13:15:00,1546242300,411.01,413.75,411,412.6,2175
2018-12-31 14:15:00,1546245900,412.6,413.8,411.6,412.39,3025
2018-12-31 15:15:00,1546249500,412.39,412.79,412,412.02,2180
2019-01-01 09:15:00,1546314300,412.58,414.63,408.2,408.93,2990
2019-01-01 10:15:00,1546317900,408.93,409.13,408,408.2,2830
2019-01-01 11:15:00,1546321500,408.2,408.79,408,408.5,1825
2019-01-01 12:15:00,1546325100,408.5,408.8,408.01,408.58,1490
2019-01-01 13:15:00,1546328700,408.58,409.3,408.2,408.62,1125
2019-01-01 14:15:00,1546332300,408.62,409.8,408.3,409,2935
2019-01-01 15:15:00,1546335900,409,409.4,407,407,3175
2019-01-02 09:15:00,1546400700,410,412,404,406.4,6170
2019-01-02 10:15:00,1546404300,406.4,408.39,406.03,407.32,2110
2019-01-02 11:15:00,1546407900,407.32,407.51,404,406.41,2315
2019-01-02 12:15:00,1546411500,406.41,407.32,405.7,407.32,910
2019-01-02 13:15:00,1546415100,407.32,407.32,404.32,404.61,995
2019-01-02 14:15:00,1546418700,404.59,407,403.21,403.99,5170
2019-01-02 15:15:00,1546422300,403.99,403.99,400.41,401,4930
2019-01-03 09:15:00,1546487100,403.6,405.95,400.92,403.11,5170
2019-01-03 10:15:00,1546490700,403.11,407.8,402.57,407,10075
2019-01-03 11:15:00,1546494300,407,407.8,406.35,407.01,3765
2019-01-03 12:15:00,1546497900,407.01,407.6,407,407.04,2290
2019-01-03 13:15:00,1546501500,407.04,407.46,407,407.24,2155
2019-01-03 14:15:00,1546505100,407.24,407.91,406.85,407.01,4340
2019-01-03 15:15:00,1546508700,407.01,407.73,406.02,407.6,2865
2019-01-04 09:15:00,1546573500,407.6,409.11,406.53,408.17,10450
2019-01-04 10:15:00,1546577100,408.17,411,407.43,409,3240
2019-01-04 11:15:00,1546580700,409,409.3,408,408.93,1300
2019-01-04 12:15:00,1546584300,408.25,410.02,408.04,409.22,670
2019-01-04 13:15:00,1546587900,409.22,409.95,408.8,408.8,905
2019-01-04 14:15:00,1546591500,408.18,410.65,408.01,409,5160
2019-01-04 15:15:00,1546595100,408.49,409,408.2,408.2,2775
2019-01-07 09:15:00,1546832700,412.02,413.73,408.04,408.04,4245
2019-01-07 10:15:00,1546836300,408.04,409.58,408,408,1265
2019-01-07 11:15:00,1546839900,408.02,409.79,408,408.24,1530
2019-01-07 12:15:00,1546843500,408.24,409.58,408.2,408.55,355
2019-01-07 13:15:00,1546847100,408.53,408.53,406,406.31,1015
2019-01-07 14:15:00,1546850700,406.31,406.41,398,399.21,9515
2019-01-07 15:15:00,1546854300,399.21,403,398.06,402.2,19650
2019-01-08 09:15:00,1546919100,402,404.6,398.41,403.21,3210
2019-01-08 10:15:00,1546922700,403.21,403.7,402,402.3,13875
2019-01-08 11:15:00,1546926300,402,403.51,402,402.36,400
2019-01-08 12:15:00,1546929900,402.36,403.8,402.2,403.6,160575
2019-01-08 13:15:00,1546933500,403.6,403.79,402.2,403.34,7285
2019-01-08 14:15:00,1546937100,403,404.2,402.2,403.8,2570
2019-01-08 15:15:00,1546940700,403.8,403.8,402.2,402.2,1720
2019-01-09 09:15:00,1547005500,404.2,404.55,400.2,404.55,2975
2019-01-09 10:15:00,1547009100,404.55,405,404,404.04,1065
2019-01-09 11:15:00,1547012700,404.04,404.96,404,404.05,1050
2019-01-09 12:15:00,1547016300,404.05,411.97,404,411.97,7610
2019-01-09 13:15:00,1547019900,411.8,414.71,410.21,410.81,17310
2019-01-09 14:15:00,1547023500,410.81,425,410.48,425,29270
2019-01-09 15:15:00,1547027100,422.58,423.4,417,417.4,11755
2019-01-10 09:15:00,1547091900,415.22,419.4,414.02,414.42,6870
2019-01-10 10:15:00,1547095500,414.42,417.05,414.42,415.96,1005
2019-01-10 11:15:00,1547099100,415.96,416.98,414.99,415.04,2275
2019-01-10 12:15:00,1547102700,415.04,415.21,415.02,415.1,680
2019-01-10 13:15:00,1547106300,415.78,415.8,415,415.8,1190
2019-01-10 14:15:00,1547109900,415.8,416,414.92,415.79,1805
2019-01-10 15:15:00,1547113500,415.79,416,414.92,416,1585
2019-01-11 09:15:00,1547178300,412,418.8,411.63,412.83,4035
2019-01-11 10:15:00,1547181900,412.83,414,411.7,412.1,920
2019-01-11 11:15:00,1547185500,412.1,413.04,411.75,412.71,225
2019-01-11 12:15:00,1547189100,412.71,412.71,412.14,412.14,65
2019-01-11 13:15:00,1547192700,412.14,413.55,410.14,412,3165
2019-01-11 14:15:00,1547196300,412,415,409.21,413.55,4430
2019-01-11 15:15:00,1547199900,412.4,415,411.4,415,2060
2019-01-14 09:15:00,1547437500,415,415,409.02,409.02,1790
2019-01-14 10:15:00,1547441100,409.02,410.84,409,409.8,3125
2019-01-14 11:15:00,1547444700,409.8,410.6,409.8,410.6,410
2019-01-14 12:15:00,1547448300,409.8,411.04,409.8,409.8,2080
2019-01-14 13:15:00,1547451900,409.8,411,409.71,410.53,995
2019-01-14 14:15:00,1547455500,410.07,411.03,408.18,411.03,2250
2019-01-14 15:15:00,1547459100,411.03,413.6,409.2,413.6,2390
2019-01-15 09:15:00,1547523900,415.2,420.2,413.8,416.36,9455
2019-01-15 10:15:00,1547527500,416.36,416.39,414.72,414.8,940
2019-01-15 11:15:00,1547531100,415.66,434,415.14,430.6,70970
2019-01-15 12:15:00,1547534700,430.6,437.74,428.23,431.3,65730
2019-01-15 13:15:00,1547538300,431.3,435.05,429.99,430.79,34920
2019-01-15 14:15:00,1547541900,430.79,434,430.24,432,19620
2019-01-15 15:15:00,1547545500,432.01,435,430.66,433.02,21190
2019-01-16 09:15:00,1547610300,433.7,438,433.35,436,19320
2019-01-16 10:15:00,1547613900,436,436.98,435.02,436,6920
2019-01-16 11:15:00,1547617500,436,436.6,435.12,436.6,6230
2019-01-16 12:15:00,1547621100,436.6,442,435.04,438.99,35485
2019-01-16 13:15:00,1547624700,438.99,440.63,438.99,440.05,8975
2019-01-16 14:15:00,1547628300,440.05,440.98,438.62,440,11545
2019-01-16 15:15:00,1547631900,440.02,443,439.77,441.98,6325
2019-01-17 09:15:00,1547696700,442,442.09,437.14,441,7855
2019-01-17 10:15:00,1547700300,441,441.29,439.19,439.24,1575
2019-01-17 11:15:00,1547703900,439.24,440.28,439.2,440,5375
2019-01-17 12:15:00,1547707500,440,440.01,439.21,440,6140
2019-01-17 13:15:00,1547711100,440,440,433.22,434.01,7090
2019-01-17 14:15:00,1547714700,434.01,436.8,433.4,436.4,3580
2019-01-17 15:15:00,1547718300,435.21,437.46,434.05,434.05,2640
2019-01-18 09:15:00,1547783100,430.02,437.6,430.02,435.01,2150
2019-01-18 10:15:00,1547786700,435,435.44,435,435,1780
2019-01-18 11:15:00,1547790300,435,437.57,434.96,436,2005
2019-01-18 12:15:00,1547793900,436,437.02,435,435,445
2019-01-18 13:15:00,1547797500,435,436.03,435,436,1655
2019-01-18 14:15:00,1547801100,436,437.4,435,435,2535
2019-01-18 15:15:00,1547804700,435,436,435,436,2625
2019-01-21 09:15:00,1548042300,436,437.89,435.05,435.77,2285
2019-01-21 10:15:00,1548045900,435.77,437,435.4,436.94,1695
2019-01-21 11:15:00,1548049500,436.94,436.94,435.4,435.82,2840
2019-01-21 12:15:00,1548053100,435.82,436.79,435.19,436.79,780
2019-01-21 13:15:00,1548056700,436.39,437.19,435.19,435.79,1920
2019-01-21 14:15:00,1548060300,435.79,436.79,435.19,436.16,4425
2019-01-21 15:15:00,1548063900,436.16,436.6,435.14,435.69,1820
2019-01-22 09:15:00,1548128700,435.01,436.51,434.37,435,2965
2019-01-22 10:15:00,1548132300,435,435.78,435,435,3835
2019-01-22 11:15:00,1548135900,435,436,435,435.53,2275
2019-01-22 12:15:00,1548139500,435.53,435.9,435,435,4425
2019-01-22 13:15:00,1548143100,435,435.4,435,435.2,1010
2019-01-22 14:15:00,1548146700,435.2,435.4,435,435.4,1550
2019-01-22 15:15:00,1548150300,435.4,435.8,435,435.8,1035
2019-01-23 09:15:00,1548215100,435.8,439.4,435,438.05,4525
2019-01-23 10:15:00,1548218700,438.05,452.35,436.41,449.98,29385
2019-01-23 11:15:00,1548222300,449.98,449.98,448.8,449,4325
2019-01-23 12:15:00,1548225900,449,451.6,448.8,449.72,37220
2019-01-23 13:15:00,1548229500,449.72,451.59,448.8,450,20585
2019-01-23 14:15:00,1548233100,450,450,445.64,448.55,11015
2019-01-23 15:15:00,1548236700,448.57,451,447.03,448.22,5090
2019-01-24 09:15:00,1548301500,450,455.8,450,452.6,11055
2019-01-24 10:15:00,1548305100,452.6,455,452.6,453.2,3705
2019-01-24 11:15:00,1548308700,453.2,454.32,453.01,453.02,2465
2019-01-24 12:15:00,1548312300,453.02,455,453.02,454.18,3190
2019-01-24 13:15:00,1548315900,454.18,454.77,453.01,453.23,1445
2019-01-24 14:15:00,1548319500,453.23,454.9,453.23,453.23,5710
2019-01-24 15:15:00,1548323100,453.23,454,453.23,453.3,4855
2019-01-25 09:15:00,1548387900,448.2,456.23,448.2,453.72,3075
2019-01-25 10:15:00,1548391500,453.72,453.8,453.22,453.23,1355
2019-01-25 11:15:00,1548395100,453.23,453.37,450.26,451.55,5775
2019-01-25 12:15:00,1548398700,451.55,452,449.45,450.41,4195
2019-01-25 13:15:00,1548402300,450.41,451.77,450.4,450.4,1955
2019-01-25 14:15:00,1548405900,450.4,452,440.53,449.99,7755
2019-01-25 15:15:00,1548409500,449.99,453.6,446.99,453.6,2005
2019-01-28 09:15:00,1548647100,446.43,447.8,446,447.2,8700
2019-01-28 10:15:00,1548650700,447.2,447.83,444,444,1690
2019-01-28 11:15:00,1548654300,444,445.19,443.41,443.41,4595
2019-01-28 12:15:00,1548657900,443.41,443.41,430,434.6,11575
2019-01-28 13:15:00,1548661500,434.6,435.97,433.6,433.6,4180
2019-01-28 14:15:00,1548665100,433.6,433.6,430,432.8,3990
2019-01-28 15:15:00,1548668700,432.8,436.2,432.02,436,3230
2019-01-29 09:15:00,1548733500,430,432.23,430,430,2910
2019-01-29 10:15:00,1548737100,430,431.24,430,430,1565
2019-01-29 11:15:00,1548740700,430,432,430,431.01,1075
2019-01-29 12:15:00,1548744300,431.01,431.6,430,430,735
2019-01-29 13:15:00,1548747900,430,430.75,430,430,630
2019-01-29 14:15:00,1548751500,430,439.18,430,439,5430
2019-01-29 15:15:00,1548755100,439,440,435.6,435.6,990
2019-01-30 09:15:00,1548819900,438.73,445.22,438.73,445.2,2550
2019-01-30 10:15:00,1548823500,445.2,449,445.2,445.2,1370
2019-01-30 11:15:00,1548827100,445.2,448.7,445.01,446,915
2019-01-30 12:15:00,1548830700,446,447.99,445.2,447.03,2155
2019-01-30 13:15:00,1548834300,447.03,447.03,446,446.92,670
2019-01-30 14:15:00,1548837900,446,447.16,440.03,442.22,3380
2019-01-30 15:15:00,1548841500,442.22,447.6,442.22,445.2,2420
2019-01-31 09:15:00,1548906300,445.18,454.99,445,451,7760
2019-01-31 10:15:00,1548909900,451,451.59,450.82,451.59,5675
2019-01-31 11:15:00,1548913500,451.59,452,450.35,450.83,1455
2019-01-31 12:15:00,1548917100,450.83,454,450,450.02,5655
2019-01-31 13:15:00,1548920700,450.02,452.89,449.97,449.99,50200
2019-01-31 14:15:00,1548924300,449.99,452,449.42,451.79,11735
2019-01-31 15:15:00,1548927900,451.79,459,451.37,458,11460
2019-02-01 09:15:00,1548992700,457.98,461.69,454.7,460.2,8955
2019-02-01 10:15:00,1548996300,460.2,461,460.2,460.35,2260
2019-02-01 11:15:00,1548999900,460.35,461.69,460,460,3015
2019-02-01 12:15:00,1549003500,460,465.6,460,463.11,100165
2019-02-01 13:15:00,1549007100,463.11,463.78,461.2,461.2,5255
2019-02-01 14:15:00,1549010700,461.2,464.94,459.4,461.62,17030
2019-02-01 15:15:00,1549014300,461.62,462.98,437.64,440.09,12455
2019-02-04 09:15:00,1549251900,446.01,464.88,446.01,460.01,10270
2019-02-04 10:15:00,1549255500,460.01,461.51,456.22,457.99,10635
2019-02-04 11:15:00,1549259100,457.99,458,448,448,5820
2019-02-04 12:15:00,1549262700,448,449.8,444.4,444.42,3045
2019-02-04 13:15:00,1549266300,444.42,447.39,444.33,445,3030
2019-02-04 14:15:00,1549269900,445,452.6,444.4,449.35,3095
2019-02-04 15:15:00,1549273500,449.35,449.35,443.4,447.6,2425
2019-02-05 09:15:00,1549338300,444,449.92,444,449.79,4390
2019-02-05 10:15:00,1549341900,449.79,450.59,449.45,449.45,625
2019-02-05 11:15:00,1549345500,449.45,452.78,449.45,451.88,1500
2019-02-05 12:15:00,1549349100,451.88,453,451.62,451.76,1325
2019-02-05 13:15:00,1549352700,451.76,452.99,447.42,447.42,2660
2019-02-05 14:15:00,1549356300,447.42,449.76,444.2,446.02,3575
2019-02-05 15:15:00,1549359900,446.02,446.79,445,445,1535
2019-02-06 09:15:00,1549424700,445.01,450,444.03,444.15,3850
2019-02-06 10:15:00,1549428300,444.02,444.02,440,440.98,1680
2019-02-06 11:15:00,1549431900,440.98,444,440.44,442.4,705
2019-02-06 12:15:00,1549435500,442.4,443,440,442.53,665
2019-02-06 13:15:00,1549439100,442.53,442.53,440,441,795
2019-02-06 14:15:00,1549442700,440.21,444,439.39,443.8,2780
2019-02-06 15:15:00,1549446300,443.8,445,440.46,443.97,2090
2019-02-07 09:15:00,1549511100,442.8,442.8,438.2,441.4,1125
2019-02-07 10:15:00,1549514700,440.45,442,440,441.99,1785
2019-02-07 11:15:00,1549518300,441.99,444.8,441,442.6,2845
2019-02-07 12:15:00,1549521900,442.6,442.6,437.79,437.79,1545
2019-02-07 13:15:00,1549525500,437.79,437.79,436,436,1420
2019-02-07 14:15:00,1549529100,436,437.24,434.95,436.04,3850
2019-02-07 15:15:00,1549532700,436.04,438,436,436.97,1015
2019-02-08 09:15:00,1549597500,430.6,435.02,430.4,432.79,1410
2019-02-08 10:15:00,1549601100,436.55,439.61,433.9,438.81,1500
2019-02-08 11:15:00,1549604700,438.81,444.51,436.57,444.51,1360
2019-02-08 12:15:00,1549608300,444.51,444.51,438,438.2,1040
2019-02-08 13:15:00,1549611900,438.2,439.19,437,438,435
2019-02-08 14:15:00,1549615500,438,444,433.17,436,2605
2019-02-08 15:15:00,1549619100,436,439,435,436,9570
2019-02-11 09:15:00,1549856700,438.7,436,430,432.97,3445
2019-02-11 10:15:00,1549860300,432.97,433.31,431.47,432,480
2019-02-11 11:15:00,1549863900,432,433.84,432,432.98,520
2019-02-11 12:15:00,1549867500,432.98,433.83,432,432.4,685
2019-02-11 13:15:00,1549871100,432.4,433.83,430.45,433.83,930
2019-02-11 14:15:00,1549874700,433.83,441,432.02,441,6770
2019-02-11 15:15:00,1549878300,441,443,436,438,1355
2019-02-12 09:15:00,1549943100,438,438.58,436,438.08,1690
2019-02-12 10:15:00,1549946700,438.08,438.99,435.4,436,840
2019-02-12 11:15:00,1549950300,436.01,438.07,436.01,436.62,265
2019-02-12 12:15:00,1549953900,436.62,436.62,436,436,235
2019-02-12 13:15:00,1549957500,436,437.06,435.04,436.2,545
2019-02-12 14:15:00,1549961100,436.2,440,435.56,437.69,2565
2019-02-12 15:15:00,1549964700,437.69,438.4,434,436,3540
2019-02-13 09:15:00,1550029500,431,434.98,431,432.49,505
2019-02-13 10:15:00,1550033100,432.49,435.01,432.47,435,380
2019-02-13 11:15:00,1550036700,435,436.39,434.31,436.39,490
2019-02-13 12:15:00,1550040300,436.39,436.4,433.01,436.4,550
2019-02-13 13:15:00,1550043900,436.4,436.4,433,433.99,475
2019-02-13 14:15:00,1550047500,433.99,433.99,432,433.81,780
2019-02-13 15:15:00,1550051100,433.81,434.51,432,434,1230
2019-02-14 09:15:00,1550115900,436,434,432,433.39,1495
2019-02-14 10:15:00,1550119500,433.39,433.98,431.68,432,370
2019-02-14 11:15:00,1550123100,433.2,433.98,432.59,432.84,465
2019-02-14 12:15:00,1550126700,432.83,433.48,432,432.61,135
2019-02-14 13:15:00,1550130300,432.61,433.63,431,432.6,1320
2019-02-14 14:15:00,1550133900,432.6,443.58,432.6,436.22,2955
2019-02-14 15:15:00,1550137500,436.22,438,432.01,434,915
2019-02-15 09:15:00,1550202300,439.99,437.44,432.02,434.37,640
2019-02-15 10:15:00,1550205900,434.37,437.49,432.2,433.4,875
2019-02-15 11:15:00,1550209500,433.4,433.4,432,432,265
2019-02-15 12:15:00,1550213100,432,433.39,432,433.39,320
2019-02-15 13:15:00,1550216700,433.39,436.2,433,434.95,220
2019-02-15 14:15:00,1550220300,434.95,434.96,432,433.85,780
2019-02-15 15:15:00,1550223900,433.85,433.85,432,432,790
2019-02-18 09:15:00,1550461500,433,445.95,433,441.53,3395
2019-02-18 10:15:00,1550465100,441.53,441.98,436.75,437.4,1605
2019-02-18 11:15:00,1550468700,437.4,439.8,436,437.63,1595
2019-02-18 12:15:00,1550472300,439.39,439.39,437.4,438.98,310
2019-02-18 13:15:00,1550475900,438.32,438.8,436,438.79,850
2019-02-18 14:15:00,1550479500,438.79,442,437.01,440,1985
2019-02-18 15:15:00,1550483100,440,441,432.01,437.2,2905
2019-02-19 09:15:00,1550547900,437,440.87,437,437.96,525
2019-02-19 10:15:00,1550551500,437.96,440,436.4,437.13,605
2019-02-19 11:15:00,1550555100,437.13,437.77,436.76,436.76,140
2019-02-19 12:15:00,1550558700,436.76,440.99,436.76,440.99,835
2019-02-19 13:15:00,1550562300,440.99,441.4,438.39,438.39,1710
2019-02-19 14:15:00,1550565900,438.4,440,437.17,440,1360
2019-02-19 15:15:00,1550569500,440,441,436.4,439,1965
2019-02-20 09:15:00,1550634300,453,456.79,448,449.79,27720
2019-02-20 10:15:00,1550637900,449.79,450,449.22,450,8680
2019-02-20 11:15:00,1550641500,450,450,447,450,5285
2019-02-20 12:15:00,1550645100,450,452.6,449.4,449.6,5985
2019-02-20 13:15:00,1550648700,449.6,449.79,448.2,448.8,2685
2019-02-20 14:15:00,1550652300,448.8,450,448.4,449.4,7100
2019-02-20 15:15:00,1550655900,449.4,450,444.4,446,3850
2019-02-21 09:15:00,1550720700,450.54,453.43,447,447,6460
2019-02-21 10:15:00,1550724300,447,447,445,446.13,515
2019-02-21 11:15:00,1550727900,446.13,446.69,445,445,500
2019-02-21 12:15:00,1550731500,445,447.12,445,447.12,540
2019-02-21 13:15:00,1550735100,447.12,447.12,445.63,446.8,315
2019-02-21 14:15:00,1550738700,446.8,454.79,446,449,6305
2019-02-21 15:15:00,1550742300,449,452,448.9,450,35560
2019-02-22 09:15:00,1550807100,450.01,453.42,445.6,449.6,1025
2019-02-22 10:15:00,1550810700,449.6,449.6,448.4,448.41,510
2019-02-22 11:15:00,1550814300,448.41,448.41,448,448.21,195
2019-02-22 12:15:00,1550817900,448.21,448.75,446,446.19,765
2019-02-22 13:15:00,1550821500,446.19,450,446.19,449.8,935
2019-02-22 14:15:00,1550825100,450,452.01,448.8,450.98,1985
2019-02-22 15:15:00,1550828700,450.98,452.01,450,452,975
2019-02-25 09:15:00,1551066300,451.8,454.99,448,448.17,1170
2019-02-25 10:15:00,1551069900,448.17,451,448,451,550
2019-02-25 11:15:00,1551073500,451,451,448,448.02,370
2019-02-25 12:15:00,1551077100,448.02,448.02,446,447.44,680
2019-02-25 13:15:00,1551080700,447.44,451,447,451,1250
2019-02-25 14:15:00,1551084300,451,451,446.65,448.76,1415
2019-02-25 15:15:00,1551087900,448.76,450,444,447.38,1135
2019-02-26 09:15:00,1551152700,438.2,438.72,436,436,3825
2019-02-26 10:15:00,1551156300,436.6,441.01,436,440.01,1395
2019-02-26 11:15:00,1551159900,440.01,440.01,436.95,439.45,480
2019-02-26 12:15:00,1551163500,439.45,439.45,438.02,439.43,30
2019-02-26 13:15:00,1551167100,439.43,441.99,436.04,441.19,3040
2019-02-26 14:15:00,1551170700,441.19,447.23,441,445,5725
2019-02-26 15:15:00,1551174300,445,448.6,445,445.82,1330
2019-02-27 09:15:00,1551239100,448.33,448,442.9,445,1160
2019-02-27 10:15:00,1551242700,445,446.87,445,446.87,850
2019-02-27 11:15:00,1551246300,447,447,445,445,1780
2019-02-27 12:15:00,1551249900,445,445.18,440.1,444.4,3030
2019-02-27 13:15:00,1551253500,444.4,444.4,441.77,443.2,2805
2019-02-27 14:15:00,1551257100,443,444,443,443.6,1900
2019-02-27 15:15:00,1551260700,443.6,443.6,443,443.4,4400
2019-02-28 09:15:00,1551325500,446.56,443.51,441.64,443.51,250
2019-02-28 10:15:00,1551329100,443.51,444.8,442.46,444.16,295
2019-02-28 11:15:00,1551332700,444.16,444.16,442.05,442.05,330
2019-02-28 12:15:00,1551336300,442.05,442.05,442,442,185
2019-02-28 13:15:00,1551339900,442,442.8,442,442,240
2019-02-28 14:15:00,1551343500,442,443.99,441,441,1215
2019-02-28 15:15:00,1551347100,441,441.98,441,441,1225
2019-03-01 09:15:00,1551411900,443.66,453.61,441,447.46,4520
2019-03-01 10:15:00,1551415500,447.46,451.99,447.46,450,3240
2019-03-01 11:15:00,1551419100,450,451.4,449.01,451.4,765
2019-03-01 12:15:00,1551422700,451.4,451.4,442,445.01,2535
2019-03-01 13:15:00,1551426300,445.01,449.8,445,449.2,2285
2019-03-01 14:15:00,1551429900,449.2,457.8,448.53,450.94,15445
2019-03-01 15:15:00,1551433500,450.94,451.68,450,450.4,3170
2019-03-05 09:15:00,1551757500,455.4,455.99,451.48,454,2650
2019-03-05 10:15:00,1551761100,454,463.8,454,461.6,24850
2019-03-05 11:15:00,1551764700,461.6,463.25,460,463.25,3405
2019-03-05 12:15:00,1551768300,463.25,471.98,462.28,467,11860
2019-03-05 13:15:00,1551771900,467,468.99,467,468,3260
2019-03-05 14:15:00,1551775500,468,475,467.98,471.4,22155
2019-03-05 15:15:00,1551779100,471.4,475,470,474.8,8100
2019-03-06 09:15:00,1551843900,472.4,481.2,472.4,478,11985
2019-03-06 10:15:00,1551847500,478,479.95,477.9,478.63,4120
2019-03-06 11:15:00,1551851100,478.63,479.96,463.03,469.02,8920
2019-03-06 12:15:00,1551854700,469.02,478.98,469,469.31,5540
2019-03-06 13:15:00,1551858300,469.31,472,468,469.11,8285
2019-03-06 14:15:00,1551861900,469.11,473.79,469.1,473.19,890
2019-03-06 15:15:00,1551865500,470.4,474,467,474,6090
2019-03-07 09:15:00,1551930300,469,474.99,465,472.98,3425
2019-03-07 10:15:00,1551933900,472.98,478.59,472.98,475.74,29065
2019-03-07 11:15:00,1551937500,475.74,476.62,474.01,476,2705
2019-03-07 12:15:00,1551941100,476,476.6,476,476,2325
2019-03-07 13:15:00,1551944700,476,478.4,476,476.02,1220
2019-03-07 14:15:00,1551948300,476.02,477.99,476,477.98,3315
2019-03-07 15:15:00,1551951900,477.98,479.98,476,476,4050
2019-03-08 09:15:00,1552016700,480,489.8,477.59,484,11165
2019-03-08 10:15:00,1552020300,483.2,492,483.14,490.13,149985
2019-03-08 11:15:00,1552023900,490.13,509.6,490.13,504.4,49070
2019-03-08 12:15:00,1552027500,504.4,505.31,497.76,499.12,12650
2019-03-08 13:15:00,1552031100,499.12,499.19,494.8,497.54,5195
2019-03-08 14:15:00,1552034700,497.54,500,495.01,495.62,12155
2019-03-08 15:15:00,1552038300,496.43,497.63,490.43,495.6,9435
2019-03-11 09:15:00,1552275900,498.4,505.2,494,496.2,13550
2019-03-11 10:15:00,1552279500,496.2,501.74,496.01,501,6080
2019-03-11 11:15:00,1552283100,501,501,496.8,499.01,5520
2019-03-11 12:15:00,1552286700,499.01,501.71,498.42,501.66,3310
2019-03-11 13:15:00,1552290300,501.66,503.2,500.4,503,5880
2019-03-11 14:15:00,1552293900,503,503.96,500.53,500.55,4650
2019-03-11 15:15:00,1552297500,500.55,501.6,496.8,497,5160
2019-03-12 09:15:00,1552362300,504.8,507.59,500.8,503.19,9565
2019-03-12 10:15:00,1552365900,503.19,507,502.33,507,3480
2019-03-12 11:15:00,1552369500,507,521.2,507,511.6,30160
2019-03-12 12:15:00,1552373100,511.6,515,511,513.4,7760
2019-03-12 13:15:00,1552376700,513.4,514,511.62,513.9,4170
2019-03-12 14:15:00,1552380300,513.9,513.99,510,510.85,10470
2019-03-12 15:15:00,1552383900,510.85,510.99,507.2,507.6,3695
2019-03-13 09:15:00,1552448700,511,511.99,505,507.64,3955
2019-03-13 10:15:00,1552452300,507.64,510.99,507.2,510.98,2545
2019-03-13 11:15:00,1552455900,510.98,511,509.03,510.2,1205
2019-03-13 12:15:00,1552459500,510.2,510.59,502.46,503,2050
2019-03-13 13:15:00,1552463100,503,503,502.4,502.51,1860
2019-03-13 14:15:00,1552466700,502.51,502.85,500,500,8460
2019-03-13 15:15:00,1552470300,500,502.14,500,500,3770
2019-03-14 09:15:00,1552535100,502.2,507.19,500,502.01,7210
2019-03-14 10:15:00,1552538700,502.01,504.02,500,504,4415
2019-03-14 11:15:00,1552542300,504,507.13,503.99,505.62,5135
2019-03-14 12:15:00,1552545900,505.62,509.6,505.01,508.49,4410
2019-03-14 13:15:00,1552549500,508.49,516,506.83,511,12255
2019-03-14 14:15:00,1552553100,511,511,504,508,6120
2019-03-14 15:15:00,1552556700,508,509.59,504.1,508,2130
2019-03-15 09:15:00,1552621500,502.2,512,502.2,505.55,2265
2019-03-15 10:15:00,1552625100,505.55,506.38,505,505,1095
2019-03-15 11:15:00,1552628700,505,505.79,504.4,505,405
2019-03-15 12:15:00,1552632300,505,505,503,504.59,630
2019-03-15 13:15:00,1552635900,504.59,505.17,503.2,505,630
2019-03-15 14:15:00,1552639500,505,506,500,500.97,10155
2019-03-15 15:15:00,1552643100,500.01,511.8,500,510,9225
2019-03-18 09:15:00,1552880700,504.11,508.84,504.11,506.79,1690
2019-03-18 10:15:00,1552884300,506.79,506.8,502,503.6,825
2019-03-18 11:15:00,1552887900,503.6,503.98,502.03,503.98,750
2019-03-18 12:15:00,1552891500,503.98,503.98,500,501.18,1655
2019-03-18 13:15:00,1552895100,501.18,502,500.2,501.78,675
2019-03-18 14:15:00,1552898700,501.78,508.65,500.21,506.95,4405
2019-03-18 15:15:00,1552902300,506.95,506.95,500.2,500.2,800
2019-03-19 09:15:00,1552967100,508.02,509.99,505,506.75,5790
2019-03-19 10:15:00,1552970700,506.75,507.11,505.02,505.6,675
2019-03-19 11:15:00,1552974300,505.6,506.32,505,506.3,1525
2019-03-19 12:15:00,1552977900,506.3,507.19,501.63,501.99,10035
2019-03-19 13:15:00,1552981500,501.99,502,500,501.8,3655
2019-03-19 14:15:00,1552985100,501.8,504.36,500.8,502.6,3700
2019-03-19 15:15:00,1552988700,502.6,502.6,500,500,3625
2019-03-20 09:15:00,1553053500,507.6,507.6,500,501.69,4645
2019-03-20 10:15:00,1553057100,501.69,502.27,500.55,502,25740
2019-03-20 11:15:00,1553060700,502,505.1,500.01,501.74,9495
2019-03-20 12:15:00,1553064300,501.74,502.6,501.74,502,415
2019-03-20 13:15:00,1553067900,502,503.4,502,502.99,6210
2019-03-20 14:15:00,1553071500,502.99,505.17,500.2,502.1,8665
2019-03-20 15:15:00,1553075100,502.1,502.26,500,500,3665
2019-03-22 09:15:00,1553226300,502,502,500,500.02,2680
2019-03-22 10:15:00,1553229900,500.02,501.04,492,494.73,5615
2019-03-22 11:15:00,1553233500,495.31,498.2,493.04,495.87,2665
2019-03-22 12:15:00,1553237100,495.87,497,495,496.78,2270
2019-03-22 13:15:00,1553240700,496.8,497.6,495.01,495.12,1730
2019-03-22 14:15:00,1553244300,495.12,500,492.44,492.44,5650
2019-03-22 15:15:00,1553247900,492.44,498,492,492.2,3340
2019-03-25 09:15:00,1553485500,493.8,493.8,483.01,484,3290
2019-03-25 10:15:00,1553489100,484,484,476.17,477.21,3480
2019-03-25 11:15:00,1553492700,477.22,479.54,474.48,474.7,2885
2019-03-25 12:15:00,1553496300,474.7,478,474.7,477.27,790
2019-03-25 13:15:00,1553499900,477.27,480,474.4,474.4,4995
2019-03-25 14:15:00,1553503500,474.4,476.49,474.4,474.5,1110
2019-03-25 15:15:00,1553507100,474.5,475.91,474.4,475,4355
2019-03-26 09:15:00,1553571900,470.4,480,470.4,477.31,4260
2019-03-26 10:15:00,1553575500,477.31,478.59,475.04,476.01,2335
2019-03-26 11:15:00,1553579100,476,476.02,473.11,476,7795
2019-03-26 12:15:00,1553582700,476,477.6,476,476.58,1150
2019-03-26 13:15:00,1553586300,476.58,477.6,475,475,2185
2019-03-26 14:15:00,1553589900,475,479,469,478.97,24420
2019-03-26 15:15:00,1553593500,478.97,489.94,474.01,488,15855
2019-03-27 09:15:00,1553658300,480.6,488.04,480.6,481.1,3025
2019-03-27 10:15:00,1553661900,481.1,483.55,481,482.26,1110
2019-03-27 11:15:00,1553665500,481.65,483.35,481,481,775
2019-03-27 12:15:00,1553669100,480.63,485.46,480.26,485.2,10875
2019-03-27 13:15:00,1553672700,485.2,485.2,476,476.55,3015
2019-03-27 14:15:00,1553676300,476.55,478.99,475,475.9,8305
2019-03-27 15:15:00,1553679900,475.9,475.91,462.81,463,5300
2019-03-28 09:15:00,1553744700,477.8,477.8,468.2,473.19,3590
2019-03-28 10:15:00,1553748300,473.19,473.22,470.27,470.4,1495
2019-03-28 11:15:00,1553751900,470.27,474.78,470.27,474.78,1315
2019-03-28 12:15:00,1553755500,474.78,475.22,474,474.44,1445
2019-03-28 13:15:00,1553759100,474.44,475.2,473,473.8,1990
2019-03-28 14:15:00,1553762700,473.8,480,470,473,15345
2019-03-28 15:15:00,1553766300,473,476.7,472,472,4360
2019-03-29 09:15:00,1553831100,470.2,477.11,470.02,474.09,4345
2019-03-29 10:15:00,1553834700,473.22,474.79,473,473.22,2805
2019-03-29 11:15:00,1553838300,473.22,473.22,473,473,4320
2019-03-29 12:15:00,1553841900,473,475.19,473,474,1755
2019-03-29 13:15:00,1553845500,474,475.2,470,470,13240
2019-03-29 14:15:00,1553849100,470,473.2,469,469.01,16955
2019-03-29 15:15:00,1553852700,469,471.98,468,470.37,4920
2019-04-01 09:15:00,1554090300,476.99,474.3,470.37,473.75,1145
2019-04-01 10:15:00,1554093900,473.74,480,473.74,475.99,3415
2019-04-01 11:15:00,1554097500,475.21,477.08,475.2,477.08,905
2019-04-01 12:15:00,1554101100,477.08,477.08,476,476,1400
2019-04-01 13:15:00,1554104700,476,477.82,475,476.01,2820
2019-04-01 14:15:00,1554108300,476.01,477.67,475,476,3945
2019-04-01 15:15:00,1554111900,476,476.06,475,475,3245
2019-04-02 09:15:00,1554176700,476,476,472.4,472.4,1620
2019-04-02 10:15:00,1554180300,472.4,477.21,472.4,476.34,1435
2019-04-02 11:15:00,1554183900,476.34,476.54,475,475.78,345
2019-04-02 12:15:00,1554187500,475.78,476.54,474,474.71,1005
2019-04-02 13:15:00,1554191100,474.71,478.98,474.71,475.21,2260
2019-04-02 14:15:00,1554194700,475.21,476.29,475,475.01,1435
2019-04-02 15:15:00,1554198300,475.01,479.99,475,475.01,2095
2019-04-03 09:15:00,1554263100,475.01,479,473.36,476.22,1315
2019-04-03 10:15:00,1554266700,476.22,477.32,476.2,476.2,510
2019-04-03 11:15:00,1554270300,476.2,477.27,476.2,477,360
2019-04-03 12:15:00,1554273900,477,477.4,475.01,475.01,1110
2019-04-03 13:15:00,1554277500,475.97,476.6,475.1,476,4505
2019-04-03 14:15:00,1554281100,476.01,478,473.41,473.41,6420
2019-04-03 15:15:00,1554284700,473.42,476.68,471,476,2555
2019-04-04 09:15:00,1554349500,476,476.02,473,473.26,1675
2019-04-04 10:15:00,1554353100,473.26,473.26,464.82,470.01,2990
2019-04-04 11:15:00,1554356700,470.01,474.9,470.01,472.12,3570
2019-04-04 12:15:00,1554360300,472.12,483.58,472.12,478.4,5510
2019-04-04 13:15:00,1554363900,478.4,478.4,476.27,476.72,685
2019-04-04 14:15:00,1554367500,476.72,479.99,474.27,479.59,12705
2019-04-04 15:15:00,1554371100,479.59,479.59,474.22,475,1880
2019-04-05 09:15:00,1554435900,473.2,478.2,473.2,474.85,1300
2019-04-05 10:15:00,1554439500,474.85,477.97,474.34,475.99,685
2019-04-05 11:15:00,1554443100,475.99,477.59,474,475.8,980
2019-04-05 12:15:00,1554446700,475.8,476.99,475.79,476.01,535
2019-04-05 13:15:00,1554450300,476.01,476.01,474.33,475.97,340
2019-04-05 14:15:00,1554453900,475.97,478.23,475.49,477.56,2085
2019-04-05 15:15:00,1554457500,477.56,482,476.36,482,1065
2019-04-08 09:15:00,1554695100,472.2,477.4,472.2,474.98,1210
2019-04-08 10:15:00,1554698700,474.98,476.97,474.45,476.02,940
2019-04-08 11:15:00,1554702300,476.02,477.2,476,476.88,225
2019-04-08 12:15:00,1554705900,476.88,477,476.02,477,345
2019-04-08 13:15:00,1554709500,477,479.34,477,478,830
2019-04-08 14:15:00,1554713100,478,478.23,476.8,476.98,1065
2019-04-08 15:15:00,1554716700,476.98,477.64,476.98,477,1265
2019-04-09 09:15:00,1554781500,473.21,475.97,473.21,475.81,640
2019-04-09 10:15:00,1554785100,474.9,482.7,474.2,482,3275
2019-04-09 11:15:00,1554788700,482,482,477.6,478.52,1300
2019-04-09 12:15:00,1554792300,478.52,478.52,476.98,476.98,505
2019-04-09 13:15:00,1554795900,476.22,478.41,476,477.99,935
2019-04-09 14:15:00,1554799500,477.99,477.99,476.01,477.8,885
2019-04-09 15:15:00,1554803100,477.8,477.8,475,476,2410
2019-04-10 09:15:00,1554867900,476,497,474,494.6,143250
2019-04-10 10:15:00,1554871500,494.6,494.6,482.61,483.41,10635
2019-04-10 11:15:00,1554875100,483.41,484,482.01,482.62,2735
2019-04-10 12:15:00,1554878700,482.62,483.77,482.2,482.4,2175
2019-04-10 13:15:00,1554882300,482.4,482.4,479.02,479.02,2365
2019-04-10 14:15:00,1554885900,479.02,483.99,478,479.99,10230
2019-04-10 15:15:00,1554889500,479.99,481.8,477.6,478,3625
2019-04-11 09:15:00,1554954300,480,483.55,478,479.34,2450
2019-04-11 10:15:00,1554957900,479.34,479.34,477.2,479,102415
2019-04-11 11:15:00,1554961500,479,479,477.72,479,160
2019-04-11 12:15:00,1554965100,479,479,477.8,478.99,25760
2019-04-11 13:15:00,1554968700,478.99,479,477.14,478,1620
2019-04-11 14:15:00,1554972300,478,478.99,477.61,478.5,1000
2019-04-11 15:15:00,1554975900,478.5,478.89,477,477,1390
2019-04-12 09:15:00,1555040700,480,480,477.7,479.01,515
2019-04-12 10:15:00,1555044300,479.01,479.98,479,479.76,375
2019-04-12 11:15:00,1555047900,479.76,491.8,479.1,491.58,7360
2019-04-12 12:15:00,1555051500,491.58,491.58,484,484.81,6735
2019-04-12 13:15:00,1555055100,484.81,485.99,480.2,482.51,5815
2019-04-12 14:15:00,1555058700,484,488,482.4,487.1,23490
2019-04-12 15:15:00,1555062300,486.64,488,464,470.2,77530
2019-04-15 09:15:00,1555299900,479.58,483.46,475.98,477,18285
2019-04-15 10:15:00,1555303500,477,477.2,473.7,474.84,6125
2019-04-15 11:15:00,1555307100,474.84,475.43,473,473.6,6825
2019-04-15 12:15:00,1555310700,473.6,474,473.1,473.6,1555
2019-04-15 13:15:00,1555314300,473.6,474.55,473.4,473.4,2480
2019-04-15 14:15:00,1555317900,473.2,473.2,470.4,471.97,7410
2019-04-15 15:15:00,1555321500,471.97,472,470,470.42,4795
2019-04-16 09:15:00,1555386300,470,473.02,468.07,468.9,4315
2019-04-16 10:15:00,1555389900,469,470.01,466.75,468,8025
2019-04-16 11:15:00,1555393500,468,471.87,468,470.63,3155
2019-04-16 12:15:00,1555397100,470.63,471.16,468,470,13655
2019-04-16 13:15:00,1555400700,470,471,469.06,469.4,25180
2019-04-16 14:15:00,1555404300,469.4,471.8,466,466,54895
2019-04-16 15:15:00,1555407900,466,466.98,465,465.79,2790
2019-04-18 09:15:00,1555559100,467.2,470.99,465.05,465.05,4460
2019-04-18 10:15:00,1555562700,465.05,469.09,465.05,468.03,1780
2019-04-18 11:15:00,1555566300,468,469.12,466.4,468,1620
2019-04-18 12:15:00,1555569900,468,468.4,468,468.4,535
2019-04-18 13:15:00,1555573500,468.4,469,467.53,468,50750
2019-04-18 14:15:00,1555577100,468,469.72,465.4,466,7990
2019-04-18 15:15:00,1555580700,466,468,464.93,468,3025
2019-04-22 09:15:00,1555904700,465,465.04,457,457.8,1940
2019-04-22 10:15:00,1555908300,457.65,458.68,457.21,457.21,1070
2019-04-22 11:15:00,1555911900,457.21,460.89,457.21,460.03,1000
2019-04-22 12:15:00,1555915500,460.03,461.98,460.03,460.61,625
2019-04-22 13:15:00,1555919100,460.61,464.94,460,462.64,2520
2019-04-22 14:15:00,1555922700,462.64,462.75,461.59,462.27,1615
2019-04-22 15:15:00,1555926300,462.27,463.72,461.66,462,2105
2019-04-23 09:15:00,1555991100,466.01,468.18,462.02,465.05,2145
2019-04-23 10:15:00,1555994700,465.05,465.98,463.9,463.9,51520
2019-04-23 11:15:00,1555998300,463.9,465,463.35,465,130
2019-04-23 12:15:00,1556001900,465,467,465,466,1555
2019-04-23 13:15:00,1556005500,466,466.38,464.2,464.2,925
2019-04-23 14:15:00,1556009100,464.2,465.47,463.01,463.01,1165
2019-04-23 15:15:00,1556012700,463.01,465,460,460,3680
2019-04-24 09:15:00,1556077500,465,465,459.6,459.62,775
2019-04-24 10:15:00,1556081100,459.61,461.8,459.41,460,1470
2019-04-24 11:15:00,1556084700,460,462.78,460,462,2175
2019-04-24 12:15:00,1556088300,462,468.65,462,462.01,3495
2019-04-24 13:15:00,1556091900,462.01,464.28,462,462.8,440
2019-04-24 14:15:00,1556095500,462.8,464.6,462.26,462.69,1115
2019-04-24 15:15:00,1556099100,462.69,463.19,462,462,1110
2019-04-25 09:15:00,1556163900,462.4,465.43,462,464.91,1500
2019-04-25 10:15:00,1556167500,464.91,470,464,469.98,3635
2019-04-25 11:15:00,1556171100,469.98,469.98,466.03,466.25,985
2019-04-25 12:15:00,1556174700,466.25,466.95,465,466,1325
2019-04-25 13:15:00,1556178300,466,468,465.2,466.24,1745
2019-04-25 14:15:00,1556181900,466.24,467,464,464.97,1655
2019-04-25 15:15:00,1556185500,464.98,469.89,464.98,469.49,3025
2019-04-26 09:15:00,1556250300,464.97,468.71,464.97,466.35,685
2019-04-26 10:15:00,1556253900,466.35,468.68,466.21,467.97,1495
2019-04-26 11:15:00,1556257500,467.98,467.98,466.66,466.66,385
2019-04-26 12:15:00,1556261100,466.66,470.99,466.66,470.21,2945
2019-04-26 13:15:00,1556264700,470.13,475,470,474.8,3915
2019-04-26 14:15:00,1556268300,474.8,484.79,473.06,473.06,12540
2019-04-26 15:15:00,1556271900,473.06,473.98,469.8,470,13610
2019-04-30 09:15:00,1556595900,476,476,466.01,468,1515
2019-04-30 10:15:00,1556599500,468,470,468,470,4365
2019-04-30 11:15:00,1556603100,470,470.02,469,470,17595
2019-04-30 12:15:00,1556606700,470,470.4,468.06,468.07,12250
2019-04-30 13:15:00,1556610300,468.07,468.23,468,468,1025
2019-04-30 14:15:00,1556613900,468,470.55,468,469,7810
2019-04-30 15:15:00,1556617500,469,470,469,469.98,920
2019-05-02 09:15:00,1556768700,469.98,469.98,464.43,468.8,775
2019-05-02 10:15:00,1556772300,469,470.6,468.01,470,8380
2019-05-02 11:15:00,1556775900,470,477.89,469.9,475.6,12340
2019-05-02 12:15:00,1556779500,475.6,475.6,468,469.69,1400
2019-05-02 13:15:00,1556783100,469.69,470,468.21,470,860
2019-05-02 14:15:00,1556786700,470,477,467.63,474.07,3070
2019-05-02 15:15:00,1556790300,474.07,475.11,473.81,474,800
2019-05-03 09:15:00,1556855100,477.98,474,469.19,470.4,400
2019-05-03 10:15:00,1556858700,470.4,473.99,470,472.5,1585
2019-05-03 11:15:00,1556862300,472.5,472.5,471.6,471.6,365
2019-05-03 12:15:00,1556865900,471.6,471.6,470.4,470.4,395
2019-05-03 13:15:00,1556869500,470.4,470.4,470.2,470.2,215
2019-05-03 14:15:00,1556873100,470.2,472,470.01,471,1445
2019-05-03 15:15:00,1556876700,471,471,470,470,695
2019-05-06 09:15:00,1557114300,470.6,470.6,460.79,468.19,1940
2019-05-06 10:15:00,1557117900,468.19,468.19,466.03,468,465
2019-05-06 11:15:00,1557121500,468,470,468,469,310
2019-05-06 12:15:00,1557125100,469,469,468,468.01,380
2019-05-06 13:15:00,1557128700,468.01,470.99,468,468.73,930
2019-05-06 14:15:00,1557132300,468.73,470.86,467.21,469.79,1850
2019-05-06 15:15:00,1557135900,469.79,469.79,468,468,380
2019-05-07 09:15:00,1557200700,470,470,468,468.4,990
2019-05-07 10:15:00,1557204300,468.4,469.24,468,469.19,530
2019-05-07 11:15:00,1557207900,469.19,469.42,467.8,469.41,720
2019-05-07 12:15:00,1557211500,469.41,469.41,468.01,468.02,150
2019-05-07 13:15:00,1557215100,468,468.71,467.4,467.4,805
2019-05-07 14:15:00,1557218700,467.4,468,466,466.19,1905
2019-05-07 15:15:00,1557222300,466,466.2,463,463,1145
2019-05-08 09:15:00,1557287100,463.61,465.16,458,460.11,2795
2019-05-08 10:15:00,1557290700,460.11,460.39,459,460,1795
2019-05-08 11:15:00,1557294300,460,460.72,459,460,1420
2019-05-08 12:15:00,1557297900,460,461.84,459.01,459.43,28060
2019-05-08 13:15:00,1557301500,459.43,460.01,458,459.23,8835
2019-05-08 14:15:00,1557305100,459.23,460,458.21,458.22,3955
2019-05-08 15:15:00,1557308700,458.22,458.64,456,456,1485
2019-05-09 09:15:00,1557373500,453.81,453.81,448.84,451.01,1930
2019-05-09 10:15:00,1557377100,451.01,452.6,450.62,451.74,410
2019-05-09 11:15:00,1557380700,451.74,453.6,451.74,453,750
2019-05-09 12:15:00,1557384300,452.61,453.2,452,453,1790
2019-05-09 13:15:00,1557387900,453,453.67,452.23,453.67,735
2019-05-09 14:15:00,1557391500,453.67,468.04,453.67,459.43,5880
2019-05-09 15:15:00,1557395100,459.43,460,454.02,455,1900
2019-05-10 09:15:00,1557459900,469.98,459.89,452.46,452.46,805
2019-05-10 10:15:00,1557463500,452.46,454.46,452.04,452.91,510
2019-05-10 11:15:00,1557467100,453.02,455.61,453.02,454.01,465
2019-05-10 12:15:00,1557470700,454.01,454.97,454,454,200
2019-05-10 13:15:00,1557474300,454,458,454,458,1735
2019-05-10 14:15:00,1557477900,458,460,454.95,455.15,1645
2019-05-10 15:15:00,1557481500,455.15,457.56,454,456,755
2019-05-13 09:15:00,1557719100,459.78,456,446.31,449.4,1995
2019-05-13 10:15:00,1557722700,449.4,450,448.4,450,6245
2019-05-13 11:15:00,1557726300,450,450,448.4,448.4,50700
2019-05-13 12:15:00,1557729900,448.4,449,447.33,449,825
2019-05-13 13:15:00,1557733500,449,449.95,449,449.02,420
2019-05-13 14:15:00,1557737100,449.02,451.37,447,449,4475
2019-05-13 15:15:00,1557740700,449.01,450.27,449,449,860
2019-05-14 09:15:00,1557805500,449,449.79,434.21,438.35,1890
2019-05-14 10:15:00,1557809100,438.35,444.59,436.82,443.2,1205
2019-05-14 11:15:00,1557812700,443.2,444,442,442,4210
2019-05-14 12:15:00,1557816300,442,442.01,441.2,442.01,300
2019-05-14 13:15:00,1557819900,442.01,448.79,442.01,448.6,1680
2019-05-14 14:15:00,1557823500,448.6,452,448.57,449.18,1490
2019-05-14 15:15:00,1557827100,449.18,452.66,449.18,450,13020
2019-05-15 09:15:00,1557891900,445.22,453.95,445.22,453.95,2050
2019-05-15 10:15:00,1557895500,453.8,456.75,453.8,455.4,1225
2019-05-15 11:15:00,1557899100,455.4,463.8,451,452.9,5650
2019-05-15 12:15:00,1557902700,452.9,453,451.2,452,170
2019-05-15 13:15:00,1557906300,452,456.96,452,455.53,1100
2019-05-15 14:15:00,1557909900,455.53,455.53,451.02,452,50760
2019-05-15 15:15:00,1557913500,452,452,445.44,445.44,1635
2019-05-16 09:15:00,1557978300,446,450.39,446,450.2,395
2019-05-16 10:15:00,1557981900,450.04,452.39,450,452.39,575
2019-05-16 11:15:00,1557985500,452.39,452.39,450.33,451.2,90
2019-05-16 12:15:00,1557989100,451.2,451.2,450.04,450.04,475
2019-05-16 13:15:00,1557992700,450.04,450.23,450.04,450.23,195
2019-05-16 14:15:00,1557996300,451,453.92,450.23,452.94,1460
2019-05-16 15:15:00,1557999900,452.55,463,452.55,457.81,2040
2019-05-17 09:15:00,1558064700,457.81,457.81,452.02,452.02,2575
2019-05-17 10:15:00,1558068300,452.02,453,452.02,452.04,1305
2019-05-17 11:15:00,1558071900,452.04,453,452.04,452.99,960
2019-05-17 12:15:00,1558075500,452.99,454.02,452.99,454.02,1090
2019-05-17 13:15:00,1558079100,454.02,456,453.08,456,1055
2019-05-17 14:15:00,1558082700,456,456,450.62,454,2445
2019-05-17 15:15:00,1558086300,454,454.58,450.62,452,880
2019-05-20 09:15:00,1558323900,460,463.21,459.68,462.2,2170
2019-05-20 10:15:00,1558327500,462.2,463.2,457,459.2,1690
2019-05-20 11:15:00,1558331100,459.2,474.8,458.51,467.48,6270
2019-05-20 12:15:00,1558334700,467.48,468.6,464.21,464.39,705
2019-05-20 13:15:00,1558338300,464.39,469.57,462.18,467.49,2140
2019-05-20 14:15:00,1558341900,467.49,471,465.9,470.03,2700
2019-05-20 15:15:00,1558345500,470.03,470.78,463.12,466.01,1715
2019-05-21 09:15:00,1558410300,470,473.99,456.61,458.59,4585
2019-05-21 10:15:00,1558413900,458.59,460,456.7,460,2150
2019-05-21 11:15:00,1558417500,460,460,455.82,457,805
2019-05-21 12:15:00,1558421100,457,458.07,456,457.56,765
2019-05-21 13:15:00,1558424700,456.99,458.14,448.8,451.97,7980
2019-05-21 14:15:00,1558428300,451.97,458.58,450.25,455.29,3370
2019-05-21 15:15:00,1558431900,455.29,459,453.79,459,1815
2019-05-22 09:15:00,1558496700,459,459,452.1,455.26,505
2019-05-22 10:15:00,1558500300,455.26,455.26,452.44,454.19,275
2019-05-22 11:15:00,1558503900,454.19,455,452.52,453.66,480
2019-05-22 12:15:00,1558507500,453.66,458.05,452.63,458.05,975
2019-05-22 13:15:00,1558511100,458.05,464.73,458.05,462.56,2995
2019-05-22 14:15:00,1558514700,462.4,463,458.72,463,3000
2019-05-22 15:15:00,1558518300,463,464,460.02,460.91,1120
2019-05-23 09:15:00,1558583100,465,469.8,465,467.62,1760
2019-05-23 10:15:00,1558586700,467.62,469.79,465.98,466,2550
2019-05-23 11:15:00,1558590300,466,466.6,460.48,460.49,1410
2019-05-23 12:15:00,1558593900,460.49,460.49,456.49,458,3050
2019-05-23 13:15:00,1558597500,458,460,457.01,459.67,2220
2019-05-23 14:15:00,1558601100,459.67,460.6,459.01,460.08,1025
2019-05-23 15:15:00,1558604700,460.08,463.4,460.01,463.4,400
2019-05-24 09:15:00,1558669500,466,472,461.22,467,5945
2019-05-24 10:15:00,1558673100,468,470,465.61,469.98,1480
2019-05-24 11:15:00,1558676700,469.98,470,468,468,1185
2019-05-24 12:15:00,1558680300,468,470.99,468,470.6,1720
2019-05-24 13:15:00,1558683900,470.6,474.8,470,473.2,4340
2019-05-24 14:15:00,1558687500,473.2,495.6,472.8,484.8,19875
2019-05-24 15:15:00,1558691100,484.8,488,482.86,485,4120
2019-05-27 09:15:00,1558928700,500,503.93,489.37,492,17165
2019-05-27 10:15:00,1558932300,492,500,489,497.8,10700
2019-05-27 11:15:00,1558935900,497.81,503,496,497.29,12110
2019-05-27 12:15:00,1558939500,497.29,497.29,489,490.11,7340
2019-05-27 13:15:00,1558943100,490.11,492.47,489.03,489.21,3755
2019-05-27 14:15:00,1558946700,489.21,490.99,480,482.03,11895
2019-05-27 15:15:00,1558950300,482.03,484.79,481,484.2,2235
2019-05-28 09:15:00,1559015100,489.1,492.93,484.9,489,57875
2019-05-28 10:15:00,1559018700,489,489.2,486.6,489.2,2025
2019-05-28 11:15:00,1559022300,489.2,500.2,487.27,491.24,56995
2019-05-28 12:15:00,1559025900,491.24,494,488.82,491.25,5360
2019-05-28 13:15:00,1559029500,490,493.36,489.81,492,12075
2019-05-28 14:15:00,1559033100,492,492.98,486.4,491,16345
2019-05-28 15:15:00,1559036700,491,491,490,490,1295
2019-05-29 09:15:00,1559101500,490.21,490.21,485,485,575
2019-05-29 10:15:00,1559105100,485,487.2,484,486.2,3370
2019-05-29 11:15:00,1559108700,486.2,487.16,486,486.05,485
2019-05-29 12:15:00,1559112300,486.05,487.74,485.96,486.01,230
2019-05-29 13:15:00,1559115900,486.01,494.8,486,494.8,3045
2019-05-29 14:15:00,1559119500,494.8,494.8,486,488,2710
2019-05-29 15:15:00,1559123100,488,490.2,488,489.2,1195
2019-05-30 09:15:00,1559187900,484,486.97,484,486.01,470
2019-05-30 10:15:00,1559191500,486.01,488,486,488,840
2019-05-30 11:15:00,1559195100,488,491.8,488,489.8,2800
2019-05-30 12:15:00,1559198700,489.8,491.8,489.8,490.6,4765
2019-05-30 13:15:00,1559202300,490.6,491.59,490.6,490.6,275
2019-05-30 14:15:00,1559205900,490.6,494,490.3,493.2,3040
2019-05-30 15:15:00,1559209500,493.2,496,491.55,491.55,2735
2019-05-31 09:15:00,1559274300,489,492.6,489,490.01,840
2019-05-31 10:15:00,1559277900,490.01,490.6,489,489,1045
2019-05-31 11:15:00,1559281500,489,489.2,483.3,483.3,1570
2019-05-31 12:15:00,1559285100,483.3,485.8,483.3,484.61,1940
2019-05-31 13:15:00,1559288700,484.61,486.01,484.6,485.81,4880
2019-05-31 14:15:00,1559292300,485.81,490.03,485.51,490.01,3590
2019-05-31 15:15:00,1559295900,490.01,490.59,486,486,3260
2019-06-03 09:15:00,1559533500,486,494.97,485.02,490.15,2565
2019-06-03 10:15:00,1559537100,490.15,493.61,490.15,492.41,850
2019-06-03 11:15:00,1559540700,492.41,493.38,491.6,491.89,690
2019-06-03 12:15:00,1559544300,491.89,492.4,489.21,492,76440
2019-06-03 13:15:00,1559547900,492,492,488.89,489.03,910
2019-06-03 14:15:00,1559551500,489.03,492.22,488.52,491.6,3880
2019-06-03 15:15:00,1559555100,491.6,492,486,486,815
2019-06-04 09:15:00,1559619900,486,490.51,484,485.05,64725
2019-06-04 10:15:00,1559623500,485.05,489.2,484,488.21,2455
2019-06-04 11:15:00,1559627100,488.21,488.53,484.4,485,630
2019-06-04 12:15:00,1559630700,485,487.61,484.4,485.09,595
2019-06-04 13:15:00,1559634300,485.09,487.98,485.09,485.18,635
2019-06-04 14:15:00,1559637900,485.18,486.2,483,483.31,1400
2019-06-04 15:15:00,1559641500,483.26,485,483.26,483.8,670
2019-06-06 09:15:00,1559792700,480.95,484.48,479.91,480.45,1355
2019-06-06 10:15:00,1559796300,480.45,481.29,479.86,481.29,565
2019-06-06 11:15:00,1559799900,480.67,484.4,480.67,483.6,395
2019-06-06 12:15:00,1559803500,484.39,484.39,480.52,483.59,755
2019-06-06 13:15:00,1559807100,483.59,483.59,480.43,481.12,520
2019-06-06 14:15:00,1559810700,481.12,489.8,481.12,485.6,3975
2019-06-06 15:15:00,1559814300,485.6,489.79,482.22,482.22,920
2019-06-07 09:15:00,1559879100,481,485.84,481,482.75,1415
2019-06-07 10:15:00,1559882700,482.75,483.8,481.66,482.01,780
2019-06-07 11:15:00,1559886300,482.01,485.78,482,485.2,131135
2019-06-07 12:15:00,1559889900,485.2,489.55,482,485.06,5465
2019-06-07 13:15:00,1559893500,485.06,485.06,480,480.01,1420
2019-06-07 14:15:00,1559897100,480.01,482.28,478.24,480.49,2540
2019-06-07 15:15:00,1559900700,480.48,485,479,479,1485
2019-06-10 09:15:00,1560138300,483,483.28,475.6,475.6,1420
2019-06-10 10:15:00,1560141900,475.6,475.99,474.45,474.81,480
2019-06-10 11:15:00,1560145500,474.81,475.99,472.65,472.66,1400
2019-06-10 12:15:00,1560149100,472.66,475.42,471.81,471.81,1080
2019-06-10 13:15:00,1560152700,471.81,471.83,466.34,468.19,1975
2019-06-10 14:15:00,1560156300,468.19,469.59,467,468.5,1840
2019-06-10 15:15:00,1560159900,468.5,469.98,465.81,469.04,1220
2019-06-11 09:15:00,1560224700,468.6,469.79,465.97,465.97,1680
2019-06-11 10:15:00,1560228300,465.97,466.38,461.04,465.21,1225
2019-06-11 11:15:00,1560231900,465.21,465.22,461,462.49,645
2019-06-11 12:15:00,1560235500,462.49,462.49,459.48,460.25,975
2019-06-11 13:15:00,1560239100,460.25,460.89,458.22,459.33,770
2019-06-11 14:15:00,1560242700,459.33,460.33,458.4,459.59,1265
2019-06-11 15:15:00,1560246300,459.59,464.58,458,458.6,5680
2019-06-12 09:15:00,1560311100,461.31,461.31,456.2,457.2,675
2019-06-12 10:15:00,1560314700,457.91,458.46,457.41,457.8,430
2019-06-12 11:15:00,1560318300,457.8,458,457.01,457.01,255
2019-06-12 12:15:00,1560321900,457.01,457.8,456.53,457.05,360
2019-06-12 13:15:00,1560325500,457.05,458.99,455.2,455.21,1760
2019-06-12 14:15:00,1560329100,455.21,457.28,454,456.76,1460
2019-06-12 15:15:00,1560332700,456.76,456.8,452.6,452.6,660
2019-06-13 09:15:00,1560397500,464.87,455.48,434,444.59,5210
2019-06-13 10:15:00,1560401100,444.76,445.79,443.07,443.6,1240
2019-06-13 11:15:00,1560404700,443.6,447.24,443.09,444.16,1450
2019-06-13 12:15:00,1560408300,444.16,445.59,443.99,443.99,1005
2019-06-13 13:15:00,1560411900,444,450,444,447.86,1435
2019-06-13 14:15:00,1560415500,447.86,458.94,447.73,454.1,2590
2019-06-13 15:15:00,1560419100,454.1,456,448,448,1865
2019-06-14 09:15:00,1560483900,444.2,449.39,444.2,449.11,780
2019-06-14 10:15:00,1560487500,449.11,449.11,444,444.59,1180
2019-06-14 11:15:00,1560491100,444.59,445.6,444.01,445.6,530
2019-06-14 12:15:00,1560494700,445.6,446.19,445.02,445.03,230
2019-06-14 13:15:00,1560498300,445.03,445.48,445,445.45,205
2019-06-14 14:15:00,1560501900,445.45,445.45,440,441.59,4090
2019-06-14 15:15:00,1560505500,441.59,442.58,440.2,441.8,1040
2019-06-17 09:15:00,1560743100,452,452,442.41,443.39,1475
2019-06-17 10:15:00,1560746700,443.39,443.41,435.04,442.2,3180
2019-06-17 11:15:00,1560750300,442.2,442.2,439,441.31,740
2019-06-17 12:15:00,1560753900,441.31,441.31,436.89,439,1785
2019-06-17 13:15:00,1560757500,439,439,433.61,435.38,2980
2019-06-17 14:15:00,1560761100,435.38,440.04,431.2,440,5520
2019-06-17 15:15:00,1560764700,440,444.6,440,444.29,2415
2019-06-18 09:15:00,1560829500,439.8,439.99,434.5,438.07,2375
2019-06-18 10:15:00,1560833100,436.6,439.89,436.6,439.54,2115
2019-06-18 11:15:00,1560836700,439.54,441.14,438.81,440,1635
2019-06-18 12:15:00,1560840300,440,440.6,435.35,437.99,6290
2019-06-18 13:15:00,1560843900,437.99,438,435.34,437.57,1595
2019-06-18 14:15:00,1560847500,437.57,443.48,434,439,3640
2019-06-18 15:15:00,1560851100,439,440,437.02,438,840
2019-06-19 09:15:00,1560915900,439.16,439.16,432.65,435.05,1290
2019-06-19 10:15:00,1560919500,435.05,435.99,434.54,434.54,530
2019-06-19 11:15:00,1560923100,434.54,435.53,432.73,432.73,1315
2019-06-19 12:15:00,1560926700,432.73,435,432.61,433.04,565
2019-06-19 13:15:00,1560930300,433.02,433.99,432.6,432.6,1180
2019-06-19 14:15:00,1560933900,432.04,435.44,428.71,432.97,2035
2019-06-19 15:15:00,1560937500,430.9,432.75,430,432.4,645
2019-06-20 09:15:00,1561002300,432.4,432.4,424.47,425.99,1425
2019-06-20 10:15:00,1561005900,425.99,426,424.21,424.65,1025
2019-06-20 11:15:00,1561009500,424.65,425.99,411.11,414.41,4350
2019-06-20 12:15:00,1561013100,414.41,423.49,414.4,422.29,2120
2019-06-20 13:15:00,1561016700,422.29,439,422.2,425,5520
2019-06-20 14:15:00,1561020300,425,430,422.06,429.8,34595
2019-06-20 15:15:00,1561023900,429.8,434,428,433.4,1890
2019-06-21 09:15:00,1561088700,438,433.4,427.79,431.16,395
2019-06-21 10:15:00,1561092300,431.16,434.4,431.16,434.34,585
2019-06-21 11:15:00,1561095900,434.34,434.99,434.34,434.99,185
2019-06-21 12:15:00,1561099500,434.99,438,434.59,437.07,870
2019-06-21 13:15:00,1561103100,437.07,448.15,437.06,444.2,3480
2019-06-21 14:15:00,1561106700,444.2,447.78,441.2,444.4,2680
2019-06-21 15:15:00,1561110300,444.4,444.99,440,440,1850
2019-06-24 09:15:00,1561347900,442.94,446,430,446,1270
2019-06-24 10:15:00,1561351500,446,457,446,455.4,3280
2019-06-24 11:15:00,1561355100,455.4,455.8,447.01,449.51,10530
2019-06-24 12:15:00,1561358700,449.51,451.27,449.51,450.62,13820
2019-06-24 13:15:00,1561362300,450.62,450.62,445.84,446.99,865
2019-06-24 14:15:00,1561365900,446.4,448.09,443,444.61,1420
2019-06-24 15:15:00,1561369500,444.61,452,444.61,452,790
2019-06-25 09:15:00,1561434300,448.49,448.49,438.58,442.2,540
2019-06-25 10:15:00,1561437900,442.2,449.8,442.2,446.32,415
2019-06-25 11:15:00,1561441500,446.32,446.32,443.21,443.99,133685
2019-06-25 12:15:00,1561445100,443.99,445.84,438.57,443.2,795
2019-06-25 13:15:00,1561448700,443.2,444.19,443.2,444.01,375
2019-06-25 14:15:00,1561452300,444,454.78,444,453.4,2755
2019-06-25 15:15:00,1561455900,453.4,453.4,444.4,444.8,3450
2019-06-26 09:15:00,1561520700,455.98,448.9,444.8,445.22,1095
2019-06-26 10:15:00,1561524300,445.22,447.02,445,445.02,860
2019-06-26 11:15:00,1561527900,445.02,447.06,445,445,9285
2019-06-26 12:15:00,1561531500,445,445.39,445,445.02,1100
2019-06-26 13:15:00,1561535100,445.02,455,445,446.86,1820
2019-06-26 14:15:00,1561538700,446.86,448.63,445.04,445.7,1290
2019-06-26 15:15:00,1561542300,445.7,446.76,445.02,445.02,1135
2019-06-27 09:15:00,1561607100,453,447.01,444,447,225
2019-06-27 10:15:00,1561610700,447,448.4,444.41,446.63,670
2019-06-27 11:15:00,1561614300,446.63,451,446.63,451,1060
2019-06-27 12:15:00,1561617900,451,451,448.29,450,1375
2019-06-27 13:15:00,1561621500,450,452,448,450.01,1810
2019-06-27 14:15:00,1561625100,450,457,450,452.7,6115
2019-06-27 15:15:00,1561628700,452.7,457,451.65,456,1840
2019-06-28 09:15:00,1561693500,448.2,457.59,448.2,453.02,595
2019-06-28 10:15:00,1561697100,453.02,454.59,453,454.01,160
2019-06-28 11:15:00,1561700700,454.01,454.01,451.92,451.92,455
2019-06-28 12:15:00,1561704300,451.92,452.99,451.8,451.8,155
2019-06-28 13:15:00,1561707900,451.8,453,448,448.4,1325
2019-06-28 14:15:00,1561711500,448.4,458,448,452.63,3345
2019-06-28 15:15:00,1561715100,452.63,454.97,452.2,452.2,1020
2019-07-01 09:15:00,1561952700,453.73,459.5,450.52,454.14,7610
2019-07-01 10:15:00,1561956300,454.14,455.09,452.8,455.09,520
2019-07-01 11:15:00,1561959900,455.09,455.1,451.01,452.01,830
2019-07-01 12:15:00,1561963500,452.01,453.99,451.21,453.99,845
2019-07-01 13:15:00,1561967100,453.99,453.99,452,452,205
2019-07-01 14:15:00,1561970700,452,456,450.01,454.73,2085
2019-07-01 15:15:00,1561974300,454.73,455.99,451.05,452.04,750
2019-07-02 09:15:00,1562039100,452.6,453.78,451.01,451.24,840
2019-07-02 10:15:00,1562042700,451.24,454,451.24,452.43,1145
2019-07-02 11:15:00,1562046300,452.43,456.54,452.42,456.38,1010
2019-07-02 12:15:00,1562049900,456.38,457,455.7,455.7,605
2019-07-02 13:15:00,1562053500,455.77,479.4,455.7,466,11560
2019-07-02 14:15:00,1562057100,466,468.8,460,462.84,5625
2019-07-02 15:15:00,1562060700,463,466.59,462,462,1620
2019-07-03 09:15:00,1562125500,462,468.6,462,466.6,2100
2019-07-03 10:15:00,1562129100,466.6,466.6,465,466.2,1285
2019-07-03 11:15:00,1562132700,466.2,468.6,464.22,466,2485
2019-07-03 12:15:00,1562136300,466,468.61,466,468.6,955
2019-07-03 13:15:00,1562139900,468.6,468.6,466,466.98,2035
2019-07-03 14:15:00,1562143500,466.98,470.42,466.98,468.3,8770
2019-07-03 15:15:00,1562147100,468.3,468.3,463.6,464,3545
2019-07-04 09:15:00,1562211900,471.55,467.61,464,467,470
2019-07-04 10:15:00,1562215500,467,467.6,467,467.46,80
2019-07-04 11:15:00,1562219100,467.46,467.46,466.03,466.5,405
2019-07-04 12:15:00,1562222700,466.5,469,465.81,465.81,2410
2019-07-04 13:15:00,1562226300,465.81,468,465.75,468,600
2019-07-04 14:15:00,1562229900,468,470.61,466.36,468,8050
2019-07-04 15:15:00,1562233500,468,472.4,467,467,5625
2019-07-05 09:15:00,1562298300,477.4,467,462.8,462.8,905
2019-07-05 10:15:00,1562301900,462.8,462.8,458.41,461.8,1105
2019-07-05 11:15:00,1562305500,461.8,463,461.01,463,465
2019-07-05 12:15:00,1562309100,463,463,457.99,460.02,7020
2019-07-05 13:15:00,1562312700,460.02,462,457.87,461.59,1250
2019-07-05 14:15:00,1562316300,461.59,468,458.66,465.74,3585
2019-07-05 15:15:00,1562319900,465.74,466.04,457.74,458.33,1335
2019-07-08 09:15:00,1562557500,458.33,462.24,457.33,457.33,565
2019-07-08 10:15:00,1562561100,457.33,457.33,448.39,449.53,955
2019-07-08 11:15:00,1562564700,449.53,452.96,446.77,452.41,1590
2019-07-08 12:15:00,1562568300,452.41,453,443,443.92,1650
2019-07-08 13:15:00,1562571900,443.92,448.99,443.88,447.62,5370
2019-07-08 14:15:00,1562575500,447.62,448.8,440.1,443.38,9140
2019-07-08 15:15:00,1562579100,443.38,447.7,440,440.8,1195
2019-07-09 09:15:00,1562643900,440.8,444.66,436.21,442.87,1055
2019-07-09 10:15:00,1562647500,442.21,442.8,441.2,442.39,505
2019-07-09 11:15:00,1562651100,442.39,444,442.39,443.13,460
2019-07-09 12:15:00,1562654700,443.13,444.2,441.06,441.06,1175
2019-07-09 13:15:00,1562658300,441.06,448,441.06,446.27,1710
2019-07-09 14:15:00,1562661900,446.27,447.47,443.36,444.73,665
2019-07-09 15:15:00,1562665500,444.73,446.6,443.83,443.83,795
2019-07-10 09:15:00,1562730300,448.9,454.47,446.2,446.25,815
2019-07-10 10:15:00,1562733900,446.25,447.71,446,447.1,365
2019-07-10 11:15:00,1562737500,447.1,452,447.1,449.59,1395
2019-07-10 12:15:00,1562741100,449.59,451.01,449.59,451,915
2019-07-10 13:15:00,1562744700,451,451.1,449.81,450.52,295
2019-07-10 14:15:00,1562748300,450.52,454.41,449.29,454.4,4225
2019-07-10 15:15:00,1562751900,454.4,454.4,448,453,995
2019-07-11 09:15:00,1562816700,457.79,458.6,446.31,458.19,2890
2019-07-11 10:15:00,1562820300,458.19,458.19,446.25,455,3015
2019-07-11 11:15:00,1562823900,455,456.15,452.2,455.78,2365
2019-07-11 12:15:00,1562827500,455.78,456.2,452.55,456.2,730
2019-07-11 13:15:00,1562831100,456.2,457.2,452.65,457.2,3490
2019-07-11 14:15:00,1562834700,457.2,457.2,452.54,456,2035
2019-07-11 15:15:00,1562838300,456,456.2,451.6,451.6,1790
2019-07-12 09:15:00,1562903100,457.8,457.83,444.01,445.99,2285
2019-07-12 10:15:00,1562906700,445.99,446.99,444.57,446,775
2019-07-12 11:15:00,1562910300,446,447.01,444.4,446.4,800
2019-07-12 12:15:00,1562913900,446.4,446.4,445.2,445.6,145
2019-07-12 13:15:00,1562917500,445.6,447.24,445.21,446.38,75
2019-07-12 14:15:00,1562921100,446.38,447.65,444.98,445.09,580
2019-07-12 15:15:00,1562924700,445.09,445.88,442.4,444,1045
2019-07-15 09:15:00,1563162300,445,447.12,440.04,440.16,1060
2019-07-15 10:15:00,1563165900,440.16,441.45,440.16,440.71,165
2019-07-15 11:15:00,1563169500,440.71,441.53,440.42,440.83,135
2019-07-15 12:15:00,1563173100,440.83,441.99,440.41,440.41,340
2019-07-15 13:15:00,1563176700,439,440.95,435.12,436.71,1740
2019-07-15 14:15:00,1563180300,436.71,438.34,434.02,434.55,1210
2019-07-15 15:15:00,1563183900,434.55,438.32,434.55,435.02,415
2019-07-16 09:15:00,1563248700,438.4,438.92,436.01,438.34,700
2019-07-16 10:15:00,1563252300,438.34,438.34,436.29,436.31,270
2019-07-16 11:15:00,1563255900,436.31,437.05,436,437.04,285
2019-07-16 12:15:00,1563259500,437.04,437.59,430.14,433.32,2480
2019-07-16 13:15:00,1563263100,433.32,443.65,432,441.28,3855
2019-07-16 14:15:00,1563266700,440.01,441.98,440,441.03,1145
2019-07-16 15:15:00,1563270300,440.92,442,440,441.8,1065
2019-07-17 09:15:00,1563335100,440,441.39,435,440.02,455
2019-07-17 10:15:00,1563338700,440.02,440.4,440,440.4,975
2019-07-17 11:15:00,1563342300,440.4,450,440,447.96,2850
2019-07-17 12:15:00,1563345900,447.96,449,443.25,443.4,2765
2019-07-17 13:15:00,1563349500,443.4,443.4,440,442.41,1220
2019-07-17 14:15:00,1563353100,442.41,444,440.99,441.23,780
2019-07-17 15:15:00,1563356700,441.25,442.18,440,440,700
2019-07-18 09:15:00,1563421500,440,442.78,437.22,440.21,735
2019-07-18 10:15:00,1563425100,440,440.4,440,440,355
2019-07-18 11:15:00,1563428700,440,442,440,441.98,350
2019-07-18 12:15:00,1563432300,441.98,441.98,440.41,440.6,205
2019-07-18 13:15:00,1563435900,440.6,440.6,440,440.23,1500
2019-07-18 14:15:00,1563439500,440.23,442.6,439.97,440.49,975
2019-07-18 15:15:00,1563443100,440.49,442.28,440,440,1185
2019-07-19 09:15:00,1563507900,440.4,444.59,438.92,440,1250
2019-07-19 10:15:00,1563511500,440,440.07,439.9,440.07,770
2019-07-19 11:15:00,1563515100,440.07,440.99,439.83,439.85,1555
2019-07-19 12:15:00,1563518700,440,440.01,437.2,440,55135
2019-07-19 13:15:00,1563522300,440,440.27,434.36,440,33075
2019-07-19 14:15:00,1563525900,440,440.61,439.41,440.02,1335
2019-07-19 15:15:00,1563529500,440.02,444.42,440.02,444.42,605
2019-07-22 09:15:00,1563767100,441.8,441.8,433,440.8,1465
2019-07-22 10:15:00,1563770700,440.8,441,439,440,11280
2019-07-22 11:15:00,1563774300,440,440.93,439.3,439.65,655
2019-07-22 12:15:00,1563777900,439.64,440,439.13,439.41,310
2019-07-22 13:15:00,1563781500,439.41,440.1,432.41,439.67,4260
2019-07-22 14:15:00,1563785100,439.67,441.82,439.01,440.83,1095
2019-07-22 15:15:00,1563788700,441.98,441.98,436.2,440,1015
2019-07-23 09:15:00,1563853500,440,441.36,436.57,441.36,1365
2019-07-23 10:15:00,1563857100,441.36,443.69,441.2,441.22,720
2019-07-23 11:15:00,1563860700,441.22,441.22,440,441.13,585
2019-07-23 12:15:00,1563864300,441.13,441.13,439.81,440.01,580
2019-07-23 13:15:00,1563867900,440.01,441.55,439.81,440.59,700
2019-07-23 14:15:00,1563871500,440.59,442,439.81,440.25,1000
2019-07-23 15:15:00,1563875100,440.25,441.99,439.01,440,620
2019-07-24 09:15:00,1563939900,440,440.01,437.6,440,12135
2019-07-24 10:15:00,1563943500,440,441.14,439.64,439.91,1675
2019-07-24 11:15:00,1563947100,439.91,440.63,439.23,439.65,135
2019-07-24 12:15:00,1563950700,439.65,442,439.41,442,440
2019-07-24 13:15:00,1563954300,442,442,439.97,441.15,830
2019-07-24 14:15:00,1563957900,441.15,441.6,440,440,915
2019-07-24 15:15:00,1563961500,440,441.79,439.03,439.03,705
2019-07-25 09:15:00,1564026300,449.8,445.22,439.03,444.2,795
2019-07-25 10:15:00,1564029900,444.2,444.4,437.1,440,27715
2019-07-25 11:15:00,1564033500,440,442.15,438.6,440,6070
2019-07-25 12:15:00,1564037100,440,440,439,440,6010
2019-07-25 13:15:00,1564040700,440,440,437.59,440,6160
2019-07-25 14:15:00,1564044300,440,440,438,440,7060
2019-07-25 15:15:00,1564047900,440,440,438.11,439,1347920
2019-07-26 09:15:00,1564112700,439,440.38,431.4,440,9670
2019-07-26 10:15:00,1564116300,440,440.4,438.11,440,11750
2019-07-26 11:15:00,1564119900,440,440.28,440,440,8410
2019-07-26 12:15:00,1564123500,440,440.02,439.61,440,8615
2019-07-26 13:15:00,1564127100,440,440.2,440,440,8430
2019-07-26 14:15:00,1564130700,440,440.99,439.38,440.01,11590
2019-07-26 15:15:00,1564134300,440,440.2,434.2,440,2840
2019-07-29 09:15:00,1564371900,441.12,441.14,436.22,440,3695
2019-07-29 10:15:00,1564375500,440,440,437.2,440,4560
2019-07-29 11:15:00,1564379100,440,440,439.06,440,4320
2019-07-29 12:15:00,1564382700,440,440,438.8,440,4055
2019-07-29 13:15:00,1564386300,440,441,439.23,440,3290
2019-07-29 14:15:00,1564389900,440,440.48,428.2,429.99,7885
2019-07-29 15:15:00,1564393500,429.99,431.99,411.31,420,5235
2019-07-30 09:15:00,1564458300,420,428,420,423.5,2035
2019-07-30 10:15:00,1564461900,424.37,424.4,417.81,419.18,1865
2019-07-30 11:15:00,1564465500,419.18,419.99,408,410.01,5735
2019-07-30 12:15:00,1564469100,410.01,411.96,408.2,410,8515
2019-07-30 13:15:00,1564472700,410,411,408.2,410,5810
2019-07-30 14:15:00,1564476300,410,410.01,404.2,409.74,6020
2019-07-30 15:15:00,1564479900,409.84,410.01,402,404.4,2510
2019-07-31 09:15:00,1564544700,408.62,408.62,397,397,1405
2019-07-31 10:15:00,1564548300,397,398.85,396.22,398.85,620
2019-07-31 11:15:00,1564551900,398.85,405.03,398,403.6,1260
2019-07-31 12:15:00,1564555500,403.6,405.79,402.38,405.79,1220
2019-07-31 13:15:00,1564559100,405.79,428,405,423.43,8290
2019-07-31 14:15:00,1564562700,423.43,427.57,422,425.14,3065
2019-07-31 15:15:00,1564566300,425.14,426.8,422.02,425.4,7610
2019-08-01 09:15:00,1564631100,425.4,425.4,404.2,404.93,7310
2019-08-01 10:15:00,1564634700,404.93,406.98,401,402.4,6025
2019-08-01 11:15:00,1564638300,402.4,404.38,401.5,404.38,735
2019-08-01 12:15:00,1564641900,404.38,404.6,401,403.4,1935
2019-08-01 13:15:00,1564645500,403.4,404.6,402.4,402.4,1900
2019-08-01 14:15:00,1564649100,402.4,404.6,397.81,400,4770
2019-08-01 15:15:00,1564652700,400,400,397,399.78,2920
2019-08-02 09:15:00,1564717500,398.87,398.87,390,392,2435
2019-08-02 10:15:00,1564721100,392,394.55,390,392.25,1925
2019-08-02 11:15:00,1564724700,392.25,395,390.23,391,1670
2019-08-02 12:15:00,1564728300,391,392.56,384.42,387.83,3510
2019-08-02 13:15:00,1564731900,387.83,388.27,386.4,387.01,1090
2019-08-02 14:15:00,1564735500,387.01,393.16,387.01,392.02,4675
2019-08-02 15:15:00,1564739100,392.02,393.38,392,393.38,3070
2019-08-05 09:15:00,1564976700,387.8,389.97,380.22,383,2525
2019-08-05 10:15:00,1564980300,383,383,380.22,380.8,885
2019-08-05 11:15:00,1564983900,380.8,380.99,378.26,379.65,1285
2019-08-05 12:15:00,1564987500,379.65,381.6,378.05,381.6,1520
2019-08-05 13:15:00,1564991100,381.6,385.22,381.59,384.96,525
2019-08-05 14:15:00,1564994700,384.96,387.26,381,382.6,1970
2019-08-05 15:15:00,1564998300,382.6,385.59,374,374,151970
2019-08-06 09:15:00,1565063100,387.99,388,377.2,384.41,1245
2019-08-06 10:15:00,1565066700,384.41,385.64,384,384,890
2019-08-06 11:15:00,1565070300,384,384,381.6,381.79,8410
2019-08-06 12:15:00,1565073900,381.79,382.93,379.01,379.01,1770
2019-08-06 13:15:00,1565077500,379.79,379.79,378,379.4,1255
2019-08-06 14:15:00,1565081100,379.4,383.7,377.73,377.99,4025
2019-08-06 15:15:00,1565084700,378.89,378.89,371.2,375.06,1740
2019-08-07 09:15:00,1565149500,376.87,380,374,377.62,2355
2019-08-07 10:15:00,1565153100,377.62,379.8,377.61,379.8,460
2019-08-07 11:15:00,1565156700,379,380,378.81,378.81,1105
2019-08-07 12:15:00,1565160300,378.4,378.8,376,377.57,990
2019-08-07 13:15:00,1565163900,377.57,378.43,376,376.69,950
2019-08-07 14:15:00,1565167500,376.69,378.37,375.67,375.67,750
2019-08-07 15:15:00,1565171100,375.67,377.4,370.2,373.6,1560
2019-08-08 09:15:00,1565235900,375,375.11,371,374.35,1500
2019-08-08 10:15:00,1565239500,374.35,375.27,374,374.84,380
2019-08-08 11:15:00,1565243100,375.73,375.73,372.4,373.48,645
2019-08-08 12:15:00,1565246700,373.48,373.48,371,371.65,440
2019-08-08 13:15:00,1565250300,371.65,375.74,370,371.26,1425
2019-08-08 14:15:00,1565253900,371.26,372.2,370,372.2,780
2019-08-08 15:15:00,1565257500,372.2,380.4,372.2,380.4,1150
2019-08-09 09:15:00,1565322300,378,384.19,378,380,1590
2019-08-09 10:15:00,1565325900,380,381.12,379.01,379.36,585
2019-08-09 11:15:00,1565329500,379.36,384.2,379.36,379.83,1995
2019-08-09 12:15:00,1565333100,379.85,381,379.23,379.24,1965
2019-08-09 13:15:00,1565336700,379.24,385.8,378,383.8,52575
2019-08-09 14:15:00,1565340300,383.8,394.99,383.05,385.68,7210
2019-08-09 15:15:00,1565343900,385.68,391.49,385.68,386.8,1090
2019-08-13 09:15:00,1565667900,388.23,388.23,312,378.4,9570
2019-08-13 10:15:00,1565671500,378.4,381.2,378.2,379.13,6625
2019-08-13 11:15:00,1565675100,379.13,381.77,378,380,13215
2019-08-13 12:15:00,1565678700,380,382.21,379.23,379.23,6820
2019-08-13 13:15:00,1565682300,379.23,381.9,377.03,377.2,16865
2019-08-13 14:15:00,1565685900,377.2,418,377.2,395,102595
2019-08-13 15:15:00,1565689500,395,406,390.42,400,20780
2019-08-14 09:15:00,1565754300,406.45,429.98,406.15,414.98,23320
2019-08-14 10:15:00,1565757900,414.98,417,414,415.4,5640
2019-08-14 11:15:00,1565761500,415.4,422.2,412.34,422,10065
2019-08-14 12:15:00,1565765100,422,468.8,422,461.56,126480
2019-08-14 13:15:00,1565768700,461.6,477,457,465.78,74480
2019-08-14 14:15:00,1565772300,465.78,478.11,463,471.6,88730
2019-08-14 15:15:00,1565775900,471.6,471.99,466.16,467.1,16970
2019-08-16 09:15:00,1565927100,467.1,481.99,465.98,472.4,74910
2019-08-16 10:15:00,1565930700,472.4,475.8,471.26,475,9190
2019-08-16 11:15:00,1565934300,475,475,473.4,473.79,6555
2019-08-16 12:15:00,1565937900,473.79,473.79,457.74,466,29100
2019-08-16 13:15:00,1565941500,466,467.53,460.67,466,10825
2019-08-16 14:15:00,1565945100,466,472.98,465.55,472.2,61950
2019-08-16 15:15:00,1565948700,472.2,476.22,471.03,472.1,62610
2019-08-19 09:15:00,1566186300,469.98,479,469.98,477,11940
2019-08-19 10:15:00,1566189900,477,477.8,465.93,471.8,12090
2019-08-19 11:15:00,1566193500,471.8,473.8,469.11,472.95,2985
2019-08-19 12:15:00,1566197100,472.95,472.99,468.59,472.21,5660
2019-08-19 13:15:00,1566200700,472.21,473.79,470.24,471.05,9305
2019-08-19 14:15:00,1566204300,471.05,472.28,468.11,468.82,9425
2019-08-19 15:15:00,1566207900,468.82,470.2,451.99,456,13930
2019-08-20 09:15:00,1566272700,458.8,458.8,447.03,449.4,11740
2019-08-20 10:15:00,1566276300,449.4,452.92,448.29,449.02,1455
2019-08-20 11:15:00,1566279900,449.02,449.99,443.21,443.21,3710
2019-08-20 12:15:00,1566283500,443.21,448,443,445.6,1585
2019-08-20 13:15:00,1566287100,445.6,448,445.5,448,2615
2019-08-20 14:15:00,1566290700,448,448,438.04,439.55,8935
2019-08-20 15:15:00,1566294300,439.55,447.04,435.01,446,9870
2019-08-21 09:15:00,1566359100,446,454,435.02,451.1,9235
2019-08-21 10:15:00,1566362700,450.61,453.17,446.41,450.77,3355
2019-08-21 11:15:00,1566366300,450.77,450.77,441.61,446,3535
2019-08-21 12:15:00,1566369900,446,450,442.85,445.41,8060
2019-08-21 13:15:00,1566373500,445.41,447.74,443.3,443.6,2050
2019-08-21 14:15:00,1566377100,443.41,444.09,440,444,9570
2019-08-21 15:15:00,1566380700,444,447.66,442,442,2790
2019-08-22 09:15:00,1566445500,443.6,443.6,434.43,440,4660
2019-08-22 10:15:00,1566449100,440,442.77,439,442.77,3060
2019-08-22 11:15:00,1566452700,442.77,452.76,442,450.37,6585
2019-08-22 12:15:00,1566456300,450.37,451.61,446,448.4,4600
2019-08-22 13:15:00,1566459900,448.4,474.33,448.4,464.99,34335
2019-08-22 14:15:00,1566463500,464.99,465,454.61,462.49,27185
2019-08-22 15:15:00,1566467100,462.49,462.8,460,462,8795
2019-08-23 09:15:00,1566531900,462,472,458.05,470.1,8740
2019-08-23 10:15:00,1566535500,470.79,470.8,462.05,466.89,3820
2019-08-23 11:15:00,1566539100,466.89,466.89,463.2,465.89,780
2019-08-23 12:15:00,1566542700,465.89,470,465,467.24,1415
2019-08-23 13:15:00,1566546300,467.24,470,465,469.77,5895
2019-08-23 14:15:00,1566549900,467,469.8,461.05,462,5795
2019-08-23 15:15:00,1566553500,462,469,460,460,3440
2019-08-26 09:15:00,1566791100,466,473.8,450,452.74,9885
2019-08-26 10:15:00,1566794700,452.74,471.86,452.74,467.49,7925
2019-08-26 11:15:00,1566798300,467.03,475.8,467,470.39,9440
2019-08-26 12:15:00,1566801900,470.39,472.14,465.26,470,2420
2019-08-26 13:15:00,1566805500,471.21,472.59,470.22,472.4,3800
2019-08-26 14:15:00,1566809100,476.13,483.47,471.6,478.59,63510
2019-08-26 15:15:00,1566812700,478.59,480.4,476.43,478,43995
2019-08-27 09:15:00,1566877500,471.37,496.98,470.32,493.98,31220
2019-08-27 10:15:00,1566881100,493.98,507,491.79,499.99,53440
2019-08-27 11:15:00,1566884700,499.99,502.8,492.3,502,17460
2019-08-27 12:15:00,1566888300,502,520,500.22,513.2,84980
2019-08-27 13:15:00,1566891900,513.2,513.2,504,505.24,7095
2019-08-27 14:15:00,1566895500,505.24,507.98,503.87,504.8,10960
2019-08-27 15:15:00,1566899100,504.8,519.6,500,518.8,42620
2019-08-28 09:15:00,1566963900,512,513.33,500.23,500.34,7845
2019-08-28 10:15:00,1566967500,500.34,504.99,498.2,504.2,3825
2019-08-28 11:15:00,1566971100,503.65,526.6,503.65,524.98,36325
2019-08-28 12:15:00,1566974700,524.98,524.98,517,519.99,11625
2019-08-28 13:15:00,1566978300,517.59,521.14,512.36,514,10075
2019-08-28 14:15:00,1566981900,514,537.8,513,536.99,47840
2019-08-28 15:15:00,1566985500,536.99,545,536.03,544.4,49015
2019-08-29 09:15:00,1567050300,544.8,560,540.54,548,62230
2019-08-29 10:15:00,1567053900,548,548.78,536.42,542,22690
2019-08-29 11:15:00,1567057500,542,548.8,539.26,545,38405
2019-08-29 12:15:00,1567061100,545,546.2,540.1,545.1,5195
2019-08-29 13:15:00,1567064700,545.1,545.1,541.61,543,4455
2019-08-29 14:15:00,1567068300,542.51,543.94,530,530.99,17525
2019-08-29 15:15:00,1567071900,530.78,530.78,520.6,523.8,11925
2019-08-30 09:15:00,1567136700,524.6,529.6,520.53,521.1,13575
2019-08-30 10:15:00,1567140300,520.6,521,516.95,517.74,5730
2019-08-30 11:15:00,1567143900,517.2,517.99,513.15,514.4,5450
2019-08-30 12:15:00,1567147500,514.4,527.95,514.4,522.61,12910
2019-08-30 13:15:00,1567151100,523.76,524,515.01,522,58150
2019-08-30 14:15:00,1567154700,522,539.8,520.6,530.65,21100
2019-08-30 15:15:00,1567158300,530.65,533.9,527,529,6235
2019-09-03 09:15:00,1567482300,538,538.96,519.95,528.85,13655
2019-09-03 10:15:00,1567485900,528.84,529.2,525,525.59,2615
2019-09-03 11:15:00,1567489500,525.59,534.27,525,534.27,3025
2019-09-03 12:15:00,1567493100,534.27,535.4,527.42,528.25,2820
2019-09-03 13:15:00,1567496700,528.25,534,528.04,531.4,2640
2019-09-03 14:15:00,1567500300,531.4,535.04,528.6,529.4,4645
2019-09-03 15:15:00,1567503900,529.4,530,526.6,530,3050
2019-09-04 09:15:00,1567568700,535,540,524.15,529.49,10525
2019-09-04 10:15:00,1567572300,529.49,530.99,526.8,527.61,1455
2019-09-04 11:15:00,1567575900,527.61,530.4,524.96,527.01,2275
2019-09-04 12:15:00,1567579500,527.01,527.6,520,524.8,3940
2019-09-04 13:15:00,1567583100,524.8,526.99,520.6,523.01,2755
2019-09-04 14:15:00,1567586700,523.01,524,522.6,523,3535
2019-09-04 15:15:00,1567590300,523,523,516,518.04,3465
2019-09-05 09:15:00,1567655100,523.8,525.2,515.6,517.98,3260
2019-09-05 10:15:00,1567658700,517.98,517.99,514.79,515.82,2610
2019-09-05 11:15:00,1567662300,515.82,516.6,505.6,506,4775
2019-09-05 12:15:00,1567665900,506,511.2,506,508.05,1040
2019-09-05 13:15:00,1567669500,508.05,510.6,508.05,510.54,1050
2019-09-05 14:15:00,1567673100,510.54,511.09,505.7,505.89,2870
2019-09-05 15:15:00,1567676700,505.89,508.7,500.2,503.98,2575
2019-09-06 09:15:00,1567741500,504,525.09,504,508.32,5695
2019-09-06 10:15:00,1567745100,508.32,509.6,506,508,2330
2019-09-06 11:15:00,1567748700,508,508.47,506,506.99,2740
2019-09-06 12:15:00,1567752300,506.99,507.61,499,502.62,4625
2019-09-06 13:15:00,1567755900,504.44,506,501.82,504.23,2445
2019-09-06 14:15:00,1567759500,504.23,507.2,499.02,507.2,14795
2019-09-06 15:15:00,1567763100,507.2,508.2,500,507.6,4075
2019-09-09 09:15:00,1568000700,504.4,510,503.6,509.98,2435
2019-09-09 10:15:00,1568004300,509.18,524.16,508.59,521.57,14750
2019-09-09 11:15:00,1568007900,521.57,522,518,519.99,3260
2019-09-09 12:15:00,1568011500,519.99,520,516.2,518.01,2665
2019-09-09 13:15:00,1568015100,518.01,519.8,515.99,519.41,4770
2019-09-09 14:15:00,1568018700,519.41,539.52,514,515,73605
2019-09-09 15:15:00,1568022300,515,520.19,513.13,513.13,5370
2019-09-11 09:15:00,1568173500,519.8,526.96,517.99,526.96,6205
2019-09-11 10:15:00,1568177100,526.96,530.37,526,529.21,7150
2019-09-11 11:15:00,1568180700,530,531.98,529.14,531,5165
2019-09-11 12:15:00,1568184300,531,532.77,531,531.78,3010
2019-09-11 13:15:00,1568187900,531.78,531.78,524,525,4525
2019-09-11 14:15:00,1568191500,525,526.21,519.04,520,7635
2019-09-11 15:15:00,1568195100,520,523.12,518,523,2540
2019-09-12 09:15:00,1568259900,525.78,529.79,520.81,520.81,3790
2019-09-12 10:15:00,1568263500,520.81,521.39,516,516,2580
2019-09-12 11:15:00,1568267100,516,516.59,509.8,510.4,3250
2019-09-12 12:15:00,1568270700,510.4,510.4,505.6,509.39,2610
2019-09-12 13:15:00,1568274300,509.8,511.79,507.61,509.99,1855
2019-09-12 14:15:00,1568277900,509.99,511.98,505.21,505.21,3635
2019-09-12 15:15:00,1568281500,505,509.19,500,504.4,3615
2019-09-13 09:15:00,1568346300,504.4,509.96,498,498,3835
2019-09-13 10:15:00,1568349900,498,501.8,498,499.15,905
2019-09-13 11:15:00,1568353500,499.15,504.2,498.7,501.64,1000
2019-09-13 12:15:00,1568357100,501.64,503.4,498.55,500.98,910
2019-09-13 13:15:00,1568360700,500.98,503,499.15,500.94,755
2019-09-13 14:15:00,1568364300,503.4,508,501.51,507.6,3865
2019-09-13 15:15:00,1568367900,507.6,508,500.2,502.2,1585
2019-09-16 09:15:00,1568605500,497.81,519.6,497.81,515.63,11475
2019-09-16 10:15:00,1568609100,515.63,518.01,512.73,514,2870
2019-09-16 11:15:00,1568612700,514,519,512,514.01,3785
2019-09-16 12:15:00,1568616300,514.01,516.75,510,514.46,3820
2019-09-16 13:15:00,1568619900,514.47,514.48,509.99,512.15,42475
2019-09-16 14:15:00,1568623500,514,514,508,508.22,22480
2019-09-16 15:15:00,1568627100,508.21,513,508,509,17110
2019-09-17 09:15:00,1568691900,512,512.32,506,509.16,1515
2019-09-17 10:15:00,1568695500,508.01,509.2,506,507.6,1440
2019-09-17 11:15:00,1568699100,507.6,507.98,504,504,765
2019-09-17 12:15:00,1568702700,504,506.2,501,501,1505
2019-09-17 13:15:00,1568706300,501,501.48,498.01,499.04,2420
2019-09-17 14:15:00,1568709900,499.04,500,489.81,490,6170
2019-09-17 15:15:00,1568713500,490,491.76,486,491.76,2480
2019-09-18 09:15:00,1568778300,504,517.69,496.02,509.01,81735
2019-09-18 10:15:00,1568781900,509.01,509.98,504.07,506,4625
2019-09-18 11:15:00,1568785500,506,509.4,504.4,506.56,4310
2019-09-18 12:15:00,1568789100,506.56,509.36,506.2,508.8,3755
2019-09-18 13:15:00,1568792700,508.8,514.96,506.22,510.8,15435
2019-09-18 14:15:00,1568796300,510.8,512,508.07,510.6,9565
2019-09-18 15:15:00,1568799900,510.6,510.61,506.07,506.07,9740
2019-09-19 09:15:00,1568864700,514,518,508,508.76,10165
2019-09-19 10:15:00,1568868300,508.76,508.76,505,506.32,1605
2019-09-19 11:15:00,1568871900,506.32,508.12,505.42,507.85,1080
2019-09-19 12:15:00,1568875500,507.93,507.93,507,507.8,720
2019-09-19 13:15:00,1568879100,507.8,510,506.38,508.8,4495
2019-09-19 14:15:00,1568882700,508.8,512,508.63,510.19,2980
2019-09-19 15:15:00,1568886300,510.19,512.2,510,510.2,2525
2019-09-20 09:15:00,1568951100,517.6,517.6,509.03,512.75,2490
2019-09-20 10:15:00,1568954700,512.75,516.2,512,515.9,3435
2019-09-20 11:15:00,1568958300,515.9,526.6,515.4,523.37,27815
2019-09-20 12:15:00,1568961900,523.37,545.39,522,540.01,45970
2019-09-20 13:15:00,1568965500,540.04,544.2,538.2,540,21100
2019-09-20 14:15:00,1568969100,540.2,543,522.2,522.2,34165
2019-09-20 15:15:00,1568972700,522.2,539.6,522,524,10120
2019-09-23 09:15:00,1569210300,540,559.8,540,549.88,60540
2019-09-23 10:15:00,1569213900,549.88,556.01,548,556,9820
2019-09-23 11:15:00,1569217500,556,567.98,554,565.8,28605
2019-09-23 12:15:00,1569221100,565.8,595.99,565,580,76035
2019-09-23 13:15:00,1569224700,580,583.67,570.01,575.99,34735
2019-09-23 14:15:00,1569228300,575.99,578,560.2,576,33420
2019-09-23 15:15:00,1569231900,578,578,576,576,8440
2019-09-24 09:15:00,1569296700,588.4,588.4,561.99,567.44,10500
2019-09-24 10:15:00,1569300300,568.21,587.36,568.2,582.05,10455
2019-09-24 11:15:00,1569303900,582.05,583.29,573,579.96,3790
2019-09-24 12:15:00,1569307500,579.16,579.96,568.26,571.2,3105
2019-09-24 13:15:00,1569311100,571.2,576,569.39,573.57,3035
2019-09-24 14:15:00,1569314700,573.57,575.99,564.21,568.73,8640
2019-09-24 15:15:00,1569318300,567.2,568.99,562,562,3445
2019-09-25 09:15:00,1569383100,562.2,570.01,550,556,8565
2019-09-25 10:15:00,1569386700,556,565.73,553,560.99,5200
2019-09-25 11:15:00,1569390300,560.99,563.6,560.18,562.59,1795
2019-09-25 12:15:00,1569393900,562.59,563.6,560.8,560.91,1560
2019-09-25 13:15:00,1569397500,560.91,565.88,560.8,562.71,3690
2019-09-25 14:15:00,1569401100,565.07,570,562,564.02,5370
2019-09-25 15:15:00,1569404700,564.02,566.4,563.15,563.2,2100
2019-09-26 09:15:00,1569469500,564.67,582,564.67,576.07,9465
2019-09-26 10:15:00,1569473100,576.07,580,575.06,576.55,5485
2019-09-26 11:15:00,1569476700,576.55,580,576,576,3120
2019-09-26 12:15:00,1569480300,576,577,573.45,574.97,3370
2019-09-26 13:15:00,1569483900,574.97,574.97,572.61,572.61,39015
2019-09-26 14:15:00,1569487500,572.61,573.4,570.14,573.4,4250
2019-09-26 15:15:00,1569491100,573.4,573.58,571.2,571.71,2785
2019-09-27 09:15:00,1569555900,572.2,582.6,572.2,578.2,7905
2019-09-27 10:15:00,1569559500,578.2,579.2,574.21,578,1765
2019-09-27 11:15:00,1569563100,578,578.15,572.4,574.01,1260
2019-09-27 12:15:00,1569566700,574.17,577.4,572.4,575.02,995
2019-09-27 13:15:00,1569570300,575.02,577.77,568,570.73,3990
2019-09-27 14:15:00,1569573900,570.73,572.8,569.4,571.31,3020
2019-09-27 15:15:00,1569577500,571.31,572,570,572,1515
2019-09-30 09:15:00,1569815100,571.44,572.69,561.96,565.02,3025
2019-09-30 10:15:00,1569818700,565.02,567.4,563.21,563.21,800
2019-09-30 11:15:00,1569822300,563.21,564.4,560,562.34,1565
2019-09-30 12:15:00,1569825900,562.34,569.9,560,561,2060
2019-09-30 13:15:00,1569829500,561,562,551,555.43,3490
2019-09-30 14:15:00,1569833100,555.44,579.8,555.44,579.78,32435
2019-09-30 15:15:00,1569836700,579.78,588.23,579.4,584.2,110490
2019-10-01 09:15:00,1569901500,581,588,572,575.39,6570
2019-10-01 10:15:00,1569905100,575.39,576.2,572.46,575.4,1805
2019-10-01 11:15:00,1569908700,575.4,577,575,575,2315
2019-10-01 12:15:00,1569912300,575,576,574,574.4,1160
2019-10-01 13:15:00,1569915900,574.4,574.69,570,571,3005
2019-10-01 14:15:00,1569919500,571,581.48,568,580.01,10130
2019-10-01 15:15:00,1569923100,580.01,582.4,580,582,7205
2019-10-03 09:15:00,1570074300,580.82,580.82,569,576.8,5005
2019-10-03 10:15:00,1570077900,576.8,581.6,576,580.02,4580
2019-10-03 11:15:00,1570081500,580.02,599.19,580.01,588.6,22725
2019-10-03 12:15:00,1570085100,588.6,589.93,584,584,3275
2019-10-03 13:15:00,1570088700,584,589.98,584,588,7005
2019-10-03 14:15:00,1570092300,588,590,584.41,585.58,5975
2019-10-03 15:15:00,1570095900,585.58,586.2,584,586.2,2975
2019-10-04 09:15:00,1570160700,584.6,593,579.85,587.1,7055
2019-10-04 10:15:00,1570164300,587.1,591.81,584.19,590.33,6275
2019-10-04 11:15:00,1570167900,590.33,592.79,589.99,591.3,6930
2019-10-04 12:15:00,1570171500,591.3,600,591.3,596,25315
2019-10-04 13:15:00,1570175100,595,603,592.4,595.06,42050
2019-10-04 14:15:00,1570178700,595.06,601.4,590,600,21135
2019-10-04 15:15:00,1570182300,600,601.4,600,600,5130
2019-10-07 09:15:00,1570419900,598.4,612,598.4,608,40765
2019-10-07 10:15:00,1570423500,608,609.98,604.6,606,4670
2019-10-07 11:15:00,1570427100,606,609,605.2,608,2175
2019-10-07 12:15:00,1570430700,608,610.2,608,608.5,6145
2019-10-07 13:15:00,1570434300,608.5,608.99,601.52,602.4,7815
2019-10-07 14:15:00,1570437900,602.4,606.19,600,601.9,7200
2019-10-07 15:15:00,1570441500,601.8,601.8,584.2,587.78,27980
2019-10-09 09:15:00,1570592700,590.01,595.76,569.68,579.34,14365
2019-10-09 10:15:00,1570596300,579.34,579.34,573.6,579.2,2635
2019-10-09 11:15:00,1570599900,579.2,587.78,579,583,5475
2019-10-09 12:15:00,1570603500,584.03,585.79,577.61,581.4,2370
2019-10-09 13:15:00,1570607100,582.98,587.29,578.4,584.8,3505
2019-10-09 14:15:00,1570610700,584.8,590,584.7,587.75,4830
2019-10-09 15:15:00,1570614300,587.75,607,587.14,605,22625
2019-10-10 09:15:00,1570679100,606.23,646.4,603.2,640.34,74105
2019-10-10 10:15:00,1570682700,641.4,643.64,618.62,619.73,46655
2019-10-10 11:15:00,1570686300,619.73,619.8,606.92,607.06,29310
2019-10-10 12:15:00,1570689900,607.06,612.99,598,608.3,29845
2019-10-10 13:15:00,1570693500,608.3,611.99,606.02,606.47,38840
2019-10-10 14:15:00,1570697100,606.47,608,598.85,600,34600
2019-10-10 15:15:00,1570700700,600,600.59,592.4,600,12155
2019-10-11 09:15:00,1570765500,603.2,619.7,603.16,611.6,19455
2019-10-11 10:15:00,1570769100,611.6,612.8,610,611.01,4440
2019-10-11 11:15:00,1570772700,611.01,618.6,610.51,614,4000
2019-10-11 12:15:00,1570776300,614,618.6,613.8,616.61,2235
2019-10-11 13:15:00,1570779900,617.79,619,615.61,615.61,7705
2019-10-11 14:15:00,1570783500,616.01,617.25,608,612,9125
2019-10-11 15:15:00,1570787100,611.99,613,606.4,609.2,4995
2019-10-14 09:15:00,1571024700,603.8,619.8,603.8,617.75,7930
2019-10-14 10:15:00,1571028300,617.75,628.2,617.75,621.77,12535
2019-10-14 11:15:00,1571031900,621.77,628.82,621,621.21,8610
2019-10-14 12:15:00,1571035500,621.21,622.6,617.82,619.4,3185
2019-10-14 13:15:00,1571039100,619.4,624.59,619.4,619.4,3490
2019-10-14 14:15:00,1571042700,619.4,620.81,615.22,615.22,9295
2019-10-14 15:15:00,1571046300,615.22,619.6,615.22,618,3415
2019-10-15 09:15:00,1571111100,625,625,610.61,613.69,6705
2019-10-15 10:15:00,1571114700,613.69,613.7,606.31,610.4,3935
2019-10-15 11:15:00,1571118300,610.4,616.82,610,610.02,2075
2019-10-15 12:15:00,1571121900,610.02,612,609.64,611.41,1065
2019-10-15 13:15:00,1571125500,611.41,614.9,610.01,614.8,1200
2019-10-15 14:15:00,1571129100,614.8,617,611,611.19,3245
2019-10-15 15:15:00,1571132700,611.19,612.24,608.98,610,2125
2019-10-16 09:15:00,1571197500,616,616,602,610.6,3870
2019-10-16 10:15:00,1571201100,610.6,625,607,609,15165
2019-10-16 11:15:00,1571204700,608.02,611.99,608.02,608.37,2865
2019-10-16 12:15:00,1571208300,608.37,609.99,607.49,608.4,815
2019-10-16 13:15:00,1571211900,608.4,609,607.4,607.4,1635
2019-10-16 14:15:00,1571215500,607.4,608.2,606,606.23,1700
2019-10-16 15:15:00,1571219100,606.23,606.23,600,602,4925
2019-10-17 09:15:00,1571283900,604.78,610,600.6,607.93,10335
2019-10-17 10:15:00,1571287500,607.93,612,606.55,610,3840
2019-10-17 11:15:00,1571291100,610,618,608.02,615.45,10745
2019-10-17 12:15:00,1571294700,615.45,622,608.02,622,10415
2019-10-17 13:15:00,1571298300,622,625,617.81,617.83,18230
2019-10-17 14:15:00,1571301900,617.83,619.06,604,604.72,13170
2019-10-17 15:15:00,1571305500,605.71,608.46,602.41,605,5075
2019-10-18 09:15:00,1571370300,613.6,617,608.53,614.77,4685
2019-10-18 10:15:00,1571373900,614.77,625,614.42,622.98,20185
2019-10-18 11:15:00,1571377500,622.98,623.01,620.6,621.21,2925
2019-10-18 12:15:00,1571381100,621.21,621.21,614,616.45,4125
2019-10-18 13:15:00,1571384700,616.45,619.73,616.42,617.32,1675
2019-10-18 14:15:00,1571388300,617.32,619.6,613.57,616.38,7535
2019-10-18 15:15:00,1571391900,616.38,620,612.4,620,5700
2019-10-22 09:15:00,1571715900,620,637.88,620,629.77,17095
2019-10-22 10:15:00,1571719500,629.77,630,626.46,627.78,3805
2019-10-22 11:15:00,1571723100,627,627,613.02,619.79,14720
2019-10-22 12:15:00,1571726700,619.79,619.8,610.22,612.02,8320
2019-10-22 13:15:00,1571730300,612.02,616.99,596,603.5,30675
2019-10-22 14:15:00,1571733900,603.5,603.71,596.05,596.05,13660
2019-10-22 15:15:00,1571737500,596.05,600.59,595.96,598,6325
2019-10-23 09:15:00,1571802300,605.98,611.74,601.81,609.54,8000
2019-10-23 10:15:00,1571805900,609.54,610,608,608.99,3320
2019-10-23 11:15:00,1571809500,608.99,609.79,607,608.59,3395
2019-10-23 12:15:00,1571813100,608.59,608.6,602.4,602.61,3640
2019-10-23 13:15:00,1571816700,602.61,603.97,598,600,7260
2019-10-23 14:15:00,1571820300,600,601,594,596.68,7440
2019-10-23 15:15:00,1571823900,596.68,599.98,594.86,598.8,2725
2019-10-24 09:15:00,1571888700,600,616,600,614.94,23685
2019-10-24 10:15:00,1571892300,614.94,614.94,600.22,606,19900
2019-10-24 11:15:00,1571895900,603.6,608,603.6,607.6,3890
2019-10-24 12:15:00,1571899500,607.6,608,605.01,605.12,4090
2019-10-24 13:15:00,1571903100,605.12,605.13,601.4,603,5495
2019-10-24 14:15:00,1571906700,603,606.1,602,603.17,4555
2019-10-24 15:15:00,1571910300,603.17,606,602.22,602.22,7430
2019-10-25 09:15:00,1571975100,602.4,613.2,602.4,608.34,4670
2019-10-25 10:15:00,1571978700,608.34,616.01,596.27,600,40805
2019-10-25 11:15:00,1571982300,600,600,598.01,598.85,3700
2019-10-25 12:15:00,1571985900,598.85,600,597,597.02,22760
2019-10-25 13:15:00,1571989500,597.02,599.99,597,598,4610
2019-10-25 14:15:00,1571993100,598,598,594,597.2,8705
2019-10-25 15:15:00,1571996700,597.2,598,594.02,594.02,3455
2019-10-27 18:15:00,1572180300,599.8,610,599.8,608.46,11815
2019-10-29 09:15:00,1572320700,608.57,612.76,602.24,609.96,6915
2019-10-29 10:15:00,1572324300,609.96,611.8,608.41,609.04,6820
2019-10-29 11:15:00,1572327900,609.04,609.04,602.41,604,32480
2019-10-29 12:15:00,1572331500,604,604.99,603,603.98,5085
2019-10-29 13:15:00,1572335100,603.98,604,603,603.01,3565
2019-10-29 14:15:00,1572338700,603.01,603.99,601.4,602.97,5945
2019-10-29 15:15:00,1572342300,602.98,603.2,601.6,602,2980
2019-10-30 09:15:00,1572407100,605,605.6,602,605,7665
2019-10-30 10:15:00,1572410700,605,608,602.75,603.99,4500
2019-10-30 11:15:00,1572414300,603.99,604.37,601.63,603.17,4270
2019-10-30 12:15:00,1572417900,603.17,603.17,599.31,600.58,3715
2019-10-30 13:15:00,1572421500,600.58,600.58,595.99,596,6845
2019-10-30 14:15:00,1572425100,596.99,597.98,594.04,596.2,5510
2019-10-30 15:15:00,1572428700,596.2,596.2,592.62,593.4,4135
2019-10-31 09:15:00,1572493500,599,619.91,597.2,599.58,8340
2019-10-31 10:15:00,1572497100,599.58,601,594.4,600.48,15900
2019-10-31 11:15:00,1572500700,600.03,601.99,596.22,599.04,12040
2019-10-31 12:15:00,1572504300,599.69,600.57,595.36,595.36,6960
2019-10-31 13:15:00,1572507900,595.36,596.56,580.22,584.3,19235
2019-10-31 14:15:00,1572511500,584.3,608.6,584.3,604.67,68930
2019-10-31 15:15:00,1572515100,604.67,604.67,594,600,9735
2019-11-01 09:15:00,1572579900,605.8,607.8,600.96,601.38,4025
2019-11-01 10:15:00,1572583500,601.38,602,595,599.49,2280
2019-11-01 11:15:00,1572587100,599.49,599.56,596.8,597.2,2045
2019-11-01 12:15:00,1572590700,597.2,598.95,597.01,597.01,1990
2019-11-01 13:15:00,1572594300,597.01,599.03,596.41,597.75,1650
2019-11-01 14:15:00,1572597900,597.75,606,596.44,603.85,7025
2019-11-01 15:15:00,1572601500,603.85,604,598.2,601,1900
2019-11-04 09:15:00,1572839100,606.4,608,602.68,606.2,7315
2019-11-04 10:15:00,1572842700,607,607,605,605.23,4635
2019-11-04 11:15:00,1572846300,605.23,606.1,605,605.79,2075
2019-11-04 12:15:00,1572849900,605.79,606,604.21,605.27,1295
2019-11-04 13:15:00,1572853500,605.27,605.71,603.2,605.42,1540
2019-11-04 14:15:00,1572857100,605.42,605.42,602,603.01,3530
2019-11-04 15:15:00,1572860700,603.01,605,602,602.4,1985
2019-11-05 09:15:00,1572925500,607.59,607.59,594,596.17,5845
2019-11-05 10:15:00,1572929100,596.17,599.02,592.01,592.01,6970
2019-11-05 11:15:00,1572932700,592.01,594.4,587.07,589.96,11665
2019-11-05 12:15:00,1572936300,589.96,590,588,589.99,2560
2019-11-05 13:15:00,1572939900,589.99,594.47,589.22,590.93,4370
2019-11-05 14:15:00,1572943500,590.93,596.4,590,590.71,4685
2019-11-05 15:15:00,1572947100,590.71,591.59,588.2,590.4,4145
2019-11-06 09:15:00,1573011900,594.99,595.01,576.01,578.61,13930
2019-11-06 10:15:00,1573015500,579.39,580,575.2,575.95,8825
2019-11-06 11:15:00,1573019100,575.96,577.76,575.3,576.03,5865
2019-11-06 12:15:00,1573022700,576.03,579.68,572.03,573.24,10750
2019-11-06 13:15:00,1573026300,573.24,573.8,566,567.51,17380
2019-11-06 14:15:00,1573029900,567.93,570,562.65,566.83,12925
2019-11-06 15:15:00,1573033500,566.99,566.99,557.08,558,11050
2019-11-07 09:15:00,1573098300,556.4,561.95,532.51,536.03,31775
2019-11-07 10:15:00,1573101900,536.03,542,535.1,538.21,9975
2019-11-07 11:15:00,1573105500,538.21,541,536.42,536.45,41450
2019-11-07 12:15:00,1573109100,537,547.45,536.44,544.99,17275
2019-11-07 13:15:00,1573112700,544.99,547.8,541.4,546.96,13790
2019-11-07 14:15:00,1573116300,546.96,557.51,546.85,549.19,19990
2019-11-07 15:15:00,1573119900,549,554,548.4,549.34,9105
2019-11-08 09:15:00,1573184700,542,547.47,540.2,541.82,9165
2019-11-08 10:15:00,1573188300,541.82,543.99,540.31,542.21,5290
2019-11-08 11:15:00,1573191900,542.79,545.49,542.2,544.97,4095
2019-11-08 12:15:00,1573195500,544.97,546.99,544,546.65,3065
2019-11-08 13:15:00,1573199100,546.65,546.65,544.03,545.96,4480
2019-11-08 14:15:00,1573202700,545.96,551.39,544.81,545,10175
2019-11-08 15:15:00,1573206300,545,557.6,542,544.21,10395
2019-11-11 09:15:00,1573443900,550,576.9,548.43,574.87,33140
2019-11-11 10:15:00,1573447500,574.87,575,572,573.02,18055
2019-11-11 11:15:00,1573451100,573.02,582,573.02,577.99,23415
2019-11-11 12:15:00,1573454700,577.99,581,575.04,576.13,20720
2019-11-11 13:15:00,1573458300,576.13,590,576,587.99,21365
2019-11-11 14:15:00,1573461900,587.99,609.98,580.02,596.46,154565
2019-11-11 15:15:00,1573465500,596.46,600,596,599.2,23220
2019-11-13 09:15:00,1573616700,600.82,614.98,600.82,605.01,67075
2019-11-13 10:15:00,1573620300,605.01,608.44,596.6,604,49300
2019-11-13 11:15:00,1573623900,604,604,598,601.26,13170
2019-11-13 12:15:00,1573627500,601.26,602.95,592.02,598.9,16910
2019-11-13 13:15:00,1573631100,598.9,609.2,594.87,595.83,466520
2019-11-13 14:15:00,1573634700,596.2,602.98,584.24,598.96,396380
2019-11-13 15:15:00,1573638300,598.96,600.79,597.1,598.45,213690
2019-11-14 09:15:00,1573703100,612,655.94,610.2,643.06,674430
2019-11-14 10:15:00,1573706700,643.06,657.99,633,653.66,201375
2019-11-14 11:15:00,1573710300,653.6,671.92,652.8,656.38,420285
2019-11-14 12:15:00,1573713900,656.38,658.8,653,656.4,79470
2019-11-14 13:15:00,1573717500,656.4,669,656,658.87,132050
2019-11-14 14:15:00,1573721100,658.17,665.32,649,650.58,283935
2019-11-14 15:15:00,1573724700,650,657.6,638.17,655.77,133405
2019-11-15 09:15:00,1573789500,657,673.38,657,667.98,148585
2019-11-15 10:15:00,1573793100,667.98,675,663.44,663.44,116380
2019-11-15 11:15:00,1573796700,663.44,670,660.2,662.06,62865
2019-11-15 12:15:00,1573800300,662.06,672.96,661.6,664.39,86710
2019-11-15 13:15:00,1573803900,664.39,667.38,660,660.67,49455
2019-11-15 14:15:00,1573807500,660.67,662.2,650.2,656.61,78230
2019-11-15 15:15:00,1573811100,657.18,659.21,655.96,657.73,40520
2019-11-18 09:15:00,1574048700,663.97,679.4,663,667.83,190630
2019-11-18 10:15:00,1574052300,668.39,670.13,667.4,669.69,28065
2019-11-18 11:15:00,1574055900,669.69,672,669,669.39,40610
2019-11-18 12:15:00,1574059500,669.39,670,669,669.79,11130
2019-11-18 13:15:00,1574063100,669.79,670.4,668.05,669.04,35755
2019-11-18 14:15:00,1574066700,668.42,670,665,668.81,38155
2019-11-18 15:15:00,1574070300,668.81,670.56,665.29,667.8,33035
2019-11-19 09:15:00,1574135100,671.96,676.38,658,660,54185
2019-11-19 10:15:00,1574138700,660,660,635.3,643.01,76465
2019-11-19 11:15:00,1574142300,643.01,649.98,640.2,649.6,41015
2019-11-19 12:15:00,1574145900,649.6,651.78,644,648.25,34935
2019-11-19 13:15:00,1574149500,648.25,649.99,645.8,646.93,18870
2019-11-19 14:15:00,1574153100,646.93,648,644.55,646,37375
2019-11-19 15:15:00,1574156700,646,648.78,646,648,14985
2019-11-20 09:15:00,1574221500,652.4,679.6,652.4,672.14,144480
2019-11-20 10:15:00,1574225100,672.14,673.79,670,671.33,19865
2019-11-20 11:15:00,1574228700,671.33,672,663,663.41,39885
2019-11-20 12:15:00,1574232300,663.41,666.67,663.01,663.9,26845
2019-11-20 13:15:00,1574235900,663.9,663.98,658.21,660,33825
2019-11-20 14:15:00,1574239500,660,660,607.28,619.76,256630
2019-11-20 15:15:00,1574243100,617.6,628.39,617.6,626,140320
2019-11-21 09:15:00,1574307900,619.34,622,610,619.38,151690
2019-11-21 10:15:00,1574311500,619.38,619.8,616,619.8,36720
2019-11-21 11:15:00,1574315100,619.8,633.99,619.21,633.99,190885
2019-11-21 12:15:00,1574318700,633.99,635,621.2,627.2,73160
2019-11-21 13:15:00,1574322300,627.2,627.4,623.01,625.8,16340
2019-11-21 14:15:00,1574325900,625.79,627,622.52,624.64,81210
2019-11-21 15:15:00,1574329500,624.64,633.75,623.07,630.4,93150
2019-11-22 09:15:00,1574394300,634,641,628.21,631.01,78465
2019-11-22 10:15:00,1574397900,631,637.39,631,633.93,40975
2019-11-22 11:15:00,1574401500,633.93,636,626,628,58230
2019-11-22 12:15:00,1574405100,628,633.6,626.2,630.19,42140
2019-11-22 13:15:00,1574408700,630.19,631.6,628.2,631.6,18150
2019-11-22 14:15:00,1574412300,631.6,635.94,629.8,635.8,48680
2019-11-22 15:15:00,1574415900,635.8,638,634.82,635.3,47375
2019-11-25 09:15:00,1574653500,641,641.75,628.4,634.9,54475
2019-11-25 10:15:00,1574657100,634.8,638.2,634,637.39,31610
2019-11-25 11:15:00,1574660700,637.39,637.97,634,634.61,14645
2019-11-25 12:15:00,1574664300,634.61,638,634.61,638,22480
2019-11-25 13:15:00,1574667900,638,638.2,636.4,637.99,13110
2019-11-25 14:15:00,1574671500,637.99,639,637.05,638,43780
2019-11-25 15:15:00,1574675100,638,638.87,637.43,638,27185
2019-11-26 09:15:00,1574739900,640,651.8,630.4,642.6,121775
2019-11-26 10:15:00,1574743500,642.6,643.8,639.84,642.38,21015
2019-11-26 11:15:00,1574747100,642.38,643.6,641.2,643.2,3260
2019-11-26 12:15:00,1574750700,643.2,643.48,641.7,643.48,5070
2019-11-26 13:15:00,1574754300,643.48,645,641.03,644.4,15880
2019-11-26 14:15:00,1574757900,644.4,644.99,641.46,644.4,37790
2019-11-26 15:15:00,1574761500,644.5,645,640.2,643,37160
2019-11-27 09:15:00,1574826300,649.8,649.8,642.02,644.54,28800
2019-11-27 10:15:00,1574829900,644.54,644.98,641.41,644.73,11630
2019-11-27 11:15:00,1574833500,643.81,646,642.14,643.26,99690
2019-11-27 12:15:00,1574837100,643.26,645.6,642,644.59,11835
2019-11-27 13:15:00,1574840700,644.59,648,644.58,647.77,24995
2019-11-27 14:15:00,1574844300,647.77,656.16,646.56,648.02,87395
2019-11-27 15:15:00,1574847900,648.02,655,648.01,655,18200
2019-11-28 09:15:00,1574912700,656.98,659.8,652.4,659.59,39865
2019-11-28 10:15:00,1574916300,659.6,662.78,658.6,659.98,41660
2019-11-28 11:15:00,1574919900,659.44,666.99,659.19,665.99,37115
2019-11-28 12:15:00,1574923500,665.99,666.75,658.2,662.96,17165
2019-11-28 13:15:00,1574927100,662.96,666.8,662.14,666.06,13855
2019-11-28 14:15:00,1574930700,666.06,669.3,663.38,667.58,36730
2019-11-28 15:15:00,1574934300,667.59,669.72,667.57,667.57,21350
2019-11-29 09:15:00,1574999100,664.27,669.8,655.21,662,20300
2019-11-29 10:15:00,1575002700,662,663.58,661.2,661.57,4705
2019-11-29 11:15:00,1575006300,661.57,663.94,661.2,661.4,5415
2019-11-29 12:15:00,1575009900,661.75,667.49,661.6,666.97,5465
2019-11-29 13:15:00,1575013500,666.98,666.98,661.2,662.95,4815
2019-11-29 14:15:00,1575017100,662.95,666,661,661.27,9900
2019-11-29 15:15:00,1575020700,661.27,662.34,660.6,662.18,7330
2019-12-02 09:15:00,1575258300,667.2,670,659.76,663,24970
2019-12-02 10:15:00,1575261900,663,665.88,660.32,663.77,7130
2019-12-02 11:15:00,1575265500,663.77,664.78,660.2,661.85,5365
2019-12-02 12:15:00,1575269100,662.99,664,661.22,661.86,7305
2019-12-02 13:15:00,1575272700,662.98,663.24,660,660.01,10025
2019-12-02 14:15:00,1575276300,660.01,660.48,651.6,652.48,12765
2019-12-02 15:15:00,1575279900,652.48,655.8,651.6,655.6,7275
2019-12-03 09:15:00,1575344700,660,665.8,655.35,665.09,21325
2019-12-03 10:15:00,1575348300,665.09,665.98,662,664.79,29100
2019-12-03 11:15:00,1575351900,664.8,665,661.4,662.16,10900
2019-12-03 12:15:00,1575355500,662.16,664.4,660.71,664.38,8735
2019-12-03 13:15:00,1575359100,664.38,665,656.4,657.23,82960
2019-12-03 14:15:00,1575362700,657.23,659.58,650,657.94,16830
2019-12-03 15:15:00,1575366300,657.94,661,656.7,658.2,6510
2019-12-04 09:15:00,1575431100,659.8,668,654.39,665.75,121185
2019-12-04 10:15:00,1575434700,665.05,666.6,664.04,666.14,10025
2019-12-04 11:15:00,1575438300,666.14,668,665.71,666.61,13430
2019-12-04 12:15:00,1575441900,666.61,669.6,666.06,668.98,20675
2019-12-04 13:15:00,1575445500,668.98,695,668.17,684.8,139330
2019-12-04 14:15:00,1575449100,685,718.96,684.82,698.04,402550
2019-12-04 15:15:00,1575452700,698.04,699.98,694.4,696,41095
2019-12-05 09:15:00,1575517500,701.8,716,698,710.21,138245
2019-12-05 10:15:00,1575521100,710.21,711.5,704.91,710,25955
2019-12-05 11:15:00,1575524700,710.2,712,705.2,710.41,27240
2019-12-05 12:15:00,1575528300,710.41,717.94,709.29,714.59,62780
2019-12-05 13:15:00,1575531900,714.6,719.4,708.02,710.88,59515
2019-12-05 14:15:00,1575535500,710.88,712,696.78,702.2,48185
2019-12-05 15:15:00,1575539100,702.2,704,700.1,702.94,15425
2019-12-06 09:15:00,1575603900,708.6,707.8,699.58,700.6,21445
2019-12-06 10:15:00,1575607500,700.6,705,698,699.97,15705
2019-12-06 11:15:00,1575611100,699.97,700,683.98,683.9,34465
2019-12-06 12:15:00,1575614700,683.9,693,683.9,690.63,21805
2019-12-06 13:15:00,1575618300,690.63,694,690.42,693,7980
2019-12-06 14:15:00,1575621900,693,695,690,690,26710
2019-12-06 15:15:00,1575625500,690,691.94,688,687.12,13890
2019-12-09 09:15:00,1575863100,690,695.83,680.41,689.41,25545
2019-12-09 10:15:00,1575866700,689.41,689.76,680.53,687.65,11710
2019-12-09 11:15:00,1575870300,687.65,704.8,687.65,702,27430
2019-12-09 12:15:00,1575873900,702,703.95,699.4,703.38,9210
2019-12-09 13:15:00,1575877500,702.88,704,698.98,702.33,10800
2019-12-09 14:15:00,1575881100,702,702.76,690.52,699.8,21125
2019-12-09 15:15:00,1575884700,699.8,705,698.01,700.8,14865
2019-12-10 09:15:00,1575949500,704.87,704.87,692.2,694.04,16550
2019-12-10 10:15:00,1575953100,694.04,695.79,688.2,694.8,7790
2019-12-10 11:15:00,1575956700,694.8,696,691.75,693.21,8500
2019-12-10 12:15:00,1575960300,693.21,694,690.6,693.95,8870
2019-12-10 13:15:00,1575963900,693.95,693.95,691.03,691.11,5930
2019-12-10 14:15:00,1575967500,691.11,693,689.2,691.39,14345
2019-12-10 15:15:00,1575971100,691.39,692,689.02,689.07,10930
2019-12-11 09:15:00,1576035900,691.77,696.8,686.14,688.01,15155
2019-12-11 10:15:00,1576039500,688.01,689.7,687.02,687.98,5110
2019-12-11 11:15:00,1576043100,687.98,690,687.02,688.6,8065
2019-12-11 12:15:00,1576046700,688.6,689.16,687.02,688,7900
2019-12-11 13:15:00,1576050300,688,692.77,687.23,687.65,10580
2019-12-11 14:15:00,1576053900,688,691.93,687.1,688.49,12755
2019-12-11 15:15:00,1576057500,688.49,689,687,687.2,5840
2019-12-12 09:15:00,1576122300,694.4,698,689.02,692.42,8360
2019-12-12 10:15:00,1576125900,692.42,692.62,680.85,688.84,26780
2019-12-12 11:15:00,1576129500,688.81,688.84,683.41,685.75,41850
2019-12-12 12:15:00,1576133100,685.51,687.02,684.4,684.4,1855
2019-12-12 13:15:00,1576136700,684.7,688,684,684.18,9110
2019-12-12 14:15:00,1576140300,684.18,687.93,684,685.15,8590
2019-12-12 15:15:00,1576143900,685.15,686,676,676,22575
2019-12-13 09:15:00,1576208700,697.39,701.79,692.27,694.22,32875
2019-12-13 10:15:00,1576212300,694.22,695.59,693.08,694.08,3820
2019-12-13 11:15:00,1576215900,694.07,697.59,693.6,697,4550
2019-12-13 12:15:00,1576219500,697,698,696.45,697.2,5540
2019-12-13 13:15:00,1576223100,697.16,705,695.88,702.61,26920
2019-12-13 14:15:00,1576226700,702.61,710,701.12,710,59825
2019-12-13 15:15:00,1576230300,710,714.4,708.4,714,23820
2019-12-16 09:15:00,1576467900,713.6,728.44,708.57,719.24,102265
2019-12-16 10:15:00,1576471500,719.24,720.72,714.2,718.98,34075
2019-12-16 11:15:00,1576475100,718.93,720,714.16,714.53,23495
2019-12-16 12:15:00,1576478700,714.53,720,714.21,716.87,290650
2019-12-16 13:15:00,1576482300,715.78,720,715.78,718.73,15525
2019-12-16 14:15:00,1576485900,718.73,720,712.31,715.23,28560
2019-12-16 15:15:00,1576489500,716,717.98,706.2,707.4,21310
2019-12-17 09:15:00,1576554300,714.29,715.8,707,712,21130
2019-12-17 10:15:00,1576557900,712,715,712,713.2,6095
2019-12-17 11:15:00,1576561500,713.2,714.8,711.55,712,8205
2019-12-17 12:15:00,1576565100,712,714,710,712.59,3230
2019-12-17 13:15:00,1576568700,712.59,714,709,710.71,3250
2019-12-17 14:15:00,1576572300,710.71,712.8,708.2,710,5520
2019-12-17 15:15:00,1576575900,710,711.43,708,711,6525
2019-12-18 09:15:00,1576640700,710,717.01,710,711.4,12380
2019-12-18 10:15:00,1576644300,711.4,737.42,710.04,736.79,107395
2019-12-18 11:15:00,1576647900,736.2,738.7,725,727.99,95070
2019-12-18 12:15:00,1576651500,727.99,729,726.01,728.33,15905
2019-12-18 13:15:00,1576655100,728.37,729,722,726.93,25410
2019-12-18 14:15:00,1576658700,726.93,727.98,725.2,725.85,12925
2019-12-18 15:15:00,1576662300,725.8,726.8,721.8,724,21155
2019-12-19 09:15:00,1576727100,726.4,747.88,724.6,743,130260
2019-12-19 10:15:00,1576730700,743.17,747.24,740.18,742.6,45515
2019-12-19 11:15:00,1576734300,742.6,743,735,737.15,45640
2019-12-19 12:15:00,1576737900,737.28,738,731.6,731.86,31790
2019-12-19 13:15:00,1576741500,731.86,733.22,726,730,22045
2019-12-19 14:15:00,1576745100,730,733.03,729.33,731.62,19600
2019-12-19 15:15:00,1576748700,731.62,732,728.22,731.2,19400
2019-12-20 09:15:00,1576813500,737.4,745.3,733.42,743.66,63615
2019-12-20 10:15:00,1576817100,743.66,745,738,743.39,31425
2019-12-20 11:15:00,1576820700,743.39,746,738.2,741.55,38460
2019-12-20 12:15:00,1576824300,741,743,740.25,742.03,7250
2019-12-20 13:15:00,1576827900,742,743.6,741.19,742.53,14610
2019-12-20 14:15:00,1576831500,742.53,743.99,741,742.79,26670
2019-12-20 15:15:00,1576835100,742.79,743.2,738,739.8,19210
2019-12-23 09:15:00,1577072700,743.6,744.12,728.81,737.08,36055
2019-12-23 10:15:00,1577076300,737.08,749.58,734.61,745.68,47175
2019-12-23 11:15:00,1577079900,745.68,746,735.01,737.15,18965
2019-12-23 12:15:00,1577083500,737.15,745,737.13,742.6,11990
2019-12-23 13:15:00,1577087100,742.6,747.2,737.21,742.09,23420
2019-12-23 14:15:00,1577090700,741.98,749.2,737.15,746.99,45225
2019-12-23 15:15:00,1577094300,746.99,749.8,745.21,749,21415
2019-12-24 09:15:00,1577159100,749.02,759,748.22,749.85,78850
2019-12-24 10:15:00,1577162700,749.85,751,743.2,744.02,109240
2019-12-24 11:15:00,1577166300,744.02,751,744.02,751,38645
2019-12-24 12:15:00,1577169900,751,751,745.02,750.14,17300
2019-12-24 13:15:00,1577173500,750,756,748.71,753.38,36735
2019-12-24 14:15:00,1577177100,752.76,753.78,747.29,751.78,47775
2019-12-24 15:15:00,1577180700,751.78,752,735.15,744.41,39550
2019-12-26 09:15:00,1577331900,747.2,751.8,744.41,750.83,16060
2019-12-26 10:15:00,1577335500,750.83,766.6,750.53,761.1,97995
2019-12-26 11:15:00,1577339100,761.1,762.8,760.44,761.6,11935
2019-12-26 12:15:00,1577342700,761.41,770.8,759.57,767.16,81845
2019-12-26 13:15:00,1577346300,767.16,767.8,763.07,763.42,24510
2019-12-26 14:15:00,1577349900,763.42,781.76,762.21,779.47,118750
2019-12-26 15:15:00,1577353500,779.02,790,778,782,71460
2019-12-27 09:15:00,1577418300,791.6,811,789,801.13,321005
2019-12-27 10:15:00,1577421900,801.01,804.4,790.42,793.2,148125
2019-12-27 11:15:00,1577425500,793.2,794.99,790.6,794.01,42840
2019-12-27 12:15:00,1577429100,794.01,794.8,791.2,794,24315
2019-12-27 13:15:00,1577432700,794,795,791,791.63,30095
2019-12-27 14:15:00,1577436300,791.63,792,782,783.4,124170
2019-12-27 15:15:00,1577439900,783.2,783.82,775.39,778,58320
2019-12-30 09:15:00,1577677500,782.8,790.4,780.8,786.75,44885
2019-12-30 10:15:00,1577681100,786.75,791.6,785.53,789,24060
2019-12-30 11:15:00,1577684700,789,789,782.56,784.2,18475
2019-12-30 12:15:00,1577688300,784.2,785.1,781.21,782.43,13565
2019-12-30 13:15:00,1577691900,782.46,783,767.59,767.6,38740
2019-12-30 14:15:00,1577695500,767.18,774,766.2,773.8,27710
2019-12-30 15:15:00,1577699100,773.51,776,770,771.2,22585
2019-12-31 09:15:00,1577763900,772.13,780,764,765.98,37830
2019-12-31 10:15:00,1577767500,765.98,768.98,762.4,766,22865
2019-12-31 11:15:00,1577771100,766,771.6,765,767.2,16185
2019-12-31 12:15:00,1577774700,767.2,769.35,756.81,764.89,32200
2019-12-31 13:15:00,1577778300,764.89,767,762,763.93,8060
2019-12-31 14:15:00,1577781900,763.93,766,758,758.74,20970
2019-12-31 15:15:00,1577785500,758.74,762,758,760,15555
2020-01-01 09:15:00,1577850300,754,767.8,754,761.38,28830
2020-01-01 10:15:00,1577853900,761.38,761.41,759.2,760.6,5595
2020-01-01 11:15:00,1577857500,760.6,761.41,760,760,4105
2020-01-01 12:15:00,1577861100,760,761.41,759.94,760.79,5015
2020-01-01 13:15:00,1577864700,760.79,761.6,759,760.38,4080
2020-01-01 14:15:00,1577868300,760.38,760.38,755.95,756.44,14000
2020-01-01 15:15:00,1577871900,756.44,758,756.44,758,9535
2020-01-02 09:15:00,1577936700,756,769,755.8,768.8,27810
2020-01-02 10:15:00,1577940300,768.8,769.6,762.21,766.2,18650
2020-01-02 11:15:00,1577943900,766.2,770,763.61,765,9795
2020-01-02 12:15:00,1577947500,765,772.99,765,769.7,16670
2020-01-02 13:15:00,1577951100,769.7,777.78,769.6,777.2,19025
2020-01-02 14:15:00,1577954700,777.2,787.02,770.4,783.03,54970
2020-01-02 15:15:00,1577958300,783.03,784.88,780,782.4,19260
2020-01-03 09:15:00,1578023100,782.2,809.8,776.37,796.39,126890
2020-01-03 10:15:00,1578026700,796.39,798.4,792,793.52,19720
2020-01-03 11:15:00,1578030300,793.52,795,787.8,790.99,20425
2020-01-03 12:15:00,1578033900,790.99,791,788,789.35,14120
2020-01-03 13:15:00,1578037500,789.35,791,787.01,789.95,10890
2020-01-03 14:15:00,1578041100,789.95,791.8,787.02,790,34835
2020-01-03 15:15:00,1578044700,790,791,788,790.4,20590
2020-01-06 09:15:00,1578282300,804,807,790.4,794.02,89960
2020-01-06 10:15:00,1578285900,794.02,797.3,792.2,794.4,21965
2020-01-06 11:15:00,1578289500,794.4,794.99,780.2,784.4,57095
2020-01-06 12:15:00,1578293100,784.4,789.6,784.4,789,16910
2020-01-06 13:15:00,1578296700,789,789.4,785,786.63,11580
2020-01-06 14:15:00,1578300300,787.49,797.1,786.81,789.07,65600
2020-01-06 15:15:00,1578303900,789.07,795,789.07,793.2,22475
2020-01-07 09:15:00,1578368700,808,816.34,803.6,813.4,116790
2020-01-07 10:15:00,1578372300,813.4,819.6,812.76,815.2,98655
2020-01-07 11:15:00,1578375900,815.2,827,811.6,824.8,119585
2020-01-07 12:15:00,1578379500,824.8,824.8,815,817.6,55290
2020-01-07 13:15:00,1578383100,817.6,824,816.12,820.45,32415
2020-01-07 14:15:00,1578386700,820.45,860,820,853.6,305140
2020-01-07 15:15:00,1578390300,852.98,862.98,842.81,847.8,177610
2020-01-08 09:15:00,1578455100,839.8,850.8,830.01,838.8,199100
2020-01-08 10:15:00,1578458700,839,840,826.2,830.21,93450
2020-01-08 11:15:00,1578462300,830.21,833.44,825,828.2,187890
2020-01-08 12:15:00,1578465900,828.2,830,817.66,826.46,73800
2020-01-08 13:15:00,1578469500,826.6,829.2,818.8,824.2,73520
2020-01-08 14:15:00,1578473100,824.2,834.2,824,828,102435
2020-01-08 15:15:00,1578476700,828,830,824,826,46810
2020-01-09 09:15:00,1578541500,837.04,844.2,831.6,840.02,99330
2020-01-09 10:15:00,1578545100,840.02,840.8,834.2,834.86,39025
2020-01-09 11:15:00,1578548700,834.86,838.8,834.2,837.97,13040
2020-01-09 12:15:00,1578552300,837.97,838.8,828.51,830.6,61165
2020-01-09 13:15:00,1578555900,830.6,836.98,828.4,834.79,24515
2020-01-09 14:15:00,1578559500,834.8,836.49,832,833.88,23280
2020-01-09 15:15:00,1578563100,833.88,834.6,825.6,834,37325
2020-01-10 09:15:00,1578627900,835.4,850,831,848.36,105920
2020-01-10 10:15:00,1578631500,848.36,850.02,834.01,835,69290
2020-01-10 11:15:00,1578635100,835,842.41,835,840.96,23540
2020-01-10 12:15:00,1578638700,840.96,849,839.7,840.1,49470
2020-01-10 13:15:00,1578642300,840.1,842,836,839.91,26080
2020-01-10 14:15:00,1578645900,839.92,840.33,835.3,838.55,25945
2020-01-10 15:15:00,1578649500,838.55,839,835.37,836.59,24240
2020-01-13 09:15:00,1578887100,846,856,840.6,843.93,72215
2020-01-13 10:15:00,1578890700,843.93,844,842,842.8,7730
2020-01-13 11:15:00,1578894300,842.8,843.39,841,842.2,8680
2020-01-13 12:15:00,1578897900,842.2,843,840.8,841,11340
2020-01-13 13:15:00,1578901500,841,841.87,838.2,839.6,12405
2020-01-13 14:15:00,1578905100,840,840.52,838.4,839.4,26735
2020-01-13 15:15:00,1578908700,839.4,840,834.4,836,37265
2020-01-14 09:15:00,1578973500,842.32,845.8,825.01,829.98,61615
2020-01-14 10:15:00,1578977100,829.98,838.08,829.16,837.55,26680
2020-01-14 11:15:00,1578980700,837.55,840.2,834.33,838,15285
2020-01-14 12:15:00,1578984300,838,840,834,836,20570
2020-01-14 13:15:00,1578987900,836,836,829.43,831.15,13710
2020-01-14 14:15:00,1578991500,831.15,831.19,827.8,830,19645
2020-01-14 15:15:00,1578995100,830,830,827.98,828.4,14930
2020-01-15 09:15:00,1579059900,828.4,831.2,820.2,820.7,34170
2020-01-15 10:15:00,1579063500,820.8,828.8,820.62,828.05,31545
2020-01-15 11:15:00,1579067100,828.05,829.15,827.45,829,20720
2020-01-15 12:15:00,1579070700,829,829,825.11,827.19,22790
2020-01-15 13:15:00,1579074300,827.13,828.05,825.6,827.8,15135
2020-01-15 14:15:00,1579077900,827.33,828.05,826,827.48,29175
2020-01-15 15:15:00,1579081500,827.48,828,823.4,823.8,18365
2020-01-16 09:15:00,1579146300,827.48,842.6,823,839.79,95470
2020-01-16 10:15:00,1579149900,839.79,839.99,834,834.06,48740
2020-01-16 11:15:00,1579153500,834.06,835.35,828.4,828.4,87115
2020-01-16 12:15:00,1579157100,828.4,833.39,824.41,832.41,34060
2020-01-16 13:15:00,1579160700,832.41,833.99,828.66,831.31,31925
2020-01-16 14:15:00,1579164300,831.31,832.46,830,830,18830
2020-01-16 15:15:00,1579167900,830.01,831.2,822,823.99,30590
2020-01-17 09:15:00,1579232700,834,837,827.61,831.5,25860
2020-01-17 10:15:00,1579236300,831.54,836,830.51,833,63880
2020-01-17 11:15:00,1579239900,833,835.21,831.61,833,30435
2020-01-17 12:15:00,1579243500,833,836,830.08,835.34,110185
2020-01-17 13:15:00,1579247100,835.34,836,831.4,834.38,120480
2020-01-17 14:15:00,1579250700,834.38,835.21,833,833.46,19125
2020-01-17 15:15:00,1579254300,833.46,834.6,832.09,834,41685
2020-01-20 09:15:00,1579491900,838.6,850,832,844,93245
2020-01-20 10:15:00,1579495500,844,849.62,841.05,843.2,88775
2020-01-20 11:15:00,1579499100,843.2,845,843.2,843.2,12840
2020-01-20 12:15:00,1579502700,843.2,843.98,843.2,843.2,10660
2020-01-20 13:15:00,1579506300,843.2,843.8,839.2,840.6,20150
2020-01-20 14:15:00,1579509900,840.6,843.02,835.81,840,56770
2020-01-20 15:15:00,1579513500,840,844.6,839.61,843,18935
2020-01-21 09:15:00,1579578300,840.6,846,838.2,839.99,29125
2020-01-21 10:15:00,1579581900,839.99,840,828.58,829,17035
2020-01-21 11:15:00,1579585500,829,833.2,826.44,832.74,10735
2020-01-21 12:15:00,1579589100,832.74,835.59,831,833.04,24090
2020-01-21 13:15:00,1579592700,833.04,834.59,830,831.19,8165
2020-01-21 14:15:00,1579596300,831.32,832.5,830,831.12,10215
2020-01-21 15:15:00,1579599900,831.12,834,831.01,832.42,12165
2020-01-22 09:15:00,1579664700,839.6,839.6,832,836.26,16585
2020-01-22 10:15:00,1579668300,836.26,836.3,828.8,831,15265
2020-01-22 11:15:00,1579671900,831,835,831,832.62,6765
2020-01-22 12:15:00,1579675500,832.62,834.4,832.32,833.77,1620
2020-01-22 13:15:00,1579679100,833.77,834,832,832.4,9085
2020-01-22 14:15:00,1579682700,832.4,833.81,832,832.5,7260
2020-01-22 15:15:00,1579686300,832.5,834,832,832.03,8565
2020-01-23 09:15:00,1579751100,834.6,836.15,827.13,831.78,13605
2020-01-23 10:15:00,1579754700,831.78,834,830.8,833.99,5330
2020-01-23 11:15:00,1579758300,833.99,836,832,834.59,4900
2020-01-23 12:15:00,1579761900,834.59,836,834.2,835.8,4215
2020-01-23 13:15:00,1579765500,835.8,835.9,832,832.21,3755
2020-01-23 14:15:00,1579769100,832.21,838.56,830.3,838.56,13845
2020-01-23 15:15:00,1579772700,838.2,840,835,837.91,9945
2020-01-24 09:15:00,1579837500,843.12,849.98,837.09,841.29,49020
2020-01-24 10:15:00,1579841100,841.29,843.6,840,842.4,11255
2020-01-24 11:15:00,1579844700,842.4,842.4,837.4,839.99,11545
2020-01-24 12:15:00,1579848300,839.95,841,838.51,840.88,5945
2020-01-24 13:15:00,1579851900,840.88,842.6,840.02,842.59,14085
2020-01-24 14:15:00,1579855500,842.59,845.59,841,844,36385
2020-01-24 15:15:00,1579859100,844,845.2,844,844.05,15465
2020-01-27 09:15:00,1580096700,844,859.4,842.2,857.07,119740
2020-01-27 10:15:00,1580100300,857.07,858.98,855.93,857.58,48430
2020-01-27 11:15:00,1580103900,857.58,878.7,856.2,874.05,96525
2020-01-27 12:15:00,1580107500,874.05,878.4,868.4,874.19,53155
2020-01-27 13:15:00,1580111100,874,876.85,873.02,873.8,19220
2020-01-27 14:15:00,1580114700,873.26,874.4,861,864.8,63365
2020-01-27 15:15:00,1580118300,864,868,858.2,866.6,46065
2020-01-28 09:15:00,1580183100,869.25,899.6,867.81,882.98,136650
2020-01-28 10:15:00,1580186700,883,886,877.2,880.86,37875
2020-01-28 11:15:00,1580190300,880.86,884.39,878.4,881.86,15085
2020-01-28 12:15:00,1580193900,881.86,884.47,881,882.5,14005
2020-01-28 13:15:00,1580197500,882.5,883.8,876.4,877.82,21840
2020-01-28 14:15:00,1580201100,877.82,885,876.85,883.92,35680
2020-01-28 15:15:00,1580204700,884.2,889.8,882.4,886.8,37175
2020-01-29 09:15:00,1580269500,892.8,895.8,868.74,884.4,116545
2020-01-29 10:15:00,1580273100,884.96,897.99,880,885.44,130375
2020-01-29 11:15:00,1580276700,885.44,889.83,870.2,884,56170
2020-01-29 12:15:00,1580280300,884,886,883.7,884,55990
2020-01-29 13:15:00,1580283900,884,884.24,876,882.03,25335
2020-01-29 14:15:00,1580287500,882.03,884.22,851,874.38,88620
2020-01-29 15:15:00,1580291100,877.64,883.99,848.48,850.61,286790
2020-01-30 09:15:00,1580355900,840,872,820,869.58,357590
2020-01-30 10:15:00,1580359500,869.58,894.4,867.05,889.44,255230
2020-01-30 11:15:00,1580363100,888.98,892,883.2,888.79,64930
2020-01-30 12:15:00,1580366700,888.79,888.8,877.6,880,58885
2020-01-30 13:15:00,1580370300,880,889.97,874,889.48,80250
2020-01-30 14:15:00,1580373900,889.8,899.2,889.8,898,205695
2020-01-30 15:15:00,1580377500,898,905.6,896.51,899.6,94475
2020-01-31 09:15:00,1580442300,906.98,918,892,915.62,134670
2020-01-31 10:15:00,1580445900,915.59,926,911.99,921.84,122940
2020-01-31 11:15:00,1580449500,921.84,922.1,916.35,921.58,29300
2020-01-31 12:15:00,1580453100,921.58,922,910.4,916.48,54135
2020-01-31 13:15:00,1580456700,916.48,921.56,916.48,920.84,25385
2020-01-31 14:15:00,1580460300,921.39,939.34,920.77,938.76,183030
2020-01-31 15:15:00,1580463900,938.75,943.99,914,923.6,142240
2020-02-01 09:15:00,1580528700,919,930.8,912,926,96770
2020-02-01 10:15:00,1580532300,926,929,915.41,922.79,28420
2020-02-01 11:15:00,1580535900,922.79,939.6,906.99,913.24,203445
2020-02-01 12:15:00,1580539500,913.24,918,909.05,911,21785
2020-02-01 13:15:00,1580543100,911,916.99,885,913.2,77645
2020-02-01 14:15:00,1580546700,913.2,914.77,885,885.86,46230
2020-02-01 15:15:00,1580550300,885.67,892.7,879.6,880,44655
2020-02-03 09:15:00,1580701500,873,929.8,873,913.01,183490
2020-02-03 10:15:00,1580705100,913.01,924.4,906.35,922.2,70415
2020-02-03 11:15:00,1580708700,922.2,928,915,926.43,39185
2020-02-03 12:15:00,1580712300,926.43,935,925.66,932.8,64290
2020-02-03 13:15:00,1580715900,932.89,979,931.6,953.27,447810
2020-02-03 14:15:00,1580719500,953.27,958.01,939.31,942.3,127380
2020-02-03 15:15:00,1580723100,942.3,956,941.02,954,67310
2020-02-04 09:15:00,1580787900,964,968.22,943,951.49,220900
2020-02-04 10:15:00,1580791500,951.49,959.72,948,952.49,40645
2020-02-04 11:15:00,1580795100,952.49,955.4,950.02,951.61,23770
2020-02-04 12:15:00,1580798700,951.61,952.75,945.4,948.21,25430
2020-02-04 13:15:00,1580802300,949.07,950.4,945.4,947,24595
2020-02-04 14:15:00,1580805900,947.1,950.4,946,948.21,42490
2020-02-04 15:15:00,1580809500,948.2,960,947.05,953.6,86815
2020-02-05 09:15:00,1580874300,959.8,961.6,935,940.48,94495
2020-02-05 10:15:00,1580877900,940.48,943,937.4,941.74,29245
2020-02-05 11:15:00,1580881500,941.74,943,936.2,936.4,51085
2020-02-05 12:15:00,1580885100,936.4,942.05,936,940.73,9770
2020-02-05 13:15:00,1580888700,940.8,943,939.99,940.61,18000
2020-02-05 14:15:00,1580892300,940.61,943,927.84,929.01,65775
2020-02-05 15:15:00,1580895900,929.8,937.43,926.44,931.2,25230
2020-02-06 09:15:00,1580960700,937.58,959.6,931.2,951.76,69260
2020-02-06 10:15:00,1580964300,951.76,951.76,944,944.4,24395
2020-02-06 11:15:00,1580967900,944.4,945.87,940.2,941.13,18180
2020-02-06 12:15:00,1580971500,941.13,943.59,936.1,939,17680
2020-02-06 13:15:00,1580975100,939,940,934.48,935.99,12850
2020-02-06 14:15:00,1580978700,935.41,937.55,930,933.29,19960
2020-02-06 15:15:00,1580982300,932.13,936,929.01,936,21410
2020-02-07 09:15:00,1581047100,934.1,938.36,912,913,69450
2020-02-07 10:15:00,1581050700,913,916.8,903.01,915.4,55325
2020-02-07 11:15:00,1581054300,915.4,915.92,909.83,911.1,11590
2020-02-07 12:15:00,1581057900,911.1,915.6,911.1,915.31,11280
2020-02-07 13:15:00,1581061500,915.31,922,914.4,920,18675
2020-02-07 14:15:00,1581065100,920,924.19,915.6,921.87,29465
2020-02-07 15:15:00,1581068700,920.8,922.32,912.24,920.6,25470
2020-02-10 09:15:00,1581306300,922,931,912.2,924,80525
2020-02-10 10:15:00,1581309900,923,924.87,915.02,920.49,19235
2020-02-10 11:15:00,1581313500,921.89,944.6,920.49,938.4,65365
2020-02-10 12:15:00,1581317100,938.2,944,927.03,936.05,41935
2020-02-10 13:15:00,1581320700,936.05,938.8,930,938.76,23725
2020-02-10 14:15:00,1581324300,938.8,938.8,920.94,924.08,29675
2020-02-10 15:15:00,1581327900,924.08,925,915.6,923.4,18070
2020-02-11 09:15:00,1581392700,924,937.43,924,924.4,37395
2020-02-11 10:15:00,1581396300,924.2,930.8,918.2,926.65,23805
2020-02-11 11:15:00,1581399900,926.65,929.23,922.36,929,9310
2020-02-11 12:15:00,1581403500,930,930.87,926,927.32,7370
2020-02-11 13:15:00,1581407100,927.19,939,926.01,932.65,33245
2020-02-11 14:15:00,1581410700,932.65,935.6,923.05,924.73,34715
2020-02-11 15:15:00,1581414300,924.73,926.96,920,923.32,13885
2020-02-12 09:15:00,1581479100,933.8,933.8,921.45,927,26835
2020-02-12 10:15:00,1581482700,927,928,922.33,924.2,8300
2020-02-12 11:15:00,1581486300,924.2,925.6,923.09,925.27,11505
2020-02-12 12:15:00,1581489900,925.27,925.98,923.8,924.83,7320
2020-02-12 13:15:00,1581493500,924.83,928,924.51,927,9565
2020-02-12 14:15:00,1581497100,926.98,933.8,922.4,923.95,21835
2020-02-12 15:15:00,1581500700,923.61,927.21,920.2,923,12055
2020-02-13 09:15:00,1581565500,929.6,933.97,920,925.86,29105
2020-02-13 10:15:00,1581569100,925.86,927,923.04,926.4,8025
2020-02-13 11:15:00,1581572700,926.4,928,923.66,927.81,7875
2020-02-13 12:15:00,1581576300,927.81,952,927.2,946.23,173530
2020-02-13 13:15:00,1581579900,946.23,950,938.2,944.55,49140
2020-02-13 14:15:00,1581583500,944.55,945.49,934,937.79,45850
2020-02-13 15:15:00,1581587100,937.6,943,936.4,943,33115
2020-02-14 09:15:00,1581651900,943.9,948.6,936,938.84,64775
2020-02-14 10:15:00,1581655500,938.84,941.79,928.22,929.8,30590
2020-02-14 11:15:00,1581659100,929.8,933.99,919,922.6,45700
2020-02-14 12:15:00,1581662700,922.6,924.79,920,923.91,21750
2020-02-14 13:15:00,1581666300,923.91,926.69,920.56,921.2,13990
2020-02-14 14:15:00,1581669900,921.84,922,887.54,895.4,103280
2020-02-14 15:15:00,1581673500,895.4,901.48,891.02,899.03,39870
2020-02-17 09:15:00,1581911100,902.52,906.87,858,881.41,131415
2020-02-17 10:15:00,1581914700,880.9,902.62,880.9,899.79,53585
2020-02-17 11:15:00,1581918300,899.06,921.6,898.32,911.28,189185
2020-02-17 12:15:00,1581921900,911.28,915.2,901,913.76,32140
2020-02-17 13:15:00,1581925500,913.76,928,913.4,920.8,72115
2020-02-17 14:15:00,1581929100,920.49,929.2,906,907.03,97320
2020-02-17 15:15:00,1581932700,907.03,909,902.32,904.1,19605
2020-02-18 09:15:00,1581997500,906,906,891.43,897,43480
2020-02-18 10:15:00,1582001100,897,901.49,891.4,900.03,31520
2020-02-18 11:15:00,1582004700,900.03,902,899.34,899.8,10275
2020-02-18 12:15:00,1582008300,899.8,914.43,899.2,907.52,28825
2020-02-18 13:15:00,1582011900,907.52,912,900.2,901.19,17170
2020-02-18 14:15:00,1582015500,901.19,903,899.53,901.87,151670
2020-02-18 15:15:00,1582019100,902.01,904,897.6,899.97,19725
2020-02-19 09:15:00,1582083900,904.4,915.8,903.01,910.05,38435
2020-02-19 10:15:00,1582087500,910.05,910.75,898.46,904.3,81640
2020-02-19 11:15:00,1582091100,904.3,910.4,901.4,901.63,29235
2020-02-19 12:15:00,1582094700,901.63,906.71,900.61,901.81,20785
2020-02-19 13:15:00,1582098300,901.81,907,901.6,902.19,25180
2020-02-19 14:15:00,1582101900,902.19,903.33,890.45,895,51015
2020-02-19 15:15:00,1582105500,895.01,900,890,893,38975
2020-02-20 09:15:00,1582170300,897.78,908,880,882,113095
2020-02-20 10:15:00,1582173900,883.13,887,860,870.83,1123120
2020-02-20 11:15:00,1582177500,870.85,879,870,872.01,75900
2020-02-20 12:15:00,1582181100,871.2,872,864,869.03,177395
2020-02-20 13:15:00,1582184700,869.03,875.74,866.34,871.6,42265
2020-02-20 14:15:00,1582188300,871.6,872.4,866.21,870.2,104150
2020-02-20 15:15:00,1582191900,870.2,872.22,869.81,872,68745
2020-02-24 09:15:00,1582515900,857.5,857.5,839.99,845.93,126700
2020-02-24 10:15:00,1582519500,846.17,848.79,840.95,846.3,41915
2020-02-24 11:15:00,1582523100,846.61,849,835.01,839.41,55850
2020-02-24 12:15:00,1582526700,839.41,843.4,838.38,839.05,20690
2020-02-24 13:15:00,1582530300,839.36,842,828.2,833.63,41530
2020-02-24 14:15:00,1582533900,833.63,835,820.2,820.2,82810
2020-02-24 15:15:00,1582537500,822.61,825.76,816,820,54355
2020-02-25 09:15:00,1582602300,826.04,840,820.44,829.34,61500
2020-02-25 10:15:00,1582605900,829.34,852.9,828,845.99,86055
2020-02-25 11:15:00,1582609500,845.99,846.65,840.42,845.79,30180
2020-02-25 12:15:00,1582613100,845.79,846,838,838.8,22235
2020-02-25 13:15:00,1582616700,838.8,843.97,832.81,834,33245
2020-02-25 14:15:00,1582620300,834.24,838.4,824.46,827.63,42400
2020-02-25 15:15:00,1582623900,827.63,835,826.94,834,18955
2020-02-26 09:15:00,1582688700,826,829.43,818.02,823.02,40090
2020-02-26 10:15:00,1582692300,823.02,824.66,816.93,818.96,93880
2020-02-26 11:15:00,1582695900,818.97,823.19,817,819.6,14875
2020-02-26 12:15:00,1582699500,819.6,823.19,817.75,821.39,14310
2020-02-26 13:15:00,1582703100,821.39,823,818.7,820.14,14850
2020-02-26 14:15:00,1582706700,820.14,820.79,810,812.73,37130
2020-02-26 15:15:00,1582710300,812.73,815.34,800.44,803.98,23600
2020-02-27 09:15:00,1582775100,807.32,807.32,772.44,776,109870
2020-02-27 10:15:00,1582778700,776,815.69,775.81,800.81,120825
2020-02-27 11:15:00,1582782300,800.81,829,800.02,804.86,107450
2020-02-27 12:15:00,1582785900,804.86,815.8,803.05,811.64,23605
2020-02-27 13:15:00,1582789500,811.64,814.39,800,800.44,22275
2020-02-27 14:15:00,1582793100,800.44,806,797.02,805.2,35440
2020-02-27 15:15:00,1582796700,804.55,805.6,796.5,799.8,25690
2020-02-28 09:15:00,1582861500,774,779.8,752.4,760.19,158395
2020-02-28 10:15:00,1582865100,760.58,774.6,759.14,770.24,59210
2020-02-28 11:15:00,1582868700,770.24,772.8,766.48,768.35,71880
2020-02-28 12:15:00,1582872300,768.35,773.74,767.2,768.98,37970
2020-02-28 13:15:00,1582875900,768.98,771.3,768,770,33000
2020-02-28 14:15:00,1582879500,770,770.54,759.01,765.39,108615
2020-02-28 15:15:00,1582883100,765.39,779.8,760.8,770.2,47295
2020-03-02 09:15:00,1583120700,783,797.8,767,772,60540
2020-03-02 10:15:00,1583124300,772,797,769,794.01,58845
2020-03-02 11:15:00,1583127900,794.4,819.59,786.21,813.8,154515
2020-03-02 12:15:00,1583131500,813.8,815.43,806.27,809.76,31715
2020-03-02 13:15:00,1583135100,809.69,818.78,808.01,811.36,59870
2020-03-02 14:15:00,1583138700,811.36,812,775,778.21,73095
2020-03-02 15:15:00,1583142300,778.21,788.8,773.01,787,19845
2020-03-03 09:15:00,1583207100,797.59,816.39,792.4,795.28,62320
2020-03-03 10:15:00,1583210700,794,795.67,774.93,781.42,40060
2020-03-03 11:15:00,1583214300,781.42,788.35,779.85,788.31,12335
2020-03-03 12:15:00,1583217900,788.31,798,785.21,788.2,18635
2020-03-03 13:15:00,1583221500,788,798,786.64,795.59,17390
2020-03-03 14:15:00,1583225100,795.59,810,791.48,809.6,71825
2020-03-03 15:15:00,1583228700,809.6,811.88,804.76,809.99,29800
2020-03-04 09:15:00,1583293500,811.05,819,795.05,805.2,40185
2020-03-04 10:15:00,1583297100,805.2,805.2,796,800.4,18585
2020-03-04 11:15:00,1583300700,800.65,802.73,798.33,798.33,6730
2020-03-04 12:15:00,1583304300,799.25,799.45,782.98,786.19,23275
2020-03-04 13:15:00,1583307900,786,791,773.16,775.21,45975
2020-03-04 14:15:00,1583311500,775.21,785.83,773.8,775.01,49770
2020-03-04 15:15:00,1583315100,775.01,779,774.47,775.4,18460
2020-03-05 09:15:00,1583379900,789,796.8,780.2,784.8,45445
2020-03-05 10:15:00,1583383500,784.8,809,778.31,807.05,67490
2020-03-05 11:15:00,1583387100,807.64,811.53,806.96,809.79,61870
2020-03-05 12:15:00,1583390700,809.8,812.75,803.03,809.5,26770
2020-03-05 13:15:00,1583394300,809.5,815.48,802.51,811.77,62455
2020-03-05 14:15:00,1583397900,811.77,826.02,809.03,826.01,98865
2020-03-05 15:15:00,1583401500,826.66,829.8,819.43,823,52240
2020-03-06 09:15:00,1583466300,770,824,770,816.81,150590
2020-03-06 10:15:00,1583469900,816.81,846,814.2,844.02,149335
2020-03-06 11:15:00,1583473500,844.02,855,837.45,852.8,135185
2020-03-06 12:15:00,1583477100,852.8,857.8,847.41,849.8,87605
2020-03-06 13:15:00,1583480700,849.8,860,847.08,856.83,86800
2020-03-06 14:15:00,1583484300,856.83,879.6,855.84,877.8,205225
2020-03-06 15:15:00,1583487900,877.8,897.54,877,889.75,168335
2020-03-09 09:15:00,1583725500,876,884.84,846.12,867.67,137160
2020-03-09 10:15:00,1583729100,867.67,869.36,843.69,865.4,69050
2020-03-09 11:15:00,1583732700,865.4,873,858.92,867.94,44940
2020-03-09 12:15:00,1583736300,868,869.78,860.44,863.85,42180
2020-03-09 13:15:00,1583739900,863.41,864.15,844.06,855.99,50880
2020-03-09 14:15:00,1583743500,855.99,869.8,852.9,858.4,49680
2020-03-09 15:15:00,1583747100,858.39,861,847.31,848,28355
2020-03-11 09:15:00,1583898300,846.21,909,846.21,882.2,319245
2020-03-11 10:15:00,1583901900,882.6,886.66,864.22,874.16,55720
2020-03-11 11:15:00,1583905500,874.16,880.2,870,875.04,24695
2020-03-11 12:15:00,1583909100,875.04,878.38,873.6,873.6,27455
2020-03-11 13:15:00,1583912700,873.6,874.4,851.28,859.96,53515
2020-03-11 14:15:00,1583916300,860.78,866,856.71,859.17,38380
2020-03-11 15:15:00,1583919900,859.17,861.4,854.02,861.4,24605
2020-03-12 09:15:00,1583984700,825,834.98,774.49,804.82,169415
2020-03-12 10:15:00,1583988300,804.82,805.79,794,800.42,123285
2020-03-12 11:15:00,1583991900,800.42,803.8,800,800.49,69815
2020-03-12 12:15:00,1583995500,800.02,811.2,800,806.31,53945
2020-03-12 13:15:00,1583999100,806.66,810.99,800,800.01,52475
2020-03-12 14:15:00,1584002700,800,810,800,802.37,77370
2020-03-12 15:15:00,1584006300,802,805.88,800.03,804.4,29535
2020-03-13 09:15:00,1584071100,731,760,717.99,718.65,25395
2020-03-13 10:15:00,1584074700,660,821.09,660,770,154045
2020-03-13 11:15:00,1584078300,770,777.09,755.01,762.77,49280
2020-03-13 12:15:00,1584081900,762.77,799,762.01,787.51,61675
2020-03-13 13:15:00,1584085500,787.51,792,762.28,768,42605
2020-03-13 14:15:00,1584089100,768,793,765,784.1,62735
2020-03-13 15:15:00,1584092700,784.1,788.25,779.01,782,12020
2020-03-16 09:15:00,1584330300,764,810,745.2,792.95,89320
2020-03-16 10:15:00,1584333900,792.95,793,776,780,54085
2020-03-16 11:15:00,1584337500,780,790.79,770,789.98,45595
2020-03-16 12:15:00,1584341100,789.98,801,781.78,801,41500
2020-03-16 13:15:00,1584344700,801,813.99,789,790.97,63775
2020-03-16 14:15:00,1584348300,790.97,794.3,780.4,781.73,41495
2020-03-16 15:15:00,1584351900,781.73,786.56,756,756,17395
2020-03-17 09:15:00,1584416700,793,809.59,773.86,785.8,58145
2020-03-17 10:15:00,1584420300,785.8,790,777.35,781.11,28710
2020-03-17 11:15:00,1584423900,781.11,782.31,776,777.57,33305
2020-03-17 12:15:00,1584427500,777.57,778.91,770.27,774.05,20300
2020-03-17 13:15:00,1584431100,775.18,775.18,767,770,44460
2020-03-17 14:15:00,1584434700,770,770.87,756,767.68,52275
2020-03-17 15:15:00,1584438300,767.68,771,756.2,762,17640
2020-03-18 09:15:00,1584503100,783.6,789.2,758,761.99,32805
2020-03-18 10:15:00,1584506700,761.01,761.98,719.81,728,56010
2020-03-18 11:15:00,1584510300,728,735.76,722.4,725.18,56420
2020-03-18 12:15:00,1584513900,725.18,727,718,722.39,28750
2020-03-18 13:15:00,1584517500,722.39,731.55,719.8,722.83,35095
2020-03-18 14:15:00,1584521100,722.83,724.95,711.02,720.01,33300
2020-03-18 15:15:00,1584524700,720.01,726,716.04,720.92,23040
2020-03-19 09:15:00,1584589500,680,680.04,620.57,634.03,125405
2020-03-19 10:15:00,1584593100,634.82,656.52,617.69,641.2,79005
2020-03-19 11:15:00,1584596700,642,666.6,636.35,661.01,85685
2020-03-19 12:15:00,1584600300,661.01,668,650,650,49090
2020-03-19 13:15:00,1584603900,650.59,673.24,641,667.45,38680
2020-03-19 14:15:00,1584607500,667.45,672,640.2,650.91,56060
2020-03-19 15:15:00,1584611100,650.91,651,641,647,18070
2020-03-20 09:15:00,1584675900,652.05,689,652.05,671.36,50180
2020-03-20 10:15:00,1584679500,671.34,677.37,669,675.04,27785
2020-03-20 11:15:00,1584683100,675.11,684,672,682.38,29685
2020-03-20 12:15:00,1584686700,683,740,680.12,728.01,240020
2020-03-20 13:15:00,1584690300,728,737.48,700.7,712.76,115160
2020-03-20 14:15:00,1584693900,712.07,732.77,704.26,724.2,87555
2020-03-20 15:15:00,1584697500,724,724.01,698.04,710,33145
2020-03-23 09:15:00,1584935100,640,680,640,651.97,34990
2020-03-23 10:15:00,1584938700,635,651.99,620,644.2,18350
2020-03-23 11:15:00,1584942300,644.85,661.99,630.04,660.2,42835
2020-03-23 12:15:00,1584945900,660.2,660.59,635.76,648.98,31260
2020-03-23 13:15:00,1584949500,649.73,656,638,645.35,27670
2020-03-23 14:15:00,1584953100,645.37,650,636,646,32480
2020-03-23 15:15:00,1584956700,646.54,648,630,636,24975
2020-03-24 09:15:00,1585021500,651.02,672,598.12,613.58,48650
2020-03-24 10:15:00,1585025100,613.58,634.4,612.4,624.06,27395
2020-03-24 11:15:00,1585028700,624.06,645,624.06,627.76,38670
2020-03-24 12:15:00,1585032300,627.76,650,626.99,649.01,26175
2020-03-24 13:15:00,1585035900,649.01,657.75,640.61,646.83,26510
2020-03-24 14:15:00,1585039500,646.83,648,630.37,639.7,27615
2020-03-24 15:15:00,1585043100,639.7,640.8,635.6,637.8,9930
2020-03-25 09:15:00,1585107900,622,657.55,622,646.14,32325
2020-03-25 10:15:00,1585111500,646.84,666,646.84,656.22,31950
2020-03-25 11:15:00,1585115100,657.07,662,655.53,657.21,13705
2020-03-25 12:15:00,1585118700,657.57,660.59,637.02,647.19,35915
2020-03-25 13:15:00,1585122300,647.19,653.59,638.02,643.46,24250
2020-03-25 14:15:00,1585125900,643.46,658.8,639.01,650.6,41015
2020-03-25 15:15:00,1585129500,650.6,654,649.48,651,8265
2020-03-26 09:15:00,1585194300,665.8,682,650.24,670.24,50865
2020-03-26 10:15:00,1585197900,672.19,677.46,662.56,667.39,31540
2020-03-26 11:15:00,1585201500,667.39,677.54,666.26,670.81,23950
2020-03-26 12:15:00,1585205100,670.81,678,668.2,677.6,19835
2020-03-26 13:15:00,1585208700,677.6,678,663,672,21185
2020-03-26 14:15:00,1585212300,671.99,674.98,662.45,665.02,27720
2020-03-26 15:15:00,1585215900,665.02,669.8,662,667,7900
2020-03-27 09:15:00,1585280700,696,699.8,678.16,680.09,45905
2020-03-27 10:15:00,1585284300,680.09,686.1,670,672.53,23660
2020-03-27 11:15:00,1585287900,672.53,687.71,667.41,686.4,19885
2020-03-27 12:15:00,1585291500,685.6,691.01,682.01,684.79,13745
2020-03-27 13:15:00,1585295100,684.8,685.4,672.92,677,18950
2020-03-27 14:15:00,1585298700,677,681,671,680.77,23860
2020-03-27 15:15:00,1585302300,680.77,680.78,674,678,13305
2020-03-30 09:15:00,1585539900,642,657.78,642,653.16,39735
2020-03-30 10:15:00,1585543500,653.18,660.2,649.45,654.71,16420
2020-03-30 11:15:00,1585547100,654.71,654.71,645.29,651.8,11635
2020-03-30 12:15:00,1585550700,651.8,651.8,644.02,646.08,5260
2020-03-30 13:15:00,1585554300,646.06,647.01,640,641.73,9535
2020-03-30 14:15:00,1585557900,641.74,641.99,636.3,639,13620
2020-03-30 15:15:00,1585561500,639,639,630.2,635.21,5915
2020-03-31 09:15:00,1585626300,656.4,713.43,656.4,688.15,152510
2020-03-31 10:15:00,1585629900,688.15,700,687.23,694.4,39080
2020-03-31 11:15:00,1585633500,694.4,705.09,693.03,700.23,32455
2020-03-31 12:15:00,1585637100,700.23,701.96,694.2,699.08,32500
2020-03-31 13:15:00,1585640700,699.08,704,697.79,702.89,54035
2020-03-31 14:15:00,1585644300,702.89,739.2,702.46,718,196940
2020-03-31 15:15:00,1585647900,718,719.6,710.78,712.7,45475
2020-04-01 09:15:00,1585712700,720.43,758.6,695,746,102795
2020-04-01 10:15:00,1585716300,746,750,737.21,740.92,41090
2020-04-01 11:15:00,1585719900,740.92,740.92,726.23,732.46,37890
2020-04-01 12:15:00,1585723500,733.65,737.14,727,728,26700
2020-04-01 13:15:00,1585727100,728,730,718,720.66,20430
2020-04-01 14:15:00,1585730700,720.66,726,710.02,712.93,36305
2020-04-01 15:15:00,1585734300,713.97,716,710.53,711.42,19045
2020-04-03 09:15:00,1585885500,712,718.8,675.03,676.88,57765
2020-04-03 10:15:00,1585889100,676.88,680,676.31,679.11,25420
2020-04-03 11:15:00,1585892700,679.11,680,676.01,677.98,22665
2020-04-03 12:15:00,1585896300,679.2,680,677,679.46,16520
2020-04-03 13:15:00,1585899900,679.46,693,679.17,686.6,35615
2020-04-03 14:15:00,1585903500,686.06,693.8,685,685.26,25560
2020-04-03 15:15:00,1585907100,685.26,686.99,682,685,13610
2020-04-07 09:15:00,1586231100,716.73,743,689.3,723.92,192415
2020-04-07 10:15:00,1586234700,723.92,735.59,718,735,138110
2020-04-07 11:15:00,1586238300,735,736.99,730,735.8,33960
2020-04-07 12:15:00,1586241900,735.8,744,734.8,741.7,45735
2020-04-07 13:15:00,1586245500,741.7,742,732.55,732.55,18830
2020-04-07 14:15:00,1586249100,732.55,758,730.2,752.99,122510
2020-04-07 15:15:00,1586252700,754.15,757,750,752,18340
2020-04-08 09:15:00,1586317500,756,792,726.73,778.99,59775
2020-04-08 10:15:00,1586321100,779,785,773.19,777.59,17945
2020-04-08 11:15:00,1586324700,777.6,782,763,770.14,17550
2020-04-08 12:15:00,1586328300,770.14,781.77,769,781.34,40440
2020-04-08 13:15:00,1586331900,781.34,781.34,769,770.84,26005
2020-04-08 14:15:00,1586335500,770.84,777.8,743.21,752.63,39170
2020-04-08 15:15:00,1586339100,752.63,757.29,744.99,754,10605
2020-04-09 09:15:00,1586403900,767,780.6,765.89,778.22,38385
2020-04-09 10:15:00,1586407500,778.4,779.6,766.92,771.78,66010
2020-04-09 11:15:00,1586411100,771.78,773,760,769.89,19735
2020-04-09 12:15:00,1586414700,769.89,770.96,763.81,770,12760
2020-04-09 13:15:00,1586418300,770,771,763.35,769.77,15680
2020-04-09 14:15:00,1586421900,769.77,772.79,768,768,24115
2020-04-09 15:15:00,1586425500,765.4,770,760,763,14060
2020-04-13 09:15:00,1586749500,760,771.79,732.2,743.98,19265
2020-04-13 10:15:00,1586753100,743.98,757.1,742.4,753.88,10225
2020-04-13 11:15:00,1586756700,753.88,760,748.48,752.39,7915
2020-04-13 12:15:00,1586760300,752.39,752.46,743.4,745.32,4930
2020-04-13 13:15:00,1586763900,744.4,749.58,742.4,743.82,3940
2020-04-13 14:15:00,1586767500,743.82,744,737,739.6,11405
2020-04-13 15:15:00,1586771100,737,739.76,732.37,734.2,5725
2020-04-15 09:15:00,1586922300,757,775,743.15,769.13,28060
2020-04-15 10:15:00,1586925900,769.13,772,762.93,764.69,9990
2020-04-15 11:15:00,1586929500,764.71,767,760.2,766.48,7965
2020-04-15 12:15:00,1586933100,766.48,766.99,754.51,757.4,7475
2020-04-15 13:15:00,1586936700,756.97,759,741.79,744.69,30745
2020-04-15 14:15:00,1586940300,744.71,748.65,728.2,740,43530
2020-04-15 15:15:00,1586943900,740,747.87,738.1,746.71,14170
2020-04-16 09:15:00,1587008700,733,766.8,733,764.56,30845
2020-04-16 10:15:00,1587012300,764.56,779.38,762.07,778.36,44565
2020-04-16 11:15:00,1587015900,778.6,793.99,776.61,779.8,92465
2020-04-16 12:15:00,1587019500,779.8,780.58,776.2,779.99,23420
2020-04-16 13:15:00,1587023100,779.99,781.52,777.01,778,24880
2020-04-16 14:15:00,1587026700,778,778.43,772.21,778,30425
2020-04-16 15:15:00,1587030300,778,793,774.51,793,22820
2020-04-17 09:15:00,1587095100,809.54,819.4,796.01,802,65995
2020-04-17 10:15:00,1587098700,800.5,804.14,782.09,802.8,120475
2020-04-17 11:15:00,1587102300,802.8,804,791,795.59,45870
2020-04-17 12:15:00,1587105900,795.59,796.79,787.16,788,44110
2020-04-17 13:15:00,1587109500,788,788.83,776,779.51,40565
2020-04-17 14:15:00,1587113100,778.22,782.79,772.74,777.58,29770
2020-04-17 15:15:00,1587116700,776.21,783,774.32,778.03,22680
2020-04-20 09:15:00,1587354300,779.2,791.3,765.25,774,29810
2020-04-20 10:15:00,1587357900,774,779.52,772.6,775.69,10425
2020-04-20 11:15:00,1587361500,775.69,777,766.45,768.32,11125
2020-04-20 12:15:00,1587365100,768.32,773.47,766.72,767.6,5025
2020-04-20 13:15:00,1587368700,767.6,771,764.6,766.3,7265
2020-04-20 14:15:00,1587372300,766,791.17,765.47,788.01,41630
2020-04-20 15:15:00,1587375900,788,803,787.46,796.13,23725
2020-04-21 09:15:00,1587440700,785.11,785.11,762.8,769.23,34810
2020-04-21 10:15:00,1587444300,770,790,770,784.75,26545
2020-04-21 11:15:00,1587447900,784.75,786.81,782.32,784.08,37655
2020-04-21 12:15:00,1587451500,784.08,787.39,781.46,786.75,18615
2020-04-21 13:15:00,1587455100,786.75,788.69,784.6,785.61,7445
2020-04-21 14:15:00,1587458700,785.61,830,785.6,826,220120
2020-04-21 15:15:00,1587462300,826,839.99,805.05,806,61320
2020-04-22 09:15:00,1587527100,819.8,835.6,793.33,806.04,71890
2020-04-22 10:15:00,1587530700,805.62,823.2,805.62,817,60160
2020-04-22 11:15:00,1587534300,818,823.96,816.01,819.01,32640
2020-04-22 12:15:00,1587537900,819.01,834.4,807.49,826.5,125325
2020-04-22 13:15:00,1587541500,826.5,849.4,825,844.41,57275
2020-04-22 14:15:00,1587545100,844.41,850.4,831.01,840.21,54150
2020-04-22 15:15:00,1587548700,841.57,844,832.2,834,15495
2020-04-23 09:15:00,1587613500,850,859.8,844.21,850.4,42990
2020-04-23 10:15:00,1587617100,850.79,856.2,850,850.53,19970
2020-04-23 11:15:00,1587620700,850.53,855.2,850.25,855,14880
2020-04-23 12:15:00,1587624300,855,855,849,851.05,15685
2020-04-23 13:15:00,1587627900,851.05,852,846,848.01,10520
2020-04-23 14:15:00,1587631500,848.01,850.2,830,835.35,18710
2020-04-23 15:15:00,1587635100,834.83,835.7,830,832.99,12055
2020-04-24 09:15:00,1587699900,829.94,842.16,815.24,839.99,116975
2020-04-24 10:15:00,1587703500,839.99,841,836.55,840,15755
2020-04-24 11:15:00,1587707100,840,841.1,838.99,839.99,12615
2020-04-24 12:15:00,1587710700,839.99,839.99,826.4,833.8,13230
2020-04-24 13:15:00,1587714300,833.8,837.4,831,833,7555
2020-04-24 14:15:00,1587717900,833,841.63,820.82,840,36025
2020-04-24 15:15:00,1587721500,840.01,847,835.4,836,35685
2020-04-27 09:15:00,1587959100,840.48,855.76,830,835.46,31305
2020-04-27 10:15:00,1587962700,835.46,840,832.4,834.96,12200
2020-04-27 11:15:00,1587966300,834.96,837.23,832,833.76,7160
2020-04-27 12:15:00,1587969900,833.88,839.8,831.4,833.2,10545
2020-04-27 13:15:00,1587973500,833.4,836.76,830.46,836.76,9610
2020-04-27 14:15:00,1587977100,836.76,844.5,834,840.41,29460
2020-04-27 15:15:00,1587980700,840.41,843,837.6,838.21,12050
2020-04-28 09:15:00,1588045500,849.8,849.8,820.2,826.21,30505
2020-04-28 10:15:00,1588049100,826.21,835.99,826.17,830.48,12790
2020-04-28 11:15:00,1588052700,830.48,838.98,829,835.2,17430
2020-04-28 12:15:00,1588056300,835.2,845.19,834.01,844.61,13085
2020-04-28 13:15:00,1588059900,845.6,874.99,844.23,864.4,76980
2020-04-28 14:15:00,1588063500,864.4,866,855,864,23205
2020-04-28 15:15:00,1588067100,864,867.12,861,867,17215
2020-04-29 09:15:00,1588131900,869.8,879.8,865.04,870.11,32360
2020-04-29 10:15:00,1588135500,870.11,874.13,862.6,865.54,29800
2020-04-29 11:15:00,1588139100,865.7,866.87,853.01,860.56,17895
2020-04-29 12:15:00,1588142700,860.56,861.4,851.6,855,8325
2020-04-29 13:15:00,1588146300,855,857.59,852.81,852.81,6325
2020-04-29 14:15:00,1588149900,852.81,852.81,835.01,835.89,33715
2020-04-29 15:15:00,1588153500,835.89,844.97,830.6,837.4,25990
2020-04-30 09:15:00,1588218300,855.98,886,847.01,884.16,108525
2020-04-30 10:15:00,1588221900,883.17,939.2,882.21,921.48,275305
2020-04-30 11:15:00,1588225500,921.48,924,910.54,914.14,82110
2020-04-30 12:15:00,1588229100,914.14,916,909,913.97,34025
2020-04-30 13:15:00,1588232700,914.37,916,910,913.63,37450
2020-04-30 14:15:00,1588236300,913.63,918.06,909.02,915.02,124935
2020-04-30 15:15:00,1588239900,915.02,917.15,913.6,916.93,41550
2020-05-04 09:15:00,1588563900,900,908.98,881,899.58,85080
2020-05-04 10:15:00,1588567500,899.58,899.75,888.01,896.08,20730
2020-05-04 11:15:00,1588571100,896.6,957.96,894.21,947.98,159770
2020-05-04 12:15:00,1588574700,946.74,947.78,915.01,915.11,96210
2020-05-04 13:15:00,1588578300,915.02,928,901.43,911.72,164655
2020-05-04 14:15:00,1588581900,911.72,920,908.98,916.11,32485
2020-05-04 15:15:00,1588585500,916,920,909.71,918,23380
2020-05-05 09:15:00,1588650300,929.2,940.01,901,910.73,80675
2020-05-05 10:15:00,1588653900,910.73,913,898.21,912.1,51480
2020-05-05 11:15:00,1588657500,912.1,916.82,906.02,914,24435
2020-05-05 12:15:00,1588661100,914,940,913.62,936.01,54860
2020-05-05 13:15:00,1588664700,936.01,939.8,920.2,922.92,42895
2020-05-05 14:15:00,1588668300,922.92,923.67,904.2,904.2,37910
2020-05-05 15:15:00,1588671900,904.2,911.02,896.22,911.02,24100
2020-05-06 09:15:00,1588736700,904,927.26,902.65,921.01,62290
2020-05-06 10:15:00,1588740300,921,922.8,909,916.97,16540
2020-05-06 11:15:00,1588743900,916.97,917.99,908.02,910.85,19095
2020-05-06 12:15:00,1588747500,909.89,912.2,892.21,894.83,41515
2020-05-06 13:15:00,1588751100,894.8,900,890,895.8,17270
2020-05-06 14:15:00,1588754700,895.8,895.8,874.99,886.01,60855
2020-05-06 15:15:00,1588758300,886.01,892.5,877.2,881.94,22585
2020-05-07 09:15:00,1588823100,884,897.6,877,880,32785
2020-05-07 10:15:00,1588826700,880,882.8,872.21,879.12,14005
2020-05-07 11:15:00,1588830300,879.12,881.58,878,878.8,97380
2020-05-07 12:15:00,1588833900,878.73,891.8,878.2,882.25,17505
2020-05-07 13:15:00,1588837500,882.25,883.2,872.2,878.17,10320
2020-05-07 14:15:00,1588841100,878.17,878.17,870.43,871.68,11185
2020-05-07 15:15:00,1588844700,871.68,874.71,864.02,869,12760
2020-05-08 09:15:00,1588909500,878.8,893.99,873.8,880.39,38800
2020-05-08 10:15:00,1588913100,880.39,883.33,878,878.9,7320
2020-05-08 11:15:00,1588916700,878.9,880,872,875.68,12205
2020-05-08 12:15:00,1588920300,875.69,879.65,874,875,6495
2020-05-08 13:15:00,1588923900,875,876.99,872.05,873.02,9315
2020-05-08 14:15:00,1588927500,873.02,874,851,852.2,24725
2020-05-08 15:15:00,1588931100,852.2,854,846.03,851.15,14745
2020-05-11 09:15:00,1589168700,859.8,875.6,859.8,867.19,30335
2020-05-11 10:15:00,1589172300,867.19,871.42,863,865.72,8905
2020-05-11 11:15:00,1589175900,865.72,868.87,865.62,867.94,3565
2020-05-11 12:15:00,1589179500,867.94,867.94,866,866.42,2450
2020-05-11 13:15:00,1589183100,866.42,867.67,845.2,852.24,32670
2020-05-11 14:15:00,1589186700,852.24,854,844.92,848.03,37915
2020-05-11 15:15:00,1589190300,847.3,849.99,842.2,844,10740
2020-05-12 09:15:00,1589255100,848.12,854.8,837,845.37,29115
2020-05-12 10:15:00,1589258700,845.37,853.38,843.17,852.38,14795
2020-05-12 11:15:00,1589262300,852.38,865.6,848,860.21,35145
2020-05-12 12:15:00,1589265900,859.49,860.29,846.61,850.6,15990
2020-05-12 13:15:00,1589269500,850.6,852.96,844.13,844.3,13250
2020-05-12 14:15:00,1589273100,844.34,847.48,840.24,841.2,31045
2020-05-12 15:15:00,1589276700,841.2,844.98,839.8,843.98,11140
2020-05-13 09:15:00,1589341500,920,920,876,878.41,189075
2020-05-13 10:15:00,1589345100,878.41,880.01,873.03,877.7,30485
2020-05-13 11:15:00,1589348700,877.7,880.28,876,878.29,22050
2020-05-13 12:15:00,1589352300,878.8,880,872.38,874,17980
2020-05-13 13:15:00,1589355900,874,880.22,874,879.45,26185
2020-05-13 14:15:00,1589359500,879.45,880.4,870.2,870.99,40135
2020-05-13 15:15:00,1589363100,870.72,879.6,870.72,876.62,21315
2020-05-14 09:15:00,1589427900,869.99,886,859.05,878.65,42710
2020-05-14 10:15:00,1589431500,878.65,879.79,866.65,872.17,17210
2020-05-14 11:15:00,1589435100,872.18,876,870.2,871.44,14060
2020-05-14 12:15:00,1589438700,871.44,872,866.8,867.06,10230
2020-05-14 13:15:00,1589442300,867.06,870.14,861.85,862.46,10100
2020-05-14 14:15:00,1589445900,862.55,868,857.03,863.2,20155
2020-05-14 15:15:00,1589449500,863.2,865.99,862,864,6045
2020-05-15 09:15:00,1589514300,870,877,861.02,873.94,40380
2020-05-15 10:15:00,1589517900,873.96,877.6,872.89,874,18355
2020-05-15 11:15:00,1589521500,874,874,868.4,870.79,13075
2020-05-15 12:15:00,1589525100,870.79,872,870.01,872,7905
2020-05-15 13:15:00,1589528700,872,875.38,870.66,873,20670
2020-05-15 14:15:00,1589532300,873,884,869.56,882.93,36770
2020-05-15 15:15:00,1589535900,882,885.6,880.04,884.02,27695
2020-05-18 09:15:00,1589773500,888.92,891.6,864,873.41,34005
2020-05-18 10:15:00,1589777100,873.41,876,855.12,856.79,25340
2020-05-18 11:15:00,1589780700,856.79,860,849.8,860,22225
2020-05-18 12:15:00,1589784300,860,869.8,858.77,863.54,12570
2020-05-18 13:15:00,1589787900,863.54,863.54,854.41,858.36,9210
2020-05-18 14:15:00,1589791500,858.37,868,850.2,853.82,19875
2020-05-18 15:15:00,1589795100,853.82,857.63,840,844.2,14005
2020-05-19 09:15:00,1589859900,858,866.98,851.17,862.61,33645
2020-05-19 10:15:00,1589863500,862.61,865,858.1,858.22,13655
2020-05-19 11:15:00,1589867100,858.22,874,858.02,863.7,23660
2020-05-19 12:15:00,1589870700,863.7,867,863,865.27,9990
2020-05-19 13:15:00,1589874300,865.45,866.4,859.52,859.52,17385
2020-05-19 14:15:00,1589877900,859.52,866.73,856.6,861,14615
2020-05-19 15:15:00,1589881500,861,862.48,858.59,859.8,9470
2020-05-20 09:15:00,1589946300,860.4,869.3,857.21,866.4,19985
2020-05-20 10:15:00,1589949900,866.4,874.19,862.21,868.98,10975
2020-05-20 11:15:00,1589953500,868.98,868.98,862.4,865.19,9480
2020-05-20 12:15:00,1589957100,865.19,869.19,863.1,867.25,3405
2020-05-20 13:15:00,1589960700,867.25,877,864.29,872.62,12375
2020-05-20 14:15:00,1589964300,872.62,885,871.21,877.17,29425
2020-05-20 15:15:00,1589967900,877.17,880,875.56,878,14105
2020-05-21 09:15:00,1590032700,877,891,866.2,888.01,42865
2020-05-21 10:15:00,1590036300,888.01,890.99,884.1,885.19,15240
2020-05-21 11:15:00,1590039900,885.24,898.6,882.4,894.9,27190
2020-05-21 12:15:00,1590043500,894.9,898.4,891.2,893.99,30145
2020-05-21 13:15:00,1590047100,893.99,895,886.31,887,17715
2020-05-21 14:15:00,1590050700,887,887,857.05,858.59,51705
2020-05-21 15:15:00,1590054300,858.59,867.8,856,864.99,21215
2020-05-22 09:15:00,1590119100,859.8,875,859.8,865.72,22860
2020-05-22 10:15:00,1590122700,865.72,869.19,848.42,858.9,44310
2020-05-22 11:15:00,1590126300,858.9,867.99,858.2,863.8,10975
2020-05-22 12:15:00,1590129900,863.8,871.01,862,864.29,8620
2020-05-22 13:15:00,1590133500,864.29,869.99,863.66,869.6,5995
2020-05-22 14:15:00,1590137100,868.63,869.73,861.4,868.52,8590
2020-05-22 15:15:00,1590140700,869.19,869.38,866.4,867.6,7190
2020-05-26 09:15:00,1590464700,869.8,886.01,861.61,884.64,30480
2020-05-26 10:15:00,1590468300,884.64,896,883.8,893.87,41950
2020-05-26 11:15:00,1590471900,893.87,907.99,890.85,903,55320
2020-05-26 12:15:00,1590475500,903,906,894.21,897.15,35255
2020-05-26 13:15:00,1590479100,897.15,901.59,894.4,894.4,18385
2020-05-26 14:15:00,1590482700,894,904.69,892.8,900,22700
2020-05-26 15:15:00,1590486300,900,903,897.61,900,27400
2020-05-27 09:15:00,1590551100,910,927,909.99,912.6,49405
2020-05-27 10:15:00,1590554700,912.6,919,911.61,914,13785
2020-05-27 11:15:00,1590558300,914,916.44,910.46,913.99,7450
2020-05-27 12:15:00,1590561900,913.99,915.8,912.6,914.17,4975
2020-05-27 13:15:00,1590565500,914.17,915,910,911.87,12390
2020-05-27 14:15:00,1590569100,911.87,916,905.01,910.01,19365
2020-05-27 15:15:00,1590572700,910.01,915.35,905.32,913.98,9955
2020-05-28 09:15:00,1590637500,917.4,923.4,912,920,37360
2020-05-28 10:15:00,1590641100,920,927.6,917.44,923,24990
2020-05-28 11:15:00,1590644700,923,930,921,923.99,27310
2020-05-28 12:15:00,1590648300,923.99,923.99,919.74,920.87,16865
2020-05-28 13:15:00,1590651900,920.87,925,919.86,924.01,17115
2020-05-28 14:15:00,1590655500,924.01,929.18,923.41,926.99,21900
2020-05-28 15:15:00,1590659100,926.99,930,925,928.2,15945
2020-05-29 09:15:00,1590723900,920.45,953.2,920.45,945.31,57465
2020-05-29 10:15:00,1590727500,945.31,948.6,936.68,943,139040
2020-05-29 11:15:00,1590731100,943,945.4,929.01,935,21605
2020-05-29 12:15:00,1590734700,935,936.2,932.41,934.93,6195
2020-05-29 13:15:00,1590738300,934.93,934.93,927,928.1,19910
2020-05-29 14:15:00,1590741900,928.1,985.62,928.1,973.19,374800
2020-05-29 15:15:00,1590745500,973.19,991,973.19,989.79,179095
2020-06-01 09:15:00,1590983100,996.64,1028.99,996,1006.21,134425
2020-06-01 10:15:00,1590986700,1006.21,1009.8,996.2,1006.6,64185
2020-06-01 11:15:00,1590990300,1007,1018,1006,1010.51,45165
2020-06-01 12:15:00,1590993900,1010.51,1017,1010,1011,17685
2020-06-01 13:15:00,1590997500,1011,1019.87,1010,1010.21,39780
2020-06-01 14:15:00,1591001100,1010.21,1019,1010,1010.01,38235
2020-06-01 15:15:00,1591004700,1010,1014,1008.02,1014,28825
2020-06-02 09:15:00,1591069500,1015,1034,1002.34,1031,92800
2020-06-02 10:15:00,1591073100,1030.01,1033.6,1020.22,1032.6,41465
2020-06-02 11:15:00,1591076700,1032,1039.8,1025.41,1030,59825
2020-06-02 12:15:00,1591080300,1030,1036.48,1024.26,1032,28550
2020-06-02 13:15:00,1591083900,1032,1034,1028.13,1030.29,35535
2020-06-02 14:15:00,1591087500,1030.29,1036,1027.6,1030,39120
2020-06-02 15:15:00,1591091100,1030.45,1049.8,1030,1039.99,58310
2020-06-03 09:15:00,1591155900,1052.98,1080,1042,1071.6,137145
2020-06-03 10:15:00,1591159500,1071.6,1072,1052,1070.87,94890
2020-06-03 11:15:00,1591163100,1070.87,1115,1069,1086.4,210690
2020-06-03 12:15:00,1591166700,1085.73,1105.58,1085.73,1103.02,64340
2020-06-03 13:15:00,1591170300,1103.02,1104.6,1087.2,1088.21,63685
2020-06-03 14:15:00,1591173900,1088.21,1090,1070.02,1074.8,65400
2020-06-03 15:15:00,1591177500,1074.8,1081.02,1070,1078,40090
2020-06-04 09:15:00,1591242300,1084,1092,1052.4,1057.01,118460
2020-06-04 10:15:00,1591245900,1057.01,1063.95,1034.48,1042.18,72580
2020-06-04 11:15:00,1591249500,1042.17,1045.82,1034.8,1040.82,29520
2020-06-04 12:15:00,1591253100,1041.85,1047.98,1034.4,1037.18,24590
2020-06-04 13:15:00,1591256700,1037.18,1042,1035.2,1037.72,14360
2020-06-04 14:15:00,1591260300,1036.21,1041.99,1035,1037,37985
2020-06-04 15:15:00,1591263900,1037,1039.39,1029,1034.8,25415
2020-06-05 09:15:00,1591328700,1034,1044,1008.03,1017.28,60945
2020-06-05 10:15:00,1591332300,1017.28,1017.35,1008.33,1010,25645
2020-06-05 11:15:00,1591335900,1009.98,1013.99,1002.73,1005.6,53495
2020-06-05 12:15:00,1591339500,1005.6,1007.98,1004,1006.8,18455
2020-06-05 13:15:00,1591343100,1006.8,1006.98,1002,1005.8,29585
2020-06-05 14:15:00,1591346700,1005.8,1010.77,1000.45,1002,72640
2020-06-05 15:15:00,1591350300,1001.6,1005.6,999,1002.8,50860
2020-06-08 09:15:00,1591587900,1011.99,1019.98,1005.94,1008,37970
2020-06-08 10:15:00,1591591500,1008,1011.99,1006,1009.9,16695
2020-06-08 11:15:00,1591595100,1009.9,1011.99,1008.38,1010,13415
2020-06-08 12:15:00,1591598700,1010,1011,1000.2,1008.24,25130
2020-06-08 13:15:00,1591602300,1008.24,1010,1002.2,1005.77,4200
2020-06-08 14:15:00,1591605900,1005.77,1005.77,1000,1002.8,12150
2020-06-08 15:15:00,1591609500,1002.8,1004.4,997.6,1004.4,10670
2020-06-09 09:15:00,1591674300,1009.96,1011.98,1005.47,1009.9,35340
2020-06-09 10:15:00,1591677900,1009.9,1010,1002,1004.99,20915
2020-06-09 11:15:00,1591681500,1004.99,1007,990.65,992.89,51310
2020-06-09 12:15:00,1591685100,992.89,1006,992.4,1004.95,16185
2020-06-09 13:15:00,1591688700,1004.95,1009.98,1000,1004.99,37960
2020-06-09 14:15:00,1591692300,1004.99,1011.98,1003.6,1009,29095
2020-06-09 15:15:00,1591695900,1009,1010,1002,1007.02,12545
2020-06-10 09:15:00,1591760700,1010.42,1015.99,1002.01,1011.99,57300
2020-06-10 10:15:00,1591764300,1011.99,1012.98,1007.06,1008.87,7490
2020-06-10 11:15:00,1591767900,1008.87,1008.9,973.98,999.59,40010
2020-06-10 12:15:00,1591771500,999.59,1005,992.37,999.63,11065
2020-06-10 13:15:00,1591775100,999.63,1009.51,996.05,1005.98,8635
2020-06-10 14:15:00,1591778700,1005.98,1006.52,1000.2,1004.5,24270
2020-06-10 15:15:00,1591782300,1004.5,1004.93,1000.44,1002.99,8160
2020-06-11 09:15:00,1591847100,1006,1021.98,1005.8,1015.05,102390
2020-06-11 10:15:00,1591850700,1015.05,1019.8,1002.81,1005,40085
2020-06-11 11:15:00,1591854300,1005,1008,1004.81,1005.94,15390
2020-06-11 12:15:00,1591857900,1005.94,1007.7,1000.44,1003.99,13695
2020-06-11 13:15:00,1591861500,1003.99,1004,981,981.17,24105
2020-06-11 14:15:00,1591865100,981.17,993.94,973,990.21,47580
2020-06-11 15:15:00,1591868700,990.21,1008,990,1008,43030
2020-06-12 09:15:00,1591933500,970,1020,967.04,1006,489030
2020-06-12 10:15:00,1591937100,1006,1030.31,1003.2,1024.26,465965
2020-06-12 11:15:00,1591940700,1025.56,1035.04,1021,1028.51,139105
2020-06-12 12:15:00,1591944300,1029.98,1041,1023.2,1031.67,148530
2020-06-12 13:15:00,1591947900,1031.67,1035.04,1025.33,1030.86,71900
2020-06-12 14:15:00,1591951500,1030.98,1030.98,1000.05,1001.39,191580
2020-06-12 15:15:00,1591955100,1000.43,1001.39,980,988,75425
2020-06-15 09:15:00,1592192700,1000,1013.99,995.14,1007.6,58625
2020-06-15 10:15:00,1592196300,1007.6,1010.2,1005.56,1010,48640
2020-06-15 11:15:00,1592199900,1010.2,1024,1010,1012,54090
2020-06-15 12:15:00,1592203500,1012,1029,1010,1027.21,53170
2020-06-15 13:15:00,1592207100,1027.21,1052,1026,1046,126640
2020-06-15 14:15:00,1592210700,1046,1059.8,1042,1055.01,96620
2020-06-15 15:15:00,1592214300,1055.01,1068,1046.2,1050,63390
2020-06-16 09:15:00,1592279100,1073.8,1085.99,1060,1078,98275
2020-06-16 10:15:00,1592282700,1078,1088,1074.98,1084.18,46495
2020-06-16 11:15:00,1592286300,1084.18,1084.62,1066.45,1081.62,38090
2020-06-16 12:15:00,1592289900,1081.62,1087.8,1063.21,1072,77245
2020-06-16 13:15:00,1592293500,1072,1072,1050,1067.3,62055
2020-06-16 14:15:00,1592297100,1067.3,1077.2,1056,1059,30825
2020-06-16 15:15:00,1592300700,1058.5,1064.98,1052.01,1057.2,17805
2020-06-17 09:15:00,1592365500,1062.2,1074.4,1060,1069.01,48180
2020-06-17 10:15:00,1592369100,1069.01,1071.5,1054.4,1060,18375
2020-06-17 11:15:00,1592372700,1060,1066,1042.65,1063.8,21255
2020-06-17 12:15:00,1592376300,1063.8,1068,1060.52,1062,7425
2020-06-17 13:15:00,1592379900,1062,1066.6,1058,1063.59,7640
2020-06-17 14:15:00,1592383500,1063.59,1072.02,1058.63,1072,24095
2020-06-17 15:15:00,1592387100,1072,1079.8,1060.2,1060.2,28675
2020-06-18 09:15:00,1592451900,1073.03,1075.99,1068.33,1074.58,23495
2020-06-18 10:15:00,1592455500,1074.6,1080,1073,1078.81,14250
2020-06-18 11:15:00,1592459100,1078.81,1117.57,1078.8,1109,119355
2020-06-18 12:15:00,1592462700,1107.61,1109,1100.2,1105.21,15335
2020-06-18 13:15:00,1592466300,1105.21,1110,1101,1107.6,11370
2020-06-18 14:15:00,1592469900,1107.6,1115,1100.45,1115,39595
2020-06-18 15:15:00,1592473500,1115,1120,1107.13,1116,40565
2020-06-19 09:15:00,1592538300,1123.77,1149.6,1120.51,1139.03,83635
2020-06-19 10:15:00,1592541900,1139.03,1140,1135.1,1138.13,18115
2020-06-19 11:15:00,1592545500,1139.12,1140,1130,1132.61,17110
2020-06-19 12:15:00,1592549100,1132.61,1135,1128.2,1132,12365
2020-06-19 13:15:00,1592552700,1132,1134.99,1120.21,1126,19080
2020-06-19 14:15:00,1592556300,1127,1140,1121.01,1131.98,37200
2020-06-19 15:15:00,1592559900,1131.98,1141,1131.4,1138.6,41105
2020-06-22 09:15:00,1592797500,1149.8,1149.8,1120,1132.25,67150
2020-06-22 10:15:00,1592801100,1132.25,1133.6,1109,1112,33690
2020-06-22 11:15:00,1592804700,1112,1124.8,1110.2,1114.01,17460
2020-06-22 12:15:00,1592808300,1114.01,1124,1110,1120.8,16815
2020-06-22 13:15:00,1592811900,1120.8,1124.17,1110.2,1117.03,17675
2020-06-22 14:15:00,1592815500,1117.03,1118.37,1108,1108,26075
2020-06-22 15:15:00,1592819100,1108.4,1119,1104,1112,20420
2020-06-23 09:15:00,1592883900,1113,1143,1113,1137,93985
2020-06-23 10:15:00,1592887500,1137,1140.4,1134.2,1136,25990
2020-06-23 11:15:00,1592891100,1137.95,1143,1133.8,1139,26620
2020-06-23 12:15:00,1592894700,1139,1140.4,1137.58,1140,15180
2020-06-23 13:15:00,1592898300,1140,1140.8,1134.65,1140.15,16555
2020-06-23 14:15:00,1592901900,1140.15,1184,1140.15,1166,135360
2020-06-23 15:15:00,1592905500,1165.61,1200,1165.6,1196.2,71845
2020-06-24 09:15:00,1592970300,1216,1216,1184,1194.06,57300
2020-06-24 10:15:00,1592973900,1194.06,1196.31,1144.59,1154.79,47135
2020-06-24 11:15:00,1592977500,1153.14,1166,1150.4,1158.01,22795
2020-06-24 12:15:00,1592981100,1158.01,1163.5,1150,1151.27,19750
2020-06-24 13:15:00,1592984700,1151.27,1151.48,1122,1129,91690
2020-06-24 14:15:00,1592988300,1129.02,1136.97,1122.45,1133,91125
2020-06-24 15:15:00,1592991900,1133,1140.16,1132,1136.98,23465
2020-06-25 09:15:00,1593056700,1130,1155.8,1106.45,1147.01,69225
2020-06-25 10:15:00,1593060300,1147.01,1153.99,1145,1151.95,14590
2020-06-25 11:15:00,1593063900,1151.95,1154,1147,1148.01,7580
2020-06-25 12:15:00,1593067500,1148.01,1148.95,1130.21,1131.47,25590
2020-06-25 13:15:00,1593071100,1131.47,1144.94,1130.04,1143.97,10615
2020-06-25 14:15:00,1593074700,1143.97,1144.94,1134.23,1138.26,15185
2020-06-25 15:15:00,1593078300,1138.26,1140.31,1136,1136,11690
2020-06-26 09:15:00,1593143100,1146,1154.99,1136.02,1137,39620
2020-06-26 10:15:00,1593146700,1136.02,1136.36,1109.34,1119.96,63095
2020-06-26 11:15:00,1593150300,1119.96,1142,1119,1123.63,14710
2020-06-26 12:15:00,1593153900,1123.63,1130.99,1112.78,1119.79,19860
2020-06-26 13:15:00,1593157500,1119.79,1124.87,1114.21,1116,11905
2020-06-26 14:15:00,1593161100,1116,1123.99,1115,1116.93,13270
2020-06-26 15:15:00,1593164700,1115,1119,1112.32,1117.39,12645
2020-06-29 09:15:00,1593402300,1117.6,1117.6,1080,1090.01,46160
2020-06-29 10:15:00,1593405900,1090.23,1096.6,1086,1092.02,27370
2020-06-29 11:15:00,1593409500,1092.02,1096,1086,1087.11,10845
2020-06-29 12:15:00,1593413100,1087.11,1093.2,1084.45,1088.09,10025
2020-06-29 13:15:00,1593416700,1088.2,1104.3,1087.39,1102.39,27825
2020-06-29 14:15:00,1593420300,1101.41,1128,1101.4,1110.81,49930
2020-06-29 15:15:00,1593423900,1111.38,1114,1102,1102.41,10410
2020-06-30 09:15:00,1593488700,1120,1129.8,1110.2,1113.3,26400
2020-06-30 10:15:00,1593492300,1113.3,1115.8,1100.1,1109.52,23835
2020-06-30 11:15:00,1593495900,1109.52,1120,1108.72,1116.99,20365
2020-06-30 12:15:00,1593499500,1116.99,1120,1113.98,1119.99,7725
2020-06-30 13:15:00,1593503100,1119.99,1139.8,1118.25,1133.62,84095
2020-06-30 14:15:00,1593506700,1133.62,1148.4,1123.02,1145.06,55535
2020-06-30 15:15:00,1593510300,1145.06,1160,1145.06,1155,38165
2020-07-01 09:15:00,1593575100,1154.96,1155,1134,1142,33655
2020-07-01 10:15:00,1593578700,1142,1149.8,1140.22,1146.01,65770
2020-07-01 11:15:00,1593582300,1146.01,1151.94,1144.2,1151.85,32280
2020-07-01 12:15:00,1593585900,1151.85,1169.8,1146.84,1169.33,91860
2020-07-01 13:15:00,1593589500,1168.21,1185,1164.8,1176.67,64835
2020-07-01 14:15:00,1593593100,1176.67,1178.99,1171.15,1174.8,32975
2020-07-01 15:15:00,1593596700,1175,1177,1170.4,1173.74,27840
2020-07-02 09:15:00,1593661500,1197.6,1197.6,1166.26,1174.61,69515
2020-07-02 10:15:00,1593665100,1174.61,1181.81,1174.47,1179.01,17085
2020-07-02 11:15:00,1593668700,1179.79,1190,1178,1188.4,13315
2020-07-02 12:15:00,1593672300,1189,1199.8,1186.99,1197.2,27880
2020-07-02 13:15:00,1593675900,1197.2,1199,1184,1195.64,17570
2020-07-02 14:15:00,1593679500,1195.64,1198.39,1190.68,1191.98,20470
2020-07-02 15:15:00,1593683100,1191.4,1193.2,1185.6,1187.6,13035
2020-07-03 09:15:00,1593747900,1190,1199.6,1180,1180.8,30705
2020-07-03 10:15:00,1593751500,1180.8,1183.68,1168,1176.2,20635
2020-07-03 11:15:00,1593755100,1176.14,1182.57,1174.2,1182.54,7175
2020-07-03 12:15:00,1593758700,1182.54,1194,1180,1187.98,13570
2020-07-03 13:15:00,1593762300,1187.98,1188,1176.03,1180.22,9440
2020-07-03 14:15:00,1593765900,1180.22,1198,1180.22,1197.19,29685
2020-07-03 15:15:00,1593769500,1197.19,1199.14,1193,1193.3,15705
2020-07-06 09:15:00,1594007100,1192.05,1199,1185.01,1196,23735
2020-07-06 10:15:00,1594010700,1196,1197.6,1189,1195,9110
2020-07-06 11:15:00,1594014300,1195,1208,1193,1202.41,30530
2020-07-06 12:15:00,1594017900,1202.8,1204.4,1197.09,1198.93,11935
2020-07-06 13:15:00,1594021500,1198.93,1207.02,1198,1200,19975
2020-07-06 14:15:00,1594025100,1200,1201.73,1195.2,1195.6,14010
2020-07-06 15:15:00,1594028700,1195.6,1195.98,1190,1190.01,13690
2020-07-07 09:15:00,1594093500,1195,1195.96,1170,1182.89,34150
2020-07-07 10:15:00,1594097100,1182.89,1190,1182.22,1187.23,13320
2020-07-07 11:15:00,1594100700,1187.23,1188.96,1180.56,1188,12680
2020-07-07 12:15:00,1594104300,1188,1190,1178,1189,12370
2020-07-07 13:15:00,1594107900,1189,1190,1180,1180.68,9325
2020-07-07 14:15:00,1594111500,1180.68,1186.02,1176,1176.6,14785
2020-07-07 15:15:00,1594115100,1176.6,1177.59,1171.54,1175.6,36325
2020-07-08 09:15:00,1594179900,1179.99,1230,1179.99,1216.2,127810
2020-07-08 10:15:00,1594183500,1215.33,1223.8,1212.79,1218.71,36375
2020-07-08 11:15:00,1594187100,1218.71,1220,1210.78,1216.41,109985
2020-07-08 12:15:00,1594190700,1216.41,1220,1215.59,1219.99,19135
2020-07-08 13:15:00,1594194300,1219.99,1226,1212,1219.88,43020
2020-07-08 14:15:00,1594197900,1220.63,1221.6,1212,1218,84890
2020-07-08 15:15:00,1594201500,1218,1220,1212,1218.65,24310
2020-07-09 09:15:00,1594266300,1224,1267.2,1210.4,1252.18,120205
2020-07-09 10:15:00,1594269900,1252.18,1256,1240.72,1244.34,32400
2020-07-09 11:15:00,1594273500,1244.34,1245,1231,1244.99,27945
2020-07-09 12:15:00,1594277100,1244.98,1245,1240.61,1243,35100
2020-07-09 13:15:00,1594280700,1242.8,1245,1242,1244.99,22175
2020-07-09 14:15:00,1594284300,1245,1247.28,1241,1242.29,39045
2020-07-09 15:15:00,1594287900,1242.29,1245,1242,1245,21000
2020-07-10 09:15:00,1594352700,1244.11,1265.8,1236.01,1257.34,44230
2020-07-10 10:15:00,1594356300,1257.2,1258,1245,1246.99,14850
2020-07-10 11:15:00,1594359900,1246.99,1247.33,1245,1246.6,15325
2020-07-10 12:15:00,1594363500,1246.6,1247,1234,1245.88,17710
2020-07-10 13:15:00,1594367100,1245.88,1247,1242.57,1243.6,5795
2020-07-10 14:15:00,1594370700,1243.6,1247.03,1242.2,1246.4,14385
2020-07-10 15:15:00,1594374300,1246.4,1247,1242,1244.01,8420
2020-07-13 09:15:00,1594611900,1246.1,1263.01,1246.1,1250,27035
2020-07-13 10:15:00,1594615500,1250.2,1276.94,1250.2,1275.98,41965
2020-07-13 11:15:00,1594619100,1275.98,1296,1273.06,1278.07,65670
2020-07-13 12:15:00,1594622700,1278.07,1279.4,1271,1276.45,12675
2020-07-13 13:15:00,1594626300,1276.23,1280,1265.8,1280,20080
2020-07-13 14:15:00,1594629900,1280,1293.94,1276.32,1293.55,26535
2020-07-13 15:15:00,1594633500,1293.69,1300,1289.72,1296.99,33660
2020-07-14 09:15:00,1594698300,1295,1333.2,1295,1320,101155
2020-07-14 10:15:00,1594701900,1319.99,1320.16,1283.01,1286.12,45365
2020-07-14 11:15:00,1594705500,1286.12,1289.93,1266.54,1275.53,40320
2020-07-14 12:15:00,1594709100,1275.53,1275.9,1248.4,1256.57,37990
2020-07-14 13:15:00,1594712700,1256.02,1276.01,1250.17,1273.79,34490
2020-07-14 14:15:00,1594716300,1273.79,1276.02,1269.42,1273,23785
2020-07-14 15:15:00,1594719900,1273,1275,1270,1272,20020
2020-07-15 09:15:00,1594784700,1300,1301.4,1274,1274,68350
2020-07-15 10:15:00,1594788300,1274,1284,1274,1281.99,21685
2020-07-15 11:15:00,1594791900,1281.99,1308,1280,1301.8,35120
2020-07-15 12:15:00,1594795500,1301.8,1307.4,1292,1307.4,15590
2020-07-15 13:15:00,1594799100,1307.4,1317,1305.34,1308.26,33185
2020-07-15 14:15:00,1594802700,1308,1311.6,1283.65,1285,32790
2020-07-15 15:15:00,1594806300,1285.6,1295,1285.45,1292,13210
2020-07-16 09:15:00,1594871100,1296.2,1312.19,1294.02,1311.99,30400
2020-07-16 10:15:00,1594874700,1312,1312.99,1304.65,1310.41,16635
2020-07-16 11:15:00,1594878300,1310.4,1312.15,1302,1303,10090
2020-07-16 12:15:00,1594881900,1303,1308,1302.08,1303.02,10935
2020-07-16 13:15:00,1594885500,1303.98,1305.05,1296.2,1298,13245
2020-07-16 14:15:00,1594889100,1298,1300,1288,1289.6,24510
2020-07-16 15:15:00,1594892700,1289.6,1290,1284.45,1290,13035
2020-07-17 09:15:00,1594957500,1297.98,1307,1291.8,1295.21,30895
2020-07-17 10:15:00,1594961100,1295.21,1303.03,1292.41,1294.31,18020
2020-07-17 11:15:00,1594964700,1294.31,1302.56,1294.2,1301.66,12595
2020-07-17 12:15:00,1594968300,1302,1304.91,1296.2,1297.01,10705
2020-07-17 13:15:00,1594971900,1297.01,1298.8,1292.6,1296.02,15340
2020-07-17 14:15:00,1594975500,1296.02,1297.37,1293.21,1293.4,20435
2020-07-17 15:15:00,1594979100,1293.4,1297.07,1289.1,1295,14830
2020-07-20 09:15:00,1595216700,1298.98,1315.8,1285,1313.99,44095
2020-07-20 10:15:00,1595220300,1313.99,1408.56,1312,1391.99,249550
2020-07-20 11:15:00,1595223900,1398,1398.42,1352.2,1357.9,143890
2020-07-20 12:15:00,1595227500,1357.9,1399,1352.2,1385.4,235055
2020-07-20 13:15:00,1595231100,1385.29,1395.97,1364.35,1376.6,62420
2020-07-20 14:15:00,1595234700,1376.6,1378,1357.09,1365,132660
2020-07-20 15:15:00,1595238300,1365,1370,1362.2,1369.8,54055
2020-07-21 09:15:00,1595303100,1391.43,1429.41,1372,1422.53,168110
2020-07-21 10:15:00,1595306700,1422.53,1430,1396,1412.94,98475
2020-07-21 11:15:00,1595310300,1412.94,1422.54,1406.21,1407.96,116820
2020-07-21 12:15:00,1595313900,1407.96,1422,1405.01,1417.01,31795
2020-07-21 13:15:00,1595317500,1417.01,1420,1402.47,1411.47,25605
2020-07-21 14:15:00,1595321100,1410.23,1424,1397.76,1423.4,59845
2020-07-21 15:15:00,1595324700,1423.4,1432.01,1418,1419.6,54705
2020-07-22 09:15:00,1595389500,1431.2,1436.89,1382.65,1399,106525
2020-07-22 10:15:00,1595393100,1399,1414.2,1388,1414.2,52250
2020-07-22 11:15:00,1595396700,1414.2,1493.47,1406.49,1490.05,122870
2020-07-22 12:15:00,1595400300,1491.01,1503.99,1465.99,1468.43,211335
2020-07-22 13:15:00,1595403900,1468.43,1472.87,1453.98,1468,67265
2020-07-22 14:15:00,1595407500,1467.64,1476,1450.71,1472.65,100295
2020-07-22 15:15:00,1595411100,1472.65,1481.03,1471.49,1476.02,41140
2020-07-23 09:15:00,1595475900,1490,1534,1482.79,1510.42,111805
2020-07-23 10:15:00,1595479500,1510.8,1555.4,1508.41,1534,170970
2020-07-23 11:15:00,1595483100,1533.32,1554.02,1532.7,1540.18,139560
2020-07-23 12:15:00,1595486700,1540.18,1548.06,1530.34,1540,35030
2020-07-23 13:15:00,1595490300,1540,1541,1528,1529.65,37795
2020-07-23 14:15:00,1595493900,1529.65,1536,1505,1529.8,117340
2020-07-23 15:15:00,1595497500,1531.36,1532,1527,1529,36605
2020-07-24 09:15:00,1595562300,1519.8,1560,1500,1524,190285
2020-07-24 10:15:00,1595565900,1524,1525.69,1502.22,1515.55,65595
2020-07-24 11:15:00,1595569500,1515.55,1520.8,1508.54,1515.55,38625
2020-07-24 12:15:00,1595573100,1515.55,1517,1510,1510.4,22265
2020-07-24 13:15:00,1595576700,1510.4,1542,1505,1540,62670
2020-07-24 14:15:00,1595580300,1540,1546,1532,1537.99,62645
2020-07-24 15:15:00,1595583900,1537.99,1543,1528,1528,39110
2020-07-27 09:15:00,1595821500,1539.99,1539.99,1434.25,1503.51,217605
2020-07-27 10:15:00,1595825100,1502,1503.23,1490.38,1495.88,30500
2020-07-27 11:15:00,1595828700,1495.88,1505,1493.85,1498.43,38845
2020-07-27 12:15:00,1595832300,1498.43,1499.8,1493.54,1496.59,18090
2020-07-27 13:15:00,1595835900,1495.31,1496.59,1487,1489.8,32400
2020-07-27 14:15:00,1595839500,1489.8,1490.8,1469,1469,64785
2020-07-27 15:15:00,1595843100,1469.4,1476,1466.6,1476,22420
2020-07-28 09:15:00,1595907900,1489.8,1489.98,1460.41,1476.03,58405
2020-07-28 10:15:00,1595911500,1476.03,1484,1468.01,1480,40450
2020-07-28 11:15:00,1595915100,1480,1480.02,1460,1462.4,39645
2020-07-28 12:15:00,1595918700,1462.4,1465.99,1450.19,1455.98,36190
2020-07-28 13:15:00,1595922300,1455.09,1459,1424.2,1430.4,67185
2020-07-28 14:15:00,1595925900,1431,1433.33,1406.68,1424,122355
2020-07-28 15:15:00,1595929500,1424,1424.31,1402.2,1419.8,51170
2020-07-29 09:15:00,1595994300,1430,1442.51,1417,1430.1,73035
2020-07-29 10:15:00,1595997900,1430.1,1433.17,1427.12,1431,12415
2020-07-29 11:15:00,1596001500,1431,1459,1431,1450.02,75730
2020-07-29 12:15:00,1596005100,1450.02,1451.88,1445.2,1450,16545
2020-07-29 13:15:00,1596008700,1450,1454.51,1448,1450.02,56310
2020-07-29 14:15:00,1596012300,1450.04,1452,1434.01,1446.23,81590
2020-07-29 15:15:00,1596015900,1447.03,1454,1447.03,1454,17570
2020-07-30 09:15:00,1596080700,1460,1470,1436,1459,41340
2020-07-30 10:15:00,1596084300,1456.38,1460,1449.6,1455.71,12810
2020-07-30 11:15:00,1596087900,1455.71,1462,1454.36,1457.38,12890
2020-07-30 12:15:00,1596091500,1457.38,1461.79,1454.2,1457.65,12110
2020-07-30 13:15:00,1596095100,1456.26,1458.68,1413.44,1419.71,76925
2020-07-30 14:15:00,1596098700,1419.71,1419.8,1405.05,1414,131150
2020-07-30 15:15:00,1596102300,1414.01,1415.28,1408.01,1409.02,38345
2020-07-31 09:15:00,1596167100,1499.98,1499.98,1443.42,1446,209335
2020-07-31 10:15:00,1596170700,1446,1460,1445,1454.38,38260
2020-07-31 11:15:00,1596174300,1454.22,1459.6,1449.1,1450,25770
2020-07-31 12:15:00,1596177900,1450,1483.16,1450,1468,76290
2020-07-31 13:15:00,1596181500,1468,1478.78,1462.8,1473.57,33905
2020-07-31 14:15:00,1596185100,1473.57,1545.98,1472.01,1518.02,284035
2020-07-31 15:15:00,1596188700,1518.02,1542.01,1513.99,1536,102415
2020-08-03 09:15:00,1596426300,1559,1598.94,1544.03,1578.08,207980
2020-08-03 10:15:00,1596429900,1578.07,1589.78,1571.67,1579.8,62895
2020-08-03 11:15:00,1596433500,1579,1671.6,1579,1647.33,270235
2020-08-03 12:15:00,1596437100,1647.33,1651.8,1631.13,1638.2,125410
2020-08-03 13:15:00,1596440700,1638,1642,1612.55,1614.98,90300
2020-08-03 14:15:00,1596444300,1614.98,1620,1580.6,1583,122460
2020-08-03 15:15:00,1596447900,1583.62,1602,1580,1598.19,67230
2020-08-04 09:15:00,1596512700,1628.8,1670,1618.99,1642,269975
2020-08-04 10:15:00,1596516300,1642,1643.01,1610,1616.81,107620
2020-08-04 11:15:00,1596519900,1617.07,1618.59,1590.2,1613.8,92505
2020-08-04 12:15:00,1596523500,1614,1618.8,1600,1606.13,52160
2020-08-04 13:15:00,1596527100,1606.13,1608,1541.69,1580.8,460660
2020-08-04 14:15:00,1596530700,1580.8,1597.66,1580,1584.74,122415
2020-08-04 15:15:00,1596534300,1584.8,1606.42,1581,1587.6,127435
2020-08-05 09:15:00,1596599100,1570,1644.16,1546,1606,368595
2020-08-05 10:15:00,1596602700,1606,1610,1594.22,1596.4,70025
2020-08-05 11:15:00,1596606300,1596.4,1600,1535.02,1539.98,222990
2020-08-05 12:15:00,1596609900,1539.98,1562.66,1539.97,1557.75,143560
2020-08-05 13:15:00,1596613500,1556.63,1582.2,1556,1579.97,164095
2020-08-05 14:15:00,1596617100,1579.97,1580.62,1571,1576.61,83395
2020-08-05 15:15:00,1596620700,1576.61,1578,1565.51,1567,44050
2020-08-06 09:15:00,1596685500,1574,1580,1542,1553.5,95410
2020-08-06 10:15:00,1596689100,1553.5,1556.95,1546,1553.42,43505
2020-08-06 11:15:00,1596692700,1553.88,1554.78,1548,1551.29,24045
2020-08-06 12:15:00,1596696300,1551.29,1554.97,1550.01,1553.99,41540
2020-08-06 13:15:00,1596699900,1553.99,1554,1552.01,1553.63,46180
2020-08-06 14:15:00,1596703500,1553.63,1553.8,1544,1546.82,43735
2020-08-06 15:15:00,1596707100,1546.82,1549.89,1541,1545.3,27375
2020-08-07 09:15:00,1596771900,1540.01,1542.59,1505,1511,115215
2020-08-07 10:15:00,1596775500,1511,1520,1509,1516.7,36570
2020-08-07 11:15:00,1596779100,1516.7,1526.59,1514,1522.2,33800
2020-08-07 12:15:00,1596782700,1522.2,1542.59,1519.61,1542.59,62085
2020-08-07 13:15:00,1596786300,1542.59,1570,1540,1560,128330
2020-08-07 14:15:00,1596789900,1560,1563.99,1552.02,1552.03,69605
2020-08-07 15:15:00,1596793500,1552,1561.98,1548.2,1561.8,46495
2020-08-10 09:15:00,1597031100,1580,1598,1560,1573,91940
2020-08-10 10:15:00,1597034700,1573,1579,1570.89,1576.6,32160
2020-08-10 11:15:00,1597038300,1576.6,1579,1570,1574.99,23750
2020-08-10 12:15:00,1597041900,1575,1579.92,1566,1573.97,53430
2020-08-10 13:15:00,1597045500,1573.94,1576.08,1570,1571.79,30400
2020-08-10 14:15:00,1597049100,1571.79,1625.99,1567.05,1612.76,251960
2020-08-10 15:15:00,1597052700,1612.47,1616,1597.21,1604,66830
2020-08-11 09:15:00,1597117500,1640,1696,1639.98,1666.96,244060
2020-08-11 10:15:00,1597121100,1665.85,1669.77,1644.79,1654.74,66110
2020-08-11 11:15:00,1597124700,1653.64,1656.61,1640,1656,279215
2020-08-11 12:15:00,1597128300,1657,1657.6,1632,1633.28,62445
2020-08-11 13:15:00,1597131900,1634.92,1634.92,1620,1622.01,50640
2020-08-11 14:15:00,1597135500,1622.01,1631.96,1600.4,1603.72,79990
2020-08-11 15:15:00,1597139100,1602.21,1609.19,1600.6,1601,32650
2020-08-12 09:15:00,1597203900,1610,1618.76,1571.2,1577.39,61920
2020-08-12 10:15:00,1597207500,1577.39,1580,1570.2,1577.01,29695
2020-08-12 11:15:00,1597211100,1577.6,1580,1572.05,1577.81,11395
2020-08-12 12:15:00,1597214700,1578.01,1596.97,1577.6,1586.98,16125
2020-08-12 13:15:00,1597218300,1586.98,1614.8,1586,1610,29400
2020-08-12 14:15:00,1597221900,1610,1628.34,1609.81,1618.14,80525
2020-08-12 15:15:00,1597225500,1620,1620,1612,1614,18175
2020-08-13 09:15:00,1597290300,1626.79,1630,1590,1620.59,107600
2020-08-13 10:15:00,1597293900,1620.59,1630,1617.6,1622.51,32490
2020-08-13 11:15:00,1597297500,1622.51,1629.6,1619.83,1626.8,15315
2020-08-13 12:15:00,1597301100,1626.8,1626.82,1615.98,1621.2,26170
2020-08-13 13:15:00,1597304700,1622.31,1622.55,1620,1621.77,7795
2020-08-13 14:15:00,1597308300,1621.77,1623,1620,1620,16880
2020-08-13 15:15:00,1597311900,1620,1622,1620,1620.2,15900
2020-08-14 09:15:00,1597376700,1629.8,1636.47,1610,1635,55160
2020-08-14 10:15:00,1597380300,1635,1635,1610.4,1619.11,74850
2020-08-14 11:15:00,1597383900,1619.11,1621.4,1610,1617.54,12225
2020-08-14 12:15:00,1597387500,1617.54,1621.98,1585.21,1591.95,40720
2020-08-14 13:15:00,1597391100,1591.95,1596.23,1580,1588,41700
2020-08-14 14:15:00,1597394700,1588,1606.79,1575.33,1592.03,65930
2020-08-14 15:15:00,1597398300,1592.8,1593.78,1576,1580.2,28560
2020-08-17 09:15:00,1597635900,1600.59,1607.73,1548.18,1564.18,91745
2020-08-17 10:15:00,1597639500,1564.18,1569.39,1552.4,1560.27,56320
2020-08-17 11:15:00,1597643100,1560.27,1562,1551.99,1560.92,21740
2020-08-17 12:15:00,1597646700,1560.92,1572,1559.77,1565.4,20315
2020-08-17 13:15:00,1597650300,1565.4,1574.99,1565,1570.19,23280
2020-08-17 14:15:00,1597653900,1570.19,1570.4,1560.99,1565.03,24765
2020-08-17 15:15:00,1597657500,1565.03,1566.2,1558.02,1562,25310
2020-08-18 09:15:00,1597722300,1579.8,1590,1550,1575.33,73700
2020-08-18 10:15:00,1597725900,1575.35,1584,1572.21,1581.21,22670
2020-08-18 11:15:00,1597729500,1581.21,1582,1563.99,1565.24,21645
2020-08-18 12:15:00,1597733100,1565.24,1572,1565.24,1570,8650
2020-08-18 13:15:00,1597736700,1570,1578.25,1569.04,1570.85,7860
2020-08-18 14:15:00,1597740300,1570.85,1585,1569.4,1571,27805
2020-08-18 15:15:00,1597743900,1571,1597.4,1569,1572,24470
2020-08-19 09:15:00,1597808700,1585.57,1599,1576.49,1594.24,79800
2020-08-19 10:15:00,1597812300,1594.24,1618.66,1586.01,1606.2,89110
2020-08-19 11:15:00,1597815900,1606.2,1619.8,1598.01,1614,40335
2020-08-19 12:15:00,1597819500,1614,1614.8,1611.24,1611.8,9205
2020-08-19 13:15:00,1597823100,1612.19,1637.8,1611.35,1620.54,60830
2020-08-19 14:15:00,1597826700,1620.54,1626,1595.8,1597,43400
2020-08-19 15:15:00,1597830300,1597,1603.8,1593.6,1603.6,16925
2020-08-20 09:15:00,1597895100,1599.6,1622.98,1580.2,1611.61,47945
2020-08-20 10:15:00,1597898700,1611.61,1616,1600,1614.58,29325
2020-08-20 11:15:00,1597902300,1614.58,1615.8,1600,1607.71,22265
2020-08-20 12:15:00,1597905900,1607.69,1610.76,1603,1605.21,7630
2020-08-20 13:15:00,1597909500,1605.21,1609,1602.24,1606.41,8460
2020-08-20 14:15:00,1597913100,1606.41,1616,1600.2,1607.1,18690
2020-08-20 15:15:00,1597916700,1607.1,1617.99,1606,1617.8,16810
2020-08-21 09:15:00,1597981500,1620,1633.97,1620,1626.54,50695
2020-08-21 10:15:00,1597985100,1626.54,1631.8,1606,1613.25,37730
2020-08-21 11:15:00,1597988700,1616.03,1622.45,1610.68,1615.96,10930
2020-08-21 12:15:00,1597992300,1615.98,1616,1609,1612.99,11130
2020-08-21 13:15:00,1597995900,1612.99,1630,1612.18,1622.18,20120
2020-08-21 14:15:00,1597999500,1623.64,1624.6,1610.02,1615.55,16345
2020-08-21 15:15:00,1598003100,1615.55,1620,1613.02,1616,11855
2020-08-24 09:15:00,1598240700,1630,1656.04,1590,1636,168890
2020-08-24 10:15:00,1598244300,1636,1640,1625.05,1631.8,36795
2020-08-24 11:15:00,1598247900,1631.8,1637.8,1620.2,1637.72,20495
2020-08-24 12:15:00,1598251500,1637.72,1639,1630,1637.1,23510
2020-08-24 13:15:00,1598255100,1637.1,1638.2,1620.8,1624.67,20995
2020-08-24 14:15:00,1598258700,1624.67,1629.99,1620.02,1624,28595
2020-08-24 15:15:00,1598262300,1624,1626.79,1623,1623.8,17230
2020-08-25 09:15:00,1598327100,1630.32,1645.6,1629.33,1633.76,57995
2020-08-25 10:15:00,1598330700,1632.6,1643.8,1630,1634.21,36750
2020-08-25 11:15:00,1598334300,1634.22,1640,1632.01,1638.8,22170
2020-08-25 12:15:00,1598337900,1638.8,1639.8,1632.63,1635.2,15475
2020-08-25 13:15:00,1598341500,1635.2,1640,1634.61,1639,16035
2020-08-25 14:15:00,1598345100,1639,1652.48,1635,1641.69,56890
2020-08-25 15:15:00,1598348700,1640.43,1646,1640.02,1645,14560
2020-08-26 09:15:00,1598413500,1648,1676,1645.02,1673.2,66120
2020-08-26 10:15:00,1598417100,1674,1674,1652.4,1661.59,41570
2020-08-26 11:15:00,1598420700,1661.6,1663,1657,1659.58,15225
2020-08-26 12:15:00,1598424300,1659.6,1662.09,1658.12,1660.43,17680
2020-08-26 13:15:00,1598427900,1660.43,1663.6,1658.41,1660.41,14630
2020-08-26 14:15:00,1598431500,1661.4,1675.6,1660.33,1670.02,44550
2020-08-26 15:15:00,1598435100,1670.02,1672,1660.33,1660.33,24700
2020-08-27 09:15:00,1598499900,1676.61,1700,1662.6,1695.4,104425
2020-08-27 10:15:00,1598503500,1695.4,1716,1684.2,1710.98,105330
2020-08-27 11:15:00,1598507100,1710.98,1718,1706.01,1710,46485
2020-08-27 12:15:00,1598510700,1710,1717.6,1706.01,1715.87,43335
2020-08-27 13:15:00,1598514300,1715.87,1720,1707.3,1718.63,61255
2020-08-27 14:15:00,1598517900,1718.63,1730,1716,1719.26,80240
2020-08-27 15:15:00,1598521500,1719.6,1726,1716,1718,43950
2020-08-28 09:15:00,1598586300,1740,1764.8,1726.2,1735.02,108685
2020-08-28 10:15:00,1598589900,1735,1737.07,1697.27,1699.8,71285
2020-08-28 11:15:00,1598593500,1699.8,1700,1663.2,1665.99,76155
2020-08-28 12:15:00,1598597100,1665.99,1683.97,1663.99,1682.13,44685
2020-08-28 13:15:00,1598600700,1682.13,1683,1661.2,1667.9,44815
2020-08-28 14:15:00,1598604300,1667.9,1670.01,1661.2,1665.02,47145
2020-08-28 15:15:00,1598607900,1665.02,1665.39,1658,1662,34595
2020-08-31 09:15:00,1598845500,1675.58,1675.58,1649.98,1673.05,55220
2020-08-31 10:15:00,1598849100,1673.05,1674.8,1636.34,1643.99,38770
2020-08-31 11:15:00,1598852700,1643.99,1650.99,1582.91,1616,100040
2020-08-31 12:15:00,1598856300,1616,1623,1604,1606.67,26585
2020-08-31 13:15:00,1598859900,1606.67,1614.19,1593,1612,27925
2020-08-31 14:15:00,1598863500,1612,1621.8,1590,1619.8,43810
2020-08-31 15:15:00,1598867100,1618.44,1630,1612,1615,16270
2020-09-01 09:15:00,1598931900,1596.8,1639.79,1583,1634.22,65810
2020-09-01 10:15:00,1598935500,1635,1650,1621.61,1644.95,49230
2020-09-01 11:15:00,1598939100,1644.95,1678.4,1644.01,1667.76,45050
2020-09-01 12:15:00,1598942700,1667.76,1671,1650.02,1652,28720
2020-09-01 13:15:00,1598946300,1652,1652,1618.79,1619.81,26740
2020-09-01 14:15:00,1598949900,1620,1676,1616,1646.32,85835
2020-09-01 15:15:00,1598953500,1646.32,1649.6,1630,1649.6,15165
2020-09-02 09:15:00,1599018300,1659.95,1660,1620.01,1625.01,50295
2020-09-02 10:15:00,1599021900,1625.01,1625.89,1616,1616.38,23200
2020-09-02 11:15:00,1599025500,1616.38,1640,1616,1628,19545
2020-09-02 12:15:00,1599029100,1628,1633,1618,1620,15070
2020-09-02 13:15:00,1599032700,1620,1670,1619.01,1655.6,86160
2020-09-02 14:15:00,1599036300,1655.6,1670,1630.28,1660.23,69960
2020-09-02 15:15:00,1599039900,1660.23,1666,1657.35,1665,16800
2020-09-03 09:15:00,1599104700,1670,1690,1662,1685.77,43275
2020-09-03 10:15:00,1599108300,1682,1690,1678.1,1688,45530
2020-09-03 11:15:00,1599111900,1688,1688,1674,1688,17640
2020-09-03 12:15:00,1599115500,1688,1697,1678.04,1695.6,19270
2020-09-03 13:15:00,1599119100,1694.7,1698,1682.4,1696.21,20485
2020-09-03 14:15:00,1599122700,1694.21,1699.8,1674.51,1685.65,29240
2020-09-03 15:15:00,1599126300,1684.23,1690,1683,1686,10490
2020-09-04 09:15:00,1599191100,1633.09,1681.8,1633.09,1678.59,37975
2020-09-04 10:15:00,1599194700,1679.22,1689.98,1676.6,1687,26925
2020-09-04 11:15:00,1599198300,1687,1708,1687,1703,56870
2020-09-04 12:15:00,1599201900,1703,1707,1700,1706,19280
2020-09-04 13:15:00,1599205500,1706,1729.8,1704.41,1722,70700
2020-09-04 14:15:00,1599209100,1722,1725,1700,1714.8,49810
2020-09-04 15:15:00,1599212700,1714.8,1724,1712.8,1721.6,22850
2020-09-07 09:15:00,1599450300,1718,1788,1717.3,1774.5,152555
2020-09-07 10:15:00,1599453900,1774.18,1780,1757,1762.01,63360
2020-09-07 11:15:00,1599457500,1762.73,1762.84,1727,1744.42,171630
2020-09-07 12:15:00,1599461100,1744.42,1765.98,1738.78,1762.01,45495
2020-09-07 13:15:00,1599464700,1762.01,1773,1750,1771.59,45095
2020-09-07 14:15:00,1599468300,1771.59,1783,1764.19,1776.51,79565
2020-09-07 15:15:00,1599471900,1776.51,1800,1775.28,1794.39,77530
2020-09-08 09:15:00,1599536700,1799.8,1948.88,1764.78,1932.84,431270
2020-09-08 10:15:00,1599540300,1932.84,1955.4,1860,1878.01,313540
2020-09-08 11:15:00,1599543900,1878.01,1927,1852,1914.99,131135
2020-09-08 12:15:00,1599547500,1913.55,1917.48,1880,1898.98,100205
2020-09-08 13:15:00,1599551100,1898.98,1924.99,1896,1914.98,72010
2020-09-08 14:15:00,1599554700,1914.98,1929.74,1900,1908,130380
2020-09-08 15:15:00,1599558300,1908,1939.8,1908,1917,71395
2020-09-09 09:15:00,1599623100,1917,1918,1855,1858.4,166100
2020-09-09 10:15:00,1599626700,1858.21,1894.2,1847.8,1852.12,86555
2020-09-09 11:15:00,1599630300,1852.02,1862,1847,1847.01,87495
2020-09-09 12:15:00,1599633900,1847,1853.19,1843.8,1849,43505
2020-09-09 13:15:00,1599637500,1849,1850.66,1844.06,1844.62,53100
2020-09-09 14:15:00,1599641100,1845,1864.79,1843.8,1863.04,68700
2020-09-09 15:15:00,1599644700,1863.04,1865.47,1848.03,1859.8,34035
2020-09-10 09:15:00,1599709500,1868,1897.02,1868,1880.91,72275
2020-09-10 10:15:00,1599713100,1880.92,1884,1879.2,1880.19,24000
2020-09-10 11:15:00,1599716700,1879,1882,1878.2,1880.98,29100
2020-09-10 12:15:00,1599720300,1881.59,1881.59,1876.32,1878.95,20425
2020-09-10 13:15:00,1599723900,1878.2,1879.79,1872,1878.2,43680
2020-09-10 14:15:00,1599727500,1878.2,1895.98,1878.2,1881.71,57630
2020-09-10 15:15:00,1599731100,1880.2,1883,1878,1878,17215
2020-09-11 09:15:00,1599795900,1885,1896,1850.22,1867,56735
2020-09-11 10:15:00,1599799500,1867.2,1868,1840.01,1841.58,232520
2020-09-11 11:15:00,1599803100,1841.58,1867.19,1840.01,1859.79,29675
2020-09-11 12:15:00,1599806700,1859.79,1863.8,1851.02,1855.85,15565
2020-09-11 13:15:00,1599810300,1855.85,1856,1844.04,1848.27,22820
2020-09-11 14:15:00,1599813900,1848.27,1855.8,1843,1854.01,35440
2020-09-11 15:15:00,1599817500,1854.01,1854.01,1838,1848,24285
2020-09-14 09:15:00,1600055100,1865,2057.9,1865,2019.4,425525
2020-09-14 10:15:00,1600058700,2018.23,2019.8,1958.46,1978.41,123430
2020-09-14 11:15:00,1600062300,1979.93,2000,1976.02,1999.2,69140
2020-09-14 12:15:00,1600065900,1999.2,2000,1964.01,1965.21,79660
2020-09-14 13:15:00,1600069500,1965.21,1965.78,1922.04,1922.04,85180
2020-09-14 14:15:00,1600073100,1923.25,1960,1885.2,1955.98,146345
2020-09-14 15:15:00,1600076700,1955.98,1992,1951.12,1975,58630
2020-09-15 09:15:00,1600141500,1990,2033.79,1983.21,1997.79,124855
2020-09-15 10:15:00,1600145100,1997.79,1998,1983.4,1990,35735
2020-09-15 11:15:00,1600148700,1990,1998,1990,1990,29030
2020-09-15 12:15:00,1600152300,1990,1998,1970.4,1975.48,26615
2020-09-15 13:15:00,1600155900,1975.48,2000,1968.71,1996.15,32550
2020-09-15 14:15:00,1600159500,1996.15,2020,1992.93,2000,77270
2020-09-15 15:15:00,1600163100,2000,2010.04,1995.01,2005.4,23995
2020-09-16 09:15:00,1600227900,2000,2014.99,1970.4,1977.96,45570
2020-09-16 10:15:00,1600231500,1977.96,2012,1977.6,2012,38425
2020-09-16 11:15:00,1600235100,2012,2039.98,2000.32,2009.99,38340
2020-09-16 12:15:00,1600238700,2009.99,2012,1978,1984.09,23815
2020-09-16 13:15:00,1600242300,1983.5,1998.54,1978,1995.7,22850
2020-09-16 14:15:00,1600245900,1995.7,2020,1994,1995.6,41185
2020-09-16 15:15:00,1600249500,1995.6,1996,1987.63,1990,18295
2020-09-17 09:15:00,1600314300,1987.4,1999,1965.01,1985.36,48765
2020-09-17 10:15:00,1600317900,1985.36,1985.9,1967,1969.35,30595
2020-09-17 11:15:00,1600321500,1969.35,1971.2,1960.71,1966.13,26535
2020-09-17 12:15:00,1600325100,1966.01,1969.8,1960,1963.1,18195
2020-09-17 13:15:00,1600328700,1963.1,1963.1,1960,1960,13515
2020-09-17 14:15:00,1600332300,1960,1963,1947.4,1952.83,36995
2020-09-17 15:15:00,1600335900,1952.83,1953.99,1941.21,1947.4,19310
2020-09-18 09:15:00,1600400700,1960,1989,1954.59,1959.55,62150
2020-09-18 10:15:00,1600404300,1959.7,1973,1952.34,1969.96,22785
2020-09-18 11:15:00,1600407900,1969.96,1980,1958.02,1961.6,21800
2020-09-18 12:15:00,1600411500,1961.6,1966.86,1933.03,1935.51,16370
2020-09-18 13:15:00,1600415100,1935.51,1949.04,1911,1932.01,39770
2020-09-18 14:15:00,1600418700,1932,1943.99,1868,1870.94,127920
2020-09-18 15:15:00,1600422300,1870.04,1896,1861.21,1893,464595
2020-09-21 09:15:00,1600659900,1900,1938.51,1880,1884.6,114075
2020-09-21 10:15:00,1600663500,1884.6,1898,1880.01,1898,28535
2020-09-21 11:15:00,1600667100,1898,1908.8,1895,1897,46890
2020-09-21 12:15:00,1600670700,1897,1901.98,1890,1890.01,33790
2020-09-21 13:15:00,1600674300,1890.01,1896.75,1842.8,1847.82,41115
2020-09-21 14:15:00,1600677900,1845,1848.17,1788,1790,139885
2020-09-21 15:15:00,1600681500,1790,1791,1704,1720,125945
2020-09-22 09:15:00,1600746300,1764,1764,1625.2,1709.97,238195
2020-09-22 10:15:00,1600749900,1709.97,1712,1693.23,1708,46845
2020-09-22 11:15:00,1600753500,1708,1746.02,1706.32,1746.01,35585
2020-09-22 12:15:00,1600757100,1746,1856,1732.98,1792.62,133030
2020-09-22 13:15:00,1600760700,1792.62,1801.61,1731,1738.8,74645
2020-09-22 14:15:00,1600764300,1738.8,1738.98,1680.4,1699.96,111380
2020-09-22 15:15:00,1600767900,1699.96,1724,1698.6,1724,57130
2020-09-23 09:15:00,1600832700,1739.86,1803.96,1739.86,1783,121795
2020-09-23 10:15:00,1600836300,1783,1797.7,1778.92,1794.3,25265
2020-09-23 11:15:00,1600839900,1794.3,1799.97,1770,1772.39,22875
2020-09-23 12:15:00,1600843500,1773.37,1779.78,1743.01,1762.61,287845
2020-09-23 13:15:00,1600847100,1762.61,1774.25,1756.65,1768.88,29860
2020-09-23 14:15:00,1600850700,1769.87,1783.13,1750.66,1760.54,56030
2020-09-23 15:15:00,1600854300,1760.54,1763,1750,1756,17325
2020-09-24 09:15:00,1600919100,1720,1720,1682.41,1694.76,73090
2020-09-24 10:15:00,1600922700,1699.98,1699.98,1680,1681,32970
2020-09-24 11:15:00,1600926300,1681,1686,1680,1685,30210
2020-09-24 12:15:00,1600929900,1685,1692.63,1680,1681.59,30465
2020-09-24 13:15:00,1600933500,1680.03,1699.06,1669.01,1672.6,383975
2020-09-24 14:15:00,1600937100,1672.6,1696,1671.2,1685.12,52175
2020-09-24 15:15:00,1600940700,1685.12,1704,1671,1701.99,33610
2020-09-25 09:15:00,1601005500,1725,1758,1720.62,1732.02,56185
2020-09-25 10:15:00,1601009100,1732.02,1735.98,1722.22,1728.8,14455
2020-09-25 11:15:00,1601012700,1728.8,1737.01,1718.36,1735.89,13700
2020-09-25 12:15:00,1601016300,1735.89,1750.4,1728.29,1744.39,19840
2020-09-25 13:15:00,1601019900,1744.39,1753,1740,1752.19,10395
2020-09-25 14:15:00,1601023500,1752.33,1753,1748.01,1750.4,12060
2020-09-25 15:15:00,1601027100,1750.4,1780,1750,1774,19055
2020-09-28 09:15:00,1601264700,1800,1811.99,1776,1808,59740
2020-09-28 10:15:00,1601268300,1808,1820,1805.6,1809.36,30585
2020-09-28 11:15:00,1601271900,1809.36,1812,1800.2,1806,9005
2020-09-28 12:15:00,1601275500,1806,1812.01,1796.58,1804.36,13435
2020-09-28 13:15:00,1601279100,1805.55,1809,1796,1798.6,9660
2020-09-28 14:15:00,1601282700,1798.6,1805,1787,1804.09,14920
2020-09-28 15:15:00,1601286300,1804,1812.01,1800.01,1812.01,14630
2020-09-29 09:15:00,1601351100,1820,1831.04,1810.2,1814,43575
2020-09-29 10:15:00,1601354700,1814,1819.5,1793,1795.99,15870
2020-09-29 11:15:00,1601358300,1795.99,1812,1790.2,1809.11,8045
2020-09-29 12:15:00,1601361900,1809.11,1810,1802.12,1804,4350
2020-09-29 13:15:00,1601365500,1804,1804.36,1795,1799.88,7980
2020-09-29 14:15:00,1601369100,1799.88,1819,1796.22,1811.77,32915
2020-09-29 15:15:00,1601372700,1811.77,1826,1805.47,1822,27535
2020-09-30 09:15:00,1601437500,1837,1838,1790,1805,38160
2020-09-30 10:15:00,1601441100,1805,1809.09,1788,1789.22,17445
2020-09-30 11:15:00,1601444700,1789.22,1790.02,1752.7,1760,31280
2020-09-30 12:15:00,1601448300,1760,1782.1,1760,1780.2,23545
2020-09-30 13:15:00,1601451900,1780.2,1781.23,1767.25,1777.7,12140
2020-09-30 14:15:00,1601455500,1777.7,1783.57,1755.4,1755.6,36155
2020-09-30 15:15:00,1601459100,1755.6,1778.95,1723.2,1761.15,38975
2020-10-01 09:15:00,1601523900,1805.2,1828,1772.73,1784,35615
2020-10-01 10:15:00,1601527500,1784,1787.6,1764.21,1771.18,14875
2020-10-01 11:15:00,1601531100,1771.18,1780,1769.07,1775.07,8230
2020-10-01 12:15:00,1601534700,1776,1777.98,1770.16,1773.33,5185
2020-10-01 13:15:00,1601538300,1773.33,1777.98,1767,1767,4005
2020-10-01 14:15:00,1601541900,1767.7,1773.71,1752.75,1769.4,13405
2020-10-01 15:15:00,1601545500,1769.4,1777.98,1761,1761,10245
2020-10-05 09:15:00,1601869500,1764.27,1805.2,1745.2,1788.8,29990
2020-10-05 10:15:00,1601873100,1788.8,1794.13,1775.16,1786,11405
2020-10-05 11:15:00,1601876700,1787.95,1787.95,1776,1779.42,4080
2020-10-05 12:15:00,1601880300,1779.42,1779.42,1761.05,1764.02,6970
2020-10-05 13:15:00,1601883900,1764.02,1769.59,1746,1768.14,8930
2020-10-05 14:15:00,1601887500,1768.14,1780.2,1758,1778.92,9160
2020-10-05 15:15:00,1601891100,1778.92,1780.85,1749.99,1771.6,16205
2020-10-06 09:15:00,1601955900,1775,1782,1752,1757.22,16935
2020-10-06 10:15:00,1601959500,1757.22,1757.78,1747.6,1750,12340
2020-10-06 11:15:00,1601963100,1750,1754.8,1750,1753.33,3045
2020-10-06 12:15:00,1601966700,1753.33,1758,1751.3,1752,3225
2020-10-06 13:15:00,1601970300,1752,1753,1745.61,1748.99,7845
2020-10-06 14:15:00,1601973900,1748.99,1749.8,1742.39,1746.8,11480
2020-10-06 15:15:00,1601977500,1746.8,1748.2,1740,1746,10920
2020-10-07 09:15:00,1602042300,1809.99,1810,1771,1780,302380
2020-10-07 10:15:00,1602045900,1780,1781.52,1744,1754.81,82095
2020-10-07 11:15:00,1602049500,1754.81,1763.08,1754.1,1757.05,21585
2020-10-07 12:15:00,1602053100,1757.04,1768.01,1750,1764.8,37030
2020-10-07 13:15:00,1602056700,1762.62,1767,1754.49,1757.49,17580
2020-10-07 14:15:00,1602060300,1757.49,1759.69,1745.4,1746.04,69515
2020-10-07 15:15:00,1602063900,1746.05,1748.44,1728.6,1738,37860
2020-10-08 09:15:00,1602128700,1757.6,1757.6,1725,1728.17,77020
2020-10-08 10:15:00,1602132300,1728.17,1736,1712,1717.58,31705
2020-10-08 11:15:00,1602135900,1717.58,1724,1715.48,1716,14290
2020-10-08 12:15:00,1602139500,1716,1716.58,1706,1708.57,27765
2020-10-08 13:15:00,1602143100,1708.41,1709.94,1700.2,1704.57,22375
2020-10-08 14:15:00,1602146700,1704.57,1709.4,1675,1690.22,55435
2020-10-08 15:15:00,1602150300,1690.22,1710,1689.04,1710,23265
2020-10-09 09:15:00,1602215100,1710,1738,1701.55,1707,44990
2020-10-09 10:15:00,1602218700,1707,1715.99,1706.2,1707.12,17180
2020-10-09 11:15:00,1602222300,1707.07,1709.8,1707.07,1707.82,5400
2020-10-09 12:15:00,1602225900,1707.82,1709.99,1681,1685.99,17340
2020-10-09 13:15:00,1602229500,1685.99,1699.42,1684.21,1694.6,13480
2020-10-09 14:15:00,1602233100,1694.56,1700,1686,1699.79,15615
2020-10-09 15:15:00,1602236700,1699.79,1700,1690.01,1700,13080
2020-10-12 09:15:00,1602474300,1702,1724,1688.07,1714.59,48900
2020-10-12 10:15:00,1602477900,1714.59,1714.98,1701,1705.49,15665
2020-10-12 11:15:00,1602481500,1705.49,1708.4,1700,1701.19,3370
2020-10-12 12:15:00,1602485100,1701.19,1702.86,1693,1702.02,157710
2020-10-12 13:15:00,1602488700,1702.02,1702.02,1688.69,1697.95,11515
2020-10-12 14:15:00,1602492300,1697.96,1699.6,1684.39,1687.2,14845
2020-10-12 15:15:00,1602495900,1688.8,1696.99,1688.8,1696.99,5525
2020-10-13 09:15:00,1602560700,1730.43,1770.59,1711.93,1761.41,166480
2020-10-13 10:15:00,1602564300,1761.41,1778,1758.66,1769.02,54285
2020-10-13 11:15:00,1602567900,1769.02,1772.2,1764.2,1769.71,28235
2020-10-13 12:15:00,1602571500,1769.7,1772,1763,1765.06,38500
2020-10-13 13:15:00,1602575100,1765.06,1783.23,1763.21,1780.02,42020
2020-10-13 14:15:00,1602578700,1780,1797.8,1775,1794.64,89210
2020-10-13 15:15:00,1602582300,1794.74,1819.8,1793.04,1819.8,79770
2020-10-14 09:15:00,1602647100,1824.03,1876,1817.32,1858.8,188800
2020-10-14 10:15:00,1602650700,1858,1916.6,1856,1880.3,180160
2020-10-14 11:15:00,1602654300,1881.01,1888.26,1872.2,1876.88,35165
2020-10-14 12:15:00,1602657900,1877.97,1884,1870.2,1875.82,30020
2020-10-14 13:15:00,1602661500,1875.82,1882.09,1868.22,1878.66,44140
2020-10-14 14:15:00,1602665100,1878.66,1890,1840.52,1848.4,95165
2020-10-14 15:15:00,1602668700,1847.8,1869.6,1847.8,1857.93,39640
2020-10-15 09:15:00,1602733500,1880,1889.38,1833,1841.31,67795
2020-10-15 10:15:00,1602737100,1841.99,1862,1841.01,1849.74,18390
2020-10-15 11:15:00,1602740700,1849.74,1850,1841.95,1844.2,10165
2020-10-15 12:15:00,1602744300,1844.21,1847,1834.2,1840,14080
2020-10-15 13:15:00,1602747900,1840.02,1841,1800,1800.8,32685
2020-10-15 14:15:00,1602751500,1803.81,1817.6,1776,1792.01,59235
2020-10-15 15:15:00,1602755100,1792.01,1796.6,1769.01,1780,25605
2020-10-16 09:15:00,1602819900,1798,1839.58,1773.6,1792,71275
2020-10-16 10:15:00,1602823500,1792,1815,1792,1809.63,19855
2020-10-16 11:15:00,1602827100,1809.63,1838,1809.21,1828.59,21070
2020-10-16 12:15:00,1602830700,1828.59,1848.99,1825.45,1839.12,24650
2020-10-16 13:15:00,1602834300,1839.12,1857.6,1828.4,1835.2,30365
2020-10-16 14:15:00,1602837900,1835.2,1850,1814,1846.01,40165
2020-10-16 15:15:00,1602841500,1846.01,1860,1846,1855,38180
2020-10-19 09:15:00,1603079100,1875.5,1912.34,1856.12,1886.37,104790
2020-10-19 10:15:00,1603082700,1886.37,1902,1886.37,1895.05,45485
2020-10-19 11:15:00,1603086300,1895.05,1900,1885,1890.81,23490
2020-10-19 12:15:00,1603089900,1890.81,1899.8,1888,1889.15,12025
2020-10-19 13:15:00,1603093500,1889.15,1904,1889.15,1897.61,35715
2020-10-19 14:15:00,1603097100,1898.2,1910,1888.2,1908,62115
2020-10-19 15:15:00,1603100700,1908.57,1922.6,1903.08,1914,54580
2020-10-20 09:15:00,1603165500,1911,1913.9,1864.4,1876.01,42855
2020-10-20 10:15:00,1603169100,1876.2,1891,1868,1888.41,13190
2020-10-20 11:15:00,1603172700,1888.99,1892.77,1878.68,1889.01,11600
2020-10-20 12:15:00,1603176300,1889,1892,1881.02,1885.6,8025
2020-10-20 13:15:00,1603179900,1884.01,1903.49,1880.02,1901.36,40785
2020-10-20 14:15:00,1603183500,1902.82,1910.88,1897.01,1908.94,42140
2020-10-20 15:15:00,1603187100,1909.73,1922,1908.31,1914,27775
2020-10-21 09:15:00,1603251900,1923.4,1930,1890.01,1910.03,30840
2020-10-21 10:15:00,1603255500,1910.03,1912,1895.02,1895.02,8055
2020-10-21 11:15:00,1603259100,1895.01,1898,1891.04,1894,6130
2020-10-21 12:15:00,1603262700,1894,1898,1890,1893.34,6370
2020-10-21 13:15:00,1603266300,1893.34,1897.4,1870.37,1890,30870
2020-10-21 14:15:00,1603269900,1890,1890,1854.07,1874.58,91065
2020-10-21 15:15:00,1603273500,1874.58,1874.8,1865,1871.6,22480
2020-10-22 09:15:00,1603338300,1872,1889.8,1851,1872.01,20580
2020-10-22 10:15:00,1603341900,1872,1883,1870.02,1878.13,7190
2020-10-22 11:15:00,1603345500,1878.13,1895,1873.37,1892.52,8340
2020-10-22 12:15:00,1603349100,1892.4,1901,1890,1896.4,12080
2020-10-22 13:15:00,1603352700,1896.43,1906.96,1890.2,1900,19705
2020-10-22 14:15:00,1603356300,1900,1901.14,1893.81,1898.84,30065
2020-10-22 15:15:00,1603359900,1900,1901,1892,1900,13205
2020-10-23 09:15:00,1603424700,1900,1916,1881,1890,21085
2020-10-23 10:15:00,1603428300,1890,1896.99,1887.61,1895.8,16425
2020-10-23 11:15:00,1603431900,1895.9,1934.87,1894.88,1928.28,38970
2020-10-23 12:15:00,1603435500,1930,1990,1928.76,1967,152260
2020-10-23 13:15:00,1603439100,1968.8,1979.8,1952.01,1958.79,38800
2020-10-23 14:15:00,1603442700,1958.8,1968,1950.27,1964,27795
2020-10-23 15:15:00,1603446300,1964,1965.99,1954.2,1959.8,31025
2020-10-26 09:15:00,1603683900,1969.4,2000,1956.4,1958.02,92055
2020-10-26 10:15:00,1603687500,1958.02,1965.63,1951.2,1953.43,9375
2020-10-26 11:15:00,1603691100,1953.43,1955.39,1945.6,1948.45,15710
2020-10-26 12:15:00,1603694700,1948.45,1952,1902,1905.02,53375
2020-10-26 13:15:00,1603698300,1905.02,1909.77,1885,1898.21,38765
2020-10-26 14:15:00,1603701900,1899.99,1920,1898,1906.21,27385
2020-10-26 15:15:00,1603705500,1907,1912,1899,1907.01,18890
2020-10-27 09:15:00,1603770300,1890.44,1930.03,1870.03,1915,57705
2020-10-27 10:15:00,1603773900,1915,1924,1900.2,1900.2,9000
2020-10-27 11:15:00,1603777500,1900.2,1907,1896.2,1900,9505
2020-10-27 12:15:00,1603781100,1900,1906,1884,1884,10920
2020-10-27 13:15:00,1603784700,1884,1900,1882.6,1899.18,7295
2020-10-27 14:15:00,1603788300,1899.18,1900,1882,1896.92,27285
2020-10-27 15:15:00,1603791900,1896.92,1905,1890,1893,18610
2020-10-28 09:15:00,1603856700,1909.8,1921.25,1900.2,1904.99,26670
2020-10-28 10:15:00,1603860300,1904.99,1905.23,1885.61,1888.82,17075
2020-10-28 11:15:00,1603863900,1887.32,1890,1886,1889.88,10945
2020-10-28 12:15:00,1603867500,1889.88,1890,1868.4,1870,14370
2020-10-28 13:15:00,1603871100,1870,1881.72,1869.81,1877.99,12330
2020-10-28 14:15:00,1603874700,1876,1880,1814.05,1841,59985
2020-10-28 15:15:00,1603878300,1841,1847.37,1826,1840,14390
2020-10-29 09:15:00,1603943100,1802.46,1848.8,1802.46,1828.43,47360
2020-10-29 10:15:00,1603946700,1829.1,1830,1806.78,1814.51,17595
2020-10-29 11:15:00,1603950300,1814.51,1825.99,1813.12,1823.1,11535
2020-10-29 12:15:00,1603953900,1823.1,1830,1818,1820.01,10795
2020-10-29 13:15:00,1603957500,1820.01,1822,1806,1807,16900
2020-10-29 14:15:00,1603961100,1807,1816.8,1800,1813.57,26100
2020-10-29 15:15:00,1603964700,1813.57,1813.74,1804,1813.74,16010
2020-10-30 09:15:00,1604029500,1830,1880,1830,1875.01,53110
2020-10-30 10:15:00,1604033100,1875.01,1877.59,1859.8,1860,19365
2020-10-30 11:15:00,1604036700,1860,1865,1851.74,1860.51,20510
2020-10-30 12:15:00,1604040300,1860.51,1864.6,1854,1859.8,19205
2020-10-30 13:15:00,1604043900,1859.8,1866.94,1852.99,1866.94,15915
2020-10-30 14:15:00,1604047500,1867.4,1888,1805,1851.78,218315
2020-10-30 15:15:00,1604051100,1851.78,1874,1851.78,1866,27635
2020-11-02 09:15:00,1604288700,1880,1918,1880,1909.17,99955
2020-11-02 10:15:00,1604292300,1910,1928.8,1905,1922,45615
2020-11-02 11:15:00,1604295900,1922,1922.79,1909.99,1912.39,14895
2020-11-02 12:15:00,1604299500,1912.39,1915.99,1906.57,1911.01,23440
2020-11-02 13:15:00,1604303100,1911.01,1915.8,1886.02,1909.36,71970
2020-11-02 14:15:00,1604306700,1907.01,1909.98,1890.03,1897,39825
2020-11-02 15:15:00,1604310300,1897,1908,1894.91,1900,27905
2020-11-03 09:15:00,1604375100,1909.6,1919.99,1902,1908.2,31670
2020-11-03 10:15:00,1604378700,1908.2,1914.41,1894.6,1894.6,11150
2020-11-03 11:15:00,1604382300,1894.6,1900,1882.69,1891.87,18195
2020-11-03 12:15:00,1604385900,1891.86,1904.98,1889.12,1900.84,8135
2020-11-03 13:15:00,1604389500,1900.84,1909.97,1898.62,1904.2,8370
2020-11-03 14:15:00,1604393100,1904.88,1908,1885.12,1906.74,23055
2020-11-03 15:15:00,1604396700,1906.74,1908,1900,1900,12010
2020-11-04 09:15:00,1604461500,1901.93,1919,1900,1905.8,15105
2020-11-04 10:15:00,1604465100,1905.8,1910,1900,1906.8,8315
2020-11-04 11:15:00,1604468700,1906.8,1916.2,1904.05,1910.09,7355
2020-11-04 12:15:00,1604472300,1910.09,1916,1906,1908.66,6685
2020-11-04 13:15:00,1604475900,1908.66,1908.66,1900,1902.99,7450
2020-11-04 14:15:00,1604479500,1902.99,1913.91,1902.01,1909.8,9920
2020-11-04 15:15:00,1604483100,1910,1915.8,1906.4,1910,9080
2020-11-05 09:15:00,1604547900,1934,1939.8,1922.6,1933.73,35545
2020-11-05 10:15:00,1604551500,1933.73,2000,1930.64,1970.4,85060
2020-11-05 11:15:00,1604555100,1970.4,1984.57,1963.51,1974,47070
2020-11-05 12:15:00,1604558700,1974,1990,1970,1979.6,43480
2020-11-05 13:15:00,1604562300,1976.91,1990,1976.91,1987,24980
2020-11-05 14:15:00,1604565900,1986.08,2018.8,1980.08,2013.28,123035
2020-11-05 15:15:00,1604569500,2015.99,2020,2005.64,2020,44335
2020-11-06 09:15:00,1604634300,2037.6,2119.8,2032.11,2096.96,197915
2020-11-06 10:15:00,1604637900,2096.96,2104.99,2070,2098.22,56040
2020-11-06 11:15:00,1604641500,2099.89,2107.58,2070.37,2075.91,56745
2020-11-06 12:15:00,1604645100,2075.91,2084.2,2058,2063.99,100205
2020-11-06 13:15:00,1604648700,2063.99,2076.73,2033.2,2033.21,85680
2020-11-06 14:15:00,1604652300,2033.2,2050,1987.86,2000,204720
2020-11-06 15:15:00,1604655900,1999,2016,1979.8,1980,92065
2020-11-09 09:15:00,1604893500,2028.8,2048.8,2010,2010.47,107165
2020-11-09 10:15:00,1604897100,2010,2023.98,1994.54,2016.58,59475
2020-11-09 11:15:00,1604900700,2016.58,2020,1990,1993.99,32010
2020-11-09 12:15:00,1604904300,1993.99,2000,1989.4,1995,24155
2020-11-09 13:15:00,1604907900,1995,1999.9,1978.57,1983.6,45845
2020-11-09 14:15:00,1604911500,1983.6,1983.6,1946.01,1950,85140
2020-11-09 15:15:00,1604915100,1948.77,1950,1938,1938,50730
2020-11-10 09:15:00,1604979900,1967,1977,1938.6,1939.9,74945
2020-11-10 10:15:00,1604983500,1940,1956.07,1925.2,1949.98,29865
2020-11-10 11:15:00,1604987100,1949.98,1969.28,1924,1932.17,42785
2020-11-10 12:15:00,1604990700,1932.11,1933.8,1920,1924.4,20585
2020-11-10 13:15:00,1604994300,1924.4,1929.79,1920.01,1925.72,20710
2020-11-10 14:15:00,1604997900,1925.72,1999.6,1920.01,1998,67495
2020-11-10 15:15:00,1605001500,1998.01,1999,1990,1996,22390
2020-11-11 09:15:00,1605066300,1988,1988,1947.55,1981.8,47710
2020-11-11 10:15:00,1605069900,1981.8,1981.8,1965.64,1968.61,11810
2020-11-11 11:15:00,1605073500,1964.54,1968.6,1952,1964.9,20795
2020-11-11 12:15:00,1605077100,1964.9,1965,1946.41,1958,12650
2020-11-11 13:15:00,1605080700,1958,1963.97,1947,1949.7,39550
2020-11-11 14:15:00,1605084300,1949.7,1988,1949.2,1987.7,45935
2020-11-11 15:15:00,1605087900,1988,1999,1980.22,1982.4,33700
2020-11-12 09:15:00,1605152700,2000,2050,1987.23,2014.64,63325
2020-11-12 10:15:00,1605156300,2014.64,2019.8,1998,2010,9860
2020-11-12 11:15:00,1605159900,2010,2010.03,2002.04,2010,5480
2020-11-12 12:15:00,1605163500,2010.19,2020,2006.18,2012,8390
2020-11-12 13:15:00,1605167100,2012,2018,1994,2007.97,22490
2020-11-12 14:15:00,1605170700,2007.97,2014,2002,2010.91,23800
2020-11-12 15:15:00,1605174300,2010.91,2039.8,2010.91,2033.8,45625
2020-11-13 09:15:00,1605239100,2036,2060,2028,2049.8,61870
2020-11-13 10:15:00,1605242700,2049.8,2058,2049,2054.57,12340
2020-11-13 11:15:00,1605246300,2054.57,2074,2054,2073.59,19485
2020-11-13 12:15:00,1605249900,2073.59,2078,2057.22,2064.2,26030
2020-11-13 13:15:00,1605253500,2064.2,2077,2056.49,2076.01,12445
2020-11-13 14:15:00,1605257100,2076.01,2105.6,2076.01,2100.82,69205
2020-11-13 15:15:00,1605260700,2099.36,2160,2098,2142,65150
2020-11-14 18:15:00,1605357900,2080,2113,2040.66,2058.4,104750
2020-11-17 09:15:00,1605584700,2040,2057,2005.56,2019,69200
2020-11-17 10:15:00,1605588300,2019,2019,2012.02,2016.35,17940
2020-11-17 11:15:00,1605591900,2016.35,2017,2014.23,2015.31,12080
2020-11-17 12:15:00,1605595500,2015.31,2016,2006.4,2013.18,19535
2020-11-17 13:15:00,1605599100,2013.18,2013.18,1997,1999.98,30355
2020-11-17 14:15:00,1605602700,2000,2027,1990,2025,57440
2020-11-17 15:15:00,1605606300,2025,2025,2007.97,2019.8,18910
2020-11-18 09:15:00,1605671100,2010.02,2053.58,2010.02,2029.72,32430
2020-11-18 10:15:00,1605674700,2029.72,2044,2028.21,2040.07,17485
2020-11-18 11:15:00,1605678300,2040.07,2044,2040,2042.39,13340
2020-11-18 12:15:00,1605681900,2042.39,2050,2040,2045.88,9890
2020-11-18 13:15:00,1605685500,2045.88,2058,2042,2042.52,18365
2020-11-18 14:15:00,1605689100,2042.38,2046.47,2030.85,2043.96,15025
2020-11-18 15:15:00,1605692700,2043.96,2046,2038,2043.07,9195
2020-11-19 09:15:00,1605757500,2035,2049.81,2016.36,2029.6,31115
2020-11-19 10:15:00,1605761100,2029.56,2047.17,2020,2046.98,20180
2020-11-19 11:15:00,1605764700,2046.98,2050,2042.4,2047.5,13895
2020-11-19 12:15:00,1605768300,2047.5,2058.8,2037.86,2053.52,14920
2020-11-19 13:15:00,1605771900,2053.52,2057.2,2025.05,2033,27645
2020-11-19 14:15:00,1605775500,2033,2034,2016,2019.6,26390
2020-11-19 15:15:00,1605779100,2018.66,2022.08,2015,2019.6,10295
2020-11-20 09:15:00,1605843900,2031.94,2053.1,2026.05,2047.81,26195
2020-11-20 10:15:00,1605847500,2047.81,2050.92,2016,2018.91,21075
2020-11-20 11:15:00,1605851100,2018.91,2049.8,2016,2047.99,49065
2020-11-20 12:15:00,1605854700,2047.99,2069.8,2047.55,2066.27,43960
2020-11-20 13:15:00,1605858300,2066.27,2109.8,2064.38,2099.6,89120
2020-11-20 14:15:00,1605861900,2099.8,2104.8,2064.22,2071.28,40140
2020-11-20 15:15:00,1605865500,2070,2094.4,2050,2078.87,14730
2020-11-23 09:15:00,1606103100,2099.79,2140,2080.01,2120.2,78670
2020-11-23 10:15:00,1606106700,2120.2,2137,2096.01,2125.22,42720
2020-11-23 11:15:00,1606110300,2125.22,2131.36,2116.04,2131.36,17205
2020-11-23 12:15:00,1606113900,2131.36,2156.99,2129.15,2144.22,65240
2020-11-23 13:15:00,1606117500,2147.98,2165.82,2140,2163.22,67195
2020-11-23 14:15:00,1606121100,2163.22,2163.98,2134.02,2137.77,46565
2020-11-23 15:15:00,1606124700,2137.77,2148.06,2135.03,2148,15540
2020-11-24 09:15:00,1606189500,2160.2,2170,2120.21,2169.62,71395
2020-11-24 10:15:00,1606193100,2169.62,2172,2151,2156.4,29025
2020-11-24 11:15:00,1606196700,2156.4,2199.39,2151.4,2192,37575
2020-11-24 12:15:00,1606200300,2192,2200,2176,2182.51,41550
2020-11-24 13:15:00,1606203900,2180.37,2186,2172,2180,23605
2020-11-24 14:15:00,1606207500,2180,2181.57,2172,2172.03,36675
2020-11-24 15:15:00,1606211100,2172.03,2181.04,2161,2177.6,19185
2020-11-25 09:15:00,1606275900,2194,2195.96,2160.6,2179.99,81835
2020-11-25 10:15:00,1606279500,2180,2180,2172,2173.58,19700
2020-11-25 11:15:00,1606283100,2173.58,2192,2172.02,2180.01,16095
2020-11-25 12:15:00,1606286700,2180.01,2188.67,2180,2185.36,5940
2020-11-25 13:15:00,1606290300,2185.36,2194,2185,2185,13335
2020-11-25 14:15:00,1606293900,2185,2194,2164.6,2180.87,33600
2020-11-25 15:15:00,1606297500,2180.87,2186.42,2178.02,2182.78,10530
2020-11-26 09:15:00,1606362300,2189.99,2200,2150.4,2167.9,35415
2020-11-26 10:15:00,1606365900,2167.9,2170,2159.27,2169,19985
2020-11-26 11:15:00,1606369500,2169,2179.98,2169,2173.08,24550
2020-11-26 12:15:00,1606373100,2173.08,2246.79,2170,2231.42,58000
2020-11-26 13:15:00,1606376700,2231.42,2265.05,2230,2257.56,77760
2020-11-26 14:15:00,1606380300,2257.56,2280,2250,2280,72765
2020-11-26 15:15:00,1606383900,2279.6,2298,2277.37,2286,43120
2020-11-27 09:15:00,1606448700,2289.6,2360,2280,2358.21,109085
2020-11-27 10:15:00,1606452300,2358.21,2397.6,2344.44,2359.69,186385
2020-11-27 11:15:00,1606455900,2359.97,2370,2340.81,2340.88,72975
2020-11-27 12:15:00,1606459500,2340.86,2348.38,2320,2326.85,53450
2020-11-27 13:15:00,1606463100,2326.85,2379.15,2324.02,2376.98,94480
2020-11-27 14:15:00,1606466700,2377.1,2379.39,2329.6,2373.25,163650
2020-11-27 15:15:00,1606470300,2373.25,2392.44,2367.22,2371.01,124580
2020-12-01 09:15:00,1606794300,2398,2398,2293.02,2310,62050
2020-12-01 10:15:00,1606797900,2310.01,2316.73,2294,2294.01,26115
2020-12-01 11:15:00,1606801500,2294.01,2317.8,2280,2293.98,37405
2020-12-01 12:15:00,1606805100,2291.29,2301.71,2290,2292.03,18685
2020-12-01 13:15:00,1606808700,2292.02,2324.45,2292,2321,25500
2020-12-01 14:15:00,1606812300,2320,2346.04,2302,2302.4,51985
2020-12-01 15:15:00,1606815900,2303.37,2315.09,2300,2304.2,17380
2020-12-02 09:15:00,1606880700,2304.2,2336.34,2304.2,2323.45,30175
2020-12-02 10:15:00,1606884300,2322,2323.46,2316.02,2320.4,9415
2020-12-02 11:15:00,1606887900,2320.4,2320.4,2314,2320,6780
2020-12-02 12:15:00,1606891500,2320,2320.19,2297,2298,17105
2020-12-02 13:15:00,1606895100,2298,2300,2297.37,2297.38,9660
2020-12-02 14:15:00,1606898700,2297.38,2300,2280.1,2282.78,35175
2020-12-02 15:15:00,1606902300,2282.8,2282.8,2254.99,2278.92,31610
2020-12-03 09:15:00,1606967100,2275,2299.93,2275,2297.8,59700
2020-12-03 10:15:00,1606970700,2297.8,2322.42,2297.2,2312.48,22140
2020-12-03 11:15:00,1606974300,2312.48,2314.98,2280.44,2281.13,15280
2020-12-03 12:15:00,1606977900,2281.8,2289.86,2280.57,2284.61,9515
2020-12-03 13:15:00,1606981500,2284.61,2290,2281.02,2285.35,6655
2020-12-03 14:15:00,1606985100,2285.36,2296.49,2281,2281.24,12400
2020-12-03 15:15:00,1606988700,2281.24,2290,2280.44,2288.82,8920
2020-12-04 09:15:00,1607053500,2299.69,2309.23,2270,2273.21,27865
2020-12-04 10:15:00,1607057100,2273.21,2288,2273.21,2280.01,30670
2020-12-04 11:15:00,1607060700,2280.01,2293.49,2277,2282.72,29920
2020-12-04 12:15:00,1607064300,2282.71,2288,2280,2280,14590
2020-12-04 13:15:00,1607067900,2281.34,2284,2260,2261.2,31935
2020-12-04 14:15:00,1607071500,2261.02,2279.4,2260,2279.1,38620
2020-12-04 15:15:00,1607075100,2279.1,2284,2272,2284,13835
2020-12-07 09:15:00,1607312700,2298.4,2309.8,2276.43,2300.04,22410
2020-12-07 10:15:00,1607316300,2300.04,2303.8,2300,2300.96,7550
2020-12-07 11:15:00,1607319900,2300.01,2303.8,2300,2303.35,7500
2020-12-07 12:15:00,1607323500,2303.35,2303.8,2298,2299.69,11630
2020-12-07 13:15:00,1607327100,2299.69,2300,2294,2296.53,14575
2020-12-07 14:15:00,1607330700,2296.53,2304.84,2295,2302.07,14670
2020-12-07 15:15:00,1607334300,2302.07,2312.61,2300.29,2312,9510
2020-12-08 09:15:00,1607399100,2363,2392.98,2352,2383.49,184085
2020-12-08 10:15:00,1607402700,2382.14,2388,2368.01,2368.45,163680
2020-12-08 11:15:00,1607406300,2368.45,2379.8,2360.02,2367.98,28235
2020-12-08 12:15:00,1607409900,2368.67,2369,2360.02,2363.86,17730
2020-12-08 13:15:00,1607413500,2363.86,2366.42,2360,2363.79,19105
2020-12-08 14:15:00,1607417100,2362.61,2367.79,2361.01,2361.57,14255
2020-12-08 15:15:00,1607420700,2361.57,2366.98,2360,2360,15890
2020-12-09 09:15:00,1607485500,2368.6,2388,2365.8,2373.87,24695
2020-12-09 10:15:00,1607489100,2373.87,2377.26,2366,2370.06,6160
2020-12-09 11:15:00,1607492700,2370.06,2376,2360.01,2362.04,77840
2020-12-09 12:15:00,1607496300,2362.04,2379.8,2358,2370.13,33670
2020-12-09 13:15:00,1607499900,2370.06,2375.6,2362.2,2365,9145
2020-12-09 14:15:00,1607503500,2365,2368.78,2364.02,2365.96,13275
2020-12-09 15:15:00,1607507100,2365.03,2379.98,2364.01,2378,10640
2020-12-10 09:15:00,1607571900,2370.4,2370.4,2330,2333.81,129025
2020-12-10 10:15:00,1607575500,2333.81,2394,2332,2380,21925
2020-12-10 11:15:00,1607579100,2380,2387.99,2379.8,2380.01,16240
2020-12-10 12:15:00,1607582700,2381.88,2388,2379.57,2385.93,4360
2020-12-10 13:15:00,1607586300,2385.93,2464.82,2365.66,2461.18,97510
2020-12-10 14:15:00,1607589900,2461.51,2479.4,2410.22,2416.85,61235
2020-12-10 15:15:00,1607593500,2416.96,2424,2416,2418.21,14500
2020-12-11 09:15:00,1607658300,2440,2479.8,2424.2,2472.15,36085
2020-12-11 10:15:00,1607661900,2473.07,2498.98,2472.26,2494.91,73995
2020-12-11 11:15:00,1607665500,2494.91,2507.76,2492,2495,63480
2020-12-11 12:15:00,1607669100,2495,2500,2489.99,2496.34,27445
2020-12-11 13:15:00,1607672700,2496.34,2500,2486.03,2491.56,33220
2020-12-11 14:15:00,1607676300,2491.56,2540,2481.02,2535.59,57735
2020-12-11 15:15:00,1607679900,2535.59,2556,2529,2556,22035
2020-12-14 09:15:00,1607917500,2557.8,2679.16,2553,2641.97,109260
2020-12-14 10:15:00,1607921100,2641.97,2664,2616,2629,87010
2020-12-14 11:15:00,1607924700,2629,2629.59,2600.2,2602.61,22985
2020-12-14 12:15:00,1607928300,2602.61,2607.18,2590,2595.44,24300
2020-12-14 13:15:00,1607931900,2595.44,2599.2,2562.2,2565.1,24730
2020-12-14 14:15:00,1607935500,2565.1,2581.6,2563.99,2576.32,28860
2020-12-14 15:15:00,1607939100,2579.11,2590,2575,2588.2,18980
2020-12-15 09:15:00,1608003900,2622.91,2631.55,2555,2621.59,53825
2020-12-15 10:15:00,1608007500,2621.59,2621.59,2593.86,2598.11,14390
2020-12-15 11:15:00,1608011100,2598.11,2600,2590.2,2597.21,8735
2020-12-15 12:15:00,1608014700,2597.21,2598.66,2590.02,2595,8520
2020-12-15 13:15:00,1608018300,2595,2600,2591,2597.13,9745
2020-12-15 14:15:00,1608021900,2597.13,2610,2595.54,2609.1,24065
2020-12-15 15:15:00,1608025500,2609.66,2610,2603.86,2608.02,11435
2020-12-16 09:15:00,1608090300,2636.58,2650,2590.2,2640.74,139970
2020-12-16 10:15:00,1608093900,2640.74,2658.96,2637.14,2658,36605
2020-12-16 11:15:00,1608097500,2658,2708,2658,2698.96,61615
2020-12-16 12:15:00,1608101100,2702.39,2729.8,2680,2728.6,77540
2020-12-16 13:15:00,1608104700,2729.8,2739,2718.01,2724.18,45675
2020-12-16 14:15:00,1608108300,2724.18,2730,2660.43,2663,105765
2020-12-16 15:15:00,1608111900,2663,2670,2661.8,2668,16810
2020-12-17 09:15:00,1608176700,2691,2753.78,2681.4,2720.19,54715
2020-12-17 10:15:00,1608180300,2721.95,2735.68,2719.39,2724.73,38200
2020-12-17 11:15:00,1608183900,2724.73,2728.71,2721.6,2725.18,9940
2020-12-17 12:15:00,1608187500,2724.2,2728.31,2710,2726,17030
2020-12-17 13:15:00,1608191100,2724.9,2746,2716.81,2732.85,27015
2020-12-17 14:15:00,1608194700,2732.85,2748.99,2718.23,2744.14,31925
2020-12-17 15:15:00,1608198300,2744.14,2753,2738.01,2752,28745
2020-12-18 09:15:00,1608263100,2769,2781.97,2654.76,2679.03,86430
2020-12-18 10:15:00,1608266700,2679.04,2688.8,2671,2680.01,22330
2020-12-18 11:15:00,1608270300,2680.01,2708.92,2680.01,2706,18090
2020-12-18 12:15:00,1608273900,2706,2706,2676,2690.01,16675
2020-12-18 13:15:00,1608277500,2690,2695.95,2678,2688,12905
2020-12-18 14:15:00,1608281100,2688,2698.99,2665,2666.03,27370
2020-12-18 15:15:00,1608284700,2666.03,2669.95,2663,2667.83,22015
2020-12-21 09:15:00,1608522300,2705.6,2719.99,2541.76,2632,164110
2020-12-21 10:15:00,1608525900,2632,2633.99,2605.97,2623.29,52800
2020-12-21 11:15:00,1608529500,2623.29,2625.65,2605.2,2607.79,34155
2020-12-21 12:15:00,1608533100,2605.21,2608.1,2592.02,2592.02,42145
2020-12-21 13:15:00,1608536700,2592.01,2605.24,2580,2592.41,59435
2020-12-21 14:15:00,1608540300,2592.41,2610,2560,2592.01,90845
2020-12-21 15:15:00,1608543900,2592,2600,2575.8,2587,16860
2020-12-22 09:15:00,1608608700,2580.44,2649.75,2465.03,2479.89,126930
2020-12-22 10:15:00,1608612300,2479.89,2530,2470,2500.21,51095
2020-12-22 11:15:00,1608615900,2500.21,2503.43,2476,2493.95,34800
2020-12-22 12:15:00,1608619500,2493.95,2503.82,2478.4,2496.17,49785
2020-12-22 13:15:00,1608623100,2498.15,2505.6,2490,2494.21,36155
2020-12-22 14:15:00,1608626700,2494.24,2520,2491.11,2497.41,58360
2020-12-22 15:15:00,1608630300,2497.41,2537.96,2490,2534,26860
2020-12-23 09:15:00,1608695100,2557,2607.69,2507.41,2604.81,68715
2020-12-23 10:15:00,1608698700,2604.81,2648.53,2600.6,2628.72,46895
2020-12-23 11:15:00,1608702300,2628.72,2631.43,2584,2584,19530
2020-12-23 12:15:00,1608705900,2582.4,2587.31,2535.1,2548,44975
2020-12-23 13:15:00,1608709500,2548,2550,2536.5,2544,26805
2020-12-23 14:15:00,1608713100,2544,2544,2515,2533.74,40105
2020-12-23 15:15:00,1608716700,2533.74,2536.41,2525.97,2535.66,16735
2020-12-24 09:15:00,1608781500,2550.23,2593.77,2550.19,2574.02,53305
2020-12-24 10:15:00,1608785100,2574.6,2577.3,2552,2559.8,19605
2020-12-24 11:15:00,1608788700,2559.92,2590,2552.2,2580,22310
2020-12-24 12:15:00,1608792300,2580,2582.33,2556.8,2561.48,13905
2020-12-24 13:15:00,1608795900,2559.86,2562,2555,2559.66,11910
2020-12-24 14:15:00,1608799500,2559.66,2561.1,2540.21,2543.23,30095
2020-12-24 15:15:00,1608803100,2543.22,2554,2540,2550.21,14720
2020-12-28 09:15:00,1609127100,2573.17,2637,2567.22,2628.06,70315
2020-12-28 10:15:00,1609130700,2628.06,2674.41,2611.76,2647,83905
2020-12-28 11:15:00,1609134300,2647,2657.55,2637.25,2641.25,19275
2020-12-28 12:15:00,1609137900,2640.86,2671.99,2640.84,2667.59,36760
2020-12-28 13:15:00,1609141500,2667.59,2720,2660,2713,106365
2020-12-28 14:15:00,1609145100,2710.31,2724.77,2680,2685.94,73955
2020-12-28 15:15:00,1609148700,2688.08,2719.99,2684,2706.01,37385
2020-12-29 09:15:00,1609213500,2748.8,2778.8,2728.4,2740,96955
2020-12-29 10:15:00,1609217100,2740,2740,2702.41,2731.78,65830
2020-12-29 11:15:00,1609220700,2733.96,2734,2680.4,2691.01,25215
2020-12-29 12:15:00,1609224300,2691.01,2691.2,2676,2679,17465
2020-12-29 13:15:00,1609227900,2679,2681.37,2672,2672.65,17880
2020-12-29 14:15:00,1609231500,2672.64,2680,2672,2680,18090
2020-12-29 15:15:00,1609235100,2679.53,2689,2676.32,2687.99,20025
2020-12-30 09:15:00,1609299900,2700,2714.2,2662.2,2686.93,41335
2020-12-30 10:15:00,1609303500,2686.93,2689.4,2672,2672.2,14605
2020-12-30 11:15:00,1609307100,2671.1,2682,2670.01,2681.8,12740
2020-12-30 12:15:00,1609310700,2682,2683,2660.37,2666.02,21980
2020-12-30 13:15:00,1609314300,2666.02,2673.54,2661.76,2670.26,11530
2020-12-30 14:15:00,1609317900,2670.59,2673.47,2666.06,2670.5,19485
2020-12-30 15:15:00,1609321500,2670.5,2680.8,2667.6,2679.4,13995
2020-12-31 09:15:00,1609386300,2688.8,2696,2660.4,2685.69,45675
2020-12-31 10:15:00,1609389900,2685.69,2756,2685.69,2720,53955
2020-12-31 11:15:00,1609393500,2720,2736.8,2710,2722.04,19110
2020-12-31 12:15:00,1609397100,2722.04,2723.2,2701,2702.54,14730
2020-12-31 13:15:00,1609400700,2702.54,2709.59,2700,2700.35,14950
2020-12-31 14:15:00,1609404300,2700.35,2709.6,2687.8,2691.04,32685
2020-12-31 15:15:00,1609407900,2691.04,2691.04,2683,2686,12515
2021-01-01 09:15:00,1609472700,2702.81,2730,2696,2720,25175
2021-01-01 10:15:00,1609476300,2720,2728,2714.42,2714.42,9545
2021-01-01 11:15:00,1609479900,2717.14,2720,2714.89,2719.59,5210
2021-01-01 12:15:00,1609483500,2719,2725,2717,2723,6130
2021-01-01 13:15:00,1609487100,2721.42,2724,2720,2722.64,4950
2021-01-01 14:15:00,1609490700,2721.73,2725,2719,2723.02,13250
2021-01-01 15:15:00,1609494300,2724,2728,2723,2723.4,9550
2021-01-04 09:15:00,1609731900,2742,2797.6,2720,2783.06,74115
2021-01-04 10:15:00,1609735500,2783.06,2785.99,2734.7,2764.8,27185
2021-01-04 11:15:00,1609739100,2764.8,2797.59,2755.78,2777,27930
2021-01-04 12:15:00,1609742700,2777,2780,2750,2753.31,21635
2021-01-04 13:15:00,1609746300,2751.81,2754.98,2740,2744,21125
2021-01-04 14:15:00,1609749900,2744,2760.52,2730,2760.52,27260
2021-01-04 15:15:00,1609753500,2759.56,2773.78,2744.89,2754,15515
2021-01-05 09:15:00,1609818300,2754,2754,2680.65,2720.75,33935
2021-01-05 10:15:00,1609821900,2720.21,2748.99,2720,2740.68,20035
2021-01-05 11:15:00,1609825500,2739.1,2744.61,2738.26,2739.68,20515
2021-01-05 12:15:00,1609829100,2739.68,2765.55,2739.54,2754.88,21985
2021-01-05 13:15:00,1609832700,2754.79,2756.8,2740,2756.8,16440
2021-01-05 14:15:00,1609836300,2756.8,2825.2,2754.6,2800.82,154935
2021-01-05 15:15:00,1609839900,2800.82,2813,2800,2804,17485
2021-01-06 09:15:00,1609904700,2820.2,2894.65,2810.02,2873.99,72470
2021-01-06 10:15:00,1609908300,2873.99,2873.99,2869.42,2870.01,27040
2021-01-06 11:15:00,1609911900,2870.01,2974.99,2870,2910,92665
2021-01-06 12:15:00,1609915500,2910,2950,2891.81,2894.78,39860
2021-01-06 13:15:00,1609919100,2896.11,2905,2873,2877,33430
2021-01-06 14:15:00,1609922700,2877,2908.1,2871.01,2881.3,50555
2021-01-06 15:15:00,1609926300,2881.4,2902,2881.4,2891.26,16770
2021-01-07 09:15:00,1609991100,3000,3043.79,2967.89,3028.01,140540
2021-01-07 10:15:00,1609994700,3030.09,3066.66,3002,3048,62410
2021-01-07 11:15:00,1609998300,3048,3060,3031,3044.21,30805
2021-01-07 12:15:00,1610001900,3044.21,3068.97,3042.16,3060,33420
2021-01-07 13:15:00,1610005500,3060,3060,3035,3044.53,35130
2021-01-07 14:15:00,1610009100,3044.53,3190,3041.61,3120,165145
2021-01-07 15:15:00,1610012700,3120,3175,3112,3168.79,52820
2021-01-08 09:15:00,1610077500,3228.8,3268.96,3168.79,3247.68,171820
2021-01-08 10:15:00,1610081100,3246.16,3290,3233.33,3281.01,93680
2021-01-08 11:15:00,1610084700,3283.51,3357.2,3240,3240,154180
2021-01-08 12:15:00,1610088300,3240.01,3273.19,3233.4,3248.61,91760
2021-01-08 13:15:00,1610091900,3246.79,3250.85,2991,3140.2,184965
2021-01-08 14:15:00,1610095500,3140.21,3149,3010.26,3062.19,127035
2021-01-08 15:15:00,1610099100,3063.01,3130,3062.01,3120,40790
2021-01-11 09:15:00,1610336700,3125,3159.8,3020,3048.9,127985
2021-01-11 10:15:00,1610340300,3047.11,3051.96,3002.64,3010.24,54995
2021-01-11 11:15:00,1610343900,3010,3015.01,2960,2996.62,74815
2021-01-11 12:15:00,1610347500,2996.62,3010.01,2937.21,2943,64920
2021-01-11 13:15:00,1610351100,2943,2963,2940,2946.56,46075
2021-01-11 14:15:00,1610354700,2946.56,2969.84,2946.02,2963.6,53430
2021-01-11 15:15:00,1610358300,2963.6,2978.89,2953,2974,26815
2021-01-12 09:15:00,1610423100,2973,2974.05,2902.4,2938.03,81415
2021-01-12 10:15:00,1610426700,2940,2941.32,2921,2939.64,52265
2021-01-12 11:15:00,1610430300,2939.63,2955.4,2935,2955.4,28430
2021-01-12 12:15:00,1610433900,2955.4,3030,2955.4,3016,93480
2021-01-12 13:15:00,1610437500,3016,3025.18,2991.34,3002.2,24785
2021-01-12 14:15:00,1610441100,3002.2,3005.99,2990,2996,25625
2021-01-12 15:15:00,1610444700,2996,3023.72,2994.24,3018.51,23865
2021-01-13 09:15:00,1610509500,3040,3055.94,2951.01,2980.31,116745
2021-01-13 10:15:00,1610513100,2980.2,2982.32,2928.68,2930.67,59760
2021-01-13 11:15:00,1610516700,2930.3,2934,2883.87,2916.24,71595
2021-01-13 12:15:00,1610520300,2919.41,2925,2894,2897.74,45085
2021-01-13 13:15:00,1610523900,2897.99,2921.6,2886.48,2899,50045
2021-01-13 14:15:00,1610527500,2898.02,2917,2893.8,2900,80045
2021-01-13 15:15:00,1610531100,2900,2930,2888.08,2927.2,40200
2021-01-14 09:15:00,1610595900,2940,2957.38,2822,2828.42,110140
2021-01-14 10:15:00,1610599500,2830,2843.71,2815,2833.22,52000
2021-01-14 11:15:00,1610603100,2834.98,2864.4,2830,2835,31340
2021-01-14 12:15:00,1610606700,2835,2897,2831.01,2882.4,33895
2021-01-14 13:15:00,1610610300,2885,2894.6,2837,2841.8,34885
2021-01-14 14:15:00,1610613900,2840,3039.8,2830,2970.01,430375
2021-01-14 15:15:00,1610617500,2970.25,3035,2959,3020,111610
2021-01-15 09:15:00,1610682300,3088.88,3119.8,2977,3019.9,271830
2021-01-15 10:15:00,1610685900,3018,3029.8,2985,2989.8,55705
2021-01-15 11:15:00,1610689500,2989.8,2992.99,2945,2958.51,73865
2021-01-15 12:15:00,1610693100,2958.51,2995,2948.33,2974,60800
2021-01-15 13:15:00,1610696700,2977.97,2994.8,2964.21,2976.79,32825
2021-01-15 14:15:00,1610700300,2973.38,3018.4,2964.21,2981.8,63620
2021-01-15 15:15:00,1610703900,2981.8,2983.99,2970.11,2978.72,34715
2021-01-18 09:15:00,1610941500,2999.8,3059.9,2944.2,3009,132440
2021-01-18 10:15:00,1610945100,3009,3021.2,2974.63,3015.4,59040
2021-01-18 11:15:00,1610948700,3015.4,3032.63,3009.8,3022.02,36785
2021-01-18 12:15:00,1610952300,3021.12,3041.24,3014.71,3028.18,34450
2021-01-18 13:15:00,1610955900,3028.18,3050.4,3020.32,3040.5,48070
2021-01-18 14:15:00,1610959500,3040.5,3088.8,3034,3063.94,89690
2021-01-18 15:15:00,1610963100,3064,3072,3034.2,3062,37460
2021-01-19 09:15:00,1611027900,3099.8,3103.79,3063.2,3087.98,182215
2021-01-19 10:15:00,1611031500,3087.98,3097.6,3064,3092.8,40595
2021-01-19 11:15:00,1611035100,3092.8,3109.6,3072.59,3079.97,47690
2021-01-19 12:15:00,1611038700,3079.97,3100,3076,3098.08,33090
2021-01-19 13:15:00,1611042300,3098.07,3120,3078,3080,54125
2021-01-19 14:15:00,1611045900,3080,3080.01,3036.4,3058,59920
2021-01-19 15:15:00,1611049500,3058,3058,3044.51,3051.6,19295
2021-01-20 09:15:00,1611114300,3069.6,3081.42,3037,3043.93,45340
2021-01-20 10:15:00,1611117900,3043.3,3052.58,3040,3042,18750
2021-01-20 11:15:00,1611121500,3042,3047.2,3030,3030.79,16995
2021-01-20 12:15:00,1611125100,3030.4,3039.21,3004.99,3008,26670
2021-01-20 13:15:00,1611128700,3008.02,3016,3000,3002.62,24690
2021-01-20 14:15:00,1611132300,3002.62,3029,2967.47,3016.58,57695
2021-01-20 15:15:00,1611135900,3016.58,3038.61,3015.81,3031,23335
2021-01-21 09:15:00,1611200700,3034,3058,2981.03,2998.53,46705
2021-01-21 10:15:00,1611204300,2998.53,3017,2992.4,2995.79,15760
2021-01-21 11:15:00,1611207900,2995.79,3004.2,2990,2990,16350
2021-01-21 12:15:00,1611211500,2990,2990.78,2956.6,2961.2,54400
2021-01-21 13:15:00,1611215100,2961.2,2962,2930.17,2945,69990
2021-01-21 14:15:00,1611218700,2944.61,2950,2927.82,2942.01,47795
2021-01-21 15:15:00,1611222300,2942,2944,2930,2942,22460
2021-01-22 09:15:00,1611287100,2940.06,2949.95,2870.21,2893.64,69195
2021-01-22 10:15:00,1611290700,2893.64,2899.05,2860.22,2861.98,40225
2021-01-22 11:15:00,1611294300,2861.05,2870.5,2851.11,2860.33,29050
2021-01-22 12:15:00,1611297900,2860.33,2864.51,2840.4,2841.4,28235
2021-01-22 13:15:00,1611301500,2841.2,2850,2840,2843.13,29250
2021-01-22 14:15:00,1611305100,2843.13,2847.9,2683.91,2805.02,200455
2021-01-22 15:15:00,1611308700,2805.02,2844.79,2800,2840,28440
2021-01-25 09:15:00,1611546300,2850,2896.8,2741.6,2807.99,96375
2021-01-25 10:15:00,1611549900,2807.99,2812.98,2760,2767.89,34875
2021-01-25 11:15:00,1611553500,2766.29,2770.38,2750.08,2759.6,28510
2021-01-25 12:15:00,1611557100,2759.6,2860,2750.22,2792,95170
2021-01-25 13:15:00,1611560700,2792,2800,2753,2772.99,49040
2021-01-25 14:15:00,1611564300,2770.54,2783.14,2747.56,2754,51675
2021-01-25 15:15:00,1611567900,2752.42,2756.38,2740,2750,30680
2021-01-27 09:15:00,1611719100,2784,2829.99,2736.4,2797.4,76485
2021-01-27 10:15:00,1611722700,2797.4,2826,2790.33,2824.76,25350
2021-01-27 11:15:00,1611726300,2824.79,2854.99,2818.02,2844,36065
2021-01-27 12:15:00,1611729900,2844,2845,2820,2834.9,13595
2021-01-27 13:15:00,1611733500,2835.17,2841.58,2802.45,2809.04,19600
2021-01-27 14:15:00,1611737100,2808.24,2838,2774.64,2779.99,59885
2021-01-27 15:15:00,1611740700,2779.99,2830,2777.01,2830,24395
2021-01-28 09:15:00,1611805500,2776,2840,2768.33,2838.35,48230
2021-01-28 10:15:00,1611809100,2840,2840,2813.45,2826.84,18350
2021-01-28 11:15:00,1611812700,2826.84,2829.85,2803.51,2813.6,13140
2021-01-28 12:15:00,1611816300,2813.6,2820.6,2785.04,2798.98,21620
2021-01-28 13:15:00,1611819900,2798.98,2829.79,2794.01,2819.55,29460
2021-01-28 14:15:00,1611823500,2819.55,2821.6,2800,2805,29270
2021-01-28 15:15:00,1611827100,2805,2818.52,2801.82,2812,11505
2021-01-29 09:15:00,1611891900,2842,2855.45,2806,2808.6,33680
2021-01-29 10:15:00,1611895500,2808.6,2835,2806.41,2830.4,22260
2021-01-29 11:15:00,1611899100,2830.4,2834.99,2822,2832,16810
2021-01-29 12:15:00,1611902700,2830,2850.21,2830,2842.51,25800
2021-01-29 13:15:00,1611906300,2843.26,2848,2832.17,2840,18245
2021-01-29 14:15:00,1611909900,2840,2842.8,2817,2820.57,33850
2021-01-29 15:15:00,1611913500,2820.57,2827.8,2816,2826.8,14795
2021-02-01 09:15:00,1612151100,2850,2879.99,2840,2873.6,47540
2021-02-01 10:15:00,1612154700,2873.75,2898.75,2871.06,2886.76,30240
2021-02-01 11:15:00,1612158300,2886,2925,2872.2,2920,81990
2021-02-01 12:15:00,1612161900,2920,2996.99,2900,2965,146620
2021-02-01 13:15:00,1612165500,2965,2977.95,2950.01,2963.7,35960
2021-02-01 14:15:00,1612169100,2961.34,3094.99,2960,3012.01,156575
2021-02-01 15:15:00,1612172700,3014,3059.56,3012,3051.2,51510
2021-02-02 09:15:00,1612237500,3099.8,3124.97,3060.2,3102,120605
2021-02-02 10:15:00,1612241100,3098.27,3177,3082.3,3094.01,109680
2021-02-02 11:15:00,1612244700,3094.01,3100,3090,3096.65,36745
2021-02-02 12:15:00,1612248300,3096.65,3120,3094.8,3105.83,27295
2021-02-02 13:15:00,1612251900,3105.83,3170,3104.4,3138.79,67890
2021-02-02 14:15:00,1612255500,3138.79,3169.8,3090.15,3126.2,220045
2021-02-02 15:15:00,1612259100,3126.2,3160,3125.01,3158,93840
2021-02-03 09:15:00,1612323900,3220,3243,3092.51,3222,212130
2021-02-03 10:15:00,1612327500,3222,3299,3221.01,3266.01,248185
2021-02-03 11:15:00,1612331100,3266.02,3281.63,3238.01,3269.69,72535
2021-02-03 12:15:00,1612334700,3270,3270.09,3264.03,3268.75,57180
2021-02-03 13:15:00,1612338300,3268.8,3270,3201.01,3220,91470
2021-02-03 14:15:00,1612341900,3218.89,3221.86,3152.24,3183.31,102200
2021-02-03 15:15:00,1612345500,3184.69,3187.47,3165,3178,40025
2021-02-04 09:15:00,1612410300,3177.6,3177.6,3120,3143.78,95030
2021-02-04 10:15:00,1612413900,3142.21,3161.74,3135.01,3160.01,28975
2021-02-04 11:15:00,1612417500,3158.17,3254,3157.21,3249.81,153295
2021-02-04 12:15:00,1612421100,3249.8,3250,3187.13,3202.07,45900
2021-02-04 13:15:00,1612424700,3202.07,3243.99,3184.08,3238.95,62085
2021-02-04 14:15:00,1612428300,3238.95,3238.99,3205.02,3223.6,35990
2021-02-04 15:15:00,1612431900,3222.11,3222.11,3200,3216,26470
2021-02-05 09:15:00,1612496700,3245,3270.19,3140,3250.87,108645
2021-02-05 10:15:00,1612500300,3250.81,3300,3250,3285,118585
2021-02-05 11:15:00,1612503900,3285,3304.02,3274.01,3294.25,121810
2021-02-05 12:15:00,1612507500,3294.25,3296.8,3274,3282.92,46615
2021-02-05 13:15:00,1612511100,3280.02,3350,3280,3320.21,95840
2021-02-05 14:15:00,1612514700,3312.01,3349.8,3252.35,3269.39,114150
2021-02-05 15:15:00,1612518300,3269.35,3289.8,3247.99,3270,32340
2021-02-08 09:15:00,1612755900,3308.8,3386,3300,3370.8,132595
2021-02-08 10:15:00,1612759500,3370.8,3373.59,3364.69,3373.59,26305
2021-02-08 11:15:00,1612763100,3373.59,3380,3369.31,3376.87,31420
2021-02-08 12:15:00,1612766700,3376.87,3415,3370,3413,80010
2021-02-08 13:15:00,1612770300,3413,3473.36,3410,3452.18,98410
2021-02-08 14:15:00,1612773900,3450.21,3470,3399.8,3446.39,102090
2021-02-08 15:15:00,1612777500,3446.39,3495,3436.78,3490,52095
2021-02-09 09:15:00,1612842300,3520,3650,3490.21,3609.99,247450
2021-02-09 10:15:00,1612845900,3610,3639.36,3603.61,3606.25,68250
2021-02-09 11:15:00,1612849500,3606.25,3625.19,3588,3620,52475
2021-02-09 12:15:00,1612853100,3620,3625.99,3590,3600,34760
2021-02-09 13:15:00,1612856700,3600,3627,3589,3627,38385
2021-02-09 14:15:00,1612860300,3627.19,3635,3514.59,3566,106465
2021-02-09 15:15:00,1612863900,3565,3576,3528,3566,30800
2021-02-10 09:15:00,1612928700,3615.4,3758,3601.83,3739,247965
2021-02-10 10:15:00,1612932300,3738.8,3744.28,3702.51,3720,91780
2021-02-10 11:15:00,1612935900,3719.8,3722.89,3684.59,3698.03,53355
2021-02-10 12:15:00,1612939500,3699.79,3711.2,3698.25,3708.64,28880
2021-02-10 13:15:00,1612943100,3708.64,3711.78,3700,3704.4,38895
2021-02-10 14:15:00,1612946700,3702.67,3719.33,3680.04,3714,111145
2021-02-10 15:15:00,1612950300,3714,3815.98,3710,3800,92080
2021-02-11 09:15:00,1613015100,3900,3980,3830.02,3900,236495
2021-02-11 10:15:00,1613018700,3899.8,3900,3847.8,3860,73515
2021-02-11 11:15:00,1613022300,3857.12,3885.99,3857.04,3860,33905
2021-02-11 12:15:00,1613025900,3860,3860,3770.08,3834.47,75250
2021-02-11 13:15:00,1613029500,3834.47,3840,3821.98,3833.3,29750
2021-02-11 14:15:00,1613033100,3832.17,3889,3830.4,3888.5,76910
2021-02-11 15:15:00,1613036700,3889,3900,3865.6,3896,50845
2021-02-12 09:15:00,1613101500,3940,3940,3700.79,3784.8,174740
2021-02-12 10:15:00,1613105100,3784.8,3795,3772.01,3785,33505
2021-02-12 11:15:00,1613108700,3785,3788,3746.91,3749.6,26000
2021-02-12 12:15:00,1613112300,3749.6,3749.98,3714.8,3715.02,67170
2021-02-12 13:15:00,1613115900,3716,3719.99,3676.44,3686,76225
2021-02-12 14:15:00,1613119500,3686.22,3773.6,3670.38,3759.79,83285
2021-02-12 15:15:00,1613123100,3759.79,3760,3702.04,3730,39885
2021-02-15 09:15:00,1613360700,3680,3700,3600,3679.9,121995
2021-02-15 10:15:00,1613364300,3678.86,3833.4,3669.38,3730,146145
2021-02-15 11:15:00,1613367900,3730,3760,3710,3753.33,47415
2021-02-15 12:15:00,1613371500,3753.99,3755.6,3695.03,3702,39910
2021-02-15 13:15:00,1613375100,3702,3725.26,3687.99,3721.2,28005
2021-02-15 14:15:00,1613378700,3721.39,3724,3702.02,3722,22270
2021-02-15 15:15:00,1613382300,3722.01,3740,3701,3715.95,22250
2021-02-16 09:15:00,1613447100,3740,3799.8,3690.62,3700,70095
2021-02-16 10:15:00,1613450700,3700,3748.35,3691.78,3730.06,31960
2021-02-16 11:15:00,1613454300,3730.06,3739.88,3720,3721.05,12985
2021-02-16 12:15:00,1613457900,3721.05,3725.99,3719,3722.61,16455
2021-02-16 13:15:00,1613461500,3722.61,3727,3719.47,3720.99,14360
2021-02-16 14:15:00,1613465100,3720.99,3754,3720,3726.8,26205
2021-02-16 15:15:00,1613468700,3726.8,3736,3700,3730,22135
2021-02-17 09:15:00,1613533500,3739.49,3769.78,3695.94,3753.96,56535
2021-02-17 10:15:00,1613537100,3753.96,3783.18,3750,3765.94,25050
2021-02-17 11:15:00,1613540700,3769.57,3779.94,3753.88,3754,26975
2021-02-17 12:15:00,1613544300,3754,3767.39,3750,3753.76,30050
2021-02-17 13:15:00,1613547900,3753.76,3760,3750.2,3751.25,17555
2021-02-17 14:15:00,1613551500,3751.25,3856.4,3750.2,3832.05,97985
2021-02-17 15:15:00,1613555100,3833.86,3865,3812.74,3853,44440
2021-02-18 09:15:00,1613619900,3920,3957.4,3870.02,3936.25,124900
2021-02-18 10:15:00,1613623500,3936.2,3942.94,3906,3912.17,36270
2021-02-18 11:15:00,1613627100,3914.98,3939.8,3893,3936,30035
2021-02-18 12:15:00,1613630700,3936.41,3978.19,3923.03,3954.57,47615
2021-02-18 13:15:00,1613634300,3956.59,4037.98,3950,4019.79,141755
2021-02-18 14:15:00,1613637900,4019.79,4020.85,3973.03,3987.8,102245
2021-02-18 15:15:00,1613641500,3986.05,4000,3980,3985,31455
2021-02-19 09:15:00,1613706300,3958,4027.18,3900,3966.44,82115
2021-02-19 10:15:00,1613709900,3966.44,4000,3960,3969.87,63175
2021-02-19 11:15:00,1613713500,3969.87,3978,3961,3965.2,7765
2021-02-19 12:15:00,1613717100,3965.21,3977.31,3965,3968.69,8845
2021-02-19 13:15:00,1613720700,3968.69,3970,3880,3884.5,46140
2021-02-19 14:15:00,1613724300,3885,3940,3842,3916.21,69735
2021-02-19 15:15:00,1613727900,3919.28,3933.18,3900.2,3922,18705
2021-02-22 09:15:00,1613965500,3905,3920,3820,3834.4,70060
2021-02-22 10:15:00,1613969100,3834.4,3860,3822,3840.15,35080
2021-02-22 11:15:00,1613972700,3840.15,3846.99,3824,3825.37,25520
2021-02-22 12:15:00,1613976300,3825.19,3835.95,3740.2,3748.54,50405
2021-02-22 13:15:00,1613979900,3745.86,3788.59,3740.01,3755.03,35925
2021-02-22 14:15:00,1613983500,3758.62,3799.92,3740,3748.68,66530
2021-02-22 15:15:00,1613987100,3748.79,3748.8,3725.12,3738,29450
2021-02-23 09:15:00,1614051900,3743.07,3777.6,3696,3732,93495
2021-02-23 10:15:00,1614055500,3732,3780,3726.58,3766.2,41620
2021-02-23 11:15:00,1614059100,3765.56,3819.99,3765.56,3804.01,69020
2021-02-23 12:15:00,1614062700,3804.01,3820,3788,3803.68,20525
2021-02-23 13:15:00,1614066300,3805.14,3893.19,3800,3865.01,51140
2021-02-23 14:15:00,1614069900,3865.01,3895,3822,3832.75,45485
2021-02-23 15:15:00,1614073500,3832.75,3880,3826.55,3870,21005
2021-02-24 09:15:00,1614138300,3907.94,3947.64,3880,3935.6,86180
2021-02-24 10:15:00,1614141900,3935.8,3949.96,3904.05,3945.88,29405
2021-02-24 11:15:00,1614145500,3945.93,3946,3940,3940,6295
2021-02-24 15:15:00,1614159900,3880.2,3945,3800.2,3940,20820
2021-02-24 16:15:00,1614163500,3941.79,3995,3920.4,3982.65,56995
2021-02-25 09:15:00,1614224700,4013,4059.8,4012,4044.98,100820
2021-02-25 10:15:00,1614228300,4044.98,4089.6,4040,4074.19,53835
2021-02-25 11:15:00,1614231900,4070.5,4076.81,4033.45,4037.41,42835
2021-02-25 12:15:00,1614235500,4037.43,4044.69,3995.12,4026.05,49735
2021-02-25 13:15:00,1614239100,4026.08,4037.98,4012.33,4022.99,41720
2021-02-25 14:15:00,1614242700,4020.42,4053.74,4009.16,4040,47375
2021-02-25 15:15:00,1614246300,4040,4060,4030.68,4058.2,23795
2021-02-26 09:15:00,1614311100,3950,4020,3920.21,3979.99,62770
2021-02-26 10:15:00,1614314700,3980,3998.06,3954.52,3964.77,37820
2021-02-26 11:15:00,1614318300,3964.98,3970,3930.1,3933.22,41285
2021-02-26 12:15:00,1614321900,3933.22,3969.96,3927.01,3951.23,23550
2021-02-26 13:15:00,1614325500,3951.23,3993.41,3932,3969.49,36540
2021-02-26 14:15:00,1614329100,3969.49,3977.6,3952,3969.99,35775
2021-02-26 15:15:00,1614332700,3969.98,3988,3966.17,3974.2,21195
2021-03-01 09:15:00,1614570300,4019.4,4039.8,3971.29,3973.58,54730
2021-03-01 10:15:00,1614573900,3973.04,3983.09,3950,3957.18,23075
2021-03-01 11:15:00,1614577500,3957.18,3967.06,3880.38,3901.52,29595
2021-03-01 12:15:00,1614581100,3901.92,3925,3886,3924.99,21920
2021-03-01 13:15:00,1614584700,3924.99,3931,3892,3895.33,18295
2021-03-01 14:15:00,1614588300,3894.09,3911,3882,3893.16,24205
2021-03-01 15:15:00,1614591900,3893.16,3923,3862,3908,23120
2021-03-02 09:15:00,1614656700,3928,3959.75,3880.02,3891.52,40850
2021-03-02 10:15:00,1614660300,3891.52,3891.52,3865,3869.53,17290
2021-03-02 11:15:00,1614663900,3869.53,3890,3860.04,3865.04,11000
2021-03-02 12:15:00,1614667500,3865.04,3869,3846,3858.57,17195
2021-03-02 13:15:00,1614671100,3858,3860.36,3800,3802,31000
2021-03-02 14:15:00,1614674700,3800,3807.8,3764,3773.72,58700
2021-03-02 15:15:00,1614678300,3774,3785.6,3760,3780,35475
2021-03-03 09:15:00,1614743100,3837.6,3837.6,3780.54,3791.9,81790
2021-03-03 10:15:00,1614746700,3791.9,3864.93,3791.89,3820.8,79920
2021-03-03 11:15:00,1614750300,3820.8,3875.01,3820.8,3860,27760
2021-03-03 12:15:00,1614753900,3860,3864.11,3820.2,3834.13,26590
2021-03-03 13:15:00,1614757500,3832.71,3841.31,3750.01,3760,37955
2021-03-03 14:15:00,1614761100,3760,3829,3753.05,3823.47,48455
2021-03-03 15:15:00,1614764700,3824,3980,3823.74,3880,45290
2021-03-04 09:15:00,1614829500,3840,3840,3782.02,3819.44,37250
2021-03-04 10:15:00,1614833100,3815.81,3837.99,3806,3834.39,17350
2021-03-04 11:15:00,1614836700,3834.38,3882,3830.4,3864,27780
2021-03-04 12:15:00,1614840300,3864,3896,3861.39,3888.55,17680
2021-03-04 13:15:00,1614843900,3888.93,3938.94,3888.55,3926.73,37475
2021-03-04 14:15:00,1614847500,3925.76,3940,3895,3915.98,32585
2021-03-04 15:15:00,1614851100,3915.98,3928,3860.01,3900,15990
2021-03-05 09:15:00,1614915900,3872,3939.84,3855,3899.55,37680
2021-03-05 10:15:00,1614919500,3899.55,3910,3825.65,3850,24615
2021-03-05 11:15:00,1614923100,3850,3886.89,3850,3850.81,18325
2021-03-05 12:15:00,1614926700,3850.81,3865,3834,3838,17910
2021-03-05 13:15:00,1614930300,3838,3846.33,3788,3790.47,34500
2021-03-05 14:15:00,1614933900,3790.47,3842.65,3788.01,3827.21,25095
2021-03-05 15:15:00,1614937500,3827.21,3839.86,3812.02,3832,13870
2021-03-08 09:15:00,1615175100,3859.6,3879.11,3827.43,3846.84,30215
2021-03-08 10:15:00,1615178700,3848.63,3851.69,3840,3842,7600
2021-03-08 11:15:00,1615182300,3842,3856,3840.8,3843.72,7170
2021-03-08 12:15:00,1615185900,3844.8,3846.95,3840.8,3843.4,3855
2021-03-08 13:15:00,1615189500,3843.4,3849.8,3830,3841.6,7000
2021-03-08 14:15:00,1615193100,3841.41,3845.79,3792.55,3812,32805
2021-03-08 15:15:00,1615196700,3812,3812.66,3782.02,3794.41,14810
2021-03-09 09:15:00,1615261500,3920,3950,3890.62,3911.4,71755
2021-03-09 10:15:00,1615265100,3911.92,3999.97,3905,3978,78590
2021-03-09 11:15:00,1615268700,3978,4058,3970,4026.82,121215
2021-03-09 12:15:00,1615272300,4025.63,4040,3939,3970,68370
2021-03-09 13:15:00,1615275900,3970,3970,3900,3901,53425
2021-03-09 14:15:00,1615279500,3901,3933.95,3840,3922.35,78730
2021-03-09 15:15:00,1615283100,3925,3925.22,3902,3909,22230
2021-03-10 09:15:00,1615347900,3957.14,3997.98,3912.81,3979.19,59630
2021-03-10 10:15:00,1615351500,3974,3999.8,3970.96,3980.01,25475
2021-03-10 11:15:00,1615355100,3981.99,3989.48,3971.28,3975,11145
2021-03-10 12:15:00,1615358700,3974,3984.99,3972.21,3979.37,10050
2021-03-10 13:15:00,1615362300,3977,3998,3974,3991.78,15685
2021-03-10 14:15:00,1615365900,3991.78,4017.57,3985.8,4003.51,33605
2021-03-10 15:15:00,1615369500,4003.51,4040,4000.45,4031.01,38820
2021-03-12 09:15:00,1615520700,4090,4130.4,4062.04,4130.4,95135
2021-03-12 10:15:00,1615524300,4130.63,4159.8,4124.2,4148.89,60205
2021-03-12 11:15:00,1615527900,4148.89,4153.2,4140.81,4146.79,34255
2021-03-12 12:15:00,1615531500,4146.79,4169.84,4142.4,4149.72,44865
2021-03-12 13:15:00,1615535100,4149.72,4149.75,4067.35,4067.35,67990
2021-03-12 14:15:00,1615538700,4067.35,4135.01,4041.81,4126.15,56205
2021-03-12 15:15:00,1615542300,4127.2,4153,4101.2,4122,38845
2021-03-15 09:15:00,1615779900,4196,4299.8,4110.85,4194.19,168090
2021-03-15 10:15:00,1615783500,4194.19,4200,4101,4145.6,72320
2021-03-15 11:15:00,1615787100,4145.6,4188.99,4125,4165.6,30690
2021-03-15 12:15:00,1615790700,4165.6,4169.95,4126,4146.3,32440
2021-03-15 13:15:00,1615794300,4149.87,4184.14,4146,4153.14,29950
2021-03-15 14:15:00,1615797900,4153.12,4194.8,4117.71,4172.01,46850
2021-03-15 15:15:00,1615801500,4172.01,4200,4160.01,4199.99,29770
2021-03-16 09:15:00,1615866300,4229.8,4235.92,4125.57,4135.99,67345
2021-03-16 10:15:00,1615869900,4137.57,4164,4134.2,4138.99,20315
2021-03-16 11:15:00,1615873500,4138.99,4146.39,4120,4133,25590
2021-03-16 12:15:00,1615877100,4133,4170,4133,4151.06,14990
2021-03-16 13:15:00,1615880700,4151.06,4160,4135.81,4154.55,12980
2021-03-16 14:15:00,1615884300,4154.55,4160.02,4120,4148.73,37730
2021-03-16 15:15:00,1615887900,4148.73,4154.7,4140,4152,23925
2021-03-17 09:15:00,1615952700,4144.2,4169.6,4020.23,4033.72,83440
2021-03-17 10:15:00,1615956300,4033.72,4046.99,4020.21,4046.51,28395
2021-03-17 11:15:00,1615959900,4046.51,4084.95,4043.8,4072.95,25190
2021-03-17 12:15:00,1615963500,4072.95,4077,4010,4068.22,41870
2021-03-17 13:15:00,1615967100,4068.22,4073,4056,4061.42,16900
2021-03-17 14:15:00,1615970700,4061.42,4071,4002.88,4010.8,53565
2021-03-17 15:15:00,1615974300,4011,4035.72,4000,4035.72,36315
2021-03-18 09:15:00,1616039100,4104.9,4457.7,4104.9,4385,367347
2021-03-18 10:15:00,1616042700,4383.15,4437.35,4357.8,4376,102617
2021-03-18 11:15:00,1616046300,4376,4379.95,4243.2,4307,117059
2021-03-18 12:15:00,1616049900,4306.1,4319,4126.35,4157.8,146297
2021-03-18 13:15:00,1616053500,4157.55,4200,4139.95,4180.15,61604
2021-03-18 14:15:00,1616057100,4183.85,4288.7,4157.05,4240.65,85021
2021-03-18 15:15:00,1616060700,4240.65,4260,4201,4235,42268
2021-03-19 09:15:00,1616125500,4233.8,4414,4200,4323.95,192883
2021-03-19 10:15:00,1616129100,4325,4326,4290.15,4317,51491
2021-03-19 11:15:00,1616132700,4317.05,4324.8,4303.1,4315.45,23521
2021-03-19 12:15:00,1616136300,4315.45,4325,4275,4305,31126
2021-03-19 13:15:00,1616139900,4302.15,4312,4270.5,4275.4,29323
2021-03-19 14:15:00,1616143500,4274.9,4292,4230,4274.85,63858
2021-03-19 15:15:00,1616147100,4274.85,4292.25,4250,4289.95,28666
2021-03-22 09:15:00,1616384700,4285,4285.4,4100,4127.7,99443
2021-03-22 10:15:00,1616388300,4125.15,4129.35,4085,4119,65583
2021-03-22 11:15:00,1616391900,4117,4120,4051.55,4070,66811
2021-03-22 12:15:00,1616395500,4070,4074.7,4039,4050.8,65994
2021-03-22 13:15:00,1616399100,4050.8,4070,4046,4050.05,43166
2021-03-22 14:15:00,1616402700,4050.15,4062.05,4046,4057.2,49698
2021-03-22 15:15:00,1616406300,4056,4057.55,4048,4054,38685
2021-03-23 09:15:00,1616471100,4053.65,4118,3940,3949,151782
2021-03-23 10:15:00,1616474700,3949,3982,3945.2,3960.9,35462
2021-03-23 11:15:00,1616478300,3960.85,3960.85,3940.2,3947,30780
2021-03-23 12:15:00,1616481900,3947,3963.65,3915.15,3916.7,51057
2021-03-23 13:15:00,1616485500,3916.7,3925.5,3850,3867.65,105419
2021-03-23 14:15:00,1616489100,3867.8,3898.1,3850,3870,88801
2021-03-23 15:15:00,1616492700,3870,3878.35,3860,3869.85,39352
2021-03-24 09:15:00,1616557500,3829.95,3869.35,3760,3802.2,178401
2021-03-24 10:15:00,1616561100,3802.2,3833.95,3751.2,3769.95,72102
2021-03-24 11:15:00,1616564700,3769.5,3769.95,3726,3739.95,73483
2021-03-24 12:15:00,1616568300,3740,3740.5,3695,3708.75,85233
2021-03-24 13:15:00,1616571900,3707.1,3710,3666,3675.2,77049
2021-03-24 14:15:00,1616575500,3675.2,3701,3612.1,3677,179964
2021-03-24 15:15:00,1616579100,3677.5,3685,3663.2,3670,48585
2021-03-25 09:15:00,1616643900,3676,3676,3466.7,3540.3,231912
2021-03-25 10:15:00,1616647500,3540.15,3540.15,3496,3501,67012
2021-03-25 11:15:00,1616651100,3500,3510,3345.15,3387.9,192060
2021-03-25 12:15:00,1616654700,3388.8,3448.85,3373,3415,97296
2021-03-25 13:15:00,1616658300,3415.05,3670,3415,3612.3,203981
2021-03-25 14:15:00,1616661900,3610,3635.8,3522.65,3537.85,156814
2021-03-25 15:15:00,1616665500,3538.1,3669.95,3533.4,3638.15,49475
2021-03-26 09:15:00,1616730300,3749,3800,3612.45,3650,205854
2021-03-26 10:15:00,1616733900,3649.95,3682,3620.15,3622.85,53594
2021-03-26 11:15:00,1616737500,3624.4,3643.75,3603,3627.95,46001
2021-03-26 12:15:00,1616741100,3627.95,3630,3578.55,3588.55,50601
2021-03-26 13:15:00,1616744700,3586,3624.95,3560,3592.2,72373
2021-03-26 14:15:00,1616748300,3592.45,3648,3575,3618,73537
2021-03-26 15:15:00,1616751900,3618.2,3644.25,3611.15,3642,43666
2021-03-30 09:15:00,1617075900,3740,3765,3624.6,3688,174789
2021-03-30 10:15:00,1617079500,3689.75,3709.6,3660,3672.1,43921
2021-03-30 11:15:00,1617083100,3669.25,3680,3651.05,3668.5,28525
2021-03-30 12:15:00,1617086700,3670,3670,3625,3639,45692
2021-03-30 13:15:00,1617090300,3637,3657.9,3637,3649.9,28768
2021-03-30 14:15:00,1617093900,3650,3650,3625,3628,57105
2021-03-30 15:15:00,1617097500,3626.35,3649.4,3620,3635,40478
2021-03-31 09:15:00,1617162300,3630,3700,3571.1,3671.85,70024
2021-03-31 10:15:00,1617165900,3671.85,3688,3640,3650.8,26849
2021-03-31 11:15:00,1617169500,3650.8,3665,3647,3655,18642
2021-03-31 12:15:00,1617173100,3655,3669,3650,3668.9,14093
2021-03-31 13:15:00,1617176700,3668.9,3689.95,3655.15,3689.2,29087
2021-03-31 14:15:00,1617180300,3691.9,3709.9,3652.4,3674.05,70058
2021-03-31 15:15:00,1617183900,3673.6,3680,3655,3678,19526
2021-04-01 09:15:00,1617248700,3702.45,3720,3660,3679.7,57884
2021-04-01 10:15:00,1617252300,3681.75,3683.15,3635,3642,43892
2021-04-01 11:15:00,1617255900,3642,3649,3625.05,3629,29152
2021-04-01 12:15:00,1617259500,3628.5,3632.25,3596.85,3601.55,74549
2021-04-01 13:15:00,1617263100,3603.35,3606.05,3571.5,3586.35,71727
2021-04-01 14:15:00,1617266700,3588.95,3599.9,3580,3586,58701
2021-04-01 15:15:00,1617270300,3586.9,3592,3584,3590,36490
2021-04-05 09:15:00,1617594300,3599.95,3611,3505.45,3542.1,122984
2021-04-05 10:15:00,1617597900,3542.05,3552.05,3465.55,3492.65,77124
2021-04-05 11:15:00,1617601500,3490,3515,3476.1,3509.6,39328
2021-04-05 12:15:00,1617605100,3509.6,3548.45,3495.35,3503.3,30595
2021-04-05 13:15:00,1617608700,3503.3,3514.15,3485,3490,41726
2021-04-05 14:15:00,1617612300,3490,3508.85,3474,3493,60260
2021-04-05 15:15:00,1617615900,3493,3505,3491.5,3500,22869
2021-04-06 09:15:00,1617680700,3503.35,3509,3421.4,3449.8,91664
2021-04-06 10:15:00,1617684300,3449,3490.15,3437.85,3488.95,55461
2021-04-06 11:15:00,1617687900,3489,3540,3465.2,3497.55,97443
2021-04-06 12:15:00,1617691500,3497.55,3500.65,3456.05,3482.5,30274
2021-04-06 13:15:00,1617695100,3482.9,3484.95,3456.15,3464.25,21332
2021-04-06 14:15:00,1617698700,3464.25,3498.9,3458,3498.9,32648
2021-04-06 15:15:00,1617702300,3498.9,3500,3469.8,3480,17898
2021-04-07 09:15:00,1617767100,3490.1,3545,3483,3505.7,99193
2021-04-07 10:15:00,1617770700,3505.65,3520,3486,3494.95,146966
2021-04-07 11:15:00,1617774300,3494.95,3525.1,3493.15,3502.05,63173
2021-04-07 12:15:00,1617777900,3502.05,3515,3500.05,3510.05,45678
2021-04-07 13:15:00,1617781500,3511,3519.45,3506.05,3511.85,48078
2021-04-07 14:15:00,1617785100,3511.85,3615.45,3509.5,3600.05,128464
2021-04-07 15:15:00,1617788700,3599.15,3650,3599.15,3648,87628
2021-04-08 09:15:00,1617853500,3735,3797,3682.1,3742,302600
2021-04-08 10:15:00,1617857100,3742,3777,3741,3758.3,54170
2021-04-08 11:15:00,1617860700,3756,3758.05,3736,3737,54175
2021-04-08 12:15:00,1617864300,3736.1,3750,3730.6,3747.5,28461
2021-04-08 13:15:00,1617867900,3747,3778.85,3743.6,3777.9,50945
2021-04-08 14:15:00,1617871500,3775.1,3794,3728.4,3740,94314
2021-04-08 15:15:00,1617875100,3739,3748,3718,3729,39082
2021-04-09 09:15:00,1617939900,3730,3799.95,3700,3799.85,113371
2021-04-09 10:15:00,1617943500,3799.8,3799.8,3765.75,3785.7,40511
2021-04-09 11:15:00,1617947100,3783.85,3790,3775.25,3782.05,21212
2021-04-09 12:15:00,1617950700,3782.05,3793.55,3777,3788,22418
2021-04-09 13:15:00,1617954300,3787.85,3787.85,3746,3762.2,39822
2021-04-09 14:15:00,1617957900,3763,3777.8,3750,3754.6,29491
2021-04-09 15:15:00,1617961500,3753.05,3763.95,3750.05,3760,23218
2021-04-12 09:15:00,1618199100,3636.6,3640,3500,3609.3,142009
2021-04-12 10:15:00,1618202700,3609,3609,3538,3561.45,55948
2021-04-12 11:15:00,1618206300,3561.45,3579.05,3501.9,3511.2,55359
2021-04-12 12:15:00,1618209900,3511.3,3580,3511.3,3570.95,37998
2021-04-12 13:15:00,1618213500,3570.95,3580,3546.05,3579,24104
2021-04-12 14:15:00,1618217100,3579,3595.9,3550,3550,38146
2021-04-12 15:15:00,1618220700,3550,3569,3545,3551,17789
2021-04-13 09:15:00,1618285500,3533,3598,3516,3582.45,58351
2021-04-13 10:15:00,1618289100,3582.4,3592.5,3533,3544.95,28390
2021-04-13 11:15:00,1618292700,3545,3552.85,3525.1,3536,15674
2021-04-13 12:15:00,1618296300,3537.95,3540,3505.05,3507,23798
2021-04-13 13:15:00,1618299900,3506.55,3535.05,3505,3527.7,23914
2021-04-13 14:15:00,1618303500,3527.7,3535,3518.05,3521.15,26237
2021-04-13 15:15:00,1618307100,3521.15,3525,3510.1,3518,17287
2021-04-15 09:15:00,1618458300,3510,3545.75,3460,3524.7,56361
2021-04-15 10:15:00,1618461900,3522,3529.7,3486,3506.95,33397
2021-04-15 11:15:00,1618465500,3506.15,3507.15,3475.6,3490.35,29827
2021-04-15 12:15:00,1618469100,3490.35,3525.5,3485,3489.35,20316
2021-04-15 13:15:00,1618472700,3489.35,3528,3485,3524.85,25070
2021-04-15 14:15:00,1618476300,3524.85,3544.4,3490,3493.6,47235
2021-04-15 15:15:00,1618479900,3496.4,3500,3485,3500,14368
2021-04-16 09:15:00,1618544700,3520,3681,3502.2,3608.95,123153
2021-04-16 10:15:00,1618548300,3608,3618,3581,3611,28441
2021-04-16 11:15:00,1618551900,3611,3615.25,3593,3600.05,21338
2021-04-16 12:15:00,1618555500,3600.05,3674.65,3600,3650,56097
2021-04-16 13:15:00,1618559100,3650,3657.95,3629.05,3650.1,34806
2021-04-16 14:15:00,1618562700,3650,3775,3650,3752.8,135775
2021-04-16 15:15:00,1618566300,3752.8,3754,3715,3730,41881
2021-04-19 09:15:00,1618803900,3560,3694,3535,3692.9,123845
2021-04-19 10:15:00,1618807500,3687.9,3688.75,3650.25,3671.65,45628
2021-04-19 11:15:00,1618811100,3671.65,3743,3641.25,3738,72820
2021-04-19 12:15:00,1618814700,3725,3844.4,3725,3815,126209
2021-04-19 13:15:00,1618818300,3815,3820,3770,3801,57539
2021-04-19 14:15:00,1618821900,3801,3860,3782.05,3829.85,152497
2021-04-19 15:15:00,1618825500,3829.85,3829.85,3799,3802,33091
2021-04-20 09:15:00,1618890300,3848,3924,3843,3875.05,124912
2021-04-20 10:15:00,1618893900,3875.05,3904.2,3873.5,3900,74716
2021-04-20 11:15:00,1618897500,3900,3916.95,3890,3900,61780
2021-04-20 12:15:00,1618901100,3900,3935,3900,3922,65090
2021-04-20 13:15:00,1618904700,3922,3958.8,3915,3947.95,93817
2021-04-20 14:15:00,1618908300,3947.45,3973.8,3900.05,3923.5,138184
2021-04-20 15:15:00,1618911900,3923.3,3940,3920.05,3930,26301
2021-04-22 09:15:00,1619063100,3949,3988,3850,3957.95,113394
2021-04-22 10:15:00,1619066700,3957.95,3958,3910,3920.4,25971
2021-04-22 11:15:00,1619070300,3922,3949,3910.05,3940,15647
2021-04-22 12:15:00,1619073900,3938,3944.9,3911.5,3917.7,15471
2021-04-22 13:15:00,1619077500,3915.25,3935.85,3911.75,3931.35,18705
2021-04-22 14:15:00,1619081100,3931.35,3959,3926.95,3950,39456
2021-04-22 15:15:00,1619084700,3950,3951,3920,3926,14115
2021-04-23 09:15:00,1619149500,3919,3950,3882.05,3929.95,47590
2021-04-23 10:15:00,1619153100,3930,3950,3915,3942,29378
2021-04-23 11:15:00,1619156700,3941.05,3946,3920,3928.8,17317
2021-04-23 12:15:00,1619160300,3928.75,3934.4,3905,3917.1,18283
2021-04-23 13:15:00,1619163900,3917.1,3919.55,3885,3894,23015
2021-04-23 14:15:00,1619167500,3894,3909.9,3870,3883,33953
2021-04-23 15:15:00,1619171100,3883,3907,3880,3882.25,17111
2021-04-26 09:15:00,1619408700,3890,3895,3840.1,3853.95,56585
2021-04-26 10:15:00,1619412300,3853.9,3965,3851.9,3950,89236
2021-04-26 11:15:00,1619415900,3950,3958.75,3925.05,3940.75,21403
2021-04-26 12:15:00,1619419500,3940.75,3941,3911,3918,15667
2021-04-26 13:15:00,1619423100,3918,3932.95,3908.15,3910,16512
2021-04-26 14:15:00,1619426700,3910,3918.85,3881.05,3900.4,29149
2021-04-26 15:15:00,1619430300,3900.4,3901.6,3884,3890,14055
2021-04-27 09:15:00,1619495100,3931,3965,3902.1,3951.9,55526
2021-04-27 10:15:00,1619498700,3952,3964,3950,3961.65,26309
2021-04-27 11:15:00,1619502300,3965,4035,3961.8,4008.9,109179
2021-04-27 12:15:00,1619505900,4008.95,4027.55,3984,4012,32447
2021-04-27 13:15:00,1619509500,4011.9,4020.95,3993,4000.8,35994
2021-04-27 14:15:00,1619513100,4000,4057.85,3997,4034.95,75155
2021-04-27 15:15:00,1619516700,4034.95,4044.65,4025,4037,22246
2021-04-28 09:15:00,1619581500,4089,4152,4080,4135.75,104641
2021-04-28 10:15:00,1619585100,4135.25,4146.2,4130.05,4141.05,26567
2021-04-28 11:15:00,1619588700,4141,4164,4130.35,4161,39482
2021-04-28 12:15:00,1619592300,4161,4162.05,4136,4146.9,24004
2021-04-28 13:15:00,1619595900,4146.45,4167,4140,4154,30988
2021-04-28 14:15:00,1619599500,4155.35,4207,4132,4165,88378
2021-04-28 15:15:00,1619603100,4165,4173.55,4158,4160,18155
2021-04-29 09:15:00,1619667900,4215,4265.65,4090,4215,142106
2021-04-29 10:15:00,1619671500,4214.8,4229,4172,4193.8,42434
2021-04-29 11:15:00,1619675100,4193.75,4210,4183,4200,20109
2021-04-29 12:15:00,1619678700,4200.05,4208.75,4180.2,4193,22860
2021-04-29 13:15:00,1619682300,4191.2,4205,4190,4190.1,14281
2021-04-29 14:15:00,1619685900,4190.05,4255,4176.5,4227.05,59798
2021-04-29 15:15:00,1619689500,4227.05,4231.95,4214,4230,15877
2021-04-30 09:15:00,1619754300,4175,4248,4150,4205.15,61874
2021-04-30 10:15:00,1619757900,4205.05,4218.65,4195.05,4215,18286
2021-04-30 11:15:00,1619761500,4215,4216.65,4190.2,4194.15,20114
2021-04-30 12:15:00,1619765100,4194.15,4210,4192,4204,64308
2021-04-30 13:15:00,1619768700,4204,4210,4195,4198,22074
2021-04-30 14:15:00,1619772300,4195.2,4223,4195,4203,26645
2021-04-30 15:15:00,1619775900,4204.75,4204.75,4180,4184,14501
2021-05-03 09:15:00,1620013500,4150,4260,4122.2,4222,55391
2021-05-03 10:15:00,1620017100,4221.1,4230,4212.1,4219.8,15914
2021-05-03 11:15:00,1620020700,4219.8,4220.8,4200,4205,16716
2021-05-03 12:15:00,1620024300,4205,4205,4160,4190.3,16851
2021-05-03 13:15:00,1620027900,4191.25,4214,4185,4195,16312
2021-05-03 14:15:00,1620031500,4195,4278,4188,4230,56104
2021-05-03 15:15:00,1620035100,4230,4249.15,4230,4240.05,11186
2021-05-04 09:15:00,1620099900,4281.25,4320,4260,4279.95,43136
2021-05-04 10:15:00,1620103500,4279.95,4279.95,4260,4265.9,20659
2021-05-04 11:15:00,1620107100,4265.5,4285.1,4252.35,4256.9,24917
2021-05-04 12:15:00,1620110700,4256.9,4261.9,4164.15,4164.15,30161
2021-05-04 13:15:00,1620114300,4162,4220,4146.1,4169.55,47019
2021-05-04 14:15:00,1620117900,4171.8,4188.5,4125.9,4149,47057
2021-05-04 15:15:00,1620121500,4149,4149.9,4105.25,4126.1,17858
2021-05-05 09:15:00,1620186300,4134,4207.1,4134,4155,40496
2021-05-05 10:15:00,1620189900,4158.2,4164,4107.95,4128,15995
2021-05-05 11:15:00,1620193500,4128,4128,4062,4105.5,28321
2021-05-05 12:15:00,1620197100,4105.5,4133.95,4082.05,4099.55,11423
2021-05-05 13:15:00,1620200700,4099.55,4156.9,4099.55,4114.6,16961
2021-05-05 14:15:00,1620204300,4112,4133.95,4101.55,4124,19041
2021-05-05 15:15:00,1620207900,4123,4126.8,4100,4108,8175
2021-05-06 09:15:00,1620272700,4170,4185,4135,4170,30013
2021-05-06 10:15:00,1620276300,4170,4174.85,4120,4130.65,23428
2021-05-06 11:15:00,1620279900,4130.65,4146,4112,4137.7,10013
2021-05-06 12:15:00,1620283500,4137.7,4149,4120,4130.5,7007
2021-05-06 13:15:00,1620287100,4130,4130.55,4112,4121.1,9574
2021-05-06 14:15:00,1620290700,4123,4129,4104.35,4121.4,14531
2021-05-06 15:15:00,1620294300,4121.4,4124.8,4111.1,4115,8076
2021-05-07 09:15:00,1620359100,4137.25,4150,4100,4112.35,22158
2021-05-07 10:15:00,1620362700,4112.35,4115,4080,4090,21259
2021-05-07 11:15:00,1620366300,4090,4107,4060,4066.25,17607
2021-05-07 12:15:00,1620369900,4067.25,4067.25,4011,4028.3,31711
2021-05-07 13:15:00,1620373500,4027.05,4029.7,3901,3979,100270
2021-05-07 14:15:00,1620377100,3979,3981,3940.4,3952,46835
2021-05-07 15:15:00,1620380700,3955,3960,3949,3960,24542
2021-05-10 09:15:00,1620618300,3960,4010.5,3954.75,3980,43981
2021-05-10 10:15:00,1620621900,3982,3984.9,3931.05,3941,29516
2021-05-10 11:15:00,1620625500,3941,3943.95,3900,3912.15,36662
2021-05-10 12:15:00,1620629100,3912.15,3925.4,3870.05,3870.2,35457
2021-05-10 13:15:00,1620632700,3870.15,3875,3816,3868.4,70244
2021-05-10 14:15:00,1620636300,3870,3879.7,3853.05,3866,34338
2021-05-10 15:15:00,1620639900,3865.9,3878.9,3857,3872,17234
2021-05-11 09:15:00,1620704700,3887.95,3966.25,3830,3946.35,65738
2021-05-11 10:15:00,1620708300,3946.35,3954,3930.1,3943.1,15626
2021-05-11 11:15:00,1620711900,3940.45,3988.95,3940.45,3967.95,26383
2021-05-11 12:15:00,1620715500,3967.95,3984.5,3960,3965,15293
2021-05-11 13:15:00,1620719100,3965,3965,3890,3915,25085
2021-05-11 14:15:00,1620722700,3915,3981.5,3892,3961.6,36044
2021-05-11 15:15:00,1620726300,3961.6,3969.8,3953.1,3956,6973
2021-05-12 09:15:00,1620791100,3986,3986,3906.1,3917.5,30061
2021-05-12 10:15:00,1620794700,3917,3940,3915.2,3926.95,13623
2021-05-12 11:15:00,1620798300,3930.95,3935.95,3924,3925.05,7082
2021-05-12 12:15:00,1620801900,3927.7,3958,3925,3957,16790
2021-05-12 13:15:00,1620805500,3957,3999,3955,3977.4,25696
2021-05-12 14:15:00,1620809100,3977.4,3978.3,3931.05,3962.3,22928
2021-05-12 15:15:00,1620812700,3962.8,3968.65,3951,3963.9,9372
2021-05-14 09:15:00,1620963900,3960,3996.6,3906.8,3936.1,30620
2021-05-14 10:15:00,1620967500,3936.1,3942.75,3900,3917,12802
2021-05-14 11:15:00,1620971100,3916.1,3923.45,3900,3904.7,16182
2021-05-14 12:15:00,1620974700,3904.7,3935,3904,3932.6,11238
2021-05-14 13:15:00,1620978300,3932.6,3940.5,3920,3925.05,6938
2021-05-14 14:15:00,1620981900,3925,3965.5,3920.45,3964,19635
2021-05-14 15:15:00,1620985500,3964,3964,3950,3951,10509
2021-05-17 09:15:00,1621223100,3952,3969.85,3905.1,3927.5,25410
2021-05-17 10:15:00,1621226700,3927.45,3934.5,3910,3925,13399
2021-05-17 11:15:00,1621230300,3924.85,3962,3924.5,3955.1,16164
2021-05-17 12:15:00,1621233900,3955.15,3959,3942,3950,19165
2021-05-17 13:15:00,1621237500,3950.8,3968,3950,3952.4,17040
2021-05-17 14:15:00,1621241100,3951,3957,3950,3950.05,16323
2021-05-17 15:15:00,1621244700,3950.05,3953.65,3950,3950,7474
2021-05-18 09:15:00,1621309500,3950,3990,3925.95,3936,36690
2021-05-18 10:15:00,1621313100,3936,3958,3930.45,3947.2,18386
2021-05-18 11:15:00,1621316700,3947.2,3955,3930.5,3932,15859
2021-05-18 12:15:00,1621320300,3932,3939.85,3905,3925.05,23555
2021-05-18 13:15:00,1621323900,3925.25,3929.9,3913,3920,15875
2021-05-18 14:15:00,1621327500,3920,3934.9,3917.5,3930,38225
2021-05-18 15:15:00,1621331100,3930,3931.5,3925,3930,16070
2021-05-19 09:15:00,1621395900,3943,3970,3927,3957,36814
2021-05-19 10:15:00,1621399500,3956.3,3960,3937,3937.55,15357
2021-05-19 11:15:00,1621403100,3937.55,3940.5,3920,3924,21706
2021-05-19 12:15:00,1621406700,3924.2,3925.5,3920.1,3920.15,14887
2021-05-19 13:15:00,1621410300,3922.2,3924,3890.65,3910.05,52968
2021-05-19 14:15:00,1621413900,3910.05,3929.9,3910,3920,24719
2021-05-19 15:15:00,1621417500,3920,3923.1,3918,3921,7673
2021-05-20 09:15:00,1621482300,3925,3929.05,3883,3895,30560
2021-05-20 10:15:00,1621485900,3896.9,3896.9,3884,3887.15,15164
2021-05-20 11:15:00,1621489500,3887.6,3890,3872.9,3878.05,17757
2021-05-20 12:15:00,1621493100,3880.4,3880.75,3852.65,3857,22776
2021-05-20 13:15:00,1621496700,3857,3885,3856.1,3877.6,26652
2021-05-20 14:15:00,1621500300,3880.4,3906,3876,3900.5,27728
2021-05-20 15:15:00,1621503900,3902.2,3920,3900,3910,18413
2021-05-21 09:15:00,1621568700,3930,3948,3915.05,3939.6,24214
2021-05-21 10:15:00,1621572300,3940,3944.15,3907,3908.85,26523
2021-05-21 11:15:00,1621575900,3908.85,3933.05,3907.15,3924.1,9881
2021-05-21 12:15:00,1621579500,3924.1,3940.05,3914.6,3937.15,16584
2021-05-21 13:15:00,1621583100,3937.2,3945,3920.6,3936.7,11103
2021-05-21 14:15:00,1621586700,3935.3,3948,3930.5,3931,18642
2021-05-21 15:15:00,1621590300,3931,3979,3922,3940,21544
2021-05-24 09:15:00,1621827900,3979,4040,3911.55,3937,69627
2021-05-24 10:15:00,1621831500,3935,3940,3921.9,3928.95,22608
2021-05-24 11:15:00,1621835100,3928.2,3934,3900,3927.45,24118
2021-05-24 12:15:00,1621838700,3927.45,3933.8,3902,3905.5,18623
2021-05-24 13:15:00,1621842300,3905,3917.8,3895.25,3915.05,36820
2021-05-24 14:15:00,1621845900,3915,3923.6,3900,3906.9,24585
2021-05-24 15:15:00,1621849500,3906.9,3910,3901.05,3910,13247
2021-05-25 09:15:00,1621914300,3941.55,3960,3921,3947.05,19882
2021-05-25 10:15:00,1621917900,3947.05,3949,3917,3919.85,15966
2021-05-25 11:15:00,1621921500,3919.85,3920,3895,3897,23168
2021-05-25 12:15:00,1621925100,3899.5,3930,3895.05,3915,46910
2021-05-25 13:15:00,1621928700,3915,3925.9,3901.85,3909,29303
2021-05-25 14:15:00,1621932300,3909,3930.15,3903,3922.8,30448
2021-05-25 15:15:00,1621935900,3922.95,3930,3916.5,3926.05,9004
2021-05-26 09:15:00,1622000700,3947.8,3967.75,3923.6,3945,21891
2021-05-26 10:15:00,1622004300,3942,3950.3,3920.15,3923.15,15951
2021-05-26 11:15:00,1622007900,3923.15,3926.95,3900,3908,16559
2021-05-26 12:15:00,1622011500,3908,3915,3901,3911,11094
2021-05-26 13:15:00,1622015100,3911,3914.85,3905,3906.65,11996
2021-05-26 14:15:00,1622018700,3906.65,3912,3900,3903.35,25932
2021-05-26 15:15:00,1622022300,3903.35,3907.9,3895,3906.95,12686
2021-05-27 09:15:00,1622087100,3924.95,3975,3910,3952.6,55592
2021-05-27 10:15:00,1622090700,3952.6,3970,3939.95,3955.5,26809
2021-05-27 11:15:00,1622094300,3955.15,3962,3935,3956.9,21368
2021-05-27 12:15:00,1622097900,3957.1,3967.5,3950,3960.45,29679
2021-05-27 13:15:00,1622101500,3960.45,3995,3960,3990,51746
2021-05-27 14:15:00,1622105100,3990,4005,3968.15,3991.25,70361
2021-05-27 15:15:00,1622108700,3991.4,3992.9,3990,3990,23421
2021-05-28 09:15:00,1622173500,3950,4100,3850,3980.95,194643
2021-05-28 10:15:00,1622177100,3981,4025,3980,4010,33064
2021-05-28 11:15:00,1622180700,4010,4048.95,4004.05,4038.5,48585
2021-05-28 12:15:00,1622184300,4038.6,4046,4031.05,4040,26195
2021-05-28 13:15:00,1622187900,4040,4047,4036.1,4039.35,25293
2021-05-28 14:15:00,1622191500,4039.2,4039.2,3990.1,3999.95,41264
2021-05-28 15:15:00,1622195100,3999.1,4001.1,3978.15,3992,21686
2021-05-31 09:15:00,1622432700,4019.95,4040,3950.45,3999,46214
2021-05-31 10:15:00,1622436300,3999,3999,3974.45,3990.6,23055
2021-05-31 11:15:00,1622439900,3990.6,4019,3990,4014.55,18830
2021-05-31 12:15:00,1622443500,4014.55,4050,4011.45,4034.7,41483
2021-05-31 13:15:00,1622447100,4034.7,4035,4011,4030,13829
2021-05-31 14:15:00,1622450700,4030,4039,4011,4012,22709
2021-05-31 15:15:00,1622454300,4012,4035.6,4011,4030.95,17488
2021-06-01 09:15:00,1622519100,4050,4099,4020.5,4065,60238
2021-06-01 10:15:00,1622522700,4065,4150,4055.75,4147.7,133835
2021-06-01 11:15:00,1622526300,4144,4199,4110.15,4144.85,128145
2021-06-01 12:15:00,1622529900,4144.85,4144.85,4120.2,4126.2,31604
2021-06-01 13:15:00,1622533500,4129.4,4130,4102,4124.7,36994
2021-06-01 14:15:00,1622537100,4124.7,4127.75,4063.5,4102.6,58024
2021-06-01 15:15:00,1622540700,4102.6,4117.4,4102.05,4111,20180
2021-06-02 09:15:00,1622605500,4110,4230,4110,4219.95,131275
2021-06-02 10:15:00,1622609100,4220,4260,4195.95,4251.05,131750
2021-06-02 11:15:00,1622612700,4251.05,4254.2,4222,4238.05,40316
2021-06-02 12:15:00,1622616300,4238.05,4254,4232,4238.7,33793
2021-06-02 13:15:00,1622619900,4241,4248,4210,4234.45,35157
2021-06-02 14:15:00,1622623500,4234.8,4248.85,4215,4239.9,42321
2021-06-02 15:15:00,1622627100,4239.95,4240,4225,4238,21820
2021-06-03 09:15:00,1622691900,4280,4345,4268.25,4328.65,106345
2021-06-03 10:15:00,1622695500,4328.8,4345,4321.1,4333,34705
2021-06-03 11:15:00,1622699100,4334.9,4375,4333,4370,60892
2021-06-03 12:15:00,1622702700,4369.1,4373,4354.75,4358.15,28766
2021-06-03 13:15:00,1622706300,4356.65,4360,4326.65,4343.25,28614
2021-06-03 14:15:00,1622709900,4343.85,4350,4303,4307,57042
2021-06-03 15:15:00,1622713500,4311,4347,4311,4341,20282
2021-06-04 09:15:00,1622778300,4372,4395,4324.25,4365,92462
2021-06-04 10:15:00,1622781900,4361.8,4368,4301.45,4321.05,40243
2021-06-04 11:15:00,1622785500,4321.05,4323.95,4301.25,4303.9,27392
2021-06-04 12:15:00,1622789100,4301.25,4314.9,4295,4300.05,22079
2021-06-04 13:15:00,1622792700,4300.1,4309,4250,4286.05,34920
2021-06-04 14:15:00,1622796300,4286.05,4300,4270,4280.3,26712
2021-06-04 15:15:00,1622799900,4280.25,4296.25,4280.25,4285.5,15687
2021-06-07 09:15:00,1623037500,4318.8,4330.2,4209.05,4244.05,61441
2021-06-07 10:15:00,1623041100,4244.05,4249,4235.4,4242.7,16536
2021-06-07 11:15:00,1623044700,4243.15,4280,4233,4255.95,21295
2021-06-07 12:15:00,1623048300,4255.95,4268,4251.05,4256.4,9858
2021-06-07 13:15:00,1623051900,4256.1,4280,4250,4250,17440
2021-06-07 14:15:00,1623055500,4251.55,4279.95,4250,4254.95,25483
2021-06-07 15:15:00,1623059100,4253.05,4270,4253,4260,17405
2021-06-08 09:15:00,1623123900,4268.95,4293.45,4212,4232.5,50224
2021-06-08 10:15:00,1623127500,4230,4244.7,4194.15,4218.35,30577
2021-06-08 11:15:00,1623131100,4218.35,4235,4210,4223.65,13321
2021-06-08 12:15:00,1623134700,4223.65,4228.2,4220,4220.2,8950
2021-06-08 13:15:00,1623138300,4220.2,4226.95,4219.8,4219.8,19751
2021-06-08 14:15:00,1623141900,4219.8,4234.55,4212.6,4232,25036
2021-06-08 15:15:00,1623145500,4232,4232,4222.65,4228,9871
2021-06-09 09:15:00,1623210300,4239,4239,4181,4199.8,41023
2021-06-09 10:15:00,1623213900,4199.8,4213.3,4191,4201,11178
2021-06-09 11:15:00,1623217500,4201,4213,4188,4193.6,17480
2021-06-09 12:15:00,1623221100,4193.6,4212,4191,4196.15,21376
2021-06-09 13:15:00,1623224700,4195.95,4210,4171,4201,36017
2021-06-09 14:15:00,1623228300,4201.15,4203,4159.6,4200,29051
2021-06-09 15:15:00,1623231900,4200,4203,4161,4184,21470
2021-06-10 09:15:00,1623296700,4196,4285,4190.05,4258.9,41517
2021-06-10 10:15:00,1623300300,4260,4273,4224,4235.55,19945
2021-06-10 11:15:00,1623303900,4231.35,4250,4215.5,4217.1,15404
2021-06-10 12:15:00,1623307500,4215,4217.2,4190,4210,24071
2021-06-10 13:15:00,1623311100,4210.05,4214.4,4193,4209.2,18523
2021-06-10 14:15:00,1623314700,4209.2,4210.6,4175.25,4195,53912
2021-06-10 15:15:00,1623318300,4196,4208.15,4175.25,4179,22531
2021-06-11 09:15:00,1623383100,4198.9,4235,4165,4174.8,34162
2021-06-11 10:15:00,1623386700,4175,4190,4171,4171.1,15098
2021-06-11 11:15:00,1623390300,4171.1,4182,4152.5,4171.4,20817
2021-06-11 12:15:00,1623393900,4171.4,4174.75,4141.35,4168.05,15750
2021-06-11 13:15:00,1623397500,4168.05,4184.9,4164,4180.85,9415
2021-06-11 14:15:00,1623401100,4180.85,4191,4167,4190.45,23155
2021-06-11 15:15:00,1623404700,4190.45,4198,4185,4198,13945
2021-06-14 09:15:00,1623642300,4175,4187.8,4092.5,4122.2,46966
2021-06-14 10:15:00,1623645900,4117.05,4138.95,4105.05,4120,19022
2021-06-14 11:15:00,1623649500,4119.95,4143.75,4111.55,4139.8,13016
2021-06-14 12:15:00,1623653100,4139.85,4150,4136.05,4144.7,14478
2021-06-14 13:15:00,1623656700,4142.55,4169,4142.55,4168.5,16520
2021-06-14 14:15:00,1623660300,4169.95,4211,4168.5,4177.4,24850
2021-06-14 15:15:00,1623663900,4177.4,4187.95,4174.5,4179,8157
2021-06-15 09:15:00,1623728700,4199.8,4260,4180.05,4228.55,53154
2021-06-15 10:15:00,1623732300,4226.05,4244.2,4215,4243.9,15095
2021-06-15 11:15:00,1623735900,4243.95,4243.95,4216.3,4228,19564
2021-06-15 12:15:00,1623739500,4226,4233.9,4220.05,4229.4,14368
2021-06-15 13:15:00,1623743100,4229.4,4239.85,4206.3,4228.9,12206
2021-06-15 14:15:00,1623746700,4228.9,4250,4225.05,4240,29204
2021-06-15 15:15:00,1623750300,4245.1,4250.15,4235,4239,14166
2021-06-16 09:15:00,1623815100,4257,4257,4181,4195.1,32780
2021-06-16 10:15:00,1623818700,4197.2,4198,4154.05,4190,24966
2021-06-16 11:15:00,1623822300,4192.05,4199,4176,4184.45,11959
2021-06-16 12:15:00,1623825900,4181.15,4211,4180.15,4200,17455
2021-06-16 13:15:00,1623829500,4200,4223.8,4185.05,4213.65,14447
2021-06-16 14:15:00,1623833100,4213.65,4217,4187.8,4188,17551
2021-06-16 15:15:00,1623836700,4191.85,4191.85,4179.9,4189,8141
2021-06-17 09:15:00,1623901500,4155,4250,4125,4242.1,48049
2021-06-17 10:15:00,1623905100,4243,4270.95,4235,4258.9,41728
2021-06-17 11:15:00,1623908700,4258.1,4282,4241,4282,34329
2021-06-17 12:15:00,1623912300,4282,4335,4280,4291.5,102991
2021-06-17 13:15:00,1623915900,4291.5,4313,4276.5,4280.6,41657
2021-06-17 14:15:00,1623919500,4280,4313.45,4279.7,4299.85,55670
2021-06-17 15:15:00,1623923100,4296.2,4313.95,4285.65,4295,19627
2021-06-18 09:15:00,1623987900,4348,4395,4285,4355.85,117763
2021-06-18 10:15:00,1623991500,4354.75,4387.9,4313.4,4353,99598
2021-06-18 11:15:00,1623995100,4353,4379,4340,4370,28194
2021-06-18 12:15:00,1623998700,4370.95,4435,4360,4431.15,87273
2021-06-18 13:15:00,1624002300,4431.15,4480,4412,4427.35,152586
2021-06-18 14:15:00,1624005900,4427.35,4439,4405,4429,64321
2021-06-18 15:15:00,1624009500,4428.45,4432.95,4415,4430,29333
2021-06-21 09:15:00,1624247100,4425.1,4617,4351.1,4567.15,234775
2021-06-21 10:15:00,1624250700,4570.55,4644.9,4555.2,4590.5,124841
2021-06-21 11:15:00,1624254300,4590.55,4638,4581.95,4591.05,65507
2021-06-21 12:15:00,1624257900,4591.05,4599.85,4580,4591.9,25968
2021-06-21 13:15:00,1624261500,4588.05,4609.95,4570,4580,42288
2021-06-21 14:15:00,1624265100,4580,4618.9,4565.05,4592.55,52626
2021-06-21 15:15:00,1624268700,4592.55,4597.4,4558,4565,37409
2021-06-22 09:15:00,1624333500,4629.85,4682.6,4601,4621,93990
2021-06-22 10:15:00,1624337100,4621,4627.55,4578.45,4598.55,33061
2021-06-22 11:15:00,1624340700,4598.55,4640,4596,4633,26327
2021-06-22 12:15:00,1624344300,4633,4635.85,4580.05,4580.4,21218
2021-06-22 13:15:00,1624347900,4580.3,4584.8,4505.1,4538.7,42454
2021-06-22 14:15:00,1624351500,4538.7,4595,4530,4565.15,38268
2021-06-22 15:15:00,1624355100,4567.5,4569,4536.9,4547,21052
2021-06-23 09:15:00,1624419900,4589.9,4625,4470,4497.05,89373
2021-06-23 10:15:00,1624423500,4498.95,4525.7,4490.05,4491.45,30967
2021-06-23 11:15:00,1624427100,4492,4504.4,4491.1,4499.15,18013
2021-06-23 12:15:00,1624430700,4499.15,4501.4,4480.45,4497.85,21588
2021-06-23 13:15:00,1624434300,4497.95,4517.95,4488.5,4494.45,24132
2021-06-23 14:15:00,1624437900,4494.45,4495.05,4451.7,4492.95,46789
2021-06-23 15:15:00,1624441500,4491.05,4495,4465.05,4475.9,22895
2021-06-24 09:15:00,1624506300,4490,4532,4444,4450,38803
2021-06-24 10:15:00,1624509900,4450,4508.1,4426,4490.95,23595
2021-06-24 11:15:00,1624513500,4490.95,4585.3,4483.5,4560.05,45132
2021-06-24 12:15:00,1624517100,4560.05,4572,4546,4567.05,15252
2021-06-24 13:15:00,1624520700,4567.05,4578.85,4526.5,4544.4,16691
2021-06-24 14:15:00,1624524300,4543.25,4555.75,4525.9,4547.5,17446
2021-06-24 15:15:00,1624527900,4547.5,4568.95,4542,4550,15821
2021-06-25 09:15:00,1624592700,4570,4585,4486,4497.05,37029
2021-06-25 10:15:00,1624596300,4497.05,4530,4490.35,4502.5,55895
2021-06-25 11:15:00,1624599900,4502.5,4538.45,4490,4516.65,18852
2021-06-25 12:15:00,1624603500,4516.65,4523.95,4500,4500.05,12888
2021-06-25 13:15:00,1624607100,4500.05,4504.65,4491,4499,11854
2021-06-25 14:15:00,1624610700,4499,4501.85,4497.6,4498.05,17718
2021-06-25 15:15:00,1624614300,4498.05,4500,4492.05,4499,13723
2021-06-28 09:15:00,1624851900,4515,4540.5,4470,4502.1,33078
2021-06-28 10:15:00,1624855500,4502.1,4508.65,4485.45,4505,8056
2021-06-28 11:15:00,1624859100,4505,4524.95,4496.1,4502.75,11441
2021-06-28 12:15:00,1624862700,4501,4516.9,4480,4494.15,11670
2021-06-28 13:15:00,1624866300,4494.15,4496.05,4457.9,4477.25,16251
2021-06-28 14:15:00,1624869900,4477.25,4485,4465.05,4475.05,20038
2021-06-28 15:15:00,1624873500,4475.05,4481.9,4465,4477,8660
2021-06-29 09:15:00,1624938300,4501,4542,4480,4491.5,33259
2021-06-29 10:15:00,1624941900,4491.5,4498.5,4475,4480,11541
2021-06-29 11:15:00,1624945500,4480,4490,4478,4480,5761
2021-06-29 12:15:00,1624949100,4480,4488.05,4467.7,4481.85,7629
2021-06-29 13:15:00,1624952700,4481.85,4484.75,4465,4474.9,7173
2021-06-29 14:15:00,1624956300,4472.25,4480,4451,4475.1,15990
2021-06-29 15:15:00,1624959900,4476.9,4489.95,4465,4484,10159
2021-06-30 09:15:00,1625024700,4510,4510,4446,4477.3,31980
2021-06-30 10:15:00,1625028300,4477.3,4481,4456,4465.9,10898
2021-06-30 11:15:00,1625031900,4465.9,4485,4465,4469.2,9703
2021-06-30 12:15:00,1625035500,4470,4470,4452.35,4462,8604
2021-06-30 13:15:00,1625039100,4462,4466,4428,4430.35,16350
2021-06-30 14:15:00,1625042700,4430.35,4448.6,4422.1,4426.95,23939
2021-06-30 15:15:00,1625046300,4426.95,4430,4410,4412,14028
2021-07-01 09:15:00,1625111100,4434,4452.8,4370,4376.4,35037
2021-07-01 10:15:00,1625114700,4377,4396,4372,4395,20525
2021-07-01 11:15:00,1625118300,4395.05,4408,4393.05,4400.25,13312
2021-07-01 12:15:00,1625121900,4400.25,4406,4398.7,4404.5,6031
2021-07-01 13:15:00,1625125500,4404.5,4405,4398.25,4401.4,7895
2021-07-01 14:15:00,1625129100,4401.4,4412,4400,4412,16832
2021-07-01 15:15:00,1625132700,4412,4430,4407,4422,9331
2021-07-02 09:15:00,1625197500,4480,4550,4460,4500,138313
2021-07-02 10:15:00,1625201100,4500,4540,4485,4539.9,36605
2021-07-02 11:15:00,1625204700,4539.9,4540,4520,4524.7,22981
2021-07-02 12:15:00,1625208300,4524.7,4529.4,4501.15,4528,12857
2021-07-02 13:15:00,1625211900,4526,4611,4505,4598.05,73975
2021-07-02 14:15:00,1625215500,4600.15,4601,4504.85,4504.85,77519
2021-07-02 15:15:00,1625219100,4505,4549,4500,4540,27892
2021-07-05 09:15:00,1625456700,4555,4625,4555,4587,42973
2021-07-05 10:15:00,1625460300,4587,4600,4581,4589.25,16354
2021-07-05 11:15:00,1625463900,4586.75,4596.6,4584.2,4590.05,23438
2021-07-05 12:15:00,1625467500,4590.05,4645,4585.1,4637.05,52617
2021-07-05 13:15:00,1625471100,4637.05,4639.9,4611.2,4622.65,21914
2021-07-05 14:15:00,1625474700,4623.15,4623.15,4591.1,4614.05,34839
2021-07-05 15:15:00,1625478300,4614,4618,4595,4618,13072
2021-07-06 09:15:00,1625543100,4635,4655.55,4575,4615,39860
2021-07-06 10:15:00,1625546700,4614.1,4618,4580.9,4593.75,10182
2021-07-06 11:15:00,1625550300,4593.8,4600,4576,4584.9,8368
2021-07-06 12:15:00,1625553900,4584.9,4599.95,4583,4592.55,7727
2021-07-06 13:15:00,1625557500,4592.55,4610,4590,4596.95,9911
2021-07-06 14:15:00,1625561100,4596.95,4620,4571.2,4618,24701
2021-07-06 15:15:00,1625564700,4615.25,4620,4601,4603,11736
2021-07-07 09:15:00,1625629500,4613.5,4613.5,4477.7,4497.5,88595
2021-07-07 10:15:00,1625633100,4499.8,4516,4482.6,4489,25058
2021-07-07 11:15:00,1625636700,4487.15,4510,4487,4503.3,40557
2021-07-07 12:15:00,1625640300,4501.05,4530.55,4500,4504.95,28141
2021-07-07 13:15:00,1625643900,4502.7,4533.6,4500,4500.1,27347
2021-07-07 14:15:00,1625647500,4500.1,4530,4485,4528.95,54273
2021-07-07 15:15:00,1625651100,4530.5,4545.55,4526.1,4545,26648
2021-07-08 09:15:00,1625715900,4549,4584,4517,4542.25,36340
2021-07-08 10:15:00,1625719500,4542.25,4542.25,4517.95,4527.8,13603
2021-07-08 11:15:00,1625723100,4527.8,4544.25,4509,4524,12051
2021-07-08 12:15:00,1625726700,4524,4538.95,4517,4527.4,8018
2021-07-08 13:15:00,1625730300,4527.35,4538.35,4515,4531,40135
2021-07-08 14:15:00,1625733900,4531,4538,4512.2,4525.05,32082
2021-07-08 15:15:00,1625737500,4526,4542,4525.5,4540,16705
2021-07-09 09:15:00,1625802300,4516,4607.7,4516,4583,43813
2021-07-09 10:15:00,1625805900,4582.8,4591,4572.5,4579,24687
2021-07-09 11:15:00,1625809500,4579,4582.55,4565,4576.65,23904
2021-07-09 12:15:00,1625813100,4576.65,4585,4564.05,4578.05,18184
2021-07-09 13:15:00,1625816700,4578.05,4585,4576,4585,8259
2021-07-09 14:15:00,1625820300,4585,4595.5,4572.75,4574.25,34896
2021-07-09 15:15:00,1625823900,4574.25,4597.65,4574.25,4589,12130
2021-07-12 09:15:00,1626061500,4594,4617.7,4551.1,4557.85,28988
2021-07-12 10:15:00,1626065100,4557.85,4570.6,4535,4544.55,24676
2021-07-12 11:15:00,1626068700,4544.55,4553,4485.05,4535.25,20400
2021-07-12 12:15:00,1626072300,4535.25,4538.95,4521,4527,33045
2021-07-12 13:15:00,1626075900,4525.1,4549,4525,4542,8166
2021-07-12 14:15:00,1626079500,4542,4557.75,4540,4549.25,42244
2021-07-12 15:15:00,1626083100,4549.25,4562,4545,4559,15001
2021-07-13 09:15:00,1626147900,4570.95,4589.8,4527,4585,23921
2021-07-13 10:15:00,1626151500,4586.85,4700,4585,4617.35,103996
2021-07-13 11:15:00,1626155100,4616.7,4629.4,4591.7,4599.95,25144
2021-07-13 12:15:00,1626158700,4599.95,4614,4593,4600.05,69872
2021-07-13 13:15:00,1626162300,4600.05,4608.95,4575.45,4596,24961
2021-07-13 14:15:00,1626165900,4596,4596.95,4580,4594.95,18369
2021-07-13 15:15:00,1626169500,4592,4596.25,4570,4577.6,11131
2021-07-14 09:15:00,1626234300,4609.85,4639.7,4575.5,4583.15,32679
2021-07-14 10:15:00,1626237900,4583.15,4615,4565,4604,18371
2021-07-14 11:15:00,1626241500,4604,4620,4602,4614.85,9782
2021-07-14 12:15:00,1626245100,4614.85,4617.45,4600,4610.35,7184
2021-07-14 13:15:00,1626248700,4606.85,4625,4604,4616,15221
2021-07-14 14:15:00,1626252300,4616,4620,4580.1,4584.75,38991
2021-07-14 15:15:00,1626255900,4580.1,4589.95,4551,4578,12754
2021-07-15 09:15:00,1626320700,4592,4617.75,4550,4601.75,38212
2021-07-15 10:15:00,1626324300,4601.8,4617.7,4592.1,4605.35,13374
2021-07-15 11:15:00,1626327900,4607.65,4665,4600,4646.7,36426
2021-07-15 12:15:00,1626331500,4646.9,4664,4636,4653.3,22699
2021-07-15 13:15:00,1626335100,4653.55,4670,4615,4642,59960
2021-07-15 14:15:00,1626338700,4642.9,4659.15,4634.8,4634.8,51093
2021-07-15 15:15:00,1626342300,4636.9,4647.85,4619.95,4620,10399
2021-07-16 09:15:00,1626407100,4669.95,4735,4629,4720,64646
2021-07-16 10:15:00,1626410700,4720,4720,4683.45,4687.45,23395
2021-07-16 11:15:00,1626414300,4687.9,4703,4683,4700,16678
2021-07-16 12:15:00,1626417900,4700,4701.5,4664,4672.8,17636
2021-07-16 13:15:00,1626421500,4671.5,4678.55,4645.2,4648,14876
2021-07-16 14:15:00,1626425100,4647.65,4656.05,4632.2,4645.95,18774
2021-07-16 15:15:00,1626428700,4646,4653.65,4638,4648.6,8099
2021-07-19 09:15:00,1626666300,4630,4648.95,4578.1,4613.5,25564
2021-07-19 10:15:00,1626669900,4613.05,4625,4585.05,4611,11427
2021-07-19 11:15:00,1626673500,4610.55,4614,4575.15,4581.75,36289
2021-07-19 12:15:00,1626677100,4586.1,4598,4545.05,4563.9,55432
2021-07-19 13:15:00,1626680700,4563.9,4578.55,4550,4565,20581
2021-07-19 14:15:00,1626684300,4565,4570,4530,4560,25374
2021-07-19 15:15:00,1626687900,4560.05,4576,4550.1,4576,9473
2021-07-20 09:15:00,1626752700,4580,4625,4535,4538.25,32485
2021-07-20 10:15:00,1626756300,4540.25,4550,4480.2,4488.05,26369
2021-07-20 11:15:00,1626759900,4490.6,4497,4452,4474,29284
2021-07-20 12:15:00,1626763500,4474.15,4543,4474.15,4537.5,12803
2021-07-20 13:15:00,1626767100,4540,4560,4533.05,4557.05,8507
2021-07-20 14:15:00,1626770700,4559.95,4580,4550,4571.35,27792
2021-07-20 15:15:00,1626774300,4575,4580,4555.75,4570,42047
2021-07-22 09:15:00,1626925500,4599,4638.95,4585,4593.7,22874
2021-07-22 10:15:00,1626929100,4593.7,4598.15,4540.1,4550,16569
2021-07-22 11:15:00,1626932700,4550,4563.95,4544,4553.35,12377
2021-07-22 12:15:00,1626936300,4554.7,4566.45,4548,4565,12549
2021-07-22 13:15:00,1626939900,4567.6,4573.55,4562.45,4570,27109
2021-07-22 14:15:00,1626943500,4570,4595,4555,4580.45,26396
2021-07-22 15:15:00,1626947100,4580.6,4596,4580.6,4595,7971
2021-07-23 09:15:00,1627011900,4619,4619,4542,4570,20977
2021-07-23 10:15:00,1627015500,4573.05,4573.2,4548,4557.7,8537
2021-07-23 11:15:00,1627019100,4559.3,4577.05,4557.75,4576.95,7099
2021-07-23 12:15:00,1627022700,4580,4584.95,4565.05,4572.55,30300
2021-07-23 13:15:00,1627026300,4571.1,4574.85,4535,4539.9,14143
2021-07-23 14:15:00,1627029900,4539.9,4560,4532.9,4553.55,12904
2021-07-23 15:15:00,1627033500,4553.55,4555.15,4540,4550,6669
2021-07-26 09:15:00,1627271100,4584,4584,4515.85,4540,27358
2021-07-26 10:15:00,1627274700,4542.9,4544.85,4515.5,4522,9596
2021-07-26 11:15:00,1627278300,4522,4530.9,4516,4524.65,7283
2021-07-26 12:15:00,1627281900,4526.6,4544,4516,4540,14965
2021-07-26 13:15:00,1627285500,4540,4548,4537.55,4542.75,5487
2021-07-26 14:15:00,1627289100,4542.75,4542.8,4520,4530,10433
2021-07-26 15:15:00,1627292700,4530.2,4533,4530,4531.9,5190
2021-07-27 09:15:00,1627357500,4566.95,4596.95,4536.15,4562.15,30126
2021-07-27 10:15:00,1627361100,4562,4577.1,4557.25,4564.85,38362
2021-07-27 11:15:00,1627364700,4567.3,4567.3,4545.65,4556.05,8025
2021-07-27 12:15:00,1627368300,4556.05,4557.65,4521,4529.05,9678
2021-07-27 13:15:00,1627371900,4529,4532.15,4410,4433.45,27077
2021-07-27 14:15:00,1627375500,4442.35,4615,4440.3,4507,199785
2021-07-27 15:15:00,1627379100,4510.05,4525,4497,4500,19165
2021-07-28 09:15:00,1627443900,4450,4479.9,4351,4403.7,117594
2021-07-28 10:15:00,1627447500,4400.5,4403.9,4373.3,4400,32218
2021-07-28 11:15:00,1627451100,4400,4402,4372,4384.95,19569
2021-07-28 12:15:00,1627454700,4384.95,4402.55,4375.1,4390.2,39203
2021-07-28 13:15:00,1627458300,4390,4425,4390,4410.15,53929
2021-07-28 14:15:00,1627461900,4410.15,4429,4400,4401.85,23674
2021-07-28 15:15:00,1627465500,4401.8,4424.75,4401,4421,18175
2021-07-29 09:15:00,1627530300,4428,4448.1,4355,4361.15,32789
2021-07-29 10:15:00,1627533900,4361.05,4364.75,4327.3,4329.6,32873
2021-07-29 11:15:00,1627537500,4329.6,4343.3,4291.75,4299.9,39002
2021-07-29 12:15:00,1627541100,4300,4306,4270,4282.25,33156
2021-07-29 13:15:00,1627544700,4282.15,4305.4,4271,4272,37891
2021-07-29 14:15:00,1627548300,4278.15,4282.15,4240,4242.95,57019
2021-07-29 15:15:00,1627551900,4242.95,4252,4205,4242.95,36193
2021-07-30 09:15:00,1627616700,4229.9,4324.4,4212.7,4285,45007
2021-07-30 10:15:00,1627620300,4285,4292,4229.7,4245.25,29512
2021-07-30 11:15:00,1627623900,4245.25,4258.2,4230.35,4239.5,21069
2021-07-30 12:15:00,1627627500,4239.5,4307.75,4230,4263.3,81412
2021-07-30 13:15:00,1627631100,4263.3,4289.8,4261,4285.85,48583
2021-07-30 14:15:00,1627634700,4285.85,4307,4280,4300.3,35669
2021-07-30 15:15:00,1627638300,4300.4,4326.8,4297.35,4309,21648
2021-08-02 09:15:00,1627875900,4322,4341.45,4304.6,4326.25,38492
2021-08-02 10:15:00,1627879500,4328,4344.7,4318,4321.45,25048
2021-08-02 11:15:00,1627883100,4321.45,4335,4313,4319.8,15960
2021-08-02 12:15:00,1627886700,4319.8,4339,4319,4320,18493
2021-08-02 13:15:00,1627890300,4320,4325,4318.05,4319.05,11702
2021-08-02 14:15:00,1627893900,4319.05,4346,4317,4346,22695
2021-08-02 15:15:00,1627897500,4347.8,4367.2,4331.1,4356,21242
2021-08-03 09:15:00,1627962300,4369.85,4369.85,4324,4328,19560
2021-08-03 10:15:00,1627965900,4328,4333.7,4307.05,4317,11929
2021-08-03 11:15:00,1627969500,4317,4324.85,4310,4315.4,7045
2021-08-03 12:15:00,1627973100,4314.6,4320,4301.4,4311.95,17782
2021-08-03 13:15:00,1627976700,4308.6,4311.95,4271,4277.1,25160
2021-08-03 14:15:00,1627980300,4279.4,4285.7,4270,4276.3,31881
2021-08-03 15:15:00,1627983900,4276.3,4278.15,4261.05,4270,18813
2021-08-04 09:15:00,1628048700,4289.75,4343,4272.65,4285.55,41325
2021-08-04 10:15:00,1628052300,4285.55,4289,4250.5,4255,20307
2021-08-04 11:15:00,1628055900,4255,4271.95,4245,4246.95,14225
2021-08-04 12:15:00,1628059500,4246.95,4250,4233,4240.5,15471
2021-08-04 13:15:00,1628063100,4240.3,4244.7,4224,4224.55,13512
2021-08-04 14:15:00,1628066700,4224.55,4255,4223,4239.65,22302
2021-08-04 15:15:00,1628070300,4239.55,4250,4230,4238,12201
2021-08-05 09:15:00,1628135100,4269,4269.9,4222,4245.95,20674
2021-08-05 10:15:00,1628138700,4245.95,4258.65,4240,4245.2,7672
2021-08-05 11:15:00,1628142300,4243,4249.7,4220.2,4231.95,16688
2021-08-05 12:15:00,1628145900,4231.95,4349,4230.1,4339.95,51331
2021-08-05 13:15:00,1628149500,4339.35,4348.9,4319,4344.1,33383
2021-08-05 14:15:00,1628153100,4344.45,4344.5,4300.8,4311,25135
2021-08-05 15:15:00,1628156700,4311,4317.5,4302,4310,7867
2021-08-06 09:15:00,1628221500,4313.1,4334.2,4273.9,4295.7,19238
2021-08-06 10:15:00,1628225100,4295.7,4295.7,4265,4267.5,9651
2021-08-06 11:15:00,1628228700,4267.5,4277.4,4261,4270.05,7916
2021-08-06 12:15:00,1628232300,4270,4284.75,4265,4281.95,12096
2021-08-06 13:15:00,1628235900,4281.95,4285.95,4267.3,4280,7243
2021-08-06 14:15:00,1628239500,4280,4298,4279.25,4291.25,14361
2021-08-06 15:15:00,1628243100,4290.1,4291.35,4280,4280,7637
2021-08-09 09:15:00,1628480700,4300,4340,4287.9,4324,26420
2021-08-09 10:15:00,1628484300,4324,4335,4318,4335,10312
2021-08-09 11:15:00,1628487900,4335,4345,4305.6,4332.9,19856
2021-08-09 12:15:00,1628491500,4332.9,4335,4301.05,4309.95,14347
2021-08-09 13:15:00,1628495100,4311,4318,4286,4299.95,15222
2021-08-09 14:15:00,1628498700,4297.25,4299.7,4277.35,4287.35,23053
2021-08-09 15:15:00,1628502300,4286.05,4289.4,4263.9,4280,10646
2021-08-10 09:15:00,1628567100,4302,4418,4302,4339.9,108740
2021-08-10 10:15:00,1628570700,4339.9,4339.9,4306.55,4325.75,23535
2021-08-10 11:15:00,1628574300,4323,4325.9,4305,4318.4,9513
2021-08-10 12:15:00,1628577900,4315.5,4318.45,4272,4295,18123
2021-08-10 13:15:00,1628581500,4295,4304.05,4251.1,4252.05,15509
2021-08-10 14:15:00,1628585100,4253.95,4308,4250,4285,51568
2021-08-10 15:15:00,1628588700,4285,4300.1,4270,4275,18326
2021-08-11 09:15:00,1628653500,4290,4317.9,4116.1,4151.6,69125
2021-08-11 10:15:00,1628657100,4151.6,4200,4151,4199.75,21389
2021-08-11 11:15:00,1628660700,4199.2,4199.2,4160.35,4167.95,13254
2021-08-11 12:15:00,1628664300,4167.95,4220,4156.05,4200,21178
2021-08-11 13:15:00,1628667900,4200,4205,4193,4200,9537
2021-08-11 14:15:00,1628671500,4200,4202,4193.05,4199.4,18251
2021-08-11 15:15:00,1628675100,4199.9,4206,4190,4206,14319
2021-08-12 09:15:00,1628739900,4209.65,4238.95,4156.15,4174.25,29973
2021-08-12 10:15:00,1628743500,4174.25,4203.65,4166.1,4188.55,25191
2021-08-12 11:15:00,1628747100,4188.55,4209,4173.15,4173.15,29207
2021-08-12 12:15:00,1628750700,4173,4196.75,4173,4193.55,13674
2021-08-12 13:15:00,1628754300,4193.5,4200,4176,4190.5,24342
2021-08-12 14:15:00,1628757900,4190.5,4221.5,4190.5,4200,43850
2021-08-12 15:15:00,1628761500,4199.65,4200,4185,4196,6786
2021-08-13 09:15:00,1628826300,4217.95,4232.85,4171,4183.4,22786
2021-08-13 10:15:00,1628829900,4183.4,4190,4182.1,4188.95,5783
2021-08-13 11:15:00,1628833500,4188.95,4205,4183.55,4190,68859
2021-08-13 12:15:00,1628837100,4190,4194.1,4173,4179.8,17709
2021-08-13 13:15:00,1628840700,4179.8,4196,4170,4192,9576
2021-08-13 14:15:00,1628844300,4192,4227.15,4184,4218.95,15390
2021-08-13 15:15:00,1628847900,4217.55,4220.95,4196.05,4197.05,7215
2021-08-16 09:15:00,1629085500,4203,4207,4160.85,4175.6,22231
2021-08-16 10:15:00,1629089100,4178.75,4183,4165,4169.75,11947
2021-08-16 11:15:00,1629092700,4169.75,4173,4162,4169.05,8030
2021-08-16 12:15:00,1629096300,4171.85,4171.95,4155,4158,10179
2021-08-16 13:15:00,1629099900,4158,4166.8,4156.15,4161.2,9803
2021-08-16 14:15:00,1629103500,4161.2,4172,4150,4157.65,19911
2021-08-16 15:15:00,1629107100,4157.75,4159.85,4150,4155,10078
2021-08-17 09:15:00,1629171900,4157,4162,4071.1,4099.95,58131
2021-08-17 10:15:00,1629175500,4099.95,4186.55,4071,4119,73559
2021-08-17 11:15:00,1629179100,4119,4120,4075.9,4092.15,33044
2021-08-17 12:15:00,1629182700,4092.15,4098.35,4075.6,4082.05,26396
2021-08-17 13:15:00,1629186300,4082,4095,4082,4093.1,15824
2021-08-17 14:15:00,1629189900,4093.1,4108.75,4093.1,4100,44884
2021-08-17 15:15:00,1629193500,4100,4102,4094.95,4097,9949
2021-08-18 09:15:00,1629258300,4126,4140,4070,4075.65,43535
2021-08-18 10:15:00,1629261900,4077.7,4084.95,4073,4075.8,18815
2021-08-18 11:15:00,1629265500,4075.8,4092,4074.3,4089,14427
2021-08-18 12:15:00,1629269100,4089,4098.55,4080.4,4098.55,16769
2021-08-18 13:15:00,1629272700,4098.55,4118,4091,4101,31301
2021-08-18 14:15:00,1629276300,4103.7,4109.5,4075,4100,32991
2021-08-18 15:15:00,1629279900,4100.55,4104.95,4085.65,4100,14257
2021-08-20 09:15:00,1629431100,4071,4081.95,4024,4048.7,76391
2021-08-20 10:15:00,1629434700,4048.7,4052,4033,4037.95,25267
2021-08-20 11:15:00,1629438300,4037.1,4050,4033.05,4040.45,22223
2021-08-20 12:15:00,1629441900,4042.55,4049,4024,4025,25550
2021-08-20 13:15:00,1629445500,4025,4029.8,4000,4012,31359
2021-08-20 14:15:00,1629449100,4012.1,4055,4011,4050.9,40398
2021-08-20 15:15:00,1629452700,4049,4052,4028,4032,12079
2021-08-23 09:15:00,1629690300,4043.3,4096.3,3952,3955.35,45092
2021-08-23 10:15:00,1629693900,3953.2,3957.95,3902,3916,53191
2021-08-23 11:15:00,1629697500,3915.65,3923.35,3904.35,3916.6,36943
2021-08-23 12:15:00,1629701100,3913.25,3919.95,3901.9,3903.05,23754
2021-08-23 13:15:00,1629704700,3903.05,3914,3900.2,3905.3,22766
2021-08-23 14:15:00,1629708300,3905,3925,3901,3915.5,57505
2021-08-23 15:15:00,1629711900,3915.05,3917,3900,3903.95,18816
2021-08-24 09:15:00,1629776700,3890,3890,3760,3846.9,146900
2021-08-24 10:15:00,1629780300,3850,3859.95,3807.05,3813,36147
2021-08-24 11:15:00,1629783900,3814,3818.05,3790,3798.95,61824
2021-08-24 12:15:00,1629787500,3798.95,3800,3770,3779.25,48061
2021-08-24 13:15:00,1629791100,3779.25,3820,3779.15,3792,61389
2021-08-24 14:15:00,1629794700,3792,3818.8,3779,3812.9,65179
2021-08-24 15:15:00,1629798300,3812.9,3853,3812,3840.25,25457
2021-08-25 09:15:00,1629863100,3850,3985,3846,3941.85,109891
2021-08-25 10:15:00,1629866700,3940,3944.45,3910.4,3924.95,32296
2021-08-25 11:15:00,1629870300,3925,3954.6,3892,3897.05,39342
2021-08-25 12:15:00,1629873900,3899.4,3927.95,3883,3901,21005
2021-08-25 13:15:00,1629877500,3901,3907.15,3856.55,3874.4,26907
2021-08-25 14:15:00,1629881100,3874.4,3879.95,3804,3812,56490
2021-08-25 15:15:00,1629884700,3812,3851.6,3810,3842,25304
2021-08-26 09:15:00,1629949500,3871,3901.1,3842.2,3866,39996
2021-08-26 10:15:00,1629953100,3865.1,3874,3841.45,3870.25,19392
2021-08-26 11:15:00,1629956700,3868.8,3899,3868.8,3890.25,37172
2021-08-26 12:15:00,1629960300,3890.25,3944.7,3888.15,3898.9,46354
2021-08-26 13:15:00,1629963900,3899.95,3940,3894.7,3926,61536
2021-08-26 14:15:00,1629967500,3926,4088,3924.25,4051,289788
2021-08-26 15:15:00,1629971100,4050,4056,4031,4056,35392
2021-08-27 09:15:00,1630035900,4065,4146.95,4014,4072.2,181142
2021-08-27 10:15:00,1630039500,4070.95,4087,4035.95,4056.8,37371
2021-08-27 11:15:00,1630043100,4056.8,4070.05,4008.75,4058.95,59264
2021-08-27 12:15:00,1630046700,4058.95,4060,4051.4,4055.95,16040
2021-08-27 13:15:00,1630050300,4055.95,4065,4038.55,4049.35,24916
2021-08-27 14:15:00,1630053900,4051.6,4065,4033.05,4039.95,43093
2021-08-27 15:15:00,1630057500,4039.95,4065,4033,4050,37453
2021-08-30 09:15:00,1630295100,4080,4104.8,4001.1,4053.95,55909
2021-08-30 10:15:00,1630298700,4053.95,4145.95,4053.95,4133.85,76579
2021-08-30 11:15:00,1630302300,4132.55,4185,4125.75,4167,71132
2021-08-30 12:15:00,1630305900,4168.5,4175,4133.6,4152.55,31935
2021-08-30 13:15:00,1630309500,4152.55,4158.5,4120,4122.5,26541
2021-08-30 14:15:00,1630313100,4122.5,4129.2,4100,4118.45,27947
2021-08-30 15:15:00,1630316700,4118.45,4122,4109,4122,22660
2021-08-31 09:15:00,1630381500,4148,4162.85,4105.05,4139.5,50141
2021-08-31 10:15:00,1630385100,4139.5,4157,4112.5,4125.05,27638
2021-08-31 11:15:00,1630388700,4125.25,4146.25,4117,4142,16281
2021-08-31 12:15:00,1630392300,4142,4222.9,4140.6,4162.2,63263
2021-08-31 13:15:00,1630395900,4162.2,4184,4134.4,4164.35,36986
2021-08-31 14:15:00,1630399500,4164.35,4172,4159.5,4160,28335
2021-08-31 15:15:00,1630403100,4160,4161.9,4160,4161,18229
2021-09-01 09:15:00,1630467900,4160.4,4197.85,4132.5,4149.5,40987
2021-09-01 10:15:00,1630471500,4146.95,4190,4135.35,4146.15,28303
2021-09-01 11:15:00,1630475100,4146.25,4158,4135.15,4147,61791
2021-09-01 12:15:00,1630478700,4147,4149.3,4138.1,4144.6,29427
2021-09-01 13:15:00,1630482300,4147.65,4158.9,4144.5,4149.8,15831
2021-09-01 14:15:00,1630485900,4149.8,4153.75,4142.15,4144.8,26976
2021-09-01 15:15:00,1630489500,4144.8,4145,4135,4138,15707
2021-09-02 09:15:00,1630554300,4141,4217.1,4140.95,4156.95,95716
2021-09-02 10:15:00,1630557900,4156.95,4190.6,4149,4182.7,73709
2021-09-02 11:15:00,1630561500,4182.7,4279,4175,4258.2,155177
2021-09-02 12:15:00,1630565100,4258.2,4315,4252.8,4266.65,112179
2021-09-02 13:15:00,1630568700,4266.65,4300,4235.1,4295,51523
2021-09-02 14:15:00,1630572300,4295,4330,4276.15,4300,112398
2021-09-02 15:15:00,1630575900,4300,4300,4285,4300,29354
2021-09-03 09:15:00,1630640700,4312,4337.2,4242.25,4304,95881
2021-09-03 10:15:00,1630644300,4304,4325,4257.8,4257.8,54655
2021-09-03 11:15:00,1630647900,4254.25,4270,4230,4236,53763
2021-09-03 12:15:00,1630651500,4236,4257,4233.95,4239.35,24422
2021-09-03 13:15:00,1630655100,4239.35,4249.75,4221.4,4231.45,25066
2021-09-03 14:15:00,1630658700,4231.45,4246,4223.45,4243.05,30846
2021-09-03 15:15:00,1630662300,4243.05,4246.25,4235,4240,26055
2021-09-06 09:15:00,1630899900,4250,4290,4240.1,4278.7,49458
2021-09-06 10:15:00,1630903500,4278.7,4310,4265.25,4270.2,44185
2021-09-06 11:15:00,1630907100,4270.2,4275,4250,4274,30229
2021-09-06 12:15:00,1630910700,4274.85,4289,4267.75,4285.2,14595
2021-09-06 13:15:00,1630914300,4287,4298.3,4268.35,4285,30424
2021-09-06 14:15:00,1630917900,4286.9,4290,4271.35,4286,27875
2021-09-06 15:15:00,1630921500,4286.9,4299.25,4277,4282,27414
2021-09-07 09:15:00,1630986300,4250.55,4290,4207.75,4219,46046
2021-09-07 10:15:00,1630989900,4219,4235,4200.6,4230.5,23724
2021-09-07 11:15:00,1630993500,4230.5,4244.65,4229.1,4232.9,12479
2021-09-07 12:15:00,1630997100,4232.9,4259.8,4230.1,4257.1,18832
2021-09-07 13:15:00,1631000700,4257.1,4348,4245.15,4314.1,117808
2021-09-07 14:15:00,1631004300,4317,4330.9,4292.05,4330.1,83972
2021-09-07 15:15:00,1631007900,4330.9,4333,4327.6,4330.05,33006
2021-09-08 09:15:00,1631072700,4349.7,4365,4274.05,4339.7,91853
2021-09-08 10:15:00,1631076300,4340,4388,4333,4377.5,69287
2021-09-08 11:15:00,1631079900,4376.1,4399.9,4321,4336,91119
2021-09-08 12:15:00,1631083500,4335.95,4354.45,4283.15,4305.7,55951
2021-09-08 13:15:00,1631087100,4305.7,4329.9,4300,4321.95,20485
2021-09-08 14:15:00,1631090700,4320.1,4338.25,4303.95,4320.3,28941
2021-09-08 15:15:00,1631094300,4320.2,4324,4296.7,4308,19604
2021-09-09 09:15:00,1631159100,4308,4336,4292,4309.45,26720
2021-09-09 10:15:00,1631162700,4309.45,4354.85,4309.45,4350.15,42488
2021-09-09 11:15:00,1631166300,4350,4367.3,4349.6,4350.15,21965
2021-09-09 12:15:00,1631169900,4350.15,4351,4330.75,4350,20497
2021-09-09 13:15:00,1631173500,4349.95,4353.6,4343,4348.95,12701
2021-09-09 14:15:00,1631177100,4348.95,4350.35,4306,4315.75,28889
2021-09-09 15:15:00,1631180700,4315.75,4321,4309.9,4317.8,13283
2021-09-13 09:15:00,1631504700,4315,4315,4251.05,4276.9,40581
2021-09-13 10:15:00,1631508300,4276.9,4299,4266.7,4296.4,20321
2021-09-13 11:15:00,1631511900,4297,4337.7,4296.05,4326,24092
2021-09-13 12:15:00,1631515500,4328,4336.4,4311.05,4315.05,16196
2021-09-13 13:15:00,1631519100,4315.05,4346.85,4300.1,4321.35,43178
2021-09-13 14:15:00,1631522700,4321.35,4324.25,4301,4303.65,36577
2021-09-13 15:15:00,1631526300,4301.75,4312.45,4300,4304.05,17948
2021-09-14 09:15:00,1631591100,4324.4,4335,4310,4321.1,32492
2021-09-14 10:15:00,1631594700,4321.1,4336.35,4271.55,4288.95,30224
2021-09-14 11:15:00,1631598300,4275.5,4315.5,4272.25,4296.3,25462
2021-09-14 12:15:00,1631601900,4296.3,4307.85,4263.05,4287,33359
2021-09-14 13:15:00,1631605500,4287,4304.3,4287,4302,27976
2021-09-14 14:15:00,1631609100,4302,4306.8,4295.15,4297.3,20134
2021-09-14 15:15:00,1631612700,4297.3,4297.3,4277,4289.95,15422
2021-09-15 09:15:00,1631677500,4270,4274.95,4222,4253.85,50878
2021-09-15 10:15:00,1631681100,4253.85,4288,4248.5,4269.3,37395
2021-09-15 11:15:00,1631684700,4269.3,4273.7,4260.2,4267.55,12383
2021-09-15 12:15:00,1631688300,4267.55,4278,4260.8,4268,20042
2021-09-15 13:15:00,1631691900,4266.7,4282,4266.1,4274.95,25615
2021-09-15 14:15:00,1631695500,4274.9,4277,4264,4271,41969
2021-09-15 15:15:00,1631699100,4269.1,4279.7,4258,4260.25,25134
2021-09-16 09:15:00,1631763900,4255,4290,4255,4270,38589
2021-09-16 10:15:00,1631767500,4270,4276.3,4253,4254.05,25073
2021-09-16 11:15:00,1631771100,4254.5,4260,4252.1,4259.65,18302
2021-09-16 12:15:00,1631774700,4259.65,4260.85,4240,4256.45,18758
2021-09-16 13:15:00,1631778300,4256.45,4257.45,4241,4245.25,20928
2021-09-16 14:15:00,1631781900,4245.25,4262.5,4232,4252.05,60458
2021-09-16 15:15:00,1631785500,4252.05,4252.85,4235.35,4240,12010
2021-09-17 09:15:00,1631850300,4261,4320.2,4235.05,4289,107684
2021-09-17 10:15:00,1631853900,4289,4318.85,4283.05,4288.1,54273
2021-09-17 11:15:00,1631857500,4288.1,4290.6,4150.8,4201.9,62049
2021-09-17 12:15:00,1631861100,4202,4264.25,4202,4260.05,32911
2021-09-17 13:15:00,1631864700,4260.05,4284.95,4260.05,4268.5,25286
2021-09-17 14:15:00,1631868300,4268.15,4293.95,4225,4269.4,89518
2021-09-17 15:15:00,1631871900,4269.4,4269.8,4210,4220,39046
2021-09-20 09:15:00,1632109500,4220,4253.25,4200,4248,41394
2021-09-20 10:15:00,1632113100,4248,4250.85,4240.75,4246.4,14872
2021-09-20 11:15:00,1632116700,4246.25,4247.6,4220,4220.7,15342
2021-09-20 12:15:00,1632120300,4222.4,4229.45,4216.45,4225,12303
2021-09-20 13:15:00,1632123900,4225,4246.85,4222,4232.5,24688
2021-09-20 14:15:00,1632127500,4232.45,4232.8,4150,4170.15,79148
2021-09-20 15:15:00,1632131100,4171.8,4181.95,4118,4120,22265
2021-09-21 09:15:00,1632195900,4150.55,4154.85,3992.65,4030.25,136743
2021-09-21 10:15:00,1632199500,4030.25,4074.8,4000.5,4044.45,55102
2021-09-21 11:15:00,1632203100,4044.45,4075,4028.35,4050.15,26634
2021-09-21 12:15:00,1632206700,4050.15,4070.25,4050,4066,18972
2021-09-21 13:15:00,1632210300,4069.25,4103,4066.05,4095,31962
2021-09-21 14:15:00,1632213900,4095.9,4123.45,4095,4106.55,33486
2021-09-21 15:15:00,1632217500,4106.55,4115,4098.65,4114,16160
2021-09-22 09:15:00,1632282300,4051.1,4149.1,4025.65,4095.2,86363
2021-09-22 10:15:00,1632285900,4095.2,4106.9,4076.35,4103.3,25684
2021-09-22 11:15:00,1632289500,4103.3,4137.75,4097.9,4112.55,22123
2021-09-22 12:15:00,1632293100,4112.55,4127,4111,4126,17158
2021-09-22 13:15:00,1632296700,4126,4161.95,4126,4135.1,29845
2021-09-22 14:15:00,1632300300,4135.1,4139.8,4125,4136.85,30626
2021-09-22 15:15:00,1632303900,4136.85,4200.25,4132.95,4190,43505
2021-09-23 09:15:00,1632368700,4222,4339,4211.05,4311.5,239869
2021-09-23 10:15:00,1632372300,4311.5,4329.65,4291.35,4329,59757
2021-09-23 11:15:00,1632375900,4328.8,4353.85,4317.7,4338.2,89704
2021-09-23 12:15:00,1632379500,4338.2,4460,4335.75,4406.5,354046
2021-09-23 13:15:00,1632383100,4403.7,4440,4370,4431.35,197623
2021-09-23 14:15:00,1632386700,4433.65,4439.7,4381.3,4405.05,148308
2021-09-23 15:15:00,1632390300,4405.2,4413.85,4376.05,4390,51204
2021-09-24 09:15:00,1632455100,4434,4479.85,4351.55,4373.7,212120
2021-09-24 10:15:00,1632458700,4373.7,4425,4371.7,4404,51288
2021-09-24 11:15:00,1632462300,4404,4408,4378.5,4404.8,50802
2021-09-24 12:15:00,1632465900,4404.8,4422,4371.3,4409,65661
2021-09-24 13:15:00,1632469500,4409,4412,4356.25,4381,50121
2021-09-24 14:15:00,1632473100,4381,4398.85,4378.35,4386.95,38489
2021-09-24 15:15:00,1632476700,4386.95,4397.15,4355,4375,48608
2021-09-27 09:15:00,1632714300,4387,4423.25,4306,4390,128462
2021-09-27 10:15:00,1632717900,4392.7,4449,4365,4419.95,101161
2021-09-27 11:15:00,1632721500,4419.95,4520,4417,4493.75,197269
2021-09-27 12:15:00,1632725100,4494.45,4510.95,4475.05,4484,60541
2021-09-27 13:15:00,1632728700,4484,4485.8,4425,4465.35,48914
2021-09-27 14:15:00,1632732300,4465.35,4500,4446.9,4493.25,54375
2021-09-27 15:15:00,1632735900,4491.7,4499.95,4480,4481.85,28204
2021-09-28 09:15:00,1632800700,4518,4565,4512,4529.35,127647
2021-09-28 10:15:00,1632804300,4529.35,4532,4451.25,4481.45,58726
2021-09-28 11:15:00,1632807900,4484.1,4511.95,4453.45,4468.35,47166
2021-09-28 12:15:00,1632811500,4468.35,4471.8,4435.1,4436.95,55477
2021-09-28 13:15:00,1632815100,4436.95,4465,4430,4456.55,41113
2021-09-28 14:15:00,1632818700,4456.45,4458.8,4405,4455.1,45378
2021-09-28 15:15:00,1632822300,4455.1,4470.35,4421.55,4439,24466
2021-09-29 09:15:00,1632887100,4360,4413,4325,4394.9,58811
2021-09-29 10:15:00,1632890700,4397.5,4413,4385,4390.1,13744
2021-09-29 11:15:00,1632894300,4390.1,4395,4375,4375.3,11296
2021-09-29 12:15:00,1632897900,4375.3,4394.85,4375.3,4391,12722
2021-09-29 13:15:00,1632901500,4391,4488,4391,4478.3,56408
2021-09-29 14:15:00,1632905100,4478.3,4483.95,4450,4455,38973
2021-09-29 15:15:00,1632908700,4455,4474.95,4455,4466,17728
2021-09-30 09:15:00,1632973500,4484.5,4575,4450,4514.6,94670
2021-09-30 10:15:00,1632977100,4514.6,4545,4459.95,4513.2,46262
2021-09-30 11:15:00,1632980700,4513.2,4550,4510.25,4539.5,38276
2021-09-30 12:15:00,1632984300,4539.5,4545,4491,4543,36446
2021-09-30 13:15:00,1632987900,4543,4605,4524.75,4582.6,147395
2021-09-30 14:15:00,1632991500,4582.6,4644,4555,4607.05,122763
2021-09-30 15:15:00,1632995100,4607.05,4614.7,4588.55,4605,38086
2021-10-01 09:15:00,1633059900,4579.75,4750,4545.6,4721.65,296080
2021-10-01 10:15:00,1633063500,4726.1,4847,4708.5,4843,380701
2021-10-01 11:15:00,1633067100,4843.1,4880,4792.9,4807,277281
2021-10-01 12:15:00,1633070700,4806.1,4832,4773,4829.95,92838
2021-10-01 13:15:00,1633074300,4830,4830,4790.15,4808.7,55999
2021-10-01 14:15:00,1633077900,4808.7,4841.9,4794,4819.25,103100
2021-10-01 15:15:00,1633081500,4820.95,4900,4818,4899.95,74945
2021-10-04 09:15:00,1633319100,4939.95,5072.3,4905,4997.65,433096
2021-10-04 10:15:00,1633322700,5000,5004.75,4930.95,4950,114812
2021-10-04 11:15:00,1633326300,4949.45,4950,4871.15,4902.35,103957
2021-10-04 12:15:00,1633329900,4902.35,4923.05,4882.5,4898,45346
2021-10-04 13:15:00,1633333500,4898,4909.4,4885,4894.65,36081
2021-10-04 14:15:00,1633337100,4894.65,4909.3,4836.95,4865.9,91702
2021-10-04 15:15:00,1633340700,4865.95,4874.95,4830,4856.85,44247
2021-10-05 09:15:00,1633405500,4856,4948,4824.4,4839.45,143239
2021-10-05 10:15:00,1633409100,4839.45,4842.25,4800,4807.85,47017
2021-10-05 11:15:00,1633412700,4807.85,4826.85,4805,4826,21919
2021-10-05 12:15:00,1633416300,4824.05,4834,4815,4826.7,18866
2021-10-05 13:15:00,1633419900,4826.7,4829,4811.1,4825,18369
2021-10-05 14:15:00,1633423500,4825.5,4848.8,4822.5,4825.3,41384
2021-10-05 15:15:00,1633427100,4825.35,4837.9,4824.95,4833.25,25930
2021-10-06 09:15:00,1633491900,4848,4878,4805,4806.75,48810
2021-10-06 10:15:00,1633495500,4805,4862,4755.4,4855.4,70342
2021-10-06 11:15:00,1633499100,4855.45,4967,4846,4926.5,178782
2021-10-06 12:15:00,1633502700,4925,4947.85,4865.15,4885.85,67751
2021-10-06 13:15:00,1633506300,4888.9,4916,4855.5,4863.2,53731
2021-10-06 14:15:00,1633509900,4863.2,4876,4810,4832.95,70048
2021-10-06 15:15:00,1633513500,4831.55,4832.95,4815,4820.85,22688
2021-10-07 09:15:00,1633578300,4852,4962,4852,4904.85,118794
2021-10-07 10:15:00,1633581900,4904.85,4941,4891,4936,33091
2021-10-07 11:15:00,1633585500,4937,4945,4911.15,4925.6,25600
2021-10-07 12:15:00,1633589100,4925.6,4925.6,4895,4916,21345
2021-10-07 13:15:00,1633592700,4916,4918,4892.75,4896.05,14853
2021-10-07 14:15:00,1633596300,4896.05,4903,4872.3,4880.1,25432
2021-10-07 15:15:00,1633599900,4883.9,4887.85,4835,4862.2,48150
2021-10-08 09:15:00,1633664700,4922,5000,4910,4911.55,139369
2021-10-08 10:15:00,1633668300,4914.8,4931.75,4880,4916.95,92878
2021-10-08 11:15:00,1633671900,4916.95,4934.95,4905,4920,17600
2021-10-08 12:15:00,1633675500,4921.95,4990,4914.05,4982.4,82479
2021-10-08 13:15:00,1633679100,4982.4,5144.9,4956,5129.65,314654
2021-10-08 14:15:00,1633682700,5126.1,5220,5102.2,5199.9,400093
2021-10-08 15:15:00,1633686300,5199,5352.35,5195.2,5352.35,204248
2021-10-11 09:15:00,1633923900,5400,5400,5201.15,5307,322496
2021-10-11 10:15:00,1633927500,5307,5570,5291.05,5493.15,382623
2021-10-11 11:15:00,1633931100,5495.2,5540.2,5453.3,5505,188484
2021-10-11 12:15:00,1633934700,5520,5549,5475.1,5507.1,141730
2021-10-11 13:15:00,1633938300,5508,5553,5469.95,5517,102930
2021-10-11 14:15:00,1633941900,5517,5518,5351.35,5394.2,184392
2021-10-11 15:15:00,1633945500,5391.05,5415,5366.7,5404,59655
2021-10-12 09:15:00,1634010300,5390,5524,5370.95,5468.85,196172
2021-10-12 10:15:00,1634013900,5468.85,5497.15,5430,5481.8,50241
2021-10-12 11:15:00,1634017500,5481.85,5566,5481.8,5510.4,157104
2021-10-12 12:15:00,1634021100,5505,5521,5494.45,5497.75,43339
2021-10-12 13:15:00,1634024700,5497.75,5508,5455.1,5474,85408
2021-10-12 14:15:00,1634028300,5474,5496,5443.85,5452.2,61323
2021-10-12 15:15:00,1634031900,5454.55,5480.7,5450,5470,34017
2021-10-13 09:15:00,1634096700,5504,5523.4,5438,5449.25,94190
2021-10-13 10:15:00,1634100300,5449.25,5465,5440.4,5443.95,22451
2021-10-13 11:15:00,1634103900,5444,5455,5409.05,5419.5,35893
2021-10-13 12:15:00,1634107500,5418.1,5480.1,5410.55,5447.75,39607
2021-10-13 13:15:00,1634111100,5447.75,5610,5444.1,5517.3,183077
2021-10-13 14:15:00,1634114700,5517.3,5550,5480.9,5501.8,66125
2021-10-13 15:15:00,1634118300,5501.8,5524.45,5488.5,5501,26694
2021-10-14 09:15:00,1634183100,5555.75,5625,5503.9,5601.95,141751
2021-10-14 10:15:00,1634186700,5600.45,5650,5568,5597.25,112525
2021-10-14 11:15:00,1634190300,5600,5614.45,5585,5593.85,24778
2021-10-14 12:15:00,1634193900,5593.85,5615.2,5570.35,5575.8,61838
2021-10-14 13:15:00,1634197500,5575.8,5605.45,5570,5575.05,51253
2021-10-14 14:15:00,1634201100,5576.6,5584.95,5504.4,5505.05,86917
2021-10-14 15:15:00,1634204700,5505.05,5520.15,5490,5500,36851
2021-10-18 09:15:00,1634528700,5632,5708.15,5600.5,5618,160060
2021-10-18 10:15:00,1634532300,5618,5669.85,5616.35,5665.2,42526
2021-10-18 11:15:00,1634535900,5665,5760,5650.4,5721,155041
2021-10-18 12:15:00,1634539500,5721,5810.95,5702.25,5790,135011
2021-10-18 13:15:00,1634543100,5791,5798.1,5724.25,5751.6,96399
2021-10-18 14:15:00,1634546700,5751.6,5774.45,5720.25,5761,69605
2021-10-18 15:15:00,1634550300,5762,5774.9,5751.05,5766,38732
2021-10-19 09:15:00,1634615100,5845,5847.2,5615,5675.2,199399
2021-10-19 10:15:00,1634618700,5672.6,5793.2,5642,5787.95,79808
2021-10-19 11:15:00,1634622300,5787.95,5949.9,5783.35,5930.15,177673
2021-10-19 12:15:00,1634625900,5933,6243.6,5930.1,6136.05,475700
2021-10-19 13:15:00,1634629500,6136.05,6153.2,6001.3,6001.3,159847
2021-10-19 14:15:00,1634633100,5999,6068.55,5555,5706.5,263453
2021-10-19 15:15:00,1634636700,5708,5775,5656.1,5765,64450
2021-10-20 09:15:00,1634701500,5720,5720,5160,5437.25,619206
2021-10-20 10:15:00,1634705100,5439,5444.45,5240.15,5368.05,214572
2021-10-20 11:15:00,1634708700,5375,5375,5305,5308.55,107085
2021-10-20 12:15:00,1634712300,5308.55,5360,5191.9,5223.95,151006
2021-10-20 13:15:00,1634715900,5223.95,5276.45,5150.05,5153,160963
2021-10-20 14:15:00,1634719500,5151,5264.8,4876.05,5195,282659
2021-10-20 15:15:00,1634723100,5198.1,5215.85,5175,5199.9,60187
2021-10-21 09:15:00,1634787900,5260,5375,5165.75,5234.15,203739
2021-10-21 10:15:00,1634791500,5234.15,5235,5032.55,5118.4,125750
2021-10-21 11:15:00,1634795100,5118.4,5283,5089.9,5280,109709
2021-10-21 12:15:00,1634798700,5280,5364.95,5203.2,5269.5,156235
2021-10-21 13:15:00,1634802300,5267.05,5287.25,5223.9,5246.05,59994
2021-10-21 14:15:00,1634805900,5246.2,5279.55,5218.35,5269.6,69730
2021-10-21 15:15:00,1634809500,5269.6,5319.95,5250,5314,33883
2021-10-22 09:15:00,1634874300,5340,5368,5256.75,5262,91731
2021-10-22 10:15:00,1634877900,5264.4,5264.9,5100.1,5127,97407
2021-10-22 11:15:00,1634881500,5127,5145,5072,5120.7,80202
2021-10-22 12:15:00,1634885100,5120.7,5146,5057,5126.55,52068
2021-10-22 13:15:00,1634888700,5126.55,5145,5075,5135.7,43351
2021-10-22 14:15:00,1634892300,5132.1,5194.05,5109,5133.95,51412
2021-10-22 15:15:00,1634895900,5134,5134,5050.1,5107,39859
2021-10-25 09:15:00,1635133500,5130,5156.1,4850,4895.3,201932
2021-10-25 10:15:00,1635137100,4895.4,4978.85,4879.95,4912.6,55469
2021-10-25 11:15:00,1635140700,4916.7,4945,4901.1,4905,39340
2021-10-25 12:15:00,1635144300,4905,4910,4820,4880.6,111021
2021-10-25 13:15:00,1635147900,4880.6,4923.8,4850,4863.9,43647
2021-10-25 14:15:00,1635151500,4863.9,4872.9,4830,4843.05,57543
2021-10-25 15:15:00,1635155100,4841,4846.45,4801,4810,31996
2021-10-26 09:15:00,1635219900,4832,5148.7,4735,5074.4,290696
2021-10-26 10:15:00,1635223500,5071.25,5097.6,4972.2,4980.6,71402
2021-10-26 11:15:00,1635227100,4981.15,5069.5,4965.25,4975.3,95115
2021-10-26 12:15:00,1635230700,4976.25,5027.4,4975.9,5005.65,42019
2021-10-26 13:15:00,1635234300,5005.65,5071,4992,5063.35,53024
2021-10-26 14:15:00,1635237900,5069.65,5217.75,5032,5206.75,152337
2021-10-26 15:15:00,1635241500,5206.4,5207.45,5125,5172.8,59892
2021-10-27 09:15:00,1635306300,5181.9,5258.8,5126.7,5182.65,135371
2021-10-27 10:15:00,1635309900,5182.65,5214.8,5181,5192.9,28646
2021-10-27 11:15:00,1635313500,5192.9,5199,5174.05,5187.1,26190
2021-10-27 12:15:00,1635317100,5187.1,5230,5187.1,5197,37325
2021-10-27 13:15:00,1635320700,5197,5200.15,5190.5,5199.8,20515
2021-10-27 14:15:00,1635324300,5199.8,5208,5130.25,5164.9,69824
2021-10-27 15:15:00,1635327900,5167,5167.4,5111.25,5128,18786
2021-10-28 09:15:00,1635392700,5163.9,5165,5070,5077.65,73725
2021-10-28 10:15:00,1635396300,5077.65,5099.65,5044.05,5092.5,38235
2021-10-28 11:15:00,1635399900,5092.5,5175,5090.9,5151.95,55559
2021-10-28 12:15:00,1635403500,5155.45,5276.95,5125,5221.85,75036
2021-10-28 13:15:00,1635407100,5213.7,5239.5,5149,5182,39111
2021-10-28 14:15:00,1635410700,5182.3,5187.65,5149,5170,58511
2021-10-28 15:15:00,1635414300,5172.45,5173.4,5122,5149.55,25177
2021-10-29 09:15:00,1635479100,5085,5119,4750,5078.1,172727
2021-10-29 10:15:00,1635482700,5083.85,5138.75,5070.05,5089.95,47297
2021-10-29 11:15:00,1635486300,5085.35,5127.6,5030.25,5063.4,30983
2021-10-29 12:15:00,1635489900,5063.4,5088.95,4902.6,4965,87704
2021-10-29 13:15:00,1635493500,4965,4996.55,4941.15,4981.85,40055
2021-10-29 14:15:00,1635497100,4981.85,5092.95,4928.65,4970.15,165445
2021-10-29 15:15:00,1635500700,4970.15,5000,4949.7,4975,44653
2021-11-01 09:15:00,1635738300,4993,5184.8,4990,5060.2,135643
2021-11-01 10:15:00,1635741900,5060.2,5090,5040,5052.95,26708
2021-11-01 11:15:00,1635745500,5052.95,5126.95,5052.95,5091.8,47250
2021-11-01 12:15:00,1635749100,5091.8,5110,5065,5100,24221
2021-11-01 13:15:00,1635752700,5100,5125,5092.75,5100,29594
2021-11-01 14:15:00,1635756300,5100,5335,5095,5328,253628
2021-11-01 15:15:00,1635759900,5324.05,5344.7,5315,5328.55,71962
2021-11-02 09:15:00,1635824700,5300,5461,5284.85,5393,337742
2021-11-02 10:15:00,1635828300,5393,5432.65,5375.05,5425,68014
2021-11-02 11:15:00,1635831900,5425,5460,5404.7,5450,70044
2021-11-02 12:15:00,1635835500,5450,5481.8,5418.4,5481.8,221467
2021-11-02 13:15:00,1635839100,5479.55,5499,5434.45,5460.55,105318
2021-11-02 14:15:00,1635842700,5464,5487.85,5455,5478,76185
2021-11-02 15:15:00,1635846300,5478,5530,5475.05,5503.05,72053
2021-11-03 09:15:00,1635911100,5539,5644,5516.3,5606,223130
2021-11-03 10:15:00,1635914700,5606,5606,5540,5599,83111
2021-11-03 11:15:00,1635918300,5599,5621,5561,5610.4,45931
2021-11-03 12:15:00,1635921900,5614.3,5616,5594,5601.6,41669
2021-11-03 13:15:00,1635925500,5601.95,5608.4,5580,5585,31165
2021-11-03 14:15:00,1635929100,5586.05,5588.95,5550,5564.9,64643
2021-11-03 15:15:00,1635932700,5564.9,5573.65,5532.6,5562,39976
2021-11-04 18:15:00,1636029900,5597.1,5643.3,5562.75,5580,85167
2021-11-08 09:15:00,1636343100,5610,5633.25,5478.75,5518.5,83554
2021-11-08 10:15:00,1636346700,5518.5,5539,5505,5532,22932
2021-11-08 11:15:00,1636350300,5532.5,5577.5,5528,5557,27405
2021-11-08 12:15:00,1636353900,5558.35,5565.95,5540.1,5555.9,11132
2021-11-08 13:15:00,1636357500,5555.9,5574,5550,5552.85,16072
2021-11-08 14:15:00,1636361100,5552.85,5564.85,5539,5550.05,35488
2021-11-08 15:15:00,1636364700,5550.05,5554.1,5510.05,5521,22539
2021-11-09 09:15:00,1636429500,5537,5724.45,5501.1,5663.3,166811
2021-11-09 10:15:00,1636433100,5666.1,5687.6,5612.7,5649.45,54638
2021-11-09 11:15:00,1636436700,5649.1,5688.7,5645,5679.8,31109
2021-11-09 12:15:00,1636440300,5682,5700,5663.9,5681.65,53832
2021-11-09 13:15:00,1636443900,5681.65,5685.95,5614.2,5626.45,51219
2021-11-09 14:15:00,1636447500,5629.65,5653.85,5581.3,5593.4,78996
2021-11-09 15:15:00,1636451100,5591.15,5602.6,5574.85,5589,41548
2021-11-10 09:15:00,1636515900,5600,5600,5515,5547.85,92358
2021-11-10 10:15:00,1636519500,5547.85,5552.9,5521.1,5538,25507
2021-11-10 11:15:00,1636523100,5538,5547,5490.5,5511.85,28934
2021-11-10 12:15:00,1636526700,5511.85,5533,5510,5524.75,15811
2021-11-10 13:15:00,1636530300,5524.75,5534.55,5515.05,5528.1,16943
2021-11-10 14:15:00,1636533900,5528.1,5540,5512.05,5527.55,32061
2021-11-10 15:15:00,1636537500,5527.35,5533.4,5513.9,5528,21912
2021-11-11 09:15:00,1636602300,5530,5568.7,5414.5,5424.45,87402
2021-11-11 10:15:00,1636605900,5424.45,5428,5384.15,5401.9,46629
2021-11-11 11:15:00,1636609500,5401.9,5420,5390,5394.2,22899
2021-11-11 12:15:00,1636613100,5394.2,5420,5380,5410,27917
2021-11-11 13:15:00,1636616700,5410.4,5415.25,5365,5381.2,34327
2021-11-11 14:15:00,1636620300,5381.2,5392.8,5372.3,5382.95,41100
2021-11-11 15:15:00,1636623900,5382.95,5412.35,5360.55,5400,33873
2021-11-12 09:15:00,1636688700,5435,5524,5422,5429.85,110310
2021-11-12 10:15:00,1636692300,5429.85,5447.65,5340.6,5370,79910
2021-11-12 11:15:00,1636695900,5370,5411.65,5364.8,5406.8,29096
2021-11-12 12:15:00,1636699500,5406.8,5423.95,5392,5409,18967
2021-11-12 13:15:00,1636703100,5407.05,5440,5398,5425,24337
2021-11-12 14:15:00,1636706700,5425,5432.6,5400,5401.3,37486
2021-11-12 15:15:00,1636710300,5403.9,5410,5392.8,5392.8,26177
2021-11-15 09:15:00,1636947900,5459.4,5486.8,5376,5399,58293
2021-11-15 10:15:00,1636951500,5399,5399,5372,5377,19836
2021-11-15 11:15:00,1636955100,5377,5387.15,5361,5372.5,17711
2021-11-15 12:15:00,1636958700,5372.5,5395.95,5365.25,5373.2,30989
2021-11-15 13:15:00,1636962300,5370.15,5399.05,5365.4,5379.3,16793
2021-11-15 14:15:00,1636965900,5379.3,5444.95,5372.45,5402,81900
2021-11-15 15:15:00,1636969500,5402,5427,5398.5,5409.9,28192
2021-11-16 09:15:00,1637034300,5444.6,5448.95,5361.05,5413.05,50160
2021-11-16 10:15:00,1637037900,5413.05,5418.05,5393,5400,13686
2021-11-16 11:15:00,1637041500,5400,5423.2,5391.65,5421.85,16764
2021-11-16 12:15:00,1637045100,5421.85,5597.95,5417.05,5571.25,194381
2021-11-16 13:15:00,1637048700,5571.25,5576.9,5515.35,5526.6,59434
2021-11-16 14:15:00,1637052300,5526.6,5533.2,5470.15,5470.15,50345
2021-11-16 15:15:00,1637055900,5470.1,5484,5451.05,5480,24583
2021-11-17 09:15:00,1637120700,5479.95,5511.85,5415,5455.55,54680
2021-11-17 10:15:00,1637124300,5455.55,5497.7,5441.5,5466.3,28439
2021-11-17 11:15:00,1637127900,5466.3,5478,5444.1,5464,15875
2021-11-17 12:15:00,1637131500,5464,5479.8,5448,5476.65,31496
2021-11-17 13:15:00,1637135100,5476.65,5533,5454.65,5473.1,35697
2021-11-17 14:15:00,1637138700,5473.1,5481.95,5446.45,5461,28204
2021-11-17 15:15:00,1637142300,5458.35,5459.4,5421.05,5430.15,18939
2021-11-18 09:15:00,1637207100,5439,5522.05,5230.1,5263.3,121829
2021-11-18 10:15:00,1637210700,5263.4,5414.45,5244.4,5389.9,77474
2021-11-18 11:15:00,1637214300,5389.9,5425.1,5377.4,5400.3,26806
2021-11-18 12:15:00,1637217900,5400.3,5430,5391.3,5416.2,30347
2021-11-18 13:15:00,1637221500,5412.45,5448.15,5412.45,5434.75,20720
2021-11-18 14:15:00,1637225100,5434.75,5439,5370.05,5384.75,29269
2021-11-18 15:15:00,1637228700,5380.55,5405.95,5365,5370,24042
2021-11-22 09:15:00,1637552700,5417,5417,5218.05,5250.55,197257
2021-11-22 10:15:00,1637556300,5250.55,5259.15,5098.55,5137.6,100268
2021-11-22 11:15:00,1637559900,5137.6,5161.25,5070.25,5089.95,73487
2021-11-22 12:15:00,1637563500,5089.95,5140,5001,5080,114213
2021-11-22 13:15:00,1637567100,5080,5080,5030.15,5046.25,46832
2021-11-22 14:15:00,1637570700,5048.1,5090,5000,5068.9,105360
2021-11-22 15:15:00,1637574300,5066.7,5078,5052.3,5065,36379
2021-11-23 09:15:00,1637639100,5045,5120,4940.1,5052,125807
2021-11-23 10:15:00,1637642700,5052,5098.05,5045,5059,119968
2021-11-23 11:15:00,1637646300,5059,5109.95,5059,5084.9,32163
2021-11-23 12:15:00,1637649900,5084.9,5085,5068,5082,22954
2021-11-23 13:15:00,1637653500,5082,5091.9,5055,5082.05,34786
2021-11-23 14:15:00,1637657100,5082.05,5108,5077,5092,43791
2021-11-23 15:15:00,1637660700,5092,5097.85,5053.8,5069,24779
2021-11-24 09:15:00,1637725500,5120,5147.95,5060.3,5074.7,59006
2021-11-24 10:15:00,1637729100,5074.7,5144,5068,5135,42927
2021-11-24 11:15:00,1637732700,5135,5143.9,5115.45,5122,27858
2021-11-24 12:15:00,1637736300,5122,5126,5090,5110.85,32200
2021-11-24 13:15:00,1637739900,5110.85,5113.7,5092,5094.3,16842
2021-11-24 14:15:00,1637743500,5094.3,5105.85,5051.2,5085.1,57103
2021-11-24 15:15:00,1637747100,5085,5090,5051,5070,30903
2021-11-25 09:15:00,1637811900,5125,5300,5082.05,5134.85,241558
2021-11-25 10:15:00,1637815500,5132.95,5192,5110.2,5178,53548
2021-11-25 11:15:00,1637819100,5178,5218.85,5154.45,5207.8,60813
2021-11-25 12:15:00,1637822700,5207.6,5210,5180.05,5184.85,40636
2021-11-25 13:15:00,1637826300,5184.85,5235.65,5180,5229.7,59411
2021-11-25 14:15:00,1637829900,5229.7,5239.65,5188.85,5214.3,55922
2021-11-25 15:15:00,1637833500,5214.3,5249.85,5207.55,5243.2,35461
2021-11-26 09:15:00,1637898300,5200,5209.95,5081.05,5118,109288
2021-11-26 10:15:00,1637901900,5118.55,5118.55,5007.25,5077,89725
2021-11-26 11:15:00,1637905500,5077,5124,5070.05,5117,30196
2021-11-26 12:15:00,1637909100,5117,5151,5108.7,5148.05,27612
2021-11-26 13:15:00,1637912700,5146.95,5154.9,5105.65,5127.8,43321
2021-11-26 14:15:00,1637916300,5127.8,5155.55,5057.1,5059.8,46291
2021-11-26 15:15:00,1637919900,5055,5129.6,5053,5087,35333
2021-11-29 09:15:00,1638157500,4935,5050,4831.8,5001,202571
2021-11-29 10:15:00,1638161100,5002,5036.35,4925.75,4975.65,97992
2021-11-29 11:15:00,1638164700,4976.8,5149.45,4971.85,5065.75,66639
2021-11-29 12:15:00,1638168300,5070,5145,5065,5105.2,44614
2021-11-29 13:15:00,1638171900,5105.2,5120,5083.05,5086,21920
2021-11-29 14:15:00,1638175500,5087,5087,5000.5,5001.35,46155
2021-11-29 15:15:00,1638179100,5004.35,5005,4990,5005,18135
2021-11-30 09:15:00,1638243900,5006,5134.35,5006,5126,145206
2021-11-30 10:15:00,1638247500,5126,5175,5070,5085.4,57444
2021-11-30 11:15:00,1638251100,5089.65,5099,5030,5096.9,36030
2021-11-30 12:15:00,1638254700,5093.7,5115.5,5046.95,5050,37483
2021-11-30 13:15:00,1638258300,5050,5125,5047.05,5109.95,39859
2021-11-30 14:15:00,1638261900,5109.95,5115.4,5084.05,5100,63630
2021-11-30 15:15:00,1638265500,5100.3,5122,5072,5095,51835
2021-12-01 09:15:00,1638330300,5100.5,5180.65,5100.5,5149,79778
2021-12-01 10:15:00,1638333900,5152.15,5168,5141,5150.35,20780
2021-12-01 11:15:00,1638337500,5158.95,5158.95,5132.95,5138.55,13867
2021-12-01 12:15:00,1638341100,5138.55,5148.95,5115,5123,13934
2021-12-01 13:15:00,1638344700,5119.3,5131,5100.05,5115.7,14745
2021-12-01 14:15:00,1638348300,5115.7,5121,5085,5089.55,29661
2021-12-01 15:15:00,1638351900,5090,5091.85,5051,5071,28062
2021-12-02 09:15:00,1638416700,5083,5122.95,5075.5,5082.85,41530
2021-12-02 10:15:00,1638420300,5082.55,5090.05,5052.2,5071.15,21500
2021-12-02 11:15:00,1638423900,5071.15,5081.35,5043.05,5051.3,15377
2021-12-02 12:15:00,1638427500,5051.25,5100,5040.5,5095.6,57009
2021-12-02 13:15:00,1638431100,5095.6,5098.95,5065,5070,14246
2021-12-02 14:15:00,1638434700,5070,5099.9,5061,5092.15,38982
2021-12-02 15:15:00,1638438300,5092.15,5108,5089.75,5089.85,24582
2021-12-03 09:15:00,1638503100,5125,5167.3,5100.1,5144.6,64233
2021-12-03 10:15:00,1638506700,5144.6,5176,5133.35,5176,20820
2021-12-03 11:15:00,1638510300,5177,5267.2,5177,5243,123140
2021-12-03 12:15:00,1638513900,5242.7,5254,5211.3,5227.4,43102
2021-12-03 13:15:00,1638517500,5225.75,5226.2,5180.3,5184.95,31736
2021-12-03 14:15:00,1638521100,5185.4,5190.05,5170,5180.95,54972
2021-12-03 15:15:00,1638524700,5180.95,5199.95,5168.2,5199.95,20290
2021-12-06 09:15:00,1638762300,5200,5256.3,5180,5201.2,76156
2021-12-06 10:15:00,1638765900,5201.2,5203.95,5149,5154.35,34191
2021-12-06 11:15:00,1638769500,5154.35,5160.9,5130,5148.3,30607
2021-12-06 12:15:00,1638773100,5148.3,5150,5123.25,5144.8,39205
2021-12-06 13:15:00,1638776700,5145,5149.4,5117,5130.45,22783
2021-12-06 14:15:00,1638780300,5130.45,5140,5109.5,5113.05,50040
2021-12-06 15:15:00,1638783900,5114.7,5121.6,5090.05,5107,25873
2021-12-07 09:15:00,1638848700,5150,5188.25,5114.65,5122.2,41209
2021-12-07 10:15:00,1638852300,5122.2,5153.4,5111,5129.3,22895
2021-12-07 11:15:00,1638855900,5129.05,5160,5123.4,5145.95,14943
2021-12-07 12:15:00,1638859500,5145.95,5150,5127.45,5141.05,20508
2021-12-07 13:15:00,1638863100,5141.05,5153,5140,5144,22247
2021-12-07 14:15:00,1638866700,5144.8,5234.5,5142.15,5221.95,85577
2021-12-07 15:15:00,1638870300,5221.95,5224,5208.15,5210,16584
2021-12-08 09:15:00,1638935100,5280,5389.9,5251,5338,189010
2021-12-08 10:15:00,1638938700,5338,5365,5321,5363.1,35679
2021-12-08 11:15:00,1638942300,5363.1,5399,5362.5,5386.8,62705
2021-12-08 12:15:00,1638945900,5386.8,5389.95,5365.6,5383,23217
2021-12-08 13:15:00,1638949500,5383,5393.95,5355,5372.5,24255
2021-12-08 14:15:00,1638953100,5372.5,5390,5345,5387.3,34897
2021-12-08 15:15:00,1638956700,5387.35,5387.5,5363.4,5375,27301
2021-12-09 09:15:00,1639021500,5400,5429.9,5370,5386,91097
2021-12-09 10:15:00,1639025100,5386,5403.1,5376.25,5388,13845
2021-12-09 11:15:00,1639028700,5388,5396,5379.5,5390.7,7540
2021-12-09 12:15:00,1639032300,5397.5,5414,5390.05,5408,11465
2021-12-09 13:15:00,1639035900,5408,5408.5,5379,5381.2,12926
2021-12-09 14:15:00,1639039500,5381.2,5410,5380,5386.3,21495
2021-12-09 15:15:00,1639043100,5386.3,5400,5372.55,5400,14664
2021-12-10 09:15:00,1639107900,5423,5513,5389.2,5493.5,157101
2021-12-10 10:15:00,1639111500,5495,5527,5492.15,5515.25,77525
2021-12-10 11:15:00,1639115100,5515.25,5519.05,5488.65,5518.65,31735
2021-12-10 12:15:00,1639118700,5518.65,5518.7,5494.55,5506.8,27828
2021-12-10 13:15:00,1639122300,5506.8,5519,5498.2,5504.95,24664
2021-12-10 14:15:00,1639125900,5504.95,5534.9,5500,5532,44004
2021-12-10 15:15:00,1639129500,5534.85,5573.45,5525.1,5570,71109
2021-12-13 09:15:00,1639367100,5620,5858.55,5580,5749.75,461262
2021-12-13 10:15:00,1639370700,5749.75,5787.55,5722.9,5769.05,74367
2021-12-13 11:15:00,1639374300,5769.05,5798,5730,5761.8,62198
2021-12-13 12:15:00,1639377900,5761.8,5764,5671,5705.95,75266
2021-12-13 13:15:00,1639381500,5705.95,5749.9,5700.05,5712,41210
2021-12-13 14:15:00,1639385100,5711.6,5739.95,5680.05,5707.45,67088
2021-12-13 15:15:00,1639388700,5707.45,5720.9,5701,5715.1,30533
2021-12-14 09:15:00,1639453500,5679.8,5679.8,5509.95,5524.2,128215
2021-12-14 10:15:00,1639457100,5520,5545.65,5485,5514.9,57224
2021-12-14 11:15:00,1639460700,5514.95,5574.9,5502.05,5555.1,45294
2021-12-14 12:15:00,1639464300,5555.1,5562.4,5523.7,5548.55,20618
2021-12-14 13:15:00,1639467900,5548.55,5569.75,5538,5547,19932
2021-12-14 14:15:00,1639471500,5547,5557.65,5530.05,5534.35,24690
2021-12-14 15:15:00,1639475100,5534.35,5546.65,5502,5536,29478
2021-12-15 09:15:00,1639539900,5560,5659.8,5505.95,5515.1,134094
2021-12-15 10:15:00,1639543500,5515.1,5539,5501.1,5536.3,23190
2021-12-15 11:15:00,1639547100,5536.3,5559.6,5526,5554.4,22159
2021-12-15 12:15:00,1639550700,5554.4,5573.95,5531.5,5560.65,27746
2021-12-15 13:15:00,1639554300,5560.65,5625.4,5550,5604.65,39244
2021-12-15 14:15:00,1639557900,5604.65,5616.1,5580.3,5588.8,57586
2021-12-15 15:15:00,1639561500,5588,5590,5556,5562,24037
2021-12-16 09:15:00,1639626300,5606.6,5719,5606.6,5658,158996
2021-12-16 10:15:00,1639629900,5658,5666.3,5620,5632.65,36202
2021-12-16 11:15:00,1639633500,5632.65,5637.9,5558,5598.45,46102
2021-12-16 12:15:00,1639637100,5598.45,5609.35,5520.5,5592.65,52715
2021-12-16 13:15:00,1639640700,5592.65,5603,5530.9,5562.85,29482
2021-12-16 14:15:00,1639644300,5558.2,5568.75,5522,5526.3,43246
2021-12-16 15:15:00,1639647900,5523.15,5585,5500.1,5570,44230
2021-12-17 09:15:00,1639712700,5550.2,5611.55,5421,5468,116605
2021-12-17 10:15:00,1639716300,5468,5486.8,5372.4,5423.9,50730
2021-12-17 11:15:00,1639719900,5423.9,5453.15,5411,5440,21546
2021-12-17 12:15:00,1639723500,5440,5470,5425,5456.55,18201
2021-12-17 13:15:00,1639727100,5456.55,5474.05,5440.4,5443.5,20403
2021-12-17 14:15:00,1639730700,5443.5,5454.9,5375.1,5377,43606
2021-12-17 15:15:00,1639734300,5376.1,5399.85,5358.2,5389,23835
2021-12-20 09:15:00,1639971900,5250,5274.95,5055,5133.05,91795
2021-12-20 10:15:00,1639975500,5132,5160,5087.55,5135,71545
2021-12-20 11:15:00,1639979100,5133.25,5159.9,5127.05,5135.15,41901
2021-12-20 12:15:00,1639982700,5135.15,5151,5108,5130.8,50083
2021-12-20 13:15:00,1639986300,5130.95,5198,5130,5191,49721
2021-12-20 14:15:00,1639989900,5186,5242.3,5186,5216.95,70666
2021-12-20 15:15:00,1639993500,5219.15,5248.25,5209.05,5219.95,30967
2021-12-21 09:15:00,1640058300,5318.3,5425,5250.05,5394.05,165738
2021-12-21 10:15:00,1640061900,5390.35,5448.7,5389,5428.7,69430
2021-12-21 11:15:00,1640065500,5429,5437.55,5391,5429,29427
2021-12-21 12:15:00,1640069100,5429,5444,5406.9,5422,29141
2021-12-21 13:15:00,1640072700,5422,5453,5417.15,5433.05,41262
2021-12-21 14:15:00,1640076300,5433.05,5497,5409.25,5490,102304
2021-12-21 15:15:00,1640079900,5485.75,5531.15,5480.85,5494,57919
2021-12-22 09:15:00,1640144700,5531,5620,5520,5582.1,135322
2021-12-22 10:15:00,1640148300,5582.1,5596,5533,5543,40147
2021-12-22 11:15:00,1640151900,5543,5569,5474.1,5511.95,72405
2021-12-22 12:15:00,1640155500,5511.95,5523.9,5490,5508,18172
2021-12-22 13:15:00,1640159100,5508,5520.85,5470,5493.8,28956
2021-12-22 14:15:00,1640162700,5493.8,5599.9,5331.7,5450.05,387375
2021-12-22 15:15:00,1640166300,5451.55,5457.6,5393,5412,81338
2021-12-23 09:15:00,1640231100,5362,5499.9,5342,5438,188428
2021-12-23 10:15:00,1640234700,5438,5446.35,5389.5,5402.55,64710
2021-12-23 11:15:00,1640238300,5402.55,5424.35,5372.4,5399.5,43844
2021-12-23 12:15:00,1640241900,5399.5,5400,5375.15,5381,20875
2021-12-23 13:15:00,1640245500,5381,5400,5375.05,5379.55,20522
2021-12-23 14:15:00,1640249100,5379.55,5379.55,5361,5372.95,38499
2021-12-23 15:15:00,1640252700,5372.95,5376.5,5361.1,5375,35106
2021-12-24 09:15:00,1640317500,5388,5442,5384.95,5414.8,126654
2021-12-24 10:15:00,1640321100,5414.8,5469,5397.3,5456,70623
2021-12-24 11:15:00,1640324700,5456,5465,5416.2,5451,43323
2021-12-24 12:15:00,1640328300,5451,5460,5431.05,5442.2,17562
2021-12-24 13:15:00,1640331900,5442.2,5450,5437,5443.45,16256
2021-12-24 14:15:00,1640335500,5446.75,5460,5415,5422.55,46340
2021-12-24 15:15:00,1640339100,5422,5434.95,5414.55,5423,20943
2021-12-27 09:15:00,1640576700,5423,5525,5337.1,5510,152186
2021-12-27 10:15:00,1640580300,5509.9,5518,5482.55,5501.3,42625
2021-12-27 11:15:00,1640583900,5502,5508.6,5475.2,5496.15,32328
2021-12-27 12:15:00,1640587500,5496.1,5504.6,5490,5497.95,12202
2021-12-27 13:15:00,1640591100,5497.95,5500,5488.75,5492.5,12607
2021-12-27 14:15:00,1640594700,5492.5,5641.05,5477.7,5628.4,171021
2021-12-27 15:15:00,1640598300,5630,5660,5625,5633.1,76441
2021-12-28 09:15:00,1640663100,5706.4,5726,5630.4,5666.15,189874
2021-12-28 10:15:00,1640666700,5666.15,5696,5635,5678.45,49101
2021-12-28 11:15:00,1640670300,5678.45,5685,5576.25,5612.35,88375
2021-12-28 12:15:00,1640673900,5612.35,5630,5591.1,5616.15,46962
2021-12-28 13:15:00,1640677500,5618.65,5654.3,5611.95,5641,35985
2021-12-28 14:15:00,1640681100,5641,5646,5583.75,5595,63475
2021-12-28 15:15:00,1640684700,5597,5605.95,5586.05,5591.9,33220
2021-12-29 09:15:00,1640749500,5578,5632.65,5555,5596,67196
2021-12-29 10:15:00,1640753100,5596,5614.9,5580,5588.25,28181
2021-12-29 11:15:00,1640756700,5588.25,5603.75,5585,5591.3,9083
2021-12-29 12:15:00,1640760300,5591.3,5591.3,5576.55,5586.55,11327
2021-12-29 13:15:00,1640763900,5586.55,5608.9,5581.65,5590,17280
2021-12-29 14:15:00,1640767500,5590,5595.75,5550,5553.1,28969
2021-12-29 15:15:00,1640771100,5552.2,5559,5540,5543.05,20078
2021-12-30 09:15:00,1640835900,5543.5,5561.9,5523,5548,45956
2021-12-30 10:15:00,1640839500,5548,5569.9,5540.65,5547.65,20623
2021-12-30 11:15:00,1640843100,5547.65,5549.9,5512.65,5531.7,21346
2021-12-30 12:15:00,1640846700,5531.7,5562,5525.1,5558.95,14160
2021-12-30 13:15:00,1640850300,5558.95,5559,5531.05,5534.8,11165
2021-12-30 14:15:00,1640853900,5534.8,5560,5500,5559,42067
2021-12-30 15:15:00,1640857500,5560.45,5584.55,5533.35,5553.8,31999
2021-12-31 09:15:00,1640922300,5575,5600,5530.05,5539.05,48673
2021-12-31 10:15:00,1640925900,5539.05,5544.1,5511.05,5523.35,24377
2021-12-31 11:15:00,1640929500,5521,5529.45,5502.55,5510.9,23507
2021-12-31 12:15:00,1640933100,5510.9,5565,5510.4,5565,41829
2021-12-31 13:15:00,1640936700,5565,5565,5509.45,5511.95,24581
2021-12-31 14:15:00,1640940300,5509.25,5527,5509.2,5511,28034
2021-12-31 15:15:00,1640943900,5514.95,5515.55,5491.15,5507.9,28691
2022-01-03 09:15:00,1641181500,5526,5573.1,5510.25,5521.85,50930
2022-01-03 10:15:00,1641185100,5520.9,5545.45,5520.9,5535,20124
2022-01-03 11:15:00,1641188700,5536.85,5544.75,5523.15,5525.1,13731
2022-01-03 12:15:00,1641192300,5525.1,5530.85,5515,5519.5,17683
2022-01-03 13:15:00,1641195900,5519.5,5535,5512.1,5513.1,18093
2022-01-03 14:15:00,1641199500,5513.1,5532.7,5511.1,5512.6,21453
2022-01-03 15:15:00,1641203100,5511.55,5531,5505,5531,18306
2022-01-04 09:15:00,1641267900,5540,5554.7,5442.2,5472.5,67304
2022-01-04 10:15:00,1641271500,5472.5,5499.65,5470,5489.8,18265
2022-01-04 11:15:00,1641275100,5489.8,5492.35,5465.45,5473.9,11379
2022-01-04 12:15:00,1641278700,5473.9,5478.95,5466,5472.1,6259
2022-01-04 13:15:00,1641282300,5472.1,5475,5446.85,5466.45,15225
2022-01-04 14:15:00,1641285900,5466.45,5490.8,5465,5480.4,21751
2022-01-04 15:15:00,1641289500,5480.4,5486.55,5473.55,5477,16877
2022-01-05 09:15:00,1641354300,5479,5479,5390.45,5404.7,65938
2022-01-05 10:15:00,1641357900,5404.7,5409.9,5390,5396,22873
2022-01-05 11:15:00,1641361500,5397.3,5400,5320,5350,86248
2022-01-05 12:15:00,1641365100,5350,5375,5335.3,5365.4,34180
2022-01-05 13:15:00,1641368700,5365,5375,5331.05,5335.1,37815
2022-01-05 14:15:00,1641372300,5331.35,5338.95,5310,5310.2,70012
2022-01-05 15:15:00,1641375900,5310.1,5324.25,5300,5324,39071
2022-01-06 09:15:00,1641440700,5300,5319.9,5220,5292,116472
2022-01-06 10:15:00,1641444300,5292,5347,5287.05,5321.15,45394
2022-01-06 11:15:00,1641447900,5317,5347.8,5312.05,5319,22966
2022-01-06 12:15:00,1641451500,5319,5329.9,5290.45,5328,19083
2022-01-06 13:15:00,1641455100,5326.9,5343.9,5320.1,5331.1,25568
2022-01-06 14:15:00,1641458700,5331.1,5341.55,5324.05,5337.2,26698
2022-01-06 15:15:00,1641462300,5339.95,5347.65,5330.1,5338.95,18976
2022-01-07 09:15:00,1641527100,5390.85,5392.95,5290.65,5305.25,77160
2022-01-07 10:15:00,1641530700,5303.9,5317.4,5290,5290.05,30058
2022-01-07 11:15:00,1641534300,5292,5301,5281,5296.5,23201
2022-01-07 12:15:00,1641537900,5296.5,5309.35,5280,5300.1,21582
2022-01-07 13:15:00,1641541500,5300.1,5317.65,5292.15,5292.15,15225
2022-01-07 14:15:00,1641545100,5292.15,5312,5290,5298.3,35303
2022-01-07 15:15:00,1641548700,5298.3,5300,5286.3,5288,23879
2022-01-10 09:15:00,1641786300,5322,5356.95,5281,5316.4,50462
2022-01-10 10:15:00,1641789900,5316.4,5345.1,5312.35,5342,32908
2022-01-10 11:15:00,1641793500,5342,5344.65,5315.15,5325.75,13117
2022-01-10 12:15:00,1641797100,5325.75,5338,5315.75,5335,11612
2022-01-10 13:15:00,1641800700,5335,5336.75,5302.35,5304.05,17283
2022-01-10 14:15:00,1641804300,5305,5315,5294.8,5294.8,23209
2022-01-10 15:15:00,1641807900,5292.55,5300,5278,5296.5,25308
2022-01-11 09:15:00,1641872700,5296.5,5328.3,5286.45,5309,43477
2022-01-11 10:15:00,1641876300,5309.5,5317.85,5285.55,5298,19058
2022-01-11 11:15:00,1641879900,5298,5302.35,5294.2,5297.05,11457
2022-01-11 12:15:00,1641883500,5299.4,5303.05,5297,5299.95,8166
2022-01-11 13:15:00,1641887100,5299.95,5304.45,5292.45,5299.25,10404
2022-01-11 14:15:00,1641890700,5299.25,5300,5260,5263,54543
2022-01-11 15:15:00,1641894300,5263.5,5268,5258.65,5267.95,20534
2022-01-12 09:15:00,1641959100,5306.75,5306.75,5281,5291,24296
2022-01-12 10:15:00,1641962700,5291,5369,5281,5352,75601
2022-01-12 11:15:00,1641966300,5352,5352,5291,5299,31614
2022-01-12 12:15:00,1641969900,5299,5300,5268.1,5268.1,27344
2022-01-12 13:15:00,1641973500,5268.1,5287.2,5241,5285,30171
2022-01-12 14:15:00,1641977100,5285,5288,5256.05,5264.3,45791
2022-01-12 15:15:00,1641980700,5264.3,5276,5258.8,5275,26338
2022-01-13 09:15:00,1642045500,5330,5352.95,5245.9,5256.1,95381
2022-01-13 10:15:00,1642049100,5256.1,5279.2,5253.2,5265.35,21396
2022-01-13 11:15:00,1642052700,5265.35,5281.75,5264.1,5271.45,9983
2022-01-13 12:15:00,1642056300,5271.45,5275,5255,5257.55,15368
2022-01-13 13:15:00,1642059900,5257.55,5279.85,5251.55,5269.55,12107
2022-01-13 14:15:00,1642063500,5269.55,5274.9,5260.6,5269.95,15622
2022-01-13 15:15:00,1642067100,5269.95,5280,5261.75,5278,17613
2022-01-14 09:15:00,1642131900,5250,5300,5245.9,5281,26139
2022-01-14 10:15:00,1642135500,5281,5292.95,5275,5279.95,8829
2022-01-14 11:15:00,1642139100,5279.95,5285,5272,5280.6,6502
2022-01-14 12:15:00,1642142700,5280.6,5310,5278,5282.95,17544
2022-01-14 13:15:00,1642146300,5285.2,5286,5261.7,5279.6,10561
2022-01-14 14:15:00,1642149900,5279.6,5283.75,5270,5272.4,11805
2022-01-14 15:15:00,1642153500,5271.9,5272.95,5259,5267.2,10666
2022-01-17 09:15:00,1642391100,5280,5335,5255,5324.15,60068
2022-01-17 10:15:00,1642394700,5324.15,5374.9,5313.65,5373.45,53797
2022-01-17 11:15:00,1642398300,5372.5,5410,5345,5358.5,102208
2022-01-17 12:15:00,1642401900,5358.5,5405,5354,5383.05,42879
2022-01-17 13:15:00,1642405500,5383.05,5394.95,5372,5378.05,15172
2022-01-17 14:15:00,1642409100,5378.05,5395,5373.5,5386.9,27808
2022-01-17 15:15:00,1642412700,5386.9,5395,5381.5,5388,22897
2022-01-18 09:15:00,1642477500,5440,5444.1,5350.75,5359.3,78701
2022-01-18 10:15:00,1642481100,5357,5392,5321,5382,31841
2022-01-18 11:15:00,1642484700,5382,5414.8,5379.45,5400.8,22322
2022-01-18 12:15:00,1642488300,5400.8,5406,5375,5378.7,15240
2022-01-18 13:15:00,1642491900,5378.7,5381.7,5337.1,5355.65,29310
2022-01-18 14:15:00,1642495500,5355.65,5358.8,5181,5235.95,78913
2022-01-18 15:15:00,1642499100,5235,5265.9,5225,5259,28259
2022-01-19 09:15:00,1642563900,5260,5300,5210,5277.1,73087
2022-01-19 10:15:00,1642567500,5277.1,5280.5,5250,5262,13250
2022-01-19 11:15:00,1642571100,5262,5303.7,5239.6,5290,68232
2022-01-19 12:15:00,1642574700,5290,5298.1,5264,5281.95,31752
2022-01-19 13:15:00,1642578300,5281.95,5281.95,5252.25,5262,34413
2022-01-19 14:15:00,1642581900,5260,5269.95,5250,5260.7,24209
2022-01-19 15:15:00,1642585500,5260.7,5265,5255.1,5260,12860
2022-01-20 09:15:00,1642650300,5263,5287.4,5225,5265.75,40759
2022-01-20 10:15:00,1642653900,5265.75,5277.65,5235.8,5242.15,19224
2022-01-20 11:15:00,1642657500,5242.15,5249.95,5222,5230.75,19171
2022-01-20 12:15:00,1642661100,5230.75,5256,5227.1,5240.95,10812
2022-01-20 13:15:00,1642664700,5240.95,5245,5225.1,5237.35,12971
2022-01-20 14:15:00,1642668300,5237.35,5243,5225.1,5229,16783
2022-01-20 15:15:00,1642671900,5227.5,5235,5210,5230,12108
2022-01-21 09:15:00,1642736700,5170,5227,5156.45,5198.05,42731
2022-01-21 10:15:00,1642740300,5198.05,5198.05,5117.8,5146.9,36501
2022-01-21 11:15:00,1642743900,5146.9,5146.9,5121.05,5143.65,14726
2022-01-21 12:15:00,1642747500,5143.65,5148.65,5121.05,5133.5,15943
2022-01-21 13:15:00,1642751100,5133.5,5137.8,4990,5010,96957
2022-01-21 14:15:00,1642754700,5013.25,5020.75,4976.4,4987.15,87918
2022-01-21 15:15:00,1642758300,4986.1,5001,4941.55,5000,44986
2022-01-24 09:15:00,1642995900,4980,4997,4681,4706,249510
2022-01-24 10:15:00,1642999500,4705.9,4728.65,4645,4679,167294
2022-01-24 11:15:00,1643003100,4678.25,4708.3,4665.55,4691.95,72006
2022-01-24 12:15:00,1643006700,4693.45,4693.45,4625.25,4685,103460
2022-01-24 13:15:00,1643010300,4685,4686,4588,4592.75,118728
2022-01-24 14:15:00,1643013900,4589.2,4640,4588.2,4624.15,141239
2022-01-24 15:15:00,1643017500,4624.15,4631.9,4595.75,4625,60057
2022-01-25 09:15:00,1643082300,4590,4661.95,4411,4596.5,229790
2022-01-25 10:15:00,1643085900,4596.5,4683,4586.05,4678,61529
2022-01-25 11:15:00,1643089500,4677.85,4725,4640.1,4656.8,60205
2022-01-25 12:15:00,1643093100,4657.5,4685,4565.85,4606.05,64837
2022-01-25 13:15:00,1643096700,4606.05,4660,4604.05,4628.55,50856
2022-01-25 14:15:00,1643100300,4626.1,4626.1,4523.95,4553.95,94286
2022-01-25 15:15:00,1643103900,4553.9,4558.8,4537.1,4553,26155
2022-01-27 09:15:00,1643255100,4525,4525,4386.7,4432.5,161043
2022-01-27 10:15:00,1643258700,4435,4440.45,4391.5,4407.15,74798
2022-01-27 11:15:00,1643262300,4407.85,4445.05,4391,4427.45,72647
2022-01-27 12:15:00,1643265900,4429.75,4457.55,4414,4429.05,60565
2022-01-27 13:15:00,1643269500,4429.05,4435,4400,4422.2,46186
2022-01-27 14:15:00,1643273100,4422.2,4445.2,4386.75,4393,72828
2022-01-27 15:15:00,1643276700,4392.7,4396.2,4379.05,4392,38750
2022-01-28 09:15:00,1643341500,4400,4829.6,4400,4485,149225
2022-01-28 10:15:00,1643345100,4487.2,4531,4477,4489.1,73609
2022-01-28 11:15:00,1643348700,4489.1,4510,4456.6,4480,66833
2022-01-28 12:15:00,1643352300,4480,4489.95,4455,4486.9,38772
2022-01-28 13:15:00,1643355900,4486.9,4489.4,4389.5,4389.95,75776
2022-01-28 14:15:00,1643359500,4389.95,4455.4,4117.5,4405.2,718470
2022-01-28 15:15:00,1643363100,4404.95,4405,4367,4371.85,81488
2022-01-31 09:15:00,1643600700,4300,4444,4225,4232.8,316655
2022-01-31 10:15:00,1643604300,4232.8,4276.3,4227.15,4248.45,109293
2022-01-31 11:15:00,1643607900,4246.1,4313,4189.25,4304,200115
2022-01-31 12:15:00,1643611500,4304,4524.95,4296,4436.25,237592
2022-01-31 13:15:00,1643615100,4436.25,4458,4418.1,4426.75,109123
2022-01-31 14:15:00,1643618700,4426.35,4426.35,4343,4396.6,109134
2022-01-31 15:15:00,1643622300,4397,4441.95,4397,4417,50258
2022-02-01 09:15:00,1643687100,4510,4527.95,4431,4473.6,118296
2022-02-01 10:15:00,1643690700,4473.6,4549,4466.9,4509,107526
2022-02-01 11:15:00,1643694300,4509.8,4511.25,4455,4496.6,41891
2022-02-01 12:15:00,1643697900,4494.05,4504.85,4410.15,4412.4,90895
2022-02-01 13:15:00,1643701500,4412.4,4463,4403.55,4444,53491
2022-02-01 14:15:00,1643705100,4446,4452.7,4427,4439,43676
2022-02-01 15:15:00,1643708700,4439,4446.95,4428.85,4438,28350
2022-02-02 09:15:00,1643773500,4478.1,4544,4468.15,4521.85,107777
2022-02-02 10:15:00,1643777100,4521.85,4585.95,4510.05,4576.25,81013
2022-02-02 11:15:00,1643780700,4576.2,4639.85,4575,4605.9,114314
2022-02-02 12:15:00,1643784300,4605.9,4617.75,4601.45,4614,28051
2022-02-02 13:15:00,1643787900,4614,4630,4609,4620.9,34482
2022-02-02 14:15:00,1643791500,4620.9,4659.95,4612.05,4622.55,100359
2022-02-02 15:15:00,1643795100,4622.55,4639.95,4618.15,4638.85,28774
2022-02-03 09:15:00,1643859900,4656,4659,4530.6,4601.5,96638
2022-02-03 10:15:00,1643863500,4598.05,4608.7,4551,4596.95,41852
2022-02-03 11:15:00,1643867100,4595.25,4598.2,4551.8,4568.7,26800
2022-02-03 12:15:00,1643870700,4568.7,4590,4566,4576,17021
2022-02-03 13:15:00,1643874300,4575.95,4582.35,4543.8,4563.7,24900
2022-02-03 14:15:00,1643877900,4563.7,4571.7,4522.55,4525.05,37068
2022-02-03 15:15:00,1643881500,4525,4529.95,4500,4511.65,29667
2022-02-04 09:15:00,1643946300,4550,4550,4456.7,4499,74628
2022-02-04 10:15:00,1643949900,4497.7,4543,4470,4539.8,42751
2022-02-04 11:15:00,1643953500,4539.8,4555.55,4512.9,4517.55,31428
2022-02-04 12:15:00,1643957100,4517.55,4523.95,4486.15,4493,26011
2022-02-04 13:15:00,1643960700,4493,4517.7,4485.45,4502.3,17409
2022-02-04 14:15:00,1643964300,4502.3,4514,4485,4492.55,26178
2022-02-04 15:15:00,1643967900,4492.55,4500,4485,4497.7,17166
2022-02-07 09:15:00,1644205500,4500,4519,4428,4430.15,52181
2022-02-07 10:15:00,1644209100,4430.3,4460,4380,4388.3,44776
2022-02-07 11:15:00,1644212700,4389.6,4394.7,4360,4385.5,43070
2022-02-07 12:15:00,1644216300,4385.5,4424,4381.2,4412,22831
2022-02-07 13:15:00,1644219900,4412,4420,4365,4402.4,26657
2022-02-07 14:15:00,1644223500,4402.4,4418.4,4390.4,4402.95,20184
2022-02-07 15:15:00,1644227100,4401.05,4408.9,4376.65,4389,24350
2022-02-08 09:15:00,1644291900,4421.8,4444,4331,4337.75,74787
2022-02-08 10:15:00,1644295500,4337.75,4349.75,4271,4290,55217
2022-02-08 11:15:00,1644299100,4291.95,4328.9,4281.55,4303.6,46457
2022-02-08 12:15:00,1644302700,4303.6,4322,4271.3,4280.95,41085
2022-02-08 13:15:00,1644306300,4280.95,4296,4263,4267,38610
2022-02-08 14:15:00,1644309900,4265,4320.6,4258,4309.15,64263
2022-02-08 15:15:00,1644313500,4309.35,4314.85,4301,4312,18702
2022-02-09 09:15:00,1644378300,4350,4433.7,4325.65,4421.85,71641
2022-02-09 10:15:00,1644381900,4421.85,4442.9,4401.15,4422,31888
2022-02-09 11:15:00,1644385500,4422,4451.35,4408.35,4447.6,31362
2022-02-09 12:15:00,1644389100,4447.6,4475,4443,4466.9,46352
2022-02-09 13:15:00,1644392700,4466.9,4483.45,4454.5,4481,24274
2022-02-09 14:15:00,1644396300,4481,4487,4467.4,4474.05,38124
2022-02-09 15:15:00,1644399900,4474,4499,4474,4496,24732
2022-02-10 09:15:00,1644464700,4500,4538,4448.4,4491,57013
2022-02-10 10:15:00,1644468300,4491,4515,4490,4504.2,27111
2022-02-10 11:15:00,1644471900,4504.2,4509.85,4489.55,4501.35,14359
2022-02-10 12:15:00,1644475500,4500.3,4502,4476.1,4490.2,13152
2022-02-10 13:15:00,1644479100,4490.2,4515,4488,4504.6,15596
2022-02-10 14:15:00,1644482700,4504.6,4509.25,4492,4495.85,15980
2022-02-10 15:15:00,1644486300,4495.85,4505.65,4494,4496.95,12649
2022-02-11 09:15:00,1644551100,4474,4474,4355.05,4370.65,78268
2022-02-11 10:15:00,1644554700,4370.65,4383,4360,4370,20913
2022-02-11 11:15:00,1644558300,4370.1,4423,4355,4418.15,52773
2022-02-11 12:15:00,1644561900,4418.15,4442.05,4385,4397.45,28420
2022-02-11 13:15:00,1644565500,4397.45,4399.05,4365,4379.5,18110
2022-02-11 14:15:00,1644569100,4379.5,4380,4366.9,4370.05,21439
2022-02-11 15:15:00,1644572700,4370.05,4373.5,4350,4355,27179
2022-02-14 09:15:00,1644810300,4202.25,4254,4129,4234.85,125603
2022-02-14 10:15:00,1644813900,4232,4273.45,4212.15,4240.25,32837
2022-02-14 11:15:00,1644817500,4240.25,4248.85,4206.5,4213.45,18385
2022-02-14 12:15:00,1644821100,4213.45,4226.85,4200,4218.85,31524
2022-02-14 13:15:00,1644824700,4218.85,4227.55,4182.85,4182.85,37247
2022-02-14 14:15:00,1644828300,4181.95,4195.55,4139,4142.5,57057
2022-02-14 15:15:00,1644831900,4138.6,4153.75,4129.55,4140,26335
2022-02-15 09:15:00,1644896700,4181.9,4235.9,4150,4179,61944
2022-02-15 10:15:00,1644900300,4179,4191,4144.1,4179.2,39076
2022-02-15 11:15:00,1644903900,4177,4220,4175.05,4201.15,24517
2022-02-15 12:15:00,1644907500,4201.65,4211.75,4178.95,4200.45,26450
2022-02-15 13:15:00,1644911100,4200.45,4255,4181,4240.05,41627
2022-02-15 14:15:00,1644914700,4240.05,4312,4216.05,4294.95,85368
2022-02-15 15:15:00,1644918300,4295.35,4319.95,4287,4310,22192
2022-02-16 09:15:00,1644983100,4330,4352,4236,4248,60763
2022-02-16 10:15:00,1644986700,4248.5,4254.8,4225.1,4235.3,29484
2022-02-16 11:15:00,1644990300,4235.3,4248,4230.55,4236.15,11080
2022-02-16 12:15:00,1644993900,4237.9,4305,4236.25,4300,47593
2022-02-16 13:15:00,1644997500,4301,4333.9,4299,4312.35,45173
2022-02-16 14:15:00,1645001100,4314,4328,4260,4278.05,54199
2022-02-16 15:15:00,1645004700,4278.05,4280.95,4245,4259.35,16419
2022-02-17 09:15:00,1645069500,4288,4318.9,4253.1,4286.85,45737
2022-02-17 10:15:00,1645073100,4286.85,4295,4261,4292,14992
2022-02-17 11:15:00,1645076700,4292,4317,4278.95,4316.95,23178
2022-02-17 12:15:00,1645080300,4317,4329.95,4295.05,4297.6,41647
2022-02-17 13:15:00,1645083900,4299.8,4303.3,4231,4232,67623
2022-02-17 14:15:00,1645087500,4232.95,4247.6,4183.55,4185.4,64113
2022-02-17 15:15:00,1645091100,4188.2,4200,4184.2,4198,25303
2022-02-18 09:15:00,1645155900,4165,4220.5,4150,4209.15,64629
2022-02-18 10:15:00,1645159500,4209.15,4211.8,4167.4,4187.6,50151
2022-02-18 11:15:00,1645163100,4187.55,4190,4174.55,4178.5,15600
2022-02-18 12:15:00,1645166700,4178.5,4180,4170,4170.5,15172
2022-02-18 13:15:00,1645170300,4170.5,4171.95,4151,4151,21547
2022-02-18 14:15:00,1645173900,4151,4152.65,4059,4062.4,139382
2022-02-18 15:15:00,1645177500,4060,4067.25,4038.6,4055,37494
2022-02-21 09:15:00,1645415100,4050,4088.85,3974.05,4084.6,136372
2022-02-21 10:15:00,1645418700,4084.6,4136.95,4059.65,4135.45,64418
2022-02-21 11:15:00,1645422300,4135,4207.75,4121,4192,80374
2022-02-21 12:15:00,1645425900,4191,4191.85,4157.8,4172.9,41495
2022-02-21 13:15:00,1645429500,4172.9,4174.85,4103,4109,52509
2022-02-21 14:15:00,1645433100,4109,4123.4,4081.2,4090.35,46830
2022-02-21 15:15:00,1645436700,4090.35,4093.9,4075,4093.9,21503
2022-02-22 09:15:00,1645501500,3970,4040,3936.95,4031,145868
2022-02-22 10:15:00,1645505100,4031,4054.5,4028.4,4051.5,25655
2022-02-22 11:15:00,1645508700,4051.5,4071,4021.35,4032.75,25959
2022-02-22 12:15:00,1645512300,4032.75,4040.65,4012.15,4014,18965
2022-02-22 13:15:00,1645515900,4015.5,4080,4010,4080,41477
2022-02-22 14:15:00,1645519500,4082.35,4182.1,4075.95,4169.65,116745
2022-02-22 15:15:00,1645523100,4168,4178,4160,4178,20838
2022-02-23 09:15:00,1645587900,4200,4256.4,4180,4239,114518
2022-02-23 10:15:00,1645591500,4239,4249,4218.5,4236.25,50053
2022-02-23 11:15:00,1645595100,4234.05,4285,4229.6,4269.65,70833
2022-02-23 12:15:00,1645598700,4269.65,4283.2,4228,4245,51277
2022-02-23 13:15:00,1645602300,4245.55,4264.95,4238,4254.2,26568
2022-02-23 14:15:00,1645605900,4254.2,4260,4227.15,4231.9,46921
2022-02-23 15:15:00,1645609500,4231,4255,4228.05,4248,20346
2022-02-24 09:15:00,1645674300,4095,4158.85,4060,4104.1,125581
2022-02-24 10:15:00,1645677900,4104.1,4141.55,4077,4077,62992
2022-02-24 11:15:00,1645681500,4079.4,4097,4045,4072.85,46706
2022-02-24 12:15:00,1645685100,4072.85,4101.6,4040.05,4054.2,101909
2022-02-24 13:15:00,1645688700,4055,4058,4015,4025.15,42818
2022-02-24 14:15:00,1645692300,4025.15,4052.95,4002,4050.2,102004
2022-02-24 15:15:00,1645695900,4051.95,4077.95,4040,4060.05,59729
2022-02-25 09:15:00,1645760700,4132,4225,4128,4207.85,112890
2022-02-25 10:15:00,1645764300,4208,4223,4199.45,4208.05,29649
2022-02-25 11:15:00,1645767900,4208.05,4239,4202.9,4208.8,33060
2022-02-25 12:15:00,1645771500,4207.1,4258,4195,4244.7,42877
2022-02-25 13:15:00,1645775100,4246.45,4329.65,4233.25,4326.6,91334
2022-02-25 14:15:00,1645778700,4327.15,4454.55,4312.4,4440.15,292909
2022-02-25 15:15:00,1645782300,4440.35,4454.55,4363.15,4389,56989
2022-02-28 09:15:00,1646019900,4340,4345.45,4242.25,4295.75,131364
2022-02-28 10:15:00,1646023500,4295.75,4310.55,4278,4290.85,46543
2022-02-28 11:15:00,1646027100,4290.85,4304,4273,4289,32185
2022-02-28 12:15:00,1646030700,4288.95,4304.9,4282.05,4300.2,23881
2022-02-28 13:15:00,1646034300,4300,4305.5,4265,4282.35,30333
2022-02-28 14:15:00,1646037900,4282.35,4322.95,4280.9,4309.35,45425
2022-02-28 15:15:00,1646041500,4307.1,4351,4302.45,4339.95,33863
2022-03-02 09:15:00,1646192700,4282.2,4344,4262.2,4300.05,80480
2022-03-02 10:15:00,1646196300,4300.05,4308,4271.1,4298,21942
2022-03-02 11:15:00,1646199900,4298,4307.95,4265,4265,19513
2022-03-02 12:15:00,1646203500,4266.95,4274.4,4241,4270.25,25910
2022-03-02 13:15:00,1646207100,4271.2,4275,4247.3,4264.1,12835
2022-03-02 14:15:00,1646210700,4264.1,4294.45,4252,4288,26733
2022-03-02 15:15:00,1646214300,4285.8,4288,4268,4281.4,14225
2022-03-03 09:15:00,1646279100,4332.25,4378.2,4300,4308.4,56479
2022-03-03 10:15:00,1646282700,4308.4,4330,4300.2,4328,22375
2022-03-03 11:15:00,1646286300,4328,4330,4286.6,4292.65,20119
2022-03-03 12:15:00,1646289900,4292.65,4297.7,4219.25,4240.7,30969
2022-03-03 13:15:00,1646293500,4240.75,4268.85,4227.1,4250.2,16595
2022-03-03 14:15:00,1646297100,4250.2,4260,4214.2,4219,23104
2022-03-03 15:15:00,1646300700,4217,4224.6,4209.05,4220,17939
2022-03-04 09:15:00,1646365500,4200,4222.1,4149.05,4162.85,92355
2022-03-04 10:15:00,1646369100,4166.35,4173,4130,4144.55,31946
2022-03-04 11:15:00,1646372700,4144.55,4185.9,4139,4173.4,19534
2022-03-04 12:15:00,1646376300,4172.2,4201.9,4161.3,4176,22266
2022-03-04 13:15:00,1646379900,4176,4208.6,4162.2,4171.4,15816
2022-03-04 14:15:00,1646383500,4171.4,4186.95,4150,4153.95,20708
2022-03-04 15:15:00,1646387100,4153.95,4153.95,4135,4148,9757
2022-03-07 09:15:00,1646624700,4025,4046.6,3937,4034.95,115505
2022-03-07 10:15:00,1646628300,4033,4069,4005.65,4063.15,41015
2022-03-07 11:15:00,1646631900,4064.6,4081,4047.2,4064.95,26316
2022-03-07 12:15:00,1646635500,4064.95,4095,4052.25,4060,19789
2022-03-07 13:15:00,1646639100,4060,4070,4018.95,4023.9,19740
2022-03-07 14:15:00,1646642700,4023.9,4066.7,4012.05,4062.3,25860
2022-03-07 15:15:00,1646646300,4059.05,4074.8,4033,4050,13185
2022-03-08 09:15:00,1646711100,4051,4136.95,4051,4113.95,51081
2022-03-08 10:15:00,1646714700,4116.55,4117.25,4065,4082.6,23178
2022-03-08 11:15:00,1646718300,4082.6,4084.65,4039,4042.5,18874
2022-03-08 12:15:00,1646721900,4047.55,4067.3,4023.2,4050,23504
2022-03-08 13:15:00,1646725500,4050,4052.8,4003,4031.05,31174
2022-03-08 14:15:00,1646729100,4031.45,4088.3,4020,4087.05,35162
2022-03-08 15:15:00,1646732700,4090,4092,4051.85,4075,15000
2022-03-09 09:15:00,1646797500,4080,4150,4060,4078.95,79338
2022-03-09 10:15:00,1646801100,4078.95,4099.75,4070,4074.75,21636
2022-03-09 11:15:00,1646804700,4074.75,4083.6,4052,4080.05,28103
2022-03-09 12:15:00,1646808300,4080.05,4125,4080.05,4121.05,31705
2022-03-09 13:15:00,1646811900,4121.05,4140,4114.95,4127.3,35540
2022-03-09 14:15:00,1646815500,4125,4129.95,4080,4103.85,31847
2022-03-09 15:15:00,1646819100,4103.85,4105,4073.35,4090,14302
2022-03-10 09:15:00,1646883900,4224,4224,4142.1,4166,109448
2022-03-10 10:15:00,1646887500,4165.95,4176,4144.15,4148.1,35378
2022-03-10 11:15:00,1646891100,4148,4153.95,4121,4124.15,36827
2022-03-10 12:15:00,1646894700,4124.15,4124.15,4095,4110,43287
2022-03-10 13:15:00,1646898300,4110,4143,4108.15,4136.85,33615
2022-03-10 14:15:00,1646901900,4137.3,4145.6,4121,4127.7,30392
2022-03-10 15:15:00,1646905500,4125.05,4135,4111.65,4122,19067
2022-03-11 09:15:00,1646970300,4125,4194.95,4095,4132.4,54879
2022-03-11 10:15:00,1646973900,4132.4,4143.55,4100.5,4140.75,26666
2022-03-11 11:15:00,1646977500,4140.75,4156.4,4119.65,4132.5,22123
2022-03-11 12:15:00,1646981100,4132.5,4145,4118.35,4122.35,17233
2022-03-11 13:15:00,1646984700,4122.35,4135,4110,4127.9,16538
2022-03-11 14:15:00,1646988300,4127.9,4160,4126.5,4155.55,32290
2022-03-11 15:15:00,1646991900,4155.55,4170,4142.1,4161,14910
2022-03-14 09:15:00,1647229500,4160,4184.45,4115,4135.1,38021
2022-03-14 10:15:00,1647233100,4135.1,4165,4123,4149.1,15893
2022-03-14 11:15:00,1647236700,4149.1,4168,4145,4148.85,12069
2022-03-14 12:15:00,1647240300,4148.85,4162.55,4135.05,4156.5,17683
2022-03-14 13:15:00,1647243900,4156.5,4374.9,4150,4371.65,160554
2022-03-14 14:15:00,1647247500,4374.9,4459.95,4330.6,4339.85,218913
2022-03-14 15:15:00,1647251100,4339.4,4349.95,4316,4332,29077
2022-03-15 09:15:00,1647315900,4376,4393.95,4270,4310,94092
2022-03-15 10:15:00,1647319500,4310,4382.75,4306.55,4365.55,46272
2022-03-15 11:15:00,1647323100,4365.55,4392.95,4347.3,4392,29281
2022-03-15 12:15:00,1647326700,4392,4423,4335.4,4345,72667
2022-03-15 13:15:00,1647330300,4345,4349.45,4295.15,4314.15,32769
2022-03-15 14:15:00,1647333900,4314.15,4322.1,4253.05,4287,47107
2022-03-15 15:15:00,1647337500,4286.55,4288,4255,4275.2,16936
2022-03-16 09:15:00,1647402300,4325,4499.95,4322,4447.35,291377
2022-03-16 10:15:00,1647405900,4447.8,4478.95,4432.1,4452,69942
2022-03-16 11:15:00,1647409500,4452,4459,4411,4424.9,40203
2022-03-16 12:15:00,1647413100,4425.9,4436.9,4411.1,4422.1,28087
2022-03-16 13:15:00,1647416700,4422,4428,4413.1,4416.05,19077
2022-03-16 14:15:00,1647420300,4415,4427,4388.2,4405,57005
2022-03-16 15:15:00,1647423900,4405.45,4420.2,4402.55,4420,27493
2022-03-17 09:15:00,1647488700,4488,4545,4460,4510.35,174353
2022-03-17 10:15:00,1647492300,4510,4514.65,4467,4478.45,64239
2022-03-17 11:15:00,1647495900,4478.45,4497.2,4473.95,4476.3,40309
2022-03-17 12:15:00,1647499500,4476.3,4516.8,4470.55,4509.9,50976
2022-03-17 13:15:00,1647503100,4509.9,4518.2,4496.05,4505.85,38038
2022-03-17 14:15:00,1647506700,4505.85,4517,4470,4477,254126
2022-03-17 15:15:00,1647510300,4476.65,4505.3,4454,4483.25,193074
2022-03-21 09:15:00,1647834300,4507,4507.35,4421.15,4435.95,49595
2022-03-21 10:15:00,1647837900,4435.95,4462.65,4422.65,4457.6,24267
2022-03-21 11:15:00,1647841500,4457.6,4473.8,4450.1,4460.2,17302
2022-03-21 12:15:00,1647845100,4460.2,4469,4436.4,4447.75,11955
2022-03-21 13:15:00,1647848700,4447.75,4469.85,4437,4462.45,12493
2022-03-21 14:15:00,1647852300,4462.45,4528,4462.45,4510.6,63885
2022-03-21 15:15:00,1647855900,4510.55,4516.45,4495,4495.1,18604
2022-03-22 09:15:00,1647920700,4488.85,4499,4410.05,4420,87129
2022-03-22 10:15:00,1647924300,4419,4425,4377,4409,44017
2022-03-22 11:15:00,1647927900,4410,4411.5,4355,4359.95,36735
2022-03-22 12:15:00,1647931500,4359.95,4403.6,4343.6,4398,51624
2022-03-22 13:15:00,1647935100,4398,4418,4378.9,4399.7,47034
2022-03-22 14:15:00,1647938700,4399,4401.75,4375,4386.05,38843
2022-03-22 15:15:00,1647942300,4386.05,4387.7,4351.6,4370,27818
2022-03-23 09:15:00,1648007100,4412.9,4448.4,4390.15,4424.4,70826
2022-03-23 10:15:00,1648010700,4422.65,4435,4402,4413.05,25691
2022-03-23 11:15:00,1648014300,4408.65,4418,4382.75,4400,31084
2022-03-23 12:15:00,1648017900,4400,4414.9,4396.55,4412.4,25363
2022-03-23 13:15:00,1648021500,4412.4,4430,4396.1,4419.65,37282
2022-03-23 14:15:00,1648025100,4419.65,4424.95,4401,4405,27706
2022-03-23 15:15:00,1648028700,4405,4405,4361.25,4374,20341
2022-03-24 09:15:00,1648093500,4375,4400,4300,4379.15,36617
2022-03-24 10:15:00,1648097100,4379.15,4380,4338.9,4364.25,20804
2022-03-24 11:15:00,1648100700,4364,4367.05,4323.75,4329.25,13746
2022-03-24 12:15:00,1648104300,4329.25,4338.95,4315.5,4318.55,15773
2022-03-24 13:15:00,1648107900,4317.2,4330,4312,4326.35,14171
2022-03-24 14:15:00,1648111500,4326.35,4336.4,4318,4326.1,21066
2022-03-24 15:15:00,1648115100,4326.1,4328.95,4315,4315.85,13736
2022-03-25 09:15:00,1648179900,4342.6,4390,4332.55,4368,43635
2022-03-25 10:15:00,1648183500,4368,4415.9,4360.8,4373,39249
2022-03-25 11:15:00,1648187100,4372.95,4374.8,4323.75,4325,17748
2022-03-25 12:15:00,1648190700,4325,4336.1,4320,4323.55,12751
2022-03-25 13:15:00,1648194300,4323.55,4325,4275.05,4283.95,28585
2022-03-25 14:15:00,1648197900,4283.95,4298,4270,4283.95,21124
2022-03-25 15:15:00,1648201500,4283.95,4289.95,4266,4288,12311
2022-03-28 09:15:00,1648439100,4299,4299.5,4231.2,4238.65,48431
2022-03-28 10:15:00,1648442700,4238.65,4238.65,4185.55,4197.95,31185
2022-03-28 11:15:00,1648446300,4197.95,4217.65,4041.35,4128,72539
2022-03-28 12:15:00,1648449900,4128,4165,4111.85,4157,45619
2022-03-28 13:15:00,1648453500,4157,4196,4136.5,4192.15,50917
2022-03-28 14:15:00,1648457100,4192.15,4198,4159.6,4170,56410
2022-03-28 15:15:00,1648460700,4170,4177.85,4164.85,4170,21637
2022-03-29 09:15:00,1648525500,4177,4339.25,4177,4256.55,154741
2022-03-29 10:15:00,1648529100,4256.55,4263.95,4216.6,4223.6,54451
2022-03-29 11:15:00,1648532700,4226,4226,4189.25,4190,37379
2022-03-29 12:15:00,1648536300,4190,4208.45,4178,4186.9,37482
2022-03-29 13:15:00,1648539900,4186.9,4252.15,4179,4249.15,53529
2022-03-29 14:15:00,1648543500,4249.15,4256.55,4200,4228,52844
2022-03-29 15:15:00,1648547100,4222.05,4254.7,4208.1,4251,34344
2022-03-30 09:15:00,1648611900,4288,4333.7,4265.55,4328.2,66409
2022-03-30 10:15:00,1648615500,4330.75,4336.5,4310,4328.65,30886
2022-03-30 11:15:00,1648619100,4328.65,4359.45,4326.9,4351,42587
2022-03-30 12:15:00,1648622700,4353.3,4379,4348,4371.95,37904
2022-03-30 13:15:00,1648626300,4371.95,4377.9,4332.1,4345.7,37132
2022-03-30 14:15:00,1648629900,4345.7,4366.45,4335.05,4365.95,49497
2022-03-30 15:15:00,1648633500,4365,4384,4364.95,4370,28775
2022-03-31 09:15:00,1648698300,4370,4383.95,4306.5,4309,65246
2022-03-31 10:15:00,1648701900,4310.6,4325,4306.7,4323.9,19046
2022-03-31 11:15:00,1648705500,4323.9,4340.15,4305.15,4340.1,24950
2022-03-31 12:15:00,1648709100,4340.55,4363.5,4335,4337.9,41753
2022-03-31 13:15:00,1648712700,4337.95,4353.45,4312,4317.85,32090
2022-03-31 14:15:00,1648716300,4317.85,4338.9,4307.95,4313.15,51614
2022-03-31 15:15:00,1648719900,4313.1,4313.25,4291,4299.95,22573
2022-04-01 09:15:00,1648784700,4332.35,4383,4311.05,4362.5,42963
2022-04-01 10:15:00,1648788300,4360.5,4364.95,4324.05,4343.75,15609
2022-04-01 11:15:00,1648791900,4343.75,4347.45,4320,4322.2,12170
2022-04-01 12:15:00,1648795500,4322.2,4380,4320,4368.45,34582
2022-04-01 13:15:00,1648799100,4368.45,4398.95,4360.15,4376,36071
2022-04-01 14:15:00,1648802700,4374.85,4379.5,4355.5,4362,24080
2022-04-01 15:15:00,1648806300,4362,4370,4355,4367.15,12930
2022-04-04 09:15:00,1649043900,4389.35,4435,4382.9,4413.6,53347
2022-04-04 10:15:00,1649047500,4413.5,4434.9,4405,4413.7,21880
2022-04-04 11:15:00,1649051100,4413.7,4418.55,4397.75,4397.8,15170
2022-04-04 12:15:00,1649054700,4398,4399.7,4364.6,4382.95,23909
2022-04-04 13:15:00,1649058300,4385.05,4399.75,4382.7,4395.95,11420
2022-04-04 14:15:00,1649061900,4396,4419.9,4393.05,4405,28169
2022-04-04 15:15:00,1649065500,4404.55,4409.05,4399.7,4406.6,10688
2022-04-05 09:15:00,1649130300,4425,4479.7,4411,4458.8,65157
2022-04-05 10:15:00,1649133900,4458.9,4490,4440,4452.05,40173
2022-04-05 11:15:00,1649137500,4452.05,4480,4449,4470,40082
2022-04-05 12:15:00,1649141100,4470,4497,4465,4488.2,47409
2022-04-05 13:15:00,1649144700,4487,4609,4465.2,4579,202523
2022-04-05 14:15:00,1649148300,4580,4690,4574,4621,294850
2022-04-05 15:15:00,1649151900,4621,4646.9,4613.7,4631,39365
2022-04-06 09:15:00,1649216700,4631,4631,4566.75,4591.75,113124
2022-04-06 10:15:00,1649220300,4591.75,4619,4580.05,4588.95,40033
2022-04-06 11:15:00,1649223900,4588.95,4658.1,4579.5,4642,51317
2022-04-06 12:15:00,1649227500,4643.75,4655,4613.95,4626.2,53286
2022-04-06 13:15:00,1649231100,4626.2,4642.85,4590,4592.15,26688
2022-04-06 14:15:00,1649234700,4592.15,4612,4580,4582.6,26480
2022-04-06 15:15:00,1649238300,4582.6,4600,4580,4595,12714
2022-04-07 09:15:00,1649303100,4579.5,4584.95,4522,4539.95,66840
2022-04-07 10:15:00,1649306700,4539.95,4552,4505.5,4551,37587
2022-04-07 11:15:00,1649310300,4551,4565,4522,4527.7,40284
2022-04-07 12:15:00,1649313900,4527.7,4529.95,4498.1,4526.15,49449
2022-04-07 13:15:00,1649317500,4526.15,4539.8,4466.1,4479,45005
2022-04-07 14:15:00,1649321100,4479,4488.55,4466,4466,21111
2022-04-07 15:15:00,1649324700,4468.4,4472.1,4450,4459.9,23307
2022-04-08 09:15:00,1649389500,4460,4548.7,4460,4516.75,60209
2022-04-08 10:15:00,1649393100,4516.75,4555,4500.15,4519.35,26253
2022-04-08 11:15:00,1649396700,4517.3,4530,4505.1,4527.6,19392
2022-04-08 12:15:00,1649400300,4527.6,4530,4497.45,4510,29284
2022-04-08 13:15:00,1649403900,4510,4521.95,4508.05,4516.5,10703
2022-04-08 14:15:00,1649407500,4516.5,4517.85,4463.6,4465.85,25460
2022-04-08 15:15:00,1649411100,4465,4482,4461,4480,14857
2022-04-11 09:15:00,1649648700,4475.75,4476,4431.5,4447.25,29593
2022-04-11 10:15:00,1649652300,4447.25,4449.75,4407.15,4413.65,32402
2022-04-11 11:15:00,1649655900,4413.65,4428,4401,4415.9,15242
2022-04-11 12:15:00,1649659500,4415.9,4417.8,4401,4414.9,14583
2022-04-11 13:15:00,1649663100,4414.9,4427,4375,4394.95,37994
2022-04-11 14:15:00,1649666700,4394.95,4422.85,4385,4415,47224
2022-04-11 15:15:00,1649670300,4417,4424.95,4411.05,4411.05,15833
2022-04-12 09:15:00,1649735100,4405.05,4409.95,4322,4339.75,43713
2022-04-12 10:15:00,1649738700,4339.75,4354.05,4315.55,4354,25642
2022-04-12 11:15:00,1649742300,4352,4377,4345.2,4372.9,22211
2022-04-12 12:15:00,1649745900,4372.9,4374.05,4332,4350.4,23602
2022-04-12 13:15:00,1649749500,4350.4,4365.1,4345.75,4359,30351
2022-04-12 14:15:00,1649753100,4359,4365.1,4342,4349.4,18365
2022-04-12 15:15:00,1649756700,4349.4,4351,4330,4350,12274
2022-04-13 09:15:00,1649821500,4360,4449,4360,4416.1,63499
2022-04-13 10:15:00,1649825100,4418.6,4443.7,4393.95,4424,42407
2022-04-13 11:15:00,1649828700,4424,4475,4420.75,4447.8,75551
2022-04-13 12:15:00,1649832300,4447.8,4474,4440,4466.2,41083
2022-04-13 13:15:00,1649835900,4465.6,4485.25,4450,4467.05,43470
2022-04-13 14:15:00,1649839500,4467.05,4472,4426.55,4435,38566
2022-04-13 15:15:00,1649843100,4436,4442.55,4408.3,4419.85,24068
2022-04-18 09:15:00,1650253500,4400,4400,4285.2,4311.6,66245
2022-04-18 10:15:00,1650257100,4309.75,4335,4300,4329.15,20626
2022-04-18 11:15:00,1650260700,4329.15,4380.45,4326.15,4353.4,22769
2022-04-18 12:15:00,1650264300,4353.35,4358,4349,4354.55,26975
2022-04-18 13:15:00,1650267900,4354.55,4359.95,4316.05,4319.5,14529
2022-04-18 14:15:00,1650271500,4319.9,4340.15,4300,4311.25,40683
2022-04-18 15:15:00,1650275100,4310.6,4324.25,4304,4318,12943
2022-04-19 09:15:00,1650339900,4340,4374,4319.9,4327.05,27314
2022-04-19 10:15:00,1650343500,4327.05,4331,4280,4286.9,26074
2022-04-19 11:15:00,1650347100,4286.9,4296,4266,4287,26916
2022-04-19 12:15:00,1650350700,4287,4292.6,4278,4291.85,17925
2022-04-19 13:15:00,1650354300,4291.85,4337.7,4290,4331.1,31006
2022-04-19 14:15:00,1650357900,4333,4337.95,4184,4198,45616
2022-04-19 15:15:00,1650361500,4197.95,4214.05,4143.5,4160,26821
2022-04-20 09:15:00,1650426300,4229.95,4264.9,4163.15,4231.55,48031
2022-04-20 10:15:00,1650429900,4231.55,4273,4213.45,4272.4,31058
2022-04-20 11:15:00,1650433500,4273,4275.95,4214,4233.85,25077
2022-04-20 12:15:00,1650437100,4233.85,4248,4222,4227.15,22319
2022-04-20 13:15:00,1650440700,4226.95,4231.3,4191,4220,28813
2022-04-20 14:15:00,1650444300,4220,4232,4210,4212.5,21468
2022-04-20 15:15:00,1650447900,4213.05,4245,4212.5,4229,9158
2022-04-21 09:15:00,1650512700,4271,4288.3,4241.65,4286.65,32101
2022-04-21 10:15:00,1650516300,4280.3,4298.5,4260.5,4278.1,17205
2022-04-21 11:15:00,1650519900,4278.1,4303.45,4275,4294.2,23737
2022-04-21 12:15:00,1650523500,4294.2,4295.95,4280,4290.05,12637
2022-04-21 13:15:00,1650527100,4290.05,4308.7,4290,4301.05,16741
2022-04-21 14:15:00,1650530700,4301.05,4308,4286.1,4291.35,15034
2022-04-21 15:15:00,1650534300,4291.45,4305,4288,4301,10835
2022-04-22 09:15:00,1650599100,4250,4325.8,4250,4298.2,39701
2022-04-22 10:15:00,1650602700,4298.4,4301.75,4276.95,4287.45,24545
2022-04-22 11:15:00,1650606300,4289.55,4314,4285.3,4310,21510
2022-04-22 12:15:00,1650609900,4310,4325,4295,4304,27677
2022-04-22 13:15:00,1650613500,4304,4308.65,4288.3,4300.35,20569
2022-04-22 14:15:00,1650617100,4300.35,4306.1,4293.05,4298.3,37247
2022-04-22 15:15:00,1650620700,4298.3,4304.6,4291,4300,12353
2022-04-25 09:15:00,1650858300,4270,4315.45,4229.95,4299.95,59468
2022-04-25 10:15:00,1650861900,4299.95,4308.55,4270.2,4280.9,17799
2022-04-25 11:15:00,1650865500,4280.9,4337.4,4271,4312,29693
2022-04-25 12:15:00,1650869100,4312,4318.15,4287,4311.85,15538
2022-04-25 13:15:00,1650872700,4311.85,4330,4293.45,4318.05,15376
2022-04-25 14:15:00,1650876300,4318.15,4321,4297,4316.55,26929
2022-04-25 15:15:00,1650879900,4315.5,4320,4308,4319.85,11577
2022-04-26 09:15:00,1650944700,4344.95,4389,4312.95,4361,37682
2022-04-26 10:15:00,1650948300,4361,4375,4353.15,4366.05,11109
2022-04-26 11:15:00,1650951900,4366.05,4369.85,4349.55,4362.05,12983
2022-04-26 12:15:00,1650955500,4360,4380,4346.1,4360,15163
2022-04-26 13:15:00,1650959100,4360,4364.8,4350.1,4360.05,11004
2022-04-26 14:15:00,1650962700,4360.05,4368.4,4344,4344.9,20237
2022-04-26 15:15:00,1650966300,4344.3,4344.55,4325,4325,8582
2022-04-27 09:15:00,1651031100,4310,4317.35,4255.55,4289.3,27480
2022-04-27 10:15:00,1651034700,4291.4,4324.95,4280.05,4313,16211
2022-04-27 11:15:00,1651038300,4313,4327.6,4287.7,4318.5,21184
2022-04-27 12:15:00,1651041900,4318.45,4329.9,4310,4316,18904
2022-04-27 13:15:00,1651045500,4316,4350,4315.4,4332,19421
2022-04-27 14:15:00,1651049100,4332,4332,4305.45,4315.55,29604
2022-04-27 15:15:00,1651052700,4316,4320,4300,4300,9327
2022-04-28 09:15:00,1651117500,4325.95,4373,4308.45,4314.75,37633
2022-04-28 10:15:00,1651121100,4314.75,4324.15,4299.75,4320,19189
2022-04-28 11:15:00,1651124700,4320,4357,4318,4335.55,24370
2022-04-28 12:15:00,1651128300,4335.55,4355,4331,4350,19192
2022-04-28 13:15:00,1651131900,4350,4367.85,4343.1,4355.9,23218
2022-04-28 14:15:00,1651135500,4355.9,4375,4340.05,4362.65,39317
2022-04-28 15:15:00,1651139100,4362.65,4384,4359.4,4378,12543
2022-04-29 09:15:00,1651203900,4398.85,4420,4356.2,4370.25,27848
2022-04-29 10:15:00,1651207500,4370.25,4413.35,4365,4405.5,19436
2022-04-29 11:15:00,1651211100,4405.5,4424.15,4394,4416.95,21186
2022-04-29 12:15:00,1651214700,4416.95,4417,4393.1,4405.1,9954
2022-04-29 13:15:00,1651218300,4405.1,4420,4363.5,4371.45,24659
2022-04-29 14:15:00,1651221900,4371.5,4408.75,4357.75,4400,40638
2022-04-29 15:15:00,1651225500,4400,4410,4372.45,4380,13692
2022-05-02 09:15:00,1651463100,4211,4267.65,4071.1,4116.4,361420
2022-05-02 10:15:00,1651466700,4116.4,4172,4105,4136.95,145714
2022-05-02 11:15:00,1651470300,4140.15,4163.85,4121,4146.75,89570
2022-05-02 12:15:00,1651473900,4146.6,4146.6,3967.85,3995.2,402659
2022-05-02 13:15:00,1651477500,3998,4017.55,3985.75,3999,137876
2022-05-02 14:15:00,1651481100,3999,4008.85,3977.95,3991.95,169194
2022-05-02 15:15:00,1651484700,3991.95,4004.45,3985.1,3998,147464
2022-05-04 09:15:00,1651635900,4001,4105.5,4001,4020.05,223389
2022-05-04 10:15:00,1651639500,4020.05,4029.7,3966,3975.05,113057
2022-05-04 11:15:00,1651643100,3976.8,3989.95,3791,3795,252876
2022-05-04 12:15:00,1651646700,3796.9,3849,3780,3843.15,175442
2022-05-04 13:15:00,1651650300,3842.05,3848.6,3811,3836.55,95243
2022-05-04 14:15:00,1651653900,3836.15,3849.4,3785.15,3823.2,113469
2022-05-04 15:15:00,1651657500,3822,3825,3792.15,3815,37250
2022-05-05 09:15:00,1651722300,3860,3915.25,3821,3882.05,110390
2022-05-05 10:15:00,1651725900,3882.05,3928.9,3881.8,3924.55,89766
2022-05-05 11:15:00,1651729500,3920,3974.95,3918.35,3973.25,84300
2022-05-05 12:15:00,1651733100,3972.95,3994.7,3920,3923.55,113221
2022-05-05 13:15:00,1651736700,3923.55,3970,3919.65,3944.1,69417
2022-05-05 14:15:00,1651740300,3944.1,3980,3923.05,3950,81562
2022-05-05 15:15:00,1651743900,3950.1,3960,3946.75,3952,22985
2022-05-06 09:15:00,1651808700,3850,3893,3765.2,3875,192456
2022-05-06 10:15:00,1651812300,3875.8,3997,3859.05,3948.35,130715
2022-05-06 11:15:00,1651815900,3947.45,3965.4,3861,3909.05,125413
2022-05-06 12:15:00,1651819500,3906.7,3929.95,3901,3920,33884
2022-05-06 13:15:00,1651823100,3920,3936.65,3911.1,3920.1,39500
2022-05-06 14:15:00,1651826700,3920.1,3936.75,3900,3902.35,80420
2022-05-06 15:15:00,1651830300,3904,3920,3900,3920,30417
2022-05-09 09:15:00,1652067900,3890,3896,3805.1,3889.25,77157
2022-05-09 10:15:00,1652071500,3889.25,3919,3877.6,3902.05,31273
2022-05-09 11:15:00,1652075100,3901.85,3933.1,3897.25,3905.35,32750
2022-05-09 12:15:00,1652078700,3902.45,3908.8,3848.95,3885.55,35762
2022-05-09 13:15:00,1652082300,3885.5,3889.5,3766,3820,54924
2022-05-09 14:15:00,1652085900,3820,3865,3801,3823.1,64457
2022-05-09 15:15:00,1652089500,3825.45,3831.05,3800.25,3820,19043
2022-05-10 09:15:00,1652154300,3810,3850,3547.3,3654,334451
2022-05-10 10:15:00,1652157900,3654.4,3659.5,3638,3646.45,126812
2022-05-10 11:15:00,1652161500,3646.45,3650,3580.6,3631.65,135155
2022-05-10 12:15:00,1652165100,3631.65,3658,3630,3650,65925
2022-05-10 13:15:00,1652168700,3650.7,3679,3630,3662.7,98812
2022-05-10 14:15:00,1652172300,3662.7,3688.6,3656.1,3685,105425
2022-05-10 15:15:00,1652175900,3685,3686.95,3677.15,3683,39971
2022-05-11 09:15:00,1652240700,3700,3747.6,3600,3608.5,119609
2022-05-11 10:15:00,1652244300,3608.75,3639,3590.05,3591.15,50733
2022-05-11 11:15:00,1652247900,3594,3615.25,3485.9,3491.1,163812
2022-05-11 12:15:00,1652251500,3497,3514,3428,3445.7,241962
2022-05-11 13:15:00,1652255100,3445.7,3538,3400,3518.4,184171
2022-05-11 14:15:00,1652258700,3520,3530,3495.15,3511.9,85309
2022-05-11 15:15:00,1652262300,3511.95,3522,3504.65,3515,36286
2022-05-12 09:15:00,1652327100,3494.95,3509.95,3377,3392.1,186816
2022-05-12 10:15:00,1652330700,3390.25,3418.5,3340,3344.2,105461
2022-05-12 11:15:00,1652334300,3344.15,3369,3325,3338.25,73951
2022-05-12 12:15:00,1652337900,3337.25,3338.55,3303.15,3316.85,97698
2022-05-12 13:15:00,1652341500,3316.85,3368.6,3313.1,3363.8,87561
2022-05-12 14:15:00,1652345100,3363.8,3406.6,3351.4,3405,139108
2022-05-12 15:15:00,1652348700,3405,3413.9,3386.6,3400,53326
2022-05-13 09:15:00,1652413500,3450,3484.95,3265,3275,205182
2022-05-13 10:15:00,1652417100,3275,3311.8,3255,3303.8,233895
2022-05-13 11:15:00,1652420700,3303.8,3404.45,3284.4,3391.5,196662
2022-05-13 12:15:00,1652424300,3390,3403.9,3334.25,3393.55,153794
2022-05-13 13:15:00,1652427900,3391.7,3406.7,3360.55,3379.85,118401
2022-05-13 14:15:00,1652431500,3377.35,3403,3360,3366.1,111938
2022-05-13 15:15:00,1652435100,3365,3389.95,3348.45,3351.75,46996
2022-05-16 09:15:00,1652672700,3403,3425,3326.3,3382.85,112456
2022-05-16 10:15:00,1652676300,3382.85,3395,3375.05,3382.85,32568
2022-05-16 11:15:00,1652679900,3382.85,3389,3272.7,3280.55,106554
2022-05-16 12:15:00,1652683500,3278.5,3280.05,3180.55,3255.75,212611
2022-05-16 13:15:00,1652687100,3255.7,3318,3246,3305.1,107632
2022-05-16 14:15:00,1652690700,3305.1,3361.3,3298.1,3353,93337
2022-05-16 15:15:00,1652694300,3353,3361.6,3331.15,3350,36702
2022-05-17 09:15:00,1652759100,3321,3497.7,3321,3478.2,179782
2022-05-17 10:15:00,1652762700,3482,3482.7,3446.1,3456.9,48851
2022-05-17 11:15:00,1652766300,3456.9,3517.95,3455.9,3463.85,71133
2022-05-17 12:15:00,1652769900,3463,3474.75,3458,3468.2,26296
2022-05-17 13:15:00,1652773500,3467.65,3471.1,3415.05,3453.95,49500
2022-05-17 14:15:00,1652777100,3452.05,3490,3430.7,3489,54111
2022-05-17 15:15:00,1652780700,3490,3507,3477,3498,25741
2022-05-18 09:15:00,1652845500,3540.1,3575,3487.1,3522.65,137233
2022-05-18 10:15:00,1652849100,3522.65,3523.3,3482.15,3492.9,46683
2022-05-18 11:15:00,1652852700,3492.9,3502.65,3485.65,3495,28252
2022-05-18 12:15:00,1652856300,3495,3520,3452.65,3495.75,67043
2022-05-18 13:15:00,1652859900,3495.75,3543,3495.75,3505,42358
2022-05-18 14:15:00,1652863500,3505,3531.95,3494.5,3501.4,39599
2022-05-18 15:15:00,1652867100,3501.4,3517,3495.6,3506,16400
2022-05-19 09:15:00,1652931900,3397,3455,3361.05,3407.65,96953
2022-05-19 10:15:00,1652935500,3407.65,3438.75,3404,3413.85,23352
2022-05-19 11:15:00,1652939100,3413.85,3415,3389.25,3392.55,17715
2022-05-19 12:15:00,1652942700,3392.55,3402.9,3371.25,3372,19350
2022-05-19 13:15:00,1652946300,3372,3399.9,3370.6,3377.45,19020
2022-05-19 14:15:00,1652949900,3377.45,3395.95,3374,3374,21178
2022-05-19 15:15:00,1652953500,3373,3385,3370.05,3376,15507
2022-05-20 09:15:00,1653018300,3419,3475,3410.05,3437.45,43205
2022-05-20 10:15:00,1653021900,3437.45,3439.95,3395,3426.1,33324
2022-05-20 11:15:00,1653025500,3426.15,3429,3400,3403,18721
2022-05-20 12:15:00,1653029100,3401,3412,3385.9,3408.95,16976
2022-05-20 13:15:00,1653032700,3406.8,3412.65,3395.1,3401.1,10383
2022-05-20 14:15:00,1653036300,3406.95,3438.75,3390,3432,44689
2022-05-20 15:15:00,1653039900,3432,3433.15,3412,3425,16896
2022-05-23 09:15:00,1653277500,3440,3476,3417.6,3470.4,48063
2022-05-23 10:15:00,1653281100,3470.4,3517.95,3461,3500,40696
2022-05-23 11:15:00,1653284700,3500,3508.8,3499.6,3500,10914
2022-05-23 12:15:00,1653288300,3500.35,3510,3500,3506,13418
2022-05-23 13:15:00,1653291900,3506,3517.05,3486.35,3497.25,35734
2022-05-23 14:15:00,1653295500,3497.4,3542,3497.3,3505.55,35065
2022-05-23 15:15:00,1653299100,3505.55,3510,3495,3500,18911
2022-05-24 09:15:00,1653363900,3500,3518.95,3468.05,3486,35744
2022-05-24 10:15:00,1653367500,3486,3526.6,3477.15,3492.25,25859
2022-05-24 11:15:00,1653371100,3492.25,3501.85,3475.1,3480,17208
2022-05-24 12:15:00,1653374700,3480,3495,3462.15,3467.25,12284
2022-05-24 13:15:00,1653378300,3467.25,3493.9,3457,3485.25,26485
2022-05-24 14:15:00,1653381900,3485.25,3489,3439.95,3455.25,33632
2022-05-24 15:15:00,1653385500,3455.25,3458.85,3429.55,3443,13716
2022-05-25 09:15:00,1653450300,3448,3463.85,3400,3400.85,52565
2022-05-25 10:15:00,1653453900,3400.85,3400.85,3366,3375.4,29725
2022-05-25 11:15:00,1653457500,3375.4,3380.95,3372,3376.65,24828
2022-05-25 12:15:00,1653461100,3376.65,3384.7,3310,3317.4,31327
2022-05-25 13:15:00,1653464700,3317.4,3328.9,3277.05,3324,121236
2022-05-25 14:15:00,1653468300,3324,3359,3317.15,3354.1,70873
2022-05-25 15:15:00,1653471900,3357.55,3380,3322.8,3347.7,45952
2022-05-26 09:15:00,1653536700,3385,3394.85,3293.65,3295.45,60092
2022-05-26 10:15:00,1653540300,3295.45,3304.75,3268.05,3289.55,24998
2022-05-26 11:15:00,1653543900,3289.55,3309.75,3272,3290.05,25291
2022-05-26 12:15:00,1653547500,3290.05,3343.85,3289,3336.35,15961
2022-05-26 13:15:00,1653551100,3338,3378.05,3282.15,3297.35,51491
2022-05-26 14:15:00,1653554700,3297.35,3358.9,3297.35,3356.05,40480
2022-05-26 15:15:00,1653558300,3356.05,3399,3355.35,3395,20664
2022-05-27 09:15:00,1653623100,3399,3505,3395,3435.3,73154
2022-05-27 10:15:00,1653626700,3435.3,3450,3411.05,3446,19712
2022-05-27 11:15:00,1653630300,3447.35,3470,3432.5,3435.85,13581
2022-05-27 12:15:00,1653633900,3435.85,3463.9,3432,3463.9,7789
2022-05-27 13:15:00,1653637500,3462,3464.6,3435.6,3449.65,10588
2022-05-27 14:15:00,1653641100,3449.65,3449.65,3415,3424.75,16976
2022-05-27 15:15:00,1653644700,3424.75,3432.6,3411.05,3430,11586
2022-05-30 09:15:00,1653882300,3484,3529,3460,3503,65973
2022-05-30 10:15:00,1653885900,3503,3540,3495.75,3514.9,49921
2022-05-30 11:15:00,1653889500,3514.9,3550.25,3502.05,3531.1,38174
2022-05-30 12:15:00,1653893100,3531,3580.75,3508.45,3565,53960
2022-05-30 13:15:00,1653896700,3565,3580,3534.05,3564.8,39956
2022-05-30 14:15:00,1653900300,3564.6,3883.6,3511.75,3797.85,657491
2022-05-30 15:15:00,1653903900,3795.15,3797.85,3721.05,3750,103042
2022-05-31 09:15:00,1653968700,3730,3966,3636.1,3888,813181
2022-05-31 10:15:00,1653972300,3887.15,3920,3846.7,3902,117860
2022-05-31 11:15:00,1653975900,3902,3902,3865,3887.15,53499
2022-05-31 12:15:00,1653979500,3887.15,3904.55,3830,3845.05,95898
2022-05-31 13:15:00,1653983100,3845.05,3869.65,3844.3,3853.3,41421
2022-05-31 14:15:00,1653986700,3853.5,3879.65,3830.4,3860.35,141878
2022-05-31 15:15:00,1653990300,3860,3878.95,3844.05,3855,54331
2022-06-01 09:15:00,1654055100,3885.1,3944.4,3846.6,3895.05,135598
2022-06-01 10:15:00,1654058700,3895.75,3919,3885,3892,37572
2022-06-01 11:15:00,1654062300,3892,3930,3888,3910,37312
2022-06-01 12:15:00,1654065900,3910,3915.3,3877,3881.7,19155
2022-06-01 13:15:00,1654069500,3882,3898.4,3865.2,3878,30836
2022-06-01 14:15:00,1654073100,3878,3905,3868.15,3898,30740
2022-06-01 15:15:00,1654076700,3896.55,3899.05,3881.25,3890,20193
2022-06-02 09:15:00,1654141500,3887,3919.65,3830,3910,68944
2022-06-02 10:15:00,1654145100,3910.1,3928,3892.05,3913.55,45752
2022-06-02 11:15:00,1654148700,3913.55,3921.05,3882.5,3893.5,33021
2022-06-02 12:15:00,1654152300,3893.5,3907.15,3886.2,3900.8,13365
2022-06-02 13:15:00,1654155900,3900.8,3940,3897.25,3935.5,37560
2022-06-02 14:15:00,1654159500,3935.5,3939,3907.25,3917.2,38457
2022-06-02 15:15:00,1654163100,3918.45,3924.9,3911.1,3922,20647
2022-06-03 09:15:00,1654227900,3952,3994.3,3891.3,3899.15,102205
2022-06-03 10:15:00,1654231500,3899.15,3909.5,3850,3883.9,50459
2022-06-03 11:15:00,1654235100,3881,3887.5,3867.4,3873.45,24024
2022-06-03 12:15:00,1654238700,3873.45,3878,3835.65,3839,23555
2022-06-03 13:15:00,1654242300,3838,3842.45,3800.1,3818.5,41496
2022-06-03 14:15:00,1654245900,3818.5,3825,3545.35,3663.25,267486
2022-06-03 15:15:00,1654249500,3663,3733.3,3655.4,3725,84437
2022-06-06 09:15:00,1654487100,3690,3727.9,3564.6,3596,180681
2022-06-06 10:15:00,1654490700,3596,3596.95,3562.45,3573.1,45942
2022-06-06 11:15:00,1654494300,3573.1,3587.5,3537.35,3587.5,56516
2022-06-06 12:15:00,1654497900,3587.5,3679.9,3566.3,3662,83233
2022-06-06 13:15:00,1654501500,3660.45,3688.8,3630,3657.3,58870
2022-06-06 14:15:00,1654505100,3657.3,3679.95,3639.3,3655.2,53651
2022-06-06 15:15:00,1654508700,3656.95,3691.7,3649.25,3654,37356
2022-06-07 09:15:00,1654573500,3669.2,3669.95,3585,3624,77714
2022-06-07 10:15:00,1654577100,3623.95,3633,3587.15,3590,26972
2022-06-07 11:15:00,1654580700,3590,3611.95,3570.35,3607.1,33971
2022-06-07 12:15:00,1654584300,3607.1,3635,3601.15,3606.55,27472
2022-06-07 13:15:00,1654587900,3606.55,3613.6,3583.35,3589.7,21655
2022-06-07 14:15:00,1654591500,3589.7,3625,3582.05,3614.1,42258
2022-06-07 15:15:00,1654595100,3614.05,3623.65,3600,3605,12996
2022-06-08 09:15:00,1654659900,3630,3648.4,3550.15,3600.75,66664
2022-06-08 10:15:00,1654663500,3600,3683,3592,3604.5,72172
2022-06-08 11:15:00,1654667100,3604.5,3618.85,3569.15,3614.05,44635
2022-06-08 12:15:00,1654670700,3614.05,3616,3592,3599.85,24358
2022-06-08 13:15:00,1654674300,3599.85,3599.85,3577.9,3587,14481
2022-06-08 14:15:00,1654677900,3586.45,3606.6,3580.25,3596.3,21315
2022-06-08 15:15:00,1654681500,3596.3,3598.9,3575.45,3575.65,13087
2022-06-09 09:15:00,1654746300,3555,3612.1,3550,3582.6,33142
2022-06-09 10:15:00,1654749900,3582.6,3619.5,3575,3587,19554
2022-06-09 11:15:00,1654753500,3587,3587.65,3567.65,3585,11395
2022-06-09 12:15:00,1654757100,3585,3603,3580.05,3592.65,24069
2022-06-09 13:15:00,1654760700,3592.65,3618.75,3587.6,3614.2,20038
2022-06-09 14:15:00,1654764300,3614.2,3615.9,3597.1,3599.9,17799
2022-06-09 15:15:00,1654767900,3600.05,3642,3599.9,3627,13965
2022-06-10 09:15:00,1654832700,3555,3595,3555,3589.8,30964
2022-06-10 10:15:00,1654836300,3589.8,3623.9,3586.85,3604.6,23013
2022-06-10 11:15:00,1654839900,3604.6,3610,3581,3608,9539
2022-06-10 12:15:00,1654843500,3608,3609.95,3590,3600,13244
2022-06-10 13:15:00,1654847100,3600,3621,3596,3602.55,23727
2022-06-10 14:15:00,1654850700,3602.55,3623,3599,3605.9,20801
2022-06-10 15:15:00,1654854300,3606.3,3611,3596.4,3604.25,8755
2022-06-13 09:15:00,1655091900,3540,3540,3480.1,3500.2,58938
2022-06-13 10:15:00,1655095500,3500.2,3508.15,3472.35,3488.6,36952
2022-06-13 11:15:00,1655099100,3488.6,3513.1,3486,3503.85,8432
2022-06-13 12:15:00,1655102700,3504.5,3514.45,3492.35,3502.75,19579
2022-06-13 13:15:00,1655106300,3502.7,3513,3470.05,3478,18073
2022-06-13 14:15:00,1655109900,3477.5,3503.05,3470,3495.4,34360
2022-06-13 15:15:00,1655113500,3495.4,3528.3,3454.3,3528.3,20325
2022-06-14 09:15:00,1655178300,3511,3552,3489,3529.3,56053
2022-06-14 10:15:00,1655181900,3529.3,3544,3496.45,3532.5,47132
2022-06-14 11:15:00,1655185500,3532.2,3538.6,3498,3504.3,26651
2022-06-14 12:15:00,1655189100,3504.3,3508.95,3461.45,3489.65,44949
2022-06-14 13:15:00,1655192700,3489.25,3495,3404.05,3417.95,46045
2022-06-14 14:15:00,1655196300,3418,3438.7,3403.05,3417.5,42064
2022-06-14 15:15:00,1655199900,3417.5,3418,3400.05,3413,19813
2022-06-15 09:15:00,1655264700,3414,3479,3404.05,3478.25,48796
2022-06-15 10:15:00,1655268300,3475.35,3521.95,3455.05,3468.8,43222
2022-06-15 11:15:00,1655271900,3468.8,3485.95,3456.55,3477.4,13688
2022-06-15 12:15:00,1655275500,3477.4,3486.7,3469.05,3481.2,10990
2022-06-15 13:15:00,1655279100,3481.2,3499,3461,3462,113794
2022-06-15 14:15:00,1655282700,3462,3476.9,3445,3457,24066
2022-06-15 15:15:00,1655286300,3456.05,3472,3455.1,3461,11118
2022-06-16 09:15:00,1655351100,3500,3557,3495,3518.5,48352
2022-06-16 10:15:00,1655354700,3518.5,3535,3505,3512.8,21891
2022-06-16 11:15:00,1655358300,3512.8,3515.45,3440,3455.9,32503
2022-06-16 12:15:00,1655361900,3455.9,3465,3364.75,3370.45,65322
2022-06-16 13:15:00,1655365500,3371.95,3395.15,3294.25,3357.05,79216
2022-06-16 14:15:00,1655369100,3357.05,3368,3326.15,3342.3,55474
2022-06-16 15:15:00,1655372700,3340,3366.6,3336.65,3351.2,20658
2022-06-17 09:15:00,1655437500,3320.25,3394.3,3275,3317.1,90749
2022-06-17 10:15:00,1655441100,3317.1,3358.8,3308.5,3335.65,21835
2022-06-17 11:15:00,1655444700,3335.65,3356.95,3317.8,3349.35,22032
2022-06-17 12:15:00,1655448300,3349.35,3381.95,3329.25,3337,30154
2022-06-17 13:15:00,1655451900,3337,3391.25,3333,3358.3,25454
2022-06-17 14:15:00,1655455500,3358.3,3400.2,3329.05,3349.85,63484
2022-06-17 15:15:00,1655459100,3349.85,3379.95,3342.6,3368.45,18142
2022-06-20 09:15:00,1655696700,3392.3,3398.7,3260.3,3311.8,66233
2022-06-20 10:15:00,1655700300,3311.8,3322,3282.65,3317.1,22837
2022-06-20 11:15:00,1655703900,3317.1,3353.95,3311,3331.75,23077
2022-06-20 12:15:00,1655707500,3331.75,3383.6,3315,3317.65,32147
2022-06-20 13:15:00,1655711100,3317.65,3340,3291.7,3306.3,150717
2022-06-20 14:15:00,1655714700,3308,3350,3260,3350,53815
2022-06-20 15:15:00,1655718300,3350,3353.05,3315,3315,11659
2022-06-21 09:15:00,1655783100,3391.95,3469.9,3356,3458.95,125305
2022-06-21 10:15:00,1655786700,3458.95,3459.5,3401.2,3444.95,46073
2022-06-21 11:15:00,1655790300,3444.95,3457.15,3422.15,3455,26385
2022-06-21 12:15:00,1655793900,3455,3479.55,3443.7,3458,32169
2022-06-21 13:15:00,1655797500,3456.8,3467.05,3444.2,3463.1,20113
2022-06-21 14:15:00,1655801100,3463.1,3470,3443.65,3464.5,23771
2022-06-21 15:15:00,1655804700,3462,3469.4,3457.05,3466,17153
2022-06-22 09:15:00,1655869500,3400,3418.5,3250.25,3351.95,428873
2022-06-22 10:15:00,1655873100,3351.95,3380.75,3339.1,3370,82987
2022-06-22 11:15:00,1655876700,3370,3374,3345,3360,39591
2022-06-22 12:15:00,1655880300,3360,3368.05,3337.95,3347.95,47768
2022-06-22 13:15:00,1655883900,3347.95,3357.95,3340,3340.15,30207
2022-06-22 14:15:00,1655887500,3340.05,3375,3325,3374.1,70304
2022-06-22 15:15:00,1655891100,3374.1,3375,3357.95,3371,44819
2022-06-23 09:15:00,1655955900,3365,3436,3330.95,3415.75,79018
2022-06-23 10:15:00,1655959500,3415.75,3416.4,3381.8,3383.8,47041
2022-06-23 11:15:00,1655963100,3383.8,3397.85,3346,3379.15,45120
2022-06-23 12:15:00,1655966700,3379.15,3381.95,3343.3,3360,26353
2022-06-23 13:15:00,1655970300,3360,3388.7,3356,3363.8,43127
2022-06-23 14:15:00,1655973900,3363.8,3397,3357.6,3395,49325
2022-06-23 15:15:00,1655977500,3393.5,3405,3390,3400,19092
2022-06-24 09:15:00,1656042300,3420,3541.95,3420,3523.9,150854
2022-06-24 10:15:00,1656045900,3523.9,3524.65,3470,3476.7,75335
2022-06-24 11:15:00,1656049500,3476.7,3510.65,3471.75,3500.5,42787
2022-06-24 12:15:00,1656053100,3500.5,3516.5,3494.45,3503.95,24210
2022-06-24 13:15:00,1656056700,3503.95,3511.95,3495.35,3503.85,14121
2022-06-24 14:15:00,1656060300,3504.35,3521.9,3497,3517,38217
2022-06-24 15:15:00,1656063900,3517,3549.85,3516,3546.5,34596
2022-06-27 09:15:00,1656301500,3597,3660,3570,3608.85,138546
2022-06-27 10:15:00,1656305100,3609.3,3615.15,3596.25,3606.35,25351
2022-06-27 11:15:00,1656308700,3606.35,3619.6,3602,3610.55,13933
2022-06-27 12:15:00,1656312300,3610.55,3650,3609,3634.5,31781
2022-06-27 13:15:00,1656315900,3634.5,3643.9,3628.85,3633,23203
2022-06-27 14:15:00,1656319500,3633,3642.95,3603,3636.9,43789
2022-06-27 15:15:00,1656323100,3636.9,3648,3633.3,3641.95,24422
2022-06-28 09:15:00,1656387900,3640,3640,3591.1,3615.05,50761
2022-06-28 10:15:00,1656391500,3615.05,3629.95,3606.8,3624.7,13048
2022-06-28 11:15:00,1656395100,3624.5,3695,3622,3677.05,82299
2022-06-28 12:15:00,1656398700,3677.05,3689,3642.35,3648.3,28692
2022-06-28 13:15:00,1656402300,3648.3,3668.9,3640.1,3658.25,23219
2022-06-28 14:15:00,1656405900,3658.25,3676,3653.05,3655.9,26605
2022-06-28 15:15:00,1656409500,3655.9,3679.35,3654.5,3668.1,26340
2022-06-29 09:15:00,1656474300,3615,3649.95,3595.15,3642.8,50472
2022-06-29 10:15:00,1656477900,3642.8,3664.8,3628,3633.85,23151
2022-06-29 11:15:00,1656481500,3633.85,3649.2,3625.55,3642,16314
2022-06-29 12:15:00,1656485100,3642,3651.6,3617,3643.6,20545
2022-06-29 13:15:00,1656488700,3645,3674.55,3639.25,3672.5,21947
2022-06-29 14:15:00,1656492300,3672.5,3724.3,3637.35,3638,109037
2022-06-29 15:15:00,1656495900,3638,3680.75,3608.3,3632,58710
2022-06-30 09:15:00,1656560700,3650.9,3688.5,3630,3640.8,37852
2022-06-30 10:15:00,1656564300,3640.8,3654,3603.65,3603.65,32353
2022-06-30 11:15:00,1656567900,3603.65,3640.15,3601.55,3612.35,18479
2022-06-30 12:15:00,1656571500,3612.35,3623.3,3595,3601.4,36797
2022-06-30 13:15:00,1656575100,3601.4,3624.5,3593.3,3616.95,20503
2022-06-30 14:15:00,1656578700,3616.95,3616.95,3579.45,3582,40801
2022-06-30 15:15:00,1656582300,3582,3588.65,3525.75,3563,29812
2022-07-01 09:15:00,1656647100,3575,3581.4,3521.25,3528.7,45970
2022-07-01 10:15:00,1656650700,3528.7,3600,3517,3561.2,37719
2022-07-01 11:15:00,1656654300,3561.7,3580.95,3541.8,3574.05,14569
2022-07-01 12:15:00,1656657900,3574.05,3594.65,3560,3588.3,15409
2022-07-01 13:15:00,1656661500,3588.3,3604.9,3582.8,3584.95,13000
2022-07-01 14:15:00,1656665100,3584.95,3606.75,3571.55,3594.95,20091
2022-07-01 15:15:00,1656668700,3597.9,3603.3,3567.6,3594,10907
2022-07-04 09:15:00,1656906300,3564.75,3606.3,3548,3558.05,34391
2022-07-04 10:15:00,1656909900,3555.8,3575.6,3555.45,3567.4,10226
2022-07-04 11:15:00,1656913500,3567.4,3579.6,3558.1,3563.2,9229
2022-07-04 12:15:00,1656917100,3563.2,3598.5,3560,3578,17165
2022-07-04 13:15:00,1656920700,3578,3582.85,3565,3568.1,10958
2022-07-04 14:15:00,1656924300,3568.1,3612.75,3565,3591.4,25040
2022-07-04 15:15:00,1656927900,3591.4,3602,3585.05,3600,11776
2022-07-05 09:15:00,1656992700,3614.1,3629,3530.25,3563.9,77115
2022-07-05 10:15:00,1656996300,3563.9,3593.65,3515,3567.5,89128
2022-07-05 11:15:00,1656999900,3567.5,3583.4,3558.2,3563,35527
2022-07-05 12:15:00,1657003500,3563,3582,3555,3562.75,34178
2022-07-05 13:15:00,1657007100,3562.75,3567.65,3525.05,3539.8,30784
2022-07-05 14:15:00,1657010700,3539.8,3550,3518.85,3518.95,33756
2022-07-05 15:15:00,1657014300,3519.05,3535,3511,3515.85,19457
2022-07-06 09:15:00,1657079100,3508,3595,3508,3569.3,58868
2022-07-06 10:15:00,1657082700,3569.25,3571.05,3550.85,3561.1,9593
2022-07-06 11:15:00,1657086300,3561.1,3571.8,3530.2,3537,19138
2022-07-06 12:15:00,1657089900,3537,3573.1,3537,3558.45,16853
2022-07-06 13:15:00,1657093500,3558.45,3580,3547,3572,22020
2022-07-06 14:15:00,1657097100,3572,3680,3570.7,3679.75,110281
2022-07-06 15:15:00,1657100700,3678,3681.5,3657.8,3671.9,24664
2022-07-07 09:15:00,1657165500,3684.95,3700,3652.4,3662.4,49365
2022-07-07 10:15:00,1657169100,3664,3729.95,3662.25,3698.5,49396
2022-07-07 11:15:00,1657172700,3698.5,3711.95,3685.15,3701,15924
2022-07-07 12:15:00,1657176300,3701,3709.5,3689.9,3705.1,11874
2022-07-07 13:15:00,1657179900,3705.1,3708.9,3696.25,3700,16091
2022-07-07 14:15:00,1657183500,3700,3727.4,3697.05,3706.9,34508
2022-07-07 15:15:00,1657187100,3706.9,3710,3702,3705,13526
2022-07-08 09:15:00,1657251900,3724.5,3740,3682.6,3688.9,38389
2022-07-08 10:15:00,1657255500,3688.9,3695.6,3625,3631,92331
2022-07-08 11:15:00,1657259100,3630,3639,3618,3634.65,25979
2022-07-08 12:15:00,1657262700,3634.65,3648,3629.15,3638.9,14411
2022-07-08 13:15:00,1657266300,3638.9,3655.9,3636.05,3644.35,15469
2022-07-08 14:15:00,1657269900,3644.35,3669.95,3625.7,3669.4,42211
2022-07-08 15:15:00,1657273500,3669.4,3669.45,3648.15,3650,14031
2022-07-11 09:15:00,1657511100,3621.15,3723.3,3621.15,3708.05,47962
2022-07-11 10:15:00,1657514700,3708.05,3715,3685.05,3695.95,13466
2022-07-11 11:15:00,1657518300,3695.95,3719,3680.5,3708.1,13791
2022-07-11 12:15:00,1657521900,3708.1,3719.5,3700,3717.6,11114
2022-07-11 13:15:00,1657525500,3717.15,3748.7,3715.95,3733.9,43234
2022-07-11 14:15:00,1657529100,3732.4,3747.1,3726.5,3742.5,24895
2022-07-11 15:15:00,1657532700,3743.45,3749.9,3732.75,3745,17288
2022-07-12 09:15:00,1657597500,3745.65,3859.8,3724.2,3832.05,249392
2022-07-12 10:15:00,1657601100,3832.05,3852.55,3814.1,3835,61990
2022-07-12 11:15:00,1657604700,3835,3856,3829.65,3844.85,35187
2022-07-12 12:15:00,1657608300,3844.85,3882,3830,3881,115697
2022-07-12 13:15:00,1657611900,3879,3889.8,3854.3,3884.9,93118
2022-07-12 14:15:00,1657615500,3885,3921.7,3865,3878,178073
2022-07-12 15:15:00,1657619100,3878,3880,3856,3859,34012
2022-07-13 09:15:00,1657683900,3897.6,3913,3856.4,3901.95,111923
2022-07-13 10:15:00,1657687500,3900,3908.35,3877,3889.1,55382
2022-07-13 11:15:00,1657691100,3889.1,3891.8,3843,3861,40385
2022-07-13 12:15:00,1657694700,3860.15,3880,3838.15,3848.95,45516
2022-07-13 13:15:00,1657698300,3848.95,3859,3842.05,3845.7,20989
2022-07-13 14:15:00,1657701900,3845.7,3875.95,3813.95,3815,52097
2022-07-13 15:15:00,1657705500,3813.9,3819.7,3807,3814,27726
2022-07-14 09:15:00,1657770300,3850,3850,3775,3781.5,38006
2022-07-14 10:15:00,1657773900,3781.5,3787.65,3750.55,3762.4,25750
2022-07-14 11:15:00,1657777500,3762.4,3762.9,3715,3732.35,26409
2022-07-14 12:15:00,1657781100,3732.35,3750,3726.25,3735.05,20796
2022-07-14 13:15:00,1657784700,3735.05,3741.95,3711.05,3714.3,20164
2022-07-14 14:15:00,1657788300,3714.3,3725,3685.6,3699.95,40781
2022-07-14 15:15:00,1657791900,3699.6,3714.65,3690.5,3713,27859
2022-07-15 09:15:00,1657856700,3703,3746.9,3703,3745.7,33657
2022-07-15 10:15:00,1657860300,3745.7,3755.55,3718,3727.2,23578
2022-07-15 11:15:00,1657863900,3727.2,3746,3722.1,3731.25,7298
2022-07-15 12:15:00,1657867500,3731.25,3745,3719.75,3741.4,7338
2022-07-15 13:15:00,1657871100,3741.4,3743.95,3735,3735.2,6051
2022-07-15 14:15:00,1657874700,3735.25,3752,3735.25,3747.8,28957
2022-07-15 15:15:00,1657878300,3747.8,3752,3730.35,3733.9,17769
2022-07-18 09:15:00,1658115900,3764.65,3839.9,3760,3819.9,74735
2022-07-18 10:15:00,1658119500,3819.9,3826,3812.25,3819.9,30586
2022-07-18 11:15:00,1658123100,3819.9,3821.85,3812.85,3820,190179
2022-07-18 12:15:00,1658126700,3818.9,3850,3814.15,3842.7,30970
2022-07-18 13:15:00,1658130300,3842.7,3845.6,3824.6,3832.35,17253
2022-07-18 14:15:00,1658133900,3832.35,3834.05,3801.7,3812,35337
2022-07-18 15:15:00,1658137500,3812,3823.5,3801.6,3819.95,16195
2022-07-19 09:15:00,1658202300,3824,3835.95,3792,3833,37315
2022-07-19 10:15:00,1658205900,3834,3834.9,3816,3831.7,6652
2022-07-19 11:15:00,1658209500,3831.7,3850,3800,3820.05,26955
2022-07-19 12:15:00,1658213100,3820.05,3824.25,3811.1,3814.95,4880
2022-07-19 13:15:00,1658216700,3813.3,3820,3807.15,3814.65,6842
2022-07-19 14:15:00,1658220300,3812,3822.85,3807,3819.9,21391
2022-07-19 15:15:00,1658223900,3819.9,3819.9,3798.25,3802.8,10773
2022-07-20 09:15:00,1658288700,3855,3878,3836,3871,42213
2022-07-20 10:15:00,1658292300,3871,3895.95,3864.5,3885,38091
2022-07-20 11:15:00,1658295900,3885,3886.95,3853,3861.75,30764
2022-07-20 12:15:00,1658299500,3861.5,3874,3851,3851.2,17067
2022-07-20 13:15:00,1658303100,3851.2,3910,3851,3905.95,36140
2022-07-20 14:15:00,1658306700,3905.95,3957,3902.2,3936.95,144419
2022-07-20 15:15:00,1658310300,3935,3939.9,3914,3918,22778
2022-07-21 09:15:00,1658375100,3945.95,4019.5,3891.55,4005.45,198857
2022-07-21 10:15:00,1658378700,4008,4015.5,3995,4013.05,45428
2022-07-21 11:15:00,1658382300,4013.05,4019.2,3997.15,4015,21994
2022-07-21 12:15:00,1658385900,4015,4016.9,3980,3985,30156
2022-07-21 13:15:00,1658389500,3985,3985,3955.45,3969.2,34617
2022-07-21 14:15:00,1658393100,3969.2,3974,3940.05,3954.85,33626
2022-07-21 15:15:00,1658396700,3952.9,3956.95,3937.75,3949,27057
2022-07-22 09:15:00,1658461500,3970,4005,3912.6,3927.3,65370
2022-07-22 10:15:00,1658465100,3927.5,3937.55,3905,3913,16270
2022-07-22 11:15:00,1658468700,3913,3913.95,3832,3860,69731
2022-07-22 12:15:00,1658472300,3860,3874.8,3851,3861.35,21466
2022-07-22 13:15:00,1658475900,3861.35,3869,3848,3857.75,23051
2022-07-22 14:15:00,1658479500,3857.75,3876.65,3848.85,3857.55,33477
2022-07-22 15:15:00,1658483100,3857.55,3860,3846.3,3850.15,17104
2022-07-25 09:15:00,1658720700,3850,3855,3782.9,3802.1,66780
2022-07-25 10:15:00,1658724300,3804.05,3804.05,3772.3,3774.6,24654
2022-07-25 11:15:00,1658727900,3774.6,3788.6,3765.1,3777.95,16358
2022-07-25 12:15:00,1658731500,3777.95,3782.2,3760.85,3772.65,19663
2022-07-25 13:15:00,1658735100,3772.65,3779.75,3765.15,3776,13864
2022-07-25 14:15:00,1658738700,3776,3782,3761.25,3763,29692
2022-07-25 15:15:00,1658742300,3763,3768.95,3753,3765.8,16300
2022-07-26 09:15:00,1658807100,3775.05,3810,3723.15,3733.9,74312
2022-07-26 10:15:00,1658810700,3733.9,3734.85,3701,3703.75,19479
2022-07-26 11:15:00,1658814300,3703.75,3714,3689.85,3701,26974
2022-07-26 12:15:00,1658817900,3701.15,3731.8,3699,3710.65,17701
2022-07-26 13:15:00,1658821500,3709,3720,3694.35,3706.1,23335
2022-07-26 14:15:00,1658825100,3706.1,3710.95,3675.95,3678.35,34716
2022-07-26 15:15:00,1658828700,3678.35,3694,3673,3687,16169
2022-07-27 09:15:00,1658893500,3685.95,3699.95,3615.3,3688,86763
2022-07-27 10:15:00,1658897100,3688,3723.45,3670.8,3703.25,37117
2022-07-27 11:15:00,1658900700,3703.25,3724.8,3698.65,3719.5,17817
2022-07-27 12:15:00,1658904300,3719.5,3738,3717.3,3727.6,22949
2022-07-27 13:15:00,1658907900,3726.95,3733.85,3701,3716.9,17863
2022-07-27 14:15:00,1658911500,3716.9,3732.95,3684,3690.25,29898
2022-07-27 15:15:00,1658915100,3690,3700,3685,3698,21180
2022-07-28 09:15:00,1658979900,3690,3702,3550,3636.7,324324
2022-07-28 10:15:00,1658983500,3636.7,3651.9,3620,3621.95,67395
2022-07-28 11:15:00,1658987100,3621.95,3624.85,3595,3603.25,73567
2022-07-28 12:15:00,1658990700,3603.25,3603.25,3585.65,3598.15,50364
2022-07-28 13:15:00,1658994300,3599,3599.85,3580,3581.2,37030
2022-07-28 14:15:00,1658997900,3581.2,3599.95,3570,3582.3,83853
2022-07-28 15:15:00,1659001500,3585,3585,3570.05,3574.1,46275
2022-07-29 09:15:00,1659066300,3616,3641.75,3590,3619.5,97960
2022-07-29 10:15:00,1659069900,3619.5,3681,3588.5,3655.15,117424
2022-07-29 11:15:00,1659073500,3658.1,3688.8,3657.45,3686.55,75050
2022-07-29 12:15:00,1659077100,3686.55,3706.95,3685,3702,66220
2022-07-29 13:15:00,1659080700,3702,3709.8,3668.1,3696.95,54600
2022-07-29 14:15:00,1659084300,3696.95,3709,3689,3705.05,45647
2022-07-29 15:15:00,1659087900,3705,3706.3,3681.05,3696.9,19201
2022-08-01 09:15:00,1659325500,3720,3788,3696.9,3784,92936
2022-08-01 10:15:00,1659329100,3784,3796,3761.1,3774.35,33069
2022-08-01 11:15:00,1659332700,3774.8,3775,3734.35,3748.95,26827
2022-08-01 12:15:00,1659336300,3746.85,3760.5,3736.4,3740,21334
2022-08-01 13:15:00,1659339900,3740,3749,3726,3745.85,17495
2022-08-01 14:15:00,1659343500,3745.7,3767,3741.55,3750.05,35044
2022-08-01 15:15:00,1659347100,3750,3756.1,3735.25,3741,15254
2022-08-02 09:15:00,1659411900,3741,3817,3713.8,3761.4,72263
2022-08-02 10:15:00,1659415500,3763.7,3791.95,3760,3773,21508
2022-08-02 11:15:00,1659419100,3773,3784.95,3760.9,3761.95,12305
2022-08-02 12:15:00,1659422700,3762.15,3777,3741,3773,21752
2022-08-02 13:15:00,1659426300,3773,3793.6,3771.2,3783.95,21141
2022-08-02 14:15:00,1659429900,3783.95,3787.25,3772.1,3777.2,22899
2022-08-02 15:15:00,1659433500,3779.05,3780.95,3765.6,3769.6,14430
2022-08-03 09:15:00,1659498300,3774,3798,3742.1,3767.8,42919
2022-08-03 10:15:00,1659501900,3767.8,3767.8,3736,3743,19477
2022-08-03 11:15:00,1659505500,3743,3744.95,3717.8,3719,22628
2022-08-03 12:15:00,1659509100,3718,3754.85,3716,3749.55,16105
2022-08-03 13:15:00,1659512700,3749.55,3757.25,3730.75,3749.1,15957
2022-08-03 14:15:00,1659516300,3749.1,3762.3,3741,3752.9,23743
2022-08-03 15:15:00,1659519900,3752.95,3760,3745.35,3755,11124
2022-08-04 09:15:00,1659584700,3780.3,3859.7,3775,3846.9,166215
2022-08-04 10:15:00,1659588300,3846.9,3867,3835.95,3841.7,58729
2022-08-04 11:15:00,1659591900,3840,3842.8,3760.05,3804.75,89006
2022-08-04 12:15:00,1659595500,3804.75,3830,3801.1,3821,24173
2022-08-04 13:15:00,1659599100,3821,3845,3818.3,3843.7,34877
2022-08-04 14:15:00,1659602700,3843.7,3848,3810.05,3835.8,31774
2022-08-04 15:15:00,1659606300,3835.8,3841.95,3830,3830,17887
2022-08-05 09:15:00,1659671100,3845,3855,3825,3841.95,106118
2022-08-05 10:15:00,1659674700,3841.95,3850,3829,3840,10280
2022-08-05 11:15:00,1659678300,3840,3849.65,3835,3840,15518
2022-08-05 12:15:00,1659681900,3840,3850,3835.55,3846.2,12215
2022-08-05 13:15:00,1659685500,3846.2,3860,3838.65,3841.3,23961
2022-08-05 14:15:00,1659689100,3841.3,3846.25,3823.4,3828.4,32552
2022-08-05 15:15:00,1659692700,3825.75,3830,3818,3819.2,10362
2022-08-08 09:15:00,1659930300,3827.3,3862,3809.05,3844.45,42811
2022-08-08 10:15:00,1659933900,3844.25,3854.7,3834,3838.8,9959
2022-08-08 11:15:00,1659937500,3838.8,3841.9,3830,3835,10111
2022-08-08 12:15:00,1659941100,3835,3837,3820.7,3824.05,10874
2022-08-08 13:15:00,1659944700,3824.05,3826.05,3700,3816.3,127464
2022-08-08 14:15:00,1659948300,3816,3823.4,3790,3793.05,78632
2022-08-08 15:15:00,1659951900,3793.05,3813.4,3790,3805.05,20126
2022-08-10 09:15:00,1660103100,3794.1,3843.6,3751,3822.1,58818
2022-08-10 10:15:00,1660106700,3822.1,3899,3815,3899,91574
2022-08-10 11:15:00,1660110300,3898.1,3915.2,3876.8,3876.85,80333
2022-08-10 12:15:00,1660113900,3876.85,3879.6,3862.2,3866.15,20776
2022-08-10 13:15:00,1660117500,3865.95,3868.35,3846,3855,15448
2022-08-10 14:15:00,1660121100,3855,3857.5,3843,3845,29217
2022-08-10 15:15:00,1660124700,3845,3847.35,3841.5,3845.35,18220
2022-08-11 09:15:00,1660189500,3890,4007.8,3875,3932,266881
2022-08-11 10:15:00,1660193100,3932,3944.95,3891,3892.2,72468
2022-08-11 11:15:00,1660196700,3892.2,3923.95,3891.5,3916.15,34626
2022-08-11 12:15:00,1660200300,3916.15,3923,3904.1,3904.1,15271
2022-08-11 13:15:00,1660203900,3904.1,3915,3869.95,3875.2,40325
2022-08-11 14:15:00,1660207500,3871.35,3895,3871.25,3877.6,45267
2022-08-11 15:15:00,1660211100,3877,3888.85,3866,3876.95,29433
2022-08-12 09:15:00,1660275900,3894.9,3894.9,3815.35,3863.5,64157
2022-08-12 10:15:00,1660279500,3860.7,3881.7,3852.2,3874.3,20612
2022-08-12 11:15:00,1660283100,3874.3,3875,3839.45,3839.7,14801
2022-08-12 12:15:00,1660286700,3839.7,3851.4,3827.45,3834.2,17435
2022-08-12 13:15:00,1660290300,3835,3838.6,3825,3834,17406
2022-08-12 14:15:00,1660293900,3834.55,3838,3821,3827.5,25680
2022-08-12 15:15:00,1660297500,3828,3846.6,3827.2,3840,15310
2022-08-16 09:15:00,1660621500,3875,3875,3792,3811.8,75789
2022-08-16 10:15:00,1660625100,3811.8,3837.95,3811.75,3834.95,21068
2022-08-16 11:15:00,1660628700,3834.95,3847.45,3828.35,3834.15,14117
2022-08-16 12:15:00,1660632300,3834.15,3847.45,3830,3831.45,11153
2022-08-16 13:15:00,1660635900,3831.45,3920,3830,3898.4,87852
2022-08-16 14:15:00,1660639500,3898.4,3907.1,3886.1,3897.2,29406
2022-08-16 15:15:00,1660643100,3897.2,3905,3896.8,3902,15961
2022-08-17 09:15:00,1660707900,3916,3960,3904.05,3950,90068
2022-08-17 10:15:00,1660711500,3950,4020,3947,4018,191749
2022-08-17 11:15:00,1660715100,4018,4034.4,4005,4025.95,102857
2022-08-17 12:15:00,1660718700,4025.95,4055,4018,4035,102994
2022-08-17 13:15:00,1660722300,4034,4039.2,4011,4015,54575
2022-08-17 14:15:00,1660725900,4015,4025.95,3996.85,3998.25,54838
2022-08-17 15:15:00,1660729500,3998.3,4011.7,3997.4,4003.95,25667
2022-08-18 09:15:00,1660794300,4015,4112.3,4006.15,4078,285963
2022-08-18 10:15:00,1660797900,4077.8,4118,4076,4086.2,126375
2022-08-18 11:15:00,1660801500,4086.2,4087.05,4055,4070.65,55157
2022-08-18 12:15:00,1660805100,4070.65,4090,4065,4084.7,33437
2022-08-18 13:15:00,1660808700,4083,4085,4070.9,4079.8,30812
2022-08-18 14:15:00,1660812300,4079.8,4086,4064.05,4070.85,56627
2022-08-18 15:15:00,1660815900,4070.85,4073.55,4060,4060.1,28008
2022-08-19 09:15:00,1660880700,4093.95,4115,4066,4076.2,75228
2022-08-19 10:15:00,1660884300,4076.2,4078.55,4012.85,4020.5,54922
2022-08-19 11:15:00,1660887900,4020.5,4035,3970,3987,50768
2022-08-19 12:15:00,1660891500,3987,4025,3938.65,4018.35,52308
2022-08-19 13:15:00,1660895100,4018,4041.95,3984.4,4005.15,39193
2022-08-19 14:15:00,1660898700,4005.15,4024.85,3990,3996,32984
2022-08-19 15:15:00,1660902300,3995.35,3996,3962.05,3965,20617
2022-08-22 09:15:00,1661139900,3984.95,4015.95,3875,4000,98314
2022-08-22 10:15:00,1661143500,4000,4059.5,3996,4059.5,66917
2022-08-22 11:15:00,1661147100,4059.5,4074.95,4017.05,4029.1,67870
2022-08-22 12:15:00,1661150700,4027.75,4044.8,4007,4021.05,30682
2022-08-22 13:15:00,1661154300,4025,4033.7,4010,4023.7,20356
2022-08-22 14:15:00,1661157900,4022,4048.95,4015,4027.55,45422
2022-08-22 15:15:00,1661161500,4027.55,4046.9,4026.2,4040,27905
2022-08-23 09:15:00,1661226300,3980,4150,3976,4027.8,293859
2022-08-23 10:15:00,1661229900,4021.5,4035.85,3960.1,3989,70105
2022-08-23 11:15:00,1661233500,3989,4019.9,3987.25,4009.3,25139
2022-08-23 12:15:00,1661237100,4009.5,4043.9,4008,4026.5,18573
2022-08-23 13:15:00,1661240700,4026.5,4039,4015,4035.75,18115
2022-08-23 14:15:00,1661244300,4035.75,4056.95,4031.35,4056.95,49712
2022-08-23 15:15:00,1661247900,4056.95,4063,4046.45,4053,19488
2022-08-24 09:15:00,1661312700,4069,4145,4051.3,4145,148793
2022-08-24 10:15:00,1661316300,4145,4146.75,4122.5,4135.2,62665
2022-08-24 11:15:00,1661319900,4135.2,4138,4092.65,4099,70829
2022-08-24 12:15:00,1661323500,4099,4105,4070.1,4075.65,32500
2022-08-24 13:15:00,1661327100,4075.65,4101.75,4072.95,4095,29436
2022-08-24 14:15:00,1661330700,4095,4101,4086.55,4095.45,32106
2022-08-24 15:15:00,1661334300,4095.45,4096,4080,4080.7,17434
2022-08-25 09:15:00,1661399100,4120.75,4144.95,4108,4113.6,59509
2022-08-25 10:15:00,1661402700,4113.6,4123.7,4095,4109.95,27603
2022-08-25 11:15:00,1661406300,4109.95,4110.95,4085,4103.25,21938
2022-08-25 12:15:00,1661409900,4103.25,4105.5,4087,4091.05,13198
2022-08-25 13:15:00,1661413500,4091.05,4130,4081.9,4128.95,47489
2022-08-25 14:15:00,1661417100,4128.95,4142.7,4065.1,4068.3,71318
2022-08-25 15:15:00,1661420700,4066.3,4081.9,4060,4070,19672
2022-08-26 09:15:00,1661485500,4090,4174.55,4089.95,4103,165505
2022-08-26 10:15:00,1661489100,4103,4110.5,4083,4085,30749
2022-08-26 11:15:00,1661492700,4085,4128,4084,4122.2,32066
2022-08-26 12:15:00,1661496300,4122.2,4138,4104.05,4115,48384
2022-08-26 13:15:00,1661499900,4116.15,4123.35,4095,4102,17302
2022-08-26 14:15:00,1661503500,4102,4105.45,4065,4081.5,40090
2022-08-26 15:15:00,1661507100,4082.6,4084,4056,4073.8,32459
2022-08-29 09:15:00,1661744700,3925,4038,3922,4015.05,70010
2022-08-29 10:15:00,1661748300,4012.9,4032,3996.85,4009.7,23896
2022-08-29 11:15:00,1661751900,4009.7,4028.95,3995,4002.3,24704
2022-08-29 12:15:00,1661755500,4002.3,4005.55,3977,3986.35,22461
2022-08-29 13:15:00,1661759100,3984.55,3986.7,3961.1,3969.15,25637
2022-08-29 14:15:00,1661762700,3969.15,3978.9,3953.7,3973.9,27863
2022-08-29 15:15:00,1661766300,3974.9,3996.4,3970.25,3996.4,21990
2022-08-30 09:15:00,1661831100,4079.95,4104.95,4031.05,4070.05,109752
2022-08-30 10:15:00,1661834700,4070.05,4083.85,4057.7,4075.65,27629
2022-08-30 11:15:00,1661838300,4075.65,4077.95,4062.45,4069.9,8369
2022-08-30 12:15:00,1661841900,4069.9,4086,4060.1,4085.75,23604
2022-08-30 13:15:00,1661845500,4085.75,4089,4069.3,4075,17794
2022-08-30 14:15:00,1661849100,4075,4100,4055,4100,61678
2022-08-30 15:15:00,1661852700,4100,4122.05,4097.5,4109.95,42338
2022-09-01 09:15:00,1662003900,4097.5,4097.5,4006.05,4072.8,102269
2022-09-01 10:15:00,1662007500,4072.8,4092,4049.7,4050.05,29565
2022-09-01 11:15:00,1662011100,4050.15,4063.7,4036.15,4062.3,17499
2022-09-01 12:15:00,1662014700,4062.3,4063.7,4047.4,4047.65,10151
2022-09-01 13:15:00,1662018300,4047.65,4058.9,4044,4058,13375
2022-09-01 14:15:00,1662021900,4058,4074,4051.85,4066.15,28642
2022-09-01 15:15:00,1662025500,4066.15,4090,4066.15,4080,16810
2022-09-02 09:15:00,1662090300,4095,4115.15,4070,4072.7,37562
2022-09-02 10:15:00,1662093900,4072.7,4149.95,4070,4138.75,61914
2022-09-02 11:15:00,1662097500,4138.75,4138.75,4110.05,4120,23210
2022-09-02 12:15:00,1662101100,4120,4120.7,4103,4118.9,13210
2022-09-02 13:15:00,1662104700,4118.9,4198,4117.5,4173,124120
2022-09-02 14:15:00,1662108300,4173,4174.9,4103.25,4104,48708
2022-09-02 15:15:00,1662111900,4104,4112,4100.1,4111,14106
2022-09-05 09:15:00,1662349500,4110.85,4138.8,4065.65,4076,57754
2022-09-05 10:15:00,1662353100,4076.05,4157.95,4072.6,4128.8,110068
2022-09-05 11:15:00,1662356700,4129.8,4172.7,4128.8,4151.35,159431
2022-09-05 12:15:00,1662360300,4151.35,4205,4150,4193.55,159660
2022-09-05 13:15:00,1662363900,4193.55,4214.95,4180,4211,79438
2022-09-05 14:15:00,1662367500,4210.9,4211,4190.5,4203,83801
2022-09-05 15:15:00,1662371100,4203,4211.95,4194,4207.05,42192
2022-09-06 09:15:00,1662435900,4245.9,4252.95,4148.7,4157.15,182795
2022-09-06 10:15:00,1662439500,4157.15,4178.9,4151,4176,50159
2022-09-06 11:15:00,1662443100,4176,4187.9,4171.1,4182,23986
2022-09-06 12:15:00,1662446700,4182,4184,4171,4182,17650
2022-09-06 13:15:00,1662450300,4182,4199,4177.15,4196,46379
2022-09-06 14:15:00,1662453900,4196,4207,4177,4181.05,58085
2022-09-06 15:15:00,1662457500,4183,4199,4178.85,4189.95,25884
2022-09-07 09:15:00,1662522300,4182,4239,4170,4231.95,159392
2022-09-07 10:15:00,1662525900,4231.9,4251,4228.15,4237.2,114266
2022-09-07 11:15:00,1662529500,4237.2,4275,4232.35,4267.6,116664
2022-09-07 12:15:00,1662533100,4267.6,4295.65,4266.45,4286,120269
2022-09-07 13:15:00,1662536700,4286.7,4320,4283.15,4309.15,141476
2022-09-07 14:15:00,1662540300,4309.15,4380,4301.55,4335.1,280152
2022-09-07 15:15:00,1662543900,4335.1,4375.35,4330.45,4372,46832
2022-09-08 09:15:00,1662608700,4400,4420,4365,4385.9,156990
2022-09-08 10:15:00,1662612300,4385.9,4437.5,4382.4,4402,112950
2022-09-08 11:15:00,1662615900,4402,4407.3,4390.1,4400.25,36769
2022-09-08 12:15:00,1662619500,4400.25,4412,4386.95,4410.2,41473
2022-09-08 13:15:00,1662623100,4410.2,4412,4400,4405.45,22213
2022-09-08 14:15:00,1662626700,4405.45,4419,4399,4400.65,41221
2022-09-08 15:15:00,1662630300,4400.65,4400.65,4360,4390,24467
2022-09-09 09:15:00,1662695100,4420.7,4559,4420,4517.4,387873
2022-09-09 10:15:00,1662698700,4517.4,4553.55,4510.1,4545.8,120635
2022-09-09 11:15:00,1662702300,4545.8,4549,4522,4532.65,67627
2022-09-09 12:15:00,1662705900,4534.9,4554.2,4525.1,4542.65,56176
2022-09-09 13:15:00,1662709500,4542.65,4546.35,4527.5,4532,52902
2022-09-09 14:15:00,1662713100,4532,4558.7,4523,4545.05,80584
2022-09-09 15:15:00,1662716700,4544.25,4549.15,4515.15,4525,55572
2022-09-12 09:15:00,1662954300,4540.05,4580,4473,4502.25,109379
2022-09-12 10:15:00,1662957900,4502,4520.7,4490,4516.4,26879
2022-09-12 11:15:00,1662961500,4519.6,4522,4501.35,4511,20855
2022-09-12 12:15:00,1662965100,4511,4511.85,4500,4501.05,18428
2022-09-12 13:15:00,1662968700,4501.05,4507.5,4493.15,4496.35,15940
2022-09-12 14:15:00,1662972300,4496.35,4505.55,4487.55,4492,32752
2022-09-12 15:15:00,1662975900,4492,4505,4488.85,4504,16798
2022-09-13 09:15:00,1663040700,4580,4670,4555.05,4605.15,375624
2022-09-13 10:15:00,1663044300,4604.85,4627,4585.1,4617.75,106664
2022-09-13 11:15:00,1663047900,4617.75,4623.8,4605,4609.1,57895
2022-09-13 12:15:00,1663051500,4609.1,4617.95,4602,4617.15,30716
2022-09-13 13:15:00,1663055100,4617.15,4617.6,4593.05,4610,38390
2022-09-13 14:15:00,1663058700,4610,4612,4590,4595,56017
2022-09-13 15:15:00,1663062300,4593.05,4603.45,4587.95,4597,30108
2022-09-14 09:15:00,1663127100,4500,4600,4478.25,4592.7,124103
2022-09-14 10:15:00,1663130700,4592.7,4615,4585.05,4607,43494
2022-09-14 11:15:00,1663134300,4607,4609.05,4600,4606,13855
2022-09-14 12:15:00,1663137900,4606.75,4613.05,4602.6,4612.85,28052
2022-09-14 13:15:00,1663141500,4611,4611.95,4561.65,4583.15,37509
2022-09-14 14:15:00,1663145100,4583.15,4604.3,4573,4590.05,30288
2022-09-14 15:15:00,1663148700,4590.05,4610,4587.8,4605,20021
2022-09-15 09:15:00,1663213500,4620,4650,4593.8,4610,76897
2022-09-15 10:15:00,1663217100,4610.8,4629,4586.5,4600,26165
2022-09-15 11:15:00,1663220700,4601,4613.05,4590,4600.55,12258
2022-09-15 12:15:00,1663224300,4602,4616,4593.05,4611.8,9697
2022-09-15 13:15:00,1663227900,4613.85,4614.7,4592.05,4600,10244
2022-09-15 14:15:00,1663231500,4599,4605,4583,4588.1,22251
2022-09-15 15:15:00,1663235100,4588.15,4594.05,4570,4570,17188
2022-09-16 09:15:00,1663299900,4579.2,4618.85,4533.9,4556.5,62784
2022-09-16 10:15:00,1663303500,4556.5,4607.25,4540,4588.4,23378
2022-09-16 11:15:00,1663307100,4588.4,4599,4571,4573.35,13941
2022-09-16 12:15:00,1663310700,4572.1,4580,4530.1,4531.1,17616
2022-09-16 13:15:00,1663314300,4531.1,4533,4414.25,4435.25,48503
2022-09-16 14:15:00,1663317900,4435.25,4510.95,4433.8,4459.3,58216
2022-09-16 15:15:00,1663321500,4459.3,4459.3,4425.05,4455,39725
2022-09-19 09:15:00,1663559100,4446.7,4499.65,4361.1,4453.65,58313
2022-09-19 10:15:00,1663562700,4453.65,4475,4426.1,4457.25,14718
2022-09-19 11:15:00,1663566300,4457.25,4459.85,4404.9,4423.6,13682
2022-09-19 12:15:00,1663569900,4423.6,4435.7,4410.05,4410.1,7886
2022-09-19 13:15:00,1663573500,4410.1,4439.65,4392.2,4428.8,20937
2022-09-19 14:15:00,1663577100,4428.8,4431.15,4401.4,4403.65,14656
2022-09-19 15:15:00,1663580700,4408.3,4408.3,4388.4,4403.1,13601
2022-09-20 09:15:00,1663645500,4450,4498.5,4425,4473.8,41549
2022-09-20 10:15:00,1663649100,4473.8,4476.55,4455.05,4464.2,12022
2022-09-20 11:15:00,1663652700,4464.2,4468.35,4454,4463.25,6815
2022-09-20 12:15:00,1663656300,4463.25,4548,4455.1,4520.3,50637
2022-09-20 13:15:00,1663659900,4520.3,4520.3,4472.25,4517.05,23315
2022-09-20 14:15:00,1663663500,4520,4530,4485,4485.05,23808
2022-09-20 15:15:00,1663667100,4486,4500,4485.1,4494.2,9672
2022-09-21 09:15:00,1663731900,4487.95,4589.95,4480,4520.4,123692
2022-09-21 10:15:00,1663735500,4520,4540.7,4506.8,4522,19667
2022-09-21 11:15:00,1663739100,4522,4522.6,4460,4481.4,28127
2022-09-21 12:15:00,1663742700,4481.4,4498.8,4452,4482.15,18635
2022-09-21 13:15:00,1663746300,4483.5,4528,4483.5,4518.15,25734
2022-09-21 14:15:00,1663749900,4518.15,4525.2,4481.55,4488.25,24914
2022-09-21 15:15:00,1663753500,4485.8,4495,4481.7,4491,12899
2022-09-22 09:15:00,1663818300,4469,4522,4451.95,4491,47577
2022-09-22 10:15:00,1663821900,4491,4493,4460,4468.85,17359
2022-09-22 11:15:00,1663825500,4468.85,4471.8,4451,4460.05,17113
2022-09-22 12:15:00,1663829100,4460.05,4479,4458.25,4473.8,8509
2022-09-22 13:15:00,1663832700,4473.8,4492,4468,4477,14844
2022-09-22 14:15:00,1663836300,4477,4494,4462.85,4462.85,17823
2022-09-22 15:15:00,1663839900,4466,4474.95,4460,4465,10939
2022-09-23 09:15:00,1663904700,4475,4512.7,4380,4395.15,72729
2022-09-23 10:15:00,1663908300,4395.15,4423.75,4373.25,4417,29601
2022-09-23 11:15:00,1663911900,4417,4419,4393,4393.05,12892
2022-09-23 12:15:00,1663915500,4393,4399.55,4367,4369,15952
2022-09-23 13:15:00,1663919100,4369,4387,4343.5,4349.85,22503
2022-09-23 14:15:00,1663922700,4349.85,4356,4305.8,4307.95,40622
2022-09-23 15:15:00,1663926300,4307.95,4330,4301.1,4320,16323
2022-09-26 09:15:00,1664163900,4300,4313.95,4141,4163.15,79803
2022-09-26 10:15:00,1664167500,4163.15,4195,4110.5,4118.15,107405
2022-09-26 11:15:00,1664171100,4116.1,4184.35,4111.15,4180.15,25512
2022-09-26 12:15:00,1664174700,4180.15,4224,4161.3,4220,27396
2022-09-26 13:15:00,1664178300,4220,4220,4176,4191.65,15383
2022-09-26 14:15:00,1664181900,4193.45,4208,4165.7,4166.6,27096
2022-09-26 15:15:00,1664185500,4169.45,4177.6,4162.25,4169.05,14782
2022-09-27 09:15:00,1664250300,4219.3,4249,4159,4167,55089
2022-09-27 10:15:00,1664253900,4167,4179.05,4140,4148.6,22245
2022-09-27 11:15:00,1664257500,4148.6,4189.1,4145.1,4157.15,21897
2022-09-27 12:15:00,1664261100,4157.15,4186,4145.1,4182.8,15956
2022-09-27 13:15:00,1664264700,4182.8,4225,4172.55,4187.15,31963
2022-09-27 14:15:00,1664268300,4191.15,4213.05,4155,4178.05,23329
2022-09-27 15:15:00,1664271900,4180.8,4237.9,4180.8,4230,33682
2022-09-28 09:15:00,1664336700,4207.2,4280,4160,4275.85,139846
2022-09-28 10:15:00,1664340300,4275.85,4308,4261.9,4270.05,80673
2022-09-28 11:15:00,1664343900,4271.65,4290,4266,4286.65,24327
2022-09-28 12:15:00,1664347500,4286.65,4299,4282,4285,21094
2022-09-28 13:15:00,1664351100,4285.05,4289.7,4215.9,4247.6,31415
2022-09-28 14:15:00,1664354700,4247.6,4265.1,4221.25,4260,30768
2022-09-28 15:15:00,1664358300,4259.85,4260,4240,4252,15465
2022-09-29 09:15:00,1664423100,4299.85,4325.1,4261.7,4283.6,48895
2022-09-29 10:15:00,1664426700,4283.6,4286,4253,4253.4,14962
2022-09-29 11:15:00,1664430300,4253.4,4269.7,4251,4265.7,28876
2022-09-29 12:15:00,1664433900,4265.7,4278.65,4244.5,4251.65,17085
2022-09-29 13:15:00,1664437500,4251.65,4273.3,4230,4253.45,16998
2022-09-29 14:15:00,1664441100,4253.45,4269.95,4232.6,4258.2,25906
2022-09-29 15:15:00,1664444700,4258.7,4275,4250.25,4266,15046
2022-09-30 09:15:00,1664509500,4260,4312,4245,4274.45,62916
2022-09-30 10:15:00,1664513100,4274.45,4305,4274.45,4296.2,32380
2022-09-30 11:15:00,1664516700,4296.2,4320,4272.85,4301.1,33439
2022-09-30 12:15:00,1664520300,4301.1,4315.95,4297,4305.6,24685
2022-09-30 13:15:00,1664523900,4305.6,4349,4305.6,4312.5,46763
2022-09-30 14:15:00,1664527500,4312.5,4354,4308,4353.05,45909
2022-09-30 15:15:00,1664531100,4354,4414,4354,4401.3,46872
2022-10-03 09:15:00,1664768700,4374,4428.45,4325,4344.8,46715
2022-10-03 10:15:00,1664772300,4344.8,4355.25,4317.3,4338,13252
2022-10-03 11:15:00,1664775900,4338,4367.65,4334.8,4346.1,17073
2022-10-03 12:15:00,1664779500,4346.1,4365,4333.1,4356.9,10695
2022-10-03 13:15:00,1664783100,4356.95,4364.35,4319,4328.15,28181
2022-10-03 14:15:00,1664786700,4328.15,4340.65,4272.05,4281.2,67084
2022-10-03 15:15:00,1664790300,4285.4,4311.55,4262.45,4278,19222
2022-10-04 09:15:00,1664855100,4350.25,4384.15,4300,4325.25,39321
2022-10-04 10:15:00,1664858700,4329,4364,4325.15,4362,18583
2022-10-04 11:15:00,1664862300,4362,4367,4347.45,4356.4,12383
2022-10-04 12:15:00,1664865900,4356.4,4363,4351.4,4355,6939
2022-10-04 13:15:00,1664869500,4355,4364.55,4340.95,4350,18688
2022-10-04 14:15:00,1664873100,4350,4357.45,4325.15,4333.3,38443
2022-10-04 15:15:00,1664876700,4333.3,4340,4315.2,4335,10762
2022-10-06 09:15:00,1665027900,4371.8,4411.45,4365.2,4386.35,34614
2022-10-06 10:15:00,1665031500,4386.35,4413,4378,4412.85,17385
2022-10-06 11:15:00,1665035100,4412.85,4454,4393,4447.85,41573
2022-10-06 12:15:00,1665038700,4447.85,4447.85,4409,4410.1,38439
2022-10-06 13:15:00,1665042300,4410.1,4428.85,4403,4404,14156
2022-10-06 14:15:00,1665045900,4404,4437.8,4402,4436,23296
2022-10-06 15:15:00,1665049500,4436,4440.75,4428.95,4432,12175
2022-10-07 09:15:00,1665114300,4399.4,4500,4366.05,4375,100629
2022-10-07 10:15:00,1665117900,4375,4378.65,4342.8,4347.85,31773
2022-10-07 11:15:00,1665121500,4347.85,4352.25,4330,4349.85,18122
2022-10-07 12:15:00,1665125100,4349.85,4375,4332.7,4333.05,51609
2022-10-07 13:15:00,1665128700,4333.05,4336.15,4277.7,4298,49131
2022-10-07 14:15:00,1665132300,4298,4327.05,4298,4307.5,49881
2022-10-07 15:15:00,1665135900,4307.5,4320.85,4305.25,4319.9,28687
2022-10-10 09:15:00,1665373500,4285,4290,4214.5,4245.9,42430
2022-10-10 10:15:00,1665377100,4245.9,4269,4241.3,4256.5,92139
2022-10-10 11:15:00,1665380700,4256.5,4262.4,4245.85,4254.9,35283
2022-10-10 12:15:00,1665384300,4253.55,4256.7,4244.95,4247.25,29601
2022-10-10 13:15:00,1665387900,4247.25,4250.9,4218.5,4227.3,13925
2022-10-10 14:15:00,1665391500,4227.3,4248.8,4226.15,4234.35,54422
2022-10-10 15:15:00,1665395100,4234.35,4238.4,4230,4235,13191
2022-10-11 09:15:00,1665459900,4235.6,4284.25,4235.6,4263,29760
2022-10-11 10:15:00,1665463500,4263,4285.1,4252,4280.5,14141
2022-10-11 11:15:00,1665467100,4280.5,4280.5,4260.9,4268.8,7893
2022-10-11 12:15:00,1665470700,4268.8,4272,4251.15,4253.95,5991
2022-10-11 13:15:00,1665474300,4253.95,4269.3,4247,4267.8,11821
2022-10-11 14:15:00,1665477900,4267.8,4280.4,4255,4262.5,21790
2022-10-11 15:15:00,1665481500,4262.5,4264.85,4230,4239,14800
2022-10-12 09:15:00,1665546300,4280,4338.75,4268,4309.55,60494
2022-10-12 10:15:00,1665549900,4309.7,4320,4239.1,4251.8,35195
2022-10-12 11:15:00,1665553500,4251.8,4290,4245.85,4283.9,13885
2022-10-12 12:15:00,1665557100,4283.9,4290.5,4273.7,4273.75,10852
2022-10-12 13:15:00,1665560700,4273.75,4285,4270,4282.5,6458
2022-10-12 14:15:00,1665564300,4282.5,4285,4269.2,4282.95,15802
2022-10-12 15:15:00,1665567900,4281.05,4285,4265,4265.15,7278
2022-10-13 09:15:00,1665632700,4287,4321.5,4245,4248.3,26681
2022-10-13 10:15:00,1665636300,4248.3,4285,4241.5,4280,19643
2022-10-13 11:15:00,1665639900,4280,4285,4272,4280,21799
2022-10-13 12:15:00,1665643500,4280,4295,4271.25,4290.5,27621
2022-10-13 13:15:00,1665647100,4290.5,4302.5,4288.5,4300.3,13871
2022-10-13 14:15:00,1665650700,4300.3,4305,4280.2,4287.95,17820
2022-10-13 15:15:00,1665654300,4285.75,4289.75,4282,4282.15,7543
2022-10-14 09:15:00,1665719100,4339,4350,4291,4292.45,33692
2022-10-14 10:15:00,1665722700,4292.45,4305.45,4285,4293.85,14914
2022-10-14 11:15:00,1665726300,4292.15,4299,4286.1,4298.3,4449
2022-10-14 12:15:00,1665729900,4298.3,4298.3,4280.1,4284.2,6307
2022-10-14 13:15:00,1665733500,4284.2,4284.2,4235.65,4266,17378
2022-10-14 14:15:00,1665737100,4265.95,4265.95,4240.7,4251,19717
2022-10-14 15:15:00,1665740700,4251,4252.7,4242,4252,10552
2022-10-17 09:15:00,1665978300,4252,4259,4185.55,4235.75,30143
2022-10-17 10:15:00,1665981900,4235.75,4239.95,4203.3,4218.1,11960
2022-10-17 11:15:00,1665985500,4218.1,4264.55,4212.3,4252.7,12542
2022-10-17 12:15:00,1665989100,4252.7,4263.8,4239.2,4250.55,12251
2022-10-17 13:15:00,1665992700,4250.55,4285,4247.55,4279.85,17890
2022-10-17 14:15:00,1665996300,4279.85,4284.6,4274.75,4279.9,19594
2022-10-17 15:15:00,1665999900,4280.9,4285.15,4278.15,4285,8230
2022-10-18 09:15:00,1666064700,4309,4321,4270,4288.2,29839
2022-10-18 10:15:00,1666068300,4288.2,4298.35,4272,4275.1,9405
2022-10-18 11:15:00,1666071900,4275.1,4277.65,4255.55,4266.15,11769
2022-10-18 12:15:00,1666075500,4266.15,4290,4252.05,4285,22660
2022-10-18 13:15:00,1666079100,4285,4289.9,4265,4281.05,22031
2022-10-18 14:15:00,1666082700,4281.05,4302.65,4277,4292.35,19685
2022-10-18 15:15:00,1666086300,4292.55,4300,4280,4296.9,8572
2022-10-19 09:15:00,1666151100,4295.8,4343.7,4285,4334.1,27249
2022-10-19 10:15:00,1666154700,4334.1,4340,4301,4314.5,12438
2022-10-19 11:15:00,1666158300,4314.5,4315,4285.55,4292,8620
2022-10-19 12:15:00,1666161900,4292,4297.45,4270,4276.25,7688
2022-10-19 13:15:00,1666165500,4276.25,4295.25,4272.6,4286.2,4364
2022-10-19 14:15:00,1666169100,4286.2,4287.9,4261.2,4271,15127
2022-10-19 15:15:00,1666172700,4271,4282.85,4270.95,4282.75,6735
2022-10-20 09:15:00,1666237500,4233,4298,4206,4252,48735
2022-10-20 10:15:00,1666241100,4251.65,4255,4241.7,4248.45,12017
2022-10-20 11:15:00,1666244700,4248.45,4287,4244.25,4279.55,23140
2022-10-20 12:15:00,1666248300,4279.55,4295,4264.15,4264.45,14911
2022-10-20 13:15:00,1666251900,4264.4,4284.85,4264.15,4271.6,6829
2022-10-20 14:15:00,1666255500,4271.55,4314.2,4262,4286.3,37785
2022-10-20 15:15:00,1666259100,4286.3,4310,4280.05,4297,19999
2022-10-21 09:15:00,1666323900,4328.2,4434,4320.05,4424.4,158565
2022-10-21 10:15:00,1666327500,4424.4,4440,4376.85,4386.9,94246
2022-10-21 11:15:00,1666331100,4388.7,4394.55,4345.65,4350.3,64116
2022-10-21 12:15:00,1666334700,4350.2,4370,4293.5,4339.9,71370
2022-10-21 13:15:00,1666338300,4339.9,4346.85,4276.85,4291,51305
2022-10-21 14:15:00,1666341900,4293.3,4318,4278.85,4278.85,43877
2022-10-21 15:15:00,1666345500,4278.85,4281.5,4262,4271.75,36951
2022-10-24 18:15:00,1666615500,4329.85,4329.85,4269.8,4285,30024
2022-10-25 09:15:00,1666669500,4288.95,4317.45,4275.25,4311.7,22768
2022-10-25 10:15:00,1666673100,4311.7,4312,4293.8,4300.05,9138
2022-10-25 11:15:00,1666676700,4297.65,4347,4297.65,4342.7,28826
2022-10-25 12:15:00,1666680300,4343.45,4346.2,4323.8,4331.45,10652
2022-10-25 13:15:00,1666683900,4331.45,4347,4328,4340.95,11963
2022-10-25 14:15:00,1666687500,4340.95,4345.5,4321,4325.95,31507
2022-10-25 15:15:00,1666691100,4324.7,4329.3,4316,4324.65,14922
2022-10-27 09:15:00,1666842300,4352,4398.85,4335.1,4392.7,54139
2022-10-27 10:15:00,1666845900,4390.9,4397.55,4374.05,4394.85,16267
2022-10-27 11:15:00,1666849500,4394.85,4409.35,4390,4403.75,23533
2022-10-27 12:15:00,1666853100,4403.75,4408,4388.2,4395.65,13987
2022-10-27 13:15:00,1666856700,4393,4417.9,4389,4412,20926
2022-10-27 14:15:00,1666860300,4412,4419.05,4397.55,4404.95,34358
2022-10-27 15:15:00,1666863900,4404.95,4423,4403.1,4418,18711
2022-10-28 09:15:00,1666928700,4431.45,4450,4382.05,4406.95,47252
2022-10-28 10:15:00,1666932300,4406.95,4407,4390.35,4403.85,10114
2022-10-28 11:15:00,1666935900,4403.85,4418,4397,4407.6,12090
2022-10-28 12:15:00,1666939500,4407.6,4415.9,4392,4400.95,8069
2022-10-28 13:15:00,1666943100,4400.95,4405.2,4380.5,4390,9452
2022-10-28 14:15:00,1666946700,4390,4400,4385.8,4390.4,12305
2022-10-28 15:15:00,1666950300,4390.4,4393.4,4380,4380,9695
2022-10-31 09:15:00,1667187900,4405.15,4426.35,4392,4418,22400
2022-10-31 10:15:00,1667191500,4418,4429.75,4410,4422.5,12799
2022-10-31 11:15:00,1667195100,4422.5,4489.15,4421,4482,69908
2022-10-31 12:15:00,1667198700,4482,4499,4473,4488.8,35856
2022-10-31 13:15:00,1667202300,4488.8,4499.9,4461.6,4472.15,22015
2022-10-31 14:15:00,1667205900,4473.1,4524,4466.45,4523.5,64799
2022-10-31 15:15:00,1667209500,4523.95,4525,4515.15,4518.5,15945
2022-11-01 09:15:00,1667274300,4530,4563.7,4494.1,4546.6,72330
2022-11-01 10:15:00,1667277900,4546.6,4546.6,4519,4522.6,22500
2022-11-01 11:15:00,1667281500,4522.6,4539.2,4508.7,4530,16443
2022-11-01 12:15:00,1667285100,4530,4532.4,4503,4503,23942
2022-11-01 13:15:00,1667288700,4503,4516.5,4501,4504.75,20966
2022-11-01 14:15:00,1667292300,4504.7,4533.3,4500,4533.3,43398
2022-11-01 15:15:00,1667295900,4533.3,4534,4515,4515,11778
2022-11-02 09:15:00,1667360700,4547,4584.8,4527.5,4552.2,50079
2022-11-02 10:15:00,1667364300,4552.2,4579,4544.05,4560,19833
2022-11-02 11:15:00,1667367900,4559.6,4567.45,4551.05,4556.2,9002
2022-11-02 12:15:00,1667371500,4556.2,4577,4551,4577,17057
2022-11-02 13:15:00,1667375100,4577,4585,4569.1,4572.15,27622
2022-11-02 14:15:00,1667378700,4572.15,4586.9,4565,4572.2,29418
2022-11-02 15:15:00,1667382300,4572.5,4575.95,4550.3,4561.15,13689
2022-11-03 09:15:00,1667447100,4502,4588,4502,4561.8,40617
2022-11-03 10:15:00,1667450700,4561.8,4578,4539.95,4559.9,14206
2022-11-03 11:15:00,1667454300,4559.9,4560,4544.25,4556.85,6907
2022-11-03 12:15:00,1667457900,4556.85,4575,4549.15,4557.4,14902
2022-11-03 13:15:00,1667461500,4557.4,4565,4535,4536.85,9660
2022-11-03 14:15:00,1667465100,4536.85,4543,4523.3,4530,13706
2022-11-03 15:15:00,1667468700,4530,4549.5,4520.8,4535,11226
2022-11-04 09:15:00,1667533500,4552,4564.1,4510,4520,19826
2022-11-04 10:15:00,1667537100,4520,4524.25,4506,4511.1,8365
2022-11-04 11:15:00,1667540700,4511.1,4528,4509.45,4525,5836
2022-11-04 12:15:00,1667544300,4528,4535,4510,4513.65,4786
2022-11-04 13:15:00,1667547900,4513.65,4519,4504.05,4519,5148
2022-11-04 14:15:00,1667551500,4519,4524.9,4502,4515.55,11943
2022-11-04 15:15:00,1667555100,4515.55,4520.1,4510,4514,6433
2022-11-07 09:15:00,1667792700,4530,4589,4529.95,4538.2,37162
2022-11-07 10:15:00,1667796300,4538.2,4539,4517.95,4534.75,9157
2022-11-07 11:15:00,1667799900,4534.75,4536,4514.45,4518.7,7429
2022-11-07 12:15:00,1667803500,4518.7,4520.6,4502.3,4506.15,6398
2022-11-07 13:15:00,1667807100,4506.15,4525.6,4503.1,4525,10653
2022-11-07 14:15:00,1667810700,4523.85,4538,4516.4,4531.85,18632
2022-11-07 15:15:00,1667814300,4531.8,4533,4522,4528,8908
2022-11-09 09:15:00,1667965500,4550,4564.5,4524.25,4528.8,23950
2022-11-09 10:15:00,1667969100,4528.8,4542.35,4515,4541.35,11974
2022-11-09 11:15:00,1667972700,4541.35,4620,4541.35,4593,82055
2022-11-09 12:15:00,1667976300,4593,4604.05,4552.55,4554.75,19414
2022-11-09 13:15:00,1667979900,4554.75,4562.4,4535.05,4541.3,19273
2022-11-09 14:15:00,1667983500,4539.95,4548,4514,4543.4,24554
2022-11-09 15:15:00,1667987100,4542.9,4544,4535.65,4542,15160
2022-11-10 09:15:00,1668051900,4521.05,4548,4480,4482.7,24864
2022-11-10 10:15:00,1668055500,4482.7,4495.5,4478.7,4485.1,11189
2022-11-10 11:15:00,1668059100,4485.1,4512,4485.1,4488,7198
2022-11-10 12:15:00,1668062700,4488,4490,4462.1,4480.3,10691
2022-11-10 13:15:00,1668066300,4480.3,4495.7,4470.75,4482.1,8084
2022-11-10 14:15:00,1668069900,4482.1,4507.35,4473.9,4502.05,11821
2022-11-10 15:15:00,1668073500,4504.45,4518.1,4500,4501,7039
2022-11-11 09:15:00,1668138300,4540,4618,4540,4612.2,65612
2022-11-11 10:15:00,1668141900,4613.3,4648.45,4565.8,4570.2,96133
2022-11-11 11:15:00,1668145500,4570.2,4572.95,4540.55,4546,26573
2022-11-11 12:15:00,1668149100,4546,4563.95,4541.4,4562.65,18310
2022-11-11 13:15:00,1668152700,4562.65,4562.8,4520,4520,26967
2022-11-11 14:15:00,1668156300,4523.25,4544.75,4520,4538.25,31529
2022-11-11 15:15:00,1668159900,4538.25,4542,4531.55,4542,17268
2022-11-14 09:15:00,1668397500,4560.2,4592,4510.25,4584.2,38711
2022-11-14 10:15:00,1668401100,4584.2,4603.45,4555,4593.5,24340
2022-11-14 11:15:00,1668404700,4593.5,4597,4562.6,4590.3,17893
2022-11-14 12:15:00,1668408300,4590.3,4600.45,4570,4582.85,13586
2022-11-14 13:15:00,1668411900,4582.85,4592,4573,4575.35,10752
2022-11-14 14:15:00,1668415500,4575.35,4598.95,4574.05,4588.55,12962
2022-11-14 15:15:00,1668419100,4588.55,4590,4581,4585,5533
2022-11-15 09:15:00,1668483900,4597,4664.95,4591.45,4630,100881
2022-11-15 10:15:00,1668487500,4630,4631.45,4611.4,4615.8,18814
2022-11-15 11:15:00,1668491100,4615.85,4638.25,4606.3,4606.3,29518
2022-11-15 12:15:00,1668494700,4605,4614.35,4596.05,4600.05,24776
2022-11-15 13:15:00,1668498300,4600.05,4605,4585.55,4597,17592
2022-11-15 14:15:00,1668501900,4597,4599.9,4581,4582.25,31264
2022-11-15 15:15:00,1668505500,4582.25,4590,4556.1,4575,20009
2022-11-16 09:15:00,1668570300,4585,4606.6,4545.55,4556.65,22318
2022-11-16 10:15:00,1668573900,4556.65,4560.9,4545,4551.05,8472
2022-11-16 11:15:00,1668577500,4551.05,4574.7,4550,4557.6,11838
2022-11-16 12:15:00,1668581100,4557.6,4568,4547,4560.3,5519
2022-11-16 13:15:00,1668584700,4560.3,4582.95,4555.95,4578.9,13281
2022-11-16 14:15:00,1668588300,4578.9,4579,4546.75,4553.15,18432
2022-11-16 15:15:00,1668591900,4553.15,4555,4480.65,4486.7,16714
2022-11-17 09:15:00,1668656700,4499,4506.2,4377.05,4398.9,77618
2022-11-17 10:15:00,1668660300,4398.9,4419.8,4385.15,4406.05,20105
2022-11-17 11:15:00,1668663900,4406.05,4409.1,4380.3,4393.7,22769
2022-11-17 12:15:00,1668667500,4393.7,4410,4390.9,4401,17201
2022-11-17 13:15:00,1668671100,4401,4402.55,4392,4401,18971
2022-11-17 14:15:00,1668674700,4401,4402.35,4385.15,4388,17469
2022-11-17 15:15:00,1668678300,4385.35,4390,4376,4381,16091
2022-11-18 09:15:00,1668743100,4386,4413.05,4250.95,4294.2,113666
2022-11-18 10:15:00,1668746700,4293.85,4319,4275.1,4290,33398
2022-11-18 11:15:00,1668750300,4290,4305,4277,4285.55,41351
2022-11-18 12:15:00,1668753900,4285.55,4305,4281.2,4281.85,40094
2022-11-18 13:15:00,1668757500,4281.85,4288.9,4265.35,4281,14620
2022-11-18 14:15:00,1668761100,4281,4358,4266.25,4355.55,43292
2022-11-18 15:15:00,1668764700,4353.45,4357.45,4342.4,4350,13131
2022-11-21 09:15:00,1669002300,4345.9,4379.95,4305.3,4364,30893
2022-11-21 10:15:00,1669005900,4366,4374.85,4350.6,4373.65,6058
2022-11-21 11:15:00,1669009500,4373.65,4393.6,4354.45,4357.45,15768
2022-11-21 12:15:00,1669013100,4359.65,4368.1,4352,4363.45,4096
2022-11-21 13:15:00,1669016700,4364.95,4365,4350,4351,7392
2022-11-21 14:15:00,1669020300,4351,4355.6,4337,4340.75,11373
2022-11-21 15:15:00,1669023900,4339.2,4342.45,4325.2,4334,9080
2022-11-22 09:15:00,1669088700,4356,4368.9,4336.85,4362,18446
2022-11-22 10:15:00,1669092300,4362,4362,4338,4342.4,4317
2022-11-22 11:15:00,1669095900,4342.4,4365,4340.6,4358.75,5439
2022-11-22 12:15:00,1669099500,4358.75,4359.6,4345,4358.5,4277
2022-11-22 13:15:00,1669103100,4358.5,4360.9,4328.1,4337.95,9888
2022-11-22 14:15:00,1669106700,4337.95,4354.45,4320.3,4353.4,14080
2022-11-22 15:15:00,1669110300,4353.4,4360,4327.05,4343.9,6233
2022-11-23 09:15:00,1669175100,4360,4397.6,4351,4353.2,15636
2022-11-23 10:15:00,1669178700,4353.2,4359.7,4321,4331.35,13478
2022-11-23 11:15:00,1669182300,4331.35,4350.05,4330,4336.8,11940
2022-11-23 12:15:00,1669185900,4336.8,4379.65,4330,4373.5,15206
2022-11-23 13:15:00,1669189500,4375,4385.55,4364.5,4380,9962
2022-11-23 14:15:00,1669193100,4380,4409.95,4380,4400,18388
2022-11-23 15:15:00,1669196700,4400,4403.8,4329.7,4344.2,14202
2022-11-24 09:15:00,1669261500,4404.85,4404.85,4350.5,4365.45,14620
2022-11-24 10:15:00,1669265100,4365.45,4385,4364,4383,9855
2022-11-24 11:15:00,1669268700,4383,4385.75,4362.25,4372,9542
2022-11-24 12:15:00,1669272300,4372,4384,4370,4377,10264
2022-11-24 13:15:00,1669275900,4379,4390,4374.7,4386.75,19990
2022-11-24 14:15:00,1669279500,4386.75,4389.4,4352,4378,30272
2022-11-24 15:15:00,1669283100,4378.6,4399,4376.3,4391,13396
2022-11-25 09:15:00,1669347900,4380,4454.2,4377,4398.8,52914
2022-11-25 10:15:00,1669351500,4398.8,4399,4383,4392.7,6808
2022-11-25 11:15:00,1669355100,4392.7,4394.95,4380,4385.2,4334
2022-11-25 12:15:00,1669358700,4385.2,4391.55,4375.1,4379.95,17226
2022-11-25 13:15:00,1669362300,4377.45,4379.95,4365.1,4373.6,19087
2022-11-25 14:15:00,1669365900,4373.6,4393.45,4367,4374.4,29478
2022-11-25 15:15:00,1669369500,4374,4374,4353.2,4367,14697
2022-11-28 09:15:00,1669607100,4350.7,4390.1,4350.7,4370.3,14554
2022-11-28 10:15:00,1669610700,4370.3,4371.5,4338,4347.35,31383
2022-11-28 11:15:00,1669614300,4345,4350.05,4338,4341.55,12612
2022-11-28 12:15:00,1669617900,4341.55,4347.8,4338.5,4342.45,9451
2022-11-28 13:15:00,1669621500,4342.45,4342.45,4318,4324.95,10600
2022-11-28 14:15:00,1669625100,4324.95,4340,4316,4339,40879
2022-11-28 15:15:00,1669628700,4339,4348.1,4335.05,4341,20134
2022-11-29 09:15:00,1669693500,4325,4350.75,4307,4311.6,15361
2022-11-29 10:15:00,1669697100,4311.6,4315.5,4291.55,4300.25,19372
2022-11-29 11:15:00,1669700700,4300.25,4308.6,4283.2,4288,13839
2022-11-29 12:15:00,1669704300,4289,4290.35,4280,4282.65,9738
2022-11-29 13:15:00,1669707900,4282.7,4289,4275,4275.5,12368
2022-11-29 14:15:00,1669711500,4275.5,4291,4275.5,4286.65,26915
2022-11-29 15:15:00,1669715100,4286.65,4286.7,4272.05,4273,8124
2022-11-30 09:15:00,1669779900,4299,4313.4,4215.55,4228,64782
2022-11-30 10:15:00,1669783500,4228,4230.95,4207,4218,30003
2022-11-30 11:15:00,1669787100,4218,4227.55,4208,4222,19119
2022-11-30 12:15:00,1669790700,4222,4250,4219.65,4232.95,37492
2022-11-30 13:15:00,1669794300,4232.95,4238.7,4225,4233,24169
2022-11-30 14:15:00,1669797900,4233,4258.9,4227.05,4252.15,56631
2022-11-30 15:15:00,1669801500,4251,4259,4245.4,4250,26721
2022-12-01 09:15:00,1669866300,4273.15,4358,4255,4350,70625
2022-12-01 10:15:00,1669869900,4350,4364.85,4330,4340.2,35874
2022-12-01 11:15:00,1669873500,4340.2,4355.25,4339,4340,25486
2022-12-01 12:15:00,1669877100,4340,4386,4338,4384.65,39406
2022-12-01 13:15:00,1669880700,4384.65,4390,4365,4388.55,30216
2022-12-01 14:15:00,1669884300,4387,4390,4369,4387.45,31443
2022-12-01 15:15:00,1669887900,4387.45,4388.95,4376,4379.95,16964
2022-12-02 09:15:00,1669952700,4389,4414.9,4364.4,4375.05,43934
2022-12-02 10:15:00,1669956300,4375.05,4386.35,4361.5,4376.55,16036
2022-12-02 11:15:00,1669959900,4377.95,4381.35,4371.5,4376.05,6495
2022-12-02 12:15:00,1669963500,4376.05,4392,4370.6,4383.15,10085
2022-12-02 13:15:00,1669967100,4383.15,4386.8,4370.4,4380,8464
2022-12-02 14:15:00,1669970700,4380,4384.45,4360,4379.95,18108
2022-12-02 15:15:00,1669974300,4379.95,4380,4368,4374,8652
2022-12-05 09:15:00,1670211900,4380,4405,4344.6,4356,18910
2022-12-05 10:15:00,1670215500,4356,4384.85,4352.35,4381,7724
2022-12-05 11:15:00,1670219100,4381,4395,4360,4376.6,10186
2022-12-05 12:15:00,1670222700,4376.6,4389.9,4372.05,4380,8517
2022-12-05 13:15:00,1670226300,4380,4384.45,4356,4357.95,6272
2022-12-05 14:15:00,1670229900,4357.95,4376,4350,4375.1,9542
2022-12-05 15:15:00,1670233500,4375.1,4377,4353,4353,6765
2022-12-06 09:15:00,1670298300,4351.8,4360,4332,4343.65,8992
2022-12-06 10:15:00,1670301900,4343.65,4344.9,4322.35,4325.75,7416
2022-12-06 11:15:00,1670305500,4324.6,4337,4315.55,4329.25,7818
2022-12-06 12:15:00,1670309100,4329.25,4367,4325,4355,11928
2022-12-06 13:15:00,1670312700,4355,4356,4325.1,4327.5,5365
2022-12-06 14:15:00,1670316300,4327.5,4339.85,4322.5,4330.6,6014
2022-12-06 15:15:00,1670319900,4330.6,4332.95,4322.05,4330,4918
2022-12-07 09:15:00,1670384700,4330,4348.7,4301,4304,12738
2022-12-07 10:15:00,1670388300,4304,4324.4,4280,4290.35,11764
2022-12-07 11:15:00,1670391900,4290.35,4291.5,4277.1,4284.4,3524
2022-12-07 12:15:00,1670395500,4284.4,4288.95,4267.1,4288.95,7071
2022-12-07 13:15:00,1670399100,4288.95,4289,4269,4269.95,4761
2022-12-07 14:15:00,1670402700,4269.95,4276,4261.2,4263,14089
2022-12-07 15:15:00,1670406300,4264.45,4264.65,4260,4262,9003
2022-12-08 09:15:00,1670471100,4284.9,4285.05,4201.3,4213,45067
2022-12-08 10:15:00,1670474700,4213,4217.25,4148.1,4157.3,46916
2022-12-08 11:15:00,1670478300,4157.3,4167.15,4140,4161.5,28686
2022-12-08 12:15:00,1670481900,4161.5,4167,4150,4164,12148
2022-12-08 13:15:00,1670485500,4164,4176.2,4155.5,4170.05,11865
2022-12-08 14:15:00,1670489100,4170.05,4173,4151,4165.55,27001
2022-12-08 15:15:00,1670492700,4165.55,4167,4158,4166,14959
2022-12-09 09:15:00,1670557500,4200,4247.55,4145,4145,65910
2022-12-09 10:15:00,1670561100,4145,4149,4105,4109,31522
2022-12-09 11:15:00,1670564700,4109,4125,4087,4121.6,29185
2022-12-09 12:15:00,1670568300,4121.6,4129.9,4104.05,4120.75,27818
2022-12-09 13:15:00,1670571900,4120.75,4128.8,4082.65,4094.9,23024
2022-12-09 14:15:00,1670575500,4094.9,4113.3,4085,4113.3,31415
2022-12-09 15:15:00,1670579100,4115,4115.9,4091.9,4096,16788
2022-12-12 09:15:00,1670816700,4087,4090,3998,4033.95,72278
2022-12-12 10:15:00,1670820300,4033.95,4050,4022.1,4036.1,16601
2022-12-12 11:15:00,1670823900,4038,4039,4015,4021.45,9036
2022-12-12 12:15:00,1670827500,4021.45,4030.45,4005,4011,12111
2022-12-12 13:15:00,1670831100,4010.05,4015.75,3990,4006.4,28841
2022-12-12 14:15:00,1670834700,4006.35,4009,3970,3990.3,56078
2022-12-12 15:15:00,1670838300,3990.3,4000,3985.75,3999.4,19796
2022-12-13 09:15:00,1670903100,4002,4046.9,3989,4035,53897
2022-12-13 10:15:00,1670906700,4035,4050,4025,4048,22132
2022-12-13 11:15:00,1670910300,4048,4080,4045.1,4076,23436
2022-12-13 12:15:00,1670913900,4076,4102.85,4073,4092.05,41300
2022-12-13 13:15:00,1670917500,4092.05,4099.85,4075.95,4078,25265
2022-12-13 14:15:00,1670921100,4078,4089.95,4071.25,4085.4,22433
2022-12-13 15:15:00,1670924700,4085.4,4088.6,4080,4083,9019
2022-12-14 09:15:00,1670989500,4105.9,4135.65,4090,4100,55225
2022-12-14 10:15:00,1670993100,4100,4129,4095.05,4103,61561
2022-12-14 11:15:00,1670996700,4103,4121,4103,4120,6363
2022-12-14 12:15:00,1671000300,4120,4126.95,4112.05,4123.95,14248
2022-12-14 13:15:00,1671003900,4123.95,4124.95,4105,4108.9,38102
2022-12-14 14:15:00,1671007500,4109.3,4125,4105.25,4123.95,23774
2022-12-14 15:15:00,1671011100,4124,4132,4110.7,4120.1,12281
2022-12-15 09:15:00,1671075900,4112.95,4138,4101.15,4110,19445
2022-12-15 10:15:00,1671079500,4110,4149.8,4100,4147.35,23265
2022-12-15 11:15:00,1671083100,4147.35,4149,4126.35,4133.85,9331
2022-12-15 12:15:00,1671086700,4133.85,4144,4126.85,4137.1,7301
2022-12-15 13:15:00,1671090300,4137.1,4147.35,4102,4117.1,16025
2022-12-15 14:15:00,1671093900,4117.1,4127.35,4077.2,4089.7,21103
2022-12-15 15:15:00,1671097500,4089.7,4100,4075.3,4080,8365
2022-12-16 09:15:00,1671162300,4061,4089.3,4035,4037.55,32326
2022-12-16 10:15:00,1671165900,4037.55,4048.95,4014,4040.65,12987
2022-12-16 11:15:00,1671169500,4040.65,4060,4040.65,4044.45,7310
2022-12-16 12:15:00,1671173100,4044.45,4074,4044.45,4065.3,13431
2022-12-16 13:15:00,1671176700,4065.3,4065.3,4046.5,4049,8669
2022-12-16 14:15:00,1671180300,4049,4051.25,4026.1,4027.05,16430
2022-12-16 15:15:00,1671183900,4027.05,4032.55,4007,4030,9396
2022-12-19 09:15:00,1671421500,4040,4049.75,3985.9,3996.85,21747
2022-12-19 10:15:00,1671425100,3996.85,4046.8,3994.35,4043,14608
2022-12-19 11:15:00,1671428700,4043,4072.9,4034.1,4069,15862
2022-12-19 12:15:00,1671432300,4069,4098.6,4060,4063.9,24333
2022-12-19 13:15:00,1671435900,4063.9,4073.4,4040,4041.55,16747
2022-12-19 14:15:00,1671439500,4041.55,4052.95,4024.95,4043.95,34744
2022-12-19 15:15:00,1671443100,4042.35,4053.1,4039.1,4050,9622
2022-12-20 09:15:00,1671507900,4030,4092,4010,4016.35,46049
2022-12-20 10:15:00,1671511500,4016.35,4031,3959.95,4028.45,78433
2022-12-20 11:15:00,1671515100,4029,4040.65,4010,4034,16759
2022-12-20 12:15:00,1671518700,4036.1,4049,4028,4042.95,23718
2022-12-20 13:15:00,1671522300,4041.1,4068.65,4040.25,4045.45,27154
2022-12-20 14:15:00,1671525900,4043.75,4060,4035.7,4050.45,31769
2022-12-20 15:15:00,1671529500,4050,4060,4048.3,4060,14205
2022-12-21 09:15:00,1671594300,4095,4157.75,4060,4090.7,110200
2022-12-21 10:15:00,1671597900,4090.7,4091.25,4041.35,4044,34384
2022-12-21 11:15:00,1671601500,4044,4056.7,4022,4022,26268
2022-12-21 12:15:00,1671605100,4022,4025.25,3981.45,3993.35,38536
2022-12-21 13:15:00,1671608700,3995,3997.3,3930,3975,51531
2022-12-21 14:15:00,1671612300,3975,3984.65,3938.4,3940,35172
2022-12-21 15:15:00,1671615900,3939.45,3948.9,3925,3933.55,22579
2022-12-22 09:15:00,1671680700,3961.5,3991.85,3879,3884.9,66112
2022-12-22 10:15:00,1671684300,3881.35,3900,3862,3883.4,29960
2022-12-22 11:15:00,1671687900,3883.4,3895,3843,3845.55,18776
2022-12-22 12:15:00,1671691500,3845.55,3897.9,3842,3889.15,18000
2022-12-22 13:15:00,1671695100,3891.95,3898,3872.15,3880.1,15187
2022-12-22 14:15:00,1671698700,3880.1,3894,3875.4,3877.05,18762
2022-12-22 15:15:00,1671702300,3878.9,3879,3863.3,3876,12389
2022-12-23 09:15:00,1671767100,3811,3855.65,3796.2,3817.4,37677
2022-12-23 10:15:00,1671770700,3818,3818.95,3780.05,3806.6,27142
2022-12-23 11:15:00,1671774300,3806.6,3811.05,3740.15,3753.4,23621
2022-12-23 12:15:00,1671777900,3753.4,3753.95,3725.1,3727.6,16614
2022-12-23 13:15:00,1671781500,3727.6,3739.9,3715.05,3732,15343
2022-12-23 14:15:00,1671785100,3732,3749.8,3710,3716.85,35881
2022-12-23 15:15:00,1671788700,3717.95,3729.4,3710.05,3729,11232
2022-12-26 09:15:00,1672026300,3736.6,3805,3671.7,3777.2,48711
2022-12-26 10:15:00,1672029900,3777.2,3845,3769.55,3842,39906
2022-12-26 11:15:00,1672033500,3843.95,3848.8,3795.5,3802,27850
2022-12-26 12:15:00,1672037100,3802,3826.85,3773.05,3818.9,23557
2022-12-26 13:15:00,1672040700,3818.9,3831.3,3806.35,3827.65,29199
2022-12-26 14:15:00,1672044300,3827.65,3830,3811.8,3814.95,22475
2022-12-26 15:15:00,1672047900,3814.95,3830,3811,3830,9147
2022-12-27 09:15:00,1672112700,3865,3925,3841.6,3920.1,170802
2022-12-27 10:15:00,1672116300,3920.1,3950,3915,3944,50866
2022-12-27 11:15:00,1672119900,3944,3955,3932,3942.5,25630
2022-12-27 12:15:00,1672123500,3942.5,3945.95,3925.1,3932.15,16036
2022-12-27 13:15:00,1672127100,3932.15,3940,3925,3928.45,24018
2022-12-27 14:15:00,1672130700,3928.7,3947,3925,3935.95,25416
2022-12-27 15:15:00,1672134300,3935.75,3950,3925,3944,18677
2022-12-28 09:15:00,1672199100,3938.85,3938.85,3890.4,3928.95,40350
2022-12-28 10:15:00,1672202700,3928.95,3932,3912,3927.75,10898
2022-12-28 11:15:00,1672206300,3927.75,3938,3925,3925.45,8506
2022-12-28 12:15:00,1672209900,3925.45,3942.95,3900.3,3917.95,21606
2022-12-28 13:15:00,1672213500,3917.95,3933.1,3915,3933.1,14020
2022-12-28 14:15:00,1672217100,3933.1,3946.95,3925,3925.05,18058
2022-12-28 15:15:00,1672220700,3925.05,3929.9,3922,3922,10841
2022-12-29 09:15:00,1672285500,3891.5,3922.9,3882,3884.45,27967
2022-12-29 10:15:00,1672289100,3884.45,3917.5,3882,3904.05,13226
2022-12-29 11:15:00,1672292700,3904.05,3913.15,3890.75,3903.85,10011
2022-12-29 12:15:00,1672296300,3903.85,3925,3901.05,3920,13377
2022-12-29 13:15:00,1672299900,3920,3934.45,3912,3918.35,16101
2022-12-29 14:15:00,1672303500,3918.35,3944.55,3905.85,3920,32016
2022-12-29 15:15:00,1672307100,3920.05,3928,3901,3901,12141
2022-12-30 09:15:00,1672371900,3947,3970,3934.25,3950.2,30136
2022-12-30 10:15:00,1672375500,3953.7,3954.35,3917,3920.15,13758
2022-12-30 11:15:00,1672379100,3920.15,3936,3911.05,3935,10299
2022-12-30 12:15:00,1672382700,3935,3938.55,3918,3927.65,8982
2022-12-30 13:15:00,1672386300,3927.65,3931.95,3905,3920,12374
2022-12-30 14:15:00,1672389900,3920,3935,3896.9,3902.7,21098
2022-12-30 15:15:00,1672393500,3902.7,3930,3880,3906,12232
2023-01-02 09:15:00,1672631100,3927,3960,3912,3921.6,29464
2023-01-02 10:15:00,1672634700,3921.7,3922.65,3912,3918.2,7838
2023-01-02 11:15:00,1672638300,3918.2,3921.9,3895.15,3905,7604
2023-01-02 12:15:00,1672641900,3905,3909,3896.55,3908.6,8943
2023-01-02 13:15:00,1672645500,3908.5,3909.6,3898,3908.05,8488
2023-01-02 14:15:00,1672649100,3908.05,3912.1,3893.1,3894,17831
2023-01-02 15:15:00,1672652700,3894,3900,3889.55,3891,9485
2023-01-03 09:15:00,1672717500,3894,3918,3876,3917,22720
2023-01-03 10:15:00,1672721100,3917,3920.9,3908,3914,6559
2023-01-03 11:15:00,1672724700,3914,3917.45,3891.2,3892.5,16397
2023-01-03 12:15:00,1672728300,3892.5,3910.95,3884.6,3903,6202
2023-01-03 13:15:00,1672731900,3903,3912.95,3900,3906,6984
2023-01-03 14:15:00,1672735500,3906,3928.3,3904,3924,16269
2023-01-03 15:15:00,1672739100,3924,3929,3915.6,3925,11957
2023-01-04 09:15:00,1672803900,3920,3927.95,3892.2,3918.95,19641
2023-01-04 10:15:00,1672807500,3919,3938.4,3904,3909.95,19224
2023-01-04 11:15:00,1672811100,3911,3920,3896.25,3898.85,6518
2023-01-04 12:15:00,1672814700,3898.95,3923.6,3897,3915,7211
2023-01-04 13:15:00,1672818300,3915,3915,3887.15,3887.15,24016
2023-01-04 14:15:00,1672821900,3888.4,3895.2,3855.6,3868.15,36706
2023-01-04 15:15:00,1672825500,3868.15,3871.3,3860,3861,8946
2023-01-05 09:15:00,1672890300,3877,3897.8,3818.5,3857.2,29620
2023-01-05 10:15:00,1672893900,3855,3858.95,3836.45,3851.9,6680
2023-01-05 11:15:00,1672897500,3851.9,3854,3812,3818.9,10415
2023-01-05 12:15:00,1672901100,3818.9,3822,3801,3806.95,10502
2023-01-05 13:15:00,1672904700,3805.2,3824.5,3791.1,3821.7,12088
2023-01-05 14:15:00,1672908300,3821.7,3840,3819.9,3837.15,16573
2023-01-05 15:15:00,1672911900,3837.45,3848.9,3825,3829,9161
2023-01-06 09:15:00,1672976700,3830,3843.55,3800,3813.55,32843
2023-01-06 10:15:00,1672980300,3812,3824.8,3808.8,3810.6,10741
2023-01-06 11:15:00,1672983900,3810.6,3825.9,3810.1,3817.75,7424
2023-01-06 12:15:00,1672987500,3817.75,3819.95,3790,3792.6,12775
2023-01-06 13:15:00,1672991100,3792.6,3808.95,3785.05,3805.3,10139
2023-01-06 14:15:00,1672994700,3803,3819.35,3799,3816.3,10125
2023-01-06 15:15:00,1672998300,3816.3,3830,3813.5,3825,6315
2023-01-09 09:15:00,1673235900,3836.55,3853,3812,3820.05,24586
2023-01-09 10:15:00,1673239500,3820.05,3822.75,3791.05,3794.15,23285
2023-01-09 11:15:00,1673243100,3792.2,3825,3792.2,3806,26437
2023-01-09 12:15:00,1673246700,3806,3809.95,3799,3802,8392
2023-01-09 13:15:00,1673250300,3802,3804.2,3776,3790,17092
2023-01-09 14:15:00,1673253900,3790,3790,3765,3770,31435
2023-01-09 15:15:00,1673257500,3769.65,3779.75,3765.3,3778,13987
2023-01-10 09:15:00,1673322300,3792.9,3808,3741.95,3753.5,22455
2023-01-10 10:15:00,1673325900,3753.5,3760,3722.9,3725.3,25653
2023-01-10 11:15:00,1673329500,3725.3,3730,3723,3728.05,9874
2023-01-10 12:15:00,1673333100,3729.95,3729.95,3705.5,3723.3,16305
2023-01-10 13:15:00,1673336700,3723.15,3728.1,3712,3716.35,13007
2023-01-10 14:15:00,1673340300,3716.35,3723.9,3706.05,3719.7,16351
2023-01-10 15:15:00,1673343900,3719.7,3754.3,3717.3,3741,17543
2023-01-11 09:15:00,1673408700,3748,3750,3713.1,3738.3,24867
2023-01-11 10:15:00,1673412300,3738.3,3758.5,3732,3743,11403
2023-01-11 11:15:00,1673415900,3743,3745,3728.2,3729,4878
2023-01-11 12:15:00,1673419500,3729,3738,3719,3726.85,6718
2023-01-11 13:15:00,1673423100,3725.1,3731.15,3706.1,3708.65,10087
2023-01-11 14:15:00,1673426700,3708.65,3721.85,3697.6,3704.95,25620
2023-01-11 15:15:00,1673430300,3704.95,3713.85,3702.05,3708.9,9175
2023-01-12 09:15:00,1673495100,3720,3722.65,3680,3702.8,28784
2023-01-12 10:15:00,1673498700,3702.8,3703.55,3687.05,3693.75,6576
2023-01-12 11:15:00,1673502300,3693.75,3698,3675.25,3683.35,11028
2023-01-12 12:15:00,1673505900,3683.35,3684,3640.55,3640.55,39631
2023-01-12 13:15:00,1673509500,3640.55,3651.15,3634.35,3641.3,31264
2023-01-12 14:15:00,1673513100,3643,3658,3638,3649.6,37456
2023-01-12 15:15:00,1673516700,3649.6,3659.85,3645,3659.85,15007
2023-01-13 09:15:00,1673581500,3659.95,3671,3605.4,3608.4,30097
2023-01-13 10:15:00,1673585100,3608.4,3623.55,3603.05,3618.2,20537
2023-01-13 11:15:00,1673588700,3618.2,3625,3610.8,3610.8,6444
2023-01-13 12:15:00,1673592300,3610.8,3617.9,3610.05,3614.75,11706
2023-01-13 13:15:00,1673595900,3614.75,3627.9,3608,3616.35,33858
2023-01-13 14:15:00,1673599500,3617.7,3632.95,3610,3629.05,22012
2023-01-13 15:15:00,1673603100,3629.05,3635,3621,3635,9990
2023-01-16 09:15:00,1673840700,3644.7,3658,3602.6,3606.15,21527
2023-01-16 10:15:00,1673844300,3606.15,3613.4,3590,3594,14902
2023-01-16 11:15:00,1673847900,3594.45,3599.75,3583,3586.05,10385
2023-01-16 12:15:00,1673851500,3586.05,3589.5,3560.4,3564.05,16364
2023-01-16 13:15:00,1673855100,3564.05,3579.95,3564.05,3575.1,17101
2023-01-16 14:15:00,1673858700,3575.1,3581.9,3541,3546.15,42174
2023-01-16 15:15:00,1673862300,3546.15,3553.95,3543.05,3550,22651
2023-01-17 09:15:00,1673927100,3547.65,3555.95,3512.5,3551.05,44800
2023-01-17 10:15:00,1673930700,3551.05,3582.9,3550,3566.2,26222
2023-01-17 11:15:00,1673934300,3566.2,3567.5,3542.05,3545.6,8731
2023-01-17 12:15:00,1673937900,3545.6,3556,3525,3545.25,17078
2023-01-17 13:15:00,1673941500,3545.25,3551.4,3532.65,3547.3,9130
2023-01-17 14:15:00,1673945100,3547.3,3570.6,3542.5,3564.45,17742
2023-01-17 15:15:00,1673948700,3564.45,3569.9,3556,3564,7601
2023-01-18 09:15:00,1674013500,3581.85,3588.8,3527,3528,42333
2023-01-18 10:15:00,1674017100,3528,3545,3521.05,3535.7,30461
2023-01-18 11:15:00,1674020700,3535.7,3544.35,3522.3,3525.5,24089
2023-01-18 12:15:00,1674024300,3525.5,3528,3505.05,3510.5,28550
2023-01-18 13:15:00,1674027900,3510.5,3518.9,3505,3517.95,22767
2023-01-18 14:15:00,1674031500,3517.95,3530.9,3513.65,3516,37497
2023-01-18 15:15:00,1674035100,3516,3521,3510.5,3518.9,17824
2023-01-19 09:15:00,1674099900,3500,3514.85,3451.1,3468.6,74880
2023-01-19 10:15:00,1674103500,3468.6,3520,3468.6,3518.05,51527
2023-01-19 11:15:00,1674107100,3518.05,3538.4,3518.05,3532.05,19233
2023-01-19 12:15:00,1674110700,3532.05,3534.9,3524.45,3530.1,14777
2023-01-19 13:15:00,1674114300,3531.9,3533,3523.05,3526.35,9283
2023-01-19 14:15:00,1674117900,3526.35,3547,3519.2,3546,19577
2023-01-19 15:15:00,1674121500,3546.25,3557.05,3546,3550,14101
2023-01-20 09:15:00,1674186300,3545,3574.25,3505.45,3520.35,42985
2023-01-20 10:15:00,1674189900,3520.35,3529,3514.2,3524.8,8713
2023-01-20 11:15:00,1674193500,3524.8,3556.9,3521.7,3545.5,14668
2023-01-20 12:15:00,1674197100,3545.5,3553.7,3533.05,3534,7068
2023-01-20 13:15:00,1674200700,3534,3539.45,3512,3521.05,11817
2023-01-20 14:15:00,1674204300,3521.05,3527,3501,3505.05,19599
2023-01-20 15:15:00,1674207900,3505.05,3532.95,3498.1,3531,29422
2023-01-23 09:15:00,1674445500,3533.6,3533.6,3425,3486,67090
2023-01-23 10:15:00,1674449100,3486,3507,3486,3503.5,21986
2023-01-23 11:15:00,1674452700,3503.5,3511,3483.05,3489.95,14152
2023-01-23 12:15:00,1674456300,3489.95,3533,3487,3516.9,27595
2023-01-23 13:15:00,1674459900,3516.9,3522.75,3500,3503.9,21753
2023-01-23 14:15:00,1674463500,3503.9,3505,3488,3493.2,31229
2023-01-23 15:15:00,1674467100,3493.2,3500.2,3490,3491.1,13156
2023-01-24 09:15:00,1674531900,3495.05,3530,3495.05,3516.3,33595
2023-01-24 10:15:00,1674535500,3516.3,3568.95,3512.75,3548.15,58887
2023-01-24 11:15:00,1674539100,3548.15,3549.75,3490.8,3500,55465
2023-01-24 12:15:00,1674542700,3500,3504.95,3487.75,3492.35,23481
2023-01-24 13:15:00,1674546300,3492.35,3496,3469.6,3480,25064
2023-01-24 14:15:00,1674549900,3480,3488.9,3460,3480.95,35047
2023-01-24 15:15:00,1674553500,3480.95,3484.3,3465.35,3474,18445
2023-01-25 09:15:00,1674618300,3477,3483.95,3413.15,3416.3,43304
2023-01-25 10:15:00,1674621900,3415.4,3427.9,3390.65,3427.9,41157
2023-01-25 11:15:00,1674625500,3427.9,3437.95,3403,3428.4,28888
2023-01-25 12:15:00,1674629100,3428.15,3428.4,3409.65,3419.8,12947
2023-01-25 13:15:00,1674632700,3419.8,3421.5,3396,3409,19035
2023-01-25 14:15:00,1674636300,3408.9,3408.9,3361.35,3365.95,59196
2023-01-25 15:15:00,1674639900,3365,3373.35,3355,3365,23354
2023-01-27 09:15:00,1674791100,3135,3189.95,2676.1,2727.9,2125520
2023-01-27 10:15:00,1674794700,2726,2852.75,2712.15,2773.6,784310
2023-01-27 11:15:00,1674798300,2772.9,2776.85,2692,2703.45,633917
2023-01-27 12:15:00,1674801900,2707.15,2753.9,2668.05,2724,406034
2023-01-27 13:15:00,1674805500,2725,2734.65,2689.9,2718.8,291590
2023-01-27 14:15:00,1674809100,2718.8,2735,2631,2733.85,546390
2023-01-27 15:15:00,1674812700,2734.6,2742.05,2718.05,2729.45,151169
2023-01-30 09:15:00,1675050300,2740,2745.85,2553,2624,578102
2023-01-30 10:15:00,1675053900,2624,2676.2,2615,2670.65,178708
2023-01-30 11:15:00,1675057500,2670.2,2688,2637,2674.1,148851
2023-01-30 12:15:00,1675061100,2670.25,2682,2645,2645.2,90485
2023-01-30 13:15:00,1675064700,2645.35,2666,2627.7,2658.05,154550
2023-01-30 14:15:00,1675068300,2658.05,2679,2640.5,2676.95,150117
2023-01-30 15:15:00,1675071900,2676.7,2718.65,2675.05,2699.9,84461
2023-01-31 09:15:00,1675136700,2694,2701.7,2635,2691,170316
2023-01-31 10:15:00,1675140300,2690.7,2746,2690.7,2737.2,150977
2023-01-31 11:15:00,1675143900,2737.25,2799.95,2737.25,2760,256425
2023-01-31 12:15:00,1675147500,2760.75,2777,2756.6,2765.15,76104
2023-01-31 13:15:00,1675151100,2765.15,2784,2709.1,2719.5,119028
2023-01-31 14:15:00,1675154700,2719.5,2722,2676.55,2680,256896
2023-01-31 15:15:00,1675158300,2680.05,2690.7,2676.55,2679,95076
2023-02-01 09:15:00,1675223100,2724,2855,2716.05,2854.85,511509
2023-02-01 10:15:00,1675226700,2855,2855.95,2797.6,2814.3,187473
2023-02-01 11:15:00,1675230300,2812.25,2860,2792.15,2813,262397
2023-02-01 12:15:00,1675233900,2812.85,2845.5,2795.5,2801.05,181855
2023-02-01 13:15:00,1675237500,2801.75,2817,2757.4,2798.05,198138
2023-02-01 14:15:00,1675241100,2797.75,2817.95,2753.1,2806.3,240256
2023-02-01 15:15:00,1675244700,2806,2817.7,2800,2803,58599
2023-02-02 09:15:00,1675309500,2800,2859.8,2745,2817.55,255171
2023-02-02 10:15:00,1675313100,2815.45,2835.95,2782,2801.7,93770
2023-02-02 11:15:00,1675316700,2801.7,2813.35,2788,2810,37570
2023-02-02 12:15:00,1675320300,2810,2810.95,2773.2,2796.25,53799
2023-02-02 13:15:00,1675323900,2796.25,2798,2741.15,2752,78126
2023-02-02 14:15:00,1675327500,2752,2778,2743,2765,64141
2023-02-02 15:15:00,1675331100,2765.95,2773.7,2753.5,2765,25988
2023-02-03 09:15:00,1675395900,2770.95,2833.85,2705,2725,136105
2023-02-03 10:15:00,1675399500,2725,2734.85,2668.05,2705.35,82475
2023-02-03 11:15:00,1675403100,2705.55,2733.45,2692.25,2718.4,30095
2023-02-03 12:15:00,1675406700,2718.4,2727,2691.1,2707.55,41646
2023-02-03 13:15:00,1675410300,2707.55,2740,2695.15,2725.05,39429
2023-02-03 14:15:00,1675413900,2725.05,2763.3,2717.25,2753.2,61738
2023-02-03 15:15:00,1675417500,2753.95,2759.4,2747.5,2751,21904
2023-02-06 09:15:00,1675655100,2759.8,2815,2742.15,2763.7,88837
2023-02-06 10:15:00,1675658700,2763.7,2766.35,2742.15,2755.5,23095
2023-02-06 11:15:00,1675662300,2756.35,2794.45,2753.75,2783.3,30292
2023-02-06 12:15:00,1675665900,2783.3,2798.75,2766.75,2768.1,27815
2023-02-06 13:15:00,1675669500,2768.1,2791,2765.1,2789,20932
2023-02-06 14:15:00,1675673100,2789.85,2791,2768,2782.05,25881
2023-02-06 15:15:00,1675676700,2783.95,2787.1,2779.05,2781.95,10628
2023-02-07 09:15:00,1675741500,2797.5,2797.5,2728.05,2739.9,88849
2023-02-07 10:15:00,1675745100,2739.9,2744.6,2720,2740.95,92457
2023-02-07 11:15:00,1675748700,2740.95,2752.45,2737.3,2739.75,21852
2023-02-07 12:15:00,1675752300,2739.95,2740.95,2720.5,2721.45,52368
2023-02-07 13:15:00,1675755900,2721.1,2732,2697.05,2717.2,85105
2023-02-07 14:15:00,1675759500,2717.2,2721.6,2691.1,2703.6,189477
2023-02-07 15:15:00,1675763100,2703.6,2711.35,2697,2706,37260
2023-02-08 09:15:00,1675827900,2737.05,2737.05,2675.4,2683.8,87269
2023-02-08 10:15:00,1675831500,2683.15,2691.4,2676.5,2686.5,34417
2023-02-08 11:15:00,1675835100,2686.5,2702,2680.45,2700.05,32715
2023-02-08 12:15:00,1675838700,2700.05,2712.8,2696,2712.7,43400
2023-02-08 13:15:00,1675842300,2709.35,2719.45,2701,2716.5,49001
2023-02-08 14:15:00,1675845900,2716.5,2720,2690,2708.2,73342
2023-02-08 15:15:00,1675849500,2708.2,2714.7,2702.5,2705,20441
2023-02-09 09:15:00,1675914300,2700,2734.35,2667.3,2693.3,80697
2023-02-09 10:15:00,1675917900,2693.3,2700.25,2681,2683.9,31463
2023-02-09 11:15:00,1675921500,2683.9,2689.85,2675,2678.9,21322
2023-02-09 12:15:00,1675925100,2678.9,2681.6,2641.05,2650.3,79997
2023-02-09 13:15:00,1675928700,2650.1,2678.95,2650,2676.45,78888
2023-02-09 14:15:00,1675932300,2676.2,2698.55,2670,2697.6,77588
2023-02-09 15:15:00,1675935900,2697.5,2700,2690.1,2691.5,23234
2023-02-10 09:15:00,1676000700,2699.95,2704.65,2661.6,2698,61789
2023-02-10 10:15:00,1676004300,2699.1,2718.7,2692.95,2710,48480
2023-02-10 11:15:00,1676007900,2710,2728.15,2706.05,2710.5,43028
2023-02-10 12:15:00,1676011500,2710.5,2745,2707.3,2720.1,56506
2023-02-10 13:15:00,1676015100,2720.1,2729.5,2716.2,2718.5,24288
2023-02-10 14:15:00,1676018700,2718.5,2722.2,2684.85,2706.3,56958
2023-02-10 15:15:00,1676022300,2706.3,2708.1,2698.6,2704.9,15197
2023-02-13 09:15:00,1676259900,2717,2728.65,2663,2669.1,70494
2023-02-13 10:15:00,1676263500,2669.5,2687.75,2666,2668.85,25027
2023-02-13 11:15:00,1676267100,2668.2,2671.4,2633.5,2646.15,55731
2023-02-13 12:15:00,1676270700,2646.15,2657,2642.1,2652.5,38810
2023-02-13 13:15:00,1676274300,2652.5,2656.9,2622.05,2651.9,55256
2023-02-13 14:15:00,1676277900,2651.9,2679,2648.55,2664.8,48819
2023-02-13 15:15:00,1676281500,2664.75,2667.8,2657,2665,21097
2023-02-14 09:15:00,1676346300,2674,2710,2631.2,2696.55,122941
2023-02-14 10:15:00,1676349900,2696.55,2710,2695.05,2703,58002
2023-02-14 11:15:00,1676353500,2704,2705,2688.05,2691,31312
2023-02-14 12:15:00,1676357100,2691,2693.8,2675,2689.7,28618
2023-02-14 13:15:00,1676360700,2689.7,2706.2,2682.25,2689,38635
2023-02-14 14:15:00,1676364300,2689,2696.95,2682.05,2688.9,37412
2023-02-14 15:15:00,1676367900,2688.9,2695,2685.05,2690.9,19438
2023-02-15 09:15:00,1676432700,2685,2718.5,2651.2,2708.75,98712
2023-02-15 10:15:00,1676436300,2708.75,2713.1,2697.2,2709.25,20352
2023-02-15 11:15:00,1676439900,2709.25,2710.25,2685.65,2690.75,23092
2023-02-15 12:15:00,1676443500,2690.75,2699,2685,2691.15,14236
2023-02-15 13:15:00,1676447100,2691.85,2694.4,2682.65,2693,10839
2023-02-15 14:15:00,1676450700,2693,2705.7,2691,2703.15,39845
2023-02-15 15:15:00,1676454300,2703.4,2709,2700,2702,19248
2023-02-16 09:15:00,1676519100,2715.1,2715.1,2690,2707.35,63499
2023-02-16 10:15:00,1676522700,2707.35,2730,2702.75,2726.85,77270
2023-02-16 11:15:00,1676526300,2726.85,2770,2710,2724.65,185528
2023-02-16 12:15:00,1676529900,2724.65,2741.9,2716.15,2740.05,29141
2023-02-16 13:15:00,1676533500,2740.4,2755,2720,2728.75,133308
2023-02-16 14:15:00,1676537100,2729,2744.5,2721.5,2725.15,82424
2023-02-16 15:15:00,1676540700,2725,2727.2,2716.55,2722.35,26750
2023-02-17 09:15:00,1676605500,2720,2740,2696,2708,74702
2023-02-17 10:15:00,1676609100,2707.95,2721,2701.25,2715.75,19316
2023-02-17 11:15:00,1676612700,2715.75,2735,2714.15,2735,15262
2023-02-17 12:15:00,1676616300,2734.6,2749.7,2722.35,2737.15,37650
2023-02-17 13:15:00,1676619900,2737.15,2738.55,2724.4,2730.75,19991
2023-02-17 14:15:00,1676623500,2730.75,2759.7,2730,2738.25,60427
2023-02-17 15:15:00,1676627100,2737.7,2739.2,2730,2732.35,14673
2023-02-20 09:15:00,1676864700,2732.35,2750.05,2704.2,2723.25,62232
2023-02-20 10:15:00,1676868300,2723.3,2743.75,2718.05,2741.8,16739
2023-02-20 11:15:00,1676871900,2741.8,2748,2723.75,2743.85,17327
2023-02-20 12:15:00,1676875500,2740.15,2745,2730.5,2742.55,7712
2023-02-20 13:15:00,1676879100,2742.55,2746.6,2702.55,2708.35,37003
2023-02-20 14:15:00,1676882700,2708.35,2710,2695,2708.5,34105
2023-02-20 15:15:00,1676886300,2708.5,2709.45,2700,2703.55,17804
2023-02-21 09:15:00,1676951100,2712,2724.6,2703,2704,39017
2023-02-21 10:15:00,1676954700,2704.45,2734.95,2695,2734,44177
2023-02-21 11:15:00,1676958300,2733.3,2735.3,2722.85,2727.4,26434
2023-02-21 12:15:00,1676961900,2727.4,2729.2,2706.75,2723.9,19381
2023-02-21 13:15:00,1676965500,2723.9,2726,2715,2724,11741
2023-02-21 14:15:00,1676969100,2724,2732,2712.25,2720.1,38275
2023-02-21 15:15:00,1676972700,2720.1,2725,2720,2723,11940
2023-02-22 09:15:00,1677037500,2711,2711.05,2658.15,2661.5,75664
2023-02-22 10:15:00,1677041100,2659.95,2666.55,2645,2663.1,46383
2023-02-22 11:15:00,1677044700,2662.65,2668.1,2660.5,2667.6,13902
2023-02-22 12:15:00,1677048300,2667.6,2678.65,2666.5,2672.95,19397
2023-02-22 13:15:00,1677051900,2672.95,2673.4,2652.1,2653.55,24569
2023-02-22 14:15:00,1677055500,2652.1,2655.95,2638.9,2646.2,61292
2023-02-22 15:15:00,1677059100,2645.05,2647.85,2636.2,2640,28757
2023-02-23 09:15:00,1677123900,2644,2652,2581.2,2646.6,160698
2023-02-23 10:15:00,1677127500,2646.6,2664.95,2642.7,2651.35,39670
2023-02-23 11:15:00,1677131100,2651.35,2662.2,2647,2655.15,49202
2023-02-23 12:15:00,1677134700,2655.15,2690,2654.75,2681.8,59901
2023-02-23 13:15:00,1677138300,2681.8,2686.7,2665.85,2666.05,21552
2023-02-23 14:15:00,1677141900,2666.05,2686,2654.05,2684,52008
2023-02-23 15:15:00,1677145500,2683.4,2706,2679.6,2700,52589
2023-02-24 09:15:00,1677210300,2705,2722,2684.05,2699,58114
2023-02-24 10:15:00,1677213900,2699,2733.7,2699,2721.35,37890
2023-02-24 11:15:00,1677217500,2722,2760,2719,2756.8,80863
2023-02-24 12:15:00,1677221100,2756.8,2794.85,2750,2785,171864
2023-02-24 13:15:00,1677224700,2785,2797.4,2777,2784,67796
2023-02-24 14:15:00,1677228300,2784,2793,2783,2787.45,56609
2023-02-24 15:15:00,1677231900,2787.45,2809.4,2786.55,2804,65281
2023-02-27 09:15:00,1677469500,2800,2800.05,2736.2,2745.1,104462
2023-02-27 10:15:00,1677473100,2745.1,2761,2705.95,2754.95,59220
2023-02-27 11:15:00,1677476700,2754.95,2759,2740,2750.6,26978
2023-02-27 12:15:00,1677480300,2750.6,2778,2748.3,2764.45,34394
2023-02-27 13:15:00,1677483900,2764.45,2777.4,2759.8,2769.3,18031
2023-02-27 14:15:00,1677487500,2770,2780,2763.6,2776.15,37178
2023-02-27 15:15:00,1677491100,2777.35,2788.45,2775.4,2785.4,19064
2023-02-28 09:15:00,1677555900,2779,2846,2760.2,2830.3,183399
2023-02-28 10:15:00,1677559500,2830.3,2857.8,2822.2,2851.85,126103
2023-02-28 11:15:00,1677563100,2851.9,2893.5,2844,2880.7,130948
2023-02-28 12:15:00,1677566700,2881.5,2904,2875,2894.4,92049
2023-02-28 13:15:00,1677570300,2894,2899.45,2875.1,2882.55,67753
2023-02-28 14:15:00,1677573900,2882.55,2894.1,2878.8,2890,62028
2023-02-28 15:15:00,1677577500,2888.75,2895,2887.35,2890.5,45040
2023-03-01 09:15:00,1677642300,2892,2934.65,2879.9,2922,163215
2023-03-01 10:15:00,1677645900,2922,2994.25,2920.6,2963.2,252771
2023-03-01 11:15:00,1677649500,2965,2965,2920.55,2953.8,157496
2023-03-01 12:15:00,1677653100,2953.9,2964.4,2944.9,2951.1,43443
2023-03-01 13:15:00,1677656700,2951.1,2952.65,2920,2937.5,43993
2023-03-01 14:15:00,1677660300,2938,2938,2925,2929.9,35609
2023-03-01 15:15:00,1677663900,2932.65,2940.95,2921,2923.2,37166
2023-03-02 09:15:00,1677728700,2924.85,2989.8,2919.3,2957.35,162443
2023-03-02 10:15:00,1677732300,2957.7,2957.7,2930,2946.8,60947
2023-03-02 11:15:00,1677735900,2946.8,2964.25,2941,2960.8,37108
2023-03-02 12:15:00,1677739500,2960.8,2970,2950.2,2955.05,42880
2023-03-02 13:15:00,1677743100,2955.05,2963.5,2931.05,2931.65,43059
2023-03-02 14:15:00,1677746700,2931.65,2954.6,2922.25,2950,117873
2023-03-02 15:15:00,1677750300,2950,2962.7,2950,2960.2,41158
2023-03-03 09:15:00,1677815100,2969.25,2983.95,2935,2975.8,85242
2023-03-03 10:15:00,1677818700,2975.8,2993.75,2968.55,2983.95,69144
2023-03-03 11:15:00,1677822300,2983.95,2984.75,2972.75,2980,24979
2023-03-03 12:15:00,1677825900,2980,2988,2972.35,2986.5,17093
2023-03-03 13:15:00,1677829500,2986.5,2986.5,2973.95,2977.15,18394
2023-03-03 14:15:00,1677833100,2979.15,2984,2972.75,2977.9,31389
2023-03-03 15:15:00,1677836700,2976.95,2990,2974.95,2988.9,39810
2023-03-06 09:15:00,1678074300,2995,3052.8,2980,3037.9,117311
2023-03-06 10:15:00,1678077900,3037.9,3038,3009,3022.95,36155
2023-03-06 11:15:00,1678081500,3022.95,3022.95,2996.95,3002.55,25898
2023-03-06 12:15:00,1678085100,3002.55,3015.15,2996,3009.2,16040
2023-03-06 13:15:00,1678088700,3009.2,3011.8,2984.1,3008.7,36594
2023-03-06 14:15:00,1678092300,3008.7,3009,2992.1,2994.25,21019
2023-03-06 15:15:00,1678095900,2994.25,2995.8,2971,2981,21785
2023-03-08 09:15:00,1678247100,2975,2980.05,2933.2,2967.9,42397
2023-03-08 10:15:00,1678250700,2967.9,2968.3,2950.1,2955.15,12530
2023-03-08 11:15:00,1678254300,2955.15,2958.1,2942,2943.95,12465
2023-03-08 12:15:00,1678257900,2943.95,2946.5,2935.1,2937.9,11827
2023-03-08 13:15:00,1678261500,2937.9,2941.25,2926.5,2929.5,20552
2023-03-08 14:15:00,1678265100,2929.5,2930,2907.85,2917,41666
2023-03-08 15:15:00,1678268700,2915.6,2922.75,2910.35,2919,24124
2023-03-09 09:15:00,1678333500,2919.15,2937.8,2870.5,2873,64746
2023-03-09 10:15:00,1678337100,2873,2888.75,2865,2872.75,28953
2023-03-09 11:15:00,1678340700,2872.75,2874.45,2854,2855.1,19793
2023-03-09 12:15:00,1678344300,2855.1,2855.1,2832.45,2837.8,34836
2023-03-09 13:15:00,1678347900,2836.85,2841,2821.2,2825,35154
2023-03-09 14:15:00,1678351500,2825,2831,2816.8,2820.4,46065
2023-03-09 15:15:00,1678355100,2820.5,2830,2816,2829,22261
2023-03-10 09:15:00,1678419900,2822,2829.95,2790.45,2804.6,67130
2023-03-10 10:15:00,1678423500,2804.6,2854.1,2803.3,2845.45,62952
2023-03-10 11:15:00,1678427100,2845.45,2884.95,2844.05,2877.65,75476
2023-03-10 12:15:00,1678430700,2877.65,2885,2860,2875,116098
2023-03-10 13:15:00,1678434300,2875,2889.6,2869.85,2882.3,47063
2023-03-10 14:15:00,1678437900,2882.85,2889.95,2875.75,2882.7,59397
2023-03-10 15:15:00,1678441500,2882.7,2895,2882.7,2895,49577
2023-03-13 09:15:00,1678679100,2880,2890.05,2826,2860.25,65844
2023-03-13 10:15:00,1678682700,2860.25,2926.8,2858.2,2907.8,112767
2023-03-13 11:15:00,1678686300,2906.4,2934,2902.3,2920,56709
2023-03-13 12:15:00,1678689900,2920.3,2927.45,2910,2918.45,33876
2023-03-13 13:15:00,1678693500,2918.45,2926.2,2918.25,2920,37148
2023-03-13 14:15:00,1678697100,2920,2922.7,2871.55,2888.6,156952
2023-03-13 15:15:00,1678700700,2888.6,2908.35,2888.6,2906,18917
2023-03-14 09:15:00,1678765500,2900.45,2900.45,2843.45,2846.05,51375
2023-03-14 10:15:00,1678769100,2846.05,2851,2811.25,2847.15,31281
2023-03-14 11:15:00,1678772700,2846.75,2875.5,2845.05,2851.2,43213
2023-03-14 12:15:00,1678776300,2851.2,2866.9,2849.15,2858,23947
2023-03-14 13:15:00,1678779900,2857.15,2860.4,2839,2854.55,27150
2023-03-14 14:15:00,1678783500,2854.55,2864.35,2850.3,2860,28888
2023-03-14 15:15:00,1678787100,2860,2860.1,2821.25,2841,15174
2023-03-15 09:15:00,1678851900,2875,2878.25,2821,2836.85,54786
2023-03-15 10:15:00,1678855500,2836.85,2859.9,2824.95,2829.35,32631
2023-03-15 11:15:00,1678859100,2829.35,2832.75,2807.3,2813,26042
2023-03-15 12:15:00,1678862700,2813,2827.3,2807,2811.45,20366
2023-03-15 13:15:00,1678866300,2811.45,2848.75,2811.45,2844.9,33032
2023-03-15 14:15:00,1678869900,2844.9,2846.5,2823.65,2836.3,35498
2023-03-15 15:15:00,1678873500,2835.95,2838.75,2825,2827.95,19596
2023-03-16 09:15:00,1678938300,2842.4,2879,2830.8,2871.6,77485
2023-03-16 10:15:00,1678941900,2873.4,2900,2868,2876,59564
2023-03-16 11:15:00,1678945500,2876,2887.65,2866.55,2869.55,21409
2023-03-16 12:15:00,1678949100,2869.55,2885,2865.55,2882.65,16508
2023-03-16 13:15:00,1678952700,2882.65,2891.75,2880.3,2890.45,17594
2023-03-16 14:15:00,1678956300,2890.45,2891.6,2860.1,2872.95,24249
2023-03-16 15:15:00,1678959900,2872.95,2873,2859,2869,12973
2023-03-17 09:15:00,1679024700,2882.4,2902.15,2852.25,2895.75,46620
2023-03-17 10:15:00,1679028300,2895.75,2907.65,2888,2889.9,24299
2023-03-17 11:15:00,1679031900,2889.9,2895.75,2880,2883.95,14634
2023-03-17 12:15:00,1679035500,2883.95,2895,2875.45,2895,20770
2023-03-17 13:15:00,1679039100,2895,2899.9,2888.35,2890.1,12117
2023-03-17 14:15:00,1679042700,2890.1,2895,2881.6,2884.25,21926
2023-03-17 15:15:00,1679046300,2885.2,2890.7,2875,2881,17664
2023-03-20 09:15:00,1679283900,2835.9,2890.75,2835.9,2871.4,35696
2023-03-20 10:15:00,1679287500,2871.4,2882.8,2858.8,2875.6,26953
2023-03-20 11:15:00,1679291100,2875.6,2887,2864,2864.55,26733
2023-03-20 12:15:00,1679294700,2864.55,2875.55,2853.65,2871.75,19545
2023-03-20 13:15:00,1679298300,2871.75,2879,2865,2872,16071
2023-03-20 14:15:00,1679301900,2873,2923.95,2866.35,2922.55,56240
2023-03-20 15:15:00,1679305500,2922.55,2934.1,2903.65,2920,18209
2023-03-21 09:15:00,1679370300,2912.1,2948.05,2902,2937.25,72848
2023-03-21 10:15:00,1679373900,2937.25,2939.55,2921.4,2927.5,20665
2023-03-21 11:15:00,1679377500,2927.5,2937,2912.25,2925.5,14412
2023-03-21 12:15:00,1679381100,2925.5,2932.95,2913.5,2917.9,15125
2023-03-21 13:15:00,1679384700,2917.9,2918.45,2898.45,2904.1,16141
2023-03-21 14:15:00,1679388300,2904.1,2909.4,2895,2900,28024
2023-03-21 15:15:00,1679391900,2900,2902.3,2895.05,2901,14516
2023-03-22 09:15:00,1679456700,2900.05,2907.55,2865.05,2896.9,86911
2023-03-22 10:15:00,1679460300,2896.9,2924.5,2895.15,2918.2,49869
2023-03-22 11:15:00,1679463900,2918.2,2918.2,2885.5,2898.7,76424
2023-03-22 12:15:00,1679467500,2898.6,2902.9,2893.15,2894.95,35953
2023-03-22 13:15:00,1679471100,2894.95,2894.95,2869,2881.1,52616
2023-03-22 14:15:00,1679474700,2881.1,2892.7,2877.05,2890,85350
2023-03-22 15:15:00,1679478300,2890,2891,2877.35,2882.1,38504
2023-03-23 09:15:00,1679543100,2891,2898,2852.05,2897.4,41708
2023-03-23 10:15:00,1679546700,2896.25,2904.55,2891.85,2894.4,28543
2023-03-23 11:15:00,1679550300,2894.4,2910,2890.15,2902.5,19077
2023-03-23 12:15:00,1679553900,2902.5,2913.35,2898,2900.45,13784
2023-03-23 13:15:00,1679557500,2901.55,2905.65,2896.65,2898.75,11440
2023-03-23 14:15:00,1679561100,2898.75,2904.5,2895.5,2899.05,31718
2023-03-23 15:15:00,1679564700,2899.05,2905.35,2894,2900.55,21197
2023-03-24 09:15:00,1679629500,2900,2908.8,2853.95,2857.6,40035
2023-03-24 10:15:00,1679633100,2857.6,2869.15,2844,2868,30509
2023-03-24 11:15:00,1679636700,2868,2887,2868,2885.7,16520
2023-03-24 12:15:00,1679640300,2885.95,2889.8,2882.6,2888.35,20210
2023-03-24 13:15:00,1679643900,2888.35,2891.3,2879.1,2883.25,19228
2023-03-24 14:15:00,1679647500,2883.25,2889,2877.85,2882,42924
2023-03-24 15:15:00,1679651100,2882,2887,2877.6,2887,19094
2023-03-27 09:15:00,1679888700,2881.45,2894.45,2852.45,2855,69195
2023-03-27 10:15:00,1679892300,2855,2859.8,2828.05,2833.35,22662
2023-03-27 11:15:00,1679895900,2833.35,2849.35,2830,2841.75,16109
2023-03-27 12:15:00,1679899500,2841.75,2852.25,2838.45,2852,14794
2023-03-27 13:15:00,1679903100,2852,2854,2839.3,2840.25,9487
2023-03-27 14:15:00,1679906700,2840.25,2848.65,2799.5,2807,44761
2023-03-27 15:15:00,1679910300,2807,2808.6,2788.15,2800,23956
2023-03-28 09:15:00,1679975100,2804.65,2835.15,2754.05,2799.95,82153
2023-03-28 10:15:00,1679978700,2799.95,2800.75,2782.2,2787.8,23809
2023-03-28 11:15:00,1679982300,2787.8,2801.55,2781.8,2798,29541
2023-03-28 12:15:00,1679985900,2798,2822,2796.35,2818.4,49268
2023-03-28 13:15:00,1679989500,2818.4,2821.25,2796.8,2802.35,40156
2023-03-28 14:15:00,1679993100,2802.15,2828.7,2800,2819.1,44955
2023-03-28 15:15:00,1679996700,2819.1,2830.95,2817.85,2820.8,24184
2023-03-29 09:15:00,1680061500,2821,2858,2812.15,2823.35,63318
2023-03-29 10:15:00,1680065100,2823.35,2834,2797.7,2801.4,32585
2023-03-29 11:15:00,1680068700,2800.45,2806.35,2777.45,2783,24771
2023-03-29 12:15:00,1680072300,2782.15,2802.9,2780.4,2798,26550
2023-03-29 13:15:00,1680075900,2798,2803.1,2777,2786.8,112959
2023-03-29 14:15:00,1680079500,2785.35,2800,2760.1,2800,120800
2023-03-29 15:15:00,1680083100,2800,2833.05,2797.25,2830,31105
2023-03-31 09:15:00,1680234300,2818.1,2845,2794.5,2825,53666
2023-03-31 10:15:00,1680237900,2825,2842.15,2823.45,2841.6,22273
2023-03-31 11:15:00,1680241500,2841.6,2842.65,2827.3,2829.3,15921
2023-03-31 12:15:00,1680245100,2829.3,2839,2827,2830.3,9719
2023-03-31 13:15:00,1680248700,2830.3,2859.75,2826.6,2859.75,32375
2023-03-31 14:15:00,1680252300,2859.9,2873.95,2851.4,2859.75,45594
2023-03-31 15:15:00,1680255900,2859.75,2869.5,2844.9,2860,19342
2023-04-03 09:15:00,1680493500,2879.95,2917.5,2865.1,2866.7,65365
2023-04-03 10:15:00,1680497100,2865.45,2886.4,2862.35,2881.95,14451
2023-04-03 11:15:00,1680500700,2881.95,2895,2859,2866.95,30611
2023-04-03 12:15:00,1680504300,2866.95,2886.5,2862.7,2872.95,11321
2023-04-03 13:15:00,1680507900,2872.95,2895,2870.5,2893.4,17729
2023-04-03 14:15:00,1680511500,2893.4,2898,2889.45,2892,18510
2023-04-03 15:15:00,1680515100,2892,2902,2883.85,2900,11647
2023-04-05 09:15:00,1680666300,2902,2935.5,2893,2933.75,61684
2023-04-05 10:15:00,1680669900,2933.75,2940,2927.65,2938,14528
2023-04-05 11:15:00,1680673500,2938,2945,2928.5,2933,14839
2023-04-05 12:15:00,1680677100,2932.25,2941.45,2932.15,2935.25,8461
2023-04-05 13:15:00,1680680700,2935.25,2939.95,2930,2937.8,10959
2023-04-05 14:15:00,1680684300,2937.8,2939.45,2930,2932.6,18585
2023-04-05 15:15:00,1680687900,2928.4,2932.85,2915,2931.7,11547
2023-04-06 09:15:00,1680752700,2929.9,2929.9,2896.35,2913.9,37947
2023-04-06 10:15:00,1680756300,2913.9,2919.4,2906.45,2916.5,13934
2023-04-06 11:15:00,1680759900,2916.5,2953.95,2900,2945.15,43469
2023-04-06 12:15:00,1680763500,2944.45,2957.85,2932,2932,139513
2023-04-06 13:15:00,1680767100,2932.05,2933.65,2890,2891,30960
2023-04-06 14:15:00,1680770700,2891,2901.75,2872.85,2892,33484
2023-04-06 15:15:00,1680774300,2891.1,2899,2885.05,2893,14600
2023-04-10 09:15:00,1681098300,2885.2,2903.05,2870.05,2892.4,27905
2023-04-10 10:15:00,1681101900,2892.4,2903.9,2888.55,2901,9354
2023-04-10 11:15:00,1681105500,2901,2935,2901,2916.2,44740
2023-04-10 12:15:00,1681109100,2918.85,2947,2916.5,2940,67802
2023-04-10 13:15:00,1681112700,2940,2979.9,2939.8,2976.85,67843
2023-04-10 14:15:00,1681116300,2976.35,2982.4,2965,2975,73308
2023-04-10 15:15:00,1681119900,2975,2990,2974.45,2980,30352
2023-04-11 09:15:00,1681184700,2979.05,3001.9,2962,2978.55,106130
2023-04-11 10:15:00,1681188300,2978.55,2978.55,2921,2933.15,49912
2023-04-11 11:15:00,1681191900,2933.15,2943.45,2911.75,2919,46445
2023-04-11 12:15:00,1681195500,2919,2972.95,2918.05,2963.7,178429
2023-04-11 13:15:00,1681199100,2963.7,2987.9,2952.5,2969,51105
2023-04-11 14:15:00,1681202700,2969,2979.45,2958.15,2969.3,31117
2023-04-11 15:15:00,1681206300,2970.9,2980,2951,2964,19466
2023-04-12 09:15:00,1681271100,2979.6,2989.1,2932,2945,81258
2023-04-12 10:15:00,1681274700,2944.05,2959.2,2913.55,2940,133473
2023-04-12 11:15:00,1681278300,2940,2954,2937.6,2940,168711
2023-04-12 12:15:00,1681281900,2940,2940,2927.3,2934,57446
2023-04-12 13:15:00,1681285500,2933.2,2937.1,2918.05,2920,132070
2023-04-12 14:15:00,1681289100,2919.95,2928.85,2896.35,2924.6,173533
2023-04-12 15:15:00,1681292700,2924.1,2932.05,2923.85,2927.95,57545
2023-04-13 09:15:00,1681357500,2926.4,3034.6,2918.85,3005,174420
2023-04-13 10:15:00,1681361100,3004.95,3018.9,2985.2,2994.15,128231
2023-04-13 11:15:00,1681364700,2995.55,3004.85,2981,3000.75,34789
2023-04-13 12:15:00,1681368300,3000.75,3007,2997.35,3002.3,27485
2023-04-13 13:15:00,1681371900,3000.85,3003,2986.1,2995.6,32108
2023-04-13 14:15:00,1681375500,2995.6,3000,2981.2,2987.9,40471
2023-04-13 15:15:00,1681379100,2987.9,2988.7,2965,2980,27527
2023-04-17 09:15:00,1681703100,2974.5,2982.55,2931,2945,35156
2023-04-17 10:15:00,1681706700,2945,2967.7,2943.9,2966,17176
2023-04-17 11:15:00,1681710300,2966,2976.7,2963.1,2971.25,11540
2023-04-17 12:15:00,1681713900,2971.25,2974.2,2949.45,2951.2,18083
2023-04-17 13:15:00,1681717500,2951.2,2957,2938.05,2957,39628
2023-04-17 14:15:00,1681721100,2957,2959,2949.4,2954,30308
2023-04-17 15:15:00,1681724700,2954,2975,2953.2,2966.8,11797
2023-04-18 09:15:00,1681789500,2965.95,2987.65,2944.25,2968,37283
2023-04-18 10:15:00,1681793100,2970.25,2981.95,2958.8,2963.95,16153
2023-04-18 11:15:00,1681796700,2964.85,3042.05,2956,3025.2,69595
2023-04-18 12:15:00,1681800300,3025.2,3050,2990.05,2991.55,82003
2023-04-18 13:15:00,1681803900,2991.5,2997.15,2961.1,2967.5,53444
2023-04-18 14:15:00,1681807500,2967.45,2983.95,2967.45,2975.2,24620
2023-04-18 15:15:00,1681811100,2977,2980,2975,2976.1,13133
2023-04-19 09:15:00,1681875900,2979.9,3110,2972.1,3022.15,243777
2023-04-19 10:15:00,1681879500,3022.15,3052,3022.05,3028.6,108865
2023-04-19 11:15:00,1681883100,3030,3040.5,3028.6,3035,50734
2023-04-19 12:15:00,1681886700,3035,3074.95,3034.4,3058.75,131460
2023-04-19 13:15:00,1681890300,3060.45,3065,3033.55,3034.85,48646
2023-04-19 14:15:00,1681893900,3034.65,3038.4,2993,3013.5,72836
2023-04-19 15:15:00,1681897500,3014.85,3015.4,3003,3005.4,29190
2023-04-20 09:15:00,1681962300,2982.55,3018.35,2982.55,3005,95758
2023-04-20 10:15:00,1681965900,3005,3017,2984,3000.05,78443
2023-04-20 11:15:00,1681969500,3000.05,3029.4,3000,3012.35,41436
2023-04-20 12:15:00,1681973100,3012.4,3020.7,2991.6,2996,25627
2023-04-20 13:15:00,1681976700,2996,3024,2985.45,2990.05,39782
2023-04-20 14:15:00,1681980300,2991.9,2995.95,2983,2991.5,24430
2023-04-20 15:15:00,1681983900,2990,2991.45,2983,2983,40955
2023-04-21 09:15:00,1682048700,2990,3004.8,2966.55,2974.6,37089
2023-04-21 10:15:00,1682052300,2973.15,2977.75,2952.2,2961.95,18320
2023-04-21 11:15:00,1682055900,2961.95,2961.95,2945,2950.7,15540
2023-04-21 12:15:00,1682059500,2950.7,2953,2930.45,2932.8,42046
2023-04-21 13:15:00,1682063100,2932.8,2959.05,2926.05,2949.85,22496
2023-04-21 14:15:00,1682066700,2949.85,2951.7,2925,2930,40670
2023-04-21 15:15:00,1682070300,2930,2932,2920,2928,14965
2023-04-24 09:15:00,1682307900,2935,2937.55,2880,2900.55,72786
2023-04-24 10:15:00,1682311500,2900.55,2903,2883.15,2898,21970
2023-04-24 11:15:00,1682315100,2898,2919,2898,2919,50171
2023-04-24 12:15:00,1682318700,2919,2925,2904,2906.55,34474
2023-04-24 13:15:00,1682322300,2907.5,2915,2896.3,2904.1,26141
2023-04-24 14:15:00,1682325900,2904.1,2906,2896,2898.5,29364
2023-04-24 15:15:00,1682329500,2898.5,2899.65,2886.75,2895,25937
2023-04-25 09:15:00,1682394300,2895.05,2897.95,2870.1,2883.45,50148
2023-04-25 10:15:00,1682397900,2883.45,2890,2880.1,2890,13336
2023-04-25 11:15:00,1682401500,2890,2890,2880.05,2882.5,9049
2023-04-25 12:15:00,1682405100,2882.5,2883.95,2856.25,2866.95,40270
2023-04-25 13:15:00,1682408700,2866.95,2867,2848.4,2861.6,26642
2023-04-25 14:15:00,1682412300,2861.6,2877.5,2860,2861.9,52647
2023-04-25 15:15:00,1682415900,2861.9,2868.95,2850.95,2860.9,27023
2023-04-26 09:15:00,1682480700,2862,2877.3,2849.85,2857.15,49112
2023-04-26 10:15:00,1682484300,2857.15,2866,2850.15,2854.8,19331
2023-04-26 11:15:00,1682487900,2854.8,2865,2846.05,2854.9,23280
2023-04-26 12:15:00,1682491500,2854.9,2855.95,2848.8,2849.95,8534
2023-04-26 13:15:00,1682495100,2849.95,2864.25,2843.55,2852.4,22773
2023-04-26 14:15:00,1682498700,2852.4,2852.85,2832.1,2832.95,38869
2023-04-26 15:15:00,1682502300,2832.95,2834.95,2820,2827.7,28458
2023-04-27 09:15:00,1682567100,2832.6,2860,2821,2855.35,57178
2023-04-27 10:15:00,1682570700,2855.35,2857,2830,2830.2,21040
2023-04-27 11:15:00,1682574300,2830.2,2848.15,2830.05,2842.65,15895
2023-04-27 12:15:00,1682577900,2842.65,2843.9,2836.1,2839,18276
2023-04-27 13:15:00,1682581500,2839,2854.9,2833.7,2854.75,45634
2023-04-27 14:15:00,1682585100,2854.9,2880,2848.4,2878.05,91774
2023-04-27 15:15:00,1682588700,2879.25,2894,2875,2885,24055
2023-04-28 09:15:00,1682653500,2885,2914.2,2878.5,2880.7,37772
2023-04-28 10:15:00,1682657100,2880.8,2906.95,2879,2901.4,21715
2023-04-28 11:15:00,1682660700,2901.4,2905,2899.15,2904.6,5664
2023-04-28 12:15:00,1682664300,2904.6,2917.95,2903.65,2911.55,15128
2023-04-28 13:15:00,1682667900,2911.6,2915,2904,2907.35,11020
2023-04-28 14:15:00,1682671500,2907.25,2924,2899.9,2918,65855
2023-04-28 15:15:00,1682675100,2918,2918,2905,2910,26500
2023-05-02 09:15:00,1682999100,2929,2948.8,2911.05,2917.2,44078
2023-05-02 10:15:00,1683002700,2918,2923.4,2909.25,2915,24638
2023-05-02 11:15:00,1683006300,2915,2929,2911.5,2926,20667
2023-05-02 12:15:00,1683009900,2926,2927.95,2921.5,2925.6,20439
2023-05-02 13:15:00,1683013500,2925.6,2930,2923.85,2925.05,22922
2023-05-02 14:15:00,1683017100,2925.05,2926.25,2907,2908.3,29442
2023-05-02 15:15:00,1683020700,2907,2916.95,2900,2911,15735
2023-05-03 09:15:00,1683085500,2911,2928.1,2882.7,2894,43940
2023-05-03 10:15:00,1683089100,2894,2913.95,2892.85,2909.4,15455
2023-05-03 11:15:00,1683092700,2909.4,2917.2,2903.45,2910,42242
2023-05-03 12:15:00,1683096300,2910,2915,2910,2914.35,9095
2023-05-03 13:15:00,1683099900,2914.35,2920,2899.05,2905.05,20563
2023-05-03 14:15:00,1683103500,2905.05,2911.15,2903.1,2909.9,18515
2023-05-03 15:15:00,1683107100,2909.9,2912.55,2902.05,2909,11335
2023-05-04 09:15:00,1683171900,2909,2943.75,2908.35,2915,18722
2023-05-04 10:15:00,1683175500,2915,2918.2,2901.5,2905.05,19471
2023-05-04 11:15:00,1683179100,2905.05,2910,2896.85,2900,15014
2023-05-04 12:15:00,1683182700,2900,2904.5,2896.8,2900,48568
2023-05-04 13:15:00,1683186300,2900,2901.55,2897.65,2897.8,12108
2023-05-04 14:15:00,1683189900,2897.8,2901.3,2895.05,2899,24790
2023-05-04 15:15:00,1683193500,2898.05,2900,2891.75,2895,13320
2023-05-05 09:15:00,1683258300,2899,2939.7,2888,2932.95,55015
2023-05-05 10:15:00,1683261900,2933,2952.75,2906.75,2908.1,57647
2023-05-05 11:15:00,1683265500,2908,2911.5,2896,2901.35,18884
2023-05-05 12:15:00,1683269100,2901.35,2903.75,2890,2892,10915
2023-05-05 13:15:00,1683272700,2892,2902.95,2890.5,2901.55,11310
2023-05-05 14:15:00,1683276300,2900.05,2904.3,2884.05,2885.85,24435
2023-05-05 15:15:00,1683279900,2885.85,2893.1,2882.05,2884.5,14497
2023-05-08 09:15:00,1683517500,2890.55,2926.35,2886.85,2909.35,27784
2023-05-08 10:15:00,1683521100,2909.35,2917,2892.35,2906.35,42734
2023-05-08 11:15:00,1683524700,2906.35,2911.6,2900,2904.05,8338
2023-05-08 12:15:00,1683528300,2904.05,2904.05,2896.05,2897.95,8348
2023-05-08 13:15:00,1683531900,2897.95,2902.65,2895.35,2900,6620
2023-05-08 14:15:00,1683535500,2900,2913,2898.05,2904.9,69597
2023-05-08 15:15:00,1683539100,2904.9,2908,2899.85,2902.4,23235
2023-05-09 09:15:00,1683603900,2903.1,2924.65,2902.4,2910.4,16460
2023-05-09 10:15:00,1683607500,2910.4,2910.4,2900.55,2905,11933
2023-05-09 11:15:00,1683611100,2905,2928.2,2901.1,2912.4,37998
2023-05-09 12:15:00,1683614700,2912.4,2916.95,2895,2897,20760
2023-05-09 13:15:00,1683618300,2897,2904,2894.25,2899.5,12536
2023-05-09 14:15:00,1683621900,2899.5,2904,2897,2900,26575
2023-05-09 15:15:00,1683625500,2900,2900,2895,2899.2,7152
2023-05-10 09:15:00,1683690300,2898,2929.3,2891.8,2907.3,33234
2023-05-10 10:15:00,1683693900,2907.3,2910,2900.8,2906,7494
2023-05-10 11:15:00,1683697500,2906,2914.95,2902,2904.6,9864
2023-05-10 12:15:00,1683701100,2904.6,2910,2901,2901.05,4593
2023-05-10 13:15:00,1683704700,2901.5,2901.85,2892.1,2895,13711
2023-05-10 14:15:00,1683708300,2895,2900,2881,2889.95,17910
2023-05-10 15:15:00,1683711900,2889.55,2900,2884.5,2897.05,14323
2023-05-11 09:15:00,1683776700,2907.5,2927.9,2900.3,2918.5,50736
2023-05-11 10:15:00,1683780300,2918.5,2922,2912.4,2914.5,9716
2023-05-11 11:15:00,1683783900,2914.5,2921,2910,2911.95,10357
2023-05-11 12:15:00,1683787500,2911.95,2920,2905,2914.7,19402
2023-05-11 13:15:00,1683791100,2914.7,2914.9,2905,2909,8134
2023-05-11 14:15:00,1683794700,2909,2915.15,2901.65,2912.65,12674
2023-05-11 15:15:00,1683798300,2912.65,2917,2900,2912,15021
2023-05-12 09:15:00,1683863100,2911,2930.05,2893.05,2922.45,42091
2023-05-12 10:15:00,1683866700,2924.75,2970,2922.4,2953.5,141852
2023-05-12 11:15:00,1683870300,2953.5,2954.4,2928,2928.45,38796
2023-05-12 12:15:00,1683873900,2928.45,2937.8,2911,2914.2,30835
2023-05-12 13:15:00,1683877500,2915.8,2920.3,2903.65,2908.1,16671
2023-05-12 14:15:00,1683881100,2908.1,2910.6,2842.85,2875,76555
2023-05-12 15:15:00,1683884700,2874.9,2879.95,2865.15,2875.85,28035
2023-05-15 09:15:00,1684122300,2886.85,2900.75,2858.05,2882,44153
2023-05-15 10:15:00,1684125900,2882,2925.95,2882,2905,47794
2023-05-15 11:15:00,1684129500,2905,2908.6,2900,2904.3,10296
2023-05-15 12:15:00,1684133100,2904.3,2910,2897,2899.55,13027
2023-05-15 13:15:00,1684136700,2899.55,2941.95,2898,2934,41701
2023-05-15 14:15:00,1684140300,2934,2949,2928,2943.95,69104
2023-05-15 15:15:00,1684143900,2943.95,2946.5,2939,2944,22340
2023-05-16 09:15:00,1684208700,2958.55,2965,2920.15,2922.6,68915
2023-05-16 10:15:00,1684212300,2919.4,2935,2917.65,2929.95,23420
2023-05-16 11:15:00,1684215900,2929.95,2930.05,2913.65,2920.25,14332
2023-05-16 12:15:00,1684219500,2920.25,2925,2917.5,2921.75,7249
2023-05-16 13:15:00,1684223100,2921,2926.3,2918.35,2924.55,10516
2023-05-16 14:15:00,1684226700,2925.95,2931.55,2908.7,2909.95,22729
2023-05-16 15:15:00,1684230300,2909.95,2915,2905.5,2915,12650
2023-05-17 09:15:00,1684295100,2950,3019.05,2932.6,2969,557334
2023-05-17 10:15:00,1684298700,2970.05,2971.95,2940,2957.4,98233
2023-05-17 11:15:00,1684302300,2957,2958.7,2916.05,2935.85,68397
2023-05-17 12:15:00,1684305900,2935.85,2948,2932.95,2941.4,25182
2023-05-17 13:15:00,1684309500,2941.4,2971,2941.05,2966.45,65704
2023-05-17 14:15:00,1684313100,2966.45,2970,2946.65,2964,106229
2023-05-17 15:15:00,1684316700,2964,2965,2953.5,2962,68475
2023-05-18 09:15:00,1684381500,2989.1,3016,2970.6,2998,262039
2023-05-18 10:15:00,1684385100,2998,3040,2996,3010,303308
2023-05-18 11:15:00,1684388700,3010,3019,2996.05,2999.65,84071
2023-05-18 12:15:00,1684392300,2998.05,2999.35,2966.05,2969,84673
2023-05-18 13:15:00,1684395900,2969,2997,2969,2980.9,52562
2023-05-18 14:15:00,1684399500,2980.9,2988.5,2972,2980.05,61220
2023-05-18 15:15:00,1684403100,2980.05,3008,2975,3000,63108
2023-05-19 09:15:00,1684467900,3005.3,3025,2992,3002.05,100603
2023-05-19 10:15:00,1684471500,3002.05,3030,3000,3028.2,100296
2023-05-19 11:15:00,1684475100,3029.75,3032,3011.1,3027,45320
2023-05-19 12:15:00,1684478700,3027,3030,3012,3016.95,37013
2023-05-19 13:15:00,1684482300,3016.95,3030,3015.5,3023.35,43530
2023-05-19 14:15:00,1684485900,3023.35,3043,3019,3029,98809
2023-05-19 15:15:00,1684489500,3029.9,3042,3028,3042,41394
2023-05-22 09:15:00,1684727100,3042.7,3110,3041.05,3069.25,267878
2023-05-22 10:15:00,1684730700,3069.25,3143,3058,3138.65,262620
2023-05-22 11:15:00,1684734300,3138.65,3230.45,3127.1,3215.8,325788
2023-05-22 12:15:00,1684737900,3217.1,3273.2,3207.65,3236.85,272833
2023-05-22 13:15:00,1684741500,3237.8,3262.7,3229,3245,134264
2023-05-22 14:15:00,1684745100,3245,3254.9,3210.6,3213.3,157842
2023-05-22 15:15:00,1684748700,3211.25,3251.55,3210.7,3250,137225
2023-05-23 09:15:00,1684813500,3267.4,3267.4,3165.1,3220,267095
2023-05-23 10:15:00,1684817100,3220,3221.85,3177,3202.15,83706
2023-05-23 11:15:00,1684820700,3202.25,3269.85,3195.9,3260.75,115193
2023-05-23 12:15:00,1684824300,3260.4,3260.7,3228.55,3238.5,68269
2023-05-23 13:15:00,1684827900,3238.5,3302,3233.95,3274,166540
2023-05-23 14:15:00,1684831500,3274,3305,3260,3280,173858
2023-05-23 15:15:00,1684835100,3280,3284.05,3255,3259,44106
2023-05-24 09:15:00,1684899900,3330,3489.95,3260,3475,1371484
2023-05-24 10:15:00,1684903500,3475,3540,3475,3536.25,708573
2023-05-24 11:15:00,1684907100,3538,3583,3501,3503.1,667518
2023-05-24 12:15:00,1684910700,3503.2,3516.3,3472.1,3490.55,356990
2023-05-24 13:15:00,1684914300,3490.55,3530,3483.15,3513.1,231576
2023-05-24 14:15:00,1684917900,3513,3524,3500,3520.1,210811
2023-05-24 15:15:00,1684921500,3520,3522.7,3500,3502,108481
2023-05-25 09:15:00,1684986300,3509.65,3556.95,3476.9,3511,327551
2023-05-25 10:15:00,1684989900,3510.95,3549.4,3507.6,3540.25,90874
2023-05-25 11:15:00,1684993500,3540.25,3627.75,3540,3579,406972
2023-05-25 12:15:00,1684997100,3579,3607.05,3567.6,3594.7,159533
2023-05-25 13:15:00,1685000700,3594.65,3604.95,3577.05,3585.3,100333
2023-05-25 14:15:00,1685004300,3585.3,3604.25,3577,3597.35,146371
2023-05-25 15:15:00,1685007900,3597.25,3610,3595.75,3599.9,70027
2023-05-26 09:15:00,1685072700,3609.95,3684.25,3570.05,3674,368153
2023-05-26 10:15:00,1685076300,3674,3674.9,3646.4,3652.4,100921
2023-05-26 11:15:00,1685079900,3650.2,3678,3650,3669,64595
2023-05-26 12:15:00,1685083500,3667.55,3684,3661.1,3676,73730
2023-05-26 13:15:00,1685087100,3676,3682,3668.4,3675.05,48325
2023-05-26 14:15:00,1685090700,3675.05,3678,3658,3662.5,76742
2023-05-26 15:15:00,1685094300,3662.5,3668.95,3651.35,3654,50220
2023-05-29 09:15:00,1685331900,3675.1,3739.5,3671.55,3701.4,266810
2023-05-29 10:15:00,1685335500,3701.55,3733.9,3701.15,3724.8,72074
2023-05-29 11:15:00,1685339100,3724.8,3730,3718.25,3724.7,30887
2023-05-29 12:15:00,1685342700,3724.7,3731,3716.75,3716.75,30725
2023-05-29 13:15:00,1685346300,3716.75,3727,3708,3718,52539
2023-05-29 14:15:00,1685349900,3718,3720,3700.1,3716.5,63557
2023-05-29 15:15:00,1685353500,3716.95,3719.9,3713.25,3717.95,39342
2023-05-30 09:15:00,1685418300,3715.5,3726.9,3690,3698.1,106668
2023-05-30 10:15:00,1685421900,3698.1,3698.9,3675,3694.25,39847
2023-05-30 11:15:00,1685425500,3694.25,3715,3688.5,3698.7,36995
2023-05-30 12:15:00,1685429100,3698,3698.7,3666,3670,34731
2023-05-30 13:15:00,1685432700,3670,3675.6,3652.4,3673.95,40269
2023-05-30 14:15:00,1685436300,3674.15,3692.15,3670.05,3686.95,48171
2023-05-30 15:15:00,1685439900,3686.95,3687.95,3677.15,3682.75,25540
2023-05-31 09:15:00,1685504700,3705.75,3855,3695.15,3834,552724
2023-05-31 10:15:00,1685508300,3833.6,3868.7,3816.75,3828.25,236327
2023-05-31 11:15:00,1685511900,3828.2,3836,3775,3778.65,210227
2023-05-31 12:15:00,1685515500,3779.7,3811.9,3777,3799,125311
2023-05-31 13:15:00,1685519100,3799,3829.8,3797.35,3829.8,117390
2023-05-31 14:15:00,1685522700,3829.85,3883.85,3829,3871,290763
2023-05-31 15:15:00,1685526300,3872.5,3900,3871.25,3880,108385
2023-06-01 09:15:00,1685591100,3893.05,4025,3855.15,4013.45,593750
2023-06-01 10:15:00,1685594700,4011.6,4020,3906,3923.8,389259
2023-06-01 11:15:00,1685598300,3922.2,3947.7,3901,3910,100385
2023-06-01 12:15:00,1685601900,3910,3929,3885.95,3915,158664
2023-06-01 13:15:00,1685605500,3915,3937.9,3912.9,3919.05,73501
2023-06-01 14:15:00,1685609100,3920.8,3933.25,3916,3919.95,77339
2023-06-01 15:15:00,1685612700,3919.95,3919.95,3882.45,3903,87846
2023-06-02 09:15:00,1685677500,3930,3989,3921.05,3972.7,374572
2023-06-02 10:15:00,1685681100,3971.4,3989,3965,3973.5,104582
2023-06-02 11:15:00,1685684700,3973.5,3978.95,3928.95,3938.95,119189
2023-06-02 12:15:00,1685688300,3939.4,3939.4,3902.3,3931,127577
2023-06-02 13:15:00,1685691900,3931,3955,3922,3948,71568
2023-06-02 14:15:00,1685695500,3948,3974,3940,3961.5,102645
2023-06-02 15:15:00,1685699100,3959.95,3975,3956,3961,59739
2023-06-05 09:15:00,1685936700,3992.95,4010,3966.15,3970,228417
2023-06-05 10:15:00,1685940300,3968.05,3999.1,3965,3981.55,62387
2023-06-05 11:15:00,1685943900,3981.55,3985,3966.05,3974.25,44741
2023-06-05 12:15:00,1685947500,3974.25,3991.95,3970,3985.45,36547
2023-06-05 13:15:00,1685951100,3985.45,3993.9,3981,3984.05,32760
2023-06-05 14:15:00,1685954700,3984.05,3993.95,3976,3980.9,51111
2023-06-05 15:15:00,1685958300,3980.9,3986.85,3970,3971,36155
2023-06-06 09:15:00,1686023100,3988,4008.85,3979.05,3999.25,117135
2023-06-06 10:15:00,1686026700,3999.3,3999.5,3932.05,3952.2,78553
2023-06-06 11:15:00,1686030300,3952.2,3954.7,3904,3904.05,52878
2023-06-06 12:15:00,1686033900,3906,3924.35,3877,3886.55,69869
2023-06-06 13:15:00,1686037500,3886.55,3907.95,3876.5,3895,58036
2023-06-06 14:15:00,1686041100,3893.45,3903.55,3845.55,3862.9,185633
2023-06-06 15:15:00,1686044700,3862.9,3874.1,3857.2,3870,47613
2023-06-07 09:15:00,1686109500,3879.35,3927.95,3875.1,3906.55,136033
2023-06-07 10:15:00,1686113100,3906.55,3929.3,3888.05,3920,54183
2023-06-07 11:15:00,1686116700,3920,3925,3911.05,3919.15,28865
2023-06-07 12:15:00,1686120300,3919.15,3923.2,3905.6,3921.95,22005
2023-06-07 13:15:00,1686123900,3921.95,3942.65,3916.55,3922.15,45956
2023-06-07 14:15:00,1686127500,3922.15,3927,3917.05,3923.85,32211
2023-06-07 15:15:00,1686131100,3923.7,3924.35,3918.1,3920,23353
2023-06-08 09:15:00,1686195900,3943.05,3977.95,3925.15,3965,144484
2023-06-08 10:15:00,1686199500,3965.5,4008.8,3963,3982.25,153325
2023-06-08 11:15:00,1686203100,3982.25,4005,3965.05,4003.2,106544
2023-06-08 12:15:00,1686206700,4002.75,4045,4002,4037.2,234265
2023-06-08 13:15:00,1686210300,4037.2,4094.2,4035,4068.55,343769
2023-06-08 14:15:00,1686213900,4069.95,4075,4053,4062,144672
2023-06-08 15:15:00,1686217500,4062,4080,4059,4077,79033
2023-06-09 09:15:00,1686282300,4080,4132,4056.25,4082,302557
2023-06-09 10:15:00,1686285900,4082,4083,4065.6,4079.8,48766
2023-06-09 11:15:00,1686289500,4079.8,4107.25,4077,4084.6,56017
2023-06-09 12:15:00,1686293100,4085.6,4090,4072,4080.85,34588
2023-06-09 13:15:00,1686296700,4080.85,4086,4077,4086,21701
2023-06-09 14:15:00,1686300300,4085,4090,4071.65,4074.75,88735
2023-06-09 15:15:00,1686303900,4074.75,4075.65,4060,4060,49750
2023-06-12 09:15:00,1686541500,4040,4075,3965,4075,196951
2023-06-12 10:15:00,1686545100,4075,4160,4074.2,4132.8,259599
2023-06-12 11:15:00,1686548700,4132.8,4145.4,4102.45,4141.1,92601
2023-06-12 12:15:00,1686552300,4141,4155,4127.8,4147.55,78566
2023-06-12 13:15:00,1686555900,4147.55,4179.9,4128,4172.45,144878
2023-06-12 14:15:00,1686559500,4174,4187.9,4147.35,4187,134316
2023-06-12 15:15:00,1686563100,4187,4200,4172,4192.9,70914
2023-06-13 09:15:00,1686627900,4207.85,4317.7,4189,4309,380687
2023-06-13 10:15:00,1686631500,4309,4382.35,4297.15,4366.5,425008
2023-06-13 11:15:00,1686635100,4364.1,4385,4271.9,4279.85,405347
2023-06-13 12:15:00,1686638700,4283.1,4320,4280,4303,124263
2023-06-13 13:15:00,1686642300,4303,4319,4284.5,4310.95,91857
2023-06-13 14:15:00,1686645900,4310.95,4330,4307.6,4321.4,146873
2023-06-13 15:15:00,1686649500,4321.45,4326,4308.15,4325.25,78332
2023-06-14 09:15:00,1686714300,4340,4394.85,4321.05,4363.3,345599
2023-06-14 10:15:00,1686717900,4363.3,4388.5,4363.3,4374.25,56697
2023-06-14 11:15:00,1686721500,4374.25,4420.7,4371.05,4385,152379
2023-06-14 12:15:00,1686725100,4385,4392,4341.55,4366,117516
2023-06-14 13:15:00,1686728700,4366,4366,4351.3,4360,37969
2023-06-14 14:15:00,1686732300,4360,4380,4356,4372.55,75876
2023-06-14 15:15:00,1686735900,4372.5,4380.9,4370.5,4374,57881
2023-06-15 09:15:00,1686800700,4373.5,4428.95,4335.1,4421.95,202532
2023-06-15 10:15:00,1686804300,4422,4448.15,4414.05,4429,110772
2023-06-15 11:15:00,1686807900,4429.95,4457.4,4425,4456.95,94579
2023-06-15 12:15:00,1686811500,4456.95,4497,4456.2,4480.05,181873
2023-06-15 13:15:00,1686815100,4481.85,4509.95,4480,4489.35,138139
2023-06-15 14:15:00,1686818700,4488.8,4557.45,4485,4554.7,171258
2023-06-15 15:15:00,1686822300,4553,4650,4553,4590,215357
2023-06-16 09:15:00,1686887100,4584.95,4607.35,4461.1,4476.6,434832
2023-06-16 10:15:00,1686890700,4477.05,4560,4477.05,4522,218763
2023-06-16 11:15:00,1686894300,4522.6,4548.9,4510.5,4537.8,62307
2023-06-16 12:15:00,1686897900,4537.8,4564.45,4533,4546.05,71190
2023-06-16 13:15:00,1686901500,4547.45,4555,4534.05,4543.1,46283
2023-06-16 14:15:00,1686905100,4543.1,4552.9,4526.05,4546.85,99770
2023-06-16 15:15:00,1686908700,4548,4553.55,4535,4535,53084
2023-06-19 09:15:00,1687146300,4560,4723.9,4538.7,4701.4,393743
2023-06-19 10:15:00,1687149900,4702.35,4709.4,4620.1,4659,258999
2023-06-19 11:15:00,1687153500,4658.05,4689,4648.8,4667,83408
2023-06-19 12:15:00,1687157100,4667,4676.85,4642.8,4647,49694
2023-06-19 13:15:00,1687160700,4647,4651.55,4614.55,4646,77779
2023-06-19 14:15:00,1687164300,4646,4683.15,4641.55,4658,111479
2023-06-19 15:15:00,1687167900,4656.35,4662,4637,4649.95,49379
2023-06-20 09:15:00,1687232700,4682,4730,4605.7,4635,361075
2023-06-20 10:15:00,1687236300,4635,4635,4573.6,4604.65,163782
2023-06-20 11:15:00,1687239900,4604.65,4608.8,4585,4587.45,52831
2023-06-20 12:15:00,1687243500,4587.45,4597,4560.1,4585.8,92717
2023-06-20 13:15:00,1687247100,4586,4588,4501,4501,106827
2023-06-20 14:15:00,1687250700,4500,4545.05,4482.55,4534.6,364091
2023-06-20 15:15:00,1687254300,4536,4555,4530.6,4540.05,72850
2023-06-21 09:15:00,1687319100,4580,4634.4,4570.2,4581,228982
2023-06-21 10:15:00,1687322700,4581,4608,4560,4563,66136
2023-06-21 11:15:00,1687326300,4563,4604.6,4551.65,4578.95,58671
2023-06-21 12:15:00,1687329900,4578.95,4591.35,4567,4576.45,21595
2023-06-21 13:15:00,1687333500,4576.5,4590.1,4565,4589.05,22660
2023-06-21 14:15:00,1687337100,4589.9,4594.3,4563.3,4594.3,58637
2023-06-21 15:15:00,1687340700,4594.4,4595,4582.8,4590,40395
2023-06-22 09:15:00,1687405500,4600,4628.6,4543.85,4554.7,142504
2023-06-22 10:15:00,1687409100,4554.7,4614,4550.15,4600,77368
2023-06-22 11:15:00,1687412700,4600,4602.85,4492,4522,117557
2023-06-22 12:15:00,1687416300,4522,4545,4512.25,4543,61014
2023-06-22 13:15:00,1687419900,4543,4570,4461,4474.15,169916
2023-06-22 14:15:00,1687423500,4471.5,4476.55,4440,4448.05,178895
2023-06-22 15:15:00,1687427100,4448.6,4450,4441,4445,61801
2023-06-23 09:15:00,1687491900,4450,4474.95,4344.1,4386.05,292242
2023-06-23 10:15:00,1687495500,4386.05,4410.95,4370.55,4378.7,57784
2023-06-23 11:15:00,1687499100,4380,4380.75,4350,4363.75,47920
2023-06-23 12:15:00,1687502700,4363.75,4368.55,4338,4346.55,57512
2023-06-23 13:15:00,1687506300,4346.55,4350.5,4298,4324,99614
2023-06-23 14:15:00,1687509900,4324,4340,4315.05,4329.95,63609
2023-06-23 15:15:00,1687513500,4329.95,4331.55,4320.3,4330,41976
2023-06-26 09:15:00,1687751100,4326.95,4469,4316.25,4432.95,279092
2023-06-26 10:15:00,1687754700,4432.95,4482.85,4431.3,4467.9,94238
2023-06-26 11:15:00,1687758300,4465,4479,4440.6,4440.6,101331
2023-06-26 12:15:00,1687761900,4441,4454,4414.05,4428,78026
2023-06-26 13:15:00,1687765500,4428.25,4450,4425,4431.95,51761
2023-06-26 14:15:00,1687769100,4431.15,4449.75,4415,4416.65,113844
2023-06-26 15:15:00,1687772700,4415.2,4511,4411.15,4446,85756
2023-06-27 09:15:00,1687837500,4475.95,4508.1,4382,4403,211628
2023-06-27 10:15:00,1687841100,4404.55,4407,4370,4407,59014
2023-06-27 11:15:00,1687844700,4405.85,4421.1,4388.2,4421.1,85188
2023-06-27 12:15:00,1687848300,4422.3,4422.3,4361.8,4374.8,60177
2023-06-27 13:15:00,1687851900,4374.8,4401.8,4370.2,4398.05,40599
2023-06-27 14:15:00,1687855500,4398.05,4408.4,4375,4395,63081
2023-06-27 15:15:00,1687859100,4395,4397.65,4377.85,4388,34417
2023-06-28 09:15:00,1687923900,4416.3,4427,4356.55,4396.8,111509
2023-06-28 10:15:00,1687927500,4396,4403.7,4367.85,4396.9,50181
2023-06-28 11:15:00,1687931100,4398,4398,4370,4382.4,46575
2023-06-28 12:15:00,1687934700,4382.4,4398,4378.05,4385.15,33725
2023-06-28 13:15:00,1687938300,4385.15,4394,4373,4379.8,63999
2023-06-28 14:15:00,1687941900,4379,4379.8,4350.65,4354,100221
2023-06-28 15:15:00,1687945500,4351.55,4381,4349.85,4381,42518
2023-06-30 09:15:00,1688096700,4389.3,4456.45,4379.85,4416.75,129625
2023-06-30 10:15:00,1688100300,4416.75,4432.7,4394.65,4394.65,48904
2023-06-30 11:15:00,1688103900,4395,4400.7,4386.6,4392,25971
2023-06-30 12:15:00,1688107500,4392,4397.75,4388.8,4390.15,12534
2023-06-30 13:15:00,1688111100,4390.15,4392,4366.3,4369.45,28346
2023-06-30 14:15:00,1688114700,4369.45,4393.9,4366.65,4392,40995
2023-06-30 15:15:00,1688118300,4390.2,4395,4388.3,4395,22751
2023-07-03 09:15:00,1688355900,4410.05,4443.7,4392,4410.6,92171
2023-07-03 10:15:00,1688359500,4410.6,4414,4371,4373.15,32798
2023-07-03 11:15:00,1688363100,4373.4,4390,4368.2,4375.35,25033
2023-07-03 12:15:00,1688366700,4376.9,4378.85,4360,4375.5,14240
2023-07-03 13:15:00,1688370300,4375.5,4378.9,4360.15,4370.8,12810
2023-07-03 14:15:00,1688373900,4370.75,4377,4360,4360.3,26716
2023-07-03 15:15:00,1688377500,4360.4,4368.8,4344.65,4354.2,35305
2023-07-04 09:15:00,1688442300,4365.05,4410,4360,4376.75,71924
2023-07-04 10:15:00,1688445900,4379.05,4405,4362.5,4380.05,37303
2023-07-04 11:15:00,1688449500,4380.05,4383.05,4371.65,4373.7,7374
2023-07-04 12:15:00,1688453100,4373.7,4373.7,4350.1,4352.9,16072
2023-07-04 13:15:00,1688456700,4352.9,4374.95,4351.1,4362,12251
2023-07-04 14:15:00,1688460300,4362,4364.95,4348,4355.7,27481
2023-07-04 15:15:00,1688463900,4355.7,4364.95,4354.95,4363.3,15738
2023-07-05 09:15:00,1688528700,4319.95,4319.95,4227.9,4262.15,131214
2023-07-05 10:15:00,1688532300,4262.15,4263.2,4145.2,4152.95,156614
2023-07-05 11:15:00,1688535900,4153.75,4197.5,4151.55,4195.25,72228
2023-07-05 12:15:00,1688539500,4195.25,4198.95,4181.2,4188.75,43638
2023-07-05 13:15:00,1688543100,4188.75,4206.85,4180.05,4205.35,43112
2023-07-05 14:15:00,1688546700,4205.35,4233.85,4200.5,4209.95,92012
2023-07-05 15:15:00,1688550300,4207.5,4209.9,4196.25,4204,54711
2023-07-06 09:15:00,1688615100,4200,4288.8,4176.2,4267.8,199561
2023-07-06 10:15:00,1688618700,4267.8,4272,4227.05,4242.65,102719
2023-07-06 11:15:00,1688622300,4242.65,4249.2,4231.05,4243.35,51744
2023-07-06 12:15:00,1688625900,4243.35,4246.35,4231.85,4237,29062
2023-07-06 13:15:00,1688629500,4237,4257,4230.2,4244,66856
2023-07-06 14:15:00,1688633100,4244,4261.65,4244,4259.95,66175
2023-07-06 15:15:00,1688636700,4260,4279.15,4255.05,4273,52739
2023-07-07 09:15:00,1688701500,4270,4300,4247.55,4275,70385
2023-07-07 10:15:00,1688705100,4275,4277.45,4232,4236.9,47089
2023-07-07 11:15:00,1688708700,4236.9,4254.7,4220,4246.15,85625
2023-07-07 12:15:00,1688712300,4246.15,4250.05,4224,4227.45,15258
2023-07-07 13:15:00,1688715900,4227.45,4245,4225,4242.05,12910
2023-07-07 14:15:00,1688719500,4242.05,4257.35,4242.05,4247.95,34232
2023-07-07 15:15:00,1688723100,4248,4250,4231.3,4241,17455
2023-07-10 09:15:00,1688960700,4249.6,4288.95,4220.95,4269,72709
2023-07-10 10:15:00,1688964300,4267.1,4274.45,4235.05,4240.5,27635
2023-07-10 11:15:00,1688967900,4240.5,4250.6,4227.05,4233,24907
2023-07-10 12:15:00,1688971500,4232.6,4249.1,4225.5,4249.05,11134
2023-07-10 13:15:00,1688975100,4249.05,4250,4235.15,4236.75,11961
2023-07-10 14:15:00,1688978700,4236.75,4250,4231.3,4240.9,17381
2023-07-10 15:15:00,1688982300,4240.95,4245.55,4225.5,4245,15755
2023-07-11 09:15:00,1689047100,4253.85,4349,4245,4318.6,181234
2023-07-11 10:15:00,1689050700,4318.6,4335,4292.35,4307.55,42604
2023-07-11 11:15:00,1689054300,4307.55,4350,4303.05,4343.6,55002
2023-07-11 12:15:00,1689057900,4342.05,4349,4331.65,4346.95,29235
2023-07-11 13:15:00,1689061500,4345.1,4375,4345,4359.9,66535
2023-07-11 14:15:00,1689065100,4357.8,4396,4346.3,4377.1,84103
2023-07-11 15:15:00,1689068700,4377.1,4400,4376.75,4376.75,40193
2023-07-12 09:15:00,1689133500,4407.75,4415,4351,4363.35,81444
2023-07-12 10:15:00,1689137100,4363.35,4395,4347.9,4382,31764
2023-07-12 11:15:00,1689140700,4382,4384.9,4340,4350,27137
2023-07-12 12:15:00,1689144300,4350,4354.8,4325.05,4329,22280
2023-07-12 13:15:00,1689147900,4329,4338.7,4322.2,4335,18813
2023-07-12 14:15:00,1689151500,4335,4347.45,4327.3,4337.85,29812
2023-07-12 15:15:00,1689155100,4337.25,4343,4321.45,4330,21397
2023-07-13 09:15:00,1689219900,4350,4389,4336.35,4364.05,56404
2023-07-13 10:15:00,1689223500,4364.05,4368.2,4336,4348.05,23985
2023-07-13 11:15:00,1689227100,4348.05,4375,4345,4353.85,28539
2023-07-13 12:15:00,1689230700,4353.85,4363.35,4344,4346.7,11075
2023-07-13 13:15:00,1689234300,4346.7,4346.7,4260.1,4268.7,46388
2023-07-13 14:15:00,1689237900,4268.7,4299,4265,4297.65,26713
2023-07-13 15:15:00,1689241500,4297.65,4308.6,4293.85,4299,16726
2023-07-14 09:15:00,1689306300,4322.85,4430,4319,4343.05,206673
2023-07-14 10:15:00,1689309900,4343.05,4353.5,4294.65,4302,87768
2023-07-14 11:15:00,1689313500,4302,4324.95,4300,4309.4,36253
2023-07-14 12:15:00,1689317100,4309.4,4314.85,4297.6,4313,20103
2023-07-14 13:15:00,1689320700,4313,4335,4306.35,4328.1,27878
2023-07-14 14:15:00,1689324300,4328.1,4329.65,4312,4318,44558
2023-07-14 15:15:00,1689327900,4317.8,4325,4314.85,4319.9,36356
2023-07-17 09:15:00,1689565500,4342,4387.55,4335.05,4380,67344
2023-07-17 10:15:00,1689569100,4380,4405,4374.1,4394.75,72439
2023-07-17 11:15:00,1689572700,4394.75,4407.1,4374.25,4394.65,50240
2023-07-17 12:15:00,1689576300,4394.65,4395.55,4327.1,4338.95,63953
2023-07-17 13:15:00,1689579900,4337.45,4360,4335,4338,20764
2023-07-17 14:15:00,1689583500,4338,4350,4323.05,4325.95,26054
2023-07-17 15:15:00,1689587100,4325,4347,4323.8,4344,20068
2023-07-18 09:15:00,1689651900,4356.1,4379.35,4334.45,4359.55,56449
2023-07-18 10:15:00,1689655500,4359.55,4365,4312.55,4317.05,34377
2023-07-18 11:15:00,1689659100,4317.05,4325,4270,4291.2,52138
2023-07-18 12:15:00,1689662700,4291.2,4311.95,4291,4297.55,14193
2023-07-18 13:15:00,1689666300,4296.3,4303.5,4292.55,4298,9034
2023-07-18 14:15:00,1689669900,4298,4332.8,4291.1,4323.15,29138
2023-07-18 15:15:00,1689673500,4323.15,4333.65,4321.25,4329,17976
2023-07-19 09:15:00,1689738300,4334.95,4363.8,4324,4337.3,52149
2023-07-19 10:15:00,1689741900,4337.3,4338,4301.35,4310.1,24147
2023-07-19 11:15:00,1689745500,4311.8,4338,4301,4338,28176
2023-07-19 12:15:00,1689749100,4336.75,4338,4315,4321.55,12668
2023-07-19 13:15:00,1689752700,4321.6,4328.95,4314.15,4324.25,8647
2023-07-19 14:15:00,1689756300,4324.25,4339,4319,4327.5,27568
2023-07-19 15:15:00,1689759900,4328,4334.55,4325,4329.05,16423
2023-07-20 09:15:00,1689824700,4341.05,4365,4300.7,4311.3,70680
2023-07-20 10:15:00,1689828300,4311.3,4332.1,4293.8,4306.2,53523
2023-07-20 11:15:00,1689831900,4306.2,4319.25,4296.9,4314.45,14502
2023-07-20 12:15:00,1689835500,4314.45,4316.85,4295,4299.3,12925
2023-07-20 13:15:00,1689839100,4299.3,4304.7,4260.05,4268.15,31994
2023-07-20 14:15:00,1689842700,4268.15,4272.9,4255,4268.35,41281
2023-07-20 15:15:00,1689846300,4268.35,4271.75,4259.1,4267,23099
2023-07-21 09:15:00,1689911100,4269.2,4275.3,4192.5,4198.15,116290
2023-07-21 10:15:00,1689914700,4198.15,4200.8,4165.15,4177.05,59099
2023-07-21 11:15:00,1689918300,4177.05,4200,4177.05,4192.4,34760
2023-07-21 12:15:00,1689921900,4192.4,4195,4173.1,4186.1,39075
2023-07-21 13:15:00,1689925500,4186.05,4195.05,4180.55,4192.25,39434
2023-07-21 14:15:00,1689929100,4192.3,4200,4180.25,4182.35,36743
2023-07-21 15:15:00,1689932700,4183,4183,4160,4167.75,19521
2023-07-24 09:15:00,1690170300,4130,4166,4068.4,4080,161461
2023-07-24 10:15:00,1690173900,4081.85,4082.5,3991.55,4042.2,199189
2023-07-24 11:15:00,1690177500,4042.2,4053.95,3953,3961.05,185969
2023-07-24 12:15:00,1690181100,3961,4024,3960,4019.15,134651
2023-07-24 13:15:00,1690184700,4019.15,4036.95,3975.9,4026,124195
2023-07-24 14:15:00,1690188300,4026,4043,4002.1,4002.1,120783
2023-07-24 15:15:00,1690191900,4002.2,4018.25,3992.05,4012,51664
2023-07-25 09:15:00,1690256700,4015,4110,4002.6,4079.2,261139
2023-07-25 10:15:00,1690260300,4079.2,4082.35,4043,4049.05,68091
2023-07-25 11:15:00,1690263900,4049.05,4075,4048,4066.35,24041
2023-07-25 12:15:00,1690267500,4066.35,4095.9,4050.1,4078.25,49729
2023-07-25 13:15:00,1690271100,4078.25,4089,4065.95,4087.9,30329
2023-07-25 14:15:00,1690274700,4087.9,4133.9,4081.05,4115,98906
2023-07-25 15:15:00,1690278300,4115,4130,4100,4125.05,43032
2023-07-26 09:15:00,1690343100,4140,4185.7,4070.05,4139.65,350313
2023-07-26 10:15:00,1690346700,4139.65,4139.65,4095,4103.45,96746
2023-07-26 11:15:00,1690350300,4103.45,4115,4085,4106.85,60813
2023-07-26 12:15:00,1690353900,4106.65,4125,4098,4118.85,35323
2023-07-26 13:15:00,1690357500,4118.85,4134.65,4110,4112.8,41054
2023-07-26 14:15:00,1690361100,4112.85,4120,4080.95,4095,63932
2023-07-26 15:15:00,1690364700,4095.95,4095.95,4076,4087,37281
2023-07-27 09:15:00,1690429500,4117.95,4117.95,4065.05,4101,74115
2023-07-27 10:15:00,1690433100,4103,4115,4088.15,4088.25,42444
2023-07-27 11:15:00,1690436700,4088.25,4096.4,4077.05,4077.5,25658
2023-07-27 12:15:00,1690440300,4078.9,4084.9,4073,4077.7,16404
2023-07-27 13:15:00,1690443900,4077.7,4083,4056.05,4068.2,26036
2023-07-27 14:15:00,1690447500,4068.2,4068.2,4036.1,4047.85,85888
2023-07-27 15:15:00,1690451100,4049.95,4066.9,4043.05,4048.7,58582
2023-07-28 09:15:00,1690515900,4051.45,4075.85,4016.05,4022.65,55365
2023-07-28 10:15:00,1690519500,4024.65,4053.85,4011,4025,42336
2023-07-28 11:15:00,1690523100,4026.4,4026.4,4010.95,4023,28465
2023-07-28 12:15:00,1690526700,4023,4048.3,4000.05,4010.1,52277
2023-07-28 13:15:00,1690530300,4010.1,4040,4001,4036.25,48636
2023-07-28 14:15:00,1690533900,4036.25,4070.7,4025,4059,62304
2023-07-28 15:15:00,1690537500,4059.9,4073.35,4058.35,4065,16962
2023-07-31 09:15:00,1690775100,4020,4112,4020,4107.25,56131
2023-07-31 10:15:00,1690778700,4111,4129.65,4100,4121.85,37159
2023-07-31 11:15:00,1690782300,4119.6,4130,4107,4117.9,43499
2023-07-31 12:15:00,1690785900,4117.9,4122.95,4106.3,4116.5,13409
2023-07-31 13:15:00,1690789500,4116.5,4122,4110,4112.45,16138
2023-07-31 14:15:00,1690793100,4112.45,4120.15,4098.3,4115.55,39725
2023-07-31 15:15:00,1690796700,4114.35,4144.95,4109.2,4125.3,22372
2023-08-01 09:15:00,1690861500,4142,4156,4065,4123.65,53519
2023-08-01 10:15:00,1690865100,4123.65,4142,4100,4127.85,49477
2023-08-01 11:15:00,1690868700,4128.25,4139.6,4123,4135,20502
2023-08-01 12:15:00,1690872300,4135,4144,4103,4130.3,23443
2023-08-01 13:15:00,1690875900,4130.3,4145,4128.9,4140.35,28990
2023-08-01 14:15:00,1690879500,4140,4158,4125.75,4134.8,59175
2023-08-01 15:15:00,1690883100,4135.25,4142.1,4130.75,4131.95,27645
2023-08-02 09:15:00,1690947900,4135.55,4230,4105.75,4209.95,161161
2023-08-02 10:15:00,1690951500,4210,4211.25,4142,4161.4,103306
2023-08-02 11:15:00,1690955100,4161.4,4168,4122,4134.4,40724
2023-08-02 12:15:00,1690958700,4134.4,4135,4101,4101,33038
2023-08-02 13:15:00,1690962300,4101,4118,4082,4096.85,51771
2023-08-02 14:15:00,1690965900,4096.85,4134.9,4086.95,4132.05,57930
2023-08-02 15:15:00,1690969500,4132.05,4135,4119,4131,24876
2023-08-03 09:15:00,1691034300,4120,4205,4091,4170.2,116157
2023-08-03 10:15:00,1691037900,4170.2,4209.85,4170.2,4204.1,62036
2023-08-03 11:15:00,1691041500,4204.1,4355.8,4204.1,4300.05,548370
2023-08-03 12:15:00,1691045100,4302,4348.55,4300,4344.1,188007
2023-08-03 13:15:00,1691048700,4344,4467.15,4343,4401,761495
2023-08-03 14:15:00,1691052300,4401,4485,4390.65,4436.65,517964
2023-08-03 15:15:00,1691055900,4437.7,4468.4,4433.05,4455,123976
2023-08-04 09:15:00,1691120700,4500.45,4816.85,4465,4773.2,1658624
2023-08-04 10:15:00,1691124300,4773.2,4800.05,4729.8,4731,558643
2023-08-04 11:15:00,1691127900,4731,4746.8,4590,4591.5,586561
2023-08-04 12:15:00,1691131500,4594.2,4629,4583,4595,254182
2023-08-04 13:15:00,1691135100,4594.5,4617,4565,4593,169559
2023-08-04 14:15:00,1691138700,4593,4675,4593,4625,325295
2023-08-04 15:15:00,1691142300,4625.05,4625.05,4596,4599,101664
2023-08-07 09:15:00,1691379900,4599.95,4599.95,4385.05,4496.3,699122
2023-08-07 10:15:00,1691383500,4498,4563.3,4476,4528.9,248097
2023-08-07 11:15:00,1691387100,4528.9,4537.9,4506.35,4522.85,52735
2023-08-07 12:15:00,1691390700,4522.95,4567.05,4497.9,4563.9,89465
2023-08-07 13:15:00,1691394300,4565,4642,4545,4604.75,242099
2023-08-07 14:15:00,1691397900,4604.75,4719.6,4600,4685.75,380734
2023-08-07 15:15:00,1691401500,4683.1,4704.75,4680,4680,86083
2023-08-08 09:15:00,1691466300,4707,4880,4700,4859.15,866287
2023-08-08 10:15:00,1691469900,4859.05,4925,4850.45,4856.55,620698
2023-08-08 11:15:00,1691473500,4857.7,4867.4,4806,4844,224005
2023-08-08 12:15:00,1691477100,4845.8,4854.2,4806,4850,148279
2023-08-08 13:15:00,1691480700,4850,4906.8,4826.5,4887.75,212745
2023-08-08 14:15:00,1691484300,4889,4891.15,4843.7,4852.95,244265
2023-08-08 15:15:00,1691487900,4853,4871.75,4850.1,4859,102608
2023-08-09 09:15:00,1691552700,4850.05,4967.75,4850,4893.95,593060
2023-08-09 10:15:00,1691556300,4891.25,4899,4816.2,4842.3,237072
2023-08-09 11:15:00,1691559900,4842.3,4863.95,4828.55,4853,76182
2023-08-09 12:15:00,1691563500,4852.2,4878.55,4846.3,4866,85632
2023-08-09 13:15:00,1691567100,4866,4925,4860,4899.9,190634
2023-08-09 14:15:00,1691570700,4899.9,4919.5,4890.2,4908.8,122807
2023-08-09 15:15:00,1691574300,4909,4909,4890,4890,85895
2023-08-10 09:15:00,1691639100,4901.25,4928.45,4830.1,4848,240709
2023-08-10 10:15:00,1691642700,4848,4850.8,4753,4767,145505
2023-08-10 11:15:00,1691646300,4767,4822,4751.5,4817,121732
2023-08-10 12:15:00,1691649900,4817,4831,4785,4789,43193
2023-08-10 13:15:00,1691653500,4789,4807.8,4761.2,4793.45,84916
2023-08-10 14:15:00,1691657100,4793.45,4818.15,4788.65,4805,92996
2023-08-10 15:15:00,1691660700,4804.4,4807,4781.95,4789.5,57297
2023-08-11 09:15:00,1691725500,4809,4857,4796,4798,176452
2023-08-11 10:15:00,1691729100,4798,4809.95,4775.45,4800.05,62559
2023-08-11 11:15:00,1691732700,4798.5,4805.05,4792.9,4802.35,32629
2023-08-11 12:15:00,1691736300,4802.35,4802.35,4772.4,4782.85,44894
2023-08-11 13:15:00,1691739900,4782.85,4791.9,4773,4778,23243
2023-08-11 14:15:00,1691743500,4778,4798.45,4777.15,4780.6,43479
2023-08-11 15:15:00,1691747100,4780.6,4800,4770,4789.35,43766
2023-08-14 09:15:00,1691984700,4780,4780,4692,4730.45,152845
2023-08-14 10:15:00,1691988300,4730.45,4732.45,4693.2,4703,58708
2023-08-14 11:15:00,1691991900,4703,4720,4669.75,4679.05,62830
2023-08-14 12:15:00,1691995500,4679.05,4684,4646.15,4670.8,56031
2023-08-14 13:15:00,1691999100,4670.8,4682.5,4662.1,4677,32500
2023-08-14 14:15:00,1692002700,4677,4690,4648.05,4650,80555
2023-08-14 15:15:00,1692006300,4650,4650,4632.85,4644.9,39227
2023-08-16 09:15:00,1692157500,4648,4697.8,4585,4645,199168
2023-08-16 10:15:00,1692161100,4645,4687,4611.5,4669.85,103651
2023-08-16 11:15:00,1692164700,4669.85,4684.9,4660,4681,24556
2023-08-16 12:15:00,1692168300,4681.95,4695,4668.85,4693.2,30744
2023-08-16 13:15:00,1692171900,4692,4697.2,4675,4685.35,30038
2023-08-16 14:15:00,1692175500,4685.35,4762.95,4681.05,4747.2,117933
2023-08-16 15:15:00,1692179100,4747.25,4770,4740,4750,44605
2023-08-17 09:15:00,1692243900,4770.8,4810,4725,4763,144355
2023-08-17 10:15:00,1692247500,4761.5,4767,4734.5,4745,48567
2023-08-17 11:15:00,1692251100,4745,4768.45,4727.45,4768,33060
2023-08-17 12:15:00,1692254700,4768.7,4794.6,4752.05,4752.1,80331
2023-08-17 13:15:00,1692258300,4753.05,4760.4,4722,4727.4,80593
2023-08-17 14:15:00,1692261900,4725,4732.8,4671,4681.7,136855
2023-08-17 15:15:00,1692265500,4680.35,4690,4676.6,4683.2,59469
2023-08-18 09:15:00,1692330300,4690,4690.9,4635,4685.7,113847
2023-08-18 10:15:00,1692333900,4682.95,4750,4680,4736.25,100590
2023-08-18 11:15:00,1692337500,4737.2,4762,4724.1,4756.15,69842
2023-08-18 12:15:00,1692341100,4756.15,4762.2,4730.55,4735.4,57400
2023-08-18 13:15:00,1692344700,4735.4,4776,4735.4,4762.5,54883
2023-08-18 14:15:00,1692348300,4762.5,4768.8,4728.45,4731.9,78508
2023-08-18 15:15:00,1692351900,4732,4739.3,4724.75,4727.7,36729
2023-08-21 09:15:00,1692589500,4749.95,4864.4,4730.1,4806,285702
2023-08-21 10:15:00,1692593100,4806,4825.65,4781,4791.55,68116
2023-08-21 11:15:00,1692596700,4794.15,4817.25,4782.25,4809,38335
2023-08-21 12:15:00,1692600300,4809,4820.95,4798,4813.45,26784
2023-08-21 13:15:00,1692603900,4813.45,4849,4806.45,4840.9,64093
2023-08-21 14:15:00,1692607500,4840.9,4900,4833,4888.05,217967
2023-08-21 15:15:00,1692611100,4888,4909.9,4886.05,4909,76460
2023-08-22 09:15:00,1692675900,4940,4950,4886.95,4912,193544
2023-08-22 10:15:00,1692679500,4912,4933,4900.95,4919.45,44292
2023-08-22 11:15:00,1692683100,4919.45,4944.6,4915.45,4940.7,44375
2023-08-22 12:15:00,1692686700,4940.85,5000,4931.55,4988,214240
2023-08-22 13:15:00,1692690300,4988,5035,4987,5025.05,235419
2023-08-22 14:15:00,1692693900,5024.1,5026.45,4985.15,4998.5,162350
2023-08-22 15:15:00,1692697500,4998.5,5001.3,4985.45,4986.3,51561
2023-08-23 09:15:00,1692762300,5011.65,5048.3,4951.05,4986.95,237179
2023-08-23 10:15:00,1692765900,4987,5068.9,4970.15,5037.15,201838
2023-08-23 11:15:00,1692769500,5037,5053.35,5031,5048.55,72650
2023-08-23 12:15:00,1692773100,5050,5053.5,5032.1,5037.15,58937
2023-08-23 13:15:00,1692776700,5035.45,5055,5034.6,5054.85,59410
2023-08-23 14:15:00,1692780300,5054.9,5055,4985,4990,99824
2023-08-23 15:15:00,1692783900,4990,4998.9,4980.05,4993.8,33487
2023-08-24 09:15:00,1692848700,5024,5050.2,4993.7,4995.65,81735
2023-08-24 10:15:00,1692852300,4995.65,5002.65,4966.1,4984.95,56799
2023-08-24 11:15:00,1692855900,4985,4996.55,4956.55,4973.5,39251
2023-08-24 12:15:00,1692859500,4973.5,4990,4960.85,4987.15,29019
2023-08-24 13:15:00,1692863100,4987.15,4993,4970,4974.65,33673
2023-08-24 14:15:00,1692866700,4974.75,4975.15,4940,4943.4,55702
2023-08-24 15:15:00,1692870300,4943.3,4950.3,4938.6,4950,22372
2023-08-25 09:15:00,1692935100,4872.35,5007.5,4872.35,4911,225184
2023-08-25 10:15:00,1692938700,4911.05,4924.2,4850.2,4885,125213
2023-08-25 11:15:00,1692942300,4885,4909.95,4864.5,4867.2,51750
2023-08-25 12:15:00,1692945900,4867.2,4888,4863,4870.6,24665
2023-08-25 13:15:00,1692949500,4870.2,4898,4870.2,4889.5,31144
2023-08-25 14:15:00,1692953100,4889.5,4898.25,4858.9,4863.95,56996
2023-08-25 15:15:00,1692956700,4863,4864.75,4840.1,4844.85,38179
2023-08-28 09:15:00,1693194300,4851.3,4914.95,4851.3,4894,103622
2023-08-28 10:15:00,1693197900,4892.25,4900,4870.05,4898.15,31417
2023-08-28 11:15:00,1693201500,4898.9,4900,4889.9,4897.9,17125
2023-08-28 12:15:00,1693205100,4895.6,4948.75,4882.8,4939.3,49456
2023-08-28 13:15:00,1693208700,4939.3,4949.95,4920.8,4930.05,53073
2023-08-28 14:15:00,1693212300,4930.05,4965,4925,4948,92917
2023-08-28 15:15:00,1693215900,4947.6,4948,4925.65,4940,29480
2023-08-29 09:15:00,1693280700,4963.15,4971.6,4916.2,4940,87315
2023-08-29 10:15:00,1693284300,4937.15,4940,4892.05,4892.95,46667
2023-08-29 11:15:00,1693287900,4892.95,4935.45,4891.05,4913,35752
2023-08-29 12:15:00,1693291500,4913.1,4943.9,4910,4936.95,29821
2023-08-29 13:15:00,1693295100,4934.35,4940,4912.1,4914,25595
2023-08-29 14:15:00,1693298700,4915,4928.9,4905,4918.45,29593
2023-08-29 15:15:00,1693302300,4919.95,4923.9,4907.5,4910,20918
2023-08-30 09:15:00,1693367100,4940,4948.8,4910,4922.6,46399
2023-08-30 10:15:00,1693370700,4922.6,4947.95,4910,4938,38660
2023-08-30 11:15:00,1693374300,4938,4951.95,4924.05,4940,29784
2023-08-30 12:15:00,1693377900,4940,4962,4936,4949,29353
2023-08-30 13:15:00,1693381500,4949,4955.95,4935,4952.3,16057
2023-08-30 14:15:00,1693385100,4952.3,4975,4949.4,4956.15,43375
2023-08-30 15:15:00,1693388700,4956.15,4959.95,4946.1,4950,21926
2023-08-31 09:15:00,1693453500,4970,4998.05,4815.05,4971.5,197477
2023-08-31 10:15:00,1693457100,4974.8,5012,4964,4970.2,102783
2023-08-31 11:15:00,1693460700,4970.2,5010,4970,4986.15,53290
2023-08-31 12:15:00,1693464300,4986.15,4988,4965,4966.1,35628
2023-08-31 13:15:00,1693467900,4966.1,5005,4965,4989.75,54269
2023-08-31 14:15:00,1693471500,4989.75,5010,4982.05,5004,77681
2023-08-31 15:15:00,1693475100,5004,5011,4994.4,5006,49609
2023-09-01 09:15:00,1693539900,5009.65,5064,4990.6,5017.7,126301
2023-09-01 10:15:00,1693543500,5017.7,5039.95,5017,5029.9,26985
2023-09-01 11:15:00,1693547100,5029.9,5163,5029.75,5118.1,254396
2023-09-01 12:15:00,1693550700,5120,5129.25,5070.2,5076,67867
2023-09-01 13:15:00,1693554300,5076,5095,5052.55,5065.1,44442
2023-09-01 14:15:00,1693557900,5067.25,5074.25,5052.6,5058,32131
2023-09-01 15:15:00,1693561500,5059.45,5061.25,5043.9,5050,24805
2023-09-04 09:15:00,1693799100,5081.8,5146.75,5061.2,5129.75,120916
2023-09-04 10:15:00,1693802700,5129.75,5156.9,5125.05,5148.95,46640
2023-09-04 11:15:00,1693806300,5148.95,5166.3,5115.05,5135.7,58848
2023-09-04 12:15:00,1693809900,5135.7,5136.05,5109.35,5131.45,36047
2023-09-04 13:15:00,1693813500,5131.85,5133.95,5118.05,5125,23365
2023-09-04 14:15:00,1693817100,5125,5135,5119.55,5124,40696
2023-09-04 15:15:00,1693820700,5124,5128,5115.85,5120,24729
2023-09-05 09:15:00,1693885500,5134.5,5207,5125.05,5194,122675
2023-09-05 10:15:00,1693889100,5192,5224.95,5183,5187.3,101304
2023-09-05 11:15:00,1693892700,5189.3,5198,5127.5,5145.25,79517
2023-09-05 12:15:00,1693896300,5145.2,5155,5077.5,5121.55,107805
2023-09-05 13:15:00,1693899900,5121.55,5126,5080.75,5111,56712
2023-09-05 14:15:00,1693903500,5111,5141,5105,5119.4,80625
2023-09-05 15:15:00,1693907100,5120.4,5131,5112.3,5124.15,23009
2023-09-06 09:15:00,1693971900,5130,5146.95,5051,5055.4,91478
2023-09-06 10:15:00,1693975500,5055.4,5068.4,5052.2,5056.3,25802
2023-09-06 11:15:00,1693979100,5056.3,5059,5005,5032,80764
2023-09-06 12:15:00,1693982700,5032,5032,5006,5013.15,27081
2023-09-06 13:15:00,1693986300,5013.15,5024,5000,5014,21582
2023-09-06 14:15:00,1693989900,5017,5023,5004.25,5007.05,39960
2023-09-06 15:15:00,1693993500,5008.95,5009.7,4960,4978,47825
2023-09-07 09:15:00,1694058300,4998.65,5072.65,4965.2,5069.55,165592
2023-09-07 10:15:00,1694061900,5069.55,5070.15,5043.25,5049.5,49769
2023-09-07 11:15:00,1694065500,5049.5,5095,5030.05,5085,75428
2023-09-07 12:15:00,1694069100,5085,5105,5071.3,5073.95,47431
2023-09-07 13:15:00,1694072700,5073,5080.5,5061.1,5075.5,18971
2023-09-07 14:15:00,1694076300,5075.5,5090,5073,5085.15,40624
2023-09-07 15:15:00,1694079900,5085.15,5098.45,5055.45,5082,33235
2023-09-08 09:15:00,1694144700,5099,5142,5065.55,5127.45,135156
2023-09-08 10:15:00,1694148300,5129.6,5144.45,5112.85,5126.85,56843
2023-09-08 11:15:00,1694151900,5126.55,5130.4,5092.1,5098.95,35162
2023-09-08 12:15:00,1694155500,5098.95,5114,5080.55,5080.55,30179
2023-09-08 13:15:00,1694159100,5081.95,5119,5067.4,5109.2,56586
2023-09-08 14:15:00,1694162700,5109.2,5131,5090.4,5116.05,72352
2023-09-08 15:15:00,1694166300,5116,5129,5111,5116,21559
2023-09-11 09:15:00,1694403900,5139,5155.4,5108,5124.6,40462
2023-09-11 10:15:00,1694407500,5122.15,5142.9,5122,5125.4,12169
2023-09-11 11:15:00,1694411100,5125.4,5188,5125,5173.25,60032
2023-09-11 12:15:00,1694414700,5175,5185,5145,5175.2,41335
2023-09-11 13:15:00,1694418300,5175.2,5182.8,5167.9,5175,21676
2023-09-11 14:15:00,1694421900,5175,5186,5172,5181.15,36626
2023-09-11 15:15:00,1694425500,5180.05,5183,5160.7,5161,23986
2023-09-12 09:15:00,1694490300,5207.5,5207.5,5016.4,5071.35,123246
2023-09-12 10:15:00,1694493900,5068.65,5099.5,5043.85,5083.8,45899
2023-09-12 11:15:00,1694497500,5082,5083.45,5034,5037.3,40304
2023-09-12 12:15:00,1694501100,5037.3,5069.85,5034,5066.5,35911
2023-09-12 13:15:00,1694504700,5066.5,5079.4,5058.1,5068.3,25827
2023-09-12 14:15:00,1694508300,5068.3,5079,5030.6,5036,50537
2023-09-12 15:15:00,1694511900,5036,5066,5027.9,5066,23640
2023-09-13 09:15:00,1694576700,5068.95,5124,5026.15,5035.5,88045
2023-09-13 10:15:00,1694580300,5035.5,5035.5,4985.05,5017.9,37065
2023-09-13 11:15:00,1694583900,5017.9,5057.5,5012.3,5055,18149
2023-09-13 12:15:00,1694587500,5055,5068.45,5032.55,5046.25,20883
2023-09-13 13:15:00,1694591100,5046.25,5053.75,5020,5047.85,16684
2023-09-13 14:15:00,1694594700,5047.85,5070,5046.3,5060.7,28521
2023-09-13 15:15:00,1694598300,5060.7,5072,5053.65,5063.6,12295
2023-09-14 09:15:00,1694663100,5088.7,5119.9,5071.8,5086.6,48194
2023-09-14 10:15:00,1694666700,5088.05,5107.1,5072.4,5088.45,23778
2023-09-14 11:15:00,1694670300,5086.6,5092,5072,5085,12521
2023-09-14 12:15:00,1694673900,5085,5089.8,5064,5082.1,15074
2023-09-14 13:15:00,1694677500,5082.1,5082.1,5050,5056.5,15076
2023-09-14 14:15:00,1694681100,5056.5,5085,5056.4,5083.1,18192
2023-09-14 15:15:00,1694684700,5083.4,5086.5,5074.45,5081.7,11195
2023-09-15 09:15:00,1694749500,5111.25,5165,5090,5108.55,91548
2023-09-15 10:15:00,1694753100,5110.9,5114,5086.3,5090,19971
2023-09-15 11:15:00,1694756700,5090,5090.2,5065.5,5070,25345
2023-09-15 12:15:00,1694760300,5068.9,5069.5,5029.55,5039.95,45073
2023-09-15 13:15:00,1694763900,5039.95,5045,5023.45,5041.05,38574
2023-09-15 14:15:00,1694767500,5041.05,5062.95,5040.25,5054.65,53664
2023-09-15 15:15:00,1694771100,5054.45,5074.5,5053.5,5063.5,36516
2023-09-18 09:15:00,1695008700,5040,5070,5030,5038.6,51003
2023-09-18 10:15:00,1695012300,5038.6,5049,4982.75,4999.55,52157
2023-09-18 11:15:00,1695015900,4999.55,5001.75,4982.25,4984.3,20703
2023-09-18 12:15:00,1695019500,4984.3,4984.3,4957.1,4959,32001
2023-09-18 13:15:00,1695023100,4956.1,4968.5,4925.3,4945.7,41314
2023-09-18 14:15:00,1695026700,4945.7,4954.95,4915.05,4923.05,45611
2023-09-18 15:15:00,1695030300,4922.55,4925.4,4906.8,4925,31532
2023-09-20 09:15:00,1695181500,4918.75,4945,4875,4914.15,55150
2023-09-20 10:15:00,1695185100,4914.15,4914.7,4881,4890,24403
2023-09-20 11:15:00,1695188700,4890,4890.1,4870,4873,25023
2023-09-20 12:15:00,1695192300,4873,4873,4846,4867.45,31563
2023-09-20 13:15:00,1695195900,4867.45,4870.45,4850,4859.75,13189
2023-09-20 14:15:00,1695199500,4860,4888.25,4858,4884.45,27924
2023-09-20 15:15:00,1695203100,4884.45,4888,4858,4862,24753
2023-09-21 09:15:00,1695267900,4875.2,4900,4851.1,4860.15,45374
2023-09-21 10:15:00,1695271500,4860.15,4874,4839,4873,19789
2023-09-21 11:15:00,1695275100,4873,4889,4865,4869.95,12821
2023-09-21 12:15:00,1695278700,4869.95,4871.65,4848,4851.75,9984
2023-09-21 13:15:00,1695282300,4851.75,4860.5,4844,4854,8436
2023-09-21 14:15:00,1695285900,4854,4861.95,4836.5,4848,17339
2023-09-21 15:15:00,1695289500,4848,4858,4840.8,4851.15,12957
2023-09-22 09:15:00,1695354300,4848,4904.9,4847.95,4901.8,112724
2023-09-22 10:15:00,1695357900,4901.8,4908.9,4821.7,4867,52162
2023-09-22 11:15:00,1695361500,4867,4878,4828,4866,29400
2023-09-22 12:15:00,1695365100,4867,4869,4850.2,4857.65,12100
2023-09-22 13:15:00,1695368700,4857.65,4864.9,4841.3,4843.95,16776
2023-09-22 14:15:00,1695372300,4841.3,4843.5,4802.95,4804.35,33305
2023-09-22 15:15:00,1695375900,4806.3,4818.4,4785.75,4798,26091
2023-09-25 09:15:00,1695613500,4810,4813.2,4733.45,4811,98012
2023-09-25 10:15:00,1695617100,4808.15,4870,4805,4867,63212
2023-09-25 11:15:00,1695620700,4867,4937.6,4865.2,4933.75,76171
2023-09-25 12:15:00,1695624300,4933.75,4965,4899.15,4901.65,94732
2023-09-25 13:15:00,1695627900,4901.65,4924.4,4885.5,4888,73340
2023-09-25 14:15:00,1695631500,4889.4,4909.75,4880.1,4886.05,35648
2023-09-25 15:15:00,1695635100,4885.1,4909.55,4868.35,4890,29945
2023-09-26 09:15:00,1695699900,4901.7,5009.9,4901,4998.6,207260
2023-09-26 10:15:00,1695703500,4998.6,5106.8,4997.05,5100,311381
2023-09-26 11:15:00,1695707100,5100,5120,5076.4,5092,160454
2023-09-26 12:15:00,1695710700,5092,5094.65,5044.05,5066.6,128455
2023-09-26 13:15:00,1695714300,5066.85,5070.8,5044.85,5066.9,64087
2023-09-26 14:15:00,1695717900,5066.9,5106,5058.5,5092,100627
2023-09-26 15:15:00,1695721500,5092,5114.85,5088,5102,57861
2023-09-27 09:15:00,1695786300,5110,5189.95,5032.55,5184,248276
2023-09-27 10:15:00,1695789900,5181.1,5189.75,5110.55,5150.5,207487
2023-09-27 11:15:00,1695793500,5150.5,5200,5136,5163.85,168258
2023-09-27 12:15:00,1695797100,5164.4,5237.55,5157.85,5230.05,215899
2023-09-27 13:15:00,1695800700,5230.05,5288,5215.4,5255,222824
2023-09-27 14:15:00,1695804300,5256.25,5299.8,5245,5291.15,160117
2023-09-27 15:15:00,1695807900,5294.5,5295,5270.35,5278,82705
2023-09-28 09:15:00,1695872700,5325,5378.85,5281.15,5283.1,407845
2023-09-28 10:15:00,1695876300,5288.65,5299.9,5254.25,5255.1,134474
2023-09-28 11:15:00,1695879900,5255.15,5280.95,5220.8,5247.5,123614
2023-09-28 12:15:00,1695883500,5249,5250,5205,5215.2,55863
2023-09-28 13:15:00,1695887100,5215.2,5235,5181.65,5199,105414
2023-09-28 14:15:00,1695890700,5199,5225,5194.15,5212.5,116314
2023-09-28 15:15:00,1695894300,5210.35,5244.35,5205.55,5233.35,58685
2023-09-29 09:15:00,1695959100,5250,5274,5188.55,5194,93145
2023-09-29 10:15:00,1695962700,5194,5210,5156.95,5206.55,45073
2023-09-29 11:15:00,1695966300,5208.8,5243.2,5201.35,5235.05,53688
2023-09-29 12:15:00,1695969900,5235.05,5297.85,5235.05,5274.6,81519
2023-09-29 13:15:00,1695973500,5274.25,5293.55,5262.15,5288,31751
2023-09-29 14:15:00,1695977100,5286.7,5299.85,5270,5294,44567
2023-09-29 15:15:00,1695980700,5294,5309.95,5265,5265,31912
2023-10-03 09:15:00,1696304700,5280,5335,5254.55,5296.15,123301
2023-10-03 10:15:00,1696308300,5296.15,5303,5255.2,5285,57961
2023-10-03 11:15:00,1696311900,5285,5286,5261.55,5265,19301
2023-10-03 12:15:00,1696315500,5265,5315.3,5265,5307.9,32608
2023-10-03 13:15:00,1696319100,5307.9,5310,5271.1,5278.95,24328
2023-10-03 14:15:00,1696322700,5278.95,5305.95,5270,5305.95,38004
2023-10-03 15:15:00,1696326300,5306.95,5310.35,5280,5281,35602
2023-10-04 09:15:00,1696391100,5265.75,5277.35,5208.6,5228.4,76119
2023-10-04 10:15:00,1696394700,5228.4,5254,5223.2,5228,31806
2023-10-04 11:15:00,1696398300,5228,5240,5205,5224.15,46146
2023-10-04 12:15:00,1696401900,5227,5229.45,5183.5,5195,42732
2023-10-04 13:15:00,1696405500,5195,5209.25,5186.55,5190,64302
2023-10-04 14:15:00,1696409100,5190,5232.9,5182,5217.6,45604
2023-10-04 15:15:00,1696412700,5218.9,5220.95,5201,5220,26617
2023-10-05 09:15:00,1696477500,5250.05,5256.3,5178.65,5202.2,57804
2023-10-05 10:15:00,1696481100,5200,5208.35,5170.05,5177.95,52086
2023-10-05 11:15:00,1696484700,5180,5184,5164.7,5166.9,27458
2023-10-05 12:15:00,1696488300,5166.9,5176.3,5157.05,5158,20236
2023-10-05 13:15:00,1696491900,5157,5175,5151,5169.55,47041
2023-10-05 14:15:00,1696495500,5169.55,5172,5145.9,5152.9,64152
2023-10-05 15:15:00,1696499100,5150,5153,5134.75,5148.2,44847
2023-10-06 09:15:00,1696563900,5167.7,5178,5075.3,5094.1,90232
2023-10-06 10:15:00,1696567500,5094.1,5114.65,5081,5096.45,51790
2023-10-06 11:15:00,1696571100,5096.45,5096.45,5062.1,5094,77778
2023-10-06 12:15:00,1696574700,5094,5130,5088.8,5121.1,82561
2023-10-06 13:15:00,1696578300,5121.1,5152.4,5114.25,5150.15,71839
2023-10-06 14:15:00,1696581900,5150.35,5152.5,5122.45,5127,51167
2023-10-06 15:15:00,1696585500,5127,5140,5117,5138,29128
2023-10-09 09:15:00,1696823100,5032.15,5162.9,5028,5145,89411
2023-10-09 10:15:00,1696826700,5145,5155.2,5100.2,5126.35,19269
2023-10-09 11:15:00,1696830300,5126.35,5126.45,5100,5108.6,12358
2023-10-09 12:15:00,1696833900,5108.6,5109.95,5076.05,5085.25,13409
2023-10-09 13:15:00,1696837500,5085.25,5097,5073.2,5085.75,9830
2023-10-09 14:15:00,1696841100,5085.75,5125.1,5082.1,5104,27338
2023-10-09 15:15:00,1696844700,5104,5107.3,5087.4,5094,16771
2023-10-10 09:15:00,1696909500,5119,5177,5119,5163,50265
2023-10-10 10:15:00,1696913100,5168,5172.8,5145.05,5152.6,24067
2023-10-10 11:15:00,1696916700,5152.6,5163.4,5142.8,5159.45,48201
2023-10-10 12:15:00,1696920300,5159.45,5197,5156,5180,96563
2023-10-10 13:15:00,1696923900,5180,5192.85,5167.6,5167.65,27437
2023-10-10 14:15:00,1696927500,5168.4,5178.3,5162.25,5173.55,39114
2023-10-10 15:15:00,1696931100,5173.55,5174,5160.5,5172,23597
2023-10-11 09:15:00,1696995900,5200,5215.45,5170.8,5193,39241
2023-10-11 10:15:00,1696999500,5192,5211,5182.9,5205.75,24323
2023-10-11 11:15:00,1697003100,5205.75,5255,5201.05,5249.05,61409
2023-10-11 12:15:00,1697006700,5249.05,5272.9,5235.8,5241.95,71475
2023-10-11 13:15:00,1697010300,5241.95,5267.95,5240,5258.65,58804
2023-10-11 14:15:00,1697013900,5256.5,5274.85,5246.7,5252,40039
2023-10-11 15:15:00,1697017500,5251.95,5259.8,5245,5245,25820
2023-10-12 09:15:00,1697082300,5261.95,5273.95,5215.6,5232.3,64393
2023-10-12 10:15:00,1697085900,5230.05,5269.75,5230,5255.45,55628
2023-10-12 11:15:00,1697089500,5255.45,5317,5250.85,5306.65,93877
2023-10-12 12:15:00,1697093100,5308,5320,5300,5310,46803
2023-10-12 13:15:00,1697096700,5310,5319.9,5290,5295.6,62163
2023-10-12 14:15:00,1697100300,5295.6,5310,5279.65,5304,41904
2023-10-12 15:15:00,1697103900,5304.1,5307,5270,5282.5,27749
2023-10-13 09:15:00,1697168700,5279.9,5331.9,5253.05,5326.2,102835
2023-10-13 10:15:00,1697172300,5326.2,5335,5309,5317.1,43538
2023-10-13 11:15:00,1697175900,5317.1,5325,5291.7,5299,27536
2023-10-13 12:15:00,1697179500,5299,5299,5258.85,5266.45,41483
2023-10-13 13:15:00,1697183100,5265,5333,5264,5321.8,98545
2023-10-13 14:15:00,1697186700,5323.5,5364.8,5315,5335,101393
2023-10-13 15:15:00,1697190300,5335,5345.85,5320.5,5326.35,20781
2023-10-16 09:15:00,1697427900,5291,5408.95,5291,5368.65,150045
2023-10-16 10:15:00,1697431500,5368.65,5372.35,5340,5363.15,31693
2023-10-16 11:15:00,1697435100,5363.15,5408,5362.1,5388.15,54520
2023-10-16 12:15:00,1697438700,5388.15,5397,5387,5390,21988
2023-10-16 13:15:00,1697442300,5390,5403,5387,5391.9,22239
2023-10-16 14:15:00,1697445900,5389.8,5399,5385.4,5391.95,54928
2023-10-16 15:15:00,1697449500,5391.95,5396.4,5385.1,5390,20045
2023-10-17 09:15:00,1697514300,5430,5475,5382.45,5460,147401
2023-10-17 10:15:00,1697517900,5459.25,5474,5452,5456.95,59659
2023-10-17 11:15:00,1697521500,5456.95,5483.65,5455.3,5465,44936
2023-10-17 12:15:00,1697525100,5465,5481.95,5461.9,5479,34813
2023-10-17 13:15:00,1697528700,5478.95,5486.95,5474.05,5478,53183
2023-10-17 14:15:00,1697532300,5478,5482,5462,5476.9,45655
2023-10-17 15:15:00,1697535900,5476.9,5480,5462.05,5473,32580
2023-10-18 09:15:00,1697600700,5479.95,5508.65,5461.35,5468.15,103946
2023-10-18 10:15:00,1697604300,5468.05,5468.6,5434,5442,35730
2023-10-18 11:15:00,1697607900,5442,5462.15,5437.65,5450.75,35100
2023-10-18 12:15:00,1697611500,5450.75,5478.25,5446.1,5477,45812
2023-10-18 13:15:00,1697615100,5477,5479.4,5463,5473.95,18206
2023-10-18 14:15:00,1697618700,5473.95,5494.9,5458.35,5476.75,36668
2023-10-18 15:15:00,1697622300,5475.65,5481.85,5465.35,5479,24381
2023-10-19 09:15:00,1697687100,5440,5535,5422.25,5516.05,110563
2023-10-19 10:15:00,1697690700,5516.05,5529,5490,5518.1,58764
2023-10-19 11:15:00,1697694300,5518.1,5556.2,5518,5555,55833
2023-10-19 12:15:00,1697697900,5552.95,5555.6,5539.75,5552,28385
2023-10-19 13:15:00,1697701500,5552,5575,5544,5571.9,39121
2023-10-19 14:15:00,1697705100,5569.55,5572.95,5491.45,5498.65,138310
2023-10-19 15:15:00,1697708700,5497.85,5510,5485.8,5510,26333
2023-10-20 09:15:00,1697773500,5498,5533.7,5474.05,5492.6,90528
2023-10-20 10:15:00,1697777100,5492.6,5517.35,5482.95,5510,30659
2023-10-20 11:15:00,1697780700,5510,5513,5483,5498.95,43130
2023-10-20 12:15:00,1697784300,5498,5524.35,5496.6,5514.9,32888
2023-10-20 13:15:00,1697787900,5514.9,5525,5500.05,5507.6,19772
2023-10-20 14:15:00,1697791500,5507.6,5534.95,5503.45,5523.7,41174
2023-10-20 15:15:00,1697795100,5521.2,5525.5,5508.5,5525,20864
2023-10-23 09:15:00,1698032700,5520,5607.1,5502.35,5534.05,133434
2023-10-23 10:15:00,1698036300,5534.1,5550,5487.8,5510.45,66854
2023-10-23 11:15:00,1698039900,5510.45,5514.55,5470.8,5500,102407
2023-10-23 12:15:00,1698043500,5500,5506.65,5427.05,5433.85,55040
2023-10-23 13:15:00,1698047100,5431.45,5458.15,5412.05,5435.7,42665
2023-10-23 14:15:00,1698050700,5435.7,5436.85,5400.05,5411.4,37176
2023-10-23 15:15:00,1698054300,5411.95,5439.9,5409,5430.1,20205
2023-10-25 09:15:00,1698205500,5418,5518,5418,5499.95,146548
2023-10-25 10:15:00,1698209100,5499.95,5516.8,5490,5507,43306
2023-10-25 11:15:00,1698212700,5507.55,5507.55,5470,5473,93802
2023-10-25 12:15:00,1698216300,5474.35,5484.3,5440,5440.9,142038
2023-10-25 13:15:00,1698219900,5440,5468.35,5430.1,5448.25,51301
2023-10-25 14:15:00,1698223500,5448.25,5459,5432.1,5446.7,81279
2023-10-25 15:15:00,1698227100,5446.7,5450,5440,5440,18877
2023-10-26 09:15:00,1698291900,5430,5447.5,5365,5392.9,106946
2023-10-26 10:15:00,1698295500,5392.9,5414.9,5380,5382.25,24067
2023-10-26 11:15:00,1698299100,5381.2,5386.15,5332.65,5339.3,25786
2023-10-26 12:15:00,1698302700,5336,5375,5288.25,5354.25,113168
2023-10-26 13:15:00,1698306300,5354.25,5382.4,5306.6,5337.75,59179
2023-10-26 14:15:00,1698309900,5339.95,5347.45,5304.15,5344.05,80115
2023-10-26 15:15:00,1698313500,5346.4,5361.7,5331.1,5356.05,24144
2023-10-27 09:15:00,1698378300,5470,5514.8,5362,5445.1,438665
2023-10-27 10:15:00,1698381900,5445.1,5484.05,5393,5402.5,165218
2023-10-27 11:15:00,1698385500,5404.35,5448,5390.1,5398.5,110758
2023-10-27 12:15:00,1698389100,5395.25,5400,5307.65,5364.7,141735
2023-10-27 13:15:00,1698392700,5364,5364,5328,5345,61602
2023-10-27 14:15:00,1698396300,5345,5396.95,5340.35,5394.65,185735
2023-10-27 15:15:00,1698399900,5395,5397.35,5354.4,5361,63100
2023-10-30 09:15:00,1698637500,5379.9,5379.9,5076,5129.55,268091
2023-10-30 10:15:00,1698641100,5129.9,5204,5125,5158,156246
2023-10-30 11:15:00,1698644700,5157.95,5198.75,5154.1,5180,153646
2023-10-30 12:15:00,1698648300,5180,5183.65,5122.3,5131.7,61572
2023-10-30 13:15:00,1698651900,5131.7,5133.5,5105,5119.85,62254
2023-10-30 14:15:00,1698655500,5119.85,5136.5,5097,5100.9,83439
2023-10-30 15:15:00,1698659100,5100.95,5115,5089.55,5105,79140
2023-10-31 09:15:00,1698723900,5155,5242.4,5123.4,5179.35,208753
2023-10-31 10:15:00,1698727500,5179.35,5179.35,5112.05,5143,89420
2023-10-31 11:15:00,1698731100,5142,5143,5105.5,5116.75,32605
2023-10-31 12:15:00,1698734700,5116.75,5150,5116.25,5135,44316
2023-10-31 13:15:00,1698738300,5135,5140,5117,5138,23157
2023-10-31 14:15:00,1698741900,5138,5154,5093.35,5099.7,63013
2023-10-31 15:15:00,1698745500,5098.15,5112.85,5089.35,5108.8,24885
2023-11-01 09:15:00,1698810300,5125,5174.7,5104,5170,129994
2023-11-01 10:15:00,1698813900,5171,5188.2,5100.95,5130,94040
2023-11-01 11:15:00,1698817500,5130,5169.5,5117.1,5154.1,49043
2023-11-01 12:15:00,1698821100,5154.1,5187.2,5154.1,5172.25,72774
2023-11-01 13:15:00,1698824700,5172.1,5188.1,5163.65,5178.9,55000
2023-11-01 14:15:00,1698828300,5179.95,5193.1,5170.2,5182.95,47272
2023-11-01 15:15:00,1698831900,5182.95,5195.1,5178,5182,28987
2023-11-02 09:15:00,1698896700,5220,5344.7,5212.5,5334.65,182699
2023-11-02 10:15:00,1698900300,5334.65,5397,5332,5356.55,212871
2023-11-02 11:15:00,1698903900,5356.85,5362,5339,5352.9,43294
2023-11-02 12:15:00,1698907500,5352.9,5375,5346,5346,53033
2023-11-02 13:15:00,1698911100,5346,5352,5326.35,5332,49063
2023-11-02 14:15:00,1698914700,5332,5344.55,5317.1,5331,70269
2023-11-02 15:15:00,1698918300,5331.65,5338.4,5313.3,5323.75,38220
2023-11-03 09:15:00,1698983100,5383.3,5388.75,5284.6,5294.15,107912
2023-11-03 10:15:00,1698986700,5294.15,5300,5236.55,5292,89468
2023-11-03 11:15:00,1698990300,5289.8,5325.95,5283,5324.95,41217
2023-11-03 12:15:00,1698993900,5324.95,5332.8,5277,5292.35,72814
2023-11-03 13:15:00,1698997500,5292.25,5310,5278.95,5282.55,41100
2023-11-03 14:15:00,1699001100,5282.55,5299.85,5269.25,5273.05,64603
2023-11-03 15:15:00,1699004700,5271.1,5284.9,5261.1,5271.5,30112
2023-11-06 09:15:00,1699242300,5317.9,5338.95,5279.1,5313,50524
2023-11-06 10:15:00,1699245900,5313,5326,5280,5289.6,28840
2023-11-06 11:15:00,1699249500,5289,5293.75,5260,5261.3,17797
2023-11-06 12:15:00,1699253100,5261.3,5266,5241,5252.75,18990
2023-11-06 13:15:00,1699256700,5252.75,5277.95,5249.05,5271.05,9990
2023-11-06 14:15:00,1699260300,5271.05,5276.25,5252.6,5268,16986
2023-11-06 15:15:00,1699263900,5268,5281.05,5258.6,5274,15421
2023-11-07 09:15:00,1699328700,5279.8,5318,5266.25,5299,48841
2023-11-07 10:15:00,1699332300,5305.1,5316.7,5290,5297.9,32114
2023-11-07 11:15:00,1699335900,5295.65,5302.95,5272,5281.15,23264
2023-11-07 12:15:00,1699339500,5281.15,5286.95,5248.6,5255,38123
2023-11-07 13:15:00,1699343100,5254.95,5260,5235.6,5254.95,31259
2023-11-07 14:15:00,1699346700,5254.95,5271,5246.45,5249.1,37747
2023-11-07 15:15:00,1699350300,5249.1,5254,5246.6,5253.9,24064
2023-11-08 09:15:00,1699415100,5278,5349.9,5266.3,5346.85,71302
2023-11-08 10:15:00,1699418700,5346.85,5355.1,5308,5325.8,55792
2023-11-08 11:15:00,1699422300,5325.8,5358.8,5325,5350,56461
2023-11-08 12:15:00,1699425900,5350,5369.95,5336,5336.55,55385
2023-11-08 13:15:00,1699429500,5336.55,5340.9,5321.5,5329,17983
2023-11-08 14:15:00,1699433100,5329,5365,5323,5360,82414
2023-11-08 15:15:00,1699436700,5357.5,5364.9,5344.6,5355,32368
2023-11-09 09:15:00,1699501500,5367.95,5425,5354.5,5359.3,92675
2023-11-09 10:15:00,1699505100,5357.25,5374.35,5340.3,5345.55,33174
2023-11-09 11:15:00,1699508700,5345.55,5358,5340,5348.95,12726
2023-11-09 12:15:00,1699512300,5348.95,5348.95,5304.05,5305.05,34496
2023-11-09 13:15:00,1699515900,5305.05,5322,5305,5313.05,14486
2023-11-09 14:15:00,1699519500,5313.05,5318.9,5300,5303,22479
2023-11-09 15:15:00,1699523100,5303,5312,5300,5309.35,18199
2023-11-10 09:15:00,1699587900,5282,5309.35,5232,5245,66790
2023-11-10 10:15:00,1699591500,5245,5255,5226.05,5238.5,51184
2023-11-10 11:15:00,1699595100,5238.5,5252,5224,5252,22397
2023-11-10 12:15:00,1699598700,5252,5254.4,5234.15,5239.4,33990
2023-11-10 13:15:00,1699602300,5239.4,5245.5,5226,5232.45,28267
2023-11-10 14:15:00,1699605900,5232.45,5285,5228,5274.15,44202
2023-11-10 15:15:00,1699609500,5275,5280,5259.4,5272,23092
2023-11-12 18:15:00,1699793100,5310,5323.6,5250.95,5269,25115
2023-11-13 09:15:00,1699847100,5274.45,5275,5233.05,5259.45,26754
2023-11-13 10:15:00,1699850700,5259.45,5262.1,5206.6,5209.05,32499
2023-11-13 11:15:00,1699854300,5209.05,5225.5,5208,5214,13972
2023-11-13 12:15:00,1699857900,5214,5235,5210,5228.3,14271
2023-11-13 13:15:00,1699861500,5228.3,5234,5221,5227.6,10290
2023-11-13 14:15:00,1699865100,5227.6,5244,5226,5236.15,22292
2023-11-13 15:15:00,1699868700,5236.15,5238.9,5224.55,5225,7413
2023-11-15 09:15:00,1700019900,5250,5312,5247.15,5307.8,81335
2023-11-15 10:15:00,1700023500,5307.8,5364.95,5300,5330,112972
2023-11-15 11:15:00,1700027100,5330,5333,5282.4,5282.4,54490
2023-11-15 12:15:00,1700030700,5282.4,5286,5267.35,5277,19878
2023-11-15 13:15:00,1700034300,5277,5279,5244.15,5265.65,41560
2023-11-15 14:15:00,1700037900,5265.65,5274,5250,5252.85,55400
2023-11-15 15:15:00,1700041500,5252.9,5258.05,5249.65,5250.8,37707
2023-11-16 09:15:00,1700106300,5273.9,5279.4,5223.55,5234,66361
2023-11-16 10:15:00,1700109900,5234,5278.25,5213.1,5261.15,67061
2023-11-16 11:15:00,1700113500,5261.15,5340,5261.15,5335,44494
2023-11-16 12:15:00,1700117100,5335,5455,5333.85,5429.65,134522
2023-11-16 13:15:00,1700120700,5429.65,5445.65,5400,5416.9,57056
2023-11-16 14:15:00,1700124300,5416.9,5438,5416,5427,71547
2023-11-16 15:15:00,1700127900,5427,5433.2,5421.15,5429,25557
2023-11-17 09:15:00,1700192700,5395.95,5488.5,5395.75,5447.45,119669
2023-11-17 10:15:00,1700196300,5447.45,5468,5423.7,5428.8,30710
2023-11-17 11:15:00,1700199900,5428.8,5438,5410.1,5420,42844
2023-11-17 12:15:00,1700203500,5420,5475,5412.85,5446.7,56596
2023-11-17 13:15:00,1700207100,5446.7,5447.5,5423,5431.05,28681
2023-11-17 14:15:00,1700210700,5431.05,5449.9,5421.95,5430.25,42166
2023-11-17 15:15:00,1700214300,5430.3,5433,5413.75,5419.8,25563
2023-11-20 09:15:00,1700451900,5475,5565.2,5460,5505.35,214735
2023-11-20 10:15:00,1700455500,5505.35,5524.95,5460,5473.3,49841
2023-11-20 11:15:00,1700459100,5473.3,5489.3,5452,5462.15,62092
2023-11-20 12:15:00,1700462700,5462.15,5463.95,5436.4,5451,21136
2023-11-20 13:15:00,1700466300,5451,5473,5442.15,5454,66307
2023-11-20 14:15:00,1700469900,5454,5460.95,5434.05,5441.4,37730
2023-11-20 15:15:00,1700473500,5441.4,5474.55,5431,5458.2,29746
2023-11-21 09:15:00,1700538300,5480,5528.8,5465.5,5492.15,74273
2023-11-21 10:15:00,1700541900,5492.15,5520,5478,5520,25842
2023-11-21 11:15:00,1700545500,5520,5528,5494.55,5504.4,25092
2023-11-21 12:15:00,1700549100,5504.4,5510,5488.3,5495.95,12692
2023-11-21 13:15:00,1700552700,5495.95,5501,5480.15,5484,13584
2023-11-21 14:15:00,1700556300,5484,5489.15,5458.65,5464.95,26591
2023-11-21 15:15:00,1700559900,5464.95,5470,5452.5,5455,30975
2023-11-22 09:15:00,1700624700,5475,5507.9,5462.75,5481.1,51008
2023-11-22 10:15:00,1700628300,5481.1,5481.1,5447.25,5450.25,20568
2023-11-22 11:15:00,1700631900,5450.25,5459.9,5392.55,5424.55,27448
2023-11-22 12:15:00,1700635500,5424.4,5429.5,5396,5401,12265
2023-11-22 13:15:00,1700639100,5401,5419.95,5385,5393.5,19344
2023-11-22 14:15:00,1700642700,5393.5,5415.95,5387.25,5413.95,30342
2023-11-22 15:15:00,1700646300,5413.95,5419,5409.05,5419,20774
2023-11-23 09:15:00,1700711100,5438,5448.5,5370.55,5375,42510
2023-11-23 10:15:00,1700714700,5375,5388,5331,5334.9,40379
2023-11-23 11:15:00,1700718300,5334.9,5344.25,5315,5317.15,32191
2023-11-23 12:15:00,1700721900,5317.15,5339.6,5315.2,5336.8,29591
2023-11-23 13:15:00,1700725500,5336.8,5363.1,5333.65,5334.75,32794
2023-11-23 14:15:00,1700729100,5334.75,5342,5324,5341.95,24098
2023-11-23 15:15:00,1700732700,5341.95,5357,5335,5335,18877
2023-11-24 09:15:00,1700797500,5365,5369.9,5291,5315,60533
2023-11-24 10:15:00,1700801100,5315,5321.15,5279.05,5285,34553
2023-11-24 11:15:00,1700804700,5285,5287.4,5271.05,5280,19685
2023-11-24 12:15:00,1700808300,5280,5296.95,5274.05,5295.75,18706
2023-11-24 13:15:00,1700811900,5295.75,5325,5292.05,5311.45,25828
2023-11-24 14:15:00,1700815500,5311.45,5314.95,5279.6,5280,39880
2023-11-24 15:15:00,1700819100,5280,5281.7,5265,5270,27497
2023-11-28 09:15:00,1701143100,5280,5308.2,5277.85,5293.2,51907
2023-11-28 10:15:00,1701146700,5294,5298.35,5272.05,5293,18416
2023-11-28 11:15:00,1701150300,5293,5303.9,5280,5291.05,12438
2023-11-28 12:15:00,1701153900,5291.05,5307,5287.25,5294.9,15120
2023-11-28 13:15:00,1701157500,5294.9,5306.5,5286,5301.05,17247
2023-11-28 14:15:00,1701161100,5301.05,5310.7,5290.6,5293.1,13620
2023-11-28 15:15:00,1701164700,5293.1,5294.45,5280.25,5287,7491
2023-11-29 09:15:00,1701229500,5302.85,5362.95,5293.8,5362.7,66257
2023-11-29 10:15:00,1701233100,5362.7,5369,5348.05,5360,26893
2023-11-29 11:15:00,1701236700,5360.05,5361.2,5325,5359,21576
2023-11-29 12:15:00,1701240300,5359,5373.95,5351,5361.45,19711
2023-11-29 13:15:00,1701243900,5361.95,5398.9,5338.95,5389.4,34523
2023-11-29 14:15:00,1701247500,5388.2,5404.45,5380,5395.35,71368
2023-11-29 15:15:00,1701251100,5395.55,5405,5375,5375,19176
2023-11-30 09:15:00,1701315900,5419.85,5456.7,5391,5415,74022
2023-11-30 10:15:00,1701319500,5415,5456,5411.9,5442.5,32331
2023-11-30 11:15:00,1701323100,5442.4,5468.8,5420,5466,27263
2023-11-30 12:15:00,1701326700,5466,5490,5457.55,5484.85,32321
2023-11-30 13:15:00,1701330300,5484.85,5540,5478.2,5539,68971
2023-11-30 14:15:00,1701333900,5539,5591.5,5498.6,5511.25,188409
2023-11-30 15:15:00,1701337500,5511.25,5524.65,5502.05,5514,40712
2023-12-01 09:15:00,1701402300,5530,5620.75,5514,5598.6,107404
2023-12-01 10:15:00,1701405900,5598,5620,5589.45,5616.95,86750
2023-12-01 11:15:00,1701409500,5616.95,5958.95,5616.1,5935.15,686088
2023-12-01 12:15:00,1701413100,5930,6010,5930,5987,555402
2023-12-01 13:15:00,1701416700,5987,6034.95,5973.5,6005.95,348147
2023-12-01 14:15:00,1701420300,6006.4,6009,5922,5943.15,300474
2023-12-01 15:15:00,1701423900,5943.15,5978.4,5940,5959,95370
2023-12-04 09:15:00,1701661500,6110,6186.15,5876,5899.4,351465
2023-12-04 10:15:00,1701665100,5899.4,5934,5882,5893.95,93471
2023-12-04 11:15:00,1701668700,5891.35,6042.8,5877,6011.45,186586
2023-12-04 12:15:00,1701672300,6011.45,6025,5959.85,5978,105410
2023-12-04 13:15:00,1701675900,5979.6,5999,5977,5992,38006
2023-12-04 14:15:00,1701679500,5993.8,6011,5966.15,6001.5,79376
2023-12-04 15:15:00,1701683100,6001.5,6009,5995,6000,33676
2023-12-05 09:15:00,1701747900,6015,6160,6002.2,6072.05,302490
2023-12-05 10:15:00,1701751500,6072.65,6072.65,5967.85,6019.4,104953
2023-12-05 11:15:00,1701755100,6019.4,6049.95,5985,6020,70447
2023-12-05 12:15:00,1701758700,6020,6028,6000.25,6006.95,25489
2023-12-05 13:15:00,1701762300,6006.95,6034,6005.3,6023.85,29613
2023-12-05 14:15:00,1701765900,6023.85,6050,6010.9,6032.55,61254
2023-12-05 15:15:00,1701769500,6028,6035.2,6016.8,6030,34363
2023-12-06 09:15:00,1701834300,6085,6085,6021.35,6054.4,84215
2023-12-06 10:15:00,1701837900,6054.4,6059,6020,6021.45,33728
2023-12-06 11:15:00,1701841500,6021.4,6034.95,5995.75,5999.35,28127
2023-12-06 12:15:00,1701845100,5999.35,6002.4,5970,5972.85,22512
2023-12-06 13:15:00,1701848700,5972.85,6004.85,5970,5992.3,20767
2023-12-06 14:15:00,1701852300,5992.3,6015,5975,5982.55,26995
2023-12-06 15:15:00,1701855900,5982.55,5998.65,5970,5985,17625
2023-12-07 09:15:00,1701920700,5998.8,6035.85,5939.05,5988.75,70228
2023-12-07 10:15:00,1701924300,5988.75,6000.25,5975,5991.9,18878
2023-12-07 11:15:00,1701927900,5991.9,6027.85,5988.95,6015.2,18766
2023-12-07 12:15:00,1701931500,6015.2,6016.55,5984,5995,19858
2023-12-07 13:15:00,1701935100,5995,5996.55,5984,5985.85,9273
2023-12-07 14:15:00,1701938700,5985.85,5995,5976.05,5985.6,14105
2023-12-07 15:15:00,1701942300,5985.85,6000,5981.15,6000,12823
2023-12-08 09:15:00,1702007100,6010,6048.15,5982,6008.6,33903
2023-12-08 10:15:00,1702010700,6008.6,6025,5942.15,5956.95,29673
2023-12-08 11:15:00,1702014300,5956.95,5967.45,5902,5909.75,30921
2023-12-08 12:15:00,1702017900,5909.75,5938,5893.4,5918.05,27109
2023-12-08 13:15:00,1702021500,5918.05,5948.55,5902,5945.95,20733
2023-12-08 14:15:00,1702025100,5945.95,5984.05,5928.55,5963,35645
2023-12-08 15:15:00,1702028700,5963,5973,5946.85,5970,15052
2023-12-11 09:15:00,1702266300,5980,6130,5961,6106.55,197855
2023-12-11 10:15:00,1702269900,6108.8,6142,6047.65,6133,138332
2023-12-11 11:15:00,1702273500,6132,6309,6131,6285,451840
2023-12-11 12:15:00,1702277100,6285,6349.1,6260,6340,295623
2023-12-11 13:15:00,1702280700,6340.2,6347.95,6298.9,6305.3,176949
2023-12-11 14:15:00,1702284300,6305.3,6377.9,6301,6374.5,242114
2023-12-11 15:15:00,1702287900,6374.5,6400,6365,6396,128640
2023-12-12 09:15:00,1702352700,6451.1,6764.75,6425,6597,1302625
2023-12-12 10:15:00,1702356300,6597.9,6646.85,6508.9,6554.05,404851
2023-12-12 11:15:00,1702359900,6554.05,6593.65,6510.1,6528.95,171960
2023-12-12 12:15:00,1702363500,6529.95,6530,6381.75,6386.85,425787
2023-12-12 13:15:00,1702367100,6386.85,6409,6364.85,6369,200208
2023-12-12 14:15:00,1702370700,6369,6400,6336.05,6358.85,203157
2023-12-12 15:15:00,1702374300,6357.5,6373.9,6333.15,6333.15,143082
2023-12-13 09:15:00,1702439100,6356.5,6522.5,6244,6291,695486
2023-12-13 10:15:00,1702442700,6291,6300,6180.45,6289.1,289581
2023-12-13 11:15:00,1702446300,6289.1,6300,6233.15,6240.5,113315
2023-12-13 12:15:00,1702449900,6240.5,6245.95,6192.25,6208.4,85890
2023-12-13 13:15:00,1702453500,6208.4,6298,6197,6278.85,93816
2023-12-13 14:15:00,1702457100,6278.85,6292.3,6250,6269.9,81604
2023-12-13 15:15:00,1702460700,6269.9,6332,6268.95,6324,67606
2023-12-14 09:15:00,1702525500,6357.2,6431.75,6325.05,6395.45,263108
2023-12-14 10:15:00,1702529100,6400.45,6465,6390,6432.05,202574
2023-12-14 11:15:00,1702532700,6432.05,6432.55,6389,6391.4,170903
2023-12-14 12:15:00,1702536300,6390,6404.1,6332.5,6344.95,86750
2023-12-14 13:15:00,1702539900,6344.95,6368.95,6342,6342.7,62974
2023-12-14 14:15:00,1702543500,6342.7,6344.75,6286.45,6303.85,133187
2023-12-14 15:15:00,1702547100,6303.85,6319,6300.15,6310.05,40338
2023-12-15 09:15:00,1702611900,6371.2,6404,6340,6376.85,117674
2023-12-15 10:15:00,1702615500,6376.85,6393.15,6342,6352.05,49257
2023-12-15 11:15:00,1702619100,6353.9,6359.5,6314.55,6331,54178
2023-12-15 12:15:00,1702622700,6329.05,6357.45,6321.8,6345,49336
2023-12-15 13:15:00,1702626300,6345,6369,6330,6336.3,45944
2023-12-15 14:15:00,1702629900,6336.3,6345.4,6313.6,6318.55,71375
2023-12-15 15:15:00,1702633500,6318.55,6330,6303,6330,53243
2023-12-18 09:15:00,1702871100,6315,6328.7,6220,6285,95624
2023-12-18 10:15:00,1702874700,6285,6302.9,6280,6290,17636
2023-12-18 11:15:00,1702878300,6290,6315,6282.1,6312,27986
2023-12-18 12:15:00,1702881900,6312,6315,6264.7,6273.95,31213
2023-12-18 13:15:00,1702885500,6274,6288.7,6264,6273.9,39345
2023-12-18 14:15:00,1702889100,6273.9,6300,6268,6270,49646
2023-12-18 15:15:00,1702892700,6270,6277.5,6265,6275,22824
2023-12-19 09:15:00,1702957500,6334.3,6483.6,6316,6340,478134
2023-12-19 10:15:00,1702961100,6336.25,6430,6325.05,6409.1,137357
2023-12-19 11:15:00,1702964700,6409.1,6416.1,6360,6374.45,71444
2023-12-19 12:15:00,1702968300,6374.45,6380,6360,6374.05,22738
2023-12-19 13:15:00,1702971900,6375,6390,6362,6373.8,23322
2023-12-19 14:15:00,1702975500,6373.8,6377,6340,6365.25,56238
2023-12-19 15:15:00,1702979100,6365.25,6390,6355.55,6382.1,31742
2023-12-20 09:15:00,1703043900,6419,6534.9,6403.5,6502.15,313128
2023-12-20 10:15:00,1703047500,6502.2,6540,6490.85,6513.9,160300
2023-12-20 11:15:00,1703051100,6513.9,6522,6491.05,6499.45,74462
2023-12-20 12:15:00,1703054700,6499.45,6515,6475,6500,69111
2023-12-20 13:15:00,1703058300,6500,6501.1,6340,6372.45,239593
2023-12-20 14:15:00,1703061900,6366.8,6395,6252.7,6252.7,124200
2023-12-20 15:15:00,1703065500,6252.7,6269.15,6240.3,6252,38934
2023-12-21 09:15:00,1703130300,6250,6434.15,6235,6407.65,297978
2023-12-21 10:15:00,1703133900,6407.6,6435,6366,6417.35,103703
2023-12-21 11:15:00,1703137500,6417.35,6475,6401.35,6461.4,109030
2023-12-21 12:15:00,1703141100,6461.4,6468,6434.35,6454.95,44382
2023-12-21 13:15:00,1703144700,6454.3,6454.95,6420.85,6439.55,44278
2023-12-21 14:15:00,1703148300,6439.55,6528,6434.5,6518.85,149361
2023-12-21 15:15:00,1703151900,6521.95,6545,6503,6506.4,65037
2023-12-22 09:15:00,1703216700,6553.9,6584,6410.5,6450,189746
2023-12-22 10:15:00,1703220300,6450,6484,6435.05,6477.25,51889
2023-12-22 11:15:00,1703223900,6477.25,6495,6469.2,6482.95,47196
2023-12-22 12:15:00,1703227500,6482.95,6484,6400,6410,76869
2023-12-22 13:15:00,1703231100,6410,6445,6384,6414.85,45087
2023-12-22 14:15:00,1703234700,6414.85,6479.8,6414.85,6470.65,81758
2023-12-22 15:15:00,1703238300,6473.3,6499,6456.5,6456.5,42165
2023-12-26 09:15:00,1703562300,6460,6489.95,6413,6488.15,68086
2023-12-26 10:15:00,1703565900,6488.15,6516.9,6452.05,6473,54924
2023-12-26 11:15:00,1703569500,6473,6494,6469.4,6485.6,21434
2023-12-26 12:15:00,1703573100,6485.6,6487,6432.5,6450.45,25358
2023-12-26 13:15:00,1703576700,6450.45,6454.55,6430.1,6435.05,13651
2023-12-26 14:15:00,1703580300,6435.05,6468,6435.05,6467.3,39979
2023-12-26 15:15:00,1703583900,6467.3,6468,6441.4,6454.9,27732
2023-12-27 09:15:00,1703648700,6498.9,6500,6450.25,6481.2,58466
2023-12-27 10:15:00,1703652300,6481.2,6484,6435,6440,25147
2023-12-27 11:15:00,1703655900,6440,6474,6437.5,6447.6,20942
2023-12-27 12:15:00,1703659500,6448,6456.4,6415,6445.95,30479
2023-12-27 13:15:00,1703663100,6445.95,6457.7,6430.9,6442.3,14255
2023-12-27 14:15:00,1703666700,6442.3,6538.9,6442,6465.75,77020
2023-12-27 15:15:00,1703670300,6468.65,6469.95,6446.35,6450.8,12969
2023-12-28 09:15:00,1703735100,6480.9,6494.9,6420,6428,60580
2023-12-28 10:15:00,1703738700,6428,6445,6415,6439,27181
2023-12-28 11:15:00,1703742300,6442,6458,6422.1,6455,18479
2023-12-28 12:15:00,1703745900,6455,6480.75,6450.05,6467.85,28512
2023-12-28 13:15:00,1703749500,6467.55,6482.85,6452,6481.35,24714
2023-12-28 14:15:00,1703753100,6481.35,6500,6455,6465.25,46285
2023-12-28 15:15:00,1703756700,6465.25,6469.8,6455,6463,10147
2023-12-29 09:15:00,1703821500,6463,6476.45,6423.1,6450,33200
2023-12-29 10:15:00,1703825100,6451.9,6540,6448.85,6536.25,96450
2023-12-29 11:15:00,1703828700,6536,6587.55,6518.05,6574.45,112878
2023-12-29 12:15:00,1703832300,6573,6619.4,6532.55,6563.15,110413
2023-12-29 13:15:00,1703835900,6563.15,6584.9,6552.35,6554.1,42532
2023-12-29 14:15:00,1703839500,6554.1,6579,6553.3,6566.05,51943
2023-12-29 15:15:00,1703843100,6566,6576.8,6530,6554,30283
2024-01-01 09:15:00,1704080700,6560,6585.8,6504.6,6532.45,75556
2024-01-01 10:15:00,1704084300,6532.45,6540.75,6486,6494.75,28077
2024-01-01 11:15:00,1704087900,6494.75,6524.65,6481.15,6515.1,22474
2024-01-01 12:15:00,1704091500,6515.1,6518.75,6470.05,6476.9,31921
2024-01-01 13:15:00,1704095100,6476.9,6486.55,6460.1,6477.8,36192
2024-01-01 14:15:00,1704098700,6477.8,6488.2,6465,6467.1,43729
2024-01-01 15:15:00,1704102300,6467.9,6468.35,6420.5,6444.7,30709
2024-01-02 09:15:00,1704167100,6465.5,6483.4,6285,6301.5,195003
2024-01-02 10:15:00,1704170700,6301.5,6303.8,6262,6280,106143
2024-01-02 11:15:00,1704174300,6280,6315,6243.15,6302.9,89606
2024-01-02 12:15:00,1704177900,6302.9,6322.8,6278,6282.7,55892
2024-01-02 13:15:00,1704181500,6282.7,6340,6282.05,6333.65,59866
2024-01-02 14:15:00,1704185100,6335.35,6350,6315.3,6325,57827
2024-01-02 15:15:00,1704188700,6325,6327.05,6296.6,6305,40153
2024-01-03 09:15:00,1704253500,6316.6,6347,6269,6323.45,65530
2024-01-03 10:15:00,1704257100,6324.9,6334.95,6303,6326.75,23171
2024-01-03 11:15:00,1704260700,6326.75,6379.75,6321.65,6379.4,44031
2024-01-03 12:15:00,1704264300,6377.25,6390,6362,6368.75,34219
2024-01-03 13:15:00,1704267900,6368.75,6411,6355,6400.85,27782
2024-01-03 14:15:00,1704271500,6400.85,6408.9,6351.6,6352.2,26601
2024-01-03 15:15:00,1704275100,6352.2,6360,6335.7,6351,19685
2024-01-04 09:15:00,1704339900,6379,6434.8,6365.65,6415,50614
2024-01-04 10:15:00,1704343500,6415.4,6418.45,6372.05,6387.4,20588
2024-01-04 11:15:00,1704347100,6387.4,6404.7,6370,6394,28624
2024-01-04 12:15:00,1704350700,6394,6447.45,6391.65,6428,59086
2024-01-04 13:15:00,1704354300,6428,6434,6395.85,6404,24785
2024-01-04 14:15:00,1704357900,6404,6411.85,6386.55,6392.7,43679
2024-01-04 15:15:00,1704361500,6391.6,6407,6387.8,6388.75,16636
2024-01-05 09:15:00,1704426300,6396.55,6459,6393.2,6445.55,56110
2024-01-05 10:15:00,1704429900,6445.55,6445.55,6393.3,6430.15,27815
2024-01-05 11:15:00,1704433500,6430.15,6442.45,6416.6,6428.3,15227
2024-01-05 12:15:00,1704437100,6428.3,6458,6423,6439.95,27484
2024-01-05 13:15:00,1704440700,6439.95,6444.8,6405.55,6411.5,22277
2024-01-05 14:15:00,1704444300,6410.2,6415.1,6365.65,6379.6,77885
2024-01-05 15:15:00,1704447900,6379.6,6390,6364.3,6370.5,19630
2024-01-08 09:15:00,1704685500,6399.85,6399.85,6315.25,6349.15,43100
2024-01-08 10:15:00,1704689100,6348.9,6357.95,6303,6319.3,19673
2024-01-08 11:15:00,1704692700,6319.3,6348.05,6310,6341,16395
2024-01-08 12:15:00,1704696300,6341,6345.55,6322,6329,9999
2024-01-08 13:15:00,1704699900,6329,6348.55,6320.05,6329.45,11068
2024-01-08 14:15:00,1704703500,6329.45,6349.05,6313,6320,28090
2024-01-08 15:15:00,1704707100,6320.05,6346.1,6312.75,6325,8531
2024-01-09 09:15:00,1704771900,6372.95,6432,6352.45,6371.7,60129
2024-01-09 10:15:00,1704775500,6371.7,6381.5,6350,6369.9,23978
2024-01-09 11:15:00,1704779100,6369.9,6450,6364.05,6413.7,54425
2024-01-09 12:15:00,1704782700,6413.7,6417.5,6380.8,6385.55,15045
2024-01-09 13:15:00,1704786300,6385.55,6415.6,6381.55,6396.2,15162
2024-01-09 14:15:00,1704789900,6396.2,6396.2,6344.55,6352.55,30099
2024-01-09 15:15:00,1704793500,6355,6363.25,6341.7,6351.95,7160
2024-01-10 09:15:00,1704858300,6350,6395,6318.7,6334,45680
2024-01-10 10:15:00,1704861900,6334,6347.25,6320,6330.55,15166
2024-01-10 11:15:00,1704865500,6330.55,6337.45,6292.6,6309.1,20637
2024-01-10 12:15:00,1704869100,6309.1,6320,6285,6287.3,19132
2024-01-10 13:15:00,1704872700,6287.3,6317.7,6280,6297.55,24514
2024-01-10 14:15:00,1704876300,6297.55,6330,6297.55,6316,40376
2024-01-10 15:15:00,1704879900,6316,6345.9,6316,6326.45,20035
2024-01-11 09:15:00,1704944700,6369.95,6508,6338.55,6433.05,133363
2024-01-11 10:15:00,1704948300,6433.05,6448,6407,6437.95,24238
2024-01-11 11:15:00,1704951900,6437.95,6492.45,6415,6475.2,67551
2024-01-11 12:15:00,1704955500,6475.2,6498,6467.4,6486.05,35295
2024-01-11 13:15:00,1704959100,6486,6506.5,6447.15,6454.3,50637
2024-01-11 14:15:00,1704962700,6454.3,6507.9,6450.55,6490.05,64191
2024-01-11 15:15:00,1704966300,6490.05,6493.65,6478.1,6479,30805
2024-01-12 09:15:00,1705031100,6500,6570,6480,6550,116471
2024-01-12 10:15:00,1705034700,6550,6575,6540.1,6551.9,50111
2024-01-12 11:15:00,1705038300,6551.9,6600,6540,6550,104394
2024-01-12 12:15:00,1705041900,6550,6593,6550,6586,49047
2024-01-12 13:15:00,1705045500,6586,6588,6550,6555.45,37633
2024-01-12 14:15:00,1705049100,6555.45,6572.5,6550,6556,40011
2024-01-12 15:15:00,1705052700,6556,6559.85,6550,6552,18165
2024-01-15 09:15:00,1705290300,6480,6519.45,6305,6366.4,309839
2024-01-15 10:15:00,1705293900,6366.4,6417.4,6355.35,6409,79559
2024-01-15 11:15:00,1705297500,6409,6411.8,6366.3,6389.65,47546
2024-01-15 12:15:00,1705301100,6389.6,6395,6371.2,6374.95,32992
2024-01-15 13:15:00,1705304700,6374.95,6383,6341.55,6356.9,49389
2024-01-15 14:15:00,1705308300,6355,6357.7,6324,6326.65,79365
2024-01-15 15:15:00,1705311900,6326.65,6345,6325.1,6330.1,40256
2024-01-16 09:15:00,1705376700,6339.9,6398,6309.35,6385.95,113333
2024-01-16 10:15:00,1705380300,6385.95,6418,6363,6388.35,41718
2024-01-16 11:15:00,1705383900,6388.35,6395,6361.3,6366.25,20104
2024-01-16 12:15:00,1705387500,6367.15,6378,6317,6321.75,28445
2024-01-16 13:15:00,1705391100,6322.85,6358.5,6313,6347.75,20252
2024-01-16 14:15:00,1705394700,6347.75,6365,6337.5,6337.5,16316
2024-01-16 15:15:00,1705398300,6335,6347.1,6323.4,6341,16440
2024-01-17 09:15:00,1705463100,6290,6398,6219.5,6387.4,82658
2024-01-17 10:15:00,1705466700,6387.4,6397.95,6354,6371.05,25240
2024-01-17 11:15:00,1705470300,6370,6386.4,6341,6363.2,22210
2024-01-17 12:15:00,1705473900,6363.2,6380.4,6342.5,6376.8,15494
2024-01-17 13:15:00,1705477500,6374.05,6386,6355.55,6374.25,15829
2024-01-17 14:15:00,1705481100,6374.25,6374.25,6347,6369.85,28491
2024-01-17 15:15:00,1705484700,6370,6380,6355.05,6375,13526
2024-01-18 09:15:00,1705549500,6371,6375,6054.1,6188.6,138160
2024-01-18 10:15:00,1705553100,6188.6,6258.9,6156.35,6254.05,44190
2024-01-18 11:15:00,1705556700,6252.8,6329.65,6245.05,6325.3,34905
2024-01-18 12:15:00,1705560300,6325.3,6350,6290,6296.45,39589
2024-01-18 13:15:00,1705563900,6296.45,6331,6292,6330.45,21169
2024-01-18 14:15:00,1705567500,6330.45,6351,6300,6305.85,29598
2024-01-18 15:15:00,1705571100,6305.7,6314.75,6286.05,6292.2,19161
2024-01-19 09:15:00,1705635900,6198,6211.9,6020,6058.5,365257
2024-01-19 10:15:00,1705639500,6058.4,6074.95,6032.4,6052.75,91954
2024-01-19 11:15:00,1705643100,6052.8,6118,6046,6105.95,118691
2024-01-19 12:15:00,1705646700,6105.95,6165,6085,6149.9,112408
2024-01-19 13:15:00,1705650300,6149.9,6153.85,6096.2,6121,68572
2024-01-19 14:15:00,1705653900,6121,6139,6090.05,6091.65,87074
2024-01-19 15:15:00,1705657500,6091.65,6107.4,6085,6100,49873
2024-01-20 09:15:00,1705722300,6121,6175,6060.15,6078,63317
2024-01-20 10:15:00,1705725900,6078,6107.7,6078,6081.3,17968
2024-01-20 11:15:00,1705729500,6081.3,6094.15,6080.05,6080.2,8443
2024-01-20 12:15:00,1705733100,6080.2,6082.75,6030,6050,30780
2024-01-20 13:15:00,1705736700,6051.1,6066.9,6050,6058.45,11935
2024-01-20 14:15:00,1705740300,6058.45,6075,6016.05,6019.95,42331
2024-01-20 15:15:00,1705743900,6019.95,6024.1,6005,6015.05,18671
2024-01-23 09:15:00,1705981500,6025.05,6102.15,6008.2,6026.05,78728
2024-01-23 10:15:00,1705985100,6028.15,6038.8,5976,5977,54955
2024-01-23 11:15:00,1705988700,5977,5979.85,5951,5964,32324
2024-01-23 12:15:00,1705992300,5964,5986,5957.45,5970,19708
2024-01-23 13:15:00,1705995900,5970,5970,5891.45,5924.05,51674
2024-01-23 14:15:00,1705999500,5924.05,5925.65,5819.3,5857.5,79460
2024-01-23 15:15:00,1706003100,5857.5,5886,5821.9,5850,33692
2024-01-24 09:15:00,1706067900,5911.95,5975,5845.8,5917.35,93849
2024-01-24 10:15:00,1706071500,5917.35,5930,5870,5873.45,22512
2024-01-24 11:15:00,1706075100,5873.45,5887.8,5794.3,5794.5,61844
2024-01-24 12:15:00,1706078700,5794.3,5845.7,5782.85,5827,32133
2024-01-24 13:15:00,1706082300,5827,5894,5817,5875.5,49050
2024-01-24 14:15:00,1706085900,5875.5,5925,5860.55,5923.6,50434
2024-01-24 15:15:00,1706089500,5923.6,5925,5900.65,5913.85,13182
2024-01-25 09:15:00,1706154300,5966,5966,5834.35,5878,78171
2024-01-25 10:15:00,1706157900,5878,5878,5805,5817.2,42100
2024-01-25 11:15:00,1706161500,5817.2,5829.95,5803,5809.7,33420
2024-01-25 12:15:00,1706165100,5809.7,5839.95,5805,5818.1,20672
2024-01-25 13:15:00,1706168700,5817.6,5845,5794.2,5815.75,42323
2024-01-25 14:15:00,1706172300,5817.3,5896.75,5814.9,5885.25,65031
2024-01-25 15:15:00,1706175900,5885.25,5888.65,5862.75,5865,14306
2024-01-29 09:15:00,1706499900,5898,5921.2,5842.1,5861.05,50819
2024-01-29 10:15:00,1706503500,5861.05,5880,5860,5877.4,21582
2024-01-29 11:15:00,1706507100,5877.4,5882.15,5862,5878.15,19931
2024-01-29 12:15:00,1706510700,5878.15,5887,5851.1,5857.75,15443
2024-01-29 13:15:00,1706514300,5857.75,5880,5850,5868.8,13892
2024-01-29 14:15:00,1706517900,5868.8,5880.4,5850,5863.6,78308
2024-01-29 15:15:00,1706521500,5861.9,5880,5853.1,5878,14394
2024-01-30 09:15:00,1706586300,5910,5950,5871,5917.35,67867
2024-01-30 10:15:00,1706589900,5917.35,5918.2,5890,5911.45,24181
2024-01-30 11:15:00,1706593500,5911.45,5953.9,5909,5918.1,22542
2024-01-30 12:15:00,1706597100,5918.1,5981.3,5911.1,5966.7,21725
2024-01-30 13:15:00,1706600700,5966.7,5969.85,5921.15,5929.95,21885
2024-01-30 14:15:00,1706604300,5929.95,5930,5852,5862.5,34972
2024-01-30 15:15:00,1706607900,5862.5,5874.3,5860,5870,10637
2024-01-31 09:15:00,1706672700,5865,5971.9,5800.2,5912.6,259663
2024-01-31 10:15:00,1706676300,5912.6,5923.75,5849.8,5866,51259
2024-01-31 11:15:00,1706679900,5866,5913.2,5843.95,5900.45,52220
2024-01-31 12:15:00,1706683500,5900.45,5910,5874.9,5900,51138
2024-01-31 13:15:00,1706687100,5900,5955,5890.35,5940.05,41021
2024-01-31 14:15:00,1706690700,5940.05,5988.3,5938.6,5980.05,79250
2024-01-31 15:15:00,1706694300,5980.05,6018.4,5942.8,5976.9,53919
2024-02-01 09:15:00,1706759100,6161,6348,6051.1,6121.95,575906
2024-02-01 10:15:00,1706762700,6121.95,6234.8,6112.4,6200,174746
2024-02-01 11:15:00,1706766300,6202.9,6240.9,6124,6136.15,144902
2024-02-01 12:15:00,1706769900,6136.15,6189.3,6124,6186.35,49820
2024-02-01 13:15:00,1706773500,6186.35,6190.7,6123.4,6130.4,30682
2024-02-01 14:15:00,1706777100,6130,6156.4,6104.2,6119.1,65623
2024-02-01 15:15:00,1706780700,6116.1,6131.95,6112,6123,30063
2024-02-02 09:15:00,1706845500,6189.95,6189.95,6090,6112.1,84529
2024-02-02 10:15:00,1706849100,6111.45,6217.85,6110.9,6183,78273
2024-02-02 11:15:00,1706852700,6184,6284.8,6184,6255.9,100141
2024-02-02 12:15:00,1706856300,6255.9,6257.6,6190.1,6197.05,53086
2024-02-02 13:15:00,1706859900,6197.05,6250,6191,6240.7,27013
2024-02-02 14:15:00,1706863500,6240.7,6265,6225,6236,64691
2024-02-02 15:15:00,1706867100,6236,6243.8,6221.15,6224,22660
2024-02-05 09:15:00,1707104700,6251,6462.2,6251,6369.8,250080
2024-02-05 10:15:00,1707108300,6382.3,6414.95,6322.25,6334,60916
2024-02-05 11:15:00,1707111900,6334,6336.55,6252,6289.3,70318
2024-02-05 12:15:00,1707115500,6289.3,6303,6265.3,6300.2,24635
2024-02-05 13:15:00,1707119100,6300.2,6326.4,6293.05,6309.35,20625
2024-02-05 14:15:00,1707122700,6309.7,6314.4,6244,6262,38396
2024-02-05 15:15:00,1707126300,6264.65,6275,6246,6263.35,18380
2024-02-06 09:15:00,1707191100,6300,6348.4,6260.4,6313.6,66070
2024-02-06 10:15:00,1707194700,6313.6,6408,6300.1,6378.8,106834
2024-02-06 11:15:00,1707198300,6378.8,6388,6322,6338.65,31098
2024-02-06 12:15:00,1707201900,6338.4,6376,6320,6360.8,28666
2024-02-06 13:15:00,1707205500,6360.8,6398,6347.5,6376.1,46537
2024-02-06 14:15:00,1707209100,6376.1,6382.95,6345,6363.9,20672
2024-02-06 15:15:00,1707212700,6363.9,6375.95,6347.4,6350,16286
2024-02-07 09:15:00,1707277500,6390,6414.5,6300.05,6321.7,53791
2024-02-07 10:15:00,1707281100,6321.7,6341,6308.1,6319.3,16132
2024-02-07 11:15:00,1707284700,6319.3,6324.65,6282.75,6296.05,18494
2024-02-07 12:15:00,1707288300,6296.05,6329,6296,6316.9,7123
2024-02-07 13:15:00,1707291900,6316.9,6347.6,6295,6302,36168
2024-02-07 14:15:00,1707295500,6302,6321.9,6296.25,6315.9,22159
2024-02-07 15:15:00,1707299100,6315.9,6317,6296.85,6300,13911
2024-02-08 09:15:00,1707363900,6345,6373.9,6268.5,6275.1,65686
2024-02-08 10:15:00,1707367500,6277.6,6279.2,6228.4,6236,30266
2024-02-08 11:15:00,1707371100,6236,6273.95,6236,6270,15250
2024-02-08 12:15:00,1707374700,6270,6270,6225,6238.45,10395
2024-02-08 13:15:00,1707378300,6238.45,6238.45,6208,6215.15,16072
2024-02-08 14:15:00,1707381900,6215.15,6237.25,6206.35,6223.3,23837
2024-02-08 15:15:00,1707385500,6223.3,6248.05,6219.05,6248,15143
2024-02-09 09:15:00,1707450300,6249.95,6290.2,6200.5,6260.35,42660
2024-02-09 10:15:00,1707453900,6260.35,6264,6151,6155.45,26681
2024-02-09 11:15:00,1707457500,6155.45,6240,6125.4,6227.8,29008
2024-02-09 12:15:00,1707461100,6227.8,6259.95,6215,6230.8,13006
2024-02-09 13:15:00,1707464700,6230.8,6255,6210.65,6242.1,12253
2024-02-09 14:15:00,1707468300,6242.1,6285,6231.85,6276,20390
2024-02-09 15:15:00,1707471900,6276,6288.8,6257.9,6258,10524
2024-02-12 09:15:00,1707709500,6295,6321.1,6225,6239.1,60950
2024-02-12 10:15:00,1707713100,6239.1,6277.9,6202.9,6242.35,21546
2024-02-12 11:15:00,1707716700,6242.35,6255,6212.85,6236.05,14115
2024-02-12 12:15:00,1707720300,6236.05,6317,6235,6294.8,32270
2024-02-12 13:15:00,1707723900,6290.9,6315,6285,6305,10348
2024-02-12 14:15:00,1707727500,6305,6314.6,6285,6288,16283
2024-02-12 15:15:00,1707731100,6288,6289.85,6230.05,6243.3,13752
2024-02-13 09:15:00,1707795900,6244.05,6277.8,6131,6254.45,55773
2024-02-13 10:15:00,1707799500,6254.45,6308.2,6236.8,6300,24729
2024-02-13 11:15:00,1707803100,6300,6316.9,6235.25,6238,21600
2024-02-13 12:15:00,1707806700,6238,6279.95,6235.8,6267.95,15045
2024-02-13 13:15:00,1707810300,6267.95,6305,6258.6,6285.05,21827
2024-02-13 14:15:00,1707813900,6287.65,6305,6273.95,6295.35,21548
2024-02-13 15:15:00,1707817500,6294,6301,6290,6290,8375
2024-02-14 09:15:00,1707882300,6202,6340,6200,6270.35,47846
2024-02-14 10:15:00,1707885900,6270.35,6297,6261.9,6274.65,13635
2024-02-14 11:15:00,1707889500,6274.65,6292,6240.55,6252,13663
2024-02-14 12:15:00,1707893100,6252,6279.85,6250,6268.95,10493
2024-02-14 13:15:00,1707896700,6268.95,6292,6255.3,6290.95,13611
2024-02-14 14:15:00,1707900300,6290.95,6338.55,6287.45,6335.35,29562
2024-02-14 15:15:00,1707903900,6335.35,6360,6328.85,6355,22339
2024-02-15 09:15:00,1707968700,6380,6472,6350,6385,128710
2024-02-15 10:15:00,1707972300,6385,6418,6366.25,6402.45,25519
2024-02-15 11:15:00,1707975900,6402.45,6405.9,6366.8,6369.95,15513
2024-02-15 12:15:00,1707979500,6369.95,6369.95,6332,6357.4,19794
2024-02-15 13:15:00,1707983100,6357.25,6374.15,6352.4,6355.55,12694
2024-02-15 14:15:00,1707986700,6356,6365,6343.8,6356.05,20060
2024-02-15 15:15:00,1707990300,6358.95,6379.95,6348.05,6374,19279
2024-02-16 09:15:00,1708055100,6390,6429,6374.5,6412.05,38441
2024-02-16 10:15:00,1708058700,6412.05,6415,6385,6400.7,11652
2024-02-16 11:15:00,1708062300,6402.8,6406,6371.2,6383.55,10362
2024-02-16 12:15:00,1708065900,6383.55,6389.9,6336.55,6344.3,15202
2024-02-16 13:15:00,1708069500,6344.3,6367.95,6331.9,6347.85,18734
2024-02-16 14:15:00,1708073100,6347.85,6399.8,6345,6372,28169
2024-02-16 15:15:00,1708076700,6372,6378.2,6360,6370,7759
2024-02-19 09:15:00,1708314300,6425.2,6585,6410,6519.65,239747
2024-02-19 10:15:00,1708317900,6519.65,6645,6491,6620.9,192073
2024-02-19 11:15:00,1708321500,6620.9,6638,6555.25,6617.2,93063
2024-02-19 12:15:00,1708325100,6617.2,6670,6592.15,6600.1,100020
2024-02-19 13:15:00,1708328700,6600.1,6654,6591.15,6654,53472
2024-02-19 14:15:00,1708332300,6654,6736.3,6636.8,6728,223270
2024-02-19 15:15:00,1708335900,6728,6810,6726.9,6810,138129
2024-02-20 09:15:00,1708400700,6790,6929,6704.8,6865.75,403064
2024-02-20 10:15:00,1708404300,6868.55,6869.15,6718.3,6758.55,161674
2024-02-20 11:15:00,1708407900,6761.2,6774,6702,6760.25,66196
2024-02-20 12:15:00,1708411500,6760.25,6784,6743,6743.55,22371
2024-02-20 13:15:00,1708415100,6743.45,6770,6706.45,6733.3,36741
2024-02-20 14:15:00,1708418700,6733.3,6735,6666,6695,67296
2024-02-20 15:15:00,1708422300,6695,6734.6,6686,6723,35341
2024-02-21 09:15:00,1708487100,6725,6783,6705,6756.35,71982
2024-02-21 10:15:00,1708490700,6759.8,6822,6728,6735.7,55305
2024-02-21 11:15:00,1708494300,6735.7,6739.9,6707.75,6732.4,28509
2024-02-21 12:15:00,1708497900,6734.9,6831,6734.9,6756.6,68743
2024-02-21 13:15:00,1708501500,6756.6,6812.4,6742.55,6769.85,41280
2024-02-21 14:15:00,1708505100,6769.8,6779.75,6709,6743,51596
2024-02-21 15:15:00,1708508700,6744.2,6745,6715,6719.45,17513
2024-02-22 09:15:00,1708573500,6750,6869.95,6722.05,6739.7,127009
2024-02-22 10:15:00,1708577100,6739.5,6755.4,6712.65,6733.55,21494
2024-02-22 11:15:00,1708580700,6733.55,6769.95,6715,6759.05,19888
2024-02-22 12:15:00,1708584300,6761.65,6770.4,6734,6747.1,15343
2024-02-22 13:15:00,1708587900,6749.95,6775,6735.05,6754.7,22544
2024-02-22 14:15:00,1708591500,6756.3,6783.55,6750.55,6780.75,45287
2024-02-22 15:15:00,1708595100,6780,6790,6770,6773.15,21894
2024-02-23 09:15:00,1708659900,6813.9,6844.05,6753.6,6778.75,40228
2024-02-23 10:15:00,1708663500,6781.35,6814.45,6730.05,6809.6,35553
2024-02-23 11:15:00,1708667100,6810,6825,6800,6813.5,23683
2024-02-23 12:15:00,1708670700,6813.45,6863.7,6800,6811.7,43787
2024-02-23 13:15:00,1708674300,6812,6869,6804.3,6837,32493
2024-02-23 14:15:00,1708677900,6838.55,6926.7,6828,6863.6,83105
2024-02-23 15:15:00,1708681500,6863.6,6881,6845.2,6854,14873
2024-02-26 09:15:00,1708919100,6901.6,7048,6880.75,6939.15,327500
2024-02-26 10:15:00,1708922700,6939.15,7005.05,6890.5,6985,108054
2024-02-26 11:15:00,1708926300,6985,7009,6956,6982,54957
2024-02-26 12:15:00,1708929900,6984.55,6998,6944.7,6985.9,35262
2024-02-26 13:15:00,1708933500,6985,6999.95,6971.05,6980.9,28500
2024-02-26 14:15:00,1708937100,6980.8,6995,6916.6,6942.45,49957
2024-02-26 15:15:00,1708940700,6939.1,6980,6929.25,6971,36159
2024-02-27 09:15:00,1709005500,6740,6817.5,6620,6784.85,363588
2024-02-27 10:15:00,1709009100,6784.85,6847.9,6751.65,6822.5,151048
2024-02-27 11:15:00,1709012700,6824.7,6887.95,6780,6806.45,121803
2024-02-27 12:15:00,1709016300,6806.2,6818.95,6774,6780.15,34845
2024-02-27 13:15:00,1709019900,6781.6,6791,6710.1,6731.6,67967
2024-02-27 14:15:00,1709023500,6730.9,6785,6720.65,6769.75,77393
2024-02-27 15:15:00,1709027100,6769.4,6769.4,6738,6744,46860
2024-02-28 09:15:00,1709091900,6731.05,6819.1,6710,6779.95,92976
2024-02-28 10:15:00,1709095500,6779.95,6788,6716.1,6736.15,39768
2024-02-28 11:15:00,1709099100,6736.15,6736.25,6651,6684.05,43183
2024-02-28 12:15:00,1709102700,6684.05,6706.9,6624.4,6635,48930
2024-02-28 13:15:00,1709106300,6636,6679.8,6600,6630,84200
2024-02-28 14:15:00,1709109900,6630,6631.3,6530,6544.15,118695
2024-02-28 15:15:00,1709113500,6542.05,6553.25,6521.25,6538,30086
2024-02-29 09:15:00,1709178300,6550,6623.5,6472,6595,110285
2024-02-29 10:15:00,1709181900,6595,6659.9,6593.7,6650.45,55013
2024-02-29 11:15:00,1709185500,6650.95,6697.7,6614.85,6696,56727
2024-02-29 12:15:00,1709189100,6696,6699.85,6650,6659.35,34271
2024-02-29 13:15:00,1709192700,6659.35,6669.9,6621.05,6628.3,19903
2024-02-29 14:15:00,1709196300,6629.65,6698,6614.7,6693.95,66712
2024-02-29 15:15:00,1709199900,6696,6710,6671.1,6672.2,48358
2024-03-01 09:15:00,1709264700,6719,6760,6680,6751.9,66795
2024-03-01 10:15:00,1709268300,6747.7,6859.8,6747.25,6856.45,110332
2024-03-01 11:15:00,1709271900,6853,6972,6853,6972,127329
2024-03-01 12:15:00,1709275500,6970.1,7018.95,6943.15,6965.15,115070
2024-03-01 13:15:00,1709279100,6969,7018,6965.95,6988.45,77457
2024-03-01 14:15:00,1709282700,6986.55,7011.65,6982,7009.45,89174
2024-03-01 15:15:00,1709286300,7008.05,7022,6994,7005,57471
2024-03-02 09:15:00,1709351100,7020.1,7099,7020.1,7070,24086
2024-03-02 11:15:00,1709358300,7010,7077.4,7002,7045.75,10486
2024-03-02 12:15:00,1709361900,7045.75,7050,7031.25,7039,4301
2024-03-04 09:15:00,1709523900,7043.2,7069.8,7005.15,7043.1,60379
2024-03-04 10:15:00,1709527500,7043.1,7140,7043.1,7135.8,96566
2024-03-04 11:15:00,1709531100,7133,7139,7063.6,7128.05,53543
2024-03-04 12:15:00,1709534700,7128.05,7143.2,7120.1,7122.1,37172
2024-03-04 13:15:00,1709538300,7122.1,7154.4,7112.05,7143.6,26272
2024-03-04 14:15:00,1709541900,7143.6,7180.8,7130.45,7150.5,60228
2024-03-04 15:15:00,1709545500,7150.55,7169.65,7147.95,7158,27723
2024-03-05 09:15:00,1709610300,7140,7144.9,7062,7082,71734
2024-03-05 10:15:00,1709613900,7082,7082,7015,7046.1,34555
2024-03-05 11:15:00,1709617500,7046.1,7135,7042,7102.5,33748
2024-03-05 12:15:00,1709621100,7102.5,7118.9,7086.8,7088.75,14855
2024-03-05 13:15:00,1709624700,7088.75,7090.1,7055,7070.1,17605
2024-03-05 14:15:00,1709628300,7070.1,7088,7050,7059.7,20556
2024-03-05 15:15:00,1709631900,7059.7,7089,7044.1,7056.05,13369
2024-03-06 09:15:00,1709696700,7041,7111,6952.55,6996.65,103087
2024-03-06 10:15:00,1709700300,6996.65,7034.1,6951,6963.25,31578
2024-03-06 11:15:00,1709703900,6967.35,6967.65,6925,6938.35,26247
2024-03-06 12:15:00,1709707500,6938.1,6994,6922.15,6994,24257
2024-03-06 13:15:00,1709711100,6994,7036.95,6946.05,7023.85,41018
2024-03-06 14:15:00,1709714700,7023.9,7138.9,7005.35,7133.15,74397
2024-03-06 15:15:00,1709718300,7133,7200,7127.15,7199,39031
2024-03-07 09:15:00,1709783100,7199,7200,7111.75,7145.35,85910
2024-03-07 10:15:00,1709786700,7145.35,7168.9,7111.1,7165.15,23312
2024-03-07 11:15:00,1709790300,7165.15,7236,7125.4,7130,73308
2024-03-07 12:15:00,1709793900,7126.25,7171,7115,7159.55,23586
2024-03-07 13:15:00,1709797500,7163,7175,7150,7160.7,20516
2024-03-07 14:15:00,1709801100,7160.9,7188.8,7135.2,7142.1,33764
2024-03-07 15:15:00,1709804700,7139.9,7144,7125,7125,13499
2024-03-11 09:15:00,1710128700,7184,7229.8,7127.9,7180,76392
2024-03-11 10:15:00,1710132300,7180,7193.45,7108,7125.15,27652
2024-03-11 11:15:00,1710135900,7122.15,7176,7112,7117.2,22265
2024-03-11 12:15:00,1710139500,7117.85,7139.9,7087.45,7091,27573
2024-03-11 13:15:00,1710143100,7090.5,7138.9,7081.25,7082,20644
2024-03-11 14:15:00,1710146700,7081.2,7094.9,7035,7040.95,24680
2024-03-11 15:15:00,1710150300,7041,7069.3,7037.95,7064,15070
2024-03-12 09:15:00,1710215100,7077.95,7095,6976,7053.8,53751
2024-03-12 10:15:00,1710218700,7055,7065,6992.7,7055.85,43056
2024-03-12 11:15:00,1710222300,7058.35,7064.85,6969,6976.3,37075
2024-03-12 12:15:00,1710225900,6974.8,6993.95,6961,6970.1,36045
2024-03-12 13:15:00,1710229500,6970.1,6993.35,6931.4,6932.65,32808
2024-03-12 14:15:00,1710233100,6931.4,6965,6896.4,6900,55399
2024-03-12 15:15:00,1710236700,6899.3,6911.95,6859.05,6860,61325
2024-03-13 09:15:00,1710301500,6949,6949,6819.95,6902,79976
2024-03-13 10:15:00,1710305100,6903,6905,6830.7,6848,43035
2024-03-13 11:15:00,1710308700,6846.1,6849,6726.05,6731,40959
2024-03-13 12:15:00,1710312300,6731,6785,6704.1,6770.5,33655
2024-03-13 13:15:00,1710315900,6770.6,6770.65,6701,6707.35,30182
2024-03-13 14:15:00,1710319500,6702.45,6702.45,6575.7,6600.85,94148
2024-03-13 15:15:00,1710323100,6602.6,6603.4,6558.7,6598,21632
2024-03-14 09:15:00,1710387900,6553.2,6769.4,6503.5,6750,79634
2024-03-14 10:15:00,1710391500,6749,6794.7,6732.45,6794.2,22658
2024-03-14 11:15:00,1710395100,6790.8,6806,6755,6799.65,28755
2024-03-14 12:15:00,1710398700,6799.65,6810,6752.95,6803.9,19497
2024-03-14 13:15:00,1710402300,6803.9,6816.95,6772.25,6784.35,17112
2024-03-14 14:15:00,1710405900,6784.35,6808.45,6775,6798.05,21366
2024-03-14 15:15:00,1710409500,6797.9,6848,6792.8,6830.45,11572
2024-03-15 09:15:00,1710474300,6785.6,6879.8,6757.75,6775.7,50022
2024-03-15 10:15:00,1710477900,6775.7,6829.9,6722,6820,41507
2024-03-15 11:15:00,1710481500,6815,6844.95,6798,6832.1,28727
2024-03-15 12:15:00,1710485100,6829.85,6860,6807,6854.2,15360
2024-03-15 13:15:00,1710488700,6854.2,6939,6841.1,6917.65,52907
2024-03-15 14:15:00,1710492300,6912.65,6978.05,6891.1,6960.2,69627
2024-03-15 15:15:00,1710495900,6960.25,6979.95,6943.95,6951.8,29896
2024-03-18 09:15:00,1710733500,6963,7061.9,6906,6981.15,90359
2024-03-18 10:15:00,1710737100,6984.8,7002,6924.1,6944.3,31684
2024-03-18 11:15:00,1710740700,6943.95,7002,6937.45,6988.6,28822
2024-03-18 12:15:00,1710744300,6984.25,6999,6977,6998.3,15202
2024-03-18 13:15:00,1710747900,6998.3,7019,6980.2,6999.95,24543
2024-03-18 14:15:00,1710751500,6999.95,7028.15,6995,7015.1,26116
2024-03-18 15:15:00,1710755100,7015.1,7039.95,7007.95,7020,15625
2024-03-19 09:15:00,1710819900,7045.95,7060,6941,6951.45,46262
2024-03-19 10:15:00,1710823500,6951.45,6979.05,6921.15,6960,16192
2024-03-19 11:15:00,1710827100,6960,6977.85,6933,6943.4,40002
2024-03-19 12:15:00,1710830700,6945.95,6965,6940,6955.55,5885
2024-03-19 13:15:00,1710834300,6959,7006.55,6946.1,6952.95,25783
2024-03-19 14:15:00,1710837900,6952.95,6976.2,6920,6925.15,34301
2024-03-19 15:15:00,1710841500,6925.15,6960,6920.1,6950,24962
2024-03-20 09:15:00,1710906300,6954,7008.95,6841.95,6850.6,49739
2024-03-20 10:15:00,1710909900,6857.4,6940.05,6839.1,6920.2,27226
2024-03-20 11:15:00,1710913500,6920.2,6924.9,6887.05,6901.3,41130
2024-03-20 12:15:00,1710917100,6903.4,6952.4,6901.25,6937.3,17861
2024-03-20 13:15:00,1710920700,6936.05,6960,6911,6919.1,29328
2024-03-20 14:15:00,1710924300,6918.8,6950.8,6916.95,6946.85,19056
2024-03-20 15:15:00,1710927900,6946.85,6970.95,6943,6962,15252
2024-03-21 09:15:00,1710992700,7049.95,7049.95,6932.9,6985.7,52524
2024-03-21 10:15:00,1710996300,6987,7044,6965.45,7025,45051
2024-03-21 11:15:00,1710999900,7025,7040.95,6977.85,6988.45,60148
2024-03-21 12:15:00,1711003500,6988.45,7040,6984,7036.95,13093
2024-03-21 13:15:00,1711007100,7036.95,7037,7019.3,7028,10618
2024-03-21 14:15:00,1711010700,7028,7075,7025.95,7072.9,33003
2024-03-21 15:15:00,1711014300,7074,7079,7058,7065.2,11299
2024-03-22 09:15:00,1711079100,7040,7099.95,7027,7092.8,44410
2024-03-22 10:15:00,1711082700,7095,7131,7090.25,7118.5,41516
2024-03-22 11:15:00,1711086300,7120.25,7127.9,7062,7098,39791
2024-03-22 12:15:00,1711089900,7099.6,7160,7097,7159.5,37405
2024-03-22 13:15:00,1711093500,7159.5,7168,7149,7160,14593
2024-03-22 14:15:00,1711097100,7160,7189.85,7150,7167.55,36029
2024-03-22 15:15:00,1711100700,7170,7180,7158,7158,12868
2024-03-26 09:15:00,1711424700,7157,7200,7108.7,7170,46465
2024-03-26 10:15:00,1711428300,7169.7,7210,7157.05,7202.75,22955
2024-03-26 11:15:00,1711431900,7206.95,7217.15,7190.55,7203.1,12306
2024-03-26 12:15:00,1711435500,7203.1,7217.95,7200,7209.95,10890
2024-03-26 13:15:00,1711439100,7209.95,7286.35,7209,7256.45,48124
2024-03-26 14:15:00,1711442700,7256.3,7261.9,7230.4,7247.25,28171
2024-03-26 15:15:00,1711446300,7247.25,7257,7230.4,7251,12220
2024-03-27 09:15:00,1711511100,7255,7385,7255,7355,95285
2024-03-27 10:15:00,1711514700,7354.95,7423.9,7332,7387,53419
2024-03-27 11:15:00,1711518300,7385.95,7405,7362.8,7397.3,31286
2024-03-27 12:15:00,1711521900,7397,7419.95,7394,7411.4,32349
2024-03-27 13:15:00,1711525500,7410,7446,7400,7422.05,40238
2024-03-27 14:15:00,1711529100,7417.15,7429.15,7385.4,7408.15,52703
2024-03-27 15:15:00,1711532700,7408,7470,7407.6,7430,35159
2024-03-28 09:15:00,1711597500,7486.35,7580,7431.45,7453,80343
2024-03-28 10:15:00,1711601100,7451.05,7494.9,7451.05,7494.9,23841
2024-03-28 11:15:00,1711604700,7494,7499,7480.35,7494.95,14133
2024-03-28 12:15:00,1711608300,7494.95,7520,7488.1,7515,20177
2024-03-28 13:15:00,1711611900,7515,7560,7507.15,7508.05,36659
2024-03-28 14:15:00,1711615500,7508.05,7532,7450.6,7472.35,57998
2024-03-28 15:15:00,1711619100,7473,7500,7471,7474,17896
2024-04-01 09:15:00,1711943100,7520,7626.9,7480.05,7524.85,87976
2024-04-01 10:15:00,1711946700,7524.15,7612.5,7505,7582,54907
2024-04-01 11:15:00,1711950300,7582,7617.95,7578.5,7606.6,32488
2024-04-01 12:15:00,1711953900,7606.6,7612,7550.8,7552.2,22642
2024-04-01 13:15:00,1711957500,7553.95,7574.95,7550,7562.15,12163
2024-04-01 14:15:00,1711961100,7562.45,7599.95,7559.3,7598.7,32556
2024-04-01 15:15:00,1711964700,7598.75,7605,7584.8,7592.55,13826
2024-04-02 09:15:00,1712029500,7579.9,7749.9,7554.15,7744.75,104128
2024-04-02 10:15:00,1712033100,7743.35,7799.5,7743.35,7753.9,67972
2024-04-02 11:15:00,1712036700,7753.9,7766.25,7722,7752.35,44841
2024-04-02 12:15:00,1712040300,7754.05,7763,7736,7742.7,14240
2024-04-02 13:15:00,1712043900,7742.7,7840,7737.6,7813.45,48753
2024-04-02 14:15:00,1712047500,7813.4,7950,7802.5,7916.9,150735
2024-04-02 15:15:00,1712051100,7918,7946.1,7910,7920,52259
2024-04-03 09:15:00,1712115900,7920,7922.5,7816.1,7853.2,96968
2024-04-03 10:15:00,1712119500,7853,7854.9,7820,7830,31416
2024-04-03 11:15:00,1712123100,7828.5,7837.1,7790.2,7822,41652
2024-04-03 12:15:00,1712126700,7822.55,7826.6,7770,7772,29619
2024-04-03 13:15:00,1712130300,7772,7779.1,7681.05,7711.35,68002
2024-04-03 14:15:00,1712133900,7711.35,7740,7680.35,7707.85,89627
2024-04-03 15:15:00,1712137500,7707.85,7713,7683,7700,55503
2024-04-04 09:15:00,1712202300,7700,7721.85,7599.3,7688.85,89089
2024-04-04 10:15:00,1712205900,7685.3,7746.8,7637.2,7659.35,40847
2024-04-04 11:15:00,1712209500,7656.2,7666.85,7628.35,7631.2,61748
2024-04-04 12:15:00,1712213100,7631.2,7656,7630.05,7633,12443
2024-04-04 13:15:00,1712216700,7633,7639.8,7611,7624.9,17324
2024-04-04 14:15:00,1712220300,7624.9,7640,7617.25,7628,15020
2024-04-04 15:15:00,1712223900,7625.2,7640,7621.05,7635,17147
2024-04-05 09:15:00,1712288700,7650,7755,7642.15,7717.4,99976
2024-04-05 10:15:00,1712292300,7717.4,7727,7660.1,7671.15,47180
2024-04-05 11:15:00,1712295900,7671.4,7703.1,7645,7649,53664
2024-04-05 12:15:00,1712299500,7648.15,7669,7619.4,7653.6,24124
2024-04-05 13:15:00,1712303100,7653.65,7677.85,7645.35,7675.8,14390
2024-04-05 14:15:00,1712306700,7675.8,7684.75,7650,7655.4,57093
2024-04-05 15:15:00,1712310300,7656.15,7692,7651.05,7690,25739
2024-04-08 09:15:00,1712547900,7682.05,7749.95,7682.05,7715.65,40750
2024-04-08 10:15:00,1712551500,7713.65,7725,7660,7680.1,24278
2024-04-08 11:15:00,1712555100,7681.95,7694.7,7645.4,7651.15,22430
2024-04-08 12:15:00,1712558700,7651.15,7714.8,7646.6,7698.9,21688
2024-04-08 13:15:00,1712562300,7698.9,7704.35,7636.7,7665,19599
2024-04-08 14:15:00,1712565900,7665,7690,7622,7622.95,66309
2024-04-08 15:15:00,1712569500,7622.9,7641.5,7615.1,7640,21787
2024-04-09 09:15:00,1712634300,7800,7878.3,7650.1,7752.35,319033
2024-04-09 10:15:00,1712637900,7753.3,7795,7722.05,7769.9,52897
2024-04-09 11:15:00,1712641500,7769.9,7824.05,7737.1,7740.35,70843
2024-04-09 12:15:00,1712645100,7742.45,7745.5,7626.7,7627.3,52513
2024-04-09 13:15:00,1712648700,7627.1,7707.45,7590,7655.4,97535
2024-04-09 14:15:00,1712652300,7657.3,7715,7650,7710,56264
2024-04-09 15:15:00,1712655900,7715.25,7715.5,7666.1,7670,25749
2024-04-10 09:15:00,1712720700,7740,7767,7692.45,7728.45,70129
2024-04-10 10:15:00,1712724300,7728.45,7840,7726.55,7814.65,73194
2024-04-10 11:15:00,1712727900,7811.05,7838,7800,7817.3,43344
2024-04-10 12:15:00,1712731500,7817.4,7858.65,7810,7828.7,42093
2024-04-10 13:15:00,1712735100,7828.7,7863,7820.4,7831.65,27088
2024-04-10 14:15:00,1712738700,7831.65,7863,7825,7826.9,34679
2024-04-10 15:15:00,1712742300,7826.9,7840.05,7811.95,7814,15841
2024-04-12 09:15:00,1712893500,7839,7924.9,7800,7872.3,110468
2024-04-12 10:15:00,1712897100,7872.3,7916.4,7866.35,7908.95,36041
2024-04-12 11:15:00,1712900700,7904,7983,7890,7934.45,78403
2024-04-12 12:15:00,1712904300,7932.55,7944.95,7885,7925,33153
2024-04-12 13:15:00,1712907900,7922.4,7942.5,7898.1,7899.3,29665
2024-04-12 14:15:00,1712911500,7902.95,7902.95,7840.65,7847,51780
2024-04-12 15:15:00,1712915100,7847.3,7855.05,7800,7829.95,18973
2024-04-15 09:15:00,1713152700,7700,7829,7674.25,7769.95,82010
2024-04-15 10:15:00,1713156300,7767,7779.9,7720,7724.45,41799
2024-04-15 11:15:00,1713159900,7722.3,7724.95,7663.5,7692.85,35407
2024-04-15 12:15:00,1713163500,7692.85,7709.9,7665,7682.65,27031
2024-04-15 13:15:00,1713167100,7682.65,7690,7665,7666.7,12285
2024-04-15 14:15:00,1713170700,7666.7,7672.4,7625,7627.35,30983
2024-04-15 15:15:00,1713174300,7630,7642.55,7625,7638.4,18636
2024-04-16 09:15:00,1713239100,7619.8,7673.85,7590,7633,40323
2024-04-16 10:15:00,1713242700,7632,7661.55,7603.75,7634.95,13993
2024-04-16 11:15:00,1713246300,7642.45,7666.8,7632.5,7642.5,9986
2024-04-16 12:15:00,1713249900,7642.5,7647.35,7492.3,7496,58372
2024-04-16 13:15:00,1713253500,7486.7,7547.7,7461.85,7543.6,42253
2024-04-16 14:15:00,1713257100,7543.45,7586.5,7537.1,7563.9,27947
2024-04-16 15:15:00,1713260700,7561.75,7585.35,7544.95,7569,13417
2024-04-18 09:15:00,1713411900,7419,7700,7419,7695,88890
2024-04-18 10:15:00,1713415500,7695,7699.85,7631.05,7661.45,27273
2024-04-18 11:15:00,1713419100,7661.45,7672,7591,7611.75,26322
2024-04-18 12:15:00,1713422700,7611.75,7651,7608,7631.25,21813
2024-04-18 13:15:00,1713426300,7631.25,7635,7580,7605,23918
2024-04-18 14:15:00,1713429900,7605,7639.9,7466.65,7466.65,44398
2024-04-18 15:15:00,1713433500,7466.65,7551,7466.65,7530,16219
2024-04-19 09:15:00,1713498300,7450,7465,7266,7295,118741
2024-04-19 10:15:00,1713501900,7297.95,7298.8,7198.35,7220,74868
2024-04-19 11:15:00,1713505500,7220,7325.1,7212.55,7308.9,120254
2024-04-19 12:15:00,1713509100,7308.9,7418,7307,7414,64888
2024-04-19 13:15:00,1713512700,7416.5,7560,7400.75,7512.95,93123
2024-04-19 14:15:00,1713516300,7510,7554.65,7476.65,7545,64459
2024-04-19 15:15:00,1713519900,7541.25,7545,7500,7508,19531
2024-04-22 09:15:00,1713757500,7680,7756,7627.45,7730.45,182764
2024-04-22 10:15:00,1713761100,7733.85,7770,7686,7743.75,67656
2024-04-22 11:15:00,1713764700,7739.1,7775,7718.2,7752.95,33896
2024-04-22 12:15:00,1713768300,7752.95,7755,7706.5,7717.95,28152
2024-04-22 13:15:00,1713771900,7714.95,7774.95,7714.95,7760,34272
2024-04-22 14:15:00,1713775500,7762.75,7850,7746.25,7834.3,80870
2024-04-22 15:15:00,1713779100,7833,7837.3,7792.8,7831.9,46437
2024-04-23 09:15:00,1713843900,7885.45,7885.45,7780,7864.5,70571
2024-04-23 10:15:00,1713847500,7864.5,7892.95,7822,7833,34235
2024-04-23 11:15:00,1713851100,7830.95,7869.95,7811.35,7857.6,22595
2024-04-23 12:15:00,1713854700,7856.6,7885,7843,7872,24197
2024-04-23 13:15:00,1713858300,7872,7872,7757,7765.7,38262
2024-04-23 14:15:00,1713861900,7765.7,7789.85,7721.35,7774.5,54955
2024-04-23 15:15:00,1713865500,7774.5,7776.85,7741.55,7756.95,14888
2024-04-24 09:15:00,1713930300,7819.9,7840,7775,7800.3,45541
2024-04-24 10:15:00,1713933900,7805.4,7905,7790,7896.4,50288
2024-04-24 11:15:00,1713937500,7895.75,7950,7891,7920.1,57268
2024-04-24 12:15:00,1713941100,7923.5,7957,7880,7950,46399
2024-04-24 13:15:00,1713944700,7951.8,8042.45,7945,8042.15,101336
2024-04-24 14:15:00,1713948300,8042.05,8150,8024.1,8141,203033
2024-04-24 15:15:00,1713951900,8141,8200,8107.05,8152,106839
2024-04-25 09:15:00,1714016700,8150,8190.05,8030.05,8063.2,149781
2024-04-25 10:15:00,1714020300,8061.8,8082,8005,8021.55,35987
2024-04-25 11:15:00,1714023900,8021.55,8048.8,8007.55,8037.55,27245
2024-04-25 12:15:00,1714027500,8040,8080,8037.7,8077.9,27125
2024-04-25 13:15:00,1714031100,8080,8085,8035.1,8072.6,22092
2024-04-25 14:15:00,1714034700,8071,8105.55,8049.15,8105.55,42620
2024-04-25 15:15:00,1714038300,8105.55,8112.55,8078,8078,26871
2024-04-26 09:15:00,1714103100,8169.9,8411.95,8165,8359.9,324789
2024-04-26 10:15:00,1714106700,8358.15,8420,8350,8378.95,129053
2024-04-26 11:15:00,1714110300,8378.45,8498.95,8371.2,8453,154320
2024-04-26 12:15:00,1714113900,8453,8559,8450.95,8548.05,124541
2024-04-26 13:15:00,1714117500,8548.05,8554,8456.6,8507.05,145927
2024-04-26 14:15:00,1714121100,8507.1,8607,8505,8579.95,232065
2024-04-26 15:15:00,1714124700,8579.95,8581.4,8547.05,8568.05,79256
2024-04-29 09:15:00,1714362300,8568.05,8655,8455.1,8494,137928
2024-04-29 10:15:00,1714365900,8494,8495,8446.05,8495,30846
2024-04-29 11:15:00,1714369500,8493.1,8525,8450,8491.05,39491
2024-04-29 12:15:00,1714373100,8491.15,8499.7,8466,8480.1,13518
2024-04-29 13:15:00,1714376700,8482.45,8494.95,8445.05,8482.45,26530
2024-04-29 14:15:00,1714380300,8482.45,8525,8450,8474.4,33190
2024-04-29 15:15:00,1714383900,8472.3,8488,8459.85,8465.6,18018
2024-04-30 09:15:00,1714448700,8500,8525,8405,8442,56790
2024-04-30 10:15:00,1714452300,8442,8488,8405.05,8410.3,48623
2024-04-30 11:15:00,1714455900,8410,8435,8380,8390.55,38342
2024-04-30 12:15:00,1714459500,8390.55,8398,8352.6,8381.1,31553
2024-04-30 13:15:00,1714463100,8383.85,8400,8369.55,8390.7,27403
2024-04-30 14:15:00,1714466700,8390.7,8395,8325.35,8353.75,63726
2024-04-30 15:15:00,1714470300,8352,8353.3,8333,8333,20885
2024-05-02 09:15:00,1714621500,8361,8413.95,8295.1,8301,78372
2024-05-02 10:15:00,1714625100,8302,8373.25,8270.45,8350.2,38408
2024-05-02 11:15:00,1714628700,8350.2,8359.9,8302.9,8335.25,20627
2024-05-02 12:15:00,1714632300,8335.2,8388,8326.55,8376.75,28564
2024-05-02 13:15:00,1714635900,8376.75,8403,8363.35,8383.6,21164
2024-05-02 14:15:00,1714639500,8380.45,8424,8365.1,8406.3,37102
2024-05-02 15:15:00,1714643100,8407.1,8417.5,8390.05,8411,13067
2024-05-03 09:15:00,1714707900,8460,8484.95,8425,8429.95,48479
2024-05-03 10:15:00,1714711500,8427.05,8444,8350.75,8365.15,31629
2024-05-03 11:15:00,1714715100,8365,8415.2,8324.95,8409.85,36863
2024-05-03 12:15:00,1714718700,8406.35,8494.75,8384.05,8438.75,52785
2024-05-03 13:15:00,1714722300,8435,8447.3,8355.5,8434.7,28323
2024-05-03 14:15:00,1714725900,8429.95,8475,8417.15,8461.95,47881
2024-05-03 15:15:00,1714729500,8459.95,8462,8421.05,8430,15475
2024-05-06 09:15:00,1714967100,8500,8503,8332.55,8342.95,41635
2024-05-06 10:15:00,1714970700,8340.6,8439.9,8312.55,8408.1,22344
2024-05-06 11:15:00,1714974300,8410,8434,8383.15,8424,10144
2024-05-06 12:15:00,1714977900,8424,8435,8360.05,8374.95,12572
2024-05-06 13:15:00,1714981500,8368.1,8422,8350,8400.4,11605
2024-05-06 14:15:00,1714985100,8400.4,8430,8362.05,8412.2,20475
2024-05-06 15:15:00,1714988700,8414.95,8424,8395.45,8401.5,10775
2024-05-07 09:15:00,1715053500,8410.5,8490,8356.55,8440.55,61457
2024-05-07 10:15:00,1715057100,8439.95,8450,8359,8365,25669
2024-05-07 11:15:00,1715060700,8365,8365,8287.8,8306.5,36841
2024-05-07 12:15:00,1715064300,8306.55,8348.8,8285.7,8296,22435
2024-05-07 13:15:00,1715067900,8296.05,8378.8,8292,8373.35,19881
2024-05-07 14:15:00,1715071500,8373,8384.9,8277.7,8299.95,36579
2024-05-07 15:15:00,1715075100,8299.95,8365,8292.05,8335,14096
2024-05-08 09:15:00,1715139900,8374,8481.95,8304.5,8431.45,115054
2024-05-08 10:15:00,1715143500,8431.45,8440,8381.15,8424.25,20863
2024-05-08 11:15:00,1715147100,8424.3,8465,8421,8434.5,22545
2024-05-08 12:15:00,1715150700,8434.5,8509.95,8433.9,8482.15,46542
2024-05-08 13:15:00,1715154300,8482.15,8489,8394.65,8401,34643
2024-05-08 14:15:00,1715157900,8401,8418.7,8385.9,8400.05,21623
2024-05-08 15:15:00,1715161500,8401,8440,8392.4,8437.65,12689
2024-05-09 09:15:00,1715226300,8438.7,8493.95,8371.25,8430.2,60592
2024-05-09 10:15:00,1715229900,8431.25,8457,8393.7,8418.2,26669
2024-05-09 11:15:00,1715233500,8418.2,8426.75,8355,8355.2,31907
2024-05-09 12:15:00,1715237100,8355.2,8371,8334.65,8340.2,27709
2024-05-09 13:15:00,1715240700,8340.15,8350,8310,8322.8,23358
2024-05-09 14:15:00,1715244300,8322.3,8345,8264.95,8267.3,35053
2024-05-09 15:15:00,1715247900,8274.95,8279.95,8232.1,8279.95,16439
2024-05-10 09:15:00,1715312700,8320,8359.95,8240,8343,43564
2024-05-10 10:15:00,1715316300,8340.05,8380,8337,8366.55,15529
2024-05-10 11:15:00,1715319900,8366.55,8389.5,8319.4,8323.05,20987
2024-05-10 12:15:00,1715323500,8323.05,8378,8306.45,8341.9,17520
2024-05-10 13:15:00,1715327100,8344.7,8405.75,8336.65,8379.8,19588
2024-05-10 14:15:00,1715330700,8379.8,8415,8351.85,8398.25,23206
2024-05-10 15:15:00,1715334300,8399.9,8450,8396,8447,16469
2024-05-13 09:15:00,1715571900,8449,8449.9,8176.1,8217,63828
2024-05-13 10:15:00,1715575500,8220.05,8292.9,8180.05,8283.55,41764
2024-05-13 11:15:00,1715579100,8283.55,8413.9,8282.65,8377.3,53099
2024-05-13 12:15:00,1715582700,8378.4,8406.5,8354,8394.8,19666
2024-05-13 13:15:00,1715586300,8394.8,8448,8300,8306,52444
2024-05-13 14:15:00,1715589900,8300,8326.9,8235.1,8262.3,98507
2024-05-13 15:15:00,1715593500,8262.3,8293,8255.8,8288,14525
2024-05-14 09:15:00,1715658300,8310,8310,8105,8124.9,109363
2024-05-14 10:15:00,1715661900,8124.85,8138.8,8046.45,8055.15,59260
2024-05-14 11:15:00,1715665500,8055.1,8183.45,8052,8117.55,47457
2024-05-14 12:15:00,1715669100,8117.55,8175,8115,8135.25,30268
2024-05-14 13:15:00,1715672700,8135.25,8155.25,8110,8111.35,23830
2024-05-14 14:15:00,1715676300,8113.75,8117.85,8044,8054.95,74017
2024-05-14 15:15:00,1715679900,8052.5,8111,8052,8104.95,43955
2024-05-15 09:15:00,1715744700,8095,8099,8005,8024,123479
2024-05-15 10:15:00,1715748300,8025.65,8027.8,7936.1,7960,81039
2024-05-15 11:15:00,1715751900,7962.85,8146,7932.55,8032.35,127702
2024-05-15 12:15:00,1715755500,8031.9,8069.9,8012,8020,40529
2024-05-15 13:15:00,1715759100,8018.4,8049.55,8002.75,8028.1,43864
2024-05-15 14:15:00,1715762700,8028.1,8140,8006,8098,128162
2024-05-15 15:15:00,1715766300,8097.3,8107.95,8050.1,8066.35,31512
2024-05-16 09:15:00,1715831100,8035,8347.95,8020.2,8324.95,777202
2024-05-16 10:15:00,1715834700,8326.9,8349,8271.6,8290,170754
2024-05-16 11:15:00,1715838300,8290.8,8291.1,8069,8132.9,252554
2024-05-16 12:15:00,1715841900,8132.9,8267.35,8111,8256,127679
2024-05-16 13:15:00,1715845500,8254.8,8314.3,8240,8271.95,125032
2024-05-16 14:15:00,1715849100,8273.85,8289.8,8240.85,8262.05,122372
2024-05-16 15:15:00,1715852700,8262.05,8264.95,8220.55,8235,66794
2024-05-17 09:15:00,1715917500,8310,8865,8310,8850.05,690682
2024-05-17 10:15:00,1715921100,8854.1,9062,8842,8993.25,616000
2024-05-17 11:15:00,1715924700,8993.25,9060,8961.3,9006,266840
2024-05-17 12:15:00,1715928300,9008.3,9030.1,8939.6,8955.15,165198
2024-05-17 13:15:00,1715931900,8955.15,8995.4,8772,8784.8,300821
2024-05-17 14:15:00,1715935500,8784.8,8987.95,8740,8930,385386
2024-05-17 15:15:00,1715939100,8930.2,8960.6,8916.2,8940,79222
2024-05-18 09:15:00,1716003900,8998.4,8999,8849.15,8925,35056
2024-05-18 11:15:00,1716011100,8991.9,8991.9,8933.5,8947.05,13870
2024-05-18 12:15:00,1716014700,8947.05,8961.45,8935,8954,6715
2024-05-21 09:15:00,1716263100,8962.05,9084.95,8890.6,9080,161763
2024-05-21 10:15:00,1716266700,9080.65,9150,9052.9,9100,152904
2024-05-21 11:15:00,1716270300,9096.85,9130,9041.1,9121.1,61807
2024-05-21 12:15:00,1716273900,9120.05,9155,9074.1,9129.25,51503
2024-05-21 13:15:00,1716277500,9130,9149.9,9116.05,9125,41675
2024-05-21 14:15:00,1716281100,9125,9169.2,9112.3,9130,67175
2024-05-21 15:15:00,1716284700,9130,9140,9100,9100,37083
2024-05-22 09:15:00,1716349500,9279.95,9488.2,9155.15,9307.95,381336
2024-05-22 10:15:00,1716353100,9308,9398.85,9243.85,9276,154893
2024-05-22 11:15:00,1716356700,9276,9298,9235,9270.35,55577
2024-05-22 12:15:00,1716360300,9270.6,9275,9200.25,9255,46895
2024-05-22 13:15:00,1716363900,9252.4,9283,9225,9268.35,38467
2024-05-22 14:15:00,1716367500,9272.8,9310.05,9253,9283.1,68762
2024-05-22 15:15:00,1716371100,9283.05,9299.75,9272.6,9290.25,33969
2024-05-23 09:15:00,1716435900,9345,9391.15,9240.05,9298.8,100169
2024-05-23 10:15:00,1716439500,9298.8,9301,9192,9221.05,51880
2024-05-23 11:15:00,1716443100,9221.05,9275,9200.4,9239,37432
2024-05-23 12:15:00,1716446700,9239,9240,9215.05,9221,13940
2024-05-23 13:15:00,1716450300,9221,9244.9,9200.1,9223.1,19280
2024-05-23 14:15:00,1716453900,9223.1,9235,9192,9223.7,50849
2024-05-23 15:15:00,1716457500,9223.7,9246,9201.2,9225.7,25731
2024-05-24 09:15:00,1716522300,9231,9312.45,9224,9255.05,80378
2024-05-24 10:15:00,1716525900,9255.05,9379,9253,9324.3,74535
2024-05-24 11:15:00,1716529500,9324.3,9348.85,9271.85,9344.45,43381
2024-05-24 12:15:00,1716533100,9341.05,9375,9293.55,9325.05,59054
2024-05-24 13:15:00,1716536700,9325.05,9360.65,9323.1,9341.75,30777
2024-05-24 14:15:00,1716540300,9342.1,9347.8,9280.25,9281.25,60444
2024-05-24 15:15:00,1716543900,9281.25,9309.55,9272.25,9274,32306
2024-05-27 09:15:00,1716781500,9360.9,9360.9,9178.7,9237.9,59888
2024-05-27 10:15:00,1716785100,9237.45,9297,9222,9237.1,29759
2024-05-27 11:15:00,1716788700,9237.1,9273.65,9205,9217,24566
2024-05-27 12:15:00,1716792300,9217,9243.35,9195,9237.4,25610
2024-05-27 13:15:00,1716795900,9237.35,9306.05,9232.85,9264.7,43087
2024-05-27 14:15:00,1716799500,9264.7,9335,9251.1,9254.7,54123
2024-05-27 15:15:00,1716803100,9254.7,9280,9245.35,9260,16009
2024-05-28 09:15:00,1716867900,9265,9270,9120.95,9151.75,78499
2024-05-28 10:15:00,1716871500,9151.75,9193,9143.2,9150,20996
2024-05-28 11:15:00,1716875100,9150,9161.85,9090,9090.05,25242
2024-05-28 12:15:00,1716878700,9090.05,9142.45,9051.05,9115.3,37540
2024-05-28 13:15:00,1716882300,9115.3,9147.7,9110,9136.15,23210
2024-05-28 14:15:00,1716885900,9136.15,9153,9095.85,9099.05,58761
2024-05-28 15:15:00,1716889500,9102.3,9105.2,9079,9095,26707
2024-05-29 09:15:00,1716954300,9089.5,9159.95,9008,9155.85,82644
2024-05-29 10:15:00,1716957900,9155.85,9163.75,9102,9113.25,28742
2024-05-29 11:15:00,1716961500,9113.9,9152.55,9080,9146,38128
2024-05-29 12:15:00,1716965100,9146,9209.3,9141.65,9196,54369
2024-05-29 13:15:00,1716968700,9196,9251.95,9178.9,9242.4,60922
2024-05-29 14:15:00,1716972300,9242.4,9252.45,9206,9244.75,61172
2024-05-29 15:15:00,1716975900,9244.7,9255,9205.5,9253,21696
2024-05-30 09:15:00,1717040700,9248.95,9250,9155.55,9172,55481
2024-05-30 10:15:00,1717044300,9169.2,9263.1,9167.6,9210.3,53769
2024-05-30 11:15:00,1717047900,9209.6,9254.75,9209.45,9245.55,20096
2024-05-30 12:15:00,1717051500,9245.65,9305.95,9232.05,9285,54763
2024-05-30 13:15:00,1717055100,9284.1,9295,9259,9287.8,39594
2024-05-30 14:15:00,1717058700,9287.8,9308.7,9264.55,9293.35,51132
2024-05-30 15:15:00,1717062300,9293.6,9340,9293.25,9300.1,25614
2024-05-31 09:15:00,1717127100,9360,9458,9272.45,9283.1,134376
2024-05-31 10:15:00,1717130700,9280.35,9339.95,9240.05,9337,39975
2024-05-31 11:15:00,1717134300,9337,9359.35,9303.1,9307.2,27630
2024-05-31 12:15:00,1717137900,9307.2,9374,9283.2,9333.05,25687
2024-05-31 13:15:00,1717141500,9330.05,9360,9323,9330.15,26547
2024-05-31 14:15:00,1717145100,9330.15,9394,9282.6,9390,93374
2024-05-31 15:15:00,1717148700,9387.05,9445.3,9385,9385,86893
2024-06-03 09:15:00,1717386300,9639.9,9772,9537.8,9759.05,115010
2024-06-03 10:15:00,1717389900,9759.05,9776.95,9678,9736.65,49732
2024-06-03 11:15:00,1717393500,9736.65,9797,9720,9784.6,61346
2024-06-03 12:15:00,1717397100,9785.05,9860,9777.5,9847.7,61410
2024-06-03 13:15:00,1717400700,9847.7,9900,9847.7,9893.8,62506
2024-06-03 14:15:00,1717404300,9890.35,9949.45,9853,9888.6,107475
2024-06-03 15:15:00,1717407900,9888,9898.6,9862.3,9885,36314
2024-06-04 09:15:00,1717472700,9850,9850,9535.05,9678.4,128229
2024-06-04 10:15:00,1717476300,9684.3,9744.05,9123.15,9208.5,128428
2024-06-04 11:15:00,1717479900,9208.5,9351.55,8897.4,8897.4,78449
2024-06-04 12:15:00,1717483500,8897.4,8971.9,8453,8913.05,221180
2024-06-04 13:15:00,1717487100,8920.2,9124.45,8871.95,8995.7,126651
2024-06-04 14:15:00,1717490700,9006.4,9006.4,8775.5,8854.15,118583
2024-06-04 15:15:00,1717494300,8854.15,8949.75,8805.05,8913,36437
2024-06-05 09:15:00,1717559100,9100,9100,8700,8861,144512
2024-06-05 10:15:00,1717562700,8860.95,9168,8784.05,9168,92895
2024-06-05 11:15:00,1717566300,9167.6,9445.85,9137.2,9314.5,133361
2024-06-05 12:15:00,1717569900,9311.25,9395,9281.95,9383.6,51734
2024-06-05 13:15:00,1717573500,9375.65,9440.3,9358.9,9392.5,49357
2024-06-05 14:15:00,1717577100,9392.45,9547.15,9367.1,9482.65,91287
2024-06-05 15:15:00,1717580700,9482.95,9500,9400.65,9465.65,42627
2024-06-06 09:15:00,1717645500,9549,9857.95,9458.9,9732,155455
2024-06-06 10:15:00,1717649100,9731.9,9740,9670.05,9697.35,45060
2024-06-06 11:15:00,1717652700,9695.35,9754,9600.2,9685,53618
2024-06-06 12:15:00,1717656300,9684,9719,9635.8,9674.5,22667
2024-06-06 13:15:00,1717659900,9675,9768.95,9675,9759,29531
2024-06-06 14:15:00,1717663500,9759,9759,9691,9743.8,34204
2024-06-06 15:15:00,1717667100,9743.75,9820,9740,9820,41290
2024-06-07 09:15:00,1717731900,9949.95,10088.1,9870,9991.55,308176
2024-06-07 10:15:00,1717735500,9985.1,10034.4,9961.05,10000,57147
2024-06-07 11:15:00,1717739100,10000,10062.5,9993.1,10043,55199
2024-06-07 12:15:00,1717742700,10043,10073.25,10001,10042.5,57478
2024-06-07 13:15:00,1717746300,10040.5,10049,10006,10014,33872
2024-06-07 14:15:00,1717749900,10013.2,10015,9963.45,9968.65,69161
2024-06-07 15:15:00,1717753500,9970,10000,9963,9994.05,27128
2024-06-10 09:15:00,1717991100,10059.4,10263,10007.55,10203.4,173052
2024-06-10 10:15:00,1717994700,10206,10217.65,10066.6,10069.05,54462
2024-06-10 11:15:00,1717998300,10069.05,10135.85,10027,10077.5,57140
2024-06-10 12:15:00,1718001900,10077.45,10147,10077.45,10118.45,21764
2024-06-10 13:15:00,1718005500,10118.45,10179.95,10118.45,10142.85,21855
2024-06-10 14:15:00,1718009100,10142.85,10150.5,10055.45,10083.55,47240
2024-06-10 15:15:00,1718012700,10083.55,10093.7,10061,10070,31007
2024-06-11 09:15:00,1718077500,10090.25,10185,10065.2,10123,70231
2024-06-11 10:15:00,1718081100,10123,10140.75,10103.6,10139.95,19350
2024-06-11 11:15:00,1718084700,10139.95,10221.95,10135.05,10202.4,34809
2024-06-11 12:15:00,1718088300,10200,10200,10134.65,10158.8,32548
2024-06-11 13:15:00,1718091900,10155.3,10178,10143.8,10154.95,19349
2024-06-11 14:15:00,1718095500,10154.95,10170.9,10142,10148.35,31084
2024-06-11 15:15:00,1718099100,10145.05,10152.75,10114.2,10134.95,21980
2024-06-12 09:15:00,1718163900,10190,10300,10160.05,10266.25,117333
2024-06-12 10:15:00,1718167500,10269.2,10347.95,10266.05,10295,51974
2024-06-12 11:15:00,1718171100,10295,10339,10279.05,10332.6,31642
2024-06-12 12:15:00,1718174700,10332.6,10334.55,10250.8,10266,35076
2024-06-12 13:15:00,1718178300,10263.95,10290,10253,10270.55,22515
2024-06-12 14:15:00,1718181900,10270.55,10318,10267.55,10311.6,42256
2024-06-12 15:15:00,1718185500,10311.65,10338.9,10291.4,10330,27149
2024-06-13 09:15:00,1718250300,10398,10466.05,10354.4,10440.85,124173
2024-06-13 10:15:00,1718253900,10436.85,10516.7,10410,10491.8,66490
2024-06-13 11:15:00,1718257500,10496.95,10769.8,10482,10740.95,146436
2024-06-13 12:15:00,1718261100,10741,10821.95,10720.05,10757.7,110060
2024-06-13 13:15:00,1718264700,10753.4,10790,10735,10776,45619
2024-06-13 14:15:00,1718268300,10775,10854.1,10745.95,10851,79975
2024-06-13 15:15:00,1718271900,10850,10888.8,10847.85,10858.55,53911
2024-06-14 09:15:00,1718336700,10959,11424,10864.85,11397.3,448140
2024-06-14 10:15:00,1718340300,11397.3,11458.9,11339.2,11399,160639
2024-06-14 11:15:00,1718343900,11399,11419.45,11320.8,11380,89502
2024-06-14 12:15:00,1718347500,11376.45,11422,11261,11288.4,99716
2024-06-14 13:15:00,1718351100,11286.8,11289.05,11120,11193.8,160406
2024-06-14 14:15:00,1718354700,11195.8,11289.95,11019.15,11250,271563
2024-06-14 15:15:00,1718358300,11250,11250,11213.95,11240,34582
2024-06-18 09:15:00,1718682300,11335,11415,11140,11318.6,181987
2024-06-18 10:15:00,1718685900,11318.6,11363,11270.05,11322,48847
2024-06-18 11:15:00,1718689500,11322,11345,11291.1,11304.6,41201
2024-06-18 12:15:00,1718693100,11304.6,11390.95,11299.1,11369.45,45283
2024-06-18 13:15:00,1718696700,11367,11494,11346,11479.75,77421
2024-06-18 14:15:00,1718700300,11484.85,11551,11442,11548.15,113917
2024-06-18 15:15:00,1718703900,11548.1,11569.6,11527,11547,49585
2024-06-19 09:15:00,1718768700,11546.85,11546.85,11305,11460.15,154608
2024-06-19 10:15:00,1718772300,11455,11475.9,11363,11436,51495
2024-06-19 11:15:00,1718775900,11434.75,11469,11383.55,11396.2,32483
2024-06-19 12:15:00,1718779500,11398.85,11409.9,11326.75,11381.9,41340
2024-06-19 13:15:00,1718783100,11383,11434.95,11375.05,11407.5,29081
2024-06-19 14:15:00,1718786700,11407.5,11424.65,11321.2,11331.6,46377
2024-06-19 15:15:00,1718790300,11337.15,11347.85,11304.1,11328,28552
2024-06-20 09:15:00,1718855100,11400,11475,11180,11444.2,119278
2024-06-20 10:15:00,1718858700,11444.2,11510,11420,11494.15,51136
2024-06-20 11:15:00,1718862300,11494.15,11578.85,11490,11518.55,56280
2024-06-20 12:15:00,1718865900,11515.4,11531.5,11434.9,11460.8,38413
2024-06-20 13:15:00,1718869500,11457.6,11506.65,11412.6,11481.85,36698
2024-06-20 14:15:00,1718873100,11480,11516.65,11456,11475,34617
2024-06-20 15:15:00,1718876700,11475,11509.95,11471.55,11496,23185
2024-06-21 09:15:00,1718941500,11485.4,11639.7,11480.95,11512.95,119437
2024-06-21 10:15:00,1718945100,11514,11590.1,11511.85,11563.95,30294
2024-06-21 11:15:00,1718948700,11560.1,11679.9,11560.1,11665,69497
2024-06-21 12:15:00,1718952300,11668,11673.95,11527.3,11569.2,49886
2024-06-21 13:15:00,1718955900,11569.2,11617.15,11560.55,11586.25,31554
2024-06-21 14:15:00,1718959500,11586.25,11590,11515,11533.7,56834
2024-06-21 15:15:00,1718963100,11533.7,11549.95,11514,11525.6,26622
2024-06-24 09:15:00,1719200700,11500,11659.55,11412.85,11577,85050
2024-06-24 10:15:00,1719204300,11577,11598.7,11520,11531.85,31117
2024-06-24 11:15:00,1719207900,11531.85,11610,11508,11608.95,36590
2024-06-24 12:15:00,1719211500,11609.95,11635,11585.05,11619.85,18686
2024-06-24 13:15:00,1719215100,11619.9,11621.8,11581,11600.1,16033
2024-06-24 14:15:00,1719218700,11600,11615,11576,11614.9,30400
2024-06-24 15:15:00,1719222300,11615,11620,11599.95,11610,18718
2024-06-25 09:15:00,1719287100,11649.9,11738.5,11605.25,11695.7,78220
2024-06-25 10:15:00,1719290700,11700,11745.85,11676.85,11698,25337
2024-06-25 11:15:00,1719294300,11695,11709,11660.1,11683.8,19521
2024-06-25 12:15:00,1719297900,11677.6,11687.95,11611,11653.15,22741
2024-06-25 13:15:00,1719301500,11648.05,11655.35,11580,11619.75,21782
2024-06-25 14:15:00,1719305100,11615.65,11698,11591,11685.85,45600
2024-06-25 15:15:00,1719308700,11686.1,11710,11680.05,11700,29399
2024-06-26 09:15:00,1719373500,11700,11723,11475.9,11489.45,104034
2024-06-26 10:15:00,1719377100,11484.6,11570,11465.05,11495.75,48276
2024-06-26 11:15:00,1719380700,11495.75,11535,11475,11523.2,23849
2024-06-26 12:15:00,1719384300,11526,11574,11490.85,11491.4,26932
2024-06-26 13:15:00,1719387900,11491.25,11510.3,11421,11426.5,55425
2024-06-26 14:15:00,1719391500,11426,11430,11376.2,11404.7,55289
2024-06-26 15:15:00,1719395100,11404.7,11415,11385,11391.8,26161
2024-06-27 09:15:00,1719459900,11400,11495,11372.15,11467.55,60873
2024-06-27 10:15:00,1719463500,11470,11584.7,11456.75,11554.9,69234
2024-06-27 11:15:00,1719467100,11556.95,11583.9,11518.8,11562.05,39289
2024-06-27 12:15:00,1719470700,11565.95,11616.3,11549.05,11582.9,61900
2024-06-27 13:15:00,1719474300,11588.05,11608,11577.4,11608,51202
2024-06-27 14:15:00,1719477900,11608,11739.6,11593.5,11731.05,228283
2024-06-27 15:15:00,1719481500,11730,11948.5,11658.65,11665.4,253362
2024-06-28 09:15:00,1719546300,11760.8,11775,11650.05,11726.2,74900
2024-06-28 10:15:00,1719549900,11726,11816.8,11681,11806.6,36949
2024-06-28 11:15:00,1719553500,11806.6,11847,11790,11819.15,29378
2024-06-28 12:15:00,1719557100,11819.05,11826.15,11778,11820.2,22219
2024-06-28 13:15:00,1719560700,11821,12149,11805.6,12095,151516
2024-06-28 14:15:00,1719564300,12090.2,12133,11938.7,11950,131356
2024-06-28 15:15:00,1719567900,11950,12000,11948.95,11966.8,59703
2024-07-01 09:15:00,1719805500,12099,12408.5,12086.45,12302.95,251278
2024-07-01 10:15:00,1719809100,12302.95,12465,12302.35,12400.35,84005
2024-07-01 11:15:00,1719812700,12400.3,12444,12370.05,12390,43113
2024-07-01 12:15:00,1719816300,12389.7,12434.05,12381.85,12386.05,27331
2024-07-01 13:15:00,1719819900,12386,12459.55,12383,12432.2,36065
2024-07-01 14:15:00,1719823500,12432.35,12490,12415,12460.05,77757
2024-07-01 15:15:00,1719827100,12460.05,12495.85,12421.05,12440,46406
2024-07-02 09:15:00,1719891900,12475,12543.3,12330.4,12465.1,147270
2024-07-02 10:15:00,1719895500,12469.9,12522,12450,12504,80394
2024-07-02 11:15:00,1719899100,12499.9,12503.95,12351.55,12356.4,48394
2024-07-02 12:15:00,1719902700,12356.45,12435.95,12330.1,12393.7,43537
2024-07-02 13:15:00,1719906300,12393.6,12498.6,12380.2,12484.1,43346
2024-07-02 14:15:00,1719909900,12489,12522,12480,12522,68061
2024-07-02 15:15:00,1719913500,12522,12534.15,12491.3,12519.3,41512
2024-07-03 09:15:00,1719978300,12579.5,12827.2,12520.95,12794.8,180519
2024-07-03 10:15:00,1719981900,12790.55,12854.95,12774.95,12825.05,66353
2024-07-03 11:15:00,1719985500,12825.1,12879,12737,12772,72590
2024-07-03 12:15:00,1719989100,12770.35,12784.6,12646.35,12669.15,58316
2024-07-03 13:15:00,1719992700,12670,12675,12591,12631.25,46292
2024-07-03 14:15:00,1719996300,12630.15,12660.5,12592.7,12657.05,45633
2024-07-03 15:15:00,1719999900,12658.5,12706,12625.1,12695,26943
2024-07-04 09:15:00,1720064700,12770,12865,12700.1,12805.85,108348
2024-07-04 10:15:00,1720068300,12801.15,12827.95,12610,12615.35,85243
2024-07-04 11:15:00,1720071900,12613.35,12746.45,12590,12725.25,53756
2024-07-04 12:15:00,1720075500,12726,12772.8,12696,12700,31525
2024-07-04 13:15:00,1720079100,12698,12700,12651.05,12666.7,56107
2024-07-04 14:15:00,1720082700,12669.95,12685,12591,12659.15,91763
2024-07-04 15:15:00,1720086300,12657.15,12669,12650,12659,28209
2024-07-05 09:15:00,1720151100,12720,12720,12530,12579.7,98194
2024-07-05 10:15:00,1720154700,12582.25,12612.2,12525,12525,42708
2024-07-05 11:15:00,1720158300,12525,12556.75,12489.05,12513.45,42640
2024-07-05 12:15:00,1720161900,12514.9,12545,12500,12502.3,26993
2024-07-05 13:15:00,1720165500,12502.3,12526.05,12445,12455,41886
2024-07-05 14:15:00,1720169100,12455,12526.2,12420,12498.9,68942
2024-07-05 15:15:00,1720172700,12500,12522,12487.55,12500,26675
2024-07-08 09:15:00,1720410300,12549,12638.95,12440,12505.95,71343
2024-07-08 10:15:00,1720413900,12507.5,12533.6,12381.2,12415.45,32619
2024-07-08 11:15:00,1720417500,12416.05,12454,12394.6,12425,16476
2024-07-08 12:15:00,1720421100,12425,12486,12413,12457.85,17652
2024-07-08 13:15:00,1720424700,12459.7,12467.95,12405.4,12445,17081
2024-07-08 14:15:00,1720428300,12445.05,12496,12436.05,12478,35929
2024-07-08 15:15:00,1720431900,12477.95,12509,12471.15,12498,28412
2024-07-09 09:15:00,1720496700,12564.7,12651,12490,12550.5,98722
2024-07-09 10:15:00,1720500300,12555,12620,12490,12598,26461
2024-07-09 11:15:00,1720503900,12598,12598,12521,12533.2,17215
2024-07-09 12:15:00,1720507500,12533.2,12548.95,12493.45,12530,19102
2024-07-09 13:15:00,1720511100,12530,12544.75,12503.05,12530,18002
2024-07-09 14:15:00,1720514700,12530,12548.25,12515,12515,35171
2024-07-09 15:15:00,1720518300,12519.85,12549.8,12515.85,12540,21406
2024-07-10 09:15:00,1720583100,12640,12640.85,12317.05,12330.95,78147
2024-07-10 10:15:00,1720586700,12332.35,12375.95,12164.3,12350,85203
2024-07-10 11:15:00,1720590300,12350,12437.15,12335,12388,32780
2024-07-10 12:15:00,1720593900,12393.35,12441.95,12355,12366.1,30058
2024-07-10 13:15:00,1720597500,12366.1,12425,12302.9,12327.25,32740
2024-07-10 14:15:00,1720601100,12327.25,12429.05,12322.9,12413.95,39824
2024-07-10 15:15:00,1720604700,12413.9,12440,12395.3,12430.35,16640
2024-07-11 09:15:00,1720669500,12499,12525,12412.1,12442.5,66353
2024-07-11 10:15:00,1720673100,12442.8,12456,12370,12444.5,28400
2024-07-11 11:15:00,1720676700,12448.2,12490.3,12405,12452.75,22831
2024-07-11 12:15:00,1720680300,12452.75,12525,12430,12504.2,27760
2024-07-11 13:15:00,1720683900,12507.65,12640,12504.4,12575,43852
2024-07-11 14:15:00,1720687500,12575,12634,12572.25,12610,30059
2024-07-11 15:15:00,1720691100,12610,12640,12597.35,12632,16470
2024-07-12 09:15:00,1720755900,12640,12689.4,12493.55,12539.35,64333
2024-07-12 10:15:00,1720759500,12539.35,12598.95,12516,12574,22362
2024-07-12 11:15:00,1720763100,12571.7,12573.9,12488.25,12544.2,27605
2024-07-12 12:15:00,1720766700,12544.2,12545,12395,12397.05,42026
2024-07-12 13:15:00,1720770300,12399.35,12445,12389.85,12432.1,34292
2024-07-12 14:15:00,1720773900,12432.1,12444.3,12393.6,12408.45,40492
2024-07-12 15:15:00,1720777500,12408.45,12414.55,12380,12398.95,18000
2024-07-15 09:15:00,1721015100,12500,12572,12400,12508.55,46732
2024-07-15 10:15:00,1721018700,12508.55,12594.2,12495.55,12566.3,23269
2024-07-15 11:15:00,1721022300,12568.1,12616.95,12496,12525.85,29034
2024-07-15 12:15:00,1721025900,12525.85,12533.5,12486,12503.6,10438
2024-07-15 13:15:00,1721029500,12497.55,12568,12492.5,12522.35,13982
2024-07-15 14:15:00,1721033100,12522.35,12690,12522.35,12678.6,64199
2024-07-15 15:15:00,1721036700,12678.6,12709.8,12670.05,12690,21288
2024-07-16 09:15:00,1721101500,12750,12754.55,12642.45,12685,57122
2024-07-16 10:15:00,1721105100,12690,12700,12645,12656.25,24370
2024-07-16 11:15:00,1721108700,12656.25,12656.25,12580,12582,20172
2024-07-16 12:15:00,1721112300,12581.95,12630,12565,12596.9,15096
2024-07-16 13:15:00,1721115900,12594.8,12610.1,12520.3,12559.45,15154
2024-07-16 14:15:00,1721119500,12562.65,12581.95,12527.65,12554.15,25487
2024-07-16 15:15:00,1721123100,12553.1,12559.85,12520,12550,23685
2024-07-18 09:15:00,1721274300,12480,12480,12079.75,12160.4,130507
2024-07-18 10:15:00,1721277900,12162.7,12169.7,11688,11723,192570
2024-07-18 11:15:00,1721281500,11718.25,12017.5,11650.15,11978.85,160245
2024-07-18 12:15:00,1721285100,11976,12057.95,11945,12035.4,76968
2024-07-18 13:15:00,1721288700,12035.85,12120.9,11920.05,11967.6,93529
2024-07-18 14:15:00,1721292300,11967.6,11993.05,11905.2,11932.05,73909
2024-07-18 15:15:00,1721295900,11932,11951,11910.1,11910.1,40310
2024-07-19 09:15:00,1721360700,11945.85,11945.85,11436.65,11436.65,196262
2024-07-19 10:15:00,1721364300,11436.25,11533,11305.55,11361.5,147307
2024-07-19 11:15:00,1721367900,11363.75,11480,11340,11454,88239
2024-07-19 12:15:00,1721371500,11454,11458.15,11286.8,11322.25,91533
2024-07-19 13:15:00,1721375100,11322.2,11408.15,11305.05,11309.1,77591
2024-07-19 14:15:00,1721378700,11309,11334.75,11210.55,11256,122352
2024-07-19 15:15:00,1721382300,11254.1,11297.1,11240.05,11289.95,51486
2024-07-22 09:15:00,1721619900,11267.2,11274.95,10932.95,11199.1,226838
2024-07-22 10:15:00,1721623500,11204,11475,11153.8,11261.45,151006
2024-07-22 11:15:00,1721627100,11264.8,11423.2,11240.6,11342.4,59831
2024-07-22 12:15:00,1721630700,11342.4,11372.3,11282,11360.6,36767
2024-07-22 13:15:00,1721634300,11361.15,11409.9,11339,11344.25,39945
2024-07-22 14:15:00,1721637900,11341,11365,11301.9,11338.9,45695
2024-07-22 15:15:00,1721641500,11338.9,11384.05,11330.1,11380,27309
2024-07-23 09:15:00,1721706300,11430,11452.5,11097.75,11249,110216
2024-07-23 10:15:00,1721709900,11245,11261.25,11085,11223.3,67030
2024-07-23 11:15:00,1721713500,11223.3,11315.95,11119,11160,116507
2024-07-23 12:15:00,1721717100,11158,11160,10620,10943.2,269436
2024-07-23 13:15:00,1721720700,10943.2,10988.8,10801.5,10964.9,72174
2024-07-23 14:15:00,1721724300,10966.55,11018.5,10900,10961.4,74073
2024-07-23 15:15:00,1721727900,10961.05,10961.05,10912,10954.95,35714
2024-07-24 09:15:00,1721792700,10880.05,11111,10800,10954.3,132191
2024-07-24 10:15:00,1721796300,10961,11009.4,10843.1,10848.6,47378
2024-07-24 11:15:00,1721799900,10847.3,10847.7,10752,10779.4,57471
2024-07-24 12:15:00,1721803500,10776,10780.9,10722,10752.2,43824
2024-07-24 13:15:00,1721807100,10752.2,10847.9,10739.15,10834.9,42764
2024-07-24 14:15:00,1721810700,10834.9,11014.8,10824.5,11005,76699
2024-07-24 15:15:00,1721814300,11008.25,11008.55,10967.2,10989,20379
2024-07-25 09:15:00,1721879100,10850,10912.95,10741.45,10790.2,69999
2024-07-25 10:15:00,1721882700,10790.2,10949.95,10772.2,10899.05,44136
2024-07-25 11:15:00,1721886300,10899.05,10900,10812.35,10817,37765
2024-07-25 12:15:00,1721889900,10817,10899,10805.65,10871.05,23367
2024-07-25 13:15:00,1721893500,10875.75,10902.45,10821.05,10877.75,15171
2024-07-25 14:15:00,1721897100,10877.75,10915.7,10815,10906.95,31883
2024-07-25 15:15:00,1721900700,10907,10975,10903.8,10975,18816
2024-07-26 09:15:00,1721965500,10970,11165.65,10945.1,11112.65,72456
2024-07-26 10:15:00,1721969100,11112.65,11149.1,11052.65,11125.65,27299
2024-07-26 11:15:00,1721972700,11125.65,11212.55,11082.3,11137.7,41518
2024-07-26 12:15:00,1721976300,11137.7,11157.75,11102,11120,19430
2024-07-26 13:15:00,1721979900,11120,11181.95,11119.6,11178.95,21599
2024-07-26 14:15:00,1721983500,11178.95,11312,11142,11266.3,84790
2024-07-26 15:15:00,1721987100,11269,11272.2,11238,11268,25675
2024-07-29 09:15:00,1722224700,11349.95,11425,11225,11381.95,90292
2024-07-29 10:15:00,1722228300,11380,11516,11357.2,11516,46207
2024-07-29 11:15:00,1722231900,11511.95,11675.95,11511.95,11575,87431
2024-07-29 12:15:00,1722235500,11575,11648,11460.4,11611.2,79336
2024-07-29 13:15:00,1722239100,11611.65,11668.95,11570,11586.05,57408
2024-07-29 14:15:00,1722242700,11585,11660,11580.2,11622.45,66536
2024-07-29 15:15:00,1722246300,11617.85,11675,11611.15,11656,31866
2024-07-30 09:15:00,1722311100,11689,11847.8,11530,11571.85,145129
2024-07-30 10:15:00,1722314700,11572,11720,11554.4,11665.15,49982
2024-07-30 11:15:00,1722318300,11665.15,11764.55,11625,11626.4,109784
2024-07-30 12:15:00,1722321900,11625,11650,11535.9,11570,35172
2024-07-30 13:15:00,1722325500,11570,11837.75,11570,11812.95,136427
2024-07-30 14:15:00,1722329100,11814,12038,11757.65,11946.1,360908
2024-07-30 15:15:00,1722332700,11948.4,12001.45,11935.95,11964,61291
2024-07-31 09:15:00,1722397500,12601.1,12690,12095.05,12334.25,1150192
2024-07-31 10:15:00,1722401100,12334.25,12346.95,12150,12203.15,198057
2024-07-31 11:15:00,1722404700,12200.3,12265,12175.75,12205,81618
2024-07-31 12:15:00,1722408300,12203.05,12203.05,12125,12181.9,85138
2024-07-31 13:15:00,1722411900,12181.9,12213,12060.1,12083,80938
2024-07-31 14:15:00,1722415500,12080.2,12186.1,12079.05,12118.05,136764
2024-07-31 15:15:00,1722419100,12120,12127.85,12081,12100,72869
2024-08-01 09:15:00,1722483900,12199.95,12199.95,11862.2,11890.2,153771
2024-08-01 10:15:00,1722487500,11891.85,11900,11685.25,11698.7,136398
2024-08-01 11:15:00,1722491100,11698.7,11741.2,11666,11697.75,73948
2024-08-01 12:15:00,1722494700,11697.75,11702.3,11623,11629.8,70237
2024-08-01 13:15:00,1722498300,11630,11708.6,11625,11653,68459
2024-08-01 14:15:00,1722501900,11653,11669.4,11592,11665.1,110843
2024-08-01 15:15:00,1722505500,11664.8,11710.45,11646.95,11700,53842
2024-08-02 09:15:00,1722570300,11550,11818.95,11414.6,11794.6,238491
2024-08-02 10:15:00,1722573900,11794.6,11800,11691,11728.9,66314
2024-08-02 11:15:00,1722577500,11728.9,11729.85,11625.65,11672,35724
2024-08-02 12:15:00,1722581100,11672,11729,11639.05,11670.95,34705
2024-08-02 13:15:00,1722584700,11671.05,11705,11652,11679.05,22331
2024-08-02 14:15:00,1722588300,11680,11693.65,11609.6,11673.05,54147
2024-08-02 15:15:00,1722591900,11673.1,11679.9,11610.3,11649.8,34436
2024-08-05 09:15:00,1722829500,10950.05,11514.7,10950.05,11288,160551
2024-08-05 10:15:00,1722833100,11291.7,11337.4,11020.8,11040.15,140670
2024-08-05 11:15:00,1722836700,11037.7,11135,11010,11076.9,105913
2024-08-05 12:15:00,1722840300,11076.9,11092.4,10980.3,11084.95,60597
2024-08-05 13:15:00,1722843900,11085.3,11160.4,11070,11113.3,55825
2024-08-05 14:15:00,1722847500,11115.05,11234.7,11057.5,11142.3,73232
2024-08-05 15:15:00,1722851100,11142.25,11145.15,11062.75,11116,24217
2024-08-06 09:15:00,1722915900,11400,11569.95,11352,11529.15,154690
2024-08-06 10:15:00,1722919500,11529.15,11555,11342.2,11379,72872
2024-08-06 11:15:00,1722923100,11379,11450,11357.55,11422,30793
2024-08-06 12:15:00,1722926700,11425.55,11433.65,11214.05,11215.2,56581
2024-08-06 13:15:00,1722930300,11223.1,11280.95,11130,11138.8,80388
2024-08-06 14:15:00,1722933900,11138.6,11202.55,11066.75,11112,76900
2024-08-06 15:15:00,1722937500,11113.55,11145.35,11096,11128,16403
2024-08-07 09:15:00,1723002300,11350,11469.2,11308,11367.15,90707
2024-08-07 10:15:00,1723005900,11371,11513.9,11361,11474.6,57355
2024-08-07 11:15:00,1723009500,11479.55,11517.9,11460,11478.6,29851
2024-08-07 12:15:00,1723013100,11480.35,11588,11480.35,11542,64578
2024-08-07 13:15:00,1723016700,11543,11580,11512.8,11535,49020
2024-08-07 14:15:00,1723020300,11534.95,11588,11509.55,11588,88617
2024-08-07 15:15:00,1723023900,11584.5,11686.85,11583.45,11680,48098
2024-08-08 09:15:00,1723088700,11640,11698,11591.8,11656.25,82125
2024-08-08 10:15:00,1723092300,11662,11744,11585,11625.1,53959
2024-08-08 11:15:00,1723095900,11625.1,11690,11624.15,11672,19930
2024-08-08 12:15:00,1723099500,11672,11684.5,11595,11624.85,20397
2024-08-08 13:15:00,1723103100,11624.85,11630.85,11462.85,11464.25,42189
2024-08-08 14:15:00,1723106700,11464.25,11520,11460.1,11464.25,41900
2024-08-08 15:15:00,1723110300,11464.25,11474.75,11411.1,11440,26460
2024-08-09 09:15:00,1723175100,11585,11799,11553.75,11715.75,115920
2024-08-09 10:15:00,1723178700,11713,11777,11680.3,11738.9,36823
2024-08-09 11:15:00,1723182300,11734.5,11749.45,11684.25,11698.25,39275
2024-08-09 12:15:00,1723185900,11698,11713.5,11678,11690,17736
2024-08-09 13:15:00,1723189500,11690,11762.75,11686.5,11724.9,28242
2024-08-09 14:15:00,1723193100,11722.9,11729.4,11686,11697.1,56959
2024-08-09 15:15:00,1723196700,11694.75,11800.05,11693,11779.65,46298
2024-08-12 09:15:00,1723434300,11739.65,11900,11685.25,11742,88053
2024-08-12 10:15:00,1723437900,11742,11810,11622.05,11696.45,119993
2024-08-12 11:15:00,1723441500,11696.3,11721,11636.35,11646,43833
2024-08-12 12:15:00,1723445100,11648,11737.5,11633,11655,63091
2024-08-12 13:15:00,1723448700,11655,11690,11642,11667.8,62684
2024-08-12 14:15:00,1723452300,11665,11669.95,11559.9,11638.6,72627
2024-08-12 15:15:00,1723455900,11642.3,11755.05,11631.7,11750,39358
2024-08-13 09:15:00,1723520700,11837.15,12054,11737.8,12050,262869
2024-08-13 10:15:00,1723524300,12048.05,12054,11898.05,11980,96763
2024-08-13 11:15:00,1723527900,11977.3,12053,11977,12027.9,74186
2024-08-13 12:15:00,1723531500,12027.9,12075.9,11966.55,12074,72253
2024-08-13 13:15:00,1723535100,12070,12092,11931.3,11981.1,92864
2024-08-13 14:15:00,1723538700,11980,12030,11962.05,11967.65,86549
2024-08-13 15:15:00,1723542300,11967.65,12002.9,11950,11970,47015
2024-08-14 09:15:00,1723607100,12079.85,12149,11876.45,11898.4,185737
2024-08-14 10:15:00,1723610700,11898.8,11966.2,11840,11894.95,61632
2024-08-14 11:15:00,1723614300,11895.7,11990,11886.4,11990,45748
2024-08-14 12:15:00,1723617900,11990,12004,11892,11900,71411
2024-08-14 13:15:00,1723621500,11900,11940,11882.05,11923.7,39744
2024-08-14 14:15:00,1723625100,11923.7,11944.6,11886,11922.95,43525
2024-08-14 15:15:00,1723628700,11922.9,11922.9,11870,11890,24647
2024-08-16 09:15:00,1723779900,12087,12314.55,12025.2,12307.7,202136
2024-08-16 10:15:00,1723783500,12301.75,12349.5,12235.05,12335.05,73826
2024-08-16 11:15:00,1723787100,12335.05,12341,12262.05,12269.3,58737
2024-08-16 12:15:00,1723790700,12270.65,12324,12266.8,12289.6,49114
2024-08-16 13:15:00,1723794300,12289.6,12328.4,12271,12322,46990
2024-08-16 14:15:00,1723797900,12317.65,12423.6,12313.75,12378.3,118806
2024-08-16 15:15:00,1723801500,12378.35,12390.35,12325.3,12360.8,45684
2024-08-19 09:15:00,1724039100,12550,12640,12419.8,12485,181127
2024-08-19 10:15:00,1724042700,12484,12668,12456,12659.55,88886
2024-08-19 11:15:00,1724046300,12659.85,12705.05,12624.75,12669,82001
2024-08-19 12:15:00,1724049900,12669,12835,12650,12792.55,132981
2024-08-19 13:15:00,1724053500,12792.55,12830,12767.5,12780.15,65462
2024-08-19 14:15:00,1724057100,12780.15,12809.95,12726,12788.3,112172
2024-08-19 15:15:00,1724060700,12790,12803.15,12774.55,12784,47672
2024-08-20 09:15:00,1724125500,12900,12920,12604,12617.05,182957
2024-08-20 10:15:00,1724129100,12617.05,12694,12550,12683.55,67608
2024-08-20 11:15:00,1724132700,12678.1,12749.15,12661.9,12686.55,51204
2024-08-20 12:15:00,1724136300,12686.5,12718.1,12641.7,12681.55,34334
2024-08-20 13:15:00,1724139900,12681.55,12766.9,12652.25,12766,42386
2024-08-20 14:15:00,1724143500,12764.9,12779,12652,12659.95,87174
2024-08-20 15:15:00,1724147100,12657.95,12699.95,12643.15,12655.1,32484
2024-08-21 09:15:00,1724211900,12710,12754,12526.1,12711,131128
2024-08-21 10:15:00,1724215500,12711.15,12787.95,12698.1,12757.65,58859
2024-08-21 11:15:00,1724219100,12757.65,12784.9,12690,12751,31859
2024-08-21 12:15:00,1724222700,12750,12767.9,12721,12739,18458
2024-08-21 13:15:00,1724226300,12739,12743,12662,12682.65,28759
2024-08-21 14:15:00,1724229900,12682.65,12755.95,12662,12728.75,67341
2024-08-21 15:15:00,1724233500,12728.5,12760,12720.7,12727.25,28240
2024-08-22 09:15:00,1724298300,12736.2,12818.75,12690.05,12758,71702
2024-08-22 10:15:00,1724301900,12758,12781,12730,12747.7,29067
2024-08-22 11:15:00,1724305500,12747.7,12760,12731,12748.45,16362
2024-08-22 12:15:00,1724309100,12748.45,12839,12748.45,12814.55,33258
2024-08-22 13:15:00,1724312700,12814,12875,12805.05,12853.45,46295
2024-08-22 14:15:00,1724316300,12854.75,12869,12820,12865.25,43140
2024-08-22 15:15:00,1724319900,12864.9,12875,12845,12858,26113
2024-08-23 09:15:00,1724384700,12880,13008.25,12800,12910.15,145158
2024-08-23 10:15:00,1724388300,12910.15,13337.95,12905,13259.8,255530
2024-08-23 11:15:00,1724391900,13257.5,13394.9,13240,13322.95,153245
2024-08-23 12:15:00,1724395500,13322.95,13342.6,13240,13267,79341
2024-08-23 13:15:00,1724399100,13267,13340.4,13225,13294.85,87111
2024-08-23 14:15:00,1724402700,13291.05,13322,13240.05,13264.2,95383
2024-08-23 15:15:00,1724406300,13264.3,13299.95,13256,13280,66074
2024-08-26 09:15:00,1724643900,13399,13611,13295,13611,257610
2024-08-26 10:15:00,1724647500,13614.3,13639.8,13472.65,13527.9,88658
2024-08-26 11:15:00,1724651100,13527.9,13545,13470,13470,56746
2024-08-26 12:15:00,1724654700,13472.5,13484.5,13370.4,13394.8,72754
2024-08-26 13:15:00,1724658300,13391,13450,13374.95,13398.5,56286
2024-08-26 14:15:00,1724661900,13398.55,13427.8,13376,13395.85,77310
2024-08-26 15:15:00,1724665500,13397,13405.75,13370,13375,34193
2024-08-27 09:15:00,1724730300,13399.95,13459.8,13280.6,13412.4,113487
2024-08-27 10:15:00,1724733900,13412.4,13415.45,13332.95,13339.85,34363
2024-08-27 11:15:00,1724737500,13339.85,13339.85,13266.8,13301,38207
2024-08-27 12:15:00,1724741100,13301,13315.5,13240.2,13250,30851
2024-08-27 13:15:00,1724744700,13250,13288.5,13220,13259.1,36624
2024-08-27 14:15:00,1724748300,13259.05,13270,13198.55,13238.7,74119
2024-08-27 15:15:00,1724751900,13232.6,13237.4,13191,13191,31954
2024-08-28 09:15:00,1724816700,13271.25,13333.95,13158,13252.65,102610
2024-08-28 10:15:00,1724820300,13252.95,13415,13252.95,13310.7,69413
2024-08-28 11:15:00,1724823900,13316.75,13377.5,13306.55,13355.3,26339
2024-08-28 12:15:00,1724827500,13355.3,13390.8,13280,13283.95,36061
2024-08-28 13:15:00,1724831100,13283.95,13328,13280,13292.1,28354
2024-08-28 14:15:00,1724834700,13292.1,13299.05,13227,13239.95,65021
2024-08-28 15:15:00,1724838300,13236.2,13284.3,13230.75,13270,35623
2024-08-29 09:15:00,1724903100,13284,13320,13176,13224,81775
2024-08-29 10:15:00,1724906700,13224.3,13224.3,13111,13135,48532
2024-08-29 11:15:00,1724910300,13139.95,13166.95,13091.1,13115,40286
2024-08-29 12:15:00,1724913900,13115.25,13264.75,13110.9,13237,86308
2024-08-29 13:15:00,1724917500,13237,13271.05,13176.7,13185.1,48875
2024-08-29 14:15:00,1724921100,13184.65,13222.25,13080,13191.35,103477
2024-08-29 15:15:00,1724924700,13191.25,13257.9,13188.75,13211,39121
2024-08-30 09:15:00,1724989500,13311,13373.15,13279.15,13345.25,162333
2024-08-30 10:15:00,1724993100,13345.3,13427.75,13283,13297.55,114206
2024-08-30 11:15:00,1724996700,13300,13436,13281.45,13418.85,92469
2024-08-30 12:15:00,1725000300,13417,13436,13370,13400,58093
2024-08-30 13:15:00,1725003900,13400,13435,13392,13414.9,67901
2024-08-30 14:15:00,1725007500,13414.9,13625,13070.05,13083.05,2195124
2024-08-30 15:15:00,1725011100,13082.8,13250.35,12865,12910,1930463
2024-09-02 09:15:00,1725248700,13160,13160,12615.55,12735.85,272547
2024-09-02 10:15:00,1725252300,12735.85,12757.85,12504.05,12631.3,132962
2024-09-02 11:15:00,1725255900,12633.6,12642.7,12490.1,12630,76677
2024-09-02 12:15:00,1725259500,12627.75,12639,12511,12550,88176
2024-09-02 13:15:00,1725263100,12549,12619.3,12547.9,12598.9,44125
2024-09-02 14:15:00,1725266700,12599,12632.9,12581.45,12630.55,66486
2024-09-02 15:15:00,1725270300,12628.6,12631.85,12604.2,12627,44339
2024-09-03 09:15:00,1725335100,12650,12861,12637.8,12774.7,205212
2024-09-03 10:15:00,1725338700,12773.6,12899.3,12760.5,12883,72937
2024-09-03 11:15:00,1725342300,12883,12940,12861,12877.05,62935
2024-09-03 12:15:00,1725345900,12879,12984,12862.2,12945.7,47089
2024-09-03 13:15:00,1725349500,12945.8,12995,12940,12984.35,42586
2024-09-03 14:15:00,1725353100,12985,13020,12962.15,12983.65,85977
2024-09-03 15:15:00,1725356700,12984.6,13020,12978.2,13000,48571
2024-09-04 09:15:00,1725421500,12990,12990,12790,12851.4,88986
2024-09-04 10:15:00,1725425100,12851.4,12857,12770,12790,38281
2024-09-04 11:15:00,1725428700,12778.15,12794.45,12692.15,12789.55,40059
2024-09-04 12:15:00,1725432300,12789.95,12900,12778.8,12863,58361
2024-09-04 13:15:00,1725435900,12862,12882.2,12727.4,12750,56583
2024-09-04 14:15:00,1725439500,12749.75,12807.95,12697,12800,101909
2024-09-04 15:15:00,1725443100,12797.6,12800,12765.9,12785,27094
2024-09-05 09:15:00,1725507900,12800,12833.55,12510,12532.15,141525
2024-09-05 10:15:00,1725511500,12534.6,12537.8,12401,12450,86627
2024-09-05 11:15:00,1725515100,12450,12494,12421.05,12468,29735
2024-09-05 12:15:00,1725518700,12466.9,12509,12440,12445,28760
2024-09-05 13:15:00,1725522300,12441.2,12500,12441,12463.55,21710
2024-09-05 14:15:00,1725525900,12463.55,12470.45,12410,12411.65,70270
2024-09-05 15:15:00,1725529500,12412.75,12435.7,12360.2,12395,62290
2024-09-06 09:15:00,1725594300,12484,12484,12139,12181.15,135763
2024-09-06 10:15:00,1725597900,12185,12200,12111.1,12140,48215
2024-09-06 11:15:00,1725601500,12146.15,12299.95,12135,12267.05,54133
2024-09-06 12:15:00,1725605100,12266,12266,12135.05,12155,43232
2024-09-06 13:15:00,1725608700,12155,12185,12122,12151.8,27672
2024-09-06 14:15:00,1725612300,12147.9,12160,12050,12056.75,78522
2024-09-06 15:15:00,1725615900,12053.35,12098.45,12043.05,12098,49716
2024-09-09 09:15:00,1725853500,12040,12275,12022,12174.3,127693
2024-09-09 10:15:00,1725857100,12174.3,12309.75,12145.25,12227.8,59272
2024-09-09 11:15:00,1725860700,12225.15,12233.85,12152.95,12160.25,31679
2024-09-09 12:15:00,1725864300,12160.25,12180,12145,12175.65,16707
2024-09-09 13:15:00,1725867900,12180,12235.25,12180,12190.65,19773
2024-09-09 14:15:00,1725871500,12190.65,12435.25,12173.05,12399.05,123922
2024-09-09 15:15:00,1725875100,12399.1,12443.6,12396.3,12418,41956
2024-09-10 09:15:00,1725939900,12675,12675,12425.1,12455,190565
2024-09-10 10:15:00,1725943500,12458.5,12530,12437.9,12508,48209
2024-09-10 11:15:00,1725947100,12510,12510.5,12445,12460.4,24251
2024-09-10 12:15:00,1725950700,12464.9,12530,12452.4,12519.85,29272
2024-09-10 13:15:00,1725954300,12521.75,12525,12482.65,12511.5,22436
2024-09-10 14:15:00,1725957900,12514.6,12557.5,12481.6,12522,86371
2024-09-10 15:15:00,1725961500,12515.25,12538.9,12490.35,12512,54909
2024-09-11 09:15:00,1726026300,12600,12645,12480,12602.4,84072
2024-09-11 10:15:00,1726029900,12602.55,12751.8,12586.8,12686.8,77517
2024-09-11 11:15:00,1726033500,12686.8,12945,12681,12939.85,148843
2024-09-11 12:15:00,1726037100,12943.1,12976.8,12870.05,12899.9,109370
2024-09-11 13:15:00,1726040700,12900,12900,12790,12802.1,71953
2024-09-11 14:15:00,1726044300,12804.7,12809,12650,12698.7,86686
2024-09-11 15:15:00,1726047900,12698.75,12800,12694,12798.7,35614
2024-09-12 09:15:00,1726112700,13000,13100,12781.65,12872.35,168353
2024-09-12 10:15:00,1726116300,12872.35,12939.8,12810,12858,54258
2024-09-12 11:15:00,1726119900,12859,12883.25,12825,12840,25078
2024-09-12 12:15:00,1726123500,12840,12888.15,12835,12847.8,31517
2024-09-12 13:15:00,1726127100,12848.35,12869.65,12818,12840.05,25213
2024-09-12 14:15:00,1726130700,12836.2,12902,12836.2,12853.45,61928
2024-09-12 15:15:00,1726134300,12854.4,12880,12822,12877,43732
2024-09-13 09:15:00,1726199100,12923.85,12979.85,12853.05,12919.35,80889
2024-09-13 10:15:00,1726202700,12915.4,12930.45,12889,12905,22197
2024-09-13 11:15:00,1726206300,12902.05,12953.55,12895.1,12901,22471
2024-09-13 12:15:00,1726209900,12906.45,12930,12870,12872,20791
2024-09-13 13:15:00,1726213500,12872,13001.9,12790,12956,76387
2024-09-13 14:15:00,1726217100,12950.15,13120,12950,13008.95,104776
2024-09-13 15:15:00,1726220700,13009,13065,13001.15,13027.85,33251
2024-09-16 09:15:00,1726458300,13170,13310,13050.5,13298.2,192901
2024-09-16 10:15:00,1726461900,13292,13848.15,13290,13761.45,489174
2024-09-16 11:15:00,1726465500,13755.5,13825.2,13709.05,13770.05,203396
2024-09-16 12:15:00,1726469100,13761.75,13811.9,13704.05,13801,109439
2024-09-16 13:15:00,1726472700,13799.9,13960,13748,13934.55,171197
2024-09-16 14:15:00,1726476300,13928.75,14056,13910.15,13994.75,318124
2024-09-16 15:15:00,1726479900,13994.75,14011.05,13911,13925,87703
2024-09-17 09:15:00,1726544700,13999,14087,13755,13775.05,221772
2024-09-17 10:15:00,1726548300,13781.45,13781.45,13650,13689,91503
2024-09-17 11:15:00,1726551900,13685.05,13968,13683,13901,111802
2024-09-17 12:15:00,1726555500,13901,13940,13870,13891.5,33545
2024-09-17 13:15:00,1726559100,13891.75,14189.95,13855,14138,181476
2024-09-17 14:15:00,1726562700,14131.75,14167,14044.5,14098.4,103105
2024-09-17 15:15:00,1726566300,14097,14110,14051.85,14057.05,39116
2024-09-18 09:15:00,1726631100,14050,14185,13967.85,14007.3,167570
2024-09-18 10:15:00,1726634700,14009.75,14164.95,13925,14108.05,82409
2024-09-18 11:15:00,1726638300,14108.05,14130,14015.25,14040,30610
2024-09-18 12:15:00,1726641900,14040,14064,13900,13964.95,49572
2024-09-18 13:15:00,1726645500,13958.3,14054.05,13901.4,13994,57654
2024-09-18 14:15:00,1726649100,13991.35,14133.85,13960.55,14045,66845
2024-09-18 15:15:00,1726652700,14046.65,14060,14001,14005,29301
2024-09-19 09:15:00,1726717500,14150.45,14399.95,13753.1,13780.3,343122
2024-09-19 10:15:00,1726721100,13785,13895,13740.5,13811,85103
2024-09-19 11:15:00,1726724700,13811,13821.7,13515.55,13660.45,115040
2024-09-19 12:15:00,1726728300,13660.45,13750,13441.55,13477.5,93014
2024-09-19 13:15:00,1726731900,13477.15,13518.85,13310,13410.55,121504
2024-09-19 14:15:00,1726735500,13409,13779.95,13394,13771,166561
2024-09-19 15:15:00,1726739100,13780,13795,13740,13760,45507
2024-09-20 09:15:00,1726803900,13950,13959.15,13583.55,13797.15,173850
2024-09-20 10:15:00,1726807500,13797.4,13883.6,13732.1,13835.75,58491
2024-09-20 11:15:00,1726811100,13839.8,14026,13811.5,13955.2,86254
2024-09-20 12:15:00,1726814700,13950.65,14015,13905.35,13947.05,54286
2024-09-20 13:15:00,1726818300,13942.05,14045,13865,13973.65,77400
2024-09-20 14:15:00,1726821900,13973.65,14008.8,13889.75,13994.85,97612
2024-09-20 15:15:00,1726825500,13996.2,14034.45,13961.2,13961.7,62600
2024-09-23 09:15:00,1727063100,14100,14248,14000,14180,141030
2024-09-23 10:15:00,1727066700,14179.95,14259.85,14058.65,14175,87860
2024-09-23 11:15:00,1727070300,14175,14258,14170,14196.4,50812
2024-09-23 12:15:00,1727073900,14195.65,14308,14192,14254.05,59979
2024-09-23 13:15:00,1727077500,14254.45,14320,14254.45,14274.4,32584
2024-09-23 14:15:00,1727081100,14270.55,14290,14241,14249.95,62800
2024-09-23 15:15:00,1727084700,14245.85,14260,14220.05,14230,29118
2024-09-24 09:15:00,1727149500,14300,14498,14232.6,14320,213182
2024-09-24 10:15:00,1727153100,14320,14380,14175,14364.05,110198
2024-09-24 11:15:00,1727156700,14364.05,14372,14300,14350.4,37268
2024-09-24 12:15:00,1727160300,14350.4,14360,14275.65,14330,33714
2024-09-24 13:15:00,1727163900,14330,14355,14316.05,14342.1,23019
2024-09-24 14:15:00,1727167500,14335.25,14355.35,14303.4,14344,53776
2024-09-24 15:15:00,1727171100,14344,14350,14310,14330,34457
2024-09-25 09:15:00,1727235900,14375,14475,14250.55,14326.05,143230
2024-09-25 10:15:00,1727239500,14326.05,14340,14272,14316.6,44086
2024-09-25 11:15:00,1727243100,14316.6,14340,14183.5,14203,47295
2024-09-25 12:15:00,1727246700,14203,14206.75,14092.5,14126.95,43407
2024-09-25 13:15:00,1727250300,14126.95,14131.25,14032,14075.5,49197
2024-09-25 14:15:00,1727253900,14075.6,14215.45,14020.8,14200.6,69634
2024-09-25 15:15:00,1727257500,14200.6,14207.3,14159.85,14165.05,26533
2024-09-26 09:15:00,1727322300,14195,14195,14028.6,14033.1,81163
2024-09-26 10:15:00,1727325900,14033.2,14069.45,13960,13980,38807
2024-09-26 11:15:00,1727329500,13980,13985,13825,13852,55721
2024-09-26 12:15:00,1727333100,13853,13984.3,13850,13941.5,37051
2024-09-26 13:15:00,1727336700,13941.5,14039.85,13931.05,13976,32352
2024-09-26 14:15:00,1727340300,13977,14127,13964.05,14090.05,70013
2024-09-26 15:15:00,1727343900,14090.05,14163,14006.6,14115.5,54485
2024-09-27 09:15:00,1727408700,14115.5,14195.65,14015.1,14018.2,68769
2024-09-27 10:15:00,1727412300,14024.15,14071.7,13960,13980.5,34593
2024-09-27 11:15:00,1727415900,13983.7,14022.2,13933.3,13987,23510
2024-09-27 12:15:00,1727419500,14014.45,14139.25,14006.55,14044.05,45526
2024-09-27 13:15:00,1727423100,14044.05,14076.55,14012,14020.7,17356
2024-09-27 14:15:00,1727426700,14022.05,14086.25,14000.8,14032.6,36387
2024-09-27 15:15:00,1727430300,14032.1,14065.75,14017.2,14049,21764
2024-09-30 09:15:00,1727667900,14024.6,14036.8,13765,13800.75,89844
2024-09-30 10:15:00,1727671500,13806.1,13836,13754,13780,38384
2024-09-30 11:15:00,1727675100,13780,13836,13757,13797.2,23735
2024-09-30 12:15:00,1727678700,13799.9,13924.4,13793.8,13919.95,34777
2024-09-30 13:15:00,1727682300,13919.4,13920.25,13769.15,13770.05,35616
2024-09-30 14:15:00,1727685900,13775.25,13836.7,13754,13812.1,59530
2024-09-30 15:15:00,1727689500,13815,13815.5,13776.05,13800,43653
2024-10-01 09:15:00,1727754300,13855,14189,13830,14116,131343
2024-10-01 10:15:00,1727757900,14116,14244.6,14055.3,14216.25,68527
2024-10-01 11:15:00,1727761500,14217.1,14244,14090,14099.4,58161
2024-10-01 12:15:00,1727765100,14106.8,14235,14099.35,14226.95,34702
2024-10-01 13:15:00,1727768700,14226.9,14265,14189,14194.15,43265
2024-10-01 14:15:00,1727772300,14199,14225,14160,14187.95,41122
2024-10-01 15:15:00,1727775900,14185,14216.65,14168.45,14190.8,27003
2024-10-03 09:15:00,1727927100,13893.5,14099,13860.2,13914,133468
2024-10-03 10:15:00,1727930700,13918.8,13918.8,13791.05,13857.15,54282
2024-10-03 11:15:00,1727934300,13857.15,13857.15,13683.05,13700.6,50137
2024-10-03 12:15:00,1727937900,13700,13765,13639.4,13712.95,51881
2024-10-03 13:15:00,1727941500,13706.35,13713.25,13630,13699.55,55533
2024-10-03 14:15:00,1727945100,13697.1,13711,13630,13631.1,63780
2024-10-03 15:15:00,1727948700,13636.5,13636.6,13572,13575,51164
2024-10-04 09:15:00,1728013500,13624.55,13829,13425,13705.5,180974
2024-10-04 10:15:00,1728017100,13705.5,13784,13641.1,13782.9,54281
2024-10-04 11:15:00,1728020700,13784,13895,13740.95,13895,54270
2024-10-04 12:15:00,1728024300,13895,13949.9,13780,13809.35,68267
2024-10-04 13:15:00,1728027900,13804.2,13814.3,13690.15,13729.05,36871
2024-10-04 14:15:00,1728031500,13732.45,13732.65,13538.75,13631.95,63840
2024-10-04 15:15:00,1728035100,13633.5,13689.75,13626.05,13673.2,20029
2024-10-07 09:15:00,1728272700,13722.3,13781,13662.35,13719.75,52268
2024-10-07 10:15:00,1728276300,13721.75,13744.1,13350,13495.6,62311
2024-10-07 11:15:00,1728279900,13495.6,13660,13481.35,13583.2,39573
2024-10-07 12:15:00,1728283500,13583.2,13602,13469.9,13507.4,18185
2024-10-07 13:15:00,1728287100,13509.15,13587.9,13455.85,13527.75,23806
2024-10-07 14:15:00,1728290700,13527.5,13570,13450,13521.4,37626
2024-10-07 15:15:00,1728294300,13520.85,13526.9,13456.8,13490,20204
2024-10-08 09:15:00,1728359100,13506,13890,13465.65,13884,127981
2024-10-08 10:15:00,1728362700,13880,14040,13860.05,14035,124640
2024-10-08 11:15:00,1728366300,14035,14274,13973.8,14226,208989
2024-10-08 12:15:00,1728369900,14226,14548,14164,14400,405413
2024-10-08 13:15:00,1728373500,14395,14594.45,14380.05,14594,154785
2024-10-08 14:15:00,1728377100,14594.45,14594.45,14486.45,14508.55,134646
2024-10-08 15:15:00,1728380700,14508.25,14570,14507,14551.35,64649
2024-10-09 09:15:00,1728445500,14550,14934.95,14520,14668.95,316509
2024-10-09 10:15:00,1728449100,14668.95,14750,14582.65,14653.85,100051
2024-10-09 11:15:00,1728452700,14650,14692.5,14561.2,14641.35,60183
2024-10-09 12:15:00,1728456300,14648.45,14762.55,14613.9,14731.9,65298
2024-10-09 13:15:00,1728459900,14737.3,14834.5,14678.35,14809.1,45541
2024-10-09 14:15:00,1728463500,14808.3,14890.2,14711,14800.05,95009
2024-10-09 15:15:00,1728467100,14800,14834.5,14785,14785.65,33672
2024-10-10 09:15:00,1728531900,14886.95,15099,14815,14968.65,207758
2024-10-10 10:15:00,1728535500,14974,15057.95,14954,14988.95,53994
2024-10-10 11:15:00,1728539100,14997.9,15080,14985.4,15060.05,51486
2024-10-10 12:15:00,1728542700,15058,15100,14870,14925,65975
2024-10-10 13:15:00,1728546300,14926,14976.65,14861.05,14900,36138
2024-10-10 14:15:00,1728549900,14899.85,14969.4,14881.6,14935.15,35972
2024-10-10 15:15:00,1728553500,14940,14959.75,14904.3,14915,21215
2024-10-11 09:15:00,1728618300,14933.55,15033.25,14837.35,14993.2,70130
2024-10-11 10:15:00,1728621900,14995.95,15057.95,14960,14976,33597
2024-10-11 11:15:00,1728625500,14980.95,15019.2,14901.55,15015,30523
2024-10-11 12:15:00,1728629100,15015,15080,14997.65,15058,30540
2024-10-11 13:15:00,1728632700,15057.7,15188.9,15041.95,15097.05,63214
2024-10-11 14:15:00,1728636300,15097,15150,15070,15146,42933
2024-10-11 15:15:00,1728639900,15146,15162.2,15130,15140,28121
2024-10-14 09:15:00,1728877500,15129.55,15255,15030,15158.95,84091
2024-10-14 10:15:00,1728881100,15155.7,15231,15140,15207,27570
2024-10-14 11:15:00,1728884700,15205.15,15290,15200.65,15257.25,34908
2024-10-14 12:15:00,1728888300,15257.25,15298,15210.9,15253.2,24559
2024-10-14 13:15:00,1728891900,15253.2,15275,15205,15242,20069
2024-10-14 14:15:00,1728895500,15243.65,15279.05,15211.7,15263.65,29167
2024-10-14 15:15:00,1728899100,15263.65,15274.1,15240,15240,19776
2024-10-15 09:15:00,1728963900,15265.05,15420,15248.75,15325.25,76651
2024-10-15 10:15:00,1728967500,15325.25,15360,15300.5,15326,17307
2024-10-15 11:15:00,1728971100,15321.2,15333.85,15280,15303.65,17818
2024-10-15 12:15:00,1728974700,15303.05,15340,15275,15312.5,14910
2024-10-15 13:15:00,1728978300,15312.5,15363,15300,15353,16662
2024-10-15 14:15:00,1728981900,15353,15418,15343.65,15416.15,33704
2024-10-15 15:15:00,1728985500,15418,15423.95,15373.7,15394.9,31056
2024-10-16 09:15:00,1729050300,15395,15494,15230.6,15422.15,84343
2024-10-16 10:15:00,1729053900,15422.15,15470,15337.85,15346,27127
2024-10-16 11:15:00,1729057500,15346,15375,15266.85,15345.9,22492
2024-10-16 12:15:00,1729061100,15345.9,15369.8,15280,15363.7,12714
2024-10-16 13:15:00,1729064700,15367.6,15375,15315.55,15359.95,8935
2024-10-16 14:15:00,1729068300,15359.95,15370,15310,15333.45,22748
2024-10-16 15:15:00,1729071900,15333.55,15333.65,15293.1,15309,14714
2024-10-17 09:15:00,1729136700,15318.1,15393.5,14975.35,15075.4,84606
2024-10-17 10:15:00,1729140300,15075.4,15259.95,15030.05,15110.7,40246
2024-10-17 11:15:00,1729143900,15107,15212,15095.5,15195.4,21340
2024-10-17 12:15:00,1729147500,15198.5,15285,15170,15264.5,23276
2024-10-17 13:15:00,1729151100,15264.5,15269.95,15131,15158.5,17931
2024-10-17 14:15:00,1729154700,15158.5,15245.55,15120,15133,30203
2024-10-17 15:15:00,1729158300,15133,15141.95,15112.05,15135,14344
2024-10-18 09:15:00,1729223100,14965,15230,14909,15158.3,96932
2024-10-18 10:15:00,1729226700,15158.2,15274.15,15141,15199.8,41679
2024-10-18 11:15:00,1729230300,15200.75,15418,15150.05,15365.6,61494
2024-10-18 12:15:00,1729233900,15372.05,15453.1,15338.75,15348.05,50542
2024-10-18 13:15:00,1729237500,15348.05,15400,15343.45,15371,26970
2024-10-18 14:15:00,1729241100,15371,15414.95,15360.1,15369.7,29860
2024-10-18 15:15:00,1729244700,15378.35,15403.3,15350,15370,19344
2024-10-21 09:15:00,1729482300,15470,15600,15273.4,15376.05,104097
2024-10-21 10:15:00,1729485900,15382.05,15517,15367.3,15467.4,37192
2024-10-21 11:15:00,1729489500,15468.6,15540,15421.5,15450,26247
2024-10-21 12:15:00,1729493100,15450,15486,15381,15404.7,17958
2024-10-21 13:15:00,1729496700,15406.05,15488.45,15384.05,15390,22136
2024-10-21 14:15:00,1729500300,15390,15426.9,15311.55,15375.35,29268
2024-10-21 15:15:00,1729503900,15371.6,15418.8,15360.75,15361.45,17359
2024-10-22 09:15:00,1729568700,15450,15460,15263.5,15271.6,50241
2024-10-22 10:15:00,1729572300,15271.6,15308.65,15145.1,15234.85,37355
2024-10-22 11:15:00,1729575900,15229.65,15252.05,15087.35,15100,30037
2024-10-22 12:15:00,1729579500,15096.05,15139.1,15000,15043.4,39209
2024-10-22 13:15:00,1729583100,15049.05,15105,14992.4,15072.05,44326
2024-10-22 14:15:00,1729586700,15070.95,15071.45,14906.4,14910.8,54631
2024-10-22 15:15:00,1729590300,14910.8,14929.9,14850,14900.2,64896
2024-10-23 09:15:00,1729655100,14865,15436.95,14858.35,15312.4,160449
2024-10-23 10:15:00,1729658700,15312.45,15383,15236.5,15357,49813
2024-10-23 11:15:00,1729662300,15354.05,15410.6,15326.65,15364.35,33308
2024-10-23 12:15:00,1729665900,15368.55,15450.95,15340,15396.8,32172
2024-10-23 13:15:00,1729669500,15397.5,15448.2,15365,15377.55,31221
2024-10-23 14:15:00,1729673100,15377.55,15395.4,15260.2,15276.5,58456
2024-10-23 15:15:00,1729676700,15276,15299.55,15251.05,15296.75,25440
2024-10-24 09:15:00,1729741500,15310,15418.25,15210.1,15388.2,74237
2024-10-24 10:15:00,1729745100,15396.7,15500,15331.65,15420,69197
2024-10-24 11:15:00,1729748700,15415.1,15451,15360.8,15406,29793
2024-10-24 12:15:00,1729752300,15406,15417.65,15326,15326.45,18819
2024-10-24 13:15:00,1729755900,15332.8,15437,15308,15372,28330
2024-10-24 14:15:00,1729759500,15364.2,15379.3,15045.05,15085.4,66326
2024-10-24 15:15:00,1729763100,15085.4,15093.3,14916.3,15044.95,53196
2024-10-25 09:15:00,1729827900,15900,15900,13610.5,13682.3,1479238
2024-10-25 10:15:00,1729831500,13682,13871.35,13062.3,13229.95,670805
2024-10-25 11:15:00,1729835100,13230,13648,13107.15,13513.5,613943
2024-10-25 12:15:00,1729838700,13517.05,13833.9,13470.3,13572,494849
2024-10-25 13:15:00,1729842300,13572,13634.05,13343,13431.8,239065
2024-10-25 14:15:00,1729845900,13438,14017.45,13417.1,13888.05,522604
2024-10-25 15:15:00,1729849500,13890.2,13987,13793.85,13939,152661
2024-10-28 09:15:00,1730087100,14100,14220.2,13800,14136.45,377368
2024-10-28 10:15:00,1730090700,14130.05,14348.85,14110.2,14289.65,182322
2024-10-28 11:15:00,1730094300,14290,14331,14234.6,14322.55,70515
2024-10-28 12:15:00,1730097900,14322.55,14491.95,14296.05,14470,128835
2024-10-28 13:15:00,1730101500,14472.75,14498,14363.85,14400.95,84388
2024-10-28 14:15:00,1730105100,14404.45,14458,14240,14246,106917
2024-10-28 15:15:00,1730108700,14245.9,14280,14151.15,14165,58139
2024-10-29 09:15:00,1730173500,14299.95,14449.95,14206.55,14448,177995
2024-10-29 10:15:00,1730177100,14436.85,14478.65,14401.25,14442.95,81305
2024-10-29 11:15:00,1730180700,14447.3,14635,14422.5,14619.9,124733
2024-10-29 12:15:00,1730184300,14617.25,14738.55,14580.5,14729.95,94991
2024-10-29 13:15:00,1730187900,14730,14974.7,14721.3,14963.75,181991
2024-10-29 14:15:00,1730191500,14963.75,15035,14815,14936,217472
2024-10-29 15:15:00,1730195100,14936.6,15000,14878.95,14905.95,74915
2024-10-30 09:15:00,1730259900,14938.05,15092.9,14658.7,14763,269459
2024-10-30 10:15:00,1730263500,14763,14763,14390,14525,210554
2024-10-30 11:15:00,1730267100,14518.95,14540.15,14316.85,14358.8,102314
2024-10-30 12:15:00,1730270700,14359.6,14449.35,14280,14298.9,84650
2024-10-30 13:15:00,1730274300,14298,14347.5,14250.1,14276,77933
2024-10-30 14:15:00,1730277900,14282.75,14333,14133.35,14184.5,125181
2024-10-30 15:15:00,1730281500,14185.9,14194.95,14150,14194.95,72823
2024-10-31 09:15:00,1730346300,14250,14274.95,13920.2,14005.6,243593
2024-10-31 10:15:00,1730349900,14004.3,14119.95,13968,14098.45,69711
2024-10-31 11:15:00,1730353500,14101,14210.95,14073,14137.3,69211
2024-10-31 12:15:00,1730357100,14137.65,14155.95,13994.95,14044.5,68098
2024-10-31 13:15:00,1730360700,14040.4,14077.5,14000,14034.6,48221
2024-10-31 14:15:00,1730364300,14030.7,14078,13970,14070.45,89635
2024-10-31 15:15:00,1730367900,14070.15,14114.7,14043.25,14100,59796
2024-11-01 17:15:00,1730461500,14140,14360,14110,14220,37291
2024-11-01 18:15:00,1730465100,14221.55,14229.3,14028,14112,42553
2024-11-04 09:15:00,1730691900,14120,14132.7,13711.05,14063.15,184061
2024-11-04 10:15:00,1730695500,14063,14122,13951,13968.55,72686
2024-11-04 11:15:00,1730699100,13961.1,14210,13955.5,14105.8,92762
2024-11-04 12:15:00,1730702700,14102.2,14176,14074.5,14157.05,35861
2024-11-04 13:15:00,1730706300,14163.75,14543.95,14120,14360,139830
2024-11-04 14:15:00,1730709900,14358.2,14487.6,14280,14471.85,156290
2024-11-04 15:15:00,1730713500,14465.1,14490.5,14328.35,14350,48713
2024-11-05 09:15:00,1730778300,14364,14590.5,14261.5,14501.4,177907
2024-11-05 10:15:00,1730781900,14501.7,14545,14329.4,14377.35,67025
2024-11-05 11:15:00,1730785500,14377,14395.85,14180.6,14210,57438
2024-11-05 12:15:00,1730789100,14211.95,14264.15,14144.25,14205.3,52689
2024-11-05 13:15:00,1730792700,14210.05,14370,14190.1,14325,55849
2024-11-05 14:15:00,1730796300,14325,14425,14319.1,14415.9,55785
2024-11-05 15:15:00,1730799900,14420.45,14450,14364.95,14414,33035
2024-11-06 09:15:00,1730864700,14500.15,15635.8,14500,15615,673678
2024-11-06 10:15:00,1730868300,15632.3,15817,15570.25,15737.45,519310
2024-11-06 11:15:00,1730871900,15737.45,15805,15571.35,15584.8,266217
2024-11-06 12:15:00,1730875500,15585,15655.1,15436.65,15523.25,224692
2024-11-06 13:15:00,1730879100,15523.2,15599,15460.1,15584,117339
2024-11-06 14:15:00,1730882700,15579.15,15666,15531,15656.7,176114
2024-11-06 15:15:00,1730886300,15664.95,15726.45,15596.65,15630,103646
2024-11-07 09:15:00,1730951100,15747.6,15749,15525,15540,202608
2024-11-07 10:15:00,1730954700,15534.65,15676,15525,15673.65,82620
2024-11-07 11:15:00,1730958300,15672,15689,15588,15655.1,55876
2024-11-07 12:15:00,1730961900,15657.25,15790,15635.3,15747.45,83075
2024-11-07 13:15:00,1730965500,15747.4,15774,15675,15733,57549
2024-11-07 14:15:00,1730969100,15731.9,15740,15657.95,15705.75,81620
2024-11-07 15:15:00,1730972700,15709.15,15725,15680,15694.95,36157
2024-11-08 09:15:00,1731037500,15698.5,15969.2,15583.5,15724.15,215521
2024-11-08 10:15:00,1731041100,15718.65,15749,15480.9,15492.3,110319
2024-11-08 11:15:00,1731044700,15493.55,15659,15380,15648,110141
2024-11-08 12:15:00,1731048300,15652,15796.45,15621.35,15780.15,76902
2024-11-08 13:15:00,1731051900,15775.7,15789.9,15655,15674.7,52500
2024-11-08 14:15:00,1731055500,15674.7,15728.95,15623.45,15640,47834
2024-11-08 15:15:00,1731059100,15640,15641,15560.75,15578,31187
2024-11-11 09:15:00,1731296700,15621.1,15778,15417.6,15640,145662
2024-11-11 10:15:00,1731300300,15640,15685.95,15525.8,15581.1,74388
2024-11-11 11:15:00,1731303900,15581.1,15604.95,15455.45,15579.2,83060
2024-11-11 12:15:00,1731307500,15579.2,15598,15490,15498,53266
2024-11-11 13:15:00,1731311100,15498,15523.2,15411,15422,72052
2024-11-11 14:15:00,1731314700,15422,15450,15345.1,15390,90337
2024-11-11 15:15:00,1731318300,15389.95,15403.95,15376,15399.9,38021
2024-11-12 09:15:00,1731383100,15451.9,15660.95,15403.5,15417.05,120793
2024-11-12 10:15:00,1731386700,15417.05,15444.9,15330.9,15349.9,54796
2024-11-12 11:15:00,1731390300,15345.8,15400,15317.25,15364.55,22707
2024-11-12 12:15:00,1731393900,15364.55,15368.6,14998.55,15028.5,77610
2024-11-12 13:15:00,1731397500,15031.05,15150.95,14996.25,15062.75,96394
2024-11-12 14:15:00,1731401100,15062.75,15100,14960,14985.2,60995
2024-11-12 15:15:00,1731404700,14985.2,15038.8,14972.15,15009.95,44975
2024-11-13 09:15:00,1731469500,14990,15050,14540,14635.35,200421
2024-11-13 10:15:00,1731473100,14639.15,14846.95,14570,14795,66171
2024-11-13 11:15:00,1731476700,14788.75,14823.35,14717.15,14730,37187
2024-11-13 12:15:00,1731480300,14730,14839.65,14636.8,14701.7,50043
2024-11-13 13:15:00,1731483900,14706.1,14810,14603.15,14719.95,59281
2024-11-13 14:15:00,1731487500,14719,14730,14605.05,14675.1,73393
2024-11-13 15:15:00,1731491100,14676.4,14837.4,14676.4,14795.6,31697
2024-11-14 09:15:00,1731555900,14725.1,14944.95,14674.95,14843.9,106947
2024-11-14 10:15:00,1731559500,14846.05,15014.85,14825,14831.05,64602
2024-11-14 11:15:00,1731563100,14835,14867.25,14751,14837.5,53035
2024-11-14 12:15:00,1731566700,14841.1,15065,14768,15032.85,68632
2024-11-14 13:15:00,1731570300,15026.1,15088.5,14829.9,14842.1,70423
2024-11-14 14:15:00,1731573900,14842.6,14870.95,14730.3,14771.9,62139
2024-11-14 15:15:00,1731577500,14771.9,14804.8,14763.6,14800,20787
2024-11-18 09:15:00,1731901500,14950,15020.95,14794,14894.85,112843
2024-11-18 10:15:00,1731905100,14899.1,14945,14834.4,14902.2,37060
2024-11-18 11:15:00,1731908700,14908.15,14964.55,14836,14885.05,38984
2024-11-18 12:15:00,1731912300,14885.05,14910,14825,14844.65,43062
2024-11-18 13:15:00,1731915900,14844.65,14858,14755.6,14763.65,33360
2024-11-18 14:15:00,1731919500,14769.1,14877.9,14740.05,14799.75,76160
2024-11-18 15:15:00,1731923100,14799.75,14866.3,14788.45,14823,30723
2024-11-19 09:15:00,1731987900,14850.95,15382,14850.95,15247.4,196109
2024-11-19 10:15:00,1731991500,15249.95,15309,15070.05,15124.9,69441
2024-11-19 11:15:00,1731995100,15119.65,15169.95,15089.2,15116.85,29670
2024-11-19 12:15:00,1731998700,15116.95,15199.75,15080.1,15095.4,45057
2024-11-19 13:15:00,1732002300,15094.65,15237.95,15094.65,15142,45727
2024-11-19 14:15:00,1732005900,15142,15151.9,14840.2,14840.2,96905
2024-11-19 15:15:00,1732009500,14840.2,14865.9,14762.15,14775.25,33233
2024-11-21 09:15:00,1732160700,14948.4,14990,14725,14817.25,150732
2024-11-21 10:15:00,1732164300,14810,15089.1,14780,14992.05,101795
2024-11-21 11:15:00,1732167900,14993.1,15228.75,14993.1,15212.4,108772
2024-11-21 12:15:00,1732171500,15206.3,15339.6,15020.4,15093.55,113422
2024-11-21 13:15:00,1732175100,15094.6,15170,15017.55,15021,50336
2024-11-21 14:15:00,1732178700,15018,15082.15,14955,14977.6,64385
2024-11-21 15:15:00,1732182300,14975.85,15027.3,14972,15000,28453
2024-11-22 09:15:00,1732247100,15097.95,15130.75,14921.1,15066.3,93087
2024-11-22 10:15:00,1732250700,15060.15,15087.95,14990.15,15010,36698
2024-11-22 11:15:00,1732254300,15009.95,15190,14962.75,15143,61041
2024-11-22 12:15:00,1732257900,15143,15210,15093.7,15182.05,37821
2024-11-22 13:15:00,1732261500,15182.05,15236,15112.05,15211.4,32840
2024-11-22 14:15:00,1732265100,15212.65,15328.05,15201,15309.55,86020
2024-11-22 15:15:00,1732268700,15308,15490,15293.2,15400,53847
2024-11-25 09:15:00,1732506300,15704.95,15790,15590,15719.85,163289
2024-11-25 10:15:00,1732509900,15713.05,15735,15670,15715,41868
2024-11-25 11:15:00,1732513500,15715,15774.85,15471.05,15645,94083
2024-11-25 12:15:00,1732517100,15645,15654.8,15550,15614.8,33886
2024-11-25 13:15:00,1732520700,15616,15619,15553.2,15583.1,21610
2024-11-25 14:15:00,1732524300,15583.1,15756.1,15556.45,15743.9,161885
2024-11-25 15:15:00,1732527900,15743.85,15760,15706.1,15711.2,87968
2024-11-26 09:15:00,1732592700,15721,15721,15450,15505.05,113701
2024-11-26 10:15:00,1732596300,15509.75,15535,15405,15496.15,59323
2024-11-26 11:15:00,1732599900,15496.1,15531.95,15463.05,15492.05,25485
2024-11-26 12:15:00,1732603500,15488.85,15514,15450,15496.85,21171
2024-11-26 13:15:00,1732607100,15496.85,15520.05,15460,15492.5,19488
2024-11-26 14:15:00,1732610700,15494,15545,15471,15490.95,45152
2024-11-26 15:15:00,1732614300,15491.05,15527,15480.05,15496.55,30291
2024-11-27 09:15:00,1732679100,15600,15600,15365.3,15504,77405
2024-11-27 10:15:00,1732682700,15505.65,15530.95,15453.15,15502.25,24926
2024-11-27 11:15:00,1732686300,15496.65,15531.3,15422,15474.3,24036
2024-11-27 12:15:00,1732689900,15475.9,15534.95,15470.35,15525.05,20504
2024-11-27 13:15:00,1732693500,15530,15698,15524.95,15571.6,79858
2024-11-27 14:15:00,1732697100,15570,15677,15570,15611.4,46243
2024-11-27 15:15:00,1732700700,15611,15627.85,15588.15,15591.2,18358
2024-11-28 09:15:00,1732765500,15605,15980,15591.25,15863.7,188301
2024-11-28 10:15:00,1732769100,15865.25,15935,15710,15748.1,97974
2024-11-28 11:15:00,1732772700,15749.25,15760,15691.75,15740,30651
2024-11-28 12:15:00,1732776300,15740,15750,15651,15693.65,28672
2024-11-28 13:15:00,1732779900,15694,15734.75,15632.55,15664.85,32270
2024-11-28 14:15:00,1732783500,15673.05,15717.5,15533.8,15594,43163
2024-11-28 15:15:00,1732787100,15595.5,15669.85,15585.85,15635,21959
2024-11-29 09:15:00,1732851900,15626,15987.95,15626,15760.2,172298
2024-11-29 10:15:00,1732855500,15762.05,15810,15716.55,15750,47023
2024-11-29 11:15:00,1732859100,15750,15880,15745.55,15840,51257
2024-11-29 12:15:00,1732862700,15840.05,15864.65,15807.35,15823,17085
2024-11-29 13:15:00,1732866300,15823,15894,15800.05,15808.05,34652
2024-11-29 14:15:00,1732869900,15808.05,15849.9,15769.55,15779.95,56217
2024-11-29 15:15:00,1732873500,15781.45,15850.45,15779.95,15813.1,49694
2024-12-02 09:15:00,1733111100,16025,16824,16020,16728.2,681295
2024-12-02 10:15:00,1733114700,16730.8,16779.95,16583.1,16605,195907
2024-12-02 11:15:00,1733118300,16603.1,16663,16535,16565.6,90032
2024-12-02 12:15:00,1733121900,16565.95,16842.7,16550.2,16715.9,198121
2024-12-02 13:15:00,1733125500,16715.9,16781.8,16690,16720,71056
2024-12-02 14:15:00,1733129100,16720,16788,16705,16760,91674
2024-12-02 15:15:00,1733132700,16755.15,16793.85,16750.35,16770,82901
2024-12-03 09:15:00,1733197500,17000,17035,16650,16706.9,223542
2024-12-03 10:15:00,1733201100,16702.05,16739,16625,16660,53455
2024-12-03 11:15:00,1733204700,16652.15,16746,16614,16738,54248
2024-12-03 12:15:00,1733208300,16738,16849.95,16735,16784.7,71500
2024-12-03 13:15:00,1733211900,16784.7,16839.85,16752,16815,34938
2024-12-03 14:15:00,1733215500,16818.6,16900,16808,16855.8,79071
2024-12-03 15:15:00,1733219100,16855.75,16910,16852.8,16895,39166
2024-12-04 09:15:00,1733283900,16899,17317,16899,17187.9,267809
2024-12-04 10:15:00,1733287500,17190.65,17400,17189.75,17361.3,166975
2024-12-04 11:15:00,1733291100,17361.35,17419,17260,17381.05,134144
2024-12-04 12:15:00,1733294700,17387.55,17398,17328,17373,43457
2024-12-04 13:15:00,1733298300,17373,17450,17340.05,17423,61787
2024-12-04 14:15:00,1733301900,17423,17429,17330.7,17389.85,99307
2024-12-04 15:15:00,1733305500,17389.65,17428.35,17380,17390,50015
2024-12-05 09:15:00,1733370300,17400,17530,17295.5,17410.25,152163
2024-12-05 10:15:00,1733373900,17408,17439,17225.05,17238,80540
2024-12-05 11:15:00,1733377500,17241.45,17249.55,17117.85,17224,72524
2024-12-05 12:15:00,1733381100,17230,17240,17125.05,17230,41728
2024-12-05 13:15:00,1733384700,17230,17282.1,17190,17209.65,46915
2024-12-05 14:15:00,1733388300,17210,17325,17210,17304.05,69689
2024-12-05 15:15:00,1733391900,17305,17329,17285.2,17308,36090
2024-12-06 09:15:00,1733456700,17379,17379,17225,17296.45,78843
2024-12-06 10:15:00,1733460300,17300.5,17394,17283.1,17337.8,45118
2024-12-06 11:15:00,1733463900,17337.8,17505,17320.05,17383.2,65680
2024-12-06 12:15:00,1733467500,17387.5,17464,17326.85,17340,41633
2024-12-06 13:15:00,1733471100,17335.7,17418,17334.65,17390.6,21727
2024-12-06 14:15:00,1733474700,17386.1,17436,17376.5,17419.6,37152
2024-12-06 15:15:00,1733478300,17419.6,17459.05,17368.85,17430,27543
2024-12-09 09:15:00,1733715900,17421.05,17685,17370,17452,119491
2024-12-09 10:15:00,1733719500,17452,17506.5,17400,17480.35,34510
2024-12-09 11:15:00,1733723100,17480.35,17481.5,17405,17417.15,21959
2024-12-09 12:15:00,1733726700,17413.85,17509,17290,17361.95,63102
2024-12-09 13:15:00,1733730300,17359.8,17391.05,17302,17307,38546
2024-12-09 14:15:00,1733733900,17308.5,17369.6,17298,17348.95,52897
2024-12-09 15:15:00,1733737500,17347.9,17369,17313.55,17369,36986
2024-12-10 09:15:00,1733802300,17400,17404.9,17121.05,17329.65,120405
2024-12-10 10:15:00,1733805900,17330.7,17439.75,17320,17380,41664
2024-12-10 11:15:00,1733809500,17380,17447.5,17370.1,17378.75,32108
2024-12-10 12:15:00,1733813100,17378.75,17397.05,17342,17364.45,39024
2024-12-10 13:15:00,1733816700,17360,17480,17325,17433.15,30213
2024-12-10 14:15:00,1733820300,17438.25,17530,17418,17515.15,61496
2024-12-10 15:15:00,1733823900,17515.4,17525,17497,17510,29336
2024-12-11 09:15:00,1733888700,17499.4,17585,17403,17417.15,63650
2024-12-11 10:15:00,1733892300,17411.15,17566.45,17403,17536.05,51229
2024-12-11 11:15:00,1733895900,17535.3,17558,17442,17469.6,31570
2024-12-11 12:15:00,1733899500,17469.85,17505.95,17448,17467.65,19347
2024-12-11 13:15:00,1733903100,17467.65,17518.75,17454,17490.65,16170
2024-12-11 14:15:00,1733906700,17492.9,17529.05,17460,17525.15,36210
2024-12-11 15:15:00,1733910300,17525.1,17545,17515.05,17523.1,19648
2024-12-12 09:15:00,1733975100,17569.8,17800,17512.85,17771.85,153507
2024-12-12 10:15:00,1733978700,17771.85,17789,17661,17727.65,56525
2024-12-12 11:15:00,1733982300,17720.05,17735,17633.05,17686.95,31454
2024-12-12 12:15:00,1733985900,17686.95,17701,17670,17699,16901
2024-12-12 13:15:00,1733989500,17699,17704.95,17656.1,17672,18621
2024-12-12 14:15:00,1733993100,17668.95,17720,17650.1,17709.8,34338
2024-12-12 15:15:00,1733996700,17709.75,17716.4,17682.95,17710.1,25386
2024-12-13 09:15:00,1734061500,17639,17710,17556,17640.05,60769
2024-12-13 10:15:00,1734065100,17640.05,17815.85,17530.6,17769,61533
2024-12-13 11:15:00,1734068700,17768.7,17969.85,17732.5,17943.9,97043
2024-12-13 12:15:00,1734072300,17943.9,18034,17905,17965.05,80212
2024-12-13 13:15:00,1734075900,17973.7,17979,17860,17891.6,44387
2024-12-13 14:15:00,1734079500,17891.6,17994.65,17850.05,17947.4,58184
2024-12-13 15:15:00,1734083100,17940.35,18000,17922.15,17980,28656
2024-12-16 09:15:00,1734320700,18212,18735,18111,18670.3,506831
2024-12-16 10:15:00,1734324300,18670.7,18830,18629.6,18640.35,241785
2024-12-16 11:15:00,1734327900,18645,18764.85,18630,18756.05,91625
2024-12-16 12:15:00,1734331500,18760,18821.95,18715,18805.8,78059
2024-12-16 13:15:00,1734335100,18809.35,18870,18765,18797.5,106679
2024-12-16 14:15:00,1734338700,18797,18857.3,18762.7,18829.9,103027
2024-12-16 15:15:00,1734342300,18829.2,18850,18800,18815,71501
2024-12-17 09:15:00,1734407100,18823.95,19148.9,18700,19020,319192
2024-12-17 10:15:00,1734410700,19021.8,19038,18945.65,19000,67147
2024-12-17 11:15:00,1734414300,18999,19076,18950,19046.25,55096
2024-12-17 12:15:00,1734417900,19046.1,19090,19005.05,19007,50756
2024-12-17 13:15:00,1734421500,19007,19037.4,18936,18940,47068
2024-12-17 14:15:00,1734425100,18940,18978,18850,18952,75295
2024-12-17 15:15:00,1734428700,18952,18960,18885,18917.95,36672
2024-12-18 09:15:00,1734493500,19039,19117.1,18701,18800.1,210268
2024-12-18 10:15:00,1734497100,18800.55,18849.95,18731.9,18832.35,44923
2024-12-18 11:15:00,1734500700,18832.35,18918,18745,18780,53365
2024-12-18 12:15:00,1734504300,18778.05,18879.95,18711.1,18860.2,35069
2024-12-18 13:15:00,1734507900,18863.9,18920,18850.45,18888,36074
2024-12-18 14:15:00,1734511500,18888,18930,18863.2,18907.7,37839
2024-12-18 15:15:00,1734515100,18907.2,18950,18888,18893.8,30071
2024-12-19 09:15:00,1734579900,18500,18777,18500,18611,146419
2024-12-19 10:15:00,1734583500,18611,18611,18468,18471,50435
2024-12-19 11:15:00,1734587100,18471,18569.25,18430,18518.55,45905
2024-12-19 12:15:00,1734590700,18517.3,18530,18480,18497.5,22676
2024-12-19 13:15:00,1734594300,18497.5,18505,18436,18465.1,23690
2024-12-19 14:15:00,1734597900,18465.1,18479.95,18371.75,18406.75,85003
2024-12-19 15:15:00,1734601500,18406.05,18427.65,18360.8,18370,63097
2024-12-20 09:15:00,1734666300,18499,18499,18215,18252.45,83336
2024-12-20 10:15:00,1734669900,18236,18350,18205,18249.8,27500
2024-12-20 11:15:00,1734673500,18249.8,18252.2,18152.6,18152.6,26636
2024-12-20 12:15:00,1734677100,18152.6,18170,17975.35,17994.85,35693
2024-12-20 13:15:00,1734680700,17989.65,18052.9,17849.05,17858.25,30914
2024-12-20 14:15:00,1734684300,17851,18019.8,17770.55,17936.15,119230
2024-12-20 15:15:00,1734687900,17936.2,18009.95,17881.9,17960,79100
2024-12-23 09:15:00,1734925500,18058,18150,17655,17830,77840
2024-12-23 10:15:00,1734929100,17841.95,18027.1,17767.8,18020.05,40693
2024-12-23 11:15:00,1734932700,18020.05,18140,17990,18058.15,53812
2024-12-23 12:15:00,1734936300,18049.3,18108,17930,17991.95,37124
2024-12-23 13:15:00,1734939900,17990.2,18059.05,17953.3,18003,32529
2024-12-23 14:15:00,1734943500,18003.9,18085,17983.95,18006,33199
2024-12-23 15:15:00,1734947100,18006,18017.65,17975.1,17999,11496
2024-12-24 09:15:00,1735011900,18080,18095,17900,18076.95,41003
2024-12-24 10:15:00,1735015500,18077.05,18094.6,17980,18001,26394
2024-12-24 11:15:00,1735019100,17996.35,18027.45,17963.25,17990.95,13932
2024-12-24 12:15:00,1735022700,17980,17989.7,17921.5,17958,16585
2024-12-24 13:15:00,1735026300,17958,18019.75,17926.9,17959.9,23878
2024-12-24 14:15:00,1735029900,17959.9,17966.3,17831.1,17900,18365
2024-12-24 15:15:00,1735033500,17899.95,17921.8,17861,17880,10703
2024-12-26 09:15:00,1735184700,17900.55,17999,17864.05,17880.2,31542
2024-12-26 10:15:00,1735188300,17880,17918.65,17853,17899,11970
2024-12-26 11:15:00,1735191900,17899,17933.4,17824,17900.05,24090
2024-12-26 12:15:00,1735195500,17900.05,17967.65,17900,17955.1,11455
2024-12-26 13:15:00,1735199100,17955,18000,17920.3,18000,15490
2024-12-26 14:15:00,1735202700,18000,18009,17935,17975.25,18757
2024-12-26 15:15:00,1735206300,17971.05,18150,17970,18124.95,22222
2024-12-27 09:15:00,1735271100,18244,18608.65,17934.1,18000,142677
2024-12-27 10:15:00,1735274700,18005.75,18027.9,17710,17772,54892
2024-12-27 11:15:00,1735278300,17772,17980,17615,17794.8,55643
2024-12-27 12:15:00,1735281900,17793,17843.65,17760,17794.95,16800
2024-12-27 13:15:00,1735285500,17796.75,18038.5,17760.05,18038.5,57067
2024-12-27 14:15:00,1735289100,18038.5,18124,17950.05,17976.1,40971
2024-12-27 15:15:00,1735292700,17978,18015,17920.05,17999,21861
2024-12-30 09:15:00,1735530300,18035,18216.75,17840,17969.2,51095
2024-12-30 10:15:00,1735533900,17981.9,18074.6,17930.25,18021.4,22564
2024-12-30 11:15:00,1735537500,18021.35,18050,17985,18009.95,22848
2024-12-30 12:15:00,1735541100,18006.1,18006.25,17888,17911.6,26907
2024-12-30 13:15:00,1735544700,17905.6,17920,17733.8,17838.7,25974
2024-12-30 14:15:00,1735548300,17832.6,18250,17751,18065.7,143439
2024-12-30 15:15:00,1735551900,18065.65,18111.1,18000,18000,51520
2024-12-31 09:15:00,1735616700,18000,18000,17472,17564.75,92546
2024-12-31 10:15:00,1735620300,17566.4,17765,17549.85,17745.8,37142
2024-12-31 11:15:00,1735623900,17740,17784.7,17652,17752.8,22219
2024-12-31 12:15:00,1735627500,17753.15,17848,17746.1,17829,17652
2024-12-31 13:15:00,1735631100,17827,17999,17818.1,17997.8,37832
2024-12-31 14:15:00,1735634700,17995,18028.85,17924.55,17935.85,34378
2024-12-31 15:15:00,1735638300,17936.3,17970.95,17901,17933.95,17624
2025-01-01 09:15:00,1735703100,17934.05,18031.5,17772,17898,35891
2025-01-01 10:15:00,1735706700,17894.45,18050,17875.15,18000.05,19619
2025-01-01 11:15:00,1735710300,18004.6,18015.7,17845,17933.5,15840
2025-01-01 12:15:00,1735713900,17936,17958.8,17875,17904,11339
2025-01-01 13:15:00,1735717500,17904,18008,17855.1,17974.3,20157
2025-01-01 14:15:00,1735721100,17978.35,18000,17952,17996.55,39610
2025-01-01 15:15:00,1735724700,17996.15,18045,17967.05,18018,14579
2025-01-02 09:15:00,1735789500,18068,18195,17984.15,18175.2,36865
2025-01-02 10:15:00,1735793100,18179,18230,18130.05,18143,26066
2025-01-02 11:15:00,1735796700,18143,18149,18031.3,18043.55,20181
2025-01-02 12:15:00,1735800300,18041.4,18183.25,18032.15,18167.45,18094
2025-01-02 13:15:00,1735803900,18167.45,18337.95,18167.45,18258,35074
2025-01-02 14:15:00,1735807500,18258.05,18336.9,18231.95,18326.5,24700
2025-01-02 15:15:00,1735811100,18327.45,18382.7,18300,18305,18861
2025-01-03 09:15:00,1735875900,18398,18569,18382.7,18475,84018
2025-01-03 10:15:00,1735879500,18468.5,18584.65,18365.5,18425,41974
2025-01-03 11:15:00,1735883100,18419.05,18537.4,18392.05,18407,26350
2025-01-03 12:15:00,1735886700,18408.05,18409,18270.9,18356.55,32070
2025-01-03 13:15:00,1735890300,18356.3,18360.45,18270,18322.5,21899
2025-01-03 14:15:00,1735893900,18327.25,18508,18315.05,18398.5,37089
2025-01-03 15:15:00,1735897500,18398.45,18418.05,18364.55,18406,14581
2025-01-06 09:15:00,1736135100,18412,18700,18412,18557.95,79852
2025-01-06 10:15:00,1736138700,18560,18564.8,18224,18234.4,54717
2025-01-06 11:15:00,1736142300,18234.35,18328.1,18110.7,18253.65,43266
2025-01-06 12:15:00,1736145900,18253.25,18382,18234.2,18267.6,28029
2025-01-06 13:15:00,1736149500,18270.95,18270.95,18125,18190,23323
2025-01-06 14:15:00,1736153100,18190,18238.8,17971.35,17979.9,55749
2025-01-06 15:15:00,1736156700,17984.05,18025,17910.05,18024.95,27865
2025-01-07 09:15:00,1736221500,18142.1,18550,18100,18316.05,92559
2025-01-07 10:15:00,1736225100,18320,18368.85,18210,18263.5,21189
2025-01-07 11:15:00,1736228700,18263.1,18348,18256,18291.6,15373
2025-01-07 12:15:00,1736232300,18293.6,18543.35,18278.05,18478.1,33211
2025-01-07 13:15:00,1736235900,18478.1,18539,18382.6,18443.15,28709
2025-01-07 14:15:00,1736239500,18443.05,18497,18391.05,18459.85,24849
2025-01-07 15:15:00,1736243100,18454.5,18472,18421.4,18440.9,17572
2025-01-08 09:15:00,1736307900,18445,18445,17150,17237.3,350608
2025-01-08 10:15:00,1736311500,17240.85,17240.85,17001,17164.4,119237
2025-01-08 11:15:00,1736315100,17164.4,17274.95,16976.05,17021.7,77091
2025-01-08 12:15:00,1736318700,17019.35,17187.15,16987.8,17035,55333
2025-01-08 13:15:00,1736322300,17039.8,17160,16993,17113.6,51212
2025-01-08 14:15:00,1736325900,17113.6,17170.65,16855.3,16910,138184
2025-01-08 15:15:00,1736329500,16910.3,16950,16876.2,16900,64582
2025-01-09 09:15:00,1736394300,16901.1,17077.2,16706.7,16772.2,130482
2025-01-09 10:15:00,1736397900,16772.2,16962,16712,16807.6,103271
2025-01-09 11:15:00,1736401500,16807.6,17060,16787.1,16832.4,103376
2025-01-09 12:15:00,1736405100,16830.2,17001,16800,16951.75,46906
2025-01-09 13:15:00,1736408700,16959.9,17200,16850,17010.55,152037
2025-01-09 14:15:00,1736412300,17011.45,17067.45,16845.35,16874.65,48527
2025-01-09 15:15:00,1736415900,16877.85,16879.95,16780,16829.95,22587
2025-01-10 09:15:00,1736480700,16849,17040,16611,16716.85,101739
2025-01-10 10:15:00,1736484300,16725,16874,16621.1,16863.05,44312
2025-01-10 11:15:00,1736487900,16859.8,17155,16825.1,16865.75,114842
2025-01-10 12:15:00,1736491500,16865.2,16970,16860.5,16883,22439
2025-01-10 13:15:00,1736495100,16872.6,16897.3,16671.85,16672.35,27791
2025-01-10 14:15:00,1736498700,16673.2,16786,16658,16680.35,44027
2025-01-10 15:15:00,1736502300,16681.35,16726.5,16675,16675,21578
2025-01-13 09:15:00,1736739900,16500,16550,16301,16350,108917
2025-01-13 10:15:00,1736743500,16339.75,16352.95,16110,16150,62976
2025-01-13 11:15:00,1736747100,16150.1,16214.9,16090,16100,34428
2025-01-13 12:15:00,1736750700,16099,16199.25,16016.65,16048.05,35852
2025-01-13 13:15:00,1736754300,16041.95,16094.7,15865.1,15894.4,45896
2025-01-13 14:15:00,1736757900,15891,15915.65,15741,15876.55,87983
2025-01-13 15:15:00,1736761500,15875.95,15886.85,15800,15800,31550
2025-01-14 09:15:00,1736826300,15900,16350,15881.1,15945,124018
2025-01-14 10:15:00,1736829900,15941.15,16054,15910.05,16035.5,40114
2025-01-14 11:15:00,1736833500,16035.55,16222,15970,16204.95,66002
2025-01-14 12:15:00,1736837100,16201.3,16220,16040,16096.85,34391
2025-01-14 13:15:00,1736840700,16097.25,16215,16049.9,16206.45,40918
2025-01-14 14:15:00,1736844300,16208,16284.45,16065.25,16250.75,71792
2025-01-14 15:15:00,1736847900,16256.3,16372.4,16244.55,16300,56591
2025-01-15 09:15:00,1736912700,16400,16400,16104.25,16335.95,127535
2025-01-15 10:15:00,1736916300,16336,16619.6,16260,16619.2,88777
2025-01-15 11:15:00,1736919900,16625,16863.95,16582.15,16776.7,116194
2025-01-15 12:15:00,1736923500,16773.75,17028,16720,16847,117064
2025-01-15 13:15:00,1736927100,16847,16859.6,16792.35,16814.95,52004
2025-01-15 14:15:00,1736930700,16810,17007,16799.6,16975.05,82448
2025-01-15 15:15:00,1736934300,16975,16975,16882.05,16914.95,52986
2025-01-16 09:15:00,1736999100,17299,17300,16952,17112.05,70737
2025-01-16 10:15:00,1737002700,17112.05,17189,16985.25,17014.35,19901
2025-01-16 11:15:00,1737006300,17017.2,17115,16982,16985.5,14320
2025-01-16 12:15:00,1737009900,16985.5,17060.1,16965.25,17012.8,9388
2025-01-16 13:15:00,1737013500,17012.8,17025,16973.9,17005.9,9488
2025-01-16 14:15:00,1737017100,17005.95,17030,16900,16924,29535
2025-01-16 15:15:00,1737020700,16924,16967.6,16910.1,16944.45,18449
2025-01-17 09:15:00,1737085500,17060,17199,16811,17110.9,57050
2025-01-17 10:15:00,1737089100,17110.8,17149.9,16731.2,16870,54084
2025-01-17 11:15:00,1737092700,16863.1,16950,16812.45,16912.7,26030
2025-01-17 12:15:00,1737096300,16904.45,16949.95,16849.4,16894,14933
2025-01-17 13:15:00,1737099900,16894,16912.15,16860,16898.2,15778
2025-01-17 14:15:00,1737103500,16897.6,17330.5,16877,17240,169839
2025-01-17 15:15:00,1737107100,17241.2,17250,17165.9,17209.95,55292
2025-01-20 09:15:00,1737344700,17324,17528.55,17156.05,17232.1,87923
2025-01-20 10:15:00,1737348300,17232.1,17400,17191,17343.85,34369
2025-01-20 11:15:00,1737351900,17335.15,17579,17335.15,17406.55,87710
2025-01-20 12:15:00,1737355500,17408.05,17575,17401.4,17471.35,31497
2025-01-20 13:15:00,1737359100,17469.6,17535,17413.5,17454.6,11421
2025-01-20 14:15:00,1737362700,17452.2,17687.7,17450.65,17568.75,93915
2025-01-20 15:15:00,1737366300,17568.6,17572.45,17487,17520.5,13204
2025-01-21 09:15:00,1737431100,17248.25,17351,15521,15630.15,849623
2025-01-21 10:15:00,1737434700,15631.3,15634.45,15120,15260.1,355759
2025-01-21 11:15:00,1737438300,15268.1,15399,15122,15293.85,232259
2025-01-21 12:15:00,1737441900,15293.85,15311.55,15151,15248.95,163487
2025-01-21 13:15:00,1737445500,15250,15545,15225.55,15345,178227
2025-01-21 14:15:00,1737449100,15345.6,15349.95,15028,15135,286107
2025-01-21 15:15:00,1737452700,15134.95,15200.1,15080,15125,105961
2025-01-22 09:15:00,1737517500,15200,15239.7,14536,14974.45,510655
2025-01-22 10:15:00,1737521100,14980,14994.95,14601,14626.45,141266
2025-01-22 11:15:00,1737524700,14629.95,14754.95,14547.1,14603.55,93330
2025-01-22 12:15:00,1737528300,14603.55,14662.95,14340,14380,116831
2025-01-22 13:15:00,1737531900,14379.55,14469.75,14280,14410.35,100669
2025-01-22 14:15:00,1737535500,14420,14809.15,14380.05,14730,202116
2025-01-22 15:15:00,1737539100,14730.45,14801.95,14700,14734.35,53896
2025-01-23 09:15:00,1737603900,14730,15163,14604.95,15084.2,347839
2025-01-23 10:15:00,1737607500,15082.65,15275.75,15001,15240.3,159569
2025-01-23 11:15:00,1737611100,15240.35,15410,15180,15288.25,106800
2025-01-23 12:15:00,1737614700,15288.3,15337.5,15222.2,15286,51627
2025-01-23 13:15:00,1737618300,15286,15424.95,15277.5,15378.3,52992
2025-01-23 14:15:00,1737621900,15378.3,15500,15317.5,15498.55,88628
2025-01-23 15:15:00,1737625500,15499.9,15572.4,15421.1,15430,52786
2025-01-24 09:15:00,1737690300,15499,15638.3,15229,15315,186667
2025-01-24 10:15:00,1737693900,15322,15469.95,15200.95,15400,78311
2025-01-24 11:15:00,1737697500,15400,15559,15361.35,15559,50263
2025-01-24 12:15:00,1737701100,15553.5,15598,15435.05,15514,64684
2025-01-24 13:15:00,1737704700,15510,15550,15424,15499.85,27626
2025-01-24 14:15:00,1737708300,15499.8,15620,15458.3,15614.15,60854
2025-01-24 15:15:00,1737711900,15614.55,15710,15498,15500,38256
2025-01-27 09:15:00,1737949500,15250,15390.7,15155,15358.95,89224
2025-01-27 10:15:00,1737953100,15358.95,15520,15290,15475,49515
2025-01-27 11:15:00,1737956700,15470,15518,15400.05,15415,36700
2025-01-27 12:15:00,1737960300,15420,15539.95,15418.75,15528.85,27243
2025-01-27 13:15:00,1737963900,15528.9,15632,15520.95,15542.95,57729
2025-01-27 14:15:00,1737967500,15544.15,15595.2,15420,15422.15,51486
2025-01-27 15:15:00,1737971100,15422.15,15460,15371.95,15381,18547
2025-01-28 09:15:00,1738035900,15399,15471.75,14500,14612.15,272804
2025-01-28 10:15:00,1738039500,14614.85,14724.25,14411.45,14694.45,127792
2025-01-28 11:15:00,1738043100,14691.75,15008.15,14550,14991.8,117937
2025-01-28 12:15:00,1738046700,14991.4,15044.25,14821.35,14948,62434
2025-01-28 13:15:00,1738050300,14951.55,14995.1,14702.9,14813.8,55862
2025-01-28 14:15:00,1738053900,14812.95,14835.2,14502.95,14578.05,70565
2025-01-28 15:15:00,1738057500,14577.6,14640,14555.85,14610.3,34205
2025-01-29 09:15:00,1738122300,14600.55,15066,14600.55,15031,85351
2025-01-29 10:15:00,1738125900,15038.95,15080,14780,14791.5,53929
2025-01-29 11:15:00,1738129500,14790.95,14844.5,14649.45,14696,42962
2025-01-29 12:15:00,1738133100,14702.95,14741.95,14586,14626.9,37119
2025-01-29 13:15:00,1738136700,14626.9,14645.45,14500,14534.85,40193
2025-01-29 14:15:00,1738140300,14533.35,14599,14513.55,14561.65,33954
2025-01-29 15:15:00,1738143900,14561.95,14565,14484.1,14540,29879
2025-01-30 09:15:00,1738208700,14545.05,14884.45,14359.5,14811.3,122439
2025-01-30 10:15:00,1738212300,14809.85,14836.95,14602.9,14763.2,54157
2025-01-30 11:15:00,1738215900,14760,14819.1,14584.1,14662.7,36011
2025-01-30 12:15:00,1738219500,14665.3,14784.7,14524.5,14749.8,45575
2025-01-30 13:15:00,1738223100,14742.25,14753.2,14580.1,14602,35000
2025-01-30 14:15:00,1738226700,14602,14747.35,14540.3,14671.75,69358
2025-01-30 15:15:00,1738230300,14677.7,14692.5,14585.05,14622,22652
2025-01-31 09:15:00,1738295100,14768.5,14899,14407.7,14678.75,79202
2025-01-31 10:15:00,1738298700,14668,14840,14610.5,14824.15,36328
2025-01-31 11:15:00,1738302300,14824.15,14894.95,14796,14827.6,22944
2025-01-31 12:15:00,1738305900,14830.95,14855,14800,14821,10877
2025-01-31 13:15:00,1738309500,14827.2,14930.05,14753.4,14761.15,25402
2025-01-31 14:15:00,1738313100,14760.15,15036.65,14668.1,14988.3,68930
2025-01-31 15:15:00,1738316700,14988.1,15030,14969.1,15018.65,20513
2025-02-01 09:15:00,1738381500,15127.85,15167.75,14996.85,15106.6,35554
2025-02-01 10:15:00,1738385100,15106.6,15135.35,15007.7,15040.1,36994
2025-02-01 11:15:00,1738388700,15040.1,15305,14818.65,15149.95,107273
2025-02-01 12:15:00,1738392300,15149.95,15255,14350,14392.1,80803
2025-02-01 13:15:00,1738395900,14388.45,15041.8,13610,15004.55,192275
2025-02-01 14:15:00,1738399500,14990.8,15069.1,14734.15,14785.55,41098
2025-02-01 15:15:00,1738403100,14785.55,14797.4,14584.35,14664.75,30231
2025-02-03 09:15:00,1738554300,14580.1,14700,14225,14511.85,97658
2025-02-03 10:15:00,1738557900,14502.5,14506.3,14280,14369.95,50426
2025-02-03 11:15:00,1738561500,14369.65,14500,14229.45,14444.8,79018
2025-02-03 12:15:00,1738565100,14444.75,14475,14333,14473.05,22085
2025-02-03 13:15:00,1738568700,14474.25,14525,14366.55,14482.1,31949
2025-02-03 14:15:00,1738572300,14482.1,14538.35,14415.05,14522.45,37235
2025-02-03 15:15:00,1738575900,14520.95,14522.45,14411.4,14420,12786
2025-02-04 09:15:00,1738640700,14652.4,15104.45,14451,14876,93571
2025-02-04 10:15:00,1738644300,14867.3,14927.75,14535.6,14747.65,44773
2025-02-04 11:15:00,1738647900,14748,14856,14675.05,14744,21876
2025-02-04 12:15:00,1738651500,14744,14850,14686.8,14817.3,19863
2025-02-04 13:15:00,1738655100,14810.65,14885,14785.85,14802,27218
2025-02-04 14:15:00,1738658700,14800.1,14950,14752.5,14933.55,45092
2025-02-04 15:15:00,1738662300,14930.15,14994,14880,14880,21927
2025-02-05 09:15:00,1738727100,14922.7,15271.65,14880.05,15234.5,69915
2025-02-05 10:15:00,1738730700,15239,15340,15212,15263.4,36192
2025-02-05 11:15:00,1738734300,15252.6,15280,15169.7,15169.7,22146
2025-02-05 12:15:00,1738737900,15172.45,15269,15139.7,15263.4,16017
2025-02-05 13:15:00,1738741500,15263.4,15269,15175.1,15201.1,11298
2025-02-05 14:15:00,1738745100,15201.1,15214,15072.9,15086.85,34749
2025-02-05 15:15:00,1738748700,15086.9,15148.9,15071.1,15118.1,18797
2025-02-06 09:15:00,1738813500,15208.45,15258.45,14836.15,14925.55,99120
2025-02-06 10:15:00,1738817100,14920.5,14999,14780,14798.6,53622
2025-02-06 11:15:00,1738820700,14792.65,14800,14641.5,14723.85,54082
2025-02-06 12:15:00,1738824300,14737.65,14775.7,14550.05,14642.5,34288
2025-02-06 13:15:00,1738827900,14642.35,14677.2,14501.5,14526.55,39973
2025-02-06 14:15:00,1738831500,14529.5,14750,14525.6,14691.2,66567
2025-02-06 15:15:00,1738835100,14690,14730,14530,14575,37410
2025-02-07 09:15:00,1738899900,14724.45,15027.8,14687.65,14967.05,78886
2025-02-07 10:15:00,1738903500,14970,15175,14802,15106,58736
2025-02-07 11:15:00,1738907100,15105.8,15235.1,15101,15120,42448
2025-02-07 12:15:00,1738910700,15120,15190,14985.15,15178,42318
2025-02-07 13:15:00,1738914300,15178,15220,15028.95,15062,32422
2025-02-07 14:15:00,1738917900,15062,15180,15045,15153,30843
2025-02-07 15:15:00,1738921500,15153,15174.95,15130,15140,20329
2025-02-10 09:15:00,1739159100,15231.6,15244.45,14901,14973.55,52419
2025-02-10 10:15:00,1739162700,14973.55,15019,14921.05,15003.9,18045
2025-02-10 11:15:00,1739166300,15003.9,15020,14762,14783.8,34727
2025-02-10 12:15:00,1739169900,14787.3,14800.05,14739.35,14781.25,14397
2025-02-10 13:15:00,1739173500,14781.25,14800,14715,14725.75,15446
2025-02-10 14:15:00,1739177100,14725.7,14848.3,14693.2,14794.95,46926
2025-02-10 15:15:00,1739180700,14794.9,14800,14757.15,14799.45,22080
2025-02-11 09:15:00,1739245500,14848,14948,14715.05,14765.25,47519
2025-02-11 10:15:00,1739249100,14766,14885,14650,14698.6,28359
2025-02-11 11:15:00,1739252700,14700,14761.7,14513.8,14544.1,28271
2025-02-11 12:15:00,1739256300,14545.85,14564.4,14360,14364.9,27255
2025-02-11 13:15:00,1739259900,14364.8,14619.9,14360,14607.2,41610
2025-02-11 14:15:00,1739263500,14607,14692.95,14504.15,14679.85,46136
2025-02-11 15:15:00,1739267100,14678.45,14699,14650.2,14679.05,18814
2025-02-12 09:15:00,1739331900,14620.2,14666.25,14100,14139.15,77511
2025-02-12 10:15:00,1739335500,14137.6,14599.95,14072.5,14564.85,74857
2025-02-12 11:15:00,1739339100,14569.85,14849,14542.3,14747.1,46595
2025-02-12 12:15:00,1739342700,14747.15,14840.85,14670,14808.3,24934
2025-02-12 13:15:00,1739346300,14814.9,14875,14657.45,14669.95,24083
2025-02-12 14:15:00,1739349900,14666.5,14826.05,14624.55,14785.05,33567
2025-02-12 15:15:00,1739353500,14781.85,14786.05,14720,14720,13609
2025-02-13 09:15:00,1739418300,14839.75,15067.45,14811.05,15000,70338
2025-02-13 10:15:00,1739421900,15000.25,15046.75,14927.75,15022.5,31618
2025-02-13 11:15:00,1739425500,15022.5,15048.8,14881,14882.45,24427
2025-02-13 12:15:00,1739429100,14888.3,14908.5,14800.85,14812.75,27829
2025-02-13 13:15:00,1739432700,14807.3,14862.35,14670.35,14739.75,37117
2025-02-13 14:15:00,1739436300,14741.85,14756,14678.05,14725.6,27365
2025-02-13 15:15:00,1739439900,14725.9,14735.4,14640,14660,15436
2025-02-14 09:15:00,1739504700,14784.35,14894.6,14229,14231.4,80881
2025-02-14 10:15:00,1739508300,14228.45,14321.7,14023.65,14114.15,56636
2025-02-14 11:15:00,1739511900,14111,14198,14035,14035,45458
2025-02-14 12:15:00,1739515500,14033.3,14100,13880,13916.05,50828
2025-02-14 13:15:00,1739519100,13917.5,13970.5,13781.4,13799.3,48136
2025-02-14 14:15:00,1739522700,13798.1,14191.5,13790.1,14028.05,99211
2025-02-14 15:15:00,1739526300,14028,14070,13965.2,14061,36611
2025-02-17 09:15:00,1739763900,13863.2,14047.35,13592.25,13768.1,77303
2025-02-17 10:15:00,1739767500,13763.85,14175,13736.05,13944.35,51654
2025-02-17 11:15:00,1739771100,13943,13997.95,13842.8,13851,29893
2025-02-17 12:15:00,1739774700,13852.35,14054.85,13812,13944.6,31158
2025-02-17 13:15:00,1739778300,13944.6,14240,13927.3,14056.35,37561
2025-02-17 14:15:00,1739781900,14051.4,14230.6,14047.05,14212.7,29370
2025-02-17 15:15:00,1739785500,14215,14218,14164,14200,14263
2025-02-18 09:15:00,1739850300,14244,14341.5,14097.05,14148.05,51979
2025-02-18 10:15:00,1739853900,14145.85,14176.2,13887.9,13927.7,34004
2025-02-18 11:15:00,1739857500,13915,13980,13880,13926.05,16921
2025-02-18 12:15:00,1739861100,13925.2,13995,13833.3,13878.35,24841
2025-02-18 13:15:00,1739864700,13882,13980,13851.9,13936.35,21132
2025-02-18 14:15:00,1739868300,13936.35,14044,13930.1,14000,38372
2025-02-18 15:15:00,1739871900,14000,14010.05,13940.15,13967,12334
2025-02-19 09:15:00,1739936700,13881.4,14425,13830,14280,82933
2025-02-19 10:15:00,1739940300,14271.05,14351.4,14110,14200,37806
2025-02-19 11:15:00,1739943900,14193.85,14263.35,14155,14187,24759
2025-02-19 12:15:00,1739947500,14185.95,14198.2,14111,14134,19949
2025-02-19 13:15:00,1739951100,14134,14168.9,14070.05,14124.6,17800
2025-02-19 14:15:00,1739954700,14125.25,14129.6,14016,14100.3,26083
2025-02-19 15:15:00,1739958300,14100.55,14113.8,14065,14108.95,11956
2025-02-20 09:15:00,1740023100,14088.25,14199,13923.05,14144.8,48519
2025-02-20 10:15:00,1740026700,14142.7,14174,14092,14162.75,14654
2025-02-20 11:15:00,1740030300,14167.9,14194,14111,14157.3,9106
2025-02-20 12:15:00,1740033900,14153.75,14220,14128.05,14195.6,15183
2025-02-20 13:15:00,1740037500,14196.45,14232,14172,14219.9,22886
2025-02-20 14:15:00,1740041100,14223,14231.4,14170.6,14219.75,31803
2025-02-20 15:15:00,1740044700,14219.75,14270,14203.95,14250,13223
2025-02-21 09:15:00,1740109500,14202,14364.85,14055.1,14062.5,55986
2025-02-21 10:15:00,1740113100,14063.15,14207.5,14035.05,14121.35,20750
2025-02-21 11:15:00,1740116700,14124.75,14252.05,14104.05,14239,16964
2025-02-21 12:15:00,1740120300,14239.75,14299.95,14188.65,14259.25,22797
2025-02-21 13:15:00,1740123900,14259.25,14274.9,14040.1,14078.4,33361
2025-02-21 14:15:00,1740127500,14074.55,14085.4,13920.05,13998.25,58516
2025-02-21 15:15:00,1740131100,13998.15,14000,13926.05,13964.15,25767
2025-02-24 09:15:00,1740368700,13762,13871.95,13664.15,13764.25,54542
2025-02-24 10:15:00,1740372300,13760,13820,13695,13763.65,28375
2025-02-24 11:15:00,1740375900,13759.7,14026.25,13713.25,13855,53619
2025-02-24 12:15:00,1740379500,13855.45,13986,13840.1,13918.25,24675
2025-02-24 13:15:00,1740383100,13915,13963.95,13853.95,13918.6,26223
2025-02-24 14:15:00,1740386700,13918.6,14119.95,13851.15,14010.3,50481
2025-02-24 15:15:00,1740390300,14016.95,14065,14000.45,14018.6,18079
2025-02-25 09:15:00,1740455100,14000,14320,13940,14283.9,63168
2025-02-25 10:15:00,1740458700,14285,14326.6,14130.05,14199,37193
2025-02-25 11:15:00,1740462300,14199,14234.95,14145.7,14178.55,19740
2025-02-25 12:15:00,1740465900,14178.5,14195.1,14103.5,14155.95,18725
2025-02-25 13:15:00,1740469500,14155.95,14173.75,14111.95,14133.35,16031
2025-02-25 14:15:00,1740473100,14133.35,14178.25,14115.05,14154.15,23579
2025-02-25 15:15:00,1740476700,14154.15,14160.85,14122,14122,14353
2025-02-27 09:15:00,1740627900,14222.15,14240,13805,13851.1,57065
2025-02-27 10:15:00,1740631500,13856.65,13856.65,13665,13670.05,39369
2025-02-27 11:15:00,1740635100,13674.55,13760,13630,13642.5,31933
2025-02-27 12:15:00,1740638700,13642.45,13824.3,13640.1,13765.85,27192
2025-02-27 13:15:00,1740642300,13763.85,13887.75,13763,13803,27401
2025-02-27 14:15:00,1740645900,13795.35,13850,13701.1,13841.6,39347
2025-02-27 15:15:00,1740649500,13843.2,13870,13725,13725,17417
2025-02-28 09:15:00,1740714300,13725,13749.4,13453,13672.5,92262
2025-02-28 10:15:00,1740717900,13672.5,13869.9,13662.05,13756.1,63118
2025-02-28 11:15:00,1740721500,13755,13849,13587.5,13600,36411
2025-02-28 12:15:00,1740725100,13600,13770.85,13571.6,13711.55,87458
2025-02-28 13:15:00,1740728700,13715.2,13729.1,13630.05,13664.65,34258
2025-02-28 14:15:00,1740732300,13664.65,14044.95,13625,13990.45,325266
2025-02-28 15:15:00,1740735900,13988.7,14090.4,13932.8,14000,213045
2025-03-03 09:15:00,1740973500,13899.9,14036.2,13550,13581.25,63163
2025-03-03 10:15:00,1740977100,13581.7,13659.95,13350.1,13587.95,78037
2025-03-03 11:15:00,1740980700,13582.7,13665.1,13530.15,13665.1,37706
2025-03-03 12:15:00,1740984300,13661.6,14250,13611.65,14240,140572
2025-03-03 13:15:00,1740987900,14240,14536.45,13963.1,14022.25,124731
2025-03-03 14:15:00,1740991500,14028.15,14071.5,14000,14050,42855
2025-03-03 15:15:00,1740995100,14050,14087.35,14050,14050,23831
2025-03-04 09:15:00,1741059900,13850.05,14235.85,13812.05,14161.75,57514
2025-03-04 10:15:00,1741063500,14162,14294.95,14085,14246.4,30933
2025-03-04 11:15:00,1741067100,14246.8,14295,14188.55,14203.9,22426
2025-03-04 12:15:00,1741070700,14203.85,14233.45,14045.3,14115.2,21578
2025-03-04 13:15:00,1741074300,14115.2,14220,14084.8,14206.7,20821
2025-03-04 14:15:00,1741077900,14206.2,14250,14161,14192.85,33990
2025-03-04 15:15:00,1741081500,14195.9,14206.45,14145.1,14168.15,17079
2025-03-05 09:15:00,1741146300,14254.3,14373.5,14146.9,14305.4,45382
2025-03-05 10:15:00,1741149900,14311.05,14550,14305,14549.4,47926
2025-03-05 11:15:00,1741153500,14549.45,14710,14511.8,14607.9,39986
2025-03-05 12:15:00,1741157100,14608.05,14680.8,14560,14583.25,24713
2025-03-05 13:15:00,1741160700,14583.65,14628,14561,14594.55,19143
2025-03-05 14:15:00,1741164300,14594.4,14594.4,14461.1,14485,37475
2025-03-05 15:15:00,1741167900,14485.3,14530,14452.65,14488,18682
2025-03-06 09:15:00,1741232700,14650,14697.45,14458.4,14490,51113
2025-03-06 10:15:00,1741236300,14491,14547,14451,14518.35,31004
2025-03-06 11:15:00,1741239900,14518.25,14522,14282.45,14297.75,35062
2025-03-06 12:15:00,1741243500,14297.75,14466.9,14266,14395.2,32052
2025-03-06 13:15:00,1741247100,14399.1,14441.6,14350.45,14351.55,24487
2025-03-06 14:15:00,1741250700,14351.55,14386.5,14225,14242.7,41387
2025-03-06 15:15:00,1741254300,14242,14299.95,14209.05,14262.15,22134
2025-03-07 09:15:00,1741319100,14296.7,14335.75,14077.1,14189.8,44452
2025-03-07 10:15:00,1741322700,14197.1,14242.1,14111.05,14153.75,17590
2025-03-07 11:15:00,1741326300,14151.05,14236,14022.9,14025,27080
2025-03-07 12:15:00,1741329900,14017.65,14045,13959.05,13976.95,23599
2025-03-07 13:15:00,1741333500,13980.9,14039,13921,13936.5,18999
2025-03-07 14:15:00,1741337100,13936.5,13995,13900,13928.5,40131
2025-03-07 15:15:00,1741340700,13928.5,13929.35,13860,13888,29247
2025-03-10 09:15:00,1741578300,13911.25,14087.95,13625,13717,69454
2025-03-10 10:15:00,1741581900,13717.9,13779.95,13611.5,13618.5,29103
2025-03-10 11:15:00,1741585500,13618.5,13618.5,13300,13355,87442
2025-03-10 12:15:00,1741589100,13352,13515.7,13302,13475,65166
2025-03-10 13:15:00,1741592700,13470,13473.95,13250,13264.1,48480
2025-03-10 14:15:00,1741596300,13254.95,13288,13109.3,13164.1,93519
2025-03-10 15:15:00,1741599900,13164.1,13165,13053,13087.7,55227
2025-03-11 09:15:00,1741664700,12925.1,13065.65,12750.1,13027,143287
2025-03-11 10:15:00,1741668300,13026.25,13241,12955.45,13104,73932
2025-03-11 11:15:00,1741671900,13104,13161.9,12980.9,13139.6,52772
2025-03-11 12:15:00,1741675500,13140.3,13215,13070,13100,40580
2025-03-11 13:15:00,1741679100,13098.7,13230,13084.75,13204,39735
2025-03-11 14:15:00,1741682700,13200.15,13375.7,13200.15,13288.35,60672
2025-03-11 15:15:00,1741686300,13288.35,13348,13268.85,13348,23037
2025-03-12 09:15:00,1741751100,13240,13385.2,12941.35,12963.25,57519
2025-03-12 10:15:00,1741754700,12963.5,13011.5,12837.2,12872,85155
2025-03-12 11:15:00,1741758300,12874.7,12920,12801,12895,29743
2025-03-12 12:15:00,1741761900,12895,12950.55,12762,12942.35,63708
2025-03-12 13:15:00,1741765500,12942.35,13017,12901,12959,33230
2025-03-12 14:15:00,1741769100,12960,13093.95,12955.05,13062.6,52301
2025-03-12 15:15:00,1741772700,13061.9,13105,13033.85,13052.3,27951
2025-03-13 09:15:00,1741837500,13144.95,13241.4,12992.25,13195.5,57405
2025-03-13 10:15:00,1741841100,13193.95,13380,13193.95,13300,52843
2025-03-13 11:15:00,1741844700,13307.15,13465,13230,13438.7,54087
2025-03-13 12:15:00,1741848300,13437,13598,13400,13527.45,65549
2025-03-13 13:15:00,1741851900,13531.65,13570,13451.95,13464.8,38128
2025-03-13 14:15:00,1741855500,13465.5,13465.5,13304,13327.05,74004
2025-03-13 15:15:00,1741859100,13327.3,13338.4,13291.3,13300,26087
2025-03-17 09:15:00,1742183100,13144.85,13510,13144.85,13430.15,78838
2025-03-17 10:15:00,1742186700,13430,13449.65,13270,13301.75,43271
2025-03-17 11:15:00,1742190300,13302,13400,13291.75,13317.35,15572
2025-03-17 12:15:00,1742193900,13317.35,13323.95,13100,13140,30328
2025-03-17 13:15:00,1742197500,13143.55,13260,13140,13204.9,24574
2025-03-17 14:15:00,1742201100,13200,13203.45,13077,13089,61667
2025-03-17 15:15:00,1742204700,13095.95,13125.75,13054.6,13075.05,26849
2025-03-18 09:15:00,1742269500,13185,13324.4,13090,13284.95,66116
2025-03-18 10:15:00,1742273100,13290.7,13365.5,13222,13306.3,27441
2025-03-18 11:15:00,1742276700,13310.45,13424,13273.65,13348.9,28544
2025-03-18 12:15:00,1742280300,13344.15,13419.85,13312.5,13403.85,22470
2025-03-18 13:15:00,1742283900,13403.85,13476,13389.75,13472.05,30981
2025-03-18 14:15:00,1742287500,13472.05,13498,13423.85,13455.25,39485
2025-03-18 15:15:00,1742291100,13450,13540,13443,13539,20233
2025-03-19 09:15:00,1742355900,13524,13700,13420,13675.15,68699
2025-03-19 10:15:00,1742359500,13677.4,13775,13673,13750,27686
2025-03-19 11:15:00,1742363100,13747.55,13784,13735,13746.4,12817
2025-03-19 12:15:00,1742366700,13747.2,13880,13747.2,13829,41460
2025-03-19 13:15:00,1742370300,13828.5,13917.2,13822.25,13900,22311
2025-03-19 14:15:00,1742373900,13900,13989.65,13840.15,13855.85,50140
2025-03-19 15:15:00,1742377500,13855.8,13879.85,13774.25,13795.8,26212
2025-03-20 09:15:00,1742442300,13875.6,14085,13754.3,13793.85,86247
2025-03-20 10:15:00,1742445900,13791.8,13894.5,13769,13875,28291
2025-03-20 11:15:00,1742449500,13871,13973.85,13835.65,13941,14396
2025-03-20 12:15:00,1742453100,13940,13971.15,13905,13933.85,8778
2025-03-20 13:15:00,1742456700,13933.35,13955,13905.6,13926.55,9023
2025-03-20 14:15:00,1742460300,13926,14019.9,13888.2,13910.55,47313
2025-03-20 15:15:00,1742463900,13918.9,13924.6,13873.15,13880,17031
2025-03-21 09:15:00,1742528700,13880,14122.95,13834.45,14017.5,49658
2025-03-21 10:15:00,1742532300,14012.45,14056.75,13954.25,14003.8,17876
2025-03-21 11:15:00,1742535900,14001.6,14058.9,14000,14050.3,25928
2025-03-21 12:15:00,1742539500,14050.3,14075,14035,14069,10777
2025-03-21 13:15:00,1742543100,14067.7,14090,13955,14049.85,36869
2025-03-21 14:15:00,1742546700,14050,14075,14028.5,14060.6,74958
2025-03-21 15:15:00,1742550300,14060.55,14062.2,14026.2,14050,40845
2025-03-24 09:15:00,1742787900,14122,14344,14121,14281.6,58789
2025-03-24 10:15:00,1742791500,14281.6,14463,14281.5,14461.65,35615
2025-03-24 11:15:00,1742795100,14462,14650,14430,14624,48491
2025-03-24 12:15:00,1742798700,14623.45,14675,14508.05,14624.1,44876
2025-03-24 13:15:00,1742802300,14614.5,14720,14591.85,14692.95,36960
2025-03-24 14:15:00,1742805900,14688,14700.2,14586.9,14615.8,38718
2025-03-24 15:15:00,1742809500,14619.6,14619.6,14577,14600,21059
2025-03-25 09:15:00,1742874300,14676.65,14740,13976.5,13989.95,209644
2025-03-25 10:15:00,1742877900,13988,14043.15,13840,13892,103846
2025-03-25 11:15:00,1742881500,13893,13985.1,13802,13956.35,70117
2025-03-25 12:15:00,1742885100,13956.8,13963.1,13765,13799.9,81954
2025-03-25 13:15:00,1742888700,13801.8,13868.95,13760.65,13809.95,62636
2025-03-25 14:15:00,1742892300,13802,13815,13689,13709.65,139906
2025-03-25 15:15:00,1742895900,13713.9,13726.7,13495,13568,166898
2025-03-26 09:15:00,1742960700,13651.05,13691.05,13406.8,13659.8,131202
2025-03-26 10:15:00,1742964300,13656.7,13670.5,13460,13512,40110
2025-03-26 11:15:00,1742967900,13512.4,13568.8,13464,13480,25521
2025-03-26 12:15:00,1742971500,13480,13525,13433.75,13453.45,25405
2025-03-26 13:15:00,1742975100,13451.6,13489.8,13340,13369.5,39819
2025-03-26 14:15:00,1742978700,13368,13374,13218.05,13269,154424
2025-03-26 15:15:00,1742982300,13269,13272,13216,13260.05,36019
2025-03-27 09:15:00,1743047100,13300,13524.95,13290,13464.75,85249
2025-03-27 10:15:00,1743050700,13464.75,13575,13436,13574.95,46703
2025-03-27 11:15:00,1743054300,13574.95,13640,13529.2,13595.55,60930
2025-03-27 12:15:00,1743057900,13595.55,13673.95,13430,13430,73683
2025-03-27 13:15:00,1743061500,13433.55,13434,13336.75,13352.1,38985
2025-03-27 14:15:00,1743065100,13352.1,13550.4,13333,13535.2,136900
2025-03-27 15:15:00,1743068700,13535.2,13550,13100,13470,95404
2025-03-28 09:15:00,1743133500,13516,13680.8,13474.05,13493.05,68215
2025-03-28 10:15:00,1743137100,13490,13625,13401.35,13407.8,43855
2025-03-28 11:15:00,1743140700,13408.7,13455.95,13310,13317.55,33400
2025-03-28 12:15:00,1743144300,13317.5,13333.75,13164,13196.2,64949
2025-03-28 13:15:00,1743147900,13196.2,13200,13009.4,13108,55341
2025-03-28 14:15:00,1743151500,13108.95,13390,13081.6,13184.6,123605
2025-03-28 15:15:00,1743155100,13188.95,13199.8,13132.55,13175,41063
2025-04-01 09:15:00,1743479100,13199,13450,13105.05,13317.4,79746
2025-04-01 10:15:00,1743482700,13318.65,13403.95,13101,13137.65,50179
2025-04-01 11:15:00,1743486300,13132,13186.5,13021,13099,40959
2025-04-01 12:15:00,1743489900,13093.05,13149,12921.3,12948.8,47136
2025-04-01 13:15:00,1743493500,12951.2,13024.95,12880,12962.8,35856
2025-04-01 14:15:00,1743497100,12960,12978,12910,12925.05,31309
2025-04-01 15:15:00,1743500700,12927.75,12930.6,12902.4,12924.8,19565
2025-04-02 09:15:00,1743565500,12950,13168.05,12899.75,13086.9,99426
2025-04-02 10:15:00,1743569100,13081.45,13120,12991,13068.4,36510
2025-04-02 11:15:00,1743572700,13065,13295,13025,13240.75,51627
2025-04-02 12:15:00,1743576300,13241.05,13389.95,13237.05,13379.95,57728
2025-04-02 13:15:00,1743579900,13377.3,13400.45,13330,13357.4,35213
2025-04-02 14:15:00,1743583500,13357.4,13485,13350.6,13445.55,78408
2025-04-02 15:15:00,1743587100,13445.55,13472.3,13435,13435,31838
2025-04-03 09:15:00,1743651900,13303.2,13567.45,13095,13189,140028
2025-04-03 10:15:00,1743655500,13189,13246,13130.7,13186.85,27012
2025-04-03 11:15:00,1743659100,13186.85,13425,13118,13391.35,49306
2025-04-03 12:15:00,1743662700,13396.5,13435,13335.3,13373.65,24447
2025-04-03 13:15:00,1743666300,13379.95,13474.9,13368.5,13454.95,32681
2025-04-03 14:15:00,1743669900,13456.3,13520,13450.8,13485.95,49110
2025-04-03 15:15:00,1743673500,13485.4,13497,13466.5,13470,20716
2025-04-04 09:15:00,1743738300,13450.05,13472.75,13038,13138.65,100632
2025-04-04 10:15:00,1743741900,13140,13258,13070.1,13207.55,41622
2025-04-04 11:15:00,1743745500,13207.45,13221,13090,13121.95,22072
2025-04-04 12:15:00,1743749100,13117.1,13203.75,13099.55,13166.35,16660
2025-04-04 13:15:00,1743752700,13166.6,13187.3,13051,13125.3,34773
2025-04-04 14:15:00,1743756300,13129.85,13168,13050.1,13145,44779
2025-04-04 15:15:00,1743759900,13144.55,13160,13115.85,13153.95,18726
2025-04-07 09:15:00,1743997500,12202.2,12897,12202.2,12539.85,155850
2025-04-07 10:15:00,1744001100,12532.65,12749,12473.7,12693.35,56425
2025-04-07 11:15:00,1744004700,12693.35,12723.7,12476.25,12480.6,57676
2025-04-07 12:15:00,1744008300,12480,12518.95,12390.05,12434.1,48249
2025-04-07 13:15:00,1744011900,12436.75,12520.95,12419,12448.95,36889
2025-04-07 14:15:00,1744015500,12449.65,12598,12413,12570,73828
2025-04-07 15:15:00,1744019100,12571.25,12647.65,12530,12640,37053
2025-04-08 09:15:00,1744083900,13000,13239.95,12802,12857.4,123222
2025-04-08 10:15:00,1744087500,12851.5,12958,12751,12910,46295
2025-04-08 11:15:00,1744091100,12910,12988,12877.1,12982.55,29985
2025-04-08 12:15:00,1744094700,12985,13037.15,12950.1,13019.45,24455
2025-04-08 13:15:00,1744098300,13018.5,13065.15,12965,13008.15,29051
2025-04-08 14:15:00,1744101900,13008.15,13053.6,12942,12976.95,79560
2025-04-08 15:15:00,1744105500,12976.95,13050,12970.6,13041,24169
2025-04-09 09:15:00,1744170300,13130,13177,12773.15,12784,127931
2025-04-09 10:15:00,1744173900,12780.3,12939.25,12755,12860,43540
2025-04-09 11:15:00,1744177500,12858.85,13064,12858.85,13041.65,52071
2025-04-09 12:15:00,1744181100,13042,13237.75,12988.5,13213.2,86094
2025-04-09 13:15:00,1744184700,13215.7,13255,13150,13225,41966
2025-04-09 14:15:00,1744188300,13223.45,13313.9,13191.7,13284.7,68615
2025-04-09 15:15:00,1744191900,13285.1,13300,13251,13265,27224
2025-04-11 09:15:00,1744343100,13946.55,14180,13560.45,14074.3,368234
2025-04-11 10:15:00,1744346700,14074.55,14191.55,13980,14170,133054
2025-04-11 11:15:00,1744350300,14170,14299,14165.75,14273,152707
2025-04-11 12:15:00,1744353900,14271.65,14300,14245.6,14263.35,59812
2025-04-11 13:15:00,1744357500,14268,14294.95,14160,14210,93434
2025-04-11 14:15:00,1744361100,14209.9,14328,14188.85,14301,137087
2025-04-11 15:15:00,1744364700,14303.45,14339,14260,14260,76902
2025-04-15 09:15:00,1744688700,14800,14806,14502,14616,364815
2025-04-15 10:15:00,1744692300,14602,14674,14563,14615,80335
2025-04-15 11:15:00,1744695900,14617,14825,14615,14795,94350
2025-04-15 12:15:00,1744699500,14796,14801,14750,14774,38771
2025-04-15 13:15:00,1744703100,14771,14931,14757,14917,78532
2025-04-15 14:15:00,1744706700,14918,14949,14850,14915,101628
2025-04-15 15:15:00,1744710300,14913,14987,14910,14940,42763
2025-04-16 09:15:00,1744775100,14980,15288,14802,15217,236323
2025-04-16 10:15:00,1744778700,15224,15283,15150,15222,94526
2025-04-16 11:15:00,1744782300,15227,15255,15133,15201,61310
2025-04-16 12:15:00,1744785900,15202,15279,15190,15253,44605
2025-04-16 13:15:00,1744789500,15253,15315,15200,15287,56361
2025-04-16 14:15:00,1744793100,15287,15290,15236,15257,73957
2025-04-16 15:15:00,1744796700,15257,15270,15191,15210,39262
2025-04-17 09:15:00,1744861500,15210,15380,15160,15199,158103
2025-04-17 10:15:00,1744865100,15200,15281,15150,15261,39567
2025-04-17 11:15:00,1744868700,15261,15325,15255,15310,33499
2025-04-17 12:15:00,1744872300,15310,15340,15280,15324,24207
2025-04-17 13:15:00,1744875900,15324,15325,15260,15305,26440
2025-04-17 14:15:00,1744879500,15302,15419,15293,15342,54566
2025-04-17 15:15:00,1744883100,15337,15347,15292,15309,28853
2025-04-21 09:15:00,1745207100,15399,15980,15386,15835,179195
2025-04-21 10:15:00,1745210700,15835,15966,15835,15879,53853
2025-04-21 11:15:00,1745214300,15879,15974,15820,15972,39916
2025-04-21 12:15:00,1745217900,15970,15997,15890,15930,35584
2025-04-21 13:15:00,1745221500,15927,15960,15891,15930,26170
2025-04-21 14:15:00,1745225100,15929,15969,15774,15799,111229
2025-04-21 15:15:00,1745228700,15798,15850,15797,15833,30992
2025-04-22 09:15:00,1745293500,15955,16796,15875,16720,448208
2025-04-22 10:15:00,1745297100,16720,16721,16456,16608,169944
2025-04-22 11:15:00,1745300700,16606,16636,16505,16610,60302
2025-04-22 12:15:00,1745304300,16610,16828,16560,16709,132453
2025-04-22 13:15:00,1745307900,16709,16820,16686,16780,81600
2025-04-22 14:15:00,1745311500,16780,16785,16635,16675,127263
2025-04-22 15:15:00,1745315100,16676,16740,16640,16660,57905
2025-04-23 09:15:00,1745379900,16949,17069,16311,16416,439942
2025-04-23 10:15:00,1745383500,16413,16539,16380,16500,94570
2025-04-23 11:15:00,1745387100,16499,16760,16493,16525,134695
2025-04-23 12:15:00,1745390700,16532,16584,16473,16550,56538
2025-04-23 13:15:00,1745394300,16555,16640,16511,16582,51687
2025-04-23 14:15:00,1745397900,16586,16642,16555,16598,65986
2025-04-23 15:15:00,1745401500,16597,16629,16580,16580,39537
2025-04-24 09:15:00,1745466300,16607,16610,16408,16474,106250
2025-04-24 10:15:00,1745469900,16472,16555,16421,16530,39699
2025-04-24 11:15:00,1745473500,16535,16545,16480,16517,16848
2025-04-24 12:15:00,1745477100,16517,16670,16517,16587,45125
2025-04-24 13:15:00,1745480700,16587,16640,16551,16572,22561
2025-04-24 14:15:00,1745484300,16572,16640,16546,16599,46177
2025-04-24 15:15:00,1745487900,16597,16740,16554,16721,30129
2025-04-25 09:15:00,1745552700,16590,16925,16320,16459,222376
2025-04-25 10:15:00,1745556300,16452,16472,16100,16217,93400
2025-04-25 11:15:00,1745559900,16208,16354,16114,16335,57567
2025-04-25 12:15:00,1745563500,16335,16512,16294,16501,65823
2025-04-25 13:15:00,1745567100,16501,16589,16200,16259,80249
2025-04-25 14:15:00,1745570700,16261,16352,16229,16230,52351
2025-04-25 15:15:00,1745574300,16229,16246,16159,16164,36525
2025-04-28 09:15:00,1745811900,16305,16674,16305,16608,158228
2025-04-28 10:15:00,1745815500,16600,16608,16415,16415,48847
2025-04-28 11:15:00,1745819100,16426,16499,16366,16397,36040
2025-04-28 12:15:00,1745822700,16397,16494,16389,16460,24051
2025-04-28 13:15:00,1745826300,16456,16465,16400,16417,19040
2025-04-28 14:15:00,1745829900,16420,16435,16321,16398,42837
2025-04-28 15:15:00,1745833500,16394,16499,16363,16479,31137
2025-04-29 09:15:00,1745898300,16599,16857,16560,16618,129862
2025-04-29 10:15:00,1745901900,16618,16695,16568,16650,32361
2025-04-29 11:15:00,1745905500,16650,16666,16542,16592,24327
2025-04-29 12:15:00,1745909100,16598,16610,16554,16569,15389
2025-04-29 13:15:00,1745912700,16566,16600,16550,16571,15242
2025-04-29 14:15:00,1745916300,16570,16610,16520,16610,33967
2025-04-29 15:15:00,1745919900,16608,16665,16590,16590,23587
2025-04-30 09:15:00,1745984700,16680,16680,16310,16415,102898
2025-04-30 10:15:00,1745988300,16414,16499,16355,16458,40940
2025-04-30 11:15:00,1745991900,16458,16530,16333,16372,28087
2025-04-30 12:15:00,1745995500,16371,16417,16315,16372,19291
2025-04-30 13:15:00,1745999100,16372,16379,16271,16293,19878
2025-04-30 14:15:00,1746002700,16293,16468,16277,16449,81935
2025-04-30 15:15:00,1746006300,16448,16640,16338,16400,67638
2025-05-02 09:15:00,1746157500,16452,16752,16381,16655,95443
2025-05-02 10:15:00,1746161100,16655,16775,16654,16690,55865
2025-05-02 11:15:00,1746164700,16686,16694,16607,16625,27655
2025-05-02 12:15:00,1746168300,16620,16628,16360,16470,61432
2025-05-02 13:15:00,1746171900,16470,16543,16456,16471,23278
2025-05-02 14:15:00,1746175500,16475,16492,16352,16370,32735
2025-05-02 15:15:00,1746179100,16372,16372,16307,16350,25002
2025-05-05 09:15:00,1746416700,16469,16520,16327,16430,68138
2025-05-05 10:15:00,1746420300,16430,16580,16415,16544,40955
2025-05-05 11:15:00,1746423900,16550,16568,16467,16500,20422
2025-05-05 12:15:00,1746427500,16500,16614,16480,16558,24040
2025-05-05 13:15:00,1746431100,16558,16740,16551,16666,52020
2025-05-05 14:15:00,1746434700,16663,16738,16660,16726,50988
2025-05-05 15:15:00,1746438300,16726,16759,16648,16690,45894
2025-05-06 09:15:00,1746503100,16711,16715,16401,16455,88177
2025-05-06 10:15:00,1746506700,16455,16475,16302,16306,43019
2025-05-06 11:15:00,1746510300,16305,16352,16210,16282,38829
2025-05-06 12:15:00,1746513900,16282,16300,16200,16230,22086
2025-05-06 13:15:00,1746517500,16231,16250,16120,16122,36637
2025-05-06 14:15:00,1746521100,16121,16148,16061,16081,50530
2025-05-06 15:15:00,1746524700,16082,16083,16007,16041,41000
2025-05-07 09:15:00,1746589500,15930,16245,15801,15885,151107
2025-05-07 10:15:00,1746593100,15885,16159,15750,16159,72037
2025-05-07 11:15:00,1746596700,16160,16220,16066,16150,49264
2025-05-07 12:15:00,1746600300,16150,16186,15988,16032,31368
2025-05-07 13:15:00,1746603900,16032,16100,15990,16057,23590
2025-05-07 14:15:00,1746607500,16056,16095,16002,16075,31054
2025-05-07 15:15:00,1746611100,16078,16137,16078,16100,22743
2025-05-08 09:15:00,1746675900,16200,16321,16083,16276,65744
2025-05-08 10:15:00,1746679500,16275,16380,16200,16231,40410
2025-05-08 11:15:00,1746683100,16231,16263,16150,16161,18805
2025-05-08 12:15:00,1746686700,16167,16202,16025,16040,23346
2025-05-08 13:15:00,1746690300,16040,16040,15816,15818,44216
2025-05-08 14:15:00,1746693900,15819,15945,15620,15652,61206
2025-05-08 15:15:00,1746697500,15653,15672,15550,15550,33945
2025-05-09 09:15:00,1746762300,15151,15522,15051,15169,134593
2025-05-09 10:15:00,1746765900,15172,15249,15071,15120,44028
2025-05-09 11:15:00,1746769500,15120,15285,15089,15208,39590
2025-05-09 12:15:00,1746773100,15217,15243,15090,15125,25948
2025-05-09 13:15:00,1746776700,15125,15155,15066,15146,20302
2025-05-09 14:15:00,1746780300,15141,15200,15080,15150,44557
2025-05-09 15:15:00,1746783900,15146,15279,15145,15240,28877
2025-05-12 09:15:00,1747021500,15980,16224,15782,16136,181897
2025-05-12 10:15:00,1747025100,16140,16205,16124,16165,44122
2025-05-12 11:15:00,1747028700,16169,16210,16142,16187,25170
2025-05-12 12:15:00,1747032300,16183,16260,15565,15864,175927
2025-05-12 13:15:00,1747035900,15865,16017,15816,15993,53335
2025-05-12 14:15:00,1747039500,15996,16066,15980,16028,46622
2025-05-12 15:15:00,1747043100,16028,16129,16027,16108,28804
2025-05-13 09:15:00,1747107900,16098,16510,16040,16413,181647
2025-05-13 10:15:00,1747111500,16406,16440,16301,16395,54395
2025-05-13 11:15:00,1747115100,16399,16499,16392,16395,54777
2025-05-13 12:15:00,1747118700,16393,16399,16140,16225,74393
2025-05-13 13:15:00,1747122300,16225,16296,16190,16270,28008
2025-05-13 14:15:00,1747125900,16271,16309,16201,16221,42470
2025-05-13 15:15:00,1747129500,16219,16241,16190,16225,25376
2025-05-14 09:15:00,1747194300,16280,16379,16125,16339,89367
2025-05-14 10:15:00,1747197900,16338,16390,16166,16234,46001
2025-05-14 11:15:00,1747201500,16234,16240,16082,16141,40322
2025-05-14 12:15:00,1747205100,16145,16162,16011,16120,35574
2025-05-14 13:15:00,1747208700,16121,16150,16059,16087,20344
2025-05-14 14:15:00,1747212300,16087,16135,16055,16106,33656
2025-05-14 15:15:00,1747215900,16107,16155,16101,16145,30356
2025-05-15 09:15:00,1747280700,16210,16280,16089,16134,72236
2025-05-15 10:15:00,1747284300,16128,16240,16076,16151,38900
2025-05-15 11:15:00,1747287900,16146,16178,16106,16119,17484
2025-05-15 12:15:00,1747291500,16111,16133,15891,16075,51336
2025-05-15 13:15:00,1747295100,16075,16200,16035,16174,52657
2025-05-15 14:15:00,1747298700,16174,16529,16165,16440,112084
2025-05-15 15:15:00,1747302300,16438,16453,16350,16350,108959
2025-05-16 09:15:00,1747367100,16370,16674,16301,16500,134584
2025-05-16 10:15:00,1747370700,16502,16549,16434,16447,36042
2025-05-16 11:15:00,1747374300,16450,16620,16380,16564,55291
2025-05-16 12:15:00,1747377900,16566,16585,16516,16540,15570
2025-05-16 13:15:00,1747381500,16537,16580,16488,16534,22975
2025-05-16 14:15:00,1747385100,16535,16749,16500,16681,76722
2025-05-16 15:15:00,1747388700,16680,16690,16610,16620,26321
2025-05-19 09:15:00,1747626300,16700,16700,16420,16578,93072
2025-05-19 10:15:00,1747629900,16585,16665,16511,16610,35060
2025-05-19 11:15:00,1747633500,16610,16727,16600,16662,42169
2025-05-19 12:15:00,1747637100,16660,16660,16598,16628,12289
2025-05-19 13:15:00,1747640700,16628,16641,16565,16600,17388
2025-05-19 14:15:00,1747644300,16604,16649,16560,16581,25906
2025-05-19 15:15:00,1747647900,16580,16594,16537,16590,20186
2025-05-20 09:15:00,1747712700,16778,17025,16621,16942,234063
2025-05-20 10:15:00,1747716300,16942,16995,16826,16899,74195
2025-05-20 11:15:00,1747719900,16893,16905,16781,16860,50751
2025-05-20 12:15:00,1747723500,16863,16880,16783,16832,26209
2025-05-20 13:15:00,1747727100,16826,16888,16791,16816,28762
2025-05-20 14:15:00,1747730700,16816,16867,16521,16581,92373
2025-05-20 15:15:00,1747734300,16580,16644,16502,16630,30626
2025-05-21 09:15:00,1747799100,16567,16642,15270,15690,1076194
2025-05-21 10:15:00,1747802700,15695,15883,15677,15800,285826
2025-05-21 11:15:00,1747806300,15799,15810,15500,15553,222062
2025-05-21 12:15:00,1747809900,15550,15650,15510,15610,103166
2025-05-21 13:15:00,1747813500,15613,15628,15526,15575,80929
2025-05-21 14:15:00,1747817100,15575,15660,15550,15620,137423
2025-05-21 15:15:00,1747820700,15620,15628,15571,15598,81943
2025-05-22 09:15:00,1747885500,15591,15592,15050,15211,376489
2025-05-22 10:15:00,1747889100,15209,15259,15171,15180,79231
2025-05-22 11:15:00,1747892700,15180,15248,15150,15197,64407
2025-05-22 12:15:00,1747896300,15196,15232,15165,15188,43677
2025-05-22 13:15:00,1747899900,15186,15228,15136,15136,54508
2025-05-22 14:15:00,1747903500,15136,15205,15025,15189,176852
2025-05-22 15:15:00,1747907100,15187,15189,15150,15170,54610
2025-05-23 09:15:00,1747971900,15270,15277,14900,14943,217907
2025-05-23 10:15:00,1747975500,14949,14955,14905,14921,60537
2025-05-23 11:15:00,1747979100,14921,14928,14862,14900,54629
2025-05-23 12:15:00,1747982700,14900,15150,14886,15130,127371
2025-05-23 13:15:00,1747986300,15130,15140,15053,15090,61647
2025-05-23 14:15:00,1747989900,15090,15093,15001,15015,57569
2025-05-23 15:15:00,1747993500,15017,15028,15000,15025,39637
2025-05-26 09:15:00,1748231100,15097,15238,15070,15158,119491
2025-05-26 10:15:00,1748234700,15158,15189,15112,15120,45623
2025-05-26 11:15:00,1748238300,15120,15154,15113,15127,41429
2025-05-26 12:15:00,1748241900,15125,15141,15110,15125,48261
2025-05-26 13:15:00,1748245500,15125,15129,15100,15103,38191
2025-05-26 14:15:00,1748249100,15103,15147,15086,15088,50198
2025-05-26 15:15:00,1748252700,15088,15099,15050,15075,31736
2025-05-27 09:15:00,1748317500,15100,15295,15010,15027,163999
2025-05-27 10:15:00,1748321100,15026,15144,14990,15133,74146
2025-05-27 11:15:00,1748324700,15133,15219,15101,15181,62838
2025-05-27 12:15:00,1748328300,15181,15199,15058,15065,33538
2025-05-27 13:15:00,1748331900,15070,15081,15003,15037,47392
2025-05-27 14:15:00,1748335500,15036,15106,15031,15082,46801
2025-05-27 15:15:00,1748339100,15080,15145,15071,15138,27644
2025-05-28 09:15:00,1748403900,15179,15179,14921,14955,131564
2025-05-28 10:15:00,1748407500,14950,15011,14926,14955,44575
2025-05-28 11:15:00,1748411100,14959,14992,14930,14951,21933
2025-05-28 12:15:00,1748414700,14951,14951,14927,14942,22899
2025-05-28 13:15:00,1748418300,14940,14943,14881,14889,36723
2025-05-28 14:15:00,1748421900,14888,14919,14838,14846,67792
2025-05-28 15:15:00,1748425500,14845,14849,14740,14778,56422
2025-05-29 09:15:00,1748490300,14874,14897,14676,14716,127638
2025-05-29 10:15:00,1748493900,14715,14829,14660,14809,83737
2025-05-29 11:15:00,1748497500,14811,14888,14758,14762,76421
2025-05-29 12:15:00,1748501100,14762,14819,14705,14749,54550
2025-05-29 13:15:00,1748504700,14749,14795,14737,14752,31459
2025-05-29 14:15:00,1748508300,14751,14816,14731,14802,57453
2025-05-29 15:15:00,1748511900,14805,14859,14792,14849,44094
2025-05-30 09:15:00,1748576700,14849,14888,14640,14655,121759
2025-05-30 10:15:00,1748580300,14655,14674,14611,14626,52076
2025-05-30 11:15:00,1748583900,14626,14681,14600,14610,42766
2025-05-30 12:15:00,1748587500,14610,14635,14600,14633,28960
2025-05-30 13:15:00,1748591100,14628,14670,14613,14617,30965
2025-05-30 14:15:00,1748594700,14619,14729,14610,14699,107441
2025-05-30 15:15:00,1748598300,14699,14717,14666,14670,54760
2025-06-02 09:15:00,1748835900,14680,14811,14602,14763,78556
2025-06-02 10:15:00,1748839500,14762,14772,14665,14674,31633
2025-06-02 11:15:00,1748843100,14678,14682,14620,14622,25969
2025-06-02 12:15:00,1748846700,14627,14656,14621,14642,15485
2025-06-02 13:15:00,1748850300,14642,14686,14590,14620,34239
2025-06-02 14:15:00,1748853900,14620,14630,14591,14615,35835
2025-06-02 15:15:00,1748857500,14616,14633,14594,14615,30544
2025-06-03 09:15:00,1748922300,14680,14710,14530,14538,70082
2025-06-03 10:15:00,1748925900,14538,14595,14525,14555,25838
2025-06-03 11:15:00,1748929500,14555,14565,14515,14522,17340
2025-06-03 12:15:00,1748933100,14522,14525,14454,14482,30188
2025-06-03 13:15:00,1748936700,14484,14515,14470,14484,13920
2025-06-03 14:15:00,1748940300,14485,14510,14445,14445,37388
2025-06-03 15:15:00,1748943900,14450,14488,14420,14470,33036
2025-06-04 09:15:00,1749008700,14470,14585,14381,14544,96845
2025-06-04 10:15:00,1749012300,14550,14763,14548,14681,88151
2025-06-04 11:15:00,1749015900,14681,14720,14640,14657,22705
2025-06-04 12:15:00,1749019500,14657,14668,14622,14650,19966
2025-06-04 13:15:00,1749023100,14650,14715,14635,14705,25467
2025-06-04 14:15:00,1749026700,14702,14990,14702,14967,256243
2025-06-04 15:15:00,1749030300,14965,14970,14933,14951,41854
2025-06-05 09:15:00,1749095100,15060,15070,14720,14735,140953
2025-06-05 10:15:00,1749098700,14735,14815,14700,14787,47418
2025-06-05 11:15:00,1749102300,14786,14803,14745,14765,21074
2025-06-05 12:15:00,1749105900,14760,14792,14730,14732,20959
2025-06-05 13:15:00,1749109500,14730,14748,14665,14696,35847
2025-06-05 14:15:00,1749113100,14696,14712,14670,14682,47847
2025-06-05 15:15:00,1749116700,14685,14712,14681,14700,34002
2025-06-06 09:15:00,1749181500,14744,14786,14611,14663,104104
2025-06-06 10:15:00,1749185100,14668,14700,14660,14683,39413
2025-06-06 11:15:00,1749188700,14683,14808,14663,14786,54929
2025-06-06 12:15:00,1749192300,14783,14896,14782,14810,49474
2025-06-06 13:15:00,1749195900,14810,14850,14794,14818,18669
2025-06-06 14:15:00,1749199500,14818,14911,14813,14848,47454
2025-06-06 15:15:00,1749203100,14850,14856,14805,14829,21664
2025-06-09 09:15:00,1749440700,14922,14939,14832,14874,64202
2025-06-09 10:15:00,1749444300,14874,14917,14851,14868,19489
2025-06-09 11:15:00,1749447900,14863,14906,14844,14850,18236
2025-06-09 12:15:00,1749451500,14850,14855,14817,14855,10084
2025-06-09 13:15:00,1749455100,14855,14899,14844,14890,17450
2025-06-09 14:15:00,1749458700,14891,14975,14878,14919,46097
2025-06-09 15:15:00,1749462300,14917,14925,14890,14905,16958
2025-06-10 09:15:00,1749527100,14980,15021,14893,15012,71830
2025-06-10 10:15:00,1749530700,15012,15047,14973,14998,36293
2025-06-10 11:15:00,1749534300,14994,15010,14972,15000,16474
2025-06-10 12:15:00,1749537900,15000,15065,14936,15017,32493
2025-06-10 13:15:00,1749541500,15017,15029,14995,15004,15715
2025-06-10 14:15:00,1749545100,15004,15009,14962,14981,27163
2025-06-10 15:15:00,1749548700,14981,14995,14971,14987,19357
2025-06-11 09:15:00,1749613500,14998,15018,14901,14928,48980
2025-06-11 10:15:00,1749617100,14926,14937,14875,14891,24720
2025-06-11 11:15:00,1749620700,14887,14974,14881,14954,21334
2025-06-11 12:15:00,1749624300,14954,14957,14895,14930,14289
2025-06-11 13:15:00,1749627900,14930,14930,14782,14824,35595
2025-06-11 14:15:00,1749631500,14818,14843,14755,14799,48664
2025-06-11 15:15:00,1749635100,14802,14810,14763,14788,18536
2025-06-12 09:15:00,1749699900,14790,14895,14727,14743,45133
2025-06-12 10:15:00,1749703500,14741,14767,14681,14694,17418
2025-06-12 11:15:00,1749707100,14694,14717,14650,14671,16540
2025-06-12 12:15:00,1749710700,14675,14730,14666,14685,14818
2025-06-12 13:15:00,1749714300,14685,14692,14515,14530,33484
2025-06-12 14:15:00,1749717900,14530,14579,14515,14528,32406
2025-06-12 15:15:00,1749721500,14531,14531,14490,14490,22605
2025-06-13 09:15:00,1749786300,14251,14389,14206,14326,100477
2025-06-13 10:15:00,1749789900,14326,14378,14276,14312,46406
2025-06-13 11:15:00,1749793500,14306,14325,14225,14246,36906
2025-06-13 12:15:00,1749797100,14243,14275,14203,14224,30952
2025-06-13 13:15:00,1749800700,14224,14318,14214,14295,34859
2025-06-13 14:15:00,1749804300,14295,14334,14243,14315,38649
2025-06-13 15:15:00,1749807900,14316,14350,14290,14349,19002
2025-06-16 09:15:00,1750045500,14311,14435,14127,14172,80126
2025-06-16 10:15:00,1750049100,14172,14278,14172,14255,32438
2025-06-16 11:15:00,1750052700,14253,14300,14217,14279,22165
2025-06-16 12:15:00,1750056300,14277,14357,14245,14250,44844
2025-06-16 13:15:00,1750059900,14246,14390,14223,14390,30502
2025-06-16 14:15:00,1750063500,14390,14400,14281,14307,75431
2025-06-16 15:15:00,1750067100,14305,14330,14300,14317,25303
2025-06-17 09:15:00,1750131900,14390,14390,14251,14350,140649
2025-06-17 10:15:00,1750135500,14350,14548,14346,14425,139879
2025-06-17 11:15:00,1750139100,14425,14426,14242,14266,83735
2025-06-17 12:15:00,1750142700,14266,14342,14209,14225,83920
2025-06-17 13:15:00,1750146300,14223,14328,14207,14319,52185
2025-06-17 14:15:00,1750149900,14315,14346,14247,14259,46294
2025-06-17 15:15:00,1750153500,14256,14264,14215,14220,28804
2025-06-18 09:15:00,1750218300,14248,14507,14183,14488,101141
2025-06-18 10:15:00,1750221900,14490,14530,14384,14422,55053
2025-06-18 11:15:00,1750225500,14422,14458,14384,14450,25872
2025-06-18 12:15:00,1750229100,14451,14451,14410,14436,14369
2025-06-18 13:15:00,1750232700,14436,14450,14353,14367,21262
2025-06-18 14:15:00,1750236300,14367,14414,14316,14363,37512
2025-06-18 15:15:00,1750239900,14360,14373,14345,14359,17974
2025-06-19 09:15:00,1750304700,14391,14490,14311,14382,55562
2025-06-19 10:15:00,1750308300,14387,14387,14252,14289,26295
2025-06-19 11:15:00,1750311900,14289,14295,14224,14263,14698
2025-06-19 12:15:00,1750315500,14260,14265,14153,14161,32730
2025-06-19 13:15:00,1750319100,14161,14171,14103,14148,27248
2025-06-19 14:15:00,1750322700,14144,14160,14002,14022,67179
2025-06-19 15:15:00,1750326300,14025,14032,13950,13958,35595
2025-06-20 09:15:00,1750391100,14000,14105,13862,13997,101673
2025-06-20 10:15:00,1750394700,13989,14099,13989,14046,48344
2025-06-20 11:15:00,1750398300,14046,14150,14035,14117,44546
2025-06-20 12:15:00,1750401900,14118,14137,14038,14114,30105
2025-06-20 13:15:00,1750405500,14114,14123,14033,14035,21519
2025-06-20 14:15:00,1750409100,14034,14099,14004,14067,181306
2025-06-20 15:15:00,1750412700,14067,14076,14010,14040,138560
2025-06-23 09:15:00,1750650300,13800,14466,13280,14378,243897
2025-06-23 10:15:00,1750653900,14377,14552,14315,14514,155102
2025-06-23 11:15:00,1750657500,14514,14520,14432,14476,42830
2025-06-23 12:15:00,1750661100,14476,14524,14451,14509,33205
2025-06-23 13:15:00,1750664700,14504,14662,14503,14545,99273
2025-06-23 14:15:00,1750668300,14545,14808,14395,14557,122792
2025-06-23 15:15:00,1750671900,14563,14595,14515,14540,30581
2025-06-24 09:15:00,1750736700,14701,14774,14444,14531,148549
2025-06-24 10:15:00,1750740300,14531,14560,14480,14515,43258
2025-06-24 11:15:00,1750743900,14515,14749,14515,14685,105086
2025-06-24 12:15:00,1750747500,14685,14719,14632,14708,40643
2025-06-24 13:15:00,1750751100,14704,14745,14542,14588,58108
2025-06-24 14:15:00,1750754700,14588,14590,14472,14484,80069
2025-06-24 15:15:00,1750758300,14484,14545,14478,14500,38879
2025-06-25 09:15:00,1750823100,14515,14585,14201,14225,195180
2025-06-25 10:15:00,1750826700,14225,14303,14100,14123,128768
2025-06-25 11:15:00,1750830300,14120,14210,14087,14160,60626
2025-06-25 12:15:00,1750833900,14161,14175,14054,14092,77702
2025-06-25 13:15:00,1750837500,14097,14154,14055,14108,63388
2025-06-25 14:15:00,1750841100,14109,14206,14100,14173,98220
2025-06-25 15:15:00,1750844700,14175,14182,14120,14125,46818
2025-06-26 09:15:00,1750909500,14150,14257,14033,14063,196140
2025-06-26 10:15:00,1750913100,14064,14140,14051,14140,72003
2025-06-26 11:15:00,1750916700,14134,14252,14126,14203,95663
2025-06-26 12:15:00,1750920300,14203,14276,14101,14150,70441
2025-06-26 13:15:00,1750923900,14150,14188,14115,14147,70799
2025-06-26 14:15:00,1750927500,14147,14410,14117,14341,195113
2025-06-26 15:15:00,1750931100,14340,14362,14292,14302,30526
2025-06-27 09:15:00,1750995900,14446,14954,14428,14823,476476
2025-06-27 10:15:00,1750999500,14827,14829,14639,14679,174628
2025-06-27 11:15:00,1751003100,14675,14769,14618,14740,83966
2025-06-27 12:15:00,1751006700,14740,14785,14700,14714,74468
2025-06-27 13:15:00,1751010300,14714,14730,14695,14706,42889
2025-06-27 14:15:00,1751013900,14707,14722,14415,14459,290066
2025-06-27 15:15:00,1751017500,14458,14524,14433,14510,167863
2025-06-30 09:15:00,1751255100,14588,14598,14425,14485,99061
2025-06-30 10:15:00,1751258700,14481,14520,14450,14457,34179
2025-06-30 11:15:00,1751262300,14457,14589,14428,14559,45531
2025-06-30 12:15:00,1751265900,14559,14666,14558,14588,83457
2025-06-30 13:15:00,1751269500,14590,15020,14589,14982,303199
2025-06-30 14:15:00,1751273100,14982,14985,14790,14912,114891
2025-06-30 15:15:00,1751276700,14911,15108,14911,14990,204059
2025-07-01 09:15:00,1751341500,14600,14863,14460,14517,294205
2025-07-01 10:15:00,1751345100,14517,14575,14491,14540,62359
2025-07-01 11:15:00,1751348700,14545,14566,14485,14526,36593
2025-07-01 12:15:00,1751352300,14520,14557,14376,14397,103199
2025-07-01 13:15:00,1751355900,14394,14556,14384,14540,104824
2025-07-01 14:15:00,1751359500,14537,14792,14537,14687,215630
2025-07-01 15:15:00,1751363100,14694,14715,14669,14679,36681
2025-07-02 09:15:00,1751427900,14716,14940,14681,14796,152612
2025-07-02 10:15:00,1751431500,14793,14793,14678,14758,56500
2025-07-02 11:15:00,1751435100,14753,15050,14739,14915,170257
2025-07-02 12:15:00,1751438700,14916,15100,14890,15008,164012
2025-07-02 13:15:00,1751442300,15013,15033,14935,14984,69641
2025-07-02 14:15:00,1751445900,14989,15256,14974,15180,234951
2025-07-02 15:15:00,1751449500,15179,15183,15154,15174,51427
2025-07-03 09:15:00,1751514300,15200,15291,15075,15172,146917
2025-07-03 10:15:00,1751517900,15165,15240,15150,15184,46220
2025-07-03 11:15:00,1751521500,15184,15199,15129,15163,27534
2025-07-03 12:15:00,1751525100,15166,15237,15125,15181,31888
2025-07-03 13:15:00,1751528700,15181,15224,15163,15192,26046
2025-07-03 14:15:00,1751532300,15191,15203,15075,15080,57192
2025-07-03 15:15:00,1751535900,15085,15086,15038,15063,31097
2025-07-04 09:15:00,1751600700,15025,15282,14929,15186,217402
2025-07-04 10:15:00,1751604300,15186,15190,15126,15178,42976
2025-07-04 11:15:00,1751607900,15178,15178,15025,15129,52404
2025-07-04 12:15:00,1751611500,15129,15182,15101,15155,36883
2025-07-04 13:15:00,1751615100,15157,15205,15138,15175,26463
2025-07-04 14:15:00,1751618700,15176,15219,15163,15200,42463
2025-07-04 15:15:00,1751622300,15201,15225,15165,15200,47643
2025-07-07 09:15:00,1751859900,15240,15546,15118,15523,194543
2025-07-07 10:15:00,1751863500,15526,15668,15489,15576,149685
2025-07-07 11:15:00,1751867100,15576,15590,15501,15520,59275
2025-07-07 12:15:00,1751870700,15519,15521,15335,15367,78930
2025-07-07 13:15:00,1751874300,15370,15448,15366,15402,45036
2025-07-07 14:15:00,1751877900,15402,15476,15381,15423,65948
2025-07-07 15:15:00,1751881500,15427,15440,15400,15401,27988
2025-07-08 09:15:00,1751946300,15480,15498,15322,15385,77400
2025-07-08 10:15:00,1751949900,15387,15410,15285,15305,31487
2025-07-08 11:15:00,1751953500,15304,15330,15256,15279,19984
2025-07-08 12:15:00,1751957100,15277,15490,15231,15475,59436
2025-07-08 13:15:00,1751960700,15479,15525,15401,15428,40661
2025-07-08 14:15:00,1751964300,15428,15495,15407,15474,32317
2025-07-08 15:15:00,1751967900,15479,15495,15450,15460,24744
2025-07-09 09:15:00,1752032700,15544,15838,15532,15740,265554
2025-07-09 10:15:00,1752036300,15740,15777,15690,15708,37828
2025-07-09 11:15:00,1752039900,15709,15860,15706,15823,64510
2025-07-09 12:15:00,1752043500,15827,15829,15770,15790,31790
2025-07-09 13:15:00,1752047100,15788,15799,15692,15741,55909
2025-07-09 14:15:00,1752050700,15741,15748,15666,15699,77473
2025-07-09 15:15:00,1752054300,15699,15735,15699,15720,36550
2025-07-10 09:15:00,1752119100,15710,15865,15681,15829,100063
2025-07-10 10:15:00,1752122700,15826,15845,15700,15700,37210
2025-07-10 11:15:00,1752126300,15700,15729,15636,15688,31978
2025-07-10 12:15:00,1752129900,15688,15780,15673,15717,32298
2025-07-10 13:15:00,1752133500,15720,15775,15694,15748,17920
2025-07-10 14:15:00,1752137100,15741,15860,15741,15859,78257
2025-07-10 15:15:00,1752140700,15860,15899,15804,15809,43230
2025-07-11 09:15:00,1752205500,15820,15849,15686,15716,59204
2025-07-11 10:15:00,1752209100,15719,15835,15671,15798,49789
2025-07-11 11:15:00,1752212700,15798,15875,15796,15849,38347
2025-07-11 12:15:00,1752216300,15850,15909,15805,15900,31371
2025-07-11 13:15:00,1752219900,15900,15930,15831,15874,31637
2025-07-11 14:15:00,1752223500,15865,15870,15795,15801,48357
2025-07-11 15:15:00,1752227100,15801,15810,15725,15783,26098
2025-07-14 09:15:00,1752464700,15779,15898,15710,15859,61510
2025-07-14 10:15:00,1752468300,15859,15990,15815,15898,49167
2025-07-14 11:15:00,1752471900,15892,15910,15860,15880,16255
2025-07-14 12:15:00,1752475500,15880,15911,15850,15882,14485
2025-07-14 13:15:00,1752479100,15882,15930,15870,15899,14426
2025-07-14 14:15:00,1752482700,15899,15949,15875,15887,39265
2025-07-14 15:15:00,1752486300,15885,15910,15877,15909,28467
2025-07-15 09:15:00,1752551100,15945,16000,15816,15842,56088
2025-07-15 10:15:00,1752554700,15842,15855,15756,15791,33874
2025-07-15 11:15:00,1752558300,15791,15898,15757,15850,30233
2025-07-15 12:15:00,1752561900,15850,15869,15810,15844,15878
2025-07-15 13:15:00,1752565500,15844,15853,15771,15832,12666
2025-07-15 14:15:00,1752569100,15832,15875,15802,15842,31863
2025-07-15 15:15:00,1752572700,15840,15843,15800,15804,23070
2025-07-16 09:15:00,1752637500,16376,16450,16152,16279,467885
2025-07-16 10:15:00,1752641100,16280,16320,16061,16118,110318
2025-07-16 11:15:00,1752644700,16118,16185,16011,16153,82674
2025-07-16 12:15:00,1752648300,16160,16163,16097,16162,27851
2025-07-16 13:15:00,1752651900,16157,16175,16072,16135,30102
2025-07-16 14:15:00,1752655500,16145,16155,16050,16119,59198
2025-07-16 15:15:00,1752659100,16113,16120,16084,16104,53136
2025-07-17 09:15:00,1752723900,16160,16225,16075,16155,87173
2025-07-17 10:15:00,1752727500,16157,16238,16150,16182,30927
2025-07-17 11:15:00,1752731100,16176,16185,16056,16071,33547
2025-07-17 12:15:00,1752734700,16067,16189,16059,16181,27115
2025-07-17 13:15:00,1752738300,16181,16192,16130,16151,20810
2025-07-17 14:15:00,1752741900,16152,16152,16083,16105,26616
2025-07-17 15:15:00,1752745500,16107,16128,16094,16102,19392
2025-07-18 09:15:00,1752810300,16140,16195,16026,16040,45791
2025-07-18 10:15:00,1752813900,16032,16118,15882,16111,62339
2025-07-18 11:15:00,1752817500,16114,16160,16084,16117,23032
2025-07-18 12:15:00,1752821100,16117,16120,16066,16081,9937
2025-07-18 13:15:00,1752824700,16081,16125,16032,16045,16680
2025-07-18 14:15:00,1752828300,16050,16120,15952,15962,43176
2025-07-18 15:15:00,1752831900,15963,15963,15920,15950,23837
2025-07-21 09:15:00,1753069500,15978,16250,15860,16180,220961
2025-07-21 10:15:00,1753073100,16180,16245,16142,16184,31086
2025-07-21 11:15:00,1753076700,16184,16240,16155,16194,26568
2025-07-21 12:15:00,1753080300,16194,16229,16157,16209,50260
2025-07-21 13:15:00,1753083900,16205,16320,16190,16234,112437
2025-07-21 14:15:00,1753087500,16239,16319,16239,16270,48355
2025-07-21 15:15:00,1753091100,16271,16300,16260,16290,32895
2025-07-22 09:15:00,1753155900,16350,16350,16130,16208,106666
2025-07-22 10:15:00,1753159500,16206,16229,16156,16189,29309
2025-07-22 11:15:00,1753163100,16185,16250,16169,16238,23686
2025-07-22 12:15:00,1753166700,16235,16245,16183,16186,19781
2025-07-22 13:15:00,1753170300,16195,16225,16131,16140,47769
2025-07-22 14:15:00,1753173900,16140,16154,16051,16148,56486
2025-07-22 15:15:00,1753177500,16146,16152,16100,16100,25541
2025-07-23 09:15:00,1753242300,16440,16576,16208,16555,426887
2025-07-23 10:15:00,1753245900,16552,16669,16471,16515,204704
2025-07-23 11:15:00,1753249500,16515,16615,16500,16543,59977
2025-07-23 12:15:00,1753253100,16539,16610,16515,16565,41857
2025-07-23 13:15:00,1753256700,16565,16576,16530,16547,32502
2025-07-23 14:15:00,1753260300,16547,16590,16536,16550,56842
2025-07-23 15:15:00,1753263900,16550,16572,16533,16555,43346
2025-07-24 09:15:00,1753328700,16595,16807,16569,16692,157043
2025-07-24 10:15:00,1753332300,16695,16766,16681,16722,35091
2025-07-24 11:15:00,1753335900,16720,16736,16665,16734,28021
2025-07-24 12:15:00,1753339500,16734,16763,16699,16711,36047
2025-07-24 13:15:00,1753343100,16715,16782,16700,16780,47266
2025-07-24 14:15:00,1753346700,16780,16833,16762,16773,72102
2025-07-24 15:15:00,1753350300,16772,16778,16745,16758,29057
2025-07-25 09:15:00,1753415100,16803,16895,16757,16815,115597
2025-07-25 10:15:00,1753418700,16814,16910,16768,16780,105596
2025-07-25 11:15:00,1753422300,16780,16805,16725,16754,41775
2025-07-25 12:15:00,1753425900,16754,16775,16722,16739,21534
2025-07-25 13:15:00,1753429500,16739,16800,16717,16758,22165
2025-07-25 14:15:00,1753433100,16759,16775,16668,16708,38026
2025-07-25 15:15:00,1753436700,16712,16720,16669,16700,25432
2025-07-28 09:15:00,1753674300,16749,16949,16601,16905,95237
2025-07-28 10:15:00,1753677900,16911,16969,16801,16853,55116
2025-07-28 11:15:00,1753681500,16853,16910,16836,16840,40492
2025-07-28 12:15:00,1753685100,16840,16864,16724,16734,44412
2025-07-28 13:15:00,1753688700,16734,16745,16668,16696,24511
2025-07-28 14:15:00,1753692300,16698,16810,16686,16754,35580
2025-07-28 15:15:00,1753695900,16755,16755,16710,16750,15680
2025-07-29 09:15:00,1753760700,16739,16776,16651,16683,47351
2025-07-29 10:15:00,1753764300,16684,16703,16584,16632,25373
2025-07-29 11:15:00,1753767900,16634,16710,16620,16696,13472
2025-07-29 12:15:00,1753771500,16696,16725,16654,16700,18083
2025-07-29 13:15:00,1753775100,16700,16790,16697,16741,29124
2025-07-29 14:15:00,1753778700,16741,16810,16734,16774,40850
2025-07-29 15:15:00,1753782300,16775,16814,16774,16799,16917
2025-07-30 09:15:00,1753847100,16770,16882,16703,16733,51499
2025-07-30 10:15:00,1753850700,16733,16745,16660,16736,23091
2025-07-30 11:15:00,1753854300,16741,16797,16726,16768,15872
2025-07-30 12:15:00,1753857900,16776,16795,16741,16746,13645
2025-07-30 13:15:00,1753861500,16746,16780,16741,16775,11976
2025-07-30 14:15:00,1753865100,16771,16798,16765,16780,19314
2025-07-30 15:15:00,1753868700,16777,16777,16735,16755,13182
2025-07-31 09:15:00,1753933500,16360,16523,16128,16303,131986
2025-07-31 10:15:00,1753937100,16302,16499,16285,16445,52525
2025-07-31 11:15:00,1753940700,16449,16677,16421,16675,81509
2025-07-31 12:15:00,1753944300,16672,16933,16627,16884,141309
2025-07-31 13:15:00,1753947900,16883,16920,16793,16856,60903
2025-07-31 14:15:00,1753951500,16860,16875,16810,16846,57691
2025-07-31 15:15:00,1753955100,16850,16865,16812,16822,35294
2025-08-01 09:15:00,1754019900,16869,17080,16787,17077,124242
2025-08-01 10:15:00,1754023500,17080,17149,16993,17040,77689
2025-08-01 11:15:00,1754027100,17034,17070,16981,17048,30153
2025-08-01 12:15:00,1754030700,17048,17059,16962,16990,24971
2025-08-01 13:15:00,1754034300,16983,17020,16930,16953,27192
2025-08-01 14:15:00,1754037900,16953,16957,16825,16833,37426
2025-08-01 15:15:00,1754041500,16835,16875,16808,16856,19623
2025-08-04 09:15:00,1754279100,16896,17000,16820,16893,49962
2025-08-04 10:15:00,1754282700,16898,16935,16856,16889,12597
2025-08-04 11:15:00,1754286300,16890,16993,16830,16944,28234
2025-08-04 12:15:00,1754289900,16934,17034,16934,16976,28052
2025-08-04 13:15:00,1754293500,16975,17075,16961,17069,21917
2025-08-04 14:15:00,1754297100,17069,17129,16987,16995,40880
2025-08-04 15:15:00,1754300700,16995,17025,16974,17010,26585
2025-08-05 09:15:00,1754365500,17002,17099,16818,16835,59661
2025-08-05 10:15:00,1754369100,16829,16934,16763,16888,42872
2025-08-05 11:15:00,1754372700,16888,16965,16865,16910,20275
2025-08-05 12:15:00,1754376300,16910,16955,16889,16932,25808
2025-08-05 13:15:00,1754379900,16932,16932,16851,16873,10331
2025-08-05 14:15:00,1754383500,16873,16891,16823,16880,27690
2025-08-05 15:15:00,1754387100,16871,16878,16815,16835,22330
2025-08-06 09:15:00,1754451900,16849,16881,16601,16620,71680
2025-08-06 10:15:00,1754455500,16623,16708,16570,16599,34740
2025-08-06 11:15:00,1754459100,16599,16634,16458,16634,52816
2025-08-06 12:15:00,1754462700,16634,16664,16566,16623,23534
2025-08-06 13:15:00,1754466300,16624,16645,16563,16567,17337
2025-08-06 14:15:00,1754469900,16567,16582,16502,16502,31700
2025-08-06 15:15:00,1754473500,16502,16518,16485,16500,18900
2025-08-07 09:15:00,1754538300,16250,16684,16250,16525,69772
2025-08-07 10:15:00,1754541900,16525,16538,16415,16461,25161
2025-08-07 11:15:00,1754545500,16461,16570,16456,16509,26886
2025-08-07 12:15:00,1754549100,16512,16525,16412,16421,16563
2025-08-07 13:15:00,1754552700,16421,16513,16366,16509,30068
2025-08-07 14:15:00,1754556300,16510,16670,16510,16648,46294
2025-08-07 15:15:00,1754559900,16652,16698,16645,16675,17995
2025-08-08 09:15:00,1754624700,16690,16700,16220,16251,94943
2025-08-08 10:15:00,1754628300,16253,16370,16250,16333,26179
2025-08-08 11:15:00,1754631900,16333,16350,16268,16295,14115
2025-08-08 12:15:00,1754635500,16295,16298,16182,16184,27426
2025-08-08 13:15:00,1754639100,16188,16209,16108,16130,28212
2025-08-08 14:15:00,1754642700,16132,16133,15824,15866,98372
2025-08-08 15:15:00,1754646300,15872,15879,15810,15816,39058
2025-08-11 09:15:00,1754883900,15780,16089,15780,16083,88987
2025-08-11 10:15:00,1754887500,16082,16195,16073,16110,44224
2025-08-11 11:15:00,1754891100,16110,16144,16013,16111,35598
2025-08-11 12:15:00,1754894700,16111,16130,16040,16102,34558
2025-08-11 13:15:00,1754898300,16102,16169,16072,16119,30912
2025-08-11 14:15:00,1754901900,16121,16136,16062,16078,45182
2025-08-11 15:15:00,1754905500,16070,16100,16053,16064,19368
2025-08-12 09:15:00,1754970300,16088,16120,15830,15901,50736
2025-08-12 10:15:00,1754973900,15905,15970,15870,15895,21776
2025-08-12 11:15:00,1754977500,15893,15950,15860,15930,14723
2025-08-12 12:15:00,1754981100,15930,16000,15920,15964,17522
2025-08-12 13:15:00,1754984700,15958,15984,15901,15923,12960
2025-08-12 14:15:00,1754988300,15923,15929,15801,15821,32194
2025-08-12 15:15:00,1754991900,15821,15849,15810,15823,14468
2025-08-13 09:15:00,1755056700,15900,16020,15850,15920,46236
2025-08-13 10:15:00,1755060300,15920,16011,15917,15978,21232
2025-08-13 11:15:00,1755063900,15980,16070,15593,15870,95084
2025-08-13 12:15:00,1755067500,15869,15998,15854,15972,22523
2025-08-13 13:15:00,1755071100,15972,16025,15943,15997,19308
2025-08-13 14:15:00,1755074700,15998,16000,15939,15943,16694
2025-08-13 15:15:00,1755078300,15941,15980,15926,15980,14730
2025-08-14 09:15:00,1755143100,15953,16115,15950,16024,34822
2025-08-14 10:15:00,1755146700,16031,16062,16007,16043,15214
2025-08-14 11:15:00,1755150300,16043,16148,16042,16130,25473
2025-08-14 12:15:00,1755153900,16136,16180,16113,16174,28013
2025-08-14 13:15:00,1755157500,16171,16209,16150,16182,40205
2025-08-14 14:15:00,1755161100,16178,16216,16151,16185,38523
2025-08-14 15:15:00,1755164700,16186,16207,16170,16190,21952
2025-08-18 09:15:00,1755488700,16500,16912,16416,16799,154679
2025-08-18 10:15:00,1755492300,16799,16835,16781,16783,17503
2025-08-18 11:15:00,1755495900,16786,16806,16679,16721,27485
2025-08-18 12:15:00,1755499500,16722,16831,16717,16811,36075
2025-08-18 13:15:00,1755503100,16811,16830,16733,16755,39330
2025-08-18 14:15:00,1755506700,16752,16807,16740,16740,29658
2025-08-18 15:15:00,1755510300,16742,16800,16734,16776,25743
2025-08-19 09:15:00,1755575100,16826,16839,16653,16700,42561
2025-08-19 10:15:00,1755578700,16700,16724,16650,16714,18649
2025-08-19 11:15:00,1755582300,16717,16899,16704,16865,44281
2025-08-19 12:15:00,1755585900,16861,16879,16820,16833,18354
2025-08-19 13:15:00,1755589500,16839,16845,16790,16845,14580
2025-08-19 14:15:00,1755593100,16845,16912,16834,16886,40483
2025-08-19 15:15:00,1755596700,16886,16946,16885,16917,20234
2025-08-20 09:15:00,1755661500,16950,17090,16887,17016,73575
2025-08-20 10:15:00,1755665100,17016,17040,16944,16987,29006
2025-08-20 11:15:00,1755668700,16986,17038,16953,16996,20610
2025-08-20 12:15:00,1755672300,16991,16999,16939,16993,20993
2025-08-20 13:15:00,1755675900,16992,17028,16932,16945,48643
2025-08-20 14:15:00,1755679500,16945,16953,16857,16870,22653
2025-08-20 15:15:00,1755683100,16871,16882,16850,16875,13379
2025-08-21 09:15:00,1755747900,16925,16962,16784,16836,44184
2025-08-21 10:15:00,1755751500,16841,16890,16802,16855,23292
2025-08-21 11:15:00,1755755100,16855,16876,16770,16818,17846
2025-08-21 12:15:00,1755758700,16817,16820,16761,16780,16843
2025-08-21 13:15:00,1755762300,16780,16799,16750,16781,14922
2025-08-21 14:15:00,1755765900,16781,16803,16705,16725,32319
2025-08-21 15:15:00,1755769500,16725,16757,16709,16755,16247
2025-08-22 09:15:00,1755834300,16750,16855,16680,16788,41016
2025-08-22 10:15:00,1755837900,16789,16821,16756,16793,14825
2025-08-22 11:15:00,1755841500,16795,17036,16780,16984,75991
2025-08-22 12:15:00,1755845100,16984,16985,16882,16892,44597
2025-08-22 13:15:00,1755848700,16892,16917,16800,16874,73817
2025-08-22 14:15:00,1755852300,16874,16946,16863,16892,35275
2025-08-22 15:15:00,1755855900,16892,16904,16878,16894,19080
2025-08-25 09:15:00,1756093500,16950,17145,16851,16985,97635
2025-08-25 10:15:00,1756097100,16988,17189,16971,17142,60044
2025-08-25 11:15:00,1756100700,17149,17263,17140,17220,76443
2025-08-25 12:15:00,1756104300,17220,17287,17141,17186,92546
2025-08-25 13:15:00,1756107900,17190,17192,17132,17143,36466
2025-08-25 14:15:00,1756111500,17144,17147,17000,17011,74917
2025-08-25 15:15:00,1756115100,17006,17044,17000,17044,19274
2025-08-26 09:15:00,1756179900,16900,16998,16591,16793,100930
2025-08-26 10:15:00,1756183500,16794,16840,16726,16839,21577
2025-08-26 11:15:00,1756187100,16840,16961,16816,16869,74090
2025-08-26 12:15:00,1756190700,16872,16876,16720,16780,47340
2025-08-26 13:15:00,1756194300,16777,16785,16735,16739,16431
2025-08-26 14:15:00,1756197900,16744,16744,16656,16668,58276
2025-08-26 15:15:00,1756201500,16668,16685,16650,16669,31770
2025-08-28 09:15:00,1756352700,16690,16720,16470,16720,71256
2025-08-28 10:15:00,1756356300,16715,16878,16676,16794,76602
2025-08-28 11:15:00,1756359900,16797,16846,16752,16799,64192
2025-08-28 12:15:00,1756363500,16793,16800,16744,16764,29861
2025-08-28 13:15:00,1756367100,16765,16825,16707,16793,44287
2025-08-28 14:15:00,1756370700,16797,16800,16668,16670,40120
2025-08-28 15:15:00,1756374300,16669,16725,16656,16719,21067
2025-08-29 09:15:00,1756439100,16678,16783,16612,16629,45315
2025-08-29 10:15:00,1756442700,16629,16845,16616,16830,44515
2025-08-29 11:15:00,1756446300,16829,16870,16770,16775,29435
2025-08-29 12:15:00,1756449900,16775,16776,16700,16717,17382
2025-08-29 13:15:00,1756453500,16717,16751,16700,16738,19682
2025-08-29 14:15:00,1756457100,16744,16755,16680,16700,25803
2025-08-29 15:15:00,1756460700,16698,16712,16660,16691,15530
2025-09-01 09:15:00,1756698300,16770,17193,16770,17072,137847
2025-09-01 10:15:00,1756701900,17072,17200,17000,17193,70685
2025-09-01 11:15:00,1756705500,17188,17220,17133,17159,63874
2025-09-01 12:15:00,1756709100,17159,17420,17136,17413,115533
2025-09-01 13:15:00,1756712700,17413,17527,17402,17470,76683
2025-09-01 14:15:00,1756716300,17471,17600,17463,17592,95863
2025-09-01 15:15:00,1756719900,17593,17642,17566,17611,54780
2025-09-02 09:15:00,1756784700,17670,17746,17554,17555,101918
2025-09-02 10:15:00,1756788300,17560,17658,17546,17619,23870
2025-09-02 11:15:00,1756791900,17625,17652,17582,17634,22174
2025-09-02 12:15:00,1756795500,17635,17645,17582,17600,11431
2025-09-02 13:15:00,1756799100,17600,17601,17500,17521,27352
2025-09-02 14:15:00,1756802700,17521,17578,17504,17563,26164
2025-09-02 15:15:00,1756806300,17563,17570,17529,17546,18332
2025-09-03 09:15:00,1756871100,17580,17695,17481,17680,62068
2025-09-03 10:15:00,1756874700,17674,17780,17601,17615,54132
2025-09-03 11:15:00,1756878300,17615,17744,17590,17724,31543
2025-09-03 12:15:00,1756881900,17727,17745,17615,17664,27095
2025-09-03 13:15:00,1756885500,17670,17749,17643,17739,32050
2025-09-03 14:15:00,1756889100,17738,17775,17700,17770,26368
2025-09-03 15:15:00,1756892700,17764,17770,17737,17737,21847
2025-09-04 09:15:00,1756957500,17937,17999,17782,17831,98931
2025-09-04 10:15:00,1756961100,17828,17945,17821,17939,26229
2025-09-04 11:15:00,1756964700,17945,17976,17886,17940,32625
2025-09-04 12:15:00,1756968300,17939,18041,17912,17963,41181
2025-09-04 13:15:00,1756971900,17963,17993,17887,17896,21852
2025-09-04 14:15:00,1756975500,17896,17900,17827,17843,41234
2025-09-04 15:15:00,1756979100,17845,17900,17819,17851,20986
2025-09-05 09:15:00,1757043900,17852,17960,17814,17885,34220
2025-09-05 10:15:00,1757047500,17883,17915,17840,17863,25226
2025-09-05 11:15:00,1757051100,17857,17945,17844,17870,15222
2025-09-05 12:15:00,1757054700,17870,17899,17841,17899,9324
2025-09-05 13:15:00,1757058300,17899,17924,17861,17867,12654
2025-09-05 14:15:00,1757061900,17869,17894,17850,17861,14121
2025-09-05 15:15:00,1757065500,17864,17865,17832,17845,12431
2025-09-08 09:15:00,1757303100,17955,17993,17867,17932,29182
2025-09-08 10:15:00,1757306700,17930,18025,17925,17980,19418
2025-09-08 11:15:00,1757310300,17980,18037,17949,18028,10252
2025-09-08 12:15:00,1757313900,18022,18074,18014,18049,17398
2025-09-08 13:15:00,1757317500,18049,18049,17965,18000,8828
2025-09-08 14:15:00,1757321100,18000,18042,17975,18009,16694
2025-09-08 15:15:00,1757324700,18000,18025,17988,18015,10520
2025-09-09 09:15:00,1757389500,18069,18080,17945,18000,34729
2025-09-09 10:15:00,1757393100,17996,18010,17806,17870,30313
2025-09-09 11:15:00,1757396700,17870,18009,17868,17998,21505
2025-09-09 12:15:00,1757400300,17998,18025,17980,18005,11719
2025-09-09 13:15:00,1757403900,18004,18060,17998,18044,15519
2025-09-09 14:15:00,1757407500,18045,18045,17985,18005,17995
2025-09-09 15:15:00,1757411100,18004,18010,17973,17980,10651
2025-09-10 09:15:00,1757475900,18070,18115,17900,18016,46170
2025-09-10 10:15:00,1757479500,18020,18023,17909,17971,26265
2025-09-10 11:15:00,1757483100,17970,17988,17922,17935,11140
2025-09-10 12:15:00,1757486700,17937,17959,17928,17950,9035
2025-09-10 13:15:00,1757490300,17950,17951,17920,17930,9788
2025-09-10 14:15:00,1757493900,17930,17935,17861,17887,27349
2025-09-10 15:15:00,1757497500,17887,17935,17879,17917,19695
2025-09-11 09:15:00,1757562300,17925,18045,17906,18007,34709
2025-09-11 10:15:00,1757565900,18010,18055,17983,18007,17044
2025-09-11 11:15:00,1757569500,18007,18030,17994,18021,11776
2025-09-11 12:15:00,1757573100,18021,18035,18012,18027,7958
2025-09-11 13:15:00,1757576700,18027,18030,18009,18027,9408
2025-09-11 14:15:00,1757580300,18026,18045,18021,18035,15518
2025-09-11 15:15:00,1757583900,18037,18059,18029,18052,17010
2025-09-12 09:15:00,1757648700,18080,18100,17951,18021,26740
2025-09-12 10:15:00,1757652300,18023,18030,17984,17998,6229
2025-09-12 11:15:00,1757655900,17991,18063,17990,18037,10154
2025-09-12 12:15:00,1757659500,18037,18050,18013,18040,6539
2025-09-12 13:15:00,1757663100,18040,18186,18034,18083,31030
2025-09-12 14:15:00,1757666700,18089,18102,18066,18102,14141
2025-09-12 15:15:00,1757670300,18105,18115,18080,18111,12592
2025-09-15 09:15:00,1757907900,18124,18150,18006,18036,27676
2025-09-15 10:15:00,1757911500,18036,18059,17992,18030,11095
2025-09-15 11:15:00,1757915100,18030,18098,18027,18055,8028
2025-09-15 12:15:00,1757918700,18055,18079,18022,18040,10971
2025-09-15 13:15:00,1757922300,18041,18048,17980,17994,18490
2025-09-15 14:15:00,1757925900,17994,18023,17970,17970,18420
2025-09-15 15:15:00,1757929500,17970,18008,17965,17990,12822
2025-09-16 09:15:00,1757994300,18040,18170,18001,18142,28876
2025-09-16 10:15:00,1757997900,18142,18270,18142,18205,34873
2025-09-16 11:15:00,1758001500,18205,18205,18054,18072,26820
2025-09-16 12:15:00,1758005100,18072,18130,18060,18093,16049
2025-09-16 13:15:00,1758008700,18093,18137,18086,18135,8266
2025-09-16 14:15:00,1758012300,18135,18138,18087,18107,13504
2025-09-16 15:15:00,1758015900,18102,18158,18081,18158,25188
2025-09-17 09:15:00,1758080700,18230,18230,18080,18106,31996
2025-09-17 10:15:00,1758084300,18106,18118,18081,18097,8860
2025-09-17 11:15:00,1758087900,18097,18135,18054,18119,26887
2025-09-17 12:15:00,1758091500,18118,18135,18102,18114,11006
2025-09-17 13:15:00,1758095100,18114,18120,18066,18079,10223
2025-09-17 14:15:00,1758098700,18079,18122,18074,18119,12584
2025-09-17 15:15:00,1758102300,18124,18137,18081,18081,11417
2025-09-18 09:15:00,1758167100,18250,18325,18150,18240,69980
2025-09-18 10:15:00,1758170700,18238,18300,18225,18259,28977
2025-09-18 11:15:00,1758174300,18260,18281,18231,18245,20676
2025-09-18 12:15:00,1758177900,18249,18256,18204,18250,31426
2025-09-18 13:15:00,1758181500,18250,18299,18250,18278,13877
2025-09-18 14:15:00,1758185100,18275,18354,18261,18340,81159
2025-09-18 15:15:00,1758188700,18339,18347,18300,18325,24651
2025-09-19 09:15:00,1758253500,18331,18400,18287,18325,26341
2025-09-19 10:15:00,1758257100,18325,18350,18318,18318,7196
2025-09-19 11:15:00,1758260700,18318,18335,18191,18212,32265
2025-09-19 12:15:00,1758264300,18212,18270,18194,18265,13327
2025-09-19 13:15:00,1758267900,18265,18286,18220,18239,13924
2025-09-19 14:15:00,1758271500,18236,18239,18146,18165,63091
2025-09-19 15:15:00,1758275100,18168,18245,18130,18245,52264
2025-09-22 09:15:00,1758512700,18158,18300,18130,18295,24735
2025-09-22 10:15:00,1758516300,18294,18315,18231,18255,15559
2025-09-22 11:15:00,1758519900,18255,18265,18190,18225,10367
2025-09-22 12:15:00,1758523500,18221,18248,18209,18209,5246
2025-09-22 13:15:00,1758527100,18209,18229,18180,18190,5644
2025-09-22 14:15:00,1758530700,18192,18214,18062,18075,32232
2025-09-22 15:15:00,1758534300,18075,18112,18058,18090,13621
2025-09-23 09:15:00,1758599100,18150,18170,18000,18038,27608
2025-09-23 10:15:00,1758602700,18035,18133,17998,18073,19286
2025-09-23 11:15:00,1758606300,18073,18160,18039,18154,11857
2025-09-23 12:15:00,1758609900,18151,18166,18100,18111,38974
2025-09-23 13:15:00,1758613500,18123,18150,18100,18133,6910
2025-09-23 14:15:00,1758617100,18130,18145,18106,18129,13432
2025-09-23 15:15:00,1758620700,18129,18149,18110,18112,13969
2025-09-24 09:15:00,1758685500,18100,18163,18030,18114,20088
2025-09-24 10:15:00,1758689100,18110,18150,18090,18124,6757
2025-09-24 11:15:00,1758692700,18124,18169,18111,18150,8235
2025-09-24 12:15:00,1758696300,18150,18185,18118,18149,5935
2025-09-24 13:15:00,1758699900,18149,18189,18149,18178,5735
2025-09-24 14:15:00,1758703500,18178,18181,18145,18171,7671
2025-09-24 15:15:00,1758707100,18171,18172,18148,18161,8913
2025-09-25 09:15:00,1758771900,18389,18399,18240,18339,67350
2025-09-25 10:15:00,1758775500,18336,18471,18335,18409,50303
2025-09-25 11:15:00,1758779100,18409,18428,18331,18369,22952
2025-09-25 12:15:00,1758782700,18369,18400,18330,18343,16244
2025-09-25 13:15:00,1758786300,18342,18364,18260,18287,23258
2025-09-25 14:15:00,1758789900,18284,18300,18161,18175,38835
2025-09-25 15:15:00,1758793500,18175,18217,18152,18187,18277
2025-09-26 09:15:00,1758858300,18202,18229,18018,18073,42576
2025-09-26 10:15:00,1758861900,18071,18098,18001,18020,16314
2025-09-26 11:15:00,1758865500,18015,18019,17825,17833,29924
2025-09-26 12:15:00,1758869100,17833,17833,17643,17650,27855
2025-09-26 13:15:00,1758872700,17650,17650,17380,17525,53751
2025-09-26 14:15:00,1758876300,17523,17574,17432,17509,40399
2025-09-26 15:15:00,1758879900,17509,17530,17482,17530,22840
2025-09-29 09:15:00,1759117500,17530,17637,16880,16890,137364
2025-09-29 10:15:00,1759121100,16899,16976,16680,16776,96604
2025-09-29 11:15:00,1759124700,16778,16785,16649,16745,59147
2025-09-29 12:15:00,1759128300,16750,16935,16685,16706,68783
2025-09-29 13:15:00,1759131900,16702,16809,16681,16749,35692
2025-09-29 14:15:00,1759135500,16751,16775,16680,16690,69924
2025-09-29 15:15:00,1759139100,16688,16688,16626,16674,35269
2025-09-30 09:15:00,1759203900,16679,16835,16105,16180,148335
2025-09-30 10:15:00,1759207500,16175,16190,15982,16142,120162
2025-09-30 11:15:00,1759211100,16142,16286,16138,16253,85117
2025-09-30 12:15:00,1759214700,16251,16297,16172,16273,33986
2025-09-30 13:15:00,1759218300,16274,16279,16230,16241,20332
2025-09-30 14:15:00,1759221900,16244,16420,16153,16334,86856
2025-09-30 15:15:00,1759225500,16334,16357,16280,16357,34778
2025-10-01 09:15:00,1759290300,16404,16700,16401,16503,106599
2025-10-01 10:15:00,1759293900,16500,16508,16335,16360,29774
2025-10-01 11:15:00,1759297500,16357,16469,16345,16459,31091
2025-10-01 12:15:00,1759301100,16454,16462,16350,16399,20458
2025-10-01 13:15:00,1759304700,16394,16440,16370,16420,18959
2025-10-01 14:15:00,1759308300,16415,16476,16400,16433,32846
2025-10-01 15:15:00,1759311900,16439,16486,16431,16484,20282
2025-10-03 09:15:00,1759463100,16500,16599,16393,16535,46224
2025-10-03 10:15:00,1759466700,16535,16575,16502,16548,21795
2025-10-03 11:15:00,1759470300,16548,16550,16490,16518,15525
2025-10-03 12:15:00,1759473900,16518,16519,16453,16478,12332
2025-10-03 13:15:00,1759477500,16478,16528,16474,16512,9283
2025-10-03 14:15:00,1759481100,16512,16588,16509,16583,32610
2025-10-03 15:15:00,1759484700,16583,16649,16581,16609,19351
2025-10-06 09:15:00,1759722300,16600,16669,16535,16625,32117
2025-10-06 10:15:00,1759725900,16625,16627,16575,16585,10821
2025-10-06 11:15:00,1759729500,16585,16895,16575,16823,43749
2025-10-06 12:15:00,1759733100,16823,16924,16797,16894,24315
2025-10-06 13:15:00,1759736700,16894,17074,16885,16997,45175
2025-10-06 14:15:00,1759740300,16998,17086,16956,17025,41683
2025-10-06 15:15:00,1759743900,17029,17039,17003,17027,13911
2025-10-07 09:15:00,1759808700,17026,17144,16911,17060,35203
2025-10-07 10:15:00,1759812300,17060,17215,17056,17209,25334
2025-10-07 11:15:00,1759815900,17211,17215,17106,17187,15051
2025-10-07 12:15:00,1759819500,17187,17240,17151,17230,13671
2025-10-07 13:15:00,1759823100,17230,17279,17216,17259,17660
2025-10-07 14:15:00,1759826700,17257,17270,17230,17230,22317
2025-10-07 15:15:00,1759830300,17235,17248,17177,17193,13967
2025-10-08 09:15:00,1759895100,17240,17299,17114,17162,29600
2025-10-08 10:15:00,1759898700,17162,17170,16958,16985,24668
2025-10-08 11:15:00,1759902300,16985,17044,16960,17028,11168
2025-10-08 12:15:00,1759905900,17028,17101,16990,17067,12243
2025-10-08 13:15:00,1759909500,17067,17109,17008,17022,11989
2025-10-08 14:15:00,1759913100,17017,17043,16825,16848,27821
2025-10-08 15:15:00,1759916700,16845,16905,16821,16821,15322
2025-10-09 09:15:00,1759981500,16901,17060,16875,17059,37741
2025-10-09 10:15:00,1759985100,17059,17091,17017,17066,15417
2025-10-09 11:15:00,1759988700,17066,17075,17010,17055,14770
2025-10-09 12:15:00,1759992300,17055,17140,17043,17105,15776
2025-10-09 13:15:00,1759995900,17101,17105,17065,17090,11255
2025-10-09 14:15:00,1759999500,17090,17118,17062,17094,17784
2025-10-09 15:15:00,1760003100,17094,17114,17073,17083,11827
2025-10-10 09:15:00,1760067900,17130,17250,17082,17150,34905
2025-10-10 10:15:00,1760071500,17145,17255,17136,17227,28681
2025-10-10 11:15:00,1760075100,17227,17410,17194,17395,38169
2025-10-10 12:15:00,1760078700,17400,17430,17341,17358,21230
2025-10-10 13:15:00,1760082300,17356,17368,17260,17320,13653
2025-10-10 14:15:00,1760085900,17317,17395,17300,17350,23292
2025-10-10 15:15:00,1760089500,17350,17505,17350,17456,83641
2025-10-13 09:15:00,1760327100,17440,17440,16830,17246,65238
2025-10-13 10:15:00,1760330700,17245,17279,17173,17181,21706
2025-10-13 11:15:00,1760334300,17181,17277,17125,17207,22309
2025-10-13 12:15:00,1760337900,17207,17225,17138,17179,10731
2025-10-13 13:15:00,1760341500,17174,17221,17174,17213,14322
2025-10-13 14:15:00,1760345100,17205,17251,17174,17190,42019
2025-10-13 15:15:00,1760348700,17183,17232,17169,17232,18638
2025-10-14 09:15:00,1760413500,17299,17299,16600,16655,121774
2025-10-14 10:15:00,1760417100,16661,16730,16585,16679,63607
2025-10-14 11:15:00,1760420700,16677,16685,16520,16549,50478
2025-10-14 12:15:00,1760424300,16549,16559,16451,16486,47820
2025-10-14 13:15:00,1760427900,16486,16513,16453,16497,32830
2025-10-14 14:15:00,1760431500,16496,16677,16459,16630,104824
2025-10-14 15:15:00,1760435100,16629,16685,16600,16610,32995
2025-10-15 09:15:00,1760499900,16610,16827,16604,16796,71068
2025-10-15 10:15:00,1760503500,16793,16875,16660,16666,44352
2025-10-15 11:15:00,1760507100,16666,16728,16613,16691,19885
2025-10-15 12:15:00,1760510700,16691,16775,16670,16703,16755
2025-10-15 13:15:00,1760514300,16703,16745,16680,16697,10726
2025-10-15 14:15:00,1760517900,16697,16840,16690,16776,32874
2025-10-15 15:15:00,1760521500,16776,16800,16753,16800,17774
2025-10-16 09:15:00,1760586300,16700,16920,16699,16781,31521
2025-10-16 10:15:00,1760589900,16781,16783,16702,16738,15407
2025-10-16 11:15:00,1760593500,16735,16747,16601,16619,20411
2025-10-16 12:15:00,1760597100,16614,16825,16614,16803,24146
2025-10-16 13:15:00,1760600700,16803,16881,16799,16847,29865
2025-10-16 14:15:00,1760604300,16846,16900,16827,16849,31425
2025-10-16 15:15:00,1760607900,16849,16849,16800,16810,14532
2025-10-17 09:15:00,1760672700,16875,16900,16702,16832,36683
2025-10-17 10:15:00,1760676300,16840,16894,16801,16883,14315
2025-10-17 11:15:00,1760679900,16879,16890,16750,16835,19931
2025-10-17 12:15:00,1760683500,16835,16885,16718,16754,18991
2025-10-17 13:15:00,1760687100,16745,16786,16616,16732,20508
2025-10-17 14:15:00,1760690700,16722,16767,16667,16697,21207
2025-10-17 15:15:00,1760694300,16696,16726,16612,16660,13741
2025-10-20 09:15:00,1760931900,16700,16999,16140,16404,256481
2025-10-20 10:15:00,1760935500,16403,16453,16320,16440,57942
2025-10-20 11:15:00,1760939100,16440,16481,16380,16444,24866
2025-10-20 12:15:00,1760942700,16444,16462,16210,16211,55450
2025-10-20 13:15:00,1760946300,16211,16293,16183,16212,54700
2025-10-20 14:15:00,1760949900,16215,16218,16012,16071,134492
2025-10-20 15:15:00,1760953500,16078,16120,16051,16115,58744
2025-10-21 13:15:00,1761032700,16224,16264,16115,16156,38654
2025-10-21 14:15:00,1761036300,16165,16174,16060,16100,26160
2025-10-23 09:15:00,1761191100,16220,16259,15655,15819,205800
2025-10-23 10:15:00,1761194700,15820,15854,15710,15725,92165
2025-10-23 11:15:00,1761198300,15722,15729,15540,15616,139378
2025-10-23 12:15:00,1761201900,15616,15769,15616,15687,106692
2025-10-23 13:15:00,1761205500,15691,15716,15647,15662,50431
2025-10-23 14:15:00,1761209100,15662,15677,15565,15576,82815
2025-10-23 15:15:00,1761212700,15577,15659,15563,15650,59662
2025-10-24 09:15:00,1761277500,15655,15733,15500,15643,108264
2025-10-24 10:15:00,1761281100,15638,15641,15555,15577,49713
2025-10-24 11:15:00,1761284700,15577,15622,15560,15582,41033
2025-10-24 12:15:00,1761288300,15582,15588,15500,15519,50605
2025-10-24 13:15:00,1761291900,15523,15525,15450,15478,49996
2025-10-24 14:15:00,1761295500,15485,15500,15440,15479,80224
2025-10-24 15:15:00,1761299100,15479,15502,15464,15499,54983
2025-10-27 09:15:00,1761536700,15400,15555,15356,15494,87832
2025-10-27 10:15:00,1761540300,15494,15541,15460,15483,34920
2025-10-27 11:15:00,1761543900,15483,15537,15451,15512,32788
2025-10-27 12:15:00,1761547500,15514,15611,15500,15526,69616
2025-10-27 13:15:00,1761551100,15524,15552,15481,15517,24491
2025-10-27 14:15:00,1761554700,15517,15543,15491,15500,31184
2025-10-27 15:15:00,1761558300,15499,15527,15496,15510,19727
2025-10-28 09:15:00,1761623100,15511,15541,15381,15456,66654
2025-10-28 10:15:00,1761626700,15457,15489,15412,15438,44264
2025-10-28 11:15:00,1761630300,15440,15450,15381,15394,27000
2025-10-28 12:15:00,1761633900,15394,15422,15382,15408,22075
2025-10-28 13:15:00,1761637500,15410,15421,15350,15369,22379
2025-10-28 14:15:00,1761641100,15365,15391,15301,15373,40805
2025-10-28 15:15:00,1761644700,15370,15375,15354,15373,20898
2025-10-29 09:15:00,1761709500,15349,15448,15304,15385,56883
2025-10-29 10:15:00,1761713100,15385,15470,15374,15465,32028
2025-10-29 11:15:00,1761716700,15462,15511,15412,15442,25498
2025-10-29 12:15:00,1761720300,15443,15461,15412,15445,16703
2025-10-29 13:15:00,1761723900,15445,15479,15415,15430,17672
2025-10-29 14:15:00,1761727500,15430,15497,15430,15484,24609
2025-10-29 15:15:00,1761731100,15490,15576,15484,15539,21454
2025-10-30 09:15:00,1761795900,15555,15616,15443,15526,38608
2025-10-30 10:15:00,1761799500,15526,15567,15494,15567,13830
2025-10-30 11:15:00,1761803100,15567,15714,15562,15600,60617
2025-10-30 12:15:00,1761806700,15600,15660,15575,15656,23586
2025-10-30 13:15:00,1761810300,15654,15665,15599,15613,17726
2025-10-30 14:15:00,1761813900,15613,15660,15599,15660,36523
2025-10-30 15:15:00,1761817500,15660,15671,15650,15651,20428
2025-10-31 09:15:00,1761882300,15720,15750,15614,15646,52174
2025-10-31 10:15:00,1761885900,15646,15663,15590,15591,26986
2025-10-31 11:15:00,1761889500,15591,15695,15580,15652,25754
2025-10-31 12:15:00,1761893100,15658,15671,15645,15670,24467
2025-10-31 13:15:00,1761896700,15670,15682,15606,15638,33713
2025-10-31 14:15:00,1761900300,15633,15638,15463,15473,43976
2025-10-31 15:15:00,1761903900,15474,15512,15470,15504,17002
2025-11-03 09:15:00,1762141500,15494,15505,15326,15336,55844
2025-11-03 10:15:00,1762145100,15337,15610,15325,15500,94811
2025-11-03 11:15:00,1762148700,15500,15516,15437,15451,21084
2025-11-03 12:15:00,1762152300,15451,15525,15425,15493,30778
2025-11-03 13:15:00,1762155900,15492,15510,15467,15500,15758
2025-11-03 14:15:00,1762159500,15499,15524,15459,15473,30429
2025-11-03 15:15:00,1762163100,15473,15500,15468,15497,24643
2025-11-04 09:15:00,1762227900,15483,15532,15430,15461,29985
2025-11-04 10:15:00,1762231500,15457,15458,15361,15428,19450
2025-11-04 11:15:00,1762235100,15428,15455,15325,15383,27337
2025-11-04 12:15:00,1762238700,15383,15400,15301,15336,17787
2025-11-04 13:15:00,1762242300,15336,15337,15242,15242,17038
2025-11-04 14:15:00,1762245900,15244,15290,15235,15256,39632
2025-11-04 15:15:00,1762249500,15254,15270,15240,15270,20847
2025-11-06 09:15:00,1762400700,15257,15324,15150,15150,42173
2025-11-06 10:15:00,1762404300,15157,15218,15076,15122,46514
2025-11-06 11:15:00,1762407900,15123,15180,15113,15160,17865
2025-11-06 12:15:00,1762411500,15160,15179,15116,15129,25179
2025-11-06 13:15:00,1762415100,15126,15162,15053,15106,32895
2025-11-06 14:15:00,1762418700,15107,15134,15050,15075,37729
2025-11-06 15:15:00,1762422300,15076,15110,15056,15090,26695
2025-11-07 09:15:00,1762487100,15000,15000,14671,14838,74236
2025-11-07 10:15:00,1762490700,14841,14931,14803,14841,26804
2025-11-07 11:15:00,1762494300,14841,14850,14731,14812,45827
2025-11-07 12:15:00,1762497900,14818,14995,14793,14965,44429
2025-11-07 13:15:00,1762501500,14964,15061,14880,14893,51965
2025-11-07 14:15:00,1762505100,14893,14930,14829,14834,40213
2025-11-07 15:15:00,1762508700,14834,14877,14832,14850,17994
2025-11-10 09:15:00,1762746300,14875,14895,14710,14753,50381
2025-11-10 10:15:00,1762749900,14758,14855,14750,14808,53133
2025-11-10 11:15:00,1762753500,14813,15006,14808,14911,49752
2025-11-10 12:15:00,1762757100,14910,14931,14870,14880,24816
2025-11-10 13:15:00,1762760700,14880,14970,14874,14930,27869
2025-11-10 14:15:00,1762764300,14931,14953,14839,14891,28193
2025-11-10 15:15:00,1762767900,14892,14918,14847,14915,17617
2025-11-11 09:15:00,1762832700,14910,14962,14820,14892,30231
2025-11-11 10:15:00,1762836300,14898,14907,14762,14807,21435
2025-11-11 11:15:00,1762839900,14802,14849,14760,14830,21671
2025-11-11 12:15:00,1762843500,14834,14999,14821,14991,27794
2025-11-11 13:15:00,1762847100,14993,15039,14982,15000,23134
2025-11-11 14:15:00,1762850700,15000,15088,14990,15088,40643
2025-11-11 15:15:00,1762854300,15085,15153,15085,15125,18537
2025-11-12 09:15:00,1762919100,15155,15233,15054,15089,58391
2025-11-12 10:15:00,1762922700,15083,15165,15075,15104,41881
2025-11-12 11:15:00,1762926300,15103,15320,15101,15252,53400
2025-11-12 12:15:00,1762929900,15254,15344,15234,15325,25615
2025-11-12 13:15:00,1762933500,15325,15369,15300,15308,23271
2025-11-12 14:15:00,1762937100,15308,15336,15291,15318,28731
2025-11-12 15:15:00,1762940700,15324,15324,15299,15300,29273
2025-11-13 09:15:00,1763005500,15383,15479,15227,15420,61291
2025-11-13 10:15:00,1763009100,15420,15473,15371,15441,32698
2025-11-13 11:15:00,1763012700,15441,15540,15409,15516,31814
2025-11-13 12:15:00,1763016300,15516,15575,15450,15529,40730
2025-11-13 13:15:00,1763019900,15525,15579,15383,15412,35797
2025-11-13 14:15:00,1763023500,15408,15450,15283,15330,30618
2025-11-13 15:15:00,1763027100,15325,15359,15300,15330,11349
2025-11-14 09:15:00,1763091900,15299,15570,15232,15475,61401
2025-11-14 10:15:00,1763095500,15472,15510,15380,15463,41380
2025-11-14 11:15:00,1763099100,15473,15500,15400,15500,26628
2025-11-14 12:15:00,1763102700,15504,15539,15390,15412,36132
2025-11-14 13:15:00,1763106300,15412,15435,15365,15384,32948
2025-11-14 14:15:00,1763109900,15380,15453,15338,15426,33162
2025-11-14 15:15:00,1763113500,15433,15440,15400,15440,23301
2025-11-17 09:15:00,1763351100,15520,15665,15353,15586,82839
2025-11-17 10:15:00,1763354700,15586,15658,15541,15623,39099
2025-11-17 11:15:00,1763358300,15622,15632,15545,15613,19365
2025-11-17 12:15:00,1763361900,15615,15662,15594,15628,27553
2025-11-17 13:15:00,1763365500,15627,15636,15591,15617,18427
2025-11-17 14:15:00,1763369100,15620,15623,15580,15617,19893
2025-11-17 15:15:00,1763372700,15617,15698,15608,15697,24988
2025-11-18 09:15:00,1763437500,15700,15720,15501,15571,41510
2025-11-18 10:15:00,1763441100,15576,15680,15542,15675,29342
2025-11-18 11:15:00,1763444700,15675,15700,15626,15680,17777
2025-11-18 12:15:00,1763448300,15687,15746,15670,15710,22754
2025-11-18 13:15:00,1763451900,15710,15739,15692,15708,16917
2025-11-18 14:15:00,1763455500,15701,15771,15676,15702,42509
2025-11-18 15:15:00,1763459100,15702,15708,15687,15707,19235
2025-11-19 09:15:00,1763523900,15697,15775,15591,15690,30143
2025-11-19 10:15:00,1763527500,15690,15725,15640,15656,19308
2025-11-19 11:15:00,1763531100,15647,15723,15630,15715,15766
2025-11-19 12:15:00,1763534700,15715,15758,15700,15710,29876
2025-11-19 13:15:00,1763538300,15711,15720,15607,15642,22172
2025-11-19 14:15:00,1763541900,15640,15689,15583,15591,36483
2025-11-19 15:15:00,1763545500,15588,15588,15366,15430,24502
2025-11-20 09:15:00,1763610300,15600,15600,15342,15382,53173
2025-11-20 10:15:00,1763613900,15381,15448,15380,15402,19176
2025-11-20 11:15:00,1763617500,15400,15430,15371,15420,19613
2025-11-20 12:15:00,1763621100,15420,15460,15385,15415,25382
2025-11-20 13:15:00,1763624700,15415,15455,15389,15400,18157
2025-11-20 14:15:00,1763628300,15400,15425,15264,15332,38928
2025-11-20 15:15:00,1763631900,15334,15337,15290,15300,29345
2025-11-21 09:15:00,1763696700,15310,15310,15070,15105,46934
2025-11-21 10:15:00,1763700300,15108,15109,14990,15060,36687
2025-11-21 11:15:00,1763703900,15064,15070,14960,15062,25349
2025-11-21 12:15:00,1763707500,15062,15109,15020,15020,20829
2025-11-21 13:15:00,1763711100,15020,15050,15000,15001,17265
2025-11-21 14:15:00,1763714700,15001,15030,14940,14977,36450
2025-11-21 15:15:00,1763718300,14977,14988,14921,14949,23500
2025-11-24 09:15:00,1763955900,14965,14990,14835,14849,38828
2025-11-24 10:15:00,1763959500,14849,14850,14792,14816,33885
2025-11-24 11:15:00,1763963100,14811,14835,14780,14794,18149
2025-11-24 12:15:00,1763966700,14798,14808,14750,14800,21078
2025-11-24 13:15:00,1763970300,14800,14809,14707,14735,18854
2025-11-24 14:15:00,1763973900,14737,14784,14671,14679,70811
2025-11-24 15:15:00,1763977500,14677,14680,14599,14640,64550
2025-11-25 09:15:00,1764042300,14662,14797,14570,14704,49225
2025-11-25 10:15:00,1764045900,14705,14711,14544,14546,25939
2025-11-25 11:15:00,1764049500,14556,14646,14494,14569,45397
2025-11-25 12:15:00,1764053100,14568,14593,14482,14504,32209
2025-11-25 13:15:00,1764056700,14503,14522,14475,14500,26033
2025-11-25 14:15:00,1764060300,14502,14516,14385,14400,53735
2025-11-25 15:15:00,1764063900,14400,14412,14380,14398,24055
2025-11-26 09:15:00,1764128700,14473,14710,14374,14688,81222
2025-11-26 10:15:00,1764132300,14688,14775,14588,14763,45979
2025-11-26 11:15:00,1764135900,14764,14839,14764,14827,42040
2025-11-26 12:15:00,1764139500,14831,14839,14748,14796,26035
2025-11-26 13:15:00,1764143100,14796,14819,14756,14786,19115
2025-11-26 14:15:00,1764146700,14794,14877,14753,14848,41935
2025-11-26 15:15:00,1764150300,14848,14852,14792,14800,29275
2025-11-27 09:15:00,1764215100,14860,14890,14754,14769,33085
2025-11-27 10:15:00,1764218700,14770,14785,14695,14712,20909
2025-11-27 11:15:00,1764222300,14708,14769,14680,14734,12605
2025-11-27 12:15:00,1764225900,14723,14764,14706,14712,11240
2025-11-27 13:15:00,1764229500,14706,14720,14540,14547,40361
2025-11-27 14:15:00,1764233100,14549,14666,14535,14651,20496
2025-11-27 15:15:00,1764236700,14655,14660,14610,14625,11824
2025-11-28 09:15:00,1764301500,14668,14674,14512,14538,28255
2025-11-28 10:15:00,1764305100,14530,14653,14511,14643,21298
2025-11-28 11:15:00,1764308700,14645,14708,14610,14692,17291
2025-11-28 12:15:00,1764312300,14691,14692,14606,14634,17029
2025-11-28 13:15:00,1764315900,14634,14637,14550,14574,14913
2025-11-28 14:15:00,1764319500,14574,14600,14541,14596,20329
2025-11-28 15:15:00,1764323100,14592,14626,14592,14619,17874
2025-12-01 09:15:00,1764560700,14739,14739,14570,14581,29586
2025-12-01 10:15:00,1764564300,14581,14629,14522,14571,18785
2025-12-01 11:15:00,1764567900,14571,14589,14485,14509,60348
2025-12-01 12:15:00,1764571500,14508,14555,14490,14555,31645
2025-12-01 13:15:00,1764575100,14555,14653,14526,14637,39975
2025-12-01 14:15:00,1764578700,14641,14673,14552,14586,34119
2025-12-01 15:15:00,1764582300,14588,14591,14524,14554,18189
2025-12-02 09:15:00,1764647100,14554,14573,14478,14518,30392
2025-12-02 10:15:00,1764650700,14515,14620,14472,14588,25912
2025-12-02 11:15:00,1764654300,14588,14588,14530,14546,19941
2025-12-02 12:15:00,1764657900,14546,14580,14514,14529,17157
2025-12-02 13:15:00,1764661500,14525,14540,14500,14513,11507
2025-12-02 14:15:00,1764665100,14513,14516,14458,14506,28246
2025-12-02 15:15:00,1764668700,14509,14510,14460,14490,15873
2025-12-03 09:15:00,1764733500,14494,14500,14240,14257,72873
2025-12-03 10:15:00,1764737100,14255,14259,14176,14193,37427
2025-12-03 11:15:00,1764740700,14193,14195,14104,14125,36205
2025-12-03 12:15:00,1764744300,14125,14140,14060,14086,36511
2025-12-03 13:15:00,1764747900,14084,14113,14019,14028,40668
2025-12-03 14:15:00,1764751500,14028,14050,13980,14023,90860
2025-12-03 15:15:00,1764755100,14023,14059,14001,14045,33404
2025-12-04 09:15:00,1764819900,14080,14105,13860,13882,63188
2025-12-04 10:15:00,1764823500,13880,13925,13843,13897,29394
2025-12-04 11:15:00,1764827100,13897,13925,13845,13870,26999
2025-12-04 12:15:00,1764830700,13865,13873,13757,13786,48724
2025-12-04 13:15:00,1764834300,13783,13810,13727,13791,29041
2025-12-04 14:15:00,1764837900,13792,13797,13700,13713,33789
2025-12-04 15:15:00,1764841500,13713,13734,13675,13686,27048
2025-12-05 09:15:00,1764906300,13699,13754,13568,13593,53627
2025-12-05 10:15:00,1764909900,13593,13635,13500,13614,38981
2025-12-05 11:15:00,1764913500,13615,13694,13564,13677,27839
2025-12-05 12:15:00,1764917100,13670,13834,13634,13763,31178
2025-12-05 13:15:00,1764920700,13763,13894,13760,13865,38002
2025-12-05 14:15:00,1764924300,13865,13886,13676,13747,36299
2025-12-05 15:15:00,1764927900,13747,13781,13725,13781,17503
2025-12-08 09:15:00,1765165500,13801,13988,13584,13787,92945
2025-12-08 10:15:00,1765169100,13785,13858,13761,13851,30829
2025-12-08 11:15:00,1765172700,13851,13885,13711,13730,45674
2025-12-08 12:15:00,1765176300,13730,13744,13666,13677,20644
2025-12-08 13:15:00,1765179900,13674,13674,13533,13533,24633
2025-12-08 14:15:00,1765183500,13534,13614,13450,13577,54655
2025-12-08 15:15:00,1765187100,13577,13578,13526,13539,21456
2025-12-09 09:15:00,1765251900,13435,13563,13275,13437,73209
2025-12-09 10:15:00,1765255500,13437,13498,13400,13482,22767
2025-12-09 11:15:00,1765259100,13479,13630,13453,13612,26987
2025-12-09 12:15:00,1765262700,13612,13615,13475,13515,26913
2025-12-09 13:15:00,1765266300,13515,13599,13491,13538,25839
2025-12-09 14:15:00,1765269900,13538,13538,13459,13532,35775
2025-12-09 15:15:00,1765273500,13526,13542,13500,13504,23266
2025-12-10 09:15:00,1765338300,13517,13718,13507,13576,59688
2025-12-10 10:15:00,1765341900,13575,13640,13424,13458,39698
2025-12-10 11:15:00,1765345500,13464,13479,13353,13374,26175
2025-12-10 12:15:00,1765349100,13372,13378,13245,13252,35658
2025-12-10 13:15:00,1765352700,13251,13268,12601,12754,339062
2025-12-10 14:15:00,1765356300,12758,12828,12261,12315,375035
2025-12-10 15:15:00,1765359900,12316,12398,12309,12366,97996
2025-12-11 09:15:00,1765424700,12349,12775,12130,12735,456840
2025-12-11 10:15:00,1765428300,12735,12928,12735,12760,286552
2025-12-11 11:15:00,1765431900,12761,12908,12675,12867,169791
2025-12-11 12:15:00,1765435500,12867,12916,12743,12801,75549
2025-12-11 13:15:00,1765439100,12804,12880,12772,12810,85540
2025-12-11 14:15:00,1765442700,12811,13030,12811,13002,149070
2025-12-11 15:15:00,1765446300,13003,13013,12934,12964,48765
2025-12-12 09:15:00,1765511100,13100,13288,13005,13167,218199
2025-12-12 10:15:00,1765514700,13165,13324,13135,13307,111750
2025-12-12 11:15:00,1765518300,13310,13414,13302,13321,114825
2025-12-12 12:15:00,1765521900,13324,13394,13195,13272,87397
2025-12-12 13:15:00,1765525500,13272,13375,13261,13350,76336
2025-12-12 14:15:00,1765529100,13351,13422,13338,13391,70359
2025-12-12 15:15:00,1765532700,13393,13396,13347,13365,26626
2025-12-15 09:15:00,1765770300,13313,13640,13231,13590,160317
2025-12-15 10:15:00,1765773900,13595,13675,13551,13640,84233
2025-12-15 11:15:00,1765777500,13640,13691,13590,13674,83459
2025-12-15 12:15:00,1765781100,13674,13750,13653,13732,80032
2025-12-15 13:15:00,1765784700,13732,13754,13695,13723,48218
2025-12-15 14:15:00,1765788300,13723,13763,13680,13748,80098
2025-12-15 15:15:00,1765791900,13744,13753,13711,13735,29216
2025-12-16 09:15:00,1765856700,13727,13823,13559,13589,131270
2025-12-16 10:15:00,1765860300,13580,13654,13569,13616,38402
2025-12-16 11:15:00,1765863900,13616,13699,13582,13685,28590
2025-12-16 12:15:00,1765867500,13685,13720,13651,13682,25991
2025-12-16 13:15:00,1765871100,13678,13715,13635,13645,25575
2025-12-16 14:15:00,1765874700,13645,13690,13616,13639,40229
2025-12-16 15:15:00,1765878300,13643,13650,13560,13571,26933
2025-12-17 09:15:00,1765943100,13650,13650,13350,13389,122830
2025-12-17 10:15:00,1765946700,13390,13394,13250,13319,71702
2025-12-17 11:15:00,1765950300,13318,13365,13277,13322,32759
2025-12-17 12:15:00,1765953900,13322,13338,13272,13312,24464
2025-12-17 13:15:00,1765957500,13312,13345,13253,13271,21936
2025-12-17 14:15:00,1765961100,13271,13330,13250,13273,38990
2025-12-17 15:15:00,1765964700,13280,13291,13182,13206,30058
2025-12-18 09:15:00,1766029500,13200,13215,13020,13106,110882
2025-12-18 10:15:00,1766033100,13110,13435,13104,13411,119443
2025-12-18 11:15:00,1766036700,13416,13490,13382,13416,97952
2025-12-18 12:15:00,1766040300,13419,13466,13325,13384,63734
2025-12-18 13:15:00,1766043900,13386,13430,13203,13277,74128
2025-12-18 14:15:00,1766047500,13273,13350,13194,13299,62772
2025-12-18 15:15:00,1766051100,13296,13309,13233,13262,18639
2025-12-19 09:15:00,1766115900,13295,13380,13231,13262,79799
2025-12-19 10:15:00,1766119500,13262,13305,13167,13180,44225
2025-12-19 11:15:00,1766123100,13185,13220,13127,13150,41478
2025-12-19 12:15:00,1766126700,13151,13181,13089,13124,35313
2025-12-19 13:15:00,1766130300,13124,13225,13120,13144,54850
2025-12-19 14:15:00,1766133900,13149,13293,13133,13279,190426
2025-12-19 15:15:00,1766137500,13279,13297,13225,13241,138351
2025-12-22 09:15:00,1766375100,13240,13445,13094,13347,76549
2025-12-22 10:15:00,1766378700,13347,13356,13155,13176,68588
2025-12-22 11:15:00,1766382300,13176,13189,13116,13127,42811
2025-12-22 12:15:00,1766385900,13127,13150,13102,13140,32308
2025-12-22 13:15:00,1766389500,13140,13164,12956,12994,76455
2025-12-22 14:15:00,1766393100,12997,12999,12833,12855,149564
2025-12-22 15:15:00,1766396700,12860,12861,12800,12811,59902
2025-12-23 09:15:00,1766461500,12844,12909,12520,12727,296963
2025-12-23 10:15:00,1766465100,12725,12812,12620,12770,132748
2025-12-23 11:15:00,1766468700,12771,12816,12685,12761,45926
2025-12-23 12:15:00,1766472300,12761,12900,12741,12790,93688
2025-12-23 13:15:00,1766475900,12790,12855,12768,12833,35355
2025-12-23 14:15:00,1766479500,12840,12879,12780,12809,79164
2025-12-23 15:15:00,1766483100,12810,12877,12801,12855,45117
2025-12-24 09:15:00,1766547900,12755,13180,12755,13098,218605
2025-12-24 10:15:00,1766551500,13100,13148,13042,13081,64732
2025-12-24 11:15:00,1766555100,13087,13108,12956,12991,78366
2025-12-24 12:15:00,1766558700,12991,13025,12972,13000,40762
2025-12-24 13:15:00,1766562300,13000,13000,12881,12900,94499
2025-12-24 14:15:00,1766565900,12900,12929,12587,12600,212182
2025-12-24 15:15:00,1766569500,12605,12649,12584,12649,44066
2025-12-26 09:15:00,1766720700,12700,12711,12443,12475,271610
2025-12-26 10:15:00,1766724300,12475,12500,12432,12448,73769
2025-12-26 11:15:00,1766727900,12446,12475,12415,12450,53977
2025-12-26 12:15:00,1766731500,12451,12466,12406,12430,38797
2025-12-26 13:15:00,1766735100,12430,12455,12351,12358,66185
2025-12-26 14:15:00,1766738700,12356,12395,12310,12380,132129
2025-12-26 15:15:00,1766742300,12374,12381,12250,12280,84692
2025-12-29 09:15:00,1766979900,12344,12460,12045,12197,423226
2025-12-29 10:15:00,1766983500,12193,12247,12146,12149,141846
2025-12-29 11:15:00,1766987100,12148,12161,12025,12059,176391
2025-12-29 12:15:00,1766990700,12059,12083,11957,11964,166333
2025-12-29 13:15:00,1766994300,11962,12008,11893,11974,144416
2025-12-29 14:15:00,1766997900,11965,11985,11821,11859,192518
2025-12-29 15:15:00,1767001500,11860,11880,11833,11880,66640
2025-12-30 09:15:00,1767066300,11880,12026,11701,11872,366071
2025-12-30 10:15:00,1767069900,11872,11971,11835,11838,143290
2025-12-30 11:15:00,1767073500,11837,11865,11713,11719,137965
2025-12-30 12:15:00,1767077100,11719,11743,11646,11723,197174
2025-12-30 13:15:00,1767080700,11726,11823,11719,11775,134397
2025-12-30 14:15:00,1767084300,11778,11798,11705,11747,263742
2025-12-30 15:15:00,1767087900,11747,11856,11743,11856,142191
2025-12-31 09:15:00,1767152700,11856,11997,11755,11785,165761
2025-12-31 10:15:00,1767156300,11785,11895,11782,11875,67444
2025-12-31 11:15:00,1767159900,11874,11945,11852,11880,55708
2025-12-31 12:15:00,1767163500,11880,12148,11872,12115,164615
2025-12-31 13:15:00,1767167100,12115,12239,12103,12116,249632
2025-12-31 14:15:00,1767170700,12111,12136,12040,12125,151877
2025-12-31 15:15:00,1767174300,12125,12130,12045,12061,98336
2026-01-01 09:15:00,1767239100,12112,12209,11904,11989,138041
2026-01-01 10:15:00,1767242700,11985,11995,11900,11932,57165
2026-01-01 11:15:00,1767246300,11933,11950,11831,11843,61759
2026-01-01 12:15:00,1767249900,11843,11895,11821,11835,45643
2026-01-01 13:15:00,1767253500,11835,11940,11820,11920,136378
2026-01-01 14:15:00,1767257100,11920,12060,11888,12045,157311
2026-01-01 15:15:00,1767260700,12045,12220,12029,12180,99546
2026-01-02 09:15:00,1767325500,12162,12290,12142,12231,120222
2026-01-02 10:15:00,1767329100,12231,12269,12144,12156,64299
2026-01-02 11:15:00,1767332700,12156,12220,12083,12123,76726
2026-01-02 12:15:00,1767336300,12124,12215,11982,11994,115676
2026-01-02 13:15:00,1767339900,11988,12161,11935,12145,176295
2026-01-02 14:15:00,1767343500,12147,12220,12123,12165,123112
2026-01-02 15:15:00,1767347100,12160,12166,12149,12164,131309
2026-01-05 09:15:00,1767584700,12220,12280,12101,12209,123582
2026-01-05 10:15:00,1767588300,12206,12255,12140,12157,83529
2026-01-05 11:15:00,1767591900,12156,12194,12125,12178,29602
2026-01-05 12:15:00,1767595500,12180,12244,12167,12176,35389
2026-01-05 13:15:00,1767599100,12177,12195,12034,12037,57956
2026-01-05 14:15:00,1767602700,12037,12102,11992,12057,77522
2026-01-05 15:15:00,1767606300,12056,12059,12026,12055,23772
2026-01-06 09:15:00,1767671100,12099,12099,11912,11993,98874
2026-01-06 10:15:00,1767674700,11991,11993,11910,11930,43511
2026-01-06 11:15:00,1767678300,11934,11960,11901,11924,30370
2026-01-06 12:15:00,1767681900,11929,11932,11850,11866,54752
2026-01-06 13:15:00,1767685500,11866,11927,11802,11820,69222
2026-01-06 14:15:00,1767689100,11820,11826,11658,11740,161210
2026-01-06 15:15:00,1767692700,11739,11754,11660,11675,82921
2026-01-07 09:15:00,1767757500,11640,11875,11480,11845,301701
2026-01-07 10:15:00,1767761100,11845,11970,11806,11885,207747
2026-01-07 11:15:00,1767764700,11885,11885,11715,11734,81838
2026-01-07 12:15:00,1767768300,11734,11764,11686,11704,49637
2026-01-07 13:15:00,1767771900,11705,11742,11659,11734,53438
2026-01-07 14:15:00,1767775500,11735,11796,11700,11774,105498
2026-01-07 15:15:00,1767779100,11775,11788,11751,11780,35508
2026-01-08 09:15:00,1767843900,11780,11894,11708,11800,133796
2026-01-08 10:15:00,1767847500,11801,11873,11755,11826,123729
2026-01-08 11:15:00,1767851100,11829,11878,11731,11873,65122
2026-01-08 12:15:00,1767854700,11865,12055,11853,11993,215942
2026-01-08 13:15:00,1767858300,11996,11999,11900,11933,84959
2026-01-08 14:15:00,1767861900,11935,12055,11915,11994,139605
2026-01-08 15:15:00,1767865500,11998,12010,11976,11980,49643
2026-01-09 09:15:00,1767930300,11980,11985,11750,11882,129656
2026-01-09 10:15:00,1767933900,11882,12047,11882,11929,95331
2026-01-09 11:15:00,1767937500,11928,12012,11900,11932,54061
2026-01-09 12:15:00,1767941100,11927,11952,11875,11896,48949
2026-01-09 13:15:00,1767944700,11904,11965,11876,11877,52919
2026-01-09 14:15:00,1767948300,11875,11944,11820,11907,104029
2026-01-09 15:15:00,1767951900,11909,11911,11872,11880,38294
2026-01-12 09:15:00,1768189500,11880,11884,11674,11783,123535
2026-01-12 10:15:00,1768193100,11783,11821,11732,11754,76008
2026-01-12 11:15:00,1768196700,11754,11819,11717,11816,53638
2026-01-12 12:15:00,1768200300,11818,11880,11795,11850,64846
2026-01-12 13:15:00,1768203900,11856,11880,11800,11821,30516
2026-01-12 14:15:00,1768207500,11820,11894,11784,11830,59326
2026-01-12 15:15:00,1768211100,11833,11852,11825,11839,19402
2026-01-13 09:15:00,1768275900,11950,11964,11542,11566,263188
2026-01-13 10:15:00,1768279500,11566,11640,11513,11520,113442
2026-01-13 11:15:00,1768283100,11521,11600,11450,11450,114651
2026-01-13 12:15:00,1768286700,11450,11484,11180,11242,288699
2026-01-13 13:15:00,1768290300,11243,11297,11202,11230,135452
2026-01-13 14:15:00,1768293900,11227,11285,11180,11234,212780
2026-01-13 15:15:00,1768297500,11230,11259,11203,11248,101754
2026-01-14 09:15:00,1768362300,11260,11526,11226,11427,302347
2026-01-14 10:15:00,1768365900,11430,11430,11295,11297,112091
2026-01-14 11:15:00,1768369500,11296,11342,11219,11232,109046
2026-01-14 12:15:00,1768373100,11225,11259,11182,11224,126793
2026-01-14 13:15:00,1768376700,11224,11226,11141,11149,76355
2026-01-14 14:15:00,1768380300,11150,11183,11121,11122,119212
2026-01-14 15:15:00,1768383900,11124,11127,11055,11108,81349
2026-01-16 09:15:00,1768535100,11108,11231,10986,11129,191893
2026-01-16 10:15:00,1768538700,11127,11198,10960,10995,112874
2026-01-16 11:15:00,1768542300,10995,11003,10875,10930,106510
2026-01-16 12:15:00,1768545900,10935,10958,10794,10809,125046
2026-01-16 13:15:00,1768549500,10814,10814,10750,10753,124733
2026-01-16 14:15:00,1768553100,10751,10785,10714,10730,163623
2026-01-16 15:15:00,1768556700,10729,10750,10702,10738,63581
2026-01-19 09:15:00,1768794300,10732,10875,10591,10859,189033
2026-01-19 10:15:00,1768797900,10857,10960,10769,10939,115931
2026-01-19 11:15:00,1768801500,10939,10998,10818,10881,96660
2026-01-19 12:15:00,1768805100,10881,10910,10832,10850,67117
2026-01-19 13:15:00,1768808700,10853,10920,10848,10880,48502
2026-01-19 14:15:00,1768812300,10883,11060,10871,11015,138295
2026-01-19 15:15:00,1768815900,11015,11026,10989,11020,46125
2026-01-20 09:15:00,1768880700,11029,11144,10902,10975,154041
2026-01-20 10:15:00,1768884300,10970,11000,10877,10883,55198
2026-01-20 11:15:00,1768887900,10888,10934,10792,10801,52099
2026-01-20 12:15:00,1768891500,10801,10845,10761,10777,39785
2026-01-20 13:15:00,1768895100,10778,10808,10731,10738,37714
2026-01-20 14:15:00,1768898700,10736,10789,10665,10668,98778
2026-01-20 15:15:00,1768902300,10665,10720,10632,10700,37428
2026-01-21 09:15:00,1768967100,10682,10790,10403,10435,239819
2026-01-21 10:15:00,1768970700,10435,10470,10274,10398,178645
2026-01-21 11:15:00,1768974300,10397,10510,10370,10508,96349
2026-01-21 12:15:00,1768977900,10505,10695,10468,10680,113051
2026-01-21 13:15:00,1768981500,10683,10723,10493,10497,133387
2026-01-21 14:15:00,1768985100,10496,10550,10460,10506,105599
2026-01-21 15:15:00,1768988700,10504,10578,10499,10558,46835
2026-01-22 09:15:00,1769053500,10700,10717,10582,10614,131397
2026-01-22 10:15:00,1769057100,10613,10628,10513,10522,66345
2026-01-22 11:15:00,1769060700,10522,10565,10433,10489,54084
2026-01-22 12:15:00,1769064300,10492,10549,10424,10435,49313
2026-01-22 13:15:00,1769067900,10437,10532,10420,10485,48519
2026-01-22 14:15:00,1769071500,10492,10542,10482,10510,45514
2026-01-22 15:15:00,1769075100,10506,10542,10504,10542,24812
2026-01-23 09:15:00,1769139900,10575,10657,10484,10638,127086
2026-01-23 10:15:00,1769143500,10638,10664,10485,10506,110140
2026-01-23 11:15:00,1769147100,10505,10527,10426,10426,59117
2026-01-23 12:15:00,1769150700,10425,10473,10408,10433,48456
2026-01-23 13:15:00,1769154300,10433,10433,10372,10394,50836
2026-01-23 14:15:00,1769157900,10395,10437,10341,10366,64124
2026-01-23 15:15:00,1769161500,10370,10374,10330,10330,26204
2026-01-27 09:15:00,1769485500,10400,10400,10090,10205,188494
2026-01-27 10:15:00,1769489100,10200,10219,10031,10098,100024
2026-01-27 11:15:00,1769492700,10100,10155,10040,10125,73807
2026-01-27 12:15:00,1769496300,10122,10150,10044,10057,59256
2026-01-27 13:15:00,1769499900,10057,10069,9990,10035,95809
2026-01-27 14:15:00,1769503500,10035,10224,10004,10169,138697
2026-01-27 15:15:00,1769507100,10169,10249,10166,10235,44298
2026-01-28 09:15:00,1769571900,10189,10350,10070,10081,141685
2026-01-28 10:15:00,1769575500,10087,10180,10038,10177,128605
2026-01-28 11:15:00,1769579100,10177,10309,10159,10259,170310
2026-01-28 12:15:00,1769582700,10260,10285,10209,10257,55126
2026-01-28 13:15:00,1769586300,10259,10279,10205,10276,60077
2026-01-28 14:15:00,1769589900,10276,10309,10236,10278,77098
2026-01-28 15:15:00,1769593500,10283,10283,10260,10274,26946
2026-01-29 09:15:00,1769658300,10299,10436,10105,10128,217990
2026-01-29 10:15:00,1769661900,10125,10190,10056,10174,117701
2026-01-29 11:15:00,1769665500,10174,10228,10101,10131,74741
2026-01-29 12:15:00,1769669100,10129,10192,10117,10180,29860
2026-01-29 13:15:00,1769672700,10183,10261,10150,10227,62252
2026-01-29 14:15:00,1769676300,10227,10377,10220,10335,114971
2026-01-29 15:15:00,1769679900,10338,10374,10280,10280,53316
2026-01-30 09:15:00,1769744700,10100,10843,9835,10777,959119
2026-01-30 10:15:00,1769748300,10778,10840,10635,10650,255356
2026-01-30 11:15:00,1769751900,10650,10680,10435,10493,201015
2026-01-30 12:15:00,1769755500,10491,10523,10280,10300,196434
2026-01-30 13:15:00,1769759100,10297,10495,10268,10462,156470
2026-01-30 14:15:00,1769762700,10464,10511,10378,10450,159199
2026-01-30 15:15:00,1769766300,10452,10471,10402,10435,58081
2026-02-01 09:15:00,1769917500,10590,10700,10429,10589,133874
2026-02-01 10:15:00,1769921100,10593,11026,10590,10846,207914
2026-02-01 11:15:00,1769924700,10847,10958,10521,10574,364948
2026-02-01 12:15:00,1769928300,10570,10590,9968,10417,337560
2026-02-01 13:15:00,1769931900,10416,10575,10180,10215,219611
2026-02-01 14:15:00,1769935500,10220,10298,10116,10207,171603
2026-02-01 15:15:00,1769939100,10201,10209,10125,10158,52726
2026-02-02 09:15:00,1770003900,10250,10530,10112,10432,352597
2026-02-02 10:15:00,1770007500,10433,10433,10161,10218,121306
2026-02-02 11:15:00,1770011100,10218,10250,10102,10201,111405
2026-02-02 12:15:00,1770014700,10198,10298,10169,10272,69363
2026-02-02 13:15:00,1770018300,10272,10308,10216,10254,70404
2026-02-02 14:15:00,1770021900,10255,10350,10230,10345,69364
2026-02-02 15:15:00,1770025500,10345,10363,10316,10354,24979
2026-02-03 09:15:00,1770090300,11100,11200,10852,10905,805750
2026-02-03 10:15:00,1770093900,10905,11094,10887,11030,158914
2026-02-03 11:15:00,1770097500,11030,11086,10973,11003,113321
2026-02-03 12:15:00,1770101100,11003,11075,10999,11046,111077
2026-02-03 13:15:00,1770104700,11050,11059,10880,10981,155248
2026-02-03 14:15:00,1770108300,10985,11045,10964,11034,161565
2026-02-03 15:15:00,1770111900,11036,11055,11000,11033,67774
2026-02-04 09:15:00,1770176700,11032,11474,10926,11446,329765
2026-02-04 10:15:00,1770180300,11440,11646,11400,11567,421873
2026-02-04 11:15:00,1770183900,11567,11610,11470,11563,194691
2026-02-04 12:15:00,1770187500,11563,11650,11551,11617,140010
2026-02-04 13:15:00,1770191100,11618,11650,11597,11631,97581
2026-02-04 14:15:00,1770194700,11631,11710,11624,11685,220249
2026-02-04 15:15:00,1770198300,11682,11713,11644,11680,102773
2026-02-05 09:15:00,1770263100,11700,11713,11160,11196,445930
2026-02-05 10:15:00,1770266700,11196,11288,11154,11240,192833
2026-02-05 11:15:00,1770270300,11241,11350,11191,11336,113538
2026-02-05 12:15:00,1770273900,11331,11429,11300,11417,86333
2026-02-05 13:15:00,1770277500,11417,11467,11346,11366,86121
2026-02-05 14:15:00,1770281100,11367,11440,11355,11395,75011
2026-02-05 15:15:00,1770284700,11396,11403,11325,11354,45096
2026-02-06 09:15:00,1770349500,11349,11367,11172,11247,113874
2026-02-06 10:15:00,1770353100,11247,11388,11235,11366,68924
2026-02-06 11:15:00,1770356700,11366,11430,11301,11334,70263
2026-02-06 12:15:00,1770360300,11333,11333,11261,11315,43272
2026-02-06 13:15:00,1770363900,11313,11414,11291,11367,43348
2026-02-06 14:15:00,1770367500,11367,11528,11367,11523,100056
2026-02-06 15:15:00,1770371100,11523,11549,11455,11490,36637
2026-02-09 09:15:00,1770608700,11655,11699,11550,11600,105902
2026-02-09 10:15:00,1770612300,11594,11809,11581,11786,129287
2026-02-09 11:15:00,1770615900,11786,11839,11752,11814,67623
2026-02-09 12:15:00,1770619500,11813,11845,11750,11828,65629
2026-02-09 13:15:00,1770623100,11828,11842,11777,11790,34648
2026-02-09 14:15:00,1770626700,11792,11810,11750,11769,49856
2026-02-09 15:15:00,1770630300,11766,11770,11719,11735,29607
2026-02-10 09:15:00,1770695100,11820,11847,11623,11695,158543
2026-02-10 10:15:00,1770698700,11692,11750,11627,11730,84340
2026-02-10 11:15:00,1770702300,11730,11822,11724,11797,80654
2026-02-10 12:15:00,1770705900,11801,11819,11760,11766,45396
2026-02-10 13:15:00,1770709500,11765,11769,11580,11593,88290
2026-02-10 14:15:00,1770713100,11593,11637,11563,11616,57143
2026-02-10 15:15:00,1770716700,11612,11615,11584,11590,30781
2026-02-11 09:15:00,1770781500,11640,11666,11490,11603,93591
2026-02-11 10:15:00,1770785100,11603,11766,11592,11720,108943
2026-02-11 11:15:00,1770788700,11720,11753,11667,11709,51509
2026-02-11 12:15:00,1770792300,11709,11710,11621,11652,41798
2026-02-11 13:15:00,1770795900,11652,11722,11630,11701,52193
2026-02-11 14:15:00,1770799500,11702,11743,11675,11739,51545
2026-02-11 15:15:00,1770803100,11739,11755,11723,11740,47712
2026-02-12 09:15:00,1770867900,11740,11779,11630,11666,78769
2026-02-12 10:15:00,1770871500,11666,11705,11647,11678,36974
2026-02-12 11:15:00,1770875100,11678,11739,11650,11702,37792
2026-02-12 12:15:00,1770878700,11702,11730,11651,11667,25977
2026-02-12 13:15:00,1770882300,11664,11685,11590,11655,37481
2026-02-12 14:15:00,1770885900,11649,11657,11592,11638,46002
2026-02-12 15:15:00,1770889500,11636,11653,11595,11600,24205
2026-02-13 09:15:00,1770954300,11500,11548,11332,11378,114928
2026-02-13 10:15:00,1770957900,11377,11427,11320,11350,68572
2026-02-13 11:15:00,1770961500,11350,11421,11250,11415,88572
2026-02-13 12:15:00,1770965100,11418,11426,11375,11415,45472
2026-02-13 13:15:00,1770968700,11415,11477,11393,11465,52326
2026-02-13 14:15:00,1770972300,11465,11477,11394,11404,51579
2026-02-13 15:15:00,1770975900,11404,11441,11390,11398,23190
2026-02-16 09:15:00,1771213500,11540,11776,11363,11750,220906
2026-02-16 10:15:00,1771217100,11750,11788,11712,11755,71822
2026-02-16 11:15:00,1771220700,11755,11830,11730,11780,97750
2026-02-16 12:15:00,1771224300,11780,11839,11729,11743,67658
2026-02-16 13:15:00,1771227900,11743,11750,11675,11738,47400
2026-02-16 14:15:00,1771231500,11736,11765,11725,11755,49876
2026-02-16 15:15:00,1771235100,11754,11768,11728,11765,41144
2026-02-17 09:15:00,1771299900,11750,11785,11610,11782,81626
2026-02-17 10:15:00,1771303500,11782,11818,11685,11714,58921
2026-02-17 11:15:00,1771307100,11719,11747,11676,11686,28257
2026-02-17 12:15:00,1771310700,11692,11712,11670,11700,24736
2026-02-17 13:15:00,1771314300,11700,11734,11653,11655,26425
2026-02-17 14:15:00,1771317900,11654,11674,11605,11644,47971
2026-02-17 15:15:00,1771321500,11641,11665,11623,11640,17319
2026-02-18 09:15:00,1771386300,11700,11700,11290,11314,206168
2026-02-18 10:15:00,1771389900,11315,11380,11260,11346,103897
2026-02-18 11:15:00,1771393500,11346,11458,11327,11447,59295
2026-02-18 12:15:00,1771397100,11449,11498,11436,11468,46880
2026-02-18 13:15:00,1771400700,11470,11510,11425,11490,43171
2026-02-18 14:15:00,1771404300,11495,11566,11468,11525,56468
2026-02-18 15:15:00,1771407900,11525,11525,11480,11480,30572
2026-02-19 09:15:00,1771472700,11400,11464,11282,11289,144681
2026-02-19 10:15:00,1771476300,11286,11309,11160,11184,114218
2026-02-19 11:15:00,1771479900,11178,11212,11139,11143,63773
2026-02-19 12:15:00,1771483500,11140,11278,11126,11234,126025
2026-02-19 13:15:00,1771487100,11236,11285,11201,11243,42752
2026-02-19 14:15:00,1771490700,11247,11272,11170,11229,111646
2026-02-19 15:15:00,1771494300,11229,11268,11205,11220,80349
2026-02-20 09:15:00,1771559100,11150,11286,11101,11200,89137
2026-02-20 10:15:00,1771562700,11207,11230,11074,11081,62240
2026-02-20 11:15:00,1771566300,11080,11150,11041,11142,50431
2026-02-20 12:15:00,1771569900,11142,11180,11071,11112,108552
2026-02-20 13:15:00,1771573500,11106,11217,11083,11199,65501
2026-02-20 14:15:00,1771577100,11193,11203,11070,11080,79530
2026-02-20 15:15:00,1771580700,11072,11074,11007,11020,28405
2026-02-23 09:15:00,1771818300,11100,11130,10834,10854,145311
2026-02-23 10:15:00,1771821900,10854,10894,10729,10742,97364
2026-02-23 11:15:00,1771825500,10747,10755,10645,10696,101341
2026-02-23 12:15:00,1771829100,10696,10767,10692,10709,62370
2026-02-23 13:15:00,1771832700,10709,10740,10670,10676,48230
2026-02-23 14:15:00,1771836300,10676,10702,10567,10595,116543
2026-02-23 15:15:00,1771839900,10596,10626,10572,10610,71773
2026-02-24 09:15:00,1771904700,10560,10609,10495,10540,121423
2026-02-24 10:15:00,1771908300,10534,10614,10491,10505,75977
2026-02-24 11:15:00,1771911900,10505,10511,10390,10429,64740
2026-02-24 12:15:00,1771915500,10426,10456,10375,10449,46156
2026-02-24 13:15:00,1771919100,10448,10448,10371,10395,70742
2026-02-24 14:15:00,1771922700,10395,10561,10372,10543,99527
2026-02-24 15:15:00,1771926300,10542,10585,10520,10579,32868
2026-02-25 09:15:00,1771991100,10550,10688,10430,10500,138829
2026-02-25 10:15:00,1771994700,10486,10519,10383,10497,52459
2026-02-25 11:15:00,1771998300,10498,10506,10451,10467,19300
2026-02-25 12:15:00,1772001900,10466,10482,10320,10360,53392
2026-02-25 13:15:00,1772005500,10355,10385,10329,10341,28199
2026-02-25 14:15:00,1772009100,10342,10426,10335,10410,60934
2026-02-25 15:15:00,1772012700,10409,10410,10350,10360,30277
2026-02-26 09:15:00,1772077500,10361,10462,10205,10391,131780
2026-02-26 10:15:00,1772081100,10394,10410,10312,10323,49153
2026-02-26 11:15:00,1772084700,10321,10328,10200,10201,86251
2026-02-26 12:15:00,1772088300,10200,10226,10165,10172,53019
2026-02-26 13:15:00,1772091900,10172,10176,10093,10149,91791
2026-02-26 14:15:00,1772095500,10148,10170,10108,10108,79651
2026-02-26 15:15:00,1772099100,10109,10124,10081,10120,69591
2026-02-27 09:15:00,1772163900,10106,10586,10085,10232,481212
2026-02-27 10:15:00,1772167500,10235,10413,10171,10400,167778
2026-02-27 11:15:00,1772171100,10399,10568,10349,10478,200392
2026-02-27 12:15:00,1772174700,10475,10550,10469,10526,139709
2026-02-27 13:15:00,1772178300,10526,10611,10522,10577,114038
2026-02-27 14:15:00,1772181900,10577,10620,10490,10522,186110
2026-02-27 15:15:00,1772185500,10520,10539,10505,10520,67513
2026-03-02 09:15:00,1772423100,10110,10478,10110,10355,153157
2026-03-02 10:15:00,1772426700,10354,10420,10260,10283,64147
2026-03-02 11:15:00,1772430300,10282,10283,10153,10192,60799
2026-03-02 12:15:00,1772433900,10190,10195,10125,10134,46382
2026-03-02 13:15:00,1772437500,10134,10175,10050,10172,65293
2026-03-02 14:15:00,1772441100,10175,10190,10105,10157,68189
2026-03-02 15:15:00,1772444700,10157,10169,10132,10160,37979
2026-03-04 09:15:00,1772595900,9850,9980,9770,9926,283271
2026-03-04 10:15:00,1772599500,9928,9928,9845,9857,88950
2026-03-04 11:15:00,1772603100,9858,9859,9780,9782,84372
2026-03-04 12:15:00,1772606700,9785,9910,9783,9894,109877
2026-03-04 13:15:00,1772610300,9891,10163,9880,10147,186425
2026-03-04 14:15:00,1772613900,10146,10159,10068,10101,124872
2026-03-04 15:15:00,1772617500,10096,10181,10096,10151,72548
2026-03-05 09:15:00,1772682300,10249,10284,10062,10080,149027
2026-03-05 10:15:00,1772685900,10079,10130,10009,10102,67899
2026-03-05 11:15:00,1772689500,10102,10126,10054,10094,95824
2026-03-05 12:15:00,1772693100,10094,10100,10030,10058,27875
2026-03-05 13:15:00,1772696700,10058,10145,10001,10011,71310
2026-03-05 14:15:00,1772700300,10010,10294,9993,10192,150766
2026-03-05 15:15:00,1772703900,10195,10226,10182,10192,22671
2026-03-06 09:15:00,1772768700,10199,10290,10122,10209,88468
2026-03-06 10:15:00,1772772300,10209,10224,10157,10192,40244
2026-03-06 11:15:00,1772775900,10192,10254,10136,10140,34381
2026-03-06 12:15:00,1772779500,10140,10173,10097,10154,158719
2026-03-06 13:15:00,1772783100,10154,10168,10131,10148,18492
2026-03-06 14:15:00,1772786700,10148,10184,10021,10050,79323
2026-03-06 15:15:00,1772790300,10051,10051,9990,10035,42244
2026-03-09 09:15:00,1773027900,9945,9945,9630,9810,159198
2026-03-09 10:15:00,1773031500,9810,9878,9758,9832,90700
2026-03-09 11:15:00,1773035100,9832,9874,9746,9768,64701
2026-03-09 12:15:00,1773038700,9769,9855,9742,9797,41080
2026-03-09 13:15:00,1773042300,9797,9797,9749,9784,33388
2026-03-09 14:15:00,1773045900,9781,9833,9750,9805,66630
2026-03-09 15:15:00,1773049500,9805,9812,9781,9810,30457
2026-03-10 09:15:00,1773114300,10399,10530,10171,10196,594865
2026-03-10 10:15:00,1773117900,10202,10408,10200,10375,180519
2026-03-10 11:15:00,1773121500,10376,10408,10314,10314,107281
2026-03-10 12:15:00,1773125100,10319,10440,10310,10384,136627
2026-03-10 13:15:00,1773128700,10385,10429,10330,10375,105183
2026-03-10 14:15:00,1773132300,10378,10942,10360,10890,702319
2026-03-10 15:15:00,1773135900,10890,11078,10884,11035,194631
2026-03-11 09:15:00,1773200700,10962,11050,10742,10760,363924
2026-03-11 10:15:00,1773204300,10752,10771,10625,10709,175159
2026-03-11 11:15:00,1773207900,10713,10785,10695,10775,88581
2026-03-11 12:15:00,1773211500,10775,10949,10734,10747,205150
2026-03-11 13:15:00,1773215100,10745,10764,10572,10585,140441
2026-03-11 14:15:00,1773218700,10584,10658,10533,10592,216301
2026-03-11 15:15:00,1773222300,10594,10648,10575,10580,94074
2026-03-12 09:15:00,1773287100,10475,10494,10254,10320,226717
2026-03-12 10:15:00,1773290700,10320,10710,10316,10650,191761
2026-03-12 11:15:00,1773294300,10650,10686,10546,10678,97745
2026-03-12 12:15:00,1773297900,10683,10775,10607,10755,123289
2026-03-12 13:15:00,1773301500,10750,10825,10720,10760,105614
2026-03-12 14:15:00,1773305100,10760,10849,10675,10810,173105
2026-03-12 15:15:00,1773308700,10810,10819,10785,10803,48302
2026-03-13 09:15:00,1773373500,10699,10833,10442,10494,238654
2026-03-13 10:15:00,1773377100,10494,10570,10393,10490,129307
2026-03-13 11:15:00,1773380700,10495,10542,10427,10449,68139
2026-03-13 12:15:00,1773384300,10445,10510,10353,10453,119075
2026-03-13 13:15:00,1773387900,10453,10500,10410,10443,72977
2026-03-13 14:15:00,1773391500,10444,10495,10310,10357,150646
2026-03-13 15:15:00,1773395100,10357,10362,10300,10329,67777
2026-03-16 09:15:00,1773632700,10202,10380,10082,10218,205073
2026-03-16 10:15:00,1773636300,10218,10220,10059,10185,114012
2026-03-16 11:15:00,1773639900,10185,10271,10143,10153,48711
2026-03-16 12:15:00,1773643500,10155,10174,10086,10113,35247
2026-03-16 13:15:00,1773647100,10114,10148,10086,10117,41366
2026-03-16 14:15:00,1773650700,10117,10352,10099,10262,128465
2026-03-16 15:15:00,1773654300,10261,10287,10200,10232,30570
2026-03-17 09:15:00,1773719100,10379,10459,10250,10396,162817
2026-03-17 10:15:00,1773722700,10396,10411,10303,10310,59463
2026-03-17 11:15:00,1773726300,10310,10320,10225,10260,67980
2026-03-17 12:15:00,1773729900,10260,10273,10211,10260,61397
2026-03-17 13:15:00,1773733500,10263,10300,10250,10291,47126
2026-03-17 14:15:00,1773737100,10291,10348,10257,10297,79666
2026-03-17 15:15:00,1773740700,10295,10299,10260,10290,37597
2026-03-18 09:15:00,1773805500,10339,10525,10305,10472,149943
2026-03-18 10:15:00,1773809100,10475,10734,10475,10670,185951
2026-03-18 11:15:00,1773812700,10670,10762,10666,10728,119211
2026-03-18 12:15:00,1773816300,10729,10740,10665,10677,65239
2026-03-18 13:15:00,1773819900,10676,10730,10665,10673,56341
2026-03-18 14:15:00,1773823500,10673,10737,10642,10729,101853
2026-03-18 15:15:00,1773827100,10735,10737,10671,10674,38178
2026-03-19 09:15:00,1773891900,10464,10585,10270,10276,185612
2026-03-19 10:15:00,1773895500,10276,10346,10255,10316,80019
2026-03-19 11:15:00,1773899100,10316,10328,10289,10318,34344
2026-03-19 12:15:00,1773902700,10313,10357,10303,10323,40911
2026-03-19 13:15:00,1773906300,10323,10341,10241,10264,70400
2026-03-19 14:15:00,1773909900,10266,10298,10160,10180,136424
2026-03-19 15:15:00,1773913500,10178,10232,10169,10190,67043
2026-03-20 09:15:00,1773978300,10342,10475,10285,10415,149206
2026-03-20 10:15:00,1773981900,10415,10474,10374,10442,66646
2026-03-20 11:15:00,1773985500,10442,10495,10290,10312,109650
2026-03-20 12:15:00,1773989100,10320,10363,10265,10342,47872
2026-03-20 13:15:00,1773992700,10342,10405,10330,10381,37320
2026-03-20 14:15:00,1773996300,10379,10382,10321,10336,73276
2026-03-20 15:15:00,1773999900,10336,10364,10320,10343,34559
2026-03-23 09:15:00,1774237500,10200,10200,9982,9995,144933
2026-03-23 10:15:00,1774241100,9995,9996,9813,9820,116986
2026-03-23 11:15:00,1774244700,9816,9869,9800,9840,76338
2026-03-23 12:15:00,1774248300,9840,9888,9818,9843,121556
2026-03-23 13:15:00,1774251900,9845,9980,9845,9940,83286
2026-03-23 14:15:00,1774255500,9940,9950,9862,9910,98647
2026-03-23 15:15:00,1774259100,9913,9923,9850,9869,41268
2026-03-24 09:15:00,1774323900,10200,10200,9950,10026,183497
2026-03-24 10:15:00,1774327500,10025,10044,9950,9976,63969
2026-03-24 11:15:00,1774331100,9978,10076,9953,10036,70788
2026-03-24 12:15:00,1774334700,10039,10242,10037,10180,118168
2026-03-24 13:15:00,1774338300,10182,10260,10170,10237,66704
2026-03-24 14:15:00,1774341900,10237,10260,10149,10196,82548
2026-03-24 15:15:00,1774345500,10196,10198,10120,10163,42918
2026-03-25 09:15:00,1774410300,10250,10490,10222,10475,160557
2026-03-25 10:15:00,1774413900,10477,10570,10465,10553,86938
2026-03-25 11:15:00,1774417500,10552,10559,10417,10448,82519
2026-03-25 12:15:00,1774421100,10448,10508,10402,10424,69348
2026-03-25 13:15:00,1774424700,10424,10465,10402,10407,37422
2026-03-25 14:15:00,1774428300,10404,10439,10361,10425,99366
2026-03-25 15:15:00,1774431900,10428,10433,10390,10391,39604
2026-03-27 09:15:00,1774583100,10301,10310,10076,10095,176990
2026-03-27 10:15:00,1774586700,10095,10131,10072,10115,61557
2026-03-27 11:15:00,1774590300,10115,10189,10075,10173,71195
2026-03-27 12:15:00,1774593900,10170,10205,10146,10157,51604
2026-03-27 13:15:00,1774597500,10160,10190,10104,10134,56321
2026-03-27 14:15:00,1774601100,10133,10134,10012,10022,105969
2026-03-27 15:15:00,1774604700,10022,10023,9999,10001,45854
2026-03-30 09:15:00,1774842300,9900,9977,9788,9886,162428
2026-03-30 10:15:00,1774845900,9887,9925,9852,9877,51226
2026-03-30 11:15:00,1774849500,9879,9980,9875,9949,60031
2026-03-30 12:15:00,1774853100,9949,9989,9876,9900,76157
2026-03-30 13:15:00,1774856700,9904,9920,9800,9805,70849
2026-03-30 14:15:00,1774860300,9802,9832,9653,9661,170927
2026-03-30 15:15:00,1774863900,9660,9673,9600,9638,93779
2026-04-01 09:15:00,1775015100,10100,10149,9904,10095,175941
2026-04-01 10:15:00,1775018700,10094,10120,10015.5,10025.5,61188
2026-04-01 11:15:00,1775022300,10025.5,10280,10025.5,10250,101737
2026-04-01 12:15:00,1775025900,10250,10390,10239,10373,109985
2026-04-01 13:15:00,1775029500,10373.5,10388.5,10255,10318.5,71860
2026-04-01 14:15:00,1775033100,10323,10324.5,10170,10232,104620
2026-04-01 15:15:00,1775036700,10234,10282,10230,10270,39958
2026-04-02 09:15:00,1775101500,10010,10215,9940,10179,256916
2026-04-02 10:15:00,1775105100,10174,10179.5,10088,10112,86939
2026-04-02 11:15:00,1775108700,10109,10345.5,10098,10140.5,133470
2026-04-02 12:15:00,1775112300,10132,10137,9732,9785,255104
2026-04-02 13:15:00,1775115900,9785,9924.5,9774,9907.5,179628
2026-04-02 14:15:00,1775119500,9908.5,9964.5,9800,9933,241098
2026-04-02 15:15:00,1775123100,9936,9959.5,9882,9892,58861
2026-04-06 09:15:00,1775447100,9970,10038.5,9734,9897,296714
2026-04-06 10:15:00,1775450700,9894,9918,9823.5,9850,74665
2026-04-06 11:15:00,1775454300,9851.5,9975,9847.5,9946.5,72684
2026-04-06 12:15:00,1775457900,9946,10012,9892,10006,92178
2026-04-06 13:15:00,1775461500,10008,10064,9977,10059,87075
2026-04-06 14:15:00,1775465100,10059,10074,9976,10008,90496
2026-04-06 15:15:00,1775468700,10008.5,10022,10000,10005,36458
2026-04-07 09:15:00,1775533500,9950,10080,9840.5,10011,214434
2026-04-07 10:15:00,1775537100,10011,10133.5,9958,9973,123350
2026-04-07 11:15:00,1775540700,9973,10058,9970,10031,41520
2026-04-07 12:15:00,1775544300,10031,10050,10001,10036.5,26383
2026-04-07 13:15:00,1775547900,10041.5,10145,10031,10100.5,103905
2026-04-07 14:15:00,1775551500,10103.5,10142,10071.5,10124,74018
2026-04-07 15:15:00,1775555100,10124.5,10130,10090,10112.5,39678
2026-04-08 09:15:00,1775619900,10572.5,10685,10430,10542,356742
2026-04-08 10:15:00,1775623500,10542,10635.5,10492.5,10612,147184
2026-04-08 11:15:00,1775627100,10612,10618,10507,10542,81321
2026-04-08 12:15:00,1775630700,10545,10558,10475.5,10516,93706
2026-04-08 13:15:00,1775634300,10512,10611,10508,10601.5,107390
2026-04-08 14:15:00,1775637900,10600,10628,10558,10615,108903
2026-04-08 15:15:00,1775641500,10611.5,10710,10610,10699,78387
2026-04-09 09:15:00,1775706300,10669.5,10698,10420,10485,224325
2026-04-09 10:15:00,1775709900,10485,10589,10467,10587,66783
2026-04-09 11:15:00,1775713500,10589,10665,10563.5,10612,90282
2026-04-09 12:15:00,1775717100,10612,10670.5,10612,10626.5,82145
2026-04-09 13:15:00,1775720700,10628,10632,10566,10610,51844
2026-04-09 14:15:00,1775724300,10610,10648,10534,10629.5,94152
2026-04-09 15:15:00,1775727900,10629.5,10635,10605.5,10618,46044
2026-04-10 09:15:00,1775792700,10611,10810,10600,10790,208046
2026-04-10 10:15:00,1775796300,10792,10890,10715,10722.5,177482
2026-04-10 11:15:00,1775799900,10722.5,10774,10625,10760,124380
2026-04-10 12:15:00,1775803500,10758.5,10790,10740.5,10755,50897
2026-04-10 13:15:00,1775807100,10755,10755,10666,10692,51287
2026-04-10 14:15:00,1775810700,10692,10703,10605,10682,120583
2026-04-10 15:15:00,1775814300,10683,10690,10641,10654.5,58424
2026-04-13 09:15:00,1776051900,10400,10504,10288,10413,213777
2026-04-13 10:15:00,1776055500,10413,10523,10398,10474,99199
2026-04-13 11:15:00,1776059100,10474,10515,10467,10475,34048
2026-04-13 12:15:00,1776062700,10475,10507.5,10445.5,10487.5,42385
2026-04-13 13:15:00,1776066300,10490,10537,10472,10487,48663
2026-04-13 14:15:00,1776069900,10482.5,10510,10428,10482.5,85453
2026-04-13 15:15:00,1776073500,10483.5,10590,10482,10575,44225
2026-04-15 09:15:00,1776224700,10714.5,10872,10714.5,10860,182644
2026-04-15 10:15:00,1776228300,10863.5,10930,10802,10814.5,127572
2026-04-15 11:15:00,1776231900,10814.5,10960,10814,10945,120440
2026-04-15 12:15:00,1776235500,10949.5,10970,10916,10928.5,72110
2026-04-15 13:15:00,1776239100,10934,10965,10896.5,10955,56897
2026-04-15 14:15:00,1776242700,10955.5,11099,10940,11022.5,209422
2026-04-15 15:15:00,1776246300,11030,11096,11022.5,11077,80627
2026-04-16 09:15:00,1776311100,11250,11407.5,11142.5,11164.5,396923
2026-04-16 10:15:00,1776314700,11164.5,11269,11121,11269,124720
2026-04-16 11:15:00,1776318300,11269,11327.5,11177,11200,168540
2026-04-16 12:15:00,1776321900,11200,11203.5,11139,11180,98322
2026-04-16 13:15:00,1776325500,11180,11235,11158.5,11223.5,74605
2026-04-16 14:15:00,1776329100,11225,11317.5,11210,11292,151039
2026-04-16 15:15:00,1776332700,11292.5,11301,11262.5,11286,52519
2026-04-17 09:15:00,1776397500,11320,11398,11270,11348,215641
2026-04-17 10:15:00,1776401100,11348.5,11394,11330,11376,80913
2026-04-17 11:15:00,1776404700,11376,11395,11290,11317,89790
2026-04-17 12:15:00,1776408300,11317,11329.5,11278,11320,91312
2026-04-17 13:15:00,1776411900,11317.5,11410,11315,11376,138150
2026-04-17 14:15:00,1776415500,11372.5,11405,11352,11372,75381
2026-04-17 15:15:00,1776419100,11372,11385,11360.5,11379,39577
2026-04-20 09:15:00,1776656700,11400,11400,11150,11255,243973
2026-04-20 10:15:00,1776660300,11255,11410,11241.5,11311.5,117307
2026-04-20 11:15:00,1776663900,11311.5,11397.5,11310,11373.5,46631
2026-04-20 12:15:00,1776667500,11375.5,11392,11319,11337,44335
2026-04-20 13:15:00,1776671100,11337,11348.5,11232.5,11258.5,67358
2026-04-20 14:15:00,1776674700,11255,11304.5,11217.5,11234,62491
2026-04-20 15:15:00,1776678300,11235,11235,11171,11194,45072
2026-04-21 09:15:00,1776743100,11211,11440,11211,11435,143405
2026-04-21 10:15:00,1776746700,11434.5,11435,11331.5,11361.5,63765
2026-04-21 11:15:00,1776750300,11367.5,11399,11362.5,11381,38972
2026-04-21 12:15:00,1776753900,11384.5,11384.5,11297,11314.5,53984
2026-04-21 13:15:00,1776757500,11314.5,11330,11285,11290,27462
2026-04-21 14:15:00,1776761100,11291.5,11316,11260,11273,45863
2026-04-21 15:15:00,1776764700,11273,11275,11245.5,11271,28535
2026-04-22 09:15:00,1776829500,11265,11341,11215.5,11222.5,124317
2026-04-22 10:15:00,1776833100,11222.5,11345,11216,11287,71507
2026-04-22 11:15:00,1776836700,11291.5,11355,11266,11301.5,77264
2026-04-22 12:15:00,1776840300,11301.5,11329.5,11278,11320,46097
2026-04-22 13:15:00,1776843900,11317.5,11364.5,11297,11297,53478
2026-04-22 14:15:00,1776847500,11301,11349,11256,11264.5,68108
2026-04-22 15:15:00,1776851100,11264.5,11270,11252,11264,31267
2026-04-23 09:15:00,1776915900,11249,11249,11042,11096,205821
2026-04-23 10:15:00,1776919500,11096,11099,10983.5,10995.5,121286
2026-04-23 11:15:00,1776923100,10994,11004.5,10861,10938.5,119826
2026-04-23 12:15:00,1776926700,10939.5,10949,10876,10940,62087
2026-04-23 13:15:00,1776930300,10936.5,10950,10891.5,10902.5,49998
2026-04-23 14:15:00,1776933900,10902.5,10920.5,10850,10870,116323
2026-04-23 15:15:00,1776937500,10870,10870,10820,10829,56066
2026-04-24 09:15:00,1777002300,10857,10995,10780,10990,214244
2026-04-24 10:15:00,1777005900,10986.5,11086,10860,10866,124566
2026-04-24 11:15:00,1777009500,10864.5,10900,10811.5,10879.5,79553
2026-04-24 12:15:00,1777013100,10880.5,10889,10771,10783,79273
2026-04-24 13:15:00,1777016700,10783,10847,10765.5,10842,55325
2026-04-24 14:15:00,1777020300,10842,10919,10795,10805,116665
2026-04-24 15:15:00,1777023900,10807.5,10840,10793,10820,38681
2026-04-27 09:15:00,1777261500,10920,11035,10855,10937,159936
2026-04-27 10:15:00,1777265100,10937,11095,10937,11060,94025
2026-04-27 11:15:00,1777268700,11060,11177.5,11060,11160,150426
2026-04-27 12:15:00,1777272300,11160,11221,11112,11197,121269
2026-04-27 13:15:00,1777275900,11199,11215,11120,11139.5,63821
2026-04-27 14:15:00,1777279500,11139.5,11205,11106.5,11203.5,111357
2026-04-27 15:15:00,1777283100,11204,11350,11204,11306,111567
2026-04-28 09:15:00,1777347900,11284,11534.5,11254.5,11452,280803
2026-04-28 10:15:00,1777351500,11451.5,11567,11451.5,11540,194703
2026-04-28 11:15:00,1777355100,11539,11595,11502.5,11515.5,131809
2026-04-28 12:15:00,1777358700,11512,11520.5,11425,11451.5,93254
2026-04-28 13:15:00,1777362300,11451.5,11466.5,11405.5,11405.5,56758
2026-04-28 14:15:00,1777365900,11407,11475,11330,11340,92595
2026-04-28 15:15:00,1777369500,11335,11384.5,11331.5,11370,38175
2026-04-29 09:15:00,1777434300,11375.5,11575,11360,11440.5,295202
2026-04-29 10:15:00,1777437900,11440.5,11487.5,11419.5,11468.5,37621
2026-04-29 11:15:00,1777441500,11468.5,11495,11412,11459.5,86334
2026-04-29 12:15:00,1777445100,11459,11470,11435,11443.5,57306
2026-04-29 13:15:00,1777448700,11443.5,11450,11325.5,11351.5,91932
2026-04-29 14:15:00,1777452300,11352.5,11380,11259.5,11318.5,77289
2026-04-29 15:15:00,1777455900,11322,11331.5,11285,11315,30275
2026-04-30 09:15:00,1777520700,11300,11300,11062.5,11068.5,137249
2026-04-30 10:15:00,1777524300,11068.5,11169,11006,11153,97766
2026-04-30 11:15:00,1777527900,11157,11233,11125,11145,77050
2026-04-30 12:15:00,1777531500,11145,11169,11106,11120,29522
2026-04-30 13:15:00,1777535100,11120,11149,11111,11128.5,20904
2026-04-30 14:15:00,1777538700,11129,11197.5,11102.5,11149,62355
2026-04-30 15:15:00,1777542300,11149,11220,11141,11220,33220
2026-05-04 09:15:00,1777866300,11299,11365,11226,11297,89713
2026-05-04 10:15:00,1777869900,11297,11311,11252,11270,32491
2026-05-04 11:15:00,1777873500,11275,11290,11201,11225,29317
2026-05-04 12:15:00,1777877100,11225,11260,11190,11224,42499
2026-05-04 13:15:00,1777880700,11224,11297,11159,11294,49875
2026-05-04 14:15:00,1777884300,11291,11368,11258,11363,74001
2026-05-04 15:15:00,1777887900,11379,11492,11371,11460,62312
2026-05-05 09:15:00,1777952700,11400,11674,11368,11444,211385
2026-05-05 10:15:00,1777956300,11444,11454,11291,11310,91692
2026-05-05 11:15:00,1777959900,11310,11324,11251,11274,54577
2026-05-05 12:15:00,1777963500,11274,11324,11268,11313,42018
2026-05-05 13:15:00,1777967100,11313,11350,11280,11291,38806
2026-05-05 14:15:00,1777970700,11291,11321,11232,11232,53506
2026-05-05 15:15:00,1777974300,11233,11304,11200,11287,59117
2026-05-06 09:15:00,1778039100,11400,11405,11315,11338,73526
2026-05-06 10:15:00,1778042700,11334,11345,11298,11336,24470
2026-05-06 11:15:00,1778046300,11336,11342,11260,11267,29097
2026-05-06 12:15:00,1778049900,11267,11275,11152,11220,58511
2026-05-06 13:15:00,1778053500,11217,11300,11210,11264,53839
2026-05-06 14:15:00,1778057100,11265,11327,11263,11294,74832
2026-05-06 15:15:00,1778060700,11297,11343,11266,11297,50782
2026-05-07 09:15:00,1778125500,11350,11395,11282,11291,79256
2026-05-07 10:15:00,1778129100,11291,11382,11280,11330,45356
2026-05-07 11:15:00,1778132700,11327,11331,11197,11204,80519
2026-05-07 12:15:00,1778136300,11200,11255,11053,11130,135879
2026-05-07 13:15:00,1778139900,11131,11170,11102,11155,48207
2026-05-07 14:15:00,1778143500,11156,11156,11029,11036,127576
2026-05-07 15:15:00,1778147100,11039,11079,11006,11074,100382
2026-05-08 09:15:00,1778211900,11040,11265,11011,11195,117526
2026-05-08 10:15:00,1778215500,11190,11228,11146,11170,64034
2026-05-08 11:15:00,1778219100,11164,11174,11080,11144,48633
2026-05-08 12:15:00,1778222700,11144,11151,10973,11025,68171
2026-05-08 13:15:00,1778226300,11024,11059,10690,10699,175154
2026-05-08 14:15:00,1778229900,10700,10829,10580,10821,285441
2026-05-08 15:15:00,1778233500,10821,10837,10784,10825,49391
2026-05-11 09:15:00,1778471100,10773,10900,10537,10886,293648
2026-05-11 10:15:00,1778474700,10886,10956,10840,10858,110212
2026-05-11 11:15:00,1778478300,10862,10865,10783,10825,32170
2026-05-11 12:15:00,1778481900,10825,10875,10805,10831,39177
2026-05-11 13:15:00,1778485500,10831,10884,10804,10824,27309
2026-05-11 14:15:00,1778489100,10824,10845,10730,10749,63190
2026-05-11 15:15:00,1778492700,10749,10815,10749,10781,38122
2026-05-12 09:15:00,1778557500,10744,10744,10374,10396,247857
2026-05-12 10:15:00,1778561100,10396,10501,10378,10394,113018
2026-05-12 11:15:00,1778564700,10391,10467,10380,10381,62516
2026-05-12 12:15:00,1778568300,10385,10416,10342,10359,49901
2026-05-12 13:15:00,1778571900,10356,10378,10220,10238,108871
2026-05-12 14:15:00,1778575500,10237,10282,10100,10115,157421
2026-05-12 15:15:00,1778579100,10112,10169,10103,10120,89234
2026-05-13 09:15:00,1778643900,10255,10696,10158,10646,733240
2026-05-13 10:15:00,1778647500,10643,10670,10433,10489,275771
2026-05-13 11:15:00,1778651100,10489,11030,10451,11016,363800
2026-05-13 12:15:00,1778654700,11012,11020,10815,10911,339138
2026-05-13 13:15:00,1778658300,10916,10988,10890,10938,143054
2026-05-13 14:15:00,1778661900,10938,11232,10934,11130,701758
2026-05-13 15:15:00,1778665500,11130,11160,11081,11129,125122
2026-05-14 09:15:00,1778730300,11150,11191,10834,10970,289888
2026-05-14 10:15:00,1778733900,10970,10970,10853,10859,102857
2026-05-14 11:15:00,1778737500,10856,11138,10852,11100,199404
2026-05-14 12:15:00,1778741100,11097,11180,11075,11127,80390
2026-05-14 13:15:00,1778744700,11124,11180,11108,11140,65522
2026-05-14 14:15:00,1778748300,11142,11165,11071,11107,82101
2026-05-14 15:15:00,1778751900,11102,11125,11100,11110,33866
2026-05-15 09:15:00,1778816700,11103,11360,11050,11185,287607
2026-05-15 10:15:00,1778820300,11183,11250,11122,11130,59993
2026-05-15 11:15:00,1778823900,11130,11147,11011,11017,73529
2026-05-15 12:15:00,1778827500,11020,11065,10932,11037,71948
2026-05-15 13:15:00,1778831100,11035,11065,10980,11015,36989
2026-05-15 14:15:00,1778834700,11013,11075,10952,10978,79888
2026-05-15 15:15:00,1778838300,10981,10995,10950,10974,36691
2026-05-18 09:15:00,1779075900,10871,10900,10655,10664,150428
2026-05-18 10:15:00,1779079500,10672,10712,10570,10702,87734
2026-05-18 11:15:00,1779083100,10702,10744,10658,10736,77705
2026-05-18 12:15:00,1779086700,10736,10872,10735,10810,86670
2026-05-18 13:15:00,1779090300,10810,10841,10750,10812,52374
2026-05-18 14:15:00,1779093900,10809,10819,10698,10749,64105
2026-05-18 15:15:00,1779097500,10751,10808,10746,10803,50476
2026-05-19 09:15:00,1779162300,10820,11089,10783,11085,215082
2026-05-19 10:15:00,1779165900,11082,11098,10940,10955,101422
2026-05-19 11:15:00,1779169500,10955,11080,10936,11067,57892
2026-05-19 12:15:00,1779173100,11067,11067,11001,11022,33565
2026-05-19 13:15:00,1779176700,11020,11140,11017,11077,69073
2026-05-19 14:15:00,1779180300,11076,11080,11033,11057,67798
2026-05-19 15:15:00,1779183900,11060,11069,11006,11015,40480
2026-05-20 09:15:00,1779248700,10870,11080,10850,10948,117028
2026-05-20 10:15:00,1779252300,10948,10971,10855,10915,77453
2026-05-20 11:15:00,1779255900,10914,11034,10882,10985,73244
2026-05-20 12:15:00,1779259500,10985,10996,10945,10952,21775
2026-05-20 13:15:00,1779263100,10952,10972,10925,10963,23710
2026-05-20 14:15:00,1779266700,10966,11019,10960,10996,45059
2026-05-20 15:15:00,1779270300,10996,11011,10989,11005,19478
2026-05-21 09:15:00,1779335100,11010,11143,10930,10957,107000
2026-05-21 10:15:00,1779338700,10957,10986,10911,10949,40883
2026-05-21 11:15:00,1779342300,10945,11325,10925,11269,219404
2026-05-21 12:15:00,1779345900,11266,11275,11140,11240,92019
2026-05-21 13:15:00,1779349500,11240,11250,11157,11185,70128
2026-05-21 14:15:00,1779353100,11180,11307,11180,11266,138856
2026-05-21 15:15:00,1779356700,11266,11274,11230,11230,35711
2026-05-22 09:15:00,1779421500,11285,11860,11261,11675,614089
2026-05-22 10:15:00,1779425100,11679,11825,11652,11806,213950
2026-05-22 11:15:00,1779428700,11802,11835,11702,11710,146363
2026-05-22 12:15:00,1779432300,11710,11755,11681,11705,82597
2026-05-22 13:15:00,1779435900,11705,11740,11660,11670,92829
2026-05-22 14:15:00,1779439500,11670,11746,11655,11725,141036
2026-05-22 15:15:00,1779443100,11724,11758,11707,11720,70965
2026-05-25 09:15:00,1779680700,11850,11878,11602,11701,178264
2026-05-25 10:15:00,1779684300,11705,11836,11703,11755,107487
2026-05-25 11:15:00,1779687900,11756,11820,11740,11800,60273
2026-05-25 12:15:00,1779691500,11800,11835,11772,11804,61318
2026-05-25 13:15:00,1779695100,11804,11849,11804,11830,41199
2026-05-25 14:15:00,1779698700,11825,11888,11810,11848,90956
2026-05-25 15:15:00,1779702300,11846,11858,11782,11799,36650
2026-05-26 09:15:00,1779767100,11798,11829,11700,11745,97633
2026-05-26 10:15:00,1779770700,11745,11799,11736,11749,24797
2026-05-26 11:15:00,1779774300,11749,11765,11715,11722,22328
2026-05-26 12:15:00,1779777900,11725,11738,11663,11676,54171
2026-05-26 13:15:00,1779781500,11679,11720,11670,11707,23884
2026-05-26 14:15:00,1779785100,11707,11719,11670,11690,48209
2026-05-26 15:15:00,1779788700,11690,11690,11620,11683,39898
2026-05-27 09:15:00,1779853500,11675,11925,11641,11887,143667
2026-05-27 10:15:00,1779857100,11881,11916,11807,11819,65485
2026-05-27 11:15:00,1779860700,11814,11839,11773,11782,30739
2026-05-27 12:15:00,1779864300,11781,11819,11752,11783,31469
2026-05-27 13:15:00,1779867900,11783,11800,11747,11748,40571
2026-05-27 14:15:00,1779871500,11748,11770,11723,11755,34822
2026-05-27 15:15:00,1779875100,11759,11767,11745,11755,23679
2026-05-29 09:15:00,1780026300,11770,11831,11605,11712,107407
2026-05-29 10:15:00,1780029900,11713,11725,11647,11685,32811
2026-05-29 11:15:00,1780033500,11685,11715,11641,11651,25046
2026-05-29 12:15:00,1780037100,11651,11764,11636,11638,47161
2026-05-29 13:15:00,1780040700,11639,11739,11616,11635,47243
2026-05-29 14:15:00,1780044300,11640,11676,11480,11496,126330
2026-05-29 15:15:00,1780047900,11494,11591,11482,11550,111612
2026-06-01 09:15:00,1780285500,11600,11648,11406,11445,92211
2026-06-01 10:15:00,1780289100,11446,11595,11425,11594,48952
2026-06-01 11:15:00,1780292700,11593,11598,11505,11573,33404
2026-06-01 12:15:00,1780296300,11572,11585,11530,11536,28537
2026-06-01 13:15:00,1780299900,11536,11564,11462,11465,28932
2026-06-01 14:15:00,1780303500,11465,11578,11440,11462,49439
2026-06-01 15:15:00,1780307100,11467,11499,11427,11468,21600
2026-06-02 09:15:00,1780371900,11422,11570,11361,11509,90049
2026-06-02 10:15:00,1780375500,11507,11590,11478,11504,40998
2026-06-02 11:15:00,1780379100,11512,11548,11442,11446,27466
2026-06-02 12:15:00,1780382700,11446,11596,11440,11576,45146
2026-06-02 13:15:00,1780386300,11575,11656,11570,11620,51030
2026-06-02 14:15:00,1780389900,11620,11645,11561,11603,45439
2026-06-02 15:15:00,1780393500,11607,11619,11590,11600,16769
2026-06-03 09:15:00,1780458300,11620,11640,11385,11414,85014
2026-06-03 10:15:00,1780461900,11415,11451,11350,11358,50810
2026-06-03 11:15:00,1780465500,11361,11415,11213,11217,60708
2026-06-03 12:15:00,1780469100,11222,11328,11153,11220,126964
2026-06-03 13:15:00,1780472700,11229,11311,11215,11277,71835
2026-06-03 14:15:00,1780476300,11276,11300,11200,11219,87053
2026-06-03 15:15:00,1780479900,11215,11250,11185,11225,40929
2026-06-04 09:15:00,1780544700,11202,11460,11155,11364,128386
2026-06-04 10:15:00,1780548300,11368,11400,11271,11302,56012
2026-06-04 11:15:00,1780551900,11302,11560,11283,11526,136524
2026-06-04 12:15:00,1780555500,11526,11545,11444,11458,60949
2026-06-04 13:15:00,1780559100,11458,11540,11450,11526,53829
2026-06-04 14:15:00,1780562700,11525,11538,11460,11485,51423
2026-06-04 15:15:00,1780566300,11489,11506,11469,11475,30474
2026-06-05 09:15:00,1780631100,11524,11683,11510,11653,112809
2026-06-05 10:15:00,1780634700,11656,11663,11500,11552,74051
2026-06-05 11:15:00,1780638300,11550,11562,11505,11539,34191
2026-06-05 12:15:00,1780641900,11539,11584,11520,11527,37354
2026-06-05 13:15:00,1780645500,11527,11549,11470,11484,39491
2026-06-05 14:15:00,1780649100,11483,11541,11411,11411,55626
2026-06-05 15:15:00,1780652700,11417,11455,11403,11450,24268
2026-06-08 09:15:00,1780890300,11319,11565,11235,11489,132938
2026-06-08 10:15:00,1780893900,11489,11539,11457,11522,24842
2026-06-08 11:15:00,1780897500,11522,11568,11495,11499,29357
2026-06-08 12:15:00,1780901100,11500,11526,11474,11489,18463
2026-06-08 13:15:00,1780904700,11491,11505,11434,11438,22733
2026-06-08 14:15:00,1780908300,11436,11485,11402,11431,35575
2026-06-08 15:15:00,1780911900,11427,11445,11300,11371,27373
2026-06-09 09:15:00,1780976700,11450,11624,11403,11528,99413
2026-06-09 10:15:00,1780980300,11528,11558,11496,11541,23764
2026-06-09 11:15:00,1780983900,11542,11660,11536,11616,51404
2026-06-09 12:15:00,1780987500,11619,11630,11500,11525,37107
2026-06-09 13:15:00,1780991100,11525,11551,11506,11522,22422
2026-06-09 14:15:00,1780994700,11522,11645,11511,11625,43803
2026-06-09 15:15:00,1780998300,11625,11625,11594,11616,19558
2026-06-10 09:15:00,1781063100,11670,11740,11611,11625,143936
2026-06-10 10:15:00,1781066700,11625,11745,11615,11726,92900
2026-06-10 11:15:00,1781070300,11727,11944,11727,11762,201689
2026-06-10 12:15:00,1781073900,11762,11777,11650,11655,56640
2026-06-10 13:15:00,1781077500,11654,11678,11615,11653,48382
2026-06-10 14:15:00,1781081100,11652,11675,11464,11465,81556
2026-06-10 15:15:00,1781084700,11467,11494,11438,11475,31202
2026-06-11 09:15:00,1781149500,11470,11535,11316,11455,132220
2026-06-11 10:15:00,1781153100,11450,11500,11416,11426,41763
2026-06-11 11:15:00,1781156700,11426,11520,11422,11481,35886
2026-06-11 12:15:00,1781160300,11481,11520,11377,11402,38235
2026-06-11 13:15:00,1781163900,11402,11429,11359,11383,31150
2026-06-11 14:15:00,1781167500,11383,11410,11285,11362,69638
2026-06-11 15:15:00,1781171100,11381,11432,11380,11400,37551
2026-06-12 09:15:00,1781235900,11545,11571,11427,11465,82628
2026-06-12 10:15:00,1781239500,11461,11515,11453,11506,26504
2026-06-12 11:15:00,1781243100,11508,11515,11410,11415,28579
2026-06-12 12:15:00,1781246700,11415,11425,11389,11410,24357
2026-06-12 13:15:00,1781250300,11410,11499,11395,11496,36384
2026-06-12 14:15:00,1781253900,11496,11569,11485,11561,71795
2026-06-12 15:15:00,1781257500,11556,11571,11530,11553,33381
2026-06-15 09:15:00,1781495100,11702,11990,11656,11982,253459
2026-06-15 10:15:00,1781498700,11983,12010,11886,11897,108907
2026-06-15 11:15:00,1781502300,11897,12000,11891,11944,78192
2026-06-15 12:15:00,1781505900,11949,11950,11892,11917,37374
2026-06-15 13:15:00,1781509500,11918,11943,11892,11913,31676
2026-06-15 14:15:00,1781513100,11913,12075,11901,11944,172461
2026-06-15 15:15:00,1781516700,11942,11964,11913,11925,35478
2026-06-16 09:15:00,1781581500,11933,12235,11852,12063,304170
2026-06-16 10:15:00,1781585100,12063,12077,11972,11992,68443
2026-06-16 11:15:00,1781588700,11990,11995,11822,11886,93036
2026-06-16 12:15:00,1781592300,11887,11925,11865,11893,36691
2026-06-16 13:15:00,1781595900,11893,11965,11888,11964,43988
2026-06-16 14:15:00,1781599500,11964,12290,11904,12210,458794
2026-06-16 15:15:00,1781603100,12208,12275,12198,12240,82651
2026-06-17 09:15:00,1781667900,12325,12859,12325,12775,731395
2026-06-17 10:15:00,1781671500,12772,12888,12766,12855,173207
2026-06-17 11:15:00,1781675100,12855,12885,12750,12781,182291
2026-06-17 12:15:00,1781678700,12781,12831,12726,12766,100382
2026-06-17 13:15:00,1781682300,12766,12865,12668,12750,283859
2026-06-17 14:15:00,1781685900,12755,12835,12701,12833,131033
2026-06-17 15:15:00,1781689500,12833,12864,12823,12840,79164
2026-06-18 09:15:00,1781754300,12860,12930,12760,12798,173676
2026-06-18 10:15:00,1781757900,12801,12824,12708,12750,57251
2026-06-18 11:15:00,1781761500,12748,12759,12715,12747,20300
2026-06-18 12:15:00,1781765100,12748,12767,12700,12720,28046
2026-06-18 13:15:00,1781768700,12720,12722,12630,12635,48126
2026-06-18 14:15:00,1781772300,12638,12694,12596,12665,82247
2026-06-18 15:15:00,1781775900,12664,12680,12650,12661,52996
2026-06-19 09:15:00,1781840700,12515,12570,12351,12565,215066
2026-06-19 10:15:00,1781844300,12563,12600,12446,12475,65038
2026-06-19 11:15:00,1781847900,12480,12565,12460,12479,49421
2026-06-19 12:15:00,1781851500,12477,12534,12471,12500,26582
2026-06-19 13:15:00,1781855100,12500,12520,12452,12470,23395
2026-06-19 14:15:00,1781858700,12467,12516,12405,12505,75445
2026-06-19 15:15:00,1781862300,12503,12575,12492,12569,48487
2026-06-22 09:15:00,1782099900,12599,12650,12262,12336,227838
2026-06-22 10:15:00,1782103500,12332,12400,12312,12331,55249
2026-06-22 11:15:00,1782107100,12331,12350,12291,12312,29156
2026-06-22 12:15:00,1782110700,12311,12428,12302,12381,72721
2026-06-22 13:15:00,1782114300,12382,12385,12321,12336,19107
2026-06-22 14:15:00,1782117900,12338,12377,12325,12335,57586
2026-06-22 15:15:00,1782121500,12332,12344,12311,12320,39079
2026-06-23 09:15:00,1782186300,12340,12340,12189,12278,142720
2026-06-23 10:15:00,1782189900,12276,12287,12101,12108,103670
2026-06-23 11:15:00,1782193500,12111,12132,11930,12004,152386
2026-06-23 12:15:00,1782197100,12003,12018,11961,11961,53312
2026-06-23 13:15:00,1782200700,11962,12009,11942,12000,48958
2026-06-23 14:15:00,1782204300,12000,12014,11940,11950,84036
2026-06-23 15:15:00,1782207900,11952,11955,11878,11890,60480
2026-06-24 09:15:00,1782272700,11916,12034,11716,12025,217000
2026-06-24 10:15:00,1782276300,12026,12078,11971,12062,66530
2026-06-24 11:15:00,1782279900,12061,12100,12011,12027,45249
2026-06-24 12:15:00,1782283500,12027,12035,11928,12004,46930
2026-06-24 13:15:00,1782287100,12001,12050,11975,12037,33025
2026-06-24 14:15:00,1782290700,12041,12139,12032,12102,83205
2026-06-24 15:15:00,1782294300,12102,12105,12025,12049,34076
2026-06-25 09:15:00,1782359100,12130,12231,12105,12180,87349
2026-06-25 10:15:00,1782362700,12181,12284,12170,12252,93997
2026-06-25 11:15:00,1782366300,12257,12277,12213,12229,53878
2026-06-25 12:15:00,1782369900,12229,12250,12175,12175,31637
2026-06-25 13:15:00,1782373500,12175,12218,12165,12166,28339
2026-06-25 14:15:00,1782377100,12169,12197,12021,12021,75735
2026-06-25 15:15:00,1782380700,12020,12030,11965,12030,41666
2026-06-29 09:15:00,1782704700,12017,12071,11856,11963,108847
2026-06-29 10:15:00,1782708300,11962,11988,11911,11955,28346
2026-06-29 11:15:00,1782711900,11955,11964,11875,11897,31940
2026-06-29 12:15:00,1782715500,11899,11920,11834,11842,51142
2026-06-29 13:15:00,1782719100,11844,11864,11805,11843,36980
2026-06-29 14:15:00,1782722700,11841,11865,11787,11795,71852
2026-06-29 15:15:00,1782726300,11795,11833,11789,11818,39096
2026-06-30 09:15:00,1782791100,11894,11965,11830,11920,72551
2026-06-30 10:15:00,1782794700,11920,11920,11800,11819,39341
2026-06-30 11:15:00,1782798300,11819,12210,11805,12031,190937
2026-06-30 12:15:00,1782801900,12030,12050,11869,11946,95119
2026-06-30 13:15:00,1782805500,11949,11995,11904,11921,34675
2026-06-30 14:15:00,1782809100,11921,12000,11912,11924,74533
2026-06-30 15:15:00,1782812700,11920,11934,11897,11911,41251
2026-07-01 09:15:00,1782877500,11980,12015,11785,11885,104466
2026-07-01 10:15:00,1782881100,11884,11972,11863,11966,43029
2026-07-01 11:15:00,1782884700,11963,11991,11908,11918,37533
2026-07-01 12:15:00,1782888300,11919,11970,11882,11970,19365
2026-07-01 13:15:00,1782891900,11967,12045,11925,11983,34458
2026-07-01 14:15:00,1782895500,11985,11998,11942,11948,27281
2026-07-01 15:15:00,1782899100,11946,11986,11935,11970,21141
2026-07-02 09:15:00,1782963900,11970,12149,11970,12117,100239
2026-07-02 10:15:00,1782967500,12117,12195,12096,12192,69710
2026-07-02 11:15:00,1782971100,12192,12377,12150,12338,136995
2026-07-02 12:15:00,1782974700,12340,12389,12206,12326,80164
2026-07-02 13:15:00,1782978300,12325,12336,12290,12300,30784
2026-07-02 14:15:00,1782981900,12300,12375,12299,12348,71767
2026-07-02 15:15:00,1782985500,12355,12430,12341,12424,58436
2026-07-03 09:15:00,1783050300,12470,12500,12363,12386,85756
2026-07-03 10:15:00,1783053900,12386,12419,12335,12357,27348
2026-07-03 11:15:00,1783057500,12357,12428,12325,12408,27877
2026-07-03 12:15:00,1783061100,12409,12505,12402,12496,58607
2026-07-03 13:15:00,1783064700,12498,12575,12481,12498,63092
2026-07-03 14:15:00,1783068300,12498,12518,12410,12469,57120
2026-07-03 15:15:00,1783071900,12469,12474,12430,12440,25830
2026-07-06 09:15:00,1783309500,12480,12740,12355,12645,182118
2026-07-06 10:15:00,1783313100,12647,13058,12622,12942,291068
2026-07-06 11:15:00,1783316700,12941,12987,12902,12966,100148
2026-07-06 12:15:00,1783320300,12966,13161,12938,13085,229565
2026-07-06 13:15:00,1783323900,13091,13210,13055,13179,164645
2026-07-06 14:15:00,1783327500,13176,13300,13171,13294,199534
2026-07-06 15:15:00,1783331100,13289,13350,13289,13319,118856
2026-07-07 09:15:00,1783395900,13319,13436,13212,13281,328275
2026-07-07 10:15:00,1783399500,13284,13335,13163,13195,133991
2026-07-07 11:15:00,1783403100,13197,13289,13123,13237,106864
2026-07-07 12:15:00,1783406700,13237,13251,13144,13157,47972
2026-07-07 13:15:00,1783410300,13155,13250,13137,13226,57704
2026-07-07 14:15:00,1783413900,13229,13277,13208,13242,71396
2026-07-07 15:15:00,1783417500,13242,13275,13212,13237,42701
2026-07-08 09:15:00,1783482300,13160,13345,13141,13257,123404
2026-07-08 10:15:00,1783485900,13256,13320,13220,13256,63291
2026-07-08 11:15:00,1783489500,13260,13260,13182,13258,46250
2026-07-08 12:15:00,1783493100,13259,13259,13200,13226,18656
2026-07-08 13:15:00,1783496700,13223,13260,12910,12932,134491
2026-07-08 14:15:00,1783500300,12932,12989,12848,12911,107420
2026-07-08 15:15:00,1783503900,12917,12995,12895,12956,50019
2026-07-09 09:15:00,1783568700,13153,13590,13153,13581,385509
2026-07-09 10:15:00,1783572300,13585,13600,13480,13488,145261
2026-07-09 11:15:00,1783575900,13490,13589,13474,13573,68348
2026-07-09 12:15:00,1783579500,13573,13575,13517,13535,35204
2026-07-09 13:15:00,1783583100,13532,13575,13526,13540,45697
2026-07-09 14:15:00,1783586700,13540,13580,13450,13465,93143
2026-07-09 15:15:00,1783590300,13460,13470,13437,13465,47528
2026-07-10 09:15:00,1783655100,13875,14030,13530,13563,826098
